sha,side,page,run,seq,lcp,tbt,cls,inp,tbtFlow,lcpObs,status,outlier_metrics,lcp_element_id
b396e07b9009016e8fa695c68f85a7af88954499,base,home,0,0,1164.2252,32,0.0005,110.136,35.862,569,ok,,
b396e07b9009016e8fa695c68f85a7af88954499,base,home,1,3,1088.4674,38.0,0.0005,127.828,65.415,568,ok,,
b396e07b9009016e8fa695c68f85a7af88954499,base,home,2,4,1126.8648,72.5,0.0005,128.816,117.566,603,outlier,tbt;tbtFlow,
b396e07b9009016e8fa695c68f85a7af88954499,base,home,3,7,1059.7498,25.0,0.0005,128.952,74.787,530,ok,,
b396e07b9009016e8fa695c68f85a7af88954499,base,home,4,8,1061.5222,26,0.0005,117.658,62.616,556,ok,,
b396e07b9009016e8fa695c68f85a7af88954499,head,home,0,1,1041.0516,26,0.0005,112.871,72.356,547,ok,,
b396e07b9009016e8fa695c68f85a7af88954499,head,home,1,2,1088.1509,32.0,0.0005,118.646,117.496,566,outlier,tbtFlow,
b396e07b9009016e8fa695c68f85a7af88954499,head,home,2,5,1138.332,23.0,0.0005,128.359,85.874,561,ok,,
b396e07b9009016e8fa695c68f85a7af88954499,head,home,3,6,1278.9845,24.5,0.0005,123.549,78.343,909,outlier,lcpObs,
b396e07b9009016e8fa695c68f85a7af88954499,head,home,4,9,1043.9366,23.5,0.0005,106.712,43.396,674,outlier,tbtFlow;lcpObs,
f4dd23fc31e218298bacce3ab39c2556fd12e639,base,home,0,0,1062.597,53,0.0005,118.079,71.39,528,ok,,
f4dd23fc31e218298bacce3ab39c2556fd12e639,base,home,1,3,1025.829,35.0,0.0005,108.474,54.255,468,ok,,
f4dd23fc31e218298bacce3ab39c2556fd12e639,base,home,2,4,1112.543,39,0.0005,129.072,86.159,573,ok,,
f4dd23fc31e218298bacce3ab39c2556fd12e639,base,home,3,7,1081.0256,33,0.0005,121.959,84.136,503,ok,,
f4dd23fc31e218298bacce3ab39c2556fd12e639,base,home,4,8,1044.3551,32,0.0005,117.504,65.519,490,ok,,
f4dd23fc31e218298bacce3ab39c2556fd12e639,head,home,0,1,1085.5435,32,0.0005,113.033,58.522,542,ok,,
f4dd23fc31e218298bacce3ab39c2556fd12e639,head,home,1,2,1027.3294,37.0,0.0005,117.554,68.744,499,ok,,
f4dd23fc31e218298bacce3ab39c2556fd12e639,head,home,2,5,979.2176,41,0.0005,122.758,55.993,528,ok,,
f4dd23fc31e218298bacce3ab39c2556fd12e639,head,home,3,6,1069.0814,34.0,0.0005,114.777,69.621,532,ok,,
f4dd23fc31e218298bacce3ab39c2556fd12e639,head,home,4,9,1039.835,20,0.0005,124.791,63.435,493,ok,,
51ea184938d57637faa345de85028aa8a0930ed2,base,home,0,0,1121.9938,83,0.0005,152.743,307.31,533,outlier,lcp;tbt;tbtFlow,
51ea184938d57637faa345de85028aa8a0930ed2,base,home,1,3,1021.685,25.0,0.0005,129.639,99.112,494,ok,,
51ea184938d57637faa345de85028aa8a0930ed2,base,home,2,4,1085.6472,25.0,0.0005,140.421,112.292,502,ok,,
51ea184938d57637faa345de85028aa8a0930ed2,base,home,3,7,1037.0618,23.0,0.0005,136.475,113.522,508,ok,,
51ea184938d57637faa345de85028aa8a0930ed2,base,home,4,8,1019.9591,23,0.0005,129.997,86.983,534,ok,,
51ea184938d57637faa345de85028aa8a0930ed2,head,home,0,1,982.0654,42,0.0005,128.789,68.277,480,ok,,
51ea184938d57637faa345de85028aa8a0930ed2,head,home,1,2,1018.4695,19.5,0.0005,130.877,84.747,472,ok,,
51ea184938d57637faa345de85028aa8a0930ed2,head,home,2,5,1087.4366,23,0.0005,117.505,76.75,476,ok,,
51ea184938d57637faa345de85028aa8a0930ed2,head,home,3,6,1066.7804,33,0.0005,129.911,88.282,474,ok,,
51ea184938d57637faa345de85028aa8a0930ed2,head,home,4,9,1081.2325,23.0,0.0005,138.832,123.701,517,outlier,tbtFlow,
5a11c70714f7b743af8fd9c08258191afc752b8d,base,home,0,0,1116.2035,87.0,0.0005,107.308,35.604,501,outlier,tbt;tbtFlow,
5a11c70714f7b743af8fd9c08258191afc752b8d,base,home,1,3,821.2516,35,0.0005,125.823,85.369,2048,outlier,lcp;lcpObs,
5a11c70714f7b743af8fd9c08258191afc752b8d,base,home,2,4,1082.4085,36.5,0.0005,128.193,91.248,534,ok,,
5a11c70714f7b743af8fd9c08258191afc752b8d,base,home,3,7,1063.0483,23.5,0.0005,126.682,85.682,476,ok,,
5a11c70714f7b743af8fd9c08258191afc752b8d,base,home,4,8,1086.3805,67,0.0005,126.021,86.5,484,ok,,
5a11c70714f7b743af8fd9c08258191afc752b8d,base,home,5,11,1026.7872,26.0,0.0005,120.519,77.683,470,ok,,
5a11c70714f7b743af8fd9c08258191afc752b8d,base,home,6,12,1075.8869,27,0.0005,143.292,103.845,487,ok,,
5a11c70714f7b743af8fd9c08258191afc752b8d,base,home,7,15,1026.813,37.5,0.0005,279.401,676.252,525,outlier,inp;tbtFlow,
5a11c70714f7b743af8fd9c08258191afc752b8d,base,home,8,16,1119.6684,93,0.0005,100.175,44.437,543,outlier,tbt;inp;tbtFlow,
5a11c70714f7b743af8fd9c08258191afc752b8d,base,home,9,19,1121.4211,152.5,0.0005,129.104,89.487,532,outlier,tbt,
5a11c70714f7b743af8fd9c08258191afc752b8d,base,home,10,20,1028.887,31,0.0005,121.576,75.017,481,ok,,
5a11c70714f7b743af8fd9c08258191afc752b8d,base,home,11,23,818.2473,24.0,0.0005,123.3,75.317,2029,outlier,lcp;lcpObs,
5a11c70714f7b743af8fd9c08258191afc752b8d,base,home,12,24,1066.3383,30,0.0005,128.357,82.597,486,ok,,
5a11c70714f7b743af8fd9c08258191afc752b8d,base,home,13,27,1071.3297,48.0,0.0005,119.696,92.756,491,ok,,
5a11c70714f7b743af8fd9c08258191afc752b8d,base,home,14,28,1017.401,24,0.0005,120.627,102.322,487,ok,,
5a11c70714f7b743af8fd9c08258191afc752b8d,head,home,0,1,1082.6712,51,0.0005,140.591,133.314,476,ok,,
5a11c70714f7b743af8fd9c08258191afc752b8d,head,home,1,2,1084.1675,28,0.0005,129.032,120.629,535,ok,,
5a11c70714f7b743af8fd9c08258191afc752b8d,head,home,2,5,1017.8736,25.0,0.0005,134.034,101.707,479,ok,,
5a11c70714f7b743af8fd9c08258191afc752b8d,head,home,3,6,1090.7651,39.0,0.0005,133.862,101.11,502,ok,,
5a11c70714f7b743af8fd9c08258191afc752b8d,head,home,4,9,1157.6476,95.0,0.0005,111.424,69.336,742,outlier,tbt;lcpObs,
5a11c70714f7b743af8fd9c08258191afc752b8d,head,home,5,10,1037.1524,25.0,0.0005,124.486,77.135,464,ok,,
5a11c70714f7b743af8fd9c08258191afc752b8d,head,home,6,13,1065.4276,26,0.0005,136.134,92.709,459,ok,,
5a11c70714f7b743af8fd9c08258191afc752b8d,head,home,7,14,1081.6353,26,0.0005,112.564,54.598,503,ok,,
5a11c70714f7b743af8fd9c08258191afc752b8d,head,home,8,17,1049.9869,33,0.0005,114.193,50.034,511,ok,,
5a11c70714f7b743af8fd9c08258191afc752b8d,head,home,9,18,1141.571,79.5,0.0005,146.367,281.662,528,outlier,tbt;tbtFlow,
5a11c70714f7b743af8fd9c08258191afc752b8d,head,home,10,21,1105.0561,37,0.0005,126.396,79.012,487,ok,,
5a11c70714f7b743af8fd9c08258191afc752b8d,head,home,11,22,1056.8889,20.5,0.0005,126.55,77.256,532,ok,,
5a11c70714f7b743af8fd9c08258191afc752b8d,head,home,12,25,941.5665,48,0.0005,125.27,81.494,475,outlier,lcp,
5a11c70714f7b743af8fd9c08258191afc752b8d,head,home,13,26,1085.0728,31,0.0005,125.908,79.403,506,ok,,
5a11c70714f7b743af8fd9c08258191afc752b8d,head,home,14,29,1084.7535,31,0.0005,118.843,57.154,778,outlier,lcpObs,
6959a363f0ba8d0e8b05442f4c8f3cc4a2e00ca6,base,home,0,0,1081.2752,37,0.0005,109.392,49.314,504,ok,,
6959a363f0ba8d0e8b05442f4c8f3cc4a2e00ca6,base,home,1,3,1019.6973,23,0.0005,127.743,50.136,490,ok,,
6959a363f0ba8d0e8b05442f4c8f3cc4a2e00ca6,base,home,2,4,1106.5159,32.0,0.0005,122.216,73.171,493,ok,,
6959a363f0ba8d0e8b05442f4c8f3cc4a2e00ca6,base,home,3,7,1059.292,28.5,0.0005,129.33,179.327,506,outlier,tbtFlow,
6959a363f0ba8d0e8b05442f4c8f3cc4a2e00ca6,base,home,4,8,1096.166,35,0.0005,128.234,109.723,513,ok,,
6959a363f0ba8d0e8b05442f4c8f3cc4a2e00ca6,head,home,0,1,1090.1539,35.0,0.0005,121.118,86.427,523,ok,,
6959a363f0ba8d0e8b05442f4c8f3cc4a2e00ca6,head,home,1,2,1020.0216,28,0.0005,112.652,54.913,477,ok,,
6959a363f0ba8d0e8b05442f4c8f3cc4a2e00ca6,head,home,2,5,1047.266,29,0.0005,120.237,91.346,492,ok,,
6959a363f0ba8d0e8b05442f4c8f3cc4a2e00ca6,head,home,3,6,1075.0458,34,0.0005,129.614,130.589,498,ok,,
6959a363f0ba8d0e8b05442f4c8f3cc4a2e00ca6,head,home,4,9,1020.8555,23.0,0.0005,153.05,159.858,484,ok,,
d1072155640edbda6b047234018bd1446f1b202e,base,home,0,0,1073.4491,39,0.0005,107.112,37.671,499,ok,,
d1072155640edbda6b047234018bd1446f1b202e,base,home,1,3,1105.8781,87.0,0.0005,128.838,82.418,668,outlier,lcpObs,
d1072155640edbda6b047234018bd1446f1b202e,base,home,2,4,1086.9766,31,0.0005,131.756,104.619,500,ok,,
d1072155640edbda6b047234018bd1446f1b202e,base,home,3,7,939.0039,22.5,0.0005,188.025,298.952,492,outlier,lcp,
d1072155640edbda6b047234018bd1446f1b202e,base,home,4,8,1181.9493,153,0.0005,219.436,690.311,602,outlier,lcp;tbt;tbtFlow;lcpObs,
d1072155640edbda6b047234018bd1446f1b202e,head,home,0,1,1115.9744,45,0.0005,129.287,99.719,538,ok,,
d1072155640edbda6b047234018bd1446f1b202e,head,home,1,2,1096.6869,54.5,0.0005,123.923,81.406,497,ok,,
d1072155640edbda6b047234018bd1446f1b202e,head,home,2,5,1076.6015,36,0.0005,131.575,95.553,509,ok,,
d1072155640edbda6b047234018bd1446f1b202e,head,home,3,6,1088.385,47,0.0005,129.419,93.986,534,ok,,
d1072155640edbda6b047234018bd1446f1b202e,head,home,4,9,1076.083,25.0,0.0005,122.989,98.728,526,ok,,
72b7c937b1b9cd4d1155563f15ccbbac5c71f8dc,base,home,0,0,1125.4936,47,0.0005,104.647,34.974,550,outlier,lcp;lcpObs,
72b7c937b1b9cd4d1155563f15ccbbac5c71f8dc,base,home,1,3,1075.5579,26,0.0005,145.028,136.012,474,outlier,inp;tbtFlow,
72b7c937b1b9cd4d1155563f15ccbbac5c71f8dc,base,home,2,4,1036.4829,24.0,0.0005,126.021,105.536,480,outlier,inp;tbtFlow,
72b7c937b1b9cd4d1155563f15ccbbac5c71f8dc,base,home,3,7,1024.421,25.0,0.0005,100.081,29.14,457,ok,,
72b7c937b1b9cd4d1155563f15ccbbac5c71f8dc,base,home,4,8,1020.9177,25.0,0.0005,100.083,29.036,476,ok,,
72b7c937b1b9cd4d1155563f15ccbbac5c71f8dc,head,home,0,1,1060.7101,35.0,0.0005,91.631,29.61,497,ok,,
72b7c937b1b9cd4d1155563f15ccbbac5c71f8dc,head,home,1,2,1130.0546,109,0.0005,139.534,136.145,483,outlier,tbt;tbtFlow,
72b7c937b1b9cd4d1155563f15ccbbac5c71f8dc,head,home,2,5,1032.482,46,0.0005,117.211,83.63,474,outlier,tbtFlow,
72b7c937b1b9cd4d1155563f15ccbbac5c71f8dc,head,home,3,6,1004.2622,32,0.0005,101.561,24.84,484,ok,,
72b7c937b1b9cd4d1155563f15ccbbac5c71f8dc,head,home,4,9,995.7501,24.0,0.0005,102.093,25.322,464,ok,,
b46ca0192b4df0c12bd672205529ba6c6b16954b,base,home,0,0,1097.4347,34.5,0.0005,105.313,37.213,558,ok,,
b46ca0192b4df0c12bd672205529ba6c6b16954b,base,home,1,3,1005.0011,40,0.0005,107.111,46.022,477,outlier,lcp,
b46ca0192b4df0c12bd672205529ba6c6b16954b,base,home,2,4,1017.7899,26.0,0.0005,93.184,27.142,490,outlier,lcp,
b46ca0192b4df0c12bd672205529ba6c6b16954b,base,home,3,7,1103.3547,24,0.0005,91.425,27.925,511,ok,,
b46ca0192b4df0c12bd672205529ba6c6b16954b,base,home,4,8,1088.1729,35.0,0.0005,109.007,37.715,507,ok,,
b46ca0192b4df0c12bd672205529ba6c6b16954b,head,home,0,1,976.451,23.5,0.0005,95.23,29.98,471,outlier,lcp,
b46ca0192b4df0c12bd672205529ba6c6b16954b,head,home,1,2,1066.9885,48,0.0005,106.955,28.977,512,ok,,
b46ca0192b4df0c12bd672205529ba6c6b16954b,head,home,2,5,1079.3671,23,0.0005,100.949,29.768,492,ok,,
b46ca0192b4df0c12bd672205529ba6c6b16954b,head,home,3,6,1085.7704,37.0,0.0005,106.824,35.65,490,ok,,
b46ca0192b4df0c12bd672205529ba6c6b16954b,head,home,4,9,1055.9709,25,0.0005,99.974,30.178,486,ok,,
fd39712ba6c566e325fccc751131235242d228c5,base,home,0,0,1019.008,47,0.0005,107.032,37.105,462,outlier,lcp;tbt;lcpObs,
fd39712ba6c566e325fccc751131235242d228c5,base,home,1,3,1129.4529,93,0.0005,161.727,212.024,503,outlier,inp,
fd39712ba6c566e325fccc751131235242d228c5,base,home,2,4,1134.7899,94,0.0005,127.845,88.599,533,ok,,
fd39712ba6c566e325fccc751131235242d228c5,base,home,3,7,1180.9154,90,0.0005,134.394,164.48,548,ok,,
fd39712ba6c566e325fccc751131235242d228c5,base,home,4,8,1144.8414,151.5,0.0005,129.138,96.915,543,outlier,tbt,
fd39712ba6c566e325fccc751131235242d228c5,head,home,0,1,1118.4845,54,0.0005,107.782,32.009,535,outlier,tbt;inp,
fd39712ba6c566e325fccc751131235242d228c5,head,home,1,2,1018.8747,25.0,0.0005,104.566,51.412,463,outlier,lcp;tbt;inp,
fd39712ba6c566e325fccc751131235242d228c5,head,home,2,5,1150.3733,93.5,0.0005,128.962,95.468,494,ok,,
fd39712ba6c566e325fccc751131235242d228c5,head,home,3,6,1159.9444,98,0.0005,129.309,83.641,534,ok,,
fd39712ba6c566e325fccc751131235242d228c5,head,home,4,9,1154.951,99.5,0.0005,128.777,82.957,620,ok,,
813f9b702e2b17cfb3c1e1577b921a599f6ad81c,base,home,0,0,1146.333,25.5,0.0005,111.968,43.882,517,ok,,
813f9b702e2b17cfb3c1e1577b921a599f6ad81c,base,home,1,3,1006.112,28.0,0.0005,110.633,49.782,489,ok,,
813f9b702e2b17cfb3c1e1577b921a599f6ad81c,base,home,2,4,1112.4256,45.5,0.0005,118.209,45.128,515,ok,,
813f9b702e2b17cfb3c1e1577b921a599f6ad81c,base,home,3,7,1021.8401,23,0.0005,125.243,66.657,463,ok,,
813f9b702e2b17cfb3c1e1577b921a599f6ad81c,base,home,4,8,1016.8395,20,0.0005,122.339,61.697,467,ok,,
813f9b702e2b17cfb3c1e1577b921a599f6ad81c,base,home,5,11,941.4757,25,0.0005,121.347,67.316,458,ok,,
813f9b702e2b17cfb3c1e1577b921a599f6ad81c,base,home,6,12,1059.1976,20,0.0005,123.722,89.06,479,ok,,
813f9b702e2b17cfb3c1e1577b921a599f6ad81c,base,home,7,15,1073.9064,20.5,0.0005,127.737,69.803,501,ok,,
813f9b702e2b17cfb3c1e1577b921a599f6ad81c,base,home,8,16,1089.775,29,0.0005,127.266,69.124,509,ok,,
813f9b702e2b17cfb3c1e1577b921a599f6ad81c,base,home,9,19,1104.659,33,0.0005,117.093,67.732,505,ok,,
813f9b702e2b17cfb3c1e1577b921a599f6ad81c,base,home,10,20,1019.3961,34.0,0.0005,124.168,73.288,493,ok,,
813f9b702e2b17cfb3c1e1577b921a599f6ad81c,base,home,11,23,1048.9956,30.0,0.0005,146.004,151.446,498,outlier,inp;tbtFlow,
813f9b702e2b17cfb3c1e1577b921a599f6ad81c,base,home,12,24,1101.8712,55,0.0005,141.381,119.802,529,outlier,tbtFlow,
813f9b702e2b17cfb3c1e1577b921a599f6ad81c,base,home,13,27,1074.0177,23.5,0.0005,129.056,72.241,533,ok,,
813f9b702e2b17cfb3c1e1577b921a599f6ad81c,base,home,14,28,1076.827,26.5,0.0005,135.039,78.656,478,ok,,
813f9b702e2b17cfb3c1e1577b921a599f6ad81c,head,home,0,1,1159.2016,43,0.0005,224.306,698.401,556,outlier,lcp;inp;tbtFlow,
813f9b702e2b17cfb3c1e1577b921a599f6ad81c,head,home,1,2,1024.6562,46,0.0005,271.501,545.654,482,outlier,inp;tbtFlow,
813f9b702e2b17cfb3c1e1577b921a599f6ad81c,head,home,2,5,1058.9508,23,0.0005,122.994,60.053,506,ok,,
813f9b702e2b17cfb3c1e1577b921a599f6ad81c,head,home,3,6,1079.1039,22,0.0005,121.052,65.464,490,ok,,
813f9b702e2b17cfb3c1e1577b921a599f6ad81c,head,home,4,9,953.521,34.0,0.0005,130.934,80.797,453,outlier,lcp,
813f9b702e2b17cfb3c1e1577b921a599f6ad81c,head,home,5,10,1036.8309,22,0.0005,117.5,73.39,475,ok,,
813f9b702e2b17cfb3c1e1577b921a599f6ad81c,head,home,6,13,1072.8585,23.0,0.0005,117.968,65.933,498,ok,,
813f9b702e2b17cfb3c1e1577b921a599f6ad81c,head,home,7,14,1063.6434,37.0,0.0005,124.667,72.959,476,ok,,
813f9b702e2b17cfb3c1e1577b921a599f6ad81c,head,home,8,17,1073.3949,27.5,0.0005,119.577,74.43,606,outlier,lcpObs,
813f9b702e2b17cfb3c1e1577b921a599f6ad81c,head,home,9,18,1102.4334,35,0.0005,128.673,69.274,500,ok,,
813f9b702e2b17cfb3c1e1577b921a599f6ad81c,head,home,10,21,1096.9944,40.0,0.0005,144.835,123.045,497,outlier,tbtFlow,
813f9b702e2b17cfb3c1e1577b921a599f6ad81c,head,home,11,22,1072.9081,40,0.0005,144.362,149.17,493,outlier,tbtFlow,
813f9b702e2b17cfb3c1e1577b921a599f6ad81c,head,home,12,25,1062.4734,58.5,0.0005,123.178,68.412,516,ok,,
813f9b702e2b17cfb3c1e1577b921a599f6ad81c,head,home,13,26,1076.2424,21.5,0.0005,126.428,76.632,556,ok,,
813f9b702e2b17cfb3c1e1577b921a599f6ad81c,head,home,14,29,1060.5456,29.5,0.0005,113.386,60.799,496,ok,,
01e83cc9a5eff6af3f7c1ecdca12060a2ca68df2,base,home,0,0,1077.6131,27,0.0005,89.378,21.642,535,ok,,
01e83cc9a5eff6af3f7c1ecdca12060a2ca68df2,base,home,1,3,1084.2209,62,0.0005,85.576,21.065,492,outlier,tbt,
01e83cc9a5eff6af3f7c1ecdca12060a2ca68df2,base,home,2,4,1079.8518,29,0.0005,92.045,18.563,492,ok,,
01e83cc9a5eff6af3f7c1ecdca12060a2ca68df2,base,home,3,7,1071.5586,23.5,0.0005,112.937,53.653,504,outlier,tbtFlow,
01e83cc9a5eff6af3f7c1ecdca12060a2ca68df2,base,home,4,8,1041.1772,37,0.0005,110.035,43.556,504,ok,,
01e83cc9a5eff6af3f7c1ecdca12060a2ca68df2,head,home,0,1,983.7527,35.0,0.0005,93.325,17.498,489,ok,,
01e83cc9a5eff6af3f7c1ecdca12060a2ca68df2,head,home,1,2,1017.6829,22,0.0005,96.598,18.535,542,ok,,
01e83cc9a5eff6af3f7c1ecdca12060a2ca68df2,head,home,2,5,1077.2078,24.5,0.0005,96.83,30.702,599,ok,,
01e83cc9a5eff6af3f7c1ecdca12060a2ca68df2,head,home,3,6,1543.3426,33,0.0005,96.855,21.25,507,outlier,lcp,
01e83cc9a5eff6af3f7c1ecdca12060a2ca68df2,head,home,4,9,1095.3715,51,0.0005,122.821,72.235,522,outlier,inp;tbtFlow,
80f3b75d42c87a8d3e33fef977753af3d658a419,base,home,0,0,1101.3186,29,0.0005,101.911,27.679,552,outlier,lcpObs,
80f3b75d42c87a8d3e33fef977753af3d658a419,base,home,1,3,1034.7621,32,0.0005,102.897,35.602,487,ok,,
80f3b75d42c87a8d3e33fef977753af3d658a419,base,home,2,4,1093.3801,25,0.0005,105.049,25.563,500,ok,,
80f3b75d42c87a8d3e33fef977753af3d658a419,base,home,3,7,1041.468,42.0,0.0005,89.967,25.385,498,ok,,
80f3b75d42c87a8d3e33fef977753af3d658a419,base,home,4,8,1075.921,23,0.0005,97.462,28.169,503,ok,,
80f3b75d42c87a8d3e33fef977753af3d658a419,head,home,0,1,1013.8346,24,0.0005,99.697,28.557,508,ok,,
80f3b75d42c87a8d3e33fef977753af3d658a419,head,home,1,2,1056.8407,25.0,0.0005,96.373,27.576,523,ok,,
80f3b75d42c87a8d3e33fef977753af3d658a419,head,home,2,5,1058.9244,24,0.0005,96.026,26.559,554,ok,,
80f3b75d42c87a8d3e33fef977753af3d658a419,head,home,3,6,1097.101,26,0.0005,97.973,30.392,474,ok,,
80f3b75d42c87a8d3e33fef977753af3d658a419,head,home,4,9,1015.936,26,0.0005,98.225,24.957,472,ok,,
60e3801691decef03399f9d3012b9032fb39cf20,base,home,0,0,1111.9027,21,0.0005,107.105,28.559,642,outlier,lcpObs,
60e3801691decef03399f9d3012b9032fb39cf20,base,home,1,3,1037.2495,27.5,0.0005,99.908,37.412,492,ok,,
60e3801691decef03399f9d3012b9032fb39cf20,base,home,2,4,1077.6515,41,0.0005,96.772,24.908,508,ok,,
60e3801691decef03399f9d3012b9032fb39cf20,base,home,3,7,1076.0666,22,0.0005,105.819,25.713,490,ok,,
60e3801691decef03399f9d3012b9032fb39cf20,base,home,4,8,1055.6862,22,0.0005,110.01,13.865,486,ok,,
60e3801691decef03399f9d3012b9032fb39cf20,head,home,0,1,1076.3415,22,0.0005,98.935,25.767,483,ok,,
60e3801691decef03399f9d3012b9032fb39cf20,head,home,1,2,1100.6047,24,0.0005,96.879,25.527,514,ok,,
60e3801691decef03399f9d3012b9032fb39cf20,head,home,2,5,1018.7968,25,0.0005,101.643,28.372,476,ok,,
60e3801691decef03399f9d3012b9032fb39cf20,head,home,3,6,1078.3958,49,0.0005,98.325,25.887,573,outlier,lcpObs,
60e3801691decef03399f9d3012b9032fb39cf20,head,home,4,9,993.6311,22.0,0.0005,106.147,15.966,488,ok,,
caf2db934c9f64bdc7055b3f528953f3ba55ee2f,base,home,0,0,978.2741,20,0.0005,107.473,4.354,487,outlier,lcp,
caf2db934c9f64bdc7055b3f528953f3ba55ee2f,base,home,1,3,1073.0841,22,0.0005,109.253,24.111,506,ok,,
caf2db934c9f64bdc7055b3f528953f3ba55ee2f,base,home,2,4,1136.4301,40.0,0.0005,108.519,22.507,540,outlier,lcpObs,
caf2db934c9f64bdc7055b3f528953f3ba55ee2f,base,home,3,7,1075.0101,26,0.0005,98.661,10.92,487,ok,,
caf2db934c9f64bdc7055b3f528953f3ba55ee2f,base,home,4,8,1095.2769,21.0,0.0005,105.769,14.221,488,ok,,
caf2db934c9f64bdc7055b3f528953f3ba55ee2f,head,home,0,1,1082.443,34.0,0.0005,113.709,27.166,509,ok,,
caf2db934c9f64bdc7055b3f528953f3ba55ee2f,head,home,1,2,1023.6381,33,0.0005,110.01,0.735,471,ok,,
caf2db934c9f64bdc7055b3f528953f3ba55ee2f,head,home,2,5,1095.8655,20,0.0005,108.774,13.042,505,ok,,
caf2db934c9f64bdc7055b3f528953f3ba55ee2f,head,home,3,6,935.1322,22,0.0005,107.346,18.445,486,outlier,lcp,
caf2db934c9f64bdc7055b3f528953f3ba55ee2f,head,home,4,9,1081.3078,54,0.0005,105.551,17.012,841,outlier,lcpObs,
d4900e8f19307e2e8643a394cf50716435cff75c,base,home,0,0,1034.2105,42,0.0005,114.996,12.579,495,ok,,
d4900e8f19307e2e8643a394cf50716435cff75c,base,home,1,3,937.0257,21,0.0005,111.062,22.524,474,ok,,
d4900e8f19307e2e8643a394cf50716435cff75c,base,home,2,4,1091.6143,58,0.0005,107.755,19.045,487,outlier,tbt,
d4900e8f19307e2e8643a394cf50716435cff75c,base,home,3,7,933.2794,21.0,0.0005,109.261,15.8,468,ok,,
d4900e8f19307e2e8643a394cf50716435cff75c,base,home,4,8,1032.2669,21,0.0005,109.504,14.123,488,ok,,
d4900e8f19307e2e8643a394cf50716435cff75c,head,home,0,1,1114.1675,26,0.0005,117.229,34.473,526,ok,,
d4900e8f19307e2e8643a394cf50716435cff75c,head,home,1,2,1017.2324,24,0.0005,122.68,1.904,487,ok,,
d4900e8f19307e2e8643a394cf50716435cff75c,head,home,2,5,1077.6344,24.0,0.0005,107.009,14.416,487,ok,,
d4900e8f19307e2e8643a394cf50716435cff75c,head,home,3,6,1064.1846,52,0.0005,106.727,1.33,502,ok,,
d4900e8f19307e2e8643a394cf50716435cff75c,head,home,4,9,1057.8121,22,0.0005,132.523,21.861,486,ok,,
c1b310c56b72f06212ba9f7e74bdfe3214a6a4dd,base,home,0,0,991.8975,20,0.0005,105.163,19.266,469,ok,,
c1b310c56b72f06212ba9f7e74bdfe3214a6a4dd,base,home,1,3,1055.6988,22,0.0005,112.456,16.621,540,ok,,
c1b310c56b72f06212ba9f7e74bdfe3214a6a4dd,base,home,2,4,1085.9588,41,0.0005,122.893,21.455,505,ok,,
c1b310c56b72f06212ba9f7e74bdfe3214a6a4dd,base,home,3,7,1005.3645,28,0.0005,109.078,23.335,489,ok,,
c1b310c56b72f06212ba9f7e74bdfe3214a6a4dd,base,home,4,8,1052.0329,24.0,0.0005,107.372,7.392,470,ok,,
c1b310c56b72f06212ba9f7e74bdfe3214a6a4dd,head,home,0,1,992.1859,20,0.0005,110.867,15.446,469,outlier,lcp,
c1b310c56b72f06212ba9f7e74bdfe3214a6a4dd,head,home,1,2,1059.4824,21,0.0005,122.312,3.955,505,ok,,
c1b310c56b72f06212ba9f7e74bdfe3214a6a4dd,head,home,2,5,1067.5324,34,0.0005,121.038,17.029,507,ok,,
c1b310c56b72f06212ba9f7e74bdfe3214a6a4dd,head,home,3,6,1114.8827,23,0.0005,122.743,10.771,661,outlier,lcpObs,
c1b310c56b72f06212ba9f7e74bdfe3214a6a4dd,head,home,4,9,1063.9233,38.0,0.0005,120.634,30.419,540,ok,,
c07f5a0c80fd3fdd86724d734082beb3b52f7818,base,home,0,0,1126.1164,34.0,0.0005,103.924,14.205,542,ok,,
c07f5a0c80fd3fdd86724d734082beb3b52f7818,base,home,1,3,1004.3495,37.0,0.0005,107.777,19.736,472,ok,,
c07f5a0c80fd3fdd86724d734082beb3b52f7818,base,home,2,4,1027.533,57,0.0005,106.782,16.583,455,ok,,
c07f5a0c80fd3fdd86724d734082beb3b52f7818,base,home,3,7,1060.3554,31.0,0.0005,107.405,0.94,489,ok,,
c07f5a0c80fd3fdd86724d734082beb3b52f7818,base,home,4,8,1060.4955,20,0.0005,108.697,22.103,471,ok,,
c07f5a0c80fd3fdd86724d734082beb3b52f7818,head,home,0,1,1065.9864,20,0.0005,128.617,30.849,469,ok,,
c07f5a0c80fd3fdd86724d734082beb3b52f7818,head,home,1,2,1073.4854,22.0,0.0005,105.71,12.193,488,ok,,
c07f5a0c80fd3fdd86724d734082beb3b52f7818,head,home,2,5,1054.8882,19.5,0.0005,110.841,11.725,507,ok,,
c07f5a0c80fd3fdd86724d734082beb3b52f7818,head,home,3,6,1017.7913,24.0,0.0005,105.425,21.238,471,ok,,
c07f5a0c80fd3fdd86724d734082beb3b52f7818,head,home,4,9,1084.3264,37,0.0005,114.33,3.584,506,ok,,
e0a22edfbd88d499047f00ef81f920465263333a,base,home,0,0,1125.9618,35.0,0.0005,114.871,14.803,507,ok,,
e0a22edfbd88d499047f00ef81f920465263333a,base,home,1,3,1131.9932,63.0,0.0005,108.207,20.265,522,ok,,
e0a22edfbd88d499047f00ef81f920465263333a,base,home,2,4,1099.3167,22.0,0.0005,127.981,21.048,486,ok,,
e0a22edfbd88d499047f00ef81f920465263333a,base,home,3,7,1074.3749,21.0,0.0005,123.101,29.159,490,ok,,
e0a22edfbd88d499047f00ef81f920465263333a,base,home,4,8,1421.9351,165.5,0.0005,142.784,125.332,1064,outlier,lcp;tbt;tbtFlow;lcpObs,
e0a22edfbd88d499047f00ef81f920465263333a,head,home,0,1,1024.722,38.0,0.0005,123.717,46.961,489,ok,,
e0a22edfbd88d499047f00ef81f920465263333a,head,home,1,2,1079.4739,43.5,0.0005,109.467,17.67,627,outlier,lcpObs,
e0a22edfbd88d499047f00ef81f920465263333a,head,home,2,5,1088.8281,36,0.0005,127.277,26.918,508,ok,,
e0a22edfbd88d499047f00ef81f920465263333a,head,home,3,6,1116.2421,81.5,0.0005,127.706,9.079,489,outlier,tbt,
e0a22edfbd88d499047f00ef81f920465263333a,head,home,4,9,1195.1286,176.5,0.0005,141.847,220.604,627,outlier,tbt;tbtFlow;lcpObs,
44a1c8d8573c26ba5cb3d63a8e97ca9699971d2d,base,home,0,0,1246.4422,147.5,0.0005,160.117,216.083,633,outlier,tbt;tbtFlow,
44a1c8d8573c26ba5cb3d63a8e97ca9699971d2d,base,home,1,3,1205.2645,181.5,0.0005,158.156,227.587,820,outlier,tbt;tbtFlow;lcpObs,
44a1c8d8573c26ba5cb3d63a8e97ca9699971d2d,base,home,2,4,1203.2399,127.5,0.0005,171.417,216.371,609,outlier,tbt;inp;tbtFlow,
44a1c8d8573c26ba5cb3d63a8e97ca9699971d2d,base,home,3,7,1180.1199,154,0.0005,139.038,150.665,543,outlier,tbt;tbtFlow,
44a1c8d8573c26ba5cb3d63a8e97ca9699971d2d,base,home,4,8,1169.5457,122.5,0.0005,145.549,179.437,570,outlier,tbt;tbtFlow,
44a1c8d8573c26ba5cb3d63a8e97ca9699971d2d,base,home,5,11,1136.6746,75.5,0.0005,139.79,145.441,511,outlier,tbtFlow,
44a1c8d8573c26ba5cb3d63a8e97ca9699971d2d,base,home,6,12,1016.9433,24.0,0.0005,127.777,66.336,466,ok,,
44a1c8d8573c26ba5cb3d63a8e97ca9699971d2d,base,home,7,15,943.325,33.0,0.0005,128.326,75.323,498,ok,,
44a1c8d8573c26ba5cb3d63a8e97ca9699971d2d,base,home,8,16,1077.9656,27,0.0005,131.207,69.434,498,ok,,
44a1c8d8573c26ba5cb3d63a8e97ca9699971d2d,base,home,9,19,1039.066,45,0.0005,120.015,64.765,493,ok,,
44a1c8d8573c26ba5cb3d63a8e97ca9699971d2d,base,home,10,20,1083.351,26,0.0005,127.812,66.642,488,ok,,
44a1c8d8573c26ba5cb3d63a8e97ca9699971d2d,base,home,11,23,1087.4079,39,0.0005,123.937,68.099,782,outlier,lcpObs,
44a1c8d8573c26ba5cb3d63a8e97ca9699971d2d,base,home,12,24,1018.2266,26,0.0005,120.354,67.148,472,ok,,
44a1c8d8573c26ba5cb3d63a8e97ca9699971d2d,base,home,13,27,938.8524,26.0,0.0005,118.133,74.777,466,ok,,
44a1c8d8573c26ba5cb3d63a8e97ca9699971d2d,base,home,14,28,1020.4256,26,0.0005,121.027,73.695,467,ok,,
44a1c8d8573c26ba5cb3d63a8e97ca9699971d2d,head,home,0,1,1504.5673,9277.8283,0,544.013,226.415,4080,outlier,lcp;tbt;inp;tbtFlow;lcpObs,
44a1c8d8573c26ba5cb3d63a8e97ca9699971d2d,head,home,1,2,1389.3124,111,0.0005,176.229,246.758,802,outlier,lcp;tbt;tbtFlow;lcpObs,
44a1c8d8573c26ba5cb3d63a8e97ca9699971d2d,head,home,2,5,1200.5064,107.5,0.0005,166.125,217.276,620,outlier,tbt;tbtFlow;lcpObs,
44a1c8d8573c26ba5cb3d63a8e97ca9699971d2d,head,home,3,6,1189.3151,152,0.0005,155.453,146.323,594,outlier,tbt;tbtFlow,
44a1c8d8573c26ba5cb3d63a8e97ca9699971d2d,head,home,4,9,1117.8971,69.0,0.0005,147.954,160.628,550,outlier,tbtFlow,
44a1c8d8573c26ba5cb3d63a8e97ca9699971d2d,head,home,5,10,1153.4171,113.5,0.0005,140.407,167.903,602,outlier,tbt;tbtFlow,
44a1c8d8573c26ba5cb3d63a8e97ca9699971d2d,head,home,6,13,1058.6165,25,0.0005,117.076,75.346,483,ok,,
44a1c8d8573c26ba5cb3d63a8e97ca9699971d2d,head,home,7,14,1099.825,25.5,0.0005,120.61,76.379,517,ok,,
44a1c8d8573c26ba5cb3d63a8e97ca9699971d2d,head,home,8,17,1063.5294,28.0,0.0005,114.002,67.874,474,ok,,
44a1c8d8573c26ba5cb3d63a8e97ca9699971d2d,head,home,9,18,938.5158,44,0.0005,126.426,76.941,458,ok,,
44a1c8d8573c26ba5cb3d63a8e97ca9699971d2d,head,home,10,21,1028.8067,37,0.0005,128.277,65.102,485,ok,,
44a1c8d8573c26ba5cb3d63a8e97ca9699971d2d,head,home,11,22,1062.3663,22,0.0005,118.78,69.858,487,ok,,
44a1c8d8573c26ba5cb3d63a8e97ca9699971d2d,head,home,12,25,1025.4707,35.0,0.0005,127.702,69.909,466,ok,,
44a1c8d8573c26ba5cb3d63a8e97ca9699971d2d,head,home,13,26,1057.5835,21.0,0.0005,123.434,69.789,490,ok,,
44a1c8d8573c26ba5cb3d63a8e97ca9699971d2d,head,home,14,29,1023.0446,32,0.0005,148.533,56.69,473,ok,,
f3f0ab7c8362750593ccc65a973d06b62925be35,base,home,0,0,1014.0564,20.0,0.0005,120.282,51.263,488,outlier,lcp,
f3f0ab7c8362750593ccc65a973d06b62925be35,base,home,1,3,1071.9538,19,0.0005,126.638,48.394,488,ok,,
f3f0ab7c8362750593ccc65a973d06b62925be35,base,home,2,4,1079.5576,24,0.0005,125.878,61.183,488,ok,,
f3f0ab7c8362750593ccc65a973d06b62925be35,base,home,3,7,1069.6604,41,0.0005,121.92,47.947,543,outlier,lcpObs,
f3f0ab7c8362750593ccc65a973d06b62925be35,base,home,4,8,1056.9512,22.0,0.0005,124.266,53.067,472,ok,,
f3f0ab7c8362750593ccc65a973d06b62925be35,head,home,0,1,1034.7137,21,0.0005,119.072,48.513,488,outlier,inp,
f3f0ab7c8362750593ccc65a973d06b62925be35,head,home,1,2,1045.059,42,0.0005,140.223,50.272,482,ok,,
f3f0ab7c8362750593ccc65a973d06b62925be35,head,home,2,5,1100.5745,26,0.0005,143.06,48.251,486,ok,,
f3f0ab7c8362750593ccc65a973d06b62925be35,head,home,3,6,1066.1613,33.0,0.0005,126.427,48.419,521,ok,,
f3f0ab7c8362750593ccc65a973d06b62925be35,head,home,4,9,1025.0911,34,0.0005,141.872,64.467,487,ok,,
8ca4cf32605343c1631ed7ef57f0c9d87f4c23b1,base,home,0,0,1001.6744,31,0.0005,125.045,40.078,484,ok,,
8ca4cf32605343c1631ed7ef57f0c9d87f4c23b1,base,home,1,3,1063.4678,35.0,0.0005,141.501,55.563,487,ok,,
8ca4cf32605343c1631ed7ef57f0c9d87f4c23b1,base,home,2,4,1140.1139,84.0,0.0005,124.016,49.216,525,outlier,tbt,
8ca4cf32605343c1631ed7ef57f0c9d87f4c23b1,base,home,3,7,1094.7844,23.0,0.0005,120.375,49.499,506,ok,,
8ca4cf32605343c1631ed7ef57f0c9d87f4c23b1,base,home,4,8,1118.1582,78.5,0.0005,122.344,17.243,522,outlier,tbt,
8ca4cf32605343c1631ed7ef57f0c9d87f4c23b1,base,home,5,11,1056.9316,27.0,0.0005,127.875,27.108,489,ok,,
8ca4cf32605343c1631ed7ef57f0c9d87f4c23b1,base,home,6,12,1071.6859,20,0.0005,107.164,19.413,487,ok,,
8ca4cf32605343c1631ed7ef57f0c9d87f4c23b1,base,home,7,15,1018.8819,22.0,0.0005,110.522,27.147,470,ok,,
8ca4cf32605343c1631ed7ef57f0c9d87f4c23b1,base,home,8,16,1079.3471,43.0,0.0005,128.035,20.867,471,ok,,
8ca4cf32605343c1631ed7ef57f0c9d87f4c23b1,base,home,9,19,1036.1884,24,0.0005,127.582,72.944,471,ok,,
8ca4cf32605343c1631ed7ef57f0c9d87f4c23b1,base,home,10,20,1096.229,45,0.0005,128.971,89.726,486,ok,,
8ca4cf32605343c1631ed7ef57f0c9d87f4c23b1,base,home,11,23,1079.3998,26.5,0.0005,129.209,86.759,494,ok,,
8ca4cf32605343c1631ed7ef57f0c9d87f4c23b1,base,home,12,24,1099.2653,20.5,0.0005,126.845,75.996,488,ok,,
8ca4cf32605343c1631ed7ef57f0c9d87f4c23b1,base,home,13,27,780.2591,23,0.0005,125.315,79.694,2020,outlier,lcp;lcpObs,
8ca4cf32605343c1631ed7ef57f0c9d87f4c23b1,base,home,14,28,1018.1867,22,0.0005,126.316,79.535,490,ok,,
8ca4cf32605343c1631ed7ef57f0c9d87f4c23b1,head,home,0,1,1084.1053,35,0.0005,121.568,45.605,521,ok,,
8ca4cf32605343c1631ed7ef57f0c9d87f4c23b1,head,home,1,2,934.1421,23,0.0005,121.921,47.425,470,outlier,lcp,
8ca4cf32605343c1631ed7ef57f0c9d87f4c23b1,head,home,2,5,1055.5803,24,0.0005,123.162,42.783,503,ok,,
8ca4cf32605343c1631ed7ef57f0c9d87f4c23b1,head,home,3,6,1057.0649,23.0,0.0005,126.942,46.444,505,ok,,
8ca4cf32605343c1631ed7ef57f0c9d87f4c23b1,head,home,4,9,1036.3353,25.0,0.0005,107.924,12.55,472,ok,,
8ca4cf32605343c1631ed7ef57f0c9d87f4c23b1,head,home,5,10,1997.4984,2590.901,0.0005,122.627,30.112,1804,outlier,lcp;tbt;lcpObs,
8ca4cf32605343c1631ed7ef57f0c9d87f4c23b1,head,home,6,13,1058.8491,27.0,0.0005,109.402,21.93,508,ok,,
8ca4cf32605343c1631ed7ef57f0c9d87f4c23b1,head,home,7,14,1060.4072,25.0,0.0005,128.587,26.967,488,ok,,
8ca4cf32605343c1631ed7ef57f0c9d87f4c23b1,head,home,8,17,1059.2235,21.0,0.0005,106.123,21.053,489,ok,,
8ca4cf32605343c1631ed7ef57f0c9d87f4c23b1,head,home,9,18,1055.5762,25,0.0005,131.388,52.509,472,ok,,
8ca4cf32605343c1631ed7ef57f0c9d87f4c23b1,head,home,10,21,1115.5892,22.0,0.0005,133.698,74.211,778,outlier,lcp;lcpObs,
8ca4cf32605343c1631ed7ef57f0c9d87f4c23b1,head,home,11,22,1056.9465,37,0.0005,121.667,89.202,489,ok,,
8ca4cf32605343c1631ed7ef57f0c9d87f4c23b1,head,home,12,25,1072.0514,22.0,0.0005,122.922,69.233,479,ok,,
8ca4cf32605343c1631ed7ef57f0c9d87f4c23b1,head,home,13,26,1077.1744,22,0.0005,129.101,78.43,478,ok,,
8ca4cf32605343c1631ed7ef57f0c9d87f4c23b1,head,home,14,29,1071.7869,20,0.0005,125.103,87.864,495,ok,,
a80cb5896aa79e02d5f0cf21e375cae6d6059f0c,base,home,0,0,1082.606,48.5,0.0005,87.957,28.789,500,outlier,inp;tbtFlow,
a80cb5896aa79e02d5f0cf21e375cae6d6059f0c,base,home,1,3,1072.9581,26.5,0.0005,127.413,80.956,534,ok,,
a80cb5896aa79e02d5f0cf21e375cae6d6059f0c,base,home,2,4,1095.706,22,0.0005,121.088,63.962,507,ok,,
a80cb5896aa79e02d5f0cf21e375cae6d6059f0c,base,home,3,7,1078.4104,27,0.0005,121.116,81.429,785,outlier,lcpObs,
a80cb5896aa79e02d5f0cf21e375cae6d6059f0c,base,home,4,8,1075.0975,23.0,0.0005,126.124,75.192,497,ok,,
a80cb5896aa79e02d5f0cf21e375cae6d6059f0c,base,home,5,11,1024.0376,23,0.0005,122.077,74.985,474,ok,,
a80cb5896aa79e02d5f0cf21e375cae6d6059f0c,base,home,6,12,1021.4077,24.0,0.0005,120.616,77.186,486,ok,,
a80cb5896aa79e02d5f0cf21e375cae6d6059f0c,base,home,7,15,1076.966,24.0,0.0005,121.214,73.345,483,ok,,
a80cb5896aa79e02d5f0cf21e375cae6d6059f0c,base,home,8,16,1036.1129,24.0,0.0005,134.142,77.776,472,ok,,
a80cb5896aa79e02d5f0cf21e375cae6d6059f0c,base,home,9,19,1043.421,31.0,0.0005,133.347,76.099,489,ok,,
a80cb5896aa79e02d5f0cf21e375cae6d6059f0c,base,home,10,20,1033.1855,21,0.0005,131.811,76.575,474,ok,,
a80cb5896aa79e02d5f0cf21e375cae6d6059f0c,base,home,11,23,1016.786,22.0,0.0005,128.668,78.399,482,ok,,
a80cb5896aa79e02d5f0cf21e375cae6d6059f0c,base,home,12,24,1103.9845,32.5,0.0005,122.667,75.175,507,ok,,
a80cb5896aa79e02d5f0cf21e375cae6d6059f0c,base,home,13,27,1078.2635,26,0.0005,123.552,53.227,771,outlier,lcpObs,
a80cb5896aa79e02d5f0cf21e375cae6d6059f0c,base,home,14,28,1095.4175,25.5,0.0005,123.252,58.764,490,ok,,
a80cb5896aa79e02d5f0cf21e375cae6d6059f0c,head,home,0,1,1018.3792,23,0.0005,128.951,71.821,485,ok,,
a80cb5896aa79e02d5f0cf21e375cae6d6059f0c,head,home,1,2,943.6458,25,0.0005,130.046,78.186,493,ok,,
a80cb5896aa79e02d5f0cf21e375cae6d6059f0c,head,home,2,5,1079.369,25.5,0.0005,127.053,81.213,543,outlier,lcpObs,
a80cb5896aa79e02d5f0cf21e375cae6d6059f0c,head,home,3,6,1034.24,33,0.0005,122.841,76.244,488,ok,,
a80cb5896aa79e02d5f0cf21e375cae6d6059f0c,head,home,4,9,1015.9908,44,0.0005,114.043,73.098,487,ok,,
a80cb5896aa79e02d5f0cf21e375cae6d6059f0c,head,home,5,10,1017.5613,24,0.0005,127.917,80.856,496,ok,,
a80cb5896aa79e02d5f0cf21e375cae6d6059f0c,head,home,6,13,821.2285,23,0.0005,126.998,76.814,2022,outlier,lcp;lcpObs,
a80cb5896aa79e02d5f0cf21e375cae6d6059f0c,head,home,7,14,1017.2178,26,0.0005,120.561,68.378,475,ok,,
a80cb5896aa79e02d5f0cf21e375cae6d6059f0c,head,home,8,17,1059.0449,32.5,0.0005,129.319,78.59,480,ok,,
a80cb5896aa79e02d5f0cf21e375cae6d6059f0c,head,home,9,18,1059.7558,23,0.0005,127.092,76.141,498,ok,,
a80cb5896aa79e02d5f0cf21e375cae6d6059f0c,head,home,10,21,1033.1865,37,0.0005,121.728,79.421,477,ok,,
a80cb5896aa79e02d5f0cf21e375cae6d6059f0c,head,home,11,22,1022.0418,43,0.0005,116.116,77.07,481,ok,,
a80cb5896aa79e02d5f0cf21e375cae6d6059f0c,head,home,12,25,1056.3585,30.0,0.0005,151.394,67.893,489,outlier,inp,
a80cb5896aa79e02d5f0cf21e375cae6d6059f0c,head,home,13,26,1057.0464,20,0.0005,120.285,63.385,488,ok,,
a80cb5896aa79e02d5f0cf21e375cae6d6059f0c,head,home,14,29,937.8533,19.5,0.0005,125.96,59.448,473,ok,,
3fe1883f3f6bc45592f2aa6c721af6694e61935f,base,home,0,0,981.7581,20,0.0005,95.113,15.798,521,outlier,lcp,
3fe1883f3f6bc45592f2aa6c721af6694e61935f,base,home,1,3,1070.432,19.5,0.0005,152.167,64.514,471,ok,,
3fe1883f3f6bc45592f2aa6c721af6694e61935f,base,home,2,4,1060.1491,20,0.0005,125.959,57.474,537,ok,,
3fe1883f3f6bc45592f2aa6c721af6694e61935f,base,home,3,7,1081.4061,33,0.0005,146.089,23.424,508,ok,,
3fe1883f3f6bc45592f2aa6c721af6694e61935f,base,home,4,8,1065.1096,34,0.0005,141.404,54.374,469,ok,,
3fe1883f3f6bc45592f2aa6c721af6694e61935f,head,home,0,1,1060.9276,21,0.0005,125.521,56.605,523,ok,,
3fe1883f3f6bc45592f2aa6c721af6694e61935f,head,home,1,2,1056.1714,23.0,0.0005,119.068,54.494,504,ok,,
3fe1883f3f6bc45592f2aa6c721af6694e61935f,head,home,2,5,942.2194,21,0.0005,121.175,60.412,508,outlier,lcp,
3fe1883f3f6bc45592f2aa6c721af6694e61935f,head,home,3,6,1073.003,42,0.0005,140.382,59.662,507,ok,,
3fe1883f3f6bc45592f2aa6c721af6694e61935f,head,home,4,9,1021.6971,32,0.0005,123.364,56.98,489,ok,,
a977dd1bf53091830062071889ebf3542d85a772,base,home,0,0,1049.7089,40.5,0.0005,95.683,18.053,501,outlier,tbtFlow,
a977dd1bf53091830062071889ebf3542d85a772,base,home,1,3,1055.4341,20,0.0005,134.671,71.12,474,ok,,
a977dd1bf53091830062071889ebf3542d85a772,base,home,2,4,1070.3643,48,0.0005,120.582,57.78,508,ok,,
a977dd1bf53091830062071889ebf3542d85a772,base,home,3,7,1013.8514,21,0.0005,125.392,55.385,490,ok,,
a977dd1bf53091830062071889ebf3542d85a772,base,home,4,8,1023.04,21,0.0005,146.404,56.302,472,ok,,
a977dd1bf53091830062071889ebf3542d85a772,head,home,0,1,1048.7505,52,0.0005,143.316,63.494,508,ok,,
a977dd1bf53091830062071889ebf3542d85a772,head,home,1,2,1063.565,21,0.0005,144.831,64.557,523,ok,,
a977dd1bf53091830062071889ebf3542d85a772,head,home,2,5,1063.0294,17.5,0.0005,127.364,58.101,508,ok,,
a977dd1bf53091830062071889ebf3542d85a772,head,home,3,6,1016.5241,27.0,0.0005,124.807,61.743,491,ok,,
a977dd1bf53091830062071889ebf3542d85a772,head,home,4,9,1058.7731,47,0.0005,118.21,52.482,488,ok,,
21815fb930f282fdd5ef86c0877b0bd82f3dead1,base,home,0,0,826.982,21.0,0.0005,91.128,15.257,2018,outlier,tbtFlow;lcpObs,
21815fb930f282fdd5ef86c0877b0bd82f3dead1,base,home,1,3,1024.5222,33,0.0005,146.005,55.184,469,ok,,
21815fb930f282fdd5ef86c0877b0bd82f3dead1,base,home,2,4,1073.7112,22.0,0.0005,124.779,56.931,484,ok,,
21815fb930f282fdd5ef86c0877b0bd82f3dead1,base,home,3,7,942.88,34.0,0.0005,142.415,64.293,468,ok,,
21815fb930f282fdd5ef86c0877b0bd82f3dead1,base,home,4,8,1030.2144,62,0.0005,125.036,52.409,472,ok,,
21815fb930f282fdd5ef86c0877b0bd82f3dead1,head,home,0,1,982.6167,33,0.0005,126.034,54.362,472,ok,,
21815fb930f282fdd5ef86c0877b0bd82f3dead1,head,home,1,2,1070.6921,46,0.0005,125.342,61.964,523,outlier,lcpObs,
21815fb930f282fdd5ef86c0877b0bd82f3dead1,head,home,2,5,1015.4253,19.5,0.0005,126.586,52.152,471,ok,,
21815fb930f282fdd5ef86c0877b0bd82f3dead1,head,home,3,6,1077.4178,26.0,0.0005,150.006,77.857,542,outlier,inp;lcpObs,
21815fb930f282fdd5ef86c0877b0bd82f3dead1,head,home,4,9,1059.3234,20,0.0005,122.921,54.656,472,ok,,
b479f3bd6553be5730e3b60beb8eee5bd9905b37,base,home,0,0,1121.7296,26,0.0005,91.051,16.572,572,outlier,lcp;inp;tbtFlow;lcpObs,
b479f3bd6553be5730e3b60beb8eee5bd9905b37,base,home,1,3,1015.6665,19,0.0005,119.757,53.984,490,ok,,
b479f3bd6553be5730e3b60beb8eee5bd9905b37,base,home,2,4,1015.0603,22.0,0.0005,123.058,55.717,474,ok,,
b479f3bd6553be5730e3b60beb8eee5bd9905b37,base,home,3,7,1088.1629,37.5,0.0005,126.51,53.457,508,ok,,
b479f3bd6553be5730e3b60beb8eee5bd9905b37,base,home,4,8,1054.1519,18.5,0.0005,150.52,62.622,487,ok,,
b479f3bd6553be5730e3b60beb8eee5bd9905b37,base,home,5,11,1056.128,20,0.0005,160.14,78.427,489,outlier,inp,
b479f3bd6553be5730e3b60beb8eee5bd9905b37,base,home,6,12,938.9368,21.0,0.0005,124.094,55.284,471,outlier,lcp,
b479f3bd6553be5730e3b60beb8eee5bd9905b37,base,home,7,15,1052.5387,21,0.0005,130.004,68.275,471,ok,,
b479f3bd6553be5730e3b60beb8eee5bd9905b37,base,home,8,16,1061.232,23.0,0.0005,124.136,49.58,470,ok,,
b479f3bd6553be5730e3b60beb8eee5bd9905b37,base,home,9,19,1062.4854,25.5,0.0005,123.883,59.591,490,ok,,
b479f3bd6553be5730e3b60beb8eee5bd9905b37,base,home,10,20,1059.7538,18,0.0005,120.015,60.065,594,outlier,lcpObs,
b479f3bd6553be5730e3b60beb8eee5bd9905b37,base,home,11,23,1018.5008,19.5,0.0005,154.106,66.399,489,outlier,inp,
b479f3bd6553be5730e3b60beb8eee5bd9905b37,base,home,12,24,1059.0318,22,0.0005,133.275,56.742,473,ok,,
b479f3bd6553be5730e3b60beb8eee5bd9905b37,base,home,13,27,1066.8677,21,0.0005,126.041,52.468,490,ok,,
b479f3bd6553be5730e3b60beb8eee5bd9905b37,base,home,14,28,1073.9259,22.0,0.0005,150.794,59.138,471,ok,,
b479f3bd6553be5730e3b60beb8eee5bd9905b37,head,home,0,1,877.6689,65.0,0.0005,125.98,62.865,420,ok,,
b479f3bd6553be5730e3b60beb8eee5bd9905b37,head,home,1,2,871.714,63,0.0005,121.322,59.927,403,ok,,
b479f3bd6553be5730e3b60beb8eee5bd9905b37,head,home,2,5,871.7976,74,0.0005,123.078,60.026,418,ok,,
b479f3bd6553be5730e3b60beb8eee5bd9905b37,head,home,3,6,882.9516,62.0,0.0005,126.1,58.086,404,ok,,
b479f3bd6553be5730e3b60beb8eee5bd9905b37,head,home,4,9,876.54,60,0.0005,123.045,58.186,401,ok,,
b479f3bd6553be5730e3b60beb8eee5bd9905b37,head,home,5,10,913.861,86,0.0005,148.355,55.986,420,outlier,inp,
b479f3bd6553be5730e3b60beb8eee5bd9905b37,head,home,6,13,911.2292,63,0.0005,149.822,57.025,420,outlier,inp,
b479f3bd6553be5730e3b60beb8eee5bd9905b37,head,home,7,14,912.7312,58.0,0.0005,126.931,57.168,403,ok,,
b479f3bd6553be5730e3b60beb8eee5bd9905b37,head,home,8,17,869.9043,60,0.0005,126.491,59.712,404,ok,,
b479f3bd6553be5730e3b60beb8eee5bd9905b37,head,home,9,18,875.7699,99,0.0005,117.469,51.579,402,outlier,tbt,
b479f3bd6553be5730e3b60beb8eee5bd9905b37,head,home,10,21,868.9088,79,0.0005,151.668,64.657,405,outlier,inp,
b479f3bd6553be5730e3b60beb8eee5bd9905b37,head,home,11,22,874.2305,63,0.0005,119.915,57.134,402,ok,,
b479f3bd6553be5730e3b60beb8eee5bd9905b37,head,home,12,25,873.919,83,0.0005,126.433,62.239,403,ok,,
b479f3bd6553be5730e3b60beb8eee5bd9905b37,head,home,13,26,880.1009,66.0,0.0005,125.956,66.46,405,ok,,
b479f3bd6553be5730e3b60beb8eee5bd9905b37,head,home,14,29,871.9029,68,0.0005,119.66,53.532,403,ok,,
15ca182333c47866f61f5d1167cc1453d4d6d3ac,base,home,0,0,1036.2193,147,0.0005,99.329,18.178,487,outlier,lcp;tbt;inp;tbtFlow;lcpObs,
15ca182333c47866f61f5d1167cc1453d4d6d3ac,base,home,1,3,914.4634,85,0.0005,126.403,77.043,403,ok,,
15ca182333c47866f61f5d1167cc1453d4d6d3ac,base,home,2,4,910.3093,58,0.0005,125.332,55.632,399,ok,,
15ca182333c47866f61f5d1167cc1453d4d6d3ac,base,home,3,7,872.685,59.0,0.0005,121.308,54.624,398,ok,,
15ca182333c47866f61f5d1167cc1453d4d6d3ac,base,home,4,8,925.4474,60.5,0.0005,148.026,59.419,421,outlier,inp,
15ca182333c47866f61f5d1167cc1453d4d6d3ac,head,home,0,1,877.9702,94,0.0005,123.587,60.787,416,ok,,
15ca182333c47866f61f5d1167cc1453d4d6d3ac,head,home,1,2,876.5041,86,0.0005,148.205,58.704,400,outlier,inp,
15ca182333c47866f61f5d1167cc1453d4d6d3ac,head,home,2,5,883.0574,59,0.0005,126.41,51.813,417,ok,,
15ca182333c47866f61f5d1167cc1453d4d6d3ac,head,home,3,6,874.601,65.0,0.0005,149.195,58.419,405,outlier,inp,
15ca182333c47866f61f5d1167cc1453d4d6d3ac,head,home,4,9,874.4134,62.0,0.0005,123.648,55.132,402,ok,,
61623bbeba08fd802d23df46ceb8861c6a9a6180,base,home,0,0,926.4371,113,0.0005,90.677,26.556,448,ok,,
61623bbeba08fd802d23df46ceb8861c6a9a6180,base,home,1,3,875.9088,70,0.0005,102.335,26.515,411,ok,,
61623bbeba08fd802d23df46ceb8861c6a9a6180,base,home,2,4,881.2211,114,0.0005,100.37,30.772,412,outlier,tbt,
61623bbeba08fd802d23df46ceb8861c6a9a6180,base,home,3,7,882.3527,114.0,0.0005,95.72,25.734,420,outlier,tbt,
61623bbeba08fd802d23df46ceb8861c6a9a6180,base,home,4,8,881.2181,107,0.0005,102.388,29.145,415,ok,,
61623bbeba08fd802d23df46ceb8861c6a9a6180,base,home,5,11,925.2862,85,0.0005,100.341,30.757,428,ok,,
61623bbeba08fd802d23df46ceb8861c6a9a6180,base,home,6,12,918.6169,68.0,0.0005,107.289,33.034,413,ok,,
61623bbeba08fd802d23df46ceb8861c6a9a6180,base,home,7,15,885.659,78.0,0.0005,102.786,29.222,417,ok,,
61623bbeba08fd802d23df46ceb8861c6a9a6180,base,home,8,16,916.3751,73,0.0005,105.67,31.751,422,ok,,
61623bbeba08fd802d23df46ceb8861c6a9a6180,base,home,9,19,918.3149,72.0,0.0005,106.918,39.478,411,ok,,
61623bbeba08fd802d23df46ceb8861c6a9a6180,base,home,10,20,875.662,86,0.0005,97.482,29.588,420,ok,,
61623bbeba08fd802d23df46ceb8861c6a9a6180,base,home,11,23,919.9388,71.0,0.0005,110.796,41.602,420,ok,,
61623bbeba08fd802d23df46ceb8861c6a9a6180,base,home,12,24,878.3309,81.0,0.0005,98.534,24.956,412,ok,,
61623bbeba08fd802d23df46ceb8861c6a9a6180,base,home,13,27,875.8839,67,0.0005,101.137,27.514,411,ok,,
61623bbeba08fd802d23df46ceb8861c6a9a6180,base,home,14,28,872.9395,67,0.0005,90.181,26.9,404,ok,,
61623bbeba08fd802d23df46ceb8861c6a9a6180,head,home,0,1,1099.145,74.5,0.0004,97.112,32.626,506,ok,,
61623bbeba08fd802d23df46ceb8861c6a9a6180,head,home,1,2,1145.1844,103.0,0.0004,102.09,36.672,494,ok,,
61623bbeba08fd802d23df46ceb8861c6a9a6180,head,home,2,5,1100.0817,82,0.0004,101.985,31.588,511,ok,,
61623bbeba08fd802d23df46ceb8861c6a9a6180,head,home,3,6,1061.1195,74.0,0.0004,94.134,32.001,499,ok,,
61623bbeba08fd802d23df46ceb8861c6a9a6180,head,home,4,9,1099.5692,73.5,0.0005,96.834,31.184,507,ok,,
61623bbeba08fd802d23df46ceb8861c6a9a6180,head,home,5,10,1178.9045,103.5,0.0004,96.178,28.378,498,ok,,
61623bbeba08fd802d23df46ceb8861c6a9a6180,head,home,6,13,976.0995,76.0,0.0005,101.835,33.593,476,ok,,
61623bbeba08fd802d23df46ceb8861c6a9a6180,head,home,7,14,1106.1517,76,0.0004,99.403,29.911,492,ok,,
61623bbeba08fd802d23df46ceb8861c6a9a6180,head,home,8,17,1101.7485,80,0.0004,101.034,32.751,494,ok,,
61623bbeba08fd802d23df46ceb8861c6a9a6180,head,home,9,18,1060.1768,70.5,0.0004,99.105,33.223,500,ok,,
61623bbeba08fd802d23df46ceb8861c6a9a6180,head,home,10,21,858.6087,68,0.0005,100.109,32.232,2052,outlier,lcp;lcpObs,
61623bbeba08fd802d23df46ceb8861c6a9a6180,head,home,11,22,1128.1241,72.5,0.0004,104.007,34.866,462,ok,,
61623bbeba08fd802d23df46ceb8861c6a9a6180,head,home,12,25,1098.2074,81.0,0.0005,92.65,26.318,492,ok,,
61623bbeba08fd802d23df46ceb8861c6a9a6180,head,home,13,26,1060.3406,86,0.0004,104.465,33.627,473,ok,,
61623bbeba08fd802d23df46ceb8861c6a9a6180,head,home,14,29,1137.2581,101,0.0004,97.699,27.398,492,ok,,
eb09b48ae63ef2e9025dc3905a45c969eafa1720,base,home,0,0,1127.5303,66,0.0004,92.794,30.568,493,ok,,
eb09b48ae63ef2e9025dc3905a45c969eafa1720,base,home,1,3,1061.086,94.0,0.0004,103.096,33.003,480,ok,,
eb09b48ae63ef2e9025dc3905a45c969eafa1720,base,home,2,4,1166.6535,111,0.0004,98.434,27.726,616,outlier,lcpObs,
eb09b48ae63ef2e9025dc3905a45c969eafa1720,base,home,3,7,1099.4096,69,0.0004,101.599,29.342,485,ok,,
eb09b48ae63ef2e9025dc3905a45c969eafa1720,base,home,4,8,1059.7226,74.5,0.0005,108.49,13.367,515,ok,,
eb09b48ae63ef2e9025dc3905a45c969eafa1720,head,home,0,1,1101.5821,83,0.0004,93.617,26.699,485,ok,,
eb09b48ae63ef2e9025dc3905a45c969eafa1720,head,home,1,2,1059.2151,87.0,0.0004,100.28,29.145,490,ok,,
eb09b48ae63ef2e9025dc3905a45c969eafa1720,head,home,2,5,1137.1832,66,0.0004,102.769,28.734,507,ok,,
eb09b48ae63ef2e9025dc3905a45c969eafa1720,head,home,3,6,1019.2918,96,0.0004,92.343,31.018,476,ok,,
eb09b48ae63ef2e9025dc3905a45c969eafa1720,head,home,4,9,1058.3452,69.0,0.0004,128.807,3.983,471,ok,,
e957c8e9ee5264698eb946317780e80e6a2388df,base,home,0,0,1071.9139,63.0,0.0004,110.409,19.522,488,ok,,
e957c8e9ee5264698eb946317780e80e6a2388df,base,home,1,3,1136.0058,65,0.0004,119.997,22.715,492,ok,,
e957c8e9ee5264698eb946317780e80e6a2388df,base,home,2,4,1056.4444,89.0,0.0004,122.877,0.923,455,ok,,
e957c8e9ee5264698eb946317780e80e6a2388df,base,home,3,7,1096.1841,74.0,0.0004,109.371,14.257,491,ok,,
e957c8e9ee5264698eb946317780e80e6a2388df,base,home,4,8,1055.5054,76,0.0004,110.532,18.441,487,ok,,
e957c8e9ee5264698eb946317780e80e6a2388df,head,home,0,1,1156.4384,65,0.0004,106.89,18.876,644,outlier,lcpObs,
e957c8e9ee5264698eb946317780e80e6a2388df,head,home,1,2,1060.953,73,0.0004,114.429,19.689,469,ok,,
e957c8e9ee5264698eb946317780e80e6a2388df,head,home,2,5,1055.5152,88.0,0.0004,132.399,22.899,490,ok,,
e957c8e9ee5264698eb946317780e80e6a2388df,head,home,3,6,1095.0542,62.5,0.0004,123.647,2.147,486,ok,,
e957c8e9ee5264698eb946317780e80e6a2388df,head,home,4,9,980.4741,68,0.0004,121.5,24.279,472,ok,,
4cedf3d966965e952c43c76bb993bdf627b941b6,base,home,0,0,1117.6671,71.5,0.0004,127.372,4.161,506,ok,,
4cedf3d966965e952c43c76bb993bdf627b941b6,base,home,1,3,1096.5281,72,0.0004,126.551,18.069,470,ok,,
4cedf3d966965e952c43c76bb993bdf627b941b6,base,home,2,4,1056.787,71.5,0.0004,129.209,22.509,487,ok,,
4cedf3d966965e952c43c76bb993bdf627b941b6,base,home,3,7,1095.9696,70,0.0005,127.08,2.134,489,ok,,
4cedf3d966965e952c43c76bb993bdf627b941b6,base,home,4,8,1096.212,64.5,0.0004,108.008,22.333,491,ok,,
4cedf3d966965e952c43c76bb993bdf627b941b6,head,home,0,1,1114.9746,72,0.0004,111.105,24.287,538,ok,,
4cedf3d966965e952c43c76bb993bdf627b941b6,head,home,1,2,1056.7421,64.5,0.0004,123.636,15.779,473,ok,,
4cedf3d966965e952c43c76bb993bdf627b941b6,head,home,2,5,1059.013,74,0.0004,122.63,12.596,507,ok,,
4cedf3d966965e952c43c76bb993bdf627b941b6,head,home,3,6,865.202,87,0.0005,122.698,17.157,2041,outlier,lcpObs,
4cedf3d966965e952c43c76bb993bdf627b941b6,head,home,4,9,1011.6043,96,0.0004,128.159,1.959,490,ok,,
958e03fcc6976bfa1d909a3a7508be9785eca3af,base,home,0,0,1137.9284,71,0.0004,126.585,31.213,542,outlier,lcp,
958e03fcc6976bfa1d909a3a7508be9785eca3af,base,home,1,3,977.3256,80.0,0.0004,128.036,22.887,470,outlier,lcp,
958e03fcc6976bfa1d909a3a7508be9785eca3af,base,home,2,4,1057.2969,67,0.0004,128.108,23.091,471,ok,,
958e03fcc6976bfa1d909a3a7508be9785eca3af,base,home,3,7,1056.5357,67,0.0004,128.061,21.551,489,ok,,
958e03fcc6976bfa1d909a3a7508be9785eca3af,base,home,4,8,1072.4264,62.5,0.0004,111.397,14.164,770,outlier,lcpObs,
958e03fcc6976bfa1d909a3a7508be9785eca3af,head,home,0,1,1095.0875,66,0.0004,123.489,22.548,490,ok,,
958e03fcc6976bfa1d909a3a7508be9785eca3af,head,home,1,2,1098.8603,72,0.0004,106.806,20.694,538,ok,,
958e03fcc6976bfa1d909a3a7508be9785eca3af,head,home,2,5,1059.9981,66.0,0.0004,122.783,26.841,507,ok,,
958e03fcc6976bfa1d909a3a7508be9785eca3af,head,home,3,6,1055.215,69.5,0.0004,128.023,17.841,490,ok,,
958e03fcc6976bfa1d909a3a7508be9785eca3af,head,home,4,9,1056.2274,82,0.0004,122.219,26.518,506,ok,,
7d52176feaa7a523247e8a0ac7c7a2569b790620,base,home,0,0,1139.1619,64.5,0.0004,110.592,44.469,523,outlier,lcpObs,
7d52176feaa7a523247e8a0ac7c7a2569b790620,base,home,1,3,1061.7129,87,0.0004,129.299,24.764,472,ok,,
7d52176feaa7a523247e8a0ac7c7a2569b790620,base,home,2,4,976.9398,81,0.0004,109.535,19.521,470,outlier,lcp,
7d52176feaa7a523247e8a0ac7c7a2569b790620,base,home,3,7,1097.2562,78.0,0.0004,127.01,6.371,490,ok,,
7d52176feaa7a523247e8a0ac7c7a2569b790620,base,home,4,8,1076.932,71,0.0004,110.516,14.855,471,ok,,
7d52176feaa7a523247e8a0ac7c7a2569b790620,head,home,0,1,1123.9554,103,0.0004,122.596,19.583,591,outlier,lcpObs,
7d52176feaa7a523247e8a0ac7c7a2569b790620,head,home,1,2,1056.399,68,0.0004,110.422,3.376,474,ok,,
7d52176feaa7a523247e8a0ac7c7a2569b790620,head,home,2,5,978.097,66,0.0004,129.184,22.873,475,ok,,
7d52176feaa7a523247e8a0ac7c7a2569b790620,head,home,3,6,1077.9156,74.0,0.0005,131.815,21.281,474,ok,,
7d52176feaa7a523247e8a0ac7c7a2569b790620,head,home,4,9,1190.7749,112.0,0.0004,107.669,13.194,524,outlier,tbt,
96ed8a433167f23a5ab54a9d4cca45441c8fd911,base,home,0,0,1118.9885,69.0,0.0004,104.098,26.615,488,ok,,
96ed8a433167f23a5ab54a9d4cca45441c8fd911,base,home,1,3,1096.2012,72,0.0004,123.865,3.541,489,ok,,
96ed8a433167f23a5ab54a9d4cca45441c8fd911,base,home,2,4,1110.5738,79,0.0004,119.382,18.813,595,outlier,lcpObs,
96ed8a433167f23a5ab54a9d4cca45441c8fd911,base,home,3,7,1095.9264,72,0.0004,110.052,20.29,470,ok,,
96ed8a433167f23a5ab54a9d4cca45441c8fd911,base,home,4,8,1137.3646,64,0.0004,111.349,1.579,539,ok,,
96ed8a433167f23a5ab54a9d4cca45441c8fd911,head,home,0,1,1157.324,85,0.0004,116.673,20.337,524,ok,,
96ed8a433167f23a5ab54a9d4cca45441c8fd911,head,home,1,2,1098.318,77,0.0004,120.882,3.968,472,ok,,
96ed8a433167f23a5ab54a9d4cca45441c8fd911,head,home,2,5,1060.8155,73,0.0004,106.566,21.53,471,ok,,
96ed8a433167f23a5ab54a9d4cca45441c8fd911,head,home,3,6,1056.4546,85,0.0004,108.592,28.989,488,ok,,
96ed8a433167f23a5ab54a9d4cca45441c8fd911,head,home,4,9,1095.1137,66.0,0.0004,109.147,13.285,508,ok,,
f9815b8b4f612ec1ed4cf2484a61e4ac0befc187,base,home,0,0,1115.1585,78,0.0004,110.327,12.791,539,outlier,lcpObs,
f9815b8b4f612ec1ed4cf2484a61e4ac0befc187,base,home,1,3,1096.4389,70,0.0004,121.87,23.106,488,ok,,
f9815b8b4f612ec1ed4cf2484a61e4ac0befc187,base,home,2,4,1074.9245,67.5,0.0004,106.92,21.655,472,ok,,
f9815b8b4f612ec1ed4cf2484a61e4ac0befc187,base,home,3,7,1058.3184,82,0.0004,107.777,21.319,473,ok,,
f9815b8b4f612ec1ed4cf2484a61e4ac0befc187,base,home,4,8,1058.7811,81,0.0004,107.136,3.172,473,ok,,
f9815b8b4f612ec1ed4cf2484a61e4ac0befc187,head,home,0,1,1116.7303,75,0.0004,107.426,17.445,542,outlier,lcp,
f9815b8b4f612ec1ed4cf2484a61e4ac0befc187,head,home,1,2,1057.368,76,0.0004,110.932,2.38,488,ok,,
f9815b8b4f612ec1ed4cf2484a61e4ac0befc187,head,home,2,5,1058.6258,70,0.0004,129.418,24.917,468,ok,,
f9815b8b4f612ec1ed4cf2484a61e4ac0befc187,head,home,3,6,1057.1404,79.5,0.0004,107.598,20.64,506,ok,,
f9815b8b4f612ec1ed4cf2484a61e4ac0befc187,head,home,4,9,1101.0644,74,0.0004,138.77,32.478,508,outlier,inp,
79b181bcdcbff6166dbfa7b8b11118ddbd6c9833,base,home,0,0,1014.9639,60,0.0004,112.279,21.893,523,outlier,lcp,
79b181bcdcbff6166dbfa7b8b11118ddbd6c9833,base,home,1,3,1057.1385,71.0,0.0004,109.513,17.259,474,ok,,
79b181bcdcbff6166dbfa7b8b11118ddbd6c9833,base,home,2,4,1099.3634,68,0.0004,127.992,22.345,522,ok,,
79b181bcdcbff6166dbfa7b8b11118ddbd6c9833,base,home,3,7,1099.7802,69.0,0.0004,124.56,12.82,507,ok,,
79b181bcdcbff6166dbfa7b8b11118ddbd6c9833,base,home,4,8,1097.2295,79,0.0004,107.906,7.993,488,ok,,
79b181bcdcbff6166dbfa7b8b11118ddbd6c9833,head,home,0,1,1173.6381,130.0,0.0004,108.604,18.259,592,outlier,tbt;lcpObs,
79b181bcdcbff6166dbfa7b8b11118ddbd6c9833,head,home,1,2,977.5046,68,0.0004,103.285,18.653,455,ok,,
79b181bcdcbff6166dbfa7b8b11118ddbd6c9833,head,home,2,5,975.1958,70.0,0.0004,108.945,1.155,454,ok,,
79b181bcdcbff6166dbfa7b8b11118ddbd6c9833,head,home,3,6,1122.9309,76,0.0004,108.857,1.597,523,ok,,
79b181bcdcbff6166dbfa7b8b11118ddbd6c9833,head,home,4,9,1072.7779,64,0.0004,110.451,24.063,474,ok,,
03028eaa8c72504ecb9b65acfdc20aa2887daffd,base,home,0,0,1160.1124,78.0,0.0004,106.56,18.033,524,outlier,lcp,
03028eaa8c72504ecb9b65acfdc20aa2887daffd,base,home,1,3,1096.0398,72.0,0.0004,128.429,16.569,488,ok,,
03028eaa8c72504ecb9b65acfdc20aa2887daffd,base,home,2,4,1062.5478,67,0.0004,123.095,27.866,473,ok,,
03028eaa8c72504ecb9b65acfdc20aa2887daffd,base,home,3,7,1097.1308,63.0,0.0004,107.312,3.74,507,ok,,
03028eaa8c72504ecb9b65acfdc20aa2887daffd,base,home,4,8,1096.3025,62,0.0004,121.135,14.861,491,ok,,
03028eaa8c72504ecb9b65acfdc20aa2887daffd,head,home,0,1,1020.8277,68,0.0004,110.923,13.599,486,ok,,
03028eaa8c72504ecb9b65acfdc20aa2887daffd,head,home,1,2,1099.7184,66.5,0.0004,107.425,19.027,522,ok,,
03028eaa8c72504ecb9b65acfdc20aa2887daffd,head,home,2,5,1060.4578,66,0.0004,122.162,43.383,490,ok,,
03028eaa8c72504ecb9b65acfdc20aa2887daffd,head,home,3,6,1076.8236,69.5,0.0004,107.836,1.759,487,ok,,
03028eaa8c72504ecb9b65acfdc20aa2887daffd,head,home,4,9,1099.1431,70,0.0004,122.902,3.563,509,ok,,
dfaaff44320a1d18fcb20ffd65391cde39778bfc,base,home,0,0,1019.4815,88,0.0004,133.365,21.367,468,outlier,inp,
dfaaff44320a1d18fcb20ffd65391cde39778bfc,base,home,1,3,1055.6725,69.5,0.0005,111.437,5.364,468,ok,,
dfaaff44320a1d18fcb20ffd65391cde39778bfc,base,home,2,4,1114.8347,68,0.0004,107.035,3.767,543,outlier,lcp,
dfaaff44320a1d18fcb20ffd65391cde39778bfc,base,home,3,7,1060.906,81,0.0004,107.214,23.144,490,ok,,
dfaaff44320a1d18fcb20ffd65391cde39778bfc,base,home,4,8,1064.0622,72.5,0.0004,109.954,16.602,514,ok,,
dfaaff44320a1d18fcb20ffd65391cde39778bfc,head,home,0,1,1057.3448,63.5,0.0004,121.767,37.002,470,ok,,
dfaaff44320a1d18fcb20ffd65391cde39778bfc,head,home,1,2,1141.317,75,0.0004,123.984,13.378,542,outlier,lcpObs,
dfaaff44320a1d18fcb20ffd65391cde39778bfc,head,home,2,5,976.7806,67,0.0004,109.121,6.801,471,ok,,
dfaaff44320a1d18fcb20ffd65391cde39778bfc,head,home,3,6,1057.4731,71.0,0.0004,129.874,27.543,490,ok,,
dfaaff44320a1d18fcb20ffd65391cde39778bfc,head,home,4,9,976.3518,63,0.0004,122.453,20.462,475,ok,,
2734e646ca8460b1343393416184fa615530abce,base,home,0,0,1100.2382,65,0.0004,115.347,16.85,488,ok,,
2734e646ca8460b1343393416184fa615530abce,base,home,1,3,1097.6689,69,0.0004,110.895,30.109,489,ok,,
2734e646ca8460b1343393416184fa615530abce,base,home,2,4,1098.9635,66,0.0004,109.164,17.706,490,ok,,
2734e646ca8460b1343393416184fa615530abce,base,home,3,7,1055.6119,70.0,0.0004,115.219,1.736,502,ok,,
2734e646ca8460b1343393416184fa615530abce,base,home,4,8,1116.875,62,0.0004,121.044,3.387,559,outlier,lcpObs,
2734e646ca8460b1343393416184fa615530abce,head,home,0,1,1061.031,72.5,0.0004,108.876,0.121,524,ok,,
2734e646ca8460b1343393416184fa615530abce,head,home,1,2,1095.3991,70,0.0004,103.991,21.688,507,ok,,
2734e646ca8460b1343393416184fa615530abce,head,home,2,5,1072.501,63,0.0004,123.514,12.156,491,ok,,
2734e646ca8460b1343393416184fa615530abce,head,home,3,6,1055.7482,107.0,0.0004,105.929,1.366,472,outlier,tbt,
2734e646ca8460b1343393416184fa615530abce,head,home,4,9,1113.5585,69,0.0004,109.8,13.351,610,outlier,lcpObs,
70e0e8dc2904d4bc3938858760f8da46c63783cf,base,home,0,0,1059.6356,72.0,0.0004,104.95,15.848,470,ok,,
70e0e8dc2904d4bc3938858760f8da46c63783cf,base,home,1,3,976.0792,76.0,0.0004,122.792,23.399,469,ok,,
70e0e8dc2904d4bc3938858760f8da46c63783cf,base,home,2,4,1058.4502,64,0.0004,127.208,21.288,491,ok,,
70e0e8dc2904d4bc3938858760f8da46c63783cf,base,home,3,7,1109.157,66.0,0.0004,117.544,15.009,525,ok,,
70e0e8dc2904d4bc3938858760f8da46c63783cf,base,home,4,8,1096.6064,64,0.0004,107.782,2.135,487,ok,,
70e0e8dc2904d4bc3938858760f8da46c63783cf,head,home,0,1,1030.7386,67,0.0004,109.6,19.898,488,ok,,
70e0e8dc2904d4bc3938858760f8da46c63783cf,head,home,1,2,1132.0075,67.0,0.0004,109.436,20.078,487,ok,,
70e0e8dc2904d4bc3938858760f8da46c63783cf,head,home,2,5,1096.0172,63.5,0.0004,111.488,18.251,525,ok,,
70e0e8dc2904d4bc3938858760f8da46c63783cf,head,home,3,6,1056.5034,73.5,0.0004,98.801,0.281,455,ok,,
70e0e8dc2904d4bc3938858760f8da46c63783cf,head,home,4,9,1057.1106,95,0.0004,109.585,2.929,490,ok,,
7c0239e693be2bd0274244fc55c943a7566bf531,base,home,0,0,1017.4062,43.5,0.0004,104.339,3.991,489,ok,,
7c0239e693be2bd0274244fc55c943a7566bf531,base,home,1,3,1014.1657,67,0.0004,111.001,19.901,486,ok,,
7c0239e693be2bd0274244fc55c943a7566bf531,base,home,2,4,1058.7585,102,0.0004,122.833,16.167,471,ok,,
7c0239e693be2bd0274244fc55c943a7566bf531,base,home,3,7,1101.0693,83,0.0004,110.007,22.859,488,ok,,
7c0239e693be2bd0274244fc55c943a7566bf531,base,home,4,8,1094.3345,97.0,0.0004,106.194,3.957,507,ok,,
7c0239e693be2bd0274244fc55c943a7566bf531,head,home,0,1,1096.8921,67.5,0.0004,123.184,19.676,556,ok,,
7c0239e693be2bd0274244fc55c943a7566bf531,head,home,1,2,1096.7524,69,0.0004,123.329,14.564,490,ok,,
7c0239e693be2bd0274244fc55c943a7566bf531,head,home,2,5,1054.0368,64.5,0.0004,124.696,51.268,506,outlier,tbtFlow,
7c0239e693be2bd0274244fc55c943a7566bf531,head,home,3,6,975.4763,69.5,0.0004,107.525,21.836,488,outlier,lcp,
7c0239e693be2bd0274244fc55c943a7566bf531,head,home,4,9,1097.5054,72,0.0004,106.337,3.55,504,ok,,
da33481fa36b12a341de155e5cfbcc6985f5886d,base,home,0,0,1015.9068,66,0.0004,115.436,13.983,470,ok,,
da33481fa36b12a341de155e5cfbcc6985f5886d,base,home,1,3,1096.3994,64.5,0.0004,120.074,22.312,541,ok,,
da33481fa36b12a341de155e5cfbcc6985f5886d,base,home,2,4,1134.2324,67.0,0.0005,110.448,19.066,486,ok,,
da33481fa36b12a341de155e5cfbcc6985f5886d,base,home,3,7,817.4377,100,0.0005,109.424,1.157,2034,outlier,lcp;tbt;lcpObs,
da33481fa36b12a341de155e5cfbcc6985f5886d,base,home,4,8,1057.2048,72.0,0.0004,105.968,16.193,505,ok,,
da33481fa36b12a341de155e5cfbcc6985f5886d,head,home,0,1,1117.4588,82,0.0004,122.013,14.188,545,ok,,
da33481fa36b12a341de155e5cfbcc6985f5886d,head,home,1,2,1162.7241,79,0.0004,121.502,13.486,543,ok,,
da33481fa36b12a341de155e5cfbcc6985f5886d,head,home,2,5,976.7515,72.0,0.0004,109.565,21.13,787,outlier,lcp;lcpObs,
da33481fa36b12a341de155e5cfbcc6985f5886d,head,home,3,6,1097.6957,64.0,0.0004,123.9,16.027,491,ok,,
da33481fa36b12a341de155e5cfbcc6985f5886d,head,home,4,9,1097.1979,73,0.0004,95.402,26.855,489,outlier,inp,
d9ad7c039b804aad2c27fa085c82220b5808eb71,base,home,0,0,1019.9355,77.0,0.0004,115.432,20.684,467,ok,,
d9ad7c039b804aad2c27fa085c82220b5808eb71,base,home,1,3,1095.3722,74.0,0.0004,120.55,19.451,524,ok,,
d9ad7c039b804aad2c27fa085c82220b5808eb71,base,home,2,4,1115.2754,70.0,0.0005,107.869,24.896,487,ok,,
d9ad7c039b804aad2c27fa085c82220b5808eb71,base,home,3,7,1096.553,66,0.0004,110.374,0,470,ok,,
d9ad7c039b804aad2c27fa085c82220b5808eb71,base,home,4,8,975.0202,52,0.0004,126.624,19.073,489,outlier,lcp,
d9ad7c039b804aad2c27fa085c82220b5808eb71,head,home,0,1,1038.5444,73.0,0.0004,121.988,15.631,559,ok,,
d9ad7c039b804aad2c27fa085c82220b5808eb71,head,home,1,2,1119.5696,79,0.0004,110.529,15.639,527,ok,,
d9ad7c039b804aad2c27fa085c82220b5808eb71,head,home,2,5,1018.1625,67,0.0004,135.343,35.588,470,outlier,inp,
d9ad7c039b804aad2c27fa085c82220b5808eb71,head,home,3,6,1094.2575,76.0,0.0004,110.476,5.542,486,ok,,
d9ad7c039b804aad2c27fa085c82220b5808eb71,head,home,4,9,1097.6787,84,0.0004,110.125,16.23,489,ok,,
798f5f4dfb3eaefa7cfaef9b6e0c01486a78f0ad,base,home,0,0,1014.6924,63.5,0.0004,127.492,24.559,468,ok,,
798f5f4dfb3eaefa7cfaef9b6e0c01486a78f0ad,base,home,1,3,1134.0758,83,0.0004,108.075,16.442,559,outlier,lcpObs,
798f5f4dfb3eaefa7cfaef9b6e0c01486a78f0ad,base,home,2,4,1058.5876,61,0.0004,109.181,1.518,472,ok,,
798f5f4dfb3eaefa7cfaef9b6e0c01486a78f0ad,base,home,3,7,1115.5585,85,0.0004,110.624,20.21,490,ok,,
798f5f4dfb3eaefa7cfaef9b6e0c01486a78f0ad,base,home,4,8,1029.7872,72.0,0.0004,122.74,18.058,469,ok,,
798f5f4dfb3eaefa7cfaef9b6e0c01486a78f0ad,head,home,0,1,1098.9652,64.5,0.0004,123.75,19.077,487,ok,,
798f5f4dfb3eaefa7cfaef9b6e0c01486a78f0ad,head,home,1,2,1096.2999,72.0,0.0005,98.833,20.05,523,ok,,
798f5f4dfb3eaefa7cfaef9b6e0c01486a78f0ad,head,home,2,5,1138.4685,100.0,0.0004,133.832,39.207,505,ok,,
798f5f4dfb3eaefa7cfaef9b6e0c01486a78f0ad,head,home,3,6,1055.351,109,0.0004,102.328,3.989,470,ok,,
798f5f4dfb3eaefa7cfaef9b6e0c01486a78f0ad,head,home,4,9,1118.7627,95.0,0.0004,109.591,17.932,524,ok,,
df168a68833bf66b2ab7618f96b48d1a92676197,base,home,0,0,1138.5252,75,0.0004,130.417,2.345,508,ok,,
df168a68833bf66b2ab7618f96b48d1a92676197,base,home,1,3,1015.3134,70,0.0004,129.683,21.097,489,ok,,
df168a68833bf66b2ab7618f96b48d1a92676197,base,home,2,4,1153.4234,71.5,0.0004,122.159,28.922,507,ok,,
df168a68833bf66b2ab7618f96b48d1a92676197,base,home,3,7,1015.536,68,0.0004,107.76,15.351,471,ok,,
df168a68833bf66b2ab7618f96b48d1a92676197,base,home,4,8,1075.6562,83.0,0.0004,110.116,22.514,593,outlier,lcpObs,
df168a68833bf66b2ab7618f96b48d1a92676197,head,home,0,1,1136.8856,71,0.0004,108.231,27.997,524,outlier,lcpObs,
df168a68833bf66b2ab7618f96b48d1a92676197,head,home,1,2,981.198,68.5,0.0004,108.807,16.779,468,ok,,
df168a68833bf66b2ab7618f96b48d1a92676197,head,home,2,5,1059.7535,73,0.0004,127.719,3.166,470,ok,,
df168a68833bf66b2ab7618f96b48d1a92676197,head,home,3,6,1056.7155,74,0.0004,122.91,15.98,471,ok,,
df168a68833bf66b2ab7618f96b48d1a92676197,head,home,4,9,1114.8015,76.0,0.0004,108.984,18.954,541,outlier,lcpObs,
ef9ea14a75f085fb64255f5a4f11bc14610df9aa,base,home,0,0,1017.0454,67,0.0004,103.598,0.748,471,ok,,
ef9ea14a75f085fb64255f5a4f11bc14610df9aa,base,home,1,3,1097.2138,69.0,0.0004,124.73,25.732,492,ok,,
ef9ea14a75f085fb64255f5a4f11bc14610df9aa,base,home,2,4,1055.1474,72,0.0004,110.395,7.984,470,ok,,
ef9ea14a75f085fb64255f5a4f11bc14610df9aa,base,home,3,7,1135.629,90,0.0004,131.539,19.414,521,ok,,
ef9ea14a75f085fb64255f5a4f11bc14610df9aa,base,home,4,8,1057.3341,60.0,0.0004,111.032,22.078,489,ok,,
ef9ea14a75f085fb64255f5a4f11bc14610df9aa,head,home,0,1,1123.3099,69.0,0.0004,108.83,18.707,523,ok,,
ef9ea14a75f085fb64255f5a4f11bc14610df9aa,head,home,1,2,1110.6372,132.0,0.0004,110.073,17.044,488,outlier,tbt,
ef9ea14a75f085fb64255f5a4f11bc14610df9aa,head,home,2,5,976.5657,79.0,0.0004,110.982,15.046,493,outlier,lcp,
ef9ea14a75f085fb64255f5a4f11bc14610df9aa,head,home,3,6,1098.1927,78,0.0004,128.331,0,489,ok,,
ef9ea14a75f085fb64255f5a4f11bc14610df9aa,head,home,4,9,977.425,70,0.0004,111.066,21.079,470,outlier,lcp,
ee091d0dbd089ec79f070aedf8c1f857b7a55839,base,home,0,0,1036.6654,78,0.0005,104.686,17.844,469,ok,,
ee091d0dbd089ec79f070aedf8c1f857b7a55839,base,home,1,3,1121.5161,64.5,0.0004,129.507,17.861,608,outlier,inp;lcpObs,
ee091d0dbd089ec79f070aedf8c1f857b7a55839,base,home,2,4,1056.5068,77,0.0004,108.242,18.317,489,ok,,
ee091d0dbd089ec79f070aedf8c1f857b7a55839,base,home,3,7,1055.3822,72.0,0.0004,125.531,18.015,489,ok,,
ee091d0dbd089ec79f070aedf8c1f857b7a55839,base,home,4,8,1095.7928,84,0.0004,108.279,15.821,490,ok,,
ee091d0dbd089ec79f070aedf8c1f857b7a55839,head,home,0,1,1152.2052,68,0.0004,120.461,12.806,521,ok,,
ee091d0dbd089ec79f070aedf8c1f857b7a55839,head,home,1,2,982.2562,66.5,0.0004,107.486,22.702,469,ok,,
ee091d0dbd089ec79f070aedf8c1f857b7a55839,head,home,2,5,1097.0811,73,0.0004,110.43,22.077,489,ok,,
ee091d0dbd089ec79f070aedf8c1f857b7a55839,head,home,3,6,980.12,62.0,0.0004,129.265,20.015,473,ok,,
ee091d0dbd089ec79f070aedf8c1f857b7a55839,head,home,4,9,1097.1998,91,0.0004,121.915,36.56,487,ok,,
57cf577376e283beae08eb46192cfea7caa48d0c,base,home,0,0,1096.4497,63.5,0.0005,104.608,13.46,524,ok,,
57cf577376e283beae08eb46192cfea7caa48d0c,base,home,1,3,1097.3731,63,0.0004,106.099,19.208,490,ok,,
57cf577376e283beae08eb46192cfea7caa48d0c,base,home,2,4,1096.0857,70.0,0.0004,100.99,26.116,489,ok,,
57cf577376e283beae08eb46192cfea7caa48d0c,base,home,3,7,1116.5076,114,0.0004,106.786,13.802,487,outlier,tbt,
57cf577376e283beae08eb46192cfea7caa48d0c,base,home,4,8,857.1778,89,0.0007,108.673,34.396,2035,outlier,lcp;lcpObs,
57cf577376e283beae08eb46192cfea7caa48d0c,base,home,5,11,1036.1744,66,0.0004,109.733,3.968,772,outlier,lcpObs,
57cf577376e283beae08eb46192cfea7caa48d0c,base,home,6,12,976.6113,68,0.0004,108.532,17.247,470,outlier,lcp,
57cf577376e283beae08eb46192cfea7caa48d0c,base,home,7,15,1055.9985,102,0.0004,115.021,1.744,473,outlier,tbt,
57cf577376e283beae08eb46192cfea7caa48d0c,base,home,8,16,1097.5075,70,0.0004,130.519,1.773,489,outlier,inp,
57cf577376e283beae08eb46192cfea7caa48d0c,base,home,9,19,1057.6663,82,0.0004,121.572,16.637,486,ok,,
57cf577376e283beae08eb46192cfea7caa48d0c,base,home,10,20,1095.0894,73,0.0004,108.613,0,490,ok,,
57cf577376e283beae08eb46192cfea7caa48d0c,base,home,11,23,1117.422,89,0.0004,106.96,22.332,490,ok,,
57cf577376e283beae08eb46192cfea7caa48d0c,base,home,12,24,1081.2128,70.0,0.0004,110.936,16.668,488,ok,,
57cf577376e283beae08eb46192cfea7caa48d0c,base,home,13,27,1097.538,65.0,0.0004,121.363,21.784,490,ok,,
57cf577376e283beae08eb46192cfea7caa48d0c,base,home,14,28,1097.1236,80,0.0004,109.859,22.347,485,ok,,
57cf577376e283beae08eb46192cfea7caa48d0c,head,home,0,1,1018.3315,70,0.0004,123.9,0.144,472,ok,,
57cf577376e283beae08eb46192cfea7caa48d0c,head,home,1,2,860.7738,80.0,0.0007,110.451,17.802,2022,outlier,lcp;lcpObs,
57cf577376e283beae08eb46192cfea7caa48d0c,head,home,2,5,1114.5065,71,0.0004,127.428,19.826,541,ok,,
57cf577376e283beae08eb46192cfea7caa48d0c,head,home,3,6,1095.6462,72.0,0.0004,127.799,29.761,490,ok,,
57cf577376e283beae08eb46192cfea7caa48d0c,head,home,4,9,974.5581,69,0.0004,110.392,20.44,469,outlier,lcp,
57cf577376e283beae08eb46192cfea7caa48d0c,head,home,5,10,1099.1042,73.5,0.0004,109.364,14.219,524,ok,,
57cf577376e283beae08eb46192cfea7caa48d0c,head,home,6,13,1097.1396,65,0.0004,123.642,18.044,506,ok,,
57cf577376e283beae08eb46192cfea7caa48d0c,head,home,7,14,1055.7224,86,0.0004,131.017,21.88,488,ok,,
57cf577376e283beae08eb46192cfea7caa48d0c,head,home,8,17,1071.5788,69,0.0004,117.579,22.282,470,ok,,
57cf577376e283beae08eb46192cfea7caa48d0c,head,home,9,18,1097.05,73,0.0004,121.589,25.114,506,ok,,
57cf577376e283beae08eb46192cfea7caa48d0c,head,home,10,21,1055.2539,62,0.0004,111.494,18.677,489,ok,,
57cf577376e283beae08eb46192cfea7caa48d0c,head,home,11,22,1060.2096,79,0.0004,107.547,17.676,470,ok,,
57cf577376e283beae08eb46192cfea7caa48d0c,head,home,12,25,1133.8871,89.0,0.0004,122.517,22.894,488,ok,,
57cf577376e283beae08eb46192cfea7caa48d0c,head,home,13,26,1096.5906,92,0.0004,108.517,1.155,488,ok,,
57cf577376e283beae08eb46192cfea7caa48d0c,head,home,14,29,1097.65,43.5,0.0004,109.695,0.324,471,ok,,
98c0a67333046afc1d9fbf90f87dd55923c3773d,base,home,0,0,1177.7789,71,0.0004,114.338,22.183,521,ok,,
98c0a67333046afc1d9fbf90f87dd55923c3773d,base,home,1,3,1143.8738,74,0.0004,121.214,22.73,471,ok,,
98c0a67333046afc1d9fbf90f87dd55923c3773d,base,home,2,4,1098.2162,75.0,0.0005,128.095,29.545,505,ok,,
98c0a67333046afc1d9fbf90f87dd55923c3773d,base,home,3,7,1112.9454,45.5,0.0004,110.417,4.775,523,ok,,
98c0a67333046afc1d9fbf90f87dd55923c3773d,base,home,4,8,1097.7959,72,0.0004,121.473,17.399,489,ok,,
98c0a67333046afc1d9fbf90f87dd55923c3773d,head,home,0,1,1137.5417,68,0.0004,122.855,19.432,523,ok,,
98c0a67333046afc1d9fbf90f87dd55923c3773d,head,home,1,2,1061.475,115,0.0004,129.592,21.713,505,outlier,inp,
98c0a67333046afc1d9fbf90f87dd55923c3773d,head,home,2,5,1096.3142,91.0,0.0004,107.632,16.614,489,ok,,
98c0a67333046afc1d9fbf90f87dd55923c3773d,head,home,3,6,1059.8983,113.0,0.0004,107.038,23.172,491,ok,,
98c0a67333046afc1d9fbf90f87dd55923c3773d,head,home,4,9,1098.7862,66,0.0004,104.706,24.049,506,ok,,
0927431d0d9145589554a77f0d6d3fd7c3e7149e,base,home,0,0,1102.3206,107.0,0.0004,128.407,22.94,490,outlier,tbt,
0927431d0d9145589554a77f0d6d3fd7c3e7149e,base,home,1,3,1099.2938,64.0,0.0004,128.643,36.632,525,ok,,
0927431d0d9145589554a77f0d6d3fd7c3e7149e,base,home,2,4,816.8742,101,0.0007,105.893,13.005,2035,outlier,lcp;lcpObs,
0927431d0d9145589554a77f0d6d3fd7c3e7149e,base,home,3,7,1117.0763,106,0.0004,127.782,22.544,773,outlier,tbt;lcpObs,
0927431d0d9145589554a77f0d6d3fd7c3e7149e,base,home,4,8,1103.3194,106,0.0004,112.12,16.101,490,outlier,tbt,
0927431d0d9145589554a77f0d6d3fd7c3e7149e,base,home,5,11,1096.6971,66.0,0.0004,129.308,35.4,472,ok,,
0927431d0d9145589554a77f0d6d3fd7c3e7149e,base,home,6,12,1118.7554,73,0.0004,117.532,18.462,489,ok,,
0927431d0d9145589554a77f0d6d3fd7c3e7149e,base,home,7,15,976.6243,70.0,0.0004,122.811,14.36,474,outlier,lcp,
0927431d0d9145589554a77f0d6d3fd7c3e7149e,base,home,8,16,1135.8655,71.0,0.0004,107.297,3.161,505,ok,,
0927431d0d9145589554a77f0d6d3fd7c3e7149e,base,home,9,19,1095.9776,67,0.0004,110.539,20.901,488,ok,,
0927431d0d9145589554a77f0d6d3fd7c3e7149e,base,home,10,20,1140.9682,122,0.0004,110.406,17.6,491,outlier,tbt,
0927431d0d9145589554a77f0d6d3fd7c3e7149e,base,home,11,23,1112.3953,70,0.0004,108.808,20.226,489,ok,,
0927431d0d9145589554a77f0d6d3fd7c3e7149e,base,home,12,24,1095.0673,70.0,0.0004,106.273,5.603,490,ok,,
0927431d0d9145589554a77f0d6d3fd7c3e7149e,base,home,13,27,1053.8284,62.5,0.0004,109.99,16.787,490,ok,,
0927431d0d9145589554a77f0d6d3fd7c3e7149e,base,home,14,28,1097.1763,98,0.0004,121.298,22.149,507,ok,,
0927431d0d9145589554a77f0d6d3fd7c3e7149e,head,home,0,1,1098.4719,62,0.0005,107.416,3.524,523,ok,,
0927431d0d9145589554a77f0d6d3fd7c3e7149e,head,home,1,2,1114.2962,74.0,0.0004,105.575,1.57,485,ok,,
0927431d0d9145589554a77f0d6d3fd7c3e7149e,head,home,2,5,976.3524,90,0.0004,106.999,0,468,outlier,lcp,
0927431d0d9145589554a77f0d6d3fd7c3e7149e,head,home,3,6,975.962,70,0.0004,107.275,1.106,488,outlier,lcp,
0927431d0d9145589554a77f0d6d3fd7c3e7149e,head,home,4,9,1073.8944,68,0.0004,102.829,16.603,507,ok,,
0927431d0d9145589554a77f0d6d3fd7c3e7149e,head,home,5,10,1095.1123,65,0.0004,103.135,16.194,562,ok,,
0927431d0d9145589554a77f0d6d3fd7c3e7149e,head,home,6,13,1117.9591,104,0.0005,121.887,19.718,508,ok,,
0927431d0d9145589554a77f0d6d3fd7c3e7149e,head,home,7,14,1097.7906,103,0.0004,106.809,2.926,490,ok,,
0927431d0d9145589554a77f0d6d3fd7c3e7149e,head,home,8,17,1057.0334,72.0,0.0004,121.557,21.497,490,ok,,
0927431d0d9145589554a77f0d6d3fd7c3e7149e,head,home,9,18,1137.3073,75.0,0.0004,109.515,13.462,489,ok,,
0927431d0d9145589554a77f0d6d3fd7c3e7149e,head,home,10,21,1075.6665,73,0.0004,127.015,2.558,789,outlier,lcpObs,
0927431d0d9145589554a77f0d6d3fd7c3e7149e,head,home,11,22,1056.3907,82,0.0004,121.148,20.244,472,ok,,
0927431d0d9145589554a77f0d6d3fd7c3e7149e,head,home,12,25,1111.9325,86,0.0004,104.222,15.204,539,ok,,
0927431d0d9145589554a77f0d6d3fd7c3e7149e,head,home,13,26,1033.5206,75.5,0.0004,128.087,23.917,1078,outlier,inp;lcpObs,
0927431d0d9145589554a77f0d6d3fd7c3e7149e,head,home,14,29,1097.2198,43.5,0.0004,122.707,16.608,487,ok,,
2db5bbcb29e263f4a5b2609b626d38d93d4758ee,base,home,0,0,1017.4018,65.5,0.0004,104.43,2.146,487,ok,,
2db5bbcb29e263f4a5b2609b626d38d93d4758ee,base,home,1,3,1156.6001,76.0,0.0004,123.881,19.456,560,outlier,lcpObs,
2db5bbcb29e263f4a5b2609b626d38d93d4758ee,base,home,2,4,1119.4454,109.0,0.0004,129.814,28.362,469,outlier,inp,
2db5bbcb29e263f4a5b2609b626d38d93d4758ee,base,home,3,7,1100.4133,73,0.0004,103.943,12.351,506,ok,,
2db5bbcb29e263f4a5b2609b626d38d93d4758ee,base,home,4,8,1059.1366,86,0.0004,107.473,18.53,491,ok,,
2db5bbcb29e263f4a5b2609b626d38d93d4758ee,head,home,0,1,1096.5036,61.5,0.0004,111.033,15.032,489,ok,,
2db5bbcb29e263f4a5b2609b626d38d93d4758ee,head,home,1,2,1102.1868,70,0.0004,110.857,12.738,506,ok,,
2db5bbcb29e263f4a5b2609b626d38d93d4758ee,head,home,2,5,976.0403,64,0.0004,120.972,21.885,470,outlier,lcp,
2db5bbcb29e263f4a5b2609b626d38d93d4758ee,head,home,3,6,1097.6284,90,0.0005,129.444,3.574,507,ok,,
2db5bbcb29e263f4a5b2609b626d38d93d4758ee,head,home,4,9,1057.443,97.0,0.0004,106.828,17.808,491,ok,,
840f1428c49e3dffa6474743ca2677b7697638db,base,home,0,0,1080.7661,70.0,0.0004,103.377,1.133,487,ok,,
840f1428c49e3dffa6474743ca2677b7697638db,base,home,1,3,1138.8805,71,0.0004,120.869,23.115,541,ok,,
840f1428c49e3dffa6474743ca2677b7697638db,base,home,2,4,982.3669,66,0.0004,119.836,24.295,469,ok,,
840f1428c49e3dffa6474743ca2677b7697638db,base,home,3,7,1116.2344,70,0.0004,121.648,14.22,503,ok,,
840f1428c49e3dffa6474743ca2677b7697638db,base,home,4,8,1055.3503,80,0.0004,110.344,6.2,472,ok,,
840f1428c49e3dffa6474743ca2677b7697638db,head,home,0,1,1096.5507,70,0.0004,110.365,0.94,471,ok,,
840f1428c49e3dffa6474743ca2677b7697638db,head,home,1,2,1097.9223,63.5,0.0004,109.477,18.499,579,ok,,
840f1428c49e3dffa6474743ca2677b7697638db,head,home,2,5,1097.3109,74.0,0.0004,110.439,21.829,542,ok,,
840f1428c49e3dffa6474743ca2677b7697638db,head,home,3,6,1059.8091,79.0,0.0004,120.431,10.756,487,ok,,
840f1428c49e3dffa6474743ca2677b7697638db,head,home,4,9,1097.5021,69.0,0.0004,123.596,15.525,505,ok,,
d21e0008ddb4470e5c8d9f5d5e33c033a7edc1c4,base,home,0,0,1032.5597,78,0.0004,128.186,16.26,470,ok,,
d21e0008ddb4470e5c8d9f5d5e33c033a7edc1c4,base,home,1,3,1099.1259,63.5,0.0004,106.567,12.255,544,ok,,
d21e0008ddb4470e5c8d9f5d5e33c033a7edc1c4,base,home,2,4,1065.38,91.5,0.0004,109.846,22.058,488,ok,,
d21e0008ddb4470e5c8d9f5d5e33c033a7edc1c4,base,home,3,7,1111.6166,65.5,0.0004,108.854,14.562,543,ok,,
d21e0008ddb4470e5c8d9f5d5e33c033a7edc1c4,base,home,4,8,1057.2579,74.0,0.0004,129.076,22.85,470,ok,,
d21e0008ddb4470e5c8d9f5d5e33c033a7edc1c4,head,home,0,1,1135.6044,78.0,0.0004,129.824,17.816,508,ok,,
d21e0008ddb4470e5c8d9f5d5e33c033a7edc1c4,head,home,1,2,1034.5305,73.0,0.0004,122.488,16.277,474,ok,,
d21e0008ddb4470e5c8d9f5d5e33c033a7edc1c4,head,home,2,5,1058.5519,81,0.0004,120.727,11.572,470,ok,,
d21e0008ddb4470e5c8d9f5d5e33c033a7edc1c4,head,home,3,6,1055.0981,70.0,0.0004,107.771,18.655,487,ok,,
d21e0008ddb4470e5c8d9f5d5e33c033a7edc1c4,head,home,4,9,1619.1605,99,0.0004,122.887,23.538,577,outlier,lcp;lcpObs,
ab8b3537b386403f7a09288eb5925ce1aae5f21d,base,home,0,0,1028.667,141,0.0004,100.242,25.545,471,outlier,lcp,
ab8b3537b386403f7a09288eb5925ce1aae5f21d,base,home,1,3,1097.9305,68.5,0.0004,109.048,21.056,508,ok,,
ab8b3537b386403f7a09288eb5925ce1aae5f21d,base,home,2,4,1102.0365,82.0,0.0004,111.476,20.091,488,ok,,
ab8b3537b386403f7a09288eb5925ce1aae5f21d,base,home,3,7,977.7691,63.5,0.0004,119.512,17.198,510,outlier,lcp,
ab8b3537b386403f7a09288eb5925ce1aae5f21d,base,home,4,8,1096.4015,94,0.0004,127.004,17.822,505,ok,,
ab8b3537b386403f7a09288eb5925ce1aae5f21d,head,home,0,1,1151.4465,69,0.0004,107.727,15.629,557,ok,,
ab8b3537b386403f7a09288eb5925ce1aae5f21d,head,home,1,2,1058.1552,57.0,0.0004,106.961,23.701,490,ok,,
ab8b3537b386403f7a09288eb5925ce1aae5f21d,head,home,2,5,1138.7451,79,0.0005,99.304,16.621,523,ok,,
ab8b3537b386403f7a09288eb5925ce1aae5f21d,head,home,3,6,1057.6719,83.0,0.0004,128.513,21.873,488,ok,,
ab8b3537b386403f7a09288eb5925ce1aae5f21d,head,home,4,9,979.6033,71,0.0004,126.11,4.357,472,ok,,
b2a6a87b10f31babd1ee1a69b02a3f3f24ba492f,base,home,0,0,1139.5374,73,0.0004,102.278,17.669,502,ok,,
b2a6a87b10f31babd1ee1a69b02a3f3f24ba492f,base,home,1,3,1116.1388,70.0,0.0004,105.308,2.537,506,ok,,
b2a6a87b10f31babd1ee1a69b02a3f3f24ba492f,base,home,2,4,1099.6347,75,0.0004,122.775,13.656,489,ok,,
b2a6a87b10f31babd1ee1a69b02a3f3f24ba492f,base,home,3,7,1097.0478,123,0.0004,105.721,18.68,491,outlier,tbt,
b2a6a87b10f31babd1ee1a69b02a3f3f24ba492f,base,home,4,8,1095.4394,101,0.0004,103.358,0,488,ok,,
b2a6a87b10f31babd1ee1a69b02a3f3f24ba492f,head,home,0,1,1099.9176,72.0,0.0004,106.134,12.107,524,ok,,
b2a6a87b10f31babd1ee1a69b02a3f3f24ba492f,head,home,1,2,1135.332,75.0,0.0004,117.683,1.714,507,ok,,
b2a6a87b10f31babd1ee1a69b02a3f3f24ba492f,head,home,2,5,1073.4266,67,0.0004,107.489,14.771,770,outlier,lcpObs,
b2a6a87b10f31babd1ee1a69b02a3f3f24ba492f,head,home,3,6,1055.8961,98,0.0004,116.23,14.779,470,ok,,
b2a6a87b10f31babd1ee1a69b02a3f3f24ba492f,head,home,4,9,1079.9054,80,0.0004,108.168,19.477,471,ok,,
a758aaf8f658d083277465e2ba7e571e8ddc86d5,base,home,0,0,1024.8576,67.5,0.0004,111.649,0.737,450,ok,,
a758aaf8f658d083277465e2ba7e571e8ddc86d5,base,home,1,3,978.2741,67.0,0.0004,111.476,17.011,488,ok,,
a758aaf8f658d083277465e2ba7e571e8ddc86d5,base,home,2,4,1112.2099,62,0.0004,123.57,23.561,526,ok,,
a758aaf8f658d083277465e2ba7e571e8ddc86d5,base,home,3,7,1133.9432,105,0.0004,111.047,19.261,490,outlier,tbt,
a758aaf8f658d083277465e2ba7e571e8ddc86d5,base,home,4,8,1079.3742,65.0,0.0004,122.268,1.721,472,ok,,
a758aaf8f658d083277465e2ba7e571e8ddc86d5,head,home,0,1,1136.7214,85.0,0.0004,111.672,18.874,541,ok,,
a758aaf8f658d083277465e2ba7e571e8ddc86d5,head,home,1,2,1096.1329,71.5,0.0004,105.479,12.03,491,ok,,
a758aaf8f658d083277465e2ba7e571e8ddc86d5,head,home,2,5,977.3451,69,0.0004,122.092,17.234,469,ok,,
a758aaf8f658d083277465e2ba7e571e8ddc86d5,head,home,3,6,1054.1376,86,0.0004,109.274,20.873,488,ok,,
a758aaf8f658d083277465e2ba7e571e8ddc86d5,head,home,4,9,1095.2154,77,0.0004,108.058,0.836,471,ok,,
c0b80a03bd1ec92ff450452d1dc77644333d42fe,base,home,0,0,1073.7384,61,0.0004,114.422,12.039,786,outlier,lcpObs,
c0b80a03bd1ec92ff450452d1dc77644333d42fe,base,home,1,3,1157.7401,84.0,0.0004,121.805,1.74,535,ok,,
c0b80a03bd1ec92ff450452d1dc77644333d42fe,base,home,2,4,1033.2989,69,0.0005,110.386,20.87,470,ok,,
c0b80a03bd1ec92ff450452d1dc77644333d42fe,base,home,3,7,1094.3083,79.0,0.0004,128.046,18.622,488,ok,,
c0b80a03bd1ec92ff450452d1dc77644333d42fe,base,home,4,8,1021.9365,93.5,0.0004,108.611,15.45,473,ok,,
c0b80a03bd1ec92ff450452d1dc77644333d42fe,head,home,0,1,1155.6557,96,0.0004,108.407,18.213,526,ok,,
c0b80a03bd1ec92ff450452d1dc77644333d42fe,head,home,1,2,858.6104,62,0.0005,107.533,19.631,2036,outlier,lcp;lcpObs,
c0b80a03bd1ec92ff450452d1dc77644333d42fe,head,home,2,5,1101.3158,70,0.0004,121.751,14.275,489,ok,,
c0b80a03bd1ec92ff450452d1dc77644333d42fe,head,home,3,6,1103.087,88.0,0.0004,103.306,13.594,522,ok,,
c0b80a03bd1ec92ff450452d1dc77644333d42fe,head,home,4,9,1096.161,72.0,0.0004,122.764,2.144,470,ok,,
31e2a0cb4afcc6ab52b1508f3895ea5cfb9963bd,base,home,0,0,1078.4971,92,0.0004,131.394,20.499,505,outlier,inp,
31e2a0cb4afcc6ab52b1508f3895ea5cfb9963bd,base,home,1,3,1055.4042,60.5,0.0004,120.392,1.513,509,ok,,
31e2a0cb4afcc6ab52b1508f3895ea5cfb9963bd,base,home,2,4,1093.5446,79.0,0.0004,107.625,14.053,474,ok,,
31e2a0cb4afcc6ab52b1508f3895ea5cfb9963bd,base,home,3,7,1059.5367,67,0.0004,107.66,13.646,471,ok,,
31e2a0cb4afcc6ab52b1508f3895ea5cfb9963bd,base,home,4,8,1078.6374,63,0.0004,122.447,13.539,788,outlier,lcpObs,
31e2a0cb4afcc6ab52b1508f3895ea5cfb9963bd,base,home,5,11,855.9498,67.0,0.0005,110.796,19.693,2036,outlier,lcp;lcpObs,
31e2a0cb4afcc6ab52b1508f3895ea5cfb9963bd,base,home,6,12,1097.4362,66,0.0004,109.046,1.759,503,ok,,
31e2a0cb4afcc6ab52b1508f3895ea5cfb9963bd,base,home,7,15,1101.3509,67.0,0.0004,108.15,14.287,510,ok,,
31e2a0cb4afcc6ab52b1508f3895ea5cfb9963bd,base,home,8,16,1015.6807,43.5,0.0004,122.312,1.941,488,ok,,
31e2a0cb4afcc6ab52b1508f3895ea5cfb9963bd,base,home,9,19,1100.0315,81,0.0004,132.025,0.132,490,outlier,inp,
31e2a0cb4afcc6ab52b1508f3895ea5cfb9963bd,base,home,10,20,1097.8737,59,0.0004,110.27,2.964,491,ok,,
31e2a0cb4afcc6ab52b1508f3895ea5cfb9963bd,base,home,11,23,1176.22,151.0,0.0004,107.096,24.12,507,outlier,tbt,
31e2a0cb4afcc6ab52b1508f3895ea5cfb9963bd,base,home,12,24,1056.1758,68,0.0004,108.62,19.954,487,ok,,
31e2a0cb4afcc6ab52b1508f3895ea5cfb9963bd,base,home,13,27,1020.7328,75,0.0004,131.378,24.957,472,outlier,inp,
31e2a0cb4afcc6ab52b1508f3895ea5cfb9963bd,base,home,14,28,1100.8256,117,0.0004,120.75,22.912,471,outlier,tbt,
31e2a0cb4afcc6ab52b1508f3895ea5cfb9963bd,head,home,0,1,1098.98,102,0.0005,105.062,1.926,487,ok,,
31e2a0cb4afcc6ab52b1508f3895ea5cfb9963bd,head,home,1,2,1084.5979,76.0,0.0004,108.945,19.906,468,ok,,
31e2a0cb4afcc6ab52b1508f3895ea5cfb9963bd,head,home,2,5,1022.8626,91,0.0004,120.285,25.974,470,ok,,
31e2a0cb4afcc6ab52b1508f3895ea5cfb9963bd,head,home,3,6,1098.5539,67,0.0004,107.396,24.513,522,ok,,
31e2a0cb4afcc6ab52b1508f3895ea5cfb9963bd,head,home,4,9,1059.2738,67,0.0004,107.182,19.761,473,ok,,
31e2a0cb4afcc6ab52b1508f3895ea5cfb9963bd,head,home,5,10,1078.4231,92,0.0004,122.936,16.872,488,ok,,
31e2a0cb4afcc6ab52b1508f3895ea5cfb9963bd,head,home,6,13,1067.6559,74,0.0004,104.34,18.087,472,ok,,
31e2a0cb4afcc6ab52b1508f3895ea5cfb9963bd,head,home,7,14,1055.7285,71,0.0004,110.975,29.334,471,ok,,
31e2a0cb4afcc6ab52b1508f3895ea5cfb9963bd,head,home,8,17,1057.316,69,0.0004,108.152,20.284,472,ok,,
31e2a0cb4afcc6ab52b1508f3895ea5cfb9963bd,head,home,9,18,1097.1789,67,0.0004,110.501,18.623,526,ok,,
31e2a0cb4afcc6ab52b1508f3895ea5cfb9963bd,head,home,10,21,1090.3942,76,0.0004,109.776,15.44,470,ok,,
31e2a0cb4afcc6ab52b1508f3895ea5cfb9963bd,head,home,11,22,1117.2007,76,0.0004,122.791,14.004,488,ok,,
31e2a0cb4afcc6ab52b1508f3895ea5cfb9963bd,head,home,12,25,1115.4642,65.0,0.0004,122.93,13.795,491,ok,,
31e2a0cb4afcc6ab52b1508f3895ea5cfb9963bd,head,home,13,26,1095.3863,69,0.0004,110.201,20.85,489,ok,,
31e2a0cb4afcc6ab52b1508f3895ea5cfb9963bd,head,home,14,29,1116.4675,80,0.0004,110.419,19.901,595,outlier,lcpObs,
b5652b8e36abcc813478c65cdbe248aae774e5db,base,home,0,0,1098.5537,72,0.0004,129.986,21.129,488,ok,,
b5652b8e36abcc813478c65cdbe248aae774e5db,base,home,1,3,1097.2602,72,0.0004,125.672,23.057,493,ok,,
b5652b8e36abcc813478c65cdbe248aae774e5db,base,home,2,4,1095.0693,65.0,0.0004,123.474,9.799,520,ok,,
b5652b8e36abcc813478c65cdbe248aae774e5db,base,home,3,7,1061.5154,73,0.0004,124.27,58.415,504,outlier,tbtFlow,
b5652b8e36abcc813478c65cdbe248aae774e5db,base,home,4,8,1057.3846,72,0.0004,120.135,13.625,509,ok,,
b5652b8e36abcc813478c65cdbe248aae774e5db,base,home,5,11,1056.5114,67,0.0004,110.213,20.352,471,ok,,
b5652b8e36abcc813478c65cdbe248aae774e5db,base,home,6,12,1059.2236,44.5,0.0004,121.317,2.367,490,ok,,
b5652b8e36abcc813478c65cdbe248aae774e5db,base,home,7,15,1100.7744,80.0,0.0004,108.043,20.717,490,ok,,
b5652b8e36abcc813478c65cdbe248aae774e5db,base,home,8,16,1057.3722,71,0.0004,110.582,3.564,491,ok,,
b5652b8e36abcc813478c65cdbe248aae774e5db,base,home,9,19,1018.1998,75,0.0004,105.517,20.857,470,ok,,
b5652b8e36abcc813478c65cdbe248aae774e5db,base,home,10,20,1057.4443,80.0,0.0004,118.307,40.445,470,ok,,
b5652b8e36abcc813478c65cdbe248aae774e5db,base,home,11,23,1057.6609,92.0,0.0004,110.138,4.571,488,ok,,
b5652b8e36abcc813478c65cdbe248aae774e5db,base,home,12,24,1098.3772,67,0.0004,127.131,26.102,472,ok,,
b5652b8e36abcc813478c65cdbe248aae774e5db,base,home,13,27,1120.3079,95,0.0004,123.619,21.949,488,ok,,
b5652b8e36abcc813478c65cdbe248aae774e5db,base,home,14,28,1098.5439,82.0,0.0004,111.467,13.979,486,ok,,
b5652b8e36abcc813478c65cdbe248aae774e5db,head,home,0,1,1102.6231,85,0.0004,123.444,16.626,503,ok,,
b5652b8e36abcc813478c65cdbe248aae774e5db,head,home,1,2,1120.2761,50.5,0.0004,106.731,16.387,489,ok,,
b5652b8e36abcc813478c65cdbe248aae774e5db,head,home,2,5,1097.1173,76.5,0.0004,107.526,24.573,504,ok,,
b5652b8e36abcc813478c65cdbe248aae774e5db,head,home,3,6,1057.5603,74,0.0004,110.399,0.352,486,ok,,
b5652b8e36abcc813478c65cdbe248aae774e5db,head,home,4,9,1056.6438,81,0.0004,123.321,20.703,473,ok,,
b5652b8e36abcc813478c65cdbe248aae774e5db,head,home,5,10,1129.8443,71.5,0.0004,109.543,15.095,524,ok,,
b5652b8e36abcc813478c65cdbe248aae774e5db,head,home,6,13,1057.2011,68.0,0.0004,108.228,16.388,486,ok,,
b5652b8e36abcc813478c65cdbe248aae774e5db,head,home,7,14,1115.502,82.0,0.0004,109.318,13.976,541,ok,,
b5652b8e36abcc813478c65cdbe248aae774e5db,head,home,8,17,1019.2395,66,0.0004,107.328,20.852,452,ok,,
b5652b8e36abcc813478c65cdbe248aae774e5db,head,home,9,18,1035.5625,69.0,0.0004,121.112,3.556,789,outlier,lcpObs,
b5652b8e36abcc813478c65cdbe248aae774e5db,head,home,10,21,1124.9076,72,0.0004,111.114,21.089,506,ok,,
b5652b8e36abcc813478c65cdbe248aae774e5db,head,home,11,22,859.1217,63,0.0005,123.004,18.747,2034,outlier,lcp;lcpObs,
b5652b8e36abcc813478c65cdbe248aae774e5db,head,home,12,25,1101.2402,73,0.0004,108.358,18.548,471,ok,,
b5652b8e36abcc813478c65cdbe248aae774e5db,head,home,13,26,1098.9871,63.0,0.0004,123.9,13.564,507,ok,,
b5652b8e36abcc813478c65cdbe248aae774e5db,head,home,14,29,1077.664,71,0.0004,109.743,22.265,488,ok,,
8a1152ce366cae8a8b3fc532b95a665cf0900779,base,home,0,0,1019.9709,96,0.0004,127.45,25.698,488,ok,,
8a1152ce366cae8a8b3fc532b95a665cf0900779,base,home,1,3,1121.5058,79,0.0004,107.096,16.361,489,ok,,
8a1152ce366cae8a8b3fc532b95a665cf0900779,base,home,2,4,1097.4085,66,0.0004,115.456,2.767,524,ok,,
8a1152ce366cae8a8b3fc532b95a665cf0900779,base,home,3,7,1078.9241,74.5,0.0004,110.462,18.022,819,outlier,lcpObs,
8a1152ce366cae8a8b3fc532b95a665cf0900779,base,home,4,8,1098.8767,102,0.0004,106.738,13.43,507,ok,,
8a1152ce366cae8a8b3fc532b95a665cf0900779,head,home,0,1,1097.5714,102,0.0004,122.069,21.018,506,ok,,
8a1152ce366cae8a8b3fc532b95a665cf0900779,head,home,1,2,1058.4288,62,0.0004,123.183,13.194,491,ok,,
8a1152ce366cae8a8b3fc532b95a665cf0900779,head,home,2,5,1095.203,70,0.0004,123.558,16.272,471,ok,,
8a1152ce366cae8a8b3fc532b95a665cf0900779,head,home,3,6,1099.3499,69,0.0004,116.729,19.662,489,ok,,
8a1152ce366cae8a8b3fc532b95a665cf0900779,head,home,4,9,1124.9616,96.0,0.0004,107.778,0.975,487,ok,,
9b401f6ea3aa99f83c6a18f4a691ea90fa36314c,base,home,0,0,1058.5925,84.0,0.0004,103.852,23.72,472,ok,,
9b401f6ea3aa99f83c6a18f4a691ea90fa36314c,base,home,1,3,1018.4451,67,0.0004,109.1,19.46,472,ok,,
9b401f6ea3aa99f83c6a18f4a691ea90fa36314c,base,home,2,4,1102.6825,70,0.0004,111.111,13.074,471,ok,,
9b401f6ea3aa99f83c6a18f4a691ea90fa36314c,base,home,3,7,1058.1742,74.0,0.0004,107.508,12.182,491,ok,,
9b401f6ea3aa99f83c6a18f4a691ea90fa36314c,base,home,4,8,1116.6012,72,0.0004,103.897,2.288,472,ok,,
9b401f6ea3aa99f83c6a18f4a691ea90fa36314c,base,home,5,11,1033.0015,61,0.0004,108.634,19.897,487,ok,,
9b401f6ea3aa99f83c6a18f4a691ea90fa36314c,base,home,6,12,1097.8417,67.0,0.0004,123.113,21.085,493,ok,,
9b401f6ea3aa99f83c6a18f4a691ea90fa36314c,base,home,7,15,1115.2344,64,0.0004,109.933,14.2,526,ok,,
9b401f6ea3aa99f83c6a18f4a691ea90fa36314c,base,home,8,16,1074.419,65.0,0.0004,110.484,18.533,771,outlier,lcpObs,
9b401f6ea3aa99f83c6a18f4a691ea90fa36314c,base,home,9,19,1060.6573,80.0,0.0004,109.562,20.848,473,ok,,
9b401f6ea3aa99f83c6a18f4a691ea90fa36314c,base,home,10,20,1138.6767,76.5,0.0004,122.456,17.74,506,ok,,
9b401f6ea3aa99f83c6a18f4a691ea90fa36314c,base,home,11,23,1057.8679,83,0.0004,116.108,17.292,506,ok,,
9b401f6ea3aa99f83c6a18f4a691ea90fa36314c,base,home,12,24,1096.9547,101,0.0004,104.773,20.3,488,ok,,
9b401f6ea3aa99f83c6a18f4a691ea90fa36314c,base,home,13,27,1083.6816,96.0,0.0004,121.745,15.413,471,ok,,
9b401f6ea3aa99f83c6a18f4a691ea90fa36314c,base,home,14,28,1097.022,70.0,0.0004,123.567,13.412,492,ok,,
9b401f6ea3aa99f83c6a18f4a691ea90fa36314c,head,home,0,1,1138.0141,72,0.0004,108.193,3.564,489,ok,,
9b401f6ea3aa99f83c6a18f4a691ea90fa36314c,head,home,1,2,1100.2377,67,0.0004,110.533,16.623,525,ok,,
9b401f6ea3aa99f83c6a18f4a691ea90fa36314c,head,home,2,5,1106.6546,86,0.0004,122.614,13.796,487,ok,,
9b401f6ea3aa99f83c6a18f4a691ea90fa36314c,head,home,3,6,1144.3025,85,0.0004,126.658,2.733,490,ok,,
9b401f6ea3aa99f83c6a18f4a691ea90fa36314c,head,home,4,9,1116.4849,91,0.0004,121.25,18.217,474,ok,,
9b401f6ea3aa99f83c6a18f4a691ea90fa36314c,head,home,5,10,1021.7552,78,0.0004,104.781,16.65,471,ok,,
9b401f6ea3aa99f83c6a18f4a691ea90fa36314c,head,home,6,13,1095.5639,68.0,0.0004,124.468,33.237,489,ok,,
9b401f6ea3aa99f83c6a18f4a691ea90fa36314c,head,home,7,14,1034.0369,91,0.0004,128.436,24.089,473,ok,,
9b401f6ea3aa99f83c6a18f4a691ea90fa36314c,head,home,8,17,1114.8914,79.0,0.0004,110.52,18.669,491,ok,,
9b401f6ea3aa99f83c6a18f4a691ea90fa36314c,head,home,9,18,1178.0874,147,0.0004,110.28,14.201,491,outlier,tbt,
9b401f6ea3aa99f83c6a18f4a691ea90fa36314c,head,home,10,21,859.5609,81.0,0.0005,97.026,14.024,2037,outlier,lcp;lcpObs,
9b401f6ea3aa99f83c6a18f4a691ea90fa36314c,head,home,11,22,1272.1615,60,0.0004,110.213,18.244,1390,outlier,lcp;lcpObs,
9b401f6ea3aa99f83c6a18f4a691ea90fa36314c,head,home,12,25,1127.6493,48.0,0.0004,111.013,15.625,509,ok,,
9b401f6ea3aa99f83c6a18f4a691ea90fa36314c,head,home,13,26,1104.8206,108.0,0.0004,107.562,19.082,488,ok,,
9b401f6ea3aa99f83c6a18f4a691ea90fa36314c,head,home,14,29,1140.4457,109,0.0004,110.992,15.41,524,ok,,
2af32219740b40633af023b7e8a17cb376f531cf,base,home,0,0,1018.4762,72.0,0.0004,111.675,14.224,505,outlier,lcp,
2af32219740b40633af023b7e8a17cb376f531cf,base,home,1,3,1100.0751,115,0.0004,120.516,30.779,535,outlier,tbt,
2af32219740b40633af023b7e8a17cb376f531cf,base,home,2,4,1100.9092,74,0.0004,124.235,2.164,490,ok,,
2af32219740b40633af023b7e8a17cb376f531cf,base,home,3,7,1060.6555,86,0.0004,109.362,14.059,505,ok,,
2af32219740b40633af023b7e8a17cb376f531cf,base,home,4,8,1095.7622,75,0.0004,107.9,18.871,511,ok,,
2af32219740b40633af023b7e8a17cb376f531cf,base,home,5,11,1100.171,69,0.0004,122.923,13.209,490,ok,,
2af32219740b40633af023b7e8a17cb376f531cf,base,home,6,12,1097.4843,70.0,0.0004,111.472,2.764,491,ok,,
2af32219740b40633af023b7e8a17cb376f531cf,base,home,7,15,1097.0827,69,0.0004,109.469,19.676,507,ok,,
2af32219740b40633af023b7e8a17cb376f531cf,base,home,8,16,1096.4503,71,0.0004,121.278,1.726,490,ok,,
2af32219740b40633af023b7e8a17cb376f531cf,base,home,9,19,1055.4859,70,0.0004,104.538,20.919,469,ok,,
2af32219740b40633af023b7e8a17cb376f531cf,base,home,10,20,1096.6327,66,0.0004,108.882,13.79,488,ok,,
2af32219740b40633af023b7e8a17cb376f531cf,base,home,11,23,1152.0464,123.0,0.0004,111.502,23.115,508,outlier,tbt,
2af32219740b40633af023b7e8a17cb376f531cf,base,home,12,24,1099.2312,72,0.0005,110.036,15.904,484,ok,,
2af32219740b40633af023b7e8a17cb376f531cf,base,home,13,27,1116.3877,67,0.0004,121.967,19.837,559,outlier,lcpObs,
2af32219740b40633af023b7e8a17cb376f531cf,base,home,14,28,1097.5963,82.0,0.0004,124.048,22.899,469,ok,,
2af32219740b40633af023b7e8a17cb376f531cf,head,home,0,1,1033.0131,68,0.0004,120.337,20.637,471,ok,,
2af32219740b40633af023b7e8a17cb376f531cf,head,home,1,2,1100.7605,69,0.0004,109.938,14.229,523,ok,,
2af32219740b40633af023b7e8a17cb376f531cf,head,home,2,5,1072.4811,62.5,0.0004,110.142,2.739,775,outlier,lcpObs,
2af32219740b40633af023b7e8a17cb376f531cf,head,home,3,6,1015.9541,66.0,0.0004,110.021,21.517,486,outlier,lcp,
2af32219740b40633af023b7e8a17cb376f531cf,head,home,4,9,1100.2976,81,0.0004,105.531,1.162,489,ok,,
2af32219740b40633af023b7e8a17cb376f531cf,head,home,5,10,858.403,93.0,0.0005,122.094,21.466,2036,outlier,lcp;lcpObs,
2af32219740b40633af023b7e8a17cb376f531cf,head,home,6,13,1086.3332,83,0.0004,107.395,21.274,488,ok,,
2af32219740b40633af023b7e8a17cb376f531cf,head,home,7,14,1097.6255,82,0.0004,122.601,0.718,487,ok,,
2af32219740b40633af023b7e8a17cb376f531cf,head,home,8,17,1097.6957,104.0,0.0004,122.807,21.258,490,outlier,tbt,
2af32219740b40633af023b7e8a17cb376f531cf,head,home,9,18,1016.0753,81.5,0.0004,122.313,10.762,471,outlier,lcp,
2af32219740b40633af023b7e8a17cb376f531cf,head,home,10,21,1098.363,62,0.0004,122.809,18.026,489,ok,,
2af32219740b40633af023b7e8a17cb376f531cf,head,home,11,22,1055.242,78,0.0004,122.811,21.534,488,ok,,
2af32219740b40633af023b7e8a17cb376f531cf,head,home,12,25,1057.5746,68,0.0005,111.072,1.758,488,ok,,
2af32219740b40633af023b7e8a17cb376f531cf,head,home,13,26,1115.4232,69,0.0004,106.239,16.413,486,ok,,
2af32219740b40633af023b7e8a17cb376f531cf,head,home,14,29,1097.3136,66,0.0004,122.432,15.343,506,ok,,
551bae07a755a60ccc8f952b3770c0b837ab27fe,base,home,0,0,1104.4015,108.5,0.0004,104.754,23.549,516,ok,,
551bae07a755a60ccc8f952b3770c0b837ab27fe,base,home,1,3,1179.0612,144,0.0004,108.543,3.147,507,ok,,
551bae07a755a60ccc8f952b3770c0b837ab27fe,base,home,2,4,1076.226,72.0,0.0005,109.29,3.969,523,ok,,
551bae07a755a60ccc8f952b3770c0b837ab27fe,base,home,3,7,1057.7265,51.5,0.0004,123.852,51.324,471,ok,,
551bae07a755a60ccc8f952b3770c0b837ab27fe,base,home,4,8,1116.2231,71,0.0004,126.295,17.636,469,ok,,
551bae07a755a60ccc8f952b3770c0b837ab27fe,head,home,0,1,1140.7866,72,0.0004,107.648,14.99,542,ok,,
551bae07a755a60ccc8f952b3770c0b837ab27fe,head,home,1,2,1022.5241,54,0.0004,108.486,15.273,469,ok,,
551bae07a755a60ccc8f952b3770c0b837ab27fe,head,home,2,5,1099.0664,77,0.0004,123.425,13.972,489,ok,,
551bae07a755a60ccc8f952b3770c0b837ab27fe,head,home,3,6,1113.4004,89,0.0004,121.315,12.946,506,ok,,
551bae07a755a60ccc8f952b3770c0b837ab27fe,head,home,4,9,1139.4865,93,0.0004,121.153,0,523,ok,,
d99e4a23ca0d9a6162e6c78ff52646189bc41d1a,base,home,0,0,1056.2659,59.5,0.0004,104.522,15.059,525,ok,,
d99e4a23ca0d9a6162e6c78ff52646189bc41d1a,base,home,1,3,1110.6823,67,0.0005,114.79,39.287,510,ok,,
d99e4a23ca0d9a6162e6c78ff52646189bc41d1a,base,home,2,4,1112.107,67,0.0004,106.137,13.987,646,outlier,lcpObs,
d99e4a23ca0d9a6162e6c78ff52646189bc41d1a,base,home,3,7,1058.2873,67.0,0.0004,110.342,25.206,473,ok,,
d99e4a23ca0d9a6162e6c78ff52646189bc41d1a,base,home,4,8,1099.0673,78,0.0004,130.012,23.559,504,ok,,
d99e4a23ca0d9a6162e6c78ff52646189bc41d1a,base,home,5,11,1117.6755,70,0.0004,110.439,19.66,505,ok,,
d99e4a23ca0d9a6162e6c78ff52646189bc41d1a,base,home,6,12,1096.7146,77,0.0004,111.377,2.114,491,ok,,
d99e4a23ca0d9a6162e6c78ff52646189bc41d1a,base,home,7,15,1062.5298,73.5,0.0004,108.147,25.611,470,ok,,
d99e4a23ca0d9a6162e6c78ff52646189bc41d1a,base,home,8,16,1095.6476,68,0.0004,126.513,33.409,504,ok,,
d99e4a23ca0d9a6162e6c78ff52646189bc41d1a,base,home,9,19,1060.9621,90,0.0004,109.646,26.345,471,ok,,
d99e4a23ca0d9a6162e6c78ff52646189bc41d1a,base,home,10,20,1058.5837,67.0,0.0004,107.65,16.508,484,ok,,
d99e4a23ca0d9a6162e6c78ff52646189bc41d1a,base,home,11,23,1097.0467,115,0.0004,111.008,21.475,504,outlier,tbt,
d99e4a23ca0d9a6162e6c78ff52646189bc41d1a,base,home,12,24,1064.241,86.0,0.0004,115.587,14.165,472,ok,,
d99e4a23ca0d9a6162e6c78ff52646189bc41d1a,base,home,13,27,1060.502,77,0.0004,121.667,18.038,486,ok,,
d99e4a23ca0d9a6162e6c78ff52646189bc41d1a,base,home,14,28,1097.8727,70,0.0004,123.058,14.355,472,ok,,
d99e4a23ca0d9a6162e6c78ff52646189bc41d1a,head,home,0,1,1015.8979,77.0,0.0004,114.721,4.367,471,outlier,lcp,
d99e4a23ca0d9a6162e6c78ff52646189bc41d1a,head,home,1,2,1098.2336,69,0.0005,128.38,26.924,524,ok,,
d99e4a23ca0d9a6162e6c78ff52646189bc41d1a,head,home,2,5,1138.3245,82.0,0.0004,129.258,23.124,505,outlier,inp,
d99e4a23ca0d9a6162e6c78ff52646189bc41d1a,head,home,3,6,1098.6071,67.0,0.0004,103.356,14.35,543,ok,,
d99e4a23ca0d9a6162e6c78ff52646189bc41d1a,head,home,4,9,1103.8747,72,0.0004,110.491,20.873,488,ok,,
d99e4a23ca0d9a6162e6c78ff52646189bc41d1a,head,home,5,10,1098.4396,78,0.0004,108.557,21.435,508,ok,,
d99e4a23ca0d9a6162e6c78ff52646189bc41d1a,head,home,6,13,1096.3998,64,0.0004,108.787,12.547,488,ok,,
d99e4a23ca0d9a6162e6c78ff52646189bc41d1a,head,home,7,14,1055.9926,83,0.0004,108.111,19.053,469,ok,,
d99e4a23ca0d9a6162e6c78ff52646189bc41d1a,head,home,8,17,1060.2173,80,0.0004,108.772,22.952,472,ok,,
d99e4a23ca0d9a6162e6c78ff52646189bc41d1a,head,home,9,18,1104.6804,78,0.0004,107.363,12.32,486,ok,,
d99e4a23ca0d9a6162e6c78ff52646189bc41d1a,head,home,10,21,1060.7885,44,0.0004,124.011,11.726,472,ok,,
d99e4a23ca0d9a6162e6c78ff52646189bc41d1a,head,home,11,22,1103.5955,69,0.0004,105.666,23.875,487,ok,,
d99e4a23ca0d9a6162e6c78ff52646189bc41d1a,head,home,12,25,1113.6613,75,0.0004,110.626,18.939,491,ok,,
d99e4a23ca0d9a6162e6c78ff52646189bc41d1a,head,home,13,26,1058.6753,70,0.0004,123.749,14.174,578,outlier,lcpObs,
d99e4a23ca0d9a6162e6c78ff52646189bc41d1a,head,home,14,29,1015.7988,65,0.0004,105.496,33.209,487,outlier,lcp,
606ac6c743ad552a484ebae0251411744b18c55c,base,home,0,0,1136.3734,63.0,0.0004,104.018,22.538,523,ok,,
606ac6c743ad552a484ebae0251411744b18c55c,base,home,1,3,1020.035,69.0,0.0004,122.799,21.936,470,ok,,
606ac6c743ad552a484ebae0251411744b18c55c,base,home,2,4,1046.6686,81.0,0.0004,108.365,24.174,505,ok,,
606ac6c743ad552a484ebae0251411744b18c55c,base,home,3,7,1034.532,66,0.0004,127.302,21.516,470,ok,,
606ac6c743ad552a484ebae0251411744b18c55c,base,home,4,8,1058.3722,63,0.0004,109.001,20.273,471,ok,,
606ac6c743ad552a484ebae0251411744b18c55c,base,home,5,11,1058.966,65,0.0004,124.512,13.763,488,ok,,
606ac6c743ad552a484ebae0251411744b18c55c,base,home,6,12,1097.7607,51,0.0004,110.885,22.13,489,ok,,
606ac6c743ad552a484ebae0251411744b18c55c,base,home,7,15,1017.784,69,0.0004,127.004,19.659,577,outlier,lcpObs,
606ac6c743ad552a484ebae0251411744b18c55c,base,home,8,16,1397.0721,77,0.0004,109.15,16.11,488,outlier,lcp,
606ac6c743ad552a484ebae0251411744b18c55c,base,home,9,19,1099.1626,68,0.0004,108.322,1.48,489,ok,,
606ac6c743ad552a484ebae0251411744b18c55c,base,home,10,20,1137.4029,67,0.0004,107.759,21.932,470,ok,,
606ac6c743ad552a484ebae0251411744b18c55c,base,home,11,23,1124.2109,77,0.0004,140.543,34.856,472,ok,,
606ac6c743ad552a484ebae0251411744b18c55c,base,home,12,24,1140.2015,65,0.0004,121.905,12.832,488,ok,,
606ac6c743ad552a484ebae0251411744b18c55c,base,home,13,27,1074.5509,74.0,0.0004,120.587,20.434,470,ok,,
606ac6c743ad552a484ebae0251411744b18c55c,base,home,14,28,1104.4174,103,0.0004,123.262,25.924,474,outlier,tbt,
606ac6c743ad552a484ebae0251411744b18c55c,head,home,0,1,1096.7184,69,0.0004,129.292,0.48,487,ok,,
606ac6c743ad552a484ebae0251411744b18c55c,head,home,1,2,1097.8795,63.0,0.0004,110.205,1.54,521,ok,,
606ac6c743ad552a484ebae0251411744b18c55c,head,home,2,5,1144.2221,80.0,0.0004,110.963,21.512,524,ok,,
606ac6c743ad552a484ebae0251411744b18c55c,head,home,3,6,1018.346,63.5,0.0004,102.653,0,489,outlier,lcp,
606ac6c743ad552a484ebae0251411744b18c55c,head,home,4,9,1056.0176,77,0.0004,122.677,17.032,504,ok,,
606ac6c743ad552a484ebae0251411744b18c55c,head,home,5,10,1100.9474,66,0.0004,109.622,14.847,524,ok,,
606ac6c743ad552a484ebae0251411744b18c55c,head,home,6,13,1038.8251,77,0.0004,109.13,17.993,487,ok,,
606ac6c743ad552a484ebae0251411744b18c55c,head,home,7,14,1188.1234,143,0.0005,110.495,13.435,508,outlier,lcp;tbt,
606ac6c743ad552a484ebae0251411744b18c55c,head,home,8,17,1021.3328,70,0.0004,122.577,18.275,486,outlier,lcp,
606ac6c743ad552a484ebae0251411744b18c55c,head,home,9,18,1113.9145,66,0.0004,122.837,18.928,489,ok,,
606ac6c743ad552a484ebae0251411744b18c55c,head,home,10,21,1115.0947,75,0.0004,104.679,23.671,470,ok,,
606ac6c743ad552a484ebae0251411744b18c55c,head,home,11,22,1097.9411,71,0.0004,110.933,2.924,470,ok,,
606ac6c743ad552a484ebae0251411744b18c55c,head,home,12,25,1102.2184,107.0,0.0004,109.352,13.083,487,ok,,
606ac6c743ad552a484ebae0251411744b18c55c,head,home,13,26,1116.9396,99,0.0004,122.355,15.494,490,ok,,
606ac6c743ad552a484ebae0251411744b18c55c,head,home,14,29,1183.4624,103,0.0005,124.092,1.926,472,outlier,lcp,
873698a1a2063c6c29ef84e4f0ba86edb14d0592,base,home,0,0,1087.7721,70,0.0004,104.578,1.534,487,ok,,
873698a1a2063c6c29ef84e4f0ba86edb14d0592,base,home,1,3,1118.954,75,0.0004,122.859,20.476,522,ok,,
873698a1a2063c6c29ef84e4f0ba86edb14d0592,base,home,2,4,1166.3369,123,0.0004,122.995,15.596,489,outlier,lcp;tbt,
873698a1a2063c6c29ef84e4f0ba86edb14d0592,base,home,3,7,1099.388,73,0.0004,109.677,23.96,503,ok,,
873698a1a2063c6c29ef84e4f0ba86edb14d0592,base,home,4,8,1106.2654,81.5,0.0004,109.756,21.695,472,ok,,
873698a1a2063c6c29ef84e4f0ba86edb14d0592,head,home,0,1,1120.5543,74,0.0004,115.438,27.168,576,ok,,
873698a1a2063c6c29ef84e4f0ba86edb14d0592,head,home,1,2,1098.0867,98,0.0004,122.305,15.357,487,ok,,
873698a1a2063c6c29ef84e4f0ba86edb14d0592,head,home,2,5,1075.2677,64.5,0.0004,123.818,12.365,683,outlier,lcpObs,
873698a1a2063c6c29ef84e4f0ba86edb14d0592,head,home,3,6,1076.8773,89,0.0004,114.974,20.022,508,ok,,
873698a1a2063c6c29ef84e4f0ba86edb14d0592,head,home,4,9,1117.5579,89.0,0.0004,111.419,3.173,486,ok,,
1e3399eac865e13a96d615862524f8f5c33d45f2,base,home,0,0,1163.5421,91,0.0004,103.795,23.106,505,ok,,
1e3399eac865e13a96d615862524f8f5c33d45f2,base,home,1,3,1058.3573,72.0,0.0004,106.414,0.909,486,ok,,
1e3399eac865e13a96d615862524f8f5c33d45f2,base,home,2,4,976.2686,68,0.0004,104.383,17.438,470,ok,,
1e3399eac865e13a96d615862524f8f5c33d45f2,base,home,3,7,1138.0639,68,0.0004,110.371,18.639,487,ok,,
1e3399eac865e13a96d615862524f8f5c33d45f2,base,home,4,8,1059.9663,76,0.0004,128.49,35.293,488,outlier,inp,
1e3399eac865e13a96d615862524f8f5c33d45f2,head,home,0,1,1112.9573,92.5,0.0004,100.183,0.514,541,outlier,lcpObs,
1e3399eac865e13a96d615862524f8f5c33d45f2,head,home,1,2,1154.3267,66.5,0.0004,111.47,21.142,593,outlier,lcpObs,
1e3399eac865e13a96d615862524f8f5c33d45f2,head,home,2,5,1058.314,87,0.0004,109.958,15.622,473,ok,,
1e3399eac865e13a96d615862524f8f5c33d45f2,head,home,3,6,1015.2478,62,0.0004,109.985,0.716,469,ok,,
1e3399eac865e13a96d615862524f8f5c33d45f2,head,home,4,9,1019.6872,67,0.0004,109.314,19.461,470,ok,,
56fca30bd0ab54018e8b848f06ee061658596561,base,home,0,0,1115.7743,68.0,0.0005,104.113,3.173,542,outlier,lcpObs,
56fca30bd0ab54018e8b848f06ee061658596561,base,home,1,3,1099.362,66.5,0.0004,109.501,20.084,490,ok,,
56fca30bd0ab54018e8b848f06ee061658596561,base,home,2,4,1099.467,71,0.0004,110.395,12.98,505,ok,,
56fca30bd0ab54018e8b848f06ee061658596561,base,home,3,7,1077.5446,80.0,0.0004,108.907,20.749,487,ok,,
56fca30bd0ab54018e8b848f06ee061658596561,base,home,4,8,1114.9026,71,0.0005,111.477,20.933,486,ok,,
56fca30bd0ab54018e8b848f06ee061658596561,head,home,0,1,1099.3754,99,0.0004,131.542,1.715,488,ok,,
56fca30bd0ab54018e8b848f06ee061658596561,head,home,1,2,1137.8396,69,0.0004,127.878,17.799,542,ok,,
56fca30bd0ab54018e8b848f06ee061658596561,head,home,2,5,1062.5529,79,0.0005,106.238,18.249,487,ok,,
56fca30bd0ab54018e8b848f06ee061658596561,head,home,3,6,1059.146,72.0,0.0004,107.098,25.08,473,ok,,
56fca30bd0ab54018e8b848f06ee061658596561,head,home,4,9,1096.15,108,0.0004,95.798,12.633,504,ok,,
107eae3916d293e9431d3fda61fe3a7c1398a90d,base,home,0,0,1072.455,67.5,0.0004,104.121,13.773,595,outlier,lcpObs,
107eae3916d293e9431d3fda61fe3a7c1398a90d,base,home,1,3,1018.0659,60.5,0.0004,111,15.415,506,outlier,lcp,
107eae3916d293e9431d3fda61fe3a7c1398a90d,base,home,2,4,1085.2549,87.0,0.0004,107.033,15.396,488,ok,,
107eae3916d293e9431d3fda61fe3a7c1398a90d,base,home,3,7,1097.1136,76,0.0005,110.026,22.033,489,ok,,
107eae3916d293e9431d3fda61fe3a7c1398a90d,base,home,4,8,1097.2412,64.5,0.0004,109.377,19.843,506,ok,,
107eae3916d293e9431d3fda61fe3a7c1398a90d,head,home,0,1,1097.1678,71,0.0004,127.153,25.353,522,ok,,
107eae3916d293e9431d3fda61fe3a7c1398a90d,head,home,1,2,1105.4584,77.0,0.0004,109.986,17.777,485,ok,,
107eae3916d293e9431d3fda61fe3a7c1398a90d,head,home,2,5,1022.2237,64.5,0.0004,108.218,2.725,472,outlier,lcp,
107eae3916d293e9431d3fda61fe3a7c1398a90d,head,home,3,6,1099.0463,50,0.0004,110.428,21.94,524,ok,,
107eae3916d293e9431d3fda61fe3a7c1398a90d,head,home,4,9,1130.3745,130,0.0004,106.578,1.769,596,outlier,tbt,
36274f1f3e4396e37b52a675bbc1b176b25961cb,base,home,0,0,1139.0948,69,0.0005,107.735,32.871,506,ok,,
36274f1f3e4396e37b52a675bbc1b176b25961cb,base,home,1,3,1137.1088,89,0.0004,107.671,0.731,524,ok,,
36274f1f3e4396e37b52a675bbc1b176b25961cb,base,home,2,4,1059.5681,141,0.0004,105.375,22.481,470,outlier,tbt,
36274f1f3e4396e37b52a675bbc1b176b25961cb,base,home,3,7,1058.1204,83,0.0004,107.76,4.147,473,ok,,
36274f1f3e4396e37b52a675bbc1b176b25961cb,base,home,4,8,1098.3718,83.0,0.0004,109.41,12.257,525,ok,,
36274f1f3e4396e37b52a675bbc1b176b25961cb,head,home,0,1,1104.4824,76,0.0004,111.004,22.273,539,ok,,
36274f1f3e4396e37b52a675bbc1b176b25961cb,head,home,1,2,1116.8946,71.0,0.0004,107.507,15.247,540,ok,,
36274f1f3e4396e37b52a675bbc1b176b25961cb,head,home,2,5,1152.9697,94,0.0004,110.001,17.652,472,ok,,
36274f1f3e4396e37b52a675bbc1b176b25961cb,head,home,3,6,1102.7541,77,0.0004,108.397,22.284,525,ok,,
36274f1f3e4396e37b52a675bbc1b176b25961cb,head,home,4,9,1018.1443,63.5,0.0004,109.27,16.688,470,outlier,lcp,
c84babf574914fb642bb8ea79ea29e279e8c2a53,base,home,0,0,1057.2558,69.0,0.0004,104.445,22.297,470,ok,,
c84babf574914fb642bb8ea79ea29e279e8c2a53,base,home,1,3,1024.5465,83.0,0.0004,107.365,13.811,488,ok,,
c84babf574914fb642bb8ea79ea29e279e8c2a53,base,home,2,4,1016.2105,68,0.0005,132.589,21.104,471,outlier,inp,
c84babf574914fb642bb8ea79ea29e279e8c2a53,base,home,3,7,1098.1502,94,0.0004,110.081,16.749,488,ok,,
c84babf574914fb642bb8ea79ea29e279e8c2a53,base,home,4,8,1140.2898,109,0.0004,109.585,3.159,526,ok,,
c84babf574914fb642bb8ea79ea29e279e8c2a53,head,home,0,1,1028.1,69.0,0.0004,106.575,13.734,470,ok,,
c84babf574914fb642bb8ea79ea29e279e8c2a53,head,home,1,2,1138.2627,42,0.0004,109.972,17.227,560,ok,,
c84babf574914fb642bb8ea79ea29e279e8c2a53,head,home,2,5,1103.4075,126,0.0004,118.468,22.327,508,ok,,
c84babf574914fb642bb8ea79ea29e279e8c2a53,head,home,3,6,1121.9439,104,0.0004,98.51,20.701,597,ok,,
c84babf574914fb642bb8ea79ea29e279e8c2a53,head,home,4,9,1077.219,76,0.0004,123.127,30.606,488,ok,,
12c39d1034f696dcade2c66115392543a3985d57,base,home,0,0,1061.071,66,0.0004,104.592,23.872,487,ok,,
12c39d1034f696dcade2c66115392543a3985d57,base,home,1,3,1126.5899,72.0,0.0005,131.725,20.336,524,ok,,
12c39d1034f696dcade2c66115392543a3985d57,base,home,2,4,1098.1807,65,0.0004,129.049,23.9,507,ok,,
12c39d1034f696dcade2c66115392543a3985d57,base,home,3,7,1112.3102,143.0,0.0004,110.529,14.348,472,outlier,tbt,
12c39d1034f696dcade2c66115392543a3985d57,base,home,4,8,1117.2446,69.5,0.0004,106.995,13.972,541,ok,,
12c39d1034f696dcade2c66115392543a3985d57,head,home,0,1,1079.5248,83,0.0004,107.946,18.224,487,ok,,
12c39d1034f696dcade2c66115392543a3985d57,head,home,1,2,1192.8513,87,0.0004,123.027,57.148,826,outlier,tbtFlow;lcpObs,
12c39d1034f696dcade2c66115392543a3985d57,head,home,2,5,1097.0788,98.0,0.0004,107.794,12.632,525,ok,,
12c39d1034f696dcade2c66115392543a3985d57,head,home,3,6,1018.1878,69,0.0004,109.218,19.907,506,ok,,
12c39d1034f696dcade2c66115392543a3985d57,head,home,4,9,1138.3301,88,0.0005,107.683,14.736,505,ok,,
b63689c23095d7a5fcea35a8d1e892f3ddacc1d0,base,home,0,0,1158.6666,133.0,0.0005,104.839,22.052,538,outlier,tbt,
b63689c23095d7a5fcea35a8d1e892f3ddacc1d0,base,home,1,3,1105.6289,69,0.0004,108.269,0.525,506,ok,,
b63689c23095d7a5fcea35a8d1e892f3ddacc1d0,base,home,2,4,1110.6175,65.0,0.0004,106.335,18.066,503,ok,,
b63689c23095d7a5fcea35a8d1e892f3ddacc1d0,base,home,3,7,1057.1393,81.5,0.0004,110.401,16.812,488,ok,,
b63689c23095d7a5fcea35a8d1e892f3ddacc1d0,base,home,4,8,1072.0971,64,0.0004,105.425,18.468,487,ok,,
b63689c23095d7a5fcea35a8d1e892f3ddacc1d0,base,home,5,11,1071.95,81.0,0.0004,126.815,38.526,507,ok,,
b63689c23095d7a5fcea35a8d1e892f3ddacc1d0,base,home,6,12,1017.0173,65.5,0.0004,110.949,18.025,471,ok,,
b63689c23095d7a5fcea35a8d1e892f3ddacc1d0,base,home,7,15,1059.4198,46.5,0.0004,107.961,18.416,488,ok,,
b63689c23095d7a5fcea35a8d1e892f3ddacc1d0,base,home,8,16,1114.7647,99,0.0004,111.037,13.345,592,outlier,lcpObs,
b63689c23095d7a5fcea35a8d1e892f3ddacc1d0,base,home,9,19,1076.6527,76,0.0004,107.056,15.005,491,ok,,
b63689c23095d7a5fcea35a8d1e892f3ddacc1d0,base,home,10,20,1098.1873,49,0.0004,108.587,0.735,492,ok,,
b63689c23095d7a5fcea35a8d1e892f3ddacc1d0,base,home,11,23,1017.8878,66.5,0.0004,102.684,18.301,491,ok,,
b63689c23095d7a5fcea35a8d1e892f3ddacc1d0,base,home,12,24,1098.2559,70,0.0004,117.037,20.682,489,ok,,
b63689c23095d7a5fcea35a8d1e892f3ddacc1d0,base,home,13,27,1149.7624,130,0.0004,108.015,19.855,501,outlier,tbt,
b63689c23095d7a5fcea35a8d1e892f3ddacc1d0,base,home,14,28,1114.4799,69.0,0.0004,110.162,23.742,507,ok,,
b63689c23095d7a5fcea35a8d1e892f3ddacc1d0,head,home,0,1,1096.4908,71,0.0004,109.571,23.448,505,ok,,
b63689c23095d7a5fcea35a8d1e892f3ddacc1d0,head,home,1,2,1099.6266,74,0.0004,132.445,23.099,471,outlier,inp,
b63689c23095d7a5fcea35a8d1e892f3ddacc1d0,head,home,2,5,1135.8714,88,0.0004,123.044,36.913,522,ok,,
b63689c23095d7a5fcea35a8d1e892f3ddacc1d0,head,home,3,6,1100.8291,73,0.0004,108.537,17.872,485,ok,,
b63689c23095d7a5fcea35a8d1e892f3ddacc1d0,head,home,4,9,1058.0952,91,0.0004,131.602,19.289,506,outlier,inp,
b63689c23095d7a5fcea35a8d1e892f3ddacc1d0,head,home,5,10,1116.9654,77.5,0.0004,107.005,22.514,525,ok,,
b63689c23095d7a5fcea35a8d1e892f3ddacc1d0,head,home,6,13,1019.9291,64.5,0.0004,111.603,13.961,505,ok,,
b63689c23095d7a5fcea35a8d1e892f3ddacc1d0,head,home,7,14,1101.8158,68.0,0.0004,110.404,23.171,484,ok,,
b63689c23095d7a5fcea35a8d1e892f3ddacc1d0,head,home,8,17,1069.6307,72,0.0004,109.139,6.023,492,ok,,
b63689c23095d7a5fcea35a8d1e892f3ddacc1d0,head,home,9,18,1020.4076,69,0.0004,128.995,44.826,524,ok,,
b63689c23095d7a5fcea35a8d1e892f3ddacc1d0,head,home,10,21,1056.4716,92.0,0.0004,129.953,20.303,470,outlier,inp,
b63689c23095d7a5fcea35a8d1e892f3ddacc1d0,head,home,11,22,1097.2958,63.5,0.0004,109.619,2.989,489,ok,,
b63689c23095d7a5fcea35a8d1e892f3ddacc1d0,head,home,12,25,1058.562,67.5,0.0004,109.413,15.248,525,ok,,
b63689c23095d7a5fcea35a8d1e892f3ddacc1d0,head,home,13,26,1099.2251,66,0.0004,109.015,19.096,490,ok,,
b63689c23095d7a5fcea35a8d1e892f3ddacc1d0,head,home,14,29,1099.4871,76.0,0.0004,108.802,19.257,471,ok,,
3b9ffd958615103ffd499566248ceb4db84cb530,base,home,0,0,1058.473,66,0.0004,107.845,0.787,487,ok,,
3b9ffd958615103ffd499566248ceb4db84cb530,base,home,1,3,1037.7876,62,0.0005,110.825,0.933,471,ok,,
3b9ffd958615103ffd499566248ceb4db84cb530,base,home,2,4,1129.0664,101,0.0004,109.239,1.931,791,outlier,lcpObs,
3b9ffd958615103ffd499566248ceb4db84cb530,base,home,3,7,1098.1966,75,0.0004,107.567,18.276,527,ok,,
3b9ffd958615103ffd499566248ceb4db84cb530,base,home,4,8,1062.417,82,0.0004,108.234,25.73,486,ok,,
3b9ffd958615103ffd499566248ceb4db84cb530,head,home,0,1,1057.3917,80.0,0.0004,109.776,15.244,489,ok,,
3b9ffd958615103ffd499566248ceb4db84cb530,head,home,1,2,1136.8214,72,0.0004,106.858,17.674,525,ok,,
3b9ffd958615103ffd499566248ceb4db84cb530,head,home,2,5,1097.4768,66.5,0.0004,128.109,21.717,524,ok,,
3b9ffd958615103ffd499566248ceb4db84cb530,head,home,3,6,858.6193,72.0,0.0007,108.705,19.842,2045,outlier,lcp;lcpObs,
3b9ffd958615103ffd499566248ceb4db84cb530,head,home,4,9,1058.3986,93.0,0.0005,110.245,21.49,474,ok,,
d33e42e3a1a955fa95c61310128dfe4ca2e5fdae,base,home,0,0,1103.4276,75,0.0004,104.059,20.723,523,ok,,
d33e42e3a1a955fa95c61310128dfe4ca2e5fdae,base,home,1,3,1114.0771,71,0.0004,106.448,16.769,506,ok,,
d33e42e3a1a955fa95c61310128dfe4ca2e5fdae,base,home,2,4,1016.2087,69,0.0004,106.085,11.241,474,ok,,
d33e42e3a1a955fa95c61310128dfe4ca2e5fdae,base,home,3,7,1057.2726,64.5,0.0004,97.986,21.042,473,ok,,
d33e42e3a1a955fa95c61310128dfe4ca2e5fdae,base,home,4,8,1059.8764,79.5,0.0004,106.89,15.243,474,ok,,
d33e42e3a1a955fa95c61310128dfe4ca2e5fdae,base,home,5,11,1058.0575,68.0,0.0004,110.056,17.995,471,ok,,
d33e42e3a1a955fa95c61310128dfe4ca2e5fdae,base,home,6,12,1130.4682,106,0.0004,111.486,0.312,525,outlier,tbt,
d33e42e3a1a955fa95c61310128dfe4ca2e5fdae,base,home,7,15,1121.3054,67,0.0004,107.363,14.215,522,ok,,
d33e42e3a1a955fa95c61310128dfe4ca2e5fdae,base,home,8,16,1098.5612,62.5,0.0004,106.276,16.819,489,ok,,
d33e42e3a1a955fa95c61310128dfe4ca2e5fdae,base,home,9,19,1019.2586,69,0.0004,108.808,19.555,488,ok,,
d33e42e3a1a955fa95c61310128dfe4ca2e5fdae,base,home,10,20,1097.2667,85,0.0004,111.456,18.914,504,ok,,
d33e42e3a1a955fa95c61310128dfe4ca2e5fdae,base,home,11,23,1080.9654,94.0,0.0004,109.593,20.034,470,ok,,
d33e42e3a1a955fa95c61310128dfe4ca2e5fdae,base,home,12,24,1016.2799,62,0.0004,108.591,19.641,469,ok,,
d33e42e3a1a955fa95c61310128dfe4ca2e5fdae,base,home,13,27,1097.5244,69,0.0004,111.478,11.135,507,ok,,
d33e42e3a1a955fa95c61310128dfe4ca2e5fdae,base,home,14,28,1099.4053,67.5,0.0004,110.036,23.747,507,ok,,
d33e42e3a1a955fa95c61310128dfe4ca2e5fdae,head,home,0,1,1163.9623,78,0.0004,128.014,23.485,558,outlier,lcpObs,
d33e42e3a1a955fa95c61310128dfe4ca2e5fdae,head,home,1,2,1141.4454,100.0,0.0004,132.708,18.616,541,outlier,inp,
d33e42e3a1a955fa95c61310128dfe4ca2e5fdae,head,home,2,5,1101.3962,77.0,0.0004,110.092,24.295,525,ok,,
d33e42e3a1a955fa95c61310128dfe4ca2e5fdae,head,home,3,6,1103.1046,79.0,0.0005,129.79,0.28,491,ok,,
d33e42e3a1a955fa95c61310128dfe4ca2e5fdae,head,home,4,9,1018.9349,77,0.0004,106.071,13.176,487,ok,,
d33e42e3a1a955fa95c61310128dfe4ca2e5fdae,head,home,5,10,1096.8805,77,0.0004,109.046,17.616,487,ok,,
d33e42e3a1a955fa95c61310128dfe4ca2e5fdae,head,home,6,13,975.1494,88,0.0005,124.326,27.747,2025,outlier,lcpObs,
d33e42e3a1a955fa95c61310128dfe4ca2e5fdae,head,home,7,14,1032.4924,66.5,0.0004,108.374,16.217,1778,outlier,lcpObs,
d33e42e3a1a955fa95c61310128dfe4ca2e5fdae,head,home,8,17,1136.6709,127,0.0004,107.306,20.542,521,outlier,tbt,
d33e42e3a1a955fa95c61310128dfe4ca2e5fdae,head,home,9,18,1098.624,74,0.0004,101.188,19.433,506,ok,,
d33e42e3a1a955fa95c61310128dfe4ca2e5fdae,head,home,10,21,1104.777,77.5,0.0004,109.774,21.068,487,ok,,
d33e42e3a1a955fa95c61310128dfe4ca2e5fdae,head,home,11,22,1097.2078,71.0,0.0004,131.492,26.348,489,outlier,inp,
d33e42e3a1a955fa95c61310128dfe4ca2e5fdae,head,home,12,25,1018.4633,87,0.0004,109.078,23.084,489,ok,,
d33e42e3a1a955fa95c61310128dfe4ca2e5fdae,head,home,13,26,1057.1637,68,0.0004,110.118,21.137,489,ok,,
d33e42e3a1a955fa95c61310128dfe4ca2e5fdae,head,home,14,29,1096.9921,72,0.0004,110.629,19.283,468,ok,,
f2f821991756b1884b7d1cd00dfb5eec04e82b8e,base,home,0,0,1157.8745,99,0.0004,104.481,16.409,519,outlier,lcp,
f2f821991756b1884b7d1cd00dfb5eec04e82b8e,base,home,1,3,1072.1225,126,0.0004,107.315,0.483,489,ok,,
f2f821991756b1884b7d1cd00dfb5eec04e82b8e,base,home,2,4,1152.8151,64,0.0004,108.337,12.729,543,ok,,
f2f821991756b1884b7d1cd00dfb5eec04e82b8e,base,home,3,7,1058.1191,76,0.0004,110.419,2.773,522,ok,,
f2f821991756b1884b7d1cd00dfb5eec04e82b8e,base,home,4,8,1059.1809,67,0.0004,108.022,19.749,505,ok,,
f2f821991756b1884b7d1cd00dfb5eec04e82b8e,base,home,5,11,1075.3486,77.0,0.0004,110.107,27.328,792,outlier,lcpObs,
f2f821991756b1884b7d1cd00dfb5eec04e82b8e,base,home,6,12,817.7319,78,0.0005,109.235,1.137,2037,outlier,lcp;lcpObs,
f2f821991756b1884b7d1cd00dfb5eec04e82b8e,base,home,7,15,1057.3668,105,0.0004,110.53,25.714,490,ok,,
f2f821991756b1884b7d1cd00dfb5eec04e82b8e,base,home,8,16,1101.3251,91,0.0004,108.314,19.832,468,ok,,
f2f821991756b1884b7d1cd00dfb5eec04e82b8e,base,home,9,19,1097.6137,115,0.0004,123.79,41.398,490,ok,,
f2f821991756b1884b7d1cd00dfb5eec04e82b8e,base,home,10,20,1086.0434,77,0.0004,105.426,17.601,491,ok,,
f2f821991756b1884b7d1cd00dfb5eec04e82b8e,base,home,11,23,1072.9299,71,0.0005,110.057,13.412,487,ok,,
f2f821991756b1884b7d1cd00dfb5eec04e82b8e,base,home,12,24,1104.7632,70,0.0004,110.446,15.577,526,ok,,
f2f821991756b1884b7d1cd00dfb5eec04e82b8e,base,home,13,27,1057.7521,86,0.0004,110.2,18.821,505,ok,,
f2f821991756b1884b7d1cd00dfb5eec04e82b8e,base,home,14,28,1152.4391,135.0,0.0004,110.021,20.512,507,outlier,tbt,
f2f821991756b1884b7d1cd00dfb5eec04e82b8e,head,home,0,1,1141.4026,97,0.0004,109.345,15.768,509,ok,,
f2f821991756b1884b7d1cd00dfb5eec04e82b8e,head,home,1,2,1098.9408,85,0.0004,107.156,21.486,504,ok,,
f2f821991756b1884b7d1cd00dfb5eec04e82b8e,head,home,2,5,1017.9269,72,0.0004,118.567,37.843,470,ok,,
f2f821991756b1884b7d1cd00dfb5eec04e82b8e,head,home,3,6,1099.3903,76.0,0.0004,110.466,18.64,490,ok,,
f2f821991756b1884b7d1cd00dfb5eec04e82b8e,head,home,4,9,1059.1601,84.0,0.0004,108.782,19.655,469,ok,,
f2f821991756b1884b7d1cd00dfb5eec04e82b8e,head,home,5,10,1098.7376,66,0.0004,108.102,17.352,524,ok,,
f2f821991756b1884b7d1cd00dfb5eec04e82b8e,head,home,6,13,1032.5949,65,0.0004,119.221,26.124,489,ok,,
f2f821991756b1884b7d1cd00dfb5eec04e82b8e,head,home,7,14,1098.959,91,0.0004,116.836,25.194,505,ok,,
f2f821991756b1884b7d1cd00dfb5eec04e82b8e,head,home,8,17,1145.8177,111,0.0004,108.682,18.412,504,outlier,tbt,
f2f821991756b1884b7d1cd00dfb5eec04e82b8e,head,home,9,18,1097.2088,63,0.0005,120.832,22.718,790,outlier,lcpObs,
f2f821991756b1884b7d1cd00dfb5eec04e82b8e,head,home,10,21,1020.4674,45.0,0.0004,108.653,0,471,ok,,
f2f821991756b1884b7d1cd00dfb5eec04e82b8e,head,home,11,22,1057.3934,66,0.0004,108.639,1.553,490,ok,,
f2f821991756b1884b7d1cd00dfb5eec04e82b8e,head,home,12,25,1019.506,65,0.0004,108.385,9.207,471,ok,,
f2f821991756b1884b7d1cd00dfb5eec04e82b8e,head,home,13,26,1103.4236,68.0,0.0004,110.491,23.114,489,ok,,
f2f821991756b1884b7d1cd00dfb5eec04e82b8e,head,home,14,29,1115.5229,78,0.0005,111.011,21.117,507,ok,,
78ab12c7e656a8b86d2aa65aba760c7eaa60bfa6,base,home,0,0,1100.302,69,0.0004,104.63,13.959,489,ok,,
78ab12c7e656a8b86d2aa65aba760c7eaa60bfa6,base,home,1,3,1140.461,111,0.0004,105.108,23.694,594,outlier,tbt;lcpObs,
78ab12c7e656a8b86d2aa65aba760c7eaa60bfa6,base,home,2,4,1057.2852,75,0.0004,109.379,13.145,490,ok,,
78ab12c7e656a8b86d2aa65aba760c7eaa60bfa6,base,home,3,7,1096.0566,69,0.0004,124.566,30.041,471,ok,,
78ab12c7e656a8b86d2aa65aba760c7eaa60bfa6,base,home,4,8,1056.6923,67,0.0004,126.891,15.217,507,ok,,
78ab12c7e656a8b86d2aa65aba760c7eaa60bfa6,head,home,0,1,859.0788,70.0,0.0007,107.806,0.074,2036,outlier,lcpObs,
78ab12c7e656a8b86d2aa65aba760c7eaa60bfa6,head,home,1,2,1129.0875,74,0.0004,108.739,23.238,505,ok,,
78ab12c7e656a8b86d2aa65aba760c7eaa60bfa6,head,home,2,5,1072.4672,70,0.0004,110.452,18.819,487,ok,,
78ab12c7e656a8b86d2aa65aba760c7eaa60bfa6,head,home,3,6,1100.6374,71.0,0.0004,106.292,17.751,771,outlier,lcpObs,
78ab12c7e656a8b86d2aa65aba760c7eaa60bfa6,head,home,4,9,1021.4243,99,0.0004,131.66,22.054,470,outlier,inp,
c92f3bebf5fc4e9a1512be368f05d800ae1b92f7,base,home,0,0,1097.705,65.5,0.0004,105.217,16.196,486,ok,,
c92f3bebf5fc4e9a1512be368f05d800ae1b92f7,base,home,1,3,1065.3968,73,0.0005,108.907,15.695,525,ok,,
c92f3bebf5fc4e9a1512be368f05d800ae1b92f7,base,home,2,4,1058.6529,70,0.0004,109.979,22.879,488,ok,,
c92f3bebf5fc4e9a1512be368f05d800ae1b92f7,base,home,3,7,1086.9366,74,0.0004,122.922,13.254,573,outlier,lcpObs,
c92f3bebf5fc4e9a1512be368f05d800ae1b92f7,base,home,4,8,1057.0029,44.5,0.0004,107.952,20.442,487,ok,,
c92f3bebf5fc4e9a1512be368f05d800ae1b92f7,base,home,5,11,1113.3138,69,0.0004,126.014,39.479,474,ok,,
c92f3bebf5fc4e9a1512be368f05d800ae1b92f7,base,home,6,12,1102.4247,96,0.0004,106.386,22.497,490,ok,,
c92f3bebf5fc4e9a1512be368f05d800ae1b92f7,base,home,7,15,1060.066,73,0.0004,128.089,2.163,577,outlier,lcpObs,
c92f3bebf5fc4e9a1512be368f05d800ae1b92f7,base,home,8,16,1055.957,71,0.0004,107.483,4.17,491,ok,,
c92f3bebf5fc4e9a1512be368f05d800ae1b92f7,base,home,9,19,1057.8703,74.5,0.0004,129.589,1.699,488,ok,,
c92f3bebf5fc4e9a1512be368f05d800ae1b92f7,base,home,10,20,1026.1609,95,0.0004,130.655,25.584,489,outlier,inp,
c92f3bebf5fc4e9a1512be368f05d800ae1b92f7,base,home,11,23,1098.0479,108,0.0004,110.354,17.886,470,outlier,tbt,
c92f3bebf5fc4e9a1512be368f05d800ae1b92f7,base,home,12,24,1062.9419,76,0.0004,105.746,11.588,486,ok,,
c92f3bebf5fc4e9a1512be368f05d800ae1b92f7,base,home,13,27,1058.2315,83,0.0004,109.229,21.757,489,ok,,
c92f3bebf5fc4e9a1512be368f05d800ae1b92f7,base,home,14,28,1099.6206,92.0,0.0005,119.811,46.245,524,ok,,
c92f3bebf5fc4e9a1512be368f05d800ae1b92f7,head,home,0,1,1137.1157,80,0.0004,110.315,14.148,525,ok,,
c92f3bebf5fc4e9a1512be368f05d800ae1b92f7,head,home,1,2,1097.4925,81,0.0004,107.563,5.557,505,ok,,
c92f3bebf5fc4e9a1512be368f05d800ae1b92f7,head,home,2,5,1149.0215,119,0.0004,108.154,20.878,487,outlier,tbt,
c92f3bebf5fc4e9a1512be368f05d800ae1b92f7,head,home,3,6,1019.8022,71,0.0004,109.606,18.517,469,ok,,
c92f3bebf5fc4e9a1512be368f05d800ae1b92f7,head,home,4,9,1061.7831,81.0,0.0004,131.155,23.082,502,outlier,inp,
c92f3bebf5fc4e9a1512be368f05d800ae1b92f7,head,home,5,10,822.5471,70,0.0005,109.238,3.142,2039,outlier,lcp;lcpObs,
c92f3bebf5fc4e9a1512be368f05d800ae1b92f7,head,home,6,13,1057.8547,80,0.0004,110.01,21.548,506,ok,,
c92f3bebf5fc4e9a1512be368f05d800ae1b92f7,head,home,7,14,1097.5028,74.0,0.0004,108.911,18.005,473,ok,,
c92f3bebf5fc4e9a1512be368f05d800ae1b92f7,head,home,8,17,1021.1952,73,0.0004,109.504,19.274,504,ok,,
c92f3bebf5fc4e9a1512be368f05d800ae1b92f7,head,home,9,18,1100.1649,71.0,0.0004,110.255,12.013,486,ok,,
c92f3bebf5fc4e9a1512be368f05d800ae1b92f7,head,home,10,21,1057.7744,48.0,0.0004,132.046,24.877,472,outlier,inp,
c92f3bebf5fc4e9a1512be368f05d800ae1b92f7,head,home,11,22,1101.8577,74,0.0004,110.623,19.037,506,ok,,
c92f3bebf5fc4e9a1512be368f05d800ae1b92f7,head,home,12,25,1258.3087,72.0,0.0004,129.966,19.416,525,outlier,lcp;inp,
c92f3bebf5fc4e9a1512be368f05d800ae1b92f7,head,home,13,26,1057.5115,42,0.0004,108.954,0,489,outlier,tbt,
c92f3bebf5fc4e9a1512be368f05d800ae1b92f7,head,home,14,29,1058.5536,82,0.0004,108.797,18.015,488,ok,,
00b5b0a0ca556a527feb3f768fbec5842df86549,base,home,0,0,1115.8434,147,0.0004,108.03,14.444,489,outlier,tbt,
00b5b0a0ca556a527feb3f768fbec5842df86549,base,home,1,3,1018.7745,105,0.0004,131.099,30.161,504,outlier,tbt;inp,
00b5b0a0ca556a527feb3f768fbec5842df86549,base,home,2,4,1018.1891,71.0,0.0004,108.406,2.992,557,ok,,
00b5b0a0ca556a527feb3f768fbec5842df86549,base,home,3,7,1057.9249,72,0.0004,107.514,15.825,488,ok,,
00b5b0a0ca556a527feb3f768fbec5842df86549,base,home,4,8,1116.3991,73,0.0004,126.442,41.47,525,ok,,
00b5b0a0ca556a527feb3f768fbec5842df86549,base,home,5,11,1114.9606,65,0.0004,111.162,8.626,489,ok,,
00b5b0a0ca556a527feb3f768fbec5842df86549,base,home,6,12,1113.4106,91,0.0004,108.127,1.933,510,ok,,
00b5b0a0ca556a527feb3f768fbec5842df86549,base,home,7,15,1017.8009,86.0,0.0004,109.256,22.511,473,ok,,
00b5b0a0ca556a527feb3f768fbec5842df86549,base,home,8,16,1057.9392,68.0,0.0004,108.423,17.008,491,ok,,
00b5b0a0ca556a527feb3f768fbec5842df86549,base,home,9,19,1104.0989,65.0,0.0004,106.153,15.878,471,ok,,
00b5b0a0ca556a527feb3f768fbec5842df86549,base,home,10,20,857.7791,90,0.0005,107.033,21.05,2034,outlier,lcp;lcpObs,
00b5b0a0ca556a527feb3f768fbec5842df86549,base,home,11,23,1069.4045,74,0.0004,109.236,17.657,491,ok,,
00b5b0a0ca556a527feb3f768fbec5842df86549,base,home,12,24,1096.3836,77,0.0004,107.37,17.216,507,ok,,
00b5b0a0ca556a527feb3f768fbec5842df86549,base,home,13,27,1058.0089,72.0,0.0004,107.793,19.434,474,ok,,
00b5b0a0ca556a527feb3f768fbec5842df86549,base,home,14,28,1061.3151,75.5,0.0004,111.013,16.902,489,ok,,
00b5b0a0ca556a527feb3f768fbec5842df86549,head,home,0,1,1162.8238,83.0,0.0004,109.857,3.358,520,ok,,
00b5b0a0ca556a527feb3f768fbec5842df86549,head,home,1,2,1021.3529,69,0.0004,106.831,19.658,489,outlier,lcp,
00b5b0a0ca556a527feb3f768fbec5842df86549,head,home,2,5,1100.3195,114,0.0004,105.282,18.448,504,ok,,
00b5b0a0ca556a527feb3f768fbec5842df86549,head,home,3,6,1097.9341,70.5,0.0004,107.72,17.278,470,ok,,
00b5b0a0ca556a527feb3f768fbec5842df86549,head,home,4,9,1058.4189,63.5,0.0004,104.674,17.281,489,ok,,
00b5b0a0ca556a527feb3f768fbec5842df86549,head,home,5,10,1056.1791,67,0.0004,109.289,15.989,471,ok,,
00b5b0a0ca556a527feb3f768fbec5842df86549,head,home,6,13,1112.4981,117.0,0.0004,127.751,17.008,489,outlier,tbt;inp,
00b5b0a0ca556a527feb3f768fbec5842df86549,head,home,7,14,1096.0354,76,0.0004,107.469,13.597,524,ok,,
00b5b0a0ca556a527feb3f768fbec5842df86549,head,home,8,17,1058.5082,82,0.0004,108.332,16.842,471,ok,,
00b5b0a0ca556a527feb3f768fbec5842df86549,head,home,9,18,1115.2466,70,0.0004,104.962,13.168,501,ok,,
00b5b0a0ca556a527feb3f768fbec5842df86549,head,home,10,21,1115.1332,131,0.0004,129.854,19.638,488,outlier,tbt;inp,
00b5b0a0ca556a527feb3f768fbec5842df86549,head,home,11,22,1161.8551,101,0.0004,108.341,3.749,507,ok,,
00b5b0a0ca556a527feb3f768fbec5842df86549,head,home,12,25,1116.0506,66,0.0004,105.814,14.803,791,outlier,lcpObs,
00b5b0a0ca556a527feb3f768fbec5842df86549,head,home,13,26,1100.292,74.5,0.0004,106.829,17.481,489,ok,,
00b5b0a0ca556a527feb3f768fbec5842df86549,head,home,14,29,1055.8476,93.0,0.0004,107.497,20.292,489,ok,,
46f42ef8d79a09976a99dc138878b0f409ba40a9,base,home,0,0,1120.1015,72,0.0004,127.336,6.399,507,ok,,
46f42ef8d79a09976a99dc138878b0f409ba40a9,base,home,1,3,1121.3795,77,0.0004,109.22,23.682,524,ok,,
46f42ef8d79a09976a99dc138878b0f409ba40a9,base,home,2,4,1098.4002,96.0,0.0004,108.649,20.069,471,ok,,
46f42ef8d79a09976a99dc138878b0f409ba40a9,base,home,3,7,1097.6173,75,0.0004,103.32,21.299,486,ok,,
46f42ef8d79a09976a99dc138878b0f409ba40a9,base,home,4,8,1060.7424,65,0.0004,108.665,23.536,520,ok,,
46f42ef8d79a09976a99dc138878b0f409ba40a9,head,home,0,1,1137.2749,84,0.0004,128.718,26.301,504,outlier,lcp,
46f42ef8d79a09976a99dc138878b0f409ba40a9,head,home,1,2,1060.7252,89,0.0004,108.153,16.585,485,ok,,
46f42ef8d79a09976a99dc138878b0f409ba40a9,head,home,2,5,1057.3074,71.0,0.0004,118.964,21.882,485,ok,,
46f42ef8d79a09976a99dc138878b0f409ba40a9,head,home,3,6,1140.4258,79.0,0.0004,108.011,23.689,524,outlier,lcp,
46f42ef8d79a09976a99dc138878b0f409ba40a9,head,home,4,9,1069.8823,138,0.0004,124.448,61.101,473,outlier,tbt;tbtFlow,
ae6bee340329850fdeacb4f41a275a435a9edce8,base,home,0,0,1025.891,99,0.0004,126.926,15.605,487,ok,,
ae6bee340329850fdeacb4f41a275a435a9edce8,base,home,1,3,1060.8221,78,0.0004,106.433,14.182,490,ok,,
ae6bee340329850fdeacb4f41a275a435a9edce8,base,home,2,4,1125.2735,88.0,0.0004,118.954,12.943,505,ok,,
ae6bee340329850fdeacb4f41a275a435a9edce8,base,home,3,7,1146.8996,103,0.0004,121.52,12.453,487,ok,,
ae6bee340329850fdeacb4f41a275a435a9edce8,base,home,4,8,1025.7102,75,0.0004,106.308,18.586,522,ok,,
ae6bee340329850fdeacb4f41a275a435a9edce8,head,home,0,1,1050.9171,91.0,0.0004,108.03,17.638,469,ok,,
ae6bee340329850fdeacb4f41a275a435a9edce8,head,home,1,2,1037.7089,76,0.0004,108.191,17.858,470,ok,,
ae6bee340329850fdeacb4f41a275a435a9edce8,head,home,2,5,1056.3011,96,0.0004,117.876,49.106,490,outlier,tbtFlow,
ae6bee340329850fdeacb4f41a275a435a9edce8,head,home,3,6,1137.4009,107,0.0004,110.029,5.189,524,ok,,
ae6bee340329850fdeacb4f41a275a435a9edce8,head,home,4,9,1119.2285,79,0.0004,109.477,15.96,788,outlier,lcpObs,
8551823da9fca1eea03b30be1f27993ebd2951e3,base,home,0,0,1137.521,72.0,0.0004,109.672,15.817,524,outlier,lcpObs,
8551823da9fca1eea03b30be1f27993ebd2951e3,base,home,1,3,1016.2243,69.5,0.0004,110.083,13.813,473,ok,,
8551823da9fca1eea03b30be1f27993ebd2951e3,base,home,2,4,894.5659,100,0.0005,106.958,14.844,2020,outlier,lcpObs,
8551823da9fca1eea03b30be1f27993ebd2951e3,base,home,3,7,1115.5026,70,0.0004,106.617,18.213,469,ok,,
8551823da9fca1eea03b30be1f27993ebd2951e3,base,home,4,8,1059.1935,65.5,0.0004,126.216,20.695,473,ok,,
8551823da9fca1eea03b30be1f27993ebd2951e3,head,home,0,1,1106.6695,69,0.0004,109.329,12.687,487,ok,,
8551823da9fca1eea03b30be1f27993ebd2951e3,head,home,1,2,1099.8619,71.0,0.0004,105.062,3.312,522,ok,,
8551823da9fca1eea03b30be1f27993ebd2951e3,head,home,2,5,1096.1269,65.0,0.0004,110.501,20.117,474,ok,,
8551823da9fca1eea03b30be1f27993ebd2951e3,head,home,3,6,1059.2725,76.0,0.0004,115.021,24.717,471,ok,,
8551823da9fca1eea03b30be1f27993ebd2951e3,head,home,4,9,1056.0141,96,0.0004,110.882,15.633,508,ok,,
91ebf8b0ea69a7203c9d1ecc9b7622954dbbc322,base,home,0,0,1020.1304,94.0,0.0004,104.774,3.955,502,outlier,lcp,
91ebf8b0ea69a7203c9d1ecc9b7622954dbbc322,base,home,1,3,1100.7355,106,0.0004,122.836,20.229,588,ok,,
91ebf8b0ea69a7203c9d1ecc9b7622954dbbc322,base,home,2,4,1113.3389,75,0.0004,107.021,14.192,487,ok,,
91ebf8b0ea69a7203c9d1ecc9b7622954dbbc322,base,home,3,7,1096.3833,67.0,0.0004,129.624,46.473,912,outlier,inp;lcpObs,
91ebf8b0ea69a7203c9d1ecc9b7622954dbbc322,base,home,4,8,1157.8403,89,0.0005,109.054,3.176,522,outlier,lcp,
91ebf8b0ea69a7203c9d1ecc9b7622954dbbc322,head,home,0,1,1114.808,65,0.0004,106.796,18.475,505,ok,,
91ebf8b0ea69a7203c9d1ecc9b7622954dbbc322,head,home,1,2,1058.162,70,0.0004,104.482,21.918,490,ok,,
91ebf8b0ea69a7203c9d1ecc9b7622954dbbc322,head,home,2,5,1113.413,66.5,0.0004,128.83,19.851,509,outlier,inp,
91ebf8b0ea69a7203c9d1ecc9b7622954dbbc322,head,home,3,6,1141.9285,112,0.0004,106.214,3.385,507,outlier,tbt,
91ebf8b0ea69a7203c9d1ecc9b7622954dbbc322,head,home,4,9,1021.4927,87.0,0.0004,126.816,0,490,outlier,inp,
fa05ae1230079eeb1b87d900236ceb3260103e90,base,home,0,0,1117.6399,74.0,0.0004,106.823,16.629,489,ok,,
fa05ae1230079eeb1b87d900236ceb3260103e90,base,home,1,3,1136.0432,64.5,0.0004,113,1.922,491,ok,,
fa05ae1230079eeb1b87d900236ceb3260103e90,base,home,2,4,1155.8487,98.0,0.0004,114.154,3.791,487,ok,,
fa05ae1230079eeb1b87d900236ceb3260103e90,base,home,3,7,1155.8981,73,0.0005,113.375,10.523,523,ok,,
fa05ae1230079eeb1b87d900236ceb3260103e90,base,home,4,8,1098.1876,72,0.0004,108.913,24.007,490,ok,,
fa05ae1230079eeb1b87d900236ceb3260103e90,head,home,0,1,1176.7871,66,0.0004,107.772,0,560,outlier,lcpObs,
fa05ae1230079eeb1b87d900236ceb3260103e90,head,home,1,2,1045.9894,76.5,0.0004,107.07,22.291,491,ok,,
fa05ae1230079eeb1b87d900236ceb3260103e90,head,home,2,5,1098.8299,77.0,0.0004,103.526,19.021,487,ok,,
fa05ae1230079eeb1b87d900236ceb3260103e90,head,home,3,6,1207.8758,282,0.0004,107.587,21.676,540,outlier,tbt,
fa05ae1230079eeb1b87d900236ceb3260103e90,head,home,4,9,1057.7416,67,0.0004,124.72,1.141,490,ok,,
ec06fbc1fcad2a8fa9ebfd971f29b7301c15245e,base,home,0,0,1078.4831,103,0.0004,89.554,23.754,469,ok,,
ec06fbc1fcad2a8fa9ebfd971f29b7301c15245e,base,home,1,3,1138.5926,83.0,0.0004,106.628,12.976,542,ok,,
ec06fbc1fcad2a8fa9ebfd971f29b7301c15245e,base,home,2,4,1060.0919,87,0.0004,108.139,2.33,487,ok,,
ec06fbc1fcad2a8fa9ebfd971f29b7301c15245e,base,home,3,7,1057.0233,82,0.0004,107.72,20.526,490,ok,,
ec06fbc1fcad2a8fa9ebfd971f29b7301c15245e,base,home,4,8,1096.0722,67,0.0004,109.713,21.693,506,ok,,
ec06fbc1fcad2a8fa9ebfd971f29b7301c15245e,base,home,5,11,1119.962,83,0.0004,115.027,20.773,491,ok,,
ec06fbc1fcad2a8fa9ebfd971f29b7301c15245e,base,home,6,12,1114.5312,63,0.0004,108.147,31.842,525,ok,,
ec06fbc1fcad2a8fa9ebfd971f29b7301c15245e,base,home,7,15,1164.8018,94.0,0.0004,109.253,3.167,489,ok,,
ec06fbc1fcad2a8fa9ebfd971f29b7301c15245e,base,home,8,16,1014.9525,71,0.0004,107.018,20.496,504,ok,,
ec06fbc1fcad2a8fa9ebfd971f29b7301c15245e,base,home,9,19,1138.6357,77.0,0.0005,106.962,22.096,525,ok,,
ec06fbc1fcad2a8fa9ebfd971f29b7301c15245e,base,home,10,20,1112.6189,72,0.0004,101.941,14.822,524,ok,,
ec06fbc1fcad2a8fa9ebfd971f29b7301c15245e,base,home,11,23,1032.8181,62.5,0.0004,108.311,2.77,489,ok,,
ec06fbc1fcad2a8fa9ebfd971f29b7301c15245e,base,home,12,24,1020.2684,71.0,0.0005,129.016,18.849,489,outlier,inp,
ec06fbc1fcad2a8fa9ebfd971f29b7301c15245e,base,home,13,27,1056.0172,65.5,0.0004,107,15.056,526,ok,,
ec06fbc1fcad2a8fa9ebfd971f29b7301c15245e,base,home,14,28,1119.3159,72,0.0004,109.769,1.939,486,ok,,
ec06fbc1fcad2a8fa9ebfd971f29b7301c15245e,head,home,0,1,1154.6101,71,0.0004,110.721,16.603,544,outlier,lcpObs,
ec06fbc1fcad2a8fa9ebfd971f29b7301c15245e,head,home,1,2,1189.8808,112.0,0.0004,108.245,4.354,504,outlier,tbt,
ec06fbc1fcad2a8fa9ebfd971f29b7301c15245e,head,home,2,5,1017.3276,62.5,0.0004,110.672,16.262,488,ok,,
ec06fbc1fcad2a8fa9ebfd971f29b7301c15245e,head,home,3,6,1115.3224,65,0.0004,112.787,18.034,491,ok,,
ec06fbc1fcad2a8fa9ebfd971f29b7301c15245e,head,home,4,9,1113.7286,73.5,0.0004,110.523,19.656,510,ok,,
ec06fbc1fcad2a8fa9ebfd971f29b7301c15245e,head,home,5,10,1058.93,68,0.0004,123.307,20.501,493,ok,,
ec06fbc1fcad2a8fa9ebfd971f29b7301c15245e,head,home,6,13,1099.0775,63.0,0.0004,110.084,22.107,508,ok,,
ec06fbc1fcad2a8fa9ebfd971f29b7301c15245e,head,home,7,14,1056.1559,74,0.0004,124.756,15.006,489,ok,,
ec06fbc1fcad2a8fa9ebfd971f29b7301c15245e,head,home,8,17,1118.2984,73,0.0005,122.302,19.372,491,ok,,
ec06fbc1fcad2a8fa9ebfd971f29b7301c15245e,head,home,9,18,1116.219,85.0,0.0004,109.69,24.462,488,ok,,
ec06fbc1fcad2a8fa9ebfd971f29b7301c15245e,head,home,10,21,1058.4126,70,0.0004,115.482,11.621,489,ok,,
ec06fbc1fcad2a8fa9ebfd971f29b7301c15245e,head,home,11,22,1097.3374,67.5,0.0004,126.31,15.253,592,outlier,lcpObs,
ec06fbc1fcad2a8fa9ebfd971f29b7301c15245e,head,home,12,25,1100.0526,74,0.0004,115.374,20.431,488,ok,,
ec06fbc1fcad2a8fa9ebfd971f29b7301c15245e,head,home,13,26,1164.5207,114,0.0004,106.891,2.928,488,outlier,tbt,
ec06fbc1fcad2a8fa9ebfd971f29b7301c15245e,head,home,14,29,1138.8883,66.5,0.0004,116.773,20.259,490,ok,,
dd1b45a25a171549e82706b156330e22098c85b5,base,home,0,0,1155.4461,71,0.0004,128.902,25.141,541,ok,,
dd1b45a25a171549e82706b156330e22098c85b5,base,home,1,3,1126.0764,84,0.0004,106.765,19.749,507,ok,,
dd1b45a25a171549e82706b156330e22098c85b5,base,home,2,4,1096.7976,71,0.0004,107.988,23.107,542,ok,,
dd1b45a25a171549e82706b156330e22098c85b5,base,home,3,7,1062.4691,87.0,0.0004,109.019,18.676,506,ok,,
dd1b45a25a171549e82706b156330e22098c85b5,base,home,4,8,1100.5589,79,0.0004,109.144,21.005,490,ok,,
dd1b45a25a171549e82706b156330e22098c85b5,base,home,5,11,1061.6224,112,0.0004,115.031,14.593,596,outlier,tbt;lcpObs,
dd1b45a25a171549e82706b156330e22098c85b5,base,home,6,12,1111.3708,74.5,0.0004,116.476,1.739,506,ok,,
dd1b45a25a171549e82706b156330e22098c85b5,base,home,7,15,1067.5366,82,0.0004,112.996,28.357,490,ok,,
dd1b45a25a171549e82706b156330e22098c85b5,base,home,8,16,1101.2535,76.0,0.0004,104.061,28.317,471,ok,,
dd1b45a25a171549e82706b156330e22098c85b5,base,home,9,19,1100.252,70,0.0004,122.695,13.866,541,ok,,
dd1b45a25a171549e82706b156330e22098c85b5,base,home,10,20,1115.8635,76.5,0.0004,106.988,15.053,508,ok,,
dd1b45a25a171549e82706b156330e22098c85b5,base,home,11,23,1121.2998,70,0.0004,118.876,21.882,522,ok,,
dd1b45a25a171549e82706b156330e22098c85b5,base,home,12,24,1117.0732,72,0.0004,130.165,0.921,469,ok,,
dd1b45a25a171549e82706b156330e22098c85b5,base,home,13,27,1177.7562,71,0.0004,107.143,17.5,506,ok,,
dd1b45a25a171549e82706b156330e22098c85b5,base,home,14,28,1057.8915,72.0,0.0004,115.131,0.968,490,ok,,
dd1b45a25a171549e82706b156330e22098c85b5,head,home,0,1,856.7518,70.0,0.0007,109.797,13.428,2032,outlier,lcp;lcpObs,
dd1b45a25a171549e82706b156330e22098c85b5,head,home,1,2,1020.1873,68,0.0005,105.982,5.997,491,outlier,lcp,
dd1b45a25a171549e82706b156330e22098c85b5,head,home,2,5,1117.5004,69,0.0004,108.573,15.852,489,ok,,
dd1b45a25a171549e82706b156330e22098c85b5,head,home,3,6,1135.7885,69.0,0.0004,108.928,20.711,506,ok,,
dd1b45a25a171549e82706b156330e22098c85b5,head,home,4,9,1110.32,65,0.0004,114.34,14.015,490,ok,,
dd1b45a25a171549e82706b156330e22098c85b5,head,home,5,10,1106.3066,72.0,0.0004,116.666,16.439,508,ok,,
dd1b45a25a171549e82706b156330e22098c85b5,head,home,6,13,1056.113,67,0.0004,116.537,17.829,487,ok,,
dd1b45a25a171549e82706b156330e22098c85b5,head,home,7,14,1144.7097,107,0.0004,107.937,16.251,488,outlier,tbt,
dd1b45a25a171549e82706b156330e22098c85b5,head,home,8,17,1119.674,86,0.0004,105.773,22.104,472,ok,,
dd1b45a25a171549e82706b156330e22098c85b5,head,home,9,18,1115.8515,65,0.0004,106.238,24.081,506,ok,,
dd1b45a25a171549e82706b156330e22098c85b5,head,home,10,21,1041.5359,90,0.0004,107.125,13.773,489,ok,,
dd1b45a25a171549e82706b156330e22098c85b5,head,home,11,22,1096.3357,73.0,0.0004,109.547,19.643,505,ok,,
dd1b45a25a171549e82706b156330e22098c85b5,head,home,12,25,1145.9766,66,0.0005,124.305,17.211,507,ok,,
dd1b45a25a171549e82706b156330e22098c85b5,head,home,13,26,1119.336,67,0.0004,124.788,13.598,507,ok,,
dd1b45a25a171549e82706b156330e22098c85b5,head,home,14,29,1153.1424,74.5,0.0004,139.941,5.776,507,outlier,inp,
0bf234fcc921c47f1f3395e6410023fc7efc11f0,base,home,0,0,1076.8026,69,0.0004,115.016,15.217,486,ok,,
0bf234fcc921c47f1f3395e6410023fc7efc11f0,base,home,1,3,1136.0265,78,0.0004,124.445,2.749,524,ok,,
0bf234fcc921c47f1f3395e6410023fc7efc11f0,base,home,2,4,1037.9816,80.0,0.0004,109.167,22.265,506,ok,,
0bf234fcc921c47f1f3395e6410023fc7efc11f0,base,home,3,7,1117.4396,68.5,0.0004,116.789,15.265,508,ok,,
0bf234fcc921c47f1f3395e6410023fc7efc11f0,base,home,4,8,1096.4976,79,0.0004,107.875,1.14,492,ok,,
0bf234fcc921c47f1f3395e6410023fc7efc11f0,base,home,5,11,1056.3422,70.5,0.0004,117.254,15.011,489,ok,,
0bf234fcc921c47f1f3395e6410023fc7efc11f0,base,home,6,12,1033.7765,71.0,0.0004,106.156,18.653,471,ok,,
0bf234fcc921c47f1f3395e6410023fc7efc11f0,base,home,7,15,1136.2722,75,0.0004,124.611,11.038,491,ok,,
0bf234fcc921c47f1f3395e6410023fc7efc11f0,base,home,8,16,1115.5372,75,0.0005,110.212,14.611,508,ok,,
0bf234fcc921c47f1f3395e6410023fc7efc11f0,base,home,9,19,1116.136,109,0.0004,108.858,19.623,489,outlier,tbt,
0bf234fcc921c47f1f3395e6410023fc7efc11f0,base,home,10,20,1060.9111,72,0.0004,109.161,18.868,489,ok,,
0bf234fcc921c47f1f3395e6410023fc7efc11f0,base,home,11,23,1097.3332,82.0,0.0004,123.394,0,594,outlier,lcpObs,
0bf234fcc921c47f1f3395e6410023fc7efc11f0,base,home,12,24,1095.8655,68.0,0.0004,130.564,0,474,ok,,
0bf234fcc921c47f1f3395e6410023fc7efc11f0,base,home,13,27,1057.1268,83,0.0004,137.027,35.519,505,ok,,
0bf234fcc921c47f1f3395e6410023fc7efc11f0,base,home,14,28,1121.8546,71,0.0004,136.853,4.779,509,ok,,
0bf234fcc921c47f1f3395e6410023fc7efc11f0,head,home,0,1,1157.8763,72.0,0.0005,130.189,22.726,662,outlier,lcpObs,
0bf234fcc921c47f1f3395e6410023fc7efc11f0,head,home,1,2,1018.3164,87.0,0.0004,110.791,19.864,507,ok,,
0bf234fcc921c47f1f3395e6410023fc7efc11f0,head,home,2,5,1139.4646,68,0.0004,125.765,29.784,524,ok,,
0bf234fcc921c47f1f3395e6410023fc7efc11f0,head,home,3,6,1068.5874,102.5,0.0004,126.59,25.568,472,outlier,tbt,
0bf234fcc921c47f1f3395e6410023fc7efc11f0,head,home,4,9,1057.8014,71.5,0.0004,123.188,19.58,486,ok,,
0bf234fcc921c47f1f3395e6410023fc7efc11f0,head,home,5,10,1123.3225,72.5,0.0004,128.056,0,525,ok,,
0bf234fcc921c47f1f3395e6410023fc7efc11f0,head,home,6,13,1058.3238,71,0.0004,119.613,25.745,489,ok,,
0bf234fcc921c47f1f3395e6410023fc7efc11f0,head,home,7,14,1021.2294,79,0.0004,116.98,20.873,469,ok,,
0bf234fcc921c47f1f3395e6410023fc7efc11f0,head,home,8,17,1095.8808,70,0.0004,107.14,16.439,526,ok,,
0bf234fcc921c47f1f3395e6410023fc7efc11f0,head,home,9,18,1138.4414,69,0.0004,127.875,21.418,493,ok,,
0bf234fcc921c47f1f3395e6410023fc7efc11f0,head,home,10,21,1110.9624,59.5,0.0004,108.397,21.409,509,ok,,
0bf234fcc921c47f1f3395e6410023fc7efc11f0,head,home,11,22,1099.2084,65,0.0004,105.499,2.579,508,ok,,
0bf234fcc921c47f1f3395e6410023fc7efc11f0,head,home,12,25,1055.8778,73,0.0004,108.862,14.343,471,ok,,
0bf234fcc921c47f1f3395e6410023fc7efc11f0,head,home,13,26,1098.5659,109.0,0.0004,107.706,21.3,473,outlier,tbt,
0bf234fcc921c47f1f3395e6410023fc7efc11f0,head,home,14,29,1019.5162,65.5,0.0004,103.308,20.942,505,ok,,
f87c2cde09ea7bdf91abbf238ab3fd4a0133c2ce,base,home,0,0,1140.2006,74,0.0004,108.719,4.037,522,ok,,
f87c2cde09ea7bdf91abbf238ab3fd4a0133c2ce,base,home,1,3,1036.5676,66.5,0.0004,106.251,19.048,527,ok,,
f87c2cde09ea7bdf91abbf238ab3fd4a0133c2ce,base,home,2,4,1015.4472,74,0.0004,124.587,1.532,469,ok,,
f87c2cde09ea7bdf91abbf238ab3fd4a0133c2ce,base,home,3,7,1096.9876,69,0.0004,106.298,19.268,493,ok,,
f87c2cde09ea7bdf91abbf238ab3fd4a0133c2ce,base,home,4,8,1028.9865,82,0.0004,109.665,19.034,489,ok,,
f87c2cde09ea7bdf91abbf238ab3fd4a0133c2ce,base,home,5,11,1096.1426,86,0.0004,108.371,16.006,506,ok,,
f87c2cde09ea7bdf91abbf238ab3fd4a0133c2ce,base,home,6,12,1179.7344,140,0.0004,115.2,12.87,628,outlier,tbt;lcpObs,
f87c2cde09ea7bdf91abbf238ab3fd4a0133c2ce,base,home,7,15,1097.8872,76,0.0004,113.496,18.05,470,ok,,
f87c2cde09ea7bdf91abbf238ab3fd4a0133c2ce,base,home,8,16,1060.4308,67.5,0.0004,108.195,23.894,507,ok,,
f87c2cde09ea7bdf91abbf238ab3fd4a0133c2ce,base,home,9,19,1098.173,76,0.0004,116.368,19.04,488,ok,,
f87c2cde09ea7bdf91abbf238ab3fd4a0133c2ce,base,home,10,20,1016.3584,69.5,0.0004,108.357,23.115,474,ok,,
f87c2cde09ea7bdf91abbf238ab3fd4a0133c2ce,base,home,11,23,1140.0611,68,0.0004,122.534,18.23,474,ok,,
f87c2cde09ea7bdf91abbf238ab3fd4a0133c2ce,base,home,12,24,1031.0521,68,0.0004,110.499,20.396,472,ok,,
f87c2cde09ea7bdf91abbf238ab3fd4a0133c2ce,base,home,13,27,1139.3245,68,0.0004,106.925,19.27,507,ok,,
f87c2cde09ea7bdf91abbf238ab3fd4a0133c2ce,base,home,14,28,1059.9028,64.5,0.0004,128.576,5.385,490,ok,,
f87c2cde09ea7bdf91abbf238ab3fd4a0133c2ce,head,home,0,1,1094.7742,65.0,0.0004,109.31,19.068,523,ok,,
f87c2cde09ea7bdf91abbf238ab3fd4a0133c2ce,head,home,1,2,1137.5171,86.0,0.0004,131.493,4.822,507,ok,,
f87c2cde09ea7bdf91abbf238ab3fd4a0133c2ce,head,home,2,5,1637.7494,77,0.0004,107.256,23.537,574,outlier,lcp,
f87c2cde09ea7bdf91abbf238ab3fd4a0133c2ce,head,home,3,6,1113.2625,91.0,0.0004,108.908,17.444,527,ok,,
f87c2cde09ea7bdf91abbf238ab3fd4a0133c2ce,head,home,4,9,1018.0811,75.0,0.0004,115.898,13.402,471,ok,,
f87c2cde09ea7bdf91abbf238ab3fd4a0133c2ce,head,home,5,10,1044.758,50,0.0004,118.163,20.63,489,ok,,
f87c2cde09ea7bdf91abbf238ab3fd4a0133c2ce,head,home,6,13,1139.8618,107,0.0005,116.743,21.717,488,ok,,
f87c2cde09ea7bdf91abbf238ab3fd4a0133c2ce,head,home,7,14,1018.5328,74,0.0004,103.486,14.561,505,ok,,
f87c2cde09ea7bdf91abbf238ab3fd4a0133c2ce,head,home,8,17,1034.6379,78,0.0004,110.523,25.314,474,ok,,
f87c2cde09ea7bdf91abbf238ab3fd4a0133c2ce,head,home,9,18,1126.6334,77,0.0004,122.131,17.064,489,ok,,
f87c2cde09ea7bdf91abbf238ab3fd4a0133c2ce,head,home,10,21,1116.3524,66,0.0004,109.404,20.81,507,ok,,
f87c2cde09ea7bdf91abbf238ab3fd4a0133c2ce,head,home,11,22,1018.7556,120.5,0.0004,104.43,11.385,488,ok,,
f87c2cde09ea7bdf91abbf238ab3fd4a0133c2ce,head,home,12,25,854.0909,89,0.0005,126.326,17.406,2033,outlier,lcp;lcpObs,
f87c2cde09ea7bdf91abbf238ab3fd4a0133c2ce,head,home,13,26,1112.7759,132,0.0004,107.773,1.161,488,outlier,tbt,
f87c2cde09ea7bdf91abbf238ab3fd4a0133c2ce,head,home,14,29,1061.3979,73,0.0004,107.278,18.665,524,ok,,
8f20b29b7312a6075674177238485e7598bc3276,base,home,0,0,1116.2355,105.0,0.0004,100.621,21.51,806,outlier,tbt;lcpObs,
8f20b29b7312a6075674177238485e7598bc3276,base,home,1,3,1164.4076,86,0.0004,107.75,1.19,506,ok,,
8f20b29b7312a6075674177238485e7598bc3276,base,home,2,4,1115.8976,68,0.0004,110.378,10.97,505,ok,,
8f20b29b7312a6075674177238485e7598bc3276,base,home,3,7,1138.1736,85,0.0004,106.048,17.811,507,ok,,
8f20b29b7312a6075674177238485e7598bc3276,base,home,4,8,1096.57,94.0,0.0004,108.872,5.978,524,ok,,
8f20b29b7312a6075674177238485e7598bc3276,base,home,5,11,1138.3109,68,0.0004,126.733,21.097,510,ok,,
8f20b29b7312a6075674177238485e7598bc3276,base,home,6,12,1116.2419,70,0.0004,112.276,16.249,489,ok,,
8f20b29b7312a6075674177238485e7598bc3276,base,home,7,15,1067.0933,79,0.0004,105.306,14.837,470,ok,,
8f20b29b7312a6075674177238485e7598bc3276,base,home,8,16,1097.4696,71.0,0.0004,127.866,32.791,509,ok,,
8f20b29b7312a6075674177238485e7598bc3276,base,home,9,19,1057.6858,68,0.0004,121.071,27.786,487,ok,,
8f20b29b7312a6075674177238485e7598bc3276,base,home,10,20,1114.3789,63.5,0.0004,124.209,16.001,487,ok,,
8f20b29b7312a6075674177238485e7598bc3276,base,home,11,23,1114.3424,68.5,0.0004,108.113,20.656,505,ok,,
8f20b29b7312a6075674177238485e7598bc3276,base,home,12,24,1097.3846,75,0.0004,115.374,18.116,509,ok,,
8f20b29b7312a6075674177238485e7598bc3276,base,home,13,27,1058.3983,72.0,0.0004,114.154,14.447,475,ok,,
8f20b29b7312a6075674177238485e7598bc3276,base,home,14,28,1025.3354,74,0.0004,113.846,12.534,487,outlier,lcp,
8f20b29b7312a6075674177238485e7598bc3276,head,home,0,1,1118.317,99.0,0.0005,109.848,2.52,507,ok,,
8f20b29b7312a6075674177238485e7598bc3276,head,home,1,2,1095.3521,70,0.0004,121.857,1.925,523,ok,,
8f20b29b7312a6075674177238485e7598bc3276,head,home,2,5,1117.2387,84,0.0004,106.385,21.264,510,ok,,
8f20b29b7312a6075674177238485e7598bc3276,head,home,3,6,1100.6765,110.0,0.0004,136.196,23.907,491,outlier,inp,
8f20b29b7312a6075674177238485e7598bc3276,head,home,4,9,1156.1366,74.0,0.0004,110.611,25.708,526,ok,,
8f20b29b7312a6075674177238485e7598bc3276,head,home,5,10,858.8306,79,0.0007,104.602,15.185,2035,outlier,lcp;lcpObs,
8f20b29b7312a6075674177238485e7598bc3276,head,home,6,13,1117.6419,73,0.0004,123.096,22.467,490,ok,,
8f20b29b7312a6075674177238485e7598bc3276,head,home,7,14,1101.3149,88.0,0.0004,110.21,12.369,489,ok,,
8f20b29b7312a6075674177238485e7598bc3276,head,home,8,17,1099.387,66.5,0.0004,106.879,19.826,488,ok,,
8f20b29b7312a6075674177238485e7598bc3276,head,home,9,18,1018.4706,111.0,0.0004,124.603,13.189,472,outlier,lcp,
8f20b29b7312a6075674177238485e7598bc3276,head,home,10,21,1150.9641,113,0.0004,108.074,13.657,626,outlier,lcpObs,
8f20b29b7312a6075674177238485e7598bc3276,head,home,11,22,1114.1986,70,0.0004,127.352,23.065,505,ok,,
8f20b29b7312a6075674177238485e7598bc3276,head,home,12,25,1017.1522,66.5,0.0004,113.85,17.669,487,outlier,lcp,
8f20b29b7312a6075674177238485e7598bc3276,head,home,13,26,1033.4275,82.0,0.0004,107.464,16.238,473,ok,,
8f20b29b7312a6075674177238485e7598bc3276,head,home,14,29,1098.4623,66,0.0004,130.827,22.297,524,outlier,inp,
49f1276ef238b51f80254408972f5046feb6b784,base,home,0,0,1101.3626,80,0.0004,126.341,19.094,523,ok,,
49f1276ef238b51f80254408972f5046feb6b784,base,home,1,3,1115.5131,65.5,0.0004,108.08,15.409,510,ok,,
49f1276ef238b51f80254408972f5046feb6b784,base,home,2,4,1099.4336,77,0.0004,122.19,5.591,504,ok,,
49f1276ef238b51f80254408972f5046feb6b784,base,home,3,7,1105.2188,90,0.0004,109.638,19.239,506,ok,,
49f1276ef238b51f80254408972f5046feb6b784,base,home,4,8,1179.2297,101.0,0.0004,116.978,22.866,507,outlier,lcp,
49f1276ef238b51f80254408972f5046feb6b784,head,home,0,1,1076.5304,68.5,0.0004,108.584,19.276,524,outlier,lcp,
49f1276ef238b51f80254408972f5046feb6b784,head,home,1,2,1157.2338,86,0.0004,106.196,21.126,523,ok,,
49f1276ef238b51f80254408972f5046feb6b784,head,home,2,5,1150.2414,70,0.0004,109.633,14.609,470,outlier,lcpObs,
49f1276ef238b51f80254408972f5046feb6b784,head,home,3,6,1059.5336,95,0.0004,116.702,20.315,489,outlier,lcp,
49f1276ef238b51f80254408972f5046feb6b784,head,home,4,9,1157.2406,102.5,0.0004,108.479,17.629,524,ok,,
b8da5065fdc77a34d25ea149169f7bb90e46a892,base,home,0,0,1079.3783,79.0,0.0004,118.018,14.999,491,ok,,
b8da5065fdc77a34d25ea149169f7bb90e46a892,base,home,1,3,1097.5856,70,0.0004,120.47,33.631,506,ok,,
b8da5065fdc77a34d25ea149169f7bb90e46a892,base,home,2,4,1098.4561,72,0.0004,110.878,6.176,507,ok,,
b8da5065fdc77a34d25ea149169f7bb90e46a892,base,home,3,7,1118.6589,70.5,0.0004,116.49,17.861,492,ok,,
b8da5065fdc77a34d25ea149169f7bb90e46a892,base,home,4,8,1120.1581,79.0,0.0004,116.076,21.816,488,ok,,
b8da5065fdc77a34d25ea149169f7bb90e46a892,head,home,0,1,1173.1891,107.5,0.0004,109.061,17.21,488,outlier,tbt,
b8da5065fdc77a34d25ea149169f7bb90e46a892,head,home,1,2,1141.8241,75,0.0004,108.598,1.358,543,ok,,
b8da5065fdc77a34d25ea149169f7bb90e46a892,head,home,2,5,1036.5437,74,0.0004,129.021,18.955,486,ok,,
b8da5065fdc77a34d25ea149169f7bb90e46a892,head,home,3,6,1099.3918,68,0.0004,120.222,19.837,525,ok,,
b8da5065fdc77a34d25ea149169f7bb90e46a892,head,home,4,9,895.719,72.5,0.0005,124.637,16.383,2035,outlier,lcpObs,
807b3c59f2eae4b152142a54b5044e4cc485e579,base,home,0,0,1156.8148,70.0,0.0004,143.044,73.452,541,outlier,inp;tbtFlow,
807b3c59f2eae4b152142a54b5044e4cc485e579,base,home,1,3,1059.6104,72.5,0.0004,107.257,20.948,505,ok,,
807b3c59f2eae4b152142a54b5044e4cc485e579,base,home,2,4,1056.5381,64.5,0.0005,109.003,21.88,489,ok,,
807b3c59f2eae4b152142a54b5044e4cc485e579,base,home,3,7,1156.5424,133,0.0004,108.02,4.334,787,outlier,tbt;lcpObs,
807b3c59f2eae4b152142a54b5044e4cc485e579,base,home,4,8,1117.4954,73.0,0.0004,129.803,17.793,507,outlier,inp,
807b3c59f2eae4b152142a54b5044e4cc485e579,head,home,0,1,1179.349,97,0.0004,108.193,1.527,559,outlier,lcp;lcpObs,
807b3c59f2eae4b152142a54b5044e4cc485e579,head,home,1,2,1115.186,69,0.0004,124.911,18.83,489,ok,,
807b3c59f2eae4b152142a54b5044e4cc485e579,head,home,2,5,1069.8281,76.0,0.0004,129.317,23.697,491,ok,,
807b3c59f2eae4b152142a54b5044e4cc485e579,head,home,3,6,1100.3812,78,0.0004,103.903,16.466,523,ok,,
807b3c59f2eae4b152142a54b5044e4cc485e579,head,home,4,9,1099.5221,70,0.0004,115.355,11.985,488,ok,,
65f218b100a90b6b5b18c1f1865d443b8991aeb0,base,home,0,0,1179.267,78,0.0004,103.591,18.92,539,ok,,
65f218b100a90b6b5b18c1f1865d443b8991aeb0,base,home,1,3,1057.2654,66,0.0004,114.354,16.994,488,ok,,
65f218b100a90b6b5b18c1f1865d443b8991aeb0,base,home,2,4,1115.4685,100.0,0.0004,124.734,23.489,508,ok,,
65f218b100a90b6b5b18c1f1865d443b8991aeb0,base,home,3,7,1160.1249,92.5,0.0004,124.658,19.697,490,ok,,
65f218b100a90b6b5b18c1f1865d443b8991aeb0,base,home,4,8,1098.2435,79,0.0004,133.737,32.971,489,ok,,
65f218b100a90b6b5b18c1f1865d443b8991aeb0,head,home,0,1,1181.9576,116,0.0004,127.509,16.379,538,outlier,tbt,
65f218b100a90b6b5b18c1f1865d443b8991aeb0,head,home,1,2,1060.4892,67.5,0.0004,130.685,1.348,488,ok,,
65f218b100a90b6b5b18c1f1865d443b8991aeb0,head,home,2,5,869.3573,85,0.0005,124.265,23.947,2022,outlier,lcp;lcpObs,
65f218b100a90b6b5b18c1f1865d443b8991aeb0,head,home,3,6,1123.0651,73,0.0004,127.073,21.161,490,ok,,
65f218b100a90b6b5b18c1f1865d443b8991aeb0,head,home,4,9,1115.519,67,0.0004,130.461,20.308,490,ok,,
7028daa44a3317fe82aad798580fc2f01c216096,base,home,0,0,1116.658,71.0,0.0004,116.114,19.881,489,ok,,
7028daa44a3317fe82aad798580fc2f01c216096,base,home,1,3,1136.1561,97,0.0005,108.529,0.746,559,ok,,
7028daa44a3317fe82aad798580fc2f01c216096,base,home,2,4,1057.1683,77,0.0004,108.816,2.365,491,ok,,
7028daa44a3317fe82aad798580fc2f01c216096,base,home,3,7,1114.2341,71,0.0004,109.241,16.449,471,ok,,
7028daa44a3317fe82aad798580fc2f01c216096,base,home,4,8,1157.535,80.5,0.0004,108.212,17.256,472,ok,,
7028daa44a3317fe82aad798580fc2f01c216096,head,home,0,1,1137.816,66,0.0004,110.66,21.498,823,outlier,lcpObs,
7028daa44a3317fe82aad798580fc2f01c216096,head,home,1,2,1101.6109,62.5,0.0004,105.085,6.192,502,ok,,
7028daa44a3317fe82aad798580fc2f01c216096,head,home,2,5,1183.9464,79.0,0.0004,124.459,23.072,522,ok,,
7028daa44a3317fe82aad798580fc2f01c216096,head,home,3,6,1056.9934,69,0.0004,108.463,2.919,489,ok,,
7028daa44a3317fe82aad798580fc2f01c216096,head,home,4,9,1100.6526,80.0,0.0004,108.345,17.892,507,ok,,
52eaf645919361c05d5ff75bd32d0e0e3a54e7e1,base,home,0,0,1177.9795,138,0.0004,99.026,29.212,524,outlier,tbt,
52eaf645919361c05d5ff75bd32d0e0e3a54e7e1,base,home,1,3,1113.9556,67.5,0.0004,109.507,17.44,510,ok,,
52eaf645919361c05d5ff75bd32d0e0e3a54e7e1,base,home,2,4,1139.8475,91.0,0.0004,127.487,1.595,506,ok,,
52eaf645919361c05d5ff75bd32d0e0e3a54e7e1,base,home,3,7,1058.218,63.5,0.0004,123.773,15.346,489,ok,,
52eaf645919361c05d5ff75bd32d0e0e3a54e7e1,base,home,4,8,1098.3571,74.5,0.0004,110.367,18.898,508,ok,,
52eaf645919361c05d5ff75bd32d0e0e3a54e7e1,head,home,0,1,887.3188,104,0.0005,108.643,19.212,2039,outlier,lcp;tbt;lcpObs,
52eaf645919361c05d5ff75bd32d0e0e3a54e7e1,head,home,1,2,1096.8231,72,0.0004,122.624,21.261,520,ok,,
52eaf645919361c05d5ff75bd32d0e0e3a54e7e1,head,home,2,5,1064.0386,72,0.0004,123.118,18.047,487,ok,,
52eaf645919361c05d5ff75bd32d0e0e3a54e7e1,head,home,3,6,1120.0811,76,0.0004,110.258,12.566,491,ok,,
52eaf645919361c05d5ff75bd32d0e0e3a54e7e1,head,home,4,9,1114.7677,65,0.0004,107.543,12.442,593,ok,,
a3e1619635cec683eea806e18c870fd6d963b986,base,home,0,0,1121.493,67,0.0004,127.383,22.076,559,outlier,lcpObs,
a3e1619635cec683eea806e18c870fd6d963b986,base,home,1,3,1165.8329,117.0,0.0004,106.764,16.168,506,ok,,
a3e1619635cec683eea806e18c870fd6d963b986,base,home,2,4,1065.1856,70.5,0.0004,110.15,25.349,506,ok,,
a3e1619635cec683eea806e18c870fd6d963b986,base,home,3,7,1096.5756,80,0.0004,107,20.246,525,ok,,
a3e1619635cec683eea806e18c870fd6d963b986,base,home,4,8,1121.0444,122.5,0.0004,109.892,17.689,508,ok,,
a3e1619635cec683eea806e18c870fd6d963b986,head,home,0,1,1057.3463,69,0.0004,106.816,3.969,504,ok,,
a3e1619635cec683eea806e18c870fd6d963b986,head,home,1,2,1062.3806,84.0,0.0004,111.166,22.083,507,ok,,
a3e1619635cec683eea806e18c870fd6d963b986,head,home,2,5,1176.6815,78,0.0004,105.403,3.348,539,ok,,
a3e1619635cec683eea806e18c870fd6d963b986,head,home,3,6,1096.2913,69,0.0004,109.305,22.874,507,ok,,
a3e1619635cec683eea806e18c870fd6d963b986,head,home,4,9,1114.9127,69.5,0.0004,110.827,20.222,505,ok,,
bd1590fc74c6b38df73a34e74cb0cbacccd988a0,base,home,0,0,1161.3571,105.5,0.0004,106.984,25.369,506,ok,,
bd1590fc74c6b38df73a34e74cb0cbacccd988a0,base,home,1,3,1156.111,73,0.0004,116.6,13.0,541,ok,,
bd1590fc74c6b38df73a34e74cb0cbacccd988a0,base,home,2,4,1113.8998,89,0.0004,118.442,16.583,507,ok,,
bd1590fc74c6b38df73a34e74cb0cbacccd988a0,base,home,3,7,1141.2374,71,0.0004,106.146,24.496,507,ok,,
bd1590fc74c6b38df73a34e74cb0cbacccd988a0,base,home,4,8,1141.8639,103.5,0.0004,99.308,24.702,507,ok,,
bd1590fc74c6b38df73a34e74cb0cbacccd988a0,base,home,5,11,1096.5586,69.5,0.0004,107.974,14.209,522,ok,,
bd1590fc74c6b38df73a34e74cb0cbacccd988a0,base,home,6,12,1154.6258,99,0.0004,114.739,21.241,493,ok,,
bd1590fc74c6b38df73a34e74cb0cbacccd988a0,base,home,7,15,1099.9807,80,0.0004,107.419,22.041,487,ok,,
bd1590fc74c6b38df73a34e74cb0cbacccd988a0,base,home,8,16,1113.1764,66,0.0004,128.828,2.153,507,ok,,
bd1590fc74c6b38df73a34e74cb0cbacccd988a0,base,home,9,19,1142.3139,105.5,0.0004,131.624,15.841,488,ok,,
bd1590fc74c6b38df73a34e74cb0cbacccd988a0,base,home,10,20,1077.5701,46,0.0004,109.099,20.285,507,ok,,
bd1590fc74c6b38df73a34e74cb0cbacccd988a0,base,home,11,23,1120.1483,94,0.0005,107.15,21.568,523,ok,,
bd1590fc74c6b38df73a34e74cb0cbacccd988a0,base,home,12,24,1062.3676,79.0,0.0004,123.76,18.078,489,ok,,
bd1590fc74c6b38df73a34e74cb0cbacccd988a0,base,home,13,27,1015.4445,71.5,0.0004,137.078,28.116,488,outlier,lcp,
bd1590fc74c6b38df73a34e74cb0cbacccd988a0,base,home,14,28,1137.8459,117,0.0004,124.034,17.449,507,ok,,
bd1590fc74c6b38df73a34e74cb0cbacccd988a0,head,home,0,1,1115.6242,86,0.0004,136.082,24.079,507,outlier,inp,
bd1590fc74c6b38df73a34e74cb0cbacccd988a0,head,home,1,2,1140.3737,90.0,0.0004,123.87,43.142,524,ok,,
bd1590fc74c6b38df73a34e74cb0cbacccd988a0,head,home,2,5,1098.6764,71,0.0004,126.322,21.904,509,ok,,
bd1590fc74c6b38df73a34e74cb0cbacccd988a0,head,home,3,6,858.7579,90,0.0005,106.941,19.641,2034,outlier,lcp;lcpObs,
bd1590fc74c6b38df73a34e74cb0cbacccd988a0,head,home,4,9,1023.3222,69,0.0004,109.546,3.517,469,ok,,
bd1590fc74c6b38df73a34e74cb0cbacccd988a0,head,home,5,10,1117.0229,65.5,0.0004,124.956,5.405,523,ok,,
bd1590fc74c6b38df73a34e74cb0cbacccd988a0,head,home,6,13,1080.3986,91,0.0004,110.066,23.314,487,ok,,
bd1590fc74c6b38df73a34e74cb0cbacccd988a0,head,home,7,14,1058.9444,73.0,0.0004,123.327,18.009,632,outlier,lcpObs,
bd1590fc74c6b38df73a34e74cb0cbacccd988a0,head,home,8,17,1114.4485,66.5,0.0004,107.23,17.836,507,ok,,
bd1590fc74c6b38df73a34e74cb0cbacccd988a0,head,home,9,18,1057.533,68.5,0.0004,108.797,3.946,506,ok,,
bd1590fc74c6b38df73a34e74cb0cbacccd988a0,head,home,10,21,1098.4364,78,0.0004,110.417,5.796,506,ok,,
bd1590fc74c6b38df73a34e74cb0cbacccd988a0,head,home,11,22,1017.4566,63,0.0004,108.465,18.991,593,outlier,lcpObs,
bd1590fc74c6b38df73a34e74cb0cbacccd988a0,head,home,12,25,1138.4535,84,0.0004,137.979,25.517,542,outlier,inp,
bd1590fc74c6b38df73a34e74cb0cbacccd988a0,head,home,13,26,1016.3668,64.5,0.0004,107.246,18.86,472,ok,,
bd1590fc74c6b38df73a34e74cb0cbacccd988a0,head,home,14,29,1099.0122,66.0,0.0004,129.486,4.152,508,ok,,
d29c3db7f684d16fd1d4620dbd1263f148bc33a3,base,home,0,0,1163.9755,66.5,0.0004,104.136,16.211,488,ok,,
d29c3db7f684d16fd1d4620dbd1263f148bc33a3,base,home,1,3,1100.2138,78,0.0004,110.191,24.891,539,ok,,
d29c3db7f684d16fd1d4620dbd1263f148bc33a3,base,home,2,4,1167.4558,131,0.0004,112.714,0.946,507,outlier,tbt,
d29c3db7f684d16fd1d4620dbd1263f148bc33a3,base,home,3,7,1121.707,76.5,0.0004,129.858,2.335,506,ok,,
d29c3db7f684d16fd1d4620dbd1263f148bc33a3,base,home,4,8,1035.6683,58,0.0004,129.625,38.878,506,ok,,
d29c3db7f684d16fd1d4620dbd1263f148bc33a3,head,home,0,1,1103.3254,82,0.0004,128.052,20.085,523,ok,,
d29c3db7f684d16fd1d4620dbd1263f148bc33a3,head,home,1,2,1144.0736,69.5,0.0004,110.017,14.826,526,ok,,
d29c3db7f684d16fd1d4620dbd1263f148bc33a3,head,home,2,5,1188.5649,86,0.0004,111.142,13.414,507,ok,,
d29c3db7f684d16fd1d4620dbd1263f148bc33a3,head,home,3,6,1135.9421,89,0.0004,128.042,22.679,628,outlier,lcpObs,
d29c3db7f684d16fd1d4620dbd1263f148bc33a3,head,home,4,9,1054.2667,138.5,0.0004,107.422,5.392,506,outlier,tbt,
84bab403ffaac3aa8b3e00d9513b30f2b8d4f9fd,base,home,0,0,1174.3764,169,0.0004,88.212,32.929,491,outlier,tbt,
84bab403ffaac3aa8b3e00d9513b30f2b8d4f9fd,base,home,1,3,1189.7207,112.5,0.0005,94.781,37.465,507,ok,,
84bab403ffaac3aa8b3e00d9513b30f2b8d4f9fd,base,home,2,4,1168.5136,85,0.0004,85.735,29.753,499,ok,,
84bab403ffaac3aa8b3e00d9513b30f2b8d4f9fd,base,home,3,7,1108.4597,105.5,0.0004,118.452,81.131,479,outlier,tbtFlow,
84bab403ffaac3aa8b3e00d9513b30f2b8d4f9fd,base,home,4,8,1064.1435,109.5,0.0004,136.284,97.261,468,outlier,lcp;inp;tbtFlow,
84bab403ffaac3aa8b3e00d9513b30f2b8d4f9fd,head,home,0,1,1170.8401,125,0.0005,114.698,92.098,493,ok,,
84bab403ffaac3aa8b3e00d9513b30f2b8d4f9fd,head,home,1,2,1116.3206,112,0.0004,102.06,45.126,492,ok,,
84bab403ffaac3aa8b3e00d9513b30f2b8d4f9fd,head,home,2,5,1139.5546,107,0.0004,92.759,23.877,518,ok,,
84bab403ffaac3aa8b3e00d9513b30f2b8d4f9fd,head,home,3,6,1160.0144,106,0.0004,88.015,25.137,489,ok,,
84bab403ffaac3aa8b3e00d9513b30f2b8d4f9fd,head,home,4,9,1181.6632,121.0,0.0004,119.02,73.329,497,ok,,
61e0bb83d091a761d4e8305ac99c486c99ac4f2c,base,home,0,0,1127.3751,98,0.0004,107.052,17.63,523,ok,,
61e0bb83d091a761d4e8305ac99c486c99ac4f2c,base,home,1,3,1066.3255,93.5,0.0004,125.482,25.927,488,ok,,
61e0bb83d091a761d4e8305ac99c486c99ac4f2c,base,home,2,4,1060.2268,61.5,0.0004,108.068,20.271,505,ok,,
61e0bb83d091a761d4e8305ac99c486c99ac4f2c,base,home,3,7,1194.1071,156,0.0004,90.977,29.096,516,ok,,
61e0bb83d091a761d4e8305ac99c486c99ac4f2c,base,home,4,8,1197.6213,112.0,0.0004,87.161,26.692,510,ok,,
61e0bb83d091a761d4e8305ac99c486c99ac4f2c,head,home,0,1,1023.4285,65.0,0.0004,108.714,7.206,468,ok,,
61e0bb83d091a761d4e8305ac99c486c99ac4f2c,head,home,1,2,1098.832,76,0.0004,121.728,25.521,490,ok,,
61e0bb83d091a761d4e8305ac99c486c99ac4f2c,head,home,2,5,1161.341,152,0.0004,123.161,8.438,558,outlier,lcpObs,
61e0bb83d091a761d4e8305ac99c486c99ac4f2c,head,home,3,6,1077.5646,96,0.0004,121.714,4.99,490,ok,,
61e0bb83d091a761d4e8305ac99c486c99ac4f2c,head,home,4,9,1061.0613,136,0.0004,85.809,25.985,487,outlier,inp,
6cdb683410626a16ef08b16b1a773ccfb4cec53e,base,home,0,0,1213.2354,67,0.0004,123.968,87.599,558,outlier,lcpObs,
6cdb683410626a16ef08b16b1a773ccfb4cec53e,base,home,1,3,1139.4336,100,0.0004,124.224,81.118,524,ok,,
6cdb683410626a16ef08b16b1a773ccfb4cec53e,base,home,2,4,1142.8244,63,0.0004,124.052,86.151,496,ok,,
6cdb683410626a16ef08b16b1a773ccfb4cec53e,base,home,3,7,1051.5811,91.0,0.0004,109.378,65.58,599,outlier,lcpObs,
6cdb683410626a16ef08b16b1a773ccfb4cec53e,base,home,4,8,1019.9296,71,0.0004,109.695,70.382,493,ok,,
6cdb683410626a16ef08b16b1a773ccfb4cec53e,base,home,5,11,1126.549,79,0.0004,133.848,84.321,490,ok,,
6cdb683410626a16ef08b16b1a773ccfb4cec53e,base,home,6,12,1057.909,95.5,0.0004,120.284,69.229,481,ok,,
6cdb683410626a16ef08b16b1a773ccfb4cec53e,base,home,7,15,1085.874,73,0.0004,111.232,70.445,480,ok,,
6cdb683410626a16ef08b16b1a773ccfb4cec53e,base,home,8,16,1161.1096,91.0,0.0004,140.149,91.497,504,ok,,
6cdb683410626a16ef08b16b1a773ccfb4cec53e,base,home,9,19,1143.2642,70.5,0.0004,106.077,71.285,499,ok,,
6cdb683410626a16ef08b16b1a773ccfb4cec53e,base,home,10,20,1104.1194,77.0,0.0004,109.821,63.474,494,ok,,
6cdb683410626a16ef08b16b1a773ccfb4cec53e,base,home,11,23,1146.8981,99.0,0.0004,116.343,61.991,498,ok,,
6cdb683410626a16ef08b16b1a773ccfb4cec53e,base,home,12,24,1085.2129,73,0.0004,119.234,71.199,497,ok,,
6cdb683410626a16ef08b16b1a773ccfb4cec53e,base,home,13,27,1150.0441,73.5,0.0004,104.715,60.13,514,ok,,
6cdb683410626a16ef08b16b1a773ccfb4cec53e,base,home,14,28,1175.8734,84.5,0.0004,105.017,59.949,597,outlier,lcpObs,
6cdb683410626a16ef08b16b1a773ccfb4cec53e,head,home,0,1,1139.162,98,0.0004,121.611,97.443,493,outlier,tbtFlow,
6cdb683410626a16ef08b16b1a773ccfb4cec53e,head,home,1,2,1053.1054,72.0,0.0004,128.053,86.207,502,ok,,
6cdb683410626a16ef08b16b1a773ccfb4cec53e,head,home,2,5,1178.8721,162,0.0005,166.327,164.538,531,outlier,tbt;inp;tbtFlow,
6cdb683410626a16ef08b16b1a773ccfb4cec53e,head,home,3,6,1215.0109,106,0.0004,109.017,49.215,543,ok,,
6cdb683410626a16ef08b16b1a773ccfb4cec53e,head,home,4,9,1136.3028,92,0.0004,109.428,63.337,493,ok,,
6cdb683410626a16ef08b16b1a773ccfb4cec53e,head,home,5,10,1152.1404,87,0.0004,110.667,62.893,485,ok,,
6cdb683410626a16ef08b16b1a773ccfb4cec53e,head,home,6,13,1118.3316,94.0,0.0004,118.212,60.894,483,ok,,
6cdb683410626a16ef08b16b1a773ccfb4cec53e,head,home,7,14,1117.771,74,0.0004,124.978,85.738,507,ok,,
6cdb683410626a16ef08b16b1a773ccfb4cec53e,head,home,8,17,1058.501,60,0.0004,107.7,64.676,493,outlier,tbt,
6cdb683410626a16ef08b16b1a773ccfb4cec53e,head,home,9,18,1056.9976,71.5,0.0004,104.998,65.721,514,ok,,
6cdb683410626a16ef08b16b1a773ccfb4cec53e,head,home,10,21,1156.2337,96,0.0004,116.08,68.09,479,ok,,
6cdb683410626a16ef08b16b1a773ccfb4cec53e,head,home,11,22,1135.129,99,0.0004,120.027,66.428,503,ok,,
6cdb683410626a16ef08b16b1a773ccfb4cec53e,head,home,12,25,1157.9951,100,0.0004,124.166,73.686,496,ok,,
6cdb683410626a16ef08b16b1a773ccfb4cec53e,head,home,13,26,1174.779,98.0,0.0004,119.711,63.224,508,ok,,
6cdb683410626a16ef08b16b1a773ccfb4cec53e,head,home,14,29,1128.5646,74.5,0.0004,105.558,54.127,492,ok,,
9b6edc767a2e66cfaf6fc83f099e31f347c9178a,base,home,0,0,1148.0245,103.5,0.0004,87.247,26.279,529,outlier,tbtFlow,
9b6edc767a2e66cfaf6fc83f099e31f347c9178a,base,home,1,3,897.1418,87,0.0005,109.242,66.499,2018,outlier,lcpObs,
9b6edc767a2e66cfaf6fc83f099e31f347c9178a,base,home,2,4,1055.9395,69,0.0004,100.195,63.623,483,ok,,
9b6edc767a2e66cfaf6fc83f099e31f347c9178a,base,home,3,7,1057.0474,102,0.0004,103.845,64.987,488,ok,,
9b6edc767a2e66cfaf6fc83f099e31f347c9178a,base,home,4,8,1163.316,75,0.0004,115.361,71.782,518,ok,,
9b6edc767a2e66cfaf6fc83f099e31f347c9178a,head,home,0,1,1161.295,122,0.0004,112.019,60.289,512,outlier,tbt,
9b6edc767a2e66cfaf6fc83f099e31f347c9178a,head,home,1,2,1083.6381,70.0,0.0004,100.879,60.087,498,ok,,
9b6edc767a2e66cfaf6fc83f099e31f347c9178a,head,home,2,5,1064.4717,75,0.0004,111.055,60.812,480,ok,,
9b6edc767a2e66cfaf6fc83f099e31f347c9178a,head,home,3,6,1098.7863,100,0.0004,119.508,68.304,481,ok,,
9b6edc767a2e66cfaf6fc83f099e31f347c9178a,head,home,4,9,1108.2981,78,0.0004,118.765,66.594,490,ok,,
511433988c9ed80acbbd1ad8c2a90df701fae9ae,base,home,0,0,1160.6883,98.5,0.0004,97.635,27.965,569,outlier,inp,
511433988c9ed80acbbd1ad8c2a90df701fae9ae,base,home,1,3,1057.0692,66,0.0004,124.042,54.422,470,ok,,
511433988c9ed80acbbd1ad8c2a90df701fae9ae,base,home,2,4,1204.705,70.0,0.0004,123.403,57.679,542,ok,,
511433988c9ed80acbbd1ad8c2a90df701fae9ae,base,home,3,7,1164.3339,89,0.0004,123.43,51.768,543,ok,,
511433988c9ed80acbbd1ad8c2a90df701fae9ae,base,home,4,8,1106.7956,113.0,0.0004,171.787,87.403,471,outlier,tbt;inp;tbtFlow,
511433988c9ed80acbbd1ad8c2a90df701fae9ae,base,home,5,11,1099.0574,65,0.0004,121.712,50.321,504,ok,,
511433988c9ed80acbbd1ad8c2a90df701fae9ae,base,home,6,12,1017.6874,95,0.0004,137.043,50.533,469,ok,,
511433988c9ed80acbbd1ad8c2a90df701fae9ae,base,home,7,15,1139.3038,105.0,0.0004,124.993,59.516,504,outlier,tbt,
511433988c9ed80acbbd1ad8c2a90df701fae9ae,base,home,8,16,1099.1585,71.0,0.0004,136.383,57.285,507,ok,,
511433988c9ed80acbbd1ad8c2a90df701fae9ae,base,home,9,19,1097.1516,62,0.0004,145.533,50.662,540,outlier,inp,
511433988c9ed80acbbd1ad8c2a90df701fae9ae,base,home,10,20,1098.9064,66.5,0.0004,123.547,45.051,493,ok,,
511433988c9ed80acbbd1ad8c2a90df701fae9ae,base,home,11,23,1155.6229,62,0.0004,135.153,47.465,808,outlier,lcpObs,
511433988c9ed80acbbd1ad8c2a90df701fae9ae,base,home,12,24,1143.8709,67,0.0004,119.875,43.063,524,ok,,
511433988c9ed80acbbd1ad8c2a90df701fae9ae,base,home,13,27,1079.6551,66,0.0004,124.574,59.71,490,ok,,
511433988c9ed80acbbd1ad8c2a90df701fae9ae,base,home,14,28,1136.0914,71,0.0004,129.681,52.852,471,ok,,
511433988c9ed80acbbd1ad8c2a90df701fae9ae,head,home,0,1,1178.761,111.5,0.0004,150.578,51.661,540,outlier,tbt;inp,
511433988c9ed80acbbd1ad8c2a90df701fae9ae,head,home,1,2,1077.288,86,0.0004,130.639,49.725,791,outlier,lcpObs,
511433988c9ed80acbbd1ad8c2a90df701fae9ae,head,home,2,5,1057.1222,69.0,0.0004,126.394,57.624,521,ok,,
511433988c9ed80acbbd1ad8c2a90df701fae9ae,head,home,3,6,1096.7053,72.0,0.0004,124.105,53.836,506,ok,,
511433988c9ed80acbbd1ad8c2a90df701fae9ae,head,home,4,9,888.7146,72,0.0005,121.519,45.127,2036,outlier,lcp;lcpObs,
511433988c9ed80acbbd1ad8c2a90df701fae9ae,head,home,5,10,1114.6469,66.0,0.0004,123.426,69.838,791,outlier,lcpObs,
511433988c9ed80acbbd1ad8c2a90df701fae9ae,head,home,6,13,1098.9686,77.0,0.0004,124.005,67.955,558,ok,,
511433988c9ed80acbbd1ad8c2a90df701fae9ae,head,home,7,14,1036.7517,74.0,0.0004,123.149,54.931,472,ok,,
511433988c9ed80acbbd1ad8c2a90df701fae9ae,head,home,8,17,1097.7786,88.0,0.0005,136.725,54.818,489,ok,,
511433988c9ed80acbbd1ad8c2a90df701fae9ae,head,home,9,18,1142.8026,66,0.0004,123.872,50.096,487,ok,,
511433988c9ed80acbbd1ad8c2a90df701fae9ae,head,home,10,21,1136.0259,69.0,0.0004,154.045,51.268,489,outlier,inp,
511433988c9ed80acbbd1ad8c2a90df701fae9ae,head,home,11,22,1097.9864,68.0,0.0004,125.357,54.666,525,ok,,
511433988c9ed80acbbd1ad8c2a90df701fae9ae,head,home,12,25,1163.3273,69,0.0004,134.046,58.513,491,ok,,
511433988c9ed80acbbd1ad8c2a90df701fae9ae,head,home,13,26,1098.4954,62,0.0004,136.787,49.649,505,ok,,
511433988c9ed80acbbd1ad8c2a90df701fae9ae,head,home,14,29,857.6465,109.5,0.0005,122.043,45.224,2020,outlier,lcp;tbt;lcpObs,
86c67bd37fe182f70ad994dd7acb6ee2dc128c39,base,home,0,0,1142.4194,70.0,0.0004,117.852,37.975,506,ok,,
86c67bd37fe182f70ad994dd7acb6ee2dc128c39,base,home,1,3,1117.5001,67,0.0004,155.05,79.013,510,ok,,
86c67bd37fe182f70ad994dd7acb6ee2dc128c39,base,home,2,4,1095.8071,79,0.0004,137.628,56.585,486,ok,,
86c67bd37fe182f70ad994dd7acb6ee2dc128c39,base,home,3,7,1096.0659,74,0.0004,116.826,47.328,524,ok,,
86c67bd37fe182f70ad994dd7acb6ee2dc128c39,base,home,4,8,1057.113,62.5,0.0004,129.128,57.946,489,ok,,
86c67bd37fe182f70ad994dd7acb6ee2dc128c39,head,home,0,1,1118.7884,75,0.0004,117.06,49.279,507,ok,,
86c67bd37fe182f70ad994dd7acb6ee2dc128c39,head,home,1,2,1059.2966,80.0,0.0004,137.269,23.048,486,outlier,tbtFlow,
86c67bd37fe182f70ad994dd7acb6ee2dc128c39,head,home,2,5,1096.2771,72.0,0.0004,117.399,55.694,520,ok,,
86c67bd37fe182f70ad994dd7acb6ee2dc128c39,head,home,3,6,1114.6455,63,0.0004,130.476,65.045,508,ok,,
86c67bd37fe182f70ad994dd7acb6ee2dc128c39,head,home,4,9,1076.3578,67,0.0004,120.159,58.101,772,outlier,lcpObs,
302664e500c7f2ee44a1f107d8f4680c0254305b,base,home,0,0,1145.7735,66,0.0004,124.908,36.287,506,ok,,
302664e500c7f2ee44a1f107d8f4680c0254305b,base,home,1,3,1116.452,76,0.0004,126.919,56.778,485,ok,,
302664e500c7f2ee44a1f107d8f4680c0254305b,base,home,2,4,1138.5884,68.0,0.0004,123.794,53.467,522,ok,,
302664e500c7f2ee44a1f107d8f4680c0254305b,base,home,3,7,1057.1948,64.5,0.0004,124.209,56.295,485,ok,,
302664e500c7f2ee44a1f107d8f4680c0254305b,base,home,4,8,1101.0663,114,0.0004,125.673,39.028,489,outlier,tbt,
302664e500c7f2ee44a1f107d8f4680c0254305b,head,home,0,1,1177.6174,80.0,0.0004,122.524,48.527,505,ok,,
302664e500c7f2ee44a1f107d8f4680c0254305b,head,home,1,2,896.5534,92,0.0005,156.357,141.328,2034,outlier,lcp;inp;tbtFlow;lcpObs,
302664e500c7f2ee44a1f107d8f4680c0254305b,head,home,2,5,1017.0285,65.5,0.0005,125.223,63.099,471,outlier,lcp,
302664e500c7f2ee44a1f107d8f4680c0254305b,head,home,3,6,1148.9539,82,0.0005,121.839,56.355,523,ok,,
302664e500c7f2ee44a1f107d8f4680c0254305b,head,home,4,9,1156.4081,67,0.0004,120.259,56.555,510,ok,,
424e94a403b0c819c3624afb8aad4ae18e32e1dc,base,home,0,0,1114.9217,62.5,0.0004,121.029,41.363,490,ok,,
424e94a403b0c819c3624afb8aad4ae18e32e1dc,base,home,1,3,1113.5784,69,0.0004,126.968,61.246,541,ok,,
424e94a403b0c819c3624afb8aad4ae18e32e1dc,base,home,2,4,1017.0271,76,0.0004,115.074,53.874,471,outlier,lcp,
424e94a403b0c819c3624afb8aad4ae18e32e1dc,base,home,3,7,1097.8006,65.5,0.0004,126.205,50.52,488,ok,,
424e94a403b0c819c3624afb8aad4ae18e32e1dc,base,home,4,8,1126.475,68.5,0.0004,124.02,47.727,488,ok,,
424e94a403b0c819c3624afb8aad4ae18e32e1dc,base,home,5,11,1113.0321,63,0.0004,120.668,51.708,506,ok,,
424e94a403b0c819c3624afb8aad4ae18e32e1dc,base,home,6,12,1098.4731,68,0.0004,126.674,50.48,505,ok,,
424e94a403b0c819c3624afb8aad4ae18e32e1dc,base,home,7,15,1097.3858,62,0.0004,125.375,55.198,505,ok,,
424e94a403b0c819c3624afb8aad4ae18e32e1dc,base,home,8,16,1098.9667,65,0.0004,124.683,62.085,544,ok,,
424e94a403b0c819c3624afb8aad4ae18e32e1dc,base,home,9,19,1137.8259,100.0,0.0004,139.819,56.719,486,outlier,tbt,
424e94a403b0c819c3624afb8aad4ae18e32e1dc,base,home,10,20,1098.5462,62.0,0.0004,124.722,56.531,508,ok,,
424e94a403b0c819c3624afb8aad4ae18e32e1dc,base,home,11,23,1119.1346,44,0.0004,137.251,49.121,521,ok,,
424e94a403b0c819c3624afb8aad4ae18e32e1dc,base,home,12,24,1115.087,62.5,0.0004,120.826,63.213,487,ok,,
424e94a403b0c819c3624afb8aad4ae18e32e1dc,base,home,13,27,1098.8855,49.5,0.0004,123.366,60.626,506,ok,,
424e94a403b0c819c3624afb8aad4ae18e32e1dc,base,home,14,28,858.04,63,0.0005,136.299,53.285,2022,outlier,lcp;lcpObs,
424e94a403b0c819c3624afb8aad4ae18e32e1dc,head,home,0,1,1144.2015,102.0,0.0004,120.022,52.183,505,ok,,
424e94a403b0c819c3624afb8aad4ae18e32e1dc,head,home,1,2,1156.9972,90,0.0004,120.442,57.814,558,ok,,
424e94a403b0c819c3624afb8aad4ae18e32e1dc,head,home,2,5,1109.3826,79,0.0004,125.005,54.958,576,outlier,lcpObs,
424e94a403b0c819c3624afb8aad4ae18e32e1dc,head,home,3,6,1072.3645,81,0.0004,123.486,56.541,488,ok,,
424e94a403b0c819c3624afb8aad4ae18e32e1dc,head,home,4,9,1121.1453,71,0.0004,140.013,52.824,505,ok,,
424e94a403b0c819c3624afb8aad4ae18e32e1dc,head,home,5,10,1061.4701,72,0.0004,125.231,45.61,504,ok,,
424e94a403b0c819c3624afb8aad4ae18e32e1dc,head,home,6,13,1111.2014,62,0.0004,128.723,61.039,488,ok,,
424e94a403b0c819c3624afb8aad4ae18e32e1dc,head,home,7,14,1135.4984,59.0,0.0004,123.756,52.638,488,ok,,
424e94a403b0c819c3624afb8aad4ae18e32e1dc,head,home,8,17,1176.7246,72.0,0.0004,129.293,59.035,487,ok,,
424e94a403b0c819c3624afb8aad4ae18e32e1dc,head,home,9,18,1045.0262,67,0.0004,124.494,50.593,488,ok,,
424e94a403b0c819c3624afb8aad4ae18e32e1dc,head,home,10,21,1096.4021,66,0.0005,128.595,56.999,506,ok,,
424e94a403b0c819c3624afb8aad4ae18e32e1dc,head,home,11,22,1118.1784,73,0.0004,138.995,48.127,490,ok,,
424e94a403b0c819c3624afb8aad4ae18e32e1dc,head,home,12,25,1098.4449,64.5,0.0004,121.605,43.342,523,ok,,
424e94a403b0c819c3624afb8aad4ae18e32e1dc,head,home,13,26,1146.3176,73,0.0004,126.584,62.492,594,outlier,lcpObs,
424e94a403b0c819c3624afb8aad4ae18e32e1dc,head,home,14,29,1055.0566,65,0.0004,130.767,81.264,473,ok,,
4f6437250603028b7fb8d137cf2aae27c354bd52,base,home,0,0,1057.3394,62.5,0.0005,126.159,44.021,469,ok,,
4f6437250603028b7fb8d137cf2aae27c354bd52,base,home,1,3,1041.3692,64,0.0004,124.587,50.97,486,ok,,
4f6437250603028b7fb8d137cf2aae27c354bd52,base,home,2,4,1034.1869,67.0,0.0004,135.645,24.321,505,ok,,
4f6437250603028b7fb8d137cf2aae27c354bd52,base,home,3,7,1057.5939,63.0,0.0004,124.444,56.393,488,ok,,
4f6437250603028b7fb8d137cf2aae27c354bd52,base,home,4,8,1161.7491,107,0.0004,155.32,99.774,487,outlier,tbt;inp;tbtFlow,
4f6437250603028b7fb8d137cf2aae27c354bd52,base,home,5,11,1096.6024,65.0,0.0004,135.142,45.629,488,ok,,
4f6437250603028b7fb8d137cf2aae27c354bd52,base,home,6,12,1146.0052,46,0.0004,135.769,49.52,523,ok,,
4f6437250603028b7fb8d137cf2aae27c354bd52,base,home,7,15,1055.7219,63,0.0004,123.968,50.64,488,ok,,
4f6437250603028b7fb8d137cf2aae27c354bd52,base,home,8,16,1116.2078,62.5,0.0005,141.995,58.597,524,ok,,
4f6437250603028b7fb8d137cf2aae27c354bd52,base,home,9,19,1057.3391,69,0.0004,127.315,45.641,472,ok,,
4f6437250603028b7fb8d137cf2aae27c354bd52,base,home,10,20,1096.0856,65,0.0004,136.28,54.503,506,ok,,
4f6437250603028b7fb8d137cf2aae27c354bd52,base,home,11,23,1057.8353,68,0.0004,122.684,52.806,489,ok,,
4f6437250603028b7fb8d137cf2aae27c354bd52,base,home,12,24,1095.9789,68,0.0004,124.827,57.261,488,ok,,
4f6437250603028b7fb8d137cf2aae27c354bd52,base,home,13,27,1094.6089,62,0.0004,124.098,56.049,488,ok,,
4f6437250603028b7fb8d137cf2aae27c354bd52,base,home,14,28,1110.3239,59,0.0004,120.167,48.861,487,ok,,
4f6437250603028b7fb8d137cf2aae27c354bd52,head,home,0,1,1186.5977,73.0,0.0004,116.066,31.855,505,ok,,
4f6437250603028b7fb8d137cf2aae27c354bd52,head,home,1,2,1119.1358,63.5,0.0004,121.285,32.956,503,ok,,
4f6437250603028b7fb8d137cf2aae27c354bd52,head,home,2,5,1123.2346,68,0.0004,94.513,31.217,505,ok,,
4f6437250603028b7fb8d137cf2aae27c354bd52,head,home,3,6,1137.8312,67,0.0004,112.039,14.702,507,ok,,
4f6437250603028b7fb8d137cf2aae27c354bd52,head,home,4,9,1057.6994,58,0.0004,117.264,27.478,486,ok,,
4f6437250603028b7fb8d137cf2aae27c354bd52,head,home,5,10,1136.141,63.0,0.0004,118.49,15.142,524,ok,,
4f6437250603028b7fb8d137cf2aae27c354bd52,head,home,6,13,1065.3589,62.5,0.0004,115.264,24.412,594,outlier,lcpObs,
4f6437250603028b7fb8d137cf2aae27c354bd52,head,home,7,14,1173.5974,84,0.0004,105.693,32.527,525,ok,,
4f6437250603028b7fb8d137cf2aae27c354bd52,head,home,8,17,1016.5822,66.0,0.0004,121.01,34.14,490,ok,,
4f6437250603028b7fb8d137cf2aae27c354bd52,head,home,9,18,1154.8836,66,0.0004,118.289,31.131,539,ok,,
4f6437250603028b7fb8d137cf2aae27c354bd52,head,home,10,21,1061.2786,45,0.0004,100.65,27.547,488,ok,,
4f6437250603028b7fb8d137cf2aae27c354bd52,head,home,11,22,1141.4147,65,0.0004,112.234,37.343,507,ok,,
4f6437250603028b7fb8d137cf2aae27c354bd52,head,home,12,25,1112.1671,65.0,0.0004,111.582,27.521,490,ok,,
4f6437250603028b7fb8d137cf2aae27c354bd52,head,home,13,26,1099.5806,68,0.0005,111.482,29.704,507,ok,,
4f6437250603028b7fb8d137cf2aae27c354bd52,head,home,14,29,1018.3536,65,0.0004,111.381,34.146,492,ok,,
b0c8c5f7a7ed72d8356851deb723894267cdb6be,base,home,0,0,1122.2709,89,0.0004,75.365,6.842,675,outlier,inp;lcpObs,
b0c8c5f7a7ed72d8356851deb723894267cdb6be,base,home,1,3,1176.7695,60.0,0.0004,110.075,30.427,507,ok,,
b0c8c5f7a7ed72d8356851deb723894267cdb6be,base,home,2,4,1136.383,65.0,0.0005,116.497,20.492,507,ok,,
b0c8c5f7a7ed72d8356851deb723894267cdb6be,base,home,3,7,1134.113,58.0,0.0004,110.855,47.747,505,ok,,
b0c8c5f7a7ed72d8356851deb723894267cdb6be,base,home,4,8,1032.0619,62,0.0004,120.59,28.361,470,outlier,lcp,
b0c8c5f7a7ed72d8356851deb723894267cdb6be,head,home,0,1,1119.7509,83.0,0.0004,117.891,19.881,491,ok,,
b0c8c5f7a7ed72d8356851deb723894267cdb6be,head,home,1,2,1136.2419,67,0.0004,104.771,16.271,506,ok,,
b0c8c5f7a7ed72d8356851deb723894267cdb6be,head,home,2,5,1123.1504,70.0,0.0004,119.495,14.263,488,ok,,
b0c8c5f7a7ed72d8356851deb723894267cdb6be,head,home,3,6,1095.5541,60,0.0004,109.961,30.538,508,ok,,
b0c8c5f7a7ed72d8356851deb723894267cdb6be,head,home,4,9,1156.5646,100.0,0.0004,120.503,37.052,507,ok,,
9e49c9254b4740613917cdcff5651d3e2b0c9d7e,base,home,0,0,1156.109,69,0.0004,110.483,16.88,542,ok,,
9e49c9254b4740613917cdcff5651d3e2b0c9d7e,base,home,1,3,1136.9886,64,0.0005,138.299,30.224,521,ok,,
9e49c9254b4740613917cdcff5651d3e2b0c9d7e,base,home,2,4,1122.7528,62.5,0.0005,120.002,26.882,488,ok,,
9e49c9254b4740613917cdcff5651d3e2b0c9d7e,base,home,3,7,1098.9752,62,0.0005,119.886,37.168,507,ok,,
9e49c9254b4740613917cdcff5651d3e2b0c9d7e,base,home,4,8,1065.334,67.5,0.0004,120.466,28.512,609,outlier,lcpObs,
9e49c9254b4740613917cdcff5651d3e2b0c9d7e,base,home,5,11,1112.554,60,0.0004,119.281,32.989,488,ok,,
9e49c9254b4740613917cdcff5651d3e2b0c9d7e,base,home,6,12,1058.4628,65,0.0004,95.048,24.63,490,outlier,inp,
9e49c9254b4740613917cdcff5651d3e2b0c9d7e,base,home,7,15,1096.7222,60,0.0004,118.364,34.377,506,ok,,
9e49c9254b4740613917cdcff5651d3e2b0c9d7e,base,home,8,16,1145.3804,68.0,0.0004,122.224,34.785,506,ok,,
9e49c9254b4740613917cdcff5651d3e2b0c9d7e,base,home,9,19,1113.4531,63.5,0.0004,112.064,25.977,593,outlier,lcpObs,
9e49c9254b4740613917cdcff5651d3e2b0c9d7e,base,home,10,20,1114.1341,57.5,0.0004,95.494,29.928,503,outlier,inp,
9e49c9254b4740613917cdcff5651d3e2b0c9d7e,base,home,11,23,1137.3713,72,0.0004,123.115,35.156,504,ok,,
9e49c9254b4740613917cdcff5651d3e2b0c9d7e,base,home,12,24,1050.5055,84,0.0004,121.977,20.273,454,ok,,
9e49c9254b4740613917cdcff5651d3e2b0c9d7e,base,home,13,27,1141.5266,97,0.0004,99.685,26.886,492,outlier,tbt,
9e49c9254b4740613917cdcff5651d3e2b0c9d7e,base,home,14,28,1142.2631,66,0.0004,116.698,36.706,506,ok,,
9e49c9254b4740613917cdcff5651d3e2b0c9d7e,head,home,0,1,1058.7605,65,0.0004,109.467,27.447,507,ok,,
9e49c9254b4740613917cdcff5651d3e2b0c9d7e,head,home,1,2,1113.8171,66.0,0.0004,95.502,48.492,468,ok,,
9e49c9254b4740613917cdcff5651d3e2b0c9d7e,head,home,2,5,1111.911,68,0.0004,114.975,30.912,490,ok,,
9e49c9254b4740613917cdcff5651d3e2b0c9d7e,head,home,3,6,1104.8227,67.5,0.0004,113.788,24.468,506,ok,,
9e49c9254b4740613917cdcff5651d3e2b0c9d7e,head,home,4,9,1057.2919,68.5,0.0004,116.14,33.154,488,ok,,
9e49c9254b4740613917cdcff5651d3e2b0c9d7e,head,home,5,10,1056.7291,65.5,0.0004,142.62,58.821,489,outlier,inp,
9e49c9254b4740613917cdcff5651d3e2b0c9d7e,head,home,6,13,1137.4933,61.0,0.0004,109.599,27.563,523,ok,,
9e49c9254b4740613917cdcff5651d3e2b0c9d7e,head,home,7,14,1055.6096,65,0.0004,118.796,12.343,487,ok,,
9e49c9254b4740613917cdcff5651d3e2b0c9d7e,head,home,8,17,1129.8398,73.0,0.0004,113.477,28.894,504,ok,,
9e49c9254b4740613917cdcff5651d3e2b0c9d7e,head,home,9,18,1139.4092,77,0.0004,116.265,20.107,505,ok,,
9e49c9254b4740613917cdcff5651d3e2b0c9d7e,head,home,10,21,1095.6444,60.5,0.0004,110.042,31.933,506,ok,,
9e49c9254b4740613917cdcff5651d3e2b0c9d7e,head,home,11,22,1060.6331,46,0.0004,109.444,30.64,508,ok,,
9e49c9254b4740613917cdcff5651d3e2b0c9d7e,head,home,12,25,1098.078,69,0.0005,117.61,25.389,506,ok,,
9e49c9254b4740613917cdcff5651d3e2b0c9d7e,head,home,13,26,1056.2457,67,0.0004,94.024,28.86,490,ok,,
9e49c9254b4740613917cdcff5651d3e2b0c9d7e,head,home,14,29,1115.8578,112.5,0.0004,122.39,28.469,614,outlier,tbt;lcpObs,
c8f4a4cb41ea743b58765444ee064aaebca5d8c3,base,home,0,0,1207.5069,115.0,0.0005,78.947,8.714,538,outlier,lcp;inp,
c8f4a4cb41ea743b58765444ee064aaebca5d8c3,base,home,1,3,1141.4916,72,0.0004,122.751,32.766,506,ok,,
c8f4a4cb41ea743b58765444ee064aaebca5d8c3,base,home,2,4,1098.3812,67,0.0004,114.407,29.16,469,ok,,
c8f4a4cb41ea743b58765444ee064aaebca5d8c3,base,home,3,7,1100.859,101.5,0.0004,116.165,26.866,592,ok,,
c8f4a4cb41ea743b58765444ee064aaebca5d8c3,base,home,4,8,1096.8183,60.5,0.0004,118.621,25.922,503,ok,,
c8f4a4cb41ea743b58765444ee064aaebca5d8c3,head,home,0,1,1117.0665,69,0.0004,122.076,27.533,503,ok,,
c8f4a4cb41ea743b58765444ee064aaebca5d8c3,head,home,1,2,1094.142,68,0.0005,94.48,30.501,525,outlier,inp,
c8f4a4cb41ea743b58765444ee064aaebca5d8c3,head,home,2,5,1114.5376,42.0,0.0005,117.01,19.092,491,ok,,
c8f4a4cb41ea743b58765444ee064aaebca5d8c3,head,home,3,6,1160.2581,104,0.0004,121.995,30.674,505,outlier,tbt,
c8f4a4cb41ea743b58765444ee064aaebca5d8c3,head,home,4,9,1075.6766,66,0.0004,114.852,24.326,506,ok,,
c329470b736b5aa6e8223617c07af4d64f8ddc92,base,home,0,0,1198.0489,96,0.0004,70.449,8.492,533,outlier,inp,
c329470b736b5aa6e8223617c07af4d64f8ddc92,base,home,1,3,1183.4344,67,0.0004,115.905,22.602,524,ok,,
c329470b736b5aa6e8223617c07af4d64f8ddc92,base,home,2,4,1198.5484,101,0.0004,117.94,26.948,523,outlier,tbt,
c329470b736b5aa6e8223617c07af4d64f8ddc92,base,home,3,7,1136.3665,65,0.0004,112.155,28.422,506,ok,,
c329470b736b5aa6e8223617c07af4d64f8ddc92,base,home,4,8,1018.5583,63,0.0004,121.34,29.412,473,ok,,
c329470b736b5aa6e8223617c07af4d64f8ddc92,base,home,5,11,1122.5025,68,0.0004,120.385,30.798,506,ok,,
c329470b736b5aa6e8223617c07af4d64f8ddc92,base,home,6,12,1115.6515,64.5,0.0004,115.927,23.727,489,ok,,
c329470b736b5aa6e8223617c07af4d64f8ddc92,base,home,7,15,1074.8701,62.5,0.0004,121.813,30.494,830,outlier,lcpObs,
c329470b736b5aa6e8223617c07af4d64f8ddc92,base,home,8,16,1096.1422,53,0.0004,97.276,27.991,506,ok,,
c329470b736b5aa6e8223617c07af4d64f8ddc92,base,home,9,19,1058.2155,63.5,0.0004,96.82,26.266,506,ok,,
c329470b736b5aa6e8223617c07af4d64f8ddc92,base,home,10,20,1087.4374,81.0,0.0004,139.15,25.369,525,outlier,inp,
c329470b736b5aa6e8223617c07af4d64f8ddc92,base,home,11,23,1124.7669,66.5,0.0004,112.252,29.389,489,ok,,
c329470b736b5aa6e8223617c07af4d64f8ddc92,base,home,12,24,1114.6236,69,0.0004,118.497,30.263,520,ok,,
c329470b736b5aa6e8223617c07af4d64f8ddc92,base,home,13,27,1115.1662,63,0.0004,89.589,29.482,490,outlier,inp,
c329470b736b5aa6e8223617c07af4d64f8ddc92,base,home,14,28,1147.6284,70,0.0004,120.372,25.735,525,ok,,
c329470b736b5aa6e8223617c07af4d64f8ddc92,head,home,0,1,1205.467,110.0,0.0004,93.664,27.361,540,outlier,tbt,
c329470b736b5aa6e8223617c07af4d64f8ddc92,head,home,1,2,1017.003,61.5,0.0004,120.041,30.064,505,ok,,
c329470b736b5aa6e8223617c07af4d64f8ddc92,head,home,2,5,1195.6959,113,0.0004,118.893,23.163,505,outlier,tbt,
c329470b736b5aa6e8223617c07af4d64f8ddc92,head,home,3,6,1054.9878,66,0.0004,124.28,34.555,489,ok,,
c329470b736b5aa6e8223617c07af4d64f8ddc92,head,home,4,9,1014.5129,63,0.0004,93.227,33.769,490,ok,,
c329470b736b5aa6e8223617c07af4d64f8ddc92,head,home,5,10,1136.0551,63,0.0004,111.495,29.182,504,ok,,
c329470b736b5aa6e8223617c07af4d64f8ddc92,head,home,6,13,1053.8398,66,0.0005,121.198,32.505,487,ok,,
c329470b736b5aa6e8223617c07af4d64f8ddc92,head,home,7,14,1096.3977,63,0.0004,114.879,21.852,489,ok,,
c329470b736b5aa6e8223617c07af4d64f8ddc92,head,home,8,17,1137.0619,69.0,0.0004,95.48,29.763,508,ok,,
c329470b736b5aa6e8223617c07af4d64f8ddc92,head,home,9,18,1114.784,61,0.0004,96.922,29.538,505,ok,,
c329470b736b5aa6e8223617c07af4d64f8ddc92,head,home,10,21,1145.375,64,0.0004,117.695,23.875,507,ok,,
c329470b736b5aa6e8223617c07af4d64f8ddc92,head,home,11,22,1117.7501,69,0.0004,111.035,33.755,523,ok,,
c329470b736b5aa6e8223617c07af4d64f8ddc92,head,home,12,25,1113.5256,62.5,0.0004,118.377,38.523,488,ok,,
c329470b736b5aa6e8223617c07af4d64f8ddc92,head,home,13,26,1095.6959,100,0.0004,109.704,28.429,488,outlier,tbt,
c329470b736b5aa6e8223617c07af4d64f8ddc92,head,home,14,29,1098.4179,64,0.0004,111.425,44.133,507,ok,,
e3060dfb8fbb34e3c6773f566b188a6f3c4c98f0,base,home,0,0,1157.3256,75,0.0004,135.591,6.826,542,outlier,inp,
e3060dfb8fbb34e3c6773f566b188a6f3c4c98f0,base,home,1,3,1140.1893,65.5,0.0004,125.344,32.663,611,ok,,
e3060dfb8fbb34e3c6773f566b188a6f3c4c98f0,base,home,2,4,1055.5391,65.5,0.0005,114.853,48.048,466,ok,,
e3060dfb8fbb34e3c6773f566b188a6f3c4c98f0,base,home,3,7,1113.0624,60.5,0.0004,110.945,26.277,508,ok,,
e3060dfb8fbb34e3c6773f566b188a6f3c4c98f0,base,home,4,8,1118.1106,67,0.0004,113.196,36.515,503,ok,,
e3060dfb8fbb34e3c6773f566b188a6f3c4c98f0,head,home,0,1,1100.3214,65,0.0004,118.269,15.839,503,ok,,
e3060dfb8fbb34e3c6773f566b188a6f3c4c98f0,head,home,1,2,1136.2133,84.0,0.0004,116.615,24.349,507,ok,,
e3060dfb8fbb34e3c6773f566b188a6f3c4c98f0,head,home,2,5,1152.8411,62,0.0004,118.048,23.897,520,ok,,
e3060dfb8fbb34e3c6773f566b188a6f3c4c98f0,head,home,3,6,1049.1916,70.0,0.0004,120.021,16.066,486,ok,,
e3060dfb8fbb34e3c6773f566b188a6f3c4c98f0,head,home,4,9,1014.7233,67,0.0004,117.882,13.605,469,ok,,
26f02bebeae1d422a11a0ca9e7a96752c9926881,base,home,0,0,1142.1511,69,0.0004,124.222,19.311,505,ok,,
26f02bebeae1d422a11a0ca9e7a96752c9926881,base,home,1,3,1120.0934,67,0.0004,114.135,50.813,505,ok,,
26f02bebeae1d422a11a0ca9e7a96752c9926881,base,home,2,4,1097.0618,65.5,0.0004,120.516,32.487,506,ok,,
26f02bebeae1d422a11a0ca9e7a96752c9926881,base,home,3,7,1115.2679,44,0.0004,118.647,27.554,504,ok,,
26f02bebeae1d422a11a0ca9e7a96752c9926881,base,home,4,8,1119.1955,76,0.0005,123.824,28.638,489,ok,,
26f02bebeae1d422a11a0ca9e7a96752c9926881,head,home,0,1,1117.8279,69,0.0004,117.411,27.279,520,ok,,
26f02bebeae1d422a11a0ca9e7a96752c9926881,head,home,1,2,1114.8308,62,0.0004,116.292,28.329,505,ok,,
26f02bebeae1d422a11a0ca9e7a96752c9926881,head,home,2,5,1153.2027,66.0,0.0005,114.094,28.658,506,ok,,
26f02bebeae1d422a11a0ca9e7a96752c9926881,head,home,3,6,1097.457,67,0.0004,121.53,31.428,489,ok,,
26f02bebeae1d422a11a0ca9e7a96752c9926881,head,home,4,9,1097.5574,64,0.0004,123.742,28.774,508,ok,,
77dc055d81269a0ae4d15a5c93c5ccc407ca139b,base,home,0,0,1164.3059,71,0.0004,103.313,2.154,505,ok,,
77dc055d81269a0ae4d15a5c93c5ccc407ca139b,base,home,1,3,1096.232,62,0.0004,126.206,31.096,522,ok,,
77dc055d81269a0ae4d15a5c93c5ccc407ca139b,base,home,2,4,1115.4581,69,0.0004,121.092,29.746,539,ok,,
77dc055d81269a0ae4d15a5c93c5ccc407ca139b,base,home,3,7,1031.7836,56.5,0.0004,116.65,21.651,470,ok,,
77dc055d81269a0ae4d15a5c93c5ccc407ca139b,base,home,4,8,1055.6746,59,0.0004,117.549,27.867,471,ok,,
77dc055d81269a0ae4d15a5c93c5ccc407ca139b,base,home,5,11,1057.191,68.5,0.0004,118.423,27.48,504,ok,,
77dc055d81269a0ae4d15a5c93c5ccc407ca139b,base,home,6,12,1113.4191,69,0.0004,118.239,21.653,492,ok,,
77dc055d81269a0ae4d15a5c93c5ccc407ca139b,base,home,7,15,1057.178,66,0.0004,111.156,30.784,523,ok,,
77dc055d81269a0ae4d15a5c93c5ccc407ca139b,base,home,8,16,1140.352,63.0,0.0004,95.092,29.322,488,outlier,inp,
77dc055d81269a0ae4d15a5c93c5ccc407ca139b,base,home,9,19,1102.018,72.0,0.0004,116.644,25.326,805,outlier,lcpObs,
77dc055d81269a0ae4d15a5c93c5ccc407ca139b,base,home,10,20,1017.8131,63.5,0.0004,116.421,35.522,489,ok,,
77dc055d81269a0ae4d15a5c93c5ccc407ca139b,base,home,11,23,1135.7833,84,0.0004,95.364,26.294,506,outlier,inp,
77dc055d81269a0ae4d15a5c93c5ccc407ca139b,base,home,12,24,1112.7213,60,0.0004,142.155,36.961,509,outlier,inp,
77dc055d81269a0ae4d15a5c93c5ccc407ca139b,base,home,13,27,1054.9952,62,0.0004,93.957,26.426,2008,outlier,inp;lcpObs,
77dc055d81269a0ae4d15a5c93c5ccc407ca139b,base,home,14,28,1095.9068,66,0.0004,115.964,29.686,504,ok,,
77dc055d81269a0ae4d15a5c93c5ccc407ca139b,head,home,0,1,1116.2722,65.0,0.0004,95.046,25.309,522,ok,,
77dc055d81269a0ae4d15a5c93c5ccc407ca139b,head,home,1,2,1097.6018,69,0.0004,94.157,34.513,470,ok,,
77dc055d81269a0ae4d15a5c93c5ccc407ca139b,head,home,2,5,1145.9014,70,0.0004,95.006,26.878,469,ok,,
77dc055d81269a0ae4d15a5c93c5ccc407ca139b,head,home,3,6,857.8675,87,0.0007,97.941,26.56,2037,outlier,lcp;lcpObs,
77dc055d81269a0ae4d15a5c93c5ccc407ca139b,head,home,4,9,1036.0311,69.0,0.0004,111.916,16.518,472,ok,,
77dc055d81269a0ae4d15a5c93c5ccc407ca139b,head,home,5,10,1074.901,65.0,0.0004,119.454,20.666,470,ok,,
77dc055d81269a0ae4d15a5c93c5ccc407ca139b,head,home,6,13,1142.5776,66.5,0.0004,108.435,31.236,488,ok,,
77dc055d81269a0ae4d15a5c93c5ccc407ca139b,head,home,7,14,1097.0468,63,0.0004,109.754,28.268,507,ok,,
77dc055d81269a0ae4d15a5c93c5ccc407ca139b,head,home,8,17,1038.1108,67,0.0004,110.58,36.584,504,ok,,
77dc055d81269a0ae4d15a5c93c5ccc407ca139b,head,home,9,18,1135.9249,81.5,0.0004,118.033,33.401,487,ok,,
77dc055d81269a0ae4d15a5c93c5ccc407ca139b,head,home,10,21,1118.6621,72,0.0004,113.58,26.939,489,ok,,
77dc055d81269a0ae4d15a5c93c5ccc407ca139b,head,home,11,22,1128.9666,72,0.0004,107.799,31.88,503,ok,,
77dc055d81269a0ae4d15a5c93c5ccc407ca139b,head,home,12,25,1137.1835,92,0.0004,95.493,31.47,485,ok,,
77dc055d81269a0ae4d15a5c93c5ccc407ca139b,head,home,13,26,1190.0804,175.0,0.0004,123.009,30.201,508,outlier,tbt,
77dc055d81269a0ae4d15a5c93c5ccc407ca139b,head,home,14,29,1096.1632,63.0,0.0004,113.851,25.883,505,ok,,
f12b92ce9de0c00d3e97658a07675ef1917e3d6c,base,home,0,0,1196.2894,89.0,0.0005,69.3,4.662,518,ok,,
f12b92ce9de0c00d3e97658a07675ef1917e3d6c,base,home,1,3,1145.2774,67,0.0004,103.6,14.837,522,ok,,
f12b92ce9de0c00d3e97658a07675ef1917e3d6c,base,home,2,4,1056.1257,63.0,0.0004,115.923,27.114,490,ok,,
f12b92ce9de0c00d3e97658a07675ef1917e3d6c,base,home,3,7,1098.3748,62,0.0004,118.099,24.204,506,ok,,
f12b92ce9de0c00d3e97658a07675ef1917e3d6c,base,home,4,8,1111.6865,59.5,0.0004,135.376,35.513,505,ok,,
f12b92ce9de0c00d3e97658a07675ef1917e3d6c,head,home,0,1,1123.2035,65,0.0004,123.199,30.159,489,ok,,
f12b92ce9de0c00d3e97658a07675ef1917e3d6c,head,home,1,2,1061.3967,60.5,0.0004,114.648,24.096,490,ok,,
f12b92ce9de0c00d3e97658a07675ef1917e3d6c,head,home,2,5,1032.9555,61.5,0.0004,104.604,18.464,789,outlier,lcpObs,
f12b92ce9de0c00d3e97658a07675ef1917e3d6c,head,home,3,6,1135.2243,62.0,0.0004,112.461,28.761,540,ok,,
f12b92ce9de0c00d3e97658a07675ef1917e3d6c,head,home,4,9,1113.1544,63.0,0.0004,117.237,13.029,808,outlier,lcpObs,
9ee0b8ffcbd3664a47748a93262860321a203821,base,home,0,0,1243.7646,109.0,0.0004,115.554,21.788,507,outlier,tbt,
9ee0b8ffcbd3664a47748a93262860321a203821,base,home,1,3,1281.7946,63.5,0.0004,116.549,37.345,543,ok,,
9ee0b8ffcbd3664a47748a93262860321a203821,base,home,2,4,1204.3669,69,0.0004,120.599,23.173,504,ok,,
9ee0b8ffcbd3664a47748a93262860321a203821,base,home,3,7,1164.7879,67,0.0004,95.441,32.209,487,outlier,inp,
9ee0b8ffcbd3664a47748a93262860321a203821,base,home,4,8,1212.7326,88,0.0004,113.841,26.282,507,ok,,
9ee0b8ffcbd3664a47748a93262860321a203821,head,home,0,1,1270.2877,79.0,0.0004,117.971,26.67,557,outlier,lcpObs,
9ee0b8ffcbd3664a47748a93262860321a203821,head,home,1,2,1243.8344,66,0.0004,122.586,30.828,610,outlier,lcpObs,
9ee0b8ffcbd3664a47748a93262860321a203821,head,home,2,5,1241.5539,103.5,0.0004,94.398,29.079,506,ok,,
9ee0b8ffcbd3664a47748a93262860321a203821,head,home,3,6,1155.6751,66.0,0.0004,113.389,19.531,506,outlier,lcp,
9ee0b8ffcbd3664a47748a93262860321a203821,head,home,4,9,1258.0242,107,0.0004,114.365,23.542,505,ok,,
16b86d7d1671f766580f3a45c79ecb465523cad1,base,home,0,0,1179.2928,98.5,0.0004,72.255,6.466,515,outlier,inp,
16b86d7d1671f766580f3a45c79ecb465523cad1,base,home,1,3,1158.3257,73,0.0004,110.685,35.306,525,ok,,
16b86d7d1671f766580f3a45c79ecb465523cad1,base,home,2,4,1117.1013,65.0,0.0004,117.64,31.139,489,ok,,
16b86d7d1671f766580f3a45c79ecb465523cad1,base,home,3,7,1113.015,60.5,0.0004,114.303,30.998,488,ok,,
16b86d7d1671f766580f3a45c79ecb465523cad1,base,home,4,8,1183.5085,97,0.0004,120.155,29.549,507,ok,,
16b86d7d1671f766580f3a45c79ecb465523cad1,base,home,5,11,1110.2601,71,0.0004,122.092,34.455,490,ok,,
16b86d7d1671f766580f3a45c79ecb465523cad1,base,home,6,12,1056.0806,62.5,0.0004,123.777,39.716,491,ok,,
16b86d7d1671f766580f3a45c79ecb465523cad1,base,home,7,15,1115.1001,62.0,0.0004,111.062,11.395,805,outlier,lcpObs,
16b86d7d1671f766580f3a45c79ecb465523cad1,base,home,8,16,1057.2486,73,0.0004,115.809,24.657,488,ok,,
16b86d7d1671f766580f3a45c79ecb465523cad1,base,home,9,19,854.2561,71,0.0005,98.872,28.486,2021,outlier,lcp;lcpObs,
16b86d7d1671f766580f3a45c79ecb465523cad1,base,home,10,20,1099.3439,113,0.0004,120.356,59.214,506,outlier,tbt,
16b86d7d1671f766580f3a45c79ecb465523cad1,base,home,11,23,1058.4268,64,0.0004,117.432,25.037,507,ok,,
16b86d7d1671f766580f3a45c79ecb465523cad1,base,home,12,24,1135.298,62,0.0004,136.28,13.434,506,ok,,
16b86d7d1671f766580f3a45c79ecb465523cad1,base,home,13,27,1096.7584,69,0.0004,105.037,29.561,490,ok,,
16b86d7d1671f766580f3a45c79ecb465523cad1,base,home,14,28,1056.3718,67,0.0004,110.587,36.834,491,ok,,
16b86d7d1671f766580f3a45c79ecb465523cad1,head,home,0,1,1227.9077,80,0.0004,93.383,26.942,506,outlier,inp,
16b86d7d1671f766580f3a45c79ecb465523cad1,head,home,1,2,1203.4842,70.0,0.0004,122.826,33.622,503,ok,,
16b86d7d1671f766580f3a45c79ecb465523cad1,head,home,2,5,1289.3831,99,0.0004,120.158,31.065,506,ok,,
16b86d7d1671f766580f3a45c79ecb465523cad1,head,home,3,6,1216.5355,97.0,0.0005,93.535,33.521,505,outlier,inp,
16b86d7d1671f766580f3a45c79ecb465523cad1,head,home,4,9,1171.9769,137.5,0.0004,115.576,25.0,523,outlier,tbt,
16b86d7d1671f766580f3a45c79ecb465523cad1,head,home,5,10,1207.1601,75.0,0.0004,118.036,21.481,489,ok,,
16b86d7d1671f766580f3a45c79ecb465523cad1,head,home,6,13,1170.5746,78.0,0.0004,95.467,30.051,490,ok,,
16b86d7d1671f766580f3a45c79ecb465523cad1,head,home,7,14,1282.4501,102.5,0.0004,119.08,32.905,527,ok,,
16b86d7d1671f766580f3a45c79ecb465523cad1,head,home,8,17,1211.9376,83,0.0004,116.742,14.452,526,ok,,
16b86d7d1671f766580f3a45c79ecb465523cad1,head,home,9,18,1230.9448,91,0.0004,120.499,32.898,506,ok,,
16b86d7d1671f766580f3a45c79ecb465523cad1,head,home,10,21,1180.6285,66.0,0.0005,114.513,27.416,489,ok,,
16b86d7d1671f766580f3a45c79ecb465523cad1,head,home,11,22,1163.706,72.5,0.0004,110.542,28.214,485,ok,,
16b86d7d1671f766580f3a45c79ecb465523cad1,head,home,12,25,1277.0699,88,0.0004,119.536,28.132,491,ok,,
16b86d7d1671f766580f3a45c79ecb465523cad1,head,home,13,26,1220.0631,112,0.0004,97.73,31.101,521,ok,,
16b86d7d1671f766580f3a45c79ecb465523cad1,head,home,14,29,1206.357,73,0.0004,94.505,30.786,527,ok,,
31e8476c78aca31df1342dc26903e42301d2c3fd,base,home,0,0,1235.2794,106.0,0.0004,92.313,29.494,573,ok,,
31e8476c78aca31df1342dc26903e42301d2c3fd,base,home,1,3,1259.4479,95,0.0004,106.874,49.339,562,ok,,
31e8476c78aca31df1342dc26903e42301d2c3fd,base,home,2,4,1200.9939,82.5,0.0004,101.761,57.187,574,ok,,
31e8476c78aca31df1342dc26903e42301d2c3fd,base,home,3,7,1122.7438,110,0.0004,112.018,68.571,546,ok,,
31e8476c78aca31df1342dc26903e42301d2c3fd,base,home,4,8,1141.2591,116,0.0004,96.285,54.1,516,ok,,
31e8476c78aca31df1342dc26903e42301d2c3fd,base,home,5,11,985.9047,144.0,0.0005,97.159,10.502,2028,outlier,lcpObs,
31e8476c78aca31df1342dc26903e42301d2c3fd,base,home,6,12,1260.5577,116.5,0.0004,90.173,29.289,581,ok,,
31e8476c78aca31df1342dc26903e42301d2c3fd,base,home,7,15,1160.0474,106,0.0004,98.723,80.854,544,ok,,
31e8476c78aca31df1342dc26903e42301d2c3fd,base,home,8,16,1280.5802,86,0.0004,108.96,62.629,902,outlier,lcpObs,
31e8476c78aca31df1342dc26903e42301d2c3fd,base,home,9,19,1190.6066,68.5,0.0004,112.726,107.174,664,ok,,
31e8476c78aca31df1342dc26903e42301d2c3fd,base,home,10,20,1141.5481,145,0.0004,108.524,52.274,570,ok,,
31e8476c78aca31df1342dc26903e42301d2c3fd,base,home,11,23,1293.0705,194.5,0.0004,141.134,226.201,607,outlier,inp;tbtFlow,
31e8476c78aca31df1342dc26903e42301d2c3fd,base,home,12,24,1265.6084,138,0.0004,90.186,43.406,568,ok,,
31e8476c78aca31df1342dc26903e42301d2c3fd,base,home,13,27,1220.2455,106,0.0004,94.209,50.546,601,ok,,
31e8476c78aca31df1342dc26903e42301d2c3fd,base,home,14,28,1322.6646,215.0,0.0004,132.255,133.695,578,outlier,tbtFlow,
31e8476c78aca31df1342dc26903e42301d2c3fd,head,home,0,1,1223.1149,78,0.0004,103.832,90.759,563,ok,,
31e8476c78aca31df1342dc26903e42301d2c3fd,head,home,1,2,1267.6028,134,0.0004,107.309,84.726,579,ok,,
31e8476c78aca31df1342dc26903e42301d2c3fd,head,home,2,5,1268.3157,91,0.0004,95.21,61.112,632,outlier,lcpObs,
31e8476c78aca31df1342dc26903e42301d2c3fd,head,home,3,6,1220.8061,75,0.0004,108.868,62.646,575,ok,,
31e8476c78aca31df1342dc26903e42301d2c3fd,head,home,4,9,1227.076,90,0.0004,112.137,81.097,572,ok,,
31e8476c78aca31df1342dc26903e42301d2c3fd,head,home,5,10,1216.5985,49.0,0.0004,105.583,76.282,575,ok,,
31e8476c78aca31df1342dc26903e42301d2c3fd,head,home,6,13,1279.4076,100,0.0004,106.292,67.072,573,ok,,
31e8476c78aca31df1342dc26903e42301d2c3fd,head,home,7,14,1252.5699,73.0,0.0004,95.183,61.011,541,ok,,
31e8476c78aca31df1342dc26903e42301d2c3fd,head,home,8,17,1149.5975,73,0.0004,114.266,78.889,535,ok,,
31e8476c78aca31df1342dc26903e42301d2c3fd,head,home,9,18,1228.3501,78.0,0.0004,101.258,58.312,554,ok,,
31e8476c78aca31df1342dc26903e42301d2c3fd,head,home,10,21,1145.5724,82,0.0004,99.374,67.202,583,ok,,
31e8476c78aca31df1342dc26903e42301d2c3fd,head,home,11,22,1282.2227,119.0,0.0004,128.804,107.135,574,ok,,
31e8476c78aca31df1342dc26903e42301d2c3fd,head,home,12,25,1339.9286,149,0.0004,116.168,53.704,601,outlier,tbt,
31e8476c78aca31df1342dc26903e42301d2c3fd,head,home,13,26,1306.4145,88,0.0004,101.84,58.114,572,ok,,
31e8476c78aca31df1342dc26903e42301d2c3fd,head,home,14,29,1217.6284,90.0,0.0004,122.622,129.127,544,outlier,tbtFlow,
0ffeaeaecfc77a952c3468ad81f56f1c7489177a,base,home,0,0,1244.6595,73,0.0004,87.214,27.012,596,ok,,
0ffeaeaecfc77a952c3468ad81f56f1c7489177a,base,home,1,3,1215.913,78,0.0004,73.179,23.115,571,ok,,
0ffeaeaecfc77a952c3468ad81f56f1c7489177a,base,home,2,4,1263.544,70,0.0005,80.084,21.296,564,ok,,
0ffeaeaecfc77a952c3468ad81f56f1c7489177a,base,home,3,7,1218.8421,77.0,0.0004,89.37,25.702,553,ok,,
0ffeaeaecfc77a952c3468ad81f56f1c7489177a,base,home,4,8,1224.7764,83,0.0004,80.597,26.105,555,ok,,
0ffeaeaecfc77a952c3468ad81f56f1c7489177a,head,home,0,1,1146.0804,74,0.0004,77.845,25.32,550,ok,,
0ffeaeaecfc77a952c3468ad81f56f1c7489177a,head,home,1,2,1151.4726,59,0.0004,84.268,24.96,527,ok,,
0ffeaeaecfc77a952c3468ad81f56f1c7489177a,head,home,2,5,1226.6689,89,0.0004,80.041,26.375,522,ok,,
0ffeaeaecfc77a952c3468ad81f56f1c7489177a,head,home,3,6,1304.2629,110,0.0005,89.095,23.507,595,ok,,
0ffeaeaecfc77a952c3468ad81f56f1c7489177a,head,home,4,9,1267.5585,79,0.0004,80.289,21.455,540,ok,,
392118bf260529aba49371db78be4439ac2ede9a,base,home,0,0,1213.772,104,0.0004,79.761,25.918,528,ok,,
392118bf260529aba49371db78be4439ac2ede9a,base,home,1,3,1245.9044,75,0.0004,86.358,31.21,581,ok,,
392118bf260529aba49371db78be4439ac2ede9a,base,home,2,4,1261.765,78.0,0.0004,79.65,31.565,568,ok,,
392118bf260529aba49371db78be4439ac2ede9a,base,home,3,7,1266.1869,76.0,0.0005,90.115,37.417,635,ok,,
392118bf260529aba49371db78be4439ac2ede9a,base,home,4,8,1269.3856,76,0.0005,94.024,38.18,902,outlier,lcpObs,
392118bf260529aba49371db78be4439ac2ede9a,head,home,0,1,1178.1871,74.0,0.0004,85.818,26.729,554,ok,,
392118bf260529aba49371db78be4439ac2ede9a,head,home,1,2,1209.5484,72,0.0004,79.695,22.654,619,ok,,
392118bf260529aba49371db78be4439ac2ede9a,head,home,2,5,1294.9265,89.0,0.0004,101.773,39.968,580,ok,,
392118bf260529aba49371db78be4439ac2ede9a,head,home,3,6,1227.2276,61.0,0.0004,92.846,45.638,561,ok,,
392118bf260529aba49371db78be4439ac2ede9a,head,home,4,9,1151.4443,86,0.0004,85.451,34.865,547,ok,,
ecef5d12f4af4f70e240fc54fb626c16d005eee3,base,home,0,0,1225.4878,54,0.0004,89.025,27.152,599,ok,,
ecef5d12f4af4f70e240fc54fb626c16d005eee3,base,home,1,3,1284.6291,90,0.0004,82.728,24.141,558,ok,,
ecef5d12f4af4f70e240fc54fb626c16d005eee3,base,home,2,4,1264.6241,74,0.0005,90.244,28.962,559,ok,,
ecef5d12f4af4f70e240fc54fb626c16d005eee3,base,home,3,7,1225.3686,80,0.0004,80.427,26.578,574,ok,,
ecef5d12f4af4f70e240fc54fb626c16d005eee3,base,home,4,8,1284.6149,75.0,0.0004,82.362,27.991,561,ok,,
ecef5d12f4af4f70e240fc54fb626c16d005eee3,head,home,0,1,1216.0161,65.0,0.0004,80.351,24.143,587,ok,,
ecef5d12f4af4f70e240fc54fb626c16d005eee3,head,home,1,2,1238.0881,52,0.0004,80.391,24.12,617,ok,,
ecef5d12f4af4f70e240fc54fb626c16d005eee3,head,home,2,5,1257.7574,63.0,0.0004,80.236,36.112,573,ok,,
ecef5d12f4af4f70e240fc54fb626c16d005eee3,head,home,3,6,1276.9468,55.0,0.0004,80.317,23.678,574,ok,,
ecef5d12f4af4f70e240fc54fb626c16d005eee3,head,home,4,9,1239.7344,75,0.0004,78.725,21.419,551,ok,,
68578556ffd7ab3a70a10f286525ccf913b165fa,base,home,0,0,1292.5745,67.5,0.0004,92.439,12.04,560,ok,,
68578556ffd7ab3a70a10f286525ccf913b165fa,base,home,1,3,1269.6455,54,0.0004,94.616,17.63,612,ok,,
68578556ffd7ab3a70a10f286525ccf913b165fa,base,home,2,4,1125.8536,52,0.0004,93.927,9.611,538,ok,,
68578556ffd7ab3a70a10f286525ccf913b165fa,base,home,3,7,1221.5195,61,0.0004,91.638,11.821,578,ok,,
68578556ffd7ab3a70a10f286525ccf913b165fa,base,home,4,8,914.2449,69,0.0005,95.427,9.432,2039,outlier,lcpObs,
68578556ffd7ab3a70a10f286525ccf913b165fa,head,home,0,1,1261.7023,75,0.0004,93.678,11.949,593,ok,,
68578556ffd7ab3a70a10f286525ccf913b165fa,head,home,1,2,1205.2912,66.0,0.0004,93.663,17.188,875,outlier,lcpObs,
68578556ffd7ab3a70a10f286525ccf913b165fa,head,home,2,5,1220.9555,59.0,0.0004,119.531,18.81,577,outlier,inp,
68578556ffd7ab3a70a10f286525ccf913b165fa,head,home,3,6,1222.0087,97.0,0.0004,120.167,17.249,560,outlier,inp,
68578556ffd7ab3a70a10f286525ccf913b165fa,head,home,4,9,1224.2523,90.5,0.0004,91.932,16.284,558,ok,,
2523624f157eb725809bc14e1d395e7bdc6e840b,base,home,0,0,1254.9225,50.0,0.0004,136.212,43.354,594,outlier,inp;tbtFlow,
2523624f157eb725809bc14e1d395e7bdc6e840b,base,home,1,3,1132.291,52,0.0004,93.912,9.766,542,outlier,lcp,
2523624f157eb725809bc14e1d395e7bdc6e840b,base,home,2,4,1225.9941,53,0.0004,91.135,8.302,612,ok,,
2523624f157eb725809bc14e1d395e7bdc6e840b,base,home,3,7,1240.2099,54,0.0004,94.344,7.414,560,ok,,
2523624f157eb725809bc14e1d395e7bdc6e840b,base,home,4,8,1263.4214,45,0.0004,94.417,6.789,562,ok,,
2523624f157eb725809bc14e1d395e7bdc6e840b,head,home,0,1,1239.2055,74,0.0004,91.957,8.928,578,ok,,
2523624f157eb725809bc14e1d395e7bdc6e840b,head,home,1,2,1218.257,63,0.0004,92.909,15.396,558,ok,,
2523624f157eb725809bc14e1d395e7bdc6e840b,head,home,2,5,1234.8754,49,0.0004,90.593,6.177,592,ok,,
2523624f157eb725809bc14e1d395e7bdc6e840b,head,home,3,6,1139.6394,61.0,0.0004,92.535,8.185,561,outlier,lcp,
2523624f157eb725809bc14e1d395e7bdc6e840b,head,home,4,9,1208.8792,59,0.0004,93.472,13.772,666,outlier,lcpObs,
d1112bbf4f39617e2e20c77e68eb6cec643b11e9,base,home,0,0,1254.8808,58,0.0004,118.711,28.256,574,outlier,inp,
d1112bbf4f39617e2e20c77e68eb6cec643b11e9,base,home,1,3,1114.6461,67.0,0.0004,91.565,11.559,543,outlier,lcp,
d1112bbf4f39617e2e20c77e68eb6cec643b11e9,base,home,2,4,1206.6175,51,0.0004,111.62,23.563,558,ok,,
d1112bbf4f39617e2e20c77e68eb6cec643b11e9,base,home,3,7,1270.4137,48,0.0004,93.543,7.299,560,ok,,
d1112bbf4f39617e2e20c77e68eb6cec643b11e9,base,home,4,8,1232.667,59.0,0.0004,89.144,10.829,559,ok,,
d1112bbf4f39617e2e20c77e68eb6cec643b11e9,head,home,0,1,1248.3439,47,0.0004,95.351,9.26,595,ok,,
d1112bbf4f39617e2e20c77e68eb6cec643b11e9,head,home,1,2,1291.7634,53.0,0.0004,96.17,16.435,593,ok,,
d1112bbf4f39617e2e20c77e68eb6cec643b11e9,head,home,2,5,1213.0746,47,0.0004,98.082,7.776,560,ok,,
d1112bbf4f39617e2e20c77e68eb6cec643b11e9,head,home,3,6,1250.6865,68,0.0004,95.552,6.757,555,ok,,
d1112bbf4f39617e2e20c77e68eb6cec643b11e9,head,home,4,9,1251.9241,56,0.0004,90.3,9.776,524,ok,,
d21c6a1bc698ebbf31695cbe1233fe8c431c9896,base,home,0,0,1250.7646,66.0,0.0004,93.735,15.998,525,ok,,
d21c6a1bc698ebbf31695cbe1233fe8c431c9896,base,home,1,3,1171.8846,56.0,0.0004,94.453,13.191,491,ok,,
d21c6a1bc698ebbf31695cbe1233fe8c431c9896,base,home,2,4,1292.8295,52,0.0004,99.728,8.151,524,ok,,
d21c6a1bc698ebbf31695cbe1233fe8c431c9896,base,home,3,7,1221.5359,77,0.0004,116.336,16.612,508,outlier,inp,
d21c6a1bc698ebbf31695cbe1233fe8c431c9896,base,home,4,8,1181.336,75,0.0004,92.311,17.275,507,ok,,
d21c6a1bc698ebbf31695cbe1233fe8c431c9896,head,home,0,1,1275.4595,43,0.0005,94.427,7.175,522,ok,,
d21c6a1bc698ebbf31695cbe1233fe8c431c9896,head,home,1,2,1135.6538,52.0,0.0004,91.189,8.212,488,ok,,
d21c6a1bc698ebbf31695cbe1233fe8c431c9896,head,home,2,5,1256.6259,69,0.0004,90.94,8.809,540,ok,,
d21c6a1bc698ebbf31695cbe1233fe8c431c9896,head,home,3,6,1211.1829,44,0.0004,101.238,15.793,489,ok,,
d21c6a1bc698ebbf31695cbe1233fe8c431c9896,head,home,4,9,1206.4461,76,0.0004,91.941,11.528,502,ok,,
c5d3bb0b6a84a0464f6f6fd5802075373b5ffbe8,base,home,0,0,1232.3716,67.0,0.0004,90.381,11.743,524,ok,,
c5d3bb0b6a84a0464f6f6fd5802075373b5ffbe8,base,home,1,3,1171.4226,73.0,0.0004,91.24,6.785,575,ok,,
c5d3bb0b6a84a0464f6f6fd5802075373b5ffbe8,base,home,2,4,1194.5636,49.0,0.0004,93.291,7.204,486,ok,,
c5d3bb0b6a84a0464f6f6fd5802075373b5ffbe8,base,home,3,7,1169.3899,70,0.0004,91.683,13.202,505,ok,,
c5d3bb0b6a84a0464f6f6fd5802075373b5ffbe8,base,home,4,8,1153.7229,80.0,0.0004,94.868,14.984,489,ok,,
c5d3bb0b6a84a0464f6f6fd5802075373b5ffbe8,head,home,0,1,1241.5824,76,0.0004,92.216,8.004,523,ok,,
c5d3bb0b6a84a0464f6f6fd5802075373b5ffbe8,head,home,1,2,1160.5185,71.0,0.0004,94.691,9.044,470,ok,,
c5d3bb0b6a84a0464f6f6fd5802075373b5ffbe8,head,home,2,5,1177.4913,75,0.0004,92.1,8.122,524,ok,,
c5d3bb0b6a84a0464f6f6fd5802075373b5ffbe8,head,home,3,6,1275.344,66,0.0004,91.549,9.295,540,ok,,
c5d3bb0b6a84a0464f6f6fd5802075373b5ffbe8,head,home,4,9,1216.2071,73,0.0005,93.362,7.602,505,ok,,
d92384b77d1fdce42a56a94395876f1b1e5c1e55,base,home,0,0,1305.4268,93.0,0.0004,94.434,16.043,523,outlier,lcp,
d92384b77d1fdce42a56a94395876f1b1e5c1e55,base,home,1,3,1197.3235,70.0,0.0004,119.944,11.113,487,outlier,inp,
d92384b77d1fdce42a56a94395876f1b1e5c1e55,base,home,2,4,1180.6051,51.0,0.0004,94.544,11.135,487,ok,,
d92384b77d1fdce42a56a94395876f1b1e5c1e55,base,home,3,7,1217.2476,72.0,0.0004,120.406,11.598,487,outlier,inp,
d92384b77d1fdce42a56a94395876f1b1e5c1e55,base,home,4,8,1179.4573,72.0,0.0004,90.511,8.595,487,ok,,
d92384b77d1fdce42a56a94395876f1b1e5c1e55,head,home,0,1,1111.0365,69.0,0.0004,99.071,11.613,487,outlier,lcp,
d92384b77d1fdce42a56a94395876f1b1e5c1e55,head,home,1,2,1170.9062,61.0,0.0004,94.349,23.336,487,ok,,
d92384b77d1fdce42a56a94395876f1b1e5c1e55,head,home,2,5,1215.532,72,0.0004,95,10.2,541,ok,,
d92384b77d1fdce42a56a94395876f1b1e5c1e55,head,home,3,6,1234.1581,75,0.0004,95.331,10.423,504,ok,,
d92384b77d1fdce42a56a94395876f1b1e5c1e55,head,home,4,9,1227.5938,66,0.0004,94.362,7.027,508,ok,,
70c3e921bb7f6e4576620d1fc9fa7d81dab6fcc6,base,home,0,0,1232.0426,48,0.0004,89.459,11.355,506,ok,,
70c3e921bb7f6e4576620d1fc9fa7d81dab6fcc6,base,home,1,3,1189.1034,65.0,0.0004,120.032,7.193,525,outlier,inp,
70c3e921bb7f6e4576620d1fc9fa7d81dab6fcc6,base,home,2,4,1172.9639,71,0.0004,93.035,6.804,506,ok,,
70c3e921bb7f6e4576620d1fc9fa7d81dab6fcc6,base,home,3,7,1098.993,76,0.0004,120.721,11.181,470,outlier,inp,
70c3e921bb7f6e4576620d1fc9fa7d81dab6fcc6,base,home,4,8,1094.1125,80,0.0004,93.15,20.879,614,outlier,lcpObs,
70c3e921bb7f6e4576620d1fc9fa7d81dab6fcc6,base,home,5,11,1208.4623,56,0.0004,94.446,8.628,506,ok,,
70c3e921bb7f6e4576620d1fc9fa7d81dab6fcc6,base,home,6,12,1178.7171,72,0.0004,94.665,13.404,490,ok,,
70c3e921bb7f6e4576620d1fc9fa7d81dab6fcc6,base,home,7,15,1481.8321,104,0.0004,97.013,8.836,524,outlier,lcp,
70c3e921bb7f6e4576620d1fc9fa7d81dab6fcc6,base,home,8,16,1134.8725,76,0.0004,91.787,9.93,487,ok,,
70c3e921bb7f6e4576620d1fc9fa7d81dab6fcc6,base,home,9,19,1097.8505,78.0,0.0005,119.453,11.548,471,outlier,inp,
70c3e921bb7f6e4576620d1fc9fa7d81dab6fcc6,base,home,10,20,1172.2142,47.0,0.0004,90.584,12.612,471,ok,,
70c3e921bb7f6e4576620d1fc9fa7d81dab6fcc6,base,home,11,23,1147.9839,47,0.0004,94.444,17.022,488,ok,,
70c3e921bb7f6e4576620d1fc9fa7d81dab6fcc6,base,home,12,24,1199.1647,73,0.0004,95.376,17.095,488,ok,,
70c3e921bb7f6e4576620d1fc9fa7d81dab6fcc6,base,home,13,27,1140.3653,84,0.0004,118.682,11.806,491,outlier,inp,
70c3e921bb7f6e4576620d1fc9fa7d81dab6fcc6,base,home,14,28,1172.7329,48.0,0.0004,93.188,16.472,471,ok,,
70c3e921bb7f6e4576620d1fc9fa7d81dab6fcc6,head,home,0,1,1390.8244,75.0,0.0005,91.885,8.559,1082,outlier,lcp;lcpObs,
70c3e921bb7f6e4576620d1fc9fa7d81dab6fcc6,head,home,1,2,1274.7125,82,0.0004,94.376,11.738,541,ok,,
70c3e921bb7f6e4576620d1fc9fa7d81dab6fcc6,head,home,2,5,1191.066,67.0,0.0004,93.503,16.807,506,ok,,
70c3e921bb7f6e4576620d1fc9fa7d81dab6fcc6,head,home,3,6,1173.0085,80.0,0.0004,90.754,11.572,489,ok,,
70c3e921bb7f6e4576620d1fc9fa7d81dab6fcc6,head,home,4,9,1218.6084,71,0.0004,94.942,11.975,508,ok,,
70c3e921bb7f6e4576620d1fc9fa7d81dab6fcc6,head,home,5,10,1234.6041,73.0,0.0004,117.248,22.381,507,outlier,inp,
70c3e921bb7f6e4576620d1fc9fa7d81dab6fcc6,head,home,6,13,1092.5898,67,0.0005,95.48,13.394,488,ok,,
70c3e921bb7f6e4576620d1fc9fa7d81dab6fcc6,head,home,7,14,1257.151,77,0.0004,94.448,12.386,506,ok,,
70c3e921bb7f6e4576620d1fc9fa7d81dab6fcc6,head,home,8,17,1091.4016,70.0,0.0004,93.132,12.264,471,ok,,
70c3e921bb7f6e4576620d1fc9fa7d81dab6fcc6,head,home,9,18,1210.9507,57,0.0004,122.43,20.865,506,outlier,inp,
70c3e921bb7f6e4576620d1fc9fa7d81dab6fcc6,head,home,10,21,1167.4435,46.0,0.0004,94.477,17.025,487,ok,,
70c3e921bb7f6e4576620d1fc9fa7d81dab6fcc6,head,home,11,22,1220.4589,54,0.0004,94.072,15.145,507,ok,,
70c3e921bb7f6e4576620d1fc9fa7d81dab6fcc6,head,home,12,25,1208.4466,69.0,0.0004,120.153,11.214,489,outlier,inp,
70c3e921bb7f6e4576620d1fc9fa7d81dab6fcc6,head,home,13,26,1229.6215,69,0.0004,94.497,13.216,507,ok,,
70c3e921bb7f6e4576620d1fc9fa7d81dab6fcc6,head,home,14,29,1087.9806,66,0.0004,93.089,12.26,473,ok,,
a9e2d2348bdad814449b946eefc9515d8132cf8b,base,home,0,0,1176.1182,47.0,0.0004,94.058,13.37,486,ok,,
a9e2d2348bdad814449b946eefc9515d8132cf8b,base,home,1,3,1180.5506,85.0,0.0004,120.724,8.225,489,outlier,inp,
a9e2d2348bdad814449b946eefc9515d8132cf8b,base,home,2,4,1142.5234,64.0,0.0004,117.461,8.587,616,outlier,inp;lcpObs,
a9e2d2348bdad814449b946eefc9515d8132cf8b,base,home,3,7,1226.9468,65,0.0004,94.35,17.293,510,ok,,
a9e2d2348bdad814449b946eefc9515d8132cf8b,base,home,4,8,1215.3041,75.0,0.0004,92.791,18.175,509,ok,,
a9e2d2348bdad814449b946eefc9515d8132cf8b,head,home,0,1,1217.5673,81.0,0.0004,94.174,11.041,469,ok,,
a9e2d2348bdad814449b946eefc9515d8132cf8b,head,home,1,2,1253.8084,69,0.0004,90.64,14.394,489,ok,,
a9e2d2348bdad814449b946eefc9515d8132cf8b,head,home,2,5,1195.0058,67.0,0.0004,120.435,18.364,525,outlier,inp,
a9e2d2348bdad814449b946eefc9515d8132cf8b,head,home,3,6,1203.1239,78,0.0004,91.319,9.632,510,ok,,
a9e2d2348bdad814449b946eefc9515d8132cf8b,head,home,4,9,1228.2794,66.0,0.0004,96.761,8.833,490,ok,,
4ec812bc18df090b9acc797e9a385156d13a1285,base,home,0,0,1254.29,45.5,0.0004,94.348,11.161,524,ok,,
4ec812bc18df090b9acc797e9a385156d13a1285,base,home,1,3,1272.22,74.0,0.0004,92.636,15.581,607,outlier,lcpObs,
4ec812bc18df090b9acc797e9a385156d13a1285,base,home,2,4,1122.9815,77,0.0004,93.711,11.828,525,ok,,
4ec812bc18df090b9acc797e9a385156d13a1285,base,home,3,7,1200.9868,82,0.0004,95.592,11.454,488,ok,,
4ec812bc18df090b9acc797e9a385156d13a1285,base,home,4,8,1089.9565,68.0,0.0004,94.881,7.398,506,ok,,
4ec812bc18df090b9acc797e9a385156d13a1285,head,home,0,1,1253.5046,74,0.0004,94.681,11.641,542,ok,,
4ec812bc18df090b9acc797e9a385156d13a1285,head,home,1,2,1160.9133,72,0.0004,119.256,11.651,472,ok,,
4ec812bc18df090b9acc797e9a385156d13a1285,head,home,2,5,1193.6743,50,0.0004,94.044,9.628,507,ok,,
4ec812bc18df090b9acc797e9a385156d13a1285,head,home,3,6,1188.7406,44.0,0.0004,120.091,11.774,490,ok,,
4ec812bc18df090b9acc797e9a385156d13a1285,head,home,4,9,1250.3432,68,0.0004,99.771,12.222,526,ok,,
d587b8a3de6ce8b4ae1bd7578210977ab99fddb7,base,home,0,0,1190.511,67.0,0.0004,92.734,10.997,487,ok,,
d587b8a3de6ce8b4ae1bd7578210977ab99fddb7,base,home,1,3,1132.8091,47,0.0004,91.638,18.042,493,outlier,lcp,
d587b8a3de6ce8b4ae1bd7578210977ab99fddb7,base,home,2,4,1309.7688,86.0,0.0004,91.876,15.588,540,outlier,lcp,
d587b8a3de6ce8b4ae1bd7578210977ab99fddb7,base,home,3,7,1133.5687,68,0.0004,96.497,15.808,489,outlier,lcp,
d587b8a3de6ce8b4ae1bd7578210977ab99fddb7,base,home,4,8,1212.261,64,0.0004,120.208,15.978,506,outlier,inp,
d587b8a3de6ce8b4ae1bd7578210977ab99fddb7,base,home,5,11,1205.2297,64,0.0004,92.452,20.694,508,ok,,
d587b8a3de6ce8b4ae1bd7578210977ab99fddb7,base,home,6,12,1216.3459,66,0.0004,92.165,18.751,771,outlier,lcpObs,
d587b8a3de6ce8b4ae1bd7578210977ab99fddb7,base,home,7,15,1213.1126,68.0,0.0004,91.941,13.841,507,ok,,
d587b8a3de6ce8b4ae1bd7578210977ab99fddb7,base,home,8,16,1195.7178,49,0.0004,94.408,11.453,546,ok,,
d587b8a3de6ce8b4ae1bd7578210977ab99fddb7,base,home,9,19,1254.1037,71.0,0.0004,104.899,12.139,504,ok,,
d587b8a3de6ce8b4ae1bd7578210977ab99fddb7,base,home,10,20,1216.7605,72,0.0004,115.077,17.637,491,outlier,inp,
d587b8a3de6ce8b4ae1bd7578210977ab99fddb7,base,home,11,23,1168.9215,70.0,0.0004,94.451,8.347,489,ok,,
d587b8a3de6ce8b4ae1bd7578210977ab99fddb7,base,home,12,24,1217.4275,86,0.0004,94.365,23.521,491,ok,,
d587b8a3de6ce8b4ae1bd7578210977ab99fddb7,base,home,13,27,1229.554,73,0.0004,112.523,16.584,492,ok,,
d587b8a3de6ce8b4ae1bd7578210977ab99fddb7,base,home,14,28,1231.3169,86.0,0.0004,119.313,11.758,526,outlier,inp,
d587b8a3de6ce8b4ae1bd7578210977ab99fddb7,head,home,0,1,1271.5416,49.0,0.0004,94.381,10.403,560,ok,,
d587b8a3de6ce8b4ae1bd7578210977ab99fddb7,head,home,1,2,1132.7264,79.0,0.0004,116.589,16.482,489,outlier,inp,
d587b8a3de6ce8b4ae1bd7578210977ab99fddb7,head,home,2,5,1152.766,69.0,0.0004,120.789,9.838,505,outlier,inp,
d587b8a3de6ce8b4ae1bd7578210977ab99fddb7,head,home,3,6,1184.4991,72,0.0004,117.425,19.658,504,outlier,inp,
d587b8a3de6ce8b4ae1bd7578210977ab99fddb7,head,home,4,9,1191.4556,44.0,0.0004,94.181,10.978,488,ok,,
d587b8a3de6ce8b4ae1bd7578210977ab99fddb7,head,home,5,10,1215.5574,45.0,0.0004,120.265,7.601,506,outlier,inp,
d587b8a3de6ce8b4ae1bd7578210977ab99fddb7,head,home,6,13,1255.38,70.0,0.0004,94.431,10.5,503,ok,,
d587b8a3de6ce8b4ae1bd7578210977ab99fddb7,head,home,7,14,1171.5333,49,0.0004,118.554,25.7,491,outlier,inp,
d587b8a3de6ce8b4ae1bd7578210977ab99fddb7,head,home,8,17,1169.2276,111.5,0.0004,93.433,10.826,523,ok,,
d587b8a3de6ce8b4ae1bd7578210977ab99fddb7,head,home,9,18,1098.9192,82,0.0004,93.402,7.418,487,ok,,
d587b8a3de6ce8b4ae1bd7578210977ab99fddb7,head,home,10,21,1225.344,98,0.0004,99.087,9.315,521,ok,,
d587b8a3de6ce8b4ae1bd7578210977ab99fddb7,head,home,11,22,1156.1031,71,0.0004,91.96,8.907,1024,outlier,lcpObs,
d587b8a3de6ce8b4ae1bd7578210977ab99fddb7,head,home,12,25,973.1935,48.5,0.0005,94.563,14.598,2022,outlier,lcp;lcpObs,
d587b8a3de6ce8b4ae1bd7578210977ab99fddb7,head,home,13,26,1191.8302,65,0.0004,93.487,12.959,525,ok,,
d587b8a3de6ce8b4ae1bd7578210977ab99fddb7,head,home,14,29,1196.0286,84,0.0004,92.759,15.85,489,ok,,
69bc5bdaab1fe0064a7db085535748f7eab5f181,base,home,0,0,1275.7341,78,0.0004,94.896,10.077,525,ok,,
69bc5bdaab1fe0064a7db085535748f7eab5f181,base,home,1,3,1235.1836,96.0,0.0004,92.218,16.635,523,ok,,
69bc5bdaab1fe0064a7db085535748f7eab5f181,base,home,2,4,1234.2036,87.0,0.0004,94.396,11.751,524,ok,,
69bc5bdaab1fe0064a7db085535748f7eab5f181,base,home,3,7,1207.4699,46,0.0004,95.031,9.642,490,ok,,
69bc5bdaab1fe0064a7db085535748f7eab5f181,base,home,4,8,1250.4253,43.5,0.0004,94.44,16.417,508,ok,,
69bc5bdaab1fe0064a7db085535748f7eab5f181,base,home,5,11,1227.0115,89,0.0004,119.947,12.132,488,outlier,inp,
69bc5bdaab1fe0064a7db085535748f7eab5f181,base,home,6,12,1276.0753,64,0.0004,123.881,28.671,491,outlier,inp,
69bc5bdaab1fe0064a7db085535748f7eab5f181,base,home,7,15,1213.9338,74,0.0004,121.073,12.798,489,outlier,inp,
69bc5bdaab1fe0064a7db085535748f7eab5f181,base,home,8,16,1208.4364,68,0.0004,99.016,14.432,506,ok,,
69bc5bdaab1fe0064a7db085535748f7eab5f181,base,home,9,19,1210.176,65.0,0.0004,120.044,17.058,490,outlier,inp,
69bc5bdaab1fe0064a7db085535748f7eab5f181,base,home,10,20,1181.817,93.5,0.0004,94.465,25.828,506,ok,,
69bc5bdaab1fe0064a7db085535748f7eab5f181,base,home,11,23,1232.8072,84,0.0004,97.928,7.001,507,ok,,
69bc5bdaab1fe0064a7db085535748f7eab5f181,base,home,12,24,1075.0759,66.0,0.0004,119.613,7.198,491,outlier,lcp;inp,
69bc5bdaab1fe0064a7db085535748f7eab5f181,base,home,13,27,1215.8426,66.0,0.0004,117.3,15.361,491,ok,,
69bc5bdaab1fe0064a7db085535748f7eab5f181,base,home,14,28,1194.2426,79,0.0004,93.644,11.423,492,ok,,
69bc5bdaab1fe0064a7db085535748f7eab5f181,head,home,0,1,1192.2456,65,0.0004,120.167,20.265,504,outlier,inp,
69bc5bdaab1fe0064a7db085535748f7eab5f181,head,home,1,2,1233.5843,74,0.0004,105.418,21.9,543,ok,,
69bc5bdaab1fe0064a7db085535748f7eab5f181,head,home,2,5,1146.0072,71,0.0004,95.829,18.278,508,ok,,
69bc5bdaab1fe0064a7db085535748f7eab5f181,head,home,3,6,1217.704,70.0,0.0004,92.627,17.349,489,ok,,
69bc5bdaab1fe0064a7db085535748f7eab5f181,head,home,4,9,1213.0392,77,0.0004,96.934,7.176,488,ok,,
69bc5bdaab1fe0064a7db085535748f7eab5f181,head,home,5,10,1224.4727,69,0.0004,94.492,13.164,505,ok,,
69bc5bdaab1fe0064a7db085535748f7eab5f181,head,home,6,13,965.8111,65.0,0.0007,94.758,18.068,2020,outlier,lcp;lcpObs,
69bc5bdaab1fe0064a7db085535748f7eab5f181,head,home,7,14,1078.7846,71,0.0004,95.477,15.591,472,ok,,
69bc5bdaab1fe0064a7db085535748f7eab5f181,head,home,8,17,1155.235,73.0,0.0004,92.975,12.374,491,ok,,
69bc5bdaab1fe0064a7db085535748f7eab5f181,head,home,9,18,1220.1408,74.0,0.0004,93.099,8.409,509,ok,,
69bc5bdaab1fe0064a7db085535748f7eab5f181,head,home,10,21,1195.1942,70.0,0.0004,117.304,12.109,793,outlier,inp;lcpObs,
69bc5bdaab1fe0064a7db085535748f7eab5f181,head,home,11,22,1215.8291,77,0.0004,94.406,9.911,490,ok,,
69bc5bdaab1fe0064a7db085535748f7eab5f181,head,home,12,25,1173.6785,75,0.0004,121.07,17.613,471,outlier,inp,
69bc5bdaab1fe0064a7db085535748f7eab5f181,head,home,13,26,1141.179,79.0,0.0004,97.28,13.39,492,ok,,
69bc5bdaab1fe0064a7db085535748f7eab5f181,head,home,14,29,1240.3698,72.0,0.0004,97.203,14.398,523,ok,,
817d8c553c3389650f8b4503984a6d4a5d2f0c11,base,home,0,0,1273.5314,66,0.0005,93.499,17.289,523,ok,,
817d8c553c3389650f8b4503984a6d4a5d2f0c11,base,home,1,3,1175.7812,78,0.0004,93.359,8.402,508,ok,,
817d8c553c3389650f8b4503984a6d4a5d2f0c11,base,home,2,4,1211.274,43,0.0004,98.492,19.042,487,ok,,
817d8c553c3389650f8b4503984a6d4a5d2f0c11,base,home,3,7,1116.5428,71,0.0004,95.406,9.936,484,ok,,
817d8c553c3389650f8b4503984a6d4a5d2f0c11,base,home,4,8,1260.0589,81,0.0004,120.569,24.111,526,outlier,inp,
817d8c553c3389650f8b4503984a6d4a5d2f0c11,head,home,0,1,952.7585,65,0.0005,92.875,15.816,2036,outlier,lcp;lcpObs,
817d8c553c3389650f8b4503984a6d4a5d2f0c11,head,home,1,2,1246.4169,78,0.0004,94.44,14.609,506,ok,,
817d8c553c3389650f8b4503984a6d4a5d2f0c11,head,home,2,5,1131.052,63,0.0004,94.398,14.867,490,ok,,
817d8c553c3389650f8b4503984a6d4a5d2f0c11,head,home,3,6,1216.674,81.0,0.0004,94.056,16.399,507,ok,,
817d8c553c3389650f8b4503984a6d4a5d2f0c11,head,home,4,9,1230.8763,77,0.0004,118.68,12.313,789,outlier,inp;lcpObs,
82b9a6b464941d1afbb2396e77e1bbfc407a0c60,base,home,0,0,1119.0789,59,0.0004,117.393,11.809,472,outlier,inp,
82b9a6b464941d1afbb2396e77e1bbfc407a0c60,base,home,1,3,1224.8863,86,0.0004,94.44,14.186,560,ok,,
82b9a6b464941d1afbb2396e77e1bbfc407a0c60,base,home,2,4,1207.1422,65,0.0004,94.581,21.279,506,ok,,
82b9a6b464941d1afbb2396e77e1bbfc407a0c60,base,home,3,7,1151.2418,76,0.0004,93.695,12.992,507,ok,,
82b9a6b464941d1afbb2396e77e1bbfc407a0c60,base,home,4,8,1185.5384,88,0.0004,106.826,10.745,489,ok,,
82b9a6b464941d1afbb2396e77e1bbfc407a0c60,head,home,0,1,1248.0709,63,0.0004,108.305,6.79,826,outlier,lcpObs,
82b9a6b464941d1afbb2396e77e1bbfc407a0c60,head,home,1,2,1151.7069,67.0,0.0004,95.435,18.0,488,ok,,
82b9a6b464941d1afbb2396e77e1bbfc407a0c60,head,home,2,5,1221.9295,61.0,0.0004,94.984,19.445,510,ok,,
82b9a6b464941d1afbb2396e77e1bbfc407a0c60,head,home,3,6,1178.1582,76.0,0.0004,91.126,12.49,544,ok,,
82b9a6b464941d1afbb2396e77e1bbfc407a0c60,head,home,4,9,1210.774,65,0.0004,94.034,15.19,596,ok,,
21ffaf4d76bf8554c3ba5561ab8ff41ce89b55fa,base,home,0,0,1193.3509,72,0.0004,102.252,13.616,471,ok,,
21ffaf4d76bf8554c3ba5561ab8ff41ce89b55fa,base,home,1,3,1280.0954,61,0.0004,95.492,17.191,546,ok,,
21ffaf4d76bf8554c3ba5561ab8ff41ce89b55fa,base,home,2,4,1204.8065,74,0.0004,119.403,15.422,521,outlier,inp,
21ffaf4d76bf8554c3ba5561ab8ff41ce89b55fa,base,home,3,7,1216.8124,81,0.0004,117.374,10.651,508,outlier,inp,
21ffaf4d76bf8554c3ba5561ab8ff41ce89b55fa,base,home,4,8,1090.642,82.0,0.0004,93.815,14.417,470,ok,,
21ffaf4d76bf8554c3ba5561ab8ff41ce89b55fa,base,home,5,11,1245.0273,64,0.0004,97.712,6.601,541,ok,,
21ffaf4d76bf8554c3ba5561ab8ff41ce89b55fa,base,home,6,12,1171.4547,67,0.0004,118.02,13.755,805,outlier,inp;lcpObs,
21ffaf4d76bf8554c3ba5561ab8ff41ce89b55fa,base,home,7,15,1154.3511,64,0.0004,94.447,13.314,490,ok,,
21ffaf4d76bf8554c3ba5561ab8ff41ce89b55fa,base,home,8,16,1247.5062,63,0.0004,95.407,9.53,525,ok,,
21ffaf4d76bf8554c3ba5561ab8ff41ce89b55fa,base,home,9,19,1211.8508,67.0,0.0004,93.885,13.678,525,ok,,
21ffaf4d76bf8554c3ba5561ab8ff41ce89b55fa,base,home,10,20,1207.6819,67,0.0004,93.003,13.195,505,ok,,
21ffaf4d76bf8554c3ba5561ab8ff41ce89b55fa,base,home,11,23,1162.1326,81,0.0004,94.458,13.256,488,ok,,
21ffaf4d76bf8554c3ba5561ab8ff41ce89b55fa,base,home,12,24,1088.3785,80,0.0004,91.553,7.619,471,ok,,
21ffaf4d76bf8554c3ba5561ab8ff41ce89b55fa,base,home,13,27,1210.0164,65,0.0004,106.936,15.603,489,ok,,
21ffaf4d76bf8554c3ba5561ab8ff41ce89b55fa,base,home,14,28,1132.4474,70.0,0.0004,97.957,10.134,472,ok,,
21ffaf4d76bf8554c3ba5561ab8ff41ce89b55fa,head,home,0,1,1196.4195,65.0,0.0004,94.475,14.023,505,ok,,
21ffaf4d76bf8554c3ba5561ab8ff41ce89b55fa,head,home,1,2,1154.4074,69.0,0.0004,93.482,8.626,473,ok,,
21ffaf4d76bf8554c3ba5561ab8ff41ce89b55fa,head,home,2,5,1233.9994,65.0,0.0004,93.561,16.297,542,ok,,
21ffaf4d76bf8554c3ba5561ab8ff41ce89b55fa,head,home,3,6,1160.5599,65.0,0.0004,94.01,15.846,474,ok,,
21ffaf4d76bf8554c3ba5561ab8ff41ce89b55fa,head,home,4,9,1148.3694,66,0.0004,94.86,8.813,1205,outlier,lcpObs,
21ffaf4d76bf8554c3ba5561ab8ff41ce89b55fa,head,home,5,10,1251.6614,64.0,0.0004,93.025,6.578,1411,outlier,lcpObs,
21ffaf4d76bf8554c3ba5561ab8ff41ce89b55fa,head,home,6,13,1211.0967,86,0.0004,121.257,8.709,524,outlier,inp,
21ffaf4d76bf8554c3ba5561ab8ff41ce89b55fa,head,home,7,14,1219.2044,73,0.0004,120.438,15.782,489,outlier,inp,
21ffaf4d76bf8554c3ba5561ab8ff41ce89b55fa,head,home,8,17,1195.2196,81.0,0.0004,120.711,21.697,489,outlier,inp,
21ffaf4d76bf8554c3ba5561ab8ff41ce89b55fa,head,home,9,18,909.7382,63,0.0007,94.948,11.84,2023,outlier,lcp;lcpObs,
21ffaf4d76bf8554c3ba5561ab8ff41ce89b55fa,head,home,10,21,1192.4476,65,0.0004,94.015,17.263,530,ok,,
21ffaf4d76bf8554c3ba5561ab8ff41ce89b55fa,head,home,11,22,1092.0972,71.0,0.0004,96.073,7.634,489,ok,,
21ffaf4d76bf8554c3ba5561ab8ff41ce89b55fa,head,home,12,25,1164.7919,67,0.0004,119.791,12.773,523,outlier,inp,
21ffaf4d76bf8554c3ba5561ab8ff41ce89b55fa,head,home,13,26,1178.0579,122,0.0004,94.077,10.853,490,outlier,tbt,
21ffaf4d76bf8554c3ba5561ab8ff41ce89b55fa,head,home,14,29,1223.4756,78,0.0004,95.411,9.23,506,ok,,
30983d801a12b658d4f6b3ee4bd7471186291c78,base,home,0,0,1251.9378,42.5,0.0004,95.296,10.147,543,ok,,
30983d801a12b658d4f6b3ee4bd7471186291c78,base,home,1,3,1274.0292,83.0,0.0004,92.095,12.27,506,ok,,
30983d801a12b658d4f6b3ee4bd7471186291c78,base,home,2,4,1236.5834,77,0.0004,115.834,14.233,506,ok,,
30983d801a12b658d4f6b3ee4bd7471186291c78,base,home,3,7,1234.6735,65,0.0004,94.375,13.389,489,ok,,
30983d801a12b658d4f6b3ee4bd7471186291c78,base,home,4,8,1179.6419,95,0.0005,119.52,8.972,487,outlier,inp,
30983d801a12b658d4f6b3ee4bd7471186291c78,base,home,5,11,1082.7393,65,0.0004,117.878,11.043,489,outlier,inp,
30983d801a12b658d4f6b3ee4bd7471186291c78,base,home,6,12,1267.0934,60.0,0.0004,94.293,16.646,501,ok,,
30983d801a12b658d4f6b3ee4bd7471186291c78,base,home,7,15,1129.3964,63,0.0004,118.789,19.644,485,outlier,inp,
30983d801a12b658d4f6b3ee4bd7471186291c78,base,home,8,16,1205.481,76.0,0.0004,93.403,9.995,506,ok,,
30983d801a12b658d4f6b3ee4bd7471186291c78,base,home,9,19,1222.382,71,0.0004,119.973,18.031,524,outlier,inp,
30983d801a12b658d4f6b3ee4bd7471186291c78,base,home,10,20,1237.5804,66.0,0.0004,97.608,13.767,524,ok,,
30983d801a12b658d4f6b3ee4bd7471186291c78,base,home,11,23,1098.0059,100,0.0004,119.819,16.429,472,outlier,inp,
30983d801a12b658d4f6b3ee4bd7471186291c78,base,home,12,24,1198.6323,82.0,0.0004,94.764,19.254,509,ok,,
30983d801a12b658d4f6b3ee4bd7471186291c78,base,home,13,27,1133.5666,82.5,0.0004,97.19,15.387,471,ok,,
30983d801a12b658d4f6b3ee4bd7471186291c78,base,home,14,28,1180.3624,65,0.0004,94.492,19.06,491,ok,,
30983d801a12b658d4f6b3ee4bd7471186291c78,head,home,0,1,1221.7746,63.0,0.0004,120.083,19.465,506,outlier,inp,
30983d801a12b658d4f6b3ee4bd7471186291c78,head,home,1,2,1232.376,67,0.0004,93.405,7.2,523,ok,,
30983d801a12b658d4f6b3ee4bd7471186291c78,head,home,2,5,1216.0368,70,0.0004,94.381,16.414,507,ok,,
30983d801a12b658d4f6b3ee4bd7471186291c78,head,home,3,6,1151.2136,76,0.0004,97.822,13.944,490,ok,,
30983d801a12b658d4f6b3ee4bd7471186291c78,head,home,4,9,1218.6221,51,0.0004,107.416,14.623,490,ok,,
30983d801a12b658d4f6b3ee4bd7471186291c78,head,home,5,10,1087.2784,75,0.0004,94.467,6.992,472,ok,,
30983d801a12b658d4f6b3ee4bd7471186291c78,head,home,6,13,1070.9704,67,0.0004,119.354,11.572,488,outlier,inp,
30983d801a12b658d4f6b3ee4bd7471186291c78,head,home,7,14,1094.8587,79,0.0004,95.011,14.044,471,ok,,
30983d801a12b658d4f6b3ee4bd7471186291c78,head,home,8,17,1080.5347,60,0.0004,115.378,22.501,491,ok,,
30983d801a12b658d4f6b3ee4bd7471186291c78,head,home,9,18,1231.6682,64,0.0004,95.454,7.19,629,outlier,lcpObs,
30983d801a12b658d4f6b3ee4bd7471186291c78,head,home,10,21,1227.9475,63,0.0004,95.472,6.64,511,ok,,
30983d801a12b658d4f6b3ee4bd7471186291c78,head,home,11,22,1130.6515,62.0,0.0004,94.338,15.445,472,ok,,
30983d801a12b658d4f6b3ee4bd7471186291c78,head,home,12,25,1239.7095,76,0.0004,120.592,14.058,492,outlier,inp,
30983d801a12b658d4f6b3ee4bd7471186291c78,head,home,13,26,1249.0627,70.0,0.0005,94.68,18.208,526,ok,,
30983d801a12b658d4f6b3ee4bd7471186291c78,head,home,14,29,1156.1803,70,0.0004,120.688,19.866,472,outlier,inp,
99d8bff1751b0bcfaacd1b0f32689df63ab42f86,base,home,0,0,1262.0467,68,0.0004,93.383,12.61,523,ok,,
99d8bff1751b0bcfaacd1b0f32689df63ab42f86,base,home,1,3,1252.6118,68,0.0004,118.125,16.874,543,outlier,inp,
99d8bff1751b0bcfaacd1b0f32689df63ab42f86,base,home,2,4,1132.9091,70,0.0004,93.992,16.428,489,outlier,lcp,
99d8bff1751b0bcfaacd1b0f32689df63ab42f86,base,home,3,7,1231.6672,69,0.0004,93.311,15.817,593,ok,,
99d8bff1751b0bcfaacd1b0f32689df63ab42f86,base,home,4,8,1229.9697,79,0.0004,94.375,11.02,509,ok,,
99d8bff1751b0bcfaacd1b0f32689df63ab42f86,head,home,0,1,1232.7086,83,0.0004,93.633,14.032,487,ok,,
99d8bff1751b0bcfaacd1b0f32689df63ab42f86,head,home,1,2,1275.8941,118,0.0004,94.936,11.655,592,outlier,tbt;lcpObs,
99d8bff1751b0bcfaacd1b0f32689df63ab42f86,head,home,2,5,1199.2988,71.0,0.0004,121.214,26.73,490,outlier,inp,
99d8bff1751b0bcfaacd1b0f32689df63ab42f86,head,home,3,6,1164.9282,62.0,0.0004,94.395,13.64,476,ok,,
99d8bff1751b0bcfaacd1b0f32689df63ab42f86,head,home,4,9,1190.1449,63,0.0004,94.084,11.842,492,ok,,
58990b41ae3f2339e5bb2616f870d79e3f8d6463,base,home,0,0,1071.6279,68.0,0.0005,118.451,16.815,469,outlier,inp,
58990b41ae3f2339e5bb2616f870d79e3f8d6463,base,home,1,3,1241.6005,90,0.0004,93.887,14.558,592,outlier,lcpObs,
58990b41ae3f2339e5bb2616f870d79e3f8d6463,base,home,2,4,1227.2645,65,0.0004,93.983,14.935,489,ok,,
58990b41ae3f2339e5bb2616f870d79e3f8d6463,base,home,3,7,1138.731,68,0.0004,95.41,16.208,488,ok,,
58990b41ae3f2339e5bb2616f870d79e3f8d6463,base,home,4,8,1276.1571,84.0,0.0004,92.992,16.25,509,ok,,
58990b41ae3f2339e5bb2616f870d79e3f8d6463,head,home,0,1,1248.0248,81,0.0005,93.397,13.789,488,ok,,
58990b41ae3f2339e5bb2616f870d79e3f8d6463,head,home,1,2,1254.3746,78.0,0.0004,93.136,12.007,559,ok,,
58990b41ae3f2339e5bb2616f870d79e3f8d6463,head,home,2,5,1199.1251,88.5,0.0004,94.092,20.243,474,ok,,
58990b41ae3f2339e5bb2616f870d79e3f8d6463,head,home,3,6,1256.5576,81,0.0004,119.674,10.509,508,outlier,inp,
58990b41ae3f2339e5bb2616f870d79e3f8d6463,head,home,4,9,1213.1139,64,0.0004,93.277,12.577,506,ok,,
77aca48c8437b5bcc356b144c9677616ca80c7ba,base,home,0,0,1233.4155,69,0.0004,94.651,14.009,487,ok,,
77aca48c8437b5bcc356b144c9677616ca80c7ba,base,home,1,3,1274.8395,71.0,0.0004,89.982,9.36,629,outlier,lcpObs,
77aca48c8437b5bcc356b144c9677616ca80c7ba,base,home,2,4,1211.836,69,0.0004,91.673,13.016,505,ok,,
77aca48c8437b5bcc356b144c9677616ca80c7ba,base,home,3,7,1169.5914,97,0.0004,95.397,7.495,524,ok,,
77aca48c8437b5bcc356b144c9677616ca80c7ba,base,home,4,8,1203.2261,83,0.0005,93.974,13.409,509,ok,,
77aca48c8437b5bcc356b144c9677616ca80c7ba,head,home,0,1,1259.0844,81,0.0004,93.055,16.695,543,ok,,
77aca48c8437b5bcc356b144c9677616ca80c7ba,head,home,1,2,1189.913,66,0.0004,94.045,8.618,505,ok,,
77aca48c8437b5bcc356b144c9677616ca80c7ba,head,home,2,5,1209.8162,80,0.0004,125.459,41.31,508,outlier,inp,
77aca48c8437b5bcc356b144c9677616ca80c7ba,head,home,3,6,1096.3796,81,0.0004,122.268,14.364,472,outlier,inp,
77aca48c8437b5bcc356b144c9677616ca80c7ba,head,home,4,9,1161.2379,84,0.0004,94.438,12.682,487,ok,,
e1bb59fb8f115cd8e75fcaaeefa03a81b0fdc697,base,home,0,0,1253.8587,67,0.0004,92.54,7.379,575,ok,,
e1bb59fb8f115cd8e75fcaaeefa03a81b0fdc697,base,home,1,3,1133.4189,70.0,0.0004,108.515,16.18,472,ok,,
e1bb59fb8f115cd8e75fcaaeefa03a81b0fdc697,base,home,2,4,1174.8324,67,0.0004,94.404,11.21,507,ok,,
e1bb59fb8f115cd8e75fcaaeefa03a81b0fdc697,base,home,3,7,1235.0111,70,0.0004,94.383,13.234,509,ok,,
e1bb59fb8f115cd8e75fcaaeefa03a81b0fdc697,base,home,4,8,1090.9983,68,0.0004,93.301,13.384,472,ok,,
e1bb59fb8f115cd8e75fcaaeefa03a81b0fdc697,head,home,0,1,1274.0689,69,0.0004,94.42,8.778,541,ok,,
e1bb59fb8f115cd8e75fcaaeefa03a81b0fdc697,head,home,1,2,1170.7146,69,0.0004,92.253,8.721,472,ok,,
e1bb59fb8f115cd8e75fcaaeefa03a81b0fdc697,head,home,2,5,1213.9943,70,0.0004,110.519,18.582,490,ok,,
e1bb59fb8f115cd8e75fcaaeefa03a81b0fdc697,head,home,3,6,1111.8821,68,0.0004,95.165,7.793,473,ok,,
e1bb59fb8f115cd8e75fcaaeefa03a81b0fdc697,head,home,4,9,1219.1179,69.0,0.0004,94.411,12.997,524,ok,,
ab89d4c16f53bd1e06cb980c600f0952b7a3d7d3,base,home,0,0,1151.4044,86,0.0004,88.727,15.248,504,ok,,
ab89d4c16f53bd1e06cb980c600f0952b7a3d7d3,base,home,1,3,1249.5651,63,0.0005,92.521,11.451,485,ok,,
ab89d4c16f53bd1e06cb980c600f0952b7a3d7d3,base,home,2,4,1232.2444,86,0.0004,119.173,12.373,542,outlier,inp;lcpObs,
ab89d4c16f53bd1e06cb980c600f0952b7a3d7d3,base,home,3,7,1225.909,100,0.0004,94.028,12.378,488,ok,,
ab89d4c16f53bd1e06cb980c600f0952b7a3d7d3,base,home,4,8,1071.8256,85,0.0004,95.418,12.56,491,outlier,lcp,
ab89d4c16f53bd1e06cb980c600f0952b7a3d7d3,head,home,0,1,1192.7951,68,0.0004,118.701,21.891,507,outlier,inp,
ab89d4c16f53bd1e06cb980c600f0952b7a3d7d3,head,home,1,2,1175.5538,101,0.0004,93.928,8.113,491,outlier,tbt,
ab89d4c16f53bd1e06cb980c600f0952b7a3d7d3,head,home,2,5,1124.0109,65.0,0.0004,93.443,12.521,492,ok,,
ab89d4c16f53bd1e06cb980c600f0952b7a3d7d3,head,home,3,6,1231.6324,69,0.0004,93.155,12.847,489,ok,,
ab89d4c16f53bd1e06cb980c600f0952b7a3d7d3,head,home,4,9,1255.0969,72,0.0004,96.343,11.197,524,ok,,
a18f059188b8dd978a9162cf5c70ac725025910b,base,home,0,0,1266.0276,70,0.0004,95.262,13.816,524,ok,,
a18f059188b8dd978a9162cf5c70ac725025910b,base,home,1,3,1184.0739,61.0,0.0004,94.168,18.837,506,ok,,
a18f059188b8dd978a9162cf5c70ac725025910b,base,home,2,4,1209.7425,67,0.0004,94.429,13.271,521,ok,,
a18f059188b8dd978a9162cf5c70ac725025910b,base,home,3,7,1117.4045,65.0,0.0004,94.874,13.762,471,outlier,lcp,
a18f059188b8dd978a9162cf5c70ac725025910b,base,home,4,8,1268.8193,67,0.0004,104.838,12.539,523,ok,,
a18f059188b8dd978a9162cf5c70ac725025910b,base,home,5,11,1212.7353,91.0,0.0004,93.841,14.147,521,ok,,
a18f059188b8dd978a9162cf5c70ac725025910b,base,home,6,12,1150.8373,64.0,0.0004,93.989,9.198,491,ok,,
a18f059188b8dd978a9162cf5c70ac725025910b,base,home,7,15,1256.7966,78,0.0004,116.451,12.795,509,outlier,inp,
a18f059188b8dd978a9162cf5c70ac725025910b,base,home,8,16,1227.542,65,0.0004,94.386,9.386,509,ok,,
a18f059188b8dd978a9162cf5c70ac725025910b,base,home,9,19,1234.5339,93,0.0004,118.57,8.114,490,outlier,inp,
a18f059188b8dd978a9162cf5c70ac725025910b,base,home,10,20,1209.8459,67,0.0004,95.418,13.199,508,ok,,
a18f059188b8dd978a9162cf5c70ac725025910b,base,home,11,23,1275.4088,83,0.0004,98.643,7.987,561,ok,,
a18f059188b8dd978a9162cf5c70ac725025910b,base,home,12,24,1257.8369,67,0.0004,118.816,15.255,527,outlier,inp,
a18f059188b8dd978a9162cf5c70ac725025910b,base,home,13,27,1277.4095,73.0,0.0004,94.663,13.853,491,ok,,
a18f059188b8dd978a9162cf5c70ac725025910b,base,home,14,28,1252.2244,66,0.0004,91.559,6.594,508,ok,,
a18f059188b8dd978a9162cf5c70ac725025910b,head,home,0,1,1247.9331,66,0.0004,93.013,15.223,542,ok,,
a18f059188b8dd978a9162cf5c70ac725025910b,head,home,1,2,1235.9944,87,0.0004,121.661,23.719,492,outlier,inp,
a18f059188b8dd978a9162cf5c70ac725025910b,head,home,2,5,1219.5677,71,0.0004,115.586,14.608,525,outlier,inp,
a18f059188b8dd978a9162cf5c70ac725025910b,head,home,3,6,1193.5638,68,0.0004,94.427,8.39,490,ok,,
a18f059188b8dd978a9162cf5c70ac725025910b,head,home,4,9,1251.4187,69,0.0004,117.162,20.068,629,outlier,inp;lcpObs,
a18f059188b8dd978a9162cf5c70ac725025910b,head,home,5,10,1200.888,75.0,0.0004,99.642,12.39,489,ok,,
a18f059188b8dd978a9162cf5c70ac725025910b,head,home,6,13,1208.8324,65,0.0004,98.116,15.008,505,ok,,
a18f059188b8dd978a9162cf5c70ac725025910b,head,home,7,14,1232.7109,79,0.0004,93.106,8.527,491,ok,,
a18f059188b8dd978a9162cf5c70ac725025910b,head,home,8,17,1213.9921,64.0,0.0004,94.116,12.157,491,ok,,
a18f059188b8dd978a9162cf5c70ac725025910b,head,home,9,18,1222.9949,89,0.0004,114.333,22.749,612,outlier,lcpObs,
a18f059188b8dd978a9162cf5c70ac725025910b,head,home,10,21,1202.2806,63,0.0004,92.546,14.375,505,ok,,
a18f059188b8dd978a9162cf5c70ac725025910b,head,home,11,22,1293.9916,68.0,0.0005,94.436,17.056,525,ok,,
a18f059188b8dd978a9162cf5c70ac725025910b,head,home,12,25,1414.3561,124,0.0004,94.394,11.02,473,outlier,lcp;tbt,
a18f059188b8dd978a9162cf5c70ac725025910b,head,home,13,26,1161.5048,66.0,0.0004,92.911,11.965,489,ok,,
a18f059188b8dd978a9162cf5c70ac725025910b,head,home,14,29,1153.2666,89,0.0004,94.984,5.783,489,ok,,
432a46ef9ee13afe47530e857a259acde4d0fd59,base,home,0,0,1180.7069,89.5,0.0004,95.171,17.284,505,ok,,
432a46ef9ee13afe47530e857a259acde4d0fd59,base,home,1,3,1241.49,74,0.0004,93.012,13.851,504,ok,,
432a46ef9ee13afe47530e857a259acde4d0fd59,base,home,2,4,1217.7582,69,0.0004,120.353,17.848,492,outlier,inp,
432a46ef9ee13afe47530e857a259acde4d0fd59,base,home,3,7,1262.488,61.0,0.0004,94.355,7.639,507,ok,,
432a46ef9ee13afe47530e857a259acde4d0fd59,base,home,4,8,1211.8518,67,0.0004,94.115,11.371,488,ok,,
432a46ef9ee13afe47530e857a259acde4d0fd59,base,home,5,11,1262.034,80,0.0004,114.558,22.087,539,outlier,inp,
432a46ef9ee13afe47530e857a259acde4d0fd59,base,home,6,12,1143.2639,65,0.0004,92.559,13.052,502,ok,,
432a46ef9ee13afe47530e857a259acde4d0fd59,base,home,7,15,1274.5665,84,0.0004,95.41,15.669,527,ok,,
432a46ef9ee13afe47530e857a259acde4d0fd59,base,home,8,16,1111.1107,88,0.0004,110.309,13.467,509,ok,,
432a46ef9ee13afe47530e857a259acde4d0fd59,base,home,9,19,1217.5389,84,0.0004,91.606,7.811,507,ok,,
432a46ef9ee13afe47530e857a259acde4d0fd59,base,home,10,20,1153.9896,68,0.0004,93.068,18.25,472,ok,,
432a46ef9ee13afe47530e857a259acde4d0fd59,base,home,11,23,1217.467,91,0.0004,91.853,11.237,505,ok,,
432a46ef9ee13afe47530e857a259acde4d0fd59,base,home,12,24,1205.9321,65,0.0004,97.271,9.034,510,ok,,
432a46ef9ee13afe47530e857a259acde4d0fd59,base,home,13,27,1210.9211,71,0.0004,94.497,7.822,488,ok,,
432a46ef9ee13afe47530e857a259acde4d0fd59,base,home,14,28,1209.2354,62,0.0004,93.437,10.808,634,outlier,lcpObs,
432a46ef9ee13afe47530e857a259acde4d0fd59,head,home,0,1,1273.1475,64,0.0004,95.36,7.187,542,ok,,
432a46ef9ee13afe47530e857a259acde4d0fd59,head,home,1,2,1269.5194,66.0,0.0004,120.968,15.177,525,outlier,inp,
432a46ef9ee13afe47530e857a259acde4d0fd59,head,home,2,5,1218.0284,64,0.0004,91.979,18.054,505,ok,,
432a46ef9ee13afe47530e857a259acde4d0fd59,head,home,3,6,1194.2119,97.0,0.0004,91.64,12.989,509,ok,,
432a46ef9ee13afe47530e857a259acde4d0fd59,head,home,4,9,1280.4972,74,0.0005,121.095,17.459,508,outlier,inp,
432a46ef9ee13afe47530e857a259acde4d0fd59,head,home,5,10,1275.0119,79.0,0.0005,93.18,18.034,557,ok,,
432a46ef9ee13afe47530e857a259acde4d0fd59,head,home,6,13,1132.5042,69,0.0004,94.424,10.219,476,ok,,
432a46ef9ee13afe47530e857a259acde4d0fd59,head,home,7,14,1212.1101,68.0,0.0004,96.21,14.614,489,ok,,
432a46ef9ee13afe47530e857a259acde4d0fd59,head,home,8,17,1277.7214,86.5,0.0004,118.23,11.77,526,outlier,inp,
432a46ef9ee13afe47530e857a259acde4d0fd59,head,home,9,18,1256.8571,85.5,0.0004,93.507,11.278,508,ok,,
432a46ef9ee13afe47530e857a259acde4d0fd59,head,home,10,21,1215.1814,72,0.0004,116.977,12.429,525,outlier,inp,
432a46ef9ee13afe47530e857a259acde4d0fd59,head,home,11,22,1169.621,67,0.0004,119.848,16.398,592,outlier,inp;lcpObs,
432a46ef9ee13afe47530e857a259acde4d0fd59,head,home,12,25,1234.1985,78.0,0.0004,97.654,17.912,506,ok,,
432a46ef9ee13afe47530e857a259acde4d0fd59,head,home,13,26,1224.8101,83,0.0004,119.508,13.306,507,outlier,inp,
432a46ef9ee13afe47530e857a259acde4d0fd59,head,home,14,29,1209.6649,112.0,0.0004,93.257,7.714,489,outlier,tbt,
0cd5a259ae6e6db87fa5af2b0466426d6920bb45,base,home,0,0,1121.327,83,0.0004,117.421,11.377,470,outlier,inp,
0cd5a259ae6e6db87fa5af2b0466426d6920bb45,base,home,1,3,1095.537,86,0.0004,91.375,10.769,453,ok,,
0cd5a259ae6e6db87fa5af2b0466426d6920bb45,base,home,2,4,1216.7414,96.0,0.0004,95.365,16.22,523,ok,,
0cd5a259ae6e6db87fa5af2b0466426d6920bb45,base,home,3,7,1189.5305,84,0.0004,93.498,13.162,492,ok,,
0cd5a259ae6e6db87fa5af2b0466426d6920bb45,base,home,4,8,1171.45,46.5,0.0004,94.454,14.526,475,outlier,tbt,
0cd5a259ae6e6db87fa5af2b0466426d6920bb45,base,home,5,11,1196.7335,90.0,0.0004,93.431,18.626,807,outlier,lcpObs,
0cd5a259ae6e6db87fa5af2b0466426d6920bb45,base,home,6,12,1155.6288,93,0.0004,95.037,12.996,491,ok,,
0cd5a259ae6e6db87fa5af2b0466426d6920bb45,base,home,7,15,1087.7292,90,0.0004,95.496,11.364,526,ok,,
0cd5a259ae6e6db87fa5af2b0466426d6920bb45,base,home,8,16,1233.827,79,0.0004,94.251,10.312,506,ok,,
0cd5a259ae6e6db87fa5af2b0466426d6920bb45,base,home,9,19,1253.0416,63,0.0004,96.019,8.172,509,ok,,
0cd5a259ae6e6db87fa5af2b0466426d6920bb45,base,home,10,20,1296.5361,86,0.0004,94.978,9.613,544,ok,,
0cd5a259ae6e6db87fa5af2b0466426d6920bb45,base,home,11,23,1114.2067,45.5,0.0004,94.459,16.853,528,outlier,tbt,
0cd5a259ae6e6db87fa5af2b0466426d6920bb45,base,home,12,24,1179.0975,97,0.0004,93.46,16.402,488,ok,,
0cd5a259ae6e6db87fa5af2b0466426d6920bb45,base,home,13,27,974.2635,74,0.0005,93.996,6.894,2035,outlier,lcpObs,
0cd5a259ae6e6db87fa5af2b0466426d6920bb45,base,home,14,28,1303.714,102.5,0.0005,94.3,17.223,508,ok,,
0cd5a259ae6e6db87fa5af2b0466426d6920bb45,head,home,0,1,1269.1426,67,0.0004,94.015,14.659,542,ok,,
0cd5a259ae6e6db87fa5af2b0466426d6920bb45,head,home,1,2,1276.5069,81,0.0005,114.96,10.173,521,outlier,inp,
0cd5a259ae6e6db87fa5af2b0466426d6920bb45,head,home,2,5,1230.0952,90.0,0.0004,92.433,14.502,507,ok,,
0cd5a259ae6e6db87fa5af2b0466426d6920bb45,head,home,3,6,1165.0017,86,0.0004,94.439,15.848,504,ok,,
0cd5a259ae6e6db87fa5af2b0466426d6920bb45,head,home,4,9,1126.71,151,0.0004,94.94,17.221,524,outlier,tbt,
0cd5a259ae6e6db87fa5af2b0466426d6920bb45,head,home,5,10,1242.0619,62,0.0004,120.765,16.46,542,outlier,inp,
0cd5a259ae6e6db87fa5af2b0466426d6920bb45,head,home,6,13,1252.3542,74,0.0004,93.454,9.419,526,ok,,
0cd5a259ae6e6db87fa5af2b0466426d6920bb45,head,home,7,14,1274.7235,65,0.0004,93.958,14.778,511,ok,,
0cd5a259ae6e6db87fa5af2b0466426d6920bb45,head,home,8,17,937.3175,79,0.0005,92.645,7.094,2023,outlier,lcp;lcpObs,
0cd5a259ae6e6db87fa5af2b0466426d6920bb45,head,home,9,18,1214.4898,69,0.0004,93.16,21.68,508,ok,,
0cd5a259ae6e6db87fa5af2b0466426d6920bb45,head,home,10,21,1195.844,65,0.0004,141.349,41.84,542,outlier,inp,
0cd5a259ae6e6db87fa5af2b0466426d6920bb45,head,home,11,22,1234.8938,88.0,0.0004,95.004,12.185,504,ok,,
0cd5a259ae6e6db87fa5af2b0466426d6920bb45,head,home,12,25,1232.9265,87,0.0004,142.302,41.991,505,outlier,inp,
0cd5a259ae6e6db87fa5af2b0466426d6920bb45,head,home,13,26,1217.9924,76,0.0004,95.441,9.944,504,ok,,
0cd5a259ae6e6db87fa5af2b0466426d6920bb45,head,home,14,29,1152.7164,70,0.0004,92.822,9.432,527,ok,,
d797c2e2108a97f1eb80eac30c763240282e14a2,base,home,0,0,1269.3271,70,0.0005,93.416,38.98,538,ok,,
d797c2e2108a97f1eb80eac30c763240282e14a2,base,home,1,3,1191.3643,64.0,0.0004,115.394,22.125,490,outlier,inp,
d797c2e2108a97f1eb80eac30c763240282e14a2,base,home,2,4,1217.5277,85,0.0004,118.874,10.449,472,outlier,inp,
d797c2e2108a97f1eb80eac30c763240282e14a2,base,home,3,7,1091.2706,68,0.0004,96.105,14.622,487,ok,,
d797c2e2108a97f1eb80eac30c763240282e14a2,base,home,4,8,1216.4677,82,0.0004,92.553,11.785,493,ok,,
d797c2e2108a97f1eb80eac30c763240282e14a2,base,home,5,11,1174.8843,93,0.0004,93.498,8.786,507,ok,,
d797c2e2108a97f1eb80eac30c763240282e14a2,base,home,6,12,1188.1569,96,0.0004,95.416,12.163,507,ok,,
d797c2e2108a97f1eb80eac30c763240282e14a2,base,home,7,15,965.532,71.0,0.0007,94.529,21.238,2021,outlier,lcp;lcpObs,
d797c2e2108a97f1eb80eac30c763240282e14a2,base,home,8,16,1172.3815,65,0.0004,116.905,27.669,507,outlier,inp,
d797c2e2108a97f1eb80eac30c763240282e14a2,base,home,9,19,1092.5046,86,0.0004,92.118,8.031,507,ok,,
d797c2e2108a97f1eb80eac30c763240282e14a2,base,home,10,20,1261.9813,80,0.0004,94.193,15.428,793,outlier,lcpObs,
d797c2e2108a97f1eb80eac30c763240282e14a2,base,home,11,23,1232.9977,67,0.0004,93.331,11.834,506,ok,,
d797c2e2108a97f1eb80eac30c763240282e14a2,base,home,12,24,1247.1943,63,0.0004,98.241,7.823,504,ok,,
d797c2e2108a97f1eb80eac30c763240282e14a2,base,home,13,27,1191.2709,88,0.0005,92.859,14.193,507,ok,,
d797c2e2108a97f1eb80eac30c763240282e14a2,base,home,14,28,1193.8774,93,0.0004,120.057,18.219,527,outlier,inp,
d797c2e2108a97f1eb80eac30c763240282e14a2,head,home,0,1,1139.9047,75,0.0004,96.378,11.762,506,ok,,
d797c2e2108a97f1eb80eac30c763240282e14a2,head,home,1,2,1228.9283,63.0,0.0004,94.414,17.682,526,ok,,
d797c2e2108a97f1eb80eac30c763240282e14a2,head,home,2,5,1176.9452,83,0.0004,92.292,7.934,470,ok,,
d797c2e2108a97f1eb80eac30c763240282e14a2,head,home,3,6,1194.1536,85,0.0004,93.684,10.242,509,ok,,
d797c2e2108a97f1eb80eac30c763240282e14a2,head,home,4,9,1223.1405,98,0.0004,95.154,8.201,508,ok,,
d797c2e2108a97f1eb80eac30c763240282e14a2,head,home,5,10,1268.7852,75.0,0.0004,119.85,15.19,509,outlier,inp,
d797c2e2108a97f1eb80eac30c763240282e14a2,head,home,6,13,1214.158,64,0.0004,118.809,11.366,506,outlier,inp,
d797c2e2108a97f1eb80eac30c763240282e14a2,head,home,7,14,1208.8407,96,0.0004,117.894,13.973,544,outlier,inp,
d797c2e2108a97f1eb80eac30c763240282e14a2,head,home,8,17,1181.065,81,0.0004,93.56,9.216,488,ok,,
d797c2e2108a97f1eb80eac30c763240282e14a2,head,home,9,18,1242.1894,42.5,0.0004,93.988,13.762,507,ok,,
d797c2e2108a97f1eb80eac30c763240282e14a2,head,home,10,21,1249.3316,62,0.0004,104.892,18.633,521,ok,,
d797c2e2108a97f1eb80eac30c763240282e14a2,head,home,11,22,1172.9855,100,0.0004,116.39,11.745,489,outlier,inp,
d797c2e2108a97f1eb80eac30c763240282e14a2,head,home,12,25,1113.1163,106,0.0004,94.478,5.402,471,ok,,
d797c2e2108a97f1eb80eac30c763240282e14a2,head,home,13,26,1192.5344,85,0.0004,94.547,11.928,505,ok,,
d797c2e2108a97f1eb80eac30c763240282e14a2,head,home,14,29,1266.7014,45,0.0004,92.034,14.639,505,ok,,
f2e8404c7bee230c12e78747492fd120a7929a67,base,home,0,0,1272.307,65,0.0004,116.64,26.016,558,ok,,
f2e8404c7bee230c12e78747492fd120a7929a67,base,home,1,3,1150.237,85,0.0004,94.353,12.78,506,ok,,
f2e8404c7bee230c12e78747492fd120a7929a67,base,home,2,4,975.8566,88,0.0005,98.744,10.539,2022,outlier,lcpObs,
f2e8404c7bee230c12e78747492fd120a7929a67,base,home,3,7,1191.6601,80,0.0004,95.368,19.444,504,ok,,
f2e8404c7bee230c12e78747492fd120a7929a67,base,home,4,8,1278.9494,48,0.0004,114.407,12.371,774,ok,,
f2e8404c7bee230c12e78747492fd120a7929a67,head,home,0,1,1249.1016,64,0.0004,93.453,10.192,578,ok,,
f2e8404c7bee230c12e78747492fd120a7929a67,head,home,1,2,1239.333,81.0,0.0004,94.427,9.798,505,ok,,
f2e8404c7bee230c12e78747492fd120a7929a67,head,home,2,5,1232.7274,66,0.0004,93.198,13.775,527,ok,,
f2e8404c7bee230c12e78747492fd120a7929a67,head,home,3,6,1201.0351,73,0.0004,91.761,14.873,489,ok,,
f2e8404c7bee230c12e78747492fd120a7929a67,head,home,4,9,1195.386,67,0.0004,120.546,17.226,508,outlier,inp,
83fac6d0db2cceaecb35b66a4dd4e116e607816d,base,home,0,0,1283.223,68,0.0004,94.43,14.049,543,ok,,
83fac6d0db2cceaecb35b66a4dd4e116e607816d,base,home,1,3,1136.1047,78,0.0004,94.64,8.516,472,outlier,lcpObs,
83fac6d0db2cceaecb35b66a4dd4e116e607816d,base,home,2,4,1216.4759,72.0,0.0004,95.207,10.212,471,outlier,lcpObs,
83fac6d0db2cceaecb35b66a4dd4e116e607816d,base,home,3,7,1257.836,94,0.0004,124.421,14.808,558,outlier,inp,
83fac6d0db2cceaecb35b66a4dd4e116e607816d,base,home,4,8,1273.5694,76,0.0004,120.643,18.374,562,outlier,inp,
83fac6d0db2cceaecb35b66a4dd4e116e607816d,base,home,5,11,1258.0714,62,0.0004,95.44,15.598,542,ok,,
83fac6d0db2cceaecb35b66a4dd4e116e607816d,base,home,6,12,1162.0204,68.0,0.0004,123.007,50.105,544,outlier,inp;tbtFlow,
83fac6d0db2cceaecb35b66a4dd4e116e607816d,base,home,7,15,1226.5902,63.0,0.0004,93.855,7.8,525,ok,,
83fac6d0db2cceaecb35b66a4dd4e116e607816d,base,home,8,16,1253.6357,66,0.0004,95.789,9.92,544,ok,,
83fac6d0db2cceaecb35b66a4dd4e116e607816d,base,home,9,19,1147.8544,62.0,0.0004,117.779,13.084,543,outlier,inp,
83fac6d0db2cceaecb35b66a4dd4e116e607816d,base,home,10,20,1213.7324,68,0.0004,95.386,11.763,537,ok,,
83fac6d0db2cceaecb35b66a4dd4e116e607816d,base,home,11,23,1227.1244,60,0.0004,93.929,10.138,543,ok,,
83fac6d0db2cceaecb35b66a4dd4e116e607816d,base,home,12,24,1249.156,65,0.0004,91.969,6.778,542,ok,,
83fac6d0db2cceaecb35b66a4dd4e116e607816d,base,home,13,27,1222.5028,62,0.0004,94.579,10.84,561,ok,,
83fac6d0db2cceaecb35b66a4dd4e116e607816d,base,home,14,28,1215.4991,72.0,0.0004,119.07,29.72,543,outlier,inp,
83fac6d0db2cceaecb35b66a4dd4e116e607816d,head,home,0,1,1206.7301,66,0.0004,118.585,17.882,542,ok,,
83fac6d0db2cceaecb35b66a4dd4e116e607816d,head,home,1,2,1176.5248,46,0.0004,92.057,6.941,491,ok,,
83fac6d0db2cceaecb35b66a4dd4e116e607816d,head,home,2,5,1214.4245,73,0.0004,95.021,9,555,ok,,
83fac6d0db2cceaecb35b66a4dd4e116e607816d,head,home,3,6,1206.563,69,0.0004,120.771,13.591,542,ok,,
83fac6d0db2cceaecb35b66a4dd4e116e607816d,head,home,4,9,1140.3807,80.0,0.0004,121.893,11.964,543,ok,,
83fac6d0db2cceaecb35b66a4dd4e116e607816d,head,home,5,10,1123.6747,63.0,0.0004,121.103,14.352,543,ok,,
83fac6d0db2cceaecb35b66a4dd4e116e607816d,head,home,6,13,1210.6655,83.0,0.0004,121.499,16.585,527,ok,,
83fac6d0db2cceaecb35b66a4dd4e116e607816d,head,home,7,14,1266.0354,70.0,0.0004,98.084,8.836,560,ok,,
83fac6d0db2cceaecb35b66a4dd4e116e607816d,head,home,8,17,1265.4779,94,0.0004,95.552,10.394,663,outlier,lcpObs,
83fac6d0db2cceaecb35b66a4dd4e116e607816d,head,home,9,18,1234.4052,68,0.0004,96.38,16.235,576,ok,,
83fac6d0db2cceaecb35b66a4dd4e116e607816d,head,home,10,21,1210.8215,83,0.0004,95.442,11.989,575,ok,,
83fac6d0db2cceaecb35b66a4dd4e116e607816d,head,home,11,22,1292.5414,83,0.0004,116.038,21.671,628,outlier,lcpObs,
83fac6d0db2cceaecb35b66a4dd4e116e607816d,head,home,12,25,1128.7618,67,0.0004,110.562,16.806,542,ok,,
83fac6d0db2cceaecb35b66a4dd4e116e607816d,head,home,13,26,1218.9759,81,0.0004,117.169,13.451,542,ok,,
83fac6d0db2cceaecb35b66a4dd4e116e607816d,head,home,14,29,1276.2905,70.0,0.0004,94.441,7.38,578,ok,,
7c58477382883026b65ca770f31b87ff153654f8,base,home,0,0,1227.7865,60,0.0004,94.441,15.841,542,ok,,
7c58477382883026b65ca770f31b87ff153654f8,base,home,1,3,1230.4085,64,0.0004,93.863,8.077,561,ok,,
7c58477382883026b65ca770f31b87ff153654f8,base,home,2,4,1212.184,74,0.0004,119.316,20.262,560,outlier,inp,
7c58477382883026b65ca770f31b87ff153654f8,base,home,3,7,1216.2421,54.5,0.0004,92.846,9.09,536,ok,,
7c58477382883026b65ca770f31b87ff153654f8,base,home,4,8,1209.6704,61,0.0004,95.092,8.584,579,ok,,
7c58477382883026b65ca770f31b87ff153654f8,base,home,5,11,1115.0354,67.0,0.0004,91.771,8.57,524,ok,,
7c58477382883026b65ca770f31b87ff153654f8,base,home,6,12,1231.4655,69,0.0004,93.081,9.913,542,ok,,
7c58477382883026b65ca770f31b87ff153654f8,base,home,7,15,1288.2113,89,0.0004,93.834,12.276,539,ok,,
7c58477382883026b65ca770f31b87ff153654f8,base,home,8,16,1250.5254,68,0.0004,94.978,13.412,560,ok,,
7c58477382883026b65ca770f31b87ff153654f8,base,home,9,19,1193.3737,65.0,0.0004,122.691,19.02,543,outlier,inp,
7c58477382883026b65ca770f31b87ff153654f8,base,home,10,20,1277.616,64.0,0.0004,96.342,24.497,580,ok,,
7c58477382883026b65ca770f31b87ff153654f8,base,home,11,23,1681.855,66,0.0004,120.513,8.964,595,outlier,lcp;inp,
7c58477382883026b65ca770f31b87ff153654f8,base,home,12,24,1111.7536,66,0.0004,119.158,8.221,559,outlier,inp,
7c58477382883026b65ca770f31b87ff153654f8,base,home,13,27,1140.828,44,0.0004,118.221,17.994,542,outlier,inp,
7c58477382883026b65ca770f31b87ff153654f8,base,home,14,28,1132.8531,43.0,0.0004,117.719,11.76,698,outlier,inp;lcpObs,
7c58477382883026b65ca770f31b87ff153654f8,head,home,0,1,1261.9462,64,0.0004,118.791,9.925,561,outlier,inp,
7c58477382883026b65ca770f31b87ff153654f8,head,home,1,2,1240.9002,73,0.0005,120.353,11.792,577,outlier,inp,
7c58477382883026b65ca770f31b87ff153654f8,head,home,2,5,1149.991,64,0.0004,91.927,11.033,560,outlier,lcp,
7c58477382883026b65ca770f31b87ff153654f8,head,home,3,6,1269.6551,67,0.0004,92.616,11.579,684,outlier,lcpObs,
7c58477382883026b65ca770f31b87ff153654f8,head,home,4,9,1234.7371,73,0.0004,125.479,13.376,563,outlier,inp,
7c58477382883026b65ca770f31b87ff153654f8,head,home,5,10,1213.3971,63,0.0004,94.482,11.133,560,ok,,
7c58477382883026b65ca770f31b87ff153654f8,head,home,6,13,1249.9989,82.0,0.0004,95.443,7.801,577,ok,,
7c58477382883026b65ca770f31b87ff153654f8,head,home,7,14,1279.4322,81.0,0.0004,120.921,15.78,542,outlier,inp,
7c58477382883026b65ca770f31b87ff153654f8,head,home,8,17,1273.132,68,0.0004,120.047,14.81,545,outlier,inp,
7c58477382883026b65ca770f31b87ff153654f8,head,home,9,18,1267.7794,66,0.0004,94.42,7.366,578,ok,,
7c58477382883026b65ca770f31b87ff153654f8,head,home,10,21,1135.6095,76,0.0004,94.454,5.388,559,outlier,lcp,
7c58477382883026b65ca770f31b87ff153654f8,head,home,11,22,1272.3389,64.0,0.0004,93.924,20.028,545,ok,,
7c58477382883026b65ca770f31b87ff153654f8,head,home,12,25,1274.6076,69,0.0004,93.021,18.646,581,ok,,
7c58477382883026b65ca770f31b87ff153654f8,head,home,13,26,1234.5201,76,0.0004,91.221,8.004,577,ok,,
7c58477382883026b65ca770f31b87ff153654f8,head,home,14,29,1151.3821,68,0.0004,94.448,10.567,561,ok,,
57a9e301d44f319e160f618413e8fcbb7d2e1ad4,base,home,0,0,1137.52,74,0.0004,94.355,10.043,524,ok,,
57a9e301d44f319e160f618413e8fcbb7d2e1ad4,base,home,1,3,1258.4603,118.5,0.0004,116.148,16.185,685,outlier,tbt;inp,
57a9e301d44f319e160f618413e8fcbb7d2e1ad4,base,home,2,4,1150.6295,65.0,0.0004,114.745,7.83,524,ok,,
57a9e301d44f319e160f618413e8fcbb7d2e1ad4,base,home,3,7,1154.1354,69,0.0004,92.002,8.356,526,ok,,
57a9e301d44f319e160f618413e8fcbb7d2e1ad4,base,home,4,8,1303.6866,102,0.0004,95.394,8.829,545,ok,,
57a9e301d44f319e160f618413e8fcbb7d2e1ad4,base,home,5,11,969.0086,82.0,0.0007,95.499,9.416,2035,outlier,lcp;lcpObs,
57a9e301d44f319e160f618413e8fcbb7d2e1ad4,base,home,6,12,1249.1158,61.0,0.0004,93.277,16.818,577,ok,,
57a9e301d44f319e160f618413e8fcbb7d2e1ad4,base,home,7,15,1213.5345,41.5,0.0004,120.46,15.398,522,outlier,inp,
57a9e301d44f319e160f618413e8fcbb7d2e1ad4,base,home,8,16,1176.0857,74.0,0.0004,94.528,11.052,897,outlier,lcpObs,
57a9e301d44f319e160f618413e8fcbb7d2e1ad4,base,home,9,19,1247.9981,65,0.0004,94.428,21.482,591,ok,,
57a9e301d44f319e160f618413e8fcbb7d2e1ad4,base,home,10,20,1296.218,86,0.0004,119.392,19.687,559,outlier,inp,
57a9e301d44f319e160f618413e8fcbb7d2e1ad4,base,home,11,23,1129.7734,63,0.0004,95.858,15.186,613,ok,,
57a9e301d44f319e160f618413e8fcbb7d2e1ad4,base,home,12,24,1273.1226,73,0.0004,97.465,14.214,561,ok,,
57a9e301d44f319e160f618413e8fcbb7d2e1ad4,base,home,13,27,1258.628,62,0.0004,95.011,13.762,542,ok,,
57a9e301d44f319e160f618413e8fcbb7d2e1ad4,base,home,14,28,1260.0518,79,0.0004,92.221,10.373,560,ok,,
57a9e301d44f319e160f618413e8fcbb7d2e1ad4,head,home,0,1,1249.7095,63,0.0005,90.849,13.327,565,ok,,
57a9e301d44f319e160f618413e8fcbb7d2e1ad4,head,home,1,2,1274.5666,74,0.0004,121.95,10.956,560,outlier,inp,
57a9e301d44f319e160f618413e8fcbb7d2e1ad4,head,home,2,5,1270.9918,62,0.0004,119.328,15.191,544,outlier,inp,
57a9e301d44f319e160f618413e8fcbb7d2e1ad4,head,home,3,6,1200.5236,61,0.0004,108.28,16.384,540,ok,,
57a9e301d44f319e160f618413e8fcbb7d2e1ad4,head,home,4,9,1122.862,63,0.0004,106.739,7.412,541,ok,,
57a9e301d44f319e160f618413e8fcbb7d2e1ad4,head,home,5,10,1216.9766,68,0.0004,93.268,9.749,561,ok,,
57a9e301d44f319e160f618413e8fcbb7d2e1ad4,head,home,6,13,1140.3714,88.5,0.0004,92.485,8.399,526,ok,,
57a9e301d44f319e160f618413e8fcbb7d2e1ad4,head,home,7,14,1133.2729,69,0.0004,99.547,8.14,560,ok,,
57a9e301d44f319e160f618413e8fcbb7d2e1ad4,head,home,8,17,1236.0518,79,0.0004,95.174,17.843,595,ok,,
57a9e301d44f319e160f618413e8fcbb7d2e1ad4,head,home,9,18,1208.771,62.0,0.0004,93.414,8.189,563,ok,,
57a9e301d44f319e160f618413e8fcbb7d2e1ad4,head,home,10,21,1212.726,65.0,0.0004,121.245,15.175,540,outlier,inp,
57a9e301d44f319e160f618413e8fcbb7d2e1ad4,head,home,11,22,1224.4582,74,0.0004,91.07,17.867,542,ok,,
57a9e301d44f319e160f618413e8fcbb7d2e1ad4,head,home,12,25,1225.7829,66,0.0004,94.033,8.192,542,ok,,
57a9e301d44f319e160f618413e8fcbb7d2e1ad4,head,home,13,26,1185.4261,60.0,0.0004,94.443,18.413,700,outlier,lcpObs,
57a9e301d44f319e160f618413e8fcbb7d2e1ad4,head,home,14,29,1127.0075,65.0,0.0004,113.174,21.497,559,ok,,
c79e892e558ca88de6623fd60517af7bb2086e77,base,home,0,0,998.8771,96,0.0004,121.887,60.761,2026,ok,,
c79e892e558ca88de6623fd60517af7bb2086e77,base,home,1,3,974.8569,88,0.0004,120.228,60.858,2031,ok,,
c79e892e558ca88de6623fd60517af7bb2086e77,base,home,2,4,1000.5306,131,0.0004,129.687,80.047,2035,ok,,
c79e892e558ca88de6623fd60517af7bb2086e77,base,home,3,7,976.5828,86,0.0005,114.874,73.086,2037,ok,,
c79e892e558ca88de6623fd60517af7bb2086e77,base,home,4,8,993.0205,96,0.0004,132.81,114.517,2045,ok,,
c79e892e558ca88de6623fd60517af7bb2086e77,base,home,5,11,988.275,90,0.0004,112.484,91.552,2018,ok,,
c79e892e558ca88de6623fd60517af7bb2086e77,base,home,6,12,1001.1042,103,0.0004,110.976,85.194,2031,ok,,
c79e892e558ca88de6623fd60517af7bb2086e77,base,home,7,15,991.8622,90,0.0003,113.728,76.365,2023,ok,,
c79e892e558ca88de6623fd60517af7bb2086e77,base,home,8,16,1002.9511,67.5,0.0004,104.363,66.091,2021,ok,,
c79e892e558ca88de6623fd60517af7bb2086e77,base,home,9,19,983.4784,90,0.0005,118.47,90.928,2022,ok,,
c79e892e558ca88de6623fd60517af7bb2086e77,base,home,10,20,976.7175,100,0.0003,115.117,58.065,2040,ok,,
c79e892e558ca88de6623fd60517af7bb2086e77,base,home,11,23,978.169,69.0,0.0007,113.986,44.818,2037,ok,,
c79e892e558ca88de6623fd60517af7bb2086e77,base,home,12,24,1250.3834,65,0.0004,124.311,48.862,575,outlier,lcp;lcpObs,
c79e892e558ca88de6623fd60517af7bb2086e77,base,home,13,27,1213.7851,64,0.0005,120.959,53.469,578,outlier,lcp;lcpObs,
c79e892e558ca88de6623fd60517af7bb2086e77,base,home,14,28,1137.7128,63,0.0004,121.039,49.338,576,outlier,lcp;lcpObs,
c79e892e558ca88de6623fd60517af7bb2086e77,head,home,0,1,991.379,91,0.0005,119.799,64.586,2020,ok,,
c79e892e558ca88de6623fd60517af7bb2086e77,head,home,1,2,1005.0679,90,0.0005,102.867,42.805,2035,ok,,
c79e892e558ca88de6623fd60517af7bb2086e77,head,home,2,5,992.582,120,0.0005,114.188,79.187,2035,ok,,
c79e892e558ca88de6623fd60517af7bb2086e77,head,home,3,6,991.1526,97,0.0005,100.304,60.891,2020,ok,,
c79e892e558ca88de6623fd60517af7bb2086e77,head,home,4,9,979.4184,95,0.0004,97.069,28.344,2025,outlier,tbtFlow,
c79e892e558ca88de6623fd60517af7bb2086e77,head,home,5,10,1000.6705,99.0,0.0004,90.108,17.605,2034,outlier,tbtFlow,
c79e892e558ca88de6623fd60517af7bb2086e77,head,home,6,13,989.0944,87,0.0005,108.771,66.756,2030,ok,,
c79e892e558ca88de6623fd60517af7bb2086e77,head,home,7,14,1009.0542,85,0.0004,96.853,64.495,2029,ok,,
c79e892e558ca88de6623fd60517af7bb2086e77,head,home,8,17,988.488,95,0.0005,95.821,67.992,2028,ok,,
c79e892e558ca88de6623fd60517af7bb2086e77,head,home,9,18,1002.6862,87,0.0005,96.769,71.195,2022,ok,,
c79e892e558ca88de6623fd60517af7bb2086e77,head,home,10,21,1023.6178,101,0.0004,121.228,55.8,2027,ok,,
c79e892e558ca88de6623fd60517af7bb2086e77,head,home,11,22,982.3785,94,0.0005,119.252,58.407,2031,ok,,
c79e892e558ca88de6623fd60517af7bb2086e77,head,home,12,25,1409.6468,88,0.0004,125.793,55.547,735,outlier,lcp;lcpObs,
c79e892e558ca88de6623fd60517af7bb2086e77,head,home,13,26,1111.7098,66.0,0.0004,118.814,48.119,540,outlier,lcp;lcpObs,
c79e892e558ca88de6623fd60517af7bb2086e77,head,home,14,29,1252.1209,77,0.0004,143.074,60.129,614,outlier,lcp;lcpObs,
b3d5ba056771c0c2da26fd88e73b66486cc700c4,base,home,0,0,1141.1061,78,0.0004,106.144,8.829,561,outlier,tbtFlow,
b3d5ba056771c0c2da26fd88e73b66486cc700c4,base,home,1,3,1128.8426,70,0.0004,117.569,50.578,558,ok,,
b3d5ba056771c0c2da26fd88e73b66486cc700c4,base,home,2,4,1251.5219,65,0.0004,100.439,50.893,1923,outlier,lcpObs,
b3d5ba056771c0c2da26fd88e73b66486cc700c4,base,home,3,7,1139.9574,87.0,0.0004,124.669,61.113,570,outlier,inp,
b3d5ba056771c0c2da26fd88e73b66486cc700c4,base,home,4,8,1276.6177,66,0.0004,96.656,47.547,559,ok,,
b3d5ba056771c0c2da26fd88e73b66486cc700c4,base,home,5,11,1273.582,63.0,0.0004,120.874,59.408,598,ok,,
b3d5ba056771c0c2da26fd88e73b66486cc700c4,base,home,6,12,1287.9915,73,0.0004,120.886,46.572,556,ok,,
b3d5ba056771c0c2da26fd88e73b66486cc700c4,base,home,7,15,1217.2007,74,0.0004,108.019,52.063,562,ok,,
b3d5ba056771c0c2da26fd88e73b66486cc700c4,base,home,8,16,1213.6951,72,0.0004,103.407,55.342,549,ok,,
b3d5ba056771c0c2da26fd88e73b66486cc700c4,base,home,9,19,1192.6821,63.0,0.0004,101.118,60.418,532,ok,,
b3d5ba056771c0c2da26fd88e73b66486cc700c4,base,home,10,20,1218.972,94,0.0004,102.343,50.188,552,ok,,
b3d5ba056771c0c2da26fd88e73b66486cc700c4,base,home,11,23,1224.882,68,0.0004,103.118,50.754,548,ok,,
b3d5ba056771c0c2da26fd88e73b66486cc700c4,base,home,12,24,1237.0719,78,0.0004,103.404,54.511,555,ok,,
b3d5ba056771c0c2da26fd88e73b66486cc700c4,base,home,13,27,1208.3501,68,0.0004,105.5,51.167,546,ok,,
b3d5ba056771c0c2da26fd88e73b66486cc700c4,base,home,14,28,1212.3658,75,0.0004,102.337,52.404,538,ok,,
b3d5ba056771c0c2da26fd88e73b66486cc700c4,head,home,0,1,1192.8754,66,0.0004,96.249,9.354,561,outlier,tbtFlow,
b3d5ba056771c0c2da26fd88e73b66486cc700c4,head,home,1,2,1312.4291,112.0,0.0004,95.445,10.201,564,outlier,tbt;tbtFlow,
b3d5ba056771c0c2da26fd88e73b66486cc700c4,head,home,2,5,1251.3026,68,0.0004,122.762,51.591,541,ok,,
b3d5ba056771c0c2da26fd88e73b66486cc700c4,head,home,3,6,1130.5736,40,0.0004,107.13,49.685,521,outlier,lcp,
b3d5ba056771c0c2da26fd88e73b66486cc700c4,head,home,4,9,927.5124,69,0.0005,97.469,58.594,2033,outlier,lcp;lcpObs,
b3d5ba056771c0c2da26fd88e73b66486cc700c4,head,home,5,10,1237.1981,75,0.0004,102.02,52.187,901,outlier,lcpObs,
b3d5ba056771c0c2da26fd88e73b66486cc700c4,head,home,6,13,1224.9583,67.0,0.0004,102.734,50.901,569,ok,,
b3d5ba056771c0c2da26fd88e73b66486cc700c4,head,home,7,14,1231.1819,72.0,0.0004,118.819,56.116,589,ok,,
b3d5ba056771c0c2da26fd88e73b66486cc700c4,head,home,8,17,1253.4559,69,0.0004,121.305,54.069,567,ok,,
b3d5ba056771c0c2da26fd88e73b66486cc700c4,head,home,9,18,1211.8566,74,0.0004,101.868,54.346,572,ok,,
b3d5ba056771c0c2da26fd88e73b66486cc700c4,head,home,10,21,1232.1421,65,0.0004,95.259,53.327,549,ok,,
b3d5ba056771c0c2da26fd88e73b66486cc700c4,head,home,11,22,1250.9475,45.5,0.0004,94.625,53.049,554,ok,,
b3d5ba056771c0c2da26fd88e73b66486cc700c4,head,home,12,25,1201.2362,61,0.0004,119.937,67.027,543,ok,,
b3d5ba056771c0c2da26fd88e73b66486cc700c4,head,home,13,26,1243.2875,94.5,0.0004,96.702,54.259,556,ok,,
b3d5ba056771c0c2da26fd88e73b66486cc700c4,head,home,14,29,929.3617,67,0.0005,116.04,85.168,2026,outlier,lcp;tbtFlow;lcpObs,
6e47fadb598d3d9e7379cf12796621f6d8fbe7b7,base,home,0,0,1269.0061,109,0.0004,93.424,37.056,578,ok,,
6e47fadb598d3d9e7379cf12796621f6d8fbe7b7,base,home,1,3,1117.0901,70.0,0.0004,97.889,32.209,534,outlier,lcp,
6e47fadb598d3d9e7379cf12796621f6d8fbe7b7,base,home,2,4,1277.0754,122.0,0.0004,87.815,22.602,583,ok,,
6e47fadb598d3d9e7379cf12796621f6d8fbe7b7,base,home,3,7,1263.6519,47,0.0004,97.373,39.415,912,outlier,lcpObs,
6e47fadb598d3d9e7379cf12796621f6d8fbe7b7,base,home,4,8,1142.9101,85,0.0004,78.893,20.526,542,outlier,lcp,
6e47fadb598d3d9e7379cf12796621f6d8fbe7b7,head,home,0,1,1276.481,71,0.0004,96.211,26.168,592,ok,,
6e47fadb598d3d9e7379cf12796621f6d8fbe7b7,head,home,1,2,1267.3632,84,0.0004,102.293,40.595,587,ok,,
6e47fadb598d3d9e7379cf12796621f6d8fbe7b7,head,home,2,5,1219.8877,83,0.0004,107.85,37.444,540,ok,,
6e47fadb598d3d9e7379cf12796621f6d8fbe7b7,head,home,3,6,1234.7229,66.0,0.0004,74.413,18.835,565,ok,,
6e47fadb598d3d9e7379cf12796621f6d8fbe7b7,head,home,4,9,1257.1012,77,0.0004,86.862,21.127,574,ok,,
c2caf78e955bc17d595224025595bbbceb77721c,base,home,0,0,1246.1239,112,0.0004,87.849,18.659,548,ok,,
c2caf78e955bc17d595224025595bbbceb77721c,base,home,1,3,1235.8137,105.0,0.0004,82.955,21.517,912,outlier,lcpObs,
c2caf78e955bc17d595224025595bbbceb77721c,base,home,2,4,1233.9615,81.0,0.0004,89.004,22.545,535,ok,,
c2caf78e955bc17d595224025595bbbceb77721c,base,home,3,7,1221.7199,75,0.0004,87.224,20.336,529,ok,,
c2caf78e955bc17d595224025595bbbceb77721c,base,home,4,8,1237.7552,77,0.0004,82.379,20.691,566,ok,,
c2caf78e955bc17d595224025595bbbceb77721c,base,home,5,11,1219.4533,90,0.0004,81.069,19.449,532,ok,,
c2caf78e955bc17d595224025595bbbceb77721c,base,home,6,12,1266.7074,66.0,0.0004,87.834,20.752,577,ok,,
c2caf78e955bc17d595224025595bbbceb77721c,base,home,7,15,1257.6071,88.5,0.0004,93.697,7.898,562,ok,,
c2caf78e955bc17d595224025595bbbceb77721c,base,home,8,16,1232.9429,66,0.0004,107.166,14.448,592,ok,,
c2caf78e955bc17d595224025595bbbceb77721c,base,home,9,19,1218.696,86.5,0.0004,106.694,12.838,544,ok,,
c2caf78e955bc17d595224025595bbbceb77721c,base,home,10,20,1228.9945,89,0.0004,104.379,12.064,579,ok,,
c2caf78e955bc17d595224025595bbbceb77721c,base,home,11,23,1235.3241,71,0.0004,92.803,19.382,563,ok,,
c2caf78e955bc17d595224025595bbbceb77721c,base,home,12,24,1150.9727,78.0,0.0004,107.069,7.726,541,outlier,lcp,
c2caf78e955bc17d595224025595bbbceb77721c,base,home,13,27,1250.9666,66.0,0.0004,105.942,15.626,578,ok,,
c2caf78e955bc17d595224025595bbbceb77721c,base,home,14,28,1256.1092,81,0.0004,92.961,8.547,540,ok,,
c2caf78e955bc17d595224025595bbbceb77721c,head,home,0,1,1125.5639,70,0.0004,88.584,21.278,519,ok,,
c2caf78e955bc17d595224025595bbbceb77721c,head,home,1,2,1241.9592,65.0,0.0004,80.819,21.469,585,ok,,
c2caf78e955bc17d595224025595bbbceb77721c,head,home,2,5,1247.5567,68.0,0.0005,84.244,23.074,558,ok,,
c2caf78e955bc17d595224025595bbbceb77721c,head,home,3,6,1210.0375,65,0.0004,86.499,22.425,528,ok,,
c2caf78e955bc17d595224025595bbbceb77721c,head,home,4,9,1197.0361,71.0,0.0004,75.487,29.761,537,ok,,
c2caf78e955bc17d595224025595bbbceb77721c,head,home,5,10,1250.6472,67,0.0004,87.848,35.079,584,ok,,
c2caf78e955bc17d595224025595bbbceb77721c,head,home,6,13,1113.863,68,0.0004,104.652,14.798,534,ok,,
c2caf78e955bc17d595224025595bbbceb77721c,head,home,7,14,961.1366,65,0.0007,93.77,8.78,2032,outlier,lcp;lcpObs,
c2caf78e955bc17d595224025595bbbceb77721c,head,home,8,17,1207.4206,64,0.0004,120.644,7.41,527,ok,,
c2caf78e955bc17d595224025595bbbceb77721c,head,home,9,18,1230.5971,68,0.0004,95.168,36.133,582,ok,,
c2caf78e955bc17d595224025595bbbceb77721c,head,home,10,21,1136.339,79,0.0004,93.195,13.533,524,ok,,
c2caf78e955bc17d595224025595bbbceb77721c,head,home,11,22,1235.3779,73,0.0004,107.415,7.214,575,ok,,
c2caf78e955bc17d595224025595bbbceb77721c,head,home,12,25,1234.7234,83,0.0004,107.633,16.675,916,outlier,lcpObs,
c2caf78e955bc17d595224025595bbbceb77721c,head,home,13,26,1202.7236,67,0.0004,93.339,19.86,596,ok,,
c2caf78e955bc17d595224025595bbbceb77721c,head,home,14,29,1215.3963,76.0,0.0004,84.904,18.847,597,ok,,
e48b63a0aed48bce84e1b9741ffff17dc40341d3,base,home,0,0,1257.1047,65.0,0.0004,101.312,16.232,575,ok,,
e48b63a0aed48bce84e1b9741ffff17dc40341d3,base,home,1,3,968.4917,67.0,0.0005,112.571,15.839,2020,outlier,lcp;lcpObs,
e48b63a0aed48bce84e1b9741ffff17dc40341d3,base,home,2,4,1227.3586,61.0,0.0004,104.96,14.443,559,ok,,
e48b63a0aed48bce84e1b9741ffff17dc40341d3,base,home,3,7,1114.549,74,0.0004,119.332,16.628,542,ok,,
e48b63a0aed48bce84e1b9741ffff17dc40341d3,base,home,4,8,1254.6683,74,0.0004,96.41,15.625,561,ok,,
e48b63a0aed48bce84e1b9741ffff17dc40341d3,head,home,0,1,1155.0743,69.0,0.0004,93.927,15.989,545,ok,,
e48b63a0aed48bce84e1b9741ffff17dc40341d3,head,home,1,2,1195.7806,70,0.0004,107.556,21.875,573,ok,,
e48b63a0aed48bce84e1b9741ffff17dc40341d3,head,home,2,5,1232.6776,66,0.0004,97.357,15.03,562,ok,,
e48b63a0aed48bce84e1b9741ffff17dc40341d3,head,home,3,6,1234.3301,68,0.0005,112.692,19.709,577,ok,,
e48b63a0aed48bce84e1b9741ffff17dc40341d3,head,home,4,9,1216.818,76,0.0005,115.138,5.808,542,ok,,
ce267aa0d3bcaa639e72cd41581f030d1a0a3f3b,base,home,0,0,1255.324,68,0.0004,94.266,28.881,611,ok,,
ce267aa0d3bcaa639e72cd41581f030d1a0a3f3b,base,home,1,3,1132.6715,71,0.0004,96.673,29.077,531,outlier,lcp,
ce267aa0d3bcaa639e72cd41581f030d1a0a3f3b,base,home,2,4,1143.7576,95,0.0004,92.023,42.397,531,outlier,lcp,
ce267aa0d3bcaa639e72cd41581f030d1a0a3f3b,base,home,3,7,1249.4597,65,0.0004,85.886,22.709,561,ok,,
ce267aa0d3bcaa639e72cd41581f030d1a0a3f3b,base,home,4,8,1261.826,85.0,0.0004,89.708,33.815,561,ok,,
ce267aa0d3bcaa639e72cd41581f030d1a0a3f3b,head,home,0,1,1129.0417,72,0.0004,102.725,19.917,521,ok,,
ce267aa0d3bcaa639e72cd41581f030d1a0a3f3b,head,home,1,2,1205.4284,65.0,0.0004,95.695,40.158,560,ok,,
ce267aa0d3bcaa639e72cd41581f030d1a0a3f3b,head,home,2,5,1319.158,66,0.0004,101.035,34.722,1090,outlier,lcpObs,
ce267aa0d3bcaa639e72cd41581f030d1a0a3f3b,head,home,3,6,1278.9096,95,0.0004,88.218,22.757,554,ok,,
ce267aa0d3bcaa639e72cd41581f030d1a0a3f3b,head,home,4,9,1138.9106,84.0,0.0004,87.526,21.29,525,ok,,
6fc85022ae6ad14e74271e071afc51a60b7dc3c5,base,home,0,0,1209.6414,76,0.0005,90.065,9.285,541,ok,,
6fc85022ae6ad14e74271e071afc51a60b7dc3c5,base,home,1,3,1135.0356,71,0.0004,95.936,17.538,526,ok,,
6fc85022ae6ad14e74271e071afc51a60b7dc3c5,base,home,2,4,1131.9259,74.0,0.0004,103.518,17.528,542,ok,,
6fc85022ae6ad14e74271e071afc51a60b7dc3c5,base,home,3,7,1248.0645,66,0.0004,105.83,11.412,560,ok,,
6fc85022ae6ad14e74271e071afc51a60b7dc3c5,base,home,4,8,1145.761,93.5,0.0004,100.485,18.464,545,ok,,
6fc85022ae6ad14e74271e071afc51a60b7dc3c5,base,home,5,11,1269.5228,77,0.0004,93.068,16.823,614,outlier,lcpObs,
6fc85022ae6ad14e74271e071afc51a60b7dc3c5,base,home,6,12,1254.9551,72.0,0.0004,91.69,10.739,664,outlier,lcpObs,
6fc85022ae6ad14e74271e071afc51a60b7dc3c5,base,home,7,15,1142.5979,86,0.0004,87.385,17.512,538,ok,,
6fc85022ae6ad14e74271e071afc51a60b7dc3c5,base,home,8,16,1133.654,82.0,0.0004,97.691,17.215,545,ok,,
6fc85022ae6ad14e74271e071afc51a60b7dc3c5,base,home,9,19,1214.8454,86.0,0.0004,117.726,14.253,564,outlier,inp,
6fc85022ae6ad14e74271e071afc51a60b7dc3c5,base,home,10,20,1215.0733,85,0.0005,93.176,15.682,560,ok,,
6fc85022ae6ad14e74271e071afc51a60b7dc3c5,base,home,11,23,1137.3623,83,0.0004,93.164,16.055,523,ok,,
6fc85022ae6ad14e74271e071afc51a60b7dc3c5,base,home,12,24,1250.6632,89,0.0004,93.658,14.374,575,ok,,
6fc85022ae6ad14e74271e071afc51a60b7dc3c5,base,home,13,27,1270.2252,69,0.0005,93.707,19.233,575,ok,,
6fc85022ae6ad14e74271e071afc51a60b7dc3c5,base,home,14,28,1150.2858,100.0,0.0004,111.298,7.006,540,ok,,
6fc85022ae6ad14e74271e071afc51a60b7dc3c5,head,home,0,1,1272.8499,66,0.0004,83.747,13.088,699,outlier,lcpObs,
6fc85022ae6ad14e74271e071afc51a60b7dc3c5,head,home,1,2,1248.0753,73.0,0.0004,85.666,29.081,562,ok,,
6fc85022ae6ad14e74271e071afc51a60b7dc3c5,head,home,2,5,1154.5065,75,0.0004,90.84,16.416,545,outlier,lcp,
6fc85022ae6ad14e74271e071afc51a60b7dc3c5,head,home,3,6,1273.4523,91.0,0.0004,101.107,19.199,561,ok,,
6fc85022ae6ad14e74271e071afc51a60b7dc3c5,head,home,4,9,1273.5495,45.5,0.0004,97.292,11.9,579,ok,,
6fc85022ae6ad14e74271e071afc51a60b7dc3c5,head,home,5,10,1253.7358,68,0.0005,98.355,17.64,563,ok,,
6fc85022ae6ad14e74271e071afc51a60b7dc3c5,head,home,6,13,1211.5706,80,0.0004,89.279,17.489,541,ok,,
6fc85022ae6ad14e74271e071afc51a60b7dc3c5,head,home,7,14,1256.7741,82,0.0004,95.627,15.578,562,ok,,
6fc85022ae6ad14e74271e071afc51a60b7dc3c5,head,home,8,17,1277.679,73.0,0.0004,85.225,19.451,578,ok,,
6fc85022ae6ad14e74271e071afc51a60b7dc3c5,head,home,9,18,1248.4621,68,0.0004,79.01,15.823,545,ok,,
6fc85022ae6ad14e74271e071afc51a60b7dc3c5,head,home,10,21,1208.2999,67.0,0.0004,93.556,18.608,544,ok,,
6fc85022ae6ad14e74271e071afc51a60b7dc3c5,head,home,11,22,1134.1966,67.0,0.0004,100.464,12.957,561,outlier,lcp,
6fc85022ae6ad14e74271e071afc51a60b7dc3c5,head,home,12,25,1135.2705,90,0.0004,98.196,13.209,558,outlier,lcp,
6fc85022ae6ad14e74271e071afc51a60b7dc3c5,head,home,13,26,1274.6008,72,0.0005,85.192,18.905,565,ok,,
6fc85022ae6ad14e74271e071afc51a60b7dc3c5,head,home,14,29,1271.5636,81,0.0005,104.557,18.687,579,ok,,
dff69e91912507bbfcc68b35277cc6031ce5b437,base,home,0,0,1230.9642,64,0.0004,91.446,8.297,543,ok,,
dff69e91912507bbfcc68b35277cc6031ce5b437,base,home,1,3,1210.1503,69,0.0004,97.93,7.794,577,ok,,
dff69e91912507bbfcc68b35277cc6031ce5b437,base,home,2,4,1138.2171,78,0.0004,78.519,16.418,541,ok,,
dff69e91912507bbfcc68b35277cc6031ce5b437,base,home,3,7,1271.0725,75.0,0.0004,95.168,16.618,557,ok,,
dff69e91912507bbfcc68b35277cc6031ce5b437,base,home,4,8,1276.5742,79,0.0004,93.556,16.29,558,ok,,
dff69e91912507bbfcc68b35277cc6031ce5b437,head,home,0,1,1236.1789,89.0,0.0004,99.049,21.485,662,outlier,lcpObs,
dff69e91912507bbfcc68b35277cc6031ce5b437,head,home,1,2,1255.8202,85,0.0005,100.13,14.225,577,ok,,
dff69e91912507bbfcc68b35277cc6031ce5b437,head,home,2,5,1271.638,59,0.0005,94.143,21.261,579,ok,,
dff69e91912507bbfcc68b35277cc6031ce5b437,head,home,3,6,1273.8585,73.0,0.0004,93.386,14.031,613,ok,,
dff69e91912507bbfcc68b35277cc6031ce5b437,head,home,4,9,1254.1143,63,0.0004,84.689,19.474,580,ok,,
01304aac498f9b653bb7019cafc7f8a6eb5936c0,base,home,0,0,1228.1002,66,0.0004,132.466,7.101,610,ok,,
01304aac498f9b653bb7019cafc7f8a6eb5936c0,base,home,1,3,1273.2559,76,0.0004,93.55,17.99,595,ok,,
01304aac498f9b653bb7019cafc7f8a6eb5936c0,base,home,2,4,1253.2922,82.0,0.0004,79.537,16.677,558,ok,,
01304aac498f9b653bb7019cafc7f8a6eb5936c0,base,home,3,7,1204.6704,68,0.0004,111.031,14.026,578,ok,,
01304aac498f9b653bb7019cafc7f8a6eb5936c0,base,home,4,8,1211.3144,64,0.0005,105.509,20.433,543,ok,,
01304aac498f9b653bb7019cafc7f8a6eb5936c0,head,home,0,1,1291.273,85,0.0005,94.426,16.849,614,outlier,lcpObs,
01304aac498f9b653bb7019cafc7f8a6eb5936c0,head,home,1,2,1211.3751,65,0.0004,91.371,9.502,543,ok,,
01304aac498f9b653bb7019cafc7f8a6eb5936c0,head,home,2,5,1192.4734,64,0.0004,107.417,16.322,540,ok,,
01304aac498f9b653bb7019cafc7f8a6eb5936c0,head,home,3,6,1120.4325,65,0.0004,93.906,16.449,545,ok,,
01304aac498f9b653bb7019cafc7f8a6eb5936c0,head,home,4,9,1254.5445,86,0.0004,95.905,16.05,580,ok,,
6fe7de802014d0c967e3b839ccda7711b1028029,base,home,0,0,1304.1222,84,0.0004,122.113,14.392,609,ok,,
6fe7de802014d0c967e3b839ccda7711b1028029,base,home,1,3,1242.0409,79.0,0.0004,99.472,17.45,580,ok,,
6fe7de802014d0c967e3b839ccda7711b1028029,base,home,2,4,1216.9979,74.0,0.0004,107.559,8.805,578,ok,,
6fe7de802014d0c967e3b839ccda7711b1028029,base,home,3,7,1209.8879,74.0,0.0004,97.698,10.853,541,ok,,
6fe7de802014d0c967e3b839ccda7711b1028029,base,home,4,8,1255.9996,73,0.0004,93.853,14.781,575,ok,,
6fe7de802014d0c967e3b839ccda7711b1028029,head,home,0,1,1119.1534,81.0,0.0004,98.202,10.56,543,outlier,lcp,
6fe7de802014d0c967e3b839ccda7711b1028029,head,home,1,2,1250.7946,80,0.0004,92.709,17.028,565,ok,,
6fe7de802014d0c967e3b839ccda7711b1028029,head,home,2,5,1274.2882,71.0,0.0004,109.409,19.402,575,ok,,
6fe7de802014d0c967e3b839ccda7711b1028029,head,home,3,6,1254.8543,88,0.0004,108.183,10.941,578,ok,,
6fe7de802014d0c967e3b839ccda7711b1028029,head,home,4,9,1213.334,74,0.0004,111.544,13.476,558,ok,,
58f7d33d80198a2a80c6d3eb38b3432e062dfbea,base,home,0,0,1223.638,65,0.0004,89.41,7.767,559,ok,,
58f7d33d80198a2a80c6d3eb38b3432e062dfbea,base,home,1,3,1251.51,68,0.0004,101.292,16.399,597,ok,,
58f7d33d80198a2a80c6d3eb38b3432e062dfbea,base,home,2,4,1190.9009,65,0.0004,97.985,10.57,561,ok,,
58f7d33d80198a2a80c6d3eb38b3432e062dfbea,base,home,3,7,1228.6166,82.0,0.0004,90.262,16.062,525,ok,,
58f7d33d80198a2a80c6d3eb38b3432e062dfbea,base,home,4,8,1242.2855,68,0.0004,93.767,17.475,562,ok,,
58f7d33d80198a2a80c6d3eb38b3432e062dfbea,base,home,5,11,1118.851,63,0.0004,90.374,10.768,526,ok,,
58f7d33d80198a2a80c6d3eb38b3432e062dfbea,base,home,6,12,1229.2468,62,0.0004,96.121,13.404,594,ok,,
58f7d33d80198a2a80c6d3eb38b3432e062dfbea,base,home,7,15,1108.3271,64.0,0.0004,99.242,18.817,562,ok,,
58f7d33d80198a2a80c6d3eb38b3432e062dfbea,base,home,8,16,1252.1179,82,0.0004,106.493,11.805,576,ok,,
58f7d33d80198a2a80c6d3eb38b3432e062dfbea,base,home,9,19,1212.4669,73,0.0004,102.192,17.59,542,ok,,
58f7d33d80198a2a80c6d3eb38b3432e062dfbea,base,home,10,20,1232.4749,71.0,0.0004,91.679,13.4,560,ok,,
58f7d33d80198a2a80c6d3eb38b3432e062dfbea,base,home,11,23,1259.2178,76,0.0004,120.742,7.199,577,ok,,
58f7d33d80198a2a80c6d3eb38b3432e062dfbea,base,home,12,24,1135.0836,55,0.0004,107.09,17.059,540,ok,,
58f7d33d80198a2a80c6d3eb38b3432e062dfbea,base,home,13,27,965.5075,77,0.0005,100.678,8.192,2021,outlier,lcp;lcpObs,
58f7d33d80198a2a80c6d3eb38b3432e062dfbea,base,home,14,28,1119.6885,75,0.0004,102.114,16.999,677,outlier,lcpObs,
58f7d33d80198a2a80c6d3eb38b3432e062dfbea,head,home,0,1,1258.1786,74.0,0.0004,107.068,5.976,593,ok,,
58f7d33d80198a2a80c6d3eb38b3432e062dfbea,head,home,1,2,1173.7849,82,0.0004,100.837,16.625,543,ok,,
58f7d33d80198a2a80c6d3eb38b3432e062dfbea,head,home,2,5,1208.8746,72.0,0.0004,95.604,16.138,578,ok,,
58f7d33d80198a2a80c6d3eb38b3432e062dfbea,head,home,3,6,1244.908,70,0.0004,100.289,20.496,560,ok,,
58f7d33d80198a2a80c6d3eb38b3432e062dfbea,head,home,4,9,1262.5551,85,0.0004,96.333,7.399,649,outlier,lcpObs,
58f7d33d80198a2a80c6d3eb38b3432e062dfbea,head,home,5,10,1197.4213,68,0.0004,112.587,8.422,575,ok,,
58f7d33d80198a2a80c6d3eb38b3432e062dfbea,head,home,6,13,1249.2654,63,0.0004,114.121,9.061,546,ok,,
58f7d33d80198a2a80c6d3eb38b3432e062dfbea,head,home,7,14,1237.8673,58.0,0.0004,91.317,11.797,595,ok,,
58f7d33d80198a2a80c6d3eb38b3432e062dfbea,head,home,8,17,1129.9588,67,0.0004,93.751,18.462,543,ok,,
58f7d33d80198a2a80c6d3eb38b3432e062dfbea,head,home,9,18,1209.536,133,0.0005,94.889,17.232,559,outlier,tbt,
58f7d33d80198a2a80c6d3eb38b3432e062dfbea,head,home,10,21,1129.3484,69,0.0004,114.749,8.145,523,ok,,
58f7d33d80198a2a80c6d3eb38b3432e062dfbea,head,home,11,22,1253.47,68,0.0004,99.472,17.492,581,ok,,
58f7d33d80198a2a80c6d3eb38b3432e062dfbea,head,home,12,25,1271.6361,81,0.0004,100.809,16.43,562,ok,,
58f7d33d80198a2a80c6d3eb38b3432e062dfbea,head,home,13,26,1274.7066,74,0.0004,94.015,18.457,576,ok,,
58f7d33d80198a2a80c6d3eb38b3432e062dfbea,head,home,14,29,1247.8165,47,0.0004,106.69,16.78,528,ok,,
0cf36d6b30fc84085aa903460a04d0d568518f30,base,home,0,0,1214.5341,63,0.0004,105.702,16.873,556,ok,,
0cf36d6b30fc84085aa903460a04d0d568518f30,base,home,1,3,1293.0812,104,0.0004,94.329,17.249,575,outlier,tbt,
0cf36d6b30fc84085aa903460a04d0d568518f30,base,home,2,4,1134.3096,78,0.0004,109.708,11.467,546,ok,,
0cf36d6b30fc84085aa903460a04d0d568518f30,base,home,3,7,1276.1459,69.0,0.0004,105.056,27.572,1018,outlier,lcpObs,
0cf36d6b30fc84085aa903460a04d0d568518f30,base,home,4,8,1249.3245,64.0,0.0004,111.583,10.752,630,ok,,
0cf36d6b30fc84085aa903460a04d0d568518f30,base,home,5,11,1128.749,68,0.0004,112.498,8.912,560,ok,,
0cf36d6b30fc84085aa903460a04d0d568518f30,base,home,6,12,1127.8601,43,0.0004,90.747,10.031,629,ok,,
0cf36d6b30fc84085aa903460a04d0d568518f30,base,home,7,15,1198.1895,63,0.0004,106.479,8.042,558,ok,,
0cf36d6b30fc84085aa903460a04d0d568518f30,base,home,8,16,1124.9651,91,0.0004,115.768,14.208,590,ok,,
0cf36d6b30fc84085aa903460a04d0d568518f30,base,home,9,19,1195.9085,48,0.0004,107.254,16.837,646,ok,,
0cf36d6b30fc84085aa903460a04d0d568518f30,base,home,10,20,1155.8383,78,0.0004,78.483,15.395,561,outlier,inp,
0cf36d6b30fc84085aa903460a04d0d568518f30,base,home,11,23,1131.035,67,0.0004,106.056,13.614,541,ok,,
0cf36d6b30fc84085aa903460a04d0d568518f30,base,home,12,24,1257.4254,87.0,0.0004,105.457,17.831,597,ok,,
0cf36d6b30fc84085aa903460a04d0d568518f30,base,home,13,27,1130.9025,65,0.0004,120.789,12.758,681,ok,,
0cf36d6b30fc84085aa903460a04d0d568518f30,base,home,14,28,1213.6141,65,0.0004,95.264,8.073,970,outlier,lcpObs,
0cf36d6b30fc84085aa903460a04d0d568518f30,head,home,0,1,1131.3988,75,0.0004,115.403,10.927,544,ok,,
0cf36d6b30fc84085aa903460a04d0d568518f30,head,home,1,2,1275.4746,77,0.0004,94.561,15.795,611,ok,,
0cf36d6b30fc84085aa903460a04d0d568518f30,head,home,2,5,1198.4713,80,0.0004,91.458,7.07,561,ok,,
0cf36d6b30fc84085aa903460a04d0d568518f30,head,home,3,6,1128.1944,73,0.0004,93.15,20.27,598,ok,,
0cf36d6b30fc84085aa903460a04d0d568518f30,head,home,4,9,1120.4925,61,0.0004,93.646,8.199,627,ok,,
0cf36d6b30fc84085aa903460a04d0d568518f30,head,home,5,10,1156.4549,67,0.0004,91.611,11.175,574,ok,,
0cf36d6b30fc84085aa903460a04d0d568518f30,head,home,6,13,1250.9952,64,0.0004,107.289,14.752,579,ok,,
0cf36d6b30fc84085aa903460a04d0d568518f30,head,home,7,14,1256.8791,73,0.0004,105.438,16.611,630,ok,,
0cf36d6b30fc84085aa903460a04d0d568518f30,head,home,8,17,1114.1744,72.0,0.0004,107.625,16.593,558,ok,,
0cf36d6b30fc84085aa903460a04d0d568518f30,head,home,9,18,1214.2174,77,0.0004,107.966,13.82,599,ok,,
0cf36d6b30fc84085aa903460a04d0d568518f30,head,home,10,21,1205.1746,66,0.0004,91.257,6.794,593,ok,,
0cf36d6b30fc84085aa903460a04d0d568518f30,head,home,11,22,1238.994,77.0,0.0004,99.082,10.473,580,ok,,
0cf36d6b30fc84085aa903460a04d0d568518f30,head,home,12,25,1170.5457,68.0,0.0004,94.068,15.373,701,ok,,
0cf36d6b30fc84085aa903460a04d0d568518f30,head,home,13,26,1132.685,70,0.0004,95.717,16.602,704,ok,,
0cf36d6b30fc84085aa903460a04d0d568518f30,head,home,14,29,1117.0895,56.0,0.0004,114.034,9.027,630,ok,,
a5d69398266a993e590c020d5495e2e1b2f271e3,base,home,0,0,1168.8069,93,0.0004,96.325,9.24,579,ok,,
a5d69398266a993e590c020d5495e2e1b2f271e3,base,home,1,3,1211.8333,67,0.0004,93.68,15.665,703,ok,,
a5d69398266a993e590c020d5495e2e1b2f271e3,base,home,2,4,1211.6546,43.5,0.0004,105.643,6.885,918,outlier,lcpObs,
a5d69398266a993e590c020d5495e2e1b2f271e3,base,home,3,7,1137.5523,73.0,0.0004,99.524,14.041,611,ok,,
a5d69398266a993e590c020d5495e2e1b2f271e3,base,home,4,8,1131.6042,81.0,0.0004,105.731,17.09,543,ok,,
a5d69398266a993e590c020d5495e2e1b2f271e3,head,home,0,1,1215.0975,68,0.0004,95.02,15.998,614,ok,,
a5d69398266a993e590c020d5495e2e1b2f271e3,head,home,1,2,1129.475,65,0.0004,94.478,7.817,558,ok,,
a5d69398266a993e590c020d5495e2e1b2f271e3,head,home,2,5,1131.7251,67,0.0004,96.829,13.763,864,ok,,
a5d69398266a993e590c020d5495e2e1b2f271e3,head,home,3,6,1207.5053,93.0,0.0004,113.314,15.793,773,ok,,
a5d69398266a993e590c020d5495e2e1b2f271e3,head,home,4,9,1695.9144,71,0.0004,120.494,16.389,682,outlier,lcp;inp,
b5d60973b7188f58f543da23502d8de65c96b475,base,home,0,0,1107.3038,65,0.0004,92.26,10.746,651,outlier,lcpObs,
b5d60973b7188f58f543da23502d8de65c96b475,base,home,1,3,1204.0354,64.0,0.0004,105.64,17.101,578,ok,,
b5d60973b7188f58f543da23502d8de65c96b475,base,home,2,4,1215.9829,74,0.0004,108.18,15.191,573,ok,,
b5d60973b7188f58f543da23502d8de65c96b475,base,home,3,7,1230.8238,65.0,0.0004,93.656,13.74,931,outlier,lcpObs,
b5d60973b7188f58f543da23502d8de65c96b475,base,home,4,8,1118.1921,78.0,0.0004,117.044,17.655,577,ok,,
b5d60973b7188f58f543da23502d8de65c96b475,head,home,0,1,1112.1816,42.5,0.0004,106.999,11.963,666,ok,,
b5d60973b7188f58f543da23502d8de65c96b475,head,home,1,2,1130.7666,66,0.0004,97.561,14.804,596,ok,,
b5d60973b7188f58f543da23502d8de65c96b475,head,home,2,5,1231.8412,73,0.0004,105.798,11.36,595,ok,,
b5d60973b7188f58f543da23502d8de65c96b475,head,home,3,6,1174.1705,68,0.0004,108.183,11.136,932,ok,,
b5d60973b7188f58f543da23502d8de65c96b475,head,home,4,9,1207.3809,66.0,0.0004,105.805,18.917,968,ok,,
5fc13e43096d666d2b7d1f6d688860de92a0c9c8,base,home,0,0,1230.1645,66,0.0004,106.39,17.835,1013,outlier,lcpObs,
5fc13e43096d666d2b7d1f6d688860de92a0c9c8,base,home,1,3,1131.1361,83,0.0004,97.661,10.441,681,ok,,
5fc13e43096d666d2b7d1f6d688860de92a0c9c8,base,home,2,4,1210.9378,82,0.0004,105.26,8.352,579,ok,,
5fc13e43096d666d2b7d1f6d688860de92a0c9c8,base,home,3,7,1213.449,70,0.0004,92.845,11.344,616,ok,,
5fc13e43096d666d2b7d1f6d688860de92a0c9c8,base,home,4,8,1191.8257,70,0.0003,93.829,9.125,909,outlier,lcpObs,
5fc13e43096d666d2b7d1f6d688860de92a0c9c8,base,home,5,11,1246.6028,77.0,0.0004,122.153,14.405,563,ok,,
5fc13e43096d666d2b7d1f6d688860de92a0c9c8,base,home,6,12,1149.7201,47,0.0004,104.059,11.809,595,ok,,
5fc13e43096d666d2b7d1f6d688860de92a0c9c8,base,home,7,15,1154.53,107,0.0004,106.668,8.478,560,ok,,
5fc13e43096d666d2b7d1f6d688860de92a0c9c8,base,home,8,16,1118.5898,63,0.0004,89.738,8.945,560,ok,,
5fc13e43096d666d2b7d1f6d688860de92a0c9c8,base,home,9,19,1110.627,47,0.0004,120.999,10.417,596,ok,,
5fc13e43096d666d2b7d1f6d688860de92a0c9c8,base,home,10,20,946.707,40,0.0005,97.015,12.842,2032,outlier,lcp;lcpObs,
5fc13e43096d666d2b7d1f6d688860de92a0c9c8,base,home,11,23,1139.9785,95,0.0004,105.277,26.036,609,ok,,
5fc13e43096d666d2b7d1f6d688860de92a0c9c8,base,home,12,24,1147.3751,73.0,0.0004,95.859,13.41,612,ok,,
5fc13e43096d666d2b7d1f6d688860de92a0c9c8,base,home,13,27,1217.0451,85,0.0005,104.915,7.418,703,ok,,
5fc13e43096d666d2b7d1f6d688860de92a0c9c8,base,home,14,28,1146.7173,64.0,0.0004,107.493,16.413,969,outlier,lcpObs,
5fc13e43096d666d2b7d1f6d688860de92a0c9c8,head,home,0,1,1255.9871,73,0.0004,98.454,8.636,615,ok,,
5fc13e43096d666d2b7d1f6d688860de92a0c9c8,head,home,1,2,1199.4719,61,0.0004,112.991,18.865,596,ok,,
5fc13e43096d666d2b7d1f6d688860de92a0c9c8,head,home,2,5,1144.8736,90,0.0004,122.381,19.677,579,ok,,
5fc13e43096d666d2b7d1f6d688860de92a0c9c8,head,home,3,6,1134.3551,73,0.0004,96.771,7.39,631,ok,,
5fc13e43096d666d2b7d1f6d688860de92a0c9c8,head,home,4,9,1115.9264,65,0.0004,107.422,23.34,611,ok,,
5fc13e43096d666d2b7d1f6d688860de92a0c9c8,head,home,5,10,1255.2219,66,0.0005,93.857,11.771,627,ok,,
5fc13e43096d666d2b7d1f6d688860de92a0c9c8,head,home,6,13,1145.5511,84.0,0.0004,123.742,10.265,576,ok,,
5fc13e43096d666d2b7d1f6d688860de92a0c9c8,head,home,7,14,1256.8113,69,0.0004,90.72,13.184,629,ok,,
5fc13e43096d666d2b7d1f6d688860de92a0c9c8,head,home,8,17,1111.9056,67,0.0004,108.082,15.615,591,ok,,
5fc13e43096d666d2b7d1f6d688860de92a0c9c8,head,home,9,18,1153.6454,67,0.0004,117.594,8.227,715,ok,,
5fc13e43096d666d2b7d1f6d688860de92a0c9c8,head,home,10,21,1633.5496,67,0.0004,89.778,9.835,646,outlier,lcp,
5fc13e43096d666d2b7d1f6d688860de92a0c9c8,head,home,11,22,1117.9765,79.0,0.0004,106.744,8.819,594,ok,,
5fc13e43096d666d2b7d1f6d688860de92a0c9c8,head,home,12,25,1190.435,50,0.0004,97.184,9.747,753,outlier,lcpObs,
5fc13e43096d666d2b7d1f6d688860de92a0c9c8,head,home,13,26,1117.3251,77.0,0.0004,97.963,17.847,558,ok,,
5fc13e43096d666d2b7d1f6d688860de92a0c9c8,head,home,14,29,1244.2983,92,0.0004,97.757,9.62,648,ok,,
8fb2f70414b91175464676ed0158b14a8f2d4ade,base,home,0,0,1199.4246,78,0.0005,94.319,9.566,559,ok,,
8fb2f70414b91175464676ed0158b14a8f2d4ade,base,home,1,3,1254.0723,76,0.0004,95.778,15.819,613,ok,,
8fb2f70414b91175464676ed0158b14a8f2d4ade,base,home,2,4,1254.0551,75.0,0.0004,100.003,6.997,575,ok,,
8fb2f70414b91175464676ed0158b14a8f2d4ade,base,home,3,7,1118.0574,78,0.0004,94.936,10.399,542,ok,,
8fb2f70414b91175464676ed0158b14a8f2d4ade,base,home,4,8,1109.6327,66,0.0004,94.401,14.02,576,ok,,
8fb2f70414b91175464676ed0158b14a8f2d4ade,base,home,5,11,1236.5725,76,0.0004,93.037,11.149,574,ok,,
8fb2f70414b91175464676ed0158b14a8f2d4ade,base,home,6,12,1125.0599,67,0.0004,100.167,13.794,577,ok,,
8fb2f70414b91175464676ed0158b14a8f2d4ade,base,home,7,15,1273.5491,85,0.0004,119.786,11.377,580,outlier,inp,
8fb2f70414b91175464676ed0158b14a8f2d4ade,base,home,8,16,1215.2097,70,0.0004,93.63,16.568,575,ok,,
8fb2f70414b91175464676ed0158b14a8f2d4ade,base,home,9,19,1191.9946,68.0,0.0004,92.278,7.714,540,ok,,
8fb2f70414b91175464676ed0158b14a8f2d4ade,base,home,10,20,991.5996,101,0.0005,109.328,12.549,2034,outlier,lcp;lcpObs,
8fb2f70414b91175464676ed0158b14a8f2d4ade,base,home,11,23,1283.3179,98.5,0.0004,94.984,7.381,595,ok,,
8fb2f70414b91175464676ed0158b14a8f2d4ade,base,home,12,24,1228.5845,68.0,0.0004,97.788,14.827,578,ok,,
8fb2f70414b91175464676ed0158b14a8f2d4ade,base,home,13,27,1214.4651,70,0.0004,95.503,14.784,930,outlier,lcpObs,
8fb2f70414b91175464676ed0158b14a8f2d4ade,base,home,14,28,1296.469,70,0.0004,94.429,22.865,597,ok,,
8fb2f70414b91175464676ed0158b14a8f2d4ade,head,home,0,1,1274.0168,75,0.0004,107.044,11.341,597,ok,,
8fb2f70414b91175464676ed0158b14a8f2d4ade,head,home,1,2,1219.739,91.5,0.0004,121.542,12.729,579,outlier,inp,
8fb2f70414b91175464676ed0158b14a8f2d4ade,head,home,2,5,1215.1178,70,0.0004,125.25,46.186,579,outlier,inp;tbtFlow,
8fb2f70414b91175464676ed0158b14a8f2d4ade,head,home,3,6,1205.1175,65,0.0004,94.399,16.026,553,ok,,
8fb2f70414b91175464676ed0158b14a8f2d4ade,head,home,4,9,1251.9472,74,0.0004,113.988,17.816,576,ok,,
8fb2f70414b91175464676ed0158b14a8f2d4ade,head,home,5,10,1267.7189,112.5,0.0004,95.534,10.963,576,outlier,tbt,
8fb2f70414b91175464676ed0158b14a8f2d4ade,head,home,6,13,1205.3239,63,0.0004,96.22,12.934,556,ok,,
8fb2f70414b91175464676ed0158b14a8f2d4ade,head,home,7,14,1197.5065,81,0.0004,93.243,11.573,912,outlier,lcpObs,
8fb2f70414b91175464676ed0158b14a8f2d4ade,head,home,8,17,1127.8704,70.0,0.0004,94.404,6.799,561,ok,,
8fb2f70414b91175464676ed0158b14a8f2d4ade,head,home,9,18,1228.141,68,0.0004,120.891,24.65,561,outlier,inp,
8fb2f70414b91175464676ed0158b14a8f2d4ade,head,home,10,21,1238.25,87.5,0.0004,94.907,9.328,539,ok,,
8fb2f70414b91175464676ed0158b14a8f2d4ade,head,home,11,22,1237.6365,75.0,0.0004,93.655,31.763,557,ok,,
8fb2f70414b91175464676ed0158b14a8f2d4ade,head,home,12,25,1134.9174,74,0.0004,94.015,6.717,521,ok,,
8fb2f70414b91175464676ed0158b14a8f2d4ade,head,home,13,26,1114.3396,66,0.0005,119.535,13.986,558,outlier,inp,
8fb2f70414b91175464676ed0158b14a8f2d4ade,head,home,14,29,1123.0019,66.0,0.0004,123.095,15.575,524,outlier,inp,
19135995942a671192a0182cbe30b580576a4f8a,base,home,0,0,1254.6087,66,0.0004,95.385,9.01,614,ok,,
19135995942a671192a0182cbe30b580576a4f8a,base,home,1,3,1214.6436,76,0.0004,94.072,10.111,540,ok,,
19135995942a671192a0182cbe30b580576a4f8a,base,home,2,4,1199.14,67,0.0004,108.785,18.618,558,ok,,
19135995942a671192a0182cbe30b580576a4f8a,base,home,3,7,1203.4729,62,0.0004,125.452,13.771,543,outlier,inp,
19135995942a671192a0182cbe30b580576a4f8a,base,home,4,8,1202.7979,67.0,0.0004,92.057,8.928,563,ok,,
19135995942a671192a0182cbe30b580576a4f8a,head,home,0,1,1203.652,67.0,0.0004,95.465,11.332,577,ok,,
19135995942a671192a0182cbe30b580576a4f8a,head,home,1,2,1213.1376,65.0,0.0004,98.055,13.823,558,ok,,
19135995942a671192a0182cbe30b580576a4f8a,head,home,2,5,1244.2852,70,0.0004,94.344,14.811,540,ok,,
19135995942a671192a0182cbe30b580576a4f8a,head,home,3,6,1275.6929,68,0.0004,104.378,10.141,576,ok,,
19135995942a671192a0182cbe30b580576a4f8a,head,home,4,9,1247.6009,73.0,0.0004,92.933,12.309,591,ok,,
a18b139a60a50f1db73444140443254961655a55,base,home,0,0,1131.4144,85,0.0004,96.185,9.218,574,ok,,
a18b139a60a50f1db73444140443254961655a55,base,home,1,3,1253.4984,67,0.0004,119.67,18.408,561,outlier,inp,
a18b139a60a50f1db73444140443254961655a55,base,home,2,4,1254.4592,77,0.0004,91.485,8.389,575,ok,,
a18b139a60a50f1db73444140443254961655a55,base,home,3,7,1215.2048,65,0.0004,119.173,15.237,543,outlier,inp,
a18b139a60a50f1db73444140443254961655a55,base,home,4,8,1133.1923,67,0.0004,93.674,7.332,560,ok,,
a18b139a60a50f1db73444140443254961655a55,head,home,0,1,1275.4109,65,0.0004,94.955,8.866,578,ok,,
a18b139a60a50f1db73444140443254961655a55,head,home,1,2,1237.5631,74,0.0004,116.271,20.223,576,outlier,inp,
a18b139a60a50f1db73444140443254961655a55,head,home,2,5,1230.116,89,0.0005,95.432,8.617,541,ok,,
a18b139a60a50f1db73444140443254961655a55,head,home,3,6,1212.8861,71,0.0004,119.244,7.52,576,outlier,inp,
a18b139a60a50f1db73444140443254961655a55,head,home,4,9,1241.3685,66,0.0004,94.556,10.327,558,ok,,
2a0d15799c1b0c6a884d738709286a68d4571aa7,base,home,0,0,1212.3186,66,0.0004,97.396,25.194,590,ok,,
2a0d15799c1b0c6a884d738709286a68d4571aa7,base,home,1,3,960.0856,62,0.0005,91.888,8.707,2034,outlier,lcpObs,
2a0d15799c1b0c6a884d738709286a68d4571aa7,base,home,2,4,1117.3184,70,0.0004,93.433,7.98,543,ok,,
2a0d15799c1b0c6a884d738709286a68d4571aa7,base,home,3,7,1232.7223,104,0.0004,98.949,8.939,576,ok,,
2a0d15799c1b0c6a884d738709286a68d4571aa7,base,home,4,8,1299.744,87,0.0004,95.054,6.613,578,ok,,
2a0d15799c1b0c6a884d738709286a68d4571aa7,head,home,0,1,1305.541,66.0,0.0004,96.686,13.443,966,outlier,lcp;lcpObs,
2a0d15799c1b0c6a884d738709286a68d4571aa7,head,home,1,2,1211.207,69,0.0004,115.239,18.23,541,ok,,
2a0d15799c1b0c6a884d738709286a68d4571aa7,head,home,2,5,1190.0629,60,0.0004,94.44,11.532,576,ok,,
2a0d15799c1b0c6a884d738709286a68d4571aa7,head,home,3,6,1211.1367,66.0,0.0004,94.016,9.363,539,ok,,
2a0d15799c1b0c6a884d738709286a68d4571aa7,head,home,4,9,1275.8174,47,0.0004,101.094,7.765,594,ok,,
4a60fe3d22492e731ea55afc74fff13294640cae,base,home,0,0,1135.1439,86,0.0004,94.09,13.128,525,outlier,lcp,
4a60fe3d22492e731ea55afc74fff13294640cae,base,home,1,3,1209.6739,66,0.0004,115.708,19.627,541,outlier,inp,
4a60fe3d22492e731ea55afc74fff13294640cae,base,home,2,4,1152.0686,68,0.0004,125.662,13.624,578,outlier,lcp;inp,
4a60fe3d22492e731ea55afc74fff13294640cae,base,home,3,7,1251.967,66,0.0004,94.487,7.754,542,ok,,
4a60fe3d22492e731ea55afc74fff13294640cae,base,home,4,8,1249.5154,72.0,0.0004,125.648,12.553,575,outlier,inp,
4a60fe3d22492e731ea55afc74fff13294640cae,base,home,5,11,1252.6249,73,0.0004,92.418,10.119,575,ok,,
4a60fe3d22492e731ea55afc74fff13294640cae,base,home,6,12,1213.598,65.0,0.0004,122.117,14.811,556,outlier,inp,
4a60fe3d22492e731ea55afc74fff13294640cae,base,home,7,15,1196.5085,73,0.0004,93.885,14.433,559,ok,,
4a60fe3d22492e731ea55afc74fff13294640cae,base,home,8,16,1236.2527,79,0.0004,95.419,8.895,594,ok,,
4a60fe3d22492e731ea55afc74fff13294640cae,base,home,9,19,1255.0053,84.0,0.0004,98.739,23.894,579,ok,,
4a60fe3d22492e731ea55afc74fff13294640cae,base,home,10,20,1191.9006,65,0.0004,95.385,10,558,ok,,
4a60fe3d22492e731ea55afc74fff13294640cae,base,home,11,23,1252.9319,63.0,0.0004,93.033,6.78,580,ok,,
4a60fe3d22492e731ea55afc74fff13294640cae,base,home,12,24,1249.293,67,0.0004,93.738,8.831,592,ok,,
4a60fe3d22492e731ea55afc74fff13294640cae,base,home,13,27,1254.8715,83,0.0004,123.403,9.221,560,outlier,inp,
4a60fe3d22492e731ea55afc74fff13294640cae,base,home,14,28,1118.703,66.0,0.0004,92.303,13.39,557,outlier,lcp,
4a60fe3d22492e731ea55afc74fff13294640cae,head,home,0,1,1280.4746,103.0,0.0004,99.774,8.737,608,outlier,tbt,
4a60fe3d22492e731ea55afc74fff13294640cae,head,home,1,2,1255.5275,75.0,0.0004,91.063,9.099,558,ok,,
4a60fe3d22492e731ea55afc74fff13294640cae,head,home,2,5,1252.3776,70.0,0.0004,95.471,12.225,594,ok,,
4a60fe3d22492e731ea55afc74fff13294640cae,head,home,3,6,1213.4599,70.0,0.0004,92.83,7.366,561,ok,,
4a60fe3d22492e731ea55afc74fff13294640cae,head,home,4,9,1229.4134,75,0.0004,94.973,10.016,914,outlier,lcpObs,
4a60fe3d22492e731ea55afc74fff13294640cae,head,home,5,10,1277.1735,47.5,0.0004,93.242,9.223,558,ok,,
4a60fe3d22492e731ea55afc74fff13294640cae,head,home,6,13,1295.019,67,0.0004,93.38,14.218,560,ok,,
4a60fe3d22492e731ea55afc74fff13294640cae,head,home,7,14,1132.4115,75,0.0004,94.472,13.979,560,ok,,
4a60fe3d22492e731ea55afc74fff13294640cae,head,home,8,17,1134.2746,79,0.0004,94.933,8.328,682,outlier,lcpObs,
4a60fe3d22492e731ea55afc74fff13294640cae,head,home,9,18,1125.4101,85.0,0.0004,125.303,13.598,522,outlier,inp,
4a60fe3d22492e731ea55afc74fff13294640cae,head,home,10,21,1202.932,64,0.0004,99.551,11.735,558,ok,,
4a60fe3d22492e731ea55afc74fff13294640cae,head,home,11,22,1246.4396,43.0,0.0004,94.483,9.197,578,ok,,
4a60fe3d22492e731ea55afc74fff13294640cae,head,home,12,25,1129.6571,44.5,0.0004,94.925,10.462,523,ok,,
4a60fe3d22492e731ea55afc74fff13294640cae,head,home,13,26,1212.2728,71,0.0004,123.012,16.395,578,outlier,inp,
4a60fe3d22492e731ea55afc74fff13294640cae,head,home,14,29,1251.2463,78.0,0.0004,94,12.352,559,ok,,
195a7438743362c42bfc3324c0b674fa43caa457,base,home,0,0,1275.8911,70,0.0004,98.449,10.028,651,outlier,lcpObs,
195a7438743362c42bfc3324c0b674fa43caa457,base,home,1,3,1141.13,85,0.0004,120.947,14.8,539,outlier,inp,
195a7438743362c42bfc3324c0b674fa43caa457,base,home,2,4,1140.7847,91,0.0004,95.393,9.561,560,ok,,
195a7438743362c42bfc3324c0b674fa43caa457,base,home,3,7,1252.1265,133.0,0.0004,93.298,11.326,546,ok,,
195a7438743362c42bfc3324c0b674fa43caa457,base,home,4,8,1210.3108,69.0,0.0004,92.431,9.304,561,ok,,
195a7438743362c42bfc3324c0b674fa43caa457,head,home,0,1,1204.9108,70,0.0005,94.51,6.82,578,ok,,
195a7438743362c42bfc3324c0b674fa43caa457,head,home,1,2,1232.4826,64,0.0004,93.814,13.201,558,ok,,
195a7438743362c42bfc3324c0b674fa43caa457,head,home,2,5,1134.7445,76.0,0.0004,122.466,15.819,683,outlier,inp;lcpObs,
195a7438743362c42bfc3324c0b674fa43caa457,head,home,3,6,1139.2495,91,0.0004,97.077,16.809,526,ok,,
195a7438743362c42bfc3324c0b674fa43caa457,head,home,4,9,1255.4844,67.0,0.0004,120.053,18.474,560,outlier,inp,
192c4e76586ed611fc9cd58adf065603458a2e8a,base,home,0,0,1262.5272,65,0.0004,95.313,7.373,578,ok,,
192c4e76586ed611fc9cd58adf065603458a2e8a,base,home,1,3,1131.1441,82,0.0004,93.466,8.033,542,ok,,
192c4e76586ed611fc9cd58adf065603458a2e8a,base,home,2,4,1191.8737,67,0.0004,120.632,6.207,560,outlier,inp,
192c4e76586ed611fc9cd58adf065603458a2e8a,base,home,3,7,1121.9488,63,0.0004,93.292,6.579,559,ok,,
192c4e76586ed611fc9cd58adf065603458a2e8a,base,home,4,8,1212.7695,89,0.0004,91.122,12.052,541,ok,,
192c4e76586ed611fc9cd58adf065603458a2e8a,head,home,0,1,1192.1405,68.0,0.0004,104.254,7.782,591,ok,,
192c4e76586ed611fc9cd58adf065603458a2e8a,head,home,1,2,1210.991,70.0,0.0004,111.752,7.004,575,ok,,
192c4e76586ed611fc9cd58adf065603458a2e8a,head,home,2,5,1126.3371,66,0.0004,92.954,7.002,539,outlier,lcp,
192c4e76586ed611fc9cd58adf065603458a2e8a,head,home,3,6,1250.5494,87,0.0004,95.44,12.158,578,ok,,
192c4e76586ed611fc9cd58adf065603458a2e8a,head,home,4,9,1201.1936,85.0,0.0004,95.472,10.356,578,ok,,
6e655cdb24d9b91332a9f437bf62389ddab0b868,base,home,0,0,1185.2555,65.0,0.0004,93.362,9.123,521,ok,,
6e655cdb24d9b91332a9f437bf62389ddab0b868,base,home,1,3,1246.9199,67.0,0.0004,96.255,12.173,611,ok,,
6e655cdb24d9b91332a9f437bf62389ddab0b868,base,home,2,4,1132.2974,83.0,0.0004,93.853,14.348,558,ok,,
6e655cdb24d9b91332a9f437bf62389ddab0b868,base,home,3,7,1188.2807,64,0.0004,94.417,12.788,596,ok,,
6e655cdb24d9b91332a9f437bf62389ddab0b868,base,home,4,8,1213.1836,67,0.0004,93.628,8.212,594,ok,,
6e655cdb24d9b91332a9f437bf62389ddab0b868,head,home,0,1,1132.2721,86,0.0004,94.384,14.382,684,outlier,lcp,
6e655cdb24d9b91332a9f437bf62389ddab0b868,head,home,1,2,1267.2976,121,0.0004,95.044,19.179,595,outlier,tbt,
6e655cdb24d9b91332a9f437bf62389ddab0b868,head,home,2,5,1271.1194,63,0.0004,94.754,15.174,645,ok,,
6e655cdb24d9b91332a9f437bf62389ddab0b868,head,home,3,6,1279.0255,89,0.0004,95.407,6.163,561,ok,,
6e655cdb24d9b91332a9f437bf62389ddab0b868,head,home,4,9,1209.7249,87,0.0004,94.377,6.821,545,ok,,
e19fd1332a7c81179adbbd59649d81663dd1f43d,base,home,0,0,1132.6404,98,0.0004,98.069,17.079,560,outlier,lcp,
e19fd1332a7c81179adbbd59649d81663dd1f43d,base,home,1,3,1253.2048,88,0.0004,95.451,8.339,576,ok,,
e19fd1332a7c81179adbbd59649d81663dd1f43d,base,home,2,4,1224.0085,107,0.0004,100.087,6.779,577,ok,,
e19fd1332a7c81179adbbd59649d81663dd1f43d,base,home,3,7,1210.338,88,0.0004,125.075,12.599,576,outlier,inp,
e19fd1332a7c81179adbbd59649d81663dd1f43d,base,home,4,8,1211.4635,96,0.0004,120.092,12.785,560,ok,,
e19fd1332a7c81179adbbd59649d81663dd1f43d,head,home,0,1,1122.6924,97,0.0004,94.045,10.03,577,ok,,
e19fd1332a7c81179adbbd59649d81663dd1f43d,head,home,1,2,1132.0671,66,0.0004,91.228,9.274,558,ok,,
e19fd1332a7c81179adbbd59649d81663dd1f43d,head,home,2,5,1268.3509,108,0.0004,119.601,13.157,665,outlier,lcp;inp,
e19fd1332a7c81179adbbd59649d81663dd1f43d,head,home,3,6,1256.6411,89,0.0004,92.488,8.014,917,outlier,lcp;lcpObs,
e19fd1332a7c81179adbbd59649d81663dd1f43d,head,home,4,9,1128.9576,102,0.0004,96.754,10.246,542,ok,,
d4f70e9f31addc5f1f5afc39112aef6a18364c91,base,home,0,0,1235.1192,68.0,0.0004,96.602,24.76,540,ok,,
d4f70e9f31addc5f1f5afc39112aef6a18364c91,base,home,1,3,1230.6868,86,0.0004,94.953,11.547,578,ok,,
d4f70e9f31addc5f1f5afc39112aef6a18364c91,base,home,2,4,1260.4834,92,0.0005,118.263,13.457,595,outlier,inp,
d4f70e9f31addc5f1f5afc39112aef6a18364c91,base,home,3,7,1133.2757,69,0.0004,119.539,12.159,543,outlier,inp,
d4f70e9f31addc5f1f5afc39112aef6a18364c91,base,home,4,8,1145.3804,64,0.0004,92.753,14.18,862,outlier,lcpObs,
d4f70e9f31addc5f1f5afc39112aef6a18364c91,head,home,0,1,1293.8792,69,0.0004,97.227,14.82,594,ok,,
d4f70e9f31addc5f1f5afc39112aef6a18364c91,head,home,1,2,1134.184,77,0.0004,99.632,7.415,542,ok,,
d4f70e9f31addc5f1f5afc39112aef6a18364c91,head,home,2,5,1231.7472,83,0.0004,95.478,8.524,563,ok,,
d4f70e9f31addc5f1f5afc39112aef6a18364c91,head,home,3,6,1131.0125,80,0.0004,94.914,7.812,522,ok,,
d4f70e9f31addc5f1f5afc39112aef6a18364c91,head,home,4,9,1190.6445,66.0,0.0004,94.411,13.594,540,ok,,
cec5232a7a35e33a1439a75dfdc264c5fcd0d895,base,home,0,0,1224.6804,119,0.0004,94.351,14.226,593,outlier,tbt,
cec5232a7a35e33a1439a75dfdc264c5fcd0d895,base,home,1,3,1210.0714,60.0,0.0004,94.459,11.141,578,ok,,
cec5232a7a35e33a1439a75dfdc264c5fcd0d895,base,home,2,4,1214.334,89,0.0004,95.408,10.11,560,ok,,
cec5232a7a35e33a1439a75dfdc264c5fcd0d895,base,home,3,7,1238.8047,97.0,0.0004,94.48,8.826,663,outlier,lcpObs,
cec5232a7a35e33a1439a75dfdc264c5fcd0d895,base,home,4,8,1210.0215,76,0.0004,120.59,12.94,539,outlier,inp,
cec5232a7a35e33a1439a75dfdc264c5fcd0d895,base,home,5,11,964.4733,68.0,0.0005,94.359,9.977,2020,outlier,lcp;lcpObs,
cec5232a7a35e33a1439a75dfdc264c5fcd0d895,base,home,6,12,1218.6205,63,0.0004,97.387,9.717,579,ok,,
cec5232a7a35e33a1439a75dfdc264c5fcd0d895,base,home,7,15,1132.7848,88.0,0.0004,117.612,22.96,524,outlier,lcp;inp,
cec5232a7a35e33a1439a75dfdc264c5fcd0d895,base,home,8,16,1225.5404,108,0.0004,91.909,7.742,699,outlier,lcpObs,
cec5232a7a35e33a1439a75dfdc264c5fcd0d895,base,home,9,19,1135.9727,88,0.0004,92.201,7.821,524,outlier,lcp,
cec5232a7a35e33a1439a75dfdc264c5fcd0d895,base,home,10,20,1133.4784,90.0,0.0004,94.133,16.424,544,outlier,lcp,
cec5232a7a35e33a1439a75dfdc264c5fcd0d895,base,home,11,23,1251.4017,85.0,0.0004,124.357,15.612,559,outlier,inp,
cec5232a7a35e33a1439a75dfdc264c5fcd0d895,base,home,12,24,1209.2314,84,0.0004,98.511,17.015,541,ok,,
cec5232a7a35e33a1439a75dfdc264c5fcd0d895,base,home,13,27,1255.8739,80,0.0004,95.436,14.388,561,ok,,
cec5232a7a35e33a1439a75dfdc264c5fcd0d895,base,home,14,28,1210.4787,84,0.0004,93.994,10.857,544,ok,,
cec5232a7a35e33a1439a75dfdc264c5fcd0d895,head,home,0,1,1117.5601,94,0.0004,105.1,10.377,560,ok,,
cec5232a7a35e33a1439a75dfdc264c5fcd0d895,head,home,1,2,1211.6906,88,0.0004,93.696,16.629,540,ok,,
cec5232a7a35e33a1439a75dfdc264c5fcd0d895,head,home,2,5,1187.45,82,0.0004,119.808,13.656,577,outlier,inp,
cec5232a7a35e33a1439a75dfdc264c5fcd0d895,head,home,3,6,1213.8155,73.0,0.0004,95.384,10.777,595,ok,,
cec5232a7a35e33a1439a75dfdc264c5fcd0d895,head,home,4,9,1131.3888,86,0.0004,100.131,12.61,560,ok,,
cec5232a7a35e33a1439a75dfdc264c5fcd0d895,head,home,5,10,1253.1864,95,0.0004,95.258,8.116,579,ok,,
cec5232a7a35e33a1439a75dfdc264c5fcd0d895,head,home,6,13,1249.9428,73,0.0004,124.529,17.646,560,outlier,inp,
cec5232a7a35e33a1439a75dfdc264c5fcd0d895,head,home,7,14,1256.2782,83.5,0.0004,92.81,8.922,576,ok,,
cec5232a7a35e33a1439a75dfdc264c5fcd0d895,head,home,8,17,1236.5785,92,0.0005,92.008,9.826,598,ok,,
cec5232a7a35e33a1439a75dfdc264c5fcd0d895,head,home,9,18,1193.6219,85,0.0004,124.541,15.987,562,outlier,inp,
cec5232a7a35e33a1439a75dfdc264c5fcd0d895,head,home,10,21,1185.3564,87.0,0.0004,95.449,9.468,543,ok,,
cec5232a7a35e33a1439a75dfdc264c5fcd0d895,head,home,11,22,1249.1736,99,0.0004,94.514,10.026,557,ok,,
cec5232a7a35e33a1439a75dfdc264c5fcd0d895,head,home,12,25,1126.3665,82,0.0004,119.635,13.198,560,outlier,inp,
cec5232a7a35e33a1439a75dfdc264c5fcd0d895,head,home,13,26,1262.0512,84,0.0004,93.308,12.776,559,ok,,
cec5232a7a35e33a1439a75dfdc264c5fcd0d895,head,home,14,29,1207.9538,112,0.0004,99.04,8.76,597,ok,,
a7c61319dd54e5f8fe48a842e036fae7ff95faab,base,home,0,0,1175.0496,44.5,0.0004,116.504,18.428,559,ok,,
a7c61319dd54e5f8fe48a842e036fae7ff95faab,base,home,1,3,1232.2421,65,0.0005,94.967,16.294,578,ok,,
a7c61319dd54e5f8fe48a842e036fae7ff95faab,base,home,2,4,1208.1692,96,0.0004,92.966,9.353,578,ok,,
a7c61319dd54e5f8fe48a842e036fae7ff95faab,base,home,3,7,1312.7638,105,0.0004,122.404,11.928,873,outlier,inp;lcpObs,
a7c61319dd54e5f8fe48a842e036fae7ff95faab,base,home,4,8,1129.8106,79,0.0004,98.215,12.616,524,ok,,
a7c61319dd54e5f8fe48a842e036fae7ff95faab,head,home,0,1,1249.7658,68,0.0004,93.974,16.958,631,ok,,
a7c61319dd54e5f8fe48a842e036fae7ff95faab,head,home,1,2,1259.3409,63,0.0004,93.923,8.901,573,ok,,
a7c61319dd54e5f8fe48a842e036fae7ff95faab,head,home,2,5,1111.3495,83,0.0004,92.426,14.191,595,outlier,lcp,
a7c61319dd54e5f8fe48a842e036fae7ff95faab,head,home,3,6,1257.6671,93.0,0.0004,120.898,17.836,541,outlier,inp,
a7c61319dd54e5f8fe48a842e036fae7ff95faab,head,home,4,9,1250.6895,89,0.0004,97.288,14.602,575,ok,,
3dc54a724a4bb1e9dbd69c9fb61959f02be1a1aa,base,home,0,0,1272.9216,67,0.0004,118.68,11.621,595,outlier,inp,
3dc54a724a4bb1e9dbd69c9fb61959f02be1a1aa,base,home,1,3,1199.017,106,0.0004,98.856,7.63,598,ok,,
3dc54a724a4bb1e9dbd69c9fb61959f02be1a1aa,base,home,2,4,1270.5855,88,0.0004,95.365,14.202,550,ok,,
3dc54a724a4bb1e9dbd69c9fb61959f02be1a1aa,base,home,3,7,1234.911,90,0.0004,92.998,12.391,560,ok,,
3dc54a724a4bb1e9dbd69c9fb61959f02be1a1aa,base,home,4,8,975.8741,73,0.0007,98.237,8.931,2018,outlier,lcp;lcpObs,
3dc54a724a4bb1e9dbd69c9fb61959f02be1a1aa,head,home,0,1,1181.0964,96,0.0004,120.994,16.828,574,ok,,
3dc54a724a4bb1e9dbd69c9fb61959f02be1a1aa,head,home,1,2,1256.1619,98,0.0004,106.237,13.957,613,ok,,
3dc54a724a4bb1e9dbd69c9fb61959f02be1a1aa,head,home,2,5,1231.6703,67,0.0004,94.378,7.57,576,ok,,
3dc54a724a4bb1e9dbd69c9fb61959f02be1a1aa,head,home,3,6,1219.8799,76,0.0004,98.391,11.415,543,ok,,
3dc54a724a4bb1e9dbd69c9fb61959f02be1a1aa,head,home,4,9,1300.4224,94,0.0004,92.172,15.827,597,ok,,
a306a909a0e948c2145b71209a29475fc3470bf6,base,home,0,0,1188.5742,63,0.0004,93.255,7.768,543,ok,,
a306a909a0e948c2145b71209a29475fc3470bf6,base,home,1,3,1211.9815,92,0.0004,117.018,34.77,559,outlier,inp,
a306a909a0e948c2145b71209a29475fc3470bf6,base,home,2,4,1137.5571,100,0.0004,94.521,7.767,527,ok,,
a306a909a0e948c2145b71209a29475fc3470bf6,base,home,3,7,1241.2852,81,0.0004,95.631,19.624,613,outlier,lcpObs,
a306a909a0e948c2145b71209a29475fc3470bf6,base,home,4,8,1210.1201,82,0.0004,121.071,19.01,544,outlier,inp,
a306a909a0e948c2145b71209a29475fc3470bf6,head,home,0,1,1273.0149,86,0.0004,94.385,12.391,595,ok,,
a306a909a0e948c2145b71209a29475fc3470bf6,head,home,1,2,1127.5805,86,0.0004,122.545,14.778,541,outlier,inp,
a306a909a0e948c2145b71209a29475fc3470bf6,head,home,2,5,1214.4275,91,0.0004,121.605,10.754,559,outlier,inp,
a306a909a0e948c2145b71209a29475fc3470bf6,head,home,3,6,1191.6744,86,0.0004,94.483,8.174,897,outlier,lcpObs,
a306a909a0e948c2145b71209a29475fc3470bf6,head,home,4,9,1248.0173,98,0.0004,94.59,9.136,558,ok,,
e058a08b33239ab4024e6958d490a238693beea3,base,home,0,0,1130.0371,69,0.0004,91.741,11.198,577,ok,,
e058a08b33239ab4024e6958d490a238693beea3,base,home,1,3,1252.5345,84,0.0004,93.089,14.432,561,ok,,
e058a08b33239ab4024e6958d490a238693beea3,base,home,2,4,1170.7256,79.0,0.0004,120.091,9.217,562,outlier,inp,
e058a08b33239ab4024e6958d490a238693beea3,base,home,3,7,1210.7105,92,0.0004,99.888,6.791,575,ok,,
e058a08b33239ab4024e6958d490a238693beea3,base,home,4,8,1211.4149,86,0.0004,92.277,11.502,592,ok,,
e058a08b33239ab4024e6958d490a238693beea3,head,home,0,1,1191.2156,70.0,0.0004,92.898,12.173,542,ok,,
e058a08b33239ab4024e6958d490a238693beea3,head,home,1,2,1121.0719,103.0,0.0004,119.731,18.018,544,outlier,inp,
e058a08b33239ab4024e6958d490a238693beea3,head,home,2,5,1232.8373,92,0.0004,93.402,11.332,545,ok,,
e058a08b33239ab4024e6958d490a238693beea3,head,home,3,6,1223.051,101,0.0004,94.413,11.573,572,ok,,
e058a08b33239ab4024e6958d490a238693beea3,head,home,4,9,1137.8461,99,0.0004,95.602,7.809,615,outlier,lcpObs,
ff2ed5d26a9d0e4af6899d28833542e45dd7f829,base,home,0,0,1285.3321,66,0.0004,95.386,8.621,642,ok,,
ff2ed5d26a9d0e4af6899d28833542e45dd7f829,base,home,1,3,1215.4429,103.0,0.0004,98.303,15.778,596,ok,,
ff2ed5d26a9d0e4af6899d28833542e45dd7f829,base,home,2,4,1236.1351,119.0,0.0004,107.889,10.137,577,ok,,
ff2ed5d26a9d0e4af6899d28833542e45dd7f829,base,home,3,7,1114.4988,91,0.0004,94.408,9.536,562,ok,,
ff2ed5d26a9d0e4af6899d28833542e45dd7f829,base,home,4,8,1134.0224,90.0,0.0004,93.895,8.383,559,ok,,
ff2ed5d26a9d0e4af6899d28833542e45dd7f829,head,home,0,1,1216.9796,92.0,0.0004,97.096,10.371,680,outlier,lcpObs,
ff2ed5d26a9d0e4af6899d28833542e45dd7f829,head,home,1,2,1126.5374,89,0.0004,93.762,13.196,559,outlier,lcp,
ff2ed5d26a9d0e4af6899d28833542e45dd7f829,head,home,2,5,1215.8936,87,0.0004,92.707,9.969,612,ok,,
ff2ed5d26a9d0e4af6899d28833542e45dd7f829,head,home,3,6,1213.4655,90,0.0004,94.878,9.37,560,ok,,
ff2ed5d26a9d0e4af6899d28833542e45dd7f829,head,home,4,9,1212.054,68,0.0004,94.017,9.556,544,ok,,
a30e1b25c60a9c5c6f049daada0443df874a5266,base,home,0,0,1122.9011,65,0.0004,119.217,8.035,556,outlier,lcp,
a30e1b25c60a9c5c6f049daada0443df874a5266,base,home,1,3,1205.6908,107,0.0004,93.582,10.731,574,outlier,inp,
a30e1b25c60a9c5c6f049daada0443df874a5266,base,home,2,4,1199.3543,90,0.0005,122.87,16.232,555,ok,,
a30e1b25c60a9c5c6f049daada0443df874a5266,base,home,3,7,1209.1737,91,0.0004,120.814,14.768,559,ok,,
a30e1b25c60a9c5c6f049daada0443df874a5266,base,home,4,8,1125.3519,95.0,0.0004,93.725,17.235,545,outlier,lcp;inp,
a30e1b25c60a9c5c6f049daada0443df874a5266,head,home,0,1,1206.5465,93,0.0005,121.001,14.352,558,outlier,inp,
a30e1b25c60a9c5c6f049daada0443df874a5266,head,home,1,2,1292.8926,73.0,0.0004,94.393,12.994,646,outlier,lcp,
a30e1b25c60a9c5c6f049daada0443df874a5266,head,home,2,5,1213.5399,90.0,0.0004,95.233,10.848,576,ok,,
a30e1b25c60a9c5c6f049daada0443df874a5266,head,home,3,6,1115.7082,67,0.0004,98.542,9.56,561,outlier,lcp,
a30e1b25c60a9c5c6f049daada0443df874a5266,head,home,4,9,1229.7011,86.0,0.0004,94.435,9.546,984,outlier,lcpObs,
7e41026812d7e18dcc954b18eb4b8f1c0dc7414e,base,home,0,0,1231.3148,86,0.0004,96.96,16.033,594,ok,,
7e41026812d7e18dcc954b18eb4b8f1c0dc7414e,base,home,1,3,1156.2614,113,0.0004,95.452,14.804,573,ok,,
7e41026812d7e18dcc954b18eb4b8f1c0dc7414e,base,home,2,4,1174.2718,87,0.0004,93.493,7.798,578,ok,,
7e41026812d7e18dcc954b18eb4b8f1c0dc7414e,base,home,3,7,1118.3489,90,0.0004,119.938,7.009,593,outlier,inp,
7e41026812d7e18dcc954b18eb4b8f1c0dc7414e,base,home,4,8,951.0632,86,0.0005,93.401,7.167,2019,outlier,lcp;lcpObs,
7e41026812d7e18dcc954b18eb4b8f1c0dc7414e,head,home,0,1,1192.2413,65,0.0004,94.458,14.217,581,ok,,
7e41026812d7e18dcc954b18eb4b8f1c0dc7414e,head,home,1,2,1194.6656,66,0.0004,95.54,15.832,611,ok,,
7e41026812d7e18dcc954b18eb4b8f1c0dc7414e,head,home,2,5,1196.841,107,0.0004,120.785,32.707,542,outlier,tbt;inp,
7e41026812d7e18dcc954b18eb4b8f1c0dc7414e,head,home,3,6,1113.8721,93,0.0004,94.255,8.197,542,outlier,lcp,
7e41026812d7e18dcc954b18eb4b8f1c0dc7414e,head,home,4,9,1242.584,63.0,0.0004,122.107,12.757,577,outlier,inp,
51dbd4831b5ae5bdd0efa30e51e345a7d2ee66df,base,home,0,0,1132.9469,90,0.0004,94.832,35.237,559,outlier,lcp,
51dbd4831b5ae5bdd0efa30e51e345a7d2ee66df,base,home,1,3,1210.1644,102.0,0.0004,92.854,8.608,630,ok,,
51dbd4831b5ae5bdd0efa30e51e345a7d2ee66df,base,home,2,4,1255.3208,86,0.0004,124.261,42.512,596,outlier,inp,
51dbd4831b5ae5bdd0efa30e51e345a7d2ee66df,base,home,3,7,1229.7186,69.0,0.0004,121.093,13.385,559,outlier,inp,
51dbd4831b5ae5bdd0efa30e51e345a7d2ee66df,base,home,4,8,1227.8914,113,0.0004,94.01,8.78,1977,outlier,lcpObs,
51dbd4831b5ae5bdd0efa30e51e345a7d2ee66df,head,home,0,1,1251.6581,85.0,0.0004,94.015,9.322,613,ok,,
51dbd4831b5ae5bdd0efa30e51e345a7d2ee66df,head,home,1,2,1205.7833,84.0,0.0004,114.069,16.459,574,ok,,
51dbd4831b5ae5bdd0efa30e51e345a7d2ee66df,head,home,2,5,1213.1388,107,0.0004,119.669,15.036,559,outlier,inp,
51dbd4831b5ae5bdd0efa30e51e345a7d2ee66df,head,home,3,6,1149.8547,95,0.0003,96.152,12.147,541,ok,,
51dbd4831b5ae5bdd0efa30e51e345a7d2ee66df,head,home,4,9,1278.4306,100,0.0004,95.038,9.649,597,ok,,
c4c064982f3aaab0a24b70d5738d11c17da581e6,base,home,0,0,1188.9036,92,0.0004,91.249,9.83,559,ok,,
c4c064982f3aaab0a24b70d5738d11c17da581e6,base,home,1,3,969.1947,83,0.0005,99.083,8.512,2036,outlier,lcpObs,
c4c064982f3aaab0a24b70d5738d11c17da581e6,base,home,2,4,1129.8389,90,0.0004,94.395,8.394,541,ok,,
c4c064982f3aaab0a24b70d5738d11c17da581e6,base,home,3,7,1139.1495,82,0.0004,106.853,39.369,542,ok,,
c4c064982f3aaab0a24b70d5738d11c17da581e6,base,home,4,8,1215.0059,88.0,0.0004,94.453,10.82,559,ok,,
c4c064982f3aaab0a24b70d5738d11c17da581e6,head,home,0,1,1136.1511,90.0,0.0004,106.26,8.583,539,ok,,
c4c064982f3aaab0a24b70d5738d11c17da581e6,head,home,1,2,1694.5967,93,0.0004,94.377,11.155,630,outlier,lcp;lcpObs,
c4c064982f3aaab0a24b70d5738d11c17da581e6,head,home,2,5,1223.7319,83,0.0004,120.061,17.393,544,ok,,
c4c064982f3aaab0a24b70d5738d11c17da581e6,head,home,3,6,1210.0166,102,0.0004,94.114,8.986,543,ok,,
c4c064982f3aaab0a24b70d5738d11c17da581e6,head,home,4,9,1132.7233,102,0.0004,107.917,14.151,562,ok,,
35bb449a4bb66911a2e0d4b3a3a56d54b300f7ec,base,home,0,0,1205.9249,95,0.0005,93.271,8.15,558,ok,,
35bb449a4bb66911a2e0d4b3a3a56d54b300f7ec,base,home,1,3,1254.0855,91,0.0004,94.465,8.983,914,outlier,lcpObs,
35bb449a4bb66911a2e0d4b3a3a56d54b300f7ec,base,home,2,4,1213.462,91,0.0004,93.581,7.609,562,ok,,
35bb449a4bb66911a2e0d4b3a3a56d54b300f7ec,base,home,3,7,1231.9219,85,0.0004,93.153,15.549,577,ok,,
35bb449a4bb66911a2e0d4b3a3a56d54b300f7ec,base,home,4,8,1254.2945,76.0,0.0004,95.431,11.349,613,ok,,
35bb449a4bb66911a2e0d4b3a3a56d54b300f7ec,base,home,5,11,966.4461,69,0.0007,94.016,7.203,2034,outlier,lcpObs,
35bb449a4bb66911a2e0d4b3a3a56d54b300f7ec,base,home,6,12,1129.8075,86,0.0004,122.276,14.608,523,outlier,inp,
35bb449a4bb66911a2e0d4b3a3a56d54b300f7ec,base,home,7,15,1136.092,89.0,0.0004,94.157,15.381,560,ok,,
35bb449a4bb66911a2e0d4b3a3a56d54b300f7ec,base,home,8,16,1196.841,98,0.0004,92.508,7.987,561,ok,,
35bb449a4bb66911a2e0d4b3a3a56d54b300f7ec,base,home,9,19,1157.7218,107.0,0.0004,107.206,10.736,577,ok,,
35bb449a4bb66911a2e0d4b3a3a56d54b300f7ec,base,home,10,20,1132.2079,88.0,0.0004,93.057,9.387,594,ok,,
35bb449a4bb66911a2e0d4b3a3a56d54b300f7ec,base,home,11,23,1131.6951,94,0.0004,94.466,7.41,575,ok,,
35bb449a4bb66911a2e0d4b3a3a56d54b300f7ec,base,home,12,24,1148.4027,43,0.0004,94.49,7.784,948,outlier,tbt;lcpObs,
35bb449a4bb66911a2e0d4b3a3a56d54b300f7ec,base,home,13,27,1252.9676,78,0.0004,93.636,6.177,580,ok,,
35bb449a4bb66911a2e0d4b3a3a56d54b300f7ec,base,home,14,28,1216.8681,66,0.0004,97.34,7.368,596,ok,,
35bb449a4bb66911a2e0d4b3a3a56d54b300f7ec,head,home,0,1,1114.3629,86,0.0004,123.083,8.645,575,outlier,lcp,
35bb449a4bb66911a2e0d4b3a3a56d54b300f7ec,head,home,1,2,1215.5055,49,0.0004,94.405,10.531,596,outlier,tbt,
35bb449a4bb66911a2e0d4b3a3a56d54b300f7ec,head,home,2,5,1229.442,89,0.0004,97.403,10.168,560,ok,,
35bb449a4bb66911a2e0d4b3a3a56d54b300f7ec,head,home,3,6,1212.784,83.5,0.0004,121.925,14.564,577,ok,,
35bb449a4bb66911a2e0d4b3a3a56d54b300f7ec,head,home,4,9,1270.9427,84,0.0004,124.971,17.029,720,outlier,lcpObs,
35bb449a4bb66911a2e0d4b3a3a56d54b300f7ec,head,home,5,10,1213.5309,86,0.0004,94.028,12.172,574,ok,,
35bb449a4bb66911a2e0d4b3a3a56d54b300f7ec,head,home,6,13,1232.5092,103.0,0.0004,103.346,18.224,561,ok,,
35bb449a4bb66911a2e0d4b3a3a56d54b300f7ec,head,home,7,14,1147.0719,99,0.0004,124.665,11.543,526,outlier,lcp,
35bb449a4bb66911a2e0d4b3a3a56d54b300f7ec,head,home,8,17,1229.0099,85.0,0.0004,119.908,17.056,597,ok,,
35bb449a4bb66911a2e0d4b3a3a56d54b300f7ec,head,home,9,18,1214.6069,84.5,0.0004,123.17,15.996,577,ok,,
35bb449a4bb66911a2e0d4b3a3a56d54b300f7ec,head,home,10,21,1207.5325,102,0.0004,95.361,14.02,543,ok,,
35bb449a4bb66911a2e0d4b3a3a56d54b300f7ec,head,home,11,22,1206.3226,89,0.0004,94.371,15.965,542,ok,,
35bb449a4bb66911a2e0d4b3a3a56d54b300f7ec,head,home,12,25,1249.2824,80,0.0004,91.689,11.575,610,ok,,
35bb449a4bb66911a2e0d4b3a3a56d54b300f7ec,head,home,13,26,1220.1237,53.5,0.0004,120.677,15.394,613,outlier,tbt,
35bb449a4bb66911a2e0d4b3a3a56d54b300f7ec,head,home,14,29,1215.1849,56.0,0.0004,94.972,6.184,597,ok,,
298812e1d0cd1494debb9d30e90427d37c500482,base,home,0,0,1132.3701,92,0.0005,95.378,17.47,541,ok,,
298812e1d0cd1494debb9d30e90427d37c500482,base,home,1,3,1155.3922,90,0.0004,123.319,10.511,895,outlier,inp;lcpObs,
298812e1d0cd1494debb9d30e90427d37c500482,base,home,2,4,1293.8739,113,0.0004,94.92,9.113,612,outlier,lcp,
298812e1d0cd1494debb9d30e90427d37c500482,base,home,3,7,1134.8254,88,0.0004,93.447,10.184,559,ok,,
298812e1d0cd1494debb9d30e90427d37c500482,base,home,4,8,1216.8633,96,0.0004,95.012,9.419,596,ok,,
298812e1d0cd1494debb9d30e90427d37c500482,head,home,0,1,1115.0119,90.0,0.0004,93.939,15.171,580,outlier,lcp,
298812e1d0cd1494debb9d30e90427d37c500482,head,home,1,2,1282.1854,140,0.0004,94.738,9.497,643,outlier,tbt,
298812e1d0cd1494debb9d30e90427d37c500482,head,home,2,5,1315.0042,84.0,0.0004,93.95,9.968,815,ok,,
298812e1d0cd1494debb9d30e90427d37c500482,head,home,3,6,1283.9075,131,0.0004,93.358,9.471,627,outlier,tbt,
298812e1d0cd1494debb9d30e90427d37c500482,head,home,4,9,1138.1869,86.5,0.0004,98.676,13.803,561,ok,,
4dfb8a3f8eaf7722f5e133e270927e297d7aaa0e,base,home,0,0,1300.4328,61,0.0004,121.21,12.998,610,outlier,inp,
4dfb8a3f8eaf7722f5e133e270927e297d7aaa0e,base,home,1,3,1235.0739,88.0,0.0004,91.962,17.092,630,ok,,
4dfb8a3f8eaf7722f5e133e270927e297d7aaa0e,base,home,2,4,1152.3376,87,0.0004,95.379,8.453,540,ok,,
4dfb8a3f8eaf7722f5e133e270927e297d7aaa0e,base,home,3,7,1256.3349,68,0.0004,94.406,7.281,579,ok,,
4dfb8a3f8eaf7722f5e133e270927e297d7aaa0e,base,home,4,8,974.2331,89,0.0007,94.08,15.62,2038,outlier,lcpObs,
4dfb8a3f8eaf7722f5e133e270927e297d7aaa0e,head,home,0,1,1116.1466,92.0,0.0004,109.791,23.108,557,ok,,
4dfb8a3f8eaf7722f5e133e270927e297d7aaa0e,head,home,1,2,1211.4407,88.0,0.0004,95.676,8.636,560,ok,,
4dfb8a3f8eaf7722f5e133e270927e297d7aaa0e,head,home,2,5,1197.1315,97,0.0004,124.297,6.563,561,outlier,inp,
4dfb8a3f8eaf7722f5e133e270927e297d7aaa0e,head,home,3,6,1249.9699,88,0.0004,93.365,14.381,613,outlier,lcpObs,
4dfb8a3f8eaf7722f5e133e270927e297d7aaa0e,head,home,4,9,1115.5289,68,0.0004,94.143,9.418,606,ok,,
f7dcc893ea0f2d1061db614d3c2c7b43e256e7bc,base,home,0,0,1229.2545,86,0.0005,92.287,13.003,561,ok,,
f7dcc893ea0f2d1061db614d3c2c7b43e256e7bc,base,home,1,3,1139.1014,79.0,0.0004,124.116,14.987,580,ok,,
f7dcc893ea0f2d1061db614d3c2c7b43e256e7bc,base,home,2,4,1196.473,96,0.0004,94.352,7.976,559,ok,,
f7dcc893ea0f2d1061db614d3c2c7b43e256e7bc,base,home,3,7,1213.6055,71.0,0.0004,123.415,13.965,560,ok,,
f7dcc893ea0f2d1061db614d3c2c7b43e256e7bc,base,home,4,8,1191.0511,65.0,0.0004,98.874,7.984,592,ok,,
f7dcc893ea0f2d1061db614d3c2c7b43e256e7bc,head,home,0,1,1213.5244,69,0.0004,120.294,16.22,615,outlier,inp,
f7dcc893ea0f2d1061db614d3c2c7b43e256e7bc,head,home,1,2,1247.3606,77,0.0004,92.676,10.338,594,ok,,
f7dcc893ea0f2d1061db614d3c2c7b43e256e7bc,head,home,2,5,1257.4351,93.0,0.0004,94.403,10.44,574,ok,,
f7dcc893ea0f2d1061db614d3c2c7b43e256e7bc,head,home,3,6,1134.9999,91.0,0.0004,94.347,15.382,611,ok,,
f7dcc893ea0f2d1061db614d3c2c7b43e256e7bc,head,home,4,9,1222.0222,83,0.0004,93.055,7.381,593,ok,,
d92a84903887078449bf4e4bab9fa307169b28b6,base,home,0,0,1307.2626,68.0,0.0004,93.803,23.096,947,outlier,lcp;lcpObs,
d92a84903887078449bf4e4bab9fa307169b28b6,base,home,1,3,1129.1444,66.0,0.0004,95,13.557,540,ok,,
d92a84903887078449bf4e4bab9fa307169b28b6,base,home,2,4,1134.4473,76,0.0004,94.861,19.278,595,ok,,
d92a84903887078449bf4e4bab9fa307169b28b6,base,home,3,7,1209.6179,72,0.0004,95.444,15.578,595,ok,,
d92a84903887078449bf4e4bab9fa307169b28b6,base,home,4,8,1117.2348,91,0.0004,93.191,20.424,581,ok,,
d92a84903887078449bf4e4bab9fa307169b28b6,head,home,0,1,1195.1701,67,0.0004,94.593,8.399,558,ok,,
d92a84903887078449bf4e4bab9fa307169b28b6,head,home,1,2,1251.0239,86,0.0004,99.425,12.419,576,ok,,
d92a84903887078449bf4e4bab9fa307169b28b6,head,home,2,5,1214.2121,101,0.0004,97.301,8.163,591,ok,,
d92a84903887078449bf4e4bab9fa307169b28b6,head,home,3,6,1218.6351,85,0.0004,123.001,17.025,543,outlier,inp,
d92a84903887078449bf4e4bab9fa307169b28b6,head,home,4,9,1135.0512,71,0.0004,93.529,7.704,526,ok,,
6b5fb30d699eaa4af5c82705a8bbe17c3727f6da,base,home,0,0,1194.1151,65,0.0004,93.889,14.687,611,ok,,
6b5fb30d699eaa4af5c82705a8bbe17c3727f6da,base,home,1,3,1127.7634,94,0.0004,107.577,13.962,523,ok,,
6b5fb30d699eaa4af5c82705a8bbe17c3727f6da,base,home,2,4,1130.4179,46.5,0.0004,92.672,15.436,554,outlier,tbt,
6b5fb30d699eaa4af5c82705a8bbe17c3727f6da,base,home,3,7,1195.9927,91.0,0.0004,98.893,9.926,561,ok,,
6b5fb30d699eaa4af5c82705a8bbe17c3727f6da,base,home,4,8,1256.1619,89,0.0004,95.084,15.619,596,ok,,
6b5fb30d699eaa4af5c82705a8bbe17c3727f6da,head,home,0,1,1219.3727,90.0,0.0004,95.447,15.811,591,ok,,
6b5fb30d699eaa4af5c82705a8bbe17c3727f6da,head,home,1,2,1211.9374,91.0,0.0004,120.935,11.973,544,ok,,
6b5fb30d699eaa4af5c82705a8bbe17c3727f6da,head,home,2,5,1234.3782,138,0.0004,93.387,9.948,590,outlier,tbt,
6b5fb30d699eaa4af5c82705a8bbe17c3727f6da,head,home,3,6,1195.4419,88,0.0004,113.841,14.19,578,ok,,
6b5fb30d699eaa4af5c82705a8bbe17c3727f6da,head,home,4,9,1300.3782,104,0.0004,124.319,14.391,943,outlier,lcp;lcpObs,
4ca5f53b1f74e7746c5d7b867f415cd9f5655a05,base,home,0,0,1232.8555,86,0.0004,94.264,8.411,610,ok,,
4ca5f53b1f74e7746c5d7b867f415cd9f5655a05,base,home,1,3,1274.072,96,0.0004,97.158,20.321,581,ok,,
4ca5f53b1f74e7746c5d7b867f415cd9f5655a05,base,home,2,4,972.7419,105,0.0005,92.819,14.149,2023,outlier,lcp;lcpObs,
4ca5f53b1f74e7746c5d7b867f415cd9f5655a05,base,home,3,7,1119.6699,81,0.0004,121.027,16.822,540,outlier,inp,
4ca5f53b1f74e7746c5d7b867f415cd9f5655a05,base,home,4,8,1228.738,82,0.0004,95.066,11.753,560,ok,,
4ca5f53b1f74e7746c5d7b867f415cd9f5655a05,head,home,0,1,1121.6338,87,0.0004,122.06,20.496,561,ok,,
4ca5f53b1f74e7746c5d7b867f415cd9f5655a05,head,home,1,2,1211.4114,68.0,0.0004,98.721,14.218,592,outlier,lcp,
4ca5f53b1f74e7746c5d7b867f415cd9f5655a05,head,home,2,5,1124.8255,44.5,0.0004,105.851,17.601,879,outlier,lcpObs,
4ca5f53b1f74e7746c5d7b867f415cd9f5655a05,head,home,3,6,1112.029,85,0.0005,94.427,13.791,610,ok,,
4ca5f53b1f74e7746c5d7b867f415cd9f5655a05,head,home,4,9,1207.4765,97,0.0004,92.957,9.223,561,outlier,lcp,
0a534f1bc688ad6c71954fef51a69407613efdbc,base,home,0,0,1196.228,69,0.0004,94.395,10.281,561,ok,,
0a534f1bc688ad6c71954fef51a69407613efdbc,base,home,1,3,1188.0286,87,0.0004,120.345,9.24,649,outlier,inp;lcpObs,
0a534f1bc688ad6c71954fef51a69407613efdbc,base,home,2,4,1230.2265,85,0.0004,121.058,22.045,562,outlier,inp,
0a534f1bc688ad6c71954fef51a69407613efdbc,base,home,3,7,1242.5691,86,0.0005,94.409,9.386,578,ok,,
0a534f1bc688ad6c71954fef51a69407613efdbc,base,home,4,8,1209.9876,83,0.0004,93.336,9.531,561,ok,,
0a534f1bc688ad6c71954fef51a69407613efdbc,head,home,0,1,971.4673,88.0,0.0007,93.131,9.143,2035,outlier,lcp;lcpObs,
0a534f1bc688ad6c71954fef51a69407613efdbc,head,home,1,2,1208.064,66.0,0.0004,112.474,18.831,595,ok,,
0a534f1bc688ad6c71954fef51a69407613efdbc,head,home,2,5,1219.3565,101,0.0004,93.398,7.987,612,ok,,
0a534f1bc688ad6c71954fef51a69407613efdbc,head,home,3,6,1252.1011,67.0,0.0004,94.127,8.398,579,ok,,
0a534f1bc688ad6c71954fef51a69407613efdbc,head,home,4,9,1185.9988,110,0.0004,93.321,12.235,526,ok,,
95d89a751a01c5dcf528fef6d7e5901a72a31f35,base,home,0,0,1150.0781,87,0.0004,94.963,10.676,611,ok,,
95d89a751a01c5dcf528fef6d7e5901a72a31f35,base,home,1,3,1243.3837,86,0.0004,94.317,11.551,574,ok,,
95d89a751a01c5dcf528fef6d7e5901a72a31f35,base,home,2,4,972.8805,85,0.0005,94.787,8.945,2039,outlier,lcp;lcpObs,
95d89a751a01c5dcf528fef6d7e5901a72a31f35,base,home,3,7,1218.9126,86,0.0004,124.462,20.026,876,outlier,inp;lcpObs,
95d89a751a01c5dcf528fef6d7e5901a72a31f35,base,home,4,8,1253.4315,72,0.0004,95.447,12.994,574,ok,,
95d89a751a01c5dcf528fef6d7e5901a72a31f35,head,home,0,1,1213.9031,80,0.0004,120.352,19.888,633,ok,,
95d89a751a01c5dcf528fef6d7e5901a72a31f35,head,home,1,2,1208.1303,73,0.0004,106.589,16.693,558,ok,,
95d89a751a01c5dcf528fef6d7e5901a72a31f35,head,home,2,5,1194.0044,90,0.0004,121.044,16.39,596,ok,,
95d89a751a01c5dcf528fef6d7e5901a72a31f35,head,home,3,6,1115.95,73,0.0004,97.269,10.45,594,outlier,lcp,
95d89a751a01c5dcf528fef6d7e5901a72a31f35,head,home,4,9,1193.9668,87,0.0004,94.54,8.552,542,ok,,
41a7613dffebd42e1ce41b440be081d4cced9d11,base,home,0,0,1264.9249,84,0.0004,97.694,9.996,751,outlier,lcp;lcpObs,
41a7613dffebd42e1ce41b440be081d4cced9d11,base,home,1,3,1231.6899,86,0.0004,95.065,12.756,575,ok,,
41a7613dffebd42e1ce41b440be081d4cced9d11,base,home,2,4,1125.144,41.5,0.0004,94.616,7.156,524,outlier,tbt,
41a7613dffebd42e1ce41b440be081d4cced9d11,base,home,3,7,1137.4044,87.0,0.0004,120.821,11.32,540,outlier,inp,
41a7613dffebd42e1ce41b440be081d4cced9d11,base,home,4,8,1113.6206,86.0,0.0004,94.46,9.842,557,ok,,
41a7613dffebd42e1ce41b440be081d4cced9d11,head,home,0,1,1293.1147,69,0.0004,106.224,11.952,628,ok,,
41a7613dffebd42e1ce41b440be081d4cced9d11,head,home,1,2,1136.1765,92,0.0004,121.623,7.384,558,outlier,inp,
41a7613dffebd42e1ce41b440be081d4cced9d11,head,home,2,5,1219.3114,94,0.0004,93.386,16.407,579,ok,,
41a7613dffebd42e1ce41b440be081d4cced9d11,head,home,3,6,1128.1338,89.0,0.0004,97.712,13.625,542,ok,,
41a7613dffebd42e1ce41b440be081d4cced9d11,head,home,4,9,1193.6669,90,0.0004,93.918,16.042,916,outlier,lcpObs,
712f2675195ace8d507f563ec4306efe319b3c84,base,home,0,0,1239.9339,88,0.0004,94.485,19.229,611,ok,,
712f2675195ace8d507f563ec4306efe319b3c84,base,home,1,3,1259.0653,94,0.0004,97.837,13.957,593,ok,,
712f2675195ace8d507f563ec4306efe319b3c84,base,home,2,4,1130.5559,94,0.0004,123.092,42.076,578,outlier,inp,
712f2675195ace8d507f563ec4306efe319b3c84,base,home,3,7,1214.5134,47,0.0004,93.967,15.355,610,outlier,tbt,
712f2675195ace8d507f563ec4306efe319b3c84,base,home,4,8,1687.8443,64,0.0004,118.454,17.841,633,outlier,lcp;inp,
712f2675195ace8d507f563ec4306efe319b3c84,head,home,0,1,1116.9455,88,0.0004,94.951,18.992,523,outlier,inp,
712f2675195ace8d507f563ec4306efe319b3c84,head,home,1,2,1219.2171,80,0.0004,120.934,11.191,558,ok,,
712f2675195ace8d507f563ec4306efe319b3c84,head,home,2,5,1124.7783,87.0,0.0004,125.234,20.498,593,ok,,
712f2675195ace8d507f563ec4306efe319b3c84,head,home,3,6,1247.2534,79,0.0004,120.672,17.413,555,ok,,
712f2675195ace8d507f563ec4306efe319b3c84,head,home,4,9,1203.1818,62,0.0004,92.697,12.335,539,outlier,inp,
27522110df0207506b25a84fe8b421eb65593d59,base,home,0,0,1284.2235,64,0.0004,94.439,8.243,632,ok,,
27522110df0207506b25a84fe8b421eb65593d59,base,home,1,3,1133.6466,86,0.0004,120.452,11.787,560,outlier,inp,
27522110df0207506b25a84fe8b421eb65593d59,base,home,2,4,1310.3329,69,0.0004,92.716,16.197,983,outlier,lcpObs,
27522110df0207506b25a84fe8b421eb65593d59,base,home,3,7,1110.0307,66,0.0004,121.582,11.547,576,outlier,inp,
27522110df0207506b25a84fe8b421eb65593d59,base,home,4,8,964.0229,67.0,0.0005,94.981,11.73,2031,outlier,lcpObs,
27522110df0207506b25a84fe8b421eb65593d59,head,home,0,1,1122.9693,84,0.0004,95.446,11.859,594,outlier,inp,
27522110df0207506b25a84fe8b421eb65593d59,head,home,1,2,1243.8916,70,0.0004,119.303,8.715,561,ok,,
27522110df0207506b25a84fe8b421eb65593d59,head,home,2,5,1213.427,84,0.0004,121.333,19.859,611,ok,,
27522110df0207506b25a84fe8b421eb65593d59,head,home,3,6,1245.0981,112.0,0.0004,118.226,16.228,596,ok,,
27522110df0207506b25a84fe8b421eb65593d59,head,home,4,9,1189.9495,65,0.0005,94.194,10.372,595,outlier,inp,
91d36e9b81a5087b0000b8abc1bcdb3fadeb807f,base,home,0,0,1112.6592,85.0,0.0004,94.568,7.216,574,outlier,lcp,
91d36e9b81a5087b0000b8abc1bcdb3fadeb807f,base,home,1,3,1216.8727,95,0.0004,94.368,17.0,609,ok,,
91d36e9b81a5087b0000b8abc1bcdb3fadeb807f,base,home,2,4,1137.5375,77.0,0.0004,121.494,17.31,558,outlier,inp,
91d36e9b81a5087b0000b8abc1bcdb3fadeb807f,base,home,3,7,1231.7719,107,0.0004,96.627,12.343,1439,outlier,lcpObs,
91d36e9b81a5087b0000b8abc1bcdb3fadeb807f,base,home,4,8,1136.1705,105,0.0004,124.53,23.47,593,outlier,inp,
91d36e9b81a5087b0000b8abc1bcdb3fadeb807f,base,home,5,11,1211.7136,93,0.0004,96.025,19.841,574,ok,,
91d36e9b81a5087b0000b8abc1bcdb3fadeb807f,base,home,6,12,1216.1275,56,0.0004,94.182,16.573,560,ok,,
91d36e9b81a5087b0000b8abc1bcdb3fadeb807f,base,home,7,15,1211.0596,66,0.0004,119.447,18.417,560,outlier,inp,
91d36e9b81a5087b0000b8abc1bcdb3fadeb807f,base,home,8,16,973.5637,88,0.0005,94.834,10.163,2021,outlier,lcp;lcpObs,
91d36e9b81a5087b0000b8abc1bcdb3fadeb807f,base,home,9,19,1219.9206,107,0.0004,93.353,11.513,595,ok,,
91d36e9b81a5087b0000b8abc1bcdb3fadeb807f,base,home,10,20,1236.4081,69,0.0004,93.967,7.986,809,outlier,lcpObs,
91d36e9b81a5087b0000b8abc1bcdb3fadeb807f,base,home,11,23,1346.8095,43.5,0.0004,93.99,9.919,1013,outlier,lcp;lcpObs,
91d36e9b81a5087b0000b8abc1bcdb3fadeb807f,base,home,12,24,1210.546,74,0.0004,123.109,18.667,557,outlier,inp,
91d36e9b81a5087b0000b8abc1bcdb3fadeb807f,base,home,13,27,1134.2385,80,0.0004,119.996,9.941,524,outlier,inp,
91d36e9b81a5087b0000b8abc1bcdb3fadeb807f,base,home,14,28,1228.9691,63,0.0004,122.983,16.196,561,outlier,inp,
91d36e9b81a5087b0000b8abc1bcdb3fadeb807f,head,home,0,1,1241.8591,44,0.0004,120.96,9.363,626,outlier,inp,
91d36e9b81a5087b0000b8abc1bcdb3fadeb807f,head,home,1,2,1138.6269,93,0.0004,98.579,9.162,557,ok,,
91d36e9b81a5087b0000b8abc1bcdb3fadeb807f,head,home,2,5,1129.2236,81,0.0004,94.926,11.914,589,ok,,
91d36e9b81a5087b0000b8abc1bcdb3fadeb807f,head,home,3,6,1206.1995,44,0.0004,93.851,10.957,558,ok,,
91d36e9b81a5087b0000b8abc1bcdb3fadeb807f,head,home,4,9,1238.436,42,0.0005,92.985,7.388,577,ok,,
91d36e9b81a5087b0000b8abc1bcdb3fadeb807f,head,home,5,10,1215.378,74,0.0004,94.493,16.836,595,ok,,
91d36e9b81a5087b0000b8abc1bcdb3fadeb807f,head,home,6,13,1135.4636,89,0.0004,94.311,17.208,558,ok,,
91d36e9b81a5087b0000b8abc1bcdb3fadeb807f,head,home,7,14,1133.4194,101,0.0004,96.93,9.027,560,ok,,
91d36e9b81a5087b0000b8abc1bcdb3fadeb807f,head,home,8,17,1212.8975,93,0.0004,123.793,6.379,572,outlier,inp,
91d36e9b81a5087b0000b8abc1bcdb3fadeb807f,head,home,9,18,1250.3978,85,0.0004,97.527,15.629,596,ok,,
91d36e9b81a5087b0000b8abc1bcdb3fadeb807f,head,home,10,21,1131.6085,88,0.0004,94.112,15.957,579,ok,,
91d36e9b81a5087b0000b8abc1bcdb3fadeb807f,head,home,11,22,1212.6634,67.0,0.0004,93.93,10.214,542,ok,,
91d36e9b81a5087b0000b8abc1bcdb3fadeb807f,head,home,12,25,1211.6591,54,0.0004,92.762,18.264,575,ok,,
91d36e9b81a5087b0000b8abc1bcdb3fadeb807f,head,home,13,26,1135.5345,64.0,0.0004,98.828,10.524,578,ok,,
91d36e9b81a5087b0000b8abc1bcdb3fadeb807f,head,home,14,29,1210.7781,65.0,0.0004,121.17,10.043,649,outlier,inp,
4dc205537cf6a0d356a3d284697e4cc345346c18,base,home,0,0,1204.9596,42,0.0005,123.3,24.904,539,ok,,
4dc205537cf6a0d356a3d284697e4cc345346c18,base,home,1,3,1230.6895,68.0,0.0004,92.496,17.443,596,outlier,inp,
4dc205537cf6a0d356a3d284697e4cc345346c18,base,home,2,4,934.225,81,0.0005,94.44,12.214,2034,outlier,lcp;inp,
4dc205537cf6a0d356a3d284697e4cc345346c18,base,home,3,7,1180.4595,84,0.0004,119.136,17.165,874,ok,,
4dc205537cf6a0d356a3d284697e4cc345346c18,base,home,4,8,1239.6,93.0,0.0004,118.813,17.419,962,ok,,
4dc205537cf6a0d356a3d284697e4cc345346c18,head,home,0,1,1285.5674,66,0.0004,120.606,18.055,612,outlier,lcp,
4dc205537cf6a0d356a3d284697e4cc345346c18,head,home,1,2,1209.4594,120,0.0005,117.626,14.629,558,outlier,lcpObs,
4dc205537cf6a0d356a3d284697e4cc345346c18,head,home,2,5,1212.2771,68.0,0.0004,96.688,16.388,580,outlier,inp,
4dc205537cf6a0d356a3d284697e4cc345346c18,head,home,3,6,1200.1296,99,0.0004,119.67,8.15,611,ok,,
4dc205537cf6a0d356a3d284697e4cc345346c18,head,home,4,9,1206.3839,86,0.0004,93.898,8.755,611,outlier,inp,
87c87a9fb1b276988316444b82d0f335a45f03cc,base,home,0,0,1129.6281,68.0,0.0004,96.451,11.717,577,ok,,
87c87a9fb1b276988316444b82d0f335a45f03cc,base,home,1,3,1242.0779,94,0.0005,120.327,17.82,576,outlier,inp,
87c87a9fb1b276988316444b82d0f335a45f03cc,base,home,2,4,1209.196,52,0.0005,106.946,16.832,578,ok,,
87c87a9fb1b276988316444b82d0f335a45f03cc,base,home,3,7,1254.3541,75,0.0004,94.331,7.381,578,ok,,
87c87a9fb1b276988316444b82d0f335a45f03cc,base,home,4,8,1353.5505,90,0.0004,95.351,8.916,983,outlier,lcpObs,
87c87a9fb1b276988316444b82d0f335a45f03cc,head,home,0,1,1269.8309,94,0.0004,105.765,19.414,646,outlier,lcp;lcpObs,
87c87a9fb1b276988316444b82d0f335a45f03cc,head,home,1,2,1136.2899,123.5,0.0004,94.231,17.252,578,ok,,
87c87a9fb1b276988316444b82d0f335a45f03cc,head,home,2,5,1130.2555,69,0.0004,120.451,17.939,560,ok,,
87c87a9fb1b276988316444b82d0f335a45f03cc,head,home,3,6,1132.7748,96,0.0004,97.248,16.625,560,ok,,
87c87a9fb1b276988316444b82d0f335a45f03cc,head,home,4,9,1134.911,75,0.0005,109.145,9.944,525,ok,,
fc3e0620749bcc633201970021e7063347cc3820,base,home,0,0,1129.0315,65,0.0004,94.472,17.04,575,outlier,inp,
fc3e0620749bcc633201970021e7063347cc3820,base,home,1,3,1239.5275,76,0.0004,122.115,21.047,986,outlier,lcpObs,
fc3e0620749bcc633201970021e7063347cc3820,base,home,2,4,1128.6527,70.0,0.0004,121.496,10.765,591,ok,,
fc3e0620749bcc633201970021e7063347cc3820,base,home,3,7,1297.0389,90,0.0004,121.151,18.233,610,ok,,
fc3e0620749bcc633201970021e7063347cc3820,base,home,4,8,1219.0102,108.0,0.0004,91.345,14.379,698,outlier,inp,
fc3e0620749bcc633201970021e7063347cc3820,head,home,0,1,1220.5244,121,0.0004,94.33,10.351,559,outlier,inp,
fc3e0620749bcc633201970021e7063347cc3820,head,home,1,2,1197.5541,103.0,0.0004,122.39,12.163,576,ok,,
fc3e0620749bcc633201970021e7063347cc3820,head,home,2,5,1238.165,71.0,0.0004,97.067,9.56,749,outlier,inp;lcpObs,
fc3e0620749bcc633201970021e7063347cc3820,head,home,3,6,1199.5377,101,0.0004,121.434,18.999,593,ok,,
fc3e0620749bcc633201970021e7063347cc3820,head,home,4,9,1228.3277,91,0.0004,122.799,13.947,558,ok,,
db2911c6c4c0fa1cc0fe6e2d5e62195d5fbc6612,base,home,0,0,1174.6056,67,0.0004,114.607,11.096,574,ok,,
db2911c6c4c0fa1cc0fe6e2d5e62195d5fbc6612,base,home,1,3,1251.8024,90,0.0004,103.774,19.266,646,ok,,
db2911c6c4c0fa1cc0fe6e2d5e62195d5fbc6612,base,home,2,4,1351.7855,68.0,0.0004,110.937,19.858,1052,outlier,lcpObs,
db2911c6c4c0fa1cc0fe6e2d5e62195d5fbc6612,base,home,3,7,1110.2911,85.0,0.0004,94.433,8.612,560,ok,,
db2911c6c4c0fa1cc0fe6e2d5e62195d5fbc6612,base,home,4,8,1208.5844,78,0.0004,102.235,10.765,593,ok,,
db2911c6c4c0fa1cc0fe6e2d5e62195d5fbc6612,head,home,0,1,1114.029,48,0.0004,123.013,15.584,543,outlier,lcp,
db2911c6c4c0fa1cc0fe6e2d5e62195d5fbc6612,head,home,1,2,1209.8431,62,0.0004,120.653,12.37,594,ok,,
db2911c6c4c0fa1cc0fe6e2d5e62195d5fbc6612,head,home,2,5,1202.011,84,0.0004,100.674,9.895,629,ok,,
db2911c6c4c0fa1cc0fe6e2d5e62195d5fbc6612,head,home,3,6,1255.0342,104,0.0004,94.428,16.437,593,ok,,
db2911c6c4c0fa1cc0fe6e2d5e62195d5fbc6612,head,home,4,9,1226.7665,90,0.0004,95.324,9.422,557,ok,,
864353be5ff8b15489a63628c2708e453c83c642,base,home,0,0,1149.8428,85,0.0004,91.631,18.247,559,ok,,
864353be5ff8b15489a63628c2708e453c83c642,base,home,1,3,1219.8536,86,0.0004,119.675,25.95,593,ok,,
864353be5ff8b15489a63628c2708e453c83c642,base,home,2,4,1110.2714,88,0.0004,107.583,15.201,595,ok,,
864353be5ff8b15489a63628c2708e453c83c642,base,home,3,7,1345.8958,64,0.0004,108.436,16.422,1081,outlier,lcpObs,
864353be5ff8b15489a63628c2708e453c83c642,base,home,4,8,1208.3631,85,0.0004,124.251,33.035,543,ok,,
864353be5ff8b15489a63628c2708e453c83c642,head,home,0,1,1193.2876,47,0.0004,92.097,9.329,575,ok,,
864353be5ff8b15489a63628c2708e453c83c642,head,home,1,2,1141.8857,97,0.0004,97.504,10.958,595,ok,,
864353be5ff8b15489a63628c2708e453c83c642,head,home,2,5,1348.9168,84,0.0004,95.012,16.855,981,outlier,lcpObs,
864353be5ff8b15489a63628c2708e453c83c642,head,home,3,6,1255.1442,83,0.0004,93.574,11.764,577,ok,,
864353be5ff8b15489a63628c2708e453c83c642,head,home,4,9,1190.3264,65.0,0.0004,104.592,7.96,540,ok,,
5921ebc416bcd52af8a39e81b4198a34006de2c8,base,home,0,0,1236.6397,87,0.0004,104.3,22.887,611,ok,,
5921ebc416bcd52af8a39e81b4198a34006de2c8,base,home,1,3,1129.0724,86,0.0004,124.495,22.71,591,outlier,inp,
5921ebc416bcd52af8a39e81b4198a34006de2c8,base,home,2,4,1120.9804,62,0.0004,94.543,15.236,556,outlier,lcp,
5921ebc416bcd52af8a39e81b4198a34006de2c8,base,home,3,7,1215.8035,88,0.0005,93.515,19.023,591,ok,,
5921ebc416bcd52af8a39e81b4198a34006de2c8,base,home,4,8,1216.0419,79.0,0.0004,99.94,21.907,578,ok,,
5921ebc416bcd52af8a39e81b4198a34006de2c8,head,home,0,1,1232.2924,96.0,0.0004,122.633,8.173,593,ok,,
5921ebc416bcd52af8a39e81b4198a34006de2c8,head,home,1,2,1207.7252,85,0.0004,93.914,10.96,563,outlier,inp,
5921ebc416bcd52af8a39e81b4198a34006de2c8,head,home,2,5,1232.098,71,0.0003,122.058,6.381,597,ok,,
5921ebc416bcd52af8a39e81b4198a34006de2c8,head,home,3,6,1193.0869,69.0,0.0004,119.277,10.43,964,outlier,lcpObs,
5921ebc416bcd52af8a39e81b4198a34006de2c8,head,home,4,9,1252.581,62,0.0004,95.022,13.983,579,outlier,inp,
7cad3645a0acc5badc7d665b9346a2e02a3bb839,base,home,0,0,1111.68,87,0.0004,120.704,11.952,540,ok,,
7cad3645a0acc5badc7d665b9346a2e02a3bb839,base,home,1,3,1314.3043,90,0.0004,122.745,18.242,645,ok,,
7cad3645a0acc5badc7d665b9346a2e02a3bb839,base,home,2,4,1233.9251,105,0.0004,94.435,14.643,624,outlier,inp,
7cad3645a0acc5badc7d665b9346a2e02a3bb839,base,home,3,7,1223.721,90,0.0004,98.076,16.378,559,outlier,inp,
7cad3645a0acc5badc7d665b9346a2e02a3bb839,base,home,4,8,1176.5316,78.0,0.0004,121.372,19.647,560,ok,,
7cad3645a0acc5badc7d665b9346a2e02a3bb839,head,home,0,1,1235.1485,73,0.0004,93.83,7.393,562,ok,,
7cad3645a0acc5badc7d665b9346a2e02a3bb839,head,home,1,2,1129.4619,89,0.0004,94.379,10.557,540,ok,,
7cad3645a0acc5badc7d665b9346a2e02a3bb839,head,home,2,5,1203.7035,105,0.0004,108.779,15.785,540,outlier,tbt,
7cad3645a0acc5badc7d665b9346a2e02a3bb839,head,home,3,6,1204.5621,67,0.0004,96.477,9.016,560,ok,,
7cad3645a0acc5badc7d665b9346a2e02a3bb839,head,home,4,9,1249.7551,66,0.0004,107.628,14.833,594,ok,,
56c05b30999957430e6854825d3c6367b5bd3fec,base,home,0,0,1223.971,66.0,0.0004,121.893,20.896,649,ok,,
56c05b30999957430e6854825d3c6367b5bd3fec,base,home,1,3,1249.6801,89,0.0004,122.074,18.047,595,ok,,
56c05b30999957430e6854825d3c6367b5bd3fec,base,home,2,4,1195.7428,94.0,0.0004,108.513,18.001,610,ok,,
56c05b30999957430e6854825d3c6367b5bd3fec,base,home,3,7,1112.0747,84.0,0.0004,95.522,10.138,595,ok,,
56c05b30999957430e6854825d3c6367b5bd3fec,base,home,4,8,973.1611,88,0.0005,98.568,10.942,2023,outlier,lcpObs,
56c05b30999957430e6854825d3c6367b5bd3fec,head,home,0,1,1193.5944,70.0,0.0004,95.443,11.35,862,outlier,lcpObs,
56c05b30999957430e6854825d3c6367b5bd3fec,head,home,1,2,1278.8376,74,0.0004,149.449,70.692,610,outlier,inp;tbtFlow,
56c05b30999957430e6854825d3c6367b5bd3fec,head,home,2,5,1244.5698,109.0,0.0004,96.255,17.025,578,ok,,
56c05b30999957430e6854825d3c6367b5bd3fec,head,home,3,6,1225.5549,99,0.0004,94.318,10.742,557,ok,,
56c05b30999957430e6854825d3c6367b5bd3fec,head,home,4,9,1137.9311,88.0,0.0004,114.019,19.446,524,ok,,
ca1a4f25e70d90ff2a04851c1951f671b65258a9,base,home,0,0,1213.7364,67,0.0004,93.631,11.025,578,ok,,
ca1a4f25e70d90ff2a04851c1951f671b65258a9,base,home,1,3,1196.9571,71,0.0004,114.243,17.203,557,ok,,
ca1a4f25e70d90ff2a04851c1951f671b65258a9,base,home,2,4,1251.2631,68,0.0004,94.269,11.94,649,ok,,
ca1a4f25e70d90ff2a04851c1951f671b65258a9,base,home,3,7,1232.0146,65,0.0004,118.267,9.217,647,outlier,inp,
ca1a4f25e70d90ff2a04851c1951f671b65258a9,base,home,4,8,1135.5006,87,0.0005,93.091,12.157,559,ok,,
ca1a4f25e70d90ff2a04851c1951f671b65258a9,head,home,0,1,1150.5016,85,0.0004,93.859,11.545,538,ok,,
ca1a4f25e70d90ff2a04851c1951f671b65258a9,head,home,1,2,1134.0183,92,0.0004,93.899,11.141,545,ok,,
ca1a4f25e70d90ff2a04851c1951f671b65258a9,head,home,2,5,1221.4365,82,0.0004,126.367,7.366,576,outlier,inp,
ca1a4f25e70d90ff2a04851c1951f671b65258a9,head,home,3,6,1257.824,89.0,0.0004,93.579,8.641,613,ok,,
ca1a4f25e70d90ff2a04851c1951f671b65258a9,head,home,4,9,1230.2046,64,0.0004,120.53,8.611,579,outlier,inp,
469caadb878709980375569332d53d89c605eee2,base,home,0,0,1194.3144,93,0.0004,95.386,16.019,593,ok,,
469caadb878709980375569332d53d89c605eee2,base,home,1,3,963.531,69,0.0005,94.416,7.898,2039,outlier,lcp;lcpObs,
469caadb878709980375569332d53d89c605eee2,base,home,2,4,1254.4664,89,0.0004,113.551,15.945,597,outlier,lcp,
469caadb878709980375569332d53d89c605eee2,base,home,3,7,1190.7889,67.0,0.0004,93.092,16.832,1421,outlier,lcpObs,
469caadb878709980375569332d53d89c605eee2,base,home,4,8,1205.8866,84,0.0004,99.314,16.828,559,ok,,
469caadb878709980375569332d53d89c605eee2,head,home,0,1,1207.4679,65,0.0004,95.405,8.209,559,ok,,
469caadb878709980375569332d53d89c605eee2,head,home,1,2,1132.4418,90.0,0.0004,93.376,11.225,540,ok,,
469caadb878709980375569332d53d89c605eee2,head,home,2,5,1210.8699,63.0,0.0004,93.638,7.573,611,ok,,
469caadb878709980375569332d53d89c605eee2,head,home,3,6,1191.3814,85,0.0004,93.997,9.213,593,ok,,
469caadb878709980375569332d53d89c605eee2,head,home,4,9,1113.2204,72.0,0.0004,93.985,5.962,540,ok,,
08cd4c4f9ae3a02a8592de2c6e93764e6fcb1bb9,base,home,0,0,1117.7994,61,0.0004,93.311,17.46,577,ok,,
08cd4c4f9ae3a02a8592de2c6e93764e6fcb1bb9,base,home,1,3,1142.3826,102.0,0.0004,96.56,12.96,576,ok,,
08cd4c4f9ae3a02a8592de2c6e93764e6fcb1bb9,base,home,2,4,1210.7247,73.0,0.0005,94.423,16.992,628,ok,,
08cd4c4f9ae3a02a8592de2c6e93764e6fcb1bb9,base,home,3,7,1115.9745,84,0.0004,95.032,9.366,596,ok,,
08cd4c4f9ae3a02a8592de2c6e93764e6fcb1bb9,base,home,4,8,1249.7741,65,0.0004,94.181,14.797,563,ok,,
08cd4c4f9ae3a02a8592de2c6e93764e6fcb1bb9,head,home,0,1,1134.2599,44.5,0.0004,118.844,16.608,555,outlier,tbt;inp,
08cd4c4f9ae3a02a8592de2c6e93764e6fcb1bb9,head,home,1,2,1758.2627,95,0.0004,95.233,12.351,634,outlier,lcp,
08cd4c4f9ae3a02a8592de2c6e93764e6fcb1bb9,head,home,2,5,1197.8205,90,0.0004,95.491,14.396,611,ok,,
08cd4c4f9ae3a02a8592de2c6e93764e6fcb1bb9,head,home,3,6,1252.484,71,0.0004,98.614,13.823,665,ok,,
08cd4c4f9ae3a02a8592de2c6e93764e6fcb1bb9,head,home,4,9,1134.1725,96,0.0004,99.115,10.125,628,ok,,
d4e85a94805206176b7ae0af834d8145c1b6d693,base,home,0,0,1171.4725,65,0.0004,96.452,12.254,610,ok,,
d4e85a94805206176b7ae0af834d8145c1b6d693,base,home,1,3,1204.4693,89,0.0004,95.021,11.367,609,ok,,
d4e85a94805206176b7ae0af834d8145c1b6d693,base,home,2,4,1255.1047,66,0.0004,119.991,7.996,631,outlier,inp,
d4e85a94805206176b7ae0af834d8145c1b6d693,base,home,3,7,1213.1587,48.0,0.0004,94.004,23.929,575,ok,,
d4e85a94805206176b7ae0af834d8145c1b6d693,base,home,4,8,1233.6174,88,0.0004,94.653,14.169,596,ok,,
d4e85a94805206176b7ae0af834d8145c1b6d693,head,home,0,1,1258.7511,62.0,0.0004,120.744,16.266,612,outlier,lcp;inp,
d4e85a94805206176b7ae0af834d8145c1b6d693,head,home,1,2,1258.1858,91,0.0004,93.799,10.749,951,outlier,lcp;lcpObs,
d4e85a94805206176b7ae0af834d8145c1b6d693,head,home,2,5,1113.4376,63,0.0004,95.015,18.853,576,ok,,
d4e85a94805206176b7ae0af834d8145c1b6d693,head,home,3,6,1117.6545,88.0,0.0004,98.289,10.342,577,ok,,
d4e85a94805206176b7ae0af834d8145c1b6d693,head,home,4,9,1133.2548,67.0,0.0004,99.185,9.938,578,ok,,
d108053351a0c92e6a451f364b6c226c18cac3e4,base,home,0,0,1209.3238,83,0.0004,93.019,13.639,630,ok,,
d108053351a0c92e6a451f364b6c226c18cac3e4,base,home,1,3,1295.9014,71.0,0.0004,95.41,12.761,665,ok,,
d108053351a0c92e6a451f364b6c226c18cac3e4,base,home,2,4,1244.6132,45.0,0.0004,119.553,11.532,578,outlier,inp,
d108053351a0c92e6a451f364b6c226c18cac3e4,base,home,3,7,1133.864,68,0.0004,100.106,10.221,520,ok,,
d108053351a0c92e6a451f364b6c226c18cac3e4,base,home,4,8,1117.6319,85,0.0004,94.827,16.583,666,ok,,
d108053351a0c92e6a451f364b6c226c18cac3e4,head,home,0,1,1108.7917,67,0.0004,93.451,8.894,633,outlier,lcpObs,
d108053351a0c92e6a451f364b6c226c18cac3e4,head,home,1,2,1131.3321,84,0.0004,123.002,22.117,562,outlier,inp,
d108053351a0c92e6a451f364b6c226c18cac3e4,head,home,2,5,1191.9951,85,0.0004,96.883,9.262,557,outlier,lcp,
d108053351a0c92e6a451f364b6c226c18cac3e4,head,home,3,6,1133.7998,88,0.0004,98.515,13.232,541,ok,,
d108053351a0c92e6a451f364b6c226c18cac3e4,head,home,4,9,1123.0352,80,0.0004,119.482,19.234,559,ok,,
9e77373c81b9454a958b9481f1b47a745af40bc8,base,home,0,0,1256.4046,73,0.0004,91.941,15.819,561,ok,,
9e77373c81b9454a958b9481f1b47a745af40bc8,base,home,1,3,1210.1772,98,0.0004,94.639,13.808,595,ok,,
9e77373c81b9454a958b9481f1b47a745af40bc8,base,home,2,4,1213.1456,100,0.0004,120.494,17.801,611,outlier,inp,
9e77373c81b9454a958b9481f1b47a745af40bc8,base,home,3,7,1133.9509,90,0.0004,93.384,15.587,542,ok,,
9e77373c81b9454a958b9481f1b47a745af40bc8,base,home,4,8,1126.7632,83,0.0004,94.904,13.005,579,ok,,
9e77373c81b9454a958b9481f1b47a745af40bc8,head,home,0,1,1245.5609,46,0.0004,120.817,11.218,698,outlier,inp,
9e77373c81b9454a958b9481f1b47a745af40bc8,head,home,1,2,1131.7069,70,0.0004,94.024,16.648,578,ok,,
9e77373c81b9454a958b9481f1b47a745af40bc8,head,home,2,5,1231.831,84,0.0004,118.897,14.576,575,outlier,inp,
9e77373c81b9454a958b9481f1b47a745af40bc8,head,home,3,6,1219.906,81,0.0004,92.824,10.323,648,ok,,
9e77373c81b9454a958b9481f1b47a745af40bc8,head,home,4,9,1133.0675,99,0.0004,94.429,14.391,754,ok,,
0d4abd1ddc9b2c0156bb40d5aadfcd982958a2f1,base,home,0,0,1122.7753,65,0.0004,94.024,14.852,645,ok,,
0d4abd1ddc9b2c0156bb40d5aadfcd982958a2f1,base,home,1,3,1238.7181,67,0.0004,94.098,16.249,596,ok,,
0d4abd1ddc9b2c0156bb40d5aadfcd982958a2f1,base,home,2,4,1117.9545,77.0,0.0004,118.353,12.327,663,outlier,inp,
0d4abd1ddc9b2c0156bb40d5aadfcd982958a2f1,base,home,3,7,1199.7986,71,0.0005,98.428,10.13,2019,outlier,lcpObs,
0d4abd1ddc9b2c0156bb40d5aadfcd982958a2f1,base,home,4,8,1217.0949,79,0.0004,93.919,7.168,705,ok,,
0d4abd1ddc9b2c0156bb40d5aadfcd982958a2f1,head,home,0,1,1134.1029,41.5,0.0004,94.495,20.652,575,ok,,
0d4abd1ddc9b2c0156bb40d5aadfcd982958a2f1,head,home,1,2,973.0639,71,0.0007,94.48,18.884,2033,outlier,lcpObs,
0d4abd1ddc9b2c0156bb40d5aadfcd982958a2f1,head,home,2,5,1190.8934,86,0.0004,95.357,9.501,577,ok,,
0d4abd1ddc9b2c0156bb40d5aadfcd982958a2f1,head,home,3,6,1173.2917,74.0,0.0004,95.414,16.219,559,ok,,
0d4abd1ddc9b2c0156bb40d5aadfcd982958a2f1,head,home,4,9,1129.1647,89,0.0004,93.969,13.785,582,ok,,
a7b64f02b374e44e8eb20159901db4fb557b4ede,base,home,0,0,1291.8349,80,0.0004,94.321,27.821,610,ok,,
a7b64f02b374e44e8eb20159901db4fb557b4ede,base,home,1,3,1213.8454,88,0.0004,104.255,17.445,577,ok,,
a7b64f02b374e44e8eb20159901db4fb557b4ede,base,home,2,4,1125.274,64,0.0004,120.541,22.414,774,outlier,lcpObs,
a7b64f02b374e44e8eb20159901db4fb557b4ede,base,home,3,7,1123.6917,84.0,0.0004,93.852,10.616,539,ok,,
a7b64f02b374e44e8eb20159901db4fb557b4ede,base,home,4,8,1204.604,66,0.0004,122.113,46.58,558,ok,,
a7b64f02b374e44e8eb20159901db4fb557b4ede,head,home,0,1,1209.1529,89,0.0004,92.971,10.356,579,ok,,
a7b64f02b374e44e8eb20159901db4fb557b4ede,head,home,1,2,1243.0731,66,0.0004,108.675,13.211,591,ok,,
a7b64f02b374e44e8eb20159901db4fb557b4ede,head,home,2,5,1277.4093,91,0.0004,119.465,13.539,573,ok,,
a7b64f02b374e44e8eb20159901db4fb557b4ede,head,home,3,6,1131.8324,84.0,0.0004,115.369,14.166,630,ok,,
a7b64f02b374e44e8eb20159901db4fb557b4ede,head,home,4,9,1215.6357,66,0.0004,93.992,15.474,598,ok,,
18808481fdbe665fe5e37cb07b80148efcc03dc2,base,home,0,0,1248.9926,63,0.0005,92.708,11.67,613,ok,,
18808481fdbe665fe5e37cb07b80148efcc03dc2,base,home,1,3,1260.6429,89,0.0004,118.7,19.643,576,outlier,inp,
18808481fdbe665fe5e37cb07b80148efcc03dc2,base,home,2,4,1195.2783,52,0.0005,119.758,19.261,576,outlier,inp,
18808481fdbe665fe5e37cb07b80148efcc03dc2,base,home,3,7,1239.5515,84,0.0004,93.907,18.666,578,ok,,
18808481fdbe665fe5e37cb07b80148efcc03dc2,base,home,4,8,1198.3186,76,0.0004,93.595,15.469,558,ok,,
18808481fdbe665fe5e37cb07b80148efcc03dc2,base,home,5,11,1117.2755,98.0,0.0004,121.331,21.441,578,outlier,inp,
18808481fdbe665fe5e37cb07b80148efcc03dc2,base,home,6,12,1129.9995,73,0.0004,94.051,10.358,576,ok,,
18808481fdbe665fe5e37cb07b80148efcc03dc2,base,home,7,15,1114.4257,85.0,0.0004,95.029,12.752,628,outlier,lcpObs,
18808481fdbe665fe5e37cb07b80148efcc03dc2,base,home,8,16,1193.4698,86,0.0004,120.936,12.176,560,outlier,inp,
18808481fdbe665fe5e37cb07b80148efcc03dc2,base,home,9,19,1193.104,47.0,0.0005,95.045,21.041,631,outlier,lcpObs,
18808481fdbe665fe5e37cb07b80148efcc03dc2,base,home,10,20,1132.6078,86,0.0004,121.405,14.375,579,outlier,inp,
18808481fdbe665fe5e37cb07b80148efcc03dc2,base,home,11,23,1253.698,47,0.0004,119.998,19.903,593,outlier,inp,
18808481fdbe665fe5e37cb07b80148efcc03dc2,base,home,12,24,1132.0545,45.5,0.0004,98.516,14.997,573,ok,,
18808481fdbe665fe5e37cb07b80148efcc03dc2,base,home,13,27,1226.3159,93,0.0004,95.51,6.991,558,ok,,
18808481fdbe665fe5e37cb07b80148efcc03dc2,base,home,14,28,1213.5905,72,0.0004,92.2,15.023,576,ok,,
18808481fdbe665fe5e37cb07b80148efcc03dc2,head,home,0,1,1121.6618,93,0.0004,94.395,15.026,591,ok,,
18808481fdbe665fe5e37cb07b80148efcc03dc2,head,home,1,2,1231.4201,93,0.0004,118.57,19.424,984,outlier,inp;lcpObs,
18808481fdbe665fe5e37cb07b80148efcc03dc2,head,home,2,5,1138.2141,96.0,0.0004,122.397,24.769,543,outlier,inp,
18808481fdbe665fe5e37cb07b80148efcc03dc2,head,home,3,6,1191.387,85,0.0004,95.186,8.34,592,ok,,
18808481fdbe665fe5e37cb07b80148efcc03dc2,head,home,4,9,1264.5498,93,0.0004,94.049,14.811,1038,outlier,lcpObs,
18808481fdbe665fe5e37cb07b80148efcc03dc2,head,home,5,10,1171.6762,86,0.0004,95.444,12.698,592,ok,,
18808481fdbe665fe5e37cb07b80148efcc03dc2,head,home,6,13,1132.5321,67,0.0005,119.291,20.978,579,outlier,inp,
18808481fdbe665fe5e37cb07b80148efcc03dc2,head,home,7,14,1207.9799,83,0.0004,94.615,8.785,592,ok,,
18808481fdbe665fe5e37cb07b80148efcc03dc2,head,home,8,17,1116.4124,99.0,0.0004,93.754,15.184,596,ok,,
18808481fdbe665fe5e37cb07b80148efcc03dc2,head,home,9,18,974.8922,71,0.0007,94.074,16.009,2019,outlier,lcp;lcpObs,
18808481fdbe665fe5e37cb07b80148efcc03dc2,head,home,10,21,1214.6251,46,0.0004,93.055,13.134,893,outlier,tbt;lcpObs,
18808481fdbe665fe5e37cb07b80148efcc03dc2,head,home,11,22,1146.5194,89,0.0004,122.458,20.851,575,outlier,inp,
18808481fdbe665fe5e37cb07b80148efcc03dc2,head,home,12,25,1211.6509,48.0,0.0004,93.973,12.563,580,outlier,tbt,
18808481fdbe665fe5e37cb07b80148efcc03dc2,head,home,13,26,1130.2781,86,0.0004,122.196,16.174,557,outlier,inp,
18808481fdbe665fe5e37cb07b80148efcc03dc2,head,home,14,29,1143.1611,103,0.0004,94.197,20.032,581,ok,,
f42e1ab64efc79ad23babb1184f2750394d4045a,base,home,0,0,1212.8635,66,0.0004,119.924,13.96,698,outlier,inp,
f42e1ab64efc79ad23babb1184f2750394d4045a,base,home,1,3,1220.9987,131,0.0004,97.228,13.882,575,ok,,
f42e1ab64efc79ad23babb1184f2750394d4045a,base,home,2,4,1139.1096,97,0.0004,93.125,19.67,642,outlier,lcp,
f42e1ab64efc79ad23babb1184f2750394d4045a,base,home,3,7,1121.9171,45.5,0.0004,94.04,14.561,524,outlier,lcp,
f42e1ab64efc79ad23babb1184f2750394d4045a,base,home,4,8,1207.5002,84,0.0004,95.457,12.988,562,ok,,
f42e1ab64efc79ad23babb1184f2750394d4045a,head,home,0,1,1131.3734,83,0.0004,94.056,6.575,615,ok,,
f42e1ab64efc79ad23babb1184f2750394d4045a,head,home,1,2,1247.328,82,0.0004,93.925,16.402,577,outlier,lcp,
f42e1ab64efc79ad23babb1184f2750394d4045a,head,home,2,5,1131.518,63.5,0.0004,120.375,21.474,575,outlier,inp,
f42e1ab64efc79ad23babb1184f2750394d4045a,head,home,3,6,1133.2812,90,0.0004,93.509,19.668,557,ok,,
f42e1ab64efc79ad23babb1184f2750394d4045a,head,home,4,9,1147.3839,70,0.0004,122.759,15.439,931,outlier,inp;lcpObs,
9f3fdf55054827507ca324129436d23490789144,base,home,0,0,1207.671,49.0,0.0004,120.701,10.652,538,outlier,lcp;tbt;inp,
9f3fdf55054827507ca324129436d23490789144,base,home,1,3,1134.5025,93,0.0004,94.411,16.613,648,ok,,
9f3fdf55054827507ca324129436d23490789144,base,home,2,4,1206.634,98,0.0004,103.704,12.198,574,outlier,lcp,
9f3fdf55054827507ca324129436d23490789144,base,home,3,7,1133.4471,87,0.0004,92.174,11.773,592,ok,,
9f3fdf55054827507ca324129436d23490789144,base,home,4,8,1128.6355,89,0.0004,96.969,14.596,612,ok,,
9f3fdf55054827507ca324129436d23490789144,head,home,0,1,1237.7724,66,0.0004,94.414,8.574,596,ok,,
9f3fdf55054827507ca324129436d23490789144,head,home,1,2,1129.9924,94,0.0004,109.505,54.337,577,outlier,tbtFlow,
9f3fdf55054827507ca324129436d23490789144,head,home,2,5,971.8521,69,0.0007,93.9,16.04,2038,outlier,lcpObs,
9f3fdf55054827507ca324129436d23490789144,head,home,3,6,1213.4856,103,0.0004,94.885,9.765,557,ok,,
9f3fdf55054827507ca324129436d23490789144,head,home,4,9,1141.9838,97,0.0004,98.679,7.591,560,ok,,
f0458cc216ceabb6f0f202c78aec5729d01883da,base,home,0,0,1191.3528,86,0.0004,95.342,15.039,612,ok,,
f0458cc216ceabb6f0f202c78aec5729d01883da,base,home,1,3,1268.1486,46.0,0.0004,92.995,9.517,1001,outlier,tbt;lcpObs,
f0458cc216ceabb6f0f202c78aec5729d01883da,base,home,2,4,1130.666,81,0.0004,92.965,14.977,579,ok,,
f0458cc216ceabb6f0f202c78aec5729d01883da,base,home,3,7,1131.1267,97,0.0004,96.41,9.021,554,ok,,
f0458cc216ceabb6f0f202c78aec5729d01883da,base,home,4,8,1210.5919,88,0.0004,95.945,9.814,558,ok,,
f0458cc216ceabb6f0f202c78aec5729d01883da,head,home,0,1,995.3029,100,0.0007,120.833,18.25,2036,outlier,lcp;inp;lcpObs,
f0458cc216ceabb6f0f202c78aec5729d01883da,head,home,1,2,1119.779,67,0.0004,95.395,9.196,558,outlier,lcp,
f0458cc216ceabb6f0f202c78aec5729d01883da,head,home,2,5,1210.9574,45.5,0.0005,95.452,15.006,611,ok,,
f0458cc216ceabb6f0f202c78aec5729d01883da,head,home,3,6,1230.1427,76,0.0004,121.951,15.751,599,outlier,inp,
f0458cc216ceabb6f0f202c78aec5729d01883da,head,home,4,9,1223.9451,85.0,0.0005,94.452,18.439,665,ok,,
84e96e939358a559bcef3863670bcf55874cd14b,base,home,0,0,1172.8153,78.5,0.0004,149.02,142.369,555,ok,,
84e96e939358a559bcef3863670bcf55874cd14b,base,home,1,3,1234.5579,117,0.0004,115.845,107.357,657,ok,,
84e96e939358a559bcef3863670bcf55874cd14b,base,home,2,4,1219.6281,93,0.0004,182.013,179.215,589,ok,,
84e96e939358a559bcef3863670bcf55874cd14b,base,home,3,7,1145.3547,98,0.0004,219.204,306.525,563,outlier,inp;tbtFlow,
84e96e939358a559bcef3863670bcf55874cd14b,base,home,4,8,1017.8555,133,0.0005,152.029,273.205,2020,outlier,lcpObs,
84e96e939358a559bcef3863670bcf55874cd14b,base,home,5,11,1283.5738,92,0.0004,119.878,110.994,610,ok,,
84e96e939358a559bcef3863670bcf55874cd14b,base,home,6,12,1322.9191,157,0.0004,124.139,137.703,608,outlier,tbt,
84e96e939358a559bcef3863670bcf55874cd14b,base,home,7,15,1277.8154,96,0.0004,119.606,128.438,578,ok,,
84e96e939358a559bcef3863670bcf55874cd14b,base,home,8,16,1166.6593,109,0.0004,139.583,152.126,712,outlier,lcpObs,
84e96e939358a559bcef3863670bcf55874cd14b,base,home,9,19,1280.1202,102.5,0.0004,107.109,69.914,679,ok,,
84e96e939358a559bcef3863670bcf55874cd14b,base,home,10,20,1154.4843,111,0.0004,139.825,165.647,553,ok,,
84e96e939358a559bcef3863670bcf55874cd14b,base,home,11,23,1320.9595,132.2081,0.0004,113.835,168.657,665,ok,,
84e96e939358a559bcef3863670bcf55874cd14b,base,home,12,24,1234.8675,70.5,0.0004,115.748,86.979,568,ok,,
84e96e939358a559bcef3863670bcf55874cd14b,base,home,13,27,1234.2417,134.0,0.0004,107.643,45.208,576,ok,,
84e96e939358a559bcef3863670bcf55874cd14b,base,home,14,28,1198.3918,92.0,0.0004,147.313,159.532,576,ok,,
84e96e939358a559bcef3863670bcf55874cd14b,head,home,0,1,1310.5684,87.0,0.0004,169.23,284.49,648,ok,,
84e96e939358a559bcef3863670bcf55874cd14b,head,home,1,2,1283.0419,128,0.0004,138.83,161.102,530,ok,,
84e96e939358a559bcef3863670bcf55874cd14b,head,home,2,5,1293.4041,165,0.0004,114.663,108.694,615,ok,,
84e96e939358a559bcef3863670bcf55874cd14b,head,home,3,6,1218.746,104,0.0004,109.188,82.161,544,ok,,
84e96e939358a559bcef3863670bcf55874cd14b,head,home,4,9,1432.3126,230,0.0004,119.462,136.348,769,outlier,lcp;lcpObs,
84e96e939358a559bcef3863670bcf55874cd14b,head,home,5,10,1227.4205,202.5,0.0004,111.475,94.608,600,ok,,
84e96e939358a559bcef3863670bcf55874cd14b,head,home,6,13,1244.9276,131.5,0.0004,178.061,209.862,563,outlier,inp,
84e96e939358a559bcef3863670bcf55874cd14b,head,home,7,14,1265.6807,129.0,0.0004,131.017,152.584,584,ok,,
84e96e939358a559bcef3863670bcf55874cd14b,head,home,8,17,1275.3221,98,0.0004,137.637,125.639,565,ok,,
84e96e939358a559bcef3863670bcf55874cd14b,head,home,9,18,1337.4918,193,0.0004,134.517,205.004,601,ok,,
84e96e939358a559bcef3863670bcf55874cd14b,head,home,10,21,1151.9243,129,0.0004,129.804,104.013,605,ok,,
84e96e939358a559bcef3863670bcf55874cd14b,head,home,11,22,1176.9286,135,0.0004,114.223,59.929,578,ok,,
84e96e939358a559bcef3863670bcf55874cd14b,head,home,12,25,1186.9245,90,0.0004,106.988,54.959,578,ok,,
84e96e939358a559bcef3863670bcf55874cd14b,head,home,13,26,1208.0793,88,0.0004,96.795,52.335,575,ok,,
84e96e939358a559bcef3863670bcf55874cd14b,head,home,14,29,1224.8671,86,0.0004,108.458,70.244,573,ok,,
60512f13d51a6440809cf6f9d2ce84a76f74038c,base,home,0,0,1212.7148,70,0.0004,121.345,64.627,615,ok,,
60512f13d51a6440809cf6f9d2ce84a76f74038c,base,home,1,3,1264.1449,60,0.0004,107.027,71.422,617,ok,,
60512f13d51a6440809cf6f9d2ce84a76f74038c,base,home,2,4,1128.4049,95,0.0004,97.944,68.237,541,outlier,lcpObs,
60512f13d51a6440809cf6f9d2ce84a76f74038c,base,home,3,7,1277.1318,96,0.0004,111.269,47.831,666,outlier,lcpObs,
60512f13d51a6440809cf6f9d2ce84a76f74038c,base,home,4,8,1214.4415,76,0.0005,106.955,46.653,609,ok,,
60512f13d51a6440809cf6f9d2ce84a76f74038c,head,home,0,1,1220.2685,86,0.0004,165.885,135.64,636,outlier,inp;tbtFlow;lcpObs,
60512f13d51a6440809cf6f9d2ce84a76f74038c,head,home,1,2,1217.5909,81.0,0.0004,110.733,72.535,590,ok,,
60512f13d51a6440809cf6f9d2ce84a76f74038c,head,home,2,5,1214.4467,72,0.0004,98.196,53.294,572,ok,,
60512f13d51a6440809cf6f9d2ce84a76f74038c,head,home,3,6,1122.7189,76.0,0.0004,101.039,77.116,580,outlier,lcp,
60512f13d51a6440809cf6f9d2ce84a76f74038c,head,home,4,9,1226.7021,97,0.0004,107.584,62.172,563,ok,,
320af405e9578d67443c6261d42fecb8d46e38ae,base,home,0,0,1258.1656,83.0,0.0004,96.351,53.189,605,outlier,tbtFlow,
320af405e9578d67443c6261d42fecb8d46e38ae,base,home,1,3,1273.1892,115.7622,0.0005,108.142,71.637,597,outlier,tbtFlow,
320af405e9578d67443c6261d42fecb8d46e38ae,base,home,2,4,1132.3578,94.0,0.0005,116.561,126.658,577,outlier,lcp,
320af405e9578d67443c6261d42fecb8d46e38ae,base,home,3,7,1179.1398,75.0,0.0004,120.442,138.809,599,ok,,
320af405e9578d67443c6261d42fecb8d46e38ae,base,home,4,8,1252.2313,60,0.0004,127.308,135.94,643,ok,,
320af405e9578d67443c6261d42fecb8d46e38ae,head,home,0,1,1134.3292,96.0,0.0004,92.897,23.094,566,outlier,lcp,
320af405e9578d67443c6261d42fecb8d46e38ae,head,home,1,2,1213.2309,65,0.0004,108.537,49.111,729,ok,,
320af405e9578d67443c6261d42fecb8d46e38ae,head,home,2,5,1261.9046,117.0,0.0004,127.407,165.588,578,ok,,
320af405e9578d67443c6261d42fecb8d46e38ae,head,home,3,6,1265.8926,145,0.0004,118.158,123.631,631,ok,,
320af405e9578d67443c6261d42fecb8d46e38ae,head,home,4,9,1243.0538,93,0.0004,112.357,71.817,630,ok,,
93c92d13e9ba6467a63292dabd335df7691cf45c,base,home,0,0,1124.1655,108.0,0.0004,89.089,31.038,577,ok,,
93c92d13e9ba6467a63292dabd335df7691cf45c,base,home,1,3,1252.9971,70,0.0004,107.98,98.425,547,ok,,
93c92d13e9ba6467a63292dabd335df7691cf45c,base,home,2,4,1234.1954,69.0,0.0004,115.677,84.042,1025,outlier,lcpObs,
93c92d13e9ba6467a63292dabd335df7691cf45c,base,home,3,7,1530.6709,193,0.0004,101.496,54.698,680,outlier,lcp;tbt,
93c92d13e9ba6467a63292dabd335df7691cf45c,base,home,4,8,1215.797,72,0.0004,112.364,139.321,560,ok,,
93c92d13e9ba6467a63292dabd335df7691cf45c,base,home,5,11,1262.2321,55,0.0004,102.118,47.803,628,ok,,
93c92d13e9ba6467a63292dabd335df7691cf45c,base,home,6,12,1135.0453,93,0.0004,97.521,52.21,560,ok,,
93c92d13e9ba6467a63292dabd335df7691cf45c,base,home,7,15,1248.8186,92,0.0004,112.522,51.787,570,ok,,
93c92d13e9ba6467a63292dabd335df7691cf45c,base,home,8,16,1220.7206,102,0.0004,106.027,56.71,593,ok,,
93c92d13e9ba6467a63292dabd335df7691cf45c,base,home,9,19,1194.943,87,0.0004,106.873,45.768,561,ok,,
93c92d13e9ba6467a63292dabd335df7691cf45c,base,home,10,20,1218.5905,85,0.0004,101.847,54.509,559,ok,,
93c92d13e9ba6467a63292dabd335df7691cf45c,base,home,11,23,1294.2784,120,0.0004,114.859,76.462,656,ok,,
93c92d13e9ba6467a63292dabd335df7691cf45c,base,home,12,24,1232.4846,98.0,0.0004,112.592,96.042,920,outlier,lcpObs,
93c92d13e9ba6467a63292dabd335df7691cf45c,base,home,13,27,1272.0584,126.1883,0.0004,180.395,217.626,647,outlier,inp;tbtFlow,
93c92d13e9ba6467a63292dabd335df7691cf45c,base,home,14,28,1301.2709,116.5458,0.0004,122.365,95.52,585,ok,,
93c92d13e9ba6467a63292dabd335df7691cf45c,head,home,0,1,1163.0411,100.0,0.0004,129.897,110.07,559,ok,,
93c92d13e9ba6467a63292dabd335df7691cf45c,head,home,1,2,1234.1976,102,0.0004,132.271,180.951,589,ok,,
93c92d13e9ba6467a63292dabd335df7691cf45c,head,home,2,5,1242.3778,73,0.0004,147.375,232.679,735,outlier,inp;tbtFlow;lcpObs,
93c92d13e9ba6467a63292dabd335df7691cf45c,head,home,3,6,1244.7515,101.5,0.0004,158.055,373.237,608,outlier,inp;tbtFlow,
93c92d13e9ba6467a63292dabd335df7691cf45c,head,home,4,9,1229.1829,120,0.0004,106.879,61.703,546,ok,,
93c92d13e9ba6467a63292dabd335df7691cf45c,head,home,5,10,1132.8601,94,0.0004,105.638,58.6,584,ok,,
93c92d13e9ba6467a63292dabd335df7691cf45c,head,home,6,13,1135.4594,91,0.0004,105.273,44.771,570,ok,,
93c92d13e9ba6467a63292dabd335df7691cf45c,head,home,7,14,1119.533,48,0.0004,115.947,74.459,570,outlier,tbt,
93c92d13e9ba6467a63292dabd335df7691cf45c,head,home,8,17,1225.2509,98,0.0004,101.53,61.246,564,ok,,
93c92d13e9ba6467a63292dabd335df7691cf45c,head,home,9,18,1223.2975,94,0.0004,112.047,52.075,693,outlier,lcpObs,
93c92d13e9ba6467a63292dabd335df7691cf45c,head,home,10,21,1214.551,100,0.0004,107.824,44.38,598,ok,,
93c92d13e9ba6467a63292dabd335df7691cf45c,head,home,11,22,1149.4634,93.5,0.0004,102.309,75.868,579,ok,,
93c92d13e9ba6467a63292dabd335df7691cf45c,head,home,12,25,1324.5951,84,0.0004,116.14,83.696,959,outlier,lcpObs,
93c92d13e9ba6467a63292dabd335df7691cf45c,head,home,13,26,1135.2844,85,0.0004,178.192,237.41,567,outlier,inp;tbtFlow,
93c92d13e9ba6467a63292dabd335df7691cf45c,head,home,14,29,1216.0756,77,0.0004,112.48,87.519,634,ok,,
058918f8e5406d036fff76bab9bbb2b5281547c9,base,home,0,0,1318.9932,73.0,0.0004,130.54,125.31,543,outlier,inp;tbtFlow,
058918f8e5406d036fff76bab9bbb2b5281547c9,base,home,1,3,1147.9713,87,0.0004,118.027,81.545,606,ok,,
058918f8e5406d036fff76bab9bbb2b5281547c9,base,home,2,4,1265.9985,70,0.0004,107.004,60.446,618,ok,,
058918f8e5406d036fff76bab9bbb2b5281547c9,base,home,3,7,1145.1668,116,0.0004,103.233,57.429,573,outlier,tbt,
058918f8e5406d036fff76bab9bbb2b5281547c9,base,home,4,8,1211.251,69,0.0005,102.667,69.126,564,ok,,
058918f8e5406d036fff76bab9bbb2b5281547c9,head,home,0,1,1306.6636,104.0,0.0004,124.166,132.744,605,ok,,
058918f8e5406d036fff76bab9bbb2b5281547c9,head,home,1,2,1152.586,94.0,0.0004,124.641,115.251,613,ok,,
058918f8e5406d036fff76bab9bbb2b5281547c9,head,home,2,5,1217.9848,73.0,0.0004,133.465,130.175,588,ok,,
058918f8e5406d036fff76bab9bbb2b5281547c9,head,home,3,6,1222.3496,131,0.0004,118.049,77.069,541,outlier,lcpObs,
058918f8e5406d036fff76bab9bbb2b5281547c9,head,home,4,9,1255.0401,105,0.0004,95.272,70.473,612,outlier,inp,
958597dfaa8604f5a1c27601e48f2f736788ffcf,base,home,0,0,1231.3477,104,0.0004,102.18,66.831,595,ok,,
958597dfaa8604f5a1c27601e48f2f736788ffcf,base,home,1,3,1152.6231,126.0,0.0004,116.958,108.291,628,ok,,
958597dfaa8604f5a1c27601e48f2f736788ffcf,base,home,2,4,1260.943,90,0.0004,126.707,92.322,620,ok,,
958597dfaa8604f5a1c27601e48f2f736788ffcf,base,home,3,7,1225.0813,55,0.0004,166.161,133.22,572,outlier,inp,
958597dfaa8604f5a1c27601e48f2f736788ffcf,base,home,4,8,1278.99,105,0.0004,110.519,64.825,571,ok,,
958597dfaa8604f5a1c27601e48f2f736788ffcf,head,home,0,1,1281.4286,73,0.0005,133.294,107.684,704,outlier,lcpObs,
958597dfaa8604f5a1c27601e48f2f736788ffcf,head,home,1,2,1291.9929,142.6014,0.0004,123.228,103.962,577,outlier,tbt,
958597dfaa8604f5a1c27601e48f2f736788ffcf,head,home,2,5,1214.1907,71,0.0004,105.046,66.131,558,ok,,
958597dfaa8604f5a1c27601e48f2f736788ffcf,head,home,3,6,1131.0536,78.0,0.0004,110.448,66.63,551,ok,,
958597dfaa8604f5a1c27601e48f2f736788ffcf,head,home,4,9,1138.3629,95,0.0004,117.392,94.638,598,ok,,
0a19c93509866c581b7cb842a03ad0690d17b82d,base,home,0,0,1148.0534,52.5,0.0004,105.386,32.629,540,ok,,
0a19c93509866c581b7cb842a03ad0690d17b82d,base,home,1,3,1125.1586,72,0.0004,113.734,75.218,549,ok,,
0a19c93509866c581b7cb842a03ad0690d17b82d,base,home,2,4,1227.9341,84.0,0.0004,108.208,84.54,594,ok,,
0a19c93509866c581b7cb842a03ad0690d17b82d,base,home,3,7,1145.0186,109,0.0004,105.299,67.666,575,ok,,
0a19c93509866c581b7cb842a03ad0690d17b82d,base,home,4,8,1117.4909,90.0,0.0004,98.296,58.483,579,ok,,
0a19c93509866c581b7cb842a03ad0690d17b82d,head,home,0,1,1228.3493,104,0.0004,103.385,74.706,679,ok,,
0a19c93509866c581b7cb842a03ad0690d17b82d,head,home,1,2,1152.7006,113,0.0005,102.659,73.553,605,ok,,
0a19c93509866c581b7cb842a03ad0690d17b82d,head,home,2,5,968.5975,94,0.0005,119.892,65.077,2021,outlier,lcp;lcpObs,
0a19c93509866c581b7cb842a03ad0690d17b82d,head,home,3,6,1215.71,104,0.0004,136.921,157.886,546,outlier,tbtFlow,
0a19c93509866c581b7cb842a03ad0690d17b82d,head,home,4,9,1198.7893,74,0.0004,110.072,54.819,555,ok,,
8e27de2cdc05ed969f2f547233eeb3ab2ffd2679,base,home,0,0,1317.9625,221.0075,0.0004,103.072,65.17,693,ok,,
8e27de2cdc05ed969f2f547233eeb3ab2ffd2679,base,home,1,3,1288.2489,122,0.0004,112.479,108.381,602,ok,,
8e27de2cdc05ed969f2f547233eeb3ab2ffd2679,base,home,2,4,1290.9048,131,0.0004,113.528,89.291,581,ok,,
8e27de2cdc05ed969f2f547233eeb3ab2ffd2679,base,home,3,7,1284.3922,95,0.0004,121.71,80.624,625,ok,,
8e27de2cdc05ed969f2f547233eeb3ab2ffd2679,base,home,4,8,1207.7944,69.0,0.0004,105.541,86.379,559,outlier,lcp,
8e27de2cdc05ed969f2f547233eeb3ab2ffd2679,head,home,0,1,1332.1984,192,0.0004,176.764,414.01,674,outlier,tbt;inp;tbtFlow;lcpObs,
8e27de2cdc05ed969f2f547233eeb3ab2ffd2679,head,home,1,2,1284.1163,102,0.0004,128.78,173.357,561,outlier,tbtFlow,
8e27de2cdc05ed969f2f547233eeb3ab2ffd2679,head,home,2,5,1147.8845,99,0.0004,105.892,73.788,587,ok,,
8e27de2cdc05ed969f2f547233eeb3ab2ffd2679,head,home,3,6,1258.5424,71,0.0004,112.509,81.4,570,ok,,
8e27de2cdc05ed969f2f547233eeb3ab2ffd2679,head,home,4,9,1248.3406,116,0.0004,111.81,78.74,557,ok,,
c1415004005d74961d43f7bc80cd0a3f2e1ab0cb,base,home,0,0,1223.3371,98,0.0004,90.407,38.634,561,outlier,tbtFlow,
c1415004005d74961d43f7bc80cd0a3f2e1ab0cb,base,home,1,3,1267.4869,91.0,0.0004,107.396,81.213,575,ok,,
c1415004005d74961d43f7bc80cd0a3f2e1ab0cb,base,home,2,4,1214.6604,87.0,0.0004,99.681,77.294,565,ok,,
c1415004005d74961d43f7bc80cd0a3f2e1ab0cb,base,home,3,7,1219.6703,66,0.0004,113.051,88.094,584,ok,,
c1415004005d74961d43f7bc80cd0a3f2e1ab0cb,base,home,4,8,1355.1191,93,0.0004,106.539,79.516,990,outlier,lcp;lcpObs,
c1415004005d74961d43f7bc80cd0a3f2e1ab0cb,head,home,0,1,1141.9365,78.0,0.0004,104.482,87.418,613,ok,,
c1415004005d74961d43f7bc80cd0a3f2e1ab0cb,head,home,1,2,1262.9493,96,0.0004,112.25,96.262,595,ok,,
c1415004005d74961d43f7bc80cd0a3f2e1ab0cb,head,home,2,5,1280.3509,102,0.0004,106.016,94.457,933,outlier,lcpObs,
c1415004005d74961d43f7bc80cd0a3f2e1ab0cb,head,home,3,6,1224.3055,84,0.0004,108.315,73.855,590,ok,,
c1415004005d74961d43f7bc80cd0a3f2e1ab0cb,head,home,4,9,1138.9945,106,0.0004,106.47,86.72,633,ok,,
258605d1d59c4f6f45ba4d0783d621dc6e73dbe3,base,home,0,0,1280.1531,125,0.0004,103.343,32.552,540,ok,,
258605d1d59c4f6f45ba4d0783d621dc6e73dbe3,base,home,1,3,982.9738,53.5,0.0005,136.131,176.985,2035,outlier,tbt;lcpObs,
258605d1d59c4f6f45ba4d0783d621dc6e73dbe3,base,home,2,4,1226.3096,85,0.0004,117.696,94.74,612,ok,,
258605d1d59c4f6f45ba4d0783d621dc6e73dbe3,base,home,3,7,1171.1971,113.2606,0.0004,104.789,50.908,564,ok,,
258605d1d59c4f6f45ba4d0783d621dc6e73dbe3,base,home,4,8,1369.8824,115,0.0004,158.805,231.26,1229,outlier,lcpObs,
258605d1d59c4f6f45ba4d0783d621dc6e73dbe3,head,home,0,1,1275.6203,161.0,0.0004,106.99,76.716,568,outlier,tbt,
258605d1d59c4f6f45ba4d0783d621dc6e73dbe3,head,home,1,2,1145.963,73.0,0.0004,111.858,85.346,558,ok,,
258605d1d59c4f6f45ba4d0783d621dc6e73dbe3,head,home,2,5,1237.84,69,0.0005,101.35,42.562,606,ok,,
258605d1d59c4f6f45ba4d0783d621dc6e73dbe3,head,home,3,6,1137.9243,77,0.0004,129.784,171.509,550,ok,,
258605d1d59c4f6f45ba4d0783d621dc6e73dbe3,head,home,4,9,1241.4371,119,0.0004,127.449,170.346,560,outlier,tbt,
4eadb891f87ffb8d2b2761b7fff843389cec8100,base,home,0,0,1309.1926,148.0,0.0004,117.304,111.384,606,outlier,tbtFlow,
4eadb891f87ffb8d2b2761b7fff843389cec8100,base,home,1,3,1253.8069,116.0,0.0004,129.636,172.099,570,ok,,
4eadb891f87ffb8d2b2761b7fff843389cec8100,base,home,2,4,1273.3085,93,0.0004,108.019,56.442,555,outlier,tbtFlow,
4eadb891f87ffb8d2b2761b7fff843389cec8100,base,home,3,7,1375.8495,108,0.0004,139.337,173.525,621,ok,,
4eadb891f87ffb8d2b2761b7fff843389cec8100,base,home,4,8,968.8031,60,0.0005,145.205,174.313,2019,outlier,lcp;lcpObs,
4eadb891f87ffb8d2b2761b7fff843389cec8100,head,home,0,1,1212.8843,79.0,0.0005,128.691,172.708,525,outlier,tbtFlow,
4eadb891f87ffb8d2b2761b7fff843389cec8100,head,home,1,2,1147.9424,117,0.0004,111.218,92.671,667,outlier,lcp;lcpObs,
4eadb891f87ffb8d2b2761b7fff843389cec8100,head,home,2,5,1220.6711,82.0,0.0004,106.704,97.032,550,ok,,
4eadb891f87ffb8d2b2761b7fff843389cec8100,head,home,3,6,1220.3116,108,0.0004,114.641,137.247,554,outlier,tbtFlow,
4eadb891f87ffb8d2b2761b7fff843389cec8100,head,home,4,9,1247.7818,117,0.0004,112.195,92.337,545,ok,,
cde46793f8db57187616b9c869027c41dfdc9862,base,home,0,0,1299.6576,148.4685,0.0004,103.875,63.457,591,outlier,tbt,
cde46793f8db57187616b9c869027c41dfdc9862,base,home,1,3,1248.8425,113,0.0004,107.135,95.555,548,ok,,
cde46793f8db57187616b9c869027c41dfdc9862,base,home,2,4,1234.1199,106,0.0004,109.945,84.146,609,ok,,
cde46793f8db57187616b9c869027c41dfdc9862,base,home,3,7,1222.526,100,0.0004,100.824,47.481,646,ok,,
cde46793f8db57187616b9c869027c41dfdc9862,base,home,4,8,1278.9305,95,0.0004,129.145,131.753,573,outlier,inp,
cde46793f8db57187616b9c869027c41dfdc9862,head,home,0,1,1140.3855,80,0.0004,112.172,89.494,556,ok,,
cde46793f8db57187616b9c869027c41dfdc9862,head,home,1,2,1275.8704,112,0.0004,120.995,150.325,597,outlier,tbtFlow,
cde46793f8db57187616b9c869027c41dfdc9862,head,home,2,5,1324.8501,91.0,0.0004,117.952,80.22,591,ok,,
cde46793f8db57187616b9c869027c41dfdc9862,head,home,3,6,1244.9074,76.0,0.0004,111.967,100.541,552,ok,,
cde46793f8db57187616b9c869027c41dfdc9862,head,home,4,9,1128.8918,104,0.0004,111.606,34.137,528,outlier,tbtFlow,
0cfa53b7649c5f856bd73b58cb147b04f15e5b39,base,home,0,0,1216.9356,50.0,0.0004,110.867,65.529,547,ok,,
0cfa53b7649c5f856bd73b58cb147b04f15e5b39,base,home,1,3,1235.8083,109,0.0004,112.299,76.119,598,ok,,
0cfa53b7649c5f856bd73b58cb147b04f15e5b39,base,home,2,4,1257.3651,101,0.0004,124.026,118.148,575,ok,,
0cfa53b7649c5f856bd73b58cb147b04f15e5b39,base,home,3,7,1212.5321,97,0.0004,104.203,66.329,575,ok,,
0cfa53b7649c5f856bd73b58cb147b04f15e5b39,base,home,4,8,1229.4876,85.0025,0.0004,156.777,207.653,559,outlier,inp;tbtFlow,
0cfa53b7649c5f856bd73b58cb147b04f15e5b39,head,home,0,1,1292.7983,109,0.0004,161.624,169.635,580,outlier,inp,
0cfa53b7649c5f856bd73b58cb147b04f15e5b39,head,home,1,2,1226.9016,112,0.0004,107.015,71.906,598,ok,,
0cfa53b7649c5f856bd73b58cb147b04f15e5b39,head,home,2,5,1233.934,97,0.0004,106.02,97.181,548,ok,,
0cfa53b7649c5f856bd73b58cb147b04f15e5b39,head,home,3,6,1374.5486,91.0,0.0004,110.331,105.04,516,ok,,
0cfa53b7649c5f856bd73b58cb147b04f15e5b39,head,home,4,9,1256.0729,107,0.0004,124.837,139.759,559,ok,,
678dff25eddfc43319299495556ab9f6029bc719,base,home,0,0,1301.14,88,0.0004,118.795,68.248,595,ok,,
678dff25eddfc43319299495556ab9f6029bc719,base,home,1,3,1270.1388,83,0.0004,118.636,77.353,553,ok,,
678dff25eddfc43319299495556ab9f6029bc719,base,home,2,4,1267.0121,109,0.0004,102.158,74.828,579,ok,,
678dff25eddfc43319299495556ab9f6029bc719,base,home,3,7,1213.7649,72,0.0004,111.55,95.048,539,ok,,
678dff25eddfc43319299495556ab9f6029bc719,base,home,4,8,1454.5841,153.0,0.0004,109.308,77.499,616,outlier,lcp;tbt,
678dff25eddfc43319299495556ab9f6029bc719,base,home,5,11,1247.0661,89,0.0004,111.069,68.702,550,ok,,
678dff25eddfc43319299495556ab9f6029bc719,base,home,6,12,1203.0161,84,0.0004,102.553,64.507,557,ok,,
678dff25eddfc43319299495556ab9f6029bc719,base,home,7,15,1209.4926,91,0.0004,111.207,83.593,517,ok,,
678dff25eddfc43319299495556ab9f6029bc719,base,home,8,16,1226.435,99,0.0004,122.433,226.525,611,outlier,tbtFlow,
678dff25eddfc43319299495556ab9f6029bc719,base,home,9,19,1247.0217,97.0,0.0004,113.447,92.11,678,outlier,lcpObs,
678dff25eddfc43319299495556ab9f6029bc719,base,home,10,20,1263.7443,79.0,0.0004,129.347,100.595,561,ok,,
678dff25eddfc43319299495556ab9f6029bc719,base,home,11,23,1273.9406,117.0,0.0004,120.945,96.328,545,ok,,
678dff25eddfc43319299495556ab9f6029bc719,base,home,12,24,1208.9779,180.5,0.0004,104.704,87.418,559,outlier,tbt,
678dff25eddfc43319299495556ab9f6029bc719,base,home,13,27,1137.4271,99,0.0004,109.494,92.99,549,ok,,
678dff25eddfc43319299495556ab9f6029bc719,base,home,14,28,1240.1531,101.0,0.0004,107.35,75.571,568,ok,,
678dff25eddfc43319299495556ab9f6029bc719,head,home,0,1,1233.514,126,0.0004,115.107,76.248,591,ok,,
678dff25eddfc43319299495556ab9f6029bc719,head,home,1,2,1226.4316,113,0.0004,110.63,51.367,566,outlier,tbtFlow,
678dff25eddfc43319299495556ab9f6029bc719,head,home,2,5,1226.0663,98,0.0004,119.876,100.834,544,ok,,
678dff25eddfc43319299495556ab9f6029bc719,head,home,3,6,971.6517,44.5,0.0005,109.153,104.46,2029,outlier,lcp;tbt;lcpObs,
678dff25eddfc43319299495556ab9f6029bc719,head,home,4,9,1254.2891,99,0.0004,109.257,111.893,557,ok,,
678dff25eddfc43319299495556ab9f6029bc719,head,home,5,10,1138.8789,45.5,0.0004,123.455,111.013,526,outlier,tbt,
678dff25eddfc43319299495556ab9f6029bc719,head,home,6,13,1227.3049,95,0.0004,96.215,79.789,545,ok,,
678dff25eddfc43319299495556ab9f6029bc719,head,home,7,14,1262.3856,96,0.0004,103.534,45.39,530,outlier,tbtFlow,
678dff25eddfc43319299495556ab9f6029bc719,head,home,8,17,1145.7771,112,0.0004,109.373,110.541,541,ok,,
678dff25eddfc43319299495556ab9f6029bc719,head,home,9,18,1268.1382,113,0.0004,113.026,102.81,575,ok,,
678dff25eddfc43319299495556ab9f6029bc719,head,home,10,21,1137.0876,78.0,0.0004,140.61,161.85,531,outlier,inp;tbtFlow,
678dff25eddfc43319299495556ab9f6029bc719,head,home,11,22,1261.8403,86.5,0.0004,153.705,100.861,570,outlier,inp,
678dff25eddfc43319299495556ab9f6029bc719,head,home,12,25,1135.9676,103,0.0004,112.663,117.806,554,ok,,
678dff25eddfc43319299495556ab9f6029bc719,head,home,13,26,1228.8471,101,0.0004,112.816,104.167,544,ok,,
678dff25eddfc43319299495556ab9f6029bc719,head,home,14,29,1248.049,97,0.0004,119.527,124.057,545,ok,,
e46f03813214da79c1bdb62244d19cb41cb71090,base,home,0,0,1295.2027,130,0.0004,100.313,58.525,596,ok,,
e46f03813214da79c1bdb62244d19cb41cb71090,base,home,1,3,1263.6559,104,0.0004,102.227,72.125,585,ok,,
e46f03813214da79c1bdb62244d19cb41cb71090,base,home,2,4,1279.9328,77,0.0004,107.26,103.189,592,ok,,
e46f03813214da79c1bdb62244d19cb41cb71090,base,home,3,7,1234.6844,106,0.0004,120.236,118.614,566,ok,,
e46f03813214da79c1bdb62244d19cb41cb71090,base,home,4,8,1220.7607,53,0.0004,117.167,89.185,534,outlier,lcpObs,
e46f03813214da79c1bdb62244d19cb41cb71090,head,home,0,1,1286.6417,116,0.0004,120.132,152.924,592,outlier,tbtFlow,
e46f03813214da79c1bdb62244d19cb41cb71090,head,home,1,2,1135.0538,96,0.0004,106.87,57.459,570,ok,,
e46f03813214da79c1bdb62244d19cb41cb71090,head,home,2,5,1238.573,72,0.0004,113.144,87.066,896,outlier,lcpObs,
e46f03813214da79c1bdb62244d19cb41cb71090,head,home,3,6,1277.3889,81,0.0004,120.323,106.863,547,ok,,
e46f03813214da79c1bdb62244d19cb41cb71090,head,home,4,9,1160.7778,104,0.0004,115.573,95.833,561,ok,,
8492b144b05b56634fa020ec278adc7936fbfc4e,base,home,0,0,1271.0545,126.0,0.0004,145.465,121.421,591,ok,,
8492b144b05b56634fa020ec278adc7936fbfc4e,base,home,1,3,1216.2915,79,0.0004,138.792,117.531,544,ok,,
8492b144b05b56634fa020ec278adc7936fbfc4e,base,home,2,4,1255.2045,122.0,0.0004,116.746,68.816,562,ok,,
8492b144b05b56634fa020ec278adc7936fbfc4e,base,home,3,7,1218.5179,101,0.0004,124.957,90.49,557,ok,,
8492b144b05b56634fa020ec278adc7936fbfc4e,base,home,4,8,1228.7405,85.0,0.0004,106.764,82.948,556,ok,,
8492b144b05b56634fa020ec278adc7936fbfc4e,head,home,0,1,1245.9644,88,0.0004,104.091,64.369,578,ok,,
8492b144b05b56634fa020ec278adc7936fbfc4e,head,home,1,2,1199.9328,94,0.0004,100.586,57.843,588,ok,,
8492b144b05b56634fa020ec278adc7936fbfc4e,head,home,2,5,1258.5832,83,0.0004,113.054,86.182,540,ok,,
8492b144b05b56634fa020ec278adc7936fbfc4e,head,home,3,6,1224.0708,69,0.0004,127.17,100.596,568,ok,,
8492b144b05b56634fa020ec278adc7936fbfc4e,head,home,4,9,1221.8502,84,0.0004,147.039,192.555,552,outlier,tbtFlow,
e5e07260c60543c2dd468474c3fc204b17cb25a3,base,home,0,0,1318.0457,104.0,0.0005,103.694,70.679,582,ok,,
e5e07260c60543c2dd468474c3fc204b17cb25a3,base,home,1,3,962.541,88,0.0007,115.613,90.171,2027,outlier,lcp;lcpObs,
e5e07260c60543c2dd468474c3fc204b17cb25a3,base,home,2,4,1121.9726,72.0,0.0004,112.704,75.927,548,ok,,
e5e07260c60543c2dd468474c3fc204b17cb25a3,base,home,3,7,1245.5354,103,0.0004,105.248,96.152,541,ok,,
e5e07260c60543c2dd468474c3fc204b17cb25a3,base,home,4,8,1215.7026,88,0.0004,130.082,190.392,572,outlier,tbtFlow,
e5e07260c60543c2dd468474c3fc204b17cb25a3,base,home,5,11,1226.7759,85,0.0004,117.695,76.572,531,ok,,
e5e07260c60543c2dd468474c3fc204b17cb25a3,base,home,6,12,1214.491,101,0.0005,112.759,89.691,552,ok,,
e5e07260c60543c2dd468474c3fc204b17cb25a3,base,home,7,15,1138.945,131,0.0004,111.64,66.758,547,ok,,
e5e07260c60543c2dd468474c3fc204b17cb25a3,base,home,8,16,1255.0375,50.5,0.0004,116.538,58.039,541,ok,,
e5e07260c60543c2dd468474c3fc204b17cb25a3,base,home,9,19,1238.4294,81.0,0.0004,128.874,119.378,902,outlier,lcpObs,
e5e07260c60543c2dd468474c3fc204b17cb25a3,base,home,10,20,1224.9179,86.0,0.0004,109.422,80.474,544,ok,,
e5e07260c60543c2dd468474c3fc204b17cb25a3,base,home,11,23,978.1641,73,0.0005,107.421,77.417,2039,outlier,lcp;lcpObs,
e5e07260c60543c2dd468474c3fc204b17cb25a3,base,home,12,24,1216.3954,73,0.0004,149.948,180.372,549,outlier,inp;tbtFlow,
e5e07260c60543c2dd468474c3fc204b17cb25a3,base,home,13,27,1209.5764,86,0.0004,115.268,112.482,551,ok,,
e5e07260c60543c2dd468474c3fc204b17cb25a3,base,home,14,28,1145.1672,91,0.0004,121.261,179.212,527,outlier,tbtFlow,
e5e07260c60543c2dd468474c3fc204b17cb25a3,head,home,0,1,1236.6956,106,0.0004,136.054,126.458,543,ok,,
e5e07260c60543c2dd468474c3fc204b17cb25a3,head,home,1,2,1219.4951,78,0.0004,120.646,107.669,576,ok,,
e5e07260c60543c2dd468474c3fc204b17cb25a3,head,home,2,5,1232.3815,94.0,0.0004,150.215,187.302,582,outlier,tbtFlow,
e5e07260c60543c2dd468474c3fc204b17cb25a3,head,home,3,6,1284.4213,110,0.0004,130.552,85.897,558,ok,,
e5e07260c60543c2dd468474c3fc204b17cb25a3,head,home,4,9,1232.8599,101,0.0004,130.483,118.201,557,ok,,
e5e07260c60543c2dd468474c3fc204b17cb25a3,head,home,5,10,1236.4706,103,0.0004,119.157,84.704,540,ok,,
e5e07260c60543c2dd468474c3fc204b17cb25a3,head,home,6,13,1153.478,69,0.0004,107.058,94.574,541,outlier,lcp,
e5e07260c60543c2dd468474c3fc204b17cb25a3,head,home,7,14,1263.0972,100,0.0004,112.366,103.096,557,ok,,
e5e07260c60543c2dd468474c3fc204b17cb25a3,head,home,8,17,1249.9481,101,0.0004,108.433,71.674,562,ok,,
e5e07260c60543c2dd468474c3fc204b17cb25a3,head,home,9,18,1213.72,95,0.0004,121.643,95.895,582,ok,,
e5e07260c60543c2dd468474c3fc204b17cb25a3,head,home,10,21,1131.688,81,0.0004,122.479,107.555,541,outlier,lcp,
e5e07260c60543c2dd468474c3fc204b17cb25a3,head,home,11,22,1246.4696,84,0.0004,113.28,93.477,554,ok,,
e5e07260c60543c2dd468474c3fc204b17cb25a3,head,home,12,25,1278.1201,83,0.0004,111.445,116.56,569,ok,,
e5e07260c60543c2dd468474c3fc204b17cb25a3,head,home,13,26,1248.8811,88.0,0.0004,113.712,104.601,534,ok,,
e5e07260c60543c2dd468474c3fc204b17cb25a3,head,home,14,29,1256.1799,79.0,0.0004,105.026,74.291,611,ok,,
f38f381989f632bf177922ae53ef2281c85b1345,base,home,0,0,1145.836,89,0.0004,110.832,82.323,534,outlier,lcp,
f38f381989f632bf177922ae53ef2281c85b1345,base,home,1,3,1241.4535,100,0.0004,106.025,72.578,611,ok,,
f38f381989f632bf177922ae53ef2281c85b1345,base,home,2,4,1261.7429,108,0.0004,113.193,92.675,886,outlier,lcpObs,
f38f381989f632bf177922ae53ef2281c85b1345,base,home,3,7,1256.265,67.047,0.0004,113.41,96.047,555,ok,,
f38f381989f632bf177922ae53ef2281c85b1345,base,home,4,8,1147.3516,88,0.0004,123.619,104.591,516,outlier,lcp,
f38f381989f632bf177922ae53ef2281c85b1345,head,home,0,1,1285.1417,67,0.0004,113.009,135.83,707,outlier,lcpObs,
f38f381989f632bf177922ae53ef2281c85b1345,head,home,1,2,1229.4038,91.0,0.0004,96.194,72.334,513,ok,,
f38f381989f632bf177922ae53ef2281c85b1345,head,home,2,5,1148.8021,96,0.0004,147.742,151.287,529,outlier,lcp,
f38f381989f632bf177922ae53ef2281c85b1345,head,home,3,6,1214.2246,77.0,0.0004,119.957,93.501,528,ok,,
f38f381989f632bf177922ae53ef2281c85b1345,head,home,4,9,1224.711,70,0.0004,100.567,60.995,552,ok,,
416da62138ffab51819057bdcbdc60d537ced284,base,home,0,0,1217.6729,94,0.0004,127.69,183.214,571,outlier,inp;tbtFlow,
416da62138ffab51819057bdcbdc60d537ced284,base,home,1,3,1302.956,60,0.0004,116.286,87.789,621,outlier,lcpObs,
416da62138ffab51819057bdcbdc60d537ced284,base,home,2,4,1228.0999,114,0.0004,105.091,89.386,534,ok,,
416da62138ffab51819057bdcbdc60d537ced284,base,home,3,7,1208.0561,71,0.0004,106.352,73.519,559,ok,,
416da62138ffab51819057bdcbdc60d537ced284,base,home,4,8,1245.7328,92,0.0004,105.329,76.888,552,ok,,
416da62138ffab51819057bdcbdc60d537ced284,head,home,0,1,1241.8324,94.9335,0.0004,127.397,112.433,556,ok,,
416da62138ffab51819057bdcbdc60d537ced284,head,home,1,2,1256.3076,94.0,0.0004,113.136,78.723,550,ok,,
416da62138ffab51819057bdcbdc60d537ced284,head,home,2,5,1278.512,66,0.0004,123.774,135.077,565,ok,,
416da62138ffab51819057bdcbdc60d537ced284,head,home,3,6,1230.0403,88.0,0.0004,112.945,108.31,585,ok,,
416da62138ffab51819057bdcbdc60d537ced284,head,home,4,9,1232.4864,118,0.0004,114.554,98.739,562,ok,,
d6a934ed196874e50dac498c63e9f2af7c90296d,base,home,0,0,1274.4623,100,0.0004,88.962,29.725,568,outlier,tbtFlow,
d6a934ed196874e50dac498c63e9f2af7c90296d,base,home,1,3,1139.1702,49,0.0004,116.783,103.477,538,outlier,lcp,
d6a934ed196874e50dac498c63e9f2af7c90296d,base,home,2,4,1259.7679,69,0.0004,146.557,137.413,552,ok,,
d6a934ed196874e50dac498c63e9f2af7c90296d,base,home,3,7,1266.2424,130,0.0004,103.322,88.109,597,ok,,
d6a934ed196874e50dac498c63e9f2af7c90296d,base,home,4,8,1235.7244,112,0.0004,114.553,91.786,550,ok,,
d6a934ed196874e50dac498c63e9f2af7c90296d,head,home,0,1,1323.8761,145.5,0.0004,108.972,64.925,625,outlier,lcpObs,
d6a934ed196874e50dac498c63e9f2af7c90296d,head,home,1,2,1234.194,86,0.0004,140.525,110.637,563,ok,,
d6a934ed196874e50dac498c63e9f2af7c90296d,head,home,2,5,1209.1859,85.0,0.0004,122.102,132.307,534,ok,,
d6a934ed196874e50dac498c63e9f2af7c90296d,head,home,3,6,1121.3726,42.5,0.0004,108.802,76.464,536,ok,,
d6a934ed196874e50dac498c63e9f2af7c90296d,head,home,4,9,1150.7624,70,0.0004,145.281,145.183,551,ok,,
37ad85cbaf5ee47c9e100bb026f4646ab691b8fe,base,home,0,0,1229.0345,107,0.0004,99.435,56.66,594,outlier,lcpObs,
37ad85cbaf5ee47c9e100bb026f4646ab691b8fe,base,home,1,3,1268.3514,97,0.0004,119.961,110.713,568,outlier,tbtFlow,
37ad85cbaf5ee47c9e100bb026f4646ab691b8fe,base,home,2,4,1204.0042,100.0,0.0004,109.68,62.555,531,ok,,
37ad85cbaf5ee47c9e100bb026f4646ab691b8fe,base,home,3,7,1131.3516,89,0.0004,104.22,64.839,525,ok,,
37ad85cbaf5ee47c9e100bb026f4646ab691b8fe,base,home,4,8,1195.5724,86,0.0004,118.04,74.971,535,ok,,
37ad85cbaf5ee47c9e100bb026f4646ab691b8fe,head,home,0,1,1132.0096,52,0.0004,116.54,117.945,519,outlier,tbt;tbtFlow,
37ad85cbaf5ee47c9e100bb026f4646ab691b8fe,head,home,1,2,1217.9565,84,0.0004,107.464,102.237,547,ok,,
37ad85cbaf5ee47c9e100bb026f4646ab691b8fe,head,home,2,5,1260.6646,105,0.0004,111.428,72.307,600,ok,,
37ad85cbaf5ee47c9e100bb026f4646ab691b8fe,head,home,3,6,1282.3547,90,0.0004,112.481,75.767,594,ok,,
37ad85cbaf5ee47c9e100bb026f4646ab691b8fe,head,home,4,9,1296.8015,79.0,0.0004,110.024,78.538,539,ok,,
178eca5828364f3e4ee48ef849d51d98cc13b0a3,base,home,0,0,1354.0486,210,0.0004,91.747,39.059,623,outlier,tbt;lcpObs,
178eca5828364f3e4ee48ef849d51d98cc13b0a3,base,home,1,3,1247.59,104.0,0.0004,108.125,77.999,545,ok,,
178eca5828364f3e4ee48ef849d51d98cc13b0a3,base,home,2,4,1199.1877,92.0,0.0005,104.235,72.704,543,ok,,
178eca5828364f3e4ee48ef849d51d98cc13b0a3,base,home,3,7,1133.9639,92,0.0004,113.375,107.789,536,ok,,
178eca5828364f3e4ee48ef849d51d98cc13b0a3,base,home,4,8,1230.8093,88.0,0.0004,116.512,177.873,677,outlier,lcpObs,
178eca5828364f3e4ee48ef849d51d98cc13b0a3,head,home,0,1,1257.3236,48.5,0.0004,117.071,77.83,541,ok,,
178eca5828364f3e4ee48ef849d51d98cc13b0a3,head,home,1,2,1259.2549,94,0.0004,112.124,115.087,547,ok,,
178eca5828364f3e4ee48ef849d51d98cc13b0a3,head,home,2,5,1262.5641,130,0.0004,120.693,104.039,593,outlier,lcpObs,
178eca5828364f3e4ee48ef849d51d98cc13b0a3,head,home,3,6,1134.7174,102,0.0004,132.688,95.058,529,outlier,lcp,
178eca5828364f3e4ee48ef849d51d98cc13b0a3,head,home,4,9,1299.2754,141,0.0004,107.444,115.328,534,ok,,
cb33de25f4ae3f26950ceae335f4b0b43572f894,base,home,0,0,1193.002,85,0.0004,84.947,27.88,572,outlier,tbtFlow,
cb33de25f4ae3f26950ceae335f4b0b43572f894,base,home,1,3,1291.0674,97,0.0004,115.284,68.166,582,ok,,
cb33de25f4ae3f26950ceae335f4b0b43572f894,base,home,2,4,1219.0928,95,0.0004,96.345,65.357,572,ok,,
cb33de25f4ae3f26950ceae335f4b0b43572f894,base,home,3,7,1258.0054,68.0,0.0004,109.172,65.38,548,ok,,
cb33de25f4ae3f26950ceae335f4b0b43572f894,base,home,4,8,1243.7622,46,0.0004,103.376,63.871,622,ok,,
cb33de25f4ae3f26950ceae335f4b0b43572f894,head,home,0,1,1267.7998,88,0.0004,108.393,67.343,613,ok,,
cb33de25f4ae3f26950ceae335f4b0b43572f894,head,home,1,2,1265.9821,91.0,0.0004,107.435,69.125,717,outlier,lcpObs,
cb33de25f4ae3f26950ceae335f4b0b43572f894,head,home,2,5,1251.4955,81,0.0004,132.732,84.041,530,ok,,
cb33de25f4ae3f26950ceae335f4b0b43572f894,head,home,3,6,1229.2312,85.0,0.0004,112.692,82.917,551,ok,,
cb33de25f4ae3f26950ceae335f4b0b43572f894,head,home,4,9,1222.786,78.0,0.0005,135.619,76.303,544,ok,,
a3763648fe780c0345267fc7b52ee26d8d704c21,base,home,0,0,1283.2798,98,0.0004,81.924,35.866,551,ok,,
a3763648fe780c0345267fc7b52ee26d8d704c21,base,home,1,3,1219.4689,102,0.0004,114.147,111.844,554,ok,,
a3763648fe780c0345267fc7b52ee26d8d704c21,base,home,2,4,1131.3934,91,0.0004,115.367,150.785,530,outlier,lcp,
a3763648fe780c0345267fc7b52ee26d8d704c21,base,home,3,7,1267.7381,92,0.0004,123.134,58.671,567,ok,,
a3763648fe780c0345267fc7b52ee26d8d704c21,base,home,4,8,1279.6828,99.0,0.0004,103.338,73.621,569,ok,,
a3763648fe780c0345267fc7b52ee26d8d704c21,head,home,0,1,1263.4386,98.0,0.0004,129.386,107.813,604,ok,,
a3763648fe780c0345267fc7b52ee26d8d704c21,head,home,1,2,1211.681,94.0,0.0004,113.06,104.047,553,ok,,
a3763648fe780c0345267fc7b52ee26d8d704c21,head,home,2,5,1152.8226,108.0,0.0004,117.543,114.972,527,ok,,
a3763648fe780c0345267fc7b52ee26d8d704c21,head,home,3,6,1160.6685,117,0.0004,106.716,64.463,531,outlier,tbtFlow,
a3763648fe780c0345267fc7b52ee26d8d704c21,head,home,4,9,1219.8156,95,0.0004,112.892,101.816,558,ok,,
df25de7e6816cccc72187aca7b1b865da7803fca,base,home,0,0,1286.3463,114.0,0.0004,113.286,62.311,561,ok,,
df25de7e6816cccc72187aca7b1b865da7803fca,base,home,1,3,1172.9027,57,0.0004,151.611,178.889,557,outlier,lcp,
df25de7e6816cccc72187aca7b1b865da7803fca,base,home,2,4,1246.6001,93,0.0004,93.808,59.256,543,ok,,
df25de7e6816cccc72187aca7b1b865da7803fca,base,home,3,7,1243.071,80,0.0004,135.32,113.92,542,ok,,
df25de7e6816cccc72187aca7b1b865da7803fca,base,home,4,8,1242.7586,94,0.0004,119.09,141.473,546,ok,,
df25de7e6816cccc72187aca7b1b865da7803fca,head,home,0,1,1278.8941,98,0.0004,111.867,89.819,689,outlier,lcpObs,
df25de7e6816cccc72187aca7b1b865da7803fca,head,home,1,2,1270.2339,85.0,0.0004,120.649,120.032,537,ok,,
df25de7e6816cccc72187aca7b1b865da7803fca,head,home,2,5,964.8151,95,0.0005,101.842,58.864,2029,outlier,lcpObs,
df25de7e6816cccc72187aca7b1b865da7803fca,head,home,3,6,1136.5,92,0.0004,107.748,74.847,533,ok,,
df25de7e6816cccc72187aca7b1b865da7803fca,head,home,4,9,1218.1831,88,0.0004,119.262,98.946,532,ok,,
9036812b6d6d7c38d092405b312114e9fd9fcb49,base,home,0,0,1331.7229,169,0.0004,122.657,101.276,602,ok,,
9036812b6d6d7c38d092405b312114e9fd9fcb49,base,home,1,3,1344.117,122.0,0.0004,136.134,187.835,521,ok,,
9036812b6d6d7c38d092405b312114e9fd9fcb49,base,home,2,4,1207.5777,68.5,0.0005,129.99,138.098,550,ok,,
9036812b6d6d7c38d092405b312114e9fd9fcb49,base,home,3,7,1275.2323,93,0.0004,104.017,80.972,558,ok,,
9036812b6d6d7c38d092405b312114e9fd9fcb49,base,home,4,8,1150.2071,83,0.0004,106.064,70.89,555,ok,,
9036812b6d6d7c38d092405b312114e9fd9fcb49,head,home,0,1,1225.9382,103,0.0004,115.891,54.002,592,ok,,
9036812b6d6d7c38d092405b312114e9fd9fcb49,head,home,1,2,1258.4112,69,0.0004,107.95,94.278,561,ok,,
9036812b6d6d7c38d092405b312114e9fd9fcb49,head,home,2,5,1182.3794,134,0.0004,136.215,165.425,581,ok,,
9036812b6d6d7c38d092405b312114e9fd9fcb49,head,home,3,6,1225.7611,134,0.0004,145.379,189.537,876,outlier,lcpObs,
9036812b6d6d7c38d092405b312114e9fd9fcb49,head,home,4,9,1244.3383,99,0.0004,115.32,103.15,564,ok,,
cc8e490c7507cfa6810bae0be3fdc873e0317b3d,base,home,0,0,1319.872,146,0.0004,109.22,46.3,576,outlier,tbtFlow,
cc8e490c7507cfa6810bae0be3fdc873e0317b3d,base,home,1,3,1143.4497,104,0.0004,96.982,80.495,550,ok,,
cc8e490c7507cfa6810bae0be3fdc873e0317b3d,base,home,2,4,1272.6996,110,0.0004,139.41,229.208,549,outlier,tbtFlow,
cc8e490c7507cfa6810bae0be3fdc873e0317b3d,base,home,3,7,1234.7676,71,0.0004,113.36,88.779,545,ok,,
cc8e490c7507cfa6810bae0be3fdc873e0317b3d,base,home,4,8,1133.4078,89,0.0004,119.822,87.788,530,ok,,
cc8e490c7507cfa6810bae0be3fdc873e0317b3d,head,home,0,1,1195.0174,88.0,0.0005,133.246,171.108,542,ok,,
cc8e490c7507cfa6810bae0be3fdc873e0317b3d,head,home,1,2,1209.3316,111,0.0004,105.818,70.763,560,ok,,
cc8e490c7507cfa6810bae0be3fdc873e0317b3d,head,home,2,5,1166.2188,84,0.0004,126.165,98.631,508,ok,,
cc8e490c7507cfa6810bae0be3fdc873e0317b3d,head,home,3,6,1226.1629,109,0.0004,162.807,148.533,525,ok,,
cc8e490c7507cfa6810bae0be3fdc873e0317b3d,head,home,4,9,1263.9239,139,0.0004,170.668,214.868,545,ok,,
54c148f3902de857c813a0e7fdd598c21fc67214,base,home,0,0,1253.0154,105,0.0004,113.612,112.834,597,ok,,
54c148f3902de857c813a0e7fdd598c21fc67214,base,home,1,3,1212.0335,95.0,0.0004,114.017,79.758,691,outlier,lcpObs,
54c148f3902de857c813a0e7fdd598c21fc67214,base,home,2,4,1214.0005,74,0.0004,138.013,142.96,545,outlier,inp,
54c148f3902de857c813a0e7fdd598c21fc67214,base,home,3,7,1211.4155,92.0,0.0004,125.958,100.567,535,ok,,
54c148f3902de857c813a0e7fdd598c21fc67214,base,home,4,8,1260.9812,97.0,0.0004,113.402,96.943,564,ok,,
54c148f3902de857c813a0e7fdd598c21fc67214,base,home,5,11,1279.0521,99,0.0004,116.145,111.06,524,ok,,
54c148f3902de857c813a0e7fdd598c21fc67214,base,home,6,12,1240.2182,62.5,0.0004,113.499,109.442,876,outlier,lcpObs,
54c148f3902de857c813a0e7fdd598c21fc67214,base,home,7,15,1196.7415,87,0.0004,99.656,71.571,546,ok,,
54c148f3902de857c813a0e7fdd598c21fc67214,base,home,8,16,1232.7036,73,0.0004,108.376,67.764,558,ok,,
54c148f3902de857c813a0e7fdd598c21fc67214,base,home,9,19,1265.9159,129,0.0004,104.771,80.164,554,outlier,tbt,
54c148f3902de857c813a0e7fdd598c21fc67214,base,home,10,20,1264.882,102,0.0004,126.064,154.123,543,ok,,
54c148f3902de857c813a0e7fdd598c21fc67214,base,home,11,23,1235.6102,68,0.0004,113.428,105.062,546,ok,,
54c148f3902de857c813a0e7fdd598c21fc67214,base,home,12,24,1257.5839,100,0.0004,121.991,85.227,577,ok,,
54c148f3902de857c813a0e7fdd598c21fc67214,base,home,13,27,1237.9676,93,0.0004,110.962,79.799,530,ok,,
54c148f3902de857c813a0e7fdd598c21fc67214,base,home,14,28,1239.1605,93,0.0004,120.723,58.015,544,ok,,
54c148f3902de857c813a0e7fdd598c21fc67214,head,home,0,1,1232.8155,109,0.0004,107.141,75.82,545,ok,,
54c148f3902de857c813a0e7fdd598c21fc67214,head,home,1,2,1257.1215,111.5,0.0004,111.28,88.216,513,ok,,
54c148f3902de857c813a0e7fdd598c21fc67214,head,home,2,5,1235.8771,95,0.0004,126.056,86.541,568,ok,,
54c148f3902de857c813a0e7fdd598c21fc67214,head,home,3,6,1223.3483,107,0.0004,111.217,64.407,589,ok,,
54c148f3902de857c813a0e7fdd598c21fc67214,head,home,4,9,1247.2506,115,0.0004,99.638,57.023,532,ok,,
54c148f3902de857c813a0e7fdd598c21fc67214,head,home,5,10,1387.772,129,0.0004,104.586,69.394,608,outlier,lcp;lcpObs,
54c148f3902de857c813a0e7fdd598c21fc67214,head,home,6,13,1231.2225,125,0.0004,112.836,73.951,534,ok,,
54c148f3902de857c813a0e7fdd598c21fc67214,head,home,7,14,1219.84,96,0.0004,110.729,65.132,534,ok,,
54c148f3902de857c813a0e7fdd598c21fc67214,head,home,8,17,1254.1267,89,0.0004,106.344,65.83,549,ok,,
54c148f3902de857c813a0e7fdd598c21fc67214,head,home,9,18,1308.2084,78,0.0004,109.183,94.987,556,ok,,
54c148f3902de857c813a0e7fdd598c21fc67214,head,home,10,21,1140.2587,91,0.0004,101.876,73.825,533,outlier,lcp,
54c148f3902de857c813a0e7fdd598c21fc67214,head,home,11,22,1122.2339,87,0.0004,123.228,173.269,516,outlier,lcp;tbtFlow,
54c148f3902de857c813a0e7fdd598c21fc67214,head,home,12,25,1292.0076,109.0,0.0004,123.023,82.933,545,ok,,
54c148f3902de857c813a0e7fdd598c21fc67214,head,home,13,26,1125.6189,64,0.0004,110.382,69.294,543,outlier,lcp,
54c148f3902de857c813a0e7fdd598c21fc67214,head,home,14,29,1266.9279,113,0.0004,108.262,80.177,544,ok,,
dda3affcb081c40e2333cc2019dddadd3a37609f,base,home,0,0,1232.6879,120.0,0.0004,86.46,34.207,575,ok,,
dda3affcb081c40e2333cc2019dddadd3a37609f,base,home,1,3,1342.6206,96,0.0004,113.81,95.394,525,outlier,lcp,
dda3affcb081c40e2333cc2019dddadd3a37609f,base,home,2,4,1218.3714,102,0.0004,96.827,77.159,544,ok,,
dda3affcb081c40e2333cc2019dddadd3a37609f,base,home,3,7,1227.4749,106,0.0004,140.897,107.535,544,ok,,
dda3affcb081c40e2333cc2019dddadd3a37609f,base,home,4,8,1240.7515,76,0.0004,105.103,76.77,569,ok,,
dda3affcb081c40e2333cc2019dddadd3a37609f,head,home,0,1,1322.7736,153.0,0.0004,182.382,415.773,602,outlier,tbtFlow,
dda3affcb081c40e2333cc2019dddadd3a37609f,head,home,1,2,1275.4059,97,0.0004,162.368,163.472,561,ok,,
dda3affcb081c40e2333cc2019dddadd3a37609f,head,home,2,5,1169.8176,107.0,0.0004,125.275,116.265,528,outlier,lcp,
dda3affcb081c40e2333cc2019dddadd3a37609f,head,home,3,6,1284.7651,121,0.0004,126.04,104.681,560,ok,,
dda3affcb081c40e2333cc2019dddadd3a37609f,head,home,4,9,1254.9341,96.0,0.0004,99.598,70.556,573,ok,,
2535d7305485a032b5a860a4538870a0c2d09c5a,base,home,0,0,1116.0938,94,0.0004,109.339,46.707,518,ok,,
2535d7305485a032b5a860a4538870a0c2d09c5a,base,home,1,3,1304.331,127,0.0004,162.886,205.757,612,outlier,inp,
2535d7305485a032b5a860a4538870a0c2d09c5a,base,home,2,4,1417.3049,287.139,0.0004,180.279,213.552,738,outlier,tbt;inp,
2535d7305485a032b5a860a4538870a0c2d09c5a,base,home,3,7,1181.1595,132,0.0004,118.801,118.506,578,ok,,
2535d7305485a032b5a860a4538870a0c2d09c5a,base,home,4,8,1115.7,88.0,0.0004,117.02,92.146,521,ok,,
2535d7305485a032b5a860a4538870a0c2d09c5a,head,home,0,1,1340.9583,112,0.0004,119.121,116.232,681,ok,,
2535d7305485a032b5a860a4538870a0c2d09c5a,head,home,1,2,1162.885,97.0,0.0004,123.131,149.996,534,outlier,lcp,
2535d7305485a032b5a860a4538870a0c2d09c5a,head,home,2,5,1258.1061,98,0.0004,127.623,119.641,526,outlier,lcp,
2535d7305485a032b5a860a4538870a0c2d09c5a,head,home,3,6,1356.9636,200.0,0.0004,120.136,166.155,613,outlier,tbt,
2535d7305485a032b5a860a4538870a0c2d09c5a,head,home,4,9,1350.7981,93.0,0.0004,122.061,91.884,758,ok,,
c6f8ef9ad26fdfc4cc535e161819dda70c4e3a72,base,home,0,0,1263.3641,52,0.0004,99.761,35.973,541,ok,,
c6f8ef9ad26fdfc4cc535e161819dda70c4e3a72,base,home,1,3,1254.6917,83.0,0.0005,103.101,81.281,578,ok,,
c6f8ef9ad26fdfc4cc535e161819dda70c4e3a72,base,home,2,4,1176.7626,70,0.0004,103.241,70.916,887,outlier,lcpObs,
c6f8ef9ad26fdfc4cc535e161819dda70c4e3a72,base,home,3,7,1248.8082,75,0.0004,114.559,75.941,866,outlier,lcpObs,
c6f8ef9ad26fdfc4cc535e161819dda70c4e3a72,base,home,4,8,1218.2206,95,0.0004,108.529,85.955,543,ok,,
c6f8ef9ad26fdfc4cc535e161819dda70c4e3a72,base,home,5,11,1261.5516,94,0.0004,99.327,65.155,558,ok,,
c6f8ef9ad26fdfc4cc535e161819dda70c4e3a72,base,home,6,12,1139.8924,70,0.0004,107.328,78.982,532,ok,,
c6f8ef9ad26fdfc4cc535e161819dda70c4e3a72,base,home,7,15,1321.8091,124.5,0.0004,98.363,47.201,613,ok,,
c6f8ef9ad26fdfc4cc535e161819dda70c4e3a72,base,home,8,16,1158.6253,122,0.0004,85.553,36.048,536,ok,,
c6f8ef9ad26fdfc4cc535e161819dda70c4e3a72,base,home,9,19,1265.473,90.0,0.0004,105.445,44.519,554,ok,,
c6f8ef9ad26fdfc4cc535e161819dda70c4e3a72,base,home,10,20,1269.7661,85,0.0004,114.709,60.303,538,ok,,
c6f8ef9ad26fdfc4cc535e161819dda70c4e3a72,base,home,11,23,1151.5699,126.5,0.0004,116.364,84.873,521,ok,,
c6f8ef9ad26fdfc4cc535e161819dda70c4e3a72,base,home,12,24,1126.5055,90,0.0004,119.668,91.367,517,ok,,
c6f8ef9ad26fdfc4cc535e161819dda70c4e3a72,base,home,13,27,1229.555,53,0.0004,112.412,68.769,878,outlier,lcpObs,
c6f8ef9ad26fdfc4cc535e161819dda70c4e3a72,base,home,14,28,1209.612,110,0.0004,116.488,62.039,551,ok,,
c6f8ef9ad26fdfc4cc535e161819dda70c4e3a72,head,home,0,1,1126.8826,103,0.0004,105.144,51.75,535,ok,,
c6f8ef9ad26fdfc4cc535e161819dda70c4e3a72,head,home,1,2,1115.8991,89,0.0004,113.749,68.019,536,ok,,
c6f8ef9ad26fdfc4cc535e161819dda70c4e3a72,head,home,2,5,1209.8043,92,0.0004,105.24,64.798,576,ok,,
c6f8ef9ad26fdfc4cc535e161819dda70c4e3a72,head,home,3,6,1241.1538,91,0.0004,118.503,92.302,550,ok,,
c6f8ef9ad26fdfc4cc535e161819dda70c4e3a72,head,home,4,9,1205.7154,101,0.0004,112.817,70.109,533,ok,,
c6f8ef9ad26fdfc4cc535e161819dda70c4e3a72,head,home,5,10,1196.4391,86,0.0004,110.305,73.516,538,ok,,
c6f8ef9ad26fdfc4cc535e161819dda70c4e3a72,head,home,6,13,1119.8736,49,0.0004,116.569,104.774,548,ok,,
c6f8ef9ad26fdfc4cc535e161819dda70c4e3a72,head,home,7,14,1222.6523,68.0,0.0004,143.185,179.212,528,outlier,inp;tbtFlow,
c6f8ef9ad26fdfc4cc535e161819dda70c4e3a72,head,home,8,17,1131.4899,92,0.0004,89.399,27.015,559,ok,,
c6f8ef9ad26fdfc4cc535e161819dda70c4e3a72,head,home,9,18,1246.9246,111.0,0.0004,87.009,36.236,547,outlier,inp,
c6f8ef9ad26fdfc4cc535e161819dda70c4e3a72,head,home,10,21,982.3696,86.0,0.0007,102.955,92.729,2026,outlier,lcp;lcpObs,
c6f8ef9ad26fdfc4cc535e161819dda70c4e3a72,head,home,11,22,1268.0731,72,0.0004,102.646,56.071,550,ok,,
c6f8ef9ad26fdfc4cc535e161819dda70c4e3a72,head,home,12,25,1162.757,128,0.0004,106.083,58.627,562,ok,,
c6f8ef9ad26fdfc4cc535e161819dda70c4e3a72,head,home,13,26,1214.3036,98,0.0004,110.108,60.113,548,ok,,
c6f8ef9ad26fdfc4cc535e161819dda70c4e3a72,head,home,14,29,1194.6948,75,0.0004,113.635,52.296,523,ok,,
b4903a7eab2330ce127509977472f6c50f52327b,base,home,0,0,1243.9676,106,0.0004,99.001,35.3,566,ok,,
b4903a7eab2330ce127509977472f6c50f52327b,base,home,1,3,1236.9011,92,0.0004,120.092,64.278,540,ok,,
b4903a7eab2330ce127509977472f6c50f52327b,base,home,2,4,1265.0894,65,0.0004,96.047,48.837,546,ok,,
b4903a7eab2330ce127509977472f6c50f52327b,base,home,3,7,1220.7584,79.0,0.0004,114.836,103.173,539,ok,,
b4903a7eab2330ce127509977472f6c50f52327b,base,home,4,8,1221.2644,74.5,0.0004,112.074,73.2,528,ok,,
b4903a7eab2330ce127509977472f6c50f52327b,base,home,5,11,1216.4233,94,0.0004,162.177,115.023,563,outlier,inp,
b4903a7eab2330ce127509977472f6c50f52327b,base,home,6,12,1263.478,82.0,0.0004,116.699,70.092,551,ok,,
b4903a7eab2330ce127509977472f6c50f52327b,base,home,7,15,1244.6774,82,0.0004,108.731,75.544,670,outlier,lcpObs,
b4903a7eab2330ce127509977472f6c50f52327b,base,home,8,16,1252.9866,81.0,0.0004,99.35,47.102,534,ok,,
b4903a7eab2330ce127509977472f6c50f52327b,base,home,9,19,1262.3266,94,0.0004,109.898,71.929,557,ok,,
b4903a7eab2330ce127509977472f6c50f52327b,base,home,10,20,1217.9109,104,0.0004,94.694,41.76,542,ok,,
b4903a7eab2330ce127509977472f6c50f52327b,base,home,11,23,1215.8449,95,0.0004,115.299,53.631,551,ok,,
b4903a7eab2330ce127509977472f6c50f52327b,base,home,12,24,1300.9236,96,0.0004,107.002,52.623,525,ok,,
b4903a7eab2330ce127509977472f6c50f52327b,base,home,13,27,1229.1596,112,0.0004,107.066,68.361,522,ok,,
b4903a7eab2330ce127509977472f6c50f52327b,base,home,14,28,1239.5429,73.5,0.0004,130.697,80.984,560,ok,,
b4903a7eab2330ce127509977472f6c50f52327b,head,home,0,1,1008.712,122.5,0.0004,85.224,33.624,522,outlier,lcpObs,
b4903a7eab2330ce127509977472f6c50f52327b,head,home,1,2,987.7383,100,0.0004,104.238,49.222,450,ok,,
b4903a7eab2330ce127509977472f6c50f52327b,head,home,2,5,977.1943,90.0,0.0004,150.017,109.623,459,outlier,inp;tbtFlow,
b4903a7eab2330ce127509977472f6c50f52327b,head,home,3,6,971.1907,104,0.0004,110.158,71.391,456,ok,,
b4903a7eab2330ce127509977472f6c50f52327b,head,home,4,9,1261.4658,128,0.0004,100.535,51.075,522,outlier,lcp;lcpObs,
b4903a7eab2330ce127509977472f6c50f52327b,head,home,5,10,921.6179,98,0.0004,91.028,33.463,437,ok,,
b4903a7eab2330ce127509977472f6c50f52327b,head,home,6,13,918.1604,94,0.0004,108.265,45.784,453,ok,,
b4903a7eab2330ce127509977472f6c50f52327b,head,home,7,14,944.4301,115,0.0004,89.814,47.972,462,ok,,
b4903a7eab2330ce127509977472f6c50f52327b,head,home,8,17,1262.7179,116.5,0.0004,112.909,74.027,504,outlier,lcp,
b4903a7eab2330ce127509977472f6c50f52327b,head,home,9,18,986.1057,99.0,0.0004,128.279,192.808,511,outlier,tbtFlow;lcpObs,
b4903a7eab2330ce127509977472f6c50f52327b,head,home,10,21,941.2899,91,0.0004,114.089,51.301,453,ok,,
b4903a7eab2330ce127509977472f6c50f52327b,head,home,11,22,988.9159,93.0,0.0004,108.393,45.65,484,ok,,
b4903a7eab2330ce127509977472f6c50f52327b,head,home,12,25,991.7199,113.0,0.0004,110.854,54.387,449,ok,,
b4903a7eab2330ce127509977472f6c50f52327b,head,home,13,26,963.5936,133,0.0004,104.012,52.84,456,ok,,
b4903a7eab2330ce127509977472f6c50f52327b,head,home,14,29,991.9347,104,0.0004,128.034,78.201,483,ok,,
c78e4aab7f29114f677855b122ac6fa39fe61911,base,home,0,0,1291.368,184.0,0.0004,104.796,52.434,571,outlier,tbt,
c78e4aab7f29114f677855b122ac6fa39fe61911,base,home,1,3,1010.9336,97,0.0004,196.672,368.862,482,outlier,inp;tbtFlow,
c78e4aab7f29114f677855b122ac6fa39fe61911,base,home,2,4,1171.1479,119,0.0005,115.349,74.114,523,ok,,
c78e4aab7f29114f677855b122ac6fa39fe61911,base,home,3,7,923.0432,103,0.0004,113.01,52.258,457,ok,,
c78e4aab7f29114f677855b122ac6fa39fe61911,base,home,4,8,984.7733,105.0453,0.0004,153.306,127.797,479,ok,,
c78e4aab7f29114f677855b122ac6fa39fe61911,head,home,0,1,988.9644,94,0.0004,115.994,70.601,466,ok,,
c78e4aab7f29114f677855b122ac6fa39fe61911,head,home,1,2,983.3287,101,0.0004,140.063,127.809,447,ok,,
c78e4aab7f29114f677855b122ac6fa39fe61911,head,home,2,5,991.6447,92,0.0004,104.454,31.291,476,ok,,
c78e4aab7f29114f677855b122ac6fa39fe61911,head,home,3,6,977.064,93.0,0.0004,131.673,87.206,443,ok,,
c78e4aab7f29114f677855b122ac6fa39fe61911,head,home,4,9,1046.184,175,0.0005,128.559,112.662,541,outlier,lcp;tbt,
b5ad7ae4e3fe2b201ee639a11345e4e31e2974e6,base,home,0,0,993.037,110,0.0004,95.541,26.763,457,ok,,
b5ad7ae4e3fe2b201ee639a11345e4e31e2974e6,base,home,1,3,989.3489,75.5,0.0004,97.694,34.79,454,ok,,
b5ad7ae4e3fe2b201ee639a11345e4e31e2974e6,base,home,2,4,975.4762,96.0,0.0004,108.678,48.414,455,ok,,
b5ad7ae4e3fe2b201ee639a11345e4e31e2974e6,base,home,3,7,955.6523,92,0.0004,109.279,48.581,446,ok,,
b5ad7ae4e3fe2b201ee639a11345e4e31e2974e6,base,home,4,8,985.1595,117,0.0004,111.67,62.571,451,ok,,
b5ad7ae4e3fe2b201ee639a11345e4e31e2974e6,head,home,0,1,985.2593,117.0,0.0004,98.026,39.593,459,ok,,
b5ad7ae4e3fe2b201ee639a11345e4e31e2974e6,head,home,1,2,963.1645,76,0.0004,114.888,60.14,445,ok,,
b5ad7ae4e3fe2b201ee639a11345e4e31e2974e6,head,home,2,5,978.0829,96,0.0004,130.311,70.673,453,ok,,
b5ad7ae4e3fe2b201ee639a11345e4e31e2974e6,head,home,3,6,971.2457,97,0.0004,95.726,47.751,454,ok,,
b5ad7ae4e3fe2b201ee639a11345e4e31e2974e6,head,home,4,9,964.7346,81,0.0004,120.261,93.276,457,ok,,
f29e9df72d4f87ed492420d90bed5c3e7b3c20f6,base,home,0,0,969.6669,84.0,0.0004,125.217,65.887,475,ok,,
f29e9df72d4f87ed492420d90bed5c3e7b3c20f6,base,home,1,3,984.2503,81,0.0004,114.801,55.345,449,ok,,
f29e9df72d4f87ed492420d90bed5c3e7b3c20f6,base,home,2,4,999.1812,105,0.0004,127.149,66.46,483,ok,,
f29e9df72d4f87ed492420d90bed5c3e7b3c20f6,base,home,3,7,1010.1304,115,0.0004,108.413,59.559,497,ok,,
f29e9df72d4f87ed492420d90bed5c3e7b3c20f6,base,home,4,8,989.9108,97,0.0004,119.944,100.225,447,outlier,tbtFlow,
f29e9df72d4f87ed492420d90bed5c3e7b3c20f6,head,home,0,1,984.9027,111,0.0004,98.03,56.615,461,ok,,
f29e9df72d4f87ed492420d90bed5c3e7b3c20f6,head,home,1,2,937.1156,100,0.0004,119.787,73.208,454,outlier,lcp,
f29e9df72d4f87ed492420d90bed5c3e7b3c20f6,head,home,2,5,1001.1912,94,0.0004,108.376,88.106,491,ok,,
f29e9df72d4f87ed492420d90bed5c3e7b3c20f6,head,home,3,6,993.7369,110,0.0004,104.322,58.585,455,ok,,
f29e9df72d4f87ed492420d90bed5c3e7b3c20f6,head,home,4,9,1004.6386,126,0.0004,121.803,60.695,503,ok,,
531f3e55247a0be184cb4bc1f037f76c97213965,base,home,0,0,921.8455,96,0.0004,86.132,36.877,434,ok,,
531f3e55247a0be184cb4bc1f037f76c97213965,base,home,1,3,940.1186,105,0.0004,121.58,67.765,472,ok,,
531f3e55247a0be184cb4bc1f037f76c97213965,base,home,2,4,984.6171,102,0.0004,85.001,32.197,466,ok,,
531f3e55247a0be184cb4bc1f037f76c97213965,base,home,3,7,977.9589,71.0,0.0004,126.938,152.9,452,outlier,tbt,
531f3e55247a0be184cb4bc1f037f76c97213965,base,home,4,8,1064.3511,180.7298,0.0004,169.21,301.864,658,outlier,tbt;tbtFlow;lcpObs,
531f3e55247a0be184cb4bc1f037f76c97213965,head,home,0,1,1007.6867,114.0,0.0004,100.253,51.888,484,ok,,
531f3e55247a0be184cb4bc1f037f76c97213965,head,home,1,2,991.6346,110,0.0004,128.368,103.707,454,ok,,
531f3e55247a0be184cb4bc1f037f76c97213965,head,home,2,5,996.0239,99,0.0004,88.026,41.402,506,ok,,
531f3e55247a0be184cb4bc1f037f76c97213965,head,home,3,6,977.9398,71,0.0004,131.119,113.009,455,outlier,tbt,
531f3e55247a0be184cb4bc1f037f76c97213965,head,home,4,9,991.6418,103.0,0.0004,113.824,90.871,457,ok,,
90ec2739aea65222f235dd7a2c0c929dce7bdbee,base,home,0,0,979.6212,108,0.0004,91.278,28.375,519,outlier,lcpObs,
90ec2739aea65222f235dd7a2c0c929dce7bdbee,base,home,1,3,940.1121,102,0.0004,108.038,46.901,454,ok,,
90ec2739aea65222f235dd7a2c0c929dce7bdbee,base,home,2,4,953.638,89,0.0004,155.169,151.076,432,outlier,inp;tbtFlow,
90ec2739aea65222f235dd7a2c0c929dce7bdbee,base,home,3,7,959.3592,79,0.0004,110.991,70.185,444,ok,,
90ec2739aea65222f235dd7a2c0c929dce7bdbee,base,home,4,8,966.2742,78.5,0.0004,108.785,45.946,461,ok,,
90ec2739aea65222f235dd7a2c0c929dce7bdbee,head,home,0,1,962.2066,69.0587,0.0005,111.897,52.358,466,ok,,
90ec2739aea65222f235dd7a2c0c929dce7bdbee,head,home,1,2,1014.244,115,0.0004,112.469,80.784,488,outlier,tbt,
90ec2739aea65222f235dd7a2c0c929dce7bdbee,head,home,2,5,977.087,60,0.0004,109.545,72.83,450,ok,,
90ec2739aea65222f235dd7a2c0c929dce7bdbee,head,home,3,6,965.5627,67.0,0.0004,106.333,61.674,437,ok,,
90ec2739aea65222f235dd7a2c0c929dce7bdbee,head,home,4,9,994.2435,121.0,0.0004,140.951,93.223,489,outlier,tbt;inp,
3085f4af81b514639b6aad954742db6fac78571b,base,home,0,0,996.903,131,0.0004,98.725,53.334,482,ok,,
3085f4af81b514639b6aad954742db6fac78571b,base,home,1,3,980.8077,97.0,0.0004,140.492,120.252,471,outlier,inp;tbtFlow,
3085f4af81b514639b6aad954742db6fac78571b,base,home,2,4,938.2269,72,0.0004,118.155,65.253,447,ok,,
3085f4af81b514639b6aad954742db6fac78571b,base,home,3,7,960.5006,114,0.0004,95.694,47.123,470,ok,,
3085f4af81b514639b6aad954742db6fac78571b,base,home,4,8,995.9801,95,0.0004,97.119,39.895,459,ok,,
3085f4af81b514639b6aad954742db6fac78571b,head,home,0,1,996.8234,91,0.0004,111.998,67.385,509,ok,,
3085f4af81b514639b6aad954742db6fac78571b,head,home,1,2,980.362,110,0.0004,104.54,56.222,490,ok,,
3085f4af81b514639b6aad954742db6fac78571b,head,home,2,5,974.9367,73,0.0004,105.442,60.272,457,ok,,
3085f4af81b514639b6aad954742db6fac78571b,head,home,3,6,941.005,88.0,0.0004,131.078,111.693,443,outlier,inp;tbtFlow,
3085f4af81b514639b6aad954742db6fac78571b,head,home,4,9,965.715,100,0.0004,109.072,76.013,436,ok,,
ae89608985dfe5975b5fa0103d5aec64cb4fb83f,base,home,0,0,974.6821,98,0.0004,116.657,53.162,443,outlier,lcp,
ae89608985dfe5975b5fa0103d5aec64cb4fb83f,base,home,1,3,1370.8375,122,0.0004,149.338,183.253,573,ok,,
ae89608985dfe5975b5fa0103d5aec64cb4fb83f,base,home,2,4,1308.9081,77.5,0.0004,138.101,140.532,605,ok,,
ae89608985dfe5975b5fa0103d5aec64cb4fb83f,base,home,3,7,1312.5116,141.0,0.0004,118.668,51.731,527,ok,,
ae89608985dfe5975b5fa0103d5aec64cb4fb83f,base,home,4,8,971.0234,99,0.0004,110.775,81.726,470,outlier,lcp,
ae89608985dfe5975b5fa0103d5aec64cb4fb83f,head,home,0,1,987.6402,84.0,0.0004,116.151,67.43,478,ok,,
ae89608985dfe5975b5fa0103d5aec64cb4fb83f,head,home,1,2,971.9627,116,0.0004,131.015,163.642,463,ok,,
ae89608985dfe5975b5fa0103d5aec64cb4fb83f,head,home,2,5,1249.3334,120.5,0.0004,144.713,144.568,508,outlier,lcp,
ae89608985dfe5975b5fa0103d5aec64cb4fb83f,head,home,3,6,1223.1551,65.5,0.0004,125.373,82.57,531,outlier,lcp;tbt,
ae89608985dfe5975b5fa0103d5aec64cb4fb83f,head,home,4,9,987.5339,111.0,0.0004,253.713,744.163,502,outlier,inp;tbtFlow,
3bdaafe4b5ecde577fe9b5c69a5d1819e37c4ccb,base,home,0,0,978.9897,80.0,0.0004,125.48,83.146,472,ok,,
3bdaafe4b5ecde577fe9b5c69a5d1819e37c4ccb,base,home,1,3,989.7109,106.5,0.0005,123.25,78.827,474,ok,,
3bdaafe4b5ecde577fe9b5c69a5d1819e37c4ccb,base,home,2,4,985.0539,101,0.0004,116.856,87.453,470,ok,,
3bdaafe4b5ecde577fe9b5c69a5d1819e37c4ccb,base,home,3,7,1003.58,108,0.0004,162.384,137.131,515,ok,,
3bdaafe4b5ecde577fe9b5c69a5d1819e37c4ccb,base,home,4,8,965.7505,71,0.0004,213.519,550.04,444,outlier,inp;tbtFlow,
3bdaafe4b5ecde577fe9b5c69a5d1819e37c4ccb,base,home,5,11,986.4815,86.0037,0.0004,106.951,56.751,473,ok,,
3bdaafe4b5ecde577fe9b5c69a5d1819e37c4ccb,base,home,6,12,993.4541,98.0,0.0004,131.108,134.263,493,ok,,
3bdaafe4b5ecde577fe9b5c69a5d1819e37c4ccb,base,home,7,15,1179.5923,136,0.0004,146.671,203.844,524,outlier,lcp;tbt,
3bdaafe4b5ecde577fe9b5c69a5d1819e37c4ccb,base,home,8,16,1002.6224,98,0.0004,102.657,76.674,478,ok,,
3bdaafe4b5ecde577fe9b5c69a5d1819e37c4ccb,base,home,9,19,987.778,94.0,0.0004,125.351,85.36,458,ok,,
3bdaafe4b5ecde577fe9b5c69a5d1819e37c4ccb,base,home,10,20,1002.5019,138,0.0004,151.394,201.757,495,outlier,tbt,
3bdaafe4b5ecde577fe9b5c69a5d1819e37c4ccb,base,home,11,23,983.937,116,0.0004,80.83,33.611,458,ok,,
3bdaafe4b5ecde577fe9b5c69a5d1819e37c4ccb,base,home,12,24,1006.9552,121,0.0004,120.033,75.945,468,ok,,
3bdaafe4b5ecde577fe9b5c69a5d1819e37c4ccb,base,home,13,27,949.158,97,0.0004,141.609,117.554,475,ok,,
3bdaafe4b5ecde577fe9b5c69a5d1819e37c4ccb,base,home,14,28,1322.393,105,0.0004,123.257,212.629,536,outlier,lcp,
3bdaafe4b5ecde577fe9b5c69a5d1819e37c4ccb,head,home,0,1,997.4144,130.0,0.0004,96.47,49.035,479,ok,,
3bdaafe4b5ecde577fe9b5c69a5d1819e37c4ccb,head,home,1,2,982.6619,102,0.0004,120.975,76.596,475,ok,,
3bdaafe4b5ecde577fe9b5c69a5d1819e37c4ccb,head,home,2,5,980.6554,81,0.0004,100.825,64.146,459,ok,,
3bdaafe4b5ecde577fe9b5c69a5d1819e37c4ccb,head,home,3,6,982.7959,98,0.0004,88.376,35.66,457,ok,,
3bdaafe4b5ecde577fe9b5c69a5d1819e37c4ccb,head,home,4,9,1021.749,153,0.0004,164.132,161.427,532,outlier,tbtFlow,
3bdaafe4b5ecde577fe9b5c69a5d1819e37c4ccb,head,home,5,10,966.1584,93,0.0004,102.502,62.427,446,ok,,
3bdaafe4b5ecde577fe9b5c69a5d1819e37c4ccb,head,home,6,13,998.6707,104,0.0004,105.812,58.738,475,ok,,
3bdaafe4b5ecde577fe9b5c69a5d1819e37c4ccb,head,home,7,14,989.547,78.0,0.0004,101.875,70.057,466,ok,,
3bdaafe4b5ecde577fe9b5c69a5d1819e37c4ccb,head,home,8,17,977.7975,102,0.0004,122.158,65.795,473,ok,,
3bdaafe4b5ecde577fe9b5c69a5d1819e37c4ccb,head,home,9,18,994.8498,85.0,0.0004,104.68,59.392,476,ok,,
3bdaafe4b5ecde577fe9b5c69a5d1819e37c4ccb,head,home,10,21,1176.3137,122.5,0.0004,121.685,92.474,526,outlier,lcp,
3bdaafe4b5ecde577fe9b5c69a5d1819e37c4ccb,head,home,11,22,1084.5711,69.5,0.0004,102.454,71.336,493,outlier,lcp,
3bdaafe4b5ecde577fe9b5c69a5d1819e37c4ccb,head,home,12,25,973.2099,77,0.0004,80.312,36.337,452,ok,,
3bdaafe4b5ecde577fe9b5c69a5d1819e37c4ccb,head,home,13,26,1258.3502,172.0,0.0004,129.537,132.31,552,outlier,lcp;tbtFlow,
3bdaafe4b5ecde577fe9b5c69a5d1819e37c4ccb,head,home,14,29,1013.7654,129,0.0004,120.837,87.806,534,ok,,
b9d27d308ead33419ebada746933b6081ebe88ad,base,home,0,0,940.8122,106,0.0004,96.482,48.069,453,ok,,
b9d27d308ead33419ebada746933b6081ebe88ad,base,home,1,3,971.5533,94,0.0004,120.36,55.908,452,outlier,inp,
b9d27d308ead33419ebada746933b6081ebe88ad,base,home,2,4,985.132,73,0.0004,98.393,42.955,463,ok,,
b9d27d308ead33419ebada746933b6081ebe88ad,base,home,3,7,969.8612,91,0.0004,87.327,32.053,428,ok,,
b9d27d308ead33419ebada746933b6081ebe88ad,base,home,4,8,975.7012,129.0,0.0004,93.312,39.941,439,ok,,
b9d27d308ead33419ebada746933b6081ebe88ad,head,home,0,1,976.4296,99,0.0004,92.354,39.152,449,ok,,
b9d27d308ead33419ebada746933b6081ebe88ad,head,home,1,2,988.3422,103.5,0.0005,98.8,40.913,474,ok,,
b9d27d308ead33419ebada746933b6081ebe88ad,head,home,2,5,982.8656,83,0.0004,96.616,46.411,489,ok,,
b9d27d308ead33419ebada746933b6081ebe88ad,head,home,3,6,989.0697,94,0.0004,114.848,50.602,452,ok,,
b9d27d308ead33419ebada746933b6081ebe88ad,head,home,4,9,986.4664,95,0.0004,93.156,29.387,460,ok,,
414182f5997be12646f2fe9881f62e277fc4627e,base,home,0,0,980.8472,94,0.0004,91.451,38.96,472,ok,,
414182f5997be12646f2fe9881f62e277fc4627e,base,home,1,3,937.5033,102,0.0004,96.404,45.55,476,ok,,
414182f5997be12646f2fe9881f62e277fc4627e,base,home,2,4,963.907,80,0.0004,87.992,39.337,456,ok,,
414182f5997be12646f2fe9881f62e277fc4627e,base,home,3,7,981.8897,47,0.0004,100.273,61.914,460,ok,,
414182f5997be12646f2fe9881f62e277fc4627e,base,home,4,8,995.4314,118,0.0004,95.346,47.803,456,ok,,
414182f5997be12646f2fe9881f62e277fc4627e,head,home,0,1,979.3461,79,0.0004,97.167,34.058,451,ok,,
414182f5997be12646f2fe9881f62e277fc4627e,head,home,1,2,952.3189,106,0.0004,96.556,32.591,452,ok,,
414182f5997be12646f2fe9881f62e277fc4627e,head,home,2,5,1004.2216,87,0.0004,94.824,35.053,471,ok,,
414182f5997be12646f2fe9881f62e277fc4627e,head,home,3,6,988.588,88.0,0.0004,89.15,41.564,466,ok,,
414182f5997be12646f2fe9881f62e277fc4627e,head,home,4,9,979.0644,81,0.0004,119.781,66.795,459,outlier,inp;tbtFlow,
204e06b77bf7b592e29891160b775df33399ff4d,base,home,0,0,973.8426,69,0.0004,99.826,38.836,450,ok,,
204e06b77bf7b592e29891160b775df33399ff4d,base,home,1,3,992.6982,114,0.0004,107.818,71.469,449,ok,,
204e06b77bf7b592e29891160b775df33399ff4d,base,home,2,4,972.9755,92,0.0004,99.474,35.54,449,ok,,
204e06b77bf7b592e29891160b775df33399ff4d,base,home,3,7,1006.9761,121.0,0.0004,114.109,77.411,483,ok,,
204e06b77bf7b592e29891160b775df33399ff4d,base,home,4,8,973.0234,78,0.0004,97.837,26.375,437,ok,,
204e06b77bf7b592e29891160b775df33399ff4d,base,home,5,11,975.3726,93,0.0004,106.843,55.087,450,ok,,
204e06b77bf7b592e29891160b775df33399ff4d,base,home,6,12,956.8521,70,0.0004,116.054,61.744,440,ok,,
204e06b77bf7b592e29891160b775df33399ff4d,base,home,7,15,981.7495,88,0.0004,120.347,61.384,453,ok,,
204e06b77bf7b592e29891160b775df33399ff4d,base,home,8,16,984.8995,97,0.0004,110.178,51.987,453,ok,,
204e06b77bf7b592e29891160b775df33399ff4d,base,home,9,19,974.7299,72,0.0004,106.003,52.169,439,ok,,
204e06b77bf7b592e29891160b775df33399ff4d,base,home,10,20,983.491,59,0.0004,102.813,51.686,447,ok,,
204e06b77bf7b592e29891160b775df33399ff4d,base,home,11,23,976.6053,46,0.0004,98.191,43.36,443,ok,,
204e06b77bf7b592e29891160b775df33399ff4d,base,home,12,24,984.4344,93,0.0004,118.462,119.65,443,outlier,tbtFlow,
204e06b77bf7b592e29891160b775df33399ff4d,base,home,13,27,959.213,95,0.0004,106.165,54.2,433,ok,,
204e06b77bf7b592e29891160b775df33399ff4d,base,home,14,28,991.3083,107,0.0004,109.058,40.498,441,ok,,
204e06b77bf7b592e29891160b775df33399ff4d,head,home,0,1,1198.4815,68,0.0004,120.738,59.461,539,ok,,
204e06b77bf7b592e29891160b775df33399ff4d,head,home,1,2,1231.392,92,0.0004,114.566,58.766,893,outlier,lcpObs,
204e06b77bf7b592e29891160b775df33399ff4d,head,home,2,5,1256.7114,96,0.0004,101.578,59.503,540,ok,,
204e06b77bf7b592e29891160b775df33399ff4d,head,home,3,6,1224.224,103.0,0.0004,106.607,56.228,565,ok,,
204e06b77bf7b592e29891160b775df33399ff4d,head,home,4,9,1239.4849,96,0.0004,99.315,40.118,539,ok,,
204e06b77bf7b592e29891160b775df33399ff4d,head,home,5,10,1212.053,61,0.0004,97.01,46.035,513,ok,,
204e06b77bf7b592e29891160b775df33399ff4d,head,home,6,13,1213.707,106,0.0004,112.167,72.561,574,ok,,
204e06b77bf7b592e29891160b775df33399ff4d,head,home,7,14,1244.4591,78.0,0.0004,113.82,59.679,552,ok,,
204e06b77bf7b592e29891160b775df33399ff4d,head,home,8,17,1249.2266,92,0.0004,105.571,46.163,547,ok,,
204e06b77bf7b592e29891160b775df33399ff4d,head,home,9,18,1245.3131,89,0.0004,110.009,58.743,573,ok,,
204e06b77bf7b592e29891160b775df33399ff4d,head,home,10,21,1197.8357,99,0.0004,112.157,47.288,512,ok,,
204e06b77bf7b592e29891160b775df33399ff4d,head,home,11,22,1215.6391,88,0.0004,93.037,37.305,539,ok,,
204e06b77bf7b592e29891160b775df33399ff4d,head,home,12,25,1151.4286,95.0,0.0004,121.953,70.138,529,ok,,
204e06b77bf7b592e29891160b775df33399ff4d,head,home,13,26,1279.0531,99,0.0004,107.524,61.714,531,ok,,
204e06b77bf7b592e29891160b775df33399ff4d,head,home,14,29,1226.1635,83.0,0.0004,114.603,98.215,568,ok,,
1161f1b8ba860a34602fc4aa211ea9f5b28c30eb,base,home,0,0,1263.371,90,0.0005,99.328,42.515,546,ok,,
1161f1b8ba860a34602fc4aa211ea9f5b28c30eb,base,home,1,3,1217.1537,128,0.0004,110.253,60.114,541,outlier,tbt,
1161f1b8ba860a34602fc4aa211ea9f5b28c30eb,base,home,2,4,1239.4399,99.0,0.0004,107.331,56.265,546,ok,,
1161f1b8ba860a34602fc4aa211ea9f5b28c30eb,base,home,3,7,1249.5171,94.0,0.0004,115.056,71.573,547,ok,,
1161f1b8ba860a34602fc4aa211ea9f5b28c30eb,base,home,4,8,1240.392,97.0,0.0004,105.544,50.466,532,ok,,
1161f1b8ba860a34602fc4aa211ea9f5b28c30eb,head,home,0,1,1136.5877,70.0,0.0004,120.751,84.594,532,outlier,lcp,
1161f1b8ba860a34602fc4aa211ea9f5b28c30eb,head,home,1,2,1271.984,95,0.0004,110.235,44.779,566,ok,,
1161f1b8ba860a34602fc4aa211ea9f5b28c30eb,head,home,2,5,1258.869,126,0.0004,98.149,36.438,605,outlier,tbt;lcpObs,
1161f1b8ba860a34602fc4aa211ea9f5b28c30eb,head,home,3,6,1203.0646,93,0.0004,103.574,52.183,542,ok,,
1161f1b8ba860a34602fc4aa211ea9f5b28c30eb,head,home,4,9,1285.7103,96,0.0004,116.221,94.827,543,ok,,
ac0d3059dc71a05d266b0c89715828fa5a2d9532,base,home,0,0,1264.2525,92,0.0004,109.588,47.072,569,ok,,
ac0d3059dc71a05d266b0c89715828fa5a2d9532,base,home,1,3,1278.3429,95,0.0004,134.498,138.736,534,ok,,
ac0d3059dc71a05d266b0c89715828fa5a2d9532,base,home,2,4,1401.8473,180.5,0.0004,277.56,697.485,580,outlier,tbt;inp;tbtFlow,
ac0d3059dc71a05d266b0c89715828fa5a2d9532,base,home,3,7,1149.4294,118,0.0004,114.181,89.3,675,ok,,
ac0d3059dc71a05d266b0c89715828fa5a2d9532,base,home,4,8,1193.9416,89,0.0004,104.735,69.472,526,ok,,
ac0d3059dc71a05d266b0c89715828fa5a2d9532,head,home,0,1,1133.9241,90,0.0004,102.834,40.544,540,ok,,
ac0d3059dc71a05d266b0c89715828fa5a2d9532,head,home,1,2,1265.907,98,0.0004,96.466,43.566,574,ok,,
ac0d3059dc71a05d266b0c89715828fa5a2d9532,head,home,2,5,1346.966,140.4068,0.0004,128.618,173.929,639,outlier,tbtFlow;lcpObs,
ac0d3059dc71a05d266b0c89715828fa5a2d9532,head,home,3,6,1273.479,112,0.0004,113.144,86.766,529,ok,,
ac0d3059dc71a05d266b0c89715828fa5a2d9532,head,home,4,9,1127.965,107,0.0004,120.644,64.815,524,ok,,
a6a32b9b2948511d8943a3cdfb8376f1eb3eb6d2,base,home,0,0,1260.0838,105.0,0.0004,130.951,94.799,551,ok,,
a6a32b9b2948511d8943a3cdfb8376f1eb3eb6d2,base,home,1,3,1205.1131,97,0.0004,127.497,84.435,534,ok,,
a6a32b9b2948511d8943a3cdfb8376f1eb3eb6d2,base,home,2,4,1241.6227,78,0.0004,95.895,43.265,561,ok,,
a6a32b9b2948511d8943a3cdfb8376f1eb3eb6d2,base,home,3,7,1220.6371,123,0.0004,102.814,65.901,534,ok,,
a6a32b9b2948511d8943a3cdfb8376f1eb3eb6d2,base,home,4,8,1131.0421,75,0.0004,121.475,88.992,534,ok,,
a6a32b9b2948511d8943a3cdfb8376f1eb3eb6d2,head,home,0,1,1248.194,96,0.0004,138.463,117.735,563,ok,,
a6a32b9b2948511d8943a3cdfb8376f1eb3eb6d2,head,home,1,2,1348.7778,138.5,0.0005,128.062,87.088,600,outlier,lcp,
a6a32b9b2948511d8943a3cdfb8376f1eb3eb6d2,head,home,2,5,1217.7381,117,0.0004,133.443,91.403,527,ok,,
a6a32b9b2948511d8943a3cdfb8376f1eb3eb6d2,head,home,3,6,972.3251,68,0.0007,113.435,109.376,2027,outlier,lcp;lcpObs,
a6a32b9b2948511d8943a3cdfb8376f1eb3eb6d2,head,home,4,9,1219.6413,91.0,0.0004,111.846,85.281,563,ok,,
f55ecb96cc8db9a2417d48cd8077833c3822d64e,base,home,0,0,1274.65,110,0.0004,112.586,59.474,538,ok,,
f55ecb96cc8db9a2417d48cd8077833c3822d64e,base,home,1,3,1259.5757,76,0.0005,140.267,93.795,556,outlier,inp,
f55ecb96cc8db9a2417d48cd8077833c3822d64e,base,home,2,4,1246.9735,82,0.0005,109.45,82.912,560,ok,,
f55ecb96cc8db9a2417d48cd8077833c3822d64e,base,home,3,7,1287.4896,114,0.0004,113.701,36.081,543,ok,,
f55ecb96cc8db9a2417d48cd8077833c3822d64e,base,home,4,8,1135.4436,93,0.0004,113.78,57.264,535,outlier,lcp,
f55ecb96cc8db9a2417d48cd8077833c3822d64e,head,home,0,1,1138.5379,102,0.0004,120.346,60.813,643,outlier,lcpObs,
f55ecb96cc8db9a2417d48cd8077833c3822d64e,head,home,1,2,1251.6175,72,0.0004,130.432,96.755,546,ok,,
f55ecb96cc8db9a2417d48cd8077833c3822d64e,head,home,2,5,1241.9716,97,0.0004,127.499,71.074,534,ok,,
f55ecb96cc8db9a2417d48cd8077833c3822d64e,head,home,3,6,1179.0688,92,0.0004,103.036,38.473,526,ok,,
f55ecb96cc8db9a2417d48cd8077833c3822d64e,head,home,4,9,1267.8447,87.0,0.0004,98.81,40.056,511,ok,,
00ae455873f1d29aea75cf1c1d4dfb61471d074b,base,home,0,0,1260.5974,79,0.0005,95.736,56.379,562,ok,,
00ae455873f1d29aea75cf1c1d4dfb61471d074b,base,home,1,3,1427.6925,107.5,0.0004,95.931,41.431,603,ok,,
00ae455873f1d29aea75cf1c1d4dfb61471d074b,base,home,2,4,1260.715,125.0,0.0004,129.758,105.304,567,ok,,
00ae455873f1d29aea75cf1c1d4dfb61471d074b,base,home,3,7,1251.2911,113,0.0004,114.594,88.776,530,ok,,
00ae455873f1d29aea75cf1c1d4dfb61471d074b,base,home,4,8,1272.8528,98,0.0004,93.158,41.949,549,ok,,
00ae455873f1d29aea75cf1c1d4dfb61471d074b,base,home,5,11,1133.4734,93,0.0004,110.858,63.895,527,ok,,
00ae455873f1d29aea75cf1c1d4dfb61471d074b,base,home,6,12,1202.6111,94,0.0004,109.797,46.358,583,ok,,
00ae455873f1d29aea75cf1c1d4dfb61471d074b,base,home,7,15,1265.756,88,0.0004,101.277,50.69,560,ok,,
00ae455873f1d29aea75cf1c1d4dfb61471d074b,base,home,8,16,1208.7346,94,0.0004,112.328,55.601,548,ok,,
00ae455873f1d29aea75cf1c1d4dfb61471d074b,base,home,9,19,1144.5206,122.0,0.0004,133.519,120.971,526,outlier,tbtFlow,
00ae455873f1d29aea75cf1c1d4dfb61471d074b,base,home,10,20,1342.584,179.5832,0.0004,122.295,116.416,719,outlier,tbt;lcpObs,
00ae455873f1d29aea75cf1c1d4dfb61471d074b,base,home,11,23,1340.5005,158.5,0.0004,132.708,110.005,634,outlier,tbt,
00ae455873f1d29aea75cf1c1d4dfb61471d074b,base,home,12,24,1216.3489,127,0.0004,110.239,92.698,537,ok,,
00ae455873f1d29aea75cf1c1d4dfb61471d074b,base,home,13,27,1264.4048,100.0,0.0004,100.215,48.09,541,ok,,
00ae455873f1d29aea75cf1c1d4dfb61471d074b,base,home,14,28,1274.339,94,0.0004,101.388,51.782,598,ok,,
00ae455873f1d29aea75cf1c1d4dfb61471d074b,head,home,0,1,1334.5624,156.5,0.0004,167.967,309.613,599,outlier,tbt;inp;tbtFlow,
00ae455873f1d29aea75cf1c1d4dfb61471d074b,head,home,1,2,1250.2784,95,0.0004,128.693,97.639,570,ok,,
00ae455873f1d29aea75cf1c1d4dfb61471d074b,head,home,2,5,1321.6116,194,0.0004,128.805,181.022,570,outlier,tbt,
00ae455873f1d29aea75cf1c1d4dfb61471d074b,head,home,3,6,1247.338,101.0,0.0004,118.664,56.813,538,ok,,
00ae455873f1d29aea75cf1c1d4dfb61471d074b,head,home,4,9,1291.6086,124.5,0.0004,120.545,69.364,570,ok,,
00ae455873f1d29aea75cf1c1d4dfb61471d074b,head,home,5,10,1297.1568,76,0.0004,115.027,70.242,578,ok,,
00ae455873f1d29aea75cf1c1d4dfb61471d074b,head,home,6,13,1241.7611,107.5,0.0004,118.345,64.135,523,ok,,
00ae455873f1d29aea75cf1c1d4dfb61471d074b,head,home,7,14,1143.0604,90,0.0004,119.804,117.212,528,ok,,
00ae455873f1d29aea75cf1c1d4dfb61471d074b,head,home,8,17,1200.9059,99,0.0004,130.182,112.534,848,outlier,lcpObs,
00ae455873f1d29aea75cf1c1d4dfb61471d074b,head,home,9,18,1136.4698,102,0.0004,97.109,41.099,525,ok,,
00ae455873f1d29aea75cf1c1d4dfb61471d074b,head,home,10,21,1258.2874,167.0,0.0004,89.132,35.587,567,outlier,tbt,
00ae455873f1d29aea75cf1c1d4dfb61471d074b,head,home,11,22,1270.1734,94,0.0004,144.055,141.963,556,ok,,
00ae455873f1d29aea75cf1c1d4dfb61471d074b,head,home,12,25,1234.6711,101,0.0004,109.173,56.029,564,ok,,
00ae455873f1d29aea75cf1c1d4dfb61471d074b,head,home,13,26,1216.5688,91,0.0004,118.222,66.439,525,ok,,
00ae455873f1d29aea75cf1c1d4dfb61471d074b,head,home,14,29,1241.1769,95.0,0.0004,121.504,103.648,542,ok,,
06c5ea94d331b9c42f922ea7ea6c40f22a9cfa8c,base,home,0,0,1196.0561,97,0.0004,107.531,61.066,554,ok,,
06c5ea94d331b9c42f922ea7ea6c40f22a9cfa8c,base,home,1,3,1286.1686,117.0,0.0004,104.988,57.967,570,ok,,
06c5ea94d331b9c42f922ea7ea6c40f22a9cfa8c,base,home,2,4,1197.9976,96,0.0004,132.49,82.618,512,outlier,inp,
06c5ea94d331b9c42f922ea7ea6c40f22a9cfa8c,base,home,3,7,1223.8653,92,0.0004,107.801,60.191,533,ok,,
06c5ea94d331b9c42f922ea7ea6c40f22a9cfa8c,base,home,4,8,1256.9972,102,0.0004,96.426,52.809,536,ok,,
06c5ea94d331b9c42f922ea7ea6c40f22a9cfa8c,head,home,0,1,1220.8535,98.0,0.0004,104.249,49.555,543,ok,,
06c5ea94d331b9c42f922ea7ea6c40f22a9cfa8c,head,home,1,2,1208.8854,74,0.0004,116.603,57.579,540,ok,,
06c5ea94d331b9c42f922ea7ea6c40f22a9cfa8c,head,home,2,5,1258.3765,124.0,0.0004,114.955,63.627,568,ok,,
06c5ea94d331b9c42f922ea7ea6c40f22a9cfa8c,head,home,3,6,1259.6044,105.0,0.0004,106.368,51.56,541,ok,,
06c5ea94d331b9c42f922ea7ea6c40f22a9cfa8c,head,home,4,9,1235.2355,97,0.0004,127.832,81.657,662,outlier,lcpObs,
91c7748c3d58a54444193695d3b7d3ced34434ad,base,home,0,0,1281.4823,108,0.0004,105.084,48.689,589,ok,,
91c7748c3d58a54444193695d3b7d3ced34434ad,base,home,1,3,1272.334,134,0.0004,178.853,181.264,590,outlier,inp,
91c7748c3d58a54444193695d3b7d3ced34434ad,base,home,2,4,1285.1991,131.5,0.0004,136.087,196.831,607,ok,,
91c7748c3d58a54444193695d3b7d3ced34434ad,base,home,3,7,1220.5854,86.0,0.0005,103.15,44.576,539,ok,,
91c7748c3d58a54444193695d3b7d3ced34434ad,base,home,4,8,1131.9903,93,0.0004,91.051,82.778,512,outlier,lcp,
91c7748c3d58a54444193695d3b7d3ced34434ad,head,home,0,1,1205.5594,102,0.0004,146.256,192.334,517,outlier,tbtFlow,
91c7748c3d58a54444193695d3b7d3ced34434ad,head,home,1,2,1329.9592,155,0.0004,137.944,130.032,739,outlier,tbt;lcpObs,
91c7748c3d58a54444193695d3b7d3ced34434ad,head,home,2,5,1264.1384,82.0,0.0004,104.018,44.561,605,ok,,
91c7748c3d58a54444193695d3b7d3ced34434ad,head,home,3,6,1212.5376,94,0.0004,100.003,71.541,526,ok,,
91c7748c3d58a54444193695d3b7d3ced34434ad,head,home,4,9,1240.1869,70,0.0005,110.419,66.053,553,ok,,
f738b74791b837a2530c1502eca61d3d51b3b583,base,home,0,0,1202.4958,93.0,0.0004,121.248,86.546,567,ok,,
f738b74791b837a2530c1502eca61d3d51b3b583,base,home,1,3,1266.905,89,0.0004,89.851,40.986,549,ok,,
f738b74791b837a2530c1502eca61d3d51b3b583,base,home,2,4,1214.5155,94,0.0004,123.28,84.233,540,ok,,
f738b74791b837a2530c1502eca61d3d51b3b583,base,home,3,7,1137.3189,119,0.0004,111.967,57.912,507,ok,,
f738b74791b837a2530c1502eca61d3d51b3b583,base,home,4,8,1292.4296,98.5,0.0004,108.288,68.364,539,ok,,
f738b74791b837a2530c1502eca61d3d51b3b583,head,home,0,1,1225.9328,101,0.0004,106.414,46.105,541,ok,,
f738b74791b837a2530c1502eca61d3d51b3b583,head,home,1,2,1274.7416,59,0.0004,116.3,61.745,546,outlier,tbt,
f738b74791b837a2530c1502eca61d3d51b3b583,head,home,2,5,1274.0303,128.0,0.0004,119.183,91.388,698,outlier,tbtFlow;lcpObs,
f738b74791b837a2530c1502eca61d3d51b3b583,head,home,3,6,1205.0036,93,0.0004,110.891,48.824,541,ok,,
f738b74791b837a2530c1502eca61d3d51b3b583,head,home,4,9,1211.8225,100,0.0004,98.513,48.437,506,ok,,
06c40006db969b10b77b6e80266311a555b4cdbe,base,home,0,0,1257.1872,70,0.0004,116.666,59.491,537,ok,,
06c40006db969b10b77b6e80266311a555b4cdbe,base,home,1,3,1255.717,157,0.0004,94.972,30.57,549,outlier,tbt,
06c40006db969b10b77b6e80266311a555b4cdbe,base,home,2,4,1236.7855,90,0.0004,97.134,52.505,564,ok,,
06c40006db969b10b77b6e80266311a555b4cdbe,base,home,3,7,1207.5529,100,0.0004,104.913,54.99,527,ok,,
06c40006db969b10b77b6e80266311a555b4cdbe,base,home,4,8,1151.9064,79,0.0004,107.057,56.415,520,ok,,
06c40006db969b10b77b6e80266311a555b4cdbe,head,home,0,1,1263.5051,94,0.0004,98.194,48.438,553,ok,,
06c40006db969b10b77b6e80266311a555b4cdbe,head,home,1,2,1253.8896,94,0.0004,111.376,90.789,545,outlier,tbtFlow,
06c40006db969b10b77b6e80266311a555b4cdbe,head,home,2,5,1216.3309,78.2338,0.0005,97.318,44.252,583,ok,,
06c40006db969b10b77b6e80266311a555b4cdbe,head,home,3,6,1257.9446,98,0.0004,93.34,54.722,536,ok,,
06c40006db969b10b77b6e80266311a555b4cdbe,head,home,4,9,1149.8984,84.0,0.0004,115.656,47.94,528,outlier,lcp,
e32836f799b65f978cbf4877eab7ffc42c6e6494,base,home,0,0,1133.4017,69,0.0004,118.086,67.223,555,outlier,inp,
e32836f799b65f978cbf4877eab7ffc42c6e6494,base,home,1,3,1282.5186,100,0.0004,96.18,34.487,583,ok,,
e32836f799b65f978cbf4877eab7ffc42c6e6494,base,home,2,4,1248.0003,67,0.0004,95.11,41.854,543,outlier,tbt,
e32836f799b65f978cbf4877eab7ffc42c6e6494,base,home,3,7,1200.0814,102,0.0004,97.125,43.662,514,ok,,
e32836f799b65f978cbf4877eab7ffc42c6e6494,base,home,4,8,1229.325,99,0.0004,112.105,51.658,513,ok,,
e32836f799b65f978cbf4877eab7ffc42c6e6494,head,home,0,1,1201.402,96,0.0004,125.672,64.392,559,ok,,
e32836f799b65f978cbf4877eab7ffc42c6e6494,head,home,1,2,1256.8756,75.0,0.0004,107.038,54.479,534,ok,,
e32836f799b65f978cbf4877eab7ffc42c6e6494,head,home,2,5,1252.2413,89,0.0004,113.012,70.698,545,ok,,
e32836f799b65f978cbf4877eab7ffc42c6e6494,head,home,3,6,1220.7209,110.0,0.0004,106.457,54.423,558,ok,,
e32836f799b65f978cbf4877eab7ffc42c6e6494,head,home,4,9,1238.3289,77,0.0004,101.235,44.625,572,ok,,
a89a03c66ccbd3d44078be78a82d7adfb8f05953,base,home,0,0,1195.201,69,0.0004,113.327,52.689,559,ok,,
a89a03c66ccbd3d44078be78a82d7adfb8f05953,base,home,1,3,1220.572,100,0.0004,99.713,55.836,527,ok,,
a89a03c66ccbd3d44078be78a82d7adfb8f05953,base,home,2,4,1209.0666,71,0.0004,102.474,50.165,522,ok,,
a89a03c66ccbd3d44078be78a82d7adfb8f05953,base,home,3,7,1250.9897,125.0,0.0004,120.078,68.827,944,outlier,tbt;lcpObs,
a89a03c66ccbd3d44078be78a82d7adfb8f05953,base,home,4,8,1214.339,76,0.0004,104.973,35.24,552,ok,,
a89a03c66ccbd3d44078be78a82d7adfb8f05953,head,home,0,1,1114.9225,67.0,0.0004,118.131,72.788,492,outlier,lcp,
a89a03c66ccbd3d44078be78a82d7adfb8f05953,head,home,1,2,1227.007,105,0.0004,96.036,36.482,526,outlier,tbt,
a89a03c66ccbd3d44078be78a82d7adfb8f05953,head,home,2,5,1220.8989,94,0.0004,92.196,40.04,516,ok,,
a89a03c66ccbd3d44078be78a82d7adfb8f05953,head,home,3,6,1595.5866,71,0.0004,104.775,46.2,572,outlier,lcp,
a89a03c66ccbd3d44078be78a82d7adfb8f05953,head,home,4,9,1220.0603,72,0.0004,115.288,50.036,563,ok,,
a8acc8212df612da3e4b5d302d759214d5826552,base,home,0,0,1237.6578,76,0.0004,108.953,77.707,587,ok,,
a8acc8212df612da3e4b5d302d759214d5826552,base,home,1,3,1215.225,102,0.0004,105.961,52.642,549,ok,,
a8acc8212df612da3e4b5d302d759214d5826552,base,home,2,4,1206.7219,95.0,0.0004,95.911,33.118,540,ok,,
a8acc8212df612da3e4b5d302d759214d5826552,base,home,3,7,1253.2737,105,0.0004,97.656,32.344,503,ok,,
a8acc8212df612da3e4b5d302d759214d5826552,base,home,4,8,1144.7394,73.0,0.0004,109.413,21.645,505,ok,,
a8acc8212df612da3e4b5d302d759214d5826552,head,home,0,1,1175.0002,91.0,0.0004,94.416,54.743,570,ok,,
a8acc8212df612da3e4b5d302d759214d5826552,head,home,1,2,1121.3244,96,0.0004,109.694,59.724,492,ok,,
a8acc8212df612da3e4b5d302d759214d5826552,head,home,2,5,972.204,72.0,0.0005,116.715,62.265,2023,outlier,lcpObs,
a8acc8212df612da3e4b5d302d759214d5826552,head,home,3,6,1193.6236,88,0.0004,125.998,31.672,539,ok,,
a8acc8212df612da3e4b5d302d759214d5826552,head,home,4,9,1224.685,56.5,0.0004,118.261,33.506,539,ok,,
dcdeb2be5781cb8d1b0834c8251add578e0fc04f,base,home,0,0,1224.1591,98.0,0.0004,111.296,35.818,557,outlier,lcpObs,
dcdeb2be5781cb8d1b0834c8251add578e0fc04f,base,home,1,3,1173.2195,91,0.0004,94.858,34.735,501,ok,,
dcdeb2be5781cb8d1b0834c8251add578e0fc04f,base,home,2,4,1110.8749,64.0,0.0004,144.583,47.219,487,ok,,
dcdeb2be5781cb8d1b0834c8251add578e0fc04f,base,home,3,7,1144.077,89.0,0.0004,93.206,20.264,503,ok,,
dcdeb2be5781cb8d1b0834c8251add578e0fc04f,base,home,4,8,1178.1675,62,0.0004,160.988,83.232,505,ok,,
dcdeb2be5781cb8d1b0834c8251add578e0fc04f,head,home,0,1,1279.1247,77.0,0.0004,111.005,30.534,595,ok,,
dcdeb2be5781cb8d1b0834c8251add578e0fc04f,head,home,1,2,1198.0832,75,0.0004,116.101,44.683,683,ok,,
dcdeb2be5781cb8d1b0834c8251add578e0fc04f,head,home,2,5,1132.9378,98,0.0004,126.503,35.913,540,ok,,
dcdeb2be5781cb8d1b0834c8251add578e0fc04f,head,home,3,6,1197.7191,72.0,0.0004,110.528,27.814,523,ok,,
dcdeb2be5781cb8d1b0834c8251add578e0fc04f,head,home,4,9,1247.2997,97.0,0.0004,142.582,41.243,486,outlier,inp,
ec070911b8a1e729ebff0e6e90e4c3ac0a6bce1e,base,home,0,0,1225.3319,89,0.0004,115.876,41.004,683,outlier,lcpObs,
ec070911b8a1e729ebff0e6e90e4c3ac0a6bce1e,base,home,1,3,1217.4296,104,0.0004,97.775,28.121,522,ok,,
ec070911b8a1e729ebff0e6e90e4c3ac0a6bce1e,base,home,2,4,1241.2765,129,0.0004,117.062,41.511,559,ok,,
ec070911b8a1e729ebff0e6e90e4c3ac0a6bce1e,base,home,3,7,1200.4885,101,0.0004,122.435,38.353,523,ok,,
ec070911b8a1e729ebff0e6e90e4c3ac0a6bce1e,base,home,4,8,1270.367,105,0.0004,114.331,35.19,539,ok,,
ec070911b8a1e729ebff0e6e90e4c3ac0a6bce1e,head,home,0,1,1213.8758,95.0,0.0004,109.559,42.856,506,ok,,
ec070911b8a1e729ebff0e6e90e4c3ac0a6bce1e,head,home,1,2,1198.755,94,0.0004,123.221,43.272,538,ok,,
ec070911b8a1e729ebff0e6e90e4c3ac0a6bce1e,head,home,2,5,1116.7941,90,0.0004,125.322,39.881,521,ok,,
ec070911b8a1e729ebff0e6e90e4c3ac0a6bce1e,head,home,3,6,1277.3567,93,0.0004,110.52,22.83,591,ok,,
ec070911b8a1e729ebff0e6e90e4c3ac0a6bce1e,head,home,4,9,1129.7654,110,0.0004,110.407,36.215,606,ok,,
f1b097ad06d9cacc764405004b4d2786d5d5d38e,base,home,0,0,1216.0489,103.0,0.0004,112.503,40.098,540,ok,,
f1b097ad06d9cacc764405004b4d2786d5d5d38e,base,home,1,3,1269.4623,80.0,0.0004,110.18,35.83,542,outlier,lcp,
f1b097ad06d9cacc764405004b4d2786d5d5d38e,base,home,2,4,1136.4901,52.0,0.0004,122.097,38.669,540,ok,,
f1b097ad06d9cacc764405004b4d2786d5d5d38e,base,home,3,7,1127.241,77,0.0004,125.854,40.834,524,ok,,
f1b097ad06d9cacc764405004b4d2786d5d5d38e,base,home,4,8,1118.5273,73,0.0004,108.801,43.177,506,ok,,
f1b097ad06d9cacc764405004b4d2786d5d5d38e,head,home,0,1,1135.4471,108,0.0004,93.997,30.007,504,ok,,
f1b097ad06d9cacc764405004b4d2786d5d5d38e,head,home,1,2,1110.8689,88,0.0004,140.355,39.614,558,ok,,
f1b097ad06d9cacc764405004b4d2786d5d5d38e,head,home,2,5,1294.8871,89,0.0004,122.76,47.674,505,outlier,lcp,
f1b097ad06d9cacc764405004b4d2786d5d5d38e,head,home,3,6,1322.0842,96,0.0004,107.451,45.143,924,outlier,lcp;lcpObs,
f1b097ad06d9cacc764405004b4d2786d5d5d38e,head,home,4,9,1135.0905,74,0.0004,118.253,44.183,508,ok,,
9fcbbe0d27278b7df5ec01012a207002d6c814ef,base,home,0,0,1159.7499,95,0.0004,117.52,42.748,485,ok,,
9fcbbe0d27278b7df5ec01012a207002d6c814ef,base,home,1,3,1115.3201,70.5,0.0004,111.104,30.084,520,ok,,
9fcbbe0d27278b7df5ec01012a207002d6c814ef,base,home,2,4,1155.8918,108,0.0004,121.702,35.57,505,ok,,
9fcbbe0d27278b7df5ec01012a207002d6c814ef,base,home,3,7,1195.9309,99,0.0004,125.901,45.04,555,ok,,
9fcbbe0d27278b7df5ec01012a207002d6c814ef,base,home,4,8,1238.4752,91,0.0004,112.594,39.864,701,outlier,lcpObs,
9fcbbe0d27278b7df5ec01012a207002d6c814ef,base,home,5,11,1208.5507,95,0.0004,122.697,36.287,522,ok,,
9fcbbe0d27278b7df5ec01012a207002d6c814ef,base,home,6,12,1212.9589,88,0.0004,94.457,36.439,556,outlier,inp,
9fcbbe0d27278b7df5ec01012a207002d6c814ef,base,home,7,15,1140.9959,108,0.0004,121.58,33.928,507,ok,,
9fcbbe0d27278b7df5ec01012a207002d6c814ef,base,home,8,16,1239.57,123.0,0.0004,125.989,45.149,555,ok,,
9fcbbe0d27278b7df5ec01012a207002d6c814ef,base,home,9,19,1135.3286,92,0.0004,94.481,32.257,506,outlier,inp,
9fcbbe0d27278b7df5ec01012a207002d6c814ef,base,home,10,20,1173.3869,52,0.0004,108.366,42.112,506,outlier,tbt,
9fcbbe0d27278b7df5ec01012a207002d6c814ef,base,home,11,23,1252.0879,101,0.0004,120.018,43.603,487,ok,,
9fcbbe0d27278b7df5ec01012a207002d6c814ef,base,home,12,24,1219.0471,110.0,0.0004,125.086,27.196,521,ok,,
9fcbbe0d27278b7df5ec01012a207002d6c814ef,base,home,13,27,1138.965,99,0.0004,124.578,19.082,486,ok,,
9fcbbe0d27278b7df5ec01012a207002d6c814ef,base,home,14,28,1235.2854,96,0.0004,125.842,52.861,544,ok,,
9fcbbe0d27278b7df5ec01012a207002d6c814ef,head,home,0,1,1159.1134,92,0.0004,108.129,27.722,539,ok,,
9fcbbe0d27278b7df5ec01012a207002d6c814ef,head,home,1,2,1273.4054,115,0.0004,117.579,41.271,507,ok,,
9fcbbe0d27278b7df5ec01012a207002d6c814ef,head,home,2,5,1217.7946,100,0.0004,110.541,46.167,540,ok,,
9fcbbe0d27278b7df5ec01012a207002d6c814ef,head,home,3,6,1258.0594,100,0.0004,127.418,21.908,559,ok,,
9fcbbe0d27278b7df5ec01012a207002d6c814ef,head,home,4,9,1252.2563,88,0.0004,94.518,20.931,489,ok,,
9fcbbe0d27278b7df5ec01012a207002d6c814ef,head,home,5,10,1110.6412,43.5,0.0004,115.447,33.612,487,outlier,tbt,
9fcbbe0d27278b7df5ec01012a207002d6c814ef,head,home,6,13,1178.5711,92,0.0004,119.95,45.057,490,ok,,
9fcbbe0d27278b7df5ec01012a207002d6c814ef,head,home,7,14,1204.367,104.0,0.0004,117.157,43.324,540,ok,,
9fcbbe0d27278b7df5ec01012a207002d6c814ef,head,home,8,17,1228.6128,98,0.0004,126.482,48.495,643,outlier,lcpObs,
9fcbbe0d27278b7df5ec01012a207002d6c814ef,head,home,9,18,1115.0358,89,0.0004,128.595,51.741,505,ok,,
9fcbbe0d27278b7df5ec01012a207002d6c814ef,head,home,10,21,1133.575,89,0.0004,95.099,27.481,504,ok,,
9fcbbe0d27278b7df5ec01012a207002d6c814ef,head,home,11,22,1126.981,111,0.0004,110.509,31.181,487,ok,,
9fcbbe0d27278b7df5ec01012a207002d6c814ef,head,home,12,25,1194.0439,92,0.0004,110.65,33.413,521,ok,,
9fcbbe0d27278b7df5ec01012a207002d6c814ef,head,home,13,26,1137.3134,77.0,0.0004,113.641,41.759,502,ok,,
9fcbbe0d27278b7df5ec01012a207002d6c814ef,head,home,14,29,1176.0068,71,0.0004,120.458,44.531,522,ok,,
7c4194485647fcd3a1aaa75612c0193208d65bae,base,home,0,0,1220.2293,95,0.0004,139.97,47.403,537,ok,,
7c4194485647fcd3a1aaa75612c0193208d65bae,base,home,1,3,1128.6076,92.0,0.0004,122.742,28.354,488,outlier,lcp,
7c4194485647fcd3a1aaa75612c0193208d65bae,base,home,2,4,1212.8705,75,0.0004,120.24,40.185,504,ok,,
7c4194485647fcd3a1aaa75612c0193208d65bae,base,home,3,7,1233.3264,117,0.0004,138.948,52.486,713,outlier,lcpObs,
7c4194485647fcd3a1aaa75612c0193208d65bae,base,home,4,8,1306.1584,96.0,0.0004,113.344,41.625,502,outlier,lcp,
7c4194485647fcd3a1aaa75612c0193208d65bae,head,home,0,1,1263.617,100,0.0004,108.272,27.908,523,ok,,
7c4194485647fcd3a1aaa75612c0193208d65bae,head,home,1,2,1158.0997,102,0.0004,123.976,32.949,504,ok,,
7c4194485647fcd3a1aaa75612c0193208d65bae,head,home,2,5,1193.7938,66,0.0004,145.044,53.328,508,ok,,
7c4194485647fcd3a1aaa75612c0193208d65bae,head,home,3,6,1215.7869,90,0.0004,110.076,23.857,488,ok,,
7c4194485647fcd3a1aaa75612c0193208d65bae,head,home,4,9,1120.3575,79,0.0004,118.032,36.975,489,ok,,
fde796a7a00d43dc2bb434b5ec98fb57afe9e896,base,home,0,0,1214.782,73.0,0.0004,111.791,40.157,524,ok,,
fde796a7a00d43dc2bb434b5ec98fb57afe9e896,base,home,1,3,1174.3555,93,0.0004,97.783,31.72,507,ok,,
fde796a7a00d43dc2bb434b5ec98fb57afe9e896,base,home,2,4,1289.1229,73,0.0005,95.418,31.617,574,ok,,
fde796a7a00d43dc2bb434b5ec98fb57afe9e896,base,home,3,7,1210.3451,72,0.0004,140.24,53.863,452,ok,,
fde796a7a00d43dc2bb434b5ec98fb57afe9e896,base,home,4,8,1252.3041,103,0.0004,109.502,31.958,789,outlier,lcpObs,
fde796a7a00d43dc2bb434b5ec98fb57afe9e896,head,home,0,1,1170.2745,47,0.0004,114.081,43.239,488,ok,,
fde796a7a00d43dc2bb434b5ec98fb57afe9e896,head,home,1,2,1239.9375,106,0.0004,146.704,53.613,804,outlier,inp;lcpObs,
fde796a7a00d43dc2bb434b5ec98fb57afe9e896,head,home,2,5,1134.363,107,0.0004,116.757,27.877,506,ok,,
fde796a7a00d43dc2bb434b5ec98fb57afe9e896,head,home,3,6,1269.7035,72.0,0.0004,113.156,34.976,527,ok,,
fde796a7a00d43dc2bb434b5ec98fb57afe9e896,head,home,4,9,1196.26,93,0.0004,93.104,24.868,522,outlier,inp,
835eb8d2fdf21afd93175367838e6b9ecd9e9271,base,home,0,0,1202.3635,82,0.0004,114.011,40.721,520,ok,,
835eb8d2fdf21afd93175367838e6b9ecd9e9271,base,home,1,3,1357.4003,105,0.0004,111.037,35.12,488,ok,,
835eb8d2fdf21afd93175367838e6b9ecd9e9271,base,home,2,4,1204.5412,98,0.0004,118.4,34.635,487,ok,,
835eb8d2fdf21afd93175367838e6b9ecd9e9271,base,home,3,7,1229.1918,92,0.0004,94.444,40.676,506,ok,,
835eb8d2fdf21afd93175367838e6b9ecd9e9271,base,home,4,8,1214.1959,93,0.0004,93.41,20.243,470,outlier,inp,
835eb8d2fdf21afd93175367838e6b9ecd9e9271,base,home,5,11,1210.971,88,0.0004,118.027,33.992,521,ok,,
835eb8d2fdf21afd93175367838e6b9ecd9e9271,base,home,6,12,1152.1837,97,0.0004,93.904,34.352,484,outlier,inp,
835eb8d2fdf21afd93175367838e6b9ecd9e9271,base,home,7,15,1128.4689,113,0.0004,112.777,39.617,470,ok,,
835eb8d2fdf21afd93175367838e6b9ecd9e9271,base,home,8,16,1122.3284,77,0.0004,116.511,36.591,505,ok,,
835eb8d2fdf21afd93175367838e6b9ecd9e9271,base,home,9,19,1109.6689,86.0,0.0004,123.024,47.349,521,ok,,
835eb8d2fdf21afd93175367838e6b9ecd9e9271,base,home,10,20,1405.3036,118,0.0004,93.514,22.656,488,outlier,inp,
835eb8d2fdf21afd93175367838e6b9ecd9e9271,base,home,11,23,1173.6655,89.0,0.0004,124.36,29.998,472,ok,,
835eb8d2fdf21afd93175367838e6b9ecd9e9271,base,home,12,24,1146.0971,107,0.0004,113.974,48.635,487,ok,,
835eb8d2fdf21afd93175367838e6b9ecd9e9271,base,home,13,27,1110.6386,65,0.0004,114.043,49.842,506,ok,,
835eb8d2fdf21afd93175367838e6b9ecd9e9271,base,home,14,28,1200.5729,110.0,0.0004,82.699,28.558,504,outlier,inp,
835eb8d2fdf21afd93175367838e6b9ecd9e9271,head,home,0,1,1169.9374,84,0.0004,125.967,33.884,540,ok,,
835eb8d2fdf21afd93175367838e6b9ecd9e9271,head,home,1,2,1179.0251,104.0,0.0004,144.418,36.762,506,ok,,
835eb8d2fdf21afd93175367838e6b9ecd9e9271,head,home,2,5,1128.7484,107,0.0004,116.857,48.272,523,ok,,
835eb8d2fdf21afd93175367838e6b9ecd9e9271,head,home,3,6,1169.4105,96,0.0004,117.105,10.865,485,ok,,
835eb8d2fdf21afd93175367838e6b9ecd9e9271,head,home,4,9,1129.3711,105,0.0004,93.575,32.035,506,ok,,
835eb8d2fdf21afd93175367838e6b9ecd9e9271,head,home,5,10,1181.5375,102.0,0.0004,93.26,27.94,487,ok,,
835eb8d2fdf21afd93175367838e6b9ecd9e9271,head,home,6,13,1187.785,126,0.0004,94.563,22.224,487,ok,,
835eb8d2fdf21afd93175367838e6b9ecd9e9271,head,home,7,14,1172.5529,65.0,0.0004,95.463,33.213,470,ok,,
835eb8d2fdf21afd93175367838e6b9ecd9e9271,head,home,8,17,1148.9671,109,0.0004,95.47,29.929,593,outlier,lcpObs,
835eb8d2fdf21afd93175367838e6b9ecd9e9271,head,home,9,18,1211.4381,118,0.0004,110.498,25.556,470,ok,,
835eb8d2fdf21afd93175367838e6b9ecd9e9271,head,home,10,21,1205.7746,53,0.0004,126.702,72.225,471,outlier,tbt;tbtFlow,
835eb8d2fdf21afd93175367838e6b9ecd9e9271,head,home,11,22,1163.5211,83.0,0.0004,106.244,43.181,488,ok,,
835eb8d2fdf21afd93175367838e6b9ecd9e9271,head,home,12,25,1179.3149,92,0.0004,95.074,29.926,486,ok,,
835eb8d2fdf21afd93175367838e6b9ecd9e9271,head,home,13,26,929.0006,70,0.0005,139.509,78.019,2020,outlier,lcp;tbtFlow;lcpObs,
835eb8d2fdf21afd93175367838e6b9ecd9e9271,head,home,14,29,1194.1096,111.5,0.0004,126.71,31.724,508,ok,,
f3c16a600d4aae624776660c2ee4462b3bcd6a66,base,home,0,0,1257.1464,69,0.0004,139.098,54.34,560,ok,,
f3c16a600d4aae624776660c2ee4462b3bcd6a66,base,home,1,3,1128.6619,110,0.0004,115.172,32.929,506,ok,,
f3c16a600d4aae624776660c2ee4462b3bcd6a66,base,home,2,4,1182.3209,100,0.0004,94.182,33.744,489,ok,,
f3c16a600d4aae624776660c2ee4462b3bcd6a66,base,home,3,7,1148.2204,119,0.0004,108.391,10.041,542,ok,,
f3c16a600d4aae624776660c2ee4462b3bcd6a66,base,home,4,8,1177.423,90,0.0004,94.414,27.354,526,ok,,
f3c16a600d4aae624776660c2ee4462b3bcd6a66,head,home,0,1,1214.6854,103.0,0.0004,95.531,21.499,505,ok,,
f3c16a600d4aae624776660c2ee4462b3bcd6a66,head,home,1,2,1201.5524,81,0.0004,111.115,43.269,506,ok,,
f3c16a600d4aae624776660c2ee4462b3bcd6a66,head,home,2,5,1236.325,87,0.0004,94.491,20.358,595,outlier,lcpObs,
f3c16a600d4aae624776660c2ee4462b3bcd6a66,head,home,3,6,1162.0256,104,0.0004,126.22,45.719,505,ok,,
f3c16a600d4aae624776660c2ee4462b3bcd6a66,head,home,4,9,1247.3406,110,0.0005,109.533,33.51,489,ok,,
416e8b3e421971bf2162cb78a2dee7bbc6dabb23,base,home,0,0,1221.2635,80,0.0004,113.582,41.889,504,ok,,
416e8b3e421971bf2162cb78a2dee7bbc6dabb23,base,home,1,3,1171.3675,95.0,0.0004,119.696,41.455,507,ok,,
416e8b3e421971bf2162cb78a2dee7bbc6dabb23,base,home,2,4,1282.258,47.5,0.0004,116.024,36.241,561,ok,,
416e8b3e421971bf2162cb78a2dee7bbc6dabb23,base,home,3,7,1275.9735,113,0.0004,125.263,19.134,524,ok,,
416e8b3e421971bf2162cb78a2dee7bbc6dabb23,base,home,4,8,1210.1345,69,0.0004,111.999,42.764,489,ok,,
416e8b3e421971bf2162cb78a2dee7bbc6dabb23,head,home,0,1,1198.121,96,0.0004,122.135,40.362,521,ok,,
416e8b3e421971bf2162cb78a2dee7bbc6dabb23,head,home,1,2,1193.2812,84,0.0004,110.407,25.575,488,ok,,
416e8b3e421971bf2162cb78a2dee7bbc6dabb23,head,home,2,5,1256.148,86.0,0.0004,95.487,28.738,523,ok,,
416e8b3e421971bf2162cb78a2dee7bbc6dabb23,head,home,3,6,1165.3356,110,0.0004,117.112,39.447,504,ok,,
416e8b3e421971bf2162cb78a2dee7bbc6dabb23,head,home,4,9,1173.5595,95,0.0004,115.772,31.421,507,ok,,
19b03b4ca9d9dbbd8d3246d99490dadf57e4c507,base,home,0,0,1275.6288,92,0.0005,115.462,41.356,540,ok,,
19b03b4ca9d9dbbd8d3246d99490dadf57e4c507,base,home,1,3,1118.6914,96,0.0004,93.82,27.543,506,ok,,
19b03b4ca9d9dbbd8d3246d99490dadf57e4c507,base,home,2,4,1241.1382,107,0.0004,125.478,23.532,487,ok,,
19b03b4ca9d9dbbd8d3246d99490dadf57e4c507,base,home,3,7,1194.808,70,0.0004,110.488,32.782,507,ok,,
19b03b4ca9d9dbbd8d3246d99490dadf57e4c507,base,home,4,8,1385.2402,77,0.0004,109.867,21.726,473,ok,,
19b03b4ca9d9dbbd8d3246d99490dadf57e4c507,head,home,0,1,1252.8471,87.0,0.0004,95.396,32.373,666,outlier,inp;lcpObs,
19b03b4ca9d9dbbd8d3246d99490dadf57e4c507,head,home,1,2,1185.1797,89,0.0004,120.025,55.619,488,ok,,
19b03b4ca9d9dbbd8d3246d99490dadf57e4c507,head,home,2,5,1116.0811,71,0.0004,113.854,31.474,473,ok,,
19b03b4ca9d9dbbd8d3246d99490dadf57e4c507,head,home,3,6,1236.6385,100,0.0004,124.894,37.436,506,ok,,
19b03b4ca9d9dbbd8d3246d99490dadf57e4c507,head,home,4,9,1170.5666,71,0.0004,119.664,37.708,506,ok,,
8608d7b2e000ac5f756c263e2c0d04e3f93485c4,base,home,0,0,1237.376,86,0.0004,125.363,38.796,504,ok,,
8608d7b2e000ac5f756c263e2c0d04e3f93485c4,base,home,1,3,1256.5331,83.0,0.0004,109.931,21.329,490,ok,,
8608d7b2e000ac5f756c263e2c0d04e3f93485c4,base,home,2,4,1212.6794,104,0.0004,125.667,28.536,488,ok,,
8608d7b2e000ac5f756c263e2c0d04e3f93485c4,base,home,3,7,1224.8376,103,0.0004,110.52,30.881,505,ok,,
8608d7b2e000ac5f756c263e2c0d04e3f93485c4,base,home,4,8,1130.384,92,0.0004,93.081,33.135,454,outlier,lcp,
8608d7b2e000ac5f756c263e2c0d04e3f93485c4,head,home,0,1,1137.7313,69.0,0.0004,127.352,42.291,588,outlier,lcpObs,
8608d7b2e000ac5f756c263e2c0d04e3f93485c4,head,home,1,2,1171.2329,95,0.0004,133.675,44.222,485,ok,,
8608d7b2e000ac5f756c263e2c0d04e3f93485c4,head,home,2,5,1161.9769,68.0,0.0004,101.118,46.166,489,ok,,
8608d7b2e000ac5f756c263e2c0d04e3f93485c4,head,home,3,6,1250.0962,68,0.0004,109.283,23.263,545,ok,,
8608d7b2e000ac5f756c263e2c0d04e3f93485c4,head,home,4,9,1224.0371,97.0,0.0004,94.598,38.281,475,ok,,
5fffc4743fecb89eeb549c8cf4fb4b9ffd05c703,base,home,0,0,1249.3421,64.0,0.0004,145.648,39.086,506,ok,,
5fffc4743fecb89eeb549c8cf4fb4b9ffd05c703,base,home,1,3,1232.991,101.0,0.0004,94.351,29.777,487,ok,,
5fffc4743fecb89eeb549c8cf4fb4b9ffd05c703,base,home,2,4,1173.0779,72,0.0004,110.528,27.942,454,ok,,
5fffc4743fecb89eeb549c8cf4fb4b9ffd05c703,base,home,3,7,1220.0332,90,0.0005,97.749,30.479,505,ok,,
5fffc4743fecb89eeb549c8cf4fb4b9ffd05c703,base,home,4,8,1173.399,95,0.0004,110.462,37.942,468,ok,,
5fffc4743fecb89eeb549c8cf4fb4b9ffd05c703,head,home,0,1,1228.8784,86,0.0004,107.361,25.702,488,ok,,
5fffc4743fecb89eeb549c8cf4fb4b9ffd05c703,head,home,1,2,1210.1649,77,0.0004,110.944,28.467,488,ok,,
5fffc4743fecb89eeb549c8cf4fb4b9ffd05c703,head,home,2,5,1139.1936,104,0.0004,115.31,38.95,486,ok,,
5fffc4743fecb89eeb549c8cf4fb4b9ffd05c703,head,home,3,6,1156.3821,110,0.0004,94.421,31.776,471,ok,,
5fffc4743fecb89eeb549c8cf4fb4b9ffd05c703,head,home,4,9,1171.7695,91,0.0004,127.43,69.941,488,outlier,tbtFlow,
7da176ff7d13aa16b23195a343689df7cd3372be,base,home,0,0,1119.1199,79,0.0004,126.637,47.307,489,outlier,lcp,
7da176ff7d13aa16b23195a343689df7cd3372be,base,home,1,3,1270.0853,44,0.0004,117.28,68.324,2040,outlier,lcpObs,
7da176ff7d13aa16b23195a343689df7cd3372be,base,home,2,4,1210.3313,105,0.0004,94.037,21.918,507,ok,,
7da176ff7d13aa16b23195a343689df7cd3372be,base,home,3,7,1196.2753,86,0.0004,118.552,36.406,506,ok,,
7da176ff7d13aa16b23195a343689df7cd3372be,base,home,4,8,1214.9697,105,0.0004,125.558,28.477,490,ok,,
7da176ff7d13aa16b23195a343689df7cd3372be,head,home,0,1,1249.6635,67.0,0.0005,95.509,36.396,472,ok,,
7da176ff7d13aa16b23195a343689df7cd3372be,head,home,1,2,1267.8284,99,0.0004,125.824,35.007,543,ok,,
7da176ff7d13aa16b23195a343689df7cd3372be,head,home,2,5,1197.7501,89,0.0004,110.516,22.507,489,ok,,
7da176ff7d13aa16b23195a343689df7cd3372be,head,home,3,6,1199.0456,96,0.0004,109.392,24.921,489,ok,,
7da176ff7d13aa16b23195a343689df7cd3372be,head,home,4,9,1302.3296,83,0.0004,121.951,33.022,505,ok,,
725412ebd337c18179a52d968d3b0d29eb9c2fa4,base,home,0,0,1116.6278,94,0.0004,119.834,39.904,504,ok,,
725412ebd337c18179a52d968d3b0d29eb9c2fa4,base,home,1,3,1136.0841,104,0.0004,118.245,35.846,520,ok,,
725412ebd337c18179a52d968d3b0d29eb9c2fa4,base,home,2,4,1245.2616,113,0.0004,93.423,43.993,526,ok,,
725412ebd337c18179a52d968d3b0d29eb9c2fa4,base,home,3,7,1234.3488,96,0.0004,95.502,29.197,470,ok,,
725412ebd337c18179a52d968d3b0d29eb9c2fa4,base,home,4,8,1222.9597,102,0.0004,150.083,148.045,597,outlier,tbtFlow;lcpObs,
725412ebd337c18179a52d968d3b0d29eb9c2fa4,base,home,5,11,1162.4688,91.0,0.0004,111.534,25.764,472,ok,,
725412ebd337c18179a52d968d3b0d29eb9c2fa4,base,home,6,12,1115.5109,87.0,0.0004,95.003,28.769,473,ok,,
725412ebd337c18179a52d968d3b0d29eb9c2fa4,base,home,7,15,1209.2328,89,0.0004,138.645,48.658,488,ok,,
725412ebd337c18179a52d968d3b0d29eb9c2fa4,base,home,8,16,1212.5761,102,0.0004,110.069,32.005,491,ok,,
725412ebd337c18179a52d968d3b0d29eb9c2fa4,base,home,9,19,1293.0996,100.0,0.0004,93.726,20.474,453,ok,,
725412ebd337c18179a52d968d3b0d29eb9c2fa4,base,home,10,20,1224.1034,87,0.0004,127.051,39.263,471,ok,,
725412ebd337c18179a52d968d3b0d29eb9c2fa4,base,home,11,23,1199.7385,97.0,0.0004,111.061,29.471,490,ok,,
725412ebd337c18179a52d968d3b0d29eb9c2fa4,base,home,12,24,1324.2007,86,0.0004,122.146,35.927,468,ok,,
725412ebd337c18179a52d968d3b0d29eb9c2fa4,base,home,13,27,1220.2577,106,0.0004,93.581,22.05,508,ok,,
725412ebd337c18179a52d968d3b0d29eb9c2fa4,base,home,14,28,1256.6303,78,0.0004,94.011,22.269,472,ok,,
725412ebd337c18179a52d968d3b0d29eb9c2fa4,head,home,0,1,1212.6149,86,0.0004,124.833,29.213,492,ok,,
725412ebd337c18179a52d968d3b0d29eb9c2fa4,head,home,1,2,1199.0394,81.0,0.0004,94.374,24.959,507,ok,,
725412ebd337c18179a52d968d3b0d29eb9c2fa4,head,home,2,5,1237.9584,68,0.0004,110.528,20.539,489,ok,,
725412ebd337c18179a52d968d3b0d29eb9c2fa4,head,home,3,6,1201.0396,82,0.0004,111.425,21.902,489,ok,,
725412ebd337c18179a52d968d3b0d29eb9c2fa4,head,home,4,9,1151.9784,84,0.0004,142.255,13.091,472,ok,,
725412ebd337c18179a52d968d3b0d29eb9c2fa4,head,home,5,10,1204.1586,86,0.0004,93.289,25.764,471,ok,,
725412ebd337c18179a52d968d3b0d29eb9c2fa4,head,home,6,13,1214.2188,86,0.0005,127.506,32.153,508,ok,,
725412ebd337c18179a52d968d3b0d29eb9c2fa4,head,home,7,14,1236.8749,98,0.0004,110.015,25.536,491,ok,,
725412ebd337c18179a52d968d3b0d29eb9c2fa4,head,home,8,17,1170.5104,72.0,0.0004,93.122,34.78,472,ok,,
725412ebd337c18179a52d968d3b0d29eb9c2fa4,head,home,9,18,1179.2169,87,0.0004,110.729,36.86,470,ok,,
725412ebd337c18179a52d968d3b0d29eb9c2fa4,head,home,10,21,1257.0493,119,0.0004,124.452,33.496,488,outlier,tbt,
725412ebd337c18179a52d968d3b0d29eb9c2fa4,head,home,11,22,1197.7529,93,0.0004,99.836,25.654,504,ok,,
725412ebd337c18179a52d968d3b0d29eb9c2fa4,head,home,12,25,1202.0884,96.0,0.0004,125.405,46.114,508,ok,,
725412ebd337c18179a52d968d3b0d29eb9c2fa4,head,home,13,26,1343.8651,84,0.0004,96.123,30.244,504,outlier,lcp,
725412ebd337c18179a52d968d3b0d29eb9c2fa4,head,home,14,29,1254.6271,67,0.0004,123.686,26.395,470,ok,,
8013eb5e1628293ee671e431c52184dc576fe293,base,home,0,0,1127.8791,94,0.0004,125.958,38.786,507,outlier,lcp,
8013eb5e1628293ee671e431c52184dc576fe293,base,home,1,3,1214.3494,103.0,0.0004,109.371,29.142,490,ok,,
8013eb5e1628293ee671e431c52184dc576fe293,base,home,2,4,1212.3255,95,0.0004,94.929,35.391,491,ok,,
8013eb5e1628293ee671e431c52184dc576fe293,base,home,3,7,1216.5696,79,0.0004,110.082,43.128,505,ok,,
8013eb5e1628293ee671e431c52184dc576fe293,base,home,4,8,1212.6255,103,0.0004,110.979,20.589,504,ok,,
8013eb5e1628293ee671e431c52184dc576fe293,head,home,0,1,1211.4245,84,0.0004,110.011,57.121,506,ok,,
8013eb5e1628293ee671e431c52184dc576fe293,head,home,1,2,1205.7926,100,0.0004,110.417,26.723,506,ok,,
8013eb5e1628293ee671e431c52184dc576fe293,head,home,2,5,1214.3688,74,0.0004,94.018,32.699,489,ok,,
8013eb5e1628293ee671e431c52184dc576fe293,head,home,3,6,1257.7809,98,0.0004,111.018,23.563,528,ok,,
8013eb5e1628293ee671e431c52184dc576fe293,head,home,4,9,1212.235,93,0.0004,125.936,37.956,471,ok,,
4e0441eeb413ad7234f65cbb8fbb397bc715ff46,base,home,0,0,1131.3905,87,0.0004,116.498,49.787,469,outlier,lcp,
4e0441eeb413ad7234f65cbb8fbb397bc715ff46,base,home,1,3,1205.8989,111,0.0004,110.884,34.774,524,ok,,
4e0441eeb413ad7234f65cbb8fbb397bc715ff46,base,home,2,4,1270.7561,53,0.0004,112.988,47.744,505,ok,,
4e0441eeb413ad7234f65cbb8fbb397bc715ff46,base,home,3,7,1219.4474,90,0.0004,113.694,33.943,508,ok,,
4e0441eeb413ad7234f65cbb8fbb397bc715ff46,base,home,4,8,1221.2847,103,0.0004,93.268,27.418,590,outlier,lcpObs,
4e0441eeb413ad7234f65cbb8fbb397bc715ff46,head,home,0,1,1176.0425,91,0.0004,117.774,56.479,488,ok,,
4e0441eeb413ad7234f65cbb8fbb397bc715ff46,head,home,1,2,1213.1729,90,0.0004,110.963,29.4,508,ok,,
4e0441eeb413ad7234f65cbb8fbb397bc715ff46,head,home,2,5,1250.0091,68,0.0004,108.575,40.566,490,ok,,
4e0441eeb413ad7234f65cbb8fbb397bc715ff46,head,home,3,6,1157.1487,95,0.0004,124.608,29.771,469,ok,,
4e0441eeb413ad7234f65cbb8fbb397bc715ff46,head,home,4,9,1221.3737,71,0.0004,109.14,34.242,506,ok,,
19b3dc658a56ad50d1e3e8a6ddce8bedc5147f84,base,home,0,0,1259.1301,92,0.0004,116.158,37.171,541,ok,,
19b3dc658a56ad50d1e3e8a6ddce8bedc5147f84,base,home,1,3,1212.1253,105,0.0004,107.968,23.26,487,ok,,
19b3dc658a56ad50d1e3e8a6ddce8bedc5147f84,base,home,2,4,1254.4551,65,0.0004,95.532,24.567,471,ok,,
19b3dc658a56ad50d1e3e8a6ddce8bedc5147f84,base,home,3,7,1253.2511,90.0,0.0004,94.203,25.965,579,outlier,lcpObs,
19b3dc658a56ad50d1e3e8a6ddce8bedc5147f84,base,home,4,8,1116.2771,93.0,0.0004,95.041,26.797,470,ok,,
19b3dc658a56ad50d1e3e8a6ddce8bedc5147f84,base,home,5,11,1227.3994,107,0.0004,113.206,29.777,489,ok,,
19b3dc658a56ad50d1e3e8a6ddce8bedc5147f84,base,home,6,12,1214.8844,82.0,0.0004,112.841,14.505,451,ok,,
19b3dc658a56ad50d1e3e8a6ddce8bedc5147f84,base,home,7,15,1333.1216,79,0.0004,110.157,30.742,472,ok,,
19b3dc658a56ad50d1e3e8a6ddce8bedc5147f84,base,home,8,16,1223.6427,87,0.0004,94.206,26.462,493,ok,,
19b3dc658a56ad50d1e3e8a6ddce8bedc5147f84,base,home,9,19,1209.9281,72,0.0004,111.529,28.145,490,ok,,
19b3dc658a56ad50d1e3e8a6ddce8bedc5147f84,base,home,10,20,1184.8223,94,0.0004,116.541,40.079,470,ok,,
19b3dc658a56ad50d1e3e8a6ddce8bedc5147f84,base,home,11,23,1218.9142,101,0.0005,125.975,31.182,507,ok,,
19b3dc658a56ad50d1e3e8a6ddce8bedc5147f84,base,home,12,24,1152.0257,66,0.0004,122.537,37.81,485,ok,,
19b3dc658a56ad50d1e3e8a6ddce8bedc5147f84,base,home,13,27,1201.3705,95.0,0.0004,95.481,31.588,488,ok,,
19b3dc658a56ad50d1e3e8a6ddce8bedc5147f84,base,home,14,28,1130.4441,97.0,0.0004,95.471,18.818,455,ok,,
19b3dc658a56ad50d1e3e8a6ddce8bedc5147f84,head,home,0,1,1216.7987,92,0.0004,109.408,23.915,489,ok,,
19b3dc658a56ad50d1e3e8a6ddce8bedc5147f84,head,home,1,2,1204.8994,110.0,0.0004,117.736,35.289,490,ok,,
19b3dc658a56ad50d1e3e8a6ddce8bedc5147f84,head,home,2,5,1168.406,112,0.0004,145.351,58.474,498,ok,,
19b3dc658a56ad50d1e3e8a6ddce8bedc5147f84,head,home,3,6,1135.527,75.5,0.0004,123.036,61.733,488,outlier,lcp,
19b3dc658a56ad50d1e3e8a6ddce8bedc5147f84,head,home,4,9,1212.0156,96,0.0004,132.694,102.828,507,outlier,tbtFlow,
19b3dc658a56ad50d1e3e8a6ddce8bedc5147f84,head,home,5,10,1226.9723,91,0.0004,110.088,25.529,524,ok,,
19b3dc658a56ad50d1e3e8a6ddce8bedc5147f84,head,home,6,13,1163.6508,112,0.0004,92.395,28.42,490,ok,,
19b3dc658a56ad50d1e3e8a6ddce8bedc5147f84,head,home,7,14,1171.2399,53,0.0004,117.319,49.078,524,ok,,
19b3dc658a56ad50d1e3e8a6ddce8bedc5147f84,head,home,8,17,1208.4804,86,0.0004,118.226,46.856,628,outlier,lcpObs,
19b3dc658a56ad50d1e3e8a6ddce8bedc5147f84,head,home,9,18,1370.7728,109,0.0004,93.608,26.678,491,outlier,lcp,
19b3dc658a56ad50d1e3e8a6ddce8bedc5147f84,head,home,10,21,1216.3974,92,0.0004,109.56,20.796,487,ok,,
19b3dc658a56ad50d1e3e8a6ddce8bedc5147f84,head,home,11,22,1208.667,68,0.0004,109.512,30.676,492,ok,,
19b3dc658a56ad50d1e3e8a6ddce8bedc5147f84,head,home,12,25,1217.1242,90,0.0004,109.732,25.785,509,ok,,
19b3dc658a56ad50d1e3e8a6ddce8bedc5147f84,head,home,13,26,1203.3855,53,0.0004,124.01,82.938,492,ok,,
19b3dc658a56ad50d1e3e8a6ddce8bedc5147f84,head,home,14,29,1134.3145,83.5,0.0004,119.845,40.986,471,outlier,lcp,
8d8f69662877a3b7a9d11869392efa778235b785,base,home,0,0,1275.8468,70,0.0004,116.577,40.236,523,ok,,
8d8f69662877a3b7a9d11869392efa778235b785,base,home,1,3,1112.5887,65.0,0.0004,141.999,58.464,488,outlier,lcp,
8d8f69662877a3b7a9d11869392efa778235b785,base,home,2,4,1156.8304,67.0,0.0004,116.125,32.079,488,ok,,
8d8f69662877a3b7a9d11869392efa778235b785,base,home,3,7,1166.9231,82,0.0004,94.187,24.206,491,ok,,
8d8f69662877a3b7a9d11869392efa778235b785,base,home,4,8,1113.9634,90,0.0004,122.008,42.396,468,outlier,lcp,
8d8f69662877a3b7a9d11869392efa778235b785,base,home,5,11,1210.7297,115,0.0005,123.014,77.478,489,outlier,tbtFlow,
8d8f69662877a3b7a9d11869392efa778235b785,base,home,6,12,1203.5784,82,0.0004,113.415,41.871,471,ok,,
8d8f69662877a3b7a9d11869392efa778235b785,base,home,7,15,1366.0865,91,0.0004,124.416,34.134,472,outlier,lcp,
8d8f69662877a3b7a9d11869392efa778235b785,base,home,8,16,1205.9302,91,0.0004,116.12,33.393,488,ok,,
8d8f69662877a3b7a9d11869392efa778235b785,base,home,9,19,1221.9958,69,0.0005,113.203,50.199,487,ok,,
8d8f69662877a3b7a9d11869392efa778235b785,base,home,10,20,1223.0836,100.0,0.0004,94.443,19.883,524,ok,,
8d8f69662877a3b7a9d11869392efa778235b785,base,home,11,23,1214.399,65,0.0004,111.305,39.636,790,outlier,lcpObs,
8d8f69662877a3b7a9d11869392efa778235b785,base,home,12,24,1211.1482,103,0.0004,98.414,26.162,488,ok,,
8d8f69662877a3b7a9d11869392efa778235b785,base,home,13,27,1228.2936,70,0.0004,111.738,41.283,508,ok,,
8d8f69662877a3b7a9d11869392efa778235b785,base,home,14,28,1193.3198,84,0.0004,126.41,36.613,472,ok,,
8d8f69662877a3b7a9d11869392efa778235b785,head,home,0,1,1221.8196,87,0.0004,97.97,28.156,540,ok,,
8d8f69662877a3b7a9d11869392efa778235b785,head,home,1,2,1205.3812,153,0.0004,124.687,36.746,487,outlier,tbt,
8d8f69662877a3b7a9d11869392efa778235b785,head,home,2,5,971.9654,91,0.0005,121.913,72.969,2038,outlier,lcp;lcpObs,
8d8f69662877a3b7a9d11869392efa778235b785,head,home,3,6,1216.813,96,0.0004,141.112,50.968,609,outlier,lcpObs,
8d8f69662877a3b7a9d11869392efa778235b785,head,home,4,9,1208.2391,106.0,0.0004,122.117,70.03,506,ok,,
8d8f69662877a3b7a9d11869392efa778235b785,head,home,5,10,1223.8106,94.5,0.0004,110.625,41.378,525,ok,,
8d8f69662877a3b7a9d11869392efa778235b785,head,home,6,13,1169.6536,89,0.0004,96.737,28.546,491,ok,,
8d8f69662877a3b7a9d11869392efa778235b785,head,home,7,14,1209.5661,92,0.0004,108.119,27.526,508,ok,,
8d8f69662877a3b7a9d11869392efa778235b785,head,home,8,17,1208.069,87,0.0004,110.117,27.28,506,ok,,
8d8f69662877a3b7a9d11869392efa778235b785,head,home,9,18,1183.5981,97,0.0004,97.315,29.251,490,ok,,
8d8f69662877a3b7a9d11869392efa778235b785,head,home,10,21,1163.7796,47,0.0004,120.009,34.311,491,outlier,tbt,
8d8f69662877a3b7a9d11869392efa778235b785,head,home,11,22,970.1611,68,0.0007,124.268,67.969,2035,outlier,lcp;lcpObs,
8d8f69662877a3b7a9d11869392efa778235b785,head,home,12,25,1165.9193,88.0,0.0004,126.413,37.488,487,ok,,
8d8f69662877a3b7a9d11869392efa778235b785,head,home,13,26,1162.251,41.5,0.0004,142.071,51.544,489,outlier,tbt,
8d8f69662877a3b7a9d11869392efa778235b785,head,home,14,29,1162.1269,102,0.0004,95.134,25.329,474,ok,,
8fd970320e1d754d1c76bc31abc440b9d88aafab,base,home,0,0,1249.9321,66.0,0.0004,120.353,42.468,507,ok,,
8fd970320e1d754d1c76bc31abc440b9d88aafab,base,home,1,3,1220.0156,88,0.0005,109.476,27.565,473,ok,,
8fd970320e1d754d1c76bc31abc440b9d88aafab,base,home,2,4,1315.8146,69,0.0004,110.115,31.337,474,ok,,
8fd970320e1d754d1c76bc31abc440b9d88aafab,base,home,3,7,1208.5928,85,0.0004,110.167,17.999,507,ok,,
8fd970320e1d754d1c76bc31abc440b9d88aafab,base,home,4,8,1192.7735,87.0,0.0004,93.439,27.44,506,ok,,
8fd970320e1d754d1c76bc31abc440b9d88aafab,head,home,0,1,1226.304,85,0.0004,122.595,31.49,488,ok,,
8fd970320e1d754d1c76bc31abc440b9d88aafab,head,home,1,2,1178.6956,72,0.0004,94.457,27.024,485,ok,,
8fd970320e1d754d1c76bc31abc440b9d88aafab,head,home,2,5,1198.8131,92,0.0004,123.936,25.8,472,ok,,
8fd970320e1d754d1c76bc31abc440b9d88aafab,head,home,3,6,1233.6145,97,0.0004,111.485,29.302,491,ok,,
8fd970320e1d754d1c76bc31abc440b9d88aafab,head,home,4,9,1214.2328,112.0,0.0004,111.569,32.241,505,ok,,
47cbb5b6fbeba23fbdfb72729159d723f1176746,base,home,0,0,1237.3799,90,0.0004,94.179,19.331,526,ok,,
47cbb5b6fbeba23fbdfb72729159d723f1176746,base,home,1,3,1157.6312,98,0.0004,94.426,28.779,488,ok,,
47cbb5b6fbeba23fbdfb72729159d723f1176746,base,home,2,4,1230.3735,91,0.0004,93.757,24.137,490,ok,,
47cbb5b6fbeba23fbdfb72729159d723f1176746,base,home,3,7,1167.1194,93,0.0004,94.562,37.198,489,ok,,
47cbb5b6fbeba23fbdfb72729159d723f1176746,base,home,4,8,1203.9666,98,0.0004,95.181,48.925,507,ok,,
47cbb5b6fbeba23fbdfb72729159d723f1176746,base,home,5,11,1199.7314,92,0.0004,105.593,22.398,489,ok,,
47cbb5b6fbeba23fbdfb72729159d723f1176746,base,home,6,12,1170.6264,107,0.0004,93.162,23.226,490,ok,,
47cbb5b6fbeba23fbdfb72729159d723f1176746,base,home,7,15,1199.8118,98,0.0004,95.442,32.569,505,ok,,
47cbb5b6fbeba23fbdfb72729159d723f1176746,base,home,8,16,1222.813,105,0.0004,109.332,17.744,491,ok,,
47cbb5b6fbeba23fbdfb72729159d723f1176746,base,home,9,19,1119.2186,87.0,0.0005,119.236,34.422,472,outlier,inp,
47cbb5b6fbeba23fbdfb72729159d723f1176746,base,home,10,20,1257.7858,128,0.0004,93.129,21.936,492,ok,,
47cbb5b6fbeba23fbdfb72729159d723f1176746,base,home,11,23,1132.3981,98,0.0004,99.504,34.635,470,ok,,
47cbb5b6fbeba23fbdfb72729159d723f1176746,base,home,12,24,1211.2376,120,0.0004,95.903,29.34,470,ok,,
47cbb5b6fbeba23fbdfb72729159d723f1176746,base,home,13,27,1168.8486,91,0.0004,94.996,33.95,470,ok,,
47cbb5b6fbeba23fbdfb72729159d723f1176746,base,home,14,28,1211.9719,88.0,0.0004,106.176,37.857,489,ok,,
47cbb5b6fbeba23fbdfb72729159d723f1176746,head,home,0,1,1229.6692,94,0.0013,95.411,8.988,524,ok,,
47cbb5b6fbeba23fbdfb72729159d723f1176746,head,home,1,2,1200.4058,94,0.0012,93.94,9.013,473,ok,,
47cbb5b6fbeba23fbdfb72729159d723f1176746,head,home,2,5,1129.9645,43.5,0.0012,120.864,4.566,472,outlier,lcp;tbt;inp,
47cbb5b6fbeba23fbdfb72729159d723f1176746,head,home,3,6,1246.3731,89,0.0012,105.555,9.632,488,ok,,
47cbb5b6fbeba23fbdfb72729159d723f1176746,head,home,4,9,1214.7204,85,0.0012,86.973,12.799,506,ok,,
47cbb5b6fbeba23fbdfb72729159d723f1176746,head,home,5,10,1227.534,102,0.0012,102.63,24.026,507,ok,,
47cbb5b6fbeba23fbdfb72729159d723f1176746,head,home,6,13,1229.8953,91.0,0.0012,95.483,11.413,524,ok,,
47cbb5b6fbeba23fbdfb72729159d723f1176746,head,home,7,14,1201.7855,96,0.0012,94.401,17.881,506,ok,,
47cbb5b6fbeba23fbdfb72729159d723f1176746,head,home,8,17,1219.9516,126,0.0012,83.458,13.244,504,outlier,tbt,
47cbb5b6fbeba23fbdfb72729159d723f1176746,head,home,9,18,1169.8439,84,0.0012,100.023,18.736,454,ok,,
47cbb5b6fbeba23fbdfb72729159d723f1176746,head,home,10,21,1208.3346,112,0.0012,90.577,22.481,490,ok,,
47cbb5b6fbeba23fbdfb72729159d723f1176746,head,home,11,22,1243.441,94,0.0012,94.826,16.948,608,outlier,lcpObs,
47cbb5b6fbeba23fbdfb72729159d723f1176746,head,home,12,25,1221.7258,101,0.0012,95.371,16.098,472,ok,,
47cbb5b6fbeba23fbdfb72729159d723f1176746,head,home,13,26,1229.108,87,0.0012,119.289,62.108,493,outlier,inp;tbtFlow,
47cbb5b6fbeba23fbdfb72729159d723f1176746,head,home,14,29,1227.4149,76,0.0012,102.664,14.45,488,ok,,
d1f39823f1218b5663ffcba8b9ca0cf2098b6ea6,base,home,0,0,1217.9715,92,0.0012,92.901,11.061,491,ok,,
d1f39823f1218b5663ffcba8b9ca0cf2098b6ea6,base,home,1,3,1183.5617,108.0,0.0012,94.5,10.822,507,ok,,
d1f39823f1218b5663ffcba8b9ca0cf2098b6ea6,base,home,2,4,1194.5757,65.0,0.0012,92.004,17.702,507,ok,,
d1f39823f1218b5663ffcba8b9ca0cf2098b6ea6,base,home,3,7,1197.0834,93.5,0.0012,87.374,13.079,544,ok,,
d1f39823f1218b5663ffcba8b9ca0cf2098b6ea6,base,home,4,8,1200.9021,98.0,0.0012,86.434,12.615,489,ok,,
d1f39823f1218b5663ffcba8b9ca0cf2098b6ea6,base,home,5,11,1224.1516,94,0.0012,93.387,18.266,628,outlier,lcpObs,
d1f39823f1218b5663ffcba8b9ca0cf2098b6ea6,base,home,6,12,1195.7455,88,0.0012,94.483,21.941,471,ok,,
d1f39823f1218b5663ffcba8b9ca0cf2098b6ea6,base,home,7,15,1219.5581,111,0.0012,98.761,21.122,504,ok,,
d1f39823f1218b5663ffcba8b9ca0cf2098b6ea6,base,home,8,16,1127.0646,70,0.0012,88.73,14.722,486,ok,,
d1f39823f1218b5663ffcba8b9ca0cf2098b6ea6,base,home,9,19,1175.1053,84,0.0012,107.673,39.48,470,ok,,
d1f39823f1218b5663ffcba8b9ca0cf2098b6ea6,base,home,10,20,1135.2571,89.0,0.0012,86.183,9.034,473,ok,,
d1f39823f1218b5663ffcba8b9ca0cf2098b6ea6,base,home,11,23,1134.5098,84,0.0012,88.689,13.024,472,ok,,
d1f39823f1218b5663ffcba8b9ca0cf2098b6ea6,base,home,12,24,1262.6156,112,0.0012,86.103,11.321,506,ok,,
d1f39823f1218b5663ffcba8b9ca0cf2098b6ea6,base,home,13,27,1225.1553,85,0.0012,94.501,19.343,508,ok,,
d1f39823f1218b5663ffcba8b9ca0cf2098b6ea6,base,home,14,28,1201.0914,81,0.0012,86.893,14.659,469,ok,,
d1f39823f1218b5663ffcba8b9ca0cf2098b6ea6,head,home,0,1,959.4452,74,0.0011,94.478,9.577,438,ok,,
d1f39823f1218b5663ffcba8b9ca0cf2098b6ea6,head,home,1,2,956.858,89,0.0011,92.025,3.57,435,ok,,
d1f39823f1218b5663ffcba8b9ca0cf2098b6ea6,head,home,2,5,973.75,97,0.0011,91.896,21.951,436,ok,,
d1f39823f1218b5663ffcba8b9ca0cf2098b6ea6,head,home,3,6,984.3935,110,0.0011,91.754,18.926,454,ok,,
d1f39823f1218b5663ffcba8b9ca0cf2098b6ea6,head,home,4,9,965.3145,44,0.0011,106.274,8.441,434,outlier,tbt,
d1f39823f1218b5663ffcba8b9ca0cf2098b6ea6,head,home,5,10,981.6586,110.5,0.0011,97.508,22.177,437,ok,,
d1f39823f1218b5663ffcba8b9ca0cf2098b6ea6,head,home,6,13,974.9164,91,0.0011,94.58,25.56,437,ok,,
d1f39823f1218b5663ffcba8b9ca0cf2098b6ea6,head,home,7,14,1216.3079,79,0.0011,111.531,20.336,450,outlier,lcp,
d1f39823f1218b5663ffcba8b9ca0cf2098b6ea6,head,home,8,17,970.1477,92,0.0011,90.515,12.454,438,ok,,
d1f39823f1218b5663ffcba8b9ca0cf2098b6ea6,head,home,9,18,918.6339,99,0.0011,90.96,11.609,437,ok,,
d1f39823f1218b5663ffcba8b9ca0cf2098b6ea6,head,home,10,21,955.3524,88,0.0011,85.858,19.163,437,ok,,
d1f39823f1218b5663ffcba8b9ca0cf2098b6ea6,head,home,11,22,974.6984,94,0.0011,93.141,19.502,438,ok,,
d1f39823f1218b5663ffcba8b9ca0cf2098b6ea6,head,home,12,25,964.7473,73.5,0.0011,86.302,16.009,437,ok,,
d1f39823f1218b5663ffcba8b9ca0cf2098b6ea6,head,home,13,26,958.6104,89,0.0011,93.473,13.283,436,ok,,
d1f39823f1218b5663ffcba8b9ca0cf2098b6ea6,head,home,14,29,955.8555,87,0.0012,102.042,6.582,436,ok,,
c99e81678bd13eb34c4f027472e8cd0b4121ba4d,base,home,0,0,964.7581,105,0.0011,114.549,8.186,435,outlier,inp,
c99e81678bd13eb34c4f027472e8cd0b4121ba4d,base,home,1,3,1220.8347,90,0.0011,95.633,22.175,453,outlier,lcp,
c99e81678bd13eb34c4f027472e8cd0b4121ba4d,base,home,2,4,1128.7709,88,0.0011,86.67,16.874,434,outlier,lcp,
c99e81678bd13eb34c4f027472e8cd0b4121ba4d,base,home,3,7,962.9211,89.5,0.0011,90.245,15.28,438,ok,,
c99e81678bd13eb34c4f027472e8cd0b4121ba4d,base,home,4,8,964.2405,103.0,0.0011,93.134,12.008,453,ok,,
c99e81678bd13eb34c4f027472e8cd0b4121ba4d,head,home,0,1,981.2113,75.5,0.0011,85.856,12.042,438,ok,,
c99e81678bd13eb34c4f027472e8cd0b4121ba4d,head,home,1,2,962.115,100.0,0.0011,85.537,14.68,435,ok,,
c99e81678bd13eb34c4f027472e8cd0b4121ba4d,head,home,2,5,966.3635,87.0,0.0011,94.005,10.014,421,ok,,
c99e81678bd13eb34c4f027472e8cd0b4121ba4d,head,home,3,6,971.3897,91,0.0011,95.637,16.458,438,ok,,
c99e81678bd13eb34c4f027472e8cd0b4121ba4d,head,home,4,9,981.6669,53,0.0011,112.5,0,456,ok,,
95ddc663392d94cd22a17a982dde5060849038de,base,home,0,0,969.8735,102,0.0044,98.64,12.299,453,ok,,
95ddc663392d94cd22a17a982dde5060849038de,base,home,1,3,988.15,127,0.0044,92.494,14.443,437,ok,,
95ddc663392d94cd22a17a982dde5060849038de,base,home,2,4,956.7364,73.0,0.0044,87.138,10.022,434,ok,,
95ddc663392d94cd22a17a982dde5060849038de,base,home,3,7,979.4611,84,0.0044,86.254,13.479,439,ok,,
95ddc663392d94cd22a17a982dde5060849038de,base,home,4,8,981.8411,78.0,0.0044,102.917,4.771,438,ok,,
95ddc663392d94cd22a17a982dde5060849038de,head,home,0,1,1072.7105,87,0.0044,95.029,10.408,455,ok,,
95ddc663392d94cd22a17a982dde5060849038de,head,home,1,2,1005.683,134,0.0044,87.818,9.396,456,ok,,
95ddc663392d94cd22a17a982dde5060849038de,head,home,2,5,976.6504,76.0,0.0044,116.756,4.133,450,ok,,
95ddc663392d94cd22a17a982dde5060849038de,head,home,3,6,977.5371,106.5,0.0044,89.306,17.892,438,ok,,
95ddc663392d94cd22a17a982dde5060849038de,head,home,4,9,1054.0685,72,0.0044,95.861,18.53,438,ok,,
5bcd8280c97c97b95f4fd268dbd4ff3d7905f87b,base,home,0,0,964.2569,101,0.0011,92.944,0,435,ok,,
5bcd8280c97c97b95f4fd268dbd4ff3d7905f87b,base,home,1,3,972.1178,98.5,0.0011,87.039,18.293,436,ok,,
5bcd8280c97c97b95f4fd268dbd4ff3d7905f87b,base,home,2,4,968.0269,68,0.0011,96.525,18.117,437,ok,,
5bcd8280c97c97b95f4fd268dbd4ff3d7905f87b,base,home,3,7,961.966,85,0.0011,94.977,13.661,435,ok,,
5bcd8280c97c97b95f4fd268dbd4ff3d7905f87b,base,home,4,8,967.0174,89.5,0.0011,104.516,36.415,437,ok,,
5bcd8280c97c97b95f4fd268dbd4ff3d7905f87b,head,home,0,1,983.5952,95,0.0044,86.114,9.581,458,ok,,
5bcd8280c97c97b95f4fd268dbd4ff3d7905f87b,head,home,1,2,977.5069,101,0.0044,93.128,9.977,438,ok,,
5bcd8280c97c97b95f4fd268dbd4ff3d7905f87b,head,home,2,5,978.4387,88,0.0044,85.787,15.243,436,ok,,
5bcd8280c97c97b95f4fd268dbd4ff3d7905f87b,head,home,3,6,953.9109,69,0.0044,96.279,9.6,436,ok,,
5bcd8280c97c97b95f4fd268dbd4ff3d7905f87b,head,home,4,9,1137.4315,58,0.0044,115.878,11.487,471,outlier,lcp,
f2600fe3e835bad81b3c6eb9aeae58e7974ccea1,base,home,0,0,977.3646,76,0.0044,114.797,7.59,439,ok,,
f2600fe3e835bad81b3c6eb9aeae58e7974ccea1,base,home,1,3,1047.6981,125,0.0044,90.466,15.492,453,outlier,lcp,
f2600fe3e835bad81b3c6eb9aeae58e7974ccea1,base,home,2,4,956.7886,78.5,0.0044,94.747,19.476,434,ok,,
f2600fe3e835bad81b3c6eb9aeae58e7974ccea1,base,home,3,7,975.3258,114,0.0044,86.778,17.676,452,ok,,
f2600fe3e835bad81b3c6eb9aeae58e7974ccea1,base,home,4,8,966.8514,93.0,0.0044,105.863,0,437,ok,,
f2600fe3e835bad81b3c6eb9aeae58e7974ccea1,head,home,0,1,982.886,73.0,0.0044,85.352,13.072,438,ok,,
f2600fe3e835bad81b3c6eb9aeae58e7974ccea1,head,home,1,2,977.657,106,0.0044,113.485,9.409,455,ok,,
f2600fe3e835bad81b3c6eb9aeae58e7974ccea1,head,home,2,5,961.6156,100.0,0.0044,115.619,12.094,438,ok,,
f2600fe3e835bad81b3c6eb9aeae58e7974ccea1,head,home,3,6,1182.8154,76,0.0044,80.355,13.734,471,outlier,lcp,
f2600fe3e835bad81b3c6eb9aeae58e7974ccea1,head,home,4,9,970.19,72,0.0044,106.016,4.695,434,ok,,
8fb16669ab913b7618c6e55a4aba18275fabd1bb,base,home,0,0,1646.0579,583.5,0.0043,109.015,38.15,1085,outlier,tbt;lcpObs,
8fb16669ab913b7618c6e55a4aba18275fabd1bb,base,home,1,3,1136.404,102.5,0.0044,90.614,19.935,447,ok,,
8fb16669ab913b7618c6e55a4aba18275fabd1bb,base,home,2,4,1302.1974,113,0.0044,82.725,20.361,455,ok,,
8fb16669ab913b7618c6e55a4aba18275fabd1bb,base,home,3,7,970.512,98,0.0044,109.326,28.222,446,ok,,
8fb16669ab913b7618c6e55a4aba18275fabd1bb,base,home,4,8,974.7977,97.5,0.0044,87.425,20.53,445,ok,,
8fb16669ab913b7618c6e55a4aba18275fabd1bb,head,home,0,1,983.1041,109,0.0044,97.376,29.911,453,ok,,
8fb16669ab913b7618c6e55a4aba18275fabd1bb,head,home,1,2,978.7699,96,0.0044,93.385,25.148,446,ok,,
8fb16669ab913b7618c6e55a4aba18275fabd1bb,head,home,2,5,1194.3528,117.5,0.0044,90.117,16.769,462,outlier,lcp,
8fb16669ab913b7618c6e55a4aba18275fabd1bb,head,home,3,6,965.1475,77,0.0044,98.85,23.965,443,ok,,
8fb16669ab913b7618c6e55a4aba18275fabd1bb,head,home,4,9,1146.8714,145,0.0044,83.692,14.657,473,outlier,lcp,
dc2f25c14add5156a105ab3675c0b179586dc750,base,home,0,0,1251.2396,117,0.0044,92.688,14.917,471,outlier,lcp,
dc2f25c14add5156a105ab3675c0b179586dc750,base,home,1,3,1136.3545,104,0.0044,91.091,26.55,439,outlier,lcp,
dc2f25c14add5156a105ab3675c0b179586dc750,base,home,2,4,977.6951,84,0.0044,105.589,27.45,458,ok,,
dc2f25c14add5156a105ab3675c0b179586dc750,base,home,3,7,978.6292,52.0,0.0044,96.026,29.481,459,ok,,
dc2f25c14add5156a105ab3675c0b179586dc750,base,home,4,8,968.0445,88,0.0044,108.017,31.155,443,ok,,
dc2f25c14add5156a105ab3675c0b179586dc750,head,home,0,1,990.7281,103,0.0044,80.996,10.438,453,ok,,
dc2f25c14add5156a105ab3675c0b179586dc750,head,home,1,2,942.4322,112,0.0044,86.948,11.535,462,ok,,
dc2f25c14add5156a105ab3675c0b179586dc750,head,home,2,5,979.4536,90.5,0.0044,102.966,38.569,450,ok,,
dc2f25c14add5156a105ab3675c0b179586dc750,head,home,3,6,979.0809,101.0,0.0044,100.791,33.459,434,ok,,
dc2f25c14add5156a105ab3675c0b179586dc750,head,home,4,9,979.5506,106,0.0044,85.049,13.44,440,ok,,
2b4540225d66ec4f71d622f5405f2b7b0ef3735c,base,home,0,0,966.822,99.5,0.0044,103.092,28.534,449,ok,,
2b4540225d66ec4f71d622f5405f2b7b0ef3735c,base,home,1,3,1205.4751,113,0.0044,86.391,15.902,472,outlier,lcp,
2b4540225d66ec4f71d622f5405f2b7b0ef3735c,base,home,2,4,927.1219,80.0,0.0044,98.72,23.968,456,ok,,
2b4540225d66ec4f71d622f5405f2b7b0ef3735c,base,home,3,7,1151.2115,104.5,0.0044,103.147,43.422,448,ok,,
2b4540225d66ec4f71d622f5405f2b7b0ef3735c,base,home,4,8,970.2717,90,0.0044,99.821,28.813,442,ok,,
2b4540225d66ec4f71d622f5405f2b7b0ef3735c,head,home,0,1,969.3084,48,0.0044,109.009,29.635,427,ok,,
2b4540225d66ec4f71d622f5405f2b7b0ef3735c,head,home,1,2,969.6936,74,0.0044,92.288,24.39,434,ok,,
2b4540225d66ec4f71d622f5405f2b7b0ef3735c,head,home,2,5,961.6143,99,0.0039,106.945,75.95,444,outlier,tbtFlow,
2b4540225d66ec4f71d622f5405f2b7b0ef3735c,head,home,3,6,933.8562,104.0,0.0044,87.813,15.673,436,ok,,
2b4540225d66ec4f71d622f5405f2b7b0ef3735c,head,home,4,9,971.4181,90,0.0044,86.082,15.464,428,ok,,
7f66e1fe897873713ba04410534be2d97b9139af,base,home,0,0,1027.6838,102,0.0044,81.679,24.151,450,ok,,
7f66e1fe897873713ba04410534be2d97b9139af,base,home,1,3,972.13,72,0.0044,105.197,30.383,431,ok,,
7f66e1fe897873713ba04410534be2d97b9139af,base,home,2,4,991.0284,105,0.0044,188.942,11.862,457,outlier,inp,
7f66e1fe897873713ba04410534be2d97b9139af,base,home,3,7,952.5062,70,0.0044,95.039,10.614,436,ok,,
7f66e1fe897873713ba04410534be2d97b9139af,base,home,4,8,989.4813,76.5,0.0044,110.653,20.716,439,ok,,
7f66e1fe897873713ba04410534be2d97b9139af,head,home,0,1,959.5973,98,0.0044,91.862,18.749,438,ok,,
7f66e1fe897873713ba04410534be2d97b9139af,head,home,1,2,983.0107,120.0,0.0044,85.586,14.908,459,ok,,
7f66e1fe897873713ba04410534be2d97b9139af,head,home,2,5,1241.2308,97,0.0044,94.022,13.246,502,outlier,lcp,
7f66e1fe897873713ba04410534be2d97b9139af,head,home,3,6,1305.8646,101,0.0044,103.381,23.881,472,outlier,lcp,
7f66e1fe897873713ba04410534be2d97b9139af,head,home,4,9,986.3345,104,0.0044,100.172,20.074,457,ok,,
37882c66cbe2b46a1acf8e990638a511c0fe757b,base,home,0,0,934.4496,94,0.0044,109.173,21.719,437,ok,,
37882c66cbe2b46a1acf8e990638a511c0fe757b,base,home,1,3,976.6369,110,0.0044,92.236,12.951,437,ok,,
37882c66cbe2b46a1acf8e990638a511c0fe757b,base,home,2,4,979.6477,72,0.0044,96.021,0,437,ok,,
37882c66cbe2b46a1acf8e990638a511c0fe757b,base,home,3,7,969.9113,82.0,0.0044,94.047,10.441,438,ok,,
37882c66cbe2b46a1acf8e990638a511c0fe757b,base,home,4,8,962.2605,102,0.0044,94.447,10.811,436,ok,,
37882c66cbe2b46a1acf8e990638a511c0fe757b,head,home,0,1,975.5423,88,0.0039,121.041,23.889,424,ok,,
37882c66cbe2b46a1acf8e990638a511c0fe757b,head,home,1,2,969.4653,96,0.0044,95.441,20.894,438,ok,,
37882c66cbe2b46a1acf8e990638a511c0fe757b,head,home,2,5,981.6651,110.5,0.0044,107.355,16.228,437,ok,,
37882c66cbe2b46a1acf8e990638a511c0fe757b,head,home,3,6,968.5875,97,0.0044,94.159,9.468,456,ok,,
37882c66cbe2b46a1acf8e990638a511c0fe757b,head,home,4,9,990.8052,88,0.0044,106.835,24.573,452,ok,,
b660478164a9137f6c48893f38671eedab22b83e,base,home,0,0,947.4612,109.5,0.0044,94.486,11.648,453,ok,,
b660478164a9137f6c48893f38671eedab22b83e,base,home,1,3,957.3204,72.0,0.0044,113.222,27.613,418,ok,,
b660478164a9137f6c48893f38671eedab22b83e,base,home,2,4,971.4059,93,0.0044,92.922,8.405,438,ok,,
b660478164a9137f6c48893f38671eedab22b83e,base,home,3,7,967.3676,93,0.0044,95.514,11.252,435,ok,,
b660478164a9137f6c48893f38671eedab22b83e,base,home,4,8,979.5981,85,0.0044,107.353,19.265,454,ok,,
b660478164a9137f6c48893f38671eedab22b83e,head,home,0,1,1143.607,83,0.0044,107.401,19.833,489,outlier,lcp,
b660478164a9137f6c48893f38671eedab22b83e,head,home,1,2,995.4056,113,0.0044,94.402,0,455,ok,,
b660478164a9137f6c48893f38671eedab22b83e,head,home,2,5,972.2252,72,0.0044,92.654,11.474,421,ok,,
b660478164a9137f6c48893f38671eedab22b83e,head,home,3,6,982.9931,92.0,0.0044,115.074,22.541,437,ok,,
b660478164a9137f6c48893f38671eedab22b83e,head,home,4,9,957.1315,92,0.0044,108.549,2.662,439,ok,,
d7e63e66a78f513d5bdbb292b22863ad866a4651,base,home,0,0,970.3342,92,0.0044,113.049,22.917,435,ok,,
d7e63e66a78f513d5bdbb292b22863ad866a4651,base,home,1,3,979.2519,93,0.0044,92.822,9.437,454,ok,,
d7e63e66a78f513d5bdbb292b22863ad866a4651,base,home,2,4,973.0946,57.0,0.0044,163.963,79.389,438,outlier,inp,
d7e63e66a78f513d5bdbb292b22863ad866a4651,base,home,3,7,982.5936,82,0.0044,109.752,21.833,454,ok,,
d7e63e66a78f513d5bdbb292b22863ad866a4651,base,home,4,8,976.5871,106.0,0.0044,120.411,38.719,438,ok,,
d7e63e66a78f513d5bdbb292b22863ad866a4651,head,home,0,1,968.9023,92,0.0044,95.052,15.92,434,ok,,
d7e63e66a78f513d5bdbb292b22863ad866a4651,head,home,1,2,969.1559,92.0,0.0044,116.759,22.919,420,ok,,
d7e63e66a78f513d5bdbb292b22863ad866a4651,head,home,2,5,930.0179,96,0.0044,112.998,32.886,437,ok,,
d7e63e66a78f513d5bdbb292b22863ad866a4651,head,home,3,6,953.9665,71,0.0044,93.105,13.937,437,ok,,
d7e63e66a78f513d5bdbb292b22863ad866a4651,head,home,4,9,1253.5719,144.5,0.0044,104.467,17.384,507,outlier,lcp;tbt;lcpObs,
c141960ada4869ee6a3bb8a665e75c0c18ad7f19,base,home,0,0,956.8561,72,0.0044,107.66,21.373,418,ok,,
c141960ada4869ee6a3bb8a665e75c0c18ad7f19,base,home,1,3,975.517,123.0,0.0044,93.534,14.061,455,ok,,
c141960ada4869ee6a3bb8a665e75c0c18ad7f19,base,home,2,4,981.318,68.5,0.0044,107.362,30.47,451,ok,,
c141960ada4869ee6a3bb8a665e75c0c18ad7f19,base,home,3,7,982.9,111,0.0044,115.501,22.722,437,ok,,
c141960ada4869ee6a3bb8a665e75c0c18ad7f19,base,home,4,8,970.8075,100,0.0044,95.45,10.19,437,ok,,
c141960ada4869ee6a3bb8a665e75c0c18ad7f19,head,home,0,1,974.2468,89,0.0044,104.38,0,420,ok,,
c141960ada4869ee6a3bb8a665e75c0c18ad7f19,head,home,1,2,1213.4171,90,0.0044,93.715,8.366,436,outlier,lcp,
c141960ada4869ee6a3bb8a665e75c0c18ad7f19,head,home,2,5,977.5266,86,0.0044,104.759,19.05,456,ok,,
c141960ada4869ee6a3bb8a665e75c0c18ad7f19,head,home,3,6,994.9462,133.5,0.0044,93.857,12.418,470,outlier,tbt,
c141960ada4869ee6a3bb8a665e75c0c18ad7f19,head,home,4,9,966.7792,75,0.0044,125.228,0,421,ok,,
019ce4c52cc82fe654d7e92c2672843c8ff57c96,base,home,0,0,975.3484,96.5,0.0044,128.408,0,452,ok,,
019ce4c52cc82fe654d7e92c2672843c8ff57c96,base,home,1,3,958.8335,91,0.0044,127.37,17.49,434,ok,,
019ce4c52cc82fe654d7e92c2672843c8ff57c96,base,home,2,4,967.9644,88,0.0044,136.643,27.804,437,ok,,
019ce4c52cc82fe654d7e92c2672843c8ff57c96,base,home,3,7,978.272,91,0.0044,92.209,10.665,437,ok,,
019ce4c52cc82fe654d7e92c2672843c8ff57c96,base,home,4,8,963.5759,70.0,0.0044,94.302,7.815,438,ok,,
019ce4c52cc82fe654d7e92c2672843c8ff57c96,head,home,0,1,955.5596,69.0,0.0044,96.869,14.865,434,ok,,
019ce4c52cc82fe654d7e92c2672843c8ff57c96,head,home,1,2,986.7241,111.0,0.0044,113.358,21.299,450,ok,,
019ce4c52cc82fe654d7e92c2672843c8ff57c96,head,home,2,5,984.6582,100,0.0044,93.776,14.863,454,ok,,
019ce4c52cc82fe654d7e92c2672843c8ff57c96,head,home,3,6,981.9325,93,0.0044,114.554,23.958,439,ok,,
019ce4c52cc82fe654d7e92c2672843c8ff57c96,head,home,4,9,973.8347,67,0.0044,124.897,26.979,421,ok,,
210dc85c8cd43da0f78b84b59b650de7db1a00a8,base,home,0,0,976.7606,97,0.0044,107.875,30.659,439,ok,,
210dc85c8cd43da0f78b84b59b650de7db1a00a8,base,home,1,3,966.8755,91,0.0044,111.836,23.294,437,ok,,
210dc85c8cd43da0f78b84b59b650de7db1a00a8,base,home,2,4,972.5215,99,0.0044,93.688,0,434,ok,,
210dc85c8cd43da0f78b84b59b650de7db1a00a8,base,home,3,7,1082.5491,99.5,0.0044,92.941,7.211,455,outlier,lcp,
210dc85c8cd43da0f78b84b59b650de7db1a00a8,base,home,4,8,1146.1564,114.5,0.0044,113.301,18.238,473,outlier,lcp,
210dc85c8cd43da0f78b84b59b650de7db1a00a8,head,home,0,1,978.1105,108,0.0044,95.007,10.643,439,ok,,
210dc85c8cd43da0f78b84b59b650de7db1a00a8,head,home,1,2,959.7984,75.5,0.0039,135.218,11.384,439,ok,,
210dc85c8cd43da0f78b84b59b650de7db1a00a8,head,home,2,5,962.4671,89,0.0044,114.419,30.543,438,ok,,
210dc85c8cd43da0f78b84b59b650de7db1a00a8,head,home,3,6,1208.4382,85,0.0044,102.418,22.11,474,outlier,lcp,
210dc85c8cd43da0f78b84b59b650de7db1a00a8,head,home,4,9,1173.9796,101,0.0044,94.546,5.963,453,outlier,lcp,
7497a082700396608054747ede53ca7c74f1042e,base,home,0,0,962.3154,91.0,0.0044,106.11,18.926,437,ok,,
7497a082700396608054747ede53ca7c74f1042e,base,home,1,3,978.4319,96,0.0044,119.988,28.522,472,ok,,
7497a082700396608054747ede53ca7c74f1042e,base,home,2,4,976.8598,72,0.0044,110.464,34.955,455,ok,,
7497a082700396608054747ede53ca7c74f1042e,base,home,3,7,1220.713,119,0.0044,93.812,8.57,452,outlier,lcp,
7497a082700396608054747ede53ca7c74f1042e,base,home,4,8,976.5092,85,0.0044,116.122,22.416,439,ok,,
7497a082700396608054747ede53ca7c74f1042e,head,home,0,1,976.1015,108,0.0044,89.403,6.982,438,ok,,
7497a082700396608054747ede53ca7c74f1042e,head,home,1,2,976.7655,105,0.0044,93.387,13.882,438,ok,,
7497a082700396608054747ede53ca7c74f1042e,head,home,2,5,972.7009,83.0,0.0044,97.408,20.275,455,ok,,
7497a082700396608054747ede53ca7c74f1042e,head,home,3,6,981.1346,106.5,0.0044,101.511,20.126,453,ok,,
7497a082700396608054747ede53ca7c74f1042e,head,home,4,9,962.9901,61.5,0.0044,119.427,25.799,439,outlier,tbt;inp,
51ad8951d4d804190647eafcb448d58516047ade,base,home,0,0,974.3899,97,0.0044,114.161,25.603,436,ok,,
51ad8951d4d804190647eafcb448d58516047ade,base,home,1,3,971.833,91.5,0.0044,95.274,8.018,431,ok,,
51ad8951d4d804190647eafcb448d58516047ade,base,home,2,4,973.215,101,0.0044,94.021,13.241,455,ok,,
51ad8951d4d804190647eafcb448d58516047ade,base,home,3,7,978.6584,77,0.0044,133.43,25.386,437,ok,,
51ad8951d4d804190647eafcb448d58516047ade,base,home,4,8,976.908,92,0.0044,105.058,17.962,438,ok,,
51ad8951d4d804190647eafcb448d58516047ade,base,home,5,11,1157.4465,124.0,0.0044,93.518,6.982,454,outlier,lcp,
51ad8951d4d804190647eafcb448d58516047ade,base,home,6,12,959.5481,55,0.0044,125.6,0,437,outlier,tbt,
51ad8951d4d804190647eafcb448d58516047ade,base,home,7,15,959.528,74,0.0044,117.548,26.617,438,ok,,
51ad8951d4d804190647eafcb448d58516047ade,base,home,8,16,1344.6357,155.5,0.0044,81.04,8.232,524,outlier,lcp;tbt;lcpObs,
51ad8951d4d804190647eafcb448d58516047ade,base,home,9,19,975.9203,95,0.0044,94.377,14.124,437,ok,,
51ad8951d4d804190647eafcb448d58516047ade,base,home,10,20,966.551,83.0,0.0039,122.356,39.827,459,ok,,
51ad8951d4d804190647eafcb448d58516047ade,base,home,11,23,974.3143,97,0.0044,95.527,8.028,438,ok,,
51ad8951d4d804190647eafcb448d58516047ade,base,home,12,24,961.8222,94,0.0044,112.019,0,436,ok,,
51ad8951d4d804190647eafcb448d58516047ade,base,home,13,27,971.5269,96,0.0044,114.585,22.757,436,ok,,
51ad8951d4d804190647eafcb448d58516047ade,base,home,14,28,958.3484,71,0.0044,94.403,17.933,437,ok,,
51ad8951d4d804190647eafcb448d58516047ade,head,home,0,1,1256.9597,103,0.005,94.377,14.672,523,ok,,
51ad8951d4d804190647eafcb448d58516047ade,head,home,1,2,1206.2569,93,0.0049,110.678,28.909,491,ok,,
51ad8951d4d804190647eafcb448d58516047ade,head,home,2,5,1224.7951,121.0,0.0049,126.705,20.859,471,ok,,
51ad8951d4d804190647eafcb448d58516047ade,head,home,3,6,1214.7083,101,0.0049,118.059,27.192,490,ok,,
51ad8951d4d804190647eafcb448d58516047ade,head,home,4,9,1215.6294,128,0.0049,119.187,0,491,ok,,
51ad8951d4d804190647eafcb448d58516047ade,head,home,5,10,1217.0216,96.5,0.0049,96.459,15.72,491,ok,,
51ad8951d4d804190647eafcb448d58516047ade,head,home,6,13,1208.2766,91,0.0049,95.506,15.983,508,ok,,
51ad8951d4d804190647eafcb448d58516047ade,head,home,7,14,1216.9253,93,0.0049,94.435,8.79,525,ok,,
51ad8951d4d804190647eafcb448d58516047ade,head,home,8,17,1140.0046,97,0.0049,94.032,13.626,595,outlier,lcp;lcpObs,
51ad8951d4d804190647eafcb448d58516047ade,head,home,9,18,1217.4567,55.5,0.0049,113.33,0,491,ok,,
51ad8951d4d804190647eafcb448d58516047ade,head,home,10,21,1253.5103,81,0.0049,130.888,29.19,506,ok,,
51ad8951d4d804190647eafcb448d58516047ade,head,home,11,22,1225.8491,114,0.0049,133.815,28.393,490,ok,,
51ad8951d4d804190647eafcb448d58516047ade,head,home,12,25,1236.4059,76,0.0049,104.389,0,492,ok,,
51ad8951d4d804190647eafcb448d58516047ade,head,home,13,26,1210.4343,72,0.0049,112.186,0,488,ok,,
51ad8951d4d804190647eafcb448d58516047ade,head,home,14,29,1235.168,122,0.0049,92.684,0,509,ok,,
451bcac0b7b99f4fafca82adaad37f0b4aeb310e,base,home,0,0,1131.4589,97,0.0049,110.472,0,506,outlier,lcp,
451bcac0b7b99f4fafca82adaad37f0b4aeb310e,base,home,1,3,1208.1104,118,0.0049,119.051,0,542,ok,,
451bcac0b7b99f4fafca82adaad37f0b4aeb310e,base,home,2,4,1201.8241,77,0.0049,125.42,0,488,ok,,
451bcac0b7b99f4fafca82adaad37f0b4aeb310e,base,home,3,7,1195.708,93,0.0049,114.638,17.048,489,ok,,
451bcac0b7b99f4fafca82adaad37f0b4aeb310e,base,home,4,8,1205.4871,84.0,0.0049,116.948,24.971,508,ok,,
451bcac0b7b99f4fafca82adaad37f0b4aeb310e,base,home,5,11,1254.7672,88,0.0049,95.511,14.746,489,ok,,
451bcac0b7b99f4fafca82adaad37f0b4aeb310e,base,home,6,12,1204.18,109.0,0.0049,96.085,10.679,472,ok,,
451bcac0b7b99f4fafca82adaad37f0b4aeb310e,base,home,7,15,1228.8666,101,0.0049,93.084,10.057,474,ok,,
451bcac0b7b99f4fafca82adaad37f0b4aeb310e,base,home,8,16,1353.4505,98,0.0049,95.905,10.989,469,outlier,lcp,
451bcac0b7b99f4fafca82adaad37f0b4aeb310e,base,home,9,19,1198.6811,95,0.0049,92.658,14.436,491,ok,,
451bcac0b7b99f4fafca82adaad37f0b4aeb310e,base,home,10,20,1256.3681,95.5,0.0049,83.735,13.26,507,ok,,
451bcac0b7b99f4fafca82adaad37f0b4aeb310e,base,home,11,23,1331.7991,76,0.0049,112.011,0,2024,outlier,lcp;lcpObs,
451bcac0b7b99f4fafca82adaad37f0b4aeb310e,base,home,12,24,1217.3226,96,0.0049,131.065,32.511,487,ok,,
451bcac0b7b99f4fafca82adaad37f0b4aeb310e,base,home,13,27,1216.5991,100.5,0.0049,110.097,0,585,outlier,lcpObs,
451bcac0b7b99f4fafca82adaad37f0b4aeb310e,base,home,14,28,1196.6177,92.0,0.0049,95.016,9.435,489,ok,,
451bcac0b7b99f4fafca82adaad37f0b4aeb310e,head,home,0,1,1211.9815,92,0.005,95.005,12.054,487,ok,,
451bcac0b7b99f4fafca82adaad37f0b4aeb310e,head,home,1,2,1216.163,104,0.0049,119.436,40.952,524,outlier,inp,
451bcac0b7b99f4fafca82adaad37f0b4aeb310e,head,home,2,5,1282.9964,111,0.0049,95.313,20.315,596,outlier,lcpObs,
451bcac0b7b99f4fafca82adaad37f0b4aeb310e,head,home,3,6,1261.4805,91.5,0.0049,95.071,20.117,512,ok,,
451bcac0b7b99f4fafca82adaad37f0b4aeb310e,head,home,4,9,1244.7444,108,0.0049,95.442,11.669,508,ok,,
451bcac0b7b99f4fafca82adaad37f0b4aeb310e,head,home,5,10,1215.7279,95,0.005,115.96,14.568,507,outlier,inp,
451bcac0b7b99f4fafca82adaad37f0b4aeb310e,head,home,6,13,1201.1594,99,0.0049,128.823,24.177,467,outlier,inp,
451bcac0b7b99f4fafca82adaad37f0b4aeb310e,head,home,7,14,1226.6904,115,0.0049,94.545,9.577,472,ok,,
451bcac0b7b99f4fafca82adaad37f0b4aeb310e,head,home,8,17,1194.7963,91,0.0049,94.142,12.086,488,ok,,
451bcac0b7b99f4fafca82adaad37f0b4aeb310e,head,home,9,18,1218.5235,83.0,0.0049,93.546,12.854,490,ok,,
451bcac0b7b99f4fafca82adaad37f0b4aeb310e,head,home,10,21,1203.7924,108,0.0049,102.922,37.552,470,ok,,
451bcac0b7b99f4fafca82adaad37f0b4aeb310e,head,home,11,22,1261.8957,82.5,0.0049,95.003,12.628,506,ok,,
451bcac0b7b99f4fafca82adaad37f0b4aeb310e,head,home,12,25,1356.717,94.5,0.0049,94.559,14.927,473,outlier,lcp,
451bcac0b7b99f4fafca82adaad37f0b4aeb310e,head,home,13,26,1152.2704,99,0.0049,93.476,8.611,470,ok,,
451bcac0b7b99f4fafca82adaad37f0b4aeb310e,head,home,14,29,1248.6205,71,0.0049,95.182,18.135,474,ok,,
d080833f4d359e808cd12acdc7dd1c9187c956e5,base,home,0,0,1239.8775,110.5,0.0049,104.814,11.436,508,ok,,
d080833f4d359e808cd12acdc7dd1c9187c956e5,base,home,1,3,1256.0364,131,0.0049,94.421,6.993,508,ok,,
d080833f4d359e808cd12acdc7dd1c9187c956e5,base,home,2,4,1222.4718,63.5,0.0049,98.659,0,525,ok,,
d080833f4d359e808cd12acdc7dd1c9187c956e5,base,home,3,7,1196.8357,72,0.0049,93.893,12.859,509,ok,,
d080833f4d359e808cd12acdc7dd1c9187c956e5,base,home,4,8,1274.4049,107,0.0049,95.023,6.17,528,ok,,
d080833f4d359e808cd12acdc7dd1c9187c956e5,head,home,0,1,1235.5581,89,0.0049,94.793,15.053,471,ok,,
d080833f4d359e808cd12acdc7dd1c9187c956e5,head,home,1,2,1253.3304,54.5,0.0049,98.147,17.302,526,ok,,
d080833f4d359e808cd12acdc7dd1c9187c956e5,head,home,2,5,1225.4848,97.5,0.0049,98.924,21.534,507,ok,,
d080833f4d359e808cd12acdc7dd1c9187c956e5,head,home,3,6,1222.8214,95,0.0049,141.971,3.877,486,outlier,inp,
d080833f4d359e808cd12acdc7dd1c9187c956e5,head,home,4,9,1197.8981,72.5,0.0049,125.222,24.678,488,outlier,inp,
8d18078f5c719166c30eb373312c130664a56ffe,base,home,0,0,1280.966,107,0.0049,107.033,42.221,523,ok,,
8d18078f5c719166c30eb373312c130664a56ffe,base,home,1,3,1131.3222,98.0,0.0049,111.511,13.595,471,ok,,
8d18078f5c719166c30eb373312c130664a56ffe,base,home,2,4,1231.7586,116.5,0.005,101.835,26.865,520,ok,,
8d18078f5c719166c30eb373312c130664a56ffe,base,home,3,7,1196.6672,72,0.0049,113.373,17.134,471,ok,,
8d18078f5c719166c30eb373312c130664a56ffe,base,home,4,8,1221.2365,135.5,0.0049,94.018,15.061,488,ok,,
8d18078f5c719166c30eb373312c130664a56ffe,head,home,0,1,1186.1333,92,0.0049,97.186,0.844,491,ok,,
8d18078f5c719166c30eb373312c130664a56ffe,head,home,1,2,1263.9235,82.5,0.0049,93.926,15.448,597,outlier,lcpObs,
8d18078f5c719166c30eb373312c130664a56ffe,head,home,2,5,1226.3953,120.0,0.0049,99.323,0,502,outlier,tbt,
8d18078f5c719166c30eb373312c130664a56ffe,head,home,3,6,1201.0974,83,0.0049,97.855,17.25,527,ok,,
8d18078f5c719166c30eb373312c130664a56ffe,head,home,4,9,1198.69,75.5,0.0049,136.34,34.729,487,outlier,inp,
bf4c65f4835f5ce13d0c807797b849ad5d6b0121,base,home,0,0,1249.2162,93.0,0.0049,126.996,0,524,ok,,
bf4c65f4835f5ce13d0c807797b849ad5d6b0121,base,home,1,3,1139.7909,95,0.0049,94.859,17.09,579,outlier,lcpObs,
bf4c65f4835f5ce13d0c807797b849ad5d6b0121,base,home,2,4,1200.0436,75.0,0.0049,149.71,56.048,489,ok,,
bf4c65f4835f5ce13d0c807797b849ad5d6b0121,base,home,3,7,1245.3657,105,0.0049,126.237,26.931,491,ok,,
bf4c65f4835f5ce13d0c807797b849ad5d6b0121,base,home,4,8,1224.971,98.0,0.0049,139.397,29.898,490,ok,,
bf4c65f4835f5ce13d0c807797b849ad5d6b0121,head,home,0,1,1241.4771,71.0,0.0049,93.226,6.39,526,ok,,
bf4c65f4835f5ce13d0c807797b849ad5d6b0121,head,home,1,2,1225.7434,131,0.0049,106.969,19.459,505,ok,,
bf4c65f4835f5ce13d0c807797b849ad5d6b0121,head,home,2,5,955.5349,91,0.0045,156.622,31.885,2039,outlier,lcp;lcpObs,
bf4c65f4835f5ce13d0c807797b849ad5d6b0121,head,home,3,6,1216.2844,106,0.005,98.779,15.83,491,ok,,
bf4c65f4835f5ce13d0c807797b849ad5d6b0121,head,home,4,9,1215.7732,126,0.0049,130.005,0,489,ok,,
f06484c6ab72ce7c399f0cf73cda46b3fc7b82ab,base,home,0,0,1263.3938,110,0.0049,125.397,0,541,outlier,inp;lcpObs,
f06484c6ab72ce7c399f0cf73cda46b3fc7b82ab,base,home,1,3,1149.4451,91.5,0.0049,94.993,11.289,470,outlier,lcp,
f06484c6ab72ce7c399f0cf73cda46b3fc7b82ab,base,home,2,4,1213.167,76,0.0049,106.44,0,489,ok,,
f06484c6ab72ce7c399f0cf73cda46b3fc7b82ab,base,home,3,7,1205.3187,90,0.0049,95.405,10.233,488,ok,,
f06484c6ab72ce7c399f0cf73cda46b3fc7b82ab,base,home,4,8,1219.4261,98,0.0049,97.395,20.566,488,ok,,
f06484c6ab72ce7c399f0cf73cda46b3fc7b82ab,head,home,0,1,1219.8954,96,0.0049,94.374,14.458,507,ok,,
f06484c6ab72ce7c399f0cf73cda46b3fc7b82ab,head,home,1,2,1213.0779,84.0,0.005,127.99,20.367,490,ok,,
f06484c6ab72ce7c399f0cf73cda46b3fc7b82ab,head,home,2,5,1216.0452,77.5,0.0049,106.444,20.077,489,ok,,
f06484c6ab72ce7c399f0cf73cda46b3fc7b82ab,head,home,3,6,1142.3007,100.0,0.0049,95.516,15.28,488,outlier,lcp,
f06484c6ab72ce7c399f0cf73cda46b3fc7b82ab,head,home,4,9,1229.4878,86,0.0049,114.04,27.911,506,ok,,
859207b8bca11149047efdb8b5b5b3cb6cb87e99,base,home,0,0,1284.4695,96,0.005,102.351,22.433,523,ok,,
859207b8bca11149047efdb8b5b5b3cb6cb87e99,base,home,1,3,1230.9062,121,0.0049,95.396,17.759,524,ok,,
859207b8bca11149047efdb8b5b5b3cb6cb87e99,base,home,2,4,1152.818,105,0.0049,99.881,0,472,ok,,
859207b8bca11149047efdb8b5b5b3cb6cb87e99,base,home,3,7,1237.1819,112.5,0.0049,91.383,19.137,544,ok,,
859207b8bca11149047efdb8b5b5b3cb6cb87e99,base,home,4,8,1136.373,99,0.0049,94.513,23.539,508,ok,,
859207b8bca11149047efdb8b5b5b3cb6cb87e99,head,home,0,1,1280.3414,117.5,0.005,95.234,5.792,487,ok,,
859207b8bca11149047efdb8b5b5b3cb6cb87e99,head,home,1,2,1207.7152,111,0.0049,100.671,15.5,472,ok,,
859207b8bca11149047efdb8b5b5b3cb6cb87e99,head,home,2,5,1212.6629,94.0,0.0049,98.815,14.048,473,ok,,
859207b8bca11149047efdb8b5b5b3cb6cb87e99,head,home,3,6,1260.2672,89,0.005,94.357,14.615,527,ok,,
859207b8bca11149047efdb8b5b5b3cb6cb87e99,head,home,4,9,1264.5952,145.0,0.0049,127.185,0,503,outlier,inp,
071b17a2179fa19891f8c20d870d50e8fb65a6b5,base,home,0,0,1248.2795,105,0.0049,94.025,5.833,506,ok,,
071b17a2179fa19891f8c20d870d50e8fb65a6b5,base,home,1,3,1250.7468,55,0.0049,139.495,4.562,489,outlier,tbt;inp,
071b17a2179fa19891f8c20d870d50e8fb65a6b5,base,home,2,4,1301.1026,165,0.0049,95.332,8.591,525,outlier,lcp;tbt,
071b17a2179fa19891f8c20d870d50e8fb65a6b5,base,home,3,7,1249.2123,115.5,0.0049,95.489,8.621,471,ok,,
071b17a2179fa19891f8c20d870d50e8fb65a6b5,base,home,4,8,1211.5314,116,0.0049,93.93,7.201,487,ok,,
071b17a2179fa19891f8c20d870d50e8fb65a6b5,base,home,5,11,1224.9489,117,0.0049,93.736,0,507,ok,,
071b17a2179fa19891f8c20d870d50e8fb65a6b5,base,home,6,12,1222.4368,101,0.0049,112.986,0,510,ok,,
071b17a2179fa19891f8c20d870d50e8fb65a6b5,base,home,7,15,1203.5345,100.5,0.0049,98.119,10.85,487,ok,,
071b17a2179fa19891f8c20d870d50e8fb65a6b5,base,home,8,16,1199.4144,97,0.0049,113.56,26.661,473,ok,,
071b17a2179fa19891f8c20d870d50e8fb65a6b5,base,home,9,19,1236.5445,121,0.005,95.033,13.869,488,ok,,
071b17a2179fa19891f8c20d870d50e8fb65a6b5,base,home,10,20,1338.3835,85.5,0.0049,100.274,18.654,471,outlier,lcp,
071b17a2179fa19891f8c20d870d50e8fb65a6b5,base,home,11,23,1236.9095,110.0,0.0049,118.199,0,489,outlier,inp,
071b17a2179fa19891f8c20d870d50e8fb65a6b5,base,home,12,24,1216.7325,100,0.0049,97.302,0,501,ok,,
071b17a2179fa19891f8c20d870d50e8fb65a6b5,base,home,13,27,1226.1501,117,0.0049,99.18,11.82,488,ok,,
071b17a2179fa19891f8c20d870d50e8fb65a6b5,base,home,14,28,1276.5499,93.5,0.0049,97.21,11.226,542,ok,,
071b17a2179fa19891f8c20d870d50e8fb65a6b5,head,home,0,1,1211.5217,95,0.0049,94.336,13.246,470,ok,,
071b17a2179fa19891f8c20d870d50e8fb65a6b5,head,home,1,2,1215.856,107,0.0049,114.812,25.905,543,outlier,lcpObs,
071b17a2179fa19891f8c20d870d50e8fb65a6b5,head,home,2,5,1223.5721,104.0,0.0049,95.038,9.201,489,ok,,
071b17a2179fa19891f8c20d870d50e8fb65a6b5,head,home,3,6,1179.0621,77.0,0.0049,101.097,27.957,490,ok,,
071b17a2179fa19891f8c20d870d50e8fb65a6b5,head,home,4,9,1214.9575,111.5,0.0049,92.115,9.425,595,outlier,lcpObs,
071b17a2179fa19891f8c20d870d50e8fb65a6b5,head,home,5,10,1211.5265,93,0.0049,108.266,24.206,471,ok,,
071b17a2179fa19891f8c20d870d50e8fb65a6b5,head,home,6,13,1216.4619,92,0.0049,94.021,17.022,486,ok,,
071b17a2179fa19891f8c20d870d50e8fb65a6b5,head,home,7,14,1205.4685,109,0.0049,94.546,14.741,491,ok,,
071b17a2179fa19891f8c20d870d50e8fb65a6b5,head,home,8,17,1224.9425,92.5,0.0049,106.948,27.968,488,ok,,
071b17a2179fa19891f8c20d870d50e8fb65a6b5,head,home,9,18,1218.4907,111,0.0049,95.584,17.337,490,ok,,
071b17a2179fa19891f8c20d870d50e8fb65a6b5,head,home,10,21,1240.6988,45,0.0049,114.397,39.41,509,ok,,
071b17a2179fa19891f8c20d870d50e8fb65a6b5,head,home,11,22,1196.2371,94,0.005,96.336,9.035,489,ok,,
071b17a2179fa19891f8c20d870d50e8fb65a6b5,head,home,12,25,1242.7335,74,0.0049,109.435,23.131,527,ok,,
071b17a2179fa19891f8c20d870d50e8fb65a6b5,head,home,13,26,1222.3046,106.5,0.0049,96.37,11.263,509,ok,,
071b17a2179fa19891f8c20d870d50e8fb65a6b5,head,home,14,29,1216.6424,107,0.0049,127.954,20.192,490,outlier,inp,
7cc31ac64a9ec3f9ce5bc3a09cd3716c2eb07370,base,home,0,0,1132.3724,73,0.0049,160.845,9.97,521,outlier,lcp;inp,
7cc31ac64a9ec3f9ce5bc3a09cd3716c2eb07370,base,home,1,3,1215.3761,95,0.0049,104.899,14.391,507,ok,,
7cc31ac64a9ec3f9ce5bc3a09cd3716c2eb07370,base,home,2,4,1304.4781,59.5,0.0049,111.963,0,527,ok,,
7cc31ac64a9ec3f9ce5bc3a09cd3716c2eb07370,base,home,3,7,1237.9846,111,0.0049,92.4,13.449,504,ok,,
7cc31ac64a9ec3f9ce5bc3a09cd3716c2eb07370,base,home,4,8,1258.2043,95,0.0049,94.928,13.239,489,ok,,
7cc31ac64a9ec3f9ce5bc3a09cd3716c2eb07370,head,home,0,1,1236.9364,90,0.0049,90.909,16.433,523,ok,,
7cc31ac64a9ec3f9ce5bc3a09cd3716c2eb07370,head,home,1,2,1279.379,84.5,0.0049,101.545,3.193,472,ok,,
7cc31ac64a9ec3f9ce5bc3a09cd3716c2eb07370,head,home,2,5,1222.3709,108,0.0049,118.446,18.299,505,ok,,
7cc31ac64a9ec3f9ce5bc3a09cd3716c2eb07370,head,home,3,6,1199.846,99,0.0049,110.383,24.529,508,ok,,
7cc31ac64a9ec3f9ce5bc3a09cd3716c2eb07370,head,home,4,9,1214.3049,61,0.0049,135.086,26.003,470,ok,,
d87620b23907cef9a119c758124569b5f44991a4,base,home,0,0,1235.4696,72,0.0049,137.755,15.932,472,outlier,inp,
d87620b23907cef9a119c758124569b5f44991a4,base,home,1,3,1201.2938,99,0.0049,94.08,19.533,526,ok,,
d87620b23907cef9a119c758124569b5f44991a4,base,home,2,4,1143.35,87,0.0049,86.821,12.573,470,outlier,lcp,
d87620b23907cef9a119c758124569b5f44991a4,base,home,3,7,1209.7043,95,0.0049,94.05,15.237,489,ok,,
d87620b23907cef9a119c758124569b5f44991a4,base,home,4,8,1213.0008,96,0.0049,135.046,27.419,613,outlier,inp;lcpObs,
d87620b23907cef9a119c758124569b5f44991a4,base,home,5,11,1217.6887,60.5,0.005,119.047,0,490,outlier,inp,
d87620b23907cef9a119c758124569b5f44991a4,base,home,6,12,1130.1182,90,0.0049,95.178,14.516,506,outlier,lcp,
d87620b23907cef9a119c758124569b5f44991a4,base,home,7,15,1219.9426,109.5,0.0049,94.763,8.789,470,ok,,
d87620b23907cef9a119c758124569b5f44991a4,base,home,8,16,1218.109,103,0.0049,94.027,11.452,472,ok,,
d87620b23907cef9a119c758124569b5f44991a4,base,home,9,19,1214.5839,124,0.0049,104.699,23.246,490,ok,,
d87620b23907cef9a119c758124569b5f44991a4,base,home,10,20,1299.5008,138,0.0049,94.485,13.834,471,outlier,lcp,
d87620b23907cef9a119c758124569b5f44991a4,base,home,11,23,1261.5467,116,0.0049,95.555,10.816,507,ok,,
d87620b23907cef9a119c758124569b5f44991a4,base,home,12,24,1225.0003,92.0,0.0049,138.741,49.21,487,outlier,inp;tbtFlow,
d87620b23907cef9a119c758124569b5f44991a4,base,home,13,27,1223.9726,119,0.0049,98.199,21.571,506,ok,,
d87620b23907cef9a119c758124569b5f44991a4,base,home,14,28,1244.7105,117,0.0049,98.045,32.696,493,ok,,
d87620b23907cef9a119c758124569b5f44991a4,head,home,0,1,1259.9219,82,0.0049,93.879,0,524,ok,,
d87620b23907cef9a119c758124569b5f44991a4,head,home,1,2,1390.9566,115.0,0.0049,94.242,0,473,outlier,lcp,
d87620b23907cef9a119c758124569b5f44991a4,head,home,2,5,1242.7524,50,0.0049,130.605,32.367,490,outlier,inp,
d87620b23907cef9a119c758124569b5f44991a4,head,home,3,6,1301.1287,119,0.0049,95.445,5.773,471,ok,,
d87620b23907cef9a119c758124569b5f44991a4,head,home,4,9,1218.021,114,0.0049,95.389,18.302,502,ok,,
d87620b23907cef9a119c758124569b5f44991a4,head,home,5,10,1236.3384,129,0.0049,94.2,14.908,491,ok,,
d87620b23907cef9a119c758124569b5f44991a4,head,home,6,13,1218.6461,98,0.0049,94.485,16.305,488,ok,,
d87620b23907cef9a119c758124569b5f44991a4,head,home,7,14,1252.9641,134.5,0.0049,95.551,18.335,492,ok,,
d87620b23907cef9a119c758124569b5f44991a4,head,home,8,17,1237.301,83,0.0049,127.226,25.163,504,outlier,inp,
d87620b23907cef9a119c758124569b5f44991a4,head,home,9,18,1216.7632,83.0,0.0049,94.972,14.05,486,ok,,
d87620b23907cef9a119c758124569b5f44991a4,head,home,10,21,1380.1856,107.0,0.0049,99.016,26.198,490,outlier,lcp,
d87620b23907cef9a119c758124569b5f44991a4,head,home,11,22,1257.3727,271,0.0049,100.565,12.882,484,outlier,tbt,
d87620b23907cef9a119c758124569b5f44991a4,head,home,12,25,1169.7252,88,0.0049,99.758,11.606,486,ok,,
d87620b23907cef9a119c758124569b5f44991a4,head,home,13,26,1207.7271,95,0.0049,114.622,22.151,490,ok,,
d87620b23907cef9a119c758124569b5f44991a4,head,home,14,29,978.4228,68.0,0.0045,127.391,40.88,2036,outlier,lcp;inp;lcpObs,
e95222ed323d45adf2183bae835c9fb6708e7029,base,home,0,0,1122.009,96,0.0049,110.385,18.732,505,outlier,lcp,
e95222ed323d45adf2183bae835c9fb6708e7029,base,home,1,3,1229.6636,115,0.0049,95.145,8.216,490,ok,,
e95222ed323d45adf2183bae835c9fb6708e7029,base,home,2,4,1241.8545,76,0.0049,113.844,21.321,526,ok,,
e95222ed323d45adf2183bae835c9fb6708e7029,base,home,3,7,1226.0641,84,0.0049,113.549,0,471,ok,,
e95222ed323d45adf2183bae835c9fb6708e7029,base,home,4,8,1204.0025,99.0,0.0049,124.995,23.708,488,ok,,
e95222ed323d45adf2183bae835c9fb6708e7029,head,home,0,1,1256.1444,73.0,0.0049,133.371,34.157,526,ok,,
e95222ed323d45adf2183bae835c9fb6708e7029,head,home,1,2,1217.8376,103,0.005,104.531,24.548,470,ok,,
e95222ed323d45adf2183bae835c9fb6708e7029,head,home,2,5,1217.1709,110.5,0.0049,129.602,19.509,489,ok,,
e95222ed323d45adf2183bae835c9fb6708e7029,head,home,3,6,1228.6717,125,0.0049,112.022,0,507,ok,,
e95222ed323d45adf2183bae835c9fb6708e7029,head,home,4,9,1215.5398,81.5,0.0049,114.424,19.052,487,ok,,
0586fc138cc3e1ed893d5204af78a13a352fffc6,base,home,0,0,1242.452,78.0,0.0049,112.098,20.032,487,ok,,
0586fc138cc3e1ed893d5204af78a13a352fffc6,base,home,1,3,1230.3826,93,0.0049,98.167,0,524,ok,,
0586fc138cc3e1ed893d5204af78a13a352fffc6,base,home,2,4,1194.0861,93,0.0049,96.143,4.629,526,ok,,
0586fc138cc3e1ed893d5204af78a13a352fffc6,base,home,3,7,1305.7624,93.0,0.0049,116.561,39.577,788,outlier,lcp;lcpObs,
0586fc138cc3e1ed893d5204af78a13a352fffc6,base,home,4,8,1218.6194,110.5,0.0049,129.113,25.551,508,ok,,
0586fc138cc3e1ed893d5204af78a13a352fffc6,head,home,0,1,1216.9811,75,0.005,137.055,38.086,490,ok,,
0586fc138cc3e1ed893d5204af78a13a352fffc6,head,home,1,2,1194.8863,92,0.0049,134.485,42.636,469,ok,,
0586fc138cc3e1ed893d5204af78a13a352fffc6,head,home,2,5,978.4938,78,0.0045,113.066,7.19,2034,outlier,lcp;lcpObs,
0586fc138cc3e1ed893d5204af78a13a352fffc6,head,home,3,6,1219.2722,101,0.0049,98.365,8.783,470,ok,,
0586fc138cc3e1ed893d5204af78a13a352fffc6,head,home,4,9,1223.7948,75.0,0.0049,94.515,16.109,490,ok,,
6c908553a9cbd2e50bfabc49bc6045c5ba97d702,base,home,0,0,1239.2491,77,0.005,128.119,0,488,ok,,
6c908553a9cbd2e50bfabc49bc6045c5ba97d702,base,home,1,3,1214.0862,112.0,0.0049,94.491,9.618,470,ok,,
6c908553a9cbd2e50bfabc49bc6045c5ba97d702,base,home,2,4,1208.8826,51,0.0049,110.931,28.867,471,ok,,
6c908553a9cbd2e50bfabc49bc6045c5ba97d702,base,home,3,7,1247.515,120,0.0049,95.336,9.4,490,ok,,
6c908553a9cbd2e50bfabc49bc6045c5ba97d702,base,home,4,8,1213.6116,103.0,0.0049,128.047,20.025,486,ok,,
6c908553a9cbd2e50bfabc49bc6045c5ba97d702,head,home,0,1,1272.7088,94,0.0049,95.05,14.318,525,ok,,
6c908553a9cbd2e50bfabc49bc6045c5ba97d702,head,home,1,2,1215.2888,104,0.0049,105.75,0,470,ok,,
6c908553a9cbd2e50bfabc49bc6045c5ba97d702,head,home,2,5,1205.4426,102,0.0049,105.419,24.515,490,ok,,
6c908553a9cbd2e50bfabc49bc6045c5ba97d702,head,home,3,6,1371.3394,118,0.0049,95.479,11.265,491,outlier,lcp,
6c908553a9cbd2e50bfabc49bc6045c5ba97d702,head,home,4,9,1205.2626,60,0.0049,134.211,39.571,507,outlier,tbt,
b5fc873323e16f181860a4e731c731b4e40badd1,base,home,0,0,1239.996,98.0,0.0049,139.796,30.853,523,outlier,inp,
b5fc873323e16f181860a4e731c731b4e40badd1,base,home,1,3,1151.3632,95,0.0049,93.945,14.654,791,outlier,lcp;lcpObs,
b5fc873323e16f181860a4e731c731b4e40badd1,base,home,2,4,1237.042,107.0,0.0049,94.245,8.744,491,ok,,
b5fc873323e16f181860a4e731c731b4e40badd1,base,home,3,7,1226.7736,105,0.0049,94.208,13.911,492,ok,,
b5fc873323e16f181860a4e731c731b4e40badd1,base,home,4,8,1133.6385,102,0.0049,128.277,18.852,489,outlier,lcp;inp,
b5fc873323e16f181860a4e731c731b4e40badd1,head,home,0,1,974.3141,87,0.0045,122.756,38.032,2036,outlier,lcp;lcpObs,
b5fc873323e16f181860a4e731c731b4e40badd1,head,home,1,2,1228.5101,95,0.005,114.528,29.63,487,ok,,
b5fc873323e16f181860a4e731c731b4e40badd1,head,home,2,5,1203.0429,96,0.0049,128.289,32.64,471,ok,,
b5fc873323e16f181860a4e731c731b4e40badd1,head,home,3,6,1210.3516,76,0.0049,127.978,0,503,ok,,
b5fc873323e16f181860a4e731c731b4e40badd1,head,home,4,9,1245.8566,143,0.0049,95.043,10.802,491,outlier,tbt;inp,
63e1148280163a36326b7efb5fdfeefebabdb3e4,base,home,0,0,1216.3284,49,0.0049,133.582,36.345,472,ok,,
63e1148280163a36326b7efb5fdfeefebabdb3e4,base,home,1,3,1318.886,103,0.0049,94.847,12.064,541,outlier,lcpObs,
63e1148280163a36326b7efb5fdfeefebabdb3e4,base,home,2,4,1145.7619,85,0.0049,110.434,26.306,488,ok,,
63e1148280163a36326b7efb5fdfeefebabdb3e4,base,home,3,7,1133.4151,70,0.0049,116.097,43.656,473,ok,,
63e1148280163a36326b7efb5fdfeefebabdb3e4,base,home,4,8,1283.075,103,0.0049,109.578,24.791,471,ok,,
63e1148280163a36326b7efb5fdfeefebabdb3e4,head,home,0,1,1133.6237,97,0.0049,128.692,23.524,469,ok,,
63e1148280163a36326b7efb5fdfeefebabdb3e4,head,home,1,2,1261.0773,112,0.0049,104.025,13.146,471,ok,,
63e1148280163a36326b7efb5fdfeefebabdb3e4,head,home,2,5,1192.4346,92,0.0049,95.237,18.265,599,outlier,lcpObs,
63e1148280163a36326b7efb5fdfeefebabdb3e4,head,home,3,6,1200.7481,78.0,0.0049,141.356,33.251,453,ok,,
63e1148280163a36326b7efb5fdfeefebabdb3e4,head,home,4,9,966.6499,103,0.0045,143.538,45.279,2037,outlier,lcpObs,
c158187f20e9eb60c7b0dd5256f0030594883867,base,home,0,0,1256.698,93,0.0049,134.955,27.322,508,ok,,
c158187f20e9eb60c7b0dd5256f0030594883867,base,home,1,3,1264.3798,106,0.0049,94.335,19.179,487,ok,,
c158187f20e9eb60c7b0dd5256f0030594883867,base,home,2,4,1329.6848,59,0.0049,126.567,21.704,472,ok,,
c158187f20e9eb60c7b0dd5256f0030594883867,base,home,3,7,1315.0954,70,0.0049,107.952,22.948,507,ok,,
c158187f20e9eb60c7b0dd5256f0030594883867,base,home,4,8,1232.0115,95.0,0.0049,115.058,36.254,472,ok,,
c158187f20e9eb60c7b0dd5256f0030594883867,head,home,0,1,1275.411,73.0,0.0049,106.543,19.881,506,ok,,
c158187f20e9eb60c7b0dd5256f0030594883867,head,home,1,2,1255.1548,72,0.0049,111.84,24.182,526,ok,,
c158187f20e9eb60c7b0dd5256f0030594883867,head,home,2,5,1257.5508,83,0.0049,115.193,22.848,506,ok,,
c158187f20e9eb60c7b0dd5256f0030594883867,head,home,3,6,1258.9009,117,0.0049,112.632,0,489,ok,,
c158187f20e9eb60c7b0dd5256f0030594883867,head,home,4,9,1334.948,95,0.0049,94.481,15.657,489,outlier,lcp,
cc6c29c0b9298653301a0d18b9c6511730e0b480,base,home,0,0,1262.2645,101,0.0049,94.848,15.686,523,ok,,
cc6c29c0b9298653301a0d18b9c6511730e0b480,base,home,1,3,1138.2321,102,0.0049,101.983,24.676,471,ok,,
cc6c29c0b9298653301a0d18b9c6511730e0b480,base,home,2,4,1235.9711,83.5,0.0049,128.371,26.771,488,ok,,
cc6c29c0b9298653301a0d18b9c6511730e0b480,base,home,3,7,1303.0071,96,0.0049,130.209,0,472,ok,,
cc6c29c0b9298653301a0d18b9c6511730e0b480,base,home,4,8,1178.8853,94,0.0049,93.517,18.932,789,outlier,lcpObs,
cc6c29c0b9298653301a0d18b9c6511730e0b480,head,home,0,1,1253.3993,103,0.0049,109.456,25.227,490,ok,,
cc6c29c0b9298653301a0d18b9c6511730e0b480,head,home,1,2,1178.383,157,0.0049,93.191,6.799,491,outlier,lcp,
cc6c29c0b9298653301a0d18b9c6511730e0b480,head,home,2,5,1250.274,78,0.0049,113.921,15.34,505,ok,,
cc6c29c0b9298653301a0d18b9c6511730e0b480,head,home,3,6,1398.9403,130.5,0.0049,95.741,20.441,488,outlier,lcp,
cc6c29c0b9298653301a0d18b9c6511730e0b480,head,home,4,9,1251.8386,76,0.005,102.16,29.316,489,ok,,
b9a255407fc5e68893016de56057614da26df50c,base,home,0,0,1235.0245,76.0,0.0049,124.693,23.298,489,outlier,inp,
b9a255407fc5e68893016de56057614da26df50c,base,home,1,3,1271.7111,120.5,0.0049,93.438,17.695,489,ok,,
b9a255407fc5e68893016de56057614da26df50c,base,home,2,4,1202.3264,93,0.0049,94.886,14.965,490,ok,,
b9a255407fc5e68893016de56057614da26df50c,base,home,3,7,1211.6471,116,0.0049,93.475,18.451,489,ok,,
b9a255407fc5e68893016de56057614da26df50c,base,home,4,8,1274.5004,95,0.0049,92.111,15.456,504,ok,,
b9a255407fc5e68893016de56057614da26df50c,base,home,5,11,1263.4412,91,0.0049,93.447,15.68,508,ok,,
b9a255407fc5e68893016de56057614da26df50c,base,home,6,12,1207.9634,91,0.0049,94.812,25.857,507,ok,,
b9a255407fc5e68893016de56057614da26df50c,base,home,7,15,1210.3358,97,0.0049,111.668,21.214,488,ok,,
b9a255407fc5e68893016de56057614da26df50c,base,home,8,16,1315.6681,107.5,0.0049,94.364,13.075,578,outlier,lcpObs,
b9a255407fc5e68893016de56057614da26df50c,base,home,9,19,1255.8334,101,0.0049,94.077,24.13,508,ok,,
b9a255407fc5e68893016de56057614da26df50c,base,home,10,20,1263.5625,129,0.0049,94.093,8.607,506,outlier,tbt,
b9a255407fc5e68893016de56057614da26df50c,base,home,11,23,1208.6174,68,0.0049,108.325,24.842,490,ok,,
b9a255407fc5e68893016de56057614da26df50c,base,home,12,24,1323.6966,122.0,0.0049,133.105,42.103,492,outlier,inp,
b9a255407fc5e68893016de56057614da26df50c,base,home,13,27,1134.0054,96,0.0049,94.945,10.614,473,ok,,
b9a255407fc5e68893016de56057614da26df50c,base,home,14,28,1259.4381,91,0.0049,93.618,12.444,490,ok,,
b9a255407fc5e68893016de56057614da26df50c,head,home,0,1,1137.2309,99,0.0049,117.288,29.753,485,outlier,lcp;inp,
b9a255407fc5e68893016de56057614da26df50c,head,home,1,2,1297.9504,68,0.005,108.236,28.044,506,ok,,
b9a255407fc5e68893016de56057614da26df50c,head,home,2,5,1272.7544,123,0.005,95.476,3.21,487,ok,,
b9a255407fc5e68893016de56057614da26df50c,head,home,3,6,1290.4691,95,0.0049,108.824,17.423,474,ok,,
b9a255407fc5e68893016de56057614da26df50c,head,home,4,9,1280.9565,61,0.0049,125.618,40.54,506,outlier,inp,
b9a255407fc5e68893016de56057614da26df50c,head,home,5,10,1249.981,93,0.0049,93.864,5.808,474,ok,,
b9a255407fc5e68893016de56057614da26df50c,head,home,6,13,1143.8012,93,0.0049,114.408,23.298,492,outlier,lcp,
b9a255407fc5e68893016de56057614da26df50c,head,home,7,14,1252.1008,119,0.0049,94.276,11.843,486,ok,,
b9a255407fc5e68893016de56057614da26df50c,head,home,8,17,1302.6172,79,0.0049,95.031,18.724,506,ok,,
b9a255407fc5e68893016de56057614da26df50c,head,home,9,18,1258.3986,107.5,0.0049,93.202,18.569,561,outlier,lcpObs,
b9a255407fc5e68893016de56057614da26df50c,head,home,10,21,1254.4083,99.5,0.0049,95.412,11.703,560,outlier,lcpObs,
b9a255407fc5e68893016de56057614da26df50c,head,home,11,22,1262.8305,84,0.0049,95.541,21.922,489,ok,,
b9a255407fc5e68893016de56057614da26df50c,head,home,12,25,1234.9885,97,0.0049,100.687,20.06,490,ok,,
b9a255407fc5e68893016de56057614da26df50c,head,home,13,26,1252.1111,88,0.0049,112.971,28.891,506,ok,,
b9a255407fc5e68893016de56057614da26df50c,head,home,14,29,1282.3302,119,0.0049,93.135,9.794,510,ok,,
da592058467be7da090e5ea763852198040807cd,base,home,0,0,1281.9444,106.0,0.005,95.43,8.382,526,ok,,
da592058467be7da090e5ea763852198040807cd,base,home,1,3,1239.3071,74,0.0049,129.043,22.543,492,ok,,
da592058467be7da090e5ea763852198040807cd,base,home,2,4,1194.4814,82.0,0.0049,116.301,36.46,793,outlier,lcpObs,
da592058467be7da090e5ea763852198040807cd,base,home,3,7,1270.5889,122.0,0.0049,102.897,19.524,471,ok,,
da592058467be7da090e5ea763852198040807cd,base,home,4,8,1254.5323,76,0.0049,120.449,37.589,490,ok,,
da592058467be7da090e5ea763852198040807cd,base,home,5,11,1251.8721,69,0.0049,108.44,31.859,491,ok,,
da592058467be7da090e5ea763852198040807cd,base,home,6,12,1134.7765,103,0.0049,94.397,16.953,456,outlier,lcp,
da592058467be7da090e5ea763852198040807cd,base,home,7,15,1270.2211,46,0.0049,105.75,0,491,ok,,
da592058467be7da090e5ea763852198040807cd,base,home,8,16,1370.0887,91,0.0049,110.537,25.563,488,outlier,lcp,
da592058467be7da090e5ea763852198040807cd,base,home,9,19,1236.0825,133,0.0049,94.245,7.976,489,ok,,
da592058467be7da090e5ea763852198040807cd,base,home,10,20,1260.706,99.0,0.0049,129.837,0,507,ok,,
da592058467be7da090e5ea763852198040807cd,base,home,11,23,1301.2836,87,0.0049,93.943,12.65,557,outlier,lcpObs,
da592058467be7da090e5ea763852198040807cd,base,home,12,24,994.5989,114,0.0045,145.306,4.666,2032,outlier,lcp;lcpObs,
da592058467be7da090e5ea763852198040807cd,base,home,13,27,1249.5478,92.0,0.0049,93.715,19.737,491,ok,,
da592058467be7da090e5ea763852198040807cd,base,home,14,28,1247.8808,108,0.0049,110.573,24.96,489,ok,,
da592058467be7da090e5ea763852198040807cd,head,home,0,1,1283.0346,101.5,0.005,94.371,10.625,542,ok,,
da592058467be7da090e5ea763852198040807cd,head,home,1,2,974.5795,105.0,0.0045,116.465,35.696,2033,outlier,lcp;lcpObs,
da592058467be7da090e5ea763852198040807cd,head,home,2,5,1255.144,107.5,0.0049,95.366,12.443,491,ok,,
da592058467be7da090e5ea763852198040807cd,head,home,3,6,1386.7691,125,0.0049,95.4,16.806,490,outlier,lcp,
da592058467be7da090e5ea763852198040807cd,head,home,4,9,1144.6025,107,0.0049,95.03,17.231,453,outlier,lcp,
da592058467be7da090e5ea763852198040807cd,head,home,5,10,1305.6024,94.5,0.0049,112.914,0,470,ok,,
da592058467be7da090e5ea763852198040807cd,head,home,6,13,1262.2585,103,0.0049,93.516,13.842,490,ok,,
da592058467be7da090e5ea763852198040807cd,head,home,7,14,1269.3383,111,0.0049,102.895,10.624,507,ok,,
da592058467be7da090e5ea763852198040807cd,head,home,8,17,1209.6703,75,0.0049,134.588,35.583,490,ok,,
da592058467be7da090e5ea763852198040807cd,head,home,9,18,1260.8866,111,0.0049,92.725,13.038,488,ok,,
da592058467be7da090e5ea763852198040807cd,head,home,10,21,1217.0204,80,0.0049,127.363,22.725,473,ok,,
da592058467be7da090e5ea763852198040807cd,head,home,11,22,1242.019,97,0.0049,119.101,45.196,472,outlier,tbtFlow,
da592058467be7da090e5ea763852198040807cd,head,home,12,25,1202.4426,85.5,0.0049,111.051,0,488,ok,,
da592058467be7da090e5ea763852198040807cd,head,home,13,26,1267.1369,88.0,0.0049,93.265,14.284,791,outlier,lcpObs,
da592058467be7da090e5ea763852198040807cd,head,home,14,29,1266.2946,122.5,0.0049,109.412,23.414,507,ok,,
3b97f5a10cc576cbe7863a2e4772203ebb13b606,base,home,0,0,1295.3159,136,0.0049,106.034,0,505,ok,,
3b97f5a10cc576cbe7863a2e4772203ebb13b606,base,home,1,3,1151.9886,103,0.005,111.482,33.972,472,outlier,lcp,
3b97f5a10cc576cbe7863a2e4772203ebb13b606,base,home,2,4,1272.6032,50,0.0049,107.35,23.327,794,outlier,lcpObs,
3b97f5a10cc576cbe7863a2e4772203ebb13b606,base,home,3,7,1420.5065,128.5,0.0049,111.598,36.361,486,outlier,lcp,
3b97f5a10cc576cbe7863a2e4772203ebb13b606,base,home,4,8,1275.2822,158,0.0049,97.059,17.354,557,ok,,
3b97f5a10cc576cbe7863a2e4772203ebb13b606,head,home,0,1,1293.1247,52,0.0049,109.903,24.507,493,ok,,
3b97f5a10cc576cbe7863a2e4772203ebb13b606,head,home,1,2,985.357,120,0.0045,114.433,36.021,2035,outlier,lcp;lcpObs,
3b97f5a10cc576cbe7863a2e4772203ebb13b606,head,home,2,5,1196.8486,96.0,0.0049,96.57,25.159,473,ok,,
3b97f5a10cc576cbe7863a2e4772203ebb13b606,head,home,3,6,1240.8941,49.5,0.0049,136.005,1.786,525,ok,,
3b97f5a10cc576cbe7863a2e4772203ebb13b606,head,home,4,9,1206.0081,105.5,0.005,94.416,15.327,487,ok,,
6ebf52279dbf5173c3c4bca0af52c4e222acd6b4,base,home,0,0,1256.6894,72.0,0.005,133.862,27.136,522,outlier,inp,
6ebf52279dbf5173c3c4bca0af52c4e222acd6b4,base,home,1,3,1274.2667,119,0.0049,110.358,36.853,577,outlier,lcpObs,
6ebf52279dbf5173c3c4bca0af52c4e222acd6b4,base,home,2,4,1382.4201,99.5,0.0049,94.041,11.874,471,ok,,
6ebf52279dbf5173c3c4bca0af52c4e222acd6b4,base,home,3,7,1383.2973,112,0.0049,119.475,23.543,488,outlier,inp,
6ebf52279dbf5173c3c4bca0af52c4e222acd6b4,base,home,4,8,1361.3551,76,0.0049,94.095,14.316,470,ok,,
6ebf52279dbf5173c3c4bca0af52c4e222acd6b4,base,home,5,11,1366.2478,119,0.0049,95.681,0,485,ok,,
6ebf52279dbf5173c3c4bca0af52c4e222acd6b4,base,home,6,12,1226.4098,62.0,0.0049,104.022,14.992,490,ok,,
6ebf52279dbf5173c3c4bca0af52c4e222acd6b4,base,home,7,15,1220.3976,119.5,0.0049,95.492,13.514,488,ok,,
6ebf52279dbf5173c3c4bca0af52c4e222acd6b4,base,home,8,16,1219.5344,86,0.0049,96.631,21.107,472,ok,,
6ebf52279dbf5173c3c4bca0af52c4e222acd6b4,base,home,9,19,1256.5694,80.5,0.0049,99.457,12.444,492,ok,,
6ebf52279dbf5173c3c4bca0af52c4e222acd6b4,base,home,10,20,1253.8699,92,0.0049,95.032,0,507,ok,,
6ebf52279dbf5173c3c4bca0af52c4e222acd6b4,base,home,11,23,1266.9749,103.5,0.0049,94.518,6.547,489,ok,,
6ebf52279dbf5173c3c4bca0af52c4e222acd6b4,base,home,12,24,1260.3356,109,0.0049,93.563,11.668,489,ok,,
6ebf52279dbf5173c3c4bca0af52c4e222acd6b4,base,home,13,27,1216.5322,104,0.0049,109.471,27.609,473,ok,,
6ebf52279dbf5173c3c4bca0af52c4e222acd6b4,base,home,14,28,1268.8578,70.5,0.0049,114.002,24.339,507,ok,,
6ebf52279dbf5173c3c4bca0af52c4e222acd6b4,head,home,0,1,1236.2665,89,0.0049,95.522,17.995,539,ok,,
6ebf52279dbf5173c3c4bca0af52c4e222acd6b4,head,home,1,2,1261.8675,103.5,0.0049,94.403,14.85,472,ok,,
6ebf52279dbf5173c3c4bca0af52c4e222acd6b4,head,home,2,5,1272.3325,103,0.0049,93.836,9.65,493,ok,,
6ebf52279dbf5173c3c4bca0af52c4e222acd6b4,head,home,3,6,1241.0551,88,0.0049,94.708,5.374,475,ok,,
6ebf52279dbf5173c3c4bca0af52c4e222acd6b4,head,home,4,9,1206.7696,112.5,0.0049,95.393,13.656,491,ok,,
6ebf52279dbf5173c3c4bca0af52c4e222acd6b4,head,home,5,10,1217.75,111,0.0049,93.155,5.783,489,ok,,
6ebf52279dbf5173c3c4bca0af52c4e222acd6b4,head,home,6,13,1262.1685,115.0,0.0049,116.92,24.962,592,outlier,inp;lcpObs,
6ebf52279dbf5173c3c4bca0af52c4e222acd6b4,head,home,7,14,1135.2477,94,0.0049,94.044,29.875,489,ok,,
6ebf52279dbf5173c3c4bca0af52c4e222acd6b4,head,home,8,17,1253.0664,105,0.0049,100.584,20.181,508,ok,,
6ebf52279dbf5173c3c4bca0af52c4e222acd6b4,head,home,9,18,1212.4515,112,0.0049,93.195,10.026,452,ok,,
6ebf52279dbf5173c3c4bca0af52c4e222acd6b4,head,home,10,21,1367.0696,116.5,0.0049,97.407,13.857,505,outlier,lcp,
6ebf52279dbf5173c3c4bca0af52c4e222acd6b4,head,home,11,22,1217.0145,102,0.0049,101.627,18.744,508,ok,,
6ebf52279dbf5173c3c4bca0af52c4e222acd6b4,head,home,12,25,1235.6214,94.0,0.0049,95.332,14.993,489,ok,,
6ebf52279dbf5173c3c4bca0af52c4e222acd6b4,head,home,13,26,1286.8371,73.0,0.0049,102.231,16.116,492,ok,,
6ebf52279dbf5173c3c4bca0af52c4e222acd6b4,head,home,14,29,1285.8984,99.5,0.0049,100.256,19.789,508,ok,,
a0b98a944f1ddedba090b8a6908ff38b9132177e,base,home,0,0,1274.4771,101,0.0049,131.742,44.96,503,outlier,inp,
a0b98a944f1ddedba090b8a6908ff38b9132177e,base,home,1,3,1254.0503,103.5,0.0049,94.709,15.386,490,ok,,
a0b98a944f1ddedba090b8a6908ff38b9132177e,base,home,2,4,1213.7779,95,0.0049,112.956,20.303,471,ok,,
a0b98a944f1ddedba090b8a6908ff38b9132177e,base,home,3,7,1260.0572,102,0.0049,93.134,18.098,511,ok,,
a0b98a944f1ddedba090b8a6908ff38b9132177e,base,home,4,8,1248.156,90,0.0049,95.022,18.043,490,ok,,
a0b98a944f1ddedba090b8a6908ff38b9132177e,base,home,5,11,1129.9959,117,0.0049,93.688,21.669,489,outlier,lcp,
a0b98a944f1ddedba090b8a6908ff38b9132177e,base,home,6,12,1248.4244,91,0.0049,100.733,2.581,490,ok,,
a0b98a944f1ddedba090b8a6908ff38b9132177e,base,home,7,15,1126.6441,50,0.0049,107.927,0,487,outlier,lcp;tbt,
a0b98a944f1ddedba090b8a6908ff38b9132177e,base,home,8,16,1217.7297,71.0,0.0049,102.195,0,469,ok,,
a0b98a944f1ddedba090b8a6908ff38b9132177e,base,home,9,19,1255.1538,108.5,0.0049,107.538,17.027,527,ok,,
a0b98a944f1ddedba090b8a6908ff38b9132177e,base,home,10,20,1234.5345,91,0.005,99.349,19.987,510,ok,,
a0b98a944f1ddedba090b8a6908ff38b9132177e,base,home,11,23,1229.4507,118.5,0.0049,93.651,9.6,475,ok,,
a0b98a944f1ddedba090b8a6908ff38b9132177e,base,home,12,24,1261.3911,112.0,0.0049,107.417,29.006,576,outlier,lcpObs,
a0b98a944f1ddedba090b8a6908ff38b9132177e,base,home,13,27,1281.9836,115.0,0.0049,94.015,11.225,474,ok,,
a0b98a944f1ddedba090b8a6908ff38b9132177e,base,home,14,28,1211.7052,94,0.0049,94.166,19.754,489,ok,,
a0b98a944f1ddedba090b8a6908ff38b9132177e,head,home,0,1,1341.419,70.5,0.0049,109.317,28.018,521,ok,,
a0b98a944f1ddedba090b8a6908ff38b9132177e,head,home,1,2,1430.6295,124.0,0.0049,96.025,16.678,612,outlier,lcpObs,
a0b98a944f1ddedba090b8a6908ff38b9132177e,head,home,2,5,1428.8604,59.5,0.0049,102.476,27.085,469,ok,,
a0b98a944f1ddedba090b8a6908ff38b9132177e,head,home,3,6,1380.9756,85.0,0.0049,94.528,16.069,490,ok,,
a0b98a944f1ddedba090b8a6908ff38b9132177e,head,home,4,9,1439.9086,116,0.0049,130.834,18.012,523,outlier,inp,
a0b98a944f1ddedba090b8a6908ff38b9132177e,head,home,5,10,1421.6231,82,0.0049,95.076,9.611,505,ok,,
a0b98a944f1ddedba090b8a6908ff38b9132177e,head,home,6,13,1333.0651,82.0,0.0049,111.5,23.516,472,ok,,
a0b98a944f1ddedba090b8a6908ff38b9132177e,head,home,7,14,1296.8222,95.5,0.0049,105.946,13.739,509,ok,,
a0b98a944f1ddedba090b8a6908ff38b9132177e,head,home,8,17,1335.8386,89,0.0049,97.447,24.066,510,ok,,
a0b98a944f1ddedba090b8a6908ff38b9132177e,head,home,9,18,1299.8696,74.5,0.0049,97.827,12.744,469,ok,,
a0b98a944f1ddedba090b8a6908ff38b9132177e,head,home,10,21,1267.1896,111.0,0.0049,100.917,7.581,487,ok,,
a0b98a944f1ddedba090b8a6908ff38b9132177e,head,home,11,22,1410.1736,135,0.0049,95.519,12.454,542,ok,,
a0b98a944f1ddedba090b8a6908ff38b9132177e,head,home,12,25,1434.1508,133,0.0049,97.606,13.435,487,ok,,
a0b98a944f1ddedba090b8a6908ff38b9132177e,head,home,13,26,1272.0346,106,0.0049,109.499,24.826,487,ok,,
a0b98a944f1ddedba090b8a6908ff38b9132177e,head,home,14,29,1306.8621,109.0,0.0049,99.319,17.594,491,ok,,
24a69418615196827688d7c495450740ba5c7a40,base,home,0,0,1360.8319,89,0.0049,116.659,35.714,558,outlier,inp;lcpObs,
24a69418615196827688d7c495450740ba5c7a40,base,home,1,3,1337.1208,69.0,0.0049,95.411,13.846,489,ok,,
24a69418615196827688d7c495450740ba5c7a40,base,home,2,4,1429.866,117.0,0.0049,93,10.046,486,outlier,tbt,
24a69418615196827688d7c495450740ba5c7a40,base,home,3,7,1408.1252,72,0.0049,94.393,16.973,490,ok,,
24a69418615196827688d7c495450740ba5c7a40,base,home,4,8,1368.203,70,0.0049,94.54,12.475,489,ok,,
24a69418615196827688d7c495450740ba5c7a40,head,home,0,1,1423.1665,132,0.0049,95.514,16.495,486,outlier,tbt,
24a69418615196827688d7c495450740ba5c7a40,head,home,1,2,1399.0896,91,0.0049,107.87,27.046,524,ok,,
24a69418615196827688d7c495450740ba5c7a40,head,home,2,5,1377.9394,93,0.0049,95.004,13.035,487,ok,,
24a69418615196827688d7c495450740ba5c7a40,head,home,3,6,1411.1437,67.0,0.0049,94.36,12.077,491,ok,,
24a69418615196827688d7c495450740ba5c7a40,head,home,4,9,1451.7186,85,0.0049,113.1,20.476,491,ok,,
5a73b9a3634da128ab69778c59af638d1e779fee,base,home,0,0,1309.2954,93.0,0.0049,93.086,11.842,505,ok,,
5a73b9a3634da128ab69778c59af638d1e779fee,base,home,1,3,1396.3376,83.5,0.0049,94.568,16.92,524,ok,,
5a73b9a3634da128ab69778c59af638d1e779fee,base,home,2,4,1397.1699,131,0.0049,93.698,13.253,491,ok,,
5a73b9a3634da128ab69778c59af638d1e779fee,base,home,3,7,1391.4315,85,0.0049,116.019,19.885,473,outlier,inp,
5a73b9a3634da128ab69778c59af638d1e779fee,base,home,4,8,1328.0452,121,0.0049,95.049,12.753,507,ok,,
5a73b9a3634da128ab69778c59af638d1e779fee,base,home,5,11,1346.2805,91,0.0049,113.21,29.955,509,ok,,
5a73b9a3634da128ab69778c59af638d1e779fee,base,home,6,12,1441.7179,83.0,0.0049,96.237,17.896,472,ok,,
5a73b9a3634da128ab69778c59af638d1e779fee,base,home,7,15,1463.0948,107.0,0.0049,93.395,18.142,506,ok,,
5a73b9a3634da128ab69778c59af638d1e779fee,base,home,8,16,1370.1171,77.0,0.0049,94.572,8.849,491,ok,,
5a73b9a3634da128ab69778c59af638d1e779fee,base,home,9,19,1408.1536,90.0,0.0049,118.997,26.066,539,outlier,inp,
5a73b9a3634da128ab69778c59af638d1e779fee,base,home,10,20,1427.0139,106.5,0.0049,108.732,23.871,472,ok,,
5a73b9a3634da128ab69778c59af638d1e779fee,base,home,11,23,1381.707,120.0,0.0049,109.391,23.726,473,ok,,
5a73b9a3634da128ab69778c59af638d1e779fee,base,home,12,24,1335.6387,66.0,0.0049,94.727,14.066,475,ok,,
5a73b9a3634da128ab69778c59af638d1e779fee,base,home,13,27,1368.7203,93,0.0049,93.125,13.244,510,ok,,
5a73b9a3634da128ab69778c59af638d1e779fee,base,home,14,28,1402.2411,107,0.0049,94.112,13.071,503,ok,,
5a73b9a3634da128ab69778c59af638d1e779fee,head,home,0,1,1287.9231,98,0.005,113.496,23.029,490,outlier,lcp,
5a73b9a3634da128ab69778c59af638d1e779fee,head,home,1,2,1459.7319,112.0,0.0049,98.095,0,504,ok,,
5a73b9a3634da128ab69778c59af638d1e779fee,head,home,2,5,1393.817,96,0.0049,118.612,34.723,486,ok,,
5a73b9a3634da128ab69778c59af638d1e779fee,head,home,3,6,1429.7351,100,0.0049,112.104,38.048,488,ok,,
5a73b9a3634da128ab69778c59af638d1e779fee,head,home,4,9,1425.3927,60,0.0049,129.62,20.055,473,ok,,
5a73b9a3634da128ab69778c59af638d1e779fee,head,home,5,10,1417.5645,97.0,0.0049,112.486,35.688,471,ok,,
5a73b9a3634da128ab69778c59af638d1e779fee,head,home,6,13,1390.1674,105.5,0.0049,110.505,22.851,506,ok,,
5a73b9a3634da128ab69778c59af638d1e779fee,head,home,7,14,1376.2065,103.0,0.0049,111.913,35.183,487,ok,,
5a73b9a3634da128ab69778c59af638d1e779fee,head,home,8,17,1415.0235,79.5,0.0049,95.431,11.073,508,ok,,
5a73b9a3634da128ab69778c59af638d1e779fee,head,home,9,18,1443.4623,80,0.0049,94.66,14.712,487,ok,,
5a73b9a3634da128ab69778c59af638d1e779fee,head,home,10,21,1408.1685,72.0,0.0049,93.568,12.227,612,outlier,lcpObs,
5a73b9a3634da128ab69778c59af638d1e779fee,head,home,11,22,1390.8495,80,0.0049,127,19.079,559,outlier,lcpObs,
5a73b9a3634da128ab69778c59af638d1e779fee,head,home,12,25,1456.6251,98,0.0049,101.55,0,489,ok,,
5a73b9a3634da128ab69778c59af638d1e779fee,head,home,13,26,1409.2942,92,0.005,94.971,10.477,488,ok,,
5a73b9a3634da128ab69778c59af638d1e779fee,head,home,14,29,1343.1496,55.5,0.0049,116.952,2.435,472,ok,,
0443511954a8a557866a98a939e2a506acb4858b,base,home,0,0,1367.8836,95,0.0049,120.112,25.36,522,outlier,inp,
0443511954a8a557866a98a939e2a506acb4858b,base,home,1,3,1291.9691,92,0.0049,93.832,15.085,489,ok,,
0443511954a8a557866a98a939e2a506acb4858b,base,home,2,4,1389.6602,81,0.0049,102.965,17.048,526,ok,,
0443511954a8a557866a98a939e2a506acb4858b,base,home,3,7,1370.8231,84.0,0.0049,100.724,17.94,598,outlier,lcpObs,
0443511954a8a557866a98a939e2a506acb4858b,base,home,4,8,1379.7281,91,0.0049,138.262,2.792,466,outlier,inp,
0443511954a8a557866a98a939e2a506acb4858b,base,home,5,11,1379.3726,72,0.0049,97.926,0.951,489,ok,,
0443511954a8a557866a98a939e2a506acb4858b,base,home,6,12,1325.1688,105.5,0.0049,97.639,13.084,510,ok,,
0443511954a8a557866a98a939e2a506acb4858b,base,home,7,15,1417.8275,95.5,0.0049,100.736,12.291,525,ok,,
0443511954a8a557866a98a939e2a506acb4858b,base,home,8,16,1492.4987,130.0,0.0049,95.535,17.509,504,outlier,lcp,
0443511954a8a557866a98a939e2a506acb4858b,base,home,9,19,1421.7848,76,0.0049,93.197,14.068,508,ok,,
0443511954a8a557866a98a939e2a506acb4858b,base,home,10,20,1257.0625,108.0,0.0049,112.833,23.595,487,outlier,lcp,
0443511954a8a557866a98a939e2a506acb4858b,base,home,11,23,1378.4448,69.0,0.0049,96.898,16.137,488,ok,,
0443511954a8a557866a98a939e2a506acb4858b,base,home,12,24,1427.7916,107.0,0.0049,109.487,23.115,491,ok,,
0443511954a8a557866a98a939e2a506acb4858b,base,home,13,27,1357.2575,79,0.0049,98.007,0,488,ok,,
0443511954a8a557866a98a939e2a506acb4858b,base,home,14,28,1367.5319,69.0,0.0049,94.966,10.652,491,ok,,
0443511954a8a557866a98a939e2a506acb4858b,head,home,0,1,1421.6391,72,0.0049,98.223,11.78,491,ok,,
0443511954a8a557866a98a939e2a506acb4858b,head,home,1,2,1380.6156,95.5,0.0049,95.065,8.601,488,ok,,
0443511954a8a557866a98a939e2a506acb4858b,head,home,2,5,1372.7089,73,0.0049,102.999,22.612,488,ok,,
0443511954a8a557866a98a939e2a506acb4858b,head,home,3,6,1424.5394,94,0.0049,94.929,6.972,490,ok,,
0443511954a8a557866a98a939e2a506acb4858b,head,home,4,9,1432.4211,109.0,0.0049,129.182,19.182,490,outlier,inp,
0443511954a8a557866a98a939e2a506acb4858b,head,home,5,10,1410.3559,79,0.0049,94.174,14.46,594,outlier,lcpObs,
0443511954a8a557866a98a939e2a506acb4858b,head,home,6,13,1368.1276,92,0.0049,112.856,23.693,507,ok,,
0443511954a8a557866a98a939e2a506acb4858b,head,home,7,14,1368.6397,91,0.0049,104.468,14.676,489,ok,,
0443511954a8a557866a98a939e2a506acb4858b,head,home,8,17,1536.2436,217.5,0.0049,114.499,19.614,644,outlier,lcp;tbt;lcpObs,
0443511954a8a557866a98a939e2a506acb4858b,head,home,9,18,1453.3165,102,0.0049,95.047,14.295,489,ok,,
0443511954a8a557866a98a939e2a506acb4858b,head,home,10,21,1384.272,93,0.0049,94.19,17.543,488,ok,,
0443511954a8a557866a98a939e2a506acb4858b,head,home,11,22,1427.7132,99,0.0049,94.45,20.22,488,ok,,
0443511954a8a557866a98a939e2a506acb4858b,head,home,12,25,1372.6685,102.0,0.0049,105.01,12.847,491,ok,,
0443511954a8a557866a98a939e2a506acb4858b,head,home,13,26,1387.7166,100,0.0049,110.95,19.984,471,ok,,
0443511954a8a557866a98a939e2a506acb4858b,head,home,14,29,1429.3252,104,0.0049,100.667,19.696,469,ok,,
9d760336d195b13d4a237a1408743a38f7c0ca9a,base,home,0,0,1410.6145,74,0.0049,129.98,0,509,outlier,inp,
9d760336d195b13d4a237a1408743a38f7c0ca9a,base,home,1,3,1408.9491,67.0,0.0049,95.004,11.45,490,ok,,
9d760336d195b13d4a237a1408743a38f7c0ca9a,base,home,2,4,1378.345,71.5,0.0049,106.42,21.31,487,ok,,
9d760336d195b13d4a237a1408743a38f7c0ca9a,base,home,3,7,1333.537,83,0.0049,96.536,19.146,525,ok,,
9d760336d195b13d4a237a1408743a38f7c0ca9a,base,home,4,8,1377.2915,82,0.005,95.438,15.499,507,ok,,
9d760336d195b13d4a237a1408743a38f7c0ca9a,base,home,5,11,1365.1382,70.0,0.0049,94.467,9.807,508,ok,,
9d760336d195b13d4a237a1408743a38f7c0ca9a,base,home,6,12,1330.3304,104,0.0049,97.982,0,466,ok,,
9d760336d195b13d4a237a1408743a38f7c0ca9a,base,home,7,15,1381.8666,76.0,0.0049,96.267,18.108,508,ok,,
9d760336d195b13d4a237a1408743a38f7c0ca9a,base,home,8,16,1390.1038,95,0.0049,127.495,19.918,505,outlier,inp,
9d760336d195b13d4a237a1408743a38f7c0ca9a,base,home,9,19,1381.474,88.0,0.0049,128.248,21.488,520,outlier,inp,
9d760336d195b13d4a237a1408743a38f7c0ca9a,base,home,10,20,1453.996,94,0.0049,97.117,16.883,489,ok,,
9d760336d195b13d4a237a1408743a38f7c0ca9a,base,home,11,23,1409.039,92,0.0049,111.427,33.477,470,ok,,
9d760336d195b13d4a237a1408743a38f7c0ca9a,base,home,12,24,1460.631,118,0.0049,93.954,18.819,491,outlier,lcp,
9d760336d195b13d4a237a1408743a38f7c0ca9a,base,home,13,27,1382.512,92.0,0.0049,112.42,25.096,488,ok,,
9d760336d195b13d4a237a1408743a38f7c0ca9a,base,home,14,28,1396.6331,66.0,0.0049,128.109,16.786,488,outlier,inp,
9d760336d195b13d4a237a1408743a38f7c0ca9a,head,home,0,1,1376.0719,89,0.0005,118.429,45.918,542,ok,,
9d760336d195b13d4a237a1408743a38f7c0ca9a,head,home,1,2,1419.2966,103,0.0005,110.836,26.506,490,ok,,
9d760336d195b13d4a237a1408743a38f7c0ca9a,head,home,2,5,1302.8096,88,0.0005,121.217,17.063,487,outlier,lcp,
9d760336d195b13d4a237a1408743a38f7c0ca9a,head,home,3,6,1415.6314,116.0,0.0005,126.534,12.67,577,outlier,lcpObs,
9d760336d195b13d4a237a1408743a38f7c0ca9a,head,home,4,9,1422.5417,116.0,0.0005,94.044,25.861,490,ok,,
9d760336d195b13d4a237a1408743a38f7c0ca9a,head,home,5,10,1410.4747,100,0.0005,146.591,61.016,485,ok,,
9d760336d195b13d4a237a1408743a38f7c0ca9a,head,home,6,13,1290.228,78,0.0005,135.427,47.907,507,outlier,lcp,
9d760336d195b13d4a237a1408743a38f7c0ca9a,head,home,7,14,1416.13,106.0,0.0005,138.377,60.854,509,ok,,
9d760336d195b13d4a237a1408743a38f7c0ca9a,head,home,8,17,1380.2038,69.0,0.0005,95.405,31.219,526,ok,,
9d760336d195b13d4a237a1408743a38f7c0ca9a,head,home,9,18,1142.8918,97,0.0008,122.145,67.861,2038,outlier,lcp;lcpObs,
9d760336d195b13d4a237a1408743a38f7c0ca9a,head,home,10,21,1420.6593,109.0,0.0005,95.542,26.545,783,outlier,lcpObs,
9d760336d195b13d4a237a1408743a38f7c0ca9a,head,home,11,22,1393.3893,107.0,0.0005,137.089,22.674,486,ok,,
9d760336d195b13d4a237a1408743a38f7c0ca9a,head,home,12,25,1416.0769,101,0.0005,118.323,15.485,471,ok,,
9d760336d195b13d4a237a1408743a38f7c0ca9a,head,home,13,26,1413.0426,102,0.0005,152.453,81.158,471,ok,,
9d760336d195b13d4a237a1408743a38f7c0ca9a,head,home,14,29,1418.7091,92,0.0005,121,57.109,470,ok,,
0988ecfef40db7c965fd79c43454d154cf83aced,base,home,0,0,1423.0404,74.0,0.0005,113.416,53.566,492,ok,,
0988ecfef40db7c965fd79c43454d154cf83aced,base,home,1,3,1412.7999,71.5,0.0005,92.995,28.353,489,ok,,
0988ecfef40db7c965fd79c43454d154cf83aced,base,home,2,4,1398.3336,87,0.0005,150.48,52.059,523,ok,,
0988ecfef40db7c965fd79c43454d154cf83aced,base,home,3,7,1149.231,86,0.0006,135.514,59.573,2020,outlier,lcp;lcpObs,
0988ecfef40db7c965fd79c43454d154cf83aced,base,home,4,8,1364.8428,67.0,0.0005,119.565,45.926,487,ok,,
0988ecfef40db7c965fd79c43454d154cf83aced,head,home,0,1,1431.6136,102.0,0.0005,115.132,37.175,505,ok,,
0988ecfef40db7c965fd79c43454d154cf83aced,head,home,1,2,1408.5035,72.0,0.0005,112.695,60.461,506,ok,,
0988ecfef40db7c965fd79c43454d154cf83aced,head,home,2,5,1407.5115,98.0,0.0005,138.932,43.706,508,ok,,
0988ecfef40db7c965fd79c43454d154cf83aced,head,home,3,6,1382.8644,84.0,0.0005,120.276,43.839,473,ok,,
0988ecfef40db7c965fd79c43454d154cf83aced,head,home,4,9,1456.2881,101.0,0.0005,139.715,49.91,489,ok,,
60ab14c2f633112613843eec3c049f6da0f566e8,base,home,0,0,1414.5203,99,0.0005,126.756,37.563,504,ok,,
60ab14c2f633112613843eec3c049f6da0f566e8,base,home,1,3,1291.745,81.0,0.0005,93.699,31.529,472,outlier,lcp,
60ab14c2f633112613843eec3c049f6da0f566e8,base,home,2,4,1379.3459,70,0.0005,125.421,27.153,493,ok,,
60ab14c2f633112613843eec3c049f6da0f566e8,base,home,3,7,1429.4084,94,0.0005,146.401,17.409,504,ok,,
60ab14c2f633112613843eec3c049f6da0f566e8,base,home,4,8,1422.8902,73.0,0.0005,125.535,20.443,542,ok,,
60ab14c2f633112613843eec3c049f6da0f566e8,base,home,5,11,1453.1304,67.0,0.0005,95.129,26.524,487,ok,,
60ab14c2f633112613843eec3c049f6da0f566e8,base,home,6,12,1419.6974,92,0.0005,120.759,47.39,509,ok,,
60ab14c2f633112613843eec3c049f6da0f566e8,base,home,7,15,1460.8569,113,0.0005,110.076,25.089,492,ok,,
60ab14c2f633112613843eec3c049f6da0f566e8,base,home,8,16,1141.0951,94,0.0006,120.188,70.261,2039,outlier,lcp;tbtFlow;lcpObs,
60ab14c2f633112613843eec3c049f6da0f566e8,base,home,9,19,1416.1575,108,0.0005,142.401,42.284,489,ok,,
60ab14c2f633112613843eec3c049f6da0f566e8,base,home,10,20,1409.975,114.0,0.0005,140.186,38.795,807,outlier,lcpObs,
60ab14c2f633112613843eec3c049f6da0f566e8,base,home,11,23,1412.6328,85,0.0005,124.945,50.748,468,ok,,
60ab14c2f633112613843eec3c049f6da0f566e8,base,home,12,24,1302.9017,83.0,0.0005,94.435,31.37,494,outlier,lcp,
60ab14c2f633112613843eec3c049f6da0f566e8,base,home,13,27,1399.6291,142,0.0005,136.339,45.5,524,ok,,
60ab14c2f633112613843eec3c049f6da0f566e8,base,home,14,28,1411.372,78.0,0.0005,126.056,32.825,492,ok,,
60ab14c2f633112613843eec3c049f6da0f566e8,head,home,0,1,1373.1312,105,0.0005,134.861,43.054,505,ok,,
60ab14c2f633112613843eec3c049f6da0f566e8,head,home,1,2,1392.4434,100.0,0.0005,121.119,36.972,503,ok,,
60ab14c2f633112613843eec3c049f6da0f566e8,head,home,2,5,1391.2796,76,0.0005,125.546,35.923,506,ok,,
60ab14c2f633112613843eec3c049f6da0f566e8,head,home,3,6,1414.7966,98.0,0.0005,134.212,48.003,488,ok,,
60ab14c2f633112613843eec3c049f6da0f566e8,head,home,4,9,1340.4995,92.0,0.0005,104.69,48.532,470,ok,,
60ab14c2f633112613843eec3c049f6da0f566e8,head,home,5,10,1402.2819,124,0.0005,123.955,39.963,485,ok,,
60ab14c2f633112613843eec3c049f6da0f566e8,head,home,6,13,1394.0439,88,0.0005,124.728,58.897,502,ok,,
60ab14c2f633112613843eec3c049f6da0f566e8,head,home,7,14,1470.6294,107,0.0005,109.333,51.044,490,ok,,
60ab14c2f633112613843eec3c049f6da0f566e8,head,home,8,17,1324.4847,70.0,0.0005,120.074,45.921,490,outlier,tbt,
60ab14c2f633112613843eec3c049f6da0f566e8,head,home,9,18,1398.0339,113,0.0005,158.812,74.611,503,ok,,
60ab14c2f633112613843eec3c049f6da0f566e8,head,home,10,21,1421.7966,105,0.0005,110.456,30.568,509,ok,,
60ab14c2f633112613843eec3c049f6da0f566e8,head,home,11,22,1426.5403,121,0.0005,122.104,39.367,487,ok,,
60ab14c2f633112613843eec3c049f6da0f566e8,head,home,12,25,1433.9649,111.0,0.0005,110.546,23.24,491,ok,,
60ab14c2f633112613843eec3c049f6da0f566e8,head,home,13,26,1372.2409,98,0.0005,139.69,37.604,471,ok,,
60ab14c2f633112613843eec3c049f6da0f566e8,head,home,14,29,1405.8506,112.0,0.0005,111.503,29.123,488,ok,,
9ba0f5dbc9d551aad9277341a82449e04043c5ae,base,home,0,0,1368.0617,57,0.0005,119.652,54.547,507,ok,,
9ba0f5dbc9d551aad9277341a82449e04043c5ae,base,home,1,3,1287.2238,70,0.0005,110.57,40.121,488,ok,,
9ba0f5dbc9d551aad9277341a82449e04043c5ae,base,home,2,4,1408.278,92,0.0005,138.444,11.06,525,outlier,lcp,
9ba0f5dbc9d551aad9277341a82449e04043c5ae,base,home,3,7,1300.8308,68,0.0005,121.865,44.722,473,ok,,
9ba0f5dbc9d551aad9277341a82449e04043c5ae,base,home,4,8,1283.1411,87,0.0005,118.664,15.326,489,ok,,
9ba0f5dbc9d551aad9277341a82449e04043c5ae,head,home,0,1,1242.325,88,0.0005,129.388,47.769,472,ok,,
9ba0f5dbc9d551aad9277341a82449e04043c5ae,head,home,1,2,1265.6353,104,0.0005,122.479,42.328,472,ok,,
9ba0f5dbc9d551aad9277341a82449e04043c5ae,head,home,2,5,1160.8238,75.0,0.0007,113.433,65.237,2032,outlier,lcpObs,
9ba0f5dbc9d551aad9277341a82449e04043c5ae,head,home,3,6,1417.425,68,0.0005,123.413,35.573,471,ok,,
9ba0f5dbc9d551aad9277341a82449e04043c5ae,head,home,4,9,1423.4935,114.0,0.0005,130.525,60.698,859,outlier,lcpObs,
3c8e893cab216eb1f748ec1245aeb059a1349639,base,home,0,0,1367.2242,96,0.0005,125.021,54.707,540,ok,,
3c8e893cab216eb1f748ec1245aeb059a1349639,base,home,1,3,1378.829,70,0.0005,121.071,38.682,490,ok,,
3c8e893cab216eb1f748ec1245aeb059a1349639,base,home,2,4,1385.0599,106,0.0005,144.843,50.246,506,ok,,
3c8e893cab216eb1f748ec1245aeb059a1349639,base,home,3,7,1365.4858,88.0,0.0005,126.909,39.077,490,ok,,
3c8e893cab216eb1f748ec1245aeb059a1349639,base,home,4,8,1392.6894,106.0,0.0005,117.798,49.483,522,ok,,
3c8e893cab216eb1f748ec1245aeb059a1349639,head,home,0,1,1340.358,76.0,0.0005,95.05,31.932,490,ok,,
3c8e893cab216eb1f748ec1245aeb059a1349639,head,home,1,2,1431.5329,100,0.0005,136.428,43.16,506,ok,,
3c8e893cab216eb1f748ec1245aeb059a1349639,head,home,2,5,1373.6909,79,0.0005,102.519,38.241,509,ok,,
3c8e893cab216eb1f748ec1245aeb059a1349639,head,home,3,6,1366.5575,91,0.0005,110.377,36.173,508,ok,,
3c8e893cab216eb1f748ec1245aeb059a1349639,head,home,4,9,1388.1965,129,0.0005,138.524,11.889,491,ok,,
84a309d669f69ca7c9a43e997fc694d192459f31,base,home,0,0,1242.8044,86,0.0005,119.774,15.494,487,ok,,
84a309d669f69ca7c9a43e997fc694d192459f31,base,home,1,3,1346.093,115,0.0005,110.52,21.075,506,ok,,
84a309d669f69ca7c9a43e997fc694d192459f31,base,home,2,4,1456.4897,108.0,0.0005,111.519,19.055,504,ok,,
84a309d669f69ca7c9a43e997fc694d192459f31,base,home,3,7,1414.5187,84,0.0005,108.517,28.483,509,ok,,
84a309d669f69ca7c9a43e997fc694d192459f31,base,home,4,8,1386.2091,98,0.0005,126,45.333,489,ok,,
84a309d669f69ca7c9a43e997fc694d192459f31,base,home,5,11,1411.6167,91.0,0.0005,138.214,37.405,504,ok,,
84a309d669f69ca7c9a43e997fc694d192459f31,base,home,6,12,1473.6741,118,0.0005,117.014,47.153,491,ok,,
84a309d669f69ca7c9a43e997fc694d192459f31,base,home,7,15,1508.4078,93,0.0005,139.077,15.688,489,ok,,
84a309d669f69ca7c9a43e997fc694d192459f31,base,home,8,16,1352.2311,91,0.0005,94.058,31.779,491,ok,,
84a309d669f69ca7c9a43e997fc694d192459f31,base,home,9,19,1373.8835,80,0.0005,119.126,17.584,491,ok,,
84a309d669f69ca7c9a43e997fc694d192459f31,base,home,10,20,1405.2568,123.5,0.0005,93.985,29.536,506,ok,,
84a309d669f69ca7c9a43e997fc694d192459f31,base,home,11,23,1298.3532,133.5,0.0005,121.446,39.843,492,ok,,
84a309d669f69ca7c9a43e997fc694d192459f31,base,home,12,24,1331.2929,61.0,0.0005,124.88,12.46,488,ok,,
84a309d669f69ca7c9a43e997fc694d192459f31,base,home,13,27,1459.2209,95,0.0005,148.217,16.14,506,ok,,
84a309d669f69ca7c9a43e997fc694d192459f31,base,home,14,28,1380.3929,100.0,0.0005,115.154,38.91,488,ok,,
84a309d669f69ca7c9a43e997fc694d192459f31,head,home,0,1,1150.8475,110,0.0006,141.574,95.68,2034,outlier,lcpObs,
84a309d669f69ca7c9a43e997fc694d192459f31,head,home,1,2,1255.4558,90.0,0.0005,149.908,58.332,488,ok,,
84a309d669f69ca7c9a43e997fc694d192459f31,head,home,2,5,1336.72,85,0.0005,134.728,42.24,862,outlier,lcpObs,
84a309d669f69ca7c9a43e997fc694d192459f31,head,home,3,6,1420.1551,105,0.0005,136.586,15.754,490,ok,,
84a309d669f69ca7c9a43e997fc694d192459f31,head,home,4,9,1362.9203,66,0.0005,109.562,18.499,490,ok,,
84a309d669f69ca7c9a43e997fc694d192459f31,head,home,5,10,1373.85,78,0.0005,123.841,64.147,769,outlier,lcpObs,
84a309d669f69ca7c9a43e997fc694d192459f31,head,home,6,13,1269.2749,71.0,0.0005,121.722,48.096,491,ok,,
84a309d669f69ca7c9a43e997fc694d192459f31,head,home,7,14,1316.1001,102.0,0.0005,126.817,73.027,509,ok,,
84a309d669f69ca7c9a43e997fc694d192459f31,head,home,8,17,1399.1108,89,0.0005,153.956,47.405,491,ok,,
84a309d669f69ca7c9a43e997fc694d192459f31,head,home,9,18,1497.517,107,0.0005,138.812,44.515,491,ok,,
84a309d669f69ca7c9a43e997fc694d192459f31,head,home,10,21,1386.7366,75,0.0005,110.984,35.01,486,ok,,
84a309d669f69ca7c9a43e997fc694d192459f31,head,home,11,22,1151.1402,110,0.0006,152.861,79.777,2023,outlier,lcpObs,
84a309d669f69ca7c9a43e997fc694d192459f31,head,home,12,25,1368.5723,92,0.0005,95.48,27.765,502,ok,,
84a309d669f69ca7c9a43e997fc694d192459f31,head,home,13,26,1345.5065,78.0,0.0005,109.37,55.186,489,ok,,
84a309d669f69ca7c9a43e997fc694d192459f31,head,home,14,29,1288.7641,90,0.0005,109.096,21.742,523,ok,,
acf54c6f3846bea889e9acc5b6144bec4ee3016c,base,home,0,0,1363.931,88,0.0005,137.578,50.499,525,ok,,
acf54c6f3846bea889e9acc5b6144bec4ee3016c,base,home,1,3,1305.0025,80,0.0005,123.199,37.915,491,ok,,
acf54c6f3846bea889e9acc5b6144bec4ee3016c,base,home,2,4,1386.6279,77.0,0.0005,138.139,40.231,489,ok,,
acf54c6f3846bea889e9acc5b6144bec4ee3016c,base,home,3,7,1367.5419,73,0.0005,94.189,36.303,508,ok,,
acf54c6f3846bea889e9acc5b6144bec4ee3016c,base,home,4,8,1369.1373,73,0.0005,111.088,23.449,489,ok,,
acf54c6f3846bea889e9acc5b6144bec4ee3016c,head,home,0,1,1383.5941,93,0.0005,109.414,23.278,490,ok,,
acf54c6f3846bea889e9acc5b6144bec4ee3016c,head,home,1,2,1418.602,108,0.0005,123.219,40.62,506,ok,,
acf54c6f3846bea889e9acc5b6144bec4ee3016c,head,home,2,5,1417.6522,88.0,0.0005,94.084,15.699,506,ok,,
acf54c6f3846bea889e9acc5b6144bec4ee3016c,head,home,3,6,1428.9347,107.5,0.0005,142.332,49.984,527,ok,,
acf54c6f3846bea889e9acc5b6144bec4ee3016c,head,home,4,9,1288.3736,70.0,0.0005,126.934,40.441,490,outlier,lcp,
6135548534fcfacc0ffa7bd1d1f7d32ce05f137d,base,home,0,0,1430.7036,106,0.0005,140.742,35.333,489,ok,,
6135548534fcfacc0ffa7bd1d1f7d32ce05f137d,base,home,1,3,1388.9,97.0,0.0005,105.044,31.621,753,outlier,lcpObs,
6135548534fcfacc0ffa7bd1d1f7d32ce05f137d,base,home,2,4,1292.3722,79,0.0005,124.292,18.517,487,ok,,
6135548534fcfacc0ffa7bd1d1f7d32ce05f137d,base,home,3,7,1451.7069,147.0,0.0005,95.439,26.48,521,ok,,
6135548534fcfacc0ffa7bd1d1f7d32ce05f137d,base,home,4,8,1310.9116,84,0.0005,121.273,44.606,508,ok,,
6135548534fcfacc0ffa7bd1d1f7d32ce05f137d,head,home,0,1,1392.4295,100.0,0.0005,113.381,43.484,507,ok,,
6135548534fcfacc0ffa7bd1d1f7d32ce05f137d,head,home,1,2,1366.1972,88.0,0.0005,94.089,32.824,508,ok,,
6135548534fcfacc0ffa7bd1d1f7d32ce05f137d,head,home,2,5,1373.3994,86,0.0005,121.348,30.187,488,ok,,
6135548534fcfacc0ffa7bd1d1f7d32ce05f137d,head,home,3,6,1382.3473,75,0.0005,143.918,64.126,508,outlier,tbtFlow,
6135548534fcfacc0ffa7bd1d1f7d32ce05f137d,head,home,4,9,1417.4828,112.0,0.0005,111.489,33.268,489,ok,,
d5e37cda812094bb103d53f9b122faa941f5b5bf,base,home,0,0,1435.593,105,0.0005,150.086,48.274,523,ok,,
d5e37cda812094bb103d53f9b122faa941f5b5bf,base,home,1,3,1385.3185,76,0.0005,111.878,32.018,519,ok,,
d5e37cda812094bb103d53f9b122faa941f5b5bf,base,home,2,4,1425.3807,118.0,0.0005,116.494,49.621,488,ok,,
d5e37cda812094bb103d53f9b122faa941f5b5bf,base,home,3,7,1427.2464,70.0,0.0005,127.435,35.497,506,ok,,
d5e37cda812094bb103d53f9b122faa941f5b5bf,base,home,4,8,1141.6156,117,0.0006,120.547,62.776,2031,outlier,lcp;lcpObs,
d5e37cda812094bb103d53f9b122faa941f5b5bf,head,home,0,1,1414.9661,66.0,0.0005,126.968,32.094,491,outlier,tbt,
d5e37cda812094bb103d53f9b122faa941f5b5bf,head,home,1,2,1392.0939,111.0,0.0005,126.62,12.838,490,ok,,
d5e37cda812094bb103d53f9b122faa941f5b5bf,head,home,2,5,1304.1209,100.0,0.0005,122.38,37.163,492,ok,,
d5e37cda812094bb103d53f9b122faa941f5b5bf,head,home,3,6,1386.1791,100,0.0005,92.683,35.201,542,outlier,inp;lcpObs,
d5e37cda812094bb103d53f9b122faa941f5b5bf,head,home,4,9,1291.7811,97.0,0.0005,112.765,40.037,474,ok,,
60759d314d3d4545b22d8c6f35f5afa24efa14e4,base,home,0,0,1415.0132,88,0.0005,138.926,51.058,629,outlier,lcpObs,
60759d314d3d4545b22d8c6f35f5afa24efa14e4,base,home,1,3,1404.3829,69,0.0005,111.502,30.276,469,outlier,inp,
60759d314d3d4545b22d8c6f35f5afa24efa14e4,base,home,2,4,1409.346,88,0.0005,140.544,16.176,488,ok,,
60759d314d3d4545b22d8c6f35f5afa24efa14e4,base,home,3,7,1314.5287,100.0,0.0005,136.117,29.827,488,outlier,lcp,
60759d314d3d4545b22d8c6f35f5afa24efa14e4,base,home,4,8,1245.2081,88,0.0005,123.146,43.731,491,outlier,lcp,
60759d314d3d4545b22d8c6f35f5afa24efa14e4,head,home,0,1,1260.5616,109.0,0.0005,130.521,46.539,544,ok,,
60759d314d3d4545b22d8c6f35f5afa24efa14e4,head,home,1,2,1429.2131,106,0.0005,119.551,47.925,488,ok,,
60759d314d3d4545b22d8c6f35f5afa24efa14e4,head,home,2,5,1366.0624,91,0.0005,138.398,15.459,473,outlier,tbtFlow,
60759d314d3d4545b22d8c6f35f5afa24efa14e4,head,home,3,6,1126.0094,90.0,0.0007,135.014,48.444,2033,outlier,lcpObs,
60759d314d3d4545b22d8c6f35f5afa24efa14e4,head,home,4,9,1351.9735,101,0.0005,148.343,46.8,773,ok,,
28691e14b1199d9e2890fa6410f26c61e62c021e,base,home,0,0,1365.8479,71.0,0.0005,136.972,30.846,526,ok,,
28691e14b1199d9e2890fa6410f26c61e62c021e,base,home,1,3,1312.6727,83.0,0.0005,93.944,25.128,488,ok,,
28691e14b1199d9e2890fa6410f26c61e62c021e,base,home,2,4,1384.2272,72,0.0005,127.64,46.942,506,ok,,
28691e14b1199d9e2890fa6410f26c61e62c021e,base,home,3,7,1392.5344,100,0.0005,93.54,27.57,503,ok,,
28691e14b1199d9e2890fa6410f26c61e62c021e,base,home,4,8,1416.4174,81.0,0.0005,110.465,22.309,492,ok,,
28691e14b1199d9e2890fa6410f26c61e62c021e,head,home,0,1,1417.4961,100.0,0.0005,125.143,31.97,490,ok,,
28691e14b1199d9e2890fa6410f26c61e62c021e,head,home,1,2,1367.295,91.0,0.0005,123.369,40.757,505,ok,,
28691e14b1199d9e2890fa6410f26c61e62c021e,head,home,2,5,1447.9914,118.0,0.0005,94.461,27.372,507,ok,,
28691e14b1199d9e2890fa6410f26c61e62c021e,head,home,3,6,1385.4108,75,0.0005,136.876,49.781,504,ok,,
28691e14b1199d9e2890fa6410f26c61e62c021e,head,home,4,9,1375.3664,69,0.0005,109.654,26.152,504,ok,,
dfdd994dbbefc0562c0c5e42f267f23ae8d9d62d,base,home,0,0,1343.0878,89,0.0005,140.93,37.21,502,ok,,
dfdd994dbbefc0562c0c5e42f267f23ae8d9d62d,base,home,1,3,1342.5206,92,0.0005,121.568,21.626,488,ok,,
dfdd994dbbefc0562c0c5e42f267f23ae8d9d62d,base,home,2,4,1454.5895,134.5,0.0005,122.345,33.78,542,ok,,
dfdd994dbbefc0562c0c5e42f267f23ae8d9d62d,base,home,3,7,1379.6506,74,0.0005,109.503,22.744,523,ok,,
dfdd994dbbefc0562c0c5e42f267f23ae8d9d62d,base,home,4,8,1380.2549,95.0,0.0005,119.038,22.031,507,ok,,
dfdd994dbbefc0562c0c5e42f267f23ae8d9d62d,base,home,5,11,1437.3047,140,0.0005,109.642,23.688,490,ok,,
dfdd994dbbefc0562c0c5e42f267f23ae8d9d62d,base,home,6,12,1259.0495,62.5,0.0005,144.381,68.971,489,outlier,tbtFlow,
dfdd994dbbefc0562c0c5e42f267f23ae8d9d62d,base,home,7,15,1422.2844,126.5,0.0005,120.723,43.063,508,ok,,
dfdd994dbbefc0562c0c5e42f267f23ae8d9d62d,base,home,8,16,1435.755,119,0.0005,139.779,12.465,506,ok,,
dfdd994dbbefc0562c0c5e42f267f23ae8d9d62d,base,home,9,19,1284.5646,89.0,0.0005,110.026,28.628,506,ok,,
dfdd994dbbefc0562c0c5e42f267f23ae8d9d62d,base,home,10,20,1324.2238,69,0.0005,124.688,35.88,489,ok,,
dfdd994dbbefc0562c0c5e42f267f23ae8d9d62d,base,home,11,23,1418.2084,73,0.0005,93.734,20.481,507,ok,,
dfdd994dbbefc0562c0c5e42f267f23ae8d9d62d,base,home,12,24,1302.431,66.0,0.0005,109.501,41.571,490,ok,,
dfdd994dbbefc0562c0c5e42f267f23ae8d9d62d,base,home,13,27,1296.8542,81,0.0005,148.45,51.094,520,ok,,
dfdd994dbbefc0562c0c5e42f267f23ae8d9d62d,base,home,14,28,1346.6385,91.0,0.0005,124.964,27.505,609,outlier,lcpObs,
dfdd994dbbefc0562c0c5e42f267f23ae8d9d62d,head,home,0,1,1483.4901,85.0,0.0005,110.395,47.384,491,ok,,
dfdd994dbbefc0562c0c5e42f267f23ae8d9d62d,head,home,1,2,1392.2124,99,0.0005,104.702,36.911,611,outlier,lcpObs,
dfdd994dbbefc0562c0c5e42f267f23ae8d9d62d,head,home,2,5,1335.6091,101.0,0.0005,108.937,30.605,507,ok,,
dfdd994dbbefc0562c0c5e42f267f23ae8d9d62d,head,home,3,6,1267.0409,87.5,0.0005,140.015,39.948,557,ok,,
dfdd994dbbefc0562c0c5e42f267f23ae8d9d62d,head,home,4,9,1429.921,132,0.0005,126.141,64.994,491,outlier,tbt,
dfdd994dbbefc0562c0c5e42f267f23ae8d9d62d,head,home,5,10,1456.4896,103,0.0005,94.949,37.269,472,ok,,
dfdd994dbbefc0562c0c5e42f267f23ae8d9d62d,head,home,6,13,1328.2009,94.0,0.0005,117.418,42.525,507,ok,,
dfdd994dbbefc0562c0c5e42f267f23ae8d9d62d,head,home,7,14,1326.509,89,0.0005,102.482,39.856,507,ok,,
dfdd994dbbefc0562c0c5e42f267f23ae8d9d62d,head,home,8,17,1484.4414,89.0,0.0005,93.575,37.463,472,ok,,
dfdd994dbbefc0562c0c5e42f267f23ae8d9d62d,head,home,9,18,1371.6071,97.0,0.0005,110.515,32.212,507,ok,,
dfdd994dbbefc0562c0c5e42f267f23ae8d9d62d,head,home,10,21,1435.9535,99,0.0005,133.888,13.485,523,ok,,
dfdd994dbbefc0562c0c5e42f267f23ae8d9d62d,head,home,11,22,1381.7751,92,0.0005,119.3,39.79,489,ok,,
dfdd994dbbefc0562c0c5e42f267f23ae8d9d62d,head,home,12,25,1420.3604,94.4279,0.0005,95.522,36.593,504,ok,,
dfdd994dbbefc0562c0c5e42f267f23ae8d9d62d,head,home,13,26,1350.2519,109,0.0005,93.986,34.825,489,ok,,
dfdd994dbbefc0562c0c5e42f267f23ae8d9d62d,head,home,14,29,1398.2286,85.0,0.0005,118.526,59.272,490,ok,,
54fa0c908969236908aab47b908fb648ddc01cb8,base,home,0,0,1435.673,105,0.0005,125.539,17.263,542,ok,,
54fa0c908969236908aab47b908fb648ddc01cb8,base,home,1,3,1370.6819,52,0.0005,136.215,42.745,489,ok,,
54fa0c908969236908aab47b908fb648ddc01cb8,base,home,2,4,1259.236,75.0,0.0005,111.534,34.94,471,ok,,
54fa0c908969236908aab47b908fb648ddc01cb8,base,home,3,7,1444.5527,106.0,0.0005,112.645,36.854,488,ok,,
54fa0c908969236908aab47b908fb648ddc01cb8,base,home,4,8,1340.2709,92,0.0005,120.053,33.225,507,ok,,
54fa0c908969236908aab47b908fb648ddc01cb8,head,home,0,1,1392.1476,70,0.0005,128.022,62.785,504,ok,,
54fa0c908969236908aab47b908fb648ddc01cb8,head,home,1,2,1397.9019,114,0.0005,122.29,16.099,486,ok,,
54fa0c908969236908aab47b908fb648ddc01cb8,head,home,2,5,1331.6251,97,0.0005,127.235,65.605,508,ok,,
54fa0c908969236908aab47b908fb648ddc01cb8,head,home,3,6,1404.8616,88,0.0005,104.748,28.467,489,ok,,
54fa0c908969236908aab47b908fb648ddc01cb8,head,home,4,9,1383.1241,109.0,0.0005,118.703,36.492,489,ok,,
6a891365b968ffa2b54b1d03be06674cb2757ea1,base,home,0,0,1257.1246,72.0,0.0005,115.008,49.468,468,ok,,
6a891365b968ffa2b54b1d03be06674cb2757ea1,base,home,1,3,1325.4516,91,0.0005,94.282,35.89,489,ok,,
6a891365b968ffa2b54b1d03be06674cb2757ea1,base,home,2,4,1509.5152,153,0.0005,110.93,24.092,840,outlier,lcp;lcpObs,
6a891365b968ffa2b54b1d03be06674cb2757ea1,base,home,3,7,1287.9366,91.0,0.0005,109.035,16.566,471,ok,,
6a891365b968ffa2b54b1d03be06674cb2757ea1,base,home,4,8,1342.0177,71,0.0005,125.692,37.53,506,ok,,
6a891365b968ffa2b54b1d03be06674cb2757ea1,head,home,0,1,1461.5296,111,0.0005,123.875,48.365,506,ok,,
6a891365b968ffa2b54b1d03be06674cb2757ea1,head,home,1,2,1286.9324,91.0,0.0005,118.074,41.238,471,ok,,
6a891365b968ffa2b54b1d03be06674cb2757ea1,head,home,2,5,1387.8039,113,0.0005,125.007,72.491,510,ok,,
6a891365b968ffa2b54b1d03be06674cb2757ea1,head,home,3,6,1338.6779,94.0,0.0005,125.544,46.242,507,ok,,
6a891365b968ffa2b54b1d03be06674cb2757ea1,head,home,4,9,1415.627,159,0.0005,124.323,48.495,543,ok,,
f5cf81ce42276ef8148b7cd951274025648476b8,base,home,0,0,1422.1966,113,0.0005,139.131,38.018,504,ok,,
f5cf81ce42276ef8148b7cd951274025648476b8,base,home,1,3,1383.8888,98,0.0005,133.426,56.47,493,ok,,
f5cf81ce42276ef8148b7cd951274025648476b8,base,home,2,4,1311.2791,102,0.0005,138.291,45.985,490,ok,,
f5cf81ce42276ef8148b7cd951274025648476b8,base,home,3,7,1417.3704,110,0.0005,138.082,43.911,487,ok,,
f5cf81ce42276ef8148b7cd951274025648476b8,base,home,4,8,1349.9842,91,0.0005,125.916,41.667,490,ok,,
f5cf81ce42276ef8148b7cd951274025648476b8,head,home,0,1,1388.1923,56.5,0.0005,121.451,45.863,561,outlier,tbt,
f5cf81ce42276ef8148b7cd951274025648476b8,head,home,1,2,1410.0412,89.0,0.0005,125.995,35.613,545,ok,,
f5cf81ce42276ef8148b7cd951274025648476b8,head,home,2,5,1370.0915,92.0,0.0005,198.986,218.254,485,outlier,inp;tbtFlow,
f5cf81ce42276ef8148b7cd951274025648476b8,head,home,3,6,1411.9556,93,0.0005,93.193,18.396,508,ok,,
f5cf81ce42276ef8148b7cd951274025648476b8,head,home,4,9,1394.0675,100.0,0.0005,112.26,56.692,489,ok,,
802cde35019354ab3c4749ef1ae7ea71b404e31b,base,home,0,0,1417.9144,91.0,0.0005,112.194,61.878,626,outlier,lcpObs,
802cde35019354ab3c4749ef1ae7ea71b404e31b,base,home,1,3,1397.1521,111.0,0.0005,115.212,12.478,507,ok,,
802cde35019354ab3c4749ef1ae7ea71b404e31b,base,home,2,4,1362.996,86,0.0005,123.364,38.209,505,ok,,
802cde35019354ab3c4749ef1ae7ea71b404e31b,base,home,3,7,1455.6191,108,0.0005,144.406,55.641,507,ok,,
802cde35019354ab3c4749ef1ae7ea71b404e31b,base,home,4,8,1302.1719,102,0.0005,103.52,31.929,489,ok,,
802cde35019354ab3c4749ef1ae7ea71b404e31b,head,home,0,1,1435.3466,113.0,0.0005,126,38.196,559,ok,,
802cde35019354ab3c4749ef1ae7ea71b404e31b,head,home,1,2,1417.7475,90.0,0.0005,110.483,27.735,489,ok,,
802cde35019354ab3c4749ef1ae7ea71b404e31b,head,home,2,5,1414.2318,88,0.0005,109.614,28.826,488,ok,,
802cde35019354ab3c4749ef1ae7ea71b404e31b,head,home,3,6,1327.6689,68,0.0005,119.451,32.026,504,outlier,lcp,
802cde35019354ab3c4749ef1ae7ea71b404e31b,head,home,4,9,1402.6834,67.0,0.0005,115.395,50.501,508,ok,,
216afc36252b793d88777cf85b8f51028a00e8b3,base,home,0,0,1375.3694,66,0.0005,148.503,56.871,508,ok,,
216afc36252b793d88777cf85b8f51028a00e8b3,base,home,1,3,1324.9325,108,0.0005,117.795,32.349,491,ok,,
216afc36252b793d88777cf85b8f51028a00e8b3,base,home,2,4,1123.5864,86.0,0.0006,124.055,67.55,2033,outlier,lcp;lcpObs,
216afc36252b793d88777cf85b8f51028a00e8b3,base,home,3,7,1413.9905,98,0.0005,125.533,36.32,630,ok,,
216afc36252b793d88777cf85b8f51028a00e8b3,base,home,4,8,1333.5754,88,0.0005,147.475,56.202,593,ok,,
216afc36252b793d88777cf85b8f51028a00e8b3,head,home,0,1,1406.6459,109.0,0.0005,148.876,51.408,539,ok,,
216afc36252b793d88777cf85b8f51028a00e8b3,head,home,1,2,1383.9106,64.5,0.0005,138.804,33.976,510,ok,,
216afc36252b793d88777cf85b8f51028a00e8b3,head,home,2,5,1325.7542,90,0.0005,125.577,43.163,490,ok,,
216afc36252b793d88777cf85b8f51028a00e8b3,head,home,3,6,1423.6917,92.0,0.0005,100.68,47.601,507,ok,,
216afc36252b793d88777cf85b8f51028a00e8b3,head,home,4,9,1374.2604,102.0,0.0005,122.704,37.004,523,ok,,
b552c6071417d731874c43e38d41dc6f76409fc9,base,home,0,0,1412.1196,91,0.0005,109.454,49.551,488,ok,,
b552c6071417d731874c43e38d41dc6f76409fc9,base,home,1,3,1389.6685,103.0,0.0005,123.308,34.476,507,ok,,
b552c6071417d731874c43e38d41dc6f76409fc9,base,home,2,4,1379.106,131,0.0005,116.594,50.287,487,ok,,
b552c6071417d731874c43e38d41dc6f76409fc9,base,home,3,7,1366.1284,88,0.0005,122.247,71.36,833,outlier,lcpObs,
b552c6071417d731874c43e38d41dc6f76409fc9,base,home,4,8,1394.0327,106,0.0005,115.658,46.355,505,ok,,
b552c6071417d731874c43e38d41dc6f76409fc9,head,home,0,1,1345.0696,98,0.0005,111.532,25.551,491,ok,,
b552c6071417d731874c43e38d41dc6f76409fc9,head,home,1,2,1338.3553,110,0.0005,138.668,43.315,473,ok,,
b552c6071417d731874c43e38d41dc6f76409fc9,head,home,2,5,1419.3059,86.4388,0.0005,119.082,50.412,1034,outlier,lcp;lcpObs,
b552c6071417d731874c43e38d41dc6f76409fc9,head,home,3,6,1334.6368,104.0,0.0005,122.369,40.64,909,outlier,lcpObs,
b552c6071417d731874c43e38d41dc6f76409fc9,head,home,4,9,1337.8146,90.0,0.0005,150.407,46.552,489,ok,,
dfa1ce572bef6976ae82b3c5cfaa581580a447f1,base,home,0,0,1341.5721,94,0.0005,122.012,49.945,737,ok,,
dfa1ce572bef6976ae82b3c5cfaa581580a447f1,base,home,1,3,1456.7025,70.0,0.0005,110.434,33.92,823,ok,,
dfa1ce572bef6976ae82b3c5cfaa581580a447f1,base,home,2,4,1383.0239,108,0.0005,120.703,43.16,491,outlier,lcpObs,
dfa1ce572bef6976ae82b3c5cfaa581580a447f1,base,home,3,7,1255.5875,87,0.0005,134.779,35.422,771,ok,,
dfa1ce572bef6976ae82b3c5cfaa581580a447f1,base,home,4,8,1267.2599,82,0.0005,147.236,62.627,692,ok,,
dfa1ce572bef6976ae82b3c5cfaa581580a447f1,head,home,0,1,1261.1155,100,0.0005,123.286,63.706,963,ok,,
dfa1ce572bef6976ae82b3c5cfaa581580a447f1,head,home,1,2,1407.4194,74.0,0.0005,149.959,49.469,522,ok,,
dfa1ce572bef6976ae82b3c5cfaa581580a447f1,head,home,2,5,1326.3465,71,0.0005,126.76,58.128,491,ok,,
dfa1ce572bef6976ae82b3c5cfaa581580a447f1,head,home,3,6,1287.2974,127.0,0.0005,118.794,38.504,612,ok,,
dfa1ce572bef6976ae82b3c5cfaa581580a447f1,head,home,4,9,1492.3369,100.0,0.0005,137.064,65.936,1393,outlier,lcpObs,
94364af68fbc88ced8d807e8e9534d23d474479e,base,home,0,0,1425.575,122,0.0005,122.223,66.776,485,ok,,
94364af68fbc88ced8d807e8e9534d23d474479e,base,home,1,3,1397.8681,151,0.0005,126.186,39.579,504,ok,,
94364af68fbc88ced8d807e8e9534d23d474479e,base,home,2,4,1451.0849,91,0.0005,110.145,31.816,544,ok,,
94364af68fbc88ced8d807e8e9534d23d474479e,base,home,3,7,1282.8139,69,0.0005,120.264,78.647,627,outlier,lcpObs,
94364af68fbc88ced8d807e8e9534d23d474479e,base,home,4,8,1546.316,77,0.0005,119.071,17.374,1105,outlier,lcpObs,
94364af68fbc88ced8d807e8e9534d23d474479e,base,home,5,11,1441.4274,84,0.0005,125.55,20.086,805,outlier,lcpObs,
94364af68fbc88ced8d807e8e9534d23d474479e,base,home,6,12,1500.6896,93.0,0.0005,117.198,40.264,509,ok,,
94364af68fbc88ced8d807e8e9534d23d474479e,base,home,7,15,1277.3232,115.0,0.0005,136.753,16.066,735,outlier,lcpObs,
94364af68fbc88ced8d807e8e9534d23d474479e,base,home,8,16,1355.4943,132.0,0.0005,110.174,22.298,490,ok,,
94364af68fbc88ced8d807e8e9534d23d474479e,base,home,9,19,1414.6391,101,0.0005,93.919,29.362,489,ok,,
94364af68fbc88ced8d807e8e9534d23d474479e,base,home,10,20,1367.8911,118.0,0.0005,145.507,62.732,507,ok,,
94364af68fbc88ced8d807e8e9534d23d474479e,base,home,11,23,1258.151,87.0,0.0005,92.419,39.884,488,ok,,
94364af68fbc88ced8d807e8e9534d23d474479e,base,home,12,24,1335.6737,110.0,0.0005,123.051,39.906,525,ok,,
94364af68fbc88ced8d807e8e9534d23d474479e,base,home,13,27,1391.362,85,0.0005,140.215,47.548,488,ok,,
94364af68fbc88ced8d807e8e9534d23d474479e,base,home,14,28,1379.5993,131.0,0.0005,111.325,45.291,613,outlier,lcpObs,
94364af68fbc88ced8d807e8e9534d23d474479e,head,home,0,1,1149.6546,100.0,0.0012,117.517,42.563,453,ok,,
94364af68fbc88ced8d807e8e9534d23d474479e,head,home,1,2,1364.322,90,0.0015,117.201,38.283,470,outlier,lcp,
94364af68fbc88ced8d807e8e9534d23d474479e,head,home,2,5,1153.0162,56,0.0015,120.154,65.702,452,ok,,
94364af68fbc88ced8d807e8e9534d23d474479e,head,home,3,6,1145.3546,58.5,0.0015,151.229,45.305,456,outlier,inp,
94364af68fbc88ced8d807e8e9534d23d474479e,head,home,4,9,1162.5946,92,0.0015,123.273,21.486,455,ok,,
94364af68fbc88ced8d807e8e9534d23d474479e,head,home,5,10,1152.3715,119.0,0.0015,140.56,37.639,473,ok,,
94364af68fbc88ced8d807e8e9534d23d474479e,head,home,6,13,1177.7886,145.0,0.0015,122.215,88.625,524,outlier,tbtFlow,
94364af68fbc88ced8d807e8e9534d23d474479e,head,home,7,14,1132.3461,62.0,0.0015,118.817,47.95,455,ok,,
94364af68fbc88ced8d807e8e9534d23d474479e,head,home,8,17,1403.9001,117.0,0.0015,145.157,33.892,524,outlier,lcp;inp,
94364af68fbc88ced8d807e8e9534d23d474479e,head,home,9,18,1354.0762,95,0.0015,119.734,49.526,490,outlier,lcp,
94364af68fbc88ced8d807e8e9534d23d474479e,head,home,10,21,1159.1584,109.0,0.0015,120.983,28.551,474,ok,,
94364af68fbc88ced8d807e8e9534d23d474479e,head,home,11,22,1134.6146,79.0,0.0015,119.469,52.564,455,ok,,
94364af68fbc88ced8d807e8e9534d23d474479e,head,home,12,25,1469.7244,105,0.0015,119.327,33.053,470,outlier,lcp,
94364af68fbc88ced8d807e8e9534d23d474479e,head,home,13,26,1161.689,107.0,0.0015,136.932,21.75,474,ok,,
94364af68fbc88ced8d807e8e9534d23d474479e,head,home,14,29,1156.886,63.0,0.0015,124.468,56.826,436,ok,,
f7b537a8b19369ce1f3f19c536afd00c996d3f8e,base,home,0,0,1162.354,107.0,0.0015,119.802,40.812,467,ok,,
f7b537a8b19369ce1f3f19c536afd00c996d3f8e,base,home,1,3,1132.1717,99,0.0015,147.253,12.522,454,ok,,
f7b537a8b19369ce1f3f19c536afd00c996d3f8e,base,home,2,4,1338.516,89,0.0015,110.873,28.709,456,outlier,lcp,
f7b537a8b19369ce1f3f19c536afd00c996d3f8e,base,home,3,7,1343.9625,95,0.0015,146.556,56.01,472,outlier,lcp,
f7b537a8b19369ce1f3f19c536afd00c996d3f8e,base,home,4,8,1474.2956,111,0.0015,125.838,45.464,492,outlier,lcp,
f7b537a8b19369ce1f3f19c536afd00c996d3f8e,base,home,5,11,1160.4078,112,0.0015,99.697,48.683,455,ok,,
f7b537a8b19369ce1f3f19c536afd00c996d3f8e,base,home,6,12,1141.994,95,0.0015,126.565,46.871,468,ok,,
f7b537a8b19369ce1f3f19c536afd00c996d3f8e,base,home,7,15,1447.0595,107,0.0015,136.867,30.149,472,outlier,lcp,
f7b537a8b19369ce1f3f19c536afd00c996d3f8e,base,home,8,16,1135.6061,104,0.0018,141.796,39.933,442,ok,,
f7b537a8b19369ce1f3f19c536afd00c996d3f8e,base,home,9,19,1123.3778,67,0.0015,92.318,28.486,450,ok,,
f7b537a8b19369ce1f3f19c536afd00c996d3f8e,base,home,10,20,1435.6661,109.0,0.0015,126.287,20.047,475,outlier,lcp,
f7b537a8b19369ce1f3f19c536afd00c996d3f8e,base,home,11,23,1140.5056,91,0.0015,109.551,37.316,452,ok,,
f7b537a8b19369ce1f3f19c536afd00c996d3f8e,base,home,12,24,1131.6188,87,0.0015,122.968,34.866,456,ok,,
f7b537a8b19369ce1f3f19c536afd00c996d3f8e,base,home,13,27,1157.0845,106,0.0015,148.322,49.661,469,ok,,
f7b537a8b19369ce1f3f19c536afd00c996d3f8e,base,home,14,28,1163.0808,83.0,0.0015,111.566,21.689,472,ok,,
f7b537a8b19369ce1f3f19c536afd00c996d3f8e,head,home,0,1,1139.9163,87.0,0.0015,137.099,61.163,455,ok,,
f7b537a8b19369ce1f3f19c536afd00c996d3f8e,head,home,1,2,1157.0923,60.5,0.0015,137.11,77.9,471,ok,,
f7b537a8b19369ce1f3f19c536afd00c996d3f8e,head,home,2,5,1259.6774,72,0.0015,111.416,40.783,453,outlier,lcp,
f7b537a8b19369ce1f3f19c536afd00c996d3f8e,head,home,3,6,1144.8641,90,0.0015,119.825,64.568,470,ok,,
f7b537a8b19369ce1f3f19c536afd00c996d3f8e,head,home,4,9,1140.349,66,0.0015,125.345,46.685,455,ok,,
f7b537a8b19369ce1f3f19c536afd00c996d3f8e,head,home,5,10,1314.9045,101,0.0015,107.222,32.901,472,outlier,lcp,
f7b537a8b19369ce1f3f19c536afd00c996d3f8e,head,home,6,13,1176.2595,111.0,0.0015,94.925,26.364,473,ok,,
f7b537a8b19369ce1f3f19c536afd00c996d3f8e,head,home,7,14,1143.9016,84.0,0.0015,110.977,30.462,457,ok,,
f7b537a8b19369ce1f3f19c536afd00c996d3f8e,head,home,8,17,1405.6866,88,0.0015,122.619,52.795,455,outlier,lcp,
f7b537a8b19369ce1f3f19c536afd00c996d3f8e,head,home,9,18,1344.7356,91.0,0.0015,117.997,11.645,473,outlier,lcp,
f7b537a8b19369ce1f3f19c536afd00c996d3f8e,head,home,10,21,1146.7156,108,0.0015,114.477,44.589,455,ok,,
f7b537a8b19369ce1f3f19c536afd00c996d3f8e,head,home,11,22,1266.515,92.0,0.0015,108.191,12.873,471,outlier,lcp,
f7b537a8b19369ce1f3f19c536afd00c996d3f8e,head,home,12,25,1326.4657,94.0,0.0015,119.586,37.523,472,outlier,lcp,
f7b537a8b19369ce1f3f19c536afd00c996d3f8e,head,home,13,26,1129.7109,91,0.0015,122.804,49.788,455,ok,,
f7b537a8b19369ce1f3f19c536afd00c996d3f8e,head,home,14,29,1149.3488,120,0.0015,120.498,61.319,463,ok,,
f12ae80ba1e1364952c6c6c440ac4212acd06eab,base,home,0,0,1139.0467,106.0,0.0015,122.936,39.104,472,ok,,
f12ae80ba1e1364952c6c6c440ac4212acd06eab,base,home,1,3,1131.3693,93,0.0018,124.045,65.717,459,ok,,
f12ae80ba1e1364952c6c6c440ac4212acd06eab,base,home,2,4,1140.7577,92,0.0015,135.513,49.922,472,ok,,
f12ae80ba1e1364952c6c6c440ac4212acd06eab,base,home,3,7,1191.5115,124.0,0.0015,145.954,91.416,506,outlier,tbt;inp;tbtFlow,
f12ae80ba1e1364952c6c6c440ac4212acd06eab,base,home,4,8,1134.2217,105,0.0015,134.553,49.146,455,ok,,
f12ae80ba1e1364952c6c6c440ac4212acd06eab,base,home,5,11,1137.8491,81,0.0015,106.982,29.576,455,ok,,
f12ae80ba1e1364952c6c6c440ac4212acd06eab,base,home,6,12,1160.864,75.0,0.0015,123.073,82.78,456,outlier,tbtFlow,
f12ae80ba1e1364952c6c6c440ac4212acd06eab,base,home,7,15,1143.3359,92,0.0015,123.108,39.577,456,ok,,
f12ae80ba1e1364952c6c6c440ac4212acd06eab,base,home,8,16,1421.5844,87,0.0015,122.164,33.158,473,outlier,lcp,
f12ae80ba1e1364952c6c6c440ac4212acd06eab,base,home,9,19,1139.4017,71.0,0.0015,111.449,35.294,457,ok,,
f12ae80ba1e1364952c6c6c440ac4212acd06eab,base,home,10,20,1138.5756,85,0.0015,105.913,32.844,472,ok,,
f12ae80ba1e1364952c6c6c440ac4212acd06eab,base,home,11,23,1350.2264,97.0,0.0015,120.142,47.303,473,outlier,lcp,
f12ae80ba1e1364952c6c6c440ac4212acd06eab,base,home,12,24,1134.9303,87.0,0.0016,133.436,57.035,438,ok,,
f12ae80ba1e1364952c6c6c440ac4212acd06eab,base,home,13,27,1346.6844,73,0.0015,120.661,11.633,453,outlier,lcp,
f12ae80ba1e1364952c6c6c440ac4212acd06eab,base,home,14,28,1327.8825,91.0,0.0015,124.207,39.546,453,outlier,lcp,
f12ae80ba1e1364952c6c6c440ac4212acd06eab,head,home,0,1,1135.7781,66.0,0.0008,135.062,44.363,468,ok,,
f12ae80ba1e1364952c6c6c440ac4212acd06eab,head,home,1,2,1345.2275,80.0,0.0008,141.427,48.279,472,outlier,lcp,
f12ae80ba1e1364952c6c6c440ac4212acd06eab,head,home,2,5,1126.4925,67,0.0008,139.93,38.619,455,ok,,
f12ae80ba1e1364952c6c6c440ac4212acd06eab,head,home,3,6,1132.1345,102,0.0008,111.549,37.054,458,ok,,
f12ae80ba1e1364952c6c6c440ac4212acd06eab,head,home,4,9,1313.0013,86.0,0.0008,120.745,54.612,505,outlier,lcp,
f12ae80ba1e1364952c6c6c440ac4212acd06eab,head,home,5,10,1136.8684,143.5,0.0008,122.789,47.772,456,ok,,
f12ae80ba1e1364952c6c6c440ac4212acd06eab,head,home,6,13,1168.806,131,0.0008,119.817,61.878,505,ok,,
f12ae80ba1e1364952c6c6c440ac4212acd06eab,head,home,7,14,1153.0006,82,0.0008,138.152,70.552,454,ok,,
f12ae80ba1e1364952c6c6c440ac4212acd06eab,head,home,8,17,1154.562,87.0,0.0008,137.824,18.133,456,ok,,
f12ae80ba1e1364952c6c6c440ac4212acd06eab,head,home,9,18,1137.2758,108,0.0008,119.842,40.914,453,ok,,
f12ae80ba1e1364952c6c6c440ac4212acd06eab,head,home,10,21,1149.0821,135.0,0.0008,139.863,38.472,472,ok,,
f12ae80ba1e1364952c6c6c440ac4212acd06eab,head,home,11,22,1425.8899,82,0.0008,108.974,27.797,471,outlier,lcp,
f12ae80ba1e1364952c6c6c440ac4212acd06eab,head,home,12,25,1242.1264,66.0,0.0008,94.667,25.074,454,ok,,
f12ae80ba1e1364952c6c6c440ac4212acd06eab,head,home,13,26,1317.7855,60,0.0008,135.828,35.862,472,outlier,lcp,
f12ae80ba1e1364952c6c6c440ac4212acd06eab,head,home,14,29,1338.7646,89,0.0008,120.631,54.271,457,outlier,lcp,
b57f3e009694acaa73e83ab9bab9a1470dd52ab3,base,home,0,0,1141.512,90,0.0008,151.524,15.57,454,outlier,inp,
b57f3e009694acaa73e83ab9bab9a1470dd52ab3,base,home,1,3,1219.4056,70,0.0008,125.417,20.895,471,outlier,lcp,
b57f3e009694acaa73e83ab9bab9a1470dd52ab3,base,home,2,4,1130.7797,95.0,0.0008,123.743,74.429,468,ok,,
b57f3e009694acaa73e83ab9bab9a1470dd52ab3,base,home,3,7,1126.7601,73.0,0.0008,120.132,44.005,455,ok,,
b57f3e009694acaa73e83ab9bab9a1470dd52ab3,base,home,4,8,1411.8436,135,0.0011,116.591,41.335,526,outlier,lcp;lcpObs,
b57f3e009694acaa73e83ab9bab9a1470dd52ab3,head,home,0,1,1134.3703,65.0,0.0011,142.778,38.777,469,ok,,
b57f3e009694acaa73e83ab9bab9a1470dd52ab3,head,home,1,2,1139.8029,107,0.0008,94.126,33.866,472,ok,,
b57f3e009694acaa73e83ab9bab9a1470dd52ab3,head,home,2,5,1135.091,87,0.0008,115.983,46.816,454,ok,,
b57f3e009694acaa73e83ab9bab9a1470dd52ab3,head,home,3,6,1156.915,107.0,0.0008,119.994,40.247,454,ok,,
b57f3e009694acaa73e83ab9bab9a1470dd52ab3,head,home,4,9,1134.2624,85,0.0008,95.28,38.672,453,ok,,
d29fd62e417b8cb73d1d5dc3e207735046401491,base,home,0,0,1223.5328,79,0.0011,125.209,38.415,469,ok,,
d29fd62e417b8cb73d1d5dc3e207735046401491,base,home,1,3,1137.9763,109.0,0.0008,94.448,15.678,455,ok,,
d29fd62e417b8cb73d1d5dc3e207735046401491,base,home,2,4,1313.3587,120.0,0.0008,108.655,28.552,487,outlier,lcp,
d29fd62e417b8cb73d1d5dc3e207735046401491,base,home,3,7,1213.4026,74.0,0.0008,110.528,27.765,472,ok,,
d29fd62e417b8cb73d1d5dc3e207735046401491,base,home,4,8,1133.6979,101,0.0008,95.077,13.624,452,ok,,
d29fd62e417b8cb73d1d5dc3e207735046401491,base,home,5,11,1156.8826,93,0.0008,93.466,35.264,454,ok,,
d29fd62e417b8cb73d1d5dc3e207735046401491,base,home,6,12,1388.0094,102.0,0.0008,138.932,43.028,469,outlier,lcp,
d29fd62e417b8cb73d1d5dc3e207735046401491,base,home,7,15,1473.7151,83,0.0008,127.905,47.903,471,outlier,lcp,
d29fd62e417b8cb73d1d5dc3e207735046401491,base,home,8,16,1147.0727,105,0.0008,143.46,53.656,457,ok,,
d29fd62e417b8cb73d1d5dc3e207735046401491,base,home,9,19,1134.3682,110,0.0012,138.688,72.882,458,ok,,
d29fd62e417b8cb73d1d5dc3e207735046401491,base,home,10,20,1150.3661,78.0,0.0008,121.541,15.489,456,ok,,
d29fd62e417b8cb73d1d5dc3e207735046401491,base,home,11,23,1326.3423,89,0.0008,127.243,43.542,453,outlier,lcp,
d29fd62e417b8cb73d1d5dc3e207735046401491,base,home,12,24,1122.6981,53.5,0.0008,147.93,21.234,455,ok,,
d29fd62e417b8cb73d1d5dc3e207735046401491,base,home,13,27,1161.5293,69,0.0008,110.483,38.553,472,ok,,
d29fd62e417b8cb73d1d5dc3e207735046401491,base,home,14,28,1127.705,94,0.0008,120.722,75.08,451,ok,,
d29fd62e417b8cb73d1d5dc3e207735046401491,head,home,0,1,1163.4985,100,0.0008,136.868,37.729,456,ok,,
d29fd62e417b8cb73d1d5dc3e207735046401491,head,home,1,2,1138.8731,91,0.0008,125.705,34.694,470,ok,,
d29fd62e417b8cb73d1d5dc3e207735046401491,head,home,2,5,1151.2154,102,0.0011,124.871,34.689,471,ok,,
d29fd62e417b8cb73d1d5dc3e207735046401491,head,home,3,6,1149.8546,82,0.0008,120.865,48.478,472,ok,,
d29fd62e417b8cb73d1d5dc3e207735046401491,head,home,4,9,1125.2216,87.0,0.0008,135.667,56.728,471,ok,,
d29fd62e417b8cb73d1d5dc3e207735046401491,head,home,5,10,1132.2462,96,0.0008,125.907,36.179,455,ok,,
d29fd62e417b8cb73d1d5dc3e207735046401491,head,home,6,13,1398.6424,112.0,0.0008,124.867,32.561,470,outlier,lcp,
d29fd62e417b8cb73d1d5dc3e207735046401491,head,home,7,14,1155.1492,112,0.0008,122.944,29.413,454,ok,,
d29fd62e417b8cb73d1d5dc3e207735046401491,head,home,8,17,1324.1259,89.0,0.0008,94.992,32.526,452,outlier,lcp;inp,
d29fd62e417b8cb73d1d5dc3e207735046401491,head,home,9,18,1336.9304,82,0.0008,120.285,40.61,470,outlier,lcp,
d29fd62e417b8cb73d1d5dc3e207735046401491,head,home,10,21,1121.5738,86.0,0.0008,139.266,46.701,440,ok,,
d29fd62e417b8cb73d1d5dc3e207735046401491,head,home,11,22,1125.5486,90.0,0.0008,94.995,17.364,451,outlier,inp,
d29fd62e417b8cb73d1d5dc3e207735046401491,head,home,12,25,1136.2229,88.0,0.0008,124.783,33.642,454,ok,,
d29fd62e417b8cb73d1d5dc3e207735046401491,head,home,13,26,1127.44,56,0.0008,138.459,56.515,455,outlier,tbt,
d29fd62e417b8cb73d1d5dc3e207735046401491,head,home,14,29,1134.6665,69,0.0008,109.514,30.957,454,ok,,
54a98268177c19cee7a49d05ce56e64f7a424db1,base,home,0,0,1138.3391,92,0.0011,123.195,46.62,454,ok,,
54a98268177c19cee7a49d05ce56e64f7a424db1,base,home,1,3,1141.9914,90.0,0.0008,92.224,32.392,455,ok,,
54a98268177c19cee7a49d05ce56e64f7a424db1,base,home,2,4,1248.4366,97,0.0008,109.721,33.738,471,outlier,lcp,
54a98268177c19cee7a49d05ce56e64f7a424db1,base,home,3,7,1148.0335,130,0.0008,110.132,19.811,473,outlier,tbt,
54a98268177c19cee7a49d05ce56e64f7a424db1,base,home,4,8,1130.8516,61,0.0008,110.554,29.768,455,outlier,tbt,
54a98268177c19cee7a49d05ce56e64f7a424db1,head,home,0,1,1123.3193,67,0.0008,144.991,80.682,455,ok,,
54a98268177c19cee7a49d05ce56e64f7a424db1,head,home,1,2,1124.7324,69,0.0008,120.139,45.802,457,ok,,
54a98268177c19cee7a49d05ce56e64f7a424db1,head,home,2,5,1142.3736,71.0,0.0008,132.009,20.374,471,ok,,
54a98268177c19cee7a49d05ce56e64f7a424db1,head,home,3,6,1261.476,106.0,0.0008,139.9,45.936,473,outlier,lcp;tbt,
54a98268177c19cee7a49d05ce56e64f7a424db1,head,home,4,9,1349.8946,127.0,0.0008,95.266,22.886,469,outlier,lcp;tbt,
f39ac4a653335efaaaf9834bf28e9ffc1452cb59,base,home,0,0,1371.1191,74.0,0.0011,117.652,30.329,472,ok,,
f39ac4a653335efaaaf9834bf28e9ffc1452cb59,base,home,1,3,1344.0743,97,0.0008,108.395,24.856,454,ok,,
f39ac4a653335efaaaf9834bf28e9ffc1452cb59,base,home,2,4,1285.2932,66.5,0.0008,122.296,56.839,453,outlier,lcp,
f39ac4a653335efaaaf9834bf28e9ffc1452cb59,base,home,3,7,1357.0282,66.0,0.0008,98.319,43.738,471,ok,,
f39ac4a653335efaaaf9834bf28e9ffc1452cb59,base,home,4,8,1358.3418,138,0.0008,110.518,34.737,489,outlier,tbt,
f39ac4a653335efaaaf9834bf28e9ffc1452cb59,head,home,0,1,1144.4299,67.0,0.0008,124.407,47.521,439,ok,,
f39ac4a653335efaaaf9834bf28e9ffc1452cb59,head,home,1,2,1358.9636,89,0.0008,123.693,42.864,451,outlier,lcp,
f39ac4a653335efaaaf9834bf28e9ffc1452cb59,head,home,2,5,1125.1132,87.0,0.0008,146.73,87.932,456,outlier,tbtFlow,
f39ac4a653335efaaaf9834bf28e9ffc1452cb59,head,home,3,6,1335.036,99.0,0.0008,95.041,20.854,470,outlier,lcp,
f39ac4a653335efaaaf9834bf28e9ffc1452cb59,head,home,4,9,1130.519,90.0,0.0008,93.935,42.17,456,ok,,
83d3943cd0973aa2fe6dc843a730bcb50e8a26ec,base,home,0,0,1279.328,116,0.0011,157.299,32.422,488,ok,,
83d3943cd0973aa2fe6dc843a730bcb50e8a26ec,base,home,1,3,1422.2601,96,0.0008,110.021,15.275,488,ok,,
83d3943cd0973aa2fe6dc843a730bcb50e8a26ec,base,home,2,4,1128.9588,75,0.0008,93.114,40.133,455,ok,,
83d3943cd0973aa2fe6dc843a730bcb50e8a26ec,base,home,3,7,1364.9919,93,0.0008,127.456,25.522,455,ok,,
83d3943cd0973aa2fe6dc843a730bcb50e8a26ec,base,home,4,8,1318.5218,111,0.0008,117.513,39.057,471,ok,,
83d3943cd0973aa2fe6dc843a730bcb50e8a26ec,base,home,5,11,1126.3539,91.0,0.0008,93.972,21.711,456,ok,,
83d3943cd0973aa2fe6dc843a730bcb50e8a26ec,base,home,6,12,1148.4657,99,0.0008,125.673,47.754,471,ok,,
83d3943cd0973aa2fe6dc843a730bcb50e8a26ec,base,home,7,15,1142.2769,92.0,0.0008,139.243,44.523,455,ok,,
83d3943cd0973aa2fe6dc843a730bcb50e8a26ec,base,home,8,16,1133.3974,100,0.0008,109.395,13.919,455,ok,,
83d3943cd0973aa2fe6dc843a730bcb50e8a26ec,base,home,9,19,1336.4464,90.0,0.0008,125.902,39.426,468,ok,,
83d3943cd0973aa2fe6dc843a730bcb50e8a26ec,base,home,10,20,1139.2841,69,0.0008,95.438,30.77,455,ok,,
83d3943cd0973aa2fe6dc843a730bcb50e8a26ec,base,home,11,23,1423.2096,110.0,0.0008,111.457,29.156,508,ok,,
83d3943cd0973aa2fe6dc843a730bcb50e8a26ec,base,home,12,24,1299.6654,114,0.0008,133.556,45.489,455,ok,,
83d3943cd0973aa2fe6dc843a730bcb50e8a26ec,base,home,13,27,1445.3194,132.5,0.0008,108.969,50.367,524,ok,,
83d3943cd0973aa2fe6dc843a730bcb50e8a26ec,base,home,14,28,1310.674,111,0.0008,110.006,39.017,471,ok,,
83d3943cd0973aa2fe6dc843a730bcb50e8a26ec,head,home,0,1,1135.5791,69.0,0.0008,94.576,39.786,455,ok,,
83d3943cd0973aa2fe6dc843a730bcb50e8a26ec,head,home,1,2,1141.4958,99,0.0008,109.449,20.879,473,ok,,
83d3943cd0973aa2fe6dc843a730bcb50e8a26ec,head,home,2,5,1126.6019,91.0,0.0008,111.063,21.296,451,ok,,
83d3943cd0973aa2fe6dc843a730bcb50e8a26ec,head,home,3,6,1134.9731,106.0,0.0008,113.709,40.047,486,ok,,
83d3943cd0973aa2fe6dc843a730bcb50e8a26ec,head,home,4,9,1169.7742,100,0.0011,124.199,42.508,472,ok,,
83d3943cd0973aa2fe6dc843a730bcb50e8a26ec,head,home,5,10,1140.2279,112.0,0.0008,121.922,54.348,452,ok,,
83d3943cd0973aa2fe6dc843a730bcb50e8a26ec,head,home,6,13,1140.2307,91,0.0008,137.751,58.865,454,ok,,
83d3943cd0973aa2fe6dc843a730bcb50e8a26ec,head,home,7,14,1401.931,123,0.0008,94.437,39.483,490,outlier,lcp,
83d3943cd0973aa2fe6dc843a730bcb50e8a26ec,head,home,8,17,1127.842,73,0.0008,94.562,33.993,454,ok,,
83d3943cd0973aa2fe6dc843a730bcb50e8a26ec,head,home,9,18,1143.1185,109.0,0.0008,126.04,23.128,451,ok,,
83d3943cd0973aa2fe6dc843a730bcb50e8a26ec,head,home,10,21,1141.3747,92,0.0008,108.681,39.635,454,ok,,
83d3943cd0973aa2fe6dc843a730bcb50e8a26ec,head,home,11,22,1122.9476,85,0.0008,142.445,15.306,457,ok,,
83d3943cd0973aa2fe6dc843a730bcb50e8a26ec,head,home,12,25,1334.543,97,0.0008,118.654,46.103,470,outlier,lcp,
83d3943cd0973aa2fe6dc843a730bcb50e8a26ec,head,home,13,26,1131.5952,142.5,0.0008,94.267,15.258,451,ok,,
83d3943cd0973aa2fe6dc843a730bcb50e8a26ec,head,home,14,29,1139.229,72.0,0.0008,125.467,50.123,454,ok,,
b43260d97be0cd36faaa630595c299963de2cb6c,base,home,0,0,1138.1844,88.0,0.0011,119.806,52.322,448,ok,,
b43260d97be0cd36faaa630595c299963de2cb6c,base,home,1,3,1285.1937,93,0.0008,122.291,53.587,504,ok,,
b43260d97be0cd36faaa630595c299963de2cb6c,base,home,2,4,1420.8848,106,0.0008,95.043,27.427,489,outlier,lcp,
b43260d97be0cd36faaa630595c299963de2cb6c,base,home,3,7,1179.6474,108.0,0.0008,142.637,13.089,468,outlier,tbtFlow,
b43260d97be0cd36faaa630595c299963de2cb6c,base,home,4,8,1127.7804,93.0,0.0008,138.781,52.077,453,ok,,
b43260d97be0cd36faaa630595c299963de2cb6c,head,home,0,1,1323.1582,86,0.0008,119.134,45.306,450,outlier,lcp,
b43260d97be0cd36faaa630595c299963de2cb6c,head,home,1,2,1137.227,69.0,0.0008,145.617,57.632,455,ok,,
b43260d97be0cd36faaa630595c299963de2cb6c,head,home,2,5,1398.0214,114,0.0008,132.802,58.443,473,outlier,lcp,
b43260d97be0cd36faaa630595c299963de2cb6c,head,home,3,6,1142.4879,77,0.0008,123.653,34.02,457,ok,,
b43260d97be0cd36faaa630595c299963de2cb6c,head,home,4,9,1161.7855,85,0.0008,109.904,30.887,476,ok,,
063533aede8365bf18b8f08ec949a1e93697c17d,base,home,0,0,1152.9042,89.0,0.0008,123.602,42.833,473,ok,,
063533aede8365bf18b8f08ec949a1e93697c17d,base,home,1,3,1327.5864,92.0,0.0008,118.223,40.14,453,outlier,lcp,
063533aede8365bf18b8f08ec949a1e93697c17d,base,home,2,4,1257.9923,72,0.0008,95.384,29.996,471,outlier,lcp,
063533aede8365bf18b8f08ec949a1e93697c17d,base,home,3,7,1132.9204,95,0.0008,94.44,30.502,452,ok,,
063533aede8365bf18b8f08ec949a1e93697c17d,base,home,4,8,1133.4681,85.0,0.0008,111.52,28.476,452,ok,,
063533aede8365bf18b8f08ec949a1e93697c17d,head,home,0,1,1164.411,90,0.0008,117.795,42.658,456,ok,,
063533aede8365bf18b8f08ec949a1e93697c17d,head,home,1,2,1191.8226,81,0.0008,94.442,27.717,473,outlier,inp,
063533aede8365bf18b8f08ec949a1e93697c17d,head,home,2,5,1126.8905,114,0.0008,122.327,38.049,458,outlier,lcp,
063533aede8365bf18b8f08ec949a1e93697c17d,head,home,3,6,1194.6896,129,0.0008,135.326,35.48,469,ok,,
063533aede8365bf18b8f08ec949a1e93697c17d,head,home,4,9,1197.1889,138,0.0008,123.444,63.034,471,ok,,
3a5ef4020d7515f34c96d179b631911bb8ef8a9f,base,home,0,0,1176.326,104,0.0008,122.926,73.056,473,outlier,tbtFlow,
3a5ef4020d7515f34c96d179b631911bb8ef8a9f,base,home,1,3,1172.999,101,0.0008,138.6,37.954,474,ok,,
3a5ef4020d7515f34c96d179b631911bb8ef8a9f,base,home,2,4,1174.9603,124,0.0008,137.159,41.377,455,ok,,
3a5ef4020d7515f34c96d179b631911bb8ef8a9f,base,home,3,7,1384.3025,98,0.0008,94.156,20.66,472,outlier,lcp,
3a5ef4020d7515f34c96d179b631911bb8ef8a9f,base,home,4,8,1335.0256,106,0.0008,109.608,40.096,455,outlier,lcp,
3a5ef4020d7515f34c96d179b631911bb8ef8a9f,head,home,0,1,1190.5374,99.0,0.0008,95.457,28.795,454,outlier,inp,
3a5ef4020d7515f34c96d179b631911bb8ef8a9f,head,home,1,2,1189.7917,94,0.0008,121.129,50.736,455,ok,,
3a5ef4020d7515f34c96d179b631911bb8ef8a9f,head,home,2,5,1186.9696,94.0,0.0008,117.677,43.804,451,ok,,
3a5ef4020d7515f34c96d179b631911bb8ef8a9f,head,home,3,6,1435.0324,113,0.0011,128.07,62.051,469,outlier,lcp,
3a5ef4020d7515f34c96d179b631911bb8ef8a9f,head,home,4,9,1174.8366,121,0.0008,117.387,42.052,454,ok,,
1c8e8bb0f3909a3d98d9e5cff0efe032ef1ccd67,base,home,0,0,1459.6159,107,0.0011,138.87,55.423,474,outlier,lcp,
1c8e8bb0f3909a3d98d9e5cff0efe032ef1ccd67,base,home,1,3,1188.182,107,0.0008,121.724,35.717,469,ok,,
1c8e8bb0f3909a3d98d9e5cff0efe032ef1ccd67,base,home,2,4,1189.3825,125,0.0008,110.186,37.652,473,ok,,
1c8e8bb0f3909a3d98d9e5cff0efe032ef1ccd67,base,home,3,7,1174.5512,102,0.0009,137.201,72.107,456,ok,,
1c8e8bb0f3909a3d98d9e5cff0efe032ef1ccd67,base,home,4,8,1421.3446,94,0.0008,133.602,52.861,471,outlier,lcp,
1c8e8bb0f3909a3d98d9e5cff0efe032ef1ccd67,head,home,0,1,1183.5232,119,0.0008,120.687,37.185,453,ok,,
1c8e8bb0f3909a3d98d9e5cff0efe032ef1ccd67,head,home,1,2,1171.8995,99.0,0.0008,125.426,21.495,474,ok,,
1c8e8bb0f3909a3d98d9e5cff0efe032ef1ccd67,head,home,2,5,1165.5165,92,0.0008,110.477,43.589,455,ok,,
1c8e8bb0f3909a3d98d9e5cff0efe032ef1ccd67,head,home,3,6,1188.3449,122,0.0008,146.662,58.802,471,outlier,inp,
1c8e8bb0f3909a3d98d9e5cff0efe032ef1ccd67,head,home,4,9,1407.7671,93.0,0.0008,122.898,71.88,488,outlier,lcp,
a70417f23f5985e3ed2a678c3cd25bffb23b1cff,base,home,0,0,1176.3979,105.0,0.0008,121.053,17.147,454,ok,,
a70417f23f5985e3ed2a678c3cd25bffb23b1cff,base,home,1,3,1169.0756,97,0.0008,111.142,40.279,456,ok,,
a70417f23f5985e3ed2a678c3cd25bffb23b1cff,base,home,2,4,1167.8692,115,0.0011,126.403,52.331,456,ok,,
a70417f23f5985e3ed2a678c3cd25bffb23b1cff,base,home,3,7,1172.0516,118,0.0008,121.626,34.335,455,ok,,
a70417f23f5985e3ed2a678c3cd25bffb23b1cff,base,home,4,8,1182.7621,87.0,0.0008,118.807,41.927,454,ok,,
a70417f23f5985e3ed2a678c3cd25bffb23b1cff,head,home,0,1,1270.3311,96,0.0008,126.141,51.714,471,ok,,
a70417f23f5985e3ed2a678c3cd25bffb23b1cff,head,home,1,2,1294.2593,86,0.0008,136.068,26.215,472,ok,,
a70417f23f5985e3ed2a678c3cd25bffb23b1cff,head,home,2,5,1192.4416,98.0,0.0008,125.722,51.38,475,ok,,
a70417f23f5985e3ed2a678c3cd25bffb23b1cff,head,home,3,6,1174.5642,100,0.0008,94.259,40.199,470,ok,,
a70417f23f5985e3ed2a678c3cd25bffb23b1cff,head,home,4,9,1197.2649,129,0.0008,149.75,59.517,472,outlier,tbt,
8b3e149db6a46039a8231a0f82bac5a5cfda8ef3,base,home,0,0,1175.0096,91,0.0008,134.995,50.76,452,ok,,
8b3e149db6a46039a8231a0f82bac5a5cfda8ef3,base,home,1,3,1181.5833,98,0.001,134.039,95.736,444,ok,,
8b3e149db6a46039a8231a0f82bac5a5cfda8ef3,base,home,2,4,1259.3021,116,0.0008,138.011,31.958,472,outlier,lcp,
8b3e149db6a46039a8231a0f82bac5a5cfda8ef3,base,home,3,7,1197.3349,94,0.0008,119.144,46.485,456,ok,,
8b3e149db6a46039a8231a0f82bac5a5cfda8ef3,base,home,4,8,1157.3823,123,0.0008,123.663,32.437,472,ok,,
8b3e149db6a46039a8231a0f82bac5a5cfda8ef3,head,home,0,1,1165.9604,93.0,0.0008,147.385,23.124,452,ok,,
8b3e149db6a46039a8231a0f82bac5a5cfda8ef3,head,home,1,2,1164.0915,92.0,0.0008,137.425,53.231,454,ok,,
8b3e149db6a46039a8231a0f82bac5a5cfda8ef3,head,home,2,5,1183.7315,112,0.0008,118.449,38.368,472,ok,,
8b3e149db6a46039a8231a0f82bac5a5cfda8ef3,head,home,3,6,1191.1304,98,0.0008,121.24,53.896,456,ok,,
8b3e149db6a46039a8231a0f82bac5a5cfda8ef3,head,home,4,9,1171.1739,99.0,0.0008,125.557,66.468,469,ok,,
89a9badc27d30947882be7f2d6230d95141dd18b,base,home,0,0,1190.0489,106.0,0.0008,110.051,14.67,473,ok,,
89a9badc27d30947882be7f2d6230d95141dd18b,base,home,1,3,1169.5032,78,0.0008,136.046,32.598,454,outlier,tbt,
89a9badc27d30947882be7f2d6230d95141dd18b,base,home,2,4,1168.4003,115,0.0008,126.821,45.121,456,ok,,
89a9badc27d30947882be7f2d6230d95141dd18b,base,home,3,7,1351.3656,109.0,0.0008,108.385,21.371,474,outlier,lcp,
89a9badc27d30947882be7f2d6230d95141dd18b,base,home,4,8,1178.9388,133,0.0008,125.267,44.37,472,ok,,
89a9badc27d30947882be7f2d6230d95141dd18b,head,home,0,1,1435.9135,116,0.0008,139.9,46.737,491,outlier,lcp,
89a9badc27d30947882be7f2d6230d95141dd18b,head,home,1,2,1218.1521,103,0.0008,111.175,27.681,472,ok,,
89a9badc27d30947882be7f2d6230d95141dd18b,head,home,2,5,1166.3599,113,0.0008,133.638,57.108,451,ok,,
89a9badc27d30947882be7f2d6230d95141dd18b,head,home,3,6,1145.3891,80,0.0008,111.415,40.7,456,ok,,
89a9badc27d30947882be7f2d6230d95141dd18b,head,home,4,9,1183.528,96,0.0008,117.11,42.79,473,ok,,
46ddd60948b82f804c36b7c6325b6144187185cf,base,home,0,0,1170.2485,99.0,0.0008,122.48,44.695,457,ok,,
46ddd60948b82f804c36b7c6325b6144187185cf,base,home,1,3,1170.4418,118.0,0.0008,120.874,34.23,453,ok,,
46ddd60948b82f804c36b7c6325b6144187185cf,base,home,2,4,1184.7943,98,0.0008,144.024,51.529,472,ok,,
46ddd60948b82f804c36b7c6325b6144187185cf,base,home,3,7,1343.6284,79,0.0008,127.726,38.458,471,outlier,lcp,
46ddd60948b82f804c36b7c6325b6144187185cf,base,home,4,8,1133.7052,102.0,0.0008,94.126,25.731,456,outlier,inp,
46ddd60948b82f804c36b7c6325b6144187185cf,head,home,0,1,1174.3832,109.0,0.0008,127.513,46.254,455,ok,,
46ddd60948b82f804c36b7c6325b6144187185cf,head,home,1,2,1303.0255,71.5,0.0008,123.309,87.254,488,ok,,
46ddd60948b82f804c36b7c6325b6144187185cf,head,home,2,5,1134.512,98.0,0.0008,94.425,20.022,455,ok,,
46ddd60948b82f804c36b7c6325b6144187185cf,head,home,3,6,1434.1506,114.0,0.0008,118.319,49.536,471,ok,,
46ddd60948b82f804c36b7c6325b6144187185cf,head,home,4,9,1368.0316,125,0.0008,95.375,16.651,505,ok,,
ffcb67b21f3693821b0202bf54707bcee21a8ba7,base,home,0,0,1308.8464,97.0,0.0008,125.855,22.591,472,ok,,
ffcb67b21f3693821b0202bf54707bcee21a8ba7,base,home,1,3,1297.6636,104.0,0.0008,109.453,40.181,471,ok,,
ffcb67b21f3693821b0202bf54707bcee21a8ba7,base,home,2,4,1193.475,105,0.0008,126.943,51.35,455,ok,,
ffcb67b21f3693821b0202bf54707bcee21a8ba7,base,home,3,7,1409.0412,96.0,0.0008,107.21,34.699,474,ok,,
ffcb67b21f3693821b0202bf54707bcee21a8ba7,base,home,4,8,1396.2962,108.0,0.0008,117.627,58.525,487,ok,,
ffcb67b21f3693821b0202bf54707bcee21a8ba7,base,home,5,11,1196.1035,108,0.0008,97.192,24.352,454,ok,,
ffcb67b21f3693821b0202bf54707bcee21a8ba7,base,home,6,12,1257.8274,93,0.0008,109.375,47.928,472,ok,,
ffcb67b21f3693821b0202bf54707bcee21a8ba7,base,home,7,15,1179.5781,110.0,0.0008,117.522,38.055,455,ok,,
ffcb67b21f3693821b0202bf54707bcee21a8ba7,base,home,8,16,1299.8163,116,0.0008,94.034,30.397,474,ok,,
ffcb67b21f3693821b0202bf54707bcee21a8ba7,base,home,9,19,1176.4576,93,0.0011,118.585,46.922,454,ok,,
ffcb67b21f3693821b0202bf54707bcee21a8ba7,base,home,10,20,1249.9516,99.0,0.0008,105.743,43.993,472,ok,,
ffcb67b21f3693821b0202bf54707bcee21a8ba7,base,home,11,23,1172.9345,118.0,0.0008,93.229,17.753,454,ok,,
ffcb67b21f3693821b0202bf54707bcee21a8ba7,base,home,12,24,1191.9223,97,0.0008,118.343,55.021,453,ok,,
ffcb67b21f3693821b0202bf54707bcee21a8ba7,base,home,13,27,1304.6864,124,0.0008,116.412,55.069,472,ok,,
ffcb67b21f3693821b0202bf54707bcee21a8ba7,base,home,14,28,1173.0546,97,0.0008,140.233,38.199,451,ok,,
ffcb67b21f3693821b0202bf54707bcee21a8ba7,head,home,0,1,1136.0725,97.0,0.0008,114.148,57.665,455,ok,,
ffcb67b21f3693821b0202bf54707bcee21a8ba7,head,home,1,2,1186.327,100.0,0.0011,122.457,27.567,473,ok,,
ffcb67b21f3693821b0202bf54707bcee21a8ba7,head,home,2,5,1178.2831,104,0.0008,121.505,52.911,472,ok,,
ffcb67b21f3693821b0202bf54707bcee21a8ba7,head,home,3,6,1128.2126,95.0,0.0008,93.945,28.176,457,ok,,
ffcb67b21f3693821b0202bf54707bcee21a8ba7,head,home,4,9,1184.7555,97.0,0.0008,119.458,40.513,454,ok,,
ffcb67b21f3693821b0202bf54707bcee21a8ba7,head,home,5,10,1182.7529,97.0,0.0008,106.995,27.26,471,ok,,
ffcb67b21f3693821b0202bf54707bcee21a8ba7,head,home,6,13,1184.5284,122,0.0008,151.835,79.961,473,outlier,tbtFlow,
ffcb67b21f3693821b0202bf54707bcee21a8ba7,head,home,7,14,1293.4838,100,0.0008,121.575,37.627,468,outlier,lcp,
ffcb67b21f3693821b0202bf54707bcee21a8ba7,head,home,8,17,1186.8127,99,0.0008,147.711,83.041,454,outlier,tbtFlow,
ffcb67b21f3693821b0202bf54707bcee21a8ba7,head,home,9,18,1170.3545,96,0.0008,94.493,33.672,453,ok,,
ffcb67b21f3693821b0202bf54707bcee21a8ba7,head,home,10,21,1191.549,120.0,0.0008,123.121,38.596,472,ok,,
ffcb67b21f3693821b0202bf54707bcee21a8ba7,head,home,11,22,1167.7145,94.0,0.0008,138.548,13.706,454,ok,,
ffcb67b21f3693821b0202bf54707bcee21a8ba7,head,home,12,25,1133.5595,100.0,0.0008,104.867,31.771,472,ok,,
ffcb67b21f3693821b0202bf54707bcee21a8ba7,head,home,13,26,1195.9689,112,0.0008,102.405,36.433,489,ok,,
ffcb67b21f3693821b0202bf54707bcee21a8ba7,head,home,14,29,1134.141,105.0,0.0008,127.195,33.438,468,ok,,
c1e00c44f57841b18ea14bde30b8d1f5aff95c7e,base,home,0,0,1167.9637,93.0,0.0008,139.666,11.626,472,ok,,
c1e00c44f57841b18ea14bde30b8d1f5aff95c7e,base,home,1,3,1169.9317,139.5,0.0008,120.784,53.622,436,outlier,tbt,
c1e00c44f57841b18ea14bde30b8d1f5aff95c7e,base,home,2,4,1260.497,95,0.0008,104.215,24.459,470,outlier,lcp,
c1e00c44f57841b18ea14bde30b8d1f5aff95c7e,base,home,3,7,1170.9356,96.0,0.0008,123.011,33.531,475,ok,,
c1e00c44f57841b18ea14bde30b8d1f5aff95c7e,base,home,4,8,1430.5554,110.0,0.0008,94.354,29.173,488,outlier,lcp,
c1e00c44f57841b18ea14bde30b8d1f5aff95c7e,head,home,0,1,1229.5456,124,0.0008,122.323,45.144,476,ok,,
c1e00c44f57841b18ea14bde30b8d1f5aff95c7e,head,home,1,2,1191.2031,97.0,0.0008,121.106,37.572,455,ok,,
c1e00c44f57841b18ea14bde30b8d1f5aff95c7e,head,home,2,5,1342.9785,97.0,0.0008,121.299,36.336,472,ok,,
c1e00c44f57841b18ea14bde30b8d1f5aff95c7e,head,home,3,6,1130.502,97,0.0008,134.998,45.879,455,ok,,
c1e00c44f57841b18ea14bde30b8d1f5aff95c7e,head,home,4,9,1146.3465,107,0.0008,94.985,30.512,456,outlier,inp,
5852d0d41005e67ca00124079b9eee91e4ab716d,base,home,0,0,1189.3829,104.0,0.0008,138.487,43.874,470,ok,,
5852d0d41005e67ca00124079b9eee91e4ab716d,base,home,1,3,1187.3099,94,0.0008,121.413,56.679,454,ok,,
5852d0d41005e67ca00124079b9eee91e4ab716d,base,home,2,4,1341.8531,97,0.0011,124.234,41.346,472,outlier,lcp,
5852d0d41005e67ca00124079b9eee91e4ab716d,base,home,3,7,1134.2295,105.0,0.0008,93.339,21.363,454,outlier,inp,
5852d0d41005e67ca00124079b9eee91e4ab716d,base,home,4,8,1195.475,107,0.0008,122.337,44.548,455,ok,,
5852d0d41005e67ca00124079b9eee91e4ab716d,head,home,0,1,1173.8609,92.5,0.0008,110.674,27.168,453,ok,,
5852d0d41005e67ca00124079b9eee91e4ab716d,head,home,1,2,1168.3075,95,0.0011,122.365,59.101,465,ok,,
5852d0d41005e67ca00124079b9eee91e4ab716d,head,home,2,5,1136.0428,109,0.0008,119.197,31.315,472,ok,,
5852d0d41005e67ca00124079b9eee91e4ab716d,head,home,3,6,1484.6842,131.0,0.0008,108.331,32.027,523,outlier,lcp;lcpObs,
5852d0d41005e67ca00124079b9eee91e4ab716d,head,home,4,9,1170.8071,119,0.0008,125.838,51.128,453,ok,,
4c3d037f9cddcec92472cb2f61c0840097649cc1,base,home,0,0,1200.9184,67.5,0.0008,123.005,30.247,471,ok,,
4c3d037f9cddcec92472cb2f61c0840097649cc1,base,home,1,3,1286.2139,114,0.0008,124.191,64.149,455,ok,,
4c3d037f9cddcec92472cb2f61c0840097649cc1,base,home,2,4,1168.508,77.0,0.0008,138.882,40.333,454,ok,,
4c3d037f9cddcec92472cb2f61c0840097649cc1,base,home,3,7,1178.9131,105,0.0008,127.013,40.152,456,ok,,
4c3d037f9cddcec92472cb2f61c0840097649cc1,base,home,4,8,1420.637,92.0,0.0008,145.947,69.793,473,outlier,lcp,
4c3d037f9cddcec92472cb2f61c0840097649cc1,head,home,0,1,1182.7834,92,0.001,122.859,74.027,457,outlier,tbtFlow,
4c3d037f9cddcec92472cb2f61c0840097649cc1,head,home,1,2,1136.2418,112,0.0008,139.431,38.065,454,ok,,
4c3d037f9cddcec92472cb2f61c0840097649cc1,head,home,2,5,1403.7456,135,0.0008,135.943,14.702,488,ok,,
4c3d037f9cddcec92472cb2f61c0840097649cc1,head,home,3,6,1355.6109,90.0,0.0008,95.712,34.547,454,outlier,inp,
4c3d037f9cddcec92472cb2f61c0840097649cc1,head,home,4,9,1204.5966,116.0,0.0008,138.149,42.243,509,outlier,lcpObs,
eb959128ac1543e7f6ea1c4f1935b9899a3e1b9b,base,home,0,0,1182.5232,96,0.0008,137.752,61.449,468,ok,,
eb959128ac1543e7f6ea1c4f1935b9899a3e1b9b,base,home,1,3,1336.5181,94,0.0008,147.547,61.914,471,outlier,lcp,
eb959128ac1543e7f6ea1c4f1935b9899a3e1b9b,base,home,2,4,1170.363,99.0,0.0008,121.967,35.809,454,ok,,
eb959128ac1543e7f6ea1c4f1935b9899a3e1b9b,base,home,3,7,1169.2444,98.0,0.0008,141.186,36.518,455,ok,,
eb959128ac1543e7f6ea1c4f1935b9899a3e1b9b,base,home,4,8,1265.6878,124,0.0011,136.486,43.394,472,outlier,lcp,
eb959128ac1543e7f6ea1c4f1935b9899a3e1b9b,head,home,0,1,1367.0836,91.0,0.0008,95.488,37.166,455,outlier,lcp,
eb959128ac1543e7f6ea1c4f1935b9899a3e1b9b,head,home,1,2,1126.1418,58.5,0.0008,150.633,77.502,453,outlier,tbt,
eb959128ac1543e7f6ea1c4f1935b9899a3e1b9b,head,home,2,5,1193.844,122,0.0008,149.536,53.167,471,ok,,
eb959128ac1543e7f6ea1c4f1935b9899a3e1b9b,head,home,3,6,1189.2979,115,0.0008,118.743,50.816,439,ok,,
eb959128ac1543e7f6ea1c4f1935b9899a3e1b9b,head,home,4,9,1170.076,120.0,0.0008,124.525,44.223,471,ok,,
7ea3229e17696d2d64f9d0c4a0596b15d8cc81b9,base,home,0,0,1170.077,96.0,0.0011,124.533,53.094,452,ok,,
7ea3229e17696d2d64f9d0c4a0596b15d8cc81b9,base,home,1,3,1172.5886,120,0.0008,124.324,38.632,454,ok,,
7ea3229e17696d2d64f9d0c4a0596b15d8cc81b9,base,home,2,4,1189.9637,131,0.0008,133.547,37.343,471,ok,,
7ea3229e17696d2d64f9d0c4a0596b15d8cc81b9,base,home,3,7,1300.3632,92.0,0.0008,124.871,44.653,470,outlier,lcp,
7ea3229e17696d2d64f9d0c4a0596b15d8cc81b9,base,home,4,8,1358.562,62.5,0.0008,125.47,35.779,472,outlier,lcp,
7ea3229e17696d2d64f9d0c4a0596b15d8cc81b9,head,home,0,1,1175.3556,104,0.0008,129.607,24.661,469,ok,,
7ea3229e17696d2d64f9d0c4a0596b15d8cc81b9,head,home,1,2,1123.8775,89.0,0.0008,133.522,55.251,455,ok,,
7ea3229e17696d2d64f9d0c4a0596b15d8cc81b9,head,home,2,5,1410.829,135,0.0008,95.018,20.696,520,outlier,lcp,
7ea3229e17696d2d64f9d0c4a0596b15d8cc81b9,head,home,3,6,1133.3285,124.0,0.0008,117.206,41.803,455,ok,,
7ea3229e17696d2d64f9d0c4a0596b15d8cc81b9,head,home,4,9,1392.7185,123,0.0008,109.502,50.113,492,ok,,
b0404b10b6d775d4a0bc48072947f95e5753e117,base,home,0,0,1183.0045,96,0.0008,123.682,42.569,469,ok,,
b0404b10b6d775d4a0bc48072947f95e5753e117,base,home,1,3,1166.468,91.0,0.0008,118.457,25.68,437,ok,,
b0404b10b6d775d4a0bc48072947f95e5753e117,base,home,2,4,1173.9905,125.0,0.0008,120.544,37.903,475,ok,,
b0404b10b6d775d4a0bc48072947f95e5753e117,base,home,3,7,1183.1456,129,0.0009,126.469,76.005,478,ok,,
b0404b10b6d775d4a0bc48072947f95e5753e117,base,home,4,8,1300.8936,105,0.0008,124.774,85.074,470,outlier,lcp,
b0404b10b6d775d4a0bc48072947f95e5753e117,head,home,0,1,1178.9377,110,0.0008,97.247,34.253,472,ok,,
b0404b10b6d775d4a0bc48072947f95e5753e117,head,home,1,2,1168.9768,97.0,0.0008,119.19,45.49,453,ok,,
b0404b10b6d775d4a0bc48072947f95e5753e117,head,home,2,5,1171.6435,99.0,0.0008,109.46,45.551,455,ok,,
b0404b10b6d775d4a0bc48072947f95e5753e117,head,home,3,6,1406.8259,136.0,0.0008,138.693,33.308,525,outlier,lcp;tbt,
b0404b10b6d775d4a0bc48072947f95e5753e117,head,home,4,9,1453.7644,101,0.0008,98.562,9.229,471,outlier,lcp,
0b3a5e7cc4d6ba5bcc5105f694a59f721ee06fc5,base,home,0,0,1166.39,94.0,0.0008,138.955,31.878,454,ok,,
0b3a5e7cc4d6ba5bcc5105f694a59f721ee06fc5,base,home,1,3,1181.2494,94,0.0012,136.941,50.972,458,ok,,
0b3a5e7cc4d6ba5bcc5105f694a59f721ee06fc5,base,home,2,4,1141.443,95,0.0008,148.656,82.103,471,ok,,
0b3a5e7cc4d6ba5bcc5105f694a59f721ee06fc5,base,home,3,7,1355.9878,90.0,0.0008,103.19,27.933,455,ok,,
0b3a5e7cc4d6ba5bcc5105f694a59f721ee06fc5,base,home,4,8,1330.8041,97,0.0008,149.154,71.18,453,ok,,
0b3a5e7cc4d6ba5bcc5105f694a59f721ee06fc5,head,home,0,1,1180.1906,106,0.0008,119.666,32.94,471,ok,,
0b3a5e7cc4d6ba5bcc5105f694a59f721ee06fc5,head,home,1,2,1177.7454,103,0.0008,138.147,33.445,471,ok,,
0b3a5e7cc4d6ba5bcc5105f694a59f721ee06fc5,head,home,2,5,1170.6743,114.0,0.0011,138.289,69.066,472,ok,,
0b3a5e7cc4d6ba5bcc5105f694a59f721ee06fc5,head,home,3,6,1341.6959,103.0,0.0008,109.511,40.003,474,outlier,lcp,
0b3a5e7cc4d6ba5bcc5105f694a59f721ee06fc5,head,home,4,9,1200.8677,98.0,0.0008,122.376,43.401,472,ok,,
2874f9e48c3bf9e7c4a46015b4bb65b177f18b13,base,home,0,0,1216.2824,115.0,0.0008,151.744,54.684,452,ok,,
2874f9e48c3bf9e7c4a46015b4bb65b177f18b13,base,home,1,3,1187.8554,122,0.0008,156.635,75.306,473,ok,,
2874f9e48c3bf9e7c4a46015b4bb65b177f18b13,base,home,2,4,1427.9454,120.5,0.0008,143.24,69.71,507,outlier,lcp,
2874f9e48c3bf9e7c4a46015b4bb65b177f18b13,base,home,3,7,1182.859,136,0.0009,121.243,80.511,477,ok,,
2874f9e48c3bf9e7c4a46015b4bb65b177f18b13,base,home,4,8,1156.7832,106,0.001,125.917,77.391,492,ok,,
2874f9e48c3bf9e7c4a46015b4bb65b177f18b13,base,home,5,11,1131.1687,96,0.0008,119.726,60.526,471,ok,,
2874f9e48c3bf9e7c4a46015b4bb65b177f18b13,base,home,6,12,1142.3553,97.0,0.0008,122.097,41.716,474,ok,,
2874f9e48c3bf9e7c4a46015b4bb65b177f18b13,base,home,7,15,1187.6581,105,0.0008,135.448,43.783,455,ok,,
2874f9e48c3bf9e7c4a46015b4bb65b177f18b13,base,home,8,16,1164.792,111,0.0008,102.776,42.396,453,ok,,
2874f9e48c3bf9e7c4a46015b4bb65b177f18b13,base,home,9,19,1186.3193,108,0.0008,139.863,46.26,470,ok,,
2874f9e48c3bf9e7c4a46015b4bb65b177f18b13,base,home,10,20,1127.7319,113,0.0008,134.1,57.266,451,ok,,
2874f9e48c3bf9e7c4a46015b4bb65b177f18b13,base,home,11,23,1354.6046,108,0.0008,122.024,35.27,489,outlier,lcp,
2874f9e48c3bf9e7c4a46015b4bb65b177f18b13,base,home,12,24,1176.4938,131,0.0008,109.363,43,452,ok,,
2874f9e48c3bf9e7c4a46015b4bb65b177f18b13,base,home,13,27,1190.9479,98,0.0008,139.383,54.3,470,ok,,
2874f9e48c3bf9e7c4a46015b4bb65b177f18b13,base,home,14,28,1216.8186,111.0,0.0008,94.021,36.314,472,ok,,
2874f9e48c3bf9e7c4a46015b4bb65b177f18b13,head,home,0,1,1139.7619,95,0.0008,118.092,49.068,456,ok,,
2874f9e48c3bf9e7c4a46015b4bb65b177f18b13,head,home,1,2,1165.2646,91.0,0.0008,122.514,55.16,455,ok,,
2874f9e48c3bf9e7c4a46015b4bb65b177f18b13,head,home,2,5,1377.4726,111,0.0008,95.328,22.089,471,outlier,lcp;inp,
2874f9e48c3bf9e7c4a46015b4bb65b177f18b13,head,home,3,6,1349.7545,96,0.0008,96.17,54.729,454,outlier,lcp;inp,
2874f9e48c3bf9e7c4a46015b4bb65b177f18b13,head,home,4,9,1128.2803,93,0.0008,125.695,38.93,452,ok,,
2874f9e48c3bf9e7c4a46015b4bb65b177f18b13,head,home,5,10,1190.6989,99,0.0008,125.304,78.283,455,ok,,
2874f9e48c3bf9e7c4a46015b4bb65b177f18b13,head,home,6,13,1204.847,91.0,0.0008,138.693,13.679,473,ok,,
2874f9e48c3bf9e7c4a46015b4bb65b177f18b13,head,home,7,14,1192.4701,106,0.0008,126.156,45.753,471,ok,,
2874f9e48c3bf9e7c4a46015b4bb65b177f18b13,head,home,8,17,1175.252,89.0,0.0008,123.161,55.144,454,ok,,
2874f9e48c3bf9e7c4a46015b4bb65b177f18b13,head,home,9,18,1183.7191,118,0.0008,123.489,36.33,471,ok,,
2874f9e48c3bf9e7c4a46015b4bb65b177f18b13,head,home,10,21,1190.8613,95,0.0008,122.761,59.706,474,ok,,
2874f9e48c3bf9e7c4a46015b4bb65b177f18b13,head,home,11,22,1183.6557,100,0.0008,144.641,61.063,472,outlier,inp,
2874f9e48c3bf9e7c4a46015b4bb65b177f18b13,head,home,12,25,1199.5435,127,0.0008,121.327,35.397,468,outlier,tbt,
2874f9e48c3bf9e7c4a46015b4bb65b177f18b13,head,home,13,26,1140.019,93.0,0.0008,103.439,41.861,451,ok,,
2874f9e48c3bf9e7c4a46015b4bb65b177f18b13,head,home,14,29,1167.3295,94.0,0.0008,149.47,44.653,470,outlier,inp,
cae9d2bcbd3e6c70c579a52574d91ea8898a80bb,base,home,0,0,1186.6475,131,0.0008,139.23,13.906,470,outlier,tbt,
cae9d2bcbd3e6c70c579a52574d91ea8898a80bb,base,home,1,3,1166.2386,88.5,0.0008,140.465,46.742,452,ok,,
cae9d2bcbd3e6c70c579a52574d91ea8898a80bb,base,home,2,4,1134.1284,95.0,0.0008,124.044,40.245,471,ok,,
cae9d2bcbd3e6c70c579a52574d91ea8898a80bb,base,home,3,7,1124.4954,88.0,0.0008,126.127,22.275,454,ok,,
cae9d2bcbd3e6c70c579a52574d91ea8898a80bb,base,home,4,8,1167.4615,96,0.0008,147.873,97.661,472,ok,,
cae9d2bcbd3e6c70c579a52574d91ea8898a80bb,head,home,0,1,1169.7427,55.5,0.0008,126.276,74.82,468,outlier,tbt,
cae9d2bcbd3e6c70c579a52574d91ea8898a80bb,head,home,1,2,1168.9833,98.0,0.0008,124.872,53.54,453,ok,,
cae9d2bcbd3e6c70c579a52574d91ea8898a80bb,head,home,2,5,1131.4313,94,0.0008,137.598,40.698,456,ok,,
cae9d2bcbd3e6c70c579a52574d91ea8898a80bb,head,home,3,6,1189.3003,106,0.0008,141.692,42.53,472,ok,,
cae9d2bcbd3e6c70c579a52574d91ea8898a80bb,head,home,4,9,1178.8684,115,0.0008,125.999,56.206,455,ok,,
60b275880da7d1eb7dff3782e8d491188790597a,base,home,0,0,1171.3052,99,0.0008,126.706,55.053,470,ok,,
60b275880da7d1eb7dff3782e8d491188790597a,base,home,1,3,1132.2084,122,0.0008,125.402,37.785,452,ok,,
60b275880da7d1eb7dff3782e8d491188790597a,base,home,2,4,1188.5681,100,0.0008,137.531,38.379,469,ok,,
60b275880da7d1eb7dff3782e8d491188790597a,base,home,3,7,1163.9091,89,0.0009,146.548,89.607,460,ok,,
60b275880da7d1eb7dff3782e8d491188790597a,base,home,4,8,1184.6589,94.0,0.0008,123.391,57.252,472,ok,,
60b275880da7d1eb7dff3782e8d491188790597a,head,home,0,1,1305.2223,127,0.0008,123.194,59.867,470,outlier,lcp,
60b275880da7d1eb7dff3782e8d491188790597a,head,home,1,2,1166.7332,95,0.0008,147.688,59.108,453,ok,,
60b275880da7d1eb7dff3782e8d491188790597a,head,home,2,5,1175.9205,109,0.0008,137.477,11.25,455,outlier,tbtFlow,
60b275880da7d1eb7dff3782e8d491188790597a,head,home,3,6,1168.8224,94,0.0008,156.02,94.611,456,outlier,tbtFlow,
60b275880da7d1eb7dff3782e8d491188790597a,head,home,4,9,1385.0605,120,0.0008,147.419,60.516,489,outlier,lcp,
437595fa652b77df700c7f4e6d4fcd8d9ff42000,base,home,0,0,1171.1909,97,0.0008,124.797,52.464,470,ok,,
437595fa652b77df700c7f4e6d4fcd8d9ff42000,base,home,1,3,1192.181,102,0.0008,120.71,65.943,472,ok,,
437595fa652b77df700c7f4e6d4fcd8d9ff42000,base,home,2,4,1187.3495,112,0.0008,119.572,41.45,470,ok,,
437595fa652b77df700c7f4e6d4fcd8d9ff42000,base,home,3,7,1166.6804,93,0.0008,138.684,38.391,451,ok,,
437595fa652b77df700c7f4e6d4fcd8d9ff42000,base,home,4,8,1200.0008,67.0,0.0008,137.699,17.535,452,ok,,
437595fa652b77df700c7f4e6d4fcd8d9ff42000,head,home,0,1,1352.7266,106.0,0.0008,119,59.183,469,ok,,
437595fa652b77df700c7f4e6d4fcd8d9ff42000,head,home,1,2,1130.1218,94.0,0.0008,125.103,49.881,455,ok,,
437595fa652b77df700c7f4e6d4fcd8d9ff42000,head,home,2,5,1186.0294,92.0,0.0008,151.452,67.401,439,ok,,
437595fa652b77df700c7f4e6d4fcd8d9ff42000,head,home,3,6,1127.822,94.0,0.0008,110.894,32.727,451,ok,,
437595fa652b77df700c7f4e6d4fcd8d9ff42000,head,home,4,9,1198.11,113,0.0008,135.665,24.326,456,ok,,
d1cff91b75d48450430ec1260c498791c066b31f,base,home,0,0,1179.706,91,0.0008,119.805,53.486,455,ok,,
d1cff91b75d48450430ec1260c498791c066b31f,base,home,1,3,1186.2987,114.0,0.0008,130.421,41.491,468,ok,,
d1cff91b75d48450430ec1260c498791c066b31f,base,home,2,4,1178.7365,107,0.0008,126.162,40.311,475,ok,,
d1cff91b75d48450430ec1260c498791c066b31f,base,home,3,7,1218.6246,104,0.0008,93.046,8.853,471,outlier,inp,
d1cff91b75d48450430ec1260c498791c066b31f,base,home,4,8,1170.0494,99,0.0008,123.642,48.961,471,ok,,
d1cff91b75d48450430ec1260c498791c066b31f,base,home,5,11,1302.6653,91,0.0008,150.853,43.09,471,outlier,lcp;inp,
d1cff91b75d48450430ec1260c498791c066b31f,base,home,6,12,1291.2239,58.5,0.0008,149.115,60.458,471,outlier,lcp;tbt;inp,
d1cff91b75d48450430ec1260c498791c066b31f,base,home,7,15,1197.2871,112,0.0008,127.445,41.607,456,ok,,
d1cff91b75d48450430ec1260c498791c066b31f,base,home,8,16,1180.138,106,0.0008,122.105,41.832,488,ok,,
d1cff91b75d48450430ec1260c498791c066b31f,base,home,9,19,1174.6196,100,0.0009,119.389,63.867,454,ok,,
d1cff91b75d48450430ec1260c498791c066b31f,base,home,10,20,1165.1767,90.0,0.0008,125.767,35.418,454,ok,,
d1cff91b75d48450430ec1260c498791c066b31f,base,home,11,23,1185.5594,66.0,0.0008,127.077,52.93,474,ok,,
d1cff91b75d48450430ec1260c498791c066b31f,base,home,12,24,1327.2316,74,0.0008,138.419,29.591,453,outlier,lcp,
d1cff91b75d48450430ec1260c498791c066b31f,base,home,13,27,1292.5534,96,0.0008,124.052,27.352,454,outlier,lcp,
d1cff91b75d48450430ec1260c498791c066b31f,base,home,14,28,1206.3492,123,0.0008,135.374,56.224,473,ok,,
d1cff91b75d48450430ec1260c498791c066b31f,head,home,0,1,1179.4466,108,0.0008,152.601,92.609,470,ok,,
d1cff91b75d48450430ec1260c498791c066b31f,head,home,1,2,1186.9248,100,0.0008,151.715,66.348,488,ok,,
d1cff91b75d48450430ec1260c498791c066b31f,head,home,2,5,1183.0645,96.0,0.0008,147.592,82.913,473,ok,,
d1cff91b75d48450430ec1260c498791c066b31f,head,home,3,6,1172.0361,97.0,0.0008,126.44,62.995,468,ok,,
d1cff91b75d48450430ec1260c498791c066b31f,head,home,4,9,1186.8389,102,0.0008,135.187,38.822,456,ok,,
d1cff91b75d48450430ec1260c498791c066b31f,head,home,5,10,1188.8409,105.0,0.0011,119.986,45.695,472,ok,,
d1cff91b75d48450430ec1260c498791c066b31f,head,home,6,13,1137.7256,94.0,0.0008,139.739,49.119,450,ok,,
d1cff91b75d48450430ec1260c498791c066b31f,head,home,7,14,1310.2632,106.0,0.0008,137.265,64.07,490,outlier,lcp,
d1cff91b75d48450430ec1260c498791c066b31f,head,home,8,17,1169.0045,99.0,0.0008,117.003,56.33,451,ok,,
d1cff91b75d48450430ec1260c498791c066b31f,head,home,9,18,1209.7267,74,0.0008,94.034,25.503,472,ok,,
d1cff91b75d48450430ec1260c498791c066b31f,head,home,10,21,1353.6986,103,0.0008,148.513,49.375,471,outlier,lcp,
d1cff91b75d48450430ec1260c498791c066b31f,head,home,11,22,1169.9539,92.0,0.0008,109.143,17.865,471,ok,,
d1cff91b75d48450430ec1260c498791c066b31f,head,home,12,25,1176.7344,109.0,0.0008,124.548,42.929,455,ok,,
d1cff91b75d48450430ec1260c498791c066b31f,head,home,13,26,1282.6845,110.0,0.0008,142.583,69.846,471,outlier,lcp,
d1cff91b75d48450430ec1260c498791c066b31f,head,home,14,29,1180.3447,104.0,0.0008,124.032,59.694,472,ok,,
47c254216b45b42e48a20de693ffc3ab15cff86f,base,home,0,0,1170.035,97,0.0008,147.765,61.135,469,ok,,
47c254216b45b42e48a20de693ffc3ab15cff86f,base,home,1,3,1227.1319,125,0.0008,135.985,52.435,488,ok,,
47c254216b45b42e48a20de693ffc3ab15cff86f,base,home,2,4,1187.4244,95.5,0.0008,120.357,51.564,451,ok,,
47c254216b45b42e48a20de693ffc3ab15cff86f,base,home,3,7,1133.9909,105,0.0008,135.912,52.285,455,ok,,
47c254216b45b42e48a20de693ffc3ab15cff86f,base,home,4,8,1144.0379,142,0.0008,135.877,59.715,467,ok,,
47c254216b45b42e48a20de693ffc3ab15cff86f,head,home,0,1,1178.8019,104,0.0008,126.972,24.564,471,outlier,lcp,
47c254216b45b42e48a20de693ffc3ab15cff86f,head,home,1,2,1318.5482,113,0.0008,124.831,51.088,472,ok,,
47c254216b45b42e48a20de693ffc3ab15cff86f,head,home,2,5,1128.811,94,0.0008,155.539,80.1,472,outlier,lcp;inp,
47c254216b45b42e48a20de693ffc3ab15cff86f,head,home,3,6,1346.6654,114,0.0011,95.494,24.743,473,outlier,inp,
47c254216b45b42e48a20de693ffc3ab15cff86f,head,home,4,9,1338.97,127,0.0011,122.21,49.177,469,ok,,
c1dbbdf678c71b93f491ce344cc7ba773f654585,base,home,0,0,1171.1935,100,0.0008,144.305,71.016,472,outlier,tbtFlow,
c1dbbdf678c71b93f491ce344cc7ba773f654585,base,home,1,3,1199.341,95.0,0.0008,125.752,19.567,454,ok,,
c1dbbdf678c71b93f491ce344cc7ba773f654585,base,home,2,4,1142.449,112.0,0.0008,133.403,38.863,472,ok,,
c1dbbdf678c71b93f491ce344cc7ba773f654585,base,home,3,7,1173.8944,99,0.0008,94.46,22.299,470,ok,,
c1dbbdf678c71b93f491ce344cc7ba773f654585,base,home,4,8,1202.0939,99.0,0.0008,119.745,19.392,467,ok,,
c1dbbdf678c71b93f491ce344cc7ba773f654585,head,home,0,1,1140.1064,93.0,0.0008,138.014,41.978,456,ok,,
c1dbbdf678c71b93f491ce344cc7ba773f654585,head,home,1,2,1201.3216,93,0.0008,137.599,55.559,471,ok,,
c1dbbdf678c71b93f491ce344cc7ba773f654585,head,home,2,5,1170.424,116,0.0008,120.002,49.87,454,ok,,
c1dbbdf678c71b93f491ce344cc7ba773f654585,head,home,3,6,1201.4944,94,0.0008,123.362,60.388,468,ok,,
c1dbbdf678c71b93f491ce344cc7ba773f654585,head,home,4,9,1167.6258,95,0.0008,118.857,41.75,454,ok,,
499e9d64a58b5641eb1d41678d922ea3010800ce,base,home,0,0,1189.052,105.0,0.0008,119.182,50.964,470,ok,,
499e9d64a58b5641eb1d41678d922ea3010800ce,base,home,1,3,1189.9165,110,0.0008,148.732,48.764,472,ok,,
499e9d64a58b5641eb1d41678d922ea3010800ce,base,home,2,4,1192.9069,100.0,0.0008,150.94,59.186,474,ok,,
499e9d64a58b5641eb1d41678d922ea3010800ce,base,home,3,7,1178.9731,110,0.0008,94.983,20.642,472,ok,,
499e9d64a58b5641eb1d41678d922ea3010800ce,base,home,4,8,1204.1924,130.0,0.0008,126.907,19.73,471,ok,,
499e9d64a58b5641eb1d41678d922ea3010800ce,head,home,0,1,1165.4274,111,0.0008,124.704,55.402,454,ok,,
499e9d64a58b5641eb1d41678d922ea3010800ce,head,home,1,2,1168.6989,98,0.0008,123.649,23.073,469,ok,,
499e9d64a58b5641eb1d41678d922ea3010800ce,head,home,2,5,1165.4229,94,0.0008,123.349,32.022,454,ok,,
499e9d64a58b5641eb1d41678d922ea3010800ce,head,home,3,6,1186.2252,113,0.0008,111.194,30.38,470,ok,,
499e9d64a58b5641eb1d41678d922ea3010800ce,head,home,4,9,1289.0909,74,0.0008,125.516,51.204,465,outlier,lcp,
a0e93b60402f543ffb5c845dafd29d95d2f0ffc6,base,home,0,0,1187.9515,74,0.0008,142.483,95.573,472,outlier,tbtFlow,
a0e93b60402f543ffb5c845dafd29d95d2f0ffc6,base,home,1,3,1295.8631,131,0.0008,139.137,40.841,471,ok,,
a0e93b60402f543ffb5c845dafd29d95d2f0ffc6,base,home,2,4,1262.4686,110,0.0008,125.688,45.032,493,ok,,
a0e93b60402f543ffb5c845dafd29d95d2f0ffc6,base,home,3,7,1301.4198,109,0.0008,136.927,53.857,471,ok,,
a0e93b60402f543ffb5c845dafd29d95d2f0ffc6,base,home,4,8,1153.2304,132,0.0008,135.529,57.008,493,ok,,
a0e93b60402f543ffb5c845dafd29d95d2f0ffc6,head,home,0,1,1206.0669,121,0.0008,120.217,51.614,471,ok,,
a0e93b60402f543ffb5c845dafd29d95d2f0ffc6,head,home,1,2,1171.0449,98.0,0.0008,149.41,62.89,470,ok,,
a0e93b60402f543ffb5c845dafd29d95d2f0ffc6,head,home,2,5,1169.529,98,0.0008,125.662,49.752,455,ok,,
a0e93b60402f543ffb5c845dafd29d95d2f0ffc6,head,home,3,6,1171.3314,99,0.0008,136.222,47.22,453,ok,,
a0e93b60402f543ffb5c845dafd29d95d2f0ffc6,head,home,4,9,1205.8786,102,0.0008,95.404,34.084,473,ok,,
757dfeb6ad64c2c58db8ce356a54e3f440e433c4,base,home,0,0,1174.2131,101,0.0008,126.979,44.093,468,ok,,
757dfeb6ad64c2c58db8ce356a54e3f440e433c4,base,home,1,3,1346.1013,96.0,0.0008,119.288,46.586,471,ok,,
757dfeb6ad64c2c58db8ce356a54e3f440e433c4,base,home,2,4,1177.0771,122.0,0.0008,136.6,30.646,457,ok,,
757dfeb6ad64c2c58db8ce356a54e3f440e433c4,base,home,3,7,1302.3071,113,0.0008,117.701,60.402,487,ok,,
757dfeb6ad64c2c58db8ce356a54e3f440e433c4,base,home,4,8,1128.9674,95,0.0008,125.258,40.351,457,ok,,
757dfeb6ad64c2c58db8ce356a54e3f440e433c4,head,home,0,1,1390.41,119,0.0008,121.597,40.57,473,ok,,
757dfeb6ad64c2c58db8ce356a54e3f440e433c4,head,home,1,2,1171.1666,104,0.0008,138.039,40.976,472,ok,,
757dfeb6ad64c2c58db8ce356a54e3f440e433c4,head,home,2,5,1163.7024,85,0.0008,111.154,13.88,436,ok,,
757dfeb6ad64c2c58db8ce356a54e3f440e433c4,head,home,3,6,1298.4923,79.0,0.0008,130.536,63.995,451,ok,,
757dfeb6ad64c2c58db8ce356a54e3f440e433c4,head,home,4,9,1326.1813,111,0.0008,135.447,33.507,456,ok,,
3d8c12fba475bad8ebee4c238466c59f08a5458c,base,home,0,0,1281.0476,131,0.0008,125.538,53.027,537,outlier,lcp;tbt;lcpObs,
3d8c12fba475bad8ebee4c238466c59f08a5458c,base,home,1,3,1209.88,58,0.0008,123.689,39.273,472,outlier,tbt,
3d8c12fba475bad8ebee4c238466c59f08a5458c,base,home,2,4,1192.6901,101,0.0008,122.881,45.095,473,ok,,
3d8c12fba475bad8ebee4c238466c59f08a5458c,base,home,3,7,1180.5372,97,0.0011,133.787,58.004,472,ok,,
3d8c12fba475bad8ebee4c238466c59f08a5458c,base,home,4,8,1190.0629,93.0,0.0008,126.929,44.001,473,ok,,
3d8c12fba475bad8ebee4c238466c59f08a5458c,head,home,0,1,1148.597,118.0,0.0008,145.869,65.952,472,ok,,
3d8c12fba475bad8ebee4c238466c59f08a5458c,head,home,1,2,1170.753,119,0.0008,145.919,55.392,452,ok,,
3d8c12fba475bad8ebee4c238466c59f08a5458c,head,home,2,5,1191.4951,67.5,0.0008,94.88,28.008,471,outlier,tbt,
3d8c12fba475bad8ebee4c238466c59f08a5458c,head,home,3,6,1395.9095,113,0.0011,95.467,32.409,492,outlier,lcp,
3d8c12fba475bad8ebee4c238466c59f08a5458c,head,home,4,9,1130.628,94,0.0008,111.423,35.817,438,ok,,
fa1f7d9f2258375214b02a442b130185a5a1540c,base,home,0,0,1267.7861,108,0.0008,139,35.581,474,ok,,
fa1f7d9f2258375214b02a442b130185a5a1540c,base,home,1,3,1173.0079,103.0,0.0008,95.48,32.646,469,ok,,
fa1f7d9f2258375214b02a442b130185a5a1540c,base,home,2,4,1300.9185,102,0.0008,123.48,39.45,471,ok,,
fa1f7d9f2258375214b02a442b130185a5a1540c,base,home,3,7,1193.4025,112.0,0.0008,127.508,33.754,474,ok,,
fa1f7d9f2258375214b02a442b130185a5a1540c,base,home,4,8,1395.4994,116,0.0008,124.185,46.24,489,ok,,
fa1f7d9f2258375214b02a442b130185a5a1540c,base,home,5,11,1169.4134,117,0.0008,136.888,53.192,452,ok,,
fa1f7d9f2258375214b02a442b130185a5a1540c,base,home,6,12,1130.3837,58.5,0.0008,122.863,25.996,454,outlier,tbt,
fa1f7d9f2258375214b02a442b130185a5a1540c,base,home,7,15,1389.8299,104.0,0.0008,139.861,10.194,489,ok,,
fa1f7d9f2258375214b02a442b130185a5a1540c,base,home,8,16,1435.3269,115.0,0.0008,136.378,54.681,490,ok,,
fa1f7d9f2258375214b02a442b130185a5a1540c,base,home,9,19,1382.6336,105,0.0008,94.718,21.79,489,ok,,
fa1f7d9f2258375214b02a442b130185a5a1540c,base,home,10,20,1316.003,73.0,0.0008,118.388,46.605,471,ok,,
fa1f7d9f2258375214b02a442b130185a5a1540c,base,home,11,23,1291.9138,103,0.0008,124.457,60.102,473,ok,,
fa1f7d9f2258375214b02a442b130185a5a1540c,base,home,12,24,1305.9462,117,0.0008,95.355,20.05,472,ok,,
fa1f7d9f2258375214b02a442b130185a5a1540c,base,home,13,27,1288.8581,73,0.0008,110.185,30.486,471,ok,,
fa1f7d9f2258375214b02a442b130185a5a1540c,base,home,14,28,1394.1634,119,0.0008,94.515,19.643,472,ok,,
fa1f7d9f2258375214b02a442b130185a5a1540c,head,home,0,1,1129.6471,96.0,0.0008,138.453,44.11,472,outlier,lcp,
fa1f7d9f2258375214b02a442b130185a5a1540c,head,home,1,2,1173.9275,100,0.0008,108.977,34.429,454,ok,,
fa1f7d9f2258375214b02a442b130185a5a1540c,head,home,2,5,1180.3612,93.0,0.0008,124.497,63.099,456,ok,,
fa1f7d9f2258375214b02a442b130185a5a1540c,head,home,3,6,1186.5125,99,0.0008,110.471,34.237,472,ok,,
fa1f7d9f2258375214b02a442b130185a5a1540c,head,home,4,9,1170.8135,94,0.0008,125.217,55.334,457,ok,,
fa1f7d9f2258375214b02a442b130185a5a1540c,head,home,5,10,1180.4583,96.0,0.001,124.672,98.25,459,outlier,tbtFlow,
fa1f7d9f2258375214b02a442b130185a5a1540c,head,home,6,13,1196.4578,114.0,0.0008,120.404,41.014,455,ok,,
fa1f7d9f2258375214b02a442b130185a5a1540c,head,home,7,14,1199.2136,108,0.0008,124.976,77.926,474,ok,,
fa1f7d9f2258375214b02a442b130185a5a1540c,head,home,8,17,1138.7079,126.0,0.0011,124.978,35.292,503,ok,,
fa1f7d9f2258375214b02a442b130185a5a1540c,head,home,9,18,1189.4685,96,0.0008,121.344,51.682,454,ok,,
fa1f7d9f2258375214b02a442b130185a5a1540c,head,home,10,21,1289.1724,101,0.0008,139.874,14.163,470,outlier,lcp,
fa1f7d9f2258375214b02a442b130185a5a1540c,head,home,11,22,1196.9684,94.0,0.0008,137.887,44.512,453,ok,,
fa1f7d9f2258375214b02a442b130185a5a1540c,head,home,12,25,1298.7975,108,0.0008,118.729,54.255,470,outlier,lcp,
fa1f7d9f2258375214b02a442b130185a5a1540c,head,home,13,26,1200.7577,109,0.0008,126.497,16.099,471,ok,,
fa1f7d9f2258375214b02a442b130185a5a1540c,head,home,14,29,1266.7619,116,0.0008,109.508,62.33,473,outlier,lcp,
21dd1cfacc6beb5d259fdda5c50582a1d9b29894,base,home,0,0,1174.5795,103,0.0008,144.133,25.145,473,ok,,
21dd1cfacc6beb5d259fdda5c50582a1d9b29894,base,home,1,3,1165.4404,112,0.0008,135.628,38.488,453,ok,,
21dd1cfacc6beb5d259fdda5c50582a1d9b29894,base,home,2,4,1303.4674,97,0.0008,124.871,65.584,470,outlier,lcp,
21dd1cfacc6beb5d259fdda5c50582a1d9b29894,base,home,3,7,1175.0117,102.0,0.0008,139.961,36.829,474,ok,,
21dd1cfacc6beb5d259fdda5c50582a1d9b29894,base,home,4,8,1183.9506,95,0.0008,124.977,35.505,472,ok,,
21dd1cfacc6beb5d259fdda5c50582a1d9b29894,head,home,0,1,1176.6205,91.0,0.0008,141.421,57.194,453,ok,,
21dd1cfacc6beb5d259fdda5c50582a1d9b29894,head,home,1,2,1165.4893,92.0,0.0008,150.732,63.219,470,ok,,
21dd1cfacc6beb5d259fdda5c50582a1d9b29894,head,home,2,5,1189.2323,100,0.0008,124.928,56.882,471,ok,,
21dd1cfacc6beb5d259fdda5c50582a1d9b29894,head,home,3,6,1185.9262,124,0.0008,127.032,51.09,469,ok,,
21dd1cfacc6beb5d259fdda5c50582a1d9b29894,head,home,4,9,1178.0391,94,0.0008,118.254,44.115,454,ok,,
e73a5b0116019a057a1dfa4b534e3e87784c6554,base,home,0,0,1247.1985,94,0.0008,137.687,50.641,455,ok,,
e73a5b0116019a057a1dfa4b534e3e87784c6554,base,home,1,3,1165.61,92.0,0.0008,111.517,38.997,471,ok,,
e73a5b0116019a057a1dfa4b534e3e87784c6554,base,home,2,4,1334.6921,92,0.0008,110.705,42.373,470,ok,,
e73a5b0116019a057a1dfa4b534e3e87784c6554,base,home,3,7,1260.0586,104,0.0008,94.673,33.415,474,outlier,inp,
e73a5b0116019a057a1dfa4b534e3e87784c6554,base,home,4,8,1407.5056,127,0.0008,125.526,61.422,506,ok,,
e73a5b0116019a057a1dfa4b534e3e87784c6554,base,home,5,11,1338.3291,92,0.0008,125.367,55.958,469,ok,,
e73a5b0116019a057a1dfa4b534e3e87784c6554,base,home,6,12,1418.3155,189,0.0008,110.131,29.699,542,outlier,tbt;lcpObs,
e73a5b0116019a057a1dfa4b534e3e87784c6554,base,home,7,15,1436.156,113.0,0.0008,115.358,37.745,506,ok,,
e73a5b0116019a057a1dfa4b534e3e87784c6554,base,home,8,16,1163.7468,90.0,0.0008,126.461,40.269,435,ok,,
e73a5b0116019a057a1dfa4b534e3e87784c6554,base,home,9,19,1171.3634,89,0.0008,133.978,37.544,455,ok,,
e73a5b0116019a057a1dfa4b534e3e87784c6554,base,home,10,20,1181.0377,131,0.0008,126.372,39.793,457,ok,,
e73a5b0116019a057a1dfa4b534e3e87784c6554,base,home,11,23,1136.6318,112.0,0.0008,126.432,53.997,455,ok,,
e73a5b0116019a057a1dfa4b534e3e87784c6554,base,home,12,24,1226.2977,98,0.0008,121.989,37.151,468,ok,,
e73a5b0116019a057a1dfa4b534e3e87784c6554,base,home,13,27,1171.5271,120,0.0009,122.556,100.362,477,outlier,tbtFlow,
e73a5b0116019a057a1dfa4b534e3e87784c6554,base,home,14,28,1381.5144,89.0,0.0008,126.384,68.49,520,ok,,
e73a5b0116019a057a1dfa4b534e3e87784c6554,head,home,0,1,1168.1196,95.0,0.0008,119.461,52.975,452,ok,,
e73a5b0116019a057a1dfa4b534e3e87784c6554,head,home,1,2,1145.0717,92,0.0008,126.525,58.023,455,ok,,
e73a5b0116019a057a1dfa4b534e3e87784c6554,head,home,2,5,1163.9053,92,0.0011,136.636,52.218,456,ok,,
e73a5b0116019a057a1dfa4b534e3e87784c6554,head,home,3,6,1175.7844,92.0,0.001,136.482,50.622,477,ok,,
e73a5b0116019a057a1dfa4b534e3e87784c6554,head,home,4,9,1175.2414,112,0.0008,117.37,43.921,455,ok,,
e73a5b0116019a057a1dfa4b534e3e87784c6554,head,home,5,10,1161.1841,116,0.0008,124.131,43.761,456,ok,,
e73a5b0116019a057a1dfa4b534e3e87784c6554,head,home,6,13,1140.3072,116,0.0008,124.726,46.003,472,ok,,
e73a5b0116019a057a1dfa4b534e3e87784c6554,head,home,7,14,1162.3752,91,0.0008,120.892,60.633,455,ok,,
e73a5b0116019a057a1dfa4b534e3e87784c6554,head,home,8,17,1167.7843,95,0.0008,127.205,58.947,452,ok,,
e73a5b0116019a057a1dfa4b534e3e87784c6554,head,home,9,18,1346.1246,104,0.0008,119.864,14.476,471,outlier,lcp;tbtFlow,
e73a5b0116019a057a1dfa4b534e3e87784c6554,head,home,10,21,1112.1149,103,0.0008,140.196,44.737,457,ok,,
e73a5b0116019a057a1dfa4b534e3e87784c6554,head,home,11,22,1148.2494,97,0.0008,135.463,51.529,473,ok,,
e73a5b0116019a057a1dfa4b534e3e87784c6554,head,home,12,25,1166.6569,97,0.0008,127.503,51.825,453,ok,,
e73a5b0116019a057a1dfa4b534e3e87784c6554,head,home,13,26,1302.2369,100.0,0.0008,126.985,33.914,469,outlier,lcp,
e73a5b0116019a057a1dfa4b534e3e87784c6554,head,home,14,29,1170.7646,101.0,0.0011,137.602,9.028,470,outlier,tbtFlow,
92d25446d62296338d2bba053b90330e4a1fb8be,base,home,0,0,1149.1833,103.0,0.0008,138.951,38.776,471,ok,,
92d25446d62296338d2bba053b90330e4a1fb8be,base,home,1,3,1167.8324,76,0.0008,126.081,62.681,471,ok,,
92d25446d62296338d2bba053b90330e4a1fb8be,base,home,2,4,1125.1006,113,0.0008,141.526,12.901,454,ok,,
92d25446d62296338d2bba053b90330e4a1fb8be,base,home,3,7,1325.3292,96.0,0.0008,111.197,42.747,470,ok,,
92d25446d62296338d2bba053b90330e4a1fb8be,base,home,4,8,1215.4555,163,0.0008,147.027,55.959,508,outlier,tbt,
92d25446d62296338d2bba053b90330e4a1fb8be,head,home,0,1,1129.2716,123,0.0011,127.738,42.07,454,ok,,
92d25446d62296338d2bba053b90330e4a1fb8be,head,home,1,2,1165.7236,113,0.0008,92.747,48.341,453,outlier,inp,
92d25446d62296338d2bba053b90330e4a1fb8be,head,home,2,5,1170.5661,99.0,0.0008,127.178,56.139,471,ok,,
92d25446d62296338d2bba053b90330e4a1fb8be,head,home,3,6,1301.9539,79,0.0008,121.8,54.887,472,ok,,
92d25446d62296338d2bba053b90330e4a1fb8be,head,home,4,9,1334.2671,107,0.0008,127.488,44.463,456,ok,,
816c81c12e41537373193140c1858fc10a871dae,base,home,0,0,1162.9449,92,0.0008,136.344,47.959,452,outlier,lcp,
816c81c12e41537373193140c1858fc10a871dae,base,home,1,3,1285.7965,94,0.0008,134.639,61.966,475,ok,,
816c81c12e41537373193140c1858fc10a871dae,base,home,2,4,1363.3414,111,0.0008,121.952,34.086,489,ok,,
816c81c12e41537373193140c1858fc10a871dae,base,home,3,7,1303.4697,93,0.0008,93.574,17.446,453,outlier,inp,
816c81c12e41537373193140c1858fc10a871dae,base,home,4,8,1266.8465,105,0.0008,136.041,13.132,471,ok,,
816c81c12e41537373193140c1858fc10a871dae,head,home,0,1,1163.9884,90.0,0.0008,93.875,43.09,451,ok,,
816c81c12e41537373193140c1858fc10a871dae,head,home,1,2,1161.8367,112.0,0.0009,134.568,84.958,459,ok,,
816c81c12e41537373193140c1858fc10a871dae,head,home,2,5,1327.5871,79.0,0.0008,110.05,28.532,455,ok,,
816c81c12e41537373193140c1858fc10a871dae,head,home,3,6,1400.8928,150.5,0.0008,148.263,58.159,488,outlier,tbt,
816c81c12e41537373193140c1858fc10a871dae,head,home,4,9,1404.2074,90.0,0.0008,124.587,51.338,471,ok,,
b4ce7c713b8874ab328a4711af3a83d131bebcaf,base,home,0,0,1164.072,90,0.0008,149.404,57.453,454,ok,,
b4ce7c713b8874ab328a4711af3a83d131bebcaf,base,home,1,3,1131.7524,105.0,0.0008,118.81,42.211,470,ok,,
b4ce7c713b8874ab328a4711af3a83d131bebcaf,base,home,2,4,1169.6568,97.0,0.0008,126.462,62.231,455,ok,,
b4ce7c713b8874ab328a4711af3a83d131bebcaf,base,home,3,7,1285.2013,96,0.0008,112.144,45.285,454,outlier,lcp,
b4ce7c713b8874ab328a4711af3a83d131bebcaf,base,home,4,8,1157.4227,149.5,0.0008,126.442,34.369,475,outlier,tbt,
b4ce7c713b8874ab328a4711af3a83d131bebcaf,head,home,0,1,1139.7967,93,0.0008,127.408,24.497,471,ok,,
b4ce7c713b8874ab328a4711af3a83d131bebcaf,head,home,1,2,1169.5078,95.0,0.0011,123.968,36.844,470,ok,,
b4ce7c713b8874ab328a4711af3a83d131bebcaf,head,home,2,5,1153.9946,107.0,0.0008,125.406,34.028,472,ok,,
b4ce7c713b8874ab328a4711af3a83d131bebcaf,head,home,3,6,1171.1344,99,0.0008,111.081,57.85,472,ok,,
b4ce7c713b8874ab328a4711af3a83d131bebcaf,head,home,4,9,1134.1123,99.0,0.0008,120.865,8.213,474,ok,,
c9ba7f839cc3d9ba1d9c72d2dc6500088b7ff9f3,base,home,0,0,1386.9025,112,0.0008,139.976,10.045,489,ok,,
c9ba7f839cc3d9ba1d9c72d2dc6500088b7ff9f3,base,home,1,3,1130.6982,100,0.0008,124.945,39.754,471,ok,,
c9ba7f839cc3d9ba1d9c72d2dc6500088b7ff9f3,base,home,2,4,1125.2728,74,0.0008,110.446,37.673,474,outlier,tbt,
c9ba7f839cc3d9ba1d9c72d2dc6500088b7ff9f3,base,home,3,7,1378.0812,112,0.0008,125.688,63.131,471,ok,,
c9ba7f839cc3d9ba1d9c72d2dc6500088b7ff9f3,base,home,4,8,1188.2614,109,0.0008,123.166,46.295,457,ok,,
c9ba7f839cc3d9ba1d9c72d2dc6500088b7ff9f3,head,home,0,1,1326.8095,97.0,0.0008,137.255,38.097,455,ok,,
c9ba7f839cc3d9ba1d9c72d2dc6500088b7ff9f3,head,home,1,2,1387.7233,150,0.0008,118.998,77.277,510,outlier,tbt,
c9ba7f839cc3d9ba1d9c72d2dc6500088b7ff9f3,head,home,2,5,1323.3195,92.0,0.0008,114.827,51.576,471,ok,,
c9ba7f839cc3d9ba1d9c72d2dc6500088b7ff9f3,head,home,3,6,1177.0437,110,0.0008,126.038,38.615,473,ok,,
c9ba7f839cc3d9ba1d9c72d2dc6500088b7ff9f3,head,home,4,9,1154.8122,105,0.0008,151.857,55.134,472,ok,,
2b0e4c9623e44b3f2f7d02d532f23128e988cb5d,base,home,0,0,1172.7855,109,0.0008,124.366,46.361,453,ok,,
2b0e4c9623e44b3f2f7d02d532f23128e988cb5d,base,home,1,3,1166.9341,92.0,0.0011,117.89,51.961,473,ok,,
2b0e4c9623e44b3f2f7d02d532f23128e988cb5d,base,home,2,4,1308.573,103,0.0008,104.704,38.092,469,outlier,lcp,
2b0e4c9623e44b3f2f7d02d532f23128e988cb5d,base,home,3,7,1171.4265,98,0.0011,119.734,44.455,467,ok,,
2b0e4c9623e44b3f2f7d02d532f23128e988cb5d,base,home,4,8,1190.8632,103.0,0.0008,111.087,38.308,458,ok,,
2b0e4c9623e44b3f2f7d02d532f23128e988cb5d,head,home,0,1,1168.2489,95,0.0008,140.244,47.694,474,ok,,
2b0e4c9623e44b3f2f7d02d532f23128e988cb5d,head,home,1,2,1137.3395,97.0,0.0011,120.8,39.163,473,ok,,
2b0e4c9623e44b3f2f7d02d532f23128e988cb5d,head,home,2,5,1285.7166,92,0.0008,125.375,36.865,455,outlier,lcp,
2b0e4c9623e44b3f2f7d02d532f23128e988cb5d,head,home,3,6,1168.3447,99.0,0.0008,117.037,39.142,454,ok,,
2b0e4c9623e44b3f2f7d02d532f23128e988cb5d,head,home,4,9,1169.9768,95,0.0008,93.185,40.762,474,outlier,inp,
e8b4620a96b722646e6db9e98efd0ca2a0184767,base,home,0,0,1184.1171,95,0.0011,119.533,21.609,470,ok,,
e8b4620a96b722646e6db9e98efd0ca2a0184767,base,home,1,3,1146.2314,96,0.0009,141.538,28.473,456,ok,,
e8b4620a96b722646e6db9e98efd0ca2a0184767,base,home,2,4,1181.902,112.0,0.0008,120.629,38.002,471,ok,,
e8b4620a96b722646e6db9e98efd0ca2a0184767,base,home,3,7,1178.7048,112.0,0.0008,95.519,36.251,452,ok,,
e8b4620a96b722646e6db9e98efd0ca2a0184767,base,home,4,8,1149.3564,70.5,0.0008,127.51,50.971,471,ok,,
e8b4620a96b722646e6db9e98efd0ca2a0184767,head,home,0,1,1338.3695,95,0.0011,126.517,40.036,472,ok,,
e8b4620a96b722646e6db9e98efd0ca2a0184767,head,home,1,2,1166.3986,97,0.0008,109.467,24.174,470,outlier,lcp,
e8b4620a96b722646e6db9e98efd0ca2a0184767,head,home,2,5,1341.6525,98,0.0008,109.954,37.393,470,ok,,
e8b4620a96b722646e6db9e98efd0ca2a0184767,head,home,3,6,1163.1822,121,0.0008,144.99,58.125,489,outlier,lcp;inp,
e8b4620a96b722646e6db9e98efd0ca2a0184767,head,home,4,9,1326.8735,97,0.0008,109.309,35.47,467,ok,,
81ab857a6fc66254239947524faccf45d5925f69,base,home,0,0,1181.509,131,0.0008,137.128,43.865,475,ok,,
81ab857a6fc66254239947524faccf45d5925f69,base,home,1,3,1151.826,79.0,0.0008,92.72,25.159,459,ok,,
81ab857a6fc66254239947524faccf45d5925f69,base,home,2,4,1149.3931,116,0.0008,125.973,63.031,456,ok,,
81ab857a6fc66254239947524faccf45d5925f69,base,home,3,7,1416.1296,108.0,0.0008,117.122,21.335,472,outlier,lcp,
81ab857a6fc66254239947524faccf45d5925f69,base,home,4,8,1403.6155,92,0.0008,128.932,8.302,472,outlier,lcp,
81ab857a6fc66254239947524faccf45d5925f69,head,home,0,1,1264.465,104.0,0.0008,103.736,22.205,473,ok,,
81ab857a6fc66254239947524faccf45d5925f69,head,home,1,2,1278.8501,113,0.0008,124.735,45.325,471,ok,,
81ab857a6fc66254239947524faccf45d5925f69,head,home,2,5,1189.1355,108.0,0.0008,135.713,11.018,472,ok,,
81ab857a6fc66254239947524faccf45d5925f69,head,home,3,6,1172.0824,102,0.0008,111.031,40.025,469,ok,,
81ab857a6fc66254239947524faccf45d5925f69,head,home,4,9,1328.498,95.0,0.0008,112.635,19.448,472,ok,,
987173b52f8a889984c3ff98450f24b9e65c70fa,base,home,0,0,1416.025,104,0.0008,85.965,28.17,504,outlier,inp,
987173b52f8a889984c3ff98450f24b9e65c70fa,base,home,1,3,1326.2206,93,0.0011,114.898,9.89,473,ok,,
987173b52f8a889984c3ff98450f24b9e65c70fa,base,home,2,4,1177.473,108,0.0008,114.828,7.247,471,ok,,
987173b52f8a889984c3ff98450f24b9e65c70fa,base,home,3,7,1304.1876,104.0,0.0008,113.701,21.408,473,ok,,
987173b52f8a889984c3ff98450f24b9e65c70fa,base,home,4,8,1136.599,94,0.0008,112.041,21.311,476,ok,,
987173b52f8a889984c3ff98450f24b9e65c70fa,head,home,0,1,1160.2615,88,0.0008,108.34,23.632,455,ok,,
987173b52f8a889984c3ff98450f24b9e65c70fa,head,home,1,2,1145.8198,92.0,0.0008,124.306,18.254,456,ok,,
987173b52f8a889984c3ff98450f24b9e65c70fa,head,home,2,5,1165.6309,95,0.0008,130.026,22.883,456,ok,,
987173b52f8a889984c3ff98450f24b9e65c70fa,head,home,3,6,1287.2241,93,0.0008,114.709,8.528,471,outlier,lcp,
987173b52f8a889984c3ff98450f24b9e65c70fa,head,home,4,9,1162.0076,89,0.0011,115.634,21.313,457,ok,,
a9ca16eb42c2fd7f06065be7b5238b40e08bf8d3,base,home,0,0,1289.4866,101.0,0.0008,114.57,25.926,467,ok,,
a9ca16eb42c2fd7f06065be7b5238b40e08bf8d3,base,home,1,3,1331.9784,100.0,0.0008,113.754,21.255,473,ok,,
a9ca16eb42c2fd7f06065be7b5238b40e08bf8d3,base,home,2,4,1337.7164,91,0.0008,112.364,8.11,470,ok,,
a9ca16eb42c2fd7f06065be7b5238b40e08bf8d3,base,home,3,7,1168.4146,114,0.0008,115.148,17.37,457,ok,,
a9ca16eb42c2fd7f06065be7b5238b40e08bf8d3,base,home,4,8,1305.5159,92.0,0.0008,112.075,18.781,456,ok,,
a9ca16eb42c2fd7f06065be7b5238b40e08bf8d3,base,home,5,11,1174.9791,103,0.0008,114.733,20.63,473,ok,,
a9ca16eb42c2fd7f06065be7b5238b40e08bf8d3,base,home,6,12,1488.5562,173.5,0.0008,114.614,25.952,525,outlier,tbt;lcpObs,
a9ca16eb42c2fd7f06065be7b5238b40e08bf8d3,base,home,7,15,1161.8428,70.0,0.0008,114.749,24.585,453,ok,,
a9ca16eb42c2fd7f06065be7b5238b40e08bf8d3,base,home,8,16,1402.1469,153,0.0008,125.98,18.54,508,outlier,tbt,
a9ca16eb42c2fd7f06065be7b5238b40e08bf8d3,base,home,9,19,1147.8259,103,0.0008,113.391,13.507,473,ok,,
a9ca16eb42c2fd7f06065be7b5238b40e08bf8d3,base,home,10,20,1366.0428,94,0.0008,112.266,18.887,474,ok,,
a9ca16eb42c2fd7f06065be7b5238b40e08bf8d3,base,home,11,23,1160.6078,106.0,0.0008,114.109,9.527,470,ok,,
a9ca16eb42c2fd7f06065be7b5238b40e08bf8d3,base,home,12,24,1307.2244,93,0.0008,109.253,31.832,471,ok,,
a9ca16eb42c2fd7f06065be7b5238b40e08bf8d3,base,home,13,27,1185.2151,106.0,0.0008,112.398,25.162,470,ok,,
a9ca16eb42c2fd7f06065be7b5238b40e08bf8d3,base,home,14,28,1132.3347,106,0.0008,111.877,15.434,472,ok,,
a9ca16eb42c2fd7f06065be7b5238b40e08bf8d3,head,home,0,1,1149.0441,118,0.0011,113.687,30.536,469,ok,,
a9ca16eb42c2fd7f06065be7b5238b40e08bf8d3,head,home,1,2,1303.4178,99.0,0.0008,109.831,20.93,468,outlier,lcp,
a9ca16eb42c2fd7f06065be7b5238b40e08bf8d3,head,home,2,5,1170.4507,89,0.0008,114.276,23.771,472,ok,,
a9ca16eb42c2fd7f06065be7b5238b40e08bf8d3,head,home,3,6,1128.6264,97.0,0.0008,114.806,22.644,455,ok,,
a9ca16eb42c2fd7f06065be7b5238b40e08bf8d3,head,home,4,9,1127.9569,99.0,0.0008,114.738,18.177,455,ok,,
a9ca16eb42c2fd7f06065be7b5238b40e08bf8d3,head,home,5,10,1327.0795,57.5,0.0008,113.749,16.401,471,outlier,lcp;tbt,
a9ca16eb42c2fd7f06065be7b5238b40e08bf8d3,head,home,6,13,1324.4015,72,0.0008,113.166,21.637,453,outlier,lcp,
a9ca16eb42c2fd7f06065be7b5238b40e08bf8d3,head,home,7,14,1123.8525,94.0,0.0008,112.113,18.746,454,ok,,
a9ca16eb42c2fd7f06065be7b5238b40e08bf8d3,head,home,8,17,1169.5583,95.0,0.001,112.925,6.271,459,ok,,
a9ca16eb42c2fd7f06065be7b5238b40e08bf8d3,head,home,9,18,1176.6843,91,0.0008,114.786,19.205,481,ok,,
a9ca16eb42c2fd7f06065be7b5238b40e08bf8d3,head,home,10,21,1127.4801,96.0,0.0008,113.583,16.708,473,ok,,
a9ca16eb42c2fd7f06065be7b5238b40e08bf8d3,head,home,11,22,1177.9564,93.0,0.0008,112.015,27.84,472,ok,,
a9ca16eb42c2fd7f06065be7b5238b40e08bf8d3,head,home,12,25,1173.6566,105.0,0.0008,112.593,31.478,456,ok,,
a9ca16eb42c2fd7f06065be7b5238b40e08bf8d3,head,home,13,26,1170.7176,94.0,0.0008,125.453,19.184,470,ok,,
a9ca16eb42c2fd7f06065be7b5238b40e08bf8d3,head,home,14,29,1176.3896,92,0.0008,117.019,16.078,470,ok,,
75789f620d9f61d392027a4d4b317adcedf72056,base,home,0,0,1371.6026,99.0,0.0008,90.827,29.561,483,outlier,inp,
75789f620d9f61d392027a4d4b317adcedf72056,base,home,1,3,1130.0641,91.0,0.0008,111.078,23.061,471,ok,,
75789f620d9f61d392027a4d4b317adcedf72056,base,home,2,4,1377.379,108.0,0.0008,112.976,19.931,470,ok,,
75789f620d9f61d392027a4d4b317adcedf72056,base,home,3,7,1277.3758,103,0.0011,113.953,39.48,473,ok,,
75789f620d9f61d392027a4d4b317adcedf72056,base,home,4,8,1130.9719,102,0.0008,114.173,25.505,471,ok,,
75789f620d9f61d392027a4d4b317adcedf72056,head,home,0,1,1159.4817,101,0.0008,114.36,24.43,454,ok,,
75789f620d9f61d392027a4d4b317adcedf72056,head,home,1,2,1157.7512,94,0.0008,107.45,29.455,474,ok,,
75789f620d9f61d392027a4d4b317adcedf72056,head,home,2,5,1144.3689,103.0,0.0008,112.652,36.364,456,ok,,
75789f620d9f61d392027a4d4b317adcedf72056,head,home,3,6,1169.148,94,0.0008,112.636,24.854,469,ok,,
75789f620d9f61d392027a4d4b317adcedf72056,head,home,4,9,1164.689,95,0.0008,115.012,30.185,438,ok,,
d6f0f34fe91a7fab25106f2b31b074c132815d36,base,home,0,0,1161.0367,87,0.0008,125.7,31.611,464,ok,,
d6f0f34fe91a7fab25106f2b31b074c132815d36,base,home,1,3,1169.706,97.0,0.0008,115.259,24.733,472,ok,,
d6f0f34fe91a7fab25106f2b31b074c132815d36,base,home,2,4,1145.2749,90.0,0.0008,125.555,56.53,454,outlier,tbtFlow,
d6f0f34fe91a7fab25106f2b31b074c132815d36,base,home,3,7,1143.5132,88.0,0.0008,126.368,23.984,454,ok,,
d6f0f34fe91a7fab25106f2b31b074c132815d36,base,home,4,8,1174.892,88.0,0.0008,123.105,21.798,471,ok,,
d6f0f34fe91a7fab25106f2b31b074c132815d36,base,home,5,11,1164.8106,92,0.0008,115.905,22.26,453,ok,,
d6f0f34fe91a7fab25106f2b31b074c132815d36,base,home,6,12,1171.5804,101.0,0.0011,138.377,32.529,471,outlier,inp,
d6f0f34fe91a7fab25106f2b31b074c132815d36,base,home,7,15,1174.6782,101,0.0008,113.452,23.066,472,ok,,
d6f0f34fe91a7fab25106f2b31b074c132815d36,base,home,8,16,1184.8703,110.0,0.0008,109.507,25.536,470,ok,,
d6f0f34fe91a7fab25106f2b31b074c132815d36,base,home,9,19,1155.2101,102,0.0008,110.182,20.134,472,ok,,
d6f0f34fe91a7fab25106f2b31b074c132815d36,base,home,10,20,1158.2265,83.0,0.0008,110.776,50.107,455,ok,,
d6f0f34fe91a7fab25106f2b31b074c132815d36,base,home,11,23,1162.8746,94.0,0.0008,111.973,19.545,453,ok,,
d6f0f34fe91a7fab25106f2b31b074c132815d36,base,home,12,24,1149.079,94,0.0008,142.998,42.278,471,outlier,inp,
d6f0f34fe91a7fab25106f2b31b074c132815d36,base,home,13,27,1152.7085,104,0.0008,113.118,11.451,472,ok,,
d6f0f34fe91a7fab25106f2b31b074c132815d36,base,home,14,28,1249.3697,93,0.0008,111.866,21.026,468,outlier,lcp,
d6f0f34fe91a7fab25106f2b31b074c132815d36,head,home,0,1,1122.655,88,0.0008,126.002,13.461,456,ok,,
d6f0f34fe91a7fab25106f2b31b074c132815d36,head,home,1,2,1166.1097,96,0.0008,109.362,26.914,453,ok,,
d6f0f34fe91a7fab25106f2b31b074c132815d36,head,home,2,5,1145.5584,92,0.0008,113.532,32.213,454,ok,,
d6f0f34fe91a7fab25106f2b31b074c132815d36,head,home,3,6,1166.3485,73.0,0.0008,114.544,10.053,473,ok,,
d6f0f34fe91a7fab25106f2b31b074c132815d36,head,home,4,9,1336.8837,92,0.0008,111.914,26.048,473,outlier,lcp,
d6f0f34fe91a7fab25106f2b31b074c132815d36,head,home,5,10,1167.9265,94,0.0008,112.185,24.212,455,ok,,
d6f0f34fe91a7fab25106f2b31b074c132815d36,head,home,6,13,1295.6115,108.0,0.0008,114.544,17.243,467,outlier,lcp,
d6f0f34fe91a7fab25106f2b31b074c132815d36,head,home,7,14,1161.2128,108,0.0009,114.054,24.322,454,ok,,
d6f0f34fe91a7fab25106f2b31b074c132815d36,head,home,8,17,1181.5459,97,0.0008,110.427,23.731,453,ok,,
d6f0f34fe91a7fab25106f2b31b074c132815d36,head,home,9,18,1159.3465,88.0,0.0008,113.833,20.878,453,ok,,
d6f0f34fe91a7fab25106f2b31b074c132815d36,head,home,10,21,1146.8663,97.0,0.0008,114.186,20.621,453,ok,,
d6f0f34fe91a7fab25106f2b31b074c132815d36,head,home,11,22,1143.0685,90,0.0008,113.114,19.736,451,ok,,
d6f0f34fe91a7fab25106f2b31b074c132815d36,head,home,12,25,1167.1825,96.0,0.0008,112.276,13.264,456,ok,,
d6f0f34fe91a7fab25106f2b31b074c132815d36,head,home,13,26,1165.3853,56,0.0008,112.55,6.946,437,outlier,tbt,
d6f0f34fe91a7fab25106f2b31b074c132815d36,head,home,14,29,1178.2026,93,0.0008,113.407,18.399,455,ok,,
1c292e4936795b8e2ac0b46bbccedf612e060a2b,base,home,0,0,1165.8345,96,0.0008,113.902,21.961,454,ok,,
1c292e4936795b8e2ac0b46bbccedf612e060a2b,base,home,1,3,1123.1231,92.0,0.0008,115.004,20.719,439,ok,,
1c292e4936795b8e2ac0b46bbccedf612e060a2b,base,home,2,4,1121.5866,89,0.0008,111.467,21.543,455,ok,,
1c292e4936795b8e2ac0b46bbccedf612e060a2b,base,home,3,7,1161.7973,92,0.0008,113.02,8.722,455,ok,,
1c292e4936795b8e2ac0b46bbccedf612e060a2b,base,home,4,8,1128.1949,92,0.0008,110.106,26.968,472,ok,,
1c292e4936795b8e2ac0b46bbccedf612e060a2b,head,home,0,1,1143.7889,93,0.0008,110.994,26.789,469,ok,,
1c292e4936795b8e2ac0b46bbccedf612e060a2b,head,home,1,2,1137.563,84,0.0008,113.594,17.835,452,ok,,
1c292e4936795b8e2ac0b46bbccedf612e060a2b,head,home,2,5,1160.4502,117,0.0008,114.159,23.684,468,ok,,
1c292e4936795b8e2ac0b46bbccedf612e060a2b,head,home,3,6,1185.0944,106,0.0008,114.782,20.307,473,ok,,
1c292e4936795b8e2ac0b46bbccedf612e060a2b,head,home,4,9,1149.7351,98.0,0.0008,113.081,17.718,472,ok,,
c1082923eedf62e2df7821fe8c772d839c46438d,base,home,0,0,1391.3799,125,0.0008,88.683,33.443,501,outlier,lcp;inp,
c1082923eedf62e2df7821fe8c772d839c46438d,base,home,1,3,1161.545,70,0.0008,114.74,19.336,451,ok,,
c1082923eedf62e2df7821fe8c772d839c46438d,base,home,2,4,1148.9624,95,0.0008,110.881,11.174,470,ok,,
c1082923eedf62e2df7821fe8c772d839c46438d,base,home,3,7,1436.816,131,0.0008,114.13,23.838,525,outlier,lcp,
c1082923eedf62e2df7821fe8c772d839c46438d,base,home,4,8,1143.5659,90.0,0.0008,112.687,31.196,454,ok,,
c1082923eedf62e2df7821fe8c772d839c46438d,head,home,0,1,1167.154,91,0.0008,113.854,22.411,453,ok,,
c1082923eedf62e2df7821fe8c772d839c46438d,head,home,1,2,1158.3159,85.0,0.0008,129.428,21.873,439,ok,,
c1082923eedf62e2df7821fe8c772d839c46438d,head,home,2,5,1430.9906,113.0,0.0008,113.671,7.646,500,outlier,lcp,
c1082923eedf62e2df7821fe8c772d839c46438d,head,home,3,6,1323.7018,92.0,0.0008,113.692,18.509,455,outlier,lcp,
c1082923eedf62e2df7821fe8c772d839c46438d,head,home,4,9,1177.4594,91,0.0008,111.883,16.958,455,ok,,
c09e170bdd50f9e08a82deba2c037043b8fce9e0,base,home,0,0,1345.8753,137.0,0.0008,93.786,30.642,487,outlier,lcp;tbt,
c09e170bdd50f9e08a82deba2c037043b8fce9e0,base,home,1,3,1167.307,94.0,0.0008,113.97,9.516,454,ok,,
c09e170bdd50f9e08a82deba2c037043b8fce9e0,base,home,2,4,1174.654,90,0.0008,108.028,17.655,474,ok,,
c09e170bdd50f9e08a82deba2c037043b8fce9e0,base,home,3,7,1167.5876,92,0.0009,113.01,22.714,453,ok,,
c09e170bdd50f9e08a82deba2c037043b8fce9e0,base,home,4,8,1171.6696,99,0.0008,114.131,26.379,489,ok,,
c09e170bdd50f9e08a82deba2c037043b8fce9e0,head,home,0,1,1289.1274,95,0.0008,110.573,38.377,474,ok,,
c09e170bdd50f9e08a82deba2c037043b8fce9e0,head,home,1,2,1378.9314,129,0.0008,113.787,31.745,506,ok,,
c09e170bdd50f9e08a82deba2c037043b8fce9e0,head,home,2,5,1157.6482,95,0.0008,112.011,10.778,473,ok,,
c09e170bdd50f9e08a82deba2c037043b8fce9e0,head,home,3,6,1307.2663,101,0.0008,113.314,31.595,490,ok,,
c09e170bdd50f9e08a82deba2c037043b8fce9e0,head,home,4,9,1343.7905,101,0.0008,113.804,9.708,471,ok,,
4a5c9e990ca2dca3106b7bbe674b21cf58acec7d,base,home,0,0,1173.3068,99.0,0.0008,99.147,23.487,485,ok,,
4a5c9e990ca2dca3106b7bbe674b21cf58acec7d,base,home,1,3,1277.4935,75.0,0.0008,115.112,8.299,471,outlier,lcp,
4a5c9e990ca2dca3106b7bbe674b21cf58acec7d,base,home,2,4,1167.5756,97,0.0008,114.188,18.024,454,ok,,
4a5c9e990ca2dca3106b7bbe674b21cf58acec7d,base,home,3,7,1176.5813,55.5,0.0008,120.37,56.501,470,ok,,
4a5c9e990ca2dca3106b7bbe674b21cf58acec7d,base,home,4,8,1325.1646,110.0,0.0008,127.009,53.356,472,outlier,lcp,
4a5c9e990ca2dca3106b7bbe674b21cf58acec7d,head,home,0,1,1375.558,112,0.0008,112.145,16.035,487,outlier,lcp,
4a5c9e990ca2dca3106b7bbe674b21cf58acec7d,head,home,1,2,1165.6298,99,0.0008,116.339,19.767,487,ok,,
4a5c9e990ca2dca3106b7bbe674b21cf58acec7d,head,home,2,5,1312.5221,103,0.0008,110.334,30.759,490,ok,,
4a5c9e990ca2dca3106b7bbe674b21cf58acec7d,head,home,3,6,1183.6762,105.0,0.0008,115.347,31.006,471,ok,,
4a5c9e990ca2dca3106b7bbe674b21cf58acec7d,head,home,4,9,1145.8155,72.0,0.0009,109.621,24.41,459,outlier,tbt,
d9e8a33aa4b48d920ecb9d3fde15cf0e8b72fd5c,base,home,0,0,1389.7197,135.0,0.0008,100.126,39.379,518,ok,,
d9e8a33aa4b48d920ecb9d3fde15cf0e8b72fd5c,base,home,1,3,1330.5506,176,0.0008,113.982,12.196,509,outlier,tbt,
d9e8a33aa4b48d920ecb9d3fde15cf0e8b72fd5c,base,home,2,4,1275.3404,88.0,0.0008,114.916,23.283,470,ok,,
d9e8a33aa4b48d920ecb9d3fde15cf0e8b72fd5c,base,home,3,7,1439.0031,119,0.0011,111.766,22.788,523,ok,,
d9e8a33aa4b48d920ecb9d3fde15cf0e8b72fd5c,base,home,4,8,1176.2976,93.0,0.0011,113.556,18.324,470,ok,,
d9e8a33aa4b48d920ecb9d3fde15cf0e8b72fd5c,base,home,5,11,1460.5649,106.0,0.0008,111.134,32.354,506,ok,,
d9e8a33aa4b48d920ecb9d3fde15cf0e8b72fd5c,base,home,6,12,1276.0766,107.0,0.0008,113.473,20.287,470,ok,,
d9e8a33aa4b48d920ecb9d3fde15cf0e8b72fd5c,base,home,7,15,1451.9591,104,0.0008,116.799,17.802,492,ok,,
d9e8a33aa4b48d920ecb9d3fde15cf0e8b72fd5c,base,home,8,16,1171.6503,70,0.0008,115.491,16.498,470,ok,,
d9e8a33aa4b48d920ecb9d3fde15cf0e8b72fd5c,base,home,9,19,1475.3394,113.5,0.0008,112.486,24.381,507,ok,,
d9e8a33aa4b48d920ecb9d3fde15cf0e8b72fd5c,base,home,10,20,1251.6177,98,0.0008,109.678,22.813,469,ok,,
d9e8a33aa4b48d920ecb9d3fde15cf0e8b72fd5c,base,home,11,23,1361.0691,87.0,0.0008,114.857,16.534,489,ok,,
d9e8a33aa4b48d920ecb9d3fde15cf0e8b72fd5c,base,home,12,24,1159.9033,83,0.0008,110.965,26.353,434,ok,,
d9e8a33aa4b48d920ecb9d3fde15cf0e8b72fd5c,base,home,13,27,1162.552,89.0,0.0008,114.044,21.06,455,ok,,
d9e8a33aa4b48d920ecb9d3fde15cf0e8b72fd5c,base,home,14,28,1179.5422,92.0,0.0008,116.827,21.706,472,ok,,
d9e8a33aa4b48d920ecb9d3fde15cf0e8b72fd5c,head,home,0,1,1167.4441,91.0,0.0009,115.51,20.261,471,ok,,
d9e8a33aa4b48d920ecb9d3fde15cf0e8b72fd5c,head,home,1,2,1319.4333,89.0,0.0008,110.475,28.275,454,outlier,lcp,
d9e8a33aa4b48d920ecb9d3fde15cf0e8b72fd5c,head,home,2,5,1176.9733,93.0,0.0009,111.958,22.573,457,ok,,
d9e8a33aa4b48d920ecb9d3fde15cf0e8b72fd5c,head,home,3,6,1340.0913,56.5,0.0008,116.12,22.06,472,outlier,lcp;tbt,
d9e8a33aa4b48d920ecb9d3fde15cf0e8b72fd5c,head,home,4,9,1174.7434,67.0,0.0008,115.396,16.575,471,ok,,
d9e8a33aa4b48d920ecb9d3fde15cf0e8b72fd5c,head,home,5,10,1168.7623,116.0,0.0009,114.202,6.45,472,ok,,
d9e8a33aa4b48d920ecb9d3fde15cf0e8b72fd5c,head,home,6,13,1175.0448,108,0.0008,114.915,19.946,473,ok,,
d9e8a33aa4b48d920ecb9d3fde15cf0e8b72fd5c,head,home,7,14,1167.6975,96,0.0008,116.126,14.952,455,ok,,
d9e8a33aa4b48d920ecb9d3fde15cf0e8b72fd5c,head,home,8,17,1178.4744,91.0,0.0009,114.098,16.923,472,ok,,
d9e8a33aa4b48d920ecb9d3fde15cf0e8b72fd5c,head,home,9,18,1383.6363,100,0.0008,112.124,25.87,474,outlier,lcp,
d9e8a33aa4b48d920ecb9d3fde15cf0e8b72fd5c,head,home,10,21,1154.9934,101,0.0008,141.52,38.219,470,outlier,inp,
d9e8a33aa4b48d920ecb9d3fde15cf0e8b72fd5c,head,home,11,22,1407.375,94,0.0008,110.597,20.712,473,outlier,lcp,
d9e8a33aa4b48d920ecb9d3fde15cf0e8b72fd5c,head,home,12,25,1148.2906,76.0,0.0009,112.194,18.681,454,ok,,
d9e8a33aa4b48d920ecb9d3fde15cf0e8b72fd5c,head,home,13,26,1161.8974,89.0,0.0008,112.09,15.935,454,ok,,
d9e8a33aa4b48d920ecb9d3fde15cf0e8b72fd5c,head,home,14,29,1144.611,93,0.0008,112.096,22.082,454,ok,,
2e1a529c6781b1534d27ca79198dccd40b97ec7b,base,home,0,0,1165.3083,91,0.0008,111.267,29.112,452,ok,,
2e1a529c6781b1534d27ca79198dccd40b97ec7b,base,home,1,3,1179.7423,78.0,0.0008,125.123,28.268,470,ok,,
2e1a529c6781b1534d27ca79198dccd40b97ec7b,base,home,2,4,1362.9239,89,0.0008,114.453,22.035,469,outlier,lcp,
2e1a529c6781b1534d27ca79198dccd40b97ec7b,base,home,3,7,1341.3063,111,0.0008,112.685,32.639,490,outlier,lcp,
2e1a529c6781b1534d27ca79198dccd40b97ec7b,base,home,4,8,1161.8035,68.0,0.0008,115.54,13.953,454,ok,,
2e1a529c6781b1534d27ca79198dccd40b97ec7b,head,home,0,1,1169.088,77,0.0008,112.58,25.617,455,ok,,
2e1a529c6781b1534d27ca79198dccd40b97ec7b,head,home,1,2,1181.2123,57.5,0.0008,114.208,17.213,471,ok,,
2e1a529c6781b1534d27ca79198dccd40b97ec7b,head,home,2,5,1155.9562,55,0.0008,116.483,15.754,454,ok,,
2e1a529c6781b1534d27ca79198dccd40b97ec7b,head,home,3,6,1433.6645,133.0,0.0008,114.033,22.094,510,outlier,lcp;lcpObs,
2e1a529c6781b1534d27ca79198dccd40b97ec7b,head,home,4,9,1145.5579,74,0.0008,115.697,18.282,453,ok,,
43fa4b56028478f53dbb65045df1f9f7737c4321,base,home,0,0,1159.495,52.5,0.0008,114.355,25.699,453,outlier,tbt,
43fa4b56028478f53dbb65045df1f9f7737c4321,base,home,1,3,1173.799,86,0.0008,116.879,18.987,457,ok,,
43fa4b56028478f53dbb65045df1f9f7737c4321,base,home,2,4,1337.5761,89,0.0008,111.888,19.139,472,ok,,
43fa4b56028478f53dbb65045df1f9f7737c4321,base,home,3,7,1160.1746,67.0,0.0008,116.352,13.697,454,ok,,
43fa4b56028478f53dbb65045df1f9f7737c4321,base,home,4,8,1315.8357,91,0.0008,114.444,25.827,470,ok,,
43fa4b56028478f53dbb65045df1f9f7737c4321,base,home,5,11,1311.7084,98,0.0008,113.058,22.847,472,ok,,
43fa4b56028478f53dbb65045df1f9f7737c4321,base,home,6,12,1158.7638,86.0,0.0008,111.388,17.524,436,ok,,
43fa4b56028478f53dbb65045df1f9f7737c4321,base,home,7,15,1375.1951,92.0,0.0008,109.613,6.816,471,ok,,
43fa4b56028478f53dbb65045df1f9f7737c4321,base,home,8,16,1175.1806,82.0,0.0009,111.077,29.63,473,ok,,
43fa4b56028478f53dbb65045df1f9f7737c4321,base,home,9,19,1163.8968,74,0.0008,113.425,16.205,451,ok,,
43fa4b56028478f53dbb65045df1f9f7737c4321,base,home,10,20,1172.7706,68.0,0.0009,140.841,61.549,472,outlier,inp;tbtFlow,
43fa4b56028478f53dbb65045df1f9f7737c4321,base,home,11,23,1242.6636,70.0,0.0008,115.329,25.846,454,ok,,
43fa4b56028478f53dbb65045df1f9f7737c4321,base,home,12,24,1382.3569,95,0.0008,108.792,33.664,473,ok,,
43fa4b56028478f53dbb65045df1f9f7737c4321,base,home,13,27,1399.8922,91,0.0008,112.471,19.19,473,ok,,
43fa4b56028478f53dbb65045df1f9f7737c4321,base,home,14,28,1407.5589,91.0,0.0008,125.827,29.902,470,ok,,
43fa4b56028478f53dbb65045df1f9f7737c4321,head,home,0,1,1310.2246,124,0.0008,114.259,22.381,488,outlier,lcp,
43fa4b56028478f53dbb65045df1f9f7737c4321,head,home,1,2,1184.4202,101,0.0008,110.276,30.832,471,ok,,
43fa4b56028478f53dbb65045df1f9f7737c4321,head,home,2,5,1425.2425,102.5,0.0008,114.535,18.488,507,outlier,lcp,
43fa4b56028478f53dbb65045df1f9f7737c4321,head,home,3,6,1307.3421,91,0.0008,114.54,20.293,452,outlier,lcp,
43fa4b56028478f53dbb65045df1f9f7737c4321,head,home,4,9,1231.599,191.5,0.0009,115.082,18.303,559,outlier,tbt;lcpObs,
43fa4b56028478f53dbb65045df1f9f7737c4321,head,home,5,10,1163.1587,69.0,0.0008,111.42,22.913,451,ok,,
43fa4b56028478f53dbb65045df1f9f7737c4321,head,home,6,13,1521.7504,172.0,0.001,116.582,12.483,559,outlier,lcp;tbt;lcpObs,
43fa4b56028478f53dbb65045df1f9f7737c4321,head,home,7,14,1165.1074,71.0,0.0008,113.818,19.087,455,ok,,
43fa4b56028478f53dbb65045df1f9f7737c4321,head,home,8,17,1174.6105,97.0,0.001,107.136,31.57,459,ok,,
43fa4b56028478f53dbb65045df1f9f7737c4321,head,home,9,18,1163.874,71.0,0.0008,109.851,24.337,453,ok,,
43fa4b56028478f53dbb65045df1f9f7737c4321,head,home,10,21,1165.897,93.0,0.0008,112.319,20.829,472,ok,,
43fa4b56028478f53dbb65045df1f9f7737c4321,head,home,11,22,1162.4161,68,0.0008,113.674,14.541,455,ok,,
43fa4b56028478f53dbb65045df1f9f7737c4321,head,home,12,25,1167.2809,94,0.0009,114.178,28.525,474,ok,,
43fa4b56028478f53dbb65045df1f9f7737c4321,head,home,13,26,1442.2372,87,0.0008,113.112,26.803,470,outlier,lcp,
43fa4b56028478f53dbb65045df1f9f7737c4321,head,home,14,29,1184.1344,79,0.0008,113.395,24.858,471,ok,,
278cd357724b17e1119b6c76416520c42958d0e3,base,home,0,0,1323.4044,87.0,0.0008,114.542,28.936,471,ok,,
278cd357724b17e1119b6c76416520c42958d0e3,base,home,1,3,1410.9585,99,0.0009,146.11,49.239,472,outlier,inp,
278cd357724b17e1119b6c76416520c42958d0e3,base,home,2,4,1163.9755,90.0,0.0008,108.29,23.08,457,ok,,
278cd357724b17e1119b6c76416520c42958d0e3,base,home,3,7,1312.5193,92,0.0008,120.027,11.209,453,ok,,
278cd357724b17e1119b6c76416520c42958d0e3,base,home,4,8,1334.649,90,0.0008,113.858,6.192,471,ok,,
278cd357724b17e1119b6c76416520c42958d0e3,base,home,5,11,1415.0279,108.0,0.0008,140.676,24.935,472,outlier,inp,
278cd357724b17e1119b6c76416520c42958d0e3,base,home,6,12,1176.8179,95.0,0.0008,113.305,17.925,472,ok,,
278cd357724b17e1119b6c76416520c42958d0e3,base,home,7,15,1284.8222,75.0,0.0008,137.89,26.656,471,outlier,inp,
278cd357724b17e1119b6c76416520c42958d0e3,base,home,8,16,1171.1622,94,0.0008,115.671,18.109,473,ok,,
278cd357724b17e1119b6c76416520c42958d0e3,base,home,9,19,1163.4681,91,0.0009,110.222,20.19,453,ok,,
278cd357724b17e1119b6c76416520c42958d0e3,base,home,10,20,1182.3979,103.0,0.0009,114.401,23.861,470,ok,,
278cd357724b17e1119b6c76416520c42958d0e3,base,home,11,23,1334.8685,91.0,0.0008,119.56,55.909,455,outlier,tbtFlow,
278cd357724b17e1119b6c76416520c42958d0e3,base,home,12,24,1182.6219,123,0.001,115.053,16.959,458,ok,,
278cd357724b17e1119b6c76416520c42958d0e3,base,home,13,27,1164.9594,93,0.0009,113.418,6.015,455,ok,,
278cd357724b17e1119b6c76416520c42958d0e3,base,home,14,28,1339.1619,97,0.0008,110.062,27.55,472,ok,,
278cd357724b17e1119b6c76416520c42958d0e3,head,home,0,1,1168.0442,74.0,0.0009,107.111,25.001,469,ok,,
278cd357724b17e1119b6c76416520c42958d0e3,head,home,1,2,1163.4396,89,0.0009,114.363,14.004,456,ok,,
278cd357724b17e1119b6c76416520c42958d0e3,head,home,2,5,1148.602,94,0.0009,115.311,25.854,471,ok,,
278cd357724b17e1119b6c76416520c42958d0e3,head,home,3,6,1159.8699,87.0,0.0008,112.549,18.654,454,ok,,
278cd357724b17e1119b6c76416520c42958d0e3,head,home,4,9,1163.6676,92,0.0008,112.237,18.993,437,ok,,
278cd357724b17e1119b6c76416520c42958d0e3,head,home,5,10,1407.0295,94.0,0.0008,112.709,20.068,470,outlier,lcp,
278cd357724b17e1119b6c76416520c42958d0e3,head,home,6,13,1175.5561,92.0,0.0008,113.412,19.781,471,ok,,
278cd357724b17e1119b6c76416520c42958d0e3,head,home,7,14,1320.6321,70.0,0.0008,114.567,7.442,453,outlier,lcp,
278cd357724b17e1119b6c76416520c42958d0e3,head,home,8,17,1164.0399,92,0.0009,115.797,19.949,453,ok,,
278cd357724b17e1119b6c76416520c42958d0e3,head,home,9,18,1335.262,96.0,0.0008,112.391,25.449,472,outlier,lcp,
278cd357724b17e1119b6c76416520c42958d0e3,head,home,10,21,1142.5277,111,0.0008,108.956,19.309,455,ok,,
278cd357724b17e1119b6c76416520c42958d0e3,head,home,11,22,1175.9736,89,0.0008,144.333,37.089,471,outlier,inp,
278cd357724b17e1119b6c76416520c42958d0e3,head,home,12,25,1395.2894,115.5,0.0008,109.351,10.174,491,outlier,lcp,
278cd357724b17e1119b6c76416520c42958d0e3,head,home,13,26,1174.6095,94,0.0008,112.706,15.803,455,ok,,
278cd357724b17e1119b6c76416520c42958d0e3,head,home,14,29,1327.1196,75,0.0008,113.926,18.394,471,outlier,lcp,
3f5fdec04e2fdb7239432a436a6580c4d5e465b0,base,home,0,0,1173.7639,95.0,0.0009,112.38,24.528,471,ok,,
3f5fdec04e2fdb7239432a436a6580c4d5e465b0,base,home,1,3,1160.737,86,0.0012,111.479,23.809,455,ok,,
3f5fdec04e2fdb7239432a436a6580c4d5e465b0,base,home,2,4,1328.903,96,0.0009,112.346,29.38,469,outlier,lcp,
3f5fdec04e2fdb7239432a436a6580c4d5e465b0,base,home,3,7,1167.2998,95,0.0008,113.863,24.541,472,ok,,
3f5fdec04e2fdb7239432a436a6580c4d5e465b0,base,home,4,8,1382.5802,89,0.0008,113.225,16.321,474,outlier,lcp,
3f5fdec04e2fdb7239432a436a6580c4d5e465b0,head,home,0,1,1157.6204,85,0.0009,112.438,7.236,455,ok,,
3f5fdec04e2fdb7239432a436a6580c4d5e465b0,head,home,1,2,1152.6883,116.0,0.0008,109.685,6.488,467,ok,,
3f5fdec04e2fdb7239432a436a6580c4d5e465b0,head,home,2,5,1162.6024,87,0.0008,141.328,40.992,455,outlier,inp,
3f5fdec04e2fdb7239432a436a6580c4d5e465b0,head,home,3,6,1167.9594,100,0.0008,108.404,26.724,455,ok,,
3f5fdec04e2fdb7239432a436a6580c4d5e465b0,head,home,4,9,1336.4878,112,0.0008,124.879,59.188,471,outlier,lcp,
2dfcc6f0ce4ce007e0360324e63f02ffc7b7fc1a,base,home,0,0,1417.134,128,0.0009,85.957,26.08,499,outlier,tbt;inp,
2dfcc6f0ce4ce007e0360324e63f02ffc7b7fc1a,base,home,1,3,1243.0213,90,0.0009,115.341,20.991,454,ok,,
2dfcc6f0ce4ce007e0360324e63f02ffc7b7fc1a,base,home,2,4,1164.8592,89.0,0.0008,113.675,17.902,472,ok,,
2dfcc6f0ce4ce007e0360324e63f02ffc7b7fc1a,base,home,3,7,1303.8349,91.0,0.0008,116.565,23.658,453,ok,,
2dfcc6f0ce4ce007e0360324e63f02ffc7b7fc1a,base,home,4,8,1416.6166,71.0,0.0008,124.167,39.476,472,ok,,
2dfcc6f0ce4ce007e0360324e63f02ffc7b7fc1a,head,home,0,1,1329.4314,99,0.0008,112.821,15.939,472,ok,,
2dfcc6f0ce4ce007e0360324e63f02ffc7b7fc1a,head,home,1,2,1293.1372,97,0.0008,111.868,15.947,470,ok,,
2dfcc6f0ce4ce007e0360324e63f02ffc7b7fc1a,head,home,2,5,1322.5056,89.0,0.0008,111.746,18.296,452,ok,,
2dfcc6f0ce4ce007e0360324e63f02ffc7b7fc1a,head,home,3,6,1330.9935,96.0,0.0008,111.304,31.029,473,ok,,
2dfcc6f0ce4ce007e0360324e63f02ffc7b7fc1a,head,home,4,9,1367.8849,97,0.0008,113.32,11.294,488,ok,,
3004c642dab239b4e060f7da5c3ac12d2dc9691d,base,home,0,0,1166.887,94.0,0.0008,115.478,8.815,466,ok,,
3004c642dab239b4e060f7da5c3ac12d2dc9691d,base,home,1,3,1173.2503,68,0.0009,113.563,10.028,488,ok,,
3004c642dab239b4e060f7da5c3ac12d2dc9691d,base,home,2,4,1144.8876,90.0,0.0008,113.367,26.298,454,ok,,
3004c642dab239b4e060f7da5c3ac12d2dc9691d,base,home,3,7,1159.4171,89,0.0008,115.063,12.83,455,ok,,
3004c642dab239b4e060f7da5c3ac12d2dc9691d,base,home,4,8,1164.1741,97,0.0008,114.56,14.61,456,ok,,
3004c642dab239b4e060f7da5c3ac12d2dc9691d,head,home,0,1,1161.1095,89,0.0009,110.142,20.837,471,ok,,
3004c642dab239b4e060f7da5c3ac12d2dc9691d,head,home,1,2,1174.0476,90,0.0009,104.903,23.922,455,ok,,
3004c642dab239b4e060f7da5c3ac12d2dc9691d,head,home,2,5,1164.8462,72.0,0.0008,114.355,17.825,472,ok,,
3004c642dab239b4e060f7da5c3ac12d2dc9691d,head,home,3,6,1168.7784,97,0.0008,114.539,22.605,469,ok,,
3004c642dab239b4e060f7da5c3ac12d2dc9691d,head,home,4,9,1338.3021,118.0,0.0008,112.244,25.86,468,outlier,lcp,
d2557474e2a9cfccd0a94ab950a2e763ab12823a,base,home,0,0,1385.4114,97.0,0.0008,80.243,27.544,486,outlier,inp,
d2557474e2a9cfccd0a94ab950a2e763ab12823a,base,home,1,3,1174.0449,86.0,0.0008,113.81,7.262,452,ok,,
d2557474e2a9cfccd0a94ab950a2e763ab12823a,base,home,2,4,1308.5825,96,0.0008,112.208,20.007,471,ok,,
d2557474e2a9cfccd0a94ab950a2e763ab12823a,base,home,3,7,1378.7897,95,0.0008,114.961,16.145,471,ok,,
d2557474e2a9cfccd0a94ab950a2e763ab12823a,base,home,4,8,1322.0438,87,0.0008,115.224,16.332,454,ok,,
d2557474e2a9cfccd0a94ab950a2e763ab12823a,head,home,0,1,1167.6631,94.0,0.0009,115.501,21.953,469,outlier,lcp,
d2557474e2a9cfccd0a94ab950a2e763ab12823a,head,home,1,2,1323.1548,90.0,0.0008,111.281,18.319,455,ok,,
d2557474e2a9cfccd0a94ab950a2e763ab12823a,head,home,2,5,1327.4759,73.0,0.0008,108.103,27.771,471,ok,,
d2557474e2a9cfccd0a94ab950a2e763ab12823a,head,home,3,6,1337.4599,96.0,0.0009,112.453,25.295,471,ok,,
d2557474e2a9cfccd0a94ab950a2e763ab12823a,head,home,4,9,1323.844,95.0,0.0008,111.797,27.382,456,ok,,
7f56cc0cf3458e9ef6e5071b4594740cae36a0aa,base,home,0,0,1425.7177,120,0.0008,112.595,24.461,508,ok,,
7f56cc0cf3458e9ef6e5071b4594740cae36a0aa,base,home,1,3,1165.442,93,0.0008,115.524,24.601,453,ok,,
7f56cc0cf3458e9ef6e5071b4594740cae36a0aa,base,home,2,4,1422.4569,109.0,0.0009,111.665,17.016,505,ok,,
7f56cc0cf3458e9ef6e5071b4594740cae36a0aa,base,home,3,7,1326.8801,72,0.0008,115.6,26.725,470,ok,,
7f56cc0cf3458e9ef6e5071b4594740cae36a0aa,base,home,4,8,1201.681,131,0.0008,107.745,24.776,524,ok,,
7f56cc0cf3458e9ef6e5071b4594740cae36a0aa,head,home,0,1,1179.0829,104,0.0008,111.731,20.283,467,ok,,
7f56cc0cf3458e9ef6e5071b4594740cae36a0aa,head,home,1,2,1143.5892,89,0.0008,115.562,14.268,452,ok,,
7f56cc0cf3458e9ef6e5071b4594740cae36a0aa,head,home,2,5,1340.3356,97.0,0.0008,113.966,28.407,472,outlier,lcp,
7f56cc0cf3458e9ef6e5071b4594740cae36a0aa,head,home,3,6,1168.1629,94,0.0008,109.464,34.769,455,ok,,
7f56cc0cf3458e9ef6e5071b4594740cae36a0aa,head,home,4,9,1326.605,93.0,0.0008,113.727,13.81,469,ok,,
974b338b7e5fed5176cfd83b7a120b137751a1db,base,home,0,0,1420.787,99,0.0008,86.872,12.197,519,outlier,lcp,
974b338b7e5fed5176cfd83b7a120b137751a1db,base,home,1,3,1162.7753,89,0.0008,110.709,18.044,453,ok,,
974b338b7e5fed5176cfd83b7a120b137751a1db,base,home,2,4,1327.9451,97,0.0008,117.881,19.789,472,outlier,lcp,
974b338b7e5fed5176cfd83b7a120b137751a1db,base,home,3,7,1181.7774,76,0.0008,108.044,34.022,473,ok,,
974b338b7e5fed5176cfd83b7a120b137751a1db,base,home,4,8,1168.249,98.0,0.0009,126.927,23.422,471,ok,,
974b338b7e5fed5176cfd83b7a120b137751a1db,head,home,0,1,1171.66,81.0,0.0008,111.716,20.15,471,ok,,
974b338b7e5fed5176cfd83b7a120b137751a1db,head,home,1,2,1368.699,96,0.0009,110.65,21.107,488,outlier,lcp,
974b338b7e5fed5176cfd83b7a120b137751a1db,head,home,2,5,1166.0023,91.0,0.0009,114.09,22.711,474,ok,,
974b338b7e5fed5176cfd83b7a120b137751a1db,head,home,3,6,1146.2429,94,0.0008,112.845,23.275,469,ok,,
974b338b7e5fed5176cfd83b7a120b137751a1db,head,home,4,9,1302.6653,113.0,0.0008,114.128,19.874,507,outlier,lcp,
c59fb8dcbc8a63b5db2de5e0bfe49551f35ded7d,base,home,0,0,1367.8121,98,0.0008,87.386,23.085,481,outlier,inp,
c59fb8dcbc8a63b5db2de5e0bfe49551f35ded7d,base,home,1,3,1322.4021,90,0.0008,128.433,18.966,453,ok,,
c59fb8dcbc8a63b5db2de5e0bfe49551f35ded7d,base,home,2,4,1344.3724,97.0,0.0008,110.703,28.006,470,ok,,
c59fb8dcbc8a63b5db2de5e0bfe49551f35ded7d,base,home,3,7,1423.2366,95,0.0008,111.787,8.67,487,ok,,
c59fb8dcbc8a63b5db2de5e0bfe49551f35ded7d,base,home,4,8,1237.8432,86,0.0008,113.4,8.363,467,outlier,lcp,
c59fb8dcbc8a63b5db2de5e0bfe49551f35ded7d,head,home,0,1,1167.6735,76,0.0009,113.535,7.07,453,ok,,
c59fb8dcbc8a63b5db2de5e0bfe49551f35ded7d,head,home,1,2,1342.1964,76,0.0008,113.768,25.991,471,outlier,lcp,
c59fb8dcbc8a63b5db2de5e0bfe49551f35ded7d,head,home,2,5,1163.0641,109,0.0009,113.032,23.406,472,ok,,
c59fb8dcbc8a63b5db2de5e0bfe49551f35ded7d,head,home,3,6,1453.9654,89,0.0008,112.747,22.195,471,outlier,lcp,
c59fb8dcbc8a63b5db2de5e0bfe49551f35ded7d,head,home,4,9,1166.6664,93.0,0.0008,116.329,32.428,471,ok,,
091b9053a3db8ef702c0b65bc8d351290f685362,base,home,0,0,1162.3989,60.5,0.0008,115.527,25.684,451,outlier,tbt,
091b9053a3db8ef702c0b65bc8d351290f685362,base,home,1,3,1243.6667,92,0.0008,110.318,24.532,454,ok,,
091b9053a3db8ef702c0b65bc8d351290f685362,base,home,2,4,1320.835,89.0,0.0008,110.828,17.263,453,ok,,
091b9053a3db8ef702c0b65bc8d351290f685362,base,home,3,7,1408.0298,93,0.0008,111.826,29.307,470,ok,,
091b9053a3db8ef702c0b65bc8d351290f685362,base,home,4,8,1158.9295,108.0,0.0008,111.526,19.324,472,ok,,
091b9053a3db8ef702c0b65bc8d351290f685362,head,home,0,1,1161.9596,68.0,0.0008,113.47,21.57,454,ok,,
091b9053a3db8ef702c0b65bc8d351290f685362,head,home,1,2,1168.7515,98.0,0.0008,115.8,21.075,506,ok,,
091b9053a3db8ef702c0b65bc8d351290f685362,head,home,2,5,1162.038,71.0,0.0008,135.536,44.176,457,ok,,
091b9053a3db8ef702c0b65bc8d351290f685362,head,home,3,6,1146.018,114,0.0009,115.953,25.153,466,ok,,
091b9053a3db8ef702c0b65bc8d351290f685362,head,home,4,9,1162.998,90.0,0.0008,135.544,39.149,473,ok,,
d992c10bc1c3ad87eff4e0a45091810242f01ce7,base,home,0,0,1394.3645,135.0,0.0008,95.636,47.661,501,outlier,lcp,
d992c10bc1c3ad87eff4e0a45091810242f01ce7,base,home,1,3,1350.0379,116.0,0.0009,115.577,16.313,490,outlier,lcp,
d992c10bc1c3ad87eff4e0a45091810242f01ce7,base,home,2,4,1164.5854,90,0.0008,109.985,37.847,454,ok,,
d992c10bc1c3ad87eff4e0a45091810242f01ce7,base,home,3,7,1141.4578,70.0,0.0008,111.951,13.019,454,ok,,
d992c10bc1c3ad87eff4e0a45091810242f01ce7,base,home,4,8,1168.0432,95,0.0009,114.95,7.17,472,ok,,
d992c10bc1c3ad87eff4e0a45091810242f01ce7,head,home,0,1,1334.823,142.5,0.0008,109.918,31.804,470,outlier,lcp;tbt,
d992c10bc1c3ad87eff4e0a45091810242f01ce7,head,home,1,2,1147.3083,88.0,0.0011,114.977,29.588,470,ok,,
d992c10bc1c3ad87eff4e0a45091810242f01ce7,head,home,2,5,1165.6804,91.0,0.0008,113.086,17.598,453,ok,,
d992c10bc1c3ad87eff4e0a45091810242f01ce7,head,home,3,6,1165.8628,96.0,0.0008,108.98,46.559,468,ok,,
d992c10bc1c3ad87eff4e0a45091810242f01ce7,head,home,4,9,1315.1395,92,0.0008,116.063,21.579,470,outlier,lcp,
b2b2815954f6561f0980bef8997750dabec16e87,base,home,0,0,1169.4726,86,0.0008,115.532,19.437,454,ok,,
b2b2815954f6561f0980bef8997750dabec16e87,base,home,1,3,1138.8057,67.0,0.0008,112.825,25.724,469,ok,,
b2b2815954f6561f0980bef8997750dabec16e87,base,home,2,4,1140.5951,89.0,0.0008,114.963,25.752,454,ok,,
b2b2815954f6561f0980bef8997750dabec16e87,base,home,3,7,1176.5909,75.0,0.0008,111.276,24.945,474,ok,,
b2b2815954f6561f0980bef8997750dabec16e87,base,home,4,8,1321.3791,69,0.0008,114.661,21.276,470,outlier,lcp,
b2b2815954f6561f0980bef8997750dabec16e87,base,home,5,11,1252.9689,86,0.0009,112.029,20.653,456,outlier,lcp,
b2b2815954f6561f0980bef8997750dabec16e87,base,home,6,12,1164.9125,92,0.0008,110.225,47.8,452,ok,,
b2b2815954f6561f0980bef8997750dabec16e87,base,home,7,15,1167.3477,94,0.0008,113.885,19.665,467,ok,,
b2b2815954f6561f0980bef8997750dabec16e87,base,home,8,16,1382.7615,100,0.0008,108.504,22.738,473,outlier,lcp,
b2b2815954f6561f0980bef8997750dabec16e87,base,home,9,19,1301.7707,112,0.0008,111.573,37.273,455,outlier,lcp,
b2b2815954f6561f0980bef8997750dabec16e87,base,home,10,20,1167.1855,82.0,0.0009,113.508,19.768,454,ok,,
b2b2815954f6561f0980bef8997750dabec16e87,base,home,11,23,1174.5946,68,0.0009,114.903,24.943,452,ok,,
b2b2815954f6561f0980bef8997750dabec16e87,base,home,12,24,1399.09,86,0.0008,112.961,31.436,438,outlier,lcp,
b2b2815954f6561f0980bef8997750dabec16e87,base,home,13,27,1162.0599,88,0.0008,115.396,22.775,456,ok,,
b2b2815954f6561f0980bef8997750dabec16e87,base,home,14,28,1158.6042,85,0.0011,113.129,18.031,452,ok,,
b2b2815954f6561f0980bef8997750dabec16e87,head,home,0,1,1330.0066,100,0.0008,113.097,19.061,471,ok,,
b2b2815954f6561f0980bef8997750dabec16e87,head,home,1,2,1176.6624,92,0.0008,108.571,10.713,455,ok,,
b2b2815954f6561f0980bef8997750dabec16e87,head,home,2,5,1164.8535,89.0,0.0008,112.679,11.024,456,ok,,
b2b2815954f6561f0980bef8997750dabec16e87,head,home,3,6,1403.3605,90,0.0009,113.272,10.046,470,ok,,
b2b2815954f6561f0980bef8997750dabec16e87,head,home,4,9,1167.3395,95,0.0008,115.672,32.084,455,ok,,
b2b2815954f6561f0980bef8997750dabec16e87,head,home,5,10,1156.3273,92,0.0008,116.19,19.762,454,ok,,
b2b2815954f6561f0980bef8997750dabec16e87,head,home,6,13,1323.4754,96.5,0.0008,110.66,29.48,455,ok,,
b2b2815954f6561f0980bef8997750dabec16e87,head,home,7,14,1163.0676,70,0.0008,112.562,13.069,453,ok,,
b2b2815954f6561f0980bef8997750dabec16e87,head,home,8,17,1430.58,120,0.0009,108.186,21.823,490,ok,,
b2b2815954f6561f0980bef8997750dabec16e87,head,home,9,18,1332.1855,88,0.0008,109.989,21.714,454,ok,,
b2b2815954f6561f0980bef8997750dabec16e87,head,home,10,21,1460.8346,113.0,0.0008,135.953,40.983,487,outlier,inp,
b2b2815954f6561f0980bef8997750dabec16e87,head,home,11,22,1336.464,94,0.0008,111.905,31.587,472,ok,,
b2b2815954f6561f0980bef8997750dabec16e87,head,home,12,25,1168.9359,77,0.0008,125.498,32.248,471,ok,,
b2b2815954f6561f0980bef8997750dabec16e87,head,home,13,26,1241.5864,68.0,0.0009,110.634,28.31,455,ok,,
b2b2815954f6561f0980bef8997750dabec16e87,head,home,14,29,1164.8741,76,0.0008,113.006,22.175,454,ok,,
0457ac90634b8556feaa9c0e56be94d3f13fd9bd,base,home,0,0,1164.7515,93,0.0008,138.131,59.901,470,outlier,inp,
0457ac90634b8556feaa9c0e56be94d3f13fd9bd,base,home,1,3,1247.6451,97,0.0008,111.126,31.628,474,outlier,lcp,
0457ac90634b8556feaa9c0e56be94d3f13fd9bd,base,home,2,4,1162.7576,72,0.0008,141.496,47.928,453,outlier,inp,
0457ac90634b8556feaa9c0e56be94d3f13fd9bd,base,home,3,7,1247.348,98,0.0009,111.958,33.802,472,outlier,lcp,
0457ac90634b8556feaa9c0e56be94d3f13fd9bd,base,home,4,8,1166.8775,74,0.0008,114.173,34.305,455,ok,,
0457ac90634b8556feaa9c0e56be94d3f13fd9bd,head,home,0,1,1342.704,104,0.0008,112.305,24.732,472,outlier,lcp,
0457ac90634b8556feaa9c0e56be94d3f13fd9bd,head,home,1,2,1177.122,88.0,0.0008,110.252,27.333,473,ok,,
0457ac90634b8556feaa9c0e56be94d3f13fd9bd,head,home,2,5,1158.5672,64,0.0008,113.16,20.504,439,ok,,
0457ac90634b8556feaa9c0e56be94d3f13fd9bd,head,home,3,6,1165.2536,94,0.0008,110.089,27.646,454,ok,,
0457ac90634b8556feaa9c0e56be94d3f13fd9bd,head,home,4,9,1139.7065,88,0.0009,112.755,29.402,456,ok,,
f6d85bc80fe328e8f472636eb0d541f7bb891aa0,base,home,0,0,1262.4374,112,0.0008,87.297,21.454,483,outlier,inp,
f6d85bc80fe328e8f472636eb0d541f7bb891aa0,base,home,1,3,1163.238,70,0.0008,114.53,25.237,471,ok,,
f6d85bc80fe328e8f472636eb0d541f7bb891aa0,base,home,2,4,1162.6177,85,0.0008,112.231,22.483,455,ok,,
f6d85bc80fe328e8f472636eb0d541f7bb891aa0,base,home,3,7,1256.6481,90,0.0009,113.454,24.74,487,ok,,
f6d85bc80fe328e8f472636eb0d541f7bb891aa0,base,home,4,8,1240.7313,67,0.0008,114.373,8.285,475,ok,,
f6d85bc80fe328e8f472636eb0d541f7bb891aa0,head,home,0,1,1166.8449,93,0.0008,112.482,17.477,471,ok,,
f6d85bc80fe328e8f472636eb0d541f7bb891aa0,head,home,1,2,1175.9456,103.0,0.0008,113.174,28.031,474,ok,,
f6d85bc80fe328e8f472636eb0d541f7bb891aa0,head,home,2,5,1167.2411,93,0.0008,111.614,15.218,469,ok,,
f6d85bc80fe328e8f472636eb0d541f7bb891aa0,head,home,3,6,1342.1974,99,0.0008,112.137,19.872,472,outlier,lcp,
f6d85bc80fe328e8f472636eb0d541f7bb891aa0,head,home,4,9,1300.5355,69.0,0.0008,115.186,20.732,454,outlier,lcp,
b42b1a193d5311d319861cd925ba89ca073ab2d4,base,home,0,0,1382.9409,115,0.0008,86.36,31.1,502,outlier,inp,
b42b1a193d5311d319861cd925ba89ca073ab2d4,base,home,1,3,1415.86,110.0,0.0009,111.226,20.756,485,ok,,
b42b1a193d5311d319861cd925ba89ca073ab2d4,base,home,2,4,1166.6811,91.0,0.0008,116.691,33.635,471,ok,,
b42b1a193d5311d319861cd925ba89ca073ab2d4,base,home,3,7,1166.0461,93.0,0.001,115.216,25.276,459,ok,,
b42b1a193d5311d319861cd925ba89ca073ab2d4,base,home,4,8,1327.9686,95.0,0.0008,112.347,19.663,472,ok,,
b42b1a193d5311d319861cd925ba89ca073ab2d4,head,home,0,1,1368.9931,114.0,0.0008,104.665,31.839,472,outlier,lcp,
b42b1a193d5311d319861cd925ba89ca073ab2d4,head,home,1,2,1162.4583,90,0.0009,132.549,54.181,489,ok,,
b42b1a193d5311d319861cd925ba89ca073ab2d4,head,home,2,5,1173.9628,92,0.0008,115.967,21.28,472,ok,,
b42b1a193d5311d319861cd925ba89ca073ab2d4,head,home,3,6,1164.4219,89,0.0008,145.054,58.162,471,ok,,
b42b1a193d5311d319861cd925ba89ca073ab2d4,head,home,4,9,1144.8347,92,0.0008,103.672,27.762,454,ok,,
33721492771919e8569964fe0b034a9cf7f25955,base,home,0,0,1164.214,88.0,0.0008,92.766,19.881,454,ok,,
33721492771919e8569964fe0b034a9cf7f25955,base,home,1,3,1255.8494,87.0,0.0009,105.745,23.996,471,ok,,
33721492771919e8569964fe0b034a9cf7f25955,base,home,2,4,1335.7504,89,0.0008,109.463,21.207,468,ok,,
33721492771919e8569964fe0b034a9cf7f25955,base,home,3,7,1332.9293,86,0.0008,103.76,27.076,471,ok,,
33721492771919e8569964fe0b034a9cf7f25955,base,home,4,8,1159.8604,84,0.0008,137.298,25.671,438,outlier,inp,
33721492771919e8569964fe0b034a9cf7f25955,head,home,0,1,1179.8942,75,0.0008,103.893,18.347,473,ok,,
33721492771919e8569964fe0b034a9cf7f25955,head,home,1,2,1144.6967,72,0.0009,106.091,22.137,471,ok,,
33721492771919e8569964fe0b034a9cf7f25955,head,home,2,5,1173.9339,89,0.0008,104.299,27.668,469,ok,,
33721492771919e8569964fe0b034a9cf7f25955,head,home,3,6,1162.3486,70,0.0008,112.927,19.563,454,ok,,
33721492771919e8569964fe0b034a9cf7f25955,head,home,4,9,1191.6477,87,0.0008,109.241,16.582,470,ok,,
b6d80e4256e718d14b2dc173315fb524f473320c,base,home,0,0,1434.1339,113,0.0008,108.09,47.569,521,outlier,lcp,
b6d80e4256e718d14b2dc173315fb524f473320c,base,home,1,3,1167.2175,97.0,0.0008,138.804,32.639,473,outlier,inp,
b6d80e4256e718d14b2dc173315fb524f473320c,base,home,2,4,1157.1548,94.0,0.0009,116.367,20.233,459,ok,,
b6d80e4256e718d14b2dc173315fb524f473320c,base,home,3,7,1157.9479,87.0,0.0008,108.068,21.574,455,ok,,
b6d80e4256e718d14b2dc173315fb524f473320c,base,home,4,8,1191.4461,70,0.0008,110.133,17.84,490,ok,,
b6d80e4256e718d14b2dc173315fb524f473320c,head,home,0,1,1161.5576,89,0.0008,93.389,6.437,437,ok,,
b6d80e4256e718d14b2dc173315fb524f473320c,head,home,1,2,1169.3117,86,0.0008,119.611,25.105,453,ok,,
b6d80e4256e718d14b2dc173315fb524f473320c,head,home,2,5,1166.9786,93,0.0008,112.314,29.547,470,ok,,
b6d80e4256e718d14b2dc173315fb524f473320c,head,home,3,6,1162.9603,94,0.0009,104.916,22.738,453,ok,,
b6d80e4256e718d14b2dc173315fb524f473320c,head,home,4,9,1159.6021,87,0.0008,110.397,21.326,457,ok,,
647a264a485a33bf1bf2cec9adcc8cc2151b253c,base,home,0,0,1427.5995,119,0.0008,88.614,26.574,518,outlier,lcp,
647a264a485a33bf1bf2cec9adcc8cc2151b253c,base,home,1,3,1179.2107,107,0.0008,136.907,27.316,472,ok,,
647a264a485a33bf1bf2cec9adcc8cc2151b253c,base,home,2,4,1164.1841,69.0,0.0009,106.175,27.705,473,ok,,
647a264a485a33bf1bf2cec9adcc8cc2151b253c,base,home,3,7,1162.0622,87,0.0008,117.648,17.775,455,ok,,
647a264a485a33bf1bf2cec9adcc8cc2151b253c,base,home,4,8,1325.7142,94,0.0008,118.413,26.502,470,outlier,lcp,
647a264a485a33bf1bf2cec9adcc8cc2151b253c,head,home,0,1,1165.4727,119,0.0008,115.455,24.486,473,ok,,
647a264a485a33bf1bf2cec9adcc8cc2151b253c,head,home,1,2,1334.2027,88,0.0008,124.527,25.697,473,outlier,lcp,
647a264a485a33bf1bf2cec9adcc8cc2151b253c,head,home,2,5,1159.7459,85,0.0009,104.554,27.893,455,ok,,
647a264a485a33bf1bf2cec9adcc8cc2151b253c,head,home,3,6,1139.2337,89,0.0008,117.611,25.385,454,ok,,
647a264a485a33bf1bf2cec9adcc8cc2151b253c,head,home,4,9,1165.7908,90.0,0.0009,110.702,15.533,460,ok,,
61fe15a51d1a74e5edd564b366889ea8789aec1c,base,home,0,0,1293.1374,99.0,0.0009,92.284,44.95,482,outlier,lcp,
61fe15a51d1a74e5edd564b366889ea8789aec1c,base,home,1,3,1159.872,89.0,0.0008,108.771,24.238,455,ok,,
61fe15a51d1a74e5edd564b366889ea8789aec1c,base,home,2,4,1152.3664,85,0.0008,120.979,26.621,453,ok,,
61fe15a51d1a74e5edd564b366889ea8789aec1c,base,home,3,7,1156.4851,110.0,0.0008,91.713,18.699,471,ok,,
61fe15a51d1a74e5edd564b366889ea8789aec1c,base,home,4,8,1324.9313,89,0.0008,117.099,9.432,473,outlier,lcp,
61fe15a51d1a74e5edd564b366889ea8789aec1c,head,home,0,1,1305.8412,92,0.0008,113.974,7.451,470,outlier,lcp,
61fe15a51d1a74e5edd564b366889ea8789aec1c,head,home,1,2,1161.139,89,0.0008,120.175,25.571,454,ok,,
61fe15a51d1a74e5edd564b366889ea8789aec1c,head,home,2,5,1170.7844,107,0.0008,122.325,28.927,473,ok,,
61fe15a51d1a74e5edd564b366889ea8789aec1c,head,home,3,6,1160.4106,95,0.0008,114.078,28.339,475,ok,,
61fe15a51d1a74e5edd564b366889ea8789aec1c,head,home,4,9,1338.8097,99.0,0.0008,118.468,25.246,472,outlier,lcp,
0cf56b19c79a28dda52f0dcb1c5392ed19cb5fcd,base,home,0,0,1266.0195,108.5,0.0008,102.254,16.111,498,outlier,lcp,
0cf56b19c79a28dda52f0dcb1c5392ed19cb5fcd,base,home,1,3,1163.2725,92,0.0008,105.67,25.533,471,ok,,
0cf56b19c79a28dda52f0dcb1c5392ed19cb5fcd,base,home,2,4,1162.1699,91,0.0009,109.779,17.997,439,ok,,
0cf56b19c79a28dda52f0dcb1c5392ed19cb5fcd,base,home,3,7,1168.7472,96,0.0008,94.504,19.235,456,ok,,
0cf56b19c79a28dda52f0dcb1c5392ed19cb5fcd,base,home,4,8,1322.6474,89,0.0009,137.618,28.734,470,outlier,lcp;inp,
0cf56b19c79a28dda52f0dcb1c5392ed19cb5fcd,head,home,0,1,1177.8288,90,0.0008,109.541,19.701,471,ok,,
0cf56b19c79a28dda52f0dcb1c5392ed19cb5fcd,head,home,1,2,1334.059,99,0.0008,108.828,19.203,469,outlier,lcp,
0cf56b19c79a28dda52f0dcb1c5392ed19cb5fcd,head,home,2,5,1315.2714,90.0,0.0008,106.287,24.674,472,outlier,lcp,
0cf56b19c79a28dda52f0dcb1c5392ed19cb5fcd,head,home,3,6,1165.471,91.0,0.0008,119.952,27.818,455,ok,,
0cf56b19c79a28dda52f0dcb1c5392ed19cb5fcd,head,home,4,9,1160.5375,70,0.0008,109.912,17.43,453,ok,,
a83ac488536dbf4bc4dcf1f472f72ce3b4bd2073,base,home,0,0,1784.728,920.3632,0.0002,108.686,48.477,1154,outlier,lcp;tbt;lcpObs,
a83ac488536dbf4bc4dcf1f472f72ce3b4bd2073,base,home,1,3,1165.1593,92,0.0009,108.869,19.099,469,ok,,
a83ac488536dbf4bc4dcf1f472f72ce3b4bd2073,base,home,2,4,1155.4088,75.0,0.0008,107.217,27.082,454,ok,,
a83ac488536dbf4bc4dcf1f472f72ce3b4bd2073,base,home,3,7,1166.4246,73,0.0008,92.168,22.68,455,ok,,
a83ac488536dbf4bc4dcf1f472f72ce3b4bd2073,base,home,4,8,1325.9847,71.0,0.0008,90.988,22.573,471,outlier,lcp,
a83ac488536dbf4bc4dcf1f472f72ce3b4bd2073,head,home,0,1,1136.9986,83,0.0008,121.358,9.664,452,ok,,
a83ac488536dbf4bc4dcf1f472f72ce3b4bd2073,head,home,1,2,1164.5815,94.0,0.001,90.538,21.603,454,ok,,
a83ac488536dbf4bc4dcf1f472f72ce3b4bd2073,head,home,2,5,1180.7026,77.0,0.0008,92.793,17.873,469,ok,,
a83ac488536dbf4bc4dcf1f472f72ce3b4bd2073,head,home,3,6,1161.3154,70,0.0008,108.592,10.119,454,ok,,
a83ac488536dbf4bc4dcf1f472f72ce3b4bd2073,head,home,4,9,1159.6369,66.0,0.0008,111.024,9.449,457,ok,,
b324a85ab1c53d1a96b351cdb4e9292cd41cab6d,base,home,0,0,1144.5736,91,0.0009,117.966,34.752,450,ok,,
b324a85ab1c53d1a96b351cdb4e9292cd41cab6d,base,home,1,3,1160.8057,107,0.0008,92.325,7.039,455,outlier,inp,
b324a85ab1c53d1a96b351cdb4e9292cd41cab6d,base,home,2,4,1332.7631,70.0,0.0008,119.965,25.733,452,outlier,lcp,
b324a85ab1c53d1a96b351cdb4e9292cd41cab6d,base,home,3,7,1177.7219,71.0,0.0008,118.217,25.852,453,ok,,
b324a85ab1c53d1a96b351cdb4e9292cd41cab6d,base,home,4,8,1342.7941,105,0.0008,109.295,16.185,473,outlier,lcp,
b324a85ab1c53d1a96b351cdb4e9292cd41cab6d,head,home,0,1,1322.6841,87,0.0009,106.66,24.735,470,outlier,lcp,
b324a85ab1c53d1a96b351cdb4e9292cd41cab6d,head,home,1,2,1163.9306,71.0,0.0008,118.889,16.922,450,ok,,
b324a85ab1c53d1a96b351cdb4e9292cd41cab6d,head,home,2,5,1166.6098,95,0.0008,118.216,27.28,471,ok,,
b324a85ab1c53d1a96b351cdb4e9292cd41cab6d,head,home,3,6,1174.0035,97,0.0008,117.675,23.458,472,ok,,
b324a85ab1c53d1a96b351cdb4e9292cd41cab6d,head,home,4,9,1162.453,88.0,0.0009,92.818,15.941,456,outlier,inp,
069982606dd7178c13e6c2293ede756c6767d3bc,base,home,0,0,1470.4823,105,0.0008,87.215,33.666,518,outlier,lcp;lcpObs,
069982606dd7178c13e6c2293ede756c6767d3bc,base,home,1,3,1151.0319,86.0,0.0008,121.787,29.768,454,ok,,
069982606dd7178c13e6c2293ede756c6767d3bc,base,home,2,4,1159.6166,88.0,0.0009,119.876,23.346,453,ok,,
069982606dd7178c13e6c2293ede756c6767d3bc,base,home,3,7,1162.0564,90,0.0008,102.077,31.196,455,ok,,
069982606dd7178c13e6c2293ede756c6767d3bc,base,home,4,8,1172.3784,106.0,0.0008,133.842,24.017,468,ok,,
069982606dd7178c13e6c2293ede756c6767d3bc,head,home,0,1,1173.5479,120,0.0011,114.551,34.09,472,ok,,
069982606dd7178c13e6c2293ede756c6767d3bc,head,home,1,2,1164.1087,92.0,0.0008,112.447,15.141,454,ok,,
069982606dd7178c13e6c2293ede756c6767d3bc,head,home,2,5,1177.1484,95.0,0.0008,142.221,12.122,471,outlier,inp,
069982606dd7178c13e6c2293ede756c6767d3bc,head,home,3,6,1165.5539,73,0.0008,118.43,8.015,455,ok,,
069982606dd7178c13e6c2293ede756c6767d3bc,head,home,4,9,1162.6851,88,0.0008,123.358,34.323,472,ok,,
1cb9fff569b62d717d70f812f797a2e6235a24fd,base,home,0,0,1165.8519,91.0,0.0008,118.595,30.313,469,ok,,
1cb9fff569b62d717d70f812f797a2e6235a24fd,base,home,1,3,1149.2256,98.0,0.0009,92.108,6.711,454,ok,,
1cb9fff569b62d717d70f812f797a2e6235a24fd,base,home,2,4,1150.5235,86,0.0009,125.237,42.991,452,ok,,
1cb9fff569b62d717d70f812f797a2e6235a24fd,base,home,3,7,1170.2049,87.0,0.0009,110.166,19.314,453,ok,,
1cb9fff569b62d717d70f812f797a2e6235a24fd,base,home,4,8,1160.2278,68,0.0008,121.069,10.857,456,ok,,
1cb9fff569b62d717d70f812f797a2e6235a24fd,head,home,0,1,1161.2581,68,0.0008,131.011,31.013,471,ok,,
1cb9fff569b62d717d70f812f797a2e6235a24fd,head,home,1,2,1167.3325,98,0.0008,114.349,27.382,457,ok,,
1cb9fff569b62d717d70f812f797a2e6235a24fd,head,home,2,5,1329.5545,97.0,0.0008,105.517,25.386,471,outlier,lcp,
1cb9fff569b62d717d70f812f797a2e6235a24fd,head,home,3,6,1147.3259,94.0,0.0009,109.832,11.82,472,ok,,
1cb9fff569b62d717d70f812f797a2e6235a24fd,head,home,4,9,1163.1039,87.0,0.0009,112.113,20.324,453,ok,,
0642e72cfa2d9a71198200e52f37399384610ee3,base,home,0,0,1338.0774,84.0,0.0008,92.052,23.789,485,outlier,lcp;inp,
0642e72cfa2d9a71198200e52f37399384610ee3,base,home,1,3,1166.0329,93,0.0008,118.381,41.035,473,ok,,
0642e72cfa2d9a71198200e52f37399384610ee3,base,home,2,4,1178.4828,74.0,0.0008,117.154,27.212,470,ok,,
0642e72cfa2d9a71198200e52f37399384610ee3,base,home,3,7,1164.7655,88.0,0.0008,119.005,25.428,471,ok,,
0642e72cfa2d9a71198200e52f37399384610ee3,base,home,4,8,1327.1453,93,0.0008,116.474,31.092,471,outlier,lcp,
0642e72cfa2d9a71198200e52f37399384610ee3,head,home,0,1,1174.9376,92,0.0008,112.925,18.444,469,ok,,
0642e72cfa2d9a71198200e52f37399384610ee3,head,home,1,2,1367.7009,115,0.0008,108.42,16.92,471,outlier,lcp,
0642e72cfa2d9a71198200e52f37399384610ee3,head,home,2,5,1165.789,72,0.0008,119.053,18.843,455,ok,,
0642e72cfa2d9a71198200e52f37399384610ee3,head,home,3,6,1150.6794,79.0,0.0008,110.421,17.573,470,ok,,
0642e72cfa2d9a71198200e52f37399384610ee3,head,home,4,9,1321.4351,89,0.0008,117.849,7.264,470,outlier,lcp,
cd514d72d6350082c7f173f7147607c7dc4cb523,base,home,0,0,1150.7921,97.0,0.0009,87.02,23.697,483,outlier,inp,
cd514d72d6350082c7f173f7147607c7dc4cb523,base,home,1,3,1248.2058,92,0.0008,116.029,29.171,473,ok,,
cd514d72d6350082c7f173f7147607c7dc4cb523,base,home,2,4,1342.8248,97.0,0.0008,114.973,34.005,483,ok,,
cd514d72d6350082c7f173f7147607c7dc4cb523,base,home,3,7,1322.5354,89,0.0008,111.631,9.932,470,ok,,
cd514d72d6350082c7f173f7147607c7dc4cb523,base,home,4,8,1167.3411,75,0.0008,118.681,33.346,488,ok,,
cd514d72d6350082c7f173f7147607c7dc4cb523,head,home,0,1,1173.047,88,0.0009,132.319,29.564,453,ok,,
cd514d72d6350082c7f173f7147607c7dc4cb523,head,home,1,2,1163.5563,68.0,0.0008,121.004,26.702,450,ok,,
cd514d72d6350082c7f173f7147607c7dc4cb523,head,home,2,5,1158.5667,104,0.0008,110.227,29.976,471,ok,,
cd514d72d6350082c7f173f7147607c7dc4cb523,head,home,3,6,1165.4149,74,0.0008,118.077,33.261,455,ok,,
cd514d72d6350082c7f173f7147607c7dc4cb523,head,home,4,9,1331.7366,80,0.0008,122.402,27.238,472,outlier,lcp,
070df27e4d18cdc9265c9a9692089fe90b6019da,base,home,0,0,1377.7815,112,0.0008,108.291,56.145,499,ok,,
070df27e4d18cdc9265c9a9692089fe90b6019da,base,home,1,3,1420.6074,101.0,0.0009,115.019,6.795,522,ok,,
070df27e4d18cdc9265c9a9692089fe90b6019da,base,home,2,4,1159.9514,88.0,0.0008,116.645,28.965,456,outlier,lcp,
070df27e4d18cdc9265c9a9692089fe90b6019da,base,home,3,7,1439.8868,141.0,0.0008,90.654,14.028,543,outlier,inp,
070df27e4d18cdc9265c9a9692089fe90b6019da,base,home,4,8,1338.8412,101.0,0.0008,115.331,25.888,472,ok,,
070df27e4d18cdc9265c9a9692089fe90b6019da,head,home,0,1,1446.5795,105,0.0008,120.762,28.518,488,ok,,
070df27e4d18cdc9265c9a9692089fe90b6019da,head,home,1,2,1162.2046,89,0.0008,118.536,19.595,474,ok,,
070df27e4d18cdc9265c9a9692089fe90b6019da,head,home,2,5,1343.5332,99.0,0.0008,91.564,22.437,492,outlier,inp,
070df27e4d18cdc9265c9a9692089fe90b6019da,head,home,3,6,1370.9374,116,0.0008,134.306,27.551,470,ok,,
070df27e4d18cdc9265c9a9692089fe90b6019da,head,home,4,9,1168.0904,76,0.0008,118.013,24.376,454,ok,,
2a82821ec5970691199e1ffc6a49ac31f311ab59,base,home,0,0,1140.0725,87,0.0008,91.709,19.703,450,ok,,
2a82821ec5970691199e1ffc6a49ac31f311ab59,base,home,1,3,1163.847,90,0.0008,111.886,17.135,450,ok,,
2a82821ec5970691199e1ffc6a49ac31f311ab59,base,home,2,4,1139.7719,88,0.0009,118.008,31.968,452,ok,,
2a82821ec5970691199e1ffc6a49ac31f311ab59,base,home,3,7,1314.2214,90,0.0008,105.779,22.975,471,outlier,lcp,
2a82821ec5970691199e1ffc6a49ac31f311ab59,base,home,4,8,1137.0446,83.0,0.0009,117.97,26.926,456,ok,,
2a82821ec5970691199e1ffc6a49ac31f311ab59,head,home,0,1,1141.4831,90.0,0.0011,117.029,14.442,439,ok,,
2a82821ec5970691199e1ffc6a49ac31f311ab59,head,home,1,2,1169.4851,98,0.0008,141.255,28.395,473,outlier,inp,
2a82821ec5970691199e1ffc6a49ac31f311ab59,head,home,2,5,1167.7137,102.0,0.0008,114.147,22.41,471,ok,,
2a82821ec5970691199e1ffc6a49ac31f311ab59,head,home,3,6,1411.373,97,0.0008,108.533,24.53,470,outlier,lcp,
2a82821ec5970691199e1ffc6a49ac31f311ab59,head,home,4,9,1153.3006,90,0.0008,115.038,21.21,454,ok,,
20f694d110d1e9048a7037ce84a82eb50d84e9dd,base,home,0,0,1301.4505,70.0,0.0008,90.491,20.825,470,outlier,lcp,
20f694d110d1e9048a7037ce84a82eb50d84e9dd,base,home,1,3,1176.7391,73.0,0.0008,119.638,25.578,473,ok,,
20f694d110d1e9048a7037ce84a82eb50d84e9dd,base,home,2,4,1168.1869,73.0,0.0009,115.767,22.708,473,ok,,
20f694d110d1e9048a7037ce84a82eb50d84e9dd,base,home,3,7,1159.6621,110.0,0.0008,110.85,20.004,453,outlier,tbt,
20f694d110d1e9048a7037ce84a82eb50d84e9dd,base,home,4,8,1161.054,67,0.0008,104.352,24.564,452,ok,,
20f694d110d1e9048a7037ce84a82eb50d84e9dd,head,home,0,1,1379.1109,108,0.0008,112.594,16.276,487,outlier,lcp,
20f694d110d1e9048a7037ce84a82eb50d84e9dd,head,home,1,2,1164.1926,88.0,0.0008,118.975,26.903,453,ok,,
20f694d110d1e9048a7037ce84a82eb50d84e9dd,head,home,2,5,1163.0074,68,0.0008,90.025,19.485,469,outlier,inp,
20f694d110d1e9048a7037ce84a82eb50d84e9dd,head,home,3,6,1322.8146,91.0,0.0008,110.642,9.068,471,outlier,lcp,
20f694d110d1e9048a7037ce84a82eb50d84e9dd,head,home,4,9,1162.6331,88,0.0008,116.215,20.43,448,ok,,
e4c70cb6c6493c816da94ec23188321854296e64,base,home,0,0,1430.1435,115.0,0.0008,85.099,37.956,507,outlier,lcp;inp;tbtFlow,
e4c70cb6c6493c816da94ec23188321854296e64,base,home,1,3,1180.092,97.0,0.0008,112.209,85.916,462,ok,,
e4c70cb6c6493c816da94ec23188321854296e64,base,home,2,4,1163.6382,93,0.0008,108.601,46.261,464,outlier,tbtFlow,
e4c70cb6c6493c816da94ec23188321854296e64,base,home,3,7,1161.3773,92.0,0.0009,110.878,90.913,465,ok,,
e4c70cb6c6493c816da94ec23188321854296e64,base,home,4,8,1370.6588,101.0,0.0008,116.354,89.229,476,outlier,lcp,
e4c70cb6c6493c816da94ec23188321854296e64,head,home,0,1,1143.9823,72,0.0008,121.524,89.965,465,ok,,
e4c70cb6c6493c816da94ec23188321854296e64,head,home,1,2,1369.2509,98,0.0008,118.02,83.925,473,ok,,
e4c70cb6c6493c816da94ec23188321854296e64,head,home,2,5,1322.747,89,0.0008,112.13,83.836,475,ok,,
e4c70cb6c6493c816da94ec23188321854296e64,head,home,3,6,1248.4703,97.0,0.0008,121.01,110.075,466,ok,,
e4c70cb6c6493c816da94ec23188321854296e64,head,home,4,9,1325.2788,92.0,0.0008,114.878,72.035,473,ok,,
c070c8ffa62c4c88d48f33fd18a7a40d55bb808a,base,home,0,0,1380.8912,115,0.0008,93.615,51.321,494,outlier,inp,
c070c8ffa62c4c88d48f33fd18a7a40d55bb808a,base,home,1,3,1368.7601,118,0.0008,108.943,81.773,478,ok,,
c070c8ffa62c4c88d48f33fd18a7a40d55bb808a,base,home,2,4,1325.3966,62.5,0.0008,109.403,70.819,476,outlier,tbt,
c070c8ffa62c4c88d48f33fd18a7a40d55bb808a,base,home,3,7,1432.1561,114,0.0008,124.507,130.557,513,ok,,
c070c8ffa62c4c88d48f33fd18a7a40d55bb808a,base,home,4,8,1458.4869,112,0.0009,128.051,191.453,502,ok,,
c070c8ffa62c4c88d48f33fd18a7a40d55bb808a,base,home,5,11,1429.4839,106.0,0.0008,129.633,92.578,516,ok,,
c070c8ffa62c4c88d48f33fd18a7a40d55bb808a,base,home,6,12,1373.6599,123,0.0008,129.582,161.824,484,ok,,
c070c8ffa62c4c88d48f33fd18a7a40d55bb808a,base,home,7,15,1169.0379,99,0.0009,120.751,185.917,467,ok,,
c070c8ffa62c4c88d48f33fd18a7a40d55bb808a,base,home,8,16,1316.434,94,0.0008,126.002,162.368,474,ok,,
c070c8ffa62c4c88d48f33fd18a7a40d55bb808a,base,home,9,19,1165.1134,111,0.0009,139.25,148.775,470,ok,,
c070c8ffa62c4c88d48f33fd18a7a40d55bb808a,base,home,10,20,1332.597,102.0,0.0008,118.87,122.842,478,ok,,
c070c8ffa62c4c88d48f33fd18a7a40d55bb808a,base,home,11,23,1163.2851,101.0,0.0009,126.327,199.455,474,ok,,
c070c8ffa62c4c88d48f33fd18a7a40d55bb808a,base,home,12,24,1332.0505,61.0,0.0008,147.431,194.68,468,outlier,tbt,
c070c8ffa62c4c88d48f33fd18a7a40d55bb808a,base,home,13,27,1339.1417,90,0.0008,95.601,51.694,472,outlier,inp,
c070c8ffa62c4c88d48f33fd18a7a40d55bb808a,base,home,14,28,1383.6005,121,0.0008,91.447,59.799,501,outlier,inp,
c070c8ffa62c4c88d48f33fd18a7a40d55bb808a,head,home,0,1,1172.2331,99,0.0008,110.608,58.693,473,ok,,
c070c8ffa62c4c88d48f33fd18a7a40d55bb808a,head,home,1,2,1148.9792,98.0,0.0009,122.688,86.018,462,ok,,
c070c8ffa62c4c88d48f33fd18a7a40d55bb808a,head,home,2,5,1149.0706,115,0.0008,123.714,84.986,462,ok,,
c070c8ffa62c4c88d48f33fd18a7a40d55bb808a,head,home,3,6,1368.5817,96,0.0008,138.462,186.671,482,ok,,
c070c8ffa62c4c88d48f33fd18a7a40d55bb808a,head,home,4,9,1320.3021,126.0,0.0008,137.255,122.177,488,ok,,
c070c8ffa62c4c88d48f33fd18a7a40d55bb808a,head,home,5,10,1375.6792,108,0.0008,127.337,124.156,499,ok,,
c070c8ffa62c4c88d48f33fd18a7a40d55bb808a,head,home,6,13,1355.3881,118,0.0008,121.993,147.294,496,ok,,
c070c8ffa62c4c88d48f33fd18a7a40d55bb808a,head,home,7,14,1412.9954,103,0.0008,129.006,169.192,502,ok,,
c070c8ffa62c4c88d48f33fd18a7a40d55bb808a,head,home,8,17,1148.0572,97,0.0009,119.737,141.229,463,ok,,
c070c8ffa62c4c88d48f33fd18a7a40d55bb808a,head,home,9,18,1166.9649,115,0.0009,130.768,191.207,474,ok,,
c070c8ffa62c4c88d48f33fd18a7a40d55bb808a,head,home,10,21,1250.9566,66,0.0008,141.08,135.406,481,ok,,
c070c8ffa62c4c88d48f33fd18a7a40d55bb808a,head,home,11,22,1172.0995,84.0,0.0008,130.618,191.314,489,ok,,
c070c8ffa62c4c88d48f33fd18a7a40d55bb808a,head,home,12,25,1346.793,126,0.0008,204.935,108.956,492,outlier,inp,
c070c8ffa62c4c88d48f33fd18a7a40d55bb808a,head,home,13,26,1493.8266,83.0,0.0008,142.095,106.874,504,ok,,
c070c8ffa62c4c88d48f33fd18a7a40d55bb808a,head,home,14,29,1342.3462,115,0.0008,124.213,80.329,473,ok,,
4ce70b815eccbe684866f83d2dcbcba8fc8a97a6,base,home,0,0,1178.0906,96,0.0009,95.708,50.218,476,ok,,
4ce70b815eccbe684866f83d2dcbcba8fc8a97a6,base,home,1,3,1178.3795,106,0.0009,113.23,79.54,484,ok,,
4ce70b815eccbe684866f83d2dcbcba8fc8a97a6,base,home,2,4,1151.4631,100.0,0.0008,120.608,85.892,478,ok,,
4ce70b815eccbe684866f83d2dcbcba8fc8a97a6,base,home,3,7,1149.6137,79,0.0008,117.447,46.315,443,ok,,
4ce70b815eccbe684866f83d2dcbcba8fc8a97a6,base,home,4,8,1166.7285,94,0.0008,124.252,77.565,466,ok,,
4ce70b815eccbe684866f83d2dcbcba8fc8a97a6,base,home,5,11,1328.2659,57,0.0008,106.511,62.078,469,outlier,lcp;tbt,
4ce70b815eccbe684866f83d2dcbcba8fc8a97a6,base,home,6,12,1326.7664,94.0,0.0008,114.197,75.713,469,outlier,lcp,
4ce70b815eccbe684866f83d2dcbcba8fc8a97a6,base,home,7,15,1391.0836,103.0,0.0008,127.165,99.872,502,outlier,lcp,
4ce70b815eccbe684866f83d2dcbcba8fc8a97a6,base,home,8,16,1466.2804,152.0,0.0008,100.728,70.336,574,outlier,lcp;tbt;lcpObs,
4ce70b815eccbe684866f83d2dcbcba8fc8a97a6,base,home,9,19,1342.8516,117,0.0008,150.839,196.272,480,outlier,lcp,
4ce70b815eccbe684866f83d2dcbcba8fc8a97a6,base,home,10,20,1368.5674,94,0.0009,130.834,131.409,476,outlier,lcp,
4ce70b815eccbe684866f83d2dcbcba8fc8a97a6,base,home,11,23,1310.838,118,0.0008,125.819,171.276,484,outlier,lcp,
4ce70b815eccbe684866f83d2dcbcba8fc8a97a6,base,home,12,24,1173.7026,105,0.0008,139.201,143.529,487,ok,,
4ce70b815eccbe684866f83d2dcbcba8fc8a97a6,base,home,13,27,1166.8871,97.0,0.0008,137.356,171.382,467,ok,,
4ce70b815eccbe684866f83d2dcbcba8fc8a97a6,base,home,14,28,1171.2058,119,0.0009,131.015,185.724,480,ok,,
4ce70b815eccbe684866f83d2dcbcba8fc8a97a6,head,home,0,1,1392.2748,120.0,0.0009,113.6,72.79,500,ok,,
4ce70b815eccbe684866f83d2dcbcba8fc8a97a6,head,home,1,2,1376.3015,109.0,0.0008,124,84.752,491,ok,,
4ce70b815eccbe684866f83d2dcbcba8fc8a97a6,head,home,2,5,1287.3936,57.5,0.0008,108.417,67.119,469,outlier,tbt,
4ce70b815eccbe684866f83d2dcbcba8fc8a97a6,head,home,3,6,1364.5225,96.0,0.0008,110.521,73.877,482,ok,,
4ce70b815eccbe684866f83d2dcbcba8fc8a97a6,head,home,4,9,1178.9534,75,0.0008,114.623,71.414,463,ok,,
4ce70b815eccbe684866f83d2dcbcba8fc8a97a6,head,home,5,10,1369.0042,99,0.0008,120.869,86.811,475,ok,,
4ce70b815eccbe684866f83d2dcbcba8fc8a97a6,head,home,6,13,1163.7859,75,0.0008,134.232,189.432,461,ok,,
4ce70b815eccbe684866f83d2dcbcba8fc8a97a6,head,home,7,14,1174.7262,105.0,0.0009,134.327,126.021,479,ok,,
4ce70b815eccbe684866f83d2dcbcba8fc8a97a6,head,home,8,17,1423.7816,116.0,0.0009,130.32,199.186,522,ok,,
4ce70b815eccbe684866f83d2dcbcba8fc8a97a6,head,home,9,18,1438.3666,134,0.0008,122.05,177.249,504,ok,,
4ce70b815eccbe684866f83d2dcbcba8fc8a97a6,head,home,10,21,1475.0601,116.0,0.0008,133.807,136.496,510,ok,,
4ce70b815eccbe684866f83d2dcbcba8fc8a97a6,head,home,11,22,1372.5667,99,0.0008,125.313,133.115,490,ok,,
4ce70b815eccbe684866f83d2dcbcba8fc8a97a6,head,home,12,25,1418.7014,126,0.0008,138.862,139.021,504,ok,,
4ce70b815eccbe684866f83d2dcbcba8fc8a97a6,head,home,13,26,1194.0121,115,0.0009,142.733,169.553,478,ok,,
4ce70b815eccbe684866f83d2dcbcba8fc8a97a6,head,home,14,29,1439.0705,113.0,0.0008,130.122,130.369,523,ok,,
cce5001aaafe0286855984cf1b4e154b6ce86754,base,home,0,0,1430.5315,106,0.0008,110.508,68.877,516,outlier,tbtFlow,
cce5001aaafe0286855984cf1b4e154b6ce86754,base,home,1,3,1328.8301,95,0.0008,139.201,122.053,469,ok,,
cce5001aaafe0286855984cf1b4e154b6ce86754,base,home,2,4,1325.9654,73,0.0008,139.913,127.281,482,ok,,
cce5001aaafe0286855984cf1b4e154b6ce86754,base,home,3,7,1178.7568,95.0,0.0008,128.702,121.18,473,ok,,
cce5001aaafe0286855984cf1b4e154b6ce86754,base,home,4,8,1366.2446,75.0,0.0008,146.125,153.174,472,outlier,tbtFlow,
cce5001aaafe0286855984cf1b4e154b6ce86754,head,home,0,1,1386.0729,115.5,0.0008,139.738,145.318,506,ok,,
cce5001aaafe0286855984cf1b4e154b6ce86754,head,home,1,2,1175.5431,96.0,0.0008,140.026,151.14,472,ok,,
cce5001aaafe0286855984cf1b4e154b6ce86754,head,home,2,5,1324.6981,56.5,0.0008,132.001,121.145,473,ok,,
cce5001aaafe0286855984cf1b4e154b6ce86754,head,home,3,6,1161.3034,67,0.0008,144.204,106.641,453,ok,,
cce5001aaafe0286855984cf1b4e154b6ce86754,head,home,4,9,1388.9535,123.0,0.0008,167.318,160.524,485,outlier,inp,
51ca8abde450e44f8f0db1b2708e0408915c7ab1,base,home,0,0,1298.3972,108,0.0008,106.84,43.431,504,outlier,inp,
51ca8abde450e44f8f0db1b2708e0408915c7ab1,base,home,1,3,1385.2559,94,0.0008,147.141,125.3,507,ok,,
51ca8abde450e44f8f0db1b2708e0408915c7ab1,base,home,2,4,1178.0083,92.0,0.0009,149.02,129.54,469,ok,,
51ca8abde450e44f8f0db1b2708e0408915c7ab1,base,home,3,7,1403.1176,147.0,0.0008,164.593,160.675,507,outlier,tbt,
51ca8abde450e44f8f0db1b2708e0408915c7ab1,base,home,4,8,1302.7845,91,0.0008,156.609,78.45,470,ok,,
51ca8abde450e44f8f0db1b2708e0408915c7ab1,base,home,5,11,1163.8026,91.0,0.0008,134.037,102.842,456,ok,,
51ca8abde450e44f8f0db1b2708e0408915c7ab1,base,home,6,12,1410.7016,100,0.0008,155.263,99.023,489,ok,,
51ca8abde450e44f8f0db1b2708e0408915c7ab1,base,home,7,15,1164.3938,96,0.0009,140.098,114.231,455,ok,,
51ca8abde450e44f8f0db1b2708e0408915c7ab1,base,home,8,16,1406.1834,93,0.0008,163.553,148.817,454,ok,,
51ca8abde450e44f8f0db1b2708e0408915c7ab1,base,home,9,19,1161.865,70.0,0.0008,146.536,90.311,470,ok,,
51ca8abde450e44f8f0db1b2708e0408915c7ab1,base,home,10,20,1177.9511,92,0.0008,146.164,152.281,472,ok,,
51ca8abde450e44f8f0db1b2708e0408915c7ab1,base,home,11,23,1377.3274,112,0.0008,146.581,104.341,491,ok,,
51ca8abde450e44f8f0db1b2708e0408915c7ab1,base,home,12,24,1182.5676,100,0.0008,148.42,106.005,470,ok,,
51ca8abde450e44f8f0db1b2708e0408915c7ab1,base,home,13,27,1367.7064,123,0.0008,130.512,131.341,486,ok,,
51ca8abde450e44f8f0db1b2708e0408915c7ab1,base,home,14,28,1166.9592,76.0,0.0008,134.83,106.014,448,ok,,
51ca8abde450e44f8f0db1b2708e0408915c7ab1,head,home,0,1,1166.959,75.0,0.0009,146.658,146.656,490,ok,,
51ca8abde450e44f8f0db1b2708e0408915c7ab1,head,home,1,2,1178.1526,74.0,0.0009,143.331,135.308,468,ok,,
51ca8abde450e44f8f0db1b2708e0408915c7ab1,head,home,2,5,1169.5898,96.0,0.0008,132.238,120.174,467,ok,,
51ca8abde450e44f8f0db1b2708e0408915c7ab1,head,home,3,6,1309.7641,100,0.0008,131.636,112.138,471,outlier,lcp,
51ca8abde450e44f8f0db1b2708e0408915c7ab1,head,home,4,9,1167.3057,95.0,0.0008,143.69,137.379,474,ok,,
51ca8abde450e44f8f0db1b2708e0408915c7ab1,head,home,5,10,1364.2616,100.0,0.0008,135.017,81.578,493,outlier,lcp,
51ca8abde450e44f8f0db1b2708e0408915c7ab1,head,home,6,13,1166.4606,111.0,0.0009,123.212,96.937,455,ok,,
51ca8abde450e44f8f0db1b2708e0408915c7ab1,head,home,7,14,1317.2105,74,0.0008,151.725,145.281,473,outlier,lcp,
51ca8abde450e44f8f0db1b2708e0408915c7ab1,head,home,8,17,1305.4081,93.0,0.0008,144.577,114.621,470,outlier,lcp,
51ca8abde450e44f8f0db1b2708e0408915c7ab1,head,home,9,18,1177.138,112.0,0.0009,178.174,206.803,488,outlier,tbtFlow,
51ca8abde450e44f8f0db1b2708e0408915c7ab1,head,home,10,21,1165.4554,74,0.0008,159.396,126.368,472,ok,,
51ca8abde450e44f8f0db1b2708e0408915c7ab1,head,home,11,22,1334.4116,89.0,0.0008,142.037,126.654,471,outlier,lcp,
51ca8abde450e44f8f0db1b2708e0408915c7ab1,head,home,12,25,1338.8699,97,0.0008,154.973,122.267,487,outlier,lcp,
51ca8abde450e44f8f0db1b2708e0408915c7ab1,head,home,13,26,1152.4257,67,0.0008,134.113,74.811,458,ok,,
51ca8abde450e44f8f0db1b2708e0408915c7ab1,head,home,14,29,1345.4153,99.0,0.0008,160.269,155.617,473,outlier,lcp,
5b0f5a4c2da21e62c6b8cc8ed3da0d3715f11d82,base,home,0,0,1301.3938,117.0,0.0009,89.763,25.732,503,outlier,inp,
5b0f5a4c2da21e62c6b8cc8ed3da0d3715f11d82,base,home,1,3,1432.6582,105,0.0008,167.127,132.951,488,ok,,
5b0f5a4c2da21e62c6b8cc8ed3da0d3715f11d82,base,home,2,4,1180.7184,105.0,0.0008,157.982,73.055,474,ok,,
5b0f5a4c2da21e62c6b8cc8ed3da0d3715f11d82,base,home,3,7,1305.0865,73,0.0008,174.51,164.02,473,ok,,
5b0f5a4c2da21e62c6b8cc8ed3da0d3715f11d82,base,home,4,8,1303.1916,98,0.0008,139.521,156.357,474,ok,,
5b0f5a4c2da21e62c6b8cc8ed3da0d3715f11d82,base,home,5,11,1175.966,113,0.0009,151.284,147.67,471,ok,,
5b0f5a4c2da21e62c6b8cc8ed3da0d3715f11d82,base,home,6,12,1337.0099,111,0.0008,157.922,125.065,506,ok,,
5b0f5a4c2da21e62c6b8cc8ed3da0d3715f11d82,base,home,7,15,1367.4825,124,0.0008,137.853,122.347,471,ok,,
5b0f5a4c2da21e62c6b8cc8ed3da0d3715f11d82,base,home,8,16,1161.0015,117.0,0.0009,136.394,156.303,473,ok,,
5b0f5a4c2da21e62c6b8cc8ed3da0d3715f11d82,base,home,9,19,1410.3654,100,0.0008,144.093,109.08,490,ok,,
5b0f5a4c2da21e62c6b8cc8ed3da0d3715f11d82,base,home,10,20,1169.3826,102,0.0008,134.211,113.038,472,ok,,
5b0f5a4c2da21e62c6b8cc8ed3da0d3715f11d82,base,home,11,23,1416.2084,106.0,0.0008,132.437,95.739,486,ok,,
5b0f5a4c2da21e62c6b8cc8ed3da0d3715f11d82,base,home,12,24,1191.1815,148,0.0008,131.17,100.524,507,outlier,tbt,
5b0f5a4c2da21e62c6b8cc8ed3da0d3715f11d82,base,home,13,27,1339.2423,73.0,0.0008,151.514,146.202,473,ok,,
5b0f5a4c2da21e62c6b8cc8ed3da0d3715f11d82,base,home,14,28,1309.5225,96,0.0008,137.728,89.023,467,ok,,
5b0f5a4c2da21e62c6b8cc8ed3da0d3715f11d82,head,home,0,1,1163.3333,72.0,0.0008,144.43,156.811,455,ok,,
5b0f5a4c2da21e62c6b8cc8ed3da0d3715f11d82,head,home,1,2,1408.4251,96,0.0008,133.931,119.155,473,outlier,lcp,
5b0f5a4c2da21e62c6b8cc8ed3da0d3715f11d82,head,home,2,5,1170.3512,99,0.0008,135.273,114.52,472,ok,,
5b0f5a4c2da21e62c6b8cc8ed3da0d3715f11d82,head,home,3,6,1176.9108,93.0,0.0009,147.129,86.647,477,ok,,
5b0f5a4c2da21e62c6b8cc8ed3da0d3715f11d82,head,home,4,9,1159.8411,107,0.0008,146.21,136.131,455,ok,,
5b0f5a4c2da21e62c6b8cc8ed3da0d3715f11d82,head,home,5,10,1381.9156,105,0.0008,137.742,132.938,472,outlier,lcp,
5b0f5a4c2da21e62c6b8cc8ed3da0d3715f11d82,head,home,6,13,1354.9407,122,0.0008,141.73,130.42,471,ok,,
5b0f5a4c2da21e62c6b8cc8ed3da0d3715f11d82,head,home,7,14,1345.7922,96,0.0008,162.762,124.935,472,ok,,
5b0f5a4c2da21e62c6b8cc8ed3da0d3715f11d82,head,home,8,17,1170.2656,99.0,0.0008,148.413,137.939,471,ok,,
5b0f5a4c2da21e62c6b8cc8ed3da0d3715f11d82,head,home,9,18,1144.476,94,0.0008,121.98,112.48,454,outlier,inp,
5b0f5a4c2da21e62c6b8cc8ed3da0d3715f11d82,head,home,10,21,1328.1116,101.0,0.0008,145.393,146.477,456,ok,,
5b0f5a4c2da21e62c6b8cc8ed3da0d3715f11d82,head,home,11,22,1175.4871,91.0,0.0007,163.676,98.086,457,ok,,
5b0f5a4c2da21e62c6b8cc8ed3da0d3715f11d82,head,home,12,25,1184.1185,79.0,0.0009,132.272,79.349,486,ok,,
5b0f5a4c2da21e62c6b8cc8ed3da0d3715f11d82,head,home,13,26,1365.4086,95,0.0009,146.194,120.527,474,outlier,lcp,
5b0f5a4c2da21e62c6b8cc8ed3da0d3715f11d82,head,home,14,29,1309.3704,98,0.0008,147.7,74.064,491,ok,,
9357f98a9b6c4f8af3ada6ccce38e54330f2627c,base,home,0,0,1401.2962,123,0.0008,108.727,39.363,503,ok,,
9357f98a9b6c4f8af3ada6ccce38e54330f2627c,base,home,1,3,1478.3366,120.5327,0.0008,139.035,95.874,528,outlier,tbtFlow,
9357f98a9b6c4f8af3ada6ccce38e54330f2627c,base,home,2,4,1154.0514,91.0,0.0009,132.929,51.144,453,ok,,
9357f98a9b6c4f8af3ada6ccce38e54330f2627c,base,home,3,7,1388.5788,127.0,0.0009,139.547,39.77,507,ok,,
9357f98a9b6c4f8af3ada6ccce38e54330f2627c,base,home,4,8,1172.2223,88.0,0.0008,121.205,30.811,453,outlier,tbt,
9357f98a9b6c4f8af3ada6ccce38e54330f2627c,head,home,0,1,1254.1496,79.0,0.0008,142.065,71.186,472,ok,,
9357f98a9b6c4f8af3ada6ccce38e54330f2627c,head,home,1,2,1183.641,110,0.0008,154.609,131.122,473,outlier,tbtFlow,
9357f98a9b6c4f8af3ada6ccce38e54330f2627c,head,home,2,5,1327.1511,95,0.0009,143.973,46.362,471,outlier,lcp,
9357f98a9b6c4f8af3ada6ccce38e54330f2627c,head,home,3,6,1165.1961,95.0,0.0008,117.071,28.142,474,ok,,
9357f98a9b6c4f8af3ada6ccce38e54330f2627c,head,home,4,9,1156.1366,91,0.0008,118.001,41.834,455,ok,,
aaa14e9df6ba85a19baa52e8378d7b54f9a542f3,base,home,0,0,1254.7682,88,0.0008,117.881,27.728,470,outlier,lcp,
aaa14e9df6ba85a19baa52e8378d7b54f9a542f3,base,home,1,3,1160.6928,65.0,0.0008,106.979,49.458,468,ok,,
aaa14e9df6ba85a19baa52e8378d7b54f9a542f3,base,home,2,4,1162.3915,89,0.0008,114.814,38.782,453,ok,,
aaa14e9df6ba85a19baa52e8378d7b54f9a542f3,base,home,3,7,1164.2816,90.0,0.0008,112.356,49.45,471,ok,,
aaa14e9df6ba85a19baa52e8378d7b54f9a542f3,base,home,4,8,1149.5213,92,0.0008,115.393,31.584,468,ok,,
aaa14e9df6ba85a19baa52e8378d7b54f9a542f3,base,home,5,11,1375.2126,110,0.0008,113.389,43.674,470,outlier,lcp,
aaa14e9df6ba85a19baa52e8378d7b54f9a542f3,base,home,6,12,1164.5431,70.0,0.0008,112.442,38.961,454,ok,,
aaa14e9df6ba85a19baa52e8378d7b54f9a542f3,base,home,7,15,1325.952,91,0.0008,108.568,20.541,451,outlier,lcp,
aaa14e9df6ba85a19baa52e8378d7b54f9a542f3,base,home,8,16,1164.0345,70.0,0.0008,119.415,45.139,453,ok,,
aaa14e9df6ba85a19baa52e8378d7b54f9a542f3,base,home,9,19,1163.4006,93,0.0009,141.528,38.933,476,outlier,inp,
aaa14e9df6ba85a19baa52e8378d7b54f9a542f3,base,home,10,20,1171.5255,87,0.0008,136.948,32.117,455,ok,,
aaa14e9df6ba85a19baa52e8378d7b54f9a542f3,base,home,11,23,1166.2529,73.0,0.0009,131.488,32.511,453,ok,,
aaa14e9df6ba85a19baa52e8378d7b54f9a542f3,base,home,12,24,1349.4371,111.0,0.0009,144.096,56.911,488,outlier,lcp;inp,
aaa14e9df6ba85a19baa52e8378d7b54f9a542f3,base,home,13,27,1331.8414,82,0.0008,117.359,38.925,473,outlier,lcp,
aaa14e9df6ba85a19baa52e8378d7b54f9a542f3,base,home,14,28,1168.2052,117,0.0008,133.715,45.649,471,ok,,
aaa14e9df6ba85a19baa52e8378d7b54f9a542f3,head,home,0,1,1354.4876,111.0,0.0008,136.497,84.174,491,outlier,lcp,
aaa14e9df6ba85a19baa52e8378d7b54f9a542f3,head,home,1,2,1151.4987,66,0.0008,131.461,67.953,469,ok,,
aaa14e9df6ba85a19baa52e8378d7b54f9a542f3,head,home,2,5,1321.2591,89,0.0008,120.753,52.421,455,outlier,lcp,
aaa14e9df6ba85a19baa52e8378d7b54f9a542f3,head,home,3,6,1167.771,116.0,0.0009,115.203,74.08,473,ok,,
aaa14e9df6ba85a19baa52e8378d7b54f9a542f3,head,home,4,9,1161.3502,65.0,0.0008,141.812,108.176,455,ok,,
aaa14e9df6ba85a19baa52e8378d7b54f9a542f3,head,home,5,10,1168.2284,94,0.0008,112.035,70.44,455,ok,,
aaa14e9df6ba85a19baa52e8378d7b54f9a542f3,head,home,6,13,1164.3759,91.0,0.0009,120.329,82.756,452,ok,,
aaa14e9df6ba85a19baa52e8378d7b54f9a542f3,head,home,7,14,1161.9723,90,0.0008,120.863,74.139,453,ok,,
aaa14e9df6ba85a19baa52e8378d7b54f9a542f3,head,home,8,17,1342.917,100,0.0007,128.756,27.772,472,outlier,lcp,
aaa14e9df6ba85a19baa52e8378d7b54f9a542f3,head,home,9,18,1161.7536,92,0.0008,91.247,26.574,471,ok,,
aaa14e9df6ba85a19baa52e8378d7b54f9a542f3,head,home,10,21,1318.695,94,0.0008,117.197,30.314,472,outlier,lcp,
aaa14e9df6ba85a19baa52e8378d7b54f9a542f3,head,home,11,22,1321.819,89,0.0008,118.16,69.087,452,outlier,lcp,
aaa14e9df6ba85a19baa52e8378d7b54f9a542f3,head,home,12,25,1163.4257,73,0.0008,135.26,76.197,454,ok,,
aaa14e9df6ba85a19baa52e8378d7b54f9a542f3,head,home,13,26,1302.2206,90.0,0.0008,119.515,28.185,453,outlier,lcp,
aaa14e9df6ba85a19baa52e8378d7b54f9a542f3,head,home,14,29,1161.0774,87.0,0.0008,110.683,65.262,454,ok,,
b2a729c400573768c9da323674c732f8668b805d,base,home,0,0,1319.0442,112.0,0.0008,106.983,85.979,500,outlier,lcp,
b2a729c400573768c9da323674c732f8668b805d,base,home,1,3,1159.0718,88.0,0.0008,153.998,106.884,452,outlier,tbtFlow,
b2a729c400573768c9da323674c732f8668b805d,base,home,2,4,1324.1941,92,0.0008,150.085,98.6,455,outlier,lcp,
b2a729c400573768c9da323674c732f8668b805d,base,home,3,7,1375.5915,89,0.0008,142.969,63.121,470,outlier,lcp,
b2a729c400573768c9da323674c732f8668b805d,base,home,4,8,1157.9515,91,0.0008,108.002,67.849,453,ok,,
b2a729c400573768c9da323674c732f8668b805d,base,home,5,11,1164.8972,96.0,0.0008,130.307,62.001,455,ok,,
b2a729c400573768c9da323674c732f8668b805d,base,home,6,12,1185.8761,101,0.0009,116.729,76.322,472,ok,,
b2a729c400573768c9da323674c732f8668b805d,base,home,7,15,1166.9006,94,0.0008,150.127,102.184,470,ok,,
b2a729c400573768c9da323674c732f8668b805d,base,home,8,16,1172.1974,122.0,0.0008,136.144,69.235,469,ok,,
b2a729c400573768c9da323674c732f8668b805d,base,home,9,19,1407.626,95,0.0008,131.448,40.195,471,outlier,lcp,
b2a729c400573768c9da323674c732f8668b805d,base,home,10,20,1161.4392,67,0.0008,114.671,70.104,455,ok,,
b2a729c400573768c9da323674c732f8668b805d,base,home,11,23,1164.2596,93,0.0008,145.455,49.012,453,ok,,
b2a729c400573768c9da323674c732f8668b805d,base,home,12,24,1159.2716,97,0.0008,118.076,60.798,472,ok,,
b2a729c400573768c9da323674c732f8668b805d,base,home,13,27,1178.2321,96,0.0008,145.154,67.713,472,ok,,
b2a729c400573768c9da323674c732f8668b805d,base,home,14,28,1168.5602,103,0.0008,137.101,43.194,454,ok,,
b2a729c400573768c9da323674c732f8668b805d,head,home,0,1,1186.1279,109,0.0008,111.382,74.172,489,ok,,
b2a729c400573768c9da323674c732f8668b805d,head,home,1,2,1165.3368,94.0,0.0009,114.306,45.614,455,ok,,
b2a729c400573768c9da323674c732f8668b805d,head,home,2,5,1175.8399,93,0.0008,119.137,41.335,454,ok,,
b2a729c400573768c9da323674c732f8668b805d,head,home,3,6,1183.5819,97,0.0008,137.732,56.601,470,ok,,
b2a729c400573768c9da323674c732f8668b805d,head,home,4,9,1256.3535,83,0.0008,118.203,68.943,439,outlier,lcp,
b2a729c400573768c9da323674c732f8668b805d,head,home,5,10,1238.232,88.0,0.0008,135.288,73.681,456,outlier,lcp,
b2a729c400573768c9da323674c732f8668b805d,head,home,6,13,1163.4346,91,0.0009,108.055,66.596,454,ok,,
b2a729c400573768c9da323674c732f8668b805d,head,home,7,14,1302.0255,90,0.0008,113.58,77.888,469,outlier,lcp,
b2a729c400573768c9da323674c732f8668b805d,head,home,8,17,1163.5261,70,0.0008,132.003,43.122,453,ok,,
b2a729c400573768c9da323674c732f8668b805d,head,home,9,18,1164.276,90.0,0.0008,116.036,41.142,451,ok,,
b2a729c400573768c9da323674c732f8668b805d,head,home,10,21,1162.1439,89.0,0.0008,124.201,69.607,455,ok,,
b2a729c400573768c9da323674c732f8668b805d,head,home,11,22,1167.9165,118,0.0008,124.274,44.71,471,ok,,
b2a729c400573768c9da323674c732f8668b805d,head,home,12,25,1165.2091,71.0,0.0008,113.484,68.737,468,ok,,
b2a729c400573768c9da323674c732f8668b805d,head,home,13,26,1169.4814,65.0,0.0008,115.001,53.352,456,ok,,
b2a729c400573768c9da323674c732f8668b805d,head,home,14,29,1253.8909,86,0.0008,119.596,49.488,472,outlier,lcp,
dd8296af1802d4920a645591e0de88b9272745fa,base,home,0,0,1432.1944,106,0.0008,107.651,73.763,503,outlier,lcp,
dd8296af1802d4920a645591e0de88b9272745fa,base,home,1,3,1142.7489,88.0,0.0009,135.028,61.497,460,ok,,
dd8296af1802d4920a645591e0de88b9272745fa,base,home,2,4,1164.428,95,0.0008,131.135,59.997,456,ok,,
dd8296af1802d4920a645591e0de88b9272745fa,base,home,3,7,1164.8365,89.0,0.0008,117.426,29.492,453,ok,,
dd8296af1802d4920a645591e0de88b9272745fa,base,home,4,8,1163.2577,92.0,0.0008,112.278,46.597,452,ok,,
dd8296af1802d4920a645591e0de88b9272745fa,head,home,0,1,1166.5863,93,0.0009,116.838,56.737,469,ok,,
dd8296af1802d4920a645591e0de88b9272745fa,head,home,1,2,1172.9854,100.0,0.0008,112.344,51.143,471,ok,,
dd8296af1802d4920a645591e0de88b9272745fa,head,home,2,5,1157.8905,67,0.0009,117.279,64.093,456,ok,,
dd8296af1802d4920a645591e0de88b9272745fa,head,home,3,6,1347.438,140,0.0008,113.863,33.375,506,outlier,lcp,
dd8296af1802d4920a645591e0de88b9272745fa,head,home,4,9,1166.4993,75.0,0.0008,139.581,60.281,455,outlier,inp,
ba0387d186b361d8d9a2390f396cb17527073442,base,home,0,0,1396.1756,114.0,0.0008,108.065,90.124,500,outlier,lcp,
ba0387d186b361d8d9a2390f396cb17527073442,base,home,1,3,1323.8194,92,0.0008,139.808,65.052,472,ok,,
ba0387d186b361d8d9a2390f396cb17527073442,base,home,2,4,1181.9975,95,0.0008,115.421,86.116,470,outlier,lcp,
ba0387d186b361d8d9a2390f396cb17527073442,base,home,3,7,1334.745,89.0,0.0008,134.542,47.099,468,ok,,
ba0387d186b361d8d9a2390f396cb17527073442,base,home,4,8,1321.915,106.0,0.0008,158.408,70.173,470,ok,,
ba0387d186b361d8d9a2390f396cb17527073442,head,home,0,1,1171.9525,102,0.0014,120.248,79.678,476,ok,,
ba0387d186b361d8d9a2390f396cb17527073442,head,home,1,2,1323.0315,87.0,0.0013,135.018,29.07,453,outlier,lcp,
ba0387d186b361d8d9a2390f396cb17527073442,head,home,2,5,1409.507,98.0,0.0012,138.355,49.301,471,outlier,lcp,
ba0387d186b361d8d9a2390f396cb17527073442,head,home,3,6,1176.6952,90.0,0.0012,117.878,15.574,469,ok,,
ba0387d186b361d8d9a2390f396cb17527073442,head,home,4,9,1173.4145,112,0.0012,118.667,61.537,472,ok,,
fbff832424d08f7edff2f91c5aaa81d4fb56d6b5,base,home,0,0,1155.099,72.0,0.0013,88.197,28.613,455,outlier,inp,
fbff832424d08f7edff2f91c5aaa81d4fb56d6b5,base,home,1,3,1179.1039,107.0,0.0012,105.634,70.289,468,ok,,
fbff832424d08f7edff2f91c5aaa81d4fb56d6b5,base,home,2,4,1169.4319,98,0.0013,115.175,56.81,470,ok,,
fbff832424d08f7edff2f91c5aaa81d4fb56d6b5,base,home,3,7,1175.688,69,0.0013,115.593,55.978,473,ok,,
fbff832424d08f7edff2f91c5aaa81d4fb56d6b5,base,home,4,8,1165.0756,96.0,0.0012,118.085,67.456,454,ok,,
fbff832424d08f7edff2f91c5aaa81d4fb56d6b5,head,home,0,1,1154.4824,98,0.0012,125.161,32.73,470,ok,,
fbff832424d08f7edff2f91c5aaa81d4fb56d6b5,head,home,1,2,1165.5205,94.0,0.0013,115.856,54.286,466,ok,,
fbff832424d08f7edff2f91c5aaa81d4fb56d6b5,head,home,2,5,1333.7069,87.0,0.0012,110.712,54.216,488,outlier,lcp,
fbff832424d08f7edff2f91c5aaa81d4fb56d6b5,head,home,3,6,1148.191,73.0,0.0012,119.383,55.202,471,ok,,
fbff832424d08f7edff2f91c5aaa81d4fb56d6b5,head,home,4,9,1182.553,112,0.0012,117.802,57.508,469,ok,,
063e0256f5f8654aec1c88a2822caedcd3bab4f3,base,home,0,0,1259.1723,98.0,0.0012,117.483,63.075,471,ok,,
063e0256f5f8654aec1c88a2822caedcd3bab4f3,base,home,1,3,1268.2839,116,0.0012,118.768,56.948,471,ok,,
063e0256f5f8654aec1c88a2822caedcd3bab4f3,base,home,2,4,1184.5715,100,0.0013,118.082,24.134,488,ok,,
063e0256f5f8654aec1c88a2822caedcd3bab4f3,base,home,3,7,1179.3874,117,0.0013,105.645,41.722,471,ok,,
063e0256f5f8654aec1c88a2822caedcd3bab4f3,base,home,4,8,1391.6634,100,0.0012,106.445,12.656,470,ok,,
063e0256f5f8654aec1c88a2822caedcd3bab4f3,head,home,0,1,1453.0419,137.5,0.0012,121.635,59.057,525,ok,,
063e0256f5f8654aec1c88a2822caedcd3bab4f3,head,home,1,2,1444.5988,112,0.0013,119.738,56.278,523,ok,,
063e0256f5f8654aec1c88a2822caedcd3bab4f3,head,home,2,5,1168.0032,96.0,0.0013,113.969,44.686,470,ok,,
063e0256f5f8654aec1c88a2822caedcd3bab4f3,head,home,3,6,1334.3355,103.0,0.0012,105.873,48.186,489,ok,,
063e0256f5f8654aec1c88a2822caedcd3bab4f3,head,home,4,9,1152.364,89.0,0.0012,118.817,54.793,473,ok,,
f790bf7abdba43cda99440bdc74ba19cb338ea27,base,home,0,0,1278.6552,110,0.0012,119.007,32.486,508,outlier,lcp,
f790bf7abdba43cda99440bdc74ba19cb338ea27,base,home,1,3,1178.816,129,0.0012,112.108,58.566,471,ok,,
f790bf7abdba43cda99440bdc74ba19cb338ea27,base,home,2,4,1333.0496,99,0.0012,122.196,51.164,473,outlier,lcp,
f790bf7abdba43cda99440bdc74ba19cb338ea27,base,home,3,7,1176.7717,106,0.0012,125.98,46.986,473,ok,,
f790bf7abdba43cda99440bdc74ba19cb338ea27,base,home,4,8,1174.1137,109,0.0013,109.767,21.295,442,ok,,
f790bf7abdba43cda99440bdc74ba19cb338ea27,head,home,0,1,1177.7735,116,0.0012,119.336,56.611,472,ok,,
f790bf7abdba43cda99440bdc74ba19cb338ea27,head,home,1,2,1166.1496,72,0.0012,107.886,44.709,456,ok,,
f790bf7abdba43cda99440bdc74ba19cb338ea27,head,home,2,5,1267.701,105.0,0.0013,113.77,45.967,471,ok,,
f790bf7abdba43cda99440bdc74ba19cb338ea27,head,home,3,6,1346.2614,127,0.0012,111.613,41.481,488,ok,,
f790bf7abdba43cda99440bdc74ba19cb338ea27,head,home,4,9,1330.8375,100.0,0.0012,115.256,57.138,470,ok,,
adf963199762e5675811f3fbae779625ca7d0ba3,base,home,0,0,1339.4184,95,0.0012,117.466,66.275,470,outlier,lcp,
adf963199762e5675811f3fbae779625ca7d0ba3,base,home,1,3,1169.7472,73,0.0012,143.85,92.607,455,outlier,inp,
adf963199762e5675811f3fbae779625ca7d0ba3,base,home,2,4,1311.6851,97.0,0.0013,114.046,51.138,470,outlier,lcp,
adf963199762e5675811f3fbae779625ca7d0ba3,base,home,3,7,1166.682,75,0.0013,112.23,73.904,469,ok,,
adf963199762e5675811f3fbae779625ca7d0ba3,base,home,4,8,1169.478,98.0,0.0013,109.692,52.914,473,ok,,
adf963199762e5675811f3fbae779625ca7d0ba3,head,home,0,1,1397.8405,134.0,0.0012,118.252,66.636,486,outlier,lcp,
adf963199762e5675811f3fbae779625ca7d0ba3,head,home,1,2,1176.6671,71.0,0.0013,105.458,54.368,471,ok,,
adf963199762e5675811f3fbae779625ca7d0ba3,head,home,2,5,1182.6984,116,0.0012,118.584,58.777,473,ok,,
adf963199762e5675811f3fbae779625ca7d0ba3,head,home,3,6,1153.6903,104,0.0012,113.83,35.19,473,ok,,
adf963199762e5675811f3fbae779625ca7d0ba3,head,home,4,9,1342.615,116,0.0012,117.782,54.947,488,outlier,lcp,
3b9e1c07f5d32ee11c327dc006f2050ffc6eea19,base,home,0,0,1341.7306,98,0.0012,118.472,71.989,469,ok,,
3b9e1c07f5d32ee11c327dc006f2050ffc6eea19,base,home,1,3,1337.9546,114,0.0012,118.478,47.112,488,ok,,
3b9e1c07f5d32ee11c327dc006f2050ffc6eea19,base,home,2,4,1185.0886,102.0,0.0013,114.22,48.645,477,ok,,
3b9e1c07f5d32ee11c327dc006f2050ffc6eea19,base,home,3,7,1170.8814,103,0.0012,105.85,25.314,472,ok,,
3b9e1c07f5d32ee11c327dc006f2050ffc6eea19,base,home,4,8,1459.7471,125.0,0.0012,123.654,75.768,473,ok,,
3b9e1c07f5d32ee11c327dc006f2050ffc6eea19,head,home,0,1,1343.6906,100,0.0012,120.245,53.897,470,outlier,lcp,
3b9e1c07f5d32ee11c327dc006f2050ffc6eea19,head,home,1,2,1166.3839,113,0.0012,113.727,48.584,473,ok,,
3b9e1c07f5d32ee11c327dc006f2050ffc6eea19,head,home,2,5,1162.5508,92,0.0012,102.217,59.579,454,ok,,
3b9e1c07f5d32ee11c327dc006f2050ffc6eea19,head,home,3,6,1148.1659,96,0.0013,118.326,37.807,453,ok,,
3b9e1c07f5d32ee11c327dc006f2050ffc6eea19,head,home,4,9,1180.6273,105,0.0012,103.336,62.404,471,ok,,
ed7c0c1d7d5510c961f09f6904c5c317b665d443,base,home,0,0,1158.0867,90.0,0.0012,99.251,32.85,470,ok,,
ed7c0c1d7d5510c961f09f6904c5c317b665d443,base,home,1,3,1449.0316,141,0.0013,121.032,55.15,542,outlier,lcpObs,
ed7c0c1d7d5510c961f09f6904c5c317b665d443,base,home,2,4,1175.3283,114.0,0.0013,113.513,41.763,455,ok,,
ed7c0c1d7d5510c961f09f6904c5c317b665d443,base,home,3,7,1349.9285,126,0.0013,119.415,21.806,472,ok,,
ed7c0c1d7d5510c961f09f6904c5c317b665d443,base,home,4,8,1347.3094,111.0,0.0012,109.101,45.49,487,ok,,
ed7c0c1d7d5510c961f09f6904c5c317b665d443,head,home,0,1,1169.37,93,0.0012,156.57,47.909,473,outlier,inp,
ed7c0c1d7d5510c961f09f6904c5c317b665d443,head,home,1,2,1187.6621,109.0,0.0012,114.553,59.18,471,ok,,
ed7c0c1d7d5510c961f09f6904c5c317b665d443,head,home,2,5,1351.6745,117.0,0.0013,116.868,53.735,471,outlier,lcp,
ed7c0c1d7d5510c961f09f6904c5c317b665d443,head,home,3,6,1185.9591,145.0,0.0013,109.481,54.201,474,outlier,tbt,
ed7c0c1d7d5510c961f09f6904c5c317b665d443,head,home,4,9,1183.9665,104,0.0012,119.124,52.72,487,ok,,
339d3c373314d6b6bd0093949215ca00c1fb0c89,base,home,0,0,1167.9027,96,0.0014,123.512,62.289,469,ok,,
339d3c373314d6b6bd0093949215ca00c1fb0c89,base,home,1,3,1429.6345,114.0,0.0012,113.182,55.029,491,ok,,
339d3c373314d6b6bd0093949215ca00c1fb0c89,base,home,2,4,1346.8132,125,0.0013,119.123,22.057,490,ok,,
339d3c373314d6b6bd0093949215ca00c1fb0c89,base,home,3,7,1445.8961,112,0.0012,106.969,23.117,486,ok,,
339d3c373314d6b6bd0093949215ca00c1fb0c89,base,home,4,8,1339.873,103,0.0013,111.371,49.698,471,ok,,
339d3c373314d6b6bd0093949215ca00c1fb0c89,head,home,0,1,1173.5561,106.0,0.0013,106.727,47.626,470,ok,,
339d3c373314d6b6bd0093949215ca00c1fb0c89,head,home,1,2,1183.2458,102.0,0.0012,115.494,54.586,472,ok,,
339d3c373314d6b6bd0093949215ca00c1fb0c89,head,home,2,5,1153.2715,101,0.0012,113.889,57.265,473,ok,,
339d3c373314d6b6bd0093949215ca00c1fb0c89,head,home,3,6,1347.7807,111,0.0012,116.758,31.761,470,outlier,lcp,
339d3c373314d6b6bd0093949215ca00c1fb0c89,head,home,4,9,1344.0231,110,0.0012,115.144,61.773,472,outlier,lcp,
d331bb49fce8975819bae1c55c7a43bcd778a8af,base,home,0,0,1157.9656,125,0.0013,92.154,56.042,472,outlier,inp,
d331bb49fce8975819bae1c55c7a43bcd778a8af,base,home,1,3,1168.0405,97,0.0012,109.914,47.107,472,ok,,
d331bb49fce8975819bae1c55c7a43bcd778a8af,base,home,2,4,1193.9544,110.0,0.0013,121.786,72.397,472,ok,,
d331bb49fce8975819bae1c55c7a43bcd778a8af,base,home,3,7,1181.3668,111,0.0012,116.62,49.276,473,ok,,
d331bb49fce8975819bae1c55c7a43bcd778a8af,base,home,4,8,1318.0555,130,0.0012,107.546,36.43,470,outlier,lcp,
d331bb49fce8975819bae1c55c7a43bcd778a8af,base,home,5,11,1166.658,79.0,0.0013,113.777,63.683,474,ok,,
d331bb49fce8975819bae1c55c7a43bcd778a8af,base,home,6,12,1331.3239,95,0.0012,118.187,40.616,471,outlier,lcp,
d331bb49fce8975819bae1c55c7a43bcd778a8af,base,home,7,15,1294.5919,106,0.0012,111.091,51.447,470,outlier,lcp,
d331bb49fce8975819bae1c55c7a43bcd778a8af,base,home,8,16,1162.8263,110.0,0.0012,116.996,52.3,456,ok,,
d331bb49fce8975819bae1c55c7a43bcd778a8af,base,home,9,19,1373.8276,128.0,0.0012,104.267,29.981,488,outlier,lcp,
d331bb49fce8975819bae1c55c7a43bcd778a8af,base,home,10,20,1173.0736,108,0.0012,107.986,50.768,492,ok,,
d331bb49fce8975819bae1c55c7a43bcd778a8af,base,home,11,23,1173.1086,79,0.0012,106.741,58.752,471,ok,,
d331bb49fce8975819bae1c55c7a43bcd778a8af,base,home,12,24,1178.2903,101.0,0.0012,117.342,55.267,471,ok,,
d331bb49fce8975819bae1c55c7a43bcd778a8af,base,home,13,27,1292.5886,152,0.0012,114.805,48.877,506,outlier,lcp,
d331bb49fce8975819bae1c55c7a43bcd778a8af,base,home,14,28,1153.785,100.0,0.0012,115.006,54.148,474,ok,,
d331bb49fce8975819bae1c55c7a43bcd778a8af,head,home,0,1,1307.9423,74,0.0012,109.467,51.694,471,outlier,lcp,
d331bb49fce8975819bae1c55c7a43bcd778a8af,head,home,1,2,1172.5243,81.0,0.0012,116.834,27.931,470,ok,,
d331bb49fce8975819bae1c55c7a43bcd778a8af,head,home,2,5,1171.6264,97.0,0.0012,114.314,31.344,473,ok,,
d331bb49fce8975819bae1c55c7a43bcd778a8af,head,home,3,6,1330.2829,99.0,0.0013,121.098,32.132,471,outlier,lcp,
d331bb49fce8975819bae1c55c7a43bcd778a8af,head,home,4,9,1158.9501,111,0.0012,116.303,24.525,472,ok,,
d331bb49fce8975819bae1c55c7a43bcd778a8af,head,home,5,10,1181.7025,109,0.0012,118.847,57.435,474,ok,,
d331bb49fce8975819bae1c55c7a43bcd778a8af,head,home,6,13,1169.7616,98,0.0012,115.249,50.668,474,ok,,
d331bb49fce8975819bae1c55c7a43bcd778a8af,head,home,7,14,1165.404,92,0.0015,119.909,64.381,441,ok,,
d331bb49fce8975819bae1c55c7a43bcd778a8af,head,home,8,17,1164.9401,115.0,0.0012,104.328,52.921,456,ok,,
d331bb49fce8975819bae1c55c7a43bcd778a8af,head,home,9,18,1335.1901,103,0.0012,113.976,58.315,472,outlier,lcp,
d331bb49fce8975819bae1c55c7a43bcd778a8af,head,home,10,21,1170.4507,97,0.0012,119.786,31.583,490,ok,,
d331bb49fce8975819bae1c55c7a43bcd778a8af,head,home,11,22,1186.459,105,0.0012,118.812,55.515,474,ok,,
d331bb49fce8975819bae1c55c7a43bcd778a8af,head,home,12,25,1176.0772,111,0.0012,101.616,53.141,454,ok,,
d331bb49fce8975819bae1c55c7a43bcd778a8af,head,home,13,26,1290.1645,126,0.0012,99.333,60.894,473,outlier,lcp,
d331bb49fce8975819bae1c55c7a43bcd778a8af,head,home,14,29,1145.1444,93,0.0012,114.539,67.01,454,ok,,
082b2eeb1eac05cb48cf12fbcfadb5cb1bc5ee0a,base,home,0,0,1342.3864,63.5,0.0012,93.832,55.019,468,ok,,
082b2eeb1eac05cb48cf12fbcfadb5cb1bc5ee0a,base,home,1,3,1198.2052,147.5,0.0013,112.43,40.985,507,ok,,
082b2eeb1eac05cb48cf12fbcfadb5cb1bc5ee0a,base,home,2,4,1353.5215,114,0.0013,105.164,53.346,489,ok,,
082b2eeb1eac05cb48cf12fbcfadb5cb1bc5ee0a,base,home,3,7,1169.2176,97,0.0012,119.8,59.885,470,ok,,
082b2eeb1eac05cb48cf12fbcfadb5cb1bc5ee0a,base,home,4,8,1259.5601,96.0,0.0012,103.02,48.913,472,ok,,
082b2eeb1eac05cb48cf12fbcfadb5cb1bc5ee0a,head,home,0,1,1145.9766,92,0.0012,117.251,52.092,454,ok,,
082b2eeb1eac05cb48cf12fbcfadb5cb1bc5ee0a,head,home,1,2,1338.1324,130,0.0012,111.045,49.416,470,outlier,lcp,
082b2eeb1eac05cb48cf12fbcfadb5cb1bc5ee0a,head,home,2,5,1169.6656,100.0,0.0012,104.766,47.234,474,ok,,
082b2eeb1eac05cb48cf12fbcfadb5cb1bc5ee0a,head,home,3,6,1175.0083,82.0,0.0012,108.985,58.393,455,ok,,
082b2eeb1eac05cb48cf12fbcfadb5cb1bc5ee0a,head,home,4,9,1197.7939,99.0,0.0012,103.921,50.489,492,ok,,
e9c856d262a14c12bd0bdc3f4ac55c7a86a71577,base,home,0,0,1150.6962,98.0,0.0012,118.279,70.797,454,ok,,
e9c856d262a14c12bd0bdc3f4ac55c7a86a71577,base,home,1,3,1176.559,107,0.0013,102.886,59.397,486,ok,,
e9c856d262a14c12bd0bdc3f4ac55c7a86a71577,base,home,2,4,1162.622,93.5,0.0012,112.985,52.093,490,ok,,
e9c856d262a14c12bd0bdc3f4ac55c7a86a71577,base,home,3,7,1175.6165,72,0.0012,108.443,100.846,472,ok,,
e9c856d262a14c12bd0bdc3f4ac55c7a86a71577,base,home,4,8,1338.0885,98,0.0013,111.361,48.726,471,outlier,lcp,
e9c856d262a14c12bd0bdc3f4ac55c7a86a71577,head,home,0,1,1175.7021,84.0,0.0012,115.314,30.121,472,ok,,
e9c856d262a14c12bd0bdc3f4ac55c7a86a71577,head,home,1,2,1349.2295,134,0.0012,114.373,53.668,473,outlier,lcp,
e9c856d262a14c12bd0bdc3f4ac55c7a86a71577,head,home,2,5,1379.91,114.0,0.0012,110.371,56.411,488,outlier,lcp,
e9c856d262a14c12bd0bdc3f4ac55c7a86a71577,head,home,3,6,1154.5073,114,0.0012,115.997,30.619,470,ok,,
e9c856d262a14c12bd0bdc3f4ac55c7a86a71577,head,home,4,9,1180.4586,96.0,0.0012,103.133,52.133,469,ok,,
5776e1cc66842ca229c79fbbf3d2ccf208c24ab0,base,home,0,0,1173.0652,107.0,0.0012,92.138,60.717,470,outlier,inp,
5776e1cc66842ca229c79fbbf3d2ccf208c24ab0,base,home,1,3,1309.7385,131.0,0.0013,114.021,54.029,503,outlier,lcp,
5776e1cc66842ca229c79fbbf3d2ccf208c24ab0,base,home,2,4,1182.9856,119,0.0012,119.203,52.076,474,ok,,
5776e1cc66842ca229c79fbbf3d2ccf208c24ab0,base,home,3,7,1146.3585,95,0.0012,115.578,30.589,472,ok,,
5776e1cc66842ca229c79fbbf3d2ccf208c24ab0,base,home,4,8,1173.7869,102.0,0.0012,117.275,56.703,471,ok,,
5776e1cc66842ca229c79fbbf3d2ccf208c24ab0,head,home,0,1,1194.427,109,0.0012,115.233,48.447,471,ok,,
5776e1cc66842ca229c79fbbf3d2ccf208c24ab0,head,home,1,2,1176.2091,72.0,0.0012,110.604,55.3,454,outlier,tbt,
5776e1cc66842ca229c79fbbf3d2ccf208c24ab0,head,home,2,5,1150.562,79.0,0.0012,118.057,54.52,475,ok,,
5776e1cc66842ca229c79fbbf3d2ccf208c24ab0,head,home,3,6,1174.364,107,0.0012,118.376,51.863,472,ok,,
5776e1cc66842ca229c79fbbf3d2ccf208c24ab0,head,home,4,9,1178.0974,104.0,0.0012,104.04,57.926,471,ok,,
2423819ee0d5fe46afe536ae919b33dca20d7ac1,base,home,0,0,1326.4813,92,0.0012,122.029,67.336,471,ok,,
2423819ee0d5fe46afe536ae919b33dca20d7ac1,base,home,1,3,1454.862,129.5,0.0012,112.897,55.99,523,outlier,tbt,
2423819ee0d5fe46afe536ae919b33dca20d7ac1,base,home,2,4,1290.4383,144.0,0.0012,110.398,55.372,490,outlier,tbt,
2423819ee0d5fe46afe536ae919b33dca20d7ac1,base,home,3,7,1169.9131,94.0,0.0012,113.267,50.236,472,ok,,
2423819ee0d5fe46afe536ae919b33dca20d7ac1,base,home,4,8,1168.136,96.0,0.0013,119.959,55.305,459,ok,,
2423819ee0d5fe46afe536ae919b33dca20d7ac1,head,home,0,1,1406.3691,94,0.0012,117.24,51.386,489,outlier,lcp,
2423819ee0d5fe46afe536ae919b33dca20d7ac1,head,home,1,2,1332.9759,97.0,0.0012,101.442,29.39,469,outlier,lcp,
2423819ee0d5fe46afe536ae919b33dca20d7ac1,head,home,2,5,1167.879,118,0.0012,107.081,35.266,472,ok,,
2423819ee0d5fe46afe536ae919b33dca20d7ac1,head,home,3,6,1185.938,113,0.0012,112.394,58.414,473,ok,,
2423819ee0d5fe46afe536ae919b33dca20d7ac1,head,home,4,9,1169.781,102.0,0.0012,122.192,58.059,471,ok,,
acb48c3f454f050353c32819d7a5deded201e9db,base,home,0,0,1154.7399,80,0.0013,121.672,58.947,470,ok,,
acb48c3f454f050353c32819d7a5deded201e9db,base,home,1,3,1411.5377,122,0.0012,112.606,49.284,489,outlier,lcp,
acb48c3f454f050353c32819d7a5deded201e9db,base,home,2,4,1188.1524,101,0.0012,119.293,53.814,473,ok,,
acb48c3f454f050353c32819d7a5deded201e9db,base,home,3,7,1243.729,93,0.0012,104.139,55.429,471,ok,,
acb48c3f454f050353c32819d7a5deded201e9db,base,home,4,8,1167.1564,102,0.0013,109.139,40.676,472,ok,,
acb48c3f454f050353c32819d7a5deded201e9db,head,home,0,1,1177.6743,96.0,0.0012,107.173,49.298,472,ok,,
acb48c3f454f050353c32819d7a5deded201e9db,head,home,1,2,1173.5431,90,0.0012,115.03,70.213,453,ok,,
acb48c3f454f050353c32819d7a5deded201e9db,head,home,2,5,1268.7829,105,0.0012,116.065,66.424,488,outlier,lcp,
acb48c3f454f050353c32819d7a5deded201e9db,head,home,3,6,1380.4931,114,0.0012,107.103,77.581,487,outlier,lcp,
acb48c3f454f050353c32819d7a5deded201e9db,head,home,4,9,1187.8011,96.0,0.0012,100.66,27.132,472,ok,,
5ca083436d44a51a0705d43ea22d323839d5fe8e,base,home,0,0,1330.1426,99,0.0012,117.183,85.687,469,ok,,
5ca083436d44a51a0705d43ea22d323839d5fe8e,base,home,1,3,1294.78,103,0.0012,120.015,57.344,475,ok,,
5ca083436d44a51a0705d43ea22d323839d5fe8e,base,home,2,4,1172.5889,94.0,0.0012,100.877,64.173,472,outlier,lcp,
5ca083436d44a51a0705d43ea22d323839d5fe8e,base,home,3,7,1436.9398,122.0,0.0013,124.077,63.337,504,outlier,lcp,
5ca083436d44a51a0705d43ea22d323839d5fe8e,base,home,4,8,1303.536,126.0,0.0012,109.951,53.446,490,ok,,
5ca083436d44a51a0705d43ea22d323839d5fe8e,head,home,0,1,1153.8545,110.5,0.0013,113.543,38.096,474,ok,,
5ca083436d44a51a0705d43ea22d323839d5fe8e,head,home,1,2,1183.478,104.0,0.0013,114.508,80.798,472,ok,,
5ca083436d44a51a0705d43ea22d323839d5fe8e,head,home,2,5,1180.5295,96,0.0012,112.772,47.09,487,ok,,
5ca083436d44a51a0705d43ea22d323839d5fe8e,head,home,3,6,1428.0435,135.0,0.0012,116.577,64.222,507,outlier,lcp,
5ca083436d44a51a0705d43ea22d323839d5fe8e,head,home,4,9,1338.9539,73.0,0.0012,103.244,69.956,471,outlier,lcp,
374716304a7ded17769aa931b27e166cdc8ca2b2,base,home,0,0,1167.3096,77.0,0.0012,90.876,64.917,470,outlier,inp,
374716304a7ded17769aa931b27e166cdc8ca2b2,base,home,1,3,1413.7165,99,0.0012,117.605,62.208,468,outlier,lcp,
374716304a7ded17769aa931b27e166cdc8ca2b2,base,home,2,4,1148.5906,97,0.0013,117.136,56.305,473,ok,,
374716304a7ded17769aa931b27e166cdc8ca2b2,base,home,3,7,1184.5309,126,0.0012,110.608,59.95,473,ok,,
374716304a7ded17769aa931b27e166cdc8ca2b2,base,home,4,8,1254.2249,100,0.0012,115.825,29.749,470,outlier,tbtFlow,
374716304a7ded17769aa931b27e166cdc8ca2b2,head,home,0,1,1327.9649,76,0.0012,114.753,57.372,472,ok,,
374716304a7ded17769aa931b27e166cdc8ca2b2,head,home,1,2,1421.4089,118,0.0012,102.199,62.294,490,ok,,
374716304a7ded17769aa931b27e166cdc8ca2b2,head,home,2,5,1384.0125,121,0.0012,115.566,51.933,493,ok,,
374716304a7ded17769aa931b27e166cdc8ca2b2,head,home,3,6,1253.7539,106.0,0.0012,114.525,82.519,473,ok,,
374716304a7ded17769aa931b27e166cdc8ca2b2,head,home,4,9,1331.6254,96,0.0012,118.856,40.264,487,ok,,
93dd51060a305108450b18b87b39f1b3b2125995,base,home,0,0,1181.9837,98.0,0.0012,120.922,77.378,470,ok,,
93dd51060a305108450b18b87b39f1b3b2125995,base,home,1,3,1173.1259,103.5,0.0012,104.864,51.677,470,ok,,
93dd51060a305108450b18b87b39f1b3b2125995,base,home,2,4,1190.4784,104.0,0.0012,109.807,76.06,490,ok,,
93dd51060a305108450b18b87b39f1b3b2125995,base,home,3,7,1259.9172,101.0,0.0013,114.863,65.535,475,ok,,
93dd51060a305108450b18b87b39f1b3b2125995,base,home,4,8,1257.942,121.0,0.0013,118.656,53.69,471,ok,,
93dd51060a305108450b18b87b39f1b3b2125995,head,home,0,1,1171.9129,90.0,0.0012,118.982,58.84,469,ok,,
93dd51060a305108450b18b87b39f1b3b2125995,head,home,1,2,1297.2326,107,0.0013,117.965,82.251,473,ok,,
93dd51060a305108450b18b87b39f1b3b2125995,head,home,2,5,1167.4314,82,0.0012,115.849,46.586,488,ok,,
93dd51060a305108450b18b87b39f1b3b2125995,head,home,3,6,1334.6292,134,0.0012,119.524,18.895,489,ok,,
93dd51060a305108450b18b87b39f1b3b2125995,head,home,4,9,1307.7672,102.0,0.0013,125.896,70.689,473,ok,,
65aa577e39a1ae6315322eae010b69961b99b418,base,home,0,0,1374.2363,98,0.0012,122.383,83.38,488,outlier,lcp,
65aa577e39a1ae6315322eae010b69961b99b418,base,home,1,3,1331.0616,106.0,0.0012,117.384,66.231,472,outlier,lcp,
65aa577e39a1ae6315322eae010b69961b99b418,base,home,2,4,1177.5976,69.0,0.0012,115.088,82.032,468,ok,,
65aa577e39a1ae6315322eae010b69961b99b418,base,home,3,7,1171.4649,81.0,0.0012,117.231,61.746,470,ok,,
65aa577e39a1ae6315322eae010b69961b99b418,base,home,4,8,1174.9766,103,0.0012,124.082,63.961,473,ok,,
65aa577e39a1ae6315322eae010b69961b99b418,head,home,0,1,1177.6667,86.0,0.0012,118.045,59.767,490,ok,,
65aa577e39a1ae6315322eae010b69961b99b418,head,home,1,2,1173.3791,84.0,0.0012,103.882,62.857,469,ok,,
65aa577e39a1ae6315322eae010b69961b99b418,head,home,2,5,1325.108,93.0,0.0012,121.097,68.028,473,outlier,lcp,
65aa577e39a1ae6315322eae010b69961b99b418,head,home,3,6,1184.4893,119,0.0012,120.206,54.747,488,ok,,
65aa577e39a1ae6315322eae010b69961b99b418,head,home,4,9,1166.4923,96,0.0012,111.561,54.326,472,ok,,
a1d9b16b0dc485566cfc90ece8269443f8726d63,base,home,0,0,1250.8837,99.0,0.0012,118.172,38.113,471,outlier,lcp,
a1d9b16b0dc485566cfc90ece8269443f8726d63,base,home,1,3,1164.0943,94,0.0012,125.249,66.217,476,ok,,
a1d9b16b0dc485566cfc90ece8269443f8726d63,base,home,2,4,1344.2598,108.0,0.0012,117.041,89.616,471,outlier,lcp,
a1d9b16b0dc485566cfc90ece8269443f8726d63,base,home,3,7,1175.8093,76,0.0012,110.202,57.773,472,ok,,
a1d9b16b0dc485566cfc90ece8269443f8726d63,base,home,4,8,1178.3376,114,0.0013,118.497,64.954,478,ok,,
a1d9b16b0dc485566cfc90ece8269443f8726d63,head,home,0,1,1249.918,82,0.0013,121.278,79.852,475,ok,,
a1d9b16b0dc485566cfc90ece8269443f8726d63,head,home,1,2,1147.105,57,0.0012,118.926,63.388,471,ok,,
a1d9b16b0dc485566cfc90ece8269443f8726d63,head,home,2,5,1322.2484,83.0,0.0012,118.801,52.856,484,ok,,
a1d9b16b0dc485566cfc90ece8269443f8726d63,head,home,3,6,1175.7852,105.0,0.0012,117.041,45.441,472,ok,,
a1d9b16b0dc485566cfc90ece8269443f8726d63,head,home,4,9,1404.6377,72,0.0012,119.135,67.748,469,ok,,
5cf547650b700b35507e83773695098150b810d2,base,home,0,0,1175.9162,92.0,0.0012,113.215,66.794,488,ok,,
5cf547650b700b35507e83773695098150b810d2,base,home,1,3,1436.9371,123,0.0012,118.24,62.901,525,ok,,
5cf547650b700b35507e83773695098150b810d2,base,home,2,4,1171.4861,97,0.0012,157.563,57.212,456,outlier,inp,
5cf547650b700b35507e83773695098150b810d2,base,home,3,7,1342.7482,113.0,0.0012,119.645,58.603,490,ok,,
5cf547650b700b35507e83773695098150b810d2,base,home,4,8,1251.1707,98.0,0.0012,123.505,56.353,473,ok,,
5cf547650b700b35507e83773695098150b810d2,head,home,0,1,1169.7148,78,0.0012,116.898,66.415,473,outlier,lcp;tbt,
5cf547650b700b35507e83773695098150b810d2,head,home,1,2,1311.289,109,0.0013,119.901,59.522,470,ok,,
5cf547650b700b35507e83773695098150b810d2,head,home,2,5,1324.4055,111.0,0.0012,118.872,44.075,491,ok,,
5cf547650b700b35507e83773695098150b810d2,head,home,3,6,1179.4437,109,0.0013,117.582,60.201,491,outlier,lcp,
5cf547650b700b35507e83773695098150b810d2,head,home,4,9,1338.0063,112.0,0.0012,124.005,41.778,472,ok,,
53732f08f430ded353121c64c230b448282be37a,base,home,0,0,1165.6343,74,0.0012,114.766,74.492,471,ok,,
53732f08f430ded353121c64c230b448282be37a,base,home,1,3,1312.09,98,0.0013,99.141,61.798,473,ok,,
53732f08f430ded353121c64c230b448282be37a,base,home,2,4,1267.5394,122.0,0.0013,116.433,67.967,475,ok,,
53732f08f430ded353121c64c230b448282be37a,base,home,3,7,1376.0935,125,0.0012,115.083,69.95,505,ok,,
53732f08f430ded353121c64c230b448282be37a,base,home,4,8,1172.2347,104,0.0012,118.095,38.244,472,ok,,
53732f08f430ded353121c64c230b448282be37a,head,home,0,1,1181.5746,111,0.0013,119.24,67.587,472,ok,,
53732f08f430ded353121c64c230b448282be37a,head,home,1,2,1145.7984,96,0.0012,121.18,63.443,469,ok,,
53732f08f430ded353121c64c230b448282be37a,head,home,2,5,1182.8649,113,0.0013,119.651,61.611,472,ok,,
53732f08f430ded353121c64c230b448282be37a,head,home,3,6,1309.6242,97,0.0012,105.731,29.704,473,outlier,tbtFlow,
53732f08f430ded353121c64c230b448282be37a,head,home,4,9,1255.9516,104,0.0012,114.69,78.428,475,ok,,
a3b90897b5d770a27d53773db670ddfda983ae85,base,home,0,0,1323.9993,95,0.0012,87.976,56.092,471,outlier,inp,
a3b90897b5d770a27d53773db670ddfda983ae85,base,home,1,3,1297.2582,127,0.0012,117.855,55.705,507,ok,,
a3b90897b5d770a27d53773db670ddfda983ae85,base,home,2,4,1169.9716,107,0.0013,113.134,52.865,457,ok,,
a3b90897b5d770a27d53773db670ddfda983ae85,base,home,3,7,1441.675,139,0.0012,114.971,43.498,543,outlier,lcpObs,
a3b90897b5d770a27d53773db670ddfda983ae85,base,home,4,8,1180.6555,107.0,0.0012,122.823,37.365,468,ok,,
a3b90897b5d770a27d53773db670ddfda983ae85,head,home,0,1,1404.6468,94.0,0.0012,109.557,58.813,473,ok,,
a3b90897b5d770a27d53773db670ddfda983ae85,head,home,1,2,1380.0258,109,0.0013,127.536,55.187,473,ok,,
a3b90897b5d770a27d53773db670ddfda983ae85,head,home,2,5,1425.266,122,0.0012,117.369,67.758,507,ok,,
a3b90897b5d770a27d53773db670ddfda983ae85,head,home,3,6,1259.733,107.0,0.0012,114.358,64.029,473,ok,,
a3b90897b5d770a27d53773db670ddfda983ae85,head,home,4,9,1174.1949,105.0,0.0012,118.117,54.155,475,outlier,lcp,
91b78903ab1fb8c695d96c94972eadda4998518e,base,home,0,0,1170.7566,100,0.0012,123.088,64.767,488,ok,,
91b78903ab1fb8c695d96c94972eadda4998518e,base,home,1,3,1466.5651,81,0.0012,113.143,54.265,486,outlier,lcp,
91b78903ab1fb8c695d96c94972eadda4998518e,base,home,2,4,1186.6171,114,0.0013,105.986,50.07,474,ok,,
91b78903ab1fb8c695d96c94972eadda4998518e,base,home,3,7,1170.2434,76,0.0012,100.511,31.164,470,ok,,
91b78903ab1fb8c695d96c94972eadda4998518e,base,home,4,8,1184.9631,143,0.0013,116.266,39.456,471,ok,,
91b78903ab1fb8c695d96c94972eadda4998518e,head,home,0,1,1305.7869,140,0.0012,113.987,43.282,490,ok,,
91b78903ab1fb8c695d96c94972eadda4998518e,head,home,1,2,1436.4901,123,0.0012,118.423,57.382,525,ok,,
91b78903ab1fb8c695d96c94972eadda4998518e,head,home,2,5,1175.9955,107,0.0012,118.888,66.316,491,ok,,
91b78903ab1fb8c695d96c94972eadda4998518e,head,home,3,6,1438.341,133,0.0012,122.801,56.59,520,ok,,
91b78903ab1fb8c695d96c94972eadda4998518e,head,home,4,9,1161.3643,91.0,0.0013,106.743,25.296,452,ok,,
e6ae6bf05755eb3845d9635953bd6477e948a8f6,base,home,0,0,1253.4958,100.0,0.0012,119.208,70.628,490,outlier,lcp,
e6ae6bf05755eb3845d9635953bd6477e948a8f6,base,home,1,3,1171.6975,102.0,0.0012,122.517,53.673,469,ok,,
e6ae6bf05755eb3845d9635953bd6477e948a8f6,base,home,2,4,1166.6386,95,0.0013,112.308,59.198,473,ok,,
e6ae6bf05755eb3845d9635953bd6477e948a8f6,base,home,3,7,1169.6569,101,0.0013,118.471,34.29,473,ok,,
e6ae6bf05755eb3845d9635953bd6477e948a8f6,base,home,4,8,1178.4059,70.5,0.0014,104.012,56.463,475,ok,,
e6ae6bf05755eb3845d9635953bd6477e948a8f6,head,home,0,1,1164.2513,73,0.0012,109.286,58.734,471,outlier,lcp,
e6ae6bf05755eb3845d9635953bd6477e948a8f6,head,home,1,2,1370.6818,77,0.0012,117.626,68.58,473,ok,,
e6ae6bf05755eb3845d9635953bd6477e948a8f6,head,home,2,5,1333.4367,100.0,0.0012,106.016,20.842,491,outlier,tbtFlow,
e6ae6bf05755eb3845d9635953bd6477e948a8f6,head,home,3,6,1340.4965,122,0.0013,110.398,67.219,472,outlier,tbt,
e6ae6bf05755eb3845d9635953bd6477e948a8f6,head,home,4,9,1179.6655,77,0.0012,105.253,51.686,472,ok,,
f179f7ffd23cd47a8f013c3fd0051cb07a83d1d6,base,home,0,0,1187.7405,104,0.0012,120.736,71.45,487,ok,,
f179f7ffd23cd47a8f013c3fd0051cb07a83d1d6,base,home,1,3,1170.7323,110,0.0012,118.107,54.824,471,ok,,
f179f7ffd23cd47a8f013c3fd0051cb07a83d1d6,base,home,2,4,1373.0375,118,0.0012,104.469,57.148,471,ok,,
f179f7ffd23cd47a8f013c3fd0051cb07a83d1d6,base,home,3,7,1340.7361,133,0.0013,109.259,63.89,487,ok,,
f179f7ffd23cd47a8f013c3fd0051cb07a83d1d6,base,home,4,8,1473.7686,124,0.0012,119.589,53.612,491,ok,,
f179f7ffd23cd47a8f013c3fd0051cb07a83d1d6,head,home,0,1,1377.2156,127,0.0012,111.517,59.303,500,outlier,lcp,
f179f7ffd23cd47a8f013c3fd0051cb07a83d1d6,head,home,1,2,1170.6095,100,0.0012,118.751,58.906,470,ok,,
f179f7ffd23cd47a8f013c3fd0051cb07a83d1d6,head,home,2,5,1172.4313,133,0.0013,114.154,83.58,490,ok,,
f179f7ffd23cd47a8f013c3fd0051cb07a83d1d6,head,home,3,6,1329.4311,127,0.0012,118.494,52.164,472,outlier,lcp,
f179f7ffd23cd47a8f013c3fd0051cb07a83d1d6,head,home,4,9,1186.4997,133,0.0012,120.92,95.959,474,outlier,tbtFlow,
b2e81e38a6fde8b3cb5dfdf2f2fb651323ad309d,base,home,0,0,1176.2538,102,0.0013,120.524,90.189,473,ok,,
b2e81e38a6fde8b3cb5dfdf2f2fb651323ad309d,base,home,1,3,1172.1098,98.0,0.0012,106.551,47.715,472,ok,,
b2e81e38a6fde8b3cb5dfdf2f2fb651323ad309d,base,home,2,4,1150.4931,113,0.0012,115.022,66.344,457,ok,,
b2e81e38a6fde8b3cb5dfdf2f2fb651323ad309d,base,home,3,7,1289.8304,154,0.0012,121.469,50.792,490,outlier,tbt,
b2e81e38a6fde8b3cb5dfdf2f2fb651323ad309d,base,home,4,8,1362.7404,68.5,0.0012,108.623,58.573,489,outlier,lcp,
b2e81e38a6fde8b3cb5dfdf2f2fb651323ad309d,head,home,0,1,1166.5158,96,0.0012,111.538,57.2,457,ok,,
b2e81e38a6fde8b3cb5dfdf2f2fb651323ad309d,head,home,1,2,1182.0011,101.0,0.0012,114.936,52.212,474,ok,,
b2e81e38a6fde8b3cb5dfdf2f2fb651323ad309d,head,home,2,5,1187.3207,109,0.0012,120.051,46.271,491,ok,,
b2e81e38a6fde8b3cb5dfdf2f2fb651323ad309d,head,home,3,6,1295.2035,99,0.0012,92.877,25.214,469,outlier,lcp,
b2e81e38a6fde8b3cb5dfdf2f2fb651323ad309d,head,home,4,9,1417.4392,105.0,0.0013,103.801,39.168,519,outlier,lcp,
7c0b3295760d3492a980f2f6416a36c9ef592103,base,home,0,0,1380.3142,111,0.0013,117.741,30.036,473,ok,,
7c0b3295760d3492a980f2f6416a36c9ef592103,base,home,1,3,1181.4375,126.0,0.0012,111.63,50.689,504,ok,,
7c0b3295760d3492a980f2f6416a36c9ef592103,base,home,2,4,1171.5995,106,0.0013,104.167,29.23,456,outlier,lcp,
7c0b3295760d3492a980f2f6416a36c9ef592103,base,home,3,7,1355.5135,107.5,0.0013,113.491,43.071,485,ok,,
7c0b3295760d3492a980f2f6416a36c9ef592103,base,home,4,8,1342.8481,109,0.0012,111.631,47.767,470,ok,,
7c0b3295760d3492a980f2f6416a36c9ef592103,head,home,0,1,1338.1892,89,0.0013,117.844,63.406,471,ok,,
7c0b3295760d3492a980f2f6416a36c9ef592103,head,home,1,2,1387.1591,125.0,0.0013,109.812,57.366,489,ok,,
7c0b3295760d3492a980f2f6416a36c9ef592103,head,home,2,5,1525.8736,182,0.0012,156.011,65.355,555,outlier,lcp;inp,
7c0b3295760d3492a980f2f6416a36c9ef592103,head,home,3,6,1370.0867,112,0.0012,121.24,35.637,488,ok,,
7c0b3295760d3492a980f2f6416a36c9ef592103,head,home,4,9,1169.1961,96.0,0.0012,106.66,45.748,471,outlier,lcp,
1acf66edabc2ac5bbd4aed0714aed7dca7cc2aab,base,home,0,0,1177.2539,107,0.0012,119.506,28.683,471,ok,,
1acf66edabc2ac5bbd4aed0714aed7dca7cc2aab,base,home,1,3,1312.3045,104,0.0013,114.493,54.825,472,outlier,lcp,
1acf66edabc2ac5bbd4aed0714aed7dca7cc2aab,base,home,2,4,1345.6189,116.0,0.0012,104.947,26.507,489,outlier,lcp,
1acf66edabc2ac5bbd4aed0714aed7dca7cc2aab,base,home,3,7,1190.1427,118,0.0012,119.707,30.092,472,ok,,
1acf66edabc2ac5bbd4aed0714aed7dca7cc2aab,base,home,4,8,1158.8181,128,0.0012,118.275,54.327,468,ok,,
1acf66edabc2ac5bbd4aed0714aed7dca7cc2aab,base,home,5,11,1330.222,98,0.0013,116.256,23.963,473,outlier,lcp,
1acf66edabc2ac5bbd4aed0714aed7dca7cc2aab,base,home,6,12,1161.6226,91,0.0012,107.964,50.014,453,ok,,
1acf66edabc2ac5bbd4aed0714aed7dca7cc2aab,base,home,7,15,1427.9618,119,0.0013,102.663,57.832,488,outlier,lcp,
1acf66edabc2ac5bbd4aed0714aed7dca7cc2aab,base,home,8,16,1170.5667,83,0.0013,118.007,56.96,474,ok,,
1acf66edabc2ac5bbd4aed0714aed7dca7cc2aab,base,home,9,19,1438.063,121,0.0012,121.995,28.84,491,outlier,lcp,
1acf66edabc2ac5bbd4aed0714aed7dca7cc2aab,base,home,10,20,1185.1719,113,0.0012,111.106,51.502,474,ok,,
1acf66edabc2ac5bbd4aed0714aed7dca7cc2aab,base,home,11,23,1165.6431,62.5,0.0012,118.569,13.353,470,outlier,tbt;tbtFlow,
1acf66edabc2ac5bbd4aed0714aed7dca7cc2aab,base,home,12,24,1186.8495,109.0,0.0012,113.783,54.369,469,ok,,
1acf66edabc2ac5bbd4aed0714aed7dca7cc2aab,base,home,13,27,1179.3791,135.0,0.0012,107.455,25.648,470,ok,,
1acf66edabc2ac5bbd4aed0714aed7dca7cc2aab,base,home,14,28,1176.0765,113,0.0013,103.918,57.767,473,ok,,
1acf66edabc2ac5bbd4aed0714aed7dca7cc2aab,head,home,0,1,1179.9003,98,0.0012,117.428,12.579,471,ok,,
1acf66edabc2ac5bbd4aed0714aed7dca7cc2aab,head,home,1,2,1160.4879,96.0,0.0012,120.981,45.119,474,ok,,
1acf66edabc2ac5bbd4aed0714aed7dca7cc2aab,head,home,2,5,1329.1231,98.0,0.0012,117.621,58.738,470,outlier,lcp,
1acf66edabc2ac5bbd4aed0714aed7dca7cc2aab,head,home,3,6,1165.9081,94,0.0012,116.07,60.394,454,ok,,
1acf66edabc2ac5bbd4aed0714aed7dca7cc2aab,head,home,4,9,1160.2603,97.0,0.0012,129.021,90.345,474,ok,,
1acf66edabc2ac5bbd4aed0714aed7dca7cc2aab,head,home,5,10,1176.959,112,0.0012,104.312,28.303,490,ok,,
1acf66edabc2ac5bbd4aed0714aed7dca7cc2aab,head,home,6,13,1488.6154,99,0.0012,115.714,33.411,472,outlier,lcp,
1acf66edabc2ac5bbd4aed0714aed7dca7cc2aab,head,home,7,14,1324.7035,76.0,0.0012,102.471,49.921,471,outlier,lcp,
1acf66edabc2ac5bbd4aed0714aed7dca7cc2aab,head,home,8,17,1166.3749,92,0.0013,116.63,39.881,472,ok,,
1acf66edabc2ac5bbd4aed0714aed7dca7cc2aab,head,home,9,18,1465.0017,148,0.0012,111.063,44.262,541,outlier,lcp;tbt;lcpObs,
1acf66edabc2ac5bbd4aed0714aed7dca7cc2aab,head,home,10,21,1191.8333,107.0,0.0012,104.564,42.74,472,ok,,
1acf66edabc2ac5bbd4aed0714aed7dca7cc2aab,head,home,11,22,1166.4601,130,0.0012,103.732,14.298,472,outlier,tbt,
1acf66edabc2ac5bbd4aed0714aed7dca7cc2aab,head,home,12,25,1164.3235,93.0,0.0012,103.321,31.162,454,ok,,
1acf66edabc2ac5bbd4aed0714aed7dca7cc2aab,head,home,13,26,1406.3932,93.0,0.0013,110.185,84.189,470,outlier,lcp,
1acf66edabc2ac5bbd4aed0714aed7dca7cc2aab,head,home,14,29,1153.5906,102,0.0012,108.821,53.559,470,ok,,
69d4c346cc82ee5f64b6fa6bb91ad94422fedfb3,base,home,0,0,1173.0231,91,0.0013,114.034,58.491,457,ok,,
69d4c346cc82ee5f64b6fa6bb91ad94422fedfb3,base,home,1,3,1171.395,103,0.0012,105.245,51.754,489,ok,,
69d4c346cc82ee5f64b6fa6bb91ad94422fedfb3,base,home,2,4,1181.6143,117.0,0.0012,103.557,56.198,470,ok,,
69d4c346cc82ee5f64b6fa6bb91ad94422fedfb3,base,home,3,7,1409.9115,101,0.0013,114.526,58.03,487,outlier,lcp,
69d4c346cc82ee5f64b6fa6bb91ad94422fedfb3,base,home,4,8,1177.7506,86.0,0.0012,107.209,36.824,473,ok,,
69d4c346cc82ee5f64b6fa6bb91ad94422fedfb3,head,home,0,1,1174.5653,95,0.0013,117.443,50.504,471,ok,,
69d4c346cc82ee5f64b6fa6bb91ad94422fedfb3,head,home,1,2,1334.904,101,0.0013,122.313,51.962,471,outlier,lcp,
69d4c346cc82ee5f64b6fa6bb91ad94422fedfb3,head,home,2,5,1153.0386,99,0.0012,104.529,49.379,486,ok,,
69d4c346cc82ee5f64b6fa6bb91ad94422fedfb3,head,home,3,6,1148.3599,97.0,0.0012,112.867,72.841,472,ok,,
69d4c346cc82ee5f64b6fa6bb91ad94422fedfb3,head,home,4,9,1343.6433,104,0.0012,113.031,47.232,471,outlier,lcp,
786ab266ff3a9cfffaed16804cf9132b44bc08ae,base,home,0,0,1152.2176,101.0,0.0012,101.986,66.764,472,ok,,
786ab266ff3a9cfffaed16804cf9132b44bc08ae,base,home,1,3,1322.2784,102,0.0012,121.098,59.604,471,ok,,
786ab266ff3a9cfffaed16804cf9132b44bc08ae,base,home,2,4,1189.7661,107,0.0012,112.433,58.526,472,ok,,
786ab266ff3a9cfffaed16804cf9132b44bc08ae,base,home,3,7,1333.6365,61.5,0.0012,110.025,60.162,470,outlier,tbt,
786ab266ff3a9cfffaed16804cf9132b44bc08ae,base,home,4,8,1182.3461,101,0.0012,113.206,51.155,490,ok,,
786ab266ff3a9cfffaed16804cf9132b44bc08ae,head,home,0,1,1373.6291,96,0.0013,118.836,59.544,473,outlier,lcp,
786ab266ff3a9cfffaed16804cf9132b44bc08ae,head,home,1,2,1366.6469,127.0,0.0013,112.653,53.247,490,outlier,lcp,
786ab266ff3a9cfffaed16804cf9132b44bc08ae,head,home,2,5,1165.4061,94,0.0013,118.71,65.404,486,ok,,
786ab266ff3a9cfffaed16804cf9132b44bc08ae,head,home,3,6,1185.0819,138,0.0012,115.151,42.086,471,ok,,
786ab266ff3a9cfffaed16804cf9132b44bc08ae,head,home,4,9,1178.8743,71,0.0012,112.768,67.271,470,ok,,
39103bd33a3365f4134958fe5e932678fcd12fb8,base,home,0,0,1248.8869,101.0,0.0012,115.035,51.09,490,ok,,
39103bd33a3365f4134958fe5e932678fcd12fb8,base,home,1,3,1471.0725,114,0.0013,103.959,53.02,489,ok,,
39103bd33a3365f4134958fe5e932678fcd12fb8,base,home,2,4,1183.5099,112.0,0.0013,108.288,65.2,465,ok,,
39103bd33a3365f4134958fe5e932678fcd12fb8,base,home,3,7,1164.8228,96,0.0012,113.561,65.421,474,ok,,
39103bd33a3365f4134958fe5e932678fcd12fb8,base,home,4,8,1178.5695,109,0.0013,105.576,12.069,473,ok,,
39103bd33a3365f4134958fe5e932678fcd12fb8,base,home,5,11,1387.1136,104,0.0013,118.043,51.162,490,ok,,
39103bd33a3365f4134958fe5e932678fcd12fb8,base,home,6,12,1326.9987,116,0.0012,119.879,54.747,473,ok,,
39103bd33a3365f4134958fe5e932678fcd12fb8,base,home,7,15,1173.2542,101,0.0012,120.042,65.275,474,ok,,
39103bd33a3365f4134958fe5e932678fcd12fb8,base,home,8,16,1379.517,113.0,0.0013,115.029,26.075,475,ok,,
39103bd33a3365f4134958fe5e932678fcd12fb8,base,home,9,19,1332.8104,105,0.0012,114.391,41.902,473,ok,,
39103bd33a3365f4134958fe5e932678fcd12fb8,base,home,10,20,1184.1354,113,0.0012,106.393,13.088,476,ok,,
39103bd33a3365f4134958fe5e932678fcd12fb8,base,home,11,23,1287.2855,114.0,0.0012,116.378,68.35,491,ok,,
39103bd33a3365f4134958fe5e932678fcd12fb8,base,home,12,24,1374.6025,73.0,0.0013,107.412,52.097,472,outlier,tbt,
39103bd33a3365f4134958fe5e932678fcd12fb8,base,home,13,27,1170.7352,119.0,0.0012,110.043,31.93,472,ok,,
39103bd33a3365f4134958fe5e932678fcd12fb8,base,home,14,28,1326.9289,75.0,0.0012,117.771,27.31,472,outlier,tbt,
39103bd33a3365f4134958fe5e932678fcd12fb8,head,home,0,1,1168.9804,79.0,0.0012,118.918,56.704,472,ok,,
39103bd33a3365f4134958fe5e932678fcd12fb8,head,home,1,2,1182.4195,91,0.0012,111.832,44.919,472,ok,,
39103bd33a3365f4134958fe5e932678fcd12fb8,head,home,2,5,1353.3096,89,0.0012,118.74,38.336,491,outlier,lcp,
39103bd33a3365f4134958fe5e932678fcd12fb8,head,home,3,6,1180.5548,97.0,0.0012,103.628,53.474,506,ok,,
39103bd33a3365f4134958fe5e932678fcd12fb8,head,home,4,9,1156.5008,93,0.0012,117.353,49.397,473,ok,,
39103bd33a3365f4134958fe5e932678fcd12fb8,head,home,5,10,1329.7015,96,0.0012,107.377,54.624,471,outlier,lcp,
39103bd33a3365f4134958fe5e932678fcd12fb8,head,home,6,13,1185.0214,142,0.0012,117.808,55.234,475,ok,,
39103bd33a3365f4134958fe5e932678fcd12fb8,head,home,7,14,1421.2714,124.5,0.0012,107.72,52.341,518,outlier,lcp,
39103bd33a3365f4134958fe5e932678fcd12fb8,head,home,8,17,1167.0059,96,0.0012,116.279,14.45,452,outlier,tbtFlow,
39103bd33a3365f4134958fe5e932678fcd12fb8,head,home,9,18,1270.0822,112,0.0012,115.733,48.072,474,outlier,lcp,
39103bd33a3365f4134958fe5e932678fcd12fb8,head,home,10,21,1167.3968,74,0.0012,121.645,29.085,455,ok,,
39103bd33a3365f4134958fe5e932678fcd12fb8,head,home,11,22,1323.6471,96.0,0.0013,119.036,62.914,472,outlier,lcp,
39103bd33a3365f4134958fe5e932678fcd12fb8,head,home,12,25,1174.7085,81.0,0.0012,87.508,25.262,470,outlier,inp,
39103bd33a3365f4134958fe5e932678fcd12fb8,head,home,13,26,1395.0159,126,0.0012,118.804,62.218,492,outlier,lcp,
39103bd33a3365f4134958fe5e932678fcd12fb8,head,home,14,29,1167.1483,59.0,0.0013,119.99,37.85,469,ok,,
f1aa8f86a9745c6c1623ce8aabbc305522053616,base,home,0,0,1248.9628,98,0.0012,121.188,63.264,469,ok,,
f1aa8f86a9745c6c1623ce8aabbc305522053616,base,home,1,3,1260.4578,94.0,0.0012,120.173,55.106,474,ok,,
f1aa8f86a9745c6c1623ce8aabbc305522053616,base,home,2,4,1332.574,81,0.0012,113.15,55.961,473,ok,,
f1aa8f86a9745c6c1623ce8aabbc305522053616,base,home,3,7,1367.0936,129.0,0.0012,119.069,26.469,506,ok,,
f1aa8f86a9745c6c1623ce8aabbc305522053616,base,home,4,8,1155.2286,105,0.0012,121.029,40.506,469,ok,,
f1aa8f86a9745c6c1623ce8aabbc305522053616,head,home,0,1,1334.6224,106.0,0.0012,113.732,57.672,470,ok,,
f1aa8f86a9745c6c1623ce8aabbc305522053616,head,home,1,2,1180.5362,115,0.0012,111.82,58.413,476,ok,,
f1aa8f86a9745c6c1623ce8aabbc305522053616,head,home,2,5,1376.5797,103,0.0012,114.33,53.286,505,ok,,
f1aa8f86a9745c6c1623ce8aabbc305522053616,head,home,3,6,1384.0204,99,0.0012,118.718,54.073,472,ok,,
f1aa8f86a9745c6c1623ce8aabbc305522053616,head,home,4,9,1168.8641,78.0,0.0012,155.822,44.126,464,outlier,inp,
792ea3a06c60079229f36819d8695af7d563832a,base,home,0,0,1145.7919,92.0,0.0012,118.399,61.268,470,outlier,lcp;tbt,
792ea3a06c60079229f36819d8695af7d563832a,base,home,1,3,1327.9084,121,0.0012,118.971,84.53,505,ok,,
792ea3a06c60079229f36819d8695af7d563832a,base,home,2,4,1431.0699,136.0,0.0012,104.06,58.177,491,ok,,
792ea3a06c60079229f36819d8695af7d563832a,base,home,3,7,1430.8661,128.5,0.0012,118.881,55.526,491,ok,,
792ea3a06c60079229f36819d8695af7d563832a,base,home,4,8,1389.259,132,0.0012,109.078,53.161,488,ok,,
792ea3a06c60079229f36819d8695af7d563832a,head,home,0,1,1163.9,90,0.0012,119.613,58.798,454,outlier,lcp,
792ea3a06c60079229f36819d8695af7d563832a,head,home,1,2,1434.9557,132,0.0012,111.662,56.392,492,ok,,
792ea3a06c60079229f36819d8695af7d563832a,head,home,2,5,1391.3838,118,0.0013,118.782,57.289,487,ok,,
792ea3a06c60079229f36819d8695af7d563832a,head,home,3,6,1255.2038,114,0.0012,100.983,62.258,470,ok,,
792ea3a06c60079229f36819d8695af7d563832a,head,home,4,9,1417.0811,106.0,0.0012,102.976,29.526,471,ok,,
ab0255f21eb40b5408f3e9ed9725474108eda9e6,base,home,0,0,1379.0539,97.0,0.0012,115.888,67.867,471,outlier,lcp,
ab0255f21eb40b5408f3e9ed9725474108eda9e6,base,home,1,3,1462.9181,148.0,0.0012,117.03,85.466,556,outlier,lcp;lcpObs,
ab0255f21eb40b5408f3e9ed9725474108eda9e6,base,home,2,4,1170.6847,118,0.0012,117.087,59.115,471,ok,,
ab0255f21eb40b5408f3e9ed9725474108eda9e6,base,home,3,7,1175.8789,72.0,0.0012,118,61.234,471,ok,,
ab0255f21eb40b5408f3e9ed9725474108eda9e6,base,home,4,8,1170.6174,68,0.0012,117.681,65.811,471,ok,,
ab0255f21eb40b5408f3e9ed9725474108eda9e6,head,home,0,1,1166.7288,95.0,0.0012,117.889,61.474,476,ok,,
ab0255f21eb40b5408f3e9ed9725474108eda9e6,head,home,1,2,1173.8709,101,0.0012,119.34,65.006,467,ok,,
ab0255f21eb40b5408f3e9ed9725474108eda9e6,head,home,2,5,1178.3281,111.0,0.0013,118.976,62.186,488,ok,,
ab0255f21eb40b5408f3e9ed9725474108eda9e6,head,home,3,6,1172.8111,84,0.0012,116.392,66.596,471,ok,,
ab0255f21eb40b5408f3e9ed9725474108eda9e6,head,home,4,9,1168.3259,117,0.0012,104.653,27.661,470,outlier,tbtFlow,
1da120e914e87ae2f308ff6eb41c365401e8f583,base,home,0,0,1290.4834,117,0.0012,116.987,69.837,488,ok,,
1da120e914e87ae2f308ff6eb41c365401e8f583,base,home,1,3,1341.4828,103,0.0013,120.168,54.118,471,ok,,
1da120e914e87ae2f308ff6eb41c365401e8f583,base,home,2,4,1253.4824,83,0.0012,107.264,45.733,468,ok,,
1da120e914e87ae2f308ff6eb41c365401e8f583,base,home,3,7,1406.1457,96,0.0012,126.732,55.613,471,ok,,
1da120e914e87ae2f308ff6eb41c365401e8f583,base,home,4,8,1374.372,104,0.0012,108.097,63.655,472,ok,,
1da120e914e87ae2f308ff6eb41c365401e8f583,base,home,5,11,1466.5856,123.0,0.0012,116.331,35.65,521,ok,,
1da120e914e87ae2f308ff6eb41c365401e8f583,base,home,6,12,1441.6214,142,0.0012,120.646,58.789,505,ok,,
1da120e914e87ae2f308ff6eb41c365401e8f583,base,home,7,15,1418.4144,104,0.0012,116.556,51.45,470,ok,,
1da120e914e87ae2f308ff6eb41c365401e8f583,base,home,8,16,1420.4154,107,0.0012,101.758,28.921,489,ok,,
1da120e914e87ae2f308ff6eb41c365401e8f583,base,home,9,19,1460.6734,123,0.0012,128.002,104.108,490,outlier,tbtFlow,
1da120e914e87ae2f308ff6eb41c365401e8f583,base,home,10,20,1175.7559,105.0,0.0012,125.179,59.555,471,ok,,
1da120e914e87ae2f308ff6eb41c365401e8f583,base,home,11,23,1156.6529,111,0.0012,119.501,77.497,468,outlier,lcp,
1da120e914e87ae2f308ff6eb41c365401e8f583,base,home,12,24,1456.9811,91,0.0012,101.735,55.388,470,ok,,
1da120e914e87ae2f308ff6eb41c365401e8f583,base,home,13,27,1386.7242,118,0.0012,117.015,63.606,489,ok,,
1da120e914e87ae2f308ff6eb41c365401e8f583,base,home,14,28,1484.1231,122.5,0.0012,104.624,57.974,523,outlier,lcpObs,
1da120e914e87ae2f308ff6eb41c365401e8f583,head,home,0,1,1171.7722,101,0.0012,105.805,47.931,472,ok,,
1da120e914e87ae2f308ff6eb41c365401e8f583,head,home,1,2,1183.576,120,0.0012,115.358,24.155,475,ok,,
1da120e914e87ae2f308ff6eb41c365401e8f583,head,home,2,5,1427.9364,114.0,0.0013,117.301,34.59,489,ok,,
1da120e914e87ae2f308ff6eb41c365401e8f583,head,home,3,6,1324.342,92.0,0.0013,116.636,59.188,473,ok,,
1da120e914e87ae2f308ff6eb41c365401e8f583,head,home,4,9,1383.7836,100.0,0.0012,122.364,34.849,470,ok,,
1da120e914e87ae2f308ff6eb41c365401e8f583,head,home,5,10,1170.8841,99.0,0.0012,117.105,65.064,460,ok,,
1da120e914e87ae2f308ff6eb41c365401e8f583,head,home,6,13,1259.0414,109,0.0013,117.075,52.461,473,ok,,
1da120e914e87ae2f308ff6eb41c365401e8f583,head,home,7,14,1428.0638,126,0.0012,115.976,66.253,487,ok,,
1da120e914e87ae2f308ff6eb41c365401e8f583,head,home,8,17,1409.137,122.0,0.0012,107.65,54.873,488,ok,,
1da120e914e87ae2f308ff6eb41c365401e8f583,head,home,9,18,1262.2864,120,0.0012,119.508,65.211,467,ok,,
1da120e914e87ae2f308ff6eb41c365401e8f583,head,home,10,21,1384.8774,119.0,0.0013,106.581,51.365,490,ok,,
1da120e914e87ae2f308ff6eb41c365401e8f583,head,home,11,22,1321.9594,89,0.0012,111.239,61.237,471,ok,,
1da120e914e87ae2f308ff6eb41c365401e8f583,head,home,12,25,1465.2239,81,0.0012,118.192,68.799,488,ok,,
1da120e914e87ae2f308ff6eb41c365401e8f583,head,home,13,26,1334.2969,87,0.0012,114.616,19.594,486,ok,,
1da120e914e87ae2f308ff6eb41c365401e8f583,head,home,14,29,1424.6049,118.0,0.0013,120.68,51.878,488,ok,,
c9c96f619cbceb335c5b5bf112be78465d8ab60e,base,home,0,0,1171.0294,100,0.0012,120.038,60.099,467,ok,,
c9c96f619cbceb335c5b5bf112be78465d8ab60e,base,home,1,3,1179.483,97,0.0012,112.511,60.301,471,ok,,
c9c96f619cbceb335c5b5bf112be78465d8ab60e,base,home,2,4,1179.1741,107.0,0.0012,114.509,53.391,471,ok,,
c9c96f619cbceb335c5b5bf112be78465d8ab60e,base,home,3,7,1289.0269,99,0.0012,99.57,64.226,471,outlier,lcp,
c9c96f619cbceb335c5b5bf112be78465d8ab60e,base,home,4,8,1425.0912,121.0,0.0012,110.578,64.017,491,outlier,lcp,
c9c96f619cbceb335c5b5bf112be78465d8ab60e,head,home,0,1,1384.7811,114.0,0.0012,116.573,30.766,472,ok,,
c9c96f619cbceb335c5b5bf112be78465d8ab60e,head,home,1,2,1423.2482,114,0.0013,121.57,58.984,490,ok,,
c9c96f619cbceb335c5b5bf112be78465d8ab60e,head,home,2,5,1370.949,102.0,0.0013,117.018,60.403,487,ok,,
c9c96f619cbceb335c5b5bf112be78465d8ab60e,head,home,3,6,1384.7439,110.0,0.0012,110.401,48.944,489,ok,,
c9c96f619cbceb335c5b5bf112be78465d8ab60e,head,home,4,9,1392.3756,115,0.0012,110.97,60.227,491,ok,,
46c42a6cb0bfc8c096ac4f232d427e10c2d943d1,base,home,0,0,1183.6651,115,0.0012,117.908,37.331,474,ok,,
46c42a6cb0bfc8c096ac4f232d427e10c2d943d1,base,home,1,3,1424.384,101,0.0012,118.69,38.058,488,ok,,
46c42a6cb0bfc8c096ac4f232d427e10c2d943d1,base,home,2,4,1281.82,81,0.0012,105.424,57.518,470,ok,,
46c42a6cb0bfc8c096ac4f232d427e10c2d943d1,base,home,3,7,1379.688,105.0,0.0012,117.409,75.33,488,ok,,
46c42a6cb0bfc8c096ac4f232d427e10c2d943d1,base,home,4,8,1180.0025,110.0,0.0012,118.001,51.135,475,ok,,
46c42a6cb0bfc8c096ac4f232d427e10c2d943d1,head,home,0,1,1331.8755,99.0,0.0012,108.999,56.914,471,ok,,
46c42a6cb0bfc8c096ac4f232d427e10c2d943d1,head,home,1,2,1167.1799,97.0,0.0012,112.745,58.848,471,ok,,
46c42a6cb0bfc8c096ac4f232d427e10c2d943d1,head,home,2,5,1332.4399,136,0.0012,114.159,57.648,489,outlier,tbt,
46c42a6cb0bfc8c096ac4f232d427e10c2d943d1,head,home,3,6,1399.2532,110,0.0012,117.014,55.042,488,ok,,
46c42a6cb0bfc8c096ac4f232d427e10c2d943d1,head,home,4,9,1179.1045,100,0.0012,119.574,61.223,474,ok,,
85270fcc8db26f98d119e2d2752b0c0139e86e16,base,home,0,0,1368.2639,98.0,0.0013,94.336,55.103,470,outlier,inp,
85270fcc8db26f98d119e2d2752b0c0139e86e16,base,home,1,3,1179.1883,101,0.0013,118.399,41.819,469,ok,,
85270fcc8db26f98d119e2d2752b0c0139e86e16,base,home,2,4,1336.7779,63,0.0012,106.398,23.232,489,outlier,tbtFlow,
85270fcc8db26f98d119e2d2752b0c0139e86e16,base,home,3,7,1456.0197,93.0,0.0013,115.637,64.782,488,ok,,
85270fcc8db26f98d119e2d2752b0c0139e86e16,base,home,4,8,1165.0659,123.5,0.0012,112.811,54.579,473,ok,,
85270fcc8db26f98d119e2d2752b0c0139e86e16,base,home,5,11,1341.3344,119,0.0012,105.095,27.672,487,ok,,
85270fcc8db26f98d119e2d2752b0c0139e86e16,base,home,6,12,1345.4055,95,0.0012,116.153,17.887,471,outlier,tbtFlow,
85270fcc8db26f98d119e2d2752b0c0139e86e16,base,home,7,15,1456.5493,108,0.0013,115.405,44.858,510,ok,,
85270fcc8db26f98d119e2d2752b0c0139e86e16,base,home,8,16,1413.1706,142,0.0012,106.021,55.294,506,ok,,
85270fcc8db26f98d119e2d2752b0c0139e86e16,base,home,9,19,1445.5111,126,0.0012,118.818,56.915,522,ok,,
85270fcc8db26f98d119e2d2752b0c0139e86e16,base,home,10,20,1416.9116,106,0.0012,118.52,92.359,488,outlier,tbtFlow,
85270fcc8db26f98d119e2d2752b0c0139e86e16,base,home,11,23,1299.0583,106.0,0.0012,119.872,56.448,473,ok,,
85270fcc8db26f98d119e2d2752b0c0139e86e16,base,home,12,24,1418.5415,114.0,0.0012,116.405,62.047,490,ok,,
85270fcc8db26f98d119e2d2752b0c0139e86e16,base,home,13,27,1463.8211,94,0.0012,118.478,56.848,490,ok,,
85270fcc8db26f98d119e2d2752b0c0139e86e16,base,home,14,28,1171.6646,98,0.0013,120.233,60.372,476,ok,,
85270fcc8db26f98d119e2d2752b0c0139e86e16,head,home,0,1,1486.7691,94.0,0.0012,117.393,56.633,471,ok,,
85270fcc8db26f98d119e2d2752b0c0139e86e16,head,home,1,2,1436.8893,130.0,0.0012,116.316,31.153,487,ok,,
85270fcc8db26f98d119e2d2752b0c0139e86e16,head,home,2,5,1417.7981,93,0.0012,119.603,58.181,471,ok,,
85270fcc8db26f98d119e2d2752b0c0139e86e16,head,home,3,6,1381.2491,113.0,0.0012,109.455,51.693,474,ok,,
85270fcc8db26f98d119e2d2752b0c0139e86e16,head,home,4,9,1377.6769,104.0,0.0012,109.762,53.775,472,ok,,
85270fcc8db26f98d119e2d2752b0c0139e86e16,head,home,5,10,1165.0842,90.0,0.0012,113.382,38.325,470,outlier,lcp,
85270fcc8db26f98d119e2d2752b0c0139e86e16,head,home,6,13,1414.3803,106.0,0.0013,108.44,49.875,490,ok,,
85270fcc8db26f98d119e2d2752b0c0139e86e16,head,home,7,14,1342.3941,115.0,0.0012,119.781,62.06,489,ok,,
85270fcc8db26f98d119e2d2752b0c0139e86e16,head,home,8,17,1167.9289,97.0,0.0013,116.103,57.75,476,outlier,lcp,
85270fcc8db26f98d119e2d2752b0c0139e86e16,head,home,9,18,1408.9459,97,0.0013,119.888,66.856,469,ok,,
85270fcc8db26f98d119e2d2752b0c0139e86e16,head,home,10,21,1348.1334,125,0.0012,118.2,65.002,490,ok,,
85270fcc8db26f98d119e2d2752b0c0139e86e16,head,home,11,22,1309.8187,101.0,0.0013,116.686,49.219,473,ok,,
85270fcc8db26f98d119e2d2752b0c0139e86e16,head,home,12,25,1289.4934,99.0,0.0012,117.449,66.059,472,ok,,
85270fcc8db26f98d119e2d2752b0c0139e86e16,head,home,13,26,1422.7376,112.0,0.0012,105.98,27.143,494,ok,,
85270fcc8db26f98d119e2d2752b0c0139e86e16,head,home,14,29,1172.758,100,0.0012,115.72,30.146,475,outlier,lcp,
5e375b4331febad8dd7d1adf4e3d78df0fbeeb17,base,home,0,0,1350.924,108,0.0013,116.969,75.865,489,ok,,
5e375b4331febad8dd7d1adf4e3d78df0fbeeb17,base,home,1,3,1490.3489,132,0.0012,116.86,31.004,503,ok,,
5e375b4331febad8dd7d1adf4e3d78df0fbeeb17,base,home,2,4,1422.1819,116.0,0.0012,116.656,64.413,492,ok,,
5e375b4331febad8dd7d1adf4e3d78df0fbeeb17,base,home,3,7,1411.0554,101.0,0.0012,100.558,55.706,470,ok,,
5e375b4331febad8dd7d1adf4e3d78df0fbeeb17,base,home,4,8,1336.046,123,0.0012,118.406,52.075,472,ok,,
5e375b4331febad8dd7d1adf4e3d78df0fbeeb17,base,home,5,11,1442.101,117.5,0.0012,106.141,62.136,505,ok,,
5e375b4331febad8dd7d1adf4e3d78df0fbeeb17,base,home,6,12,1428.8461,122.0,0.0012,110.558,50.405,487,ok,,
5e375b4331febad8dd7d1adf4e3d78df0fbeeb17,base,home,7,15,1169.2229,59.5,0.0012,103.693,29.512,471,outlier,tbt,
5e375b4331febad8dd7d1adf4e3d78df0fbeeb17,base,home,8,16,1322.6957,117,0.0012,117.863,25.858,490,outlier,tbtFlow,
5e375b4331febad8dd7d1adf4e3d78df0fbeeb17,base,home,9,19,1407.2345,125.0,0.0012,137.218,84.258,488,outlier,inp,
5e375b4331febad8dd7d1adf4e3d78df0fbeeb17,base,home,10,20,1305.4193,117.0,0.0012,118.185,63.527,489,ok,,
5e375b4331febad8dd7d1adf4e3d78df0fbeeb17,base,home,11,23,1333.0469,106,0.0012,112.542,49.351,472,ok,,
5e375b4331febad8dd7d1adf4e3d78df0fbeeb17,base,home,12,24,1297.2365,102,0.0012,118.629,57.161,474,ok,,
5e375b4331febad8dd7d1adf4e3d78df0fbeeb17,base,home,13,27,1465.6186,116.0,0.0012,118.11,63.265,491,ok,,
5e375b4331febad8dd7d1adf4e3d78df0fbeeb17,base,home,14,28,1387.5836,107,0.0012,121.026,62.979,524,ok,,
5e375b4331febad8dd7d1adf4e3d78df0fbeeb17,head,home,0,1,1359.2241,104,0.0012,122.035,57.888,506,ok,,
5e375b4331febad8dd7d1adf4e3d78df0fbeeb17,head,home,1,2,1447.8361,95,0.0012,99.097,24.67,471,outlier,tbtFlow,
5e375b4331febad8dd7d1adf4e3d78df0fbeeb17,head,home,2,5,1185.9834,114.0,0.0013,102.499,29.182,477,ok,,
5e375b4331febad8dd7d1adf4e3d78df0fbeeb17,head,home,3,6,1172.2827,100,0.0012,114.115,48.897,470,ok,,
5e375b4331febad8dd7d1adf4e3d78df0fbeeb17,head,home,4,9,1410.5269,98,0.0012,118.575,62.538,471,ok,,
5e375b4331febad8dd7d1adf4e3d78df0fbeeb17,head,home,5,10,1168.5521,118.0,0.0012,114.46,59.959,462,ok,,
5e375b4331febad8dd7d1adf4e3d78df0fbeeb17,head,home,6,13,1336.3369,86.5,0.0013,114.336,70.102,474,ok,,
5e375b4331febad8dd7d1adf4e3d78df0fbeeb17,head,home,7,14,1182.1617,117.0,0.0012,102.062,30.169,471,ok,,
5e375b4331febad8dd7d1adf4e3d78df0fbeeb17,head,home,8,17,1251.7696,80,0.0012,126.056,63.102,473,ok,,
5e375b4331febad8dd7d1adf4e3d78df0fbeeb17,head,home,9,18,1417.0588,114,0.0012,118.186,63.453,489,ok,,
5e375b4331febad8dd7d1adf4e3d78df0fbeeb17,head,home,10,21,1173.1651,104.0,0.0012,118.288,73.55,472,ok,,
5e375b4331febad8dd7d1adf4e3d78df0fbeeb17,head,home,11,22,1285.6445,102,0.0012,117.015,59.551,472,ok,,
5e375b4331febad8dd7d1adf4e3d78df0fbeeb17,head,home,12,25,1402.5704,109,0.0012,117.25,52.463,490,ok,,
5e375b4331febad8dd7d1adf4e3d78df0fbeeb17,head,home,13,26,1169.3404,96,0.0012,118.913,77.693,470,ok,,
5e375b4331febad8dd7d1adf4e3d78df0fbeeb17,head,home,14,29,1262.2521,117.0,0.0013,125.457,64.324,474,ok,,
e33a1c0e85a9fae8636deb9b9eb7079825de8337,base,home,0,0,1369.0364,95,0.0013,88.019,68.483,473,ok,,
e33a1c0e85a9fae8636deb9b9eb7079825de8337,base,home,1,3,1452.5567,104,0.0013,102.861,29.099,486,ok,,
e33a1c0e85a9fae8636deb9b9eb7079825de8337,base,home,2,4,1347.5945,127.0,0.0012,102.565,53.431,488,ok,,
e33a1c0e85a9fae8636deb9b9eb7079825de8337,base,home,3,7,1410.5574,94,0.0012,118.603,27.092,474,ok,,
e33a1c0e85a9fae8636deb9b9eb7079825de8337,base,home,4,8,1414.1896,113,0.0012,105.447,58.134,521,ok,,
e33a1c0e85a9fae8636deb9b9eb7079825de8337,head,home,0,1,1336.2587,103,0.0012,116.263,32.707,469,ok,,
e33a1c0e85a9fae8636deb9b9eb7079825de8337,head,home,1,2,1465.5539,118,0.0012,117.386,23.484,490,ok,,
e33a1c0e85a9fae8636deb9b9eb7079825de8337,head,home,2,5,1371.3114,104.0,0.0012,105.752,25.633,471,ok,,
e33a1c0e85a9fae8636deb9b9eb7079825de8337,head,home,3,6,1179.8199,110,0.0012,103.42,58.775,473,ok,,
e33a1c0e85a9fae8636deb9b9eb7079825de8337,head,home,4,9,1424.7321,69,0.0013,116.883,58.391,485,outlier,tbt,
74789584bed7de19e91e35a3c0e708aeadcddf8b,base,home,0,0,1365.895,95.0,0.0013,119.048,72.377,471,ok,,
74789584bed7de19e91e35a3c0e708aeadcddf8b,base,home,1,3,1418.2839,110,0.0012,117.742,63.413,506,ok,,
74789584bed7de19e91e35a3c0e708aeadcddf8b,base,home,2,4,1253.663,103.0,0.0012,119.007,46.524,473,ok,,
74789584bed7de19e91e35a3c0e708aeadcddf8b,base,home,3,7,1172.8376,98,0.0012,109.141,59.232,469,ok,,
74789584bed7de19e91e35a3c0e708aeadcddf8b,base,home,4,8,1389.3479,120,0.0012,118.145,63.278,489,ok,,
74789584bed7de19e91e35a3c0e708aeadcddf8b,head,home,0,1,1187.4881,112,0.0012,115.337,54.976,470,ok,,
74789584bed7de19e91e35a3c0e708aeadcddf8b,head,home,1,2,1157.2435,104.0,0.0012,112.773,57.558,455,outlier,lcp,
74789584bed7de19e91e35a3c0e708aeadcddf8b,head,home,2,5,1379.3674,86.5,0.0012,116.475,37.504,508,ok,,
74789584bed7de19e91e35a3c0e708aeadcddf8b,head,home,3,6,1377.5457,104,0.0012,103.486,58.661,489,ok,,
74789584bed7de19e91e35a3c0e708aeadcddf8b,head,home,4,9,1339.2113,110.0,0.0012,117.215,62.298,471,ok,,
1e22618ab2adee8e1947a218aa23dbacd6095c17,base,home,0,0,1168.3694,116,0.0012,116.153,61.459,473,ok,,
1e22618ab2adee8e1947a218aa23dbacd6095c17,base,home,1,3,1397.9426,125.0,0.0013,116.185,50.968,524,ok,,
1e22618ab2adee8e1947a218aa23dbacd6095c17,base,home,2,4,1415.9404,105.0,0.0012,118.017,54.042,487,ok,,
1e22618ab2adee8e1947a218aa23dbacd6095c17,base,home,3,7,1476.2181,142,0.0012,103.123,31.076,520,ok,,
1e22618ab2adee8e1947a218aa23dbacd6095c17,base,home,4,8,1177.7643,103.0,0.0013,115.609,55.112,454,ok,,
1e22618ab2adee8e1947a218aa23dbacd6095c17,head,home,0,1,1168.621,97.0,0.0012,117.519,31.536,473,outlier,lcp,
1e22618ab2adee8e1947a218aa23dbacd6095c17,head,home,1,2,1429.8001,125.0,0.0013,101.524,17.082,490,outlier,tbtFlow,
1e22618ab2adee8e1947a218aa23dbacd6095c17,head,home,2,5,1407.1109,94,0.0013,155.999,71.917,473,outlier,inp,
1e22618ab2adee8e1947a218aa23dbacd6095c17,head,home,3,6,1387.3492,117.0,0.0013,108.375,63.113,476,ok,,
1e22618ab2adee8e1947a218aa23dbacd6095c17,head,home,4,9,1352.0294,131,0.0012,112.992,63.38,489,ok,,
e4ab626739f5f163c5eca56190f615643218b61c,base,home,0,0,1342.1786,106,0.0012,115.942,49.951,472,ok,,
e4ab626739f5f163c5eca56190f615643218b61c,base,home,1,3,1402.7515,130,0.0012,109.296,11.632,521,ok,,
e4ab626739f5f163c5eca56190f615643218b61c,base,home,2,4,1386.6016,101.0,0.0012,114.32,76.364,488,ok,,
e4ab626739f5f163c5eca56190f615643218b61c,base,home,3,7,1294.5457,107.0,0.0012,122.78,58.806,490,ok,,
e4ab626739f5f163c5eca56190f615643218b61c,base,home,4,8,1418.454,85,0.0012,123.579,77.779,471,ok,,
e4ab626739f5f163c5eca56190f615643218b61c,head,home,0,1,1415.8505,102.0,0.0012,121.31,59.36,486,ok,,
e4ab626739f5f163c5eca56190f615643218b61c,head,home,1,2,1451.2909,96,0.0012,104.625,42.24,472,ok,,
e4ab626739f5f163c5eca56190f615643218b61c,head,home,2,5,1418.5259,87,0.0012,110.018,59.386,488,ok,,
e4ab626739f5f163c5eca56190f615643218b61c,head,home,3,6,1384.316,121,0.0012,107.716,56.047,486,ok,,
e4ab626739f5f163c5eca56190f615643218b61c,head,home,4,9,1407.9299,118.0,0.0012,115.552,44.73,491,ok,,
219571a7187651c79648de08c9a98a3b2f7f607a,base,home,0,0,1376.7313,104.0,0.0012,92.828,61.419,488,ok,,
219571a7187651c79648de08c9a98a3b2f7f607a,base,home,1,3,1394.7279,103,0.0012,115.799,64.364,472,ok,,
219571a7187651c79648de08c9a98a3b2f7f607a,base,home,2,4,1297.3355,103.0,0.0013,124.989,31.203,470,ok,,
219571a7187651c79648de08c9a98a3b2f7f607a,base,home,3,7,1339.9311,113.0,0.0013,102.308,54.848,473,ok,,
219571a7187651c79648de08c9a98a3b2f7f607a,base,home,4,8,1424.3455,95,0.0012,111.56,58.167,472,ok,,
219571a7187651c79648de08c9a98a3b2f7f607a,head,home,0,1,1166.6254,94,0.0012,112.903,60.613,472,ok,,
219571a7187651c79648de08c9a98a3b2f7f607a,head,home,1,2,1411.8257,101.0,0.0012,118.083,66.108,471,ok,,
219571a7187651c79648de08c9a98a3b2f7f607a,head,home,2,5,1477.9566,140,0.0012,116.563,29.971,507,outlier,tbtFlow,
219571a7187651c79648de08c9a98a3b2f7f607a,head,home,3,6,1382.1281,109.0,0.0012,118.824,25.655,488,outlier,tbtFlow,
219571a7187651c79648de08c9a98a3b2f7f607a,head,home,4,9,1270.0433,120,0.0012,159.448,60.823,485,outlier,inp,
ea74787447db38be580ceb11f53928b1a291f88f,base,home,0,0,1419.8657,114.0,0.0012,119.181,79.229,488,ok,,
ea74787447db38be580ceb11f53928b1a291f88f,base,home,1,3,1374.5996,113,0.0012,120.064,63.258,490,ok,,
ea74787447db38be580ceb11f53928b1a291f88f,base,home,2,4,1297.1214,108,0.0012,119.009,61.805,472,ok,,
ea74787447db38be580ceb11f53928b1a291f88f,base,home,3,7,1285.2547,94.0,0.0012,112.762,60.966,471,ok,,
ea74787447db38be580ceb11f53928b1a291f88f,base,home,4,8,1416.0866,101.0,0.0012,123.261,30.281,472,outlier,tbtFlow,
ea74787447db38be580ceb11f53928b1a291f88f,head,home,0,1,1429.9462,129.0,0.0012,115.656,49.279,489,outlier,tbt,
ea74787447db38be580ceb11f53928b1a291f88f,head,home,1,2,1167.5741,97,0.0012,117.36,66.444,473,ok,,
ea74787447db38be580ceb11f53928b1a291f88f,head,home,2,5,1381.0336,117,0.0013,103.533,61.727,491,ok,,
ea74787447db38be580ceb11f53928b1a291f88f,head,home,3,6,1463.6979,92,0.0012,116.637,60.114,493,ok,,
ea74787447db38be580ceb11f53928b1a291f88f,head,home,4,9,1288.5237,97,0.0013,119.252,59.367,471,ok,,
4872083c044491b6d5c96ae134a75464f96d6831,base,home,0,0,1364.8179,93,0.0012,121.657,65.493,472,ok,,
4872083c044491b6d5c96ae134a75464f96d6831,base,home,1,3,1173.7047,104,0.0012,101.978,73.149,476,ok,,
4872083c044491b6d5c96ae134a75464f96d6831,base,home,2,4,1174.2209,102,0.0012,117.009,54.497,469,ok,,
4872083c044491b6d5c96ae134a75464f96d6831,base,home,3,7,1476.0458,118,0.0012,117.052,40.933,491,ok,,
4872083c044491b6d5c96ae134a75464f96d6831,base,home,4,8,1315.2112,103.0,0.0013,117.501,69.238,469,ok,,
4872083c044491b6d5c96ae134a75464f96d6831,head,home,0,1,1411.9921,102,0.0012,117.441,27.941,469,outlier,tbtFlow,
4872083c044491b6d5c96ae134a75464f96d6831,head,home,1,2,1383.982,66,0.0012,103.431,61.549,488,ok,,
4872083c044491b6d5c96ae134a75464f96d6831,head,home,2,5,1389.7132,127.0,0.0012,118.597,60.52,486,outlier,tbt,
4872083c044491b6d5c96ae134a75464f96d6831,head,home,3,6,1407.2495,95.0,0.0012,116.27,47.682,468,ok,,
4872083c044491b6d5c96ae134a75464f96d6831,head,home,4,9,1326.4849,94,0.0013,116.129,62.704,467,ok,,
cf212b2f3354c09bd6f960b53a9cfb0a3ecbfa58,base,home,0,0,1434.1294,84,0.0012,114.629,60.908,523,ok,,
cf212b2f3354c09bd6f960b53a9cfb0a3ecbfa58,base,home,1,3,1302.6915,108,0.0012,107.888,65.412,473,outlier,lcp,
cf212b2f3354c09bd6f960b53a9cfb0a3ecbfa58,base,home,2,4,1420.5756,95.0,0.0012,109.822,53.618,488,ok,,
cf212b2f3354c09bd6f960b53a9cfb0a3ecbfa58,base,home,3,7,1444.7631,114.0,0.0012,148.716,80.263,489,outlier,inp,
cf212b2f3354c09bd6f960b53a9cfb0a3ecbfa58,base,home,4,8,1452.5536,95.0,0.0012,119.886,68.404,489,ok,,
cf212b2f3354c09bd6f960b53a9cfb0a3ecbfa58,head,home,0,1,1160.6216,94.0,0.0013,113.692,53.338,458,ok,,
cf212b2f3354c09bd6f960b53a9cfb0a3ecbfa58,head,home,1,2,1170.0151,97,0.0013,114.909,67.598,473,ok,,
cf212b2f3354c09bd6f960b53a9cfb0a3ecbfa58,head,home,2,5,1174.2584,80,0.0012,115.285,57.553,474,ok,,
cf212b2f3354c09bd6f960b53a9cfb0a3ecbfa58,head,home,3,6,1471.9646,113,0.0012,114.447,35.134,507,outlier,lcp,
cf212b2f3354c09bd6f960b53a9cfb0a3ecbfa58,head,home,4,9,1293.5296,102.5,0.0013,119.124,32.586,472,outlier,lcp,
c5a50d223feb5fceaebc916ad75f2dcecb399467,base,home,0,0,1387.4555,112,0.0012,120.262,35.796,471,ok,,
c5a50d223feb5fceaebc916ad75f2dcecb399467,base,home,1,3,1461.3045,96,0.0013,118.451,70.434,488,ok,,
c5a50d223feb5fceaebc916ad75f2dcecb399467,base,home,2,4,1421.9034,135,0.0012,120.01,59.223,492,ok,,
c5a50d223feb5fceaebc916ad75f2dcecb399467,base,home,3,7,1180.7161,113,0.0012,118.153,27.91,472,outlier,lcp,
c5a50d223feb5fceaebc916ad75f2dcecb399467,base,home,4,8,1388.581,97,0.0013,102.612,61.75,473,ok,,
c5a50d223feb5fceaebc916ad75f2dcecb399467,head,home,0,1,1167.5445,98,0.0012,120.769,61.413,471,outlier,lcp,
c5a50d223feb5fceaebc916ad75f2dcecb399467,head,home,1,2,1415.1861,103,0.0012,109.969,46.225,486,ok,,
c5a50d223feb5fceaebc916ad75f2dcecb399467,head,home,2,5,1419.8797,120,0.0012,116.741,55.802,473,ok,,
c5a50d223feb5fceaebc916ad75f2dcecb399467,head,home,3,6,1432.6311,130,0.0012,118.067,53.441,509,ok,,
c5a50d223feb5fceaebc916ad75f2dcecb399467,head,home,4,9,1424.1834,90,0.0013,117.426,58.775,488,ok,,
abeeaeba217ab3b5193b78c8d8d63c373b518ced,base,home,0,0,1465.2316,103,0.0012,120.206,61.435,487,ok,,
abeeaeba217ab3b5193b78c8d8d63c373b518ced,base,home,1,3,1448.8881,120.0,0.0013,120.128,53.091,536,ok,,
abeeaeba217ab3b5193b78c8d8d63c373b518ced,base,home,2,4,1383.2669,122,0.0013,121.769,89.194,489,ok,,
abeeaeba217ab3b5193b78c8d8d63c373b518ced,base,home,3,7,1303.6674,121.5,0.0012,102.994,44.887,490,ok,,
abeeaeba217ab3b5193b78c8d8d63c373b518ced,base,home,4,8,1148.6824,76,0.0013,114.701,71.517,473,outlier,tbt,
abeeaeba217ab3b5193b78c8d8d63c373b518ced,head,home,0,1,1460.884,113,0.0012,119.457,49.925,472,ok,,
abeeaeba217ab3b5193b78c8d8d63c373b518ced,head,home,1,2,1411.3616,97,0.0012,111.102,61.958,488,ok,,
abeeaeba217ab3b5193b78c8d8d63c373b518ced,head,home,2,5,1425.6197,106.0,0.0012,117.497,66.01,489,ok,,
abeeaeba217ab3b5193b78c8d8d63c373b518ced,head,home,3,6,1145.3639,92,0.0012,118.463,64.395,453,outlier,lcp,
abeeaeba217ab3b5193b78c8d8d63c373b518ced,head,home,4,9,1397.2183,124,0.0013,93.361,48.194,472,outlier,inp,
884225b1c7ba08d2cd506e487f5f699a52bd821b,base,home,0,0,1171.2061,100.0,0.0012,120.082,86.613,471,ok,,
884225b1c7ba08d2cd506e487f5f699a52bd821b,base,home,1,3,1496.1558,139.5,0.0012,120.086,72.157,543,outlier,lcp;tbt;lcpObs,
884225b1c7ba08d2cd506e487f5f699a52bd821b,base,home,2,4,1390.8022,72,0.0012,116.602,67.595,487,outlier,lcp,
884225b1c7ba08d2cd506e487f5f699a52bd821b,base,home,3,7,1180.6557,111.0,0.0013,119.298,35.6,471,ok,,
884225b1c7ba08d2cd506e487f5f699a52bd821b,base,home,4,8,1171.549,103,0.0012,117.468,59.656,474,ok,,
884225b1c7ba08d2cd506e487f5f699a52bd821b,head,home,0,1,1178.826,114,0.0012,121,71.025,471,outlier,lcp,
884225b1c7ba08d2cd506e487f5f699a52bd821b,head,home,1,2,1379.6996,111,0.0012,119.308,103.516,472,outlier,tbtFlow,
884225b1c7ba08d2cd506e487f5f699a52bd821b,head,home,2,5,1449.6749,78.0,0.0012,119.783,67.606,472,ok,,
884225b1c7ba08d2cd506e487f5f699a52bd821b,head,home,3,6,1394.2177,66.0,0.0012,122.251,34.97,488,outlier,tbtFlow,
884225b1c7ba08d2cd506e487f5f699a52bd821b,head,home,4,9,1357.6815,92.0,0.0012,118.457,63.465,489,ok,,
e160ff7ba0641fba729c528482de5277ffb19c58,base,home,0,0,1163.0164,113,0.0013,87.494,67.176,488,outlier,lcp;inp,
e160ff7ba0641fba729c528482de5277ffb19c58,base,home,1,3,1479.6906,110,0.0012,100.09,62.643,509,ok,,
e160ff7ba0641fba729c528482de5277ffb19c58,base,home,2,4,1439.7186,125.0,0.0012,120.284,60.398,489,ok,,
e160ff7ba0641fba729c528482de5277ffb19c58,base,home,3,7,1421.1575,97.0,0.0012,117.224,76.276,487,ok,,
e160ff7ba0641fba729c528482de5277ffb19c58,base,home,4,8,1419.4816,131,0.0013,119.102,40.203,487,ok,,
e160ff7ba0641fba729c528482de5277ffb19c58,head,home,0,1,1169.6204,118,0.0013,121.017,70.281,472,ok,,
e160ff7ba0641fba729c528482de5277ffb19c58,head,home,1,2,1298.6253,120.0,0.0012,118.6,71.684,489,ok,,
e160ff7ba0641fba729c528482de5277ffb19c58,head,home,2,5,1476.4491,113,0.0012,120.251,71.094,509,ok,,
e160ff7ba0641fba729c528482de5277ffb19c58,head,home,3,6,1339.4047,124.0,0.0013,126.384,92.743,472,ok,,
e160ff7ba0641fba729c528482de5277ffb19c58,head,home,4,9,1436.2121,140,0.0012,92.423,68.122,507,outlier,inp,
4a6f4e7a32ce3d3360d4d209d14105acc144d8c7,base,home,0,0,1455.5207,110,0.0012,118.722,75.27,489,ok,,
4a6f4e7a32ce3d3360d4d209d14105acc144d8c7,base,home,1,3,1433.7252,111.5,0.0012,112.555,63.153,542,ok,,
4a6f4e7a32ce3d3360d4d209d14105acc144d8c7,base,home,2,4,1172.2236,101,0.0012,119,62.233,469,outlier,lcp,
4a6f4e7a32ce3d3360d4d209d14105acc144d8c7,base,home,3,7,1327.888,80,0.0012,118.339,41.101,471,outlier,lcp,
4a6f4e7a32ce3d3360d4d209d14105acc144d8c7,base,home,4,8,1432.4245,117,0.0012,93.245,60.719,491,outlier,inp,
4a6f4e7a32ce3d3360d4d209d14105acc144d8c7,head,home,0,1,1170.28,97,0.0012,116.79,76.702,473,outlier,lcp,
4a6f4e7a32ce3d3360d4d209d14105acc144d8c7,head,home,1,2,1377.0024,134,0.0012,120.44,65.887,472,ok,,
4a6f4e7a32ce3d3360d4d209d14105acc144d8c7,head,home,2,5,1341.1034,96,0.0012,114.232,75.151,469,ok,,
4a6f4e7a32ce3d3360d4d209d14105acc144d8c7,head,home,3,6,1174.8142,106,0.0013,120.76,65.388,490,outlier,lcp,
4a6f4e7a32ce3d3360d4d209d14105acc144d8c7,head,home,4,9,1342.5426,131,0.0013,117.554,47.883,470,ok,,
e1bb9ff8f8931e783c11d104abb8967ac6605c9a,base,home,0,0,1414.8494,83,0.0013,113.285,60.327,489,ok,,
e1bb9ff8f8931e783c11d104abb8967ac6605c9a,base,home,1,3,1384.92,141,0.0012,118.002,68.035,558,outlier,lcpObs,
e1bb9ff8f8931e783c11d104abb8967ac6605c9a,base,home,2,4,1407.3669,62,0.0012,106.884,62.758,489,ok,,
e1bb9ff8f8931e783c11d104abb8967ac6605c9a,base,home,3,7,1383.8935,121,0.0012,109.19,65.045,487,ok,,
e1bb9ff8f8931e783c11d104abb8967ac6605c9a,base,home,4,8,1429.6807,117.0,0.0012,117.525,69.021,489,ok,,
e1bb9ff8f8931e783c11d104abb8967ac6605c9a,head,home,0,1,1178.22,95,0.0012,113.569,65.134,472,ok,,
e1bb9ff8f8931e783c11d104abb8967ac6605c9a,head,home,1,2,1350.8198,121,0.0012,92.422,63.258,490,outlier,inp,
e1bb9ff8f8931e783c11d104abb8967ac6605c9a,head,home,2,5,1514.0571,110,0.0012,116.131,63.325,506,outlier,lcp,
e1bb9ff8f8931e783c11d104abb8967ac6605c9a,head,home,3,6,1219.4385,106,0.0012,120.989,47.689,470,ok,,
e1bb9ff8f8931e783c11d104abb8967ac6605c9a,head,home,4,9,1204.6575,130,0.0012,119.614,61.96,458,ok,,
214cd6e6e8ac3ad6b68486aa7aa7241abdf9445f,base,home,0,0,1450.0236,116,0.0012,91.027,55.233,470,outlier,inp,
214cd6e6e8ac3ad6b68486aa7aa7241abdf9445f,base,home,1,3,1465.109,116,0.0012,121.356,74.379,488,ok,,
214cd6e6e8ac3ad6b68486aa7aa7241abdf9445f,base,home,2,4,1362.1015,91,0.0012,119.417,60.9,471,ok,,
214cd6e6e8ac3ad6b68486aa7aa7241abdf9445f,base,home,3,7,1464.0607,121,0.0012,113.386,62.417,488,ok,,
214cd6e6e8ac3ad6b68486aa7aa7241abdf9445f,base,home,4,8,1413.3415,133.0,0.0012,117.037,65.771,488,ok,,
214cd6e6e8ac3ad6b68486aa7aa7241abdf9445f,base,home,5,11,1505.1928,118.5,0.0012,110.719,59.629,485,ok,,
214cd6e6e8ac3ad6b68486aa7aa7241abdf9445f,base,home,6,12,1418.4194,94.0,0.0012,90.958,58.239,486,outlier,inp,
214cd6e6e8ac3ad6b68486aa7aa7241abdf9445f,base,home,7,15,1519.4161,123,0.0012,119.041,70.105,543,outlier,lcpObs,
214cd6e6e8ac3ad6b68486aa7aa7241abdf9445f,base,home,8,16,1387.1662,126.0,0.0012,108.258,67.238,488,ok,,
214cd6e6e8ac3ad6b68486aa7aa7241abdf9445f,base,home,9,19,1467.3643,120.0,0.0012,119.093,61.224,520,ok,,
214cd6e6e8ac3ad6b68486aa7aa7241abdf9445f,base,home,10,20,1417.8512,107,0.0012,107.733,87.807,490,ok,,
214cd6e6e8ac3ad6b68486aa7aa7241abdf9445f,base,home,11,23,1499.4352,116.0,0.0012,119.527,70.607,543,outlier,lcpObs,
214cd6e6e8ac3ad6b68486aa7aa7241abdf9445f,base,home,12,24,1344.7731,116,0.0012,116.716,65.344,474,ok,,
214cd6e6e8ac3ad6b68486aa7aa7241abdf9445f,base,home,13,27,1379.2233,326.0,0.0012,118.21,61.546,576,outlier,tbt;lcpObs,
214cd6e6e8ac3ad6b68486aa7aa7241abdf9445f,base,home,14,28,1392.4435,129,0.0012,111.752,36.263,487,ok,,
214cd6e6e8ac3ad6b68486aa7aa7241abdf9445f,head,home,0,1,1327.2265,94,0.0012,91.675,58.642,473,outlier,inp,
214cd6e6e8ac3ad6b68486aa7aa7241abdf9445f,head,home,1,2,1192.8385,120,0.0013,119.002,62.193,468,ok,,
214cd6e6e8ac3ad6b68486aa7aa7241abdf9445f,head,home,2,5,1340.6849,93.0,0.0012,99.181,66.272,472,ok,,
214cd6e6e8ac3ad6b68486aa7aa7241abdf9445f,head,home,3,6,1372.5168,100,0.0012,122.946,97.006,489,ok,,
214cd6e6e8ac3ad6b68486aa7aa7241abdf9445f,head,home,4,9,1420.7568,118,0.0013,119.019,74.013,489,ok,,
214cd6e6e8ac3ad6b68486aa7aa7241abdf9445f,head,home,5,10,1331.3871,82,0.0012,114.011,53.317,472,ok,,
214cd6e6e8ac3ad6b68486aa7aa7241abdf9445f,head,home,6,13,1275.337,84,0.0012,114.092,79.928,471,ok,,
214cd6e6e8ac3ad6b68486aa7aa7241abdf9445f,head,home,7,14,1336.6766,106,0.0012,116.072,44.2,472,ok,,
214cd6e6e8ac3ad6b68486aa7aa7241abdf9445f,head,home,8,17,1331.2413,124.0,0.0012,114.588,63.518,489,ok,,
214cd6e6e8ac3ad6b68486aa7aa7241abdf9445f,head,home,9,18,1194.6586,110,0.0014,119.231,82.572,477,ok,,
214cd6e6e8ac3ad6b68486aa7aa7241abdf9445f,head,home,10,21,1218.0326,103.5,0.0012,117.495,46.606,467,ok,,
214cd6e6e8ac3ad6b68486aa7aa7241abdf9445f,head,home,11,22,1445.5309,115,0.0013,100.825,65.914,473,ok,,
214cd6e6e8ac3ad6b68486aa7aa7241abdf9445f,head,home,12,25,1184.216,108.0,0.0013,120.461,70.409,461,ok,,
214cd6e6e8ac3ad6b68486aa7aa7241abdf9445f,head,home,13,26,1370.8126,99,0.0013,118.37,74.999,471,ok,,
214cd6e6e8ac3ad6b68486aa7aa7241abdf9445f,head,home,14,29,1372.7133,101.0,0.0012,114.219,62.293,471,ok,,
f1a79b73df5b9883f940417861a4f5fb879a3f02,base,home,0,0,1208.3935,75,0.0012,120.749,75.434,487,ok,,
f1a79b73df5b9883f940417861a4f5fb879a3f02,base,home,1,3,1209.9425,99,0.0012,119.094,60.173,472,ok,,
f1a79b73df5b9883f940417861a4f5fb879a3f02,base,home,2,4,1409.9611,96,0.0012,118.85,72.325,467,ok,,
f1a79b73df5b9883f940417861a4f5fb879a3f02,base,home,3,7,1381.9556,77.0,0.0012,93.5,68.38,487,outlier,inp,
f1a79b73df5b9883f940417861a4f5fb879a3f02,base,home,4,8,1455.4425,126.0,0.0012,112.629,66.023,486,ok,,
f1a79b73df5b9883f940417861a4f5fb879a3f02,head,home,0,1,1335.16,122.0,0.0012,116.4,57.334,471,ok,,
f1a79b73df5b9883f940417861a4f5fb879a3f02,head,home,1,2,1402.8669,92,0.0012,119.656,70.814,488,ok,,
f1a79b73df5b9883f940417861a4f5fb879a3f02,head,home,2,5,1214.6447,94.0,0.0012,119.014,39.849,454,ok,,
f1a79b73df5b9883f940417861a4f5fb879a3f02,head,home,3,6,1383.2684,79,0.0012,115.706,63.493,489,ok,,
f1a79b73df5b9883f940417861a4f5fb879a3f02,head,home,4,9,1231.1717,127,0.0012,111.55,63.611,488,ok,,
2b1c2a9fbf62417168cdae041d00f38cc403f0a5,base,home,0,0,1374.9561,97.0,0.0012,122.604,86.462,486,ok,,
2b1c2a9fbf62417168cdae041d00f38cc403f0a5,base,home,1,3,1330.5756,122,0.0012,111.712,83.398,470,ok,,
2b1c2a9fbf62417168cdae041d00f38cc403f0a5,base,home,2,4,1505.2827,121.0,0.0012,120.459,30.881,487,ok,,
2b1c2a9fbf62417168cdae041d00f38cc403f0a5,base,home,3,7,1448.4474,151.0,0.0013,120.335,45.862,539,outlier,lcpObs,
2b1c2a9fbf62417168cdae041d00f38cc403f0a5,base,home,4,8,1509.6431,104,0.0013,111.007,68.83,489,ok,,
2b1c2a9fbf62417168cdae041d00f38cc403f0a5,head,home,0,1,1245.8421,73,0.0012,91.878,65.017,469,outlier,lcp,
2b1c2a9fbf62417168cdae041d00f38cc403f0a5,head,home,1,2,1375.8745,131.0,0.0012,118.914,65.92,503,ok,,
2b1c2a9fbf62417168cdae041d00f38cc403f0a5,head,home,2,5,1419.9092,109.0,0.0012,126.179,63.17,486,ok,,
2b1c2a9fbf62417168cdae041d00f38cc403f0a5,head,home,3,6,1457.2558,107.0,0.0012,114.081,57.479,488,ok,,
2b1c2a9fbf62417168cdae041d00f38cc403f0a5,head,home,4,9,1396.2279,127,0.0012,92.209,63.278,490,ok,,
0361bdd9cb832450f1232dd28931199a73b64b1d,base,home,0,0,1455.682,101.0,0.0013,118.554,76.809,469,ok,,
0361bdd9cb832450f1232dd28931199a73b64b1d,base,home,1,3,1395.5554,150.5,0.0012,93.828,66.023,522,ok,,
0361bdd9cb832450f1232dd28931199a73b64b1d,base,home,2,4,1356.379,112,0.0012,115.151,60.712,490,ok,,
0361bdd9cb832450f1232dd28931199a73b64b1d,base,home,3,7,1482.2704,135.0,0.0012,121.224,41.451,520,ok,,
0361bdd9cb832450f1232dd28931199a73b64b1d,base,home,4,8,1424.0254,70.0,0.0012,92.235,69.829,488,ok,,
0361bdd9cb832450f1232dd28931199a73b64b1d,head,home,0,1,1406.4715,117,0.0012,91.089,68.205,472,ok,,
0361bdd9cb832450f1232dd28931199a73b64b1d,head,home,1,2,1422.6084,111,0.0013,123.086,92.326,470,outlier,inp,
0361bdd9cb832450f1232dd28931199a73b64b1d,head,home,2,5,1389.4768,131,0.0012,93.173,64.343,490,ok,,
0361bdd9cb832450f1232dd28931199a73b64b1d,head,home,3,6,1207.8279,95.0,0.0012,93.202,58.304,471,outlier,lcp,
0361bdd9cb832450f1232dd28931199a73b64b1d,head,home,4,9,1226.164,112,0.0012,109.737,57.895,478,outlier,lcp,
854d00c31b7105290396fe34294fc2a0331ea469,base,home,0,0,1220.7342,101,0.0013,119.62,78.115,471,ok,,
854d00c31b7105290396fe34294fc2a0331ea469,base,home,1,3,1455.0346,105,0.0012,119.745,62.401,470,ok,,
854d00c31b7105290396fe34294fc2a0331ea469,base,home,2,4,1419.5177,115,0.0012,93.664,60.861,487,outlier,inp,
854d00c31b7105290396fe34294fc2a0331ea469,base,home,3,7,1328.0862,93.0,0.0012,116.175,46.072,470,ok,,
854d00c31b7105290396fe34294fc2a0331ea469,base,home,4,8,1228.236,117,0.0012,93.001,67.424,473,outlier,inp,
854d00c31b7105290396fe34294fc2a0331ea469,head,home,0,1,1206.8539,94,0.0012,118.354,19.462,489,ok,,
854d00c31b7105290396fe34294fc2a0331ea469,head,home,1,2,1408.1872,119,0.0012,105.022,61.765,500,ok,,
854d00c31b7105290396fe34294fc2a0331ea469,head,home,2,5,1336.5234,129,0.0012,113.915,63.811,487,ok,,
854d00c31b7105290396fe34294fc2a0331ea469,head,home,3,6,1513.1615,141,0.0012,117.711,52.761,486,ok,,
854d00c31b7105290396fe34294fc2a0331ea469,head,home,4,9,1170.6337,99.0,0.0012,90.784,31.051,469,outlier,inp,
6574de60b3fae9a645023ef2743d8213f6df1bda,base,home,0,0,1251.2514,100,0.0012,126.619,86.717,467,ok,,
6574de60b3fae9a645023ef2743d8213f6df1bda,base,home,1,3,1257.773,108,0.0012,113.06,60.971,471,ok,,
6574de60b3fae9a645023ef2743d8213f6df1bda,base,home,2,4,1419.6687,132,0.0013,103.661,68.177,486,ok,,
6574de60b3fae9a645023ef2743d8213f6df1bda,base,home,3,7,1317.8629,104,0.0012,118.813,23.049,472,ok,,
6574de60b3fae9a645023ef2743d8213f6df1bda,base,home,4,8,1419.347,110,0.0013,119.294,46.71,489,ok,,
6574de60b3fae9a645023ef2743d8213f6df1bda,head,home,0,1,1332.9109,121,0.0012,90.403,64.943,472,ok,,
6574de60b3fae9a645023ef2743d8213f6df1bda,head,home,1,2,1428.4163,118,0.0012,119.602,67.411,502,outlier,inp,
6574de60b3fae9a645023ef2743d8213f6df1bda,head,home,2,5,1205.4155,113,0.0012,90.835,31.965,478,outlier,tbtFlow,
6574de60b3fae9a645023ef2743d8213f6df1bda,head,home,3,6,1502.894,91,0.0012,119.809,67.244,522,outlier,inp,
6574de60b3fae9a645023ef2743d8213f6df1bda,head,home,4,9,1328.4066,96,0.0012,91.797,73.667,475,ok,,
afa3a653fc5d2b742adcbd5a6063187b056d2419,base,home,0,0,1287.6204,76.0,0.0012,122.128,69.974,491,ok,,
afa3a653fc5d2b742adcbd5a6063187b056d2419,base,home,1,3,1330.4478,101.0,0.0012,118.041,71.178,472,ok,,
afa3a653fc5d2b742adcbd5a6063187b056d2419,base,home,2,4,1415.9855,107.0,0.0012,117.268,73.182,489,ok,,
afa3a653fc5d2b742adcbd5a6063187b056d2419,base,home,3,7,1493.2181,102,0.0012,117.296,49.136,487,ok,,
afa3a653fc5d2b742adcbd5a6063187b056d2419,base,home,4,8,1370.6899,98,0.0012,91.078,31.796,468,outlier,inp;tbtFlow,
afa3a653fc5d2b742adcbd5a6063187b056d2419,head,home,0,1,1414.6071,106,0.0012,114.119,79.453,471,ok,,
afa3a653fc5d2b742adcbd5a6063187b056d2419,head,home,1,2,1430.115,109,0.0012,112.186,61.149,491,ok,,
afa3a653fc5d2b742adcbd5a6063187b056d2419,head,home,2,5,1373.0738,103,0.0012,91.425,62.069,471,ok,,
afa3a653fc5d2b742adcbd5a6063187b056d2419,head,home,3,6,1219.717,137,0.0012,119.917,71.647,501,ok,,
afa3a653fc5d2b742adcbd5a6063187b056d2419,head,home,4,9,1315.5065,114,0.0013,119.899,49.869,487,ok,,
4e758db17e10715aafcdfb98e6741b292631c300,base,home,0,0,1339.5821,99.0,0.0012,122.022,76.908,490,ok,,
4e758db17e10715aafcdfb98e6741b292631c300,base,home,1,3,1489.7109,98,0.0013,116.487,41.085,485,ok,,
4e758db17e10715aafcdfb98e6741b292631c300,base,home,2,4,1376.2455,72.5,0.0012,112.24,64.0,472,ok,,
4e758db17e10715aafcdfb98e6741b292631c300,base,home,3,7,1460.7425,114,0.0012,120.329,72.152,487,ok,,
4e758db17e10715aafcdfb98e6741b292631c300,base,home,4,8,1320.8659,134.5,0.0012,117.037,60.58,486,ok,,
4e758db17e10715aafcdfb98e6741b292631c300,head,home,0,1,1306.6217,94.0,0.0012,108.803,97.712,485,ok,,
4e758db17e10715aafcdfb98e6741b292631c300,head,home,1,2,1444.9631,90,0.0013,118.452,68.804,469,ok,,
4e758db17e10715aafcdfb98e6741b292631c300,head,home,2,5,1306.7895,98.0,0.0012,121.232,44.998,487,ok,,
4e758db17e10715aafcdfb98e6741b292631c300,head,home,3,6,1412.4445,121,0.0012,93.718,21.028,487,outlier,inp,
4e758db17e10715aafcdfb98e6741b292631c300,head,home,4,9,1439.0673,126,0.0012,117.434,73.467,504,ok,,
a9186480121afc16ccdec789fc533e6a9ee68c10,base,home,0,0,1207.1719,97.0,0.0012,119,75.317,472,ok,,
a9186480121afc16ccdec789fc533e6a9ee68c10,base,home,1,3,1227.6654,126,0.0012,117.401,73.238,484,ok,,
a9186480121afc16ccdec789fc533e6a9ee68c10,base,home,2,4,1334.6205,104.0,0.0013,91.807,65.179,472,outlier,inp,
a9186480121afc16ccdec789fc533e6a9ee68c10,base,home,3,7,1408.4175,95,0.0013,90.103,75.077,473,outlier,inp,
a9186480121afc16ccdec789fc533e6a9ee68c10,base,home,4,8,1509.8864,184.5,0.0012,114.228,65.495,558,outlier,tbt;lcpObs,
a9186480121afc16ccdec789fc533e6a9ee68c10,head,home,0,1,1380.1453,97.0,0.0012,111.582,68.868,469,ok,,
a9186480121afc16ccdec789fc533e6a9ee68c10,head,home,1,2,1217.6969,83.0,0.0013,92.743,63.791,470,outlier,inp,
a9186480121afc16ccdec789fc533e6a9ee68c10,head,home,2,5,1211.809,99.0,0.0013,122.409,68.406,471,ok,,
a9186480121afc16ccdec789fc533e6a9ee68c10,head,home,3,6,1505.9684,105,0.0012,115.989,70.807,487,ok,,
a9186480121afc16ccdec789fc533e6a9ee68c10,head,home,4,9,1344.1078,113,0.0012,114.006,60.936,475,ok,,
c0ad61c6743aef7623e641cd1460d757cc6cacf3,base,home,0,0,1206.1405,95,0.0012,112.337,86.017,469,ok,,
c0ad61c6743aef7623e641cd1460d757cc6cacf3,base,home,1,3,1440.129,112,0.0012,120.13,72.256,504,ok,,
c0ad61c6743aef7623e641cd1460d757cc6cacf3,base,home,2,4,1359.3146,76,0.0012,113.137,67.573,488,ok,,
c0ad61c6743aef7623e641cd1460d757cc6cacf3,base,home,3,7,1347.8736,128.5,0.0013,115.239,59.359,488,ok,,
c0ad61c6743aef7623e641cd1460d757cc6cacf3,base,home,4,8,1267.1725,159.0,0.0012,100.24,27.336,576,outlier,tbtFlow;lcpObs,
c0ad61c6743aef7623e641cd1460d757cc6cacf3,head,home,0,1,1460.3665,115,0.0013,119.483,37.57,489,ok,,
c0ad61c6743aef7623e641cd1460d757cc6cacf3,head,home,1,2,1427.1489,95,0.0012,117.183,68.714,485,outlier,tbtFlow,
c0ad61c6743aef7623e641cd1460d757cc6cacf3,head,home,2,5,1497.4656,128.0,0.0013,92.315,33.281,487,outlier,inp,
c0ad61c6743aef7623e641cd1460d757cc6cacf3,head,home,3,6,1228.2695,87.0,0.0012,117.729,71.679,472,outlier,lcp;tbtFlow,
c0ad61c6743aef7623e641cd1460d757cc6cacf3,head,home,4,9,1478.7441,81,0.0012,119.113,35.796,506,ok,,
14e1c614d477f8e53f71e2f31b2c74b9e597e59b,base,home,0,0,1469.6431,132,0.0012,116.287,80.425,506,ok,,
14e1c614d477f8e53f71e2f31b2c74b9e597e59b,base,home,1,3,1210.6128,97,0.0012,121.569,101.673,469,ok,,
14e1c614d477f8e53f71e2f31b2c74b9e597e59b,base,home,2,4,1209.137,99.0,0.0012,115.12,48.115,469,ok,,
14e1c614d477f8e53f71e2f31b2c74b9e597e59b,base,home,3,7,1296.5274,111,0.0012,111.94,69.317,471,ok,,
14e1c614d477f8e53f71e2f31b2c74b9e597e59b,base,home,4,8,1475.7453,103,0.0012,113.059,70.701,524,outlier,lcpObs,
14e1c614d477f8e53f71e2f31b2c74b9e597e59b,head,home,0,1,1205.9031,79,0.0012,119.526,73.736,490,ok,,
14e1c614d477f8e53f71e2f31b2c74b9e597e59b,head,home,1,2,1411.2525,119,0.0012,92.571,37.022,471,outlier,tbtFlow,
14e1c614d477f8e53f71e2f31b2c74b9e597e59b,head,home,2,5,1208.2244,98.0,0.0012,111.628,46.831,470,ok,,
14e1c614d477f8e53f71e2f31b2c74b9e597e59b,head,home,3,6,1461.6829,118,0.0012,100.466,72.721,471,ok,,
14e1c614d477f8e53f71e2f31b2c74b9e597e59b,head,home,4,9,1397.4627,135,0.0013,114.052,73.034,487,ok,,
97c68dd371e13c017a8dcca49f8b3995ba7890a8,base,home,0,0,1325.8624,96,0.0012,89.661,76.466,484,outlier,inp,
97c68dd371e13c017a8dcca49f8b3995ba7890a8,base,home,1,3,1429.188,130.5,0.0012,110.235,56.165,490,ok,,
97c68dd371e13c017a8dcca49f8b3995ba7890a8,base,home,2,4,1216.4894,94,0.0012,119.647,63.917,478,ok,,
97c68dd371e13c017a8dcca49f8b3995ba7890a8,base,home,3,7,1354.5931,141,0.0012,118.064,70.313,490,ok,,
97c68dd371e13c017a8dcca49f8b3995ba7890a8,base,home,4,8,1417.7075,110.0,0.0013,120.507,64.05,470,ok,,
97c68dd371e13c017a8dcca49f8b3995ba7890a8,head,home,0,1,1212.346,83.0,0.0012,119.033,39.156,469,outlier,lcp,
97c68dd371e13c017a8dcca49f8b3995ba7890a8,head,home,1,2,1415.1211,108,0.0012,116.032,62.079,484,ok,,
97c68dd371e13c017a8dcca49f8b3995ba7890a8,head,home,2,5,1393.7173,99,0.0013,118.405,68.848,474,ok,,
97c68dd371e13c017a8dcca49f8b3995ba7890a8,head,home,3,6,1461.8643,117.5,0.0012,117.548,39.319,485,ok,,
97c68dd371e13c017a8dcca49f8b3995ba7890a8,head,home,4,9,1370.0866,105,0.0013,117.862,70.721,472,ok,,
31df3e6ef245c646b18a055ccf858cd6117c7768,base,home,0,0,1208.8054,98,0.0012,108.749,71.677,469,outlier,lcp,
31df3e6ef245c646b18a055ccf858cd6117c7768,base,home,1,3,1442.8344,121.0,0.0012,91.458,33.702,523,outlier,inp;tbtFlow,
31df3e6ef245c646b18a055ccf858cd6117c7768,base,home,2,4,1506.7679,111.0,0.0012,112.443,66.029,488,ok,,
31df3e6ef245c646b18a055ccf858cd6117c7768,base,home,3,7,1416.1098,81.0,0.0012,114.038,71.44,487,ok,,
31df3e6ef245c646b18a055ccf858cd6117c7768,base,home,4,8,1466.7091,103,0.0012,112.715,64.417,490,ok,,
31df3e6ef245c646b18a055ccf858cd6117c7768,head,home,0,1,1342.3459,120.5,0.0012,120.064,35.595,489,ok,,
31df3e6ef245c646b18a055ccf858cd6117c7768,head,home,1,2,1466.4749,116,0.0012,118.792,63.781,485,ok,,
31df3e6ef245c646b18a055ccf858cd6117c7768,head,home,2,5,1409.9744,99,0.0012,94.02,66.35,468,outlier,inp,
31df3e6ef245c646b18a055ccf858cd6117c7768,head,home,3,6,1385.8585,110.0,0.0012,118.056,68.084,489,ok,,
31df3e6ef245c646b18a055ccf858cd6117c7768,head,home,4,9,1317.9195,111,0.0012,115.455,52.966,486,ok,,
2b9da9610083254edaec68871d593fb6b08e9072,base,home,0,0,1411.4265,98.0,0.0012,93.042,60.917,486,outlier,inp,
2b9da9610083254edaec68871d593fb6b08e9072,base,home,1,3,1419.4907,98,0.0012,101.716,78.315,486,ok,,
2b9da9610083254edaec68871d593fb6b08e9072,base,home,2,4,1218.8172,131.0,0.0013,91.639,63.974,472,outlier,inp,
2b9da9610083254edaec68871d593fb6b08e9072,base,home,3,7,1408.507,132.0,0.0012,113.222,70.263,489,ok,,
2b9da9610083254edaec68871d593fb6b08e9072,base,home,4,8,1210.696,77.0,0.0013,91.873,60.259,472,outlier,inp,
2b9da9610083254edaec68871d593fb6b08e9072,base,home,5,11,1428.0791,110,0.0012,118.005,68.29,488,ok,,
2b9da9610083254edaec68871d593fb6b08e9072,base,home,6,12,1286.8933,94.0,0.0012,118.786,67.623,474,ok,,
2b9da9610083254edaec68871d593fb6b08e9072,base,home,7,15,1458.1829,110.0,0.0012,118.208,80.856,504,ok,,
2b9da9610083254edaec68871d593fb6b08e9072,base,home,8,16,1425.778,108.0,0.0012,123.796,39.35,474,ok,,
2b9da9610083254edaec68871d593fb6b08e9072,base,home,9,19,1388.7669,73.5,0.0012,121.301,82.105,508,ok,,
2b9da9610083254edaec68871d593fb6b08e9072,base,home,10,20,1208.9465,116,0.0012,123.361,75.904,469,ok,,
2b9da9610083254edaec68871d593fb6b08e9072,base,home,11,23,1410.9075,103,0.0012,92.299,71.016,473,outlier,inp,
2b9da9610083254edaec68871d593fb6b08e9072,base,home,12,24,1463.2085,113.0,0.0012,118.996,64.98,473,ok,,
2b9da9610083254edaec68871d593fb6b08e9072,base,home,13,27,1506.1926,104,0.0012,118.268,65.734,487,ok,,
2b9da9610083254edaec68871d593fb6b08e9072,base,home,14,28,1209.0719,96,0.0012,114.422,77.929,456,ok,,
2b9da9610083254edaec68871d593fb6b08e9072,head,home,0,1,1311.788,114,0.0013,122.402,88.781,475,ok,,
2b9da9610083254edaec68871d593fb6b08e9072,head,home,1,2,1391.558,128,0.0012,120.126,74.049,502,ok,,
2b9da9610083254edaec68871d593fb6b08e9072,head,home,2,5,1212.6917,100.0,0.0013,116.378,62.824,471,ok,,
2b9da9610083254edaec68871d593fb6b08e9072,head,home,3,6,1459.4171,109.0,0.0012,117.774,75.657,487,ok,,
2b9da9610083254edaec68871d593fb6b08e9072,head,home,4,9,1459.2031,112.0,0.0012,119.588,70.179,488,ok,,
2b9da9610083254edaec68871d593fb6b08e9072,head,home,5,10,1499.9213,78.0,0.0012,115.092,79.84,470,ok,,
2b9da9610083254edaec68871d593fb6b08e9072,head,home,6,13,1411.9797,113.5,0.0013,92.319,59.295,485,outlier,inp,
2b9da9610083254edaec68871d593fb6b08e9072,head,home,7,14,1446.2535,75,0.0012,117.341,84.622,470,ok,,
2b9da9610083254edaec68871d593fb6b08e9072,head,home,8,17,1423.6589,99,0.0012,118.144,68.137,489,ok,,
2b9da9610083254edaec68871d593fb6b08e9072,head,home,9,18,1415.7799,106,0.0012,118.608,61.147,469,ok,,
2b9da9610083254edaec68871d593fb6b08e9072,head,home,10,21,1474.8211,130,0.0012,90.31,52.294,485,outlier,inp,
2b9da9610083254edaec68871d593fb6b08e9072,head,home,11,22,1335.7239,105,0.0013,118.793,37.296,472,ok,,
2b9da9610083254edaec68871d593fb6b08e9072,head,home,12,25,1226.9796,125,0.0012,121.05,63.932,470,ok,,
2b9da9610083254edaec68871d593fb6b08e9072,head,home,13,26,1506.0926,101,0.0012,116.281,34.296,508,ok,,
2b9da9610083254edaec68871d593fb6b08e9072,head,home,14,29,1207.6775,94.0,0.0012,112.955,65.956,454,ok,,
4850bf336fe0a8501af49d84deebc7fb56357cc2,base,home,0,0,1289.4974,98.0,0.0012,101.851,74.404,470,ok,,
4850bf336fe0a8501af49d84deebc7fb56357cc2,base,home,1,3,1416.3059,123,0.0012,123.542,97.734,471,ok,,
4850bf336fe0a8501af49d84deebc7fb56357cc2,base,home,2,4,1343.7179,111,0.0012,121.858,76.135,487,ok,,
4850bf336fe0a8501af49d84deebc7fb56357cc2,base,home,3,7,1455.6855,114.0,0.0012,145.822,187.485,540,outlier,tbtFlow,
4850bf336fe0a8501af49d84deebc7fb56357cc2,base,home,4,8,1560.7353,179.0,0.0012,142.063,81.683,575,outlier,tbt;lcpObs,
4850bf336fe0a8501af49d84deebc7fb56357cc2,head,home,0,1,1448.0236,97,0.0013,158.75,78.325,469,ok,,
4850bf336fe0a8501af49d84deebc7fb56357cc2,head,home,1,2,1330.8427,97.0,0.0012,92.932,66.05,471,ok,,
4850bf336fe0a8501af49d84deebc7fb56357cc2,head,home,2,5,1341.5225,108,0.0012,157.885,207.366,491,outlier,tbtFlow,
4850bf336fe0a8501af49d84deebc7fb56357cc2,head,home,3,6,1523.618,138.0,0.0012,137.013,77.623,541,ok,,
4850bf336fe0a8501af49d84deebc7fb56357cc2,head,home,4,9,1475.2646,128.0,0.0012,141.081,100.759,537,ok,,
dc2c16d9e2073078cb4b8f3dce942133b90eec3d,base,home,0,0,1454.3111,109.0,0.0012,117.411,107.876,488,ok,,
dc2c16d9e2073078cb4b8f3dce942133b90eec3d,base,home,1,3,1464.0833,107.0,0.0012,124.502,82.852,537,ok,,
dc2c16d9e2073078cb4b8f3dce942133b90eec3d,base,home,2,4,1483.4646,129.0,0.0013,94.075,44.018,504,ok,,
dc2c16d9e2073078cb4b8f3dce942133b90eec3d,base,home,3,7,1422.394,102,0.0012,110.964,63.129,507,ok,,
dc2c16d9e2073078cb4b8f3dce942133b90eec3d,base,home,4,8,1216.7072,116.0,0.0013,116.538,59.892,469,outlier,lcp,
dc2c16d9e2073078cb4b8f3dce942133b90eec3d,head,home,0,1,1486.7515,97.0,0.0012,121.002,81.221,487,ok,,
dc2c16d9e2073078cb4b8f3dce942133b90eec3d,head,home,1,2,1333.1273,104.0,0.0012,118.101,44.305,488,ok,,
dc2c16d9e2073078cb4b8f3dce942133b90eec3d,head,home,2,5,1424.0206,127,0.0013,108.715,72.726,504,ok,,
dc2c16d9e2073078cb4b8f3dce942133b90eec3d,head,home,3,6,1373.6081,111,0.0013,119.719,75.926,490,ok,,
dc2c16d9e2073078cb4b8f3dce942133b90eec3d,head,home,4,9,1427.4135,129,0.0012,96.37,67.858,488,outlier,inp,
1118751f3e4958a0dc3d71934c093584fdb7c6f5,base,home,0,0,1365.6439,73.0,0.0012,118.543,38.73,469,outlier,tbt;tbtFlow,
1118751f3e4958a0dc3d71934c093584fdb7c6f5,base,home,1,3,1229.3089,133,0.0012,121.254,72.141,522,ok,,
1118751f3e4958a0dc3d71934c093584fdb7c6f5,base,home,2,4,1463.31,123,0.0012,115.189,75.478,489,ok,,
1118751f3e4958a0dc3d71934c093584fdb7c6f5,base,home,3,7,1477.6529,121,0.0012,91.751,40.79,524,outlier,inp;tbtFlow,
1118751f3e4958a0dc3d71934c093584fdb7c6f5,base,home,4,8,1318.0221,129,0.0012,115.375,71.794,487,ok,,
1118751f3e4958a0dc3d71934c093584fdb7c6f5,head,home,0,1,1375.6312,103,0.0012,119.042,70.177,468,ok,,
1118751f3e4958a0dc3d71934c093584fdb7c6f5,head,home,1,2,1210.3789,99,0.0012,114.441,72.04,487,outlier,lcp,
1118751f3e4958a0dc3d71934c093584fdb7c6f5,head,home,2,5,1398.0042,112,0.0012,114.986,65.854,490,ok,,
1118751f3e4958a0dc3d71934c093584fdb7c6f5,head,home,3,6,1485.1256,129,0.0012,108.124,69.062,489,ok,,
1118751f3e4958a0dc3d71934c093584fdb7c6f5,head,home,4,9,1422.6406,132.0,0.0012,92.132,69.605,490,outlier,inp,
e40d1cba95012fdabfea96cc4c854194ff92f7dd,base,home,0,0,1421.7499,109.0,0.0012,119.634,45.631,488,ok,,
e40d1cba95012fdabfea96cc4c854194ff92f7dd,base,home,1,3,1484.4698,135.0,0.0012,117.993,65.313,524,ok,,
e40d1cba95012fdabfea96cc4c854194ff92f7dd,base,home,2,4,1320.922,129.0,0.0012,122.487,61.119,504,outlier,lcp,
e40d1cba95012fdabfea96cc4c854194ff92f7dd,base,home,3,7,1422.2058,58.5,0.0012,114.252,71.247,489,ok,,
e40d1cba95012fdabfea96cc4c854194ff92f7dd,base,home,4,8,1405.6694,95,0.0012,123.483,66.805,471,ok,,
e40d1cba95012fdabfea96cc4c854194ff92f7dd,head,home,0,1,1291.1424,97,0.0012,111.828,78.747,470,outlier,lcp,
e40d1cba95012fdabfea96cc4c854194ff92f7dd,head,home,1,2,1469.1267,127,0.0012,116.718,66.574,501,ok,,
e40d1cba95012fdabfea96cc4c854194ff92f7dd,head,home,2,5,1475.6659,100.0,0.0012,113.83,37.289,484,ok,,
e40d1cba95012fdabfea96cc4c854194ff92f7dd,head,home,3,6,1473.7816,139.0,0.0012,120.175,66.329,489,ok,,
e40d1cba95012fdabfea96cc4c854194ff92f7dd,head,home,4,9,1432.5575,105,0.0012,120.583,61.457,487,ok,,
5db42c3ddbbdc44d10120ab2f18e0864d083e268,base,home,0,0,1426.6658,131.0,0.0012,117.899,74.609,492,ok,,
5db42c3ddbbdc44d10120ab2f18e0864d083e268,base,home,1,3,1410.4391,99.0,0.0012,114.107,58.714,468,ok,,
5db42c3ddbbdc44d10120ab2f18e0864d083e268,base,home,2,4,1217.8065,113,0.0012,114.851,58.452,490,outlier,lcp,
5db42c3ddbbdc44d10120ab2f18e0864d083e268,base,home,3,7,1447.4997,130,0.0012,115.541,66.712,488,ok,,
5db42c3ddbbdc44d10120ab2f18e0864d083e268,base,home,4,8,1345.3885,124.0,0.0012,118.771,38.105,490,ok,,
5db42c3ddbbdc44d10120ab2f18e0864d083e268,head,home,0,1,1200.2224,123,0.0012,117.739,70.806,492,ok,,
5db42c3ddbbdc44d10120ab2f18e0864d083e268,head,home,1,2,1336.7146,128,0.0012,112.815,80.641,487,ok,,
5db42c3ddbbdc44d10120ab2f18e0864d083e268,head,home,2,5,1403.0047,89.0,0.0012,115.38,77.737,471,outlier,tbt,
5db42c3ddbbdc44d10120ab2f18e0864d083e268,head,home,3,6,1450.5792,118,0.0012,114.669,66.555,486,ok,,
5db42c3ddbbdc44d10120ab2f18e0864d083e268,head,home,4,9,1517.2591,123,0.0012,117.719,45.163,504,ok,,
5feb2172d5291e664c9240e9ec4a33ef47f8c37d,base,home,0,0,1482.512,120,0.0012,87.26,64.338,558,outlier,inp;lcpObs,
5feb2172d5291e664c9240e9ec4a33ef47f8c37d,base,home,1,3,1366.9887,57.5,0.0012,114.587,61.94,471,ok,,
5feb2172d5291e664c9240e9ec4a33ef47f8c37d,base,home,2,4,1453.7563,103,0.0013,113.348,37.748,490,ok,,
5feb2172d5291e664c9240e9ec4a33ef47f8c37d,base,home,3,7,1233.6876,119,0.0012,117.155,48.543,488,ok,,
5feb2172d5291e664c9240e9ec4a33ef47f8c37d,base,home,4,8,1342.2885,94,0.0012,123.917,73.383,490,ok,,
5feb2172d5291e664c9240e9ec4a33ef47f8c37d,head,home,0,1,1333.6046,99,0.0012,113.058,62.514,488,outlier,lcp,
5feb2172d5291e664c9240e9ec4a33ef47f8c37d,head,home,1,2,1450.9068,155.0,0.0012,114.744,56.976,538,outlier,tbt,
5feb2172d5291e664c9240e9ec4a33ef47f8c37d,head,home,2,5,1469.9539,140,0.0012,95.48,52.618,504,outlier,tbt,
5feb2172d5291e664c9240e9ec4a33ef47f8c37d,head,home,3,6,1448.0292,98,0.0012,117.017,67.535,485,ok,,
5feb2172d5291e664c9240e9ec4a33ef47f8c37d,head,home,4,9,1208.2096,96,0.0013,119.053,73.735,468,outlier,lcp,
c12a8cd037f562d07c96d1df8a6b74bd06d3069b,base,home,0,0,1380.108,104,0.0012,120.314,70.873,487,ok,,
c12a8cd037f562d07c96d1df8a6b74bd06d3069b,base,home,1,3,1465.8797,126.0,0.0012,117.029,58.493,504,ok,,
c12a8cd037f562d07c96d1df8a6b74bd06d3069b,base,home,2,4,1343.8309,121,0.0012,117.573,71.725,471,ok,,
c12a8cd037f562d07c96d1df8a6b74bd06d3069b,base,home,3,7,1361.0462,98,0.0012,114.268,31.42,486,ok,,
c12a8cd037f562d07c96d1df8a6b74bd06d3069b,base,home,4,8,1488.0408,99.0,0.0012,117.654,59.701,488,ok,,
c12a8cd037f562d07c96d1df8a6b74bd06d3069b,head,home,0,1,1414.672,101,0.0012,93.467,60.749,472,outlier,inp,
c12a8cd037f562d07c96d1df8a6b74bd06d3069b,head,home,1,2,1465.3444,90,0.0013,117.311,63.586,489,ok,,
c12a8cd037f562d07c96d1df8a6b74bd06d3069b,head,home,2,5,1380.1583,107.0,0.0013,117.3,60.622,489,ok,,
c12a8cd037f562d07c96d1df8a6b74bd06d3069b,head,home,3,6,1432.3016,100,0.0012,111.862,76.053,487,ok,,
c12a8cd037f562d07c96d1df8a6b74bd06d3069b,head,home,4,9,1422.145,119,0.0012,113.721,54.208,488,ok,,
c10499eebb6267f24c056a03c5daf436aada0446,base,home,0,0,1214.9026,100,0.0012,115.544,82.765,485,ok,,
c10499eebb6267f24c056a03c5daf436aada0446,base,home,1,3,1427.3486,97,0.0012,115.428,87.46,506,ok,,
c10499eebb6267f24c056a03c5daf436aada0446,base,home,2,4,1213.0264,122,0.0012,116.852,48.638,471,ok,,
c10499eebb6267f24c056a03c5daf436aada0446,base,home,3,7,1447.1939,118,0.0012,126.176,67.95,471,ok,,
c10499eebb6267f24c056a03c5daf436aada0446,base,home,4,8,1331.3166,82,0.0012,115.2,34.33,470,ok,,
c10499eebb6267f24c056a03c5daf436aada0446,head,home,0,1,1340.5409,142,0.0012,118.434,53.657,488,ok,,
c10499eebb6267f24c056a03c5daf436aada0446,head,home,1,2,1348.1226,109,0.0013,115.685,61.708,470,ok,,
c10499eebb6267f24c056a03c5daf436aada0446,head,home,2,5,1426.5216,127,0.0012,116.068,42.711,488,ok,,
c10499eebb6267f24c056a03c5daf436aada0446,head,home,3,6,1220.2078,96,0.0012,122.017,75.005,470,ok,,
c10499eebb6267f24c056a03c5daf436aada0446,head,home,4,9,1452.4383,150,0.0012,117.887,67.999,505,ok,,
afed9e6e27dd1cd5cc52857a405f7bea5312d813,base,home,0,0,1210.3025,96,0.0012,119.307,75.585,471,ok,,
afed9e6e27dd1cd5cc52857a405f7bea5312d813,base,home,1,3,1378.2802,127,0.0012,116.032,27.396,470,outlier,tbt,
afed9e6e27dd1cd5cc52857a405f7bea5312d813,base,home,2,4,1425.8699,90,0.0012,115.776,70.08,487,ok,,
afed9e6e27dd1cd5cc52857a405f7bea5312d813,base,home,3,7,1310.0136,102,0.0013,113.605,38.319,473,ok,,
afed9e6e27dd1cd5cc52857a405f7bea5312d813,base,home,4,8,1295.7761,88.0,0.0012,124.132,45.462,473,ok,,
afed9e6e27dd1cd5cc52857a405f7bea5312d813,head,home,0,1,1371.8935,102,0.0013,119.302,34.495,470,ok,,
afed9e6e27dd1cd5cc52857a405f7bea5312d813,head,home,1,2,1211.4166,100,0.0012,119.591,32.067,476,ok,,
afed9e6e27dd1cd5cc52857a405f7bea5312d813,head,home,2,5,1384.1901,120,0.0012,118.233,64.933,487,ok,,
afed9e6e27dd1cd5cc52857a405f7bea5312d813,head,home,3,6,1216.5965,94,0.0013,114.46,67.652,474,ok,,
afed9e6e27dd1cd5cc52857a405f7bea5312d813,head,home,4,9,1347.9955,128.0,0.0013,117.35,45.847,472,ok,,
f3d99c42e905706c1899bd887cfec59f2e92f425,base,home,0,0,1339.746,96,0.0013,116.787,70.899,484,ok,,
f3d99c42e905706c1899bd887cfec59f2e92f425,base,home,1,3,1513.0311,112.0,0.0013,114.561,36.484,505,ok,,
f3d99c42e905706c1899bd887cfec59f2e92f425,base,home,2,4,1348.7373,127.0,0.0012,106.166,63.722,490,ok,,
f3d99c42e905706c1899bd887cfec59f2e92f425,base,home,3,7,1443.691,119.0,0.0012,116.792,77.672,488,ok,,
f3d99c42e905706c1899bd887cfec59f2e92f425,base,home,4,8,1403.5644,142,0.0012,116.812,36.319,489,ok,,
f3d99c42e905706c1899bd887cfec59f2e92f425,base,home,5,11,1287.0448,115,0.0012,114.53,33.273,472,ok,,
f3d99c42e905706c1899bd887cfec59f2e92f425,base,home,6,12,1451.3991,110,0.0012,122.901,65.716,489,ok,,
f3d99c42e905706c1899bd887cfec59f2e92f425,base,home,7,15,1450.8474,85,0.0013,115.978,36.91,490,ok,,
f3d99c42e905706c1899bd887cfec59f2e92f425,base,home,8,16,1220.7432,120.0,0.0012,118.13,59.858,476,ok,,
f3d99c42e905706c1899bd887cfec59f2e92f425,base,home,9,19,1220.1061,104,0.0012,104.096,29.872,471,ok,,
f3d99c42e905706c1899bd887cfec59f2e92f425,base,home,10,20,1344.6021,115,0.0012,115.77,54.923,470,ok,,
f3d99c42e905706c1899bd887cfec59f2e92f425,base,home,11,23,1214.0296,104.0,0.0012,116.383,59.72,470,ok,,
f3d99c42e905706c1899bd887cfec59f2e92f425,base,home,12,24,1217.0211,107,0.0013,123.364,38.173,470,ok,,
f3d99c42e905706c1899bd887cfec59f2e92f425,base,home,13,27,1367.7178,58,0.0013,117.071,94.072,473,outlier,tbt,
f3d99c42e905706c1899bd887cfec59f2e92f425,base,home,14,28,1508.7826,111,0.0012,91.902,48.772,491,outlier,inp,
f3d99c42e905706c1899bd887cfec59f2e92f425,head,home,0,1,1212.428,92.0,0.0013,115.851,69.839,470,ok,,
f3d99c42e905706c1899bd887cfec59f2e92f425,head,home,1,2,1330.2281,95,0.0013,117.606,61.054,471,ok,,
f3d99c42e905706c1899bd887cfec59f2e92f425,head,home,2,5,1201.8195,109.0,0.0012,116.286,63.278,475,ok,,
f3d99c42e905706c1899bd887cfec59f2e92f425,head,home,3,6,1475.5479,129.0,0.0012,114.632,54.067,521,ok,,
f3d99c42e905706c1899bd887cfec59f2e92f425,head,home,4,9,1333.1321,104.0,0.0012,116.516,78.273,472,ok,,
f3d99c42e905706c1899bd887cfec59f2e92f425,head,home,5,10,1416.8906,85,0.0012,116.072,71.946,473,ok,,
f3d99c42e905706c1899bd887cfec59f2e92f425,head,home,6,13,1458.4496,98.0,0.0012,118.223,60.856,487,ok,,
f3d99c42e905706c1899bd887cfec59f2e92f425,head,home,7,14,1364.1551,94,0.0012,116.62,29.837,472,outlier,tbtFlow,
f3d99c42e905706c1899bd887cfec59f2e92f425,head,home,8,17,1334.3565,105,0.0012,118.235,63.121,489,ok,,
f3d99c42e905706c1899bd887cfec59f2e92f425,head,home,9,18,1307.6094,127,0.0013,120.12,50.502,489,ok,,
f3d99c42e905706c1899bd887cfec59f2e92f425,head,home,10,21,1416.5168,102,0.0012,119.168,74.488,487,ok,,
f3d99c42e905706c1899bd887cfec59f2e92f425,head,home,11,22,1226.4767,126,0.0012,122.241,63.229,491,ok,,
f3d99c42e905706c1899bd887cfec59f2e92f425,head,home,12,25,1498.6214,116,0.0012,117.004,32.615,472,outlier,tbtFlow,
f3d99c42e905706c1899bd887cfec59f2e92f425,head,home,13,26,1277.9601,105.0,0.0012,118.656,64.823,469,ok,,
f3d99c42e905706c1899bd887cfec59f2e92f425,head,home,14,29,1458.5984,113,0.0012,116.175,63.58,471,ok,,
d29d864884782305950122439f54f8dbb5c1bcb0,base,home,0,0,1469.5489,103.0,0.0012,117.196,87.42,486,ok,,
d29d864884782305950122439f54f8dbb5c1bcb0,base,home,1,3,1496.7196,65,0.0012,114.251,67.331,506,ok,,
d29d864884782305950122439f54f8dbb5c1bcb0,base,home,2,4,1462.6806,118.0,0.0012,111.169,90.845,489,ok,,
d29d864884782305950122439f54f8dbb5c1bcb0,base,home,3,7,1424.6095,94.0,0.0013,119.137,69.221,471,ok,,
d29d864884782305950122439f54f8dbb5c1bcb0,base,home,4,8,1326.6004,116,0.0013,119.723,60.87,471,ok,,
d29d864884782305950122439f54f8dbb5c1bcb0,head,home,0,1,1327.9476,96.0,0.0012,113.167,71.761,470,outlier,lcp,
d29d864884782305950122439f54f8dbb5c1bcb0,head,home,1,2,1443.215,120.0,0.0012,119.042,32.186,491,ok,,
d29d864884782305950122439f54f8dbb5c1bcb0,head,home,2,5,1434.6298,135.0,0.0013,118.314,68.176,489,ok,,
d29d864884782305950122439f54f8dbb5c1bcb0,head,home,3,6,1425.0384,108,0.0012,119.236,62.221,487,ok,,
d29d864884782305950122439f54f8dbb5c1bcb0,head,home,4,9,1453.8306,103.0,0.0012,117.656,52.822,485,ok,,
974f054bafad6787e7eb1c781e12df4b93372405,base,home,0,0,1496.08,156,0.0012,115.62,76.348,559,outlier,tbt,
974f054bafad6787e7eb1c781e12df4b93372405,base,home,1,3,1423.1276,100,0.0013,124.656,58.449,488,ok,,
974f054bafad6787e7eb1c781e12df4b93372405,base,home,2,4,1385.016,115,0.0012,117.966,71.843,470,ok,,
974f054bafad6787e7eb1c781e12df4b93372405,base,home,3,7,1452.3149,105.0,0.0012,114.845,26.224,488,ok,,
974f054bafad6787e7eb1c781e12df4b93372405,base,home,4,8,1405.885,94.0,0.0012,122.388,55.919,471,ok,,
974f054bafad6787e7eb1c781e12df4b93372405,head,home,0,1,1377.8219,116,0.0012,118.218,65.577,491,ok,,
974f054bafad6787e7eb1c781e12df4b93372405,head,home,1,2,1408.9617,73,0.0013,119.041,48.441,470,outlier,tbt,
974f054bafad6787e7eb1c781e12df4b93372405,head,home,2,5,1460.6665,108,0.0012,118.888,63.919,488,ok,,
974f054bafad6787e7eb1c781e12df4b93372405,head,home,3,6,1422.7745,114,0.0012,115.61,91.542,487,ok,,
974f054bafad6787e7eb1c781e12df4b93372405,head,home,4,9,1222.8122,103.0,0.0012,118.436,73.853,489,outlier,lcp,
84e3f5a40c5fac43cb8b28161b9c239d9e857061,base,home,0,0,1511.3821,91,0.0012,119.861,67.278,490,ok,,
84e3f5a40c5fac43cb8b28161b9c239d9e857061,base,home,1,3,1403.9002,131,0.0013,113.141,89.657,473,ok,,
84e3f5a40c5fac43cb8b28161b9c239d9e857061,base,home,2,4,1295.8926,108.0,0.0012,118.56,61.815,471,ok,,
84e3f5a40c5fac43cb8b28161b9c239d9e857061,base,home,3,7,1408.1907,131,0.0012,124.233,55.394,507,ok,,
84e3f5a40c5fac43cb8b28161b9c239d9e857061,base,home,4,8,1369.4634,98.0,0.0012,118.131,61.764,475,ok,,
84e3f5a40c5fac43cb8b28161b9c239d9e857061,base,home,5,11,1500.4685,139.0,0.0012,114.095,73.471,492,ok,,
84e3f5a40c5fac43cb8b28161b9c239d9e857061,base,home,6,12,1435.0072,87,0.0012,119.295,39.769,472,ok,,
84e3f5a40c5fac43cb8b28161b9c239d9e857061,base,home,7,15,1416.0179,108,0.0012,118.127,47.744,489,ok,,
84e3f5a40c5fac43cb8b28161b9c239d9e857061,base,home,8,16,1233.268,123.0,0.0012,125.643,36.757,487,ok,,
84e3f5a40c5fac43cb8b28161b9c239d9e857061,base,home,9,19,1462.8059,100,0.0012,116.199,36.935,489,ok,,
84e3f5a40c5fac43cb8b28161b9c239d9e857061,base,home,10,20,1236.3667,148,0.0012,115.811,19.458,520,ok,,
84e3f5a40c5fac43cb8b28161b9c239d9e857061,base,home,11,23,1357.1794,85,0.0012,124.896,59.657,471,ok,,
84e3f5a40c5fac43cb8b28161b9c239d9e857061,base,home,12,24,1208.5479,98.0,0.0012,115.605,70.003,469,ok,,
84e3f5a40c5fac43cb8b28161b9c239d9e857061,base,home,13,27,1459.9893,117,0.0012,116.093,31.824,491,ok,,
84e3f5a40c5fac43cb8b28161b9c239d9e857061,base,home,14,28,1212.2849,124,0.0013,118.538,78.065,472,ok,,
84e3f5a40c5fac43cb8b28161b9c239d9e857061,head,home,0,1,1218.587,64,0.0012,114.758,68.001,474,ok,,
84e3f5a40c5fac43cb8b28161b9c239d9e857061,head,home,1,2,1227.4478,90,0.0012,117.001,64.351,487,ok,,
84e3f5a40c5fac43cb8b28161b9c239d9e857061,head,home,2,5,1456.7693,113.0,0.0012,115.202,61.064,486,ok,,
84e3f5a40c5fac43cb8b28161b9c239d9e857061,head,home,3,6,1210.2875,98.0,0.0012,120.042,48.44,486,ok,,
84e3f5a40c5fac43cb8b28161b9c239d9e857061,head,home,4,9,1205.4671,135.0,0.0012,119.848,67.811,487,outlier,tbt,
84e3f5a40c5fac43cb8b28161b9c239d9e857061,head,home,5,10,1386.8232,97,0.0012,117.391,71.289,489,ok,,
84e3f5a40c5fac43cb8b28161b9c239d9e857061,head,home,6,13,1489.7024,98,0.0012,118.589,52.42,472,ok,,
84e3f5a40c5fac43cb8b28161b9c239d9e857061,head,home,7,14,1415.4283,110.0,0.0012,113.875,50.063,490,ok,,
84e3f5a40c5fac43cb8b28161b9c239d9e857061,head,home,8,17,1405.5495,97.0,0.0012,117.812,66.399,490,ok,,
84e3f5a40c5fac43cb8b28161b9c239d9e857061,head,home,9,18,1210.3151,98,0.0012,123.727,63.24,476,ok,,
84e3f5a40c5fac43cb8b28161b9c239d9e857061,head,home,10,21,1441.2564,131,0.0012,117.217,69.586,488,ok,,
84e3f5a40c5fac43cb8b28161b9c239d9e857061,head,home,11,22,1364.7271,90,0.0012,118.367,45.22,471,ok,,
84e3f5a40c5fac43cb8b28161b9c239d9e857061,head,home,12,25,1213.3046,126,0.0013,121.21,58.843,489,ok,,
84e3f5a40c5fac43cb8b28161b9c239d9e857061,head,home,13,26,1411.0296,120.0,0.0012,117.792,69.409,491,ok,,
84e3f5a40c5fac43cb8b28161b9c239d9e857061,head,home,14,29,1195.5844,102.0,0.0013,116.994,68.978,490,ok,,
74423812ec597e0e33cbe5032011fead2312e7b4,base,home,0,0,1381.1649,99.0,0.0012,116.587,94.08,471,ok,,
74423812ec597e0e33cbe5032011fead2312e7b4,base,home,1,3,1348.6132,94.0,0.0012,120.049,69.296,471,ok,,
74423812ec597e0e33cbe5032011fead2312e7b4,base,home,2,4,1482.4385,146,0.0012,117.983,65.994,520,outlier,tbt,
74423812ec597e0e33cbe5032011fead2312e7b4,base,home,3,7,1448.4533,99,0.0013,116.037,67.211,485,ok,,
74423812ec597e0e33cbe5032011fead2312e7b4,base,home,4,8,1210.7975,101,0.0012,93.579,61.329,471,outlier,inp,
74423812ec597e0e33cbe5032011fead2312e7b4,head,home,0,1,1221.6378,96,0.0012,119.417,65.193,469,ok,,
74423812ec597e0e33cbe5032011fead2312e7b4,head,home,1,2,1429.7748,108,0.0012,118.434,54.776,507,ok,,
74423812ec597e0e33cbe5032011fead2312e7b4,head,home,2,5,1214.5238,107,0.0012,124.551,60.924,471,ok,,
74423812ec597e0e33cbe5032011fead2312e7b4,head,home,3,6,1508.1935,123,0.0012,120.017,35.151,506,ok,,
74423812ec597e0e33cbe5032011fead2312e7b4,head,home,4,9,1340.7996,120.0,0.0012,124.017,65.068,490,ok,,
02fc9f35057ba2b700aaa1915e66b74725b973a1,base,home,0,0,1397.1475,95.4705,0.0012,110.486,72.167,515,ok,,
02fc9f35057ba2b700aaa1915e66b74725b973a1,base,home,1,3,1496.7665,107.0,0.0012,120.75,73.375,492,outlier,lcp,
02fc9f35057ba2b700aaa1915e66b74725b973a1,base,home,2,4,1382.8666,111,0.0013,113.712,65.097,487,ok,,
02fc9f35057ba2b700aaa1915e66b74725b973a1,base,home,3,7,1327.4488,94,0.0012,92.171,65.063,468,ok,,
02fc9f35057ba2b700aaa1915e66b74725b973a1,base,home,4,8,1397.7757,108,0.0012,120.654,74.104,474,ok,,
02fc9f35057ba2b700aaa1915e66b74725b973a1,head,home,0,1,1346.9075,127,0.0012,116.472,67.824,492,ok,,
02fc9f35057ba2b700aaa1915e66b74725b973a1,head,home,1,2,1337.0744,96,0.0012,124.262,73.707,487,ok,,
02fc9f35057ba2b700aaa1915e66b74725b973a1,head,home,2,5,1429.342,128,0.0012,116.848,73.006,490,ok,,
02fc9f35057ba2b700aaa1915e66b74725b973a1,head,home,3,6,1388.6855,121.0,0.0012,118.009,68.925,489,ok,,
02fc9f35057ba2b700aaa1915e66b74725b973a1,head,home,4,9,1451.4072,104.0,0.0012,114.417,74.743,486,ok,,
2d3707b816100ee2734bae2b9efc3f7641ab427b,base,home,0,0,1289.0445,99,0.0012,117.736,74.862,472,ok,,
2d3707b816100ee2734bae2b9efc3f7641ab427b,base,home,1,3,1484.222,95,0.0013,117.382,94.009,492,ok,,
2d3707b816100ee2734bae2b9efc3f7641ab427b,base,home,2,4,1414.7432,104.0,0.0012,118.448,65.078,470,ok,,
2d3707b816100ee2734bae2b9efc3f7641ab427b,base,home,3,7,1190.9058,98,0.0012,112.74,41.064,472,ok,,
2d3707b816100ee2734bae2b9efc3f7641ab427b,base,home,4,8,1449.2764,98,0.0012,118.065,37.322,470,ok,,
2d3707b816100ee2734bae2b9efc3f7641ab427b,head,home,0,1,1550.2812,80,0.0012,120.221,64.991,488,ok,,
2d3707b816100ee2734bae2b9efc3f7641ab427b,head,home,1,2,1452.7876,101.0,0.0012,120.711,62.401,489,ok,,
2d3707b816100ee2734bae2b9efc3f7641ab427b,head,home,2,5,1381.4039,85,0.0012,115.628,75.66,489,ok,,
2d3707b816100ee2734bae2b9efc3f7641ab427b,head,home,3,6,1294.083,85,0.0012,116.019,73.137,472,ok,,
2d3707b816100ee2734bae2b9efc3f7641ab427b,head,home,4,9,1235.6696,118,0.0012,119.617,35.542,488,outlier,tbt,
834e5af631efcde85450b13dd0c926ae7ea450ef,base,home,0,0,1211.7133,121,0.0012,120.006,71.494,486,ok,,
834e5af631efcde85450b13dd0c926ae7ea450ef,base,home,1,3,1296.0624,86,0.0012,117.808,63.093,471,ok,,
834e5af631efcde85450b13dd0c926ae7ea450ef,base,home,2,4,1210.1504,85,0.0012,116.824,68.245,470,ok,,
834e5af631efcde85450b13dd0c926ae7ea450ef,base,home,3,7,1380.6773,67.5,0.0012,120.019,69.266,468,ok,,
834e5af631efcde85450b13dd0c926ae7ea450ef,base,home,4,8,1331.3039,99,0.0013,117.361,28.465,471,outlier,tbtFlow,
834e5af631efcde85450b13dd0c926ae7ea450ef,head,home,0,1,1211.9496,97.0,0.0012,113.602,59.327,471,ok,,
834e5af631efcde85450b13dd0c926ae7ea450ef,head,home,1,2,1216.9162,82,0.0012,119.289,77.608,470,ok,,
834e5af631efcde85450b13dd0c926ae7ea450ef,head,home,2,5,1222.9482,112.0,0.0012,118.75,69.022,477,ok,,
834e5af631efcde85450b13dd0c926ae7ea450ef,head,home,3,6,1420.6425,140,0.0012,117.092,71.294,489,outlier,lcp,
834e5af631efcde85450b13dd0c926ae7ea450ef,head,home,4,9,1382.3255,78,0.0012,92.383,49.717,490,outlier,lcp;inp,
3d056dbc8a552cf4e66a65e60da93e8e950bde27,base,home,0,0,1375.4143,107,0.0012,121.053,73.516,469,ok,,
3d056dbc8a552cf4e66a65e60da93e8e950bde27,base,home,1,3,1208.847,95.0,0.0012,117.775,58.779,474,ok,,
3d056dbc8a552cf4e66a65e60da93e8e950bde27,base,home,2,4,1424.809,119,0.0012,114.719,67.254,490,ok,,
3d056dbc8a552cf4e66a65e60da93e8e950bde27,base,home,3,7,1331.474,101,0.0012,120.44,60.732,485,ok,,
3d056dbc8a552cf4e66a65e60da93e8e950bde27,base,home,4,8,1209.3731,101.0,0.0012,116.318,64.577,470,ok,,
3d056dbc8a552cf4e66a65e60da93e8e950bde27,head,home,0,1,1332.7646,104,0.0012,117.859,65.165,468,ok,,
3d056dbc8a552cf4e66a65e60da93e8e950bde27,head,home,1,2,1410.4345,103,0.0012,122.586,65.442,472,ok,,
3d056dbc8a552cf4e66a65e60da93e8e950bde27,head,home,2,5,1376.6862,56.5,0.0012,116.557,63.014,487,outlier,tbt,
3d056dbc8a552cf4e66a65e60da93e8e950bde27,head,home,3,6,1455.7729,125.0,0.0012,119.08,74.128,499,ok,,
3d056dbc8a552cf4e66a65e60da93e8e950bde27,head,home,4,9,1342.185,110,0.0012,117.308,71.09,488,ok,,
