sha,side,page,run,seq,lcp,tbt,cls,inp,tbtFlow,lcpObs,status,outlier_metrics,lcp_element_id
07595b54a6a85e1b77ae8c012d8972792c165429,base,edit,0,0,2480.7881,318.3141,0.0002,139.039,328.999,826,outlier,tbt,47cdbd50a8
07595b54a6a85e1b77ae8c012d8972792c165429,base,edit,1,3,2212.258,454.1947,0.0002,148.294,519.284,688,outlier,lcpObs,47cdbd50a8
07595b54a6a85e1b77ae8c012d8972792c165429,base,edit,2,4,2303.7573,479.6485,0.0002,188.181,577.355,816,ok,,47cdbd50a8
07595b54a6a85e1b77ae8c012d8972792c165429,base,edit,3,7,2630.6568,454,0.0002,127.3,437.611,794,ok,,47cdbd50a8
07595b54a6a85e1b77ae8c012d8972792c165429,base,edit,4,8,2294.5301,472.1253,0.0002,149.302,446.186,821,ok,,47cdbd50a8
07595b54a6a85e1b77ae8c012d8972792c165429,head,edit,0,1,2463.5939,154.3188,0.0002,139.044,314.188,809,outlier,tbt,47cdbd50a8
07595b54a6a85e1b77ae8c012d8972792c165429,head,edit,1,2,2283.8565,522.2858,0.0002,124.859,399.604,859,ok,,47cdbd50a8
07595b54a6a85e1b77ae8c012d8972792c165429,head,edit,2,5,2222.9853,465.2174,0.0002,177.386,572.992,701,ok,,47cdbd50a8
07595b54a6a85e1b77ae8c012d8972792c165429,head,edit,3,6,2273.9956,503.8938,0.0002,140.939,555.832,705,ok,,47cdbd50a8
07595b54a6a85e1b77ae8c012d8972792c165429,head,edit,4,9,2460.9102,300.0,0.0002,171.888,1632.049,778,outlier,tbtFlow,47cdbd50a8
4a08f6dad5ab37e4d5dea7032d5c0534bc3de769,base,edit,0,0,2319.013,636,0.0002,136.868,339.74,920,ok,,47cdbd50a8
4a08f6dad5ab37e4d5dea7032d5c0534bc3de769,base,edit,1,3,2534.9754,362.209,0.0002,177.593,1331.231,750,outlier,inp,47cdbd50a8
4a08f6dad5ab37e4d5dea7032d5c0534bc3de769,base,edit,2,4,2371.2305,583.9478,0.0002,128.046,629.093,881,ok,,47cdbd50a8
4a08f6dad5ab37e4d5dea7032d5c0534bc3de769,base,edit,3,7,2248.0039,447.2661,0.0002,141.903,554.144,797,ok,,47cdbd50a8
4a08f6dad5ab37e4d5dea7032d5c0534bc3de769,base,edit,4,8,2240.7016,476.557,0.0002,143.143,792.547,710,ok,,47cdbd50a8
4a08f6dad5ab37e4d5dea7032d5c0534bc3de769,head,edit,0,1,2339.0252,610.6393,0.0002,147.281,958.282,776,ok,,47cdbd50a8
4a08f6dad5ab37e4d5dea7032d5c0534bc3de769,head,edit,1,2,2356.9829,580.9034,0.0002,134.173,437.495,922,ok,,47cdbd50a8
4a08f6dad5ab37e4d5dea7032d5c0534bc3de769,head,edit,2,5,2409.1713,557.9658,0.0002,170.343,1095.409,886,outlier,inp,47cdbd50a8
4a08f6dad5ab37e4d5dea7032d5c0534bc3de769,head,edit,3,6,2244.1989,513.6402,0.0002,138.208,514.41,806,ok,,47cdbd50a8
4a08f6dad5ab37e4d5dea7032d5c0534bc3de769,head,edit,4,9,2292.9457,534.222,0.0002,140.391,565.994,714,ok,,47cdbd50a8
9ffa715d03e50a84a034dffccc950d170f157b48,base,edit,0,0,2293.4937,457.4675,0.0002,115.005,206.072,797,ok,,47cdbd50a8
9ffa715d03e50a84a034dffccc950d170f157b48,base,edit,1,3,2447.7007,308,0.0002,108.367,286.368,802,ok,,47cdbd50a8
9ffa715d03e50a84a034dffccc950d170f157b48,base,edit,2,4,2202.5934,460.0876,0.0002,124.511,272.588,773,ok,,47cdbd50a8
9ffa715d03e50a84a034dffccc950d170f157b48,base,edit,3,7,2256.0519,603.9195,0.0002,170.592,1397.223,810,outlier,inp;tbtFlow,47cdbd50a8
9ffa715d03e50a84a034dffccc950d170f157b48,base,edit,4,8,2353.4039,583.5989,0.0002,129.76,673.496,756,outlier,tbtFlow,47cdbd50a8
9ffa715d03e50a84a034dffccc950d170f157b48,head,edit,0,1,2460.6642,318.0,0.0002,126.811,165.506,827,outlier,lcp,47cdbd50a8
9ffa715d03e50a84a034dffccc950d170f157b48,head,edit,1,2,2206.735,471.104,0.0002,109.35,175.051,797,ok,,47cdbd50a8
9ffa715d03e50a84a034dffccc950d170f157b48,head,edit,2,5,2232.2839,479.6622,0.0002,105.059,162.561,772,ok,,47cdbd50a8
9ffa715d03e50a84a034dffccc950d170f157b48,head,edit,3,6,2413.0239,291.5,0.0002,153.448,714.922,762,outlier,lcp;tbtFlow,47cdbd50a8
9ffa715d03e50a84a034dffccc950d170f157b48,head,edit,4,9,2210.1397,439.6147,0.0002,139.124,559.193,783,outlier,tbtFlow,47cdbd50a8
c06828dbf23d66ff7f579a14c9603119141d5422,base,edit,0,0,2238.7932,459.8362,0.0002,124.782,189.28,694,ok,,47cdbd50a8
c06828dbf23d66ff7f579a14c9603119141d5422,base,edit,1,3,2481.9563,317.3509,0.0002,139.206,276.179,720,ok,,47cdbd50a8
c06828dbf23d66ff7f579a14c9603119141d5422,base,edit,2,4,2238.106,490.9192,0.0002,130.042,193.205,801,outlier,lcpObs,47cdbd50a8
c06828dbf23d66ff7f579a14c9603119141d5422,base,edit,3,7,2409.0442,276,0.0002,139.649,609.626,681,ok,,47cdbd50a8
c06828dbf23d66ff7f579a14c9603119141d5422,base,edit,4,8,2456.8134,319.7811,0.0002,137.535,471.925,707,ok,,47cdbd50a8
c06828dbf23d66ff7f579a14c9603119141d5422,head,edit,0,1,2383.5397,287.2947,0.0002,137.488,563.256,756,ok,,47cdbd50a8
c06828dbf23d66ff7f579a14c9603119141d5422,head,edit,1,2,2455.5599,303.5,0.0002,138.276,717.755,704,ok,,47cdbd50a8
c06828dbf23d66ff7f579a14c9603119141d5422,head,edit,2,5,2540.83,372.0392,0.0002,123.312,331.769,894,ok,,47cdbd50a8
c06828dbf23d66ff7f579a14c9603119141d5422,head,edit,3,6,2247.8712,483.5184,0.0002,139.573,364.9,772,ok,,47cdbd50a8
c06828dbf23d66ff7f579a14c9603119141d5422,head,edit,4,9,2198.2146,448.2551,0.0002,153.438,441.322,655,ok,,47cdbd50a8
f59a2dc6d7cc1ded1201b5c4e6d8b94700fe2c4b,base,edit,0,0,2302.7106,612.3684,0.0002,177.994,915.334,776,outlier,tbtFlow,47cdbd50a8
f59a2dc6d7cc1ded1201b5c4e6d8b94700fe2c4b,base,edit,1,3,2383.6785,524.9745,0.0002,128.307,547.056,837,ok,,47cdbd50a8
f59a2dc6d7cc1ded1201b5c4e6d8b94700fe2c4b,base,edit,2,4,2292.7035,573.3135,0.0002,143.325,535.59,715,ok,,47cdbd50a8
f59a2dc6d7cc1ded1201b5c4e6d8b94700fe2c4b,base,edit,3,7,2291.3171,682.0453,0.0002,119.914,315.209,773,outlier,tbtFlow,47cdbd50a8
f59a2dc6d7cc1ded1201b5c4e6d8b94700fe2c4b,base,edit,4,8,2194.8794,439.8029,0.0002,155.264,521.284,656,ok,,47cdbd50a8
f59a2dc6d7cc1ded1201b5c4e6d8b94700fe2c4b,head,edit,0,1,2276.2131,636.5,0.0002,142.634,949.852,700,outlier,lcpObs,1b8b4fb9ef
f59a2dc6d7cc1ded1201b5c4e6d8b94700fe2c4b,head,edit,1,2,2409.9001,271,0.0002,142.286,717.299,618,ok,,1b8b4fb9ef
f59a2dc6d7cc1ded1201b5c4e6d8b94700fe2c4b,head,edit,2,5,2241.5819,468.6312,0.0002,147.784,386.326,628,ok,,1b8b4fb9ef
f59a2dc6d7cc1ded1201b5c4e6d8b94700fe2c4b,head,edit,3,6,2451.9065,197.9553,0.0002,136.922,481.155,635,ok,,1b8b4fb9ef
f59a2dc6d7cc1ded1201b5c4e6d8b94700fe2c4b,head,edit,4,9,2231.0877,472.3026,0.0002,144.175,677.23,646,ok,,1b8b4fb9ef
d5123c6a2674e81138f821b63cbf86106c4ee7d5,base,edit,0,0,2416.4706,581.5042,0.0002,151.905,674.51,739,ok,,1b8b4fb9ef
d5123c6a2674e81138f821b63cbf86106c4ee7d5,base,edit,1,3,2271.4948,568.9004,0.0002,134.137,986.637,689,ok,,1b8b4fb9ef
d5123c6a2674e81138f821b63cbf86106c4ee7d5,base,edit,2,4,2314.4425,565.6762,0.0002,140.031,1057.46,698,ok,,1b8b4fb9ef
d5123c6a2674e81138f821b63cbf86106c4ee7d5,base,edit,3,7,2288.4256,576.3149,0.0002,145.147,796.177,674,ok,,1b8b4fb9ef
d5123c6a2674e81138f821b63cbf86106c4ee7d5,base,edit,4,8,2479.8302,339.0,0.0002,167.84,768.869,671,outlier,tbt,1b8b4fb9ef
d5123c6a2674e81138f821b63cbf86106c4ee7d5,head,edit,0,1,2240.2765,509.1588,0.0002,188.171,890.414,641,ok,,08fd8d611f
d5123c6a2674e81138f821b63cbf86106c4ee7d5,head,edit,1,2,2311.0093,526.9259,0.0002,170.821,1342.627,677,ok,,08fd8d611f
d5123c6a2674e81138f821b63cbf86106c4ee7d5,head,edit,2,5,2421.2839,687.9189,0.0002,140.144,596.892,758,ok,,08fd8d611f
d5123c6a2674e81138f821b63cbf86106c4ee7d5,head,edit,3,6,2420.3613,275.5,0.0002,154.718,1240.353,638,ok,,08fd8d611f
d5123c6a2674e81138f821b63cbf86106c4ee7d5,head,edit,4,9,2367.3243,615.6559,0.0002,137.997,466.756,734,ok,,08fd8d611f
cc963db4712fc1ac448ab49547854ecffdf526ab,base,edit,0,0,2363.5728,579.4903,0.0002,139.08,841.479,746,ok,,08fd8d611f
cc963db4712fc1ac448ab49547854ecffdf526ab,base,edit,1,3,2253.3157,559.1579,0.0002,123.784,395.138,677,ok,,08fd8d611f
cc963db4712fc1ac448ab49547854ecffdf526ab,base,edit,2,4,2374.0477,605.5578,0.0002,141.079,542.248,721,ok,,08fd8d611f
cc963db4712fc1ac448ab49547854ecffdf526ab,base,edit,3,7,2501.6789,151.6914,0.0002,145.851,675.857,658,outlier,tbt,08fd8d611f
cc963db4712fc1ac448ab49547854ecffdf526ab,base,edit,4,8,2208.2071,518.527,0.0002,138.281,345.201,639,ok,,08fd8d611f
cc963db4712fc1ac448ab49547854ecffdf526ab,head,edit,0,1,2349.619,464.0508,0.0002,135.974,828.502,1034,ok,,2df8a02362
cc963db4712fc1ac448ab49547854ecffdf526ab,head,edit,1,2,2379.0436,453.1304,0.0002,139.336,459.511,897,ok,,2df8a02362
cc963db4712fc1ac448ab49547854ecffdf526ab,head,edit,2,5,2522.6977,596.7076,0.0002,134.499,322.879,1054,outlier,lcp,2df8a02362
cc963db4712fc1ac448ab49547854ecffdf526ab,head,edit,3,6,2673.5933,369.1628,0.0002,145.8,497.79,918,outlier,lcp,2df8a02362
cc963db4712fc1ac448ab49547854ecffdf526ab,head,edit,4,9,2355.7298,495.2027,0.0002,160.106,870.504,941,ok,,2df8a02362
2fe3df56b7d48802843d13f40e0d530032f06853,base,edit,0,0,2442.347,700.4745,0.0002,173.838,1175.532,1001,ok,,2df8a02362
2fe3df56b7d48802843d13f40e0d530032f06853,base,edit,1,3,2382.8958,553.9209,0.0002,126.311,382.167,885,outlier,inp;tbtFlow,2df8a02362
2fe3df56b7d48802843d13f40e0d530032f06853,base,edit,2,4,2376.3472,748.6151,0.0002,152.167,1044.78,969,ok,,2df8a02362
2fe3df56b7d48802843d13f40e0d530032f06853,base,edit,3,7,2399.856,520.5288,0.0002,156.376,1070.627,969,ok,,2df8a02362
2fe3df56b7d48802843d13f40e0d530032f06853,base,edit,4,8,2412.3752,603.3928,0.0002,155.04,1381.205,939,ok,,2df8a02362
2fe3df56b7d48802843d13f40e0d530032f06853,head,edit,0,1,2301.4968,615.3576,0.0002,171.261,648.547,740,ok,,47cdbd50a8
2fe3df56b7d48802843d13f40e0d530032f06853,head,edit,1,2,2858.5886,681.0755,0.0002,151.302,661.532,1158,outlier,lcp;lcpObs,47cdbd50a8
2fe3df56b7d48802843d13f40e0d530032f06853,head,edit,2,5,2293.0554,485.1111,0.0002,123.546,394.471,703,outlier,inp,47cdbd50a8
2fe3df56b7d48802843d13f40e0d530032f06853,head,edit,3,6,2289.3521,540.0246,0.0002,170.525,921.544,726,ok,,47cdbd50a8
2fe3df56b7d48802843d13f40e0d530032f06853,head,edit,4,9,2329.4161,494.8335,0.0002,173.565,1046.819,874,ok,,47cdbd50a8
765c35265f0e75284d40a9726633545462e421f1,base,edit,0,0,2206.0247,451.3554,0.0002,173.209,626.315,662,ok,,47cdbd50a8
765c35265f0e75284d40a9726633545462e421f1,base,edit,1,3,2395.0554,672.2361,0.0002,121.437,117.92,822,outlier,lcp;tbt,47cdbd50a8
765c35265f0e75284d40a9726633545462e421f1,base,edit,2,4,2215.1737,472.387,0.0002,138.745,238.349,774,ok,,47cdbd50a8
765c35265f0e75284d40a9726633545462e421f1,base,edit,3,7,2222.577,494.4231,0.0002,187.839,604.213,676,ok,,47cdbd50a8
765c35265f0e75284d40a9726633545462e421f1,base,edit,4,8,2251.5988,461.3267,0.0002,140.277,339.28,803,ok,,47cdbd50a8
765c35265f0e75284d40a9726633545462e421f1,head,edit,0,1,2313.1682,524.2554,0.0002,132.466,518.623,871,ok,,47cdbd50a8
765c35265f0e75284d40a9726633545462e421f1,head,edit,1,2,2283.8646,510.0387,0.0002,152.166,630.941,678,ok,,47cdbd50a8
765c35265f0e75284d40a9726633545462e421f1,head,edit,2,5,2205.0284,470.5296,0.0002,123.373,216.106,776,ok,,47cdbd50a8
765c35265f0e75284d40a9726633545462e421f1,head,edit,3,6,2259.6862,488.2085,0.0002,150.521,691.527,792,ok,,47cdbd50a8
765c35265f0e75284d40a9726633545462e421f1,head,edit,4,9,2456.6477,768.9684,0.0002,203.086,1236.74,986,outlier,lcp;tbt;tbtFlow,47cdbd50a8
d8401a8f138cd506086f47b572c9e822c7f6673a,base,edit,0,0,2224.1579,538.9579,0.0002,156.357,596.56,821,outlier,lcp,47cdbd50a8
d8401a8f138cd506086f47b572c9e822c7f6673a,base,edit,1,3,2414.4697,701.6326,0.0002,222.553,2629.587,833,ok,,47cdbd50a8
d8401a8f138cd506086f47b572c9e822c7f6673a,base,edit,2,4,2441.27,707.564,0.0002,235.472,3525.175,1002,ok,,47cdbd50a8
d8401a8f138cd506086f47b572c9e822c7f6673a,base,edit,3,7,2412.6001,564.9154,0.0002,191.436,1382.141,964,ok,,47cdbd50a8
d8401a8f138cd506086f47b572c9e822c7f6673a,base,edit,4,8,2242.7945,471.8718,0.0002,156.515,1647.295,685,outlier,lcp,47cdbd50a8
d8401a8f138cd506086f47b572c9e822c7f6673a,head,edit,0,1,2313.3096,514.7908,0.0002,216.216,2645.13,818,ok,,47cdbd50a8
d8401a8f138cd506086f47b572c9e822c7f6673a,head,edit,1,2,2397.3687,555.6165,0.0002,198.271,1528.547,863,ok,,47cdbd50a8
d8401a8f138cd506086f47b572c9e822c7f6673a,head,edit,2,5,2449.7068,736.5,0.0002,221.664,2845.399,1047,ok,,47cdbd50a8
d8401a8f138cd506086f47b572c9e822c7f6673a,head,edit,3,6,2677.7161,1023.5,0.0002,122.487,385.527,1282,outlier,lcp;tbt;lcpObs,47cdbd50a8
d8401a8f138cd506086f47b572c9e822c7f6673a,head,edit,4,9,2411.7738,541.5522,0.0002,153.207,793.109,869,ok,,47cdbd50a8
877cbdb6f99bee7885c4c46414af1fc49c1d581c,base,edit,0,0,2258.7794,494,0.0002,131.679,394.619,836,ok,,47cdbd50a8
877cbdb6f99bee7885c4c46414af1fc49c1d581c,base,edit,1,3,2235.4114,464.724,0.0002,128.478,399.544,665,ok,,47cdbd50a8
877cbdb6f99bee7885c4c46414af1fc49c1d581c,base,edit,2,4,2239.3724,457.6702,0.0002,137.55,393.203,777,ok,,47cdbd50a8
877cbdb6f99bee7885c4c46414af1fc49c1d581c,base,edit,3,7,2269.9819,519.8231,0.0002,139.012,720.011,683,ok,,47cdbd50a8
877cbdb6f99bee7885c4c46414af1fc49c1d581c,base,edit,4,8,2399.8272,564.4656,0.0002,165.58,841.474,893,ok,,47cdbd50a8
877cbdb6f99bee7885c4c46414af1fc49c1d581c,base,edit,5,11,2320.9961,536.2317,0.0002,144.686,568.675,712,ok,,47cdbd50a8
877cbdb6f99bee7885c4c46414af1fc49c1d581c,base,edit,6,12,2550.6359,345.3863,0.0002,161.858,556.256,833,outlier,lcp,47cdbd50a8
877cbdb6f99bee7885c4c46414af1fc49c1d581c,base,edit,7,15,2297.3963,653.5689,0.0002,161.497,417.691,729,ok,,47cdbd50a8
877cbdb6f99bee7885c4c46414af1fc49c1d581c,base,edit,8,16,2274.3418,531.8597,0.0002,133.887,480.442,820,ok,,47cdbd50a8
877cbdb6f99bee7885c4c46414af1fc49c1d581c,base,edit,9,19,2345.9192,534.9816,0.0002,132.327,343.319,812,ok,,47cdbd50a8
877cbdb6f99bee7885c4c46414af1fc49c1d581c,base,edit,10,20,2255.6363,518.2763,0.0002,204.336,1059.502,683,outlier,inp,47cdbd50a8
877cbdb6f99bee7885c4c46414af1fc49c1d581c,base,edit,11,23,2261.6187,417.9746,0.0002,159.996,801.653,784,ok,,47cdbd50a8
877cbdb6f99bee7885c4c46414af1fc49c1d581c,base,edit,12,24,2448.6377,642.3276,0.0002,139.273,705.871,900,outlier,lcp,47cdbd50a8
877cbdb6f99bee7885c4c46414af1fc49c1d581c,base,edit,13,27,2241.1471,462.3891,0.0002,142.719,529.139,647,ok,,47cdbd50a8
877cbdb6f99bee7885c4c46414af1fc49c1d581c,base,edit,14,28,2369.871,566.5,0.0002,120.869,248.104,725,ok,,47cdbd50a8
877cbdb6f99bee7885c4c46414af1fc49c1d581c,head,edit,0,1,2460.9598,264.4257,0.0002,186.844,559.709,784,ok,,47cdbd50a8
877cbdb6f99bee7885c4c46414af1fc49c1d581c,head,edit,1,2,2484.4352,280.1253,0.0002,157.21,337.401,663,ok,,47cdbd50a8
877cbdb6f99bee7885c4c46414af1fc49c1d581c,head,edit,2,5,2516.3012,296.2155,0.0002,152.642,385.049,673,ok,,47cdbd50a8
877cbdb6f99bee7885c4c46414af1fc49c1d581c,head,edit,3,6,2484.106,282.0851,0.0002,133.369,321.079,693,ok,,47cdbd50a8
877cbdb6f99bee7885c4c46414af1fc49c1d581c,head,edit,4,9,2404.6052,510.0564,0.0002,168.218,495.671,826,outlier,tbt,47cdbd50a8
877cbdb6f99bee7885c4c46414af1fc49c1d581c,head,edit,5,10,2524.5604,320,0.0002,173.692,358.842,739,ok,,47cdbd50a8
877cbdb6f99bee7885c4c46414af1fc49c1d581c,head,edit,6,13,2547.6556,314.7812,0.0002,159.19,365.578,748,ok,,47cdbd50a8
877cbdb6f99bee7885c4c46414af1fc49c1d581c,head,edit,7,14,2484.091,322.0175,0.0002,159.376,345.127,678,ok,,47cdbd50a8
877cbdb6f99bee7885c4c46414af1fc49c1d581c,head,edit,8,17,2486.185,276.3219,0.0002,155.901,345.632,704,ok,,47cdbd50a8
877cbdb6f99bee7885c4c46414af1fc49c1d581c,head,edit,9,18,2314.0214,527.4951,0.0002,166.361,518.679,709,outlier,lcp;tbt,47cdbd50a8
877cbdb6f99bee7885c4c46414af1fc49c1d581c,head,edit,10,21,2744.5287,497.2604,0.0002,179.281,495.214,872,outlier,lcp;tbt;lcpObs,47cdbd50a8
877cbdb6f99bee7885c4c46414af1fc49c1d581c,head,edit,11,22,2506.0135,304.5,0.0002,142.87,420.224,707,ok,,47cdbd50a8
877cbdb6f99bee7885c4c46414af1fc49c1d581c,head,edit,12,25,2536.144,322.0,0.0002,162.386,479.72,736,ok,,47cdbd50a8
877cbdb6f99bee7885c4c46414af1fc49c1d581c,head,edit,13,26,2531.826,309,0.0002,155.024,426.674,716,ok,,47cdbd50a8
877cbdb6f99bee7885c4c46414af1fc49c1d581c,head,edit,14,29,2502.251,292.0,0.0002,153.96,390.715,813,ok,,47cdbd50a8
bb0ab7c7e2afc6eed24ab6c9429a20ebc6ec787a,base,edit,0,0,2540.0922,340.8988,0.0002,123.253,298.504,766,ok,,47cdbd50a8
bb0ab7c7e2afc6eed24ab6c9429a20ebc6ec787a,base,edit,1,3,2514.7537,312.5171,0.0002,114.193,286.557,823,outlier,lcpObs,47cdbd50a8
bb0ab7c7e2afc6eed24ab6c9429a20ebc6ec787a,base,edit,2,4,2502.4268,296.5,0.0002,131.66,227.343,690,outlier,tbtFlow,47cdbd50a8
bb0ab7c7e2afc6eed24ab6c9429a20ebc6ec787a,base,edit,3,7,2528.0937,325,0.0002,155.603,287.689,710,ok,,47cdbd50a8
bb0ab7c7e2afc6eed24ab6c9429a20ebc6ec787a,base,edit,4,8,2499.2217,294,0.0002,159.295,484.861,712,outlier,tbtFlow,47cdbd50a8
bb0ab7c7e2afc6eed24ab6c9429a20ebc6ec787a,head,edit,0,1,2515.5331,303,0.0001,124.504,278.624,706,ok,,47cdbd50a8
bb0ab7c7e2afc6eed24ab6c9429a20ebc6ec787a,head,edit,1,2,2553.3106,319.5,0.0001,129.431,204.422,843,ok,,47cdbd50a8
bb0ab7c7e2afc6eed24ab6c9429a20ebc6ec787a,head,edit,2,5,2515.4459,134.0218,0.0001,161.371,866.385,673,outlier,tbt;tbtFlow,47cdbd50a8
bb0ab7c7e2afc6eed24ab6c9429a20ebc6ec787a,head,edit,3,6,2649.9747,344.3481,0.0001,136.218,283.533,870,outlier,lcp,47cdbd50a8
bb0ab7c7e2afc6eed24ab6c9429a20ebc6ec787a,head,edit,4,9,2495.0877,301.0,0.0001,167.712,389.515,785,ok,,47cdbd50a8
cc562549a9a32de942e7d1109a845919d2c73f63,base,edit,0,0,2502.4355,296.0,0.0001,161.184,444.244,701,ok,,47cdbd50a8
cc562549a9a32de942e7d1109a845919d2c73f63,base,edit,1,3,2511.0278,317.5,0.0001,211.663,727.159,710,outlier,inp;tbtFlow,47cdbd50a8
cc562549a9a32de942e7d1109a845919d2c73f63,base,edit,2,4,2368.5505,547.6147,0.0001,154.43,820.128,751,outlier,tbtFlow,47cdbd50a8
cc562549a9a32de942e7d1109a845919d2c73f63,base,edit,3,7,2675.4593,352,0.0001,161.266,404.159,903,ok,,47cdbd50a8
cc562549a9a32de942e7d1109a845919d2c73f63,base,edit,4,8,2319.9527,506.5169,0.0001,154.358,407.982,817,ok,,47cdbd50a8
cc562549a9a32de942e7d1109a845919d2c73f63,head,edit,0,1,2611.5973,381.5,0.0001,165.979,509.886,854,ok,,47cdbd50a8
cc562549a9a32de942e7d1109a845919d2c73f63,head,edit,1,2,2476.6176,281.0,0.0001,159.783,392.518,685,ok,,47cdbd50a8
cc562549a9a32de942e7d1109a845919d2c73f63,head,edit,2,5,2505.5449,308.5,0.0001,156.56,491.334,716,ok,,47cdbd50a8
cc562549a9a32de942e7d1109a845919d2c73f63,head,edit,3,6,2493.2025,282.5,0.0001,161.751,531.239,820,ok,,47cdbd50a8
cc562549a9a32de942e7d1109a845919d2c73f63,head,edit,4,9,2278.0569,467.1836,0.0001,174.297,421.685,664,outlier,lcp;tbt,47cdbd50a8
c5eaf340b40d062ee45f535ebb03db2261f005c7,base,edit,0,0,2595.8106,335.1293,0.0001,150.107,459.678,847,ok,,47cdbd50a8
c5eaf340b40d062ee45f535ebb03db2261f005c7,base,edit,1,3,2511.2239,270.0,0.0001,161.875,440.792,829,ok,,47cdbd50a8
c5eaf340b40d062ee45f535ebb03db2261f005c7,base,edit,2,4,2516.9576,319,0.0001,155.337,435.202,811,ok,,47cdbd50a8
c5eaf340b40d062ee45f535ebb03db2261f005c7,base,edit,3,7,2475.0437,263.5,0.0001,157.579,499.748,804,ok,,47cdbd50a8
c5eaf340b40d062ee45f535ebb03db2261f005c7,base,edit,4,8,2498.6265,302,0.0001,132.609,222.309,838,ok,,47cdbd50a8
c5eaf340b40d062ee45f535ebb03db2261f005c7,base,edit,5,11,2518.0499,309.0,0.0001,172.238,330.94,712,ok,,47cdbd50a8
c5eaf340b40d062ee45f535ebb03db2261f005c7,base,edit,6,12,2412.8116,598.9186,0.0001,163.468,529.998,873,outlier,tbt,47cdbd50a8
c5eaf340b40d062ee45f535ebb03db2261f005c7,base,edit,7,15,2575.5275,381.5,0.0001,154.51,433.853,735,ok,,47cdbd50a8
c5eaf340b40d062ee45f535ebb03db2261f005c7,base,edit,8,16,2538.8479,310.6421,0.0001,148.489,340.046,693,ok,,47cdbd50a8
c5eaf340b40d062ee45f535ebb03db2261f005c7,base,edit,9,19,2553.7384,338,0.0001,152.66,323.631,731,ok,,47cdbd50a8
c5eaf340b40d062ee45f535ebb03db2261f005c7,base,edit,10,20,2582.9864,353.5,0.0001,172.725,413.859,738,ok,,47cdbd50a8
c5eaf340b40d062ee45f535ebb03db2261f005c7,base,edit,11,23,2502.6128,277.8848,0.0001,149.435,325.755,805,ok,,47cdbd50a8
c5eaf340b40d062ee45f535ebb03db2261f005c7,base,edit,12,24,2340.4625,604.5438,0.0001,166.028,424.364,857,outlier,lcp;tbt,47cdbd50a8
c5eaf340b40d062ee45f535ebb03db2261f005c7,base,edit,13,27,2821.8482,520.9114,0.0001,157.355,470.602,1105,outlier,lcp;tbt;lcpObs,47cdbd50a8
c5eaf340b40d062ee45f535ebb03db2261f005c7,base,edit,14,28,2496.362,298.8395,0.0001,160.456,412.213,694,ok,,47cdbd50a8
c5eaf340b40d062ee45f535ebb03db2261f005c7,head,edit,0,1,2306.8242,568.5655,0.0001,174.262,628.267,714,ok,,47cdbd50a8
c5eaf340b40d062ee45f535ebb03db2261f005c7,head,edit,1,2,2341.4902,523.6184,0.0001,145.623,687.209,709,ok,,47cdbd50a8
c5eaf340b40d062ee45f535ebb03db2261f005c7,head,edit,2,5,2525.5416,301.7084,0.0001,157.923,549.479,725,ok,,47cdbd50a8
c5eaf340b40d062ee45f535ebb03db2261f005c7,head,edit,3,6,2380.3039,530.2703,0.0001,153.408,364.732,860,ok,,47cdbd50a8
c5eaf340b40d062ee45f535ebb03db2261f005c7,head,edit,4,9,2371.7906,572.7022,0.0001,147.688,304.884,728,ok,,47cdbd50a8
c5eaf340b40d062ee45f535ebb03db2261f005c7,head,edit,5,10,2574.8114,350.2358,0.0001,163.366,475.993,723,ok,,47cdbd50a8
c5eaf340b40d062ee45f535ebb03db2261f005c7,head,edit,6,13,2311.4011,551.8229,0.0001,162.607,404.439,882,ok,,47cdbd50a8
c5eaf340b40d062ee45f535ebb03db2261f005c7,head,edit,7,14,2283.5498,477.3385,0.0001,159.109,422.381,688,ok,,47cdbd50a8
c5eaf340b40d062ee45f535ebb03db2261f005c7,head,edit,8,17,2516.3542,291.7753,0.0001,140.661,738.306,752,ok,,47cdbd50a8
c5eaf340b40d062ee45f535ebb03db2261f005c7,head,edit,9,18,2511.5765,288.0412,0.0001,157.155,459.428,812,ok,,47cdbd50a8
c5eaf340b40d062ee45f535ebb03db2261f005c7,head,edit,10,21,2577.7503,327.1071,0.0001,170.529,865.472,711,ok,,47cdbd50a8
c5eaf340b40d062ee45f535ebb03db2261f005c7,head,edit,11,22,2648.9137,368,0.0001,138.112,408.817,886,ok,,47cdbd50a8
c5eaf340b40d062ee45f535ebb03db2261f005c7,head,edit,12,25,2525.7696,313.5,0.0001,182.876,855.179,688,ok,,47cdbd50a8
c5eaf340b40d062ee45f535ebb03db2261f005c7,head,edit,13,26,2399.4914,472.5726,0.0001,196.58,1102.835,814,ok,,47cdbd50a8
c5eaf340b40d062ee45f535ebb03db2261f005c7,head,edit,14,29,2372.4867,575.0,0.0001,169.974,619.636,898,ok,,47cdbd50a8
77234d95b30f50ab1045274f813ddd9dca19fdb2,base,edit,0,0,2269.1752,445.6053,0.0001,138.159,558.361,772,outlier,lcp;tbt,47cdbd50a8
77234d95b30f50ab1045274f813ddd9dca19fdb2,base,edit,1,3,2494.9945,286.4996,0.0001,169.206,798.886,687,ok,,47cdbd50a8
77234d95b30f50ab1045274f813ddd9dca19fdb2,base,edit,2,4,2505.1613,292.7615,0.0001,162.044,859.09,830,ok,,47cdbd50a8
77234d95b30f50ab1045274f813ddd9dca19fdb2,base,edit,3,7,2509.5847,297.5775,0.0001,156.665,726.264,832,ok,,47cdbd50a8
77234d95b30f50ab1045274f813ddd9dca19fdb2,base,edit,4,8,2519.1501,316.8884,0.0001,182.485,437.313,696,ok,,47cdbd50a8
77234d95b30f50ab1045274f813ddd9dca19fdb2,head,edit,0,1,2602.1845,311.581,0.0001,151.898,546.941,842,ok,,47cdbd50a8
77234d95b30f50ab1045274f813ddd9dca19fdb2,head,edit,1,2,2513.6974,301.5,0.0001,154.536,705.015,698,ok,,47cdbd50a8
77234d95b30f50ab1045274f813ddd9dca19fdb2,head,edit,2,5,2511.059,319.3445,0.0001,162.82,607.514,809,ok,,47cdbd50a8
77234d95b30f50ab1045274f813ddd9dca19fdb2,head,edit,3,6,2475.4531,277,0.0001,171.077,451.919,670,ok,,47cdbd50a8
77234d95b30f50ab1045274f813ddd9dca19fdb2,head,edit,4,9,2534.1292,307.5,0.0001,158.998,348.315,830,ok,,47cdbd50a8
9a70c08a6f6592f00c1307a1f66ca9a45b8d0f41,base,edit,0,0,2556.1892,320.2992,0.0002,156.941,442.382,837,ok,,47cdbd50a8
9a70c08a6f6592f00c1307a1f66ca9a45b8d0f41,base,edit,1,3,2552.7093,318.4701,0.0001,186.646,691.798,866,ok,,47cdbd50a8
9a70c08a6f6592f00c1307a1f66ca9a45b8d0f41,base,edit,2,4,2491.2322,571.9885,0.0001,163.803,433.191,871,ok,,47cdbd50a8
9a70c08a6f6592f00c1307a1f66ca9a45b8d0f41,base,edit,3,7,2542.6555,352.5795,0.0001,153.466,808.448,713,ok,,47cdbd50a8
9a70c08a6f6592f00c1307a1f66ca9a45b8d0f41,base,edit,4,8,2300.0242,475.8406,0.0001,159.455,513.929,701,ok,,47cdbd50a8
9a70c08a6f6592f00c1307a1f66ca9a45b8d0f41,base,edit,5,11,2287.5184,470.2117,0.0001,150.806,1105.432,787,ok,,47cdbd50a8
9a70c08a6f6592f00c1307a1f66ca9a45b8d0f41,base,edit,6,12,2296.5471,464.1654,0.0001,166.336,586.565,684,ok,,47cdbd50a8
9a70c08a6f6592f00c1307a1f66ca9a45b8d0f41,base,edit,7,15,2314.3022,511.9151,0.0001,170.507,795.004,724,ok,,47cdbd50a8
9a70c08a6f6592f00c1307a1f66ca9a45b8d0f41,base,edit,8,16,2484.1236,281.5,0.0001,181.821,683.628,800,ok,,47cdbd50a8
9a70c08a6f6592f00c1307a1f66ca9a45b8d0f41,base,edit,9,19,2527.5847,309,0.0001,141.251,511.077,736,ok,,47cdbd50a8
9a70c08a6f6592f00c1307a1f66ca9a45b8d0f41,base,edit,10,20,2293.1935,461.8295,0.0001,158.614,475.095,783,ok,,47cdbd50a8
9a70c08a6f6592f00c1307a1f66ca9a45b8d0f41,base,edit,11,23,2348.5568,553.4484,0.0001,149.448,634.442,873,ok,,47cdbd50a8
9a70c08a6f6592f00c1307a1f66ca9a45b8d0f41,base,edit,12,24,2454.6623,263.6544,0.0001,164.261,960.808,775,ok,,47cdbd50a8
9a70c08a6f6592f00c1307a1f66ca9a45b8d0f41,base,edit,13,27,2516.1777,315.088,0.0001,146.571,865.55,690,ok,,47cdbd50a8
9a70c08a6f6592f00c1307a1f66ca9a45b8d0f41,base,edit,14,28,2318.7236,557.171,0.0001,155.12,449.126,693,ok,,47cdbd50a8
9a70c08a6f6592f00c1307a1f66ca9a45b8d0f41,head,edit,0,1,2290.6044,583.1073,0.0001,156.544,391.294,737,ok,,47cdbd50a8
9a70c08a6f6592f00c1307a1f66ca9a45b8d0f41,head,edit,1,2,2487.1418,293.9724,0.0001,151.759,537.277,698,ok,,47cdbd50a8
9a70c08a6f6592f00c1307a1f66ca9a45b8d0f41,head,edit,2,5,2305.2248,616.0,0.0001,173.877,568.417,882,ok,,47cdbd50a8
9a70c08a6f6592f00c1307a1f66ca9a45b8d0f41,head,edit,3,6,2410.3378,114.001,0.0001,132.316,509.411,687,outlier,tbt,47cdbd50a8
9a70c08a6f6592f00c1307a1f66ca9a45b8d0f41,head,edit,4,9,2466.3339,284.0477,0.0001,185.035,797.554,791,ok,,47cdbd50a8
9a70c08a6f6592f00c1307a1f66ca9a45b8d0f41,head,edit,5,10,2245.8945,458.2004,0.0001,166.371,685.639,678,ok,,47cdbd50a8
9a70c08a6f6592f00c1307a1f66ca9a45b8d0f41,head,edit,6,13,2244.6942,477.0,0.0001,171.416,710.842,708,ok,,47cdbd50a8
9a70c08a6f6592f00c1307a1f66ca9a45b8d0f41,head,edit,7,14,2244.2683,458,0.0001,154.8,493.161,827,ok,,47cdbd50a8
9a70c08a6f6592f00c1307a1f66ca9a45b8d0f41,head,edit,8,17,2275.6436,485.6428,0.0001,153.746,1053.323,692,ok,,47cdbd50a8
9a70c08a6f6592f00c1307a1f66ca9a45b8d0f41,head,edit,9,18,2273.3641,501.3765,0.0001,172.197,567.898,821,ok,,47cdbd50a8
9a70c08a6f6592f00c1307a1f66ca9a45b8d0f41,head,edit,10,21,2458.2737,296.0,0.0001,153.467,1124.56,773,outlier,tbtFlow,47cdbd50a8
9a70c08a6f6592f00c1307a1f66ca9a45b8d0f41,head,edit,11,22,2295.5311,391.6947,0.0001,156.082,619.11,811,ok,,47cdbd50a8
9a70c08a6f6592f00c1307a1f66ca9a45b8d0f41,head,edit,12,25,2382.8144,504.245,0.0001,148.59,860.752,873,ok,,47cdbd50a8
9a70c08a6f6592f00c1307a1f66ca9a45b8d0f41,head,edit,13,26,2263.571,468.1099,0.0001,203.747,1272.127,680,outlier,inp;tbtFlow,47cdbd50a8
9a70c08a6f6592f00c1307a1f66ca9a45b8d0f41,head,edit,14,29,2332.474,582.3482,0.0001,153.445,534.401,722,ok,,47cdbd50a8
e0b660d56bc750ea7200caf510f8bc49f632761d,base,edit,0,0,2436.1371,287.0,0.0001,173.879,1157.532,659,ok,,47cdbd50a8
e0b660d56bc750ea7200caf510f8bc49f632761d,base,edit,1,3,2236.2144,445.1836,0.0001,179.506,582.387,759,ok,,47cdbd50a8
e0b660d56bc750ea7200caf510f8bc49f632761d,base,edit,2,4,2505.2424,316.4102,0.0001,193.285,905.543,836,ok,,47cdbd50a8
e0b660d56bc750ea7200caf510f8bc49f632761d,base,edit,3,7,2300.2823,533.4398,0.0001,153.191,758.073,741,ok,,47cdbd50a8
e0b660d56bc750ea7200caf510f8bc49f632761d,base,edit,4,8,2575.0289,364.0022,0.0001,209.867,1030.224,806,ok,,47cdbd50a8
e0b660d56bc750ea7200caf510f8bc49f632761d,head,edit,0,1,2448.8611,279.5,0.0001,158.679,1088.5,676,outlier,lcpObs,47cdbd50a8
e0b660d56bc750ea7200caf510f8bc49f632761d,head,edit,1,2,2500.789,303.0,0.0001,188.124,646.875,839,outlier,inp,47cdbd50a8
e0b660d56bc750ea7200caf510f8bc49f632761d,head,edit,2,5,2484.7228,331.8016,0.0001,170.503,923.069,822,ok,,47cdbd50a8
e0b660d56bc750ea7200caf510f8bc49f632761d,head,edit,3,6,2545.3012,381.5,0.0001,164.715,1480.733,886,outlier,lcpObs,47cdbd50a8
e0b660d56bc750ea7200caf510f8bc49f632761d,head,edit,4,9,2475.251,313.0,0.0001,166.428,646.09,828,ok,,47cdbd50a8
c20996488d32f998fef5400811b2ced76f2c30ac,base,edit,0,0,2466.5494,306.4321,0.0001,130.499,323.783,842,ok,,47cdbd50a8
c20996488d32f998fef5400811b2ced76f2c30ac,base,edit,1,3,2480.982,111.3533,0.0001,193.508,582.509,812,outlier,tbt,47cdbd50a8
c20996488d32f998fef5400811b2ced76f2c30ac,base,edit,2,4,2447.0562,282.8505,0.0001,185.297,670.122,698,ok,,47cdbd50a8
c20996488d32f998fef5400811b2ced76f2c30ac,base,edit,3,7,2533.0585,338.5,0.0001,142.851,500.16,754,ok,,47cdbd50a8
c20996488d32f998fef5400811b2ced76f2c30ac,base,edit,4,8,2467.8497,117.6191,0.0001,120.963,173.697,694,outlier,tbt;tbtFlow,47cdbd50a8
c20996488d32f998fef5400811b2ced76f2c30ac,base,edit,5,11,2253.7789,448.8417,0.0001,158.836,557.193,660,outlier,lcp;tbt,47cdbd50a8
c20996488d32f998fef5400811b2ced76f2c30ac,base,edit,6,12,2471.6946,296.5,0.0001,161.162,528.678,813,ok,,47cdbd50a8
c20996488d32f998fef5400811b2ced76f2c30ac,base,edit,7,15,2515.748,296.2342,0.0001,165.671,895.226,834,ok,,47cdbd50a8
c20996488d32f998fef5400811b2ced76f2c30ac,base,edit,8,16,2428.8793,274.7586,0.0001,183.576,1205.722,766,outlier,tbtFlow,47cdbd50a8
c20996488d32f998fef5400811b2ced76f2c30ac,base,edit,9,19,2474.1165,285.8297,0.0001,161.577,659.242,811,ok,,47cdbd50a8
c20996488d32f998fef5400811b2ced76f2c30ac,base,edit,10,20,2459.6114,298,0.0001,153.762,594.606,689,ok,,47cdbd50a8
c20996488d32f998fef5400811b2ced76f2c30ac,base,edit,11,23,2461.7041,288,0.0001,175.366,1050.536,782,outlier,tbtFlow,47cdbd50a8
c20996488d32f998fef5400811b2ced76f2c30ac,base,edit,12,24,2515.6167,332,0.0001,150.269,623.103,820,ok,,47cdbd50a8
c20996488d32f998fef5400811b2ced76f2c30ac,base,edit,13,27,2440.811,274.3701,0.0001,184.311,1079.791,671,outlier,tbtFlow,47cdbd50a8
c20996488d32f998fef5400811b2ced76f2c30ac,base,edit,14,28,2510.5935,313.8638,0.0001,150.22,591.699,846,ok,,47cdbd50a8
c20996488d32f998fef5400811b2ced76f2c30ac,head,edit,0,1,2246.8014,467.2766,0.0001,178.759,675.579,706,outlier,lcp;tbt,47cdbd50a8
c20996488d32f998fef5400811b2ced76f2c30ac,head,edit,1,2,2465.4647,296.5,0.0001,163.578,1294.069,803,ok,,47cdbd50a8
c20996488d32f998fef5400811b2ced76f2c30ac,head,edit,2,5,2483.8164,302.4859,0.0001,190.891,632.441,689,ok,,47cdbd50a8
c20996488d32f998fef5400811b2ced76f2c30ac,head,edit,3,6,2573.4704,315,0.0001,150.633,1023.701,818,ok,,47cdbd50a8
c20996488d32f998fef5400811b2ced76f2c30ac,head,edit,4,9,2608.2266,375,0.0001,181.875,1907.912,742,outlier,tbtFlow,47cdbd50a8
c20996488d32f998fef5400811b2ced76f2c30ac,head,edit,5,10,2448.4894,284.5,0.0001,152.339,456.536,707,ok,,47cdbd50a8
c20996488d32f998fef5400811b2ced76f2c30ac,head,edit,6,13,2632.9745,335,0.0001,232.823,1333.618,885,outlier,lcpObs,47cdbd50a8
c20996488d32f998fef5400811b2ced76f2c30ac,head,edit,7,14,2482.2442,324.5,0.0001,169.359,375.973,705,ok,,47cdbd50a8
c20996488d32f998fef5400811b2ced76f2c30ac,head,edit,8,17,2504.6206,116.1687,0.0001,154.216,676.499,828,outlier,tbt,47cdbd50a8
c20996488d32f998fef5400811b2ced76f2c30ac,head,edit,9,18,2464.1791,288.4056,0.0001,177.023,544.224,811,ok,,47cdbd50a8
c20996488d32f998fef5400811b2ced76f2c30ac,head,edit,10,21,2235.2456,454.6349,0.0001,212.706,768.549,660,outlier,lcp;tbt,47cdbd50a8
c20996488d32f998fef5400811b2ced76f2c30ac,head,edit,11,22,2267.2435,525.6548,0.0001,164.766,491.349,701,outlier,lcp;tbt,47cdbd50a8
c20996488d32f998fef5400811b2ced76f2c30ac,head,edit,12,25,2473.8895,293.5278,0.0001,183.707,556.005,823,ok,,47cdbd50a8
c20996488d32f998fef5400811b2ced76f2c30ac,head,edit,13,26,2315.3443,522.8317,0.0001,151.809,1325.651,718,outlier,tbt,47cdbd50a8
c20996488d32f998fef5400811b2ced76f2c30ac,head,edit,14,29,2450.809,294.5,0.0001,179.268,1077.599,685,ok,,47cdbd50a8
51b187be6af22449b742b5d790e4d0e3d7727cfb,base,edit,0,0,2422.9024,260,0.0001,155.695,606.115,651,outlier,lcpObs,47cdbd50a8
51b187be6af22449b742b5d790e4d0e3d7727cfb,base,edit,1,3,2422.7634,255.2331,0.0001,169.41,1201.968,759,outlier,tbtFlow,47cdbd50a8
51b187be6af22449b742b5d790e4d0e3d7727cfb,base,edit,2,4,2245.4217,459.1596,0.0001,144.594,451.133,774,outlier,lcp;tbt,47cdbd50a8
51b187be6af22449b742b5d790e4d0e3d7727cfb,base,edit,3,7,2495.2059,325,0.0001,156.294,702.285,819,ok,,47cdbd50a8
51b187be6af22449b742b5d790e4d0e3d7727cfb,base,edit,4,8,2436.5795,273,0.0001,171.097,598.349,770,ok,,47cdbd50a8
51b187be6af22449b742b5d790e4d0e3d7727cfb,head,edit,0,1,2418.0882,266.2376,0.0001,178,1505.379,671,outlier,tbtFlow;lcpObs,47cdbd50a8
51b187be6af22449b742b5d790e4d0e3d7727cfb,head,edit,1,2,2516.3965,324.5283,0.0001,163.724,489.71,833,ok,,47cdbd50a8
51b187be6af22449b742b5d790e4d0e3d7727cfb,head,edit,2,5,2509.2129,330.8671,0.0001,162.695,883.916,820,ok,,47cdbd50a8
51b187be6af22449b742b5d790e4d0e3d7727cfb,head,edit,3,6,2531.8277,287.5,0.0001,143.745,627.368,851,ok,,47cdbd50a8
51b187be6af22449b742b5d790e4d0e3d7727cfb,head,edit,4,9,2451.9391,296.5,0.0001,156.632,598.21,792,ok,,47cdbd50a8
e29170a1aa397ff2ad253315cecedeca54a6eb07,base,edit,0,0,2526.0395,341,0.0001,160.843,476.853,843,ok,,47cdbd50a8
e29170a1aa397ff2ad253315cecedeca54a6eb07,base,edit,1,3,2445.2125,277.0,0.0001,152.673,507.917,805,ok,,47cdbd50a8
e29170a1aa397ff2ad253315cecedeca54a6eb07,base,edit,2,4,2441.2473,274.9421,0.0001,151.003,669.665,656,ok,,47cdbd50a8
e29170a1aa397ff2ad253315cecedeca54a6eb07,base,edit,3,7,2488.512,304.0,0.0001,199.119,1160.194,825,ok,,47cdbd50a8
e29170a1aa397ff2ad253315cecedeca54a6eb07,base,edit,4,8,2475.5873,313.5,0.0001,198.241,1266.704,726,ok,,47cdbd50a8
e29170a1aa397ff2ad253315cecedeca54a6eb07,base,edit,5,11,2494.4876,271.593,0.0001,177.503,1583.24,809,ok,,47cdbd50a8
e29170a1aa397ff2ad253315cecedeca54a6eb07,base,edit,6,12,2446.5551,278.8689,0.0001,179.65,1442.834,805,ok,,47cdbd50a8
e29170a1aa397ff2ad253315cecedeca54a6eb07,base,edit,7,15,2469.7613,294.6739,0.0001,150.872,989.095,699,ok,,47cdbd50a8
e29170a1aa397ff2ad253315cecedeca54a6eb07,base,edit,8,16,2487.4099,299.8864,0.0001,165.175,1109.839,816,ok,,47cdbd50a8
e29170a1aa397ff2ad253315cecedeca54a6eb07,base,edit,9,19,2485.7979,301,0.0001,154.035,557.615,798,ok,,47cdbd50a8
e29170a1aa397ff2ad253315cecedeca54a6eb07,base,edit,10,20,2272.4022,492.9306,0.0001,142.212,638.476,719,outlier,lcp;tbt,47cdbd50a8
e29170a1aa397ff2ad253315cecedeca54a6eb07,base,edit,11,23,2446.7331,283.0166,0.0001,134.217,440.022,793,ok,,47cdbd50a8
e29170a1aa397ff2ad253315cecedeca54a6eb07,base,edit,12,24,2432.7457,271,0.0001,167.348,534.175,778,ok,,47cdbd50a8
e29170a1aa397ff2ad253315cecedeca54a6eb07,base,edit,13,27,2443.6918,289.0,0.0001,165.518,482.622,683,ok,,47cdbd50a8
e29170a1aa397ff2ad253315cecedeca54a6eb07,base,edit,14,28,2449.0774,283.0,0.0001,192.941,1201.659,689,ok,,47cdbd50a8
e29170a1aa397ff2ad253315cecedeca54a6eb07,head,edit,0,1,2540.912,325.396,0.0001,161.219,381.118,810,ok,,9278841dd3
e29170a1aa397ff2ad253315cecedeca54a6eb07,head,edit,1,2,2475.216,300.5551,0.0001,178.625,561.271,671,ok,,47cdbd50a8
e29170a1aa397ff2ad253315cecedeca54a6eb07,head,edit,2,5,2520.4839,328.5,0.0001,171.704,546.976,838,ok,,9278841dd3
e29170a1aa397ff2ad253315cecedeca54a6eb07,head,edit,3,6,2562.494,345.3924,0.0001,153.934,1305.11,841,ok,,9278841dd3
e29170a1aa397ff2ad253315cecedeca54a6eb07,head,edit,4,9,2537.5126,308.8342,0.0001,206.019,482.201,693,ok,,47cdbd50a8
e29170a1aa397ff2ad253315cecedeca54a6eb07,head,edit,5,10,2616.8611,356,0.0001,199.041,1260.954,823,ok,,9278841dd3
e29170a1aa397ff2ad253315cecedeca54a6eb07,head,edit,6,13,2501.2263,317.402,0.0001,140.334,323.339,687,ok,,47cdbd50a8
e29170a1aa397ff2ad253315cecedeca54a6eb07,head,edit,7,14,2589.5475,373.0,0.0001,170.821,851.911,836,ok,,9278841dd3
e29170a1aa397ff2ad253315cecedeca54a6eb07,head,edit,8,17,2322.5794,499.2631,0.0001,176.679,614.275,688,outlier,lcp;tbt,47cdbd50a8
e29170a1aa397ff2ad253315cecedeca54a6eb07,head,edit,9,18,2557.0389,350.7722,0.0001,178.745,570.654,837,ok,,9278841dd3
e29170a1aa397ff2ad253315cecedeca54a6eb07,head,edit,10,21,2663.7164,396.1322,0.0001,129.278,267.433,954,ok,,9278841dd3
e29170a1aa397ff2ad253315cecedeca54a6eb07,head,edit,11,22,2482.0086,307.5,0.0001,182.42,569.674,656,ok,,47cdbd50a8
e29170a1aa397ff2ad253315cecedeca54a6eb07,head,edit,12,25,2501.7727,316.2517,0.0001,156.616,474.751,666,ok,,47cdbd50a8
e29170a1aa397ff2ad253315cecedeca54a6eb07,head,edit,13,26,2500.0401,324.7171,0.0001,171.554,389.696,792,ok,,47cdbd50a8
e29170a1aa397ff2ad253315cecedeca54a6eb07,head,edit,14,29,2339.8654,555.6361,0.0001,173.05,1304.063,688,outlier,lcp;tbt,47cdbd50a8
d92c1e5e4c20d866345dd4f9dae27de2a6e3812f,base,edit,0,0,2489.715,324.11,0.0001,132.647,764.499,830,outlier,inp,9278841dd3
d92c1e5e4c20d866345dd4f9dae27de2a6e3812f,base,edit,1,3,2319.5021,489.2689,0.0001,121.609,211.257,665,outlier,lcp;tbt;inp,47cdbd50a8
d92c1e5e4c20d866345dd4f9dae27de2a6e3812f,base,edit,2,4,2515.6804,325.4772,0.0001,177.267,1017.734,795,ok,,47cdbd50a8
d92c1e5e4c20d866345dd4f9dae27de2a6e3812f,base,edit,3,7,2509.0814,333,0.0001,178.917,1425.746,803,ok,,47cdbd50a8
d92c1e5e4c20d866345dd4f9dae27de2a6e3812f,base,edit,4,8,2508.7947,308,0.0001,171.238,591.4,677,ok,,47cdbd50a8
d92c1e5e4c20d866345dd4f9dae27de2a6e3812f,head,edit,0,1,2350.3743,506,0.0001,163.556,1223.817,812,ok,,47cdbd50a8
d92c1e5e4c20d866345dd4f9dae27de2a6e3812f,head,edit,1,2,2519.8607,321.4186,0.0001,134.908,485.779,786,outlier,tbtFlow,9278841dd3
d92c1e5e4c20d866345dd4f9dae27de2a6e3812f,head,edit,2,5,2334.3277,465.8805,0.0001,199.821,1310.267,670,ok,,47cdbd50a8
d92c1e5e4c20d866345dd4f9dae27de2a6e3812f,head,edit,3,6,2522.069,285.2361,0.0001,166.06,577.866,678,outlier,tbtFlow,47cdbd50a8
d92c1e5e4c20d866345dd4f9dae27de2a6e3812f,head,edit,4,9,2593.0596,349.3892,0.0001,210.254,1195.986,813,ok,,9278841dd3
e0cbcd21a8b473fd2151ce49c242724e22957ea7,base,edit,0,0,2322.5237,461.2109,0.0001,126.604,471.358,745,ok,,47cdbd50a8
e0cbcd21a8b473fd2151ce49c242724e22957ea7,base,edit,1,3,2350.5087,497.9975,0.0001,160.774,455.635,791,ok,,9278841dd3
e0cbcd21a8b473fd2151ce49c242724e22957ea7,base,edit,2,4,2342.1715,505.2378,0.0001,171.972,475.772,788,ok,,47cdbd50a8
e0cbcd21a8b473fd2151ce49c242724e22957ea7,base,edit,3,7,2520.2224,165.2479,0.0001,154.868,603.61,797,outlier,lcp;tbt;tbtFlow,9278841dd3
e0cbcd21a8b473fd2151ce49c242724e22957ea7,base,edit,4,8,2608.0916,322.2936,0.0001,213.254,654.832,814,outlier,lcp;inp;tbtFlow,9278841dd3
e0cbcd21a8b473fd2151ce49c242724e22957ea7,head,edit,0,1,2536.1957,310,0.0001,132.583,281.223,769,outlier,tbtFlow,47cdbd50a8
e0cbcd21a8b473fd2151ce49c242724e22957ea7,head,edit,1,2,2519.3094,296.8993,0.0001,147.357,573.609,799,ok,,9278841dd3
e0cbcd21a8b473fd2151ce49c242724e22957ea7,head,edit,2,5,2356.9977,524.9644,0.0001,148.091,579.615,795,outlier,lcp;tbt,9278841dd3
e0cbcd21a8b473fd2151ce49c242724e22957ea7,head,edit,3,6,2569.3914,334.3447,0.0001,163.705,534.197,805,ok,,9278841dd3
e0cbcd21a8b473fd2151ce49c242724e22957ea7,head,edit,4,9,2556.484,303.268,0.0001,159.04,428.604,678,outlier,lcpObs,47cdbd50a8
fe428c7ceabf12fe69acd0cf06573f2fad0fa949,base,edit,0,0,2339.1865,530.7164,0.0001,156.794,397.647,705,outlier,lcpObs,47cdbd50a8
fe428c7ceabf12fe69acd0cf06573f2fad0fa949,base,edit,1,3,2364.0335,532.3436,0.0001,151.165,556.965,846,ok,,9278841dd3
fe428c7ceabf12fe69acd0cf06573f2fad0fa949,base,edit,2,4,2347.5335,527.2095,0.0001,157.694,486.397,784,ok,,47cdbd50a8
fe428c7ceabf12fe69acd0cf06573f2fad0fa949,base,edit,3,7,2612.3361,334,0.0001,154.181,531.264,801,outlier,lcp;tbt,47cdbd50a8
fe428c7ceabf12fe69acd0cf06573f2fad0fa949,base,edit,4,8,2351.2782,502.3174,0.0001,143.728,847.269,774,outlier,tbtFlow,47cdbd50a8
fe428c7ceabf12fe69acd0cf06573f2fad0fa949,head,edit,0,1,2529.6771,307.5,0.0001,155.755,850.782,688,outlier,lcpObs,47cdbd50a8
fe428c7ceabf12fe69acd0cf06573f2fad0fa949,head,edit,1,2,2556.2928,317.2082,0.0001,155.372,587.492,822,ok,,9278841dd3
fe428c7ceabf12fe69acd0cf06573f2fad0fa949,head,edit,2,5,2675.6846,350.6255,0.0001,147.946,483.956,818,ok,,9278841dd3
fe428c7ceabf12fe69acd0cf06573f2fad0fa949,head,edit,3,6,2352.7729,530.9196,0.0001,132.636,578.168,694,outlier,lcp;tbt;lcpObs,47cdbd50a8
fe428c7ceabf12fe69acd0cf06573f2fad0fa949,head,edit,4,9,2582.2751,334.5,0.0001,139.758,383.815,804,ok,,47cdbd50a8
9288094c30161331463f135b1e29583573ff09c0,base,edit,0,0,2551.7546,324.0378,0.0001,155.946,766.084,795,ok,,9278841dd3
9288094c30161331463f135b1e29583573ff09c0,base,edit,1,3,2681.73,345.1331,0.0001,146.066,462.731,858,outlier,lcpObs,9278841dd3
9288094c30161331463f135b1e29583573ff09c0,base,edit,2,4,2350.8658,597.2335,0.0001,175.505,1026.234,836,outlier,tbt;tbtFlow,9278841dd3
9288094c30161331463f135b1e29583573ff09c0,base,edit,3,7,2570.0227,322.5,0.0001,167.307,704.621,796,ok,,47cdbd50a8
9288094c30161331463f135b1e29583573ff09c0,base,edit,4,8,2344.0909,507.9546,0.0001,186.749,708.248,798,outlier,tbt,9278841dd3
9288094c30161331463f135b1e29583573ff09c0,head,edit,0,1,2595.3439,358.5223,0.0001,197.783,945.503,833,ok,,9278841dd3
9288094c30161331463f135b1e29583573ff09c0,head,edit,1,2,2346.8191,576.7168,0.0001,153.925,396.876,704,ok,,47cdbd50a8
9288094c30161331463f135b1e29583573ff09c0,head,edit,2,5,2515.8531,289.0819,0.0001,173.383,1030.968,790,outlier,tbt;tbtFlow,9278841dd3
9288094c30161331463f135b1e29583573ff09c0,head,edit,3,6,2403.4666,595.5436,0.0001,137.582,468.65,814,ok,,9278841dd3
9288094c30161331463f135b1e29583573ff09c0,head,edit,4,9,2360.5796,541.9939,0.0001,154.116,505.867,692,ok,,47cdbd50a8
c677afc04af6fa5734fe351aca8059d6e6392310,base,edit,0,0,2654.4952,340.8854,0.0001,122.049,269.764,883,ok,,9278841dd3
c677afc04af6fa5734fe351aca8059d6e6392310,base,edit,1,3,2598.1598,292.2046,0.0001,139.826,511.688,784,ok,,9278841dd3
c677afc04af6fa5734fe351aca8059d6e6392310,base,edit,2,4,2337.6634,493.872,0.0001,143.01,575.341,658,ok,,47cdbd50a8
c677afc04af6fa5734fe351aca8059d6e6392310,base,edit,3,7,2326.6281,509.1726,0.0001,161.93,408.033,680,ok,,47cdbd50a8
c677afc04af6fa5734fe351aca8059d6e6392310,base,edit,4,8,2555.7306,306.0,0.0001,177.717,780.377,783,ok,,47cdbd50a8
c677afc04af6fa5734fe351aca8059d6e6392310,head,edit,0,1,2563.4311,324.5,0.0001,138.077,595.54,802,outlier,lcp;tbt,47cdbd50a8
c677afc04af6fa5734fe351aca8059d6e6392310,head,edit,1,2,2360.705,475.5,0.0001,151.341,469.496,664,ok,,47cdbd50a8
c677afc04af6fa5734fe351aca8059d6e6392310,head,edit,2,5,2346.8812,516.9762,0.0001,157.97,395.041,708,ok,,47cdbd50a8
c677afc04af6fa5734fe351aca8059d6e6392310,head,edit,3,6,2335.9292,514.8516,0.0001,181.935,1224.168,774,outlier,tbtFlow,9278841dd3
c677afc04af6fa5734fe351aca8059d6e6392310,head,edit,4,9,2363.6633,513.5481,0.0001,144.087,412.362,822,ok,,9278841dd3
66b4a427b77ee75aedb7c4ed194dd98466180f2b,base,edit,0,0,2525.4488,284.642,0.0001,169.479,564.326,701,ok,,47cdbd50a8
66b4a427b77ee75aedb7c4ed194dd98466180f2b,base,edit,1,3,2589.4878,340.1777,0.0001,173.489,1048.223,819,ok,,47cdbd50a8
66b4a427b77ee75aedb7c4ed194dd98466180f2b,base,edit,2,4,2338.7353,530.1261,0.0001,158.448,458.563,800,ok,,47cdbd50a8
66b4a427b77ee75aedb7c4ed194dd98466180f2b,base,edit,3,7,2411.3043,477.514,0.0001,133.42,868.292,797,ok,,47cdbd50a8
66b4a427b77ee75aedb7c4ed194dd98466180f2b,base,edit,4,8,2539.7087,292.6699,0.0001,129.22,328.799,687,ok,,47cdbd50a8
66b4a427b77ee75aedb7c4ed194dd98466180f2b,base,edit,5,11,2334.0584,472.5,0.0001,149.413,577.897,674,ok,,47cdbd50a8
66b4a427b77ee75aedb7c4ed194dd98466180f2b,base,edit,6,12,2522.3353,301.8447,0.0001,143.465,572.301,668,ok,,47cdbd50a8
66b4a427b77ee75aedb7c4ed194dd98466180f2b,base,edit,7,15,2374.8749,537.0865,0.0001,140.847,441.679,687,ok,,47cdbd50a8
66b4a427b77ee75aedb7c4ed194dd98466180f2b,base,edit,8,16,2657.567,378,0.0001,152.131,504.883,853,ok,,47cdbd50a8
66b4a427b77ee75aedb7c4ed194dd98466180f2b,base,edit,9,19,2588.717,334.7359,0.0001,179.552,410.32,829,ok,,9278841dd3
66b4a427b77ee75aedb7c4ed194dd98466180f2b,base,edit,10,20,2365.1371,525.1328,0.0001,167.903,660.206,824,ok,,9278841dd3
66b4a427b77ee75aedb7c4ed194dd98466180f2b,base,edit,11,23,2546.015,297.6439,0.0001,141.154,643.68,794,ok,,47cdbd50a8
66b4a427b77ee75aedb7c4ed194dd98466180f2b,base,edit,12,24,2598.537,325,0.0001,142.737,946.259,812,ok,,9278841dd3
66b4a427b77ee75aedb7c4ed194dd98466180f2b,base,edit,13,27,2365.8743,496.2116,0.0001,157.761,671.26,674,ok,,47cdbd50a8
66b4a427b77ee75aedb7c4ed194dd98466180f2b,base,edit,14,28,2323.2285,517.5225,0.0001,173.708,906.618,793,ok,,47cdbd50a8
66b4a427b77ee75aedb7c4ed194dd98466180f2b,head,edit,0,1,2553.2115,329.5,0.0001,148.418,415.327,797,ok,,47cdbd50a8
66b4a427b77ee75aedb7c4ed194dd98466180f2b,head,edit,1,2,2696.1177,384.3371,0.0001,128.481,449.516,840,ok,,9278841dd3
66b4a427b77ee75aedb7c4ed194dd98466180f2b,head,edit,2,5,2607.7118,300.0828,0.0001,123.774,319.967,794,ok,,9278841dd3
66b4a427b77ee75aedb7c4ed194dd98466180f2b,head,edit,3,6,2511.2867,293.2528,0.0001,155.774,713.55,643,outlier,lcpObs,47cdbd50a8
66b4a427b77ee75aedb7c4ed194dd98466180f2b,head,edit,4,9,2632.9575,313.1989,0.0001,156.087,500.82,805,ok,,9278841dd3
66b4a427b77ee75aedb7c4ed194dd98466180f2b,head,edit,5,10,2521.9857,299.5,0.0001,153.187,487.489,783,ok,,47cdbd50a8
66b4a427b77ee75aedb7c4ed194dd98466180f2b,head,edit,6,13,2614.1047,326.0,0.0001,166.064,529.363,809,ok,,9278841dd3
66b4a427b77ee75aedb7c4ed194dd98466180f2b,head,edit,7,14,2640.7173,348.0552,0.0001,143.128,631.256,733,ok,,47cdbd50a8
66b4a427b77ee75aedb7c4ed194dd98466180f2b,head,edit,8,17,2378.6068,632.2552,0.0001,121.6,464.607,847,outlier,tbt,47cdbd50a8
66b4a427b77ee75aedb7c4ed194dd98466180f2b,head,edit,9,18,2568.1487,343.0965,0.0001,154.964,916.526,868,ok,,9278841dd3
66b4a427b77ee75aedb7c4ed194dd98466180f2b,head,edit,10,21,2339.8425,476.6275,0.0001,123.707,234.492,690,outlier,tbt;lcpObs,47cdbd50a8
66b4a427b77ee75aedb7c4ed194dd98466180f2b,head,edit,11,22,2521.1608,315.7627,0.0001,121.912,393.359,788,ok,,9278841dd3
66b4a427b77ee75aedb7c4ed194dd98466180f2b,head,edit,12,25,2556.1672,319.0,0.0001,154.891,594.099,800,ok,,47cdbd50a8
66b4a427b77ee75aedb7c4ed194dd98466180f2b,head,edit,13,26,2591.6392,339.2585,0.0001,182.146,904.421,851,ok,,9278841dd3
66b4a427b77ee75aedb7c4ed194dd98466180f2b,head,edit,14,29,2366.6909,540.2584,0.0001,165.018,1028.634,801,outlier,tbt;tbtFlow,47cdbd50a8
b5be8ca4fc3033d46abf74f62e33369a20e64cbd,base,edit,0,0,2585.9889,337.4222,0.0001,151.568,375.185,875,ok,,9278841dd3
b5be8ca4fc3033d46abf74f62e33369a20e64cbd,base,edit,1,3,2567.0872,327.4432,0.0001,170.369,451.258,810,ok,,9278841dd3
b5be8ca4fc3033d46abf74f62e33369a20e64cbd,base,edit,2,4,2540.093,303.2209,0.0001,139.527,358.993,809,ok,,9278841dd3
b5be8ca4fc3033d46abf74f62e33369a20e64cbd,base,edit,3,7,2358.9707,497.2164,0.0001,123.722,268.001,805,outlier,lcp;tbt,9278841dd3
b5be8ca4fc3033d46abf74f62e33369a20e64cbd,base,edit,4,8,2533.2841,306.3368,0.0001,152.493,503.566,762,ok,,47cdbd50a8
b5be8ca4fc3033d46abf74f62e33369a20e64cbd,base,edit,5,11,2540.6746,296.8211,0.0001,124.461,348.657,669,outlier,lcpObs,47cdbd50a8
b5be8ca4fc3033d46abf74f62e33369a20e64cbd,base,edit,6,12,2347.1116,502.742,0.0001,129.38,340.08,803,outlier,lcp;tbt,47cdbd50a8
b5be8ca4fc3033d46abf74f62e33369a20e64cbd,base,edit,7,15,2586.6833,348.5,0.0001,201.032,951.642,799,outlier,tbtFlow,47cdbd50a8
b5be8ca4fc3033d46abf74f62e33369a20e64cbd,base,edit,8,16,2562.3012,335.0,0.0001,160.992,747.057,700,ok,,47cdbd50a8
b5be8ca4fc3033d46abf74f62e33369a20e64cbd,base,edit,9,19,2537.966,292.5,0.0001,152.7,467.313,775,ok,,47cdbd50a8
b5be8ca4fc3033d46abf74f62e33369a20e64cbd,base,edit,10,20,2525.0393,279.36,0.0001,195.629,1067.065,787,outlier,tbtFlow,47cdbd50a8
b5be8ca4fc3033d46abf74f62e33369a20e64cbd,base,edit,11,23,2543.4168,331,0.0001,166.935,385.837,779,ok,,47cdbd50a8
b5be8ca4fc3033d46abf74f62e33369a20e64cbd,base,edit,12,24,2516.8454,290.2189,0.0001,153.345,513.176,668,outlier,lcpObs,47cdbd50a8
b5be8ca4fc3033d46abf74f62e33369a20e64cbd,base,edit,13,27,2670.428,389.088,0.0001,144.684,473.765,853,outlier,lcp,9278841dd3
b5be8ca4fc3033d46abf74f62e33369a20e64cbd,base,edit,14,28,2680.5106,375.0,0.0001,156.876,497.328,834,outlier,lcp,9278841dd3
b5be8ca4fc3033d46abf74f62e33369a20e64cbd,head,edit,0,1,2338.3699,516.9815,0.0001,137.926,516.663,674,outlier,tbt;lcpObs,47cdbd50a8
b5be8ca4fc3033d46abf74f62e33369a20e64cbd,head,edit,1,2,2337.4988,502.2309,0.0001,143.432,652.188,790,outlier,tbt,9278841dd3
b5be8ca4fc3033d46abf74f62e33369a20e64cbd,head,edit,2,5,2533.3035,320.0,0.0001,128.084,453.004,677,outlier,lcpObs,47cdbd50a8
b5be8ca4fc3033d46abf74f62e33369a20e64cbd,head,edit,3,6,2566.984,336,0.0001,171.238,773.463,768,ok,,47cdbd50a8
b5be8ca4fc3033d46abf74f62e33369a20e64cbd,head,edit,4,9,2568.0962,354.139,0.0001,168.969,979.503,805,ok,,9278841dd3
b5be8ca4fc3033d46abf74f62e33369a20e64cbd,head,edit,5,10,2328.2505,512.0,0.0001,124.754,145.214,821,outlier,lcp;tbt,9278841dd3
b5be8ca4fc3033d46abf74f62e33369a20e64cbd,head,edit,6,13,2550.918,321.5,0.0001,141.376,561.908,797,ok,,47cdbd50a8
b5be8ca4fc3033d46abf74f62e33369a20e64cbd,head,edit,7,14,2462.979,670.5015,0.0001,171.231,475.2,902,outlier,tbt,9278841dd3
b5be8ca4fc3033d46abf74f62e33369a20e64cbd,head,edit,8,17,2506.9414,600.3122,0.0001,153.68,566.261,838,outlier,tbt,9278841dd3
b5be8ca4fc3033d46abf74f62e33369a20e64cbd,head,edit,9,18,2569.1635,322.5,0.0001,157.397,604.39,801,ok,,47cdbd50a8
b5be8ca4fc3033d46abf74f62e33369a20e64cbd,head,edit,10,21,2547.8293,325.5,0.0001,165.092,929.06,676,outlier,lcpObs,47cdbd50a8
b5be8ca4fc3033d46abf74f62e33369a20e64cbd,head,edit,11,22,2568.9796,334,0.0001,162.584,1099.74,821,outlier,tbtFlow,47cdbd50a8
b5be8ca4fc3033d46abf74f62e33369a20e64cbd,head,edit,12,25,2336.8767,445.2597,0.0001,139.982,381.321,658,outlier,lcpObs,47cdbd50a8
b5be8ca4fc3033d46abf74f62e33369a20e64cbd,head,edit,13,26,2524.4377,302.7544,0.0001,156.689,436.425,801,ok,,9278841dd3
b5be8ca4fc3033d46abf74f62e33369a20e64cbd,head,edit,14,29,2525.0318,308.0,0.0001,139.092,527.235,773,ok,,47cdbd50a8
18cd3c45915347bbc8793c0ce30f0285111534eb,base,edit,0,0,2336.6977,494.4718,0.0001,158.393,634.158,773,ok,,47cdbd50a8
18cd3c45915347bbc8793c0ce30f0285111534eb,base,edit,1,3,2346.1474,484.3109,0.0001,154.75,355.904,820,ok,,47cdbd50a8
18cd3c45915347bbc8793c0ce30f0285111534eb,base,edit,2,4,2546.7864,310.8776,0.0001,139.215,516.596,813,outlier,lcp,9278841dd3
18cd3c45915347bbc8793c0ce30f0285111534eb,base,edit,3,7,2335.5624,500.1339,0.0001,176.359,623.154,781,ok,,47cdbd50a8
18cd3c45915347bbc8793c0ce30f0285111534eb,base,edit,4,8,2353.5819,559.5,0.0001,166.26,1110.149,811,ok,,9278841dd3
18cd3c45915347bbc8793c0ce30f0285111534eb,base,edit,5,11,2546.8996,330.4308,0.0001,159.854,598.406,805,outlier,lcp,47cdbd50a8
18cd3c45915347bbc8793c0ce30f0285111534eb,base,edit,6,12,2340.3225,500.0906,0.0001,204.514,909.801,796,ok,,9278841dd3
18cd3c45915347bbc8793c0ce30f0285111534eb,base,edit,7,15,2364.6756,630,0.0001,199.714,534.946,846,ok,,47cdbd50a8
18cd3c45915347bbc8793c0ce30f0285111534eb,base,edit,8,16,2569.4047,343.6361,0.0001,153.825,834.579,818,outlier,lcp,9278841dd3
18cd3c45915347bbc8793c0ce30f0285111534eb,base,edit,9,19,2340.8829,515.7873,0.0001,143.189,683.358,673,outlier,lcpObs,47cdbd50a8
18cd3c45915347bbc8793c0ce30f0285111534eb,base,edit,10,20,2397.162,526.6029,0.0001,155.701,428.114,840,ok,,9278841dd3
18cd3c45915347bbc8793c0ce30f0285111534eb,base,edit,11,23,2455.2512,574.9614,0.0001,164.307,769.158,835,ok,,9278841dd3
18cd3c45915347bbc8793c0ce30f0285111534eb,base,edit,12,24,2403.3659,675.2974,0.0001,181.009,634.702,931,outlier,lcpObs,47cdbd50a8
18cd3c45915347bbc8793c0ce30f0285111534eb,base,edit,13,27,2593.4708,319,0.0001,141.029,328.447,716,outlier,lcp,47cdbd50a8
18cd3c45915347bbc8793c0ce30f0285111534eb,base,edit,14,28,2345.8764,485.6534,0.0001,179.464,708.981,788,ok,,47cdbd50a8
18cd3c45915347bbc8793c0ce30f0285111534eb,head,edit,0,1,2348.3804,491,0.0001,184.029,1026.913,777,outlier,tbtFlow,47cdbd50a8
18cd3c45915347bbc8793c0ce30f0285111534eb,head,edit,1,2,2373.3073,547.4379,0.0001,144.981,335.056,811,ok,,9278841dd3
18cd3c45915347bbc8793c0ce30f0285111534eb,head,edit,2,5,2599.7862,354.5,0.0001,196.138,638.026,703,ok,,47cdbd50a8
18cd3c45915347bbc8793c0ce30f0285111534eb,head,edit,3,6,2578.7997,317.4,0.0001,125.501,130.12,827,ok,,9278841dd3
18cd3c45915347bbc8793c0ce30f0285111534eb,head,edit,4,9,2570.2011,350.3767,0.0001,127.41,443.816,796,ok,,9278841dd3
18cd3c45915347bbc8793c0ce30f0285111534eb,head,edit,5,10,2324.7902,548.6014,0.0001,141.131,378.982,815,ok,,9278841dd3
18cd3c45915347bbc8793c0ce30f0285111534eb,head,edit,6,13,2376.7967,537.8148,0.0001,123.642,291.132,872,ok,,9278841dd3
18cd3c45915347bbc8793c0ce30f0285111534eb,head,edit,7,14,2365.5509,509.3038,0.0001,157.387,560.708,691,ok,,47cdbd50a8
18cd3c45915347bbc8793c0ce30f0285111534eb,head,edit,8,17,2540.1339,339.4477,0.0001,176.498,543.262,797,ok,,
18cd3c45915347bbc8793c0ce30f0285111534eb,head,edit,9,18,2365.4793,587.1939,0.0001,173.73,551.172,719,ok,,47cdbd50a8
18cd3c45915347bbc8793c0ce30f0285111534eb,head,edit,10,21,2366.7381,566.8864,0.0001,135.878,628.895,693,ok,,47cdbd50a8
18cd3c45915347bbc8793c0ce30f0285111534eb,head,edit,11,22,2662.8713,325.6736,0.0001,162.289,464.134,827,ok,,9278841dd3
18cd3c45915347bbc8793c0ce30f0285111534eb,head,edit,12,25,2548.3124,611.9904,0.0001,139.679,453.794,878,ok,,9278841dd3
18cd3c45915347bbc8793c0ce30f0285111534eb,head,edit,13,26,2462.2105,565.7753,0.0001,198.87,731.937,811,ok,,9278841dd3
18cd3c45915347bbc8793c0ce30f0285111534eb,head,edit,14,29,2566.574,329,0.0001,148.224,803.338,659,outlier,lcpObs,47cdbd50a8
1195ea94b37a2f41f9baea9c665230a6a50c467e,base,edit,0,0,2382.8478,607.3963,0.0001,182.119,545.233,893,outlier,inp,9278841dd3
1195ea94b37a2f41f9baea9c665230a6a50c467e,base,edit,1,3,2358.6664,512.3223,0.0001,156.84,519.927,707,outlier,lcpObs,47cdbd50a8
1195ea94b37a2f41f9baea9c665230a6a50c467e,base,edit,2,4,2548.7428,145.4989,0.0001,156.847,405.142,802,outlier,lcp,9278841dd3
1195ea94b37a2f41f9baea9c665230a6a50c467e,base,edit,3,7,2561.6703,320.2979,0.0001,157.9,904.809,841,outlier,lcp;tbtFlow,9278841dd3
1195ea94b37a2f41f9baea9c665230a6a50c467e,base,edit,4,8,2361.729,544.234,0.0001,168.318,477.504,823,ok,,9278841dd3
1195ea94b37a2f41f9baea9c665230a6a50c467e,head,edit,0,1,2553.9691,300.3192,0.0001,162.223,705.708,799,outlier,tbt,47cdbd50a8
1195ea94b37a2f41f9baea9c665230a6a50c467e,head,edit,1,2,2368.6465,558.6934,0.0001,167.539,739.42,800,ok,,47cdbd50a8
1195ea94b37a2f41f9baea9c665230a6a50c467e,head,edit,2,5,2577.5034,338,0.0001,164.909,633.76,797,outlier,tbt,47cdbd50a8
1195ea94b37a2f41f9baea9c665230a6a50c467e,head,edit,3,6,2435.5213,550.7275,0.0001,200.456,1062.528,842,outlier,inp;tbtFlow,9278841dd3
1195ea94b37a2f41f9baea9c665230a6a50c467e,head,edit,4,9,2377.0004,521.6428,0.0001,135.381,526.582,800,outlier,inp,47cdbd50a8
4a8dbfadba2b999074b477bf9e43ceb97dba220a,base,edit,0,0,2356.9083,517.2566,0.0001,151.248,744.204,803,ok,,9278841dd3
4a8dbfadba2b999074b477bf9e43ceb97dba220a,base,edit,1,3,2359.8483,520.9503,0.0001,161.41,861.254,823,ok,,9278841dd3
4a8dbfadba2b999074b477bf9e43ceb97dba220a,base,edit,2,4,2570.6559,325.6405,0.0001,137.337,694.234,807,ok,,9278841dd3
4a8dbfadba2b999074b477bf9e43ceb97dba220a,base,edit,3,7,2561.5972,322.9436,0.0001,202.426,1154.912,859,ok,,9278841dd3
4a8dbfadba2b999074b477bf9e43ceb97dba220a,base,edit,4,8,2515.5284,156.9296,0.0001,138.648,414.147,773,ok,,9278841dd3
4a8dbfadba2b999074b477bf9e43ceb97dba220a,head,edit,0,1,2565.7597,329,0.0001,129.369,420.433,776,ok,,47cdbd50a8
4a8dbfadba2b999074b477bf9e43ceb97dba220a,head,edit,1,2,2549.7715,323,0.0001,165.072,495.539,784,ok,,47cdbd50a8
4a8dbfadba2b999074b477bf9e43ceb97dba220a,head,edit,2,5,2343.7056,505.715,0.0001,189.966,502.68,675,outlier,lcp;tbt,47cdbd50a8
4a8dbfadba2b999074b477bf9e43ceb97dba220a,head,edit,3,6,2568.4315,331.8024,0.0001,172.392,1053.89,695,outlier,tbtFlow,47cdbd50a8
4a8dbfadba2b999074b477bf9e43ceb97dba220a,head,edit,4,9,2388.562,561,0.0001,146.822,533.384,818,outlier,lcp;tbt,9278841dd3
afd5aaaada9119eed001cad490d540c9f5fb270b,base,edit,0,0,2626.1442,359.9505,0.0001,156.092,666.971,856,ok,,9278841dd3
afd5aaaada9119eed001cad490d540c9f5fb270b,base,edit,1,3,2353.39,541.8161,0.0001,181.698,881.571,800,ok,,9278841dd3
afd5aaaada9119eed001cad490d540c9f5fb270b,base,edit,2,4,2537.8766,301.7982,0.0001,178.368,475.587,790,ok,,9278841dd3
afd5aaaada9119eed001cad490d540c9f5fb270b,base,edit,3,7,2374.2381,540.8865,0.0001,201.944,980.8,712,ok,,47cdbd50a8
afd5aaaada9119eed001cad490d540c9f5fb270b,base,edit,4,8,2548.4064,322.0697,0.0001,170.895,438.686,662,ok,,47cdbd50a8
afd5aaaada9119eed001cad490d540c9f5fb270b,head,edit,0,1,2361.1454,559.0546,0.0001,164.577,592.308,677,ok,,47cdbd50a8
afd5aaaada9119eed001cad490d540c9f5fb270b,head,edit,1,2,2429.2599,556.748,0.0001,180.844,428.079,839,ok,,9278841dd3
afd5aaaada9119eed001cad490d540c9f5fb270b,head,edit,2,5,2338.1804,501.6645,0.0001,134.725,334.18,781,ok,,9278841dd3
afd5aaaada9119eed001cad490d540c9f5fb270b,head,edit,3,6,2523.9186,300.304,0.0001,189.583,579.347,844,ok,,9278841dd3
afd5aaaada9119eed001cad490d540c9f5fb270b,head,edit,4,9,2571.832,310,0.0001,174.433,491.653,796,ok,,9278841dd3
631cc43f2b3d0a30985cd921363df90f1895ae63,base,edit,0,0,2515.5762,292.3983,0.0001,151.389,672.299,798,ok,,9278841dd3
631cc43f2b3d0a30985cd921363df90f1895ae63,base,edit,1,3,2655.204,336.2849,0.0001,187.332,737.352,852,ok,,9278841dd3
631cc43f2b3d0a30985cd921363df90f1895ae63,base,edit,2,4,2387.7798,579.0554,0.0001,160.92,525.379,876,ok,,
631cc43f2b3d0a30985cd921363df90f1895ae63,base,edit,3,7,2437.5348,619.2118,0.0001,123.683,374.345,875,ok,,9278841dd3
631cc43f2b3d0a30985cd921363df90f1895ae63,base,edit,4,8,2335.0619,500.8527,0.0001,132.84,377.116,758,ok,,47cdbd50a8
631cc43f2b3d0a30985cd921363df90f1895ae63,head,edit,0,1,2529.0795,320.0,0.0001,266.666,762.407,795,ok,,9278841dd3
631cc43f2b3d0a30985cd921363df90f1895ae63,head,edit,1,2,2500.1599,582.4754,0.0001,173.762,459.578,867,outlier,tbt,9278841dd3
631cc43f2b3d0a30985cd921363df90f1895ae63,head,edit,2,5,2623.4894,302.8838,0.0001,171.399,901.754,812,outlier,tbtFlow,9278841dd3
631cc43f2b3d0a30985cd921363df90f1895ae63,head,edit,3,6,2587.7866,338,0.0001,141.265,381.132,838,ok,,9278841dd3
631cc43f2b3d0a30985cd921363df90f1895ae63,head,edit,4,9,2522.5302,157,0.0001,143.803,400.382,650,outlier,tbt;lcpObs,47cdbd50a8
93d02aadc019152f212d509381f55a21c32719f7,base,edit,0,0,2335.8642,474.5,0.0001,138.071,525.601,634,ok,,47cdbd50a8
93d02aadc019152f212d509381f55a21c32719f7,base,edit,1,3,2511.2132,154.3876,0.0001,144.492,375.856,751,outlier,lcp;tbt,47cdbd50a8
93d02aadc019152f212d509381f55a21c32719f7,base,edit,2,4,2342.6597,503.0,0.0001,140.727,315.157,811,ok,,9278841dd3
93d02aadc019152f212d509381f55a21c32719f7,base,edit,3,7,2353.696,503.8311,0.0001,165.312,1024.849,639,ok,,47cdbd50a8
93d02aadc019152f212d509381f55a21c32719f7,base,edit,4,8,2556.813,795.7354,0.0001,219.958,898.063,1008,outlier,lcp;tbt;inp,9278841dd3
93d02aadc019152f212d509381f55a21c32719f7,head,edit,0,1,2537.5358,324.0,0.0001,137.933,517.508,663,ok,,47cdbd50a8
93d02aadc019152f212d509381f55a21c32719f7,head,edit,1,2,2335.828,498.4531,0.0001,168.951,575.901,769,ok,,47cdbd50a8
93d02aadc019152f212d509381f55a21c32719f7,head,edit,2,5,2505.8623,292.5942,0.0001,125.541,493.616,782,ok,,9278841dd3
93d02aadc019152f212d509381f55a21c32719f7,head,edit,3,6,2570.1645,344.0,0.0001,149.824,725.817,689,ok,,47cdbd50a8
93d02aadc019152f212d509381f55a21c32719f7,head,edit,4,9,2458.221,572.1198,0.0001,143.997,466.399,850,ok,,9278841dd3
097f6f0f34c8a58db3dc0807767b94c14eef4183,base,edit,0,0,2684.6777,422.9119,0.0001,121.546,280.975,894,outlier,lcpObs,9278841dd3
097f6f0f34c8a58db3dc0807767b94c14eef4183,base,edit,1,3,2547.452,319.5,0.0001,139.177,497.228,672,outlier,lcpObs,47cdbd50a8
097f6f0f34c8a58db3dc0807767b94c14eef4183,base,edit,2,4,2446.6515,543.8463,0.0001,144.236,504.64,814,ok,,9278841dd3
097f6f0f34c8a58db3dc0807767b94c14eef4183,base,edit,3,7,2365.5904,520.7018,0.0001,206.389,1284.681,840,outlier,tbtFlow,9278841dd3
097f6f0f34c8a58db3dc0807767b94c14eef4183,base,edit,4,8,2664.7648,366.5,0.0001,182.972,946.657,881,outlier,tbtFlow,9278841dd3
097f6f0f34c8a58db3dc0807767b94c14eef4183,base,edit,5,11,2375.887,542.6241,0.0001,185.022,683.237,815,ok,,9278841dd3
097f6f0f34c8a58db3dc0807767b94c14eef4183,base,edit,6,12,2357.7758,504.2303,0.0001,189.684,501.516,794,ok,,47cdbd50a8
097f6f0f34c8a58db3dc0807767b94c14eef4183,base,edit,7,15,2449.2815,530.9014,0.0001,167.427,474.257,825,ok,,9278841dd3
097f6f0f34c8a58db3dc0807767b94c14eef4183,base,edit,8,16,2614.1807,324.5,0.0001,136.484,535.947,819,ok,,9278841dd3
097f6f0f34c8a58db3dc0807767b94c14eef4183,base,edit,9,19,2382.8144,583.0285,0.0001,139.259,514.598,860,ok,,47cdbd50a8
097f6f0f34c8a58db3dc0807767b94c14eef4183,base,edit,10,20,2342.3381,485.8337,0.0001,143.562,444.101,817,ok,,9278841dd3
097f6f0f34c8a58db3dc0807767b94c14eef4183,base,edit,11,23,2620.946,372.842,0.0001,141.318,436.171,860,ok,,9278841dd3
097f6f0f34c8a58db3dc0807767b94c14eef4183,base,edit,12,24,2552.4656,154.2882,0.0001,223.071,1035.356,810,outlier,tbtFlow,47cdbd50a8
097f6f0f34c8a58db3dc0807767b94c14eef4183,base,edit,13,27,2583.9179,342.2201,0.0001,154.323,610.202,828,ok,,9278841dd3
097f6f0f34c8a58db3dc0807767b94c14eef4183,base,edit,14,28,2428.2317,573.7721,0.0001,172.699,688.578,831,ok,,9278841dd3
097f6f0f34c8a58db3dc0807767b94c14eef4183,head,edit,0,1,2388.6096,734.7139,0.0214,144.131,846.659,702,ok,,47cdbd50a8
097f6f0f34c8a58db3dc0807767b94c14eef4183,head,edit,1,2,2331.8978,588.5926,0.0214,202.769,836.679,845,outlier,lcpObs,47cdbd50a8
097f6f0f34c8a58db3dc0807767b94c14eef4183,head,edit,2,5,2248.8804,622.1722,0.0214,138.399,468.181,617,ok,,47cdbd50a8
097f6f0f34c8a58db3dc0807767b94c14eef4183,head,edit,3,6,2603.6263,399.5,0.0214,136.135,270.126,613,ok,,47cdbd50a8
097f6f0f34c8a58db3dc0807767b94c14eef4183,head,edit,4,9,2427.6333,660.0077,0.0214,160.856,741.686,656,ok,,47cdbd50a8
097f6f0f34c8a58db3dc0807767b94c14eef4183,head,edit,5,10,2451.5963,844.5162,0.0214,139.382,860.925,719,ok,,47cdbd50a8
097f6f0f34c8a58db3dc0807767b94c14eef4183,head,edit,6,13,2590.8292,391.8978,0.0214,202.028,620.49,634,ok,,47cdbd50a8
097f6f0f34c8a58db3dc0807767b94c14eef4183,head,edit,7,14,2464.3765,370,0.0214,167.218,541.912,629,ok,,47cdbd50a8
097f6f0f34c8a58db3dc0807767b94c14eef4183,head,edit,8,17,2380.4414,609.8891,0.0214,195.825,664.502,608,ok,,47cdbd50a8
097f6f0f34c8a58db3dc0807767b94c14eef4183,head,edit,9,18,2616.0344,398.305,0.0214,156.809,732.018,622,ok,,47cdbd50a8
097f6f0f34c8a58db3dc0807767b94c14eef4183,head,edit,10,21,2432.5415,728.5,0.0214,184.774,1065.876,672,ok,,47cdbd50a8
097f6f0f34c8a58db3dc0807767b94c14eef4183,head,edit,11,22,2276.4227,668.2042,0.0214,141.171,429.859,635,ok,,47cdbd50a8
097f6f0f34c8a58db3dc0807767b94c14eef4183,head,edit,12,25,2268.6098,685.5685,0.0214,137.003,857.459,646,ok,,47cdbd50a8
097f6f0f34c8a58db3dc0807767b94c14eef4183,head,edit,13,26,2223.9289,617.3022,0.0214,158.088,944.409,625,ok,,47cdbd50a8
097f6f0f34c8a58db3dc0807767b94c14eef4183,head,edit,14,29,2307.2514,663.229,0.0214,190.314,1088.139,672,ok,,47cdbd50a8
37716245f7086df0802a03bf5c3215583f55dce2,base,edit,0,0,2544.2814,533.2091,0.0214,143.162,298.65,670,ok,,47cdbd50a8
37716245f7086df0802a03bf5c3215583f55dce2,base,edit,1,3,2667.7414,529.6798,0.0214,189.168,1575.785,787,outlier,inp;lcpObs,47cdbd50a8
37716245f7086df0802a03bf5c3215583f55dce2,base,edit,2,4,2512.3829,476.3936,0.0214,257.863,2356.365,651,outlier,inp;tbtFlow,47cdbd50a8
37716245f7086df0802a03bf5c3215583f55dce2,base,edit,3,7,2423.5552,650.5,0.0214,136.436,635.299,644,outlier,tbt,47cdbd50a8
37716245f7086df0802a03bf5c3215583f55dce2,base,edit,4,8,2698.358,510,0.0214,139.872,380.804,920,outlier,lcpObs,47cdbd50a8
37716245f7086df0802a03bf5c3215583f55dce2,head,edit,0,1,2318.9039,687.0,0.0214,138.13,283.127,676,ok,,47cdbd50a8
37716245f7086df0802a03bf5c3215583f55dce2,head,edit,1,2,2280.3764,728.7412,0.0214,152.269,927.739,684,ok,,47cdbd50a8
37716245f7086df0802a03bf5c3215583f55dce2,head,edit,2,5,2452.9137,404.2796,0.0214,169.809,537.878,639,ok,,47cdbd50a8
37716245f7086df0802a03bf5c3215583f55dce2,head,edit,3,6,2748.2525,1001.7489,0.0214,144.719,439.52,871,outlier,lcpObs,47cdbd50a8
37716245f7086df0802a03bf5c3215583f55dce2,head,edit,4,9,2460.3461,341.2455,0.0214,142.354,329.563,617,ok,,47cdbd50a8
a5c4036927cde06bf3790774fffbd73f32142eed,base,edit,0,0,2255.1892,655.5,0.0214,154.851,767.617,638,outlier,tbtFlow,47cdbd50a8
a5c4036927cde06bf3790774fffbd73f32142eed,base,edit,1,3,2308.4749,712.5788,0.0214,130.902,340.543,643,outlier,tbt,47cdbd50a8
a5c4036927cde06bf3790774fffbd73f32142eed,base,edit,2,4,2227.7986,647.3691,0.0214,131.669,376.19,599,ok,,47cdbd50a8
a5c4036927cde06bf3790774fffbd73f32142eed,base,edit,3,7,2480.9322,453.4003,0.0214,143.565,325.208,623,outlier,tbt,47cdbd50a8
a5c4036927cde06bf3790774fffbd73f32142eed,base,edit,4,8,2395.3843,644.9142,0.0214,189.994,500.366,871,outlier,lcpObs,47cdbd50a8
a5c4036927cde06bf3790774fffbd73f32142eed,head,edit,0,1,2499.9734,653.3057,0.0214,187.478,468.263,930,outlier,inp;lcpObs,47cdbd50a8
a5c4036927cde06bf3790774fffbd73f32142eed,head,edit,1,2,2302.7065,684.5,0.0214,137.475,314.112,639,ok,,47cdbd50a8
a5c4036927cde06bf3790774fffbd73f32142eed,head,edit,2,5,2460.7276,409.3734,0.0214,164.065,681.637,622,outlier,tbt;inp,47cdbd50a8
a5c4036927cde06bf3790774fffbd73f32142eed,head,edit,3,6,2224.6606,672.0829,0.0214,135.099,286.113,665,ok,,47cdbd50a8
a5c4036927cde06bf3790774fffbd73f32142eed,head,edit,4,9,2269.3561,660.2349,0.0214,137.975,441.684,642,ok,,47cdbd50a8
8fd44b8d5b6325e010abd830c2072988d7601990,base,edit,0,0,2245.9111,711.5,0.0214,145.977,296.507,656,ok,,47cdbd50a8
8fd44b8d5b6325e010abd830c2072988d7601990,base,edit,1,3,2265.7851,684.0989,0.0214,144.38,281.966,657,ok,,47cdbd50a8
8fd44b8d5b6325e010abd830c2072988d7601990,base,edit,2,4,2447.0685,387,0.0214,145.29,574.794,606,outlier,tbt;tbtFlow;lcpObs,47cdbd50a8
8fd44b8d5b6325e010abd830c2072988d7601990,base,edit,3,7,2286.3294,705,0.0214,138.006,544.068,661,outlier,tbtFlow,47cdbd50a8
8fd44b8d5b6325e010abd830c2072988d7601990,base,edit,4,8,2428.8785,781.0,0.0214,136.72,302.435,935,outlier,lcpObs,47cdbd50a8
8fd44b8d5b6325e010abd830c2072988d7601990,head,edit,0,1,2283.4909,660.0,0.0214,138.852,270.336,635,ok,,47cdbd50a8
8fd44b8d5b6325e010abd830c2072988d7601990,head,edit,1,2,2391.4185,627.5,0.0214,151.505,562.699,625,ok,,47cdbd50a8
8fd44b8d5b6325e010abd830c2072988d7601990,head,edit,2,5,2496.5479,452.5348,0.0214,131.892,249.251,625,outlier,tbt,47cdbd50a8
8fd44b8d5b6325e010abd830c2072988d7601990,head,edit,3,6,2247.5837,645,0.0214,136.226,388.651,618,ok,,47cdbd50a8
8fd44b8d5b6325e010abd830c2072988d7601990,head,edit,4,9,2365.2634,583.3826,0.0214,177.608,702.46,603,outlier,inp,47cdbd50a8
034fccaebbd37bf88489cb6e0b2314ea7f78f1f2,base,edit,0,0,2486.129,412.9901,0.0214,139.155,567.454,638,ok,,47cdbd50a8
034fccaebbd37bf88489cb6e0b2314ea7f78f1f2,base,edit,1,3,2287.3225,685.5906,0.0214,121.302,342.362,650,ok,,47cdbd50a8
034fccaebbd37bf88489cb6e0b2314ea7f78f1f2,base,edit,2,4,2452.213,814.2529,0.0214,139.267,331.879,714,ok,,47cdbd50a8
034fccaebbd37bf88489cb6e0b2314ea7f78f1f2,base,edit,3,7,2384.8906,791,0.0214,184.46,1390.505,707,outlier,inp,47cdbd50a8
034fccaebbd37bf88489cb6e0b2314ea7f78f1f2,base,edit,4,8,2285.9202,693.0,0.0214,132.912,716.468,654,ok,,47cdbd50a8
034fccaebbd37bf88489cb6e0b2314ea7f78f1f2,head,edit,0,1,2463.2617,437.1722,0.0214,126.556,400.139,654,ok,,47cdbd50a8
034fccaebbd37bf88489cb6e0b2314ea7f78f1f2,head,edit,1,2,2322.5177,706.1909,0.0214,139.074,717.894,663,outlier,tbt,47cdbd50a8
034fccaebbd37bf88489cb6e0b2314ea7f78f1f2,head,edit,2,5,2285.6314,705.1721,0.0214,138.829,305.09,621,outlier,tbt,47cdbd50a8
034fccaebbd37bf88489cb6e0b2314ea7f78f1f2,head,edit,3,6,2606.2777,426.5,0.0214,170.851,1134.039,642,ok,,47cdbd50a8
034fccaebbd37bf88489cb6e0b2314ea7f78f1f2,head,edit,4,9,2544.8569,471.9835,0.0214,163.885,1069.58,664,ok,,47cdbd50a8
4d1a0ae07b91c9da9f03242a589e6c2c132afafe,base,edit,0,0,2346.4042,768.5606,0.0214,135.926,254.616,671,ok,,47cdbd50a8
4d1a0ae07b91c9da9f03242a589e6c2c132afafe,base,edit,1,3,2457.6397,436.28,0.0214,129.198,284.448,618,ok,,47cdbd50a8
4d1a0ae07b91c9da9f03242a589e6c2c132afafe,base,edit,2,4,2443.3803,410.83,0.0214,176.607,485.937,616,ok,,47cdbd50a8
4d1a0ae07b91c9da9f03242a589e6c2c132afafe,base,edit,3,7,2481.8036,665.3228,0.0214,138.189,343.112,928,outlier,lcpObs,47cdbd50a8
4d1a0ae07b91c9da9f03242a589e6c2c132afafe,base,edit,4,8,2544.4581,487.5032,0.0214,167.568,1105.446,654,outlier,tbtFlow,47cdbd50a8
4d1a0ae07b91c9da9f03242a589e6c2c132afafe,head,edit,0,1,2247.3393,645,0.0214,153.259,394.775,619,ok,,47cdbd50a8
4d1a0ae07b91c9da9f03242a589e6c2c132afafe,head,edit,1,2,2199.5847,618.0654,0.0214,171.206,492.181,638,ok,,47cdbd50a8
4d1a0ae07b91c9da9f03242a589e6c2c132afafe,head,edit,2,5,2573.983,792.4628,0.0214,138.39,620.85,970,outlier,lcpObs,47cdbd50a8
4d1a0ae07b91c9da9f03242a589e6c2c132afafe,head,edit,3,6,2272.1189,684.8553,0.0214,143.972,606.737,620,ok,,47cdbd50a8
4d1a0ae07b91c9da9f03242a589e6c2c132afafe,head,edit,4,9,2440.741,405.5969,0.0214,128.453,402.221,622,outlier,tbt,47cdbd50a8
12b0a27cf87ac38ab93fc0f45b5dd2570a01aeaa,base,edit,0,0,2339.7898,753.8785,0.0214,146.674,765.993,679,ok,,47cdbd50a8
12b0a27cf87ac38ab93fc0f45b5dd2570a01aeaa,base,edit,1,3,2281.0809,697.6414,0.0214,156.597,546.025,634,ok,,47cdbd50a8
12b0a27cf87ac38ab93fc0f45b5dd2570a01aeaa,base,edit,2,4,2507.4451,364.7565,0.0214,128.029,586.604,653,outlier,tbt,47cdbd50a8
12b0a27cf87ac38ab93fc0f45b5dd2570a01aeaa,base,edit,3,7,2372.7554,753.8395,0.0214,127.669,708.766,660,ok,,47cdbd50a8
12b0a27cf87ac38ab93fc0f45b5dd2570a01aeaa,base,edit,4,8,2517.9305,468.0,0.0214,141.876,514.168,662,ok,,47cdbd50a8
12b0a27cf87ac38ab93fc0f45b5dd2570a01aeaa,head,edit,0,1,2441.2411,403.5,0.0214,145.828,608.027,617,ok,,47cdbd50a8
12b0a27cf87ac38ab93fc0f45b5dd2570a01aeaa,head,edit,1,2,2460.7045,413.6853,0.0214,122.973,471.178,641,ok,,47cdbd50a8
12b0a27cf87ac38ab93fc0f45b5dd2570a01aeaa,head,edit,2,5,2516.1245,515.4197,0.0214,129.728,633.844,609,ok,,47cdbd50a8
12b0a27cf87ac38ab93fc0f45b5dd2570a01aeaa,head,edit,3,6,2269.3029,664.6073,0.0214,142.682,495.769,640,ok,,47cdbd50a8
12b0a27cf87ac38ab93fc0f45b5dd2570a01aeaa,head,edit,4,9,2254.1355,667.4303,0.0214,146.31,341.776,631,ok,,47cdbd50a8
3be0ad92f5f9425f2f441821a5e5ccf5afcd2426,base,edit,0,0,2248.4825,666.669,0.0214,138.515,357.627,632,ok,,47cdbd50a8
3be0ad92f5f9425f2f441821a5e5ccf5afcd2426,base,edit,1,3,2752.682,509.458,0.0214,164.89,1088.103,936,outlier,lcp;tbt;lcpObs,47cdbd50a8
3be0ad92f5f9425f2f441821a5e5ccf5afcd2426,base,edit,2,4,2549.5818,491.5,0.0214,221.279,1801.957,661,outlier,tbt,47cdbd50a8
3be0ad92f5f9425f2f441821a5e5ccf5afcd2426,base,edit,3,7,2292.5322,687.031,0.0214,132.478,774.419,644,ok,,47cdbd50a8
3be0ad92f5f9425f2f441821a5e5ccf5afcd2426,base,edit,4,8,2324.6598,685.937,0.0214,154.586,1074.822,664,ok,,47cdbd50a8
3be0ad92f5f9425f2f441821a5e5ccf5afcd2426,head,edit,0,1,2240.3634,757.0,0.0214,149.619,545.911,683,ok,,47cdbd50a8
3be0ad92f5f9425f2f441821a5e5ccf5afcd2426,head,edit,1,2,2904.991,789.1196,0.0214,175.883,1124.442,1086,outlier,lcpObs,47cdbd50a8
3be0ad92f5f9425f2f441821a5e5ccf5afcd2426,head,edit,2,5,2275.7141,696.3737,0.0214,170.359,893.372,674,ok,,47cdbd50a8
3be0ad92f5f9425f2f441821a5e5ccf5afcd2426,head,edit,3,6,2593.8779,523,0.0214,196.067,1520.187,710,ok,,47cdbd50a8
3be0ad92f5f9425f2f441821a5e5ccf5afcd2426,head,edit,4,9,2532.7177,487.214,0.0214,161.844,1236.087,674,ok,,47cdbd50a8
a2965bc3ca3d7fe4cd772f47998b03d4ae4f5b48,base,edit,0,0,2288.6776,699.5248,0.0214,111.345,263.513,670,ok,,47cdbd50a8
a2965bc3ca3d7fe4cd772f47998b03d4ae4f5b48,base,edit,1,3,2487.0439,444.5,0.0214,122.521,239.011,632,ok,,47cdbd50a8
a2965bc3ca3d7fe4cd772f47998b03d4ae4f5b48,base,edit,2,4,2271.0802,676.6216,0.0214,122.197,272.9,657,ok,,47cdbd50a8
a2965bc3ca3d7fe4cd772f47998b03d4ae4f5b48,base,edit,3,7,2336.155,742.7188,0.0214,208.154,1611.08,667,outlier,inp;tbtFlow,47cdbd50a8
a2965bc3ca3d7fe4cd772f47998b03d4ae4f5b48,base,edit,4,8,2494.9606,467.9615,0.0214,151.191,942.134,674,outlier,tbtFlow,47cdbd50a8
a2965bc3ca3d7fe4cd772f47998b03d4ae4f5b48,head,edit,0,1,2257.4731,673.5,0.0214,112.384,265.187,621,ok,,47cdbd50a8
a2965bc3ca3d7fe4cd772f47998b03d4ae4f5b48,head,edit,1,2,2456.6367,410.5,0.0214,118.083,230.242,638,outlier,tbt,47cdbd50a8
a2965bc3ca3d7fe4cd772f47998b03d4ae4f5b48,head,edit,2,5,2440.2947,677.0,0.0214,173.655,576.532,881,outlier,lcpObs,47cdbd50a8
a2965bc3ca3d7fe4cd772f47998b03d4ae4f5b48,head,edit,3,6,2277.2035,676.4928,0.0214,198.726,1281.348,632,ok,,47cdbd50a8
a2965bc3ca3d7fe4cd772f47998b03d4ae4f5b48,head,edit,4,9,2489.1164,445.5,0.0214,167.472,1009.873,663,outlier,tbt,47cdbd50a8
8320bb06515438e798ec7cee681b65353683b7ed,base,edit,0,0,2278.0568,669.4484,0.0214,119.103,61.153,639,outlier,tbtFlow,47cdbd50a8
8320bb06515438e798ec7cee681b65353683b7ed,base,edit,1,3,2722.5893,532.2239,0.0214,126.062,616.766,936,outlier,lcp;tbt;lcpObs,47cdbd50a8
8320bb06515438e798ec7cee681b65353683b7ed,base,edit,2,4,2606.5185,544.5,0.0214,139.619,675.03,693,outlier,lcp;tbt,47cdbd50a8
8320bb06515438e798ec7cee681b65353683b7ed,base,edit,3,7,2267.3809,669.0476,0.0214,154.501,606.681,630,ok,,47cdbd50a8
8320bb06515438e798ec7cee681b65353683b7ed,base,edit,4,8,2290.4304,663.9177,0.0214,137.967,403.358,644,ok,,47cdbd50a8
8320bb06515438e798ec7cee681b65353683b7ed,head,edit,0,1,2286.0216,656.9198,0.0214,130.403,632.83,647,ok,,47cdbd50a8
8320bb06515438e798ec7cee681b65353683b7ed,head,edit,1,2,2477.6611,444.5,0.0214,154.303,443.648,649,outlier,lcp;tbt,47cdbd50a8
8320bb06515438e798ec7cee681b65353683b7ed,head,edit,2,5,2287.7605,778.0,0.0214,136.037,583.228,695,ok,,47cdbd50a8
8320bb06515438e798ec7cee681b65353683b7ed,head,edit,3,6,2278.839,711,0.0214,141.262,527.774,652,ok,,47cdbd50a8
8320bb06515438e798ec7cee681b65353683b7ed,head,edit,4,9,2322.0946,696.7474,0.0214,152.143,556.721,653,ok,,47cdbd50a8
643a7ca7608120d1af0f92c7cb7fd597658f5cc7,base,edit,0,0,2704.3153,1510.7876,0,689.966,2523.266,1754,outlier,cls;inp;lcpObs,47cdbd50a8
643a7ca7608120d1af0f92c7cb7fd597658f5cc7,base,edit,1,3,2504.216,1187.4136,0.0214,193.437,1789.287,837,ok,,47cdbd50a8
643a7ca7608120d1af0f92c7cb7fd597658f5cc7,base,edit,2,4,2430.3223,921.3709,0.0214,180.29,1372.619,753,ok,,47cdbd50a8
643a7ca7608120d1af0f92c7cb7fd597658f5cc7,base,edit,3,7,2333.4697,702.31,0.0214,167.921,998.154,676,ok,,47cdbd50a8
643a7ca7608120d1af0f92c7cb7fd597658f5cc7,base,edit,4,8,2318.9159,795.5,0.0214,164.226,1472.913,684,ok,,47cdbd50a8
643a7ca7608120d1af0f92c7cb7fd597658f5cc7,head,edit,0,1,2937.6982,1416.4695,0.0214,438.091,2954.469,1494,outlier,inp;tbtFlow,47cdbd50a8
643a7ca7608120d1af0f92c7cb7fd597658f5cc7,head,edit,1,2,2724.7131,1450.3575,0.0214,157.238,1302.401,1226,ok,,47cdbd50a8
643a7ca7608120d1af0f92c7cb7fd597658f5cc7,head,edit,2,5,2697.2109,718.312,0.0214,181.051,1257.001,796,ok,,47cdbd50a8
643a7ca7608120d1af0f92c7cb7fd597658f5cc7,head,edit,3,6,2543.5904,513.9161,0.0214,122.953,461.51,658,ok,,47cdbd50a8
643a7ca7608120d1af0f92c7cb7fd597658f5cc7,head,edit,4,9,2308.1182,701,0.0214,156.103,1066.402,635,ok,,47cdbd50a8
110b95d85493235f9c877f73f7c4dca83bbaee3d,base,edit,0,0,2348.2616,954.3912,0.0214,141.038,735.467,798,ok,,47cdbd50a8
110b95d85493235f9c877f73f7c4dca83bbaee3d,base,edit,1,3,2248.6477,648.0105,0.0214,142.58,634.53,639,ok,,47cdbd50a8
110b95d85493235f9c877f73f7c4dca83bbaee3d,base,edit,2,4,2508.1433,457,0.0214,153.964,1112.791,652,ok,,47cdbd50a8
110b95d85493235f9c877f73f7c4dca83bbaee3d,base,edit,3,7,2280.9095,670.5,0.0214,148.014,854.893,642,ok,,47cdbd50a8
110b95d85493235f9c877f73f7c4dca83bbaee3d,base,edit,4,8,2301.1513,720.5,0.0214,141.042,632.226,654,ok,,47cdbd50a8
110b95d85493235f9c877f73f7c4dca83bbaee3d,base,edit,5,11,2603.8998,535.6308,0.0214,129.715,600.649,725,ok,,47cdbd50a8
110b95d85493235f9c877f73f7c4dca83bbaee3d,base,edit,6,12,2633.9105,970.8105,0.0214,160.079,984.943,822,ok,,47cdbd50a8
110b95d85493235f9c877f73f7c4dca83bbaee3d,base,edit,7,15,2466.8448,795.2043,0.0214,154.584,790.432,993,outlier,lcpObs,47cdbd50a8
110b95d85493235f9c877f73f7c4dca83bbaee3d,base,edit,8,16,2756.1578,826.2348,0.0214,185.835,2150.698,813,ok,,47cdbd50a8
110b95d85493235f9c877f73f7c4dca83bbaee3d,base,edit,9,19,2540.3014,805.0074,0.0214,198.861,1784.9,969,outlier,lcpObs,47cdbd50a8
110b95d85493235f9c877f73f7c4dca83bbaee3d,base,edit,10,20,2358.8627,772.5,0.0214,246.249,2376.811,683,outlier,inp,47cdbd50a8
110b95d85493235f9c877f73f7c4dca83bbaee3d,base,edit,11,23,2479.8566,422.3297,0.0214,203.564,1880.006,608,ok,,47cdbd50a8
110b95d85493235f9c877f73f7c4dca83bbaee3d,base,edit,12,24,2676.1963,696.5618,0.0214,163.99,1551.958,724,ok,,47cdbd50a8
110b95d85493235f9c877f73f7c4dca83bbaee3d,base,edit,13,27,2461.2388,440.1581,0.0214,195.245,1621.619,654,ok,,47cdbd50a8
110b95d85493235f9c877f73f7c4dca83bbaee3d,base,edit,14,28,2534.8018,499.0617,0.0214,155.829,812.704,699,ok,,47cdbd50a8
110b95d85493235f9c877f73f7c4dca83bbaee3d,head,edit,0,1,2281.0129,721.0723,0.0214,170.539,981.148,672,ok,,47cdbd50a8
110b95d85493235f9c877f73f7c4dca83bbaee3d,head,edit,1,2,2270.0104,701.1907,0.0214,188.961,1212.748,666,ok,,47cdbd50a8
110b95d85493235f9c877f73f7c4dca83bbaee3d,head,edit,2,5,2526.0181,454,0.0214,162.147,1254.433,661,ok,,47cdbd50a8
110b95d85493235f9c877f73f7c4dca83bbaee3d,head,edit,3,6,2244.2064,637,0.0214,152.294,829.25,623,ok,,47cdbd50a8
110b95d85493235f9c877f73f7c4dca83bbaee3d,head,edit,4,9,2255.4245,699.0,0.0214,176.582,938.42,651,ok,,47cdbd50a8
110b95d85493235f9c877f73f7c4dca83bbaee3d,head,edit,5,10,2329.0909,697.7108,0.0214,139.655,720.155,678,ok,,47cdbd50a8
110b95d85493235f9c877f73f7c4dca83bbaee3d,head,edit,6,13,2578.9657,494.5,0.0214,156.619,1117.853,677,ok,,47cdbd50a8
110b95d85493235f9c877f73f7c4dca83bbaee3d,head,edit,7,14,2308.3097,840,0.0214,145.635,453.87,727,ok,,47cdbd50a8
110b95d85493235f9c877f73f7c4dca83bbaee3d,head,edit,8,17,2629.7186,591.1563,0.0214,208.662,2658.746,747,ok,,47cdbd50a8
110b95d85493235f9c877f73f7c4dca83bbaee3d,head,edit,9,18,2451.0739,751.1866,0.0214,207.116,937.262,905,outlier,lcpObs,47cdbd50a8
110b95d85493235f9c877f73f7c4dca83bbaee3d,head,edit,10,21,2618.7757,522.116,0.0214,256.568,2480.02,770,ok,,47cdbd50a8
110b95d85493235f9c877f73f7c4dca83bbaee3d,head,edit,11,22,2762.7147,842.1233,0.0214,250.165,2245.367,858,outlier,lcpObs,47cdbd50a8
110b95d85493235f9c877f73f7c4dca83bbaee3d,head,edit,12,25,2573.9846,569.3089,0.0214,162.873,1582.984,693,ok,,47cdbd50a8
110b95d85493235f9c877f73f7c4dca83bbaee3d,head,edit,13,26,2336.732,759.4643,0.0214,179.218,1257.642,677,ok,,47cdbd50a8
110b95d85493235f9c877f73f7c4dca83bbaee3d,head,edit,14,29,2735.6481,1691.1803,0,1162.205,1896.566,1822,outlier,tbt;cls;inp;lcpObs,47cdbd50a8
c530984c97ddd91302e4351d3e922521a410e234,base,edit,0,0,2319.9407,852.7835,0.0214,137.581,689.968,790,outlier,lcpObs,47cdbd50a8
c530984c97ddd91302e4351d3e922521a410e234,base,edit,1,3,2869.8292,1078.0311,0.0214,150.565,832.966,877,outlier,lcp;tbt;lcpObs,47cdbd50a8
c530984c97ddd91302e4351d3e922521a410e234,base,edit,2,4,2263.7088,687.0288,0.0214,172.43,1241.608,639,ok,,47cdbd50a8
c530984c97ddd91302e4351d3e922521a410e234,base,edit,3,7,2306.0585,743.5045,0.0214,171.587,1581.033,649,ok,,47cdbd50a8
c530984c97ddd91302e4351d3e922521a410e234,base,edit,4,8,2276.687,688.6458,0.0214,187.714,1271.431,660,ok,,47cdbd50a8
c530984c97ddd91302e4351d3e922521a410e234,head,edit,0,1,2337.7608,763.3646,0.0214,165.973,1197.137,701,ok,,47cdbd50a8
c530984c97ddd91302e4351d3e922521a410e234,head,edit,1,2,2519.5248,457.5,0.0214,187.099,941.774,672,ok,,47cdbd50a8
c530984c97ddd91302e4351d3e922521a410e234,head,edit,2,5,2700.2078,437.1895,0.0214,186.288,1148.407,887,outlier,lcp;lcpObs,47cdbd50a8
c530984c97ddd91302e4351d3e922521a410e234,head,edit,3,6,2297.5609,693.0629,0.0214,150.418,1035.023,668,ok,,47cdbd50a8
c530984c97ddd91302e4351d3e922521a410e234,head,edit,4,9,2278.1789,715.2967,0.0214,162.705,1253.131,678,ok,,47cdbd50a8
96dddeb34d485c04e5ec7f857c8791003e301c82,base,edit,0,0,2450.0511,428.1884,0.0214,126.082,350.433,610,ok,,47cdbd50a8
96dddeb34d485c04e5ec7f857c8791003e301c82,base,edit,1,3,2388.4041,363,0.0214,170.866,367.146,580,ok,,47cdbd50a8
96dddeb34d485c04e5ec7f857c8791003e301c82,base,edit,2,4,2405.24,372.2657,0.0214,155.56,326.742,596,ok,,47cdbd50a8
96dddeb34d485c04e5ec7f857c8791003e301c82,base,edit,3,7,2421.3406,283.7743,0.0214,155.725,334.205,584,ok,,47cdbd50a8
96dddeb34d485c04e5ec7f857c8791003e301c82,base,edit,4,8,2200.0951,577.8435,0.0214,170.562,373.44,577,ok,,47cdbd50a8
96dddeb34d485c04e5ec7f857c8791003e301c82,base,edit,5,11,2562.8244,393.8212,0.0214,136.703,407.017,813,outlier,lcpObs,47cdbd50a8
96dddeb34d485c04e5ec7f857c8791003e301c82,base,edit,6,12,2337.1232,594.1734,0.0214,147.537,436.31,803,outlier,lcpObs,47cdbd50a8
96dddeb34d485c04e5ec7f857c8791003e301c82,base,edit,7,15,2420.813,394.1205,0.0214,141.636,405.089,583,ok,,47cdbd50a8
96dddeb34d485c04e5ec7f857c8791003e301c82,base,edit,8,16,2200.3331,587.5,0.0214,152.749,447.586,577,ok,,47cdbd50a8
96dddeb34d485c04e5ec7f857c8791003e301c82,base,edit,9,19,2175.3803,559,0.0214,178.664,404.336,552,ok,,47cdbd50a8
96dddeb34d485c04e5ec7f857c8791003e301c82,base,edit,10,20,2416.7856,390.801,0.0214,225.854,525.12,570,outlier,inp,47cdbd50a8
96dddeb34d485c04e5ec7f857c8791003e301c82,base,edit,11,23,2252.5834,630.5,0.0214,159.839,288.46,624,ok,,47cdbd50a8
96dddeb34d485c04e5ec7f857c8791003e301c82,base,edit,12,24,2186.8438,564.1094,0.0214,187.111,454.563,588,ok,,47cdbd50a8
96dddeb34d485c04e5ec7f857c8791003e301c82,base,edit,13,27,2214.816,597.906,0.0214,181.086,368.794,589,ok,,47cdbd50a8
96dddeb34d485c04e5ec7f857c8791003e301c82,base,edit,14,28,2212.0121,599.2125,0.0214,169.413,449.034,588,ok,,47cdbd50a8
96dddeb34d485c04e5ec7f857c8791003e301c82,head,edit,0,1,2547.5077,382.2302,0.0214,141.907,349.428,808,outlier,tbt;lcpObs,47cdbd50a8
96dddeb34d485c04e5ec7f857c8791003e301c82,head,edit,1,2,2438.5212,401.3813,0.0214,139.27,520.765,594,outlier,tbt,47cdbd50a8
96dddeb34d485c04e5ec7f857c8791003e301c82,head,edit,2,5,2347.7719,602.5,0.0214,147.291,372.459,818,outlier,lcpObs,47cdbd50a8
96dddeb34d485c04e5ec7f857c8791003e301c82,head,edit,3,6,2213.5448,595.0,0.0214,164.73,297.098,594,ok,,47cdbd50a8
96dddeb34d485c04e5ec7f857c8791003e301c82,head,edit,4,9,2196.1053,589.0,0.0214,169.559,318.691,582,ok,,47cdbd50a8
96dddeb34d485c04e5ec7f857c8791003e301c82,head,edit,5,10,2239.1168,637.5205,0.0214,131.696,135.767,593,ok,,47cdbd50a8
96dddeb34d485c04e5ec7f857c8791003e301c82,head,edit,6,13,2208.0306,601.0,0.0214,124.786,385.622,609,ok,,47cdbd50a8
96dddeb34d485c04e5ec7f857c8791003e301c82,head,edit,7,14,2543.486,364.0011,0.0214,137.594,447.269,580,outlier,tbt,47cdbd50a8
96dddeb34d485c04e5ec7f857c8791003e301c82,head,edit,8,17,2189.812,575.5,0.0214,133.27,314.274,553,ok,,47cdbd50a8
96dddeb34d485c04e5ec7f857c8791003e301c82,head,edit,9,18,2498.9379,350.3557,0.0214,163.574,382.083,803,outlier,tbt;lcpObs,47cdbd50a8
96dddeb34d485c04e5ec7f857c8791003e301c82,head,edit,10,21,2425.6939,685.0706,0.0214,163.533,899.02,877,outlier,tbtFlow;lcpObs,47cdbd50a8
96dddeb34d485c04e5ec7f857c8791003e301c82,head,edit,11,22,2390.0323,632,0.0214,166.472,368.458,625,ok,,47cdbd50a8
96dddeb34d485c04e5ec7f857c8791003e301c82,head,edit,12,25,2208.4302,587.6221,0.0214,190.879,398.953,571,ok,,47cdbd50a8
96dddeb34d485c04e5ec7f857c8791003e301c82,head,edit,13,26,2351.254,603.5763,0.0214,175.941,528.176,823,outlier,lcpObs,47cdbd50a8
96dddeb34d485c04e5ec7f857c8791003e301c82,head,edit,14,29,2187.1202,565.5,0.0214,168.162,564.989,571,ok,,47cdbd50a8
92f029830fa12517695c382c4011b900e2f99680,base,edit,0,0,2334.9069,599,0.0214,113.556,324.349,821,outlier,lcpObs,47cdbd50a8
92f029830fa12517695c382c4011b900e2f99680,base,edit,1,3,2405.8506,276.9893,0.0214,123.709,313.063,571,outlier,tbt,47cdbd50a8
92f029830fa12517695c382c4011b900e2f99680,base,edit,2,4,2217.9176,616,0.0214,108.462,167.728,588,ok,,47cdbd50a8
92f029830fa12517695c382c4011b900e2f99680,base,edit,3,7,2341.7887,576.6479,0.0214,117.712,182.802,570,ok,,47cdbd50a8
92f029830fa12517695c382c4011b900e2f99680,base,edit,4,8,2437.979,432.0401,0.0214,137.02,342.763,589,outlier,tbt,47cdbd50a8
92f029830fa12517695c382c4011b900e2f99680,base,edit,5,11,2348.9793,604,0.0214,125.245,299.36,821,outlier,lcpObs,47cdbd50a8
92f029830fa12517695c382c4011b900e2f99680,base,edit,6,12,2424.3161,728.5809,0.0214,128.294,189.132,875,outlier,tbt;lcpObs,47cdbd50a8
92f029830fa12517695c382c4011b900e2f99680,base,edit,7,15,2369.2247,560.0423,0.0214,121.086,158.601,787,outlier,lcpObs,47cdbd50a8
92f029830fa12517695c382c4011b900e2f99680,base,edit,8,16,2322.6225,580.5675,0.0214,116.235,315.993,786,outlier,lcpObs,47cdbd50a8
92f029830fa12517695c382c4011b900e2f99680,base,edit,9,19,2393.2502,263.2679,0.0214,138.696,386.634,570,outlier,tbt,47cdbd50a8
92f029830fa12517695c382c4011b900e2f99680,base,edit,10,20,2279.561,641.3799,0.0214,154.046,545.716,606,ok,,47cdbd50a8
92f029830fa12517695c382c4011b900e2f99680,base,edit,11,23,2195.5954,578.2075,0.0214,199.107,368.627,570,outlier,inp,47cdbd50a8
92f029830fa12517695c382c4011b900e2f99680,base,edit,12,24,2317.6928,566.5,0.0214,186.347,434.755,785,outlier,inp;lcpObs,47cdbd50a8
92f029830fa12517695c382c4011b900e2f99680,base,edit,13,27,2382.8329,285.0238,0.0214,170.612,558.296,570,outlier,tbt,47cdbd50a8
92f029830fa12517695c382c4011b900e2f99680,base,edit,14,28,2203.8592,587.2344,0.0214,168.134,722.262,589,ok,,47cdbd50a8
92f029830fa12517695c382c4011b900e2f99680,head,edit,0,1,2435.3482,656.6926,0.0214,117.321,180.27,641,ok,,47cdbd50a8
92f029830fa12517695c382c4011b900e2f99680,head,edit,1,2,2673.4694,426.5379,0.0214,136.188,253.199,659,ok,,47cdbd50a8
92f029830fa12517695c382c4011b900e2f99680,head,edit,2,5,2671.284,408.612,0.0214,121.97,321.082,659,ok,,47cdbd50a8
92f029830fa12517695c382c4011b900e2f99680,head,edit,3,6,2429.4043,721.0,0.0214,118.003,196.195,659,ok,,47cdbd50a8
92f029830fa12517695c382c4011b900e2f99680,head,edit,4,9,2696.3021,236.6005,0.0214,114.398,188.926,678,ok,,47cdbd50a8
92f029830fa12517695c382c4011b900e2f99680,head,edit,5,10,2432.5073,711.5,0.0214,122.853,200.564,661,ok,,47cdbd50a8
92f029830fa12517695c382c4011b900e2f99680,head,edit,6,13,2699.6984,451,0.0214,137.448,180.961,661,ok,,47cdbd50a8
92f029830fa12517695c382c4011b900e2f99680,head,edit,7,14,2451.393,751.4719,0.0214,121.866,329.765,643,ok,,47cdbd50a8
92f029830fa12517695c382c4011b900e2f99680,head,edit,8,17,2701.7394,429.0,0.0214,121.603,331.087,661,ok,,47cdbd50a8
92f029830fa12517695c382c4011b900e2f99680,head,edit,9,18,2422.3335,700.5,0.0214,122.522,345.045,642,ok,,47cdbd50a8
92f029830fa12517695c382c4011b900e2f99680,head,edit,10,21,2679.2248,434.5,0.0214,193.947,503.565,660,outlier,inp,47cdbd50a8
92f029830fa12517695c382c4011b900e2f99680,head,edit,11,22,2691.9654,439.5,0.0214,186.937,1176.957,677,outlier,inp;tbtFlow,47cdbd50a8
92f029830fa12517695c382c4011b900e2f99680,head,edit,12,25,2551.9476,813.8252,0.0214,186.519,665.471,715,outlier,inp;lcpObs,47cdbd50a8
92f029830fa12517695c382c4011b900e2f99680,head,edit,13,26,2442.6216,740.527,0.0214,174.524,473.044,660,outlier,inp,47cdbd50a8
92f029830fa12517695c382c4011b900e2f99680,head,edit,14,29,2446.9425,714.6827,0.0214,179.989,516.302,677,outlier,inp,47cdbd50a8
987e09d8bc8114b12f346557d857ed28108cef37,base,edit,0,0,2672.9175,402,0.0214,116.734,306.494,659,outlier,lcp,47cdbd50a8
987e09d8bc8114b12f346557d857ed28108cef37,base,edit,1,3,2430.5181,725,0.0214,117.138,355.846,676,ok,,47cdbd50a8
987e09d8bc8114b12f346557d857ed28108cef37,base,edit,2,4,2443.8941,661.5845,0.0214,110.112,322.683,660,ok,,47cdbd50a8
987e09d8bc8114b12f346557d857ed28108cef37,base,edit,3,7,2451.4322,756.6526,0.0214,123.568,243.929,677,ok,,47cdbd50a8
987e09d8bc8114b12f346557d857ed28108cef37,base,edit,4,8,2697.7442,442.0183,0.0214,118.794,361.434,661,outlier,lcp,47cdbd50a8
987e09d8bc8114b12f346557d857ed28108cef37,head,edit,0,1,2474.0265,768.7105,0.0214,116.747,181.86,678,ok,,47cdbd50a8
987e09d8bc8114b12f346557d857ed28108cef37,head,edit,1,2,2686.999,439.9999,0.0214,124.468,178.769,659,outlier,lcp;tbt,47cdbd50a8
987e09d8bc8114b12f346557d857ed28108cef37,head,edit,2,5,2439.7697,709,0.0214,132.651,313.166,678,ok,,47cdbd50a8
987e09d8bc8114b12f346557d857ed28108cef37,head,edit,3,6,2459.6894,751.5,0.0214,148.663,311.746,696,ok,,47cdbd50a8
987e09d8bc8114b12f346557d857ed28108cef37,head,edit,4,9,2850.5609,382.5,0.0214,123.57,275.921,677,outlier,lcp;tbt,47cdbd50a8
df6c1cceee523cf8170231c6ba5e1bcf7fb176f7,base,edit,0,0,2418.974,649.891,0.0214,122.733,161.993,639,ok,,47cdbd50a8
df6c1cceee523cf8170231c6ba5e1bcf7fb176f7,base,edit,1,3,2478.2867,763.051,0.0214,104.392,169.108,661,ok,,47cdbd50a8
df6c1cceee523cf8170231c6ba5e1bcf7fb176f7,base,edit,2,4,2427.0131,690.5696,0.0214,119.627,178.827,660,ok,,47cdbd50a8
df6c1cceee523cf8170231c6ba5e1bcf7fb176f7,base,edit,3,7,2704.3133,473.7276,0.0214,118.128,324.014,661,outlier,lcp;tbt,47cdbd50a8
df6c1cceee523cf8170231c6ba5e1bcf7fb176f7,base,edit,4,8,2429.0278,724.5,0.0214,119.428,338.17,643,ok,,47cdbd50a8
df6c1cceee523cf8170231c6ba5e1bcf7fb176f7,base,edit,5,11,2674.9356,224.4862,0.0214,132.383,301.735,641,outlier,lcp;tbt,47cdbd50a8
df6c1cceee523cf8170231c6ba5e1bcf7fb176f7,base,edit,6,12,2416.2309,692.1813,0.0214,115.062,386.115,660,ok,,47cdbd50a8
df6c1cceee523cf8170231c6ba5e1bcf7fb176f7,base,edit,7,15,2434.3858,710.6153,0.0214,110.415,370.109,660,ok,,47cdbd50a8
df6c1cceee523cf8170231c6ba5e1bcf7fb176f7,base,edit,8,16,2657.0216,427.5,0.0214,118.008,343.311,661,outlier,lcp;tbt,47cdbd50a8
df6c1cceee523cf8170231c6ba5e1bcf7fb176f7,base,edit,9,19,2422.1514,675.5,0.0214,112.513,171.576,643,ok,,47cdbd50a8
df6c1cceee523cf8170231c6ba5e1bcf7fb176f7,base,edit,10,20,2477.6069,738.1352,0.0214,118.009,184.187,678,ok,,47cdbd50a8
df6c1cceee523cf8170231c6ba5e1bcf7fb176f7,base,edit,11,23,2433.0891,717.2079,0.0214,132.855,249.848,661,ok,,47cdbd50a8
df6c1cceee523cf8170231c6ba5e1bcf7fb176f7,base,edit,12,24,2446.254,751.5,0.0214,133.846,321.84,661,ok,,47cdbd50a8
df6c1cceee523cf8170231c6ba5e1bcf7fb176f7,base,edit,13,27,2670.7456,403.322,0.0214,116.024,307.007,661,outlier,lcp;tbt,47cdbd50a8
df6c1cceee523cf8170231c6ba5e1bcf7fb176f7,base,edit,14,28,2480.6358,768.5097,0.0214,111.273,314.123,697,ok,,47cdbd50a8
df6c1cceee523cf8170231c6ba5e1bcf7fb176f7,head,edit,0,1,2898.646,36.5,0.0214,110.12,175.921,660,ok,,47cdbd50a8
df6c1cceee523cf8170231c6ba5e1bcf7fb176f7,head,edit,1,2,2899.9984,32.5,0.0214,107.875,157.376,678,ok,,47cdbd50a8
df6c1cceee523cf8170231c6ba5e1bcf7fb176f7,head,edit,2,5,2901.2316,146.827,0.0214,115.813,166.691,678,ok,,47cdbd50a8
df6c1cceee523cf8170231c6ba5e1bcf7fb176f7,head,edit,3,6,2902.0684,127.4914,0.0214,135.926,346.89,642,outlier,inp;tbtFlow,47cdbd50a8
df6c1cceee523cf8170231c6ba5e1bcf7fb176f7,head,edit,4,9,2897.6088,34.0,0.0214,109.692,15.832,641,outlier,tbtFlow,47cdbd50a8
df6c1cceee523cf8170231c6ba5e1bcf7fb176f7,head,edit,5,10,2902.8396,126.1663,0.0214,112.297,199.124,660,ok,,47cdbd50a8
df6c1cceee523cf8170231c6ba5e1bcf7fb176f7,head,edit,6,13,2903.6696,115.1038,0.0214,105.093,165.23,660,ok,,47cdbd50a8
df6c1cceee523cf8170231c6ba5e1bcf7fb176f7,head,edit,7,14,2907.6884,146.4764,0.0214,113.711,225.181,679,ok,,47cdbd50a8
df6c1cceee523cf8170231c6ba5e1bcf7fb176f7,head,edit,8,17,2900.0644,47.117,0.0214,117.974,208.268,678,ok,,47cdbd50a8
df6c1cceee523cf8170231c6ba5e1bcf7fb176f7,head,edit,9,18,2901.0904,126,0.0214,116.741,164.782,659,ok,,47cdbd50a8
df6c1cceee523cf8170231c6ba5e1bcf7fb176f7,head,edit,10,21,2902.062,38.0,0.0214,110.228,182.597,678,ok,,47cdbd50a8
df6c1cceee523cf8170231c6ba5e1bcf7fb176f7,head,edit,11,22,2903.7968,44.7939,0.0214,116.629,204.06,679,ok,,47cdbd50a8
df6c1cceee523cf8170231c6ba5e1bcf7fb176f7,head,edit,12,25,2906.606,39.5,0.0214,118.34,26.202,679,outlier,tbtFlow,47cdbd50a8
df6c1cceee523cf8170231c6ba5e1bcf7fb176f7,head,edit,13,26,2900.596,99.9255,0.0214,110.026,177.666,642,ok,,47cdbd50a8
df6c1cceee523cf8170231c6ba5e1bcf7fb176f7,head,edit,14,29,2883.1311,108.2282,0.0214,111.977,288.372,642,outlier,tbtFlow,47cdbd50a8
f27f4b336c77655744ec74776d2eb77624a6ba59,base,edit,0,0,2902.3855,134.846,0.0214,117.91,179.578,678,ok,,47cdbd50a8
f27f4b336c77655744ec74776d2eb77624a6ba59,base,edit,1,3,2905.4592,134.5,0.0214,111.26,157.625,661,ok,,47cdbd50a8
f27f4b336c77655744ec74776d2eb77624a6ba59,base,edit,2,4,2918.7544,228.2807,0.0214,117.477,15.845,733,outlier,tbtFlow,47cdbd50a8
f27f4b336c77655744ec74776d2eb77624a6ba59,base,edit,3,7,2905.348,126.894,0.0214,106.841,14.423,661,outlier,tbtFlow,47cdbd50a8
f27f4b336c77655744ec74776d2eb77624a6ba59,base,edit,4,8,2905.9624,148.3172,0.0214,120.641,171.129,678,ok,,47cdbd50a8
f27f4b336c77655744ec74776d2eb77624a6ba59,base,edit,5,11,2900.3056,35.5,0.0214,133.323,193.633,661,ok,,47cdbd50a8
f27f4b336c77655744ec74776d2eb77624a6ba59,base,edit,6,12,2902.7748,35.0,0.0214,115.59,12.739,678,outlier,tbtFlow,47cdbd50a8
f27f4b336c77655744ec74776d2eb77624a6ba59,base,edit,7,15,2900.1192,34.0,0.0214,106.848,163.716,679,ok,,47cdbd50a8
f27f4b336c77655744ec74776d2eb77624a6ba59,base,edit,8,16,2901.9329,50,0.0214,130.026,248.701,678,ok,,47cdbd50a8
f27f4b336c77655744ec74776d2eb77624a6ba59,base,edit,9,19,2900.7836,71.7677,0.0214,114.57,334.85,677,outlier,tbtFlow,47cdbd50a8
f27f4b336c77655744ec74776d2eb77624a6ba59,base,edit,10,20,2905.474,122.8141,0.0214,107.074,176.117,642,ok,,47cdbd50a8
f27f4b336c77655744ec74776d2eb77624a6ba59,base,edit,11,23,2903.6132,45.5,0.0214,115.165,196.223,713,ok,,47cdbd50a8
f27f4b336c77655744ec74776d2eb77624a6ba59,base,edit,12,24,2895.4339,66.2186,0.0214,103.599,14.216,679,outlier,tbtFlow,47cdbd50a8
f27f4b336c77655744ec74776d2eb77624a6ba59,base,edit,13,27,2907.4564,86.307,0.0214,105.824,29.965,644,outlier,tbtFlow,47cdbd50a8
f27f4b336c77655744ec74776d2eb77624a6ba59,base,edit,14,28,2901.6356,47.5,0.0214,118.737,190.578,662,ok,,47cdbd50a8
f27f4b336c77655744ec74776d2eb77624a6ba59,head,edit,0,1,2904.2664,129.9833,0.0214,106.403,177.271,695,ok,,47cdbd50a8
f27f4b336c77655744ec74776d2eb77624a6ba59,head,edit,1,2,2903.198,36,0.0214,108.919,22.003,660,ok,,47cdbd50a8
f27f4b336c77655744ec74776d2eb77624a6ba59,head,edit,2,5,2902.0048,44.1872,0.0214,106.578,167.428,660,ok,,47cdbd50a8
f27f4b336c77655744ec74776d2eb77624a6ba59,head,edit,3,6,2883.9108,53.6567,0.0214,116.623,17.585,660,ok,,47cdbd50a8
f27f4b336c77655744ec74776d2eb77624a6ba59,head,edit,4,9,2905.5699,146.8295,0.0214,107.403,171.918,676,outlier,tbt,47cdbd50a8
f27f4b336c77655744ec74776d2eb77624a6ba59,head,edit,5,10,2900.6716,36.0,0.0214,118.913,329.286,660,ok,,47cdbd50a8
f27f4b336c77655744ec74776d2eb77624a6ba59,head,edit,6,13,2914.9796,53.5,0.0214,115.572,188.873,678,ok,,47cdbd50a8
f27f4b336c77655744ec74776d2eb77624a6ba59,head,edit,7,14,2903.4004,143,0.0214,117.323,20.02,696,outlier,tbt,47cdbd50a8
f27f4b336c77655744ec74776d2eb77624a6ba59,head,edit,8,17,2902.2884,44.0,0.0214,106.931,164.092,661,ok,,47cdbd50a8
f27f4b336c77655744ec74776d2eb77624a6ba59,head,edit,9,18,2903.0496,150.2156,0.0214,109.321,13.925,660,outlier,tbt,47cdbd50a8
f27f4b336c77655744ec74776d2eb77624a6ba59,head,edit,10,21,2903.8224,46,0.0214,108.403,21.734,660,ok,,47cdbd50a8
f27f4b336c77655744ec74776d2eb77624a6ba59,head,edit,11,22,2899.7588,131.7651,0.0214,107.78,24.434,643,ok,,47cdbd50a8
f27f4b336c77655744ec74776d2eb77624a6ba59,head,edit,12,25,2896.2805,58,0.0214,113.489,161.128,679,ok,,47cdbd50a8
f27f4b336c77655744ec74776d2eb77624a6ba59,head,edit,13,26,2903.2972,117.3379,0.0214,103.648,163.915,643,ok,,47cdbd50a8
f27f4b336c77655744ec74776d2eb77624a6ba59,head,edit,14,29,2900.5452,33,0.0214,118.216,311.445,661,ok,,47cdbd50a8
bf25d3cc60f162fb0b035a6fa6a16b5640729fe7,base,edit,0,0,2924.6472,220.5846,0.0214,122.176,13.385,731,ok,,47cdbd50a8
bf25d3cc60f162fb0b035a6fa6a16b5640729fe7,base,edit,1,3,2899.6163,139.7093,0.0214,107.037,183.763,678,ok,,47cdbd50a8
bf25d3cc60f162fb0b035a6fa6a16b5640729fe7,base,edit,2,4,2910.64,68.5537,0.0214,110.058,167.595,695,ok,,47cdbd50a8
bf25d3cc60f162fb0b035a6fa6a16b5640729fe7,base,edit,3,7,2907.9509,58.5027,0.0214,120.781,206.3,678,ok,,47cdbd50a8
bf25d3cc60f162fb0b035a6fa6a16b5640729fe7,base,edit,4,8,2908.736,40.5,0.0214,124.079,13.969,660,ok,,47cdbd50a8
bf25d3cc60f162fb0b035a6fa6a16b5640729fe7,base,edit,5,11,2902.95,148.1969,0.0214,123.045,201.141,661,ok,,47cdbd50a8
bf25d3cc60f162fb0b035a6fa6a16b5640729fe7,base,edit,6,12,2901.6524,121.0,0.0214,117.772,169.971,660,ok,,47cdbd50a8
bf25d3cc60f162fb0b035a6fa6a16b5640729fe7,base,edit,7,15,2913.0431,46.5,0.0214,110.022,180.694,678,ok,,47cdbd50a8
bf25d3cc60f162fb0b035a6fa6a16b5640729fe7,base,edit,8,16,2906.3032,71.2623,0.0214,115.61,22.305,678,ok,,47cdbd50a8
bf25d3cc60f162fb0b035a6fa6a16b5640729fe7,base,edit,9,19,2902.1772,100.1139,0.0214,115.437,305.896,643,ok,,47cdbd50a8
bf25d3cc60f162fb0b035a6fa6a16b5640729fe7,base,edit,10,20,2899.782,30.5,0.0214,118.638,340.195,677,ok,,47cdbd50a8
bf25d3cc60f162fb0b035a6fa6a16b5640729fe7,base,edit,11,23,2897.49,119.8137,0.0214,116.156,23.046,661,ok,,47cdbd50a8
bf25d3cc60f162fb0b035a6fa6a16b5640729fe7,base,edit,12,24,2901.1212,137.8201,0.0214,117.729,305.482,678,ok,,47cdbd50a8
bf25d3cc60f162fb0b035a6fa6a16b5640729fe7,base,edit,13,27,2898.7824,42.5,0.0214,119.338,24.95,642,ok,,47cdbd50a8
bf25d3cc60f162fb0b035a6fa6a16b5640729fe7,base,edit,14,28,2905.3148,34.5,0.0214,117.916,311.259,660,ok,,47cdbd50a8
bf25d3cc60f162fb0b035a6fa6a16b5640729fe7,head,edit,0,1,2913.5392,147.1225,0.0214,109.021,19.121,660,ok,,47cdbd50a8
bf25d3cc60f162fb0b035a6fa6a16b5640729fe7,head,edit,1,2,2902.108,38,0.0214,109.412,164.398,660,outlier,tbtFlow,47cdbd50a8
bf25d3cc60f162fb0b035a6fa6a16b5640729fe7,head,edit,2,5,2907.3148,158.2222,0.0214,107.009,24.99,696,ok,,47cdbd50a8
bf25d3cc60f162fb0b035a6fa6a16b5640729fe7,head,edit,3,6,2903.6732,149.0,0.0214,106.923,180.645,696,outlier,tbtFlow,47cdbd50a8
bf25d3cc60f162fb0b035a6fa6a16b5640729fe7,head,edit,4,9,2895.8275,152,0.0214,118.38,182.727,662,outlier,tbtFlow,47cdbd50a8
bf25d3cc60f162fb0b035a6fa6a16b5640729fe7,head,edit,5,10,2894.1854,157.4794,0.0214,123.512,175.146,679,outlier,tbtFlow,47cdbd50a8
bf25d3cc60f162fb0b035a6fa6a16b5640729fe7,head,edit,6,13,2903.5956,108.0878,0.0214,105.522,13.927,643,ok,,47cdbd50a8
bf25d3cc60f162fb0b035a6fa6a16b5640729fe7,head,edit,7,14,2884.5089,151.5,0.0214,116.168,29.344,679,ok,,47cdbd50a8
bf25d3cc60f162fb0b035a6fa6a16b5640729fe7,head,edit,8,17,2895.2604,132.1522,0.0214,109.468,19.602,660,ok,,47cdbd50a8
bf25d3cc60f162fb0b035a6fa6a16b5640729fe7,head,edit,9,18,2909.6212,51.7349,0.0214,116.471,23.192,679,ok,,47cdbd50a8
bf25d3cc60f162fb0b035a6fa6a16b5640729fe7,head,edit,10,21,2926.2627,71.0339,0.0214,122.916,314.603,733,outlier,tbtFlow,47cdbd50a8
bf25d3cc60f162fb0b035a6fa6a16b5640729fe7,head,edit,11,22,2883.2861,48.5,0.0214,114.368,26.044,660,ok,,47cdbd50a8
bf25d3cc60f162fb0b035a6fa6a16b5640729fe7,head,edit,12,25,2899.2392,35.5,0.0214,105.539,26.705,642,ok,,47cdbd50a8
bf25d3cc60f162fb0b035a6fa6a16b5640729fe7,head,edit,13,26,2903.5168,134.0604,0.0214,107.81,14.305,679,ok,,47cdbd50a8
bf25d3cc60f162fb0b035a6fa6a16b5640729fe7,head,edit,14,29,2899.7112,44,0.0214,115.077,199.051,661,outlier,tbtFlow,47cdbd50a8
8aafb909a66188ebeb599b304fe9351a996acade,base,edit,0,0,2904.5786,181.2691,0.0214,130.354,292.274,711,outlier,tbtFlow,47cdbd50a8
8aafb909a66188ebeb599b304fe9351a996acade,base,edit,1,3,2935.4568,98.3831,0.0214,107.385,15.195,661,outlier,tbtFlow,47cdbd50a8
8aafb909a66188ebeb599b304fe9351a996acade,base,edit,2,4,2902.5708,134.5,0.0214,115.369,161.121,660,ok,,47cdbd50a8
8aafb909a66188ebeb599b304fe9351a996acade,base,edit,3,7,2899.0936,37.8066,0.0214,114.384,156.777,660,ok,,47cdbd50a8
8aafb909a66188ebeb599b304fe9351a996acade,base,edit,4,8,2917.1024,195,0.0214,114.508,189.75,732,outlier,lcpObs,47cdbd50a8
8aafb909a66188ebeb599b304fe9351a996acade,head,edit,0,1,2900.7832,33.0,0.0214,112.422,12.715,660,outlier,tbtFlow,47cdbd50a8
8aafb909a66188ebeb599b304fe9351a996acade,head,edit,1,2,2904.894,38.5,0.0214,122.152,189.117,660,ok,,47cdbd50a8
8aafb909a66188ebeb599b304fe9351a996acade,head,edit,2,5,2919.6584,175.2927,0.0214,107.047,153.082,679,ok,,47cdbd50a8
8aafb909a66188ebeb599b304fe9351a996acade,head,edit,3,6,2908.6897,143.2012,0.0214,108.179,160.096,697,ok,,47cdbd50a8
8aafb909a66188ebeb599b304fe9351a996acade,head,edit,4,9,2881.7117,123.2542,0.0214,120.753,193.488,660,ok,,47cdbd50a8
0479af715b1196981ce02c43aafde4132d801890,base,edit,0,0,2883.0287,45.5,0.0214,115.966,188.275,660,ok,,47cdbd50a8
0479af715b1196981ce02c43aafde4132d801890,base,edit,1,3,2897.9292,116.8794,0.0214,108.002,162.795,660,outlier,tbt,47cdbd50a8
0479af715b1196981ce02c43aafde4132d801890,base,edit,2,4,2914.2604,50,0.0214,106.506,20.208,679,outlier,tbtFlow,47cdbd50a8
0479af715b1196981ce02c43aafde4132d801890,base,edit,3,7,2901.554,130.6529,0.0214,108.428,171.974,661,outlier,tbt,47cdbd50a8
0479af715b1196981ce02c43aafde4132d801890,base,edit,4,8,2910.0539,43.5,0.0214,107.787,177.191,678,ok,,47cdbd50a8
0479af715b1196981ce02c43aafde4132d801890,head,edit,0,1,2887.2791,116.5,0.0214,110.103,175.725,660,ok,,47cdbd50a8
0479af715b1196981ce02c43aafde4132d801890,head,edit,1,2,2901.424,43.5,0.0214,124.111,281.974,678,outlier,tbt,47cdbd50a8
0479af715b1196981ce02c43aafde4132d801890,head,edit,2,5,2908.003,131.8885,0.0214,107.513,27.078,661,ok,,47cdbd50a8
0479af715b1196981ce02c43aafde4132d801890,head,edit,3,6,2901.4504,127.0687,0.0214,107.301,165.936,660,ok,,47cdbd50a8
0479af715b1196981ce02c43aafde4132d801890,head,edit,4,9,2901.5412,127.3074,0.0214,116.961,15.652,660,ok,,47cdbd50a8
4350d7e13af83af8df212eecae87156dcf0cb2d2,base,edit,0,0,2893.0729,70,0.0214,120.558,41.312,678,ok,,47cdbd50a8
4350d7e13af83af8df212eecae87156dcf0cb2d2,base,edit,1,3,2903.2596,127,0.0214,118.811,14.023,679,ok,,47cdbd50a8
4350d7e13af83af8df212eecae87156dcf0cb2d2,base,edit,2,4,2902.7648,34.5,0.0214,106.009,19.634,660,outlier,tbt,47cdbd50a8
4350d7e13af83af8df212eecae87156dcf0cb2d2,base,edit,3,7,2900.3044,119.5,0.0214,117.58,174.629,660,outlier,tbtFlow,47cdbd50a8
4350d7e13af83af8df212eecae87156dcf0cb2d2,base,edit,4,8,2900.4168,114.2448,0.0214,107.021,168.949,661,outlier,tbtFlow,47cdbd50a8
4350d7e13af83af8df212eecae87156dcf0cb2d2,head,edit,0,1,2904.2736,160.4316,0.0214,111.729,163.464,677,ok,,47cdbd50a8
4350d7e13af83af8df212eecae87156dcf0cb2d2,head,edit,1,2,2860.0804,149.245,0.0214,105.997,23.815,661,outlier,tbtFlow,47cdbd50a8
4350d7e13af83af8df212eecae87156dcf0cb2d2,head,edit,2,5,2919.022,183.3723,0.0214,117.518,189.486,679,ok,,47cdbd50a8
4350d7e13af83af8df212eecae87156dcf0cb2d2,head,edit,3,6,2904.9278,43,0.0214,106.57,160.913,658,ok,,47cdbd50a8
4350d7e13af83af8df212eecae87156dcf0cb2d2,head,edit,4,9,2916.7985,74.5,0.0214,111.543,177.976,678,ok,,47cdbd50a8
9777e1782f95de8abf3a72d6b631b9f408cf12a6,base,edit,0,0,2898.6296,49,0.0214,114.553,181.513,695,outlier,tbtFlow,47cdbd50a8
9777e1782f95de8abf3a72d6b631b9f408cf12a6,base,edit,1,3,2861.39,129.1631,0.0214,109.428,158.717,661,ok,,47cdbd50a8
9777e1782f95de8abf3a72d6b631b9f408cf12a6,base,edit,2,4,2905.9196,47,0.0214,107.235,12.06,678,ok,,47cdbd50a8
9777e1782f95de8abf3a72d6b631b9f408cf12a6,base,edit,3,7,2899.6168,84.5479,0.0214,117.529,19.473,696,ok,,47cdbd50a8
9777e1782f95de8abf3a72d6b631b9f408cf12a6,base,edit,4,8,2906.5896,143,0.0214,111.268,41.531,678,ok,,47cdbd50a8
9777e1782f95de8abf3a72d6b631b9f408cf12a6,head,edit,0,1,2912.228,66.7215,0.0214,116.46,73.832,678,ok,,47cdbd50a8
9777e1782f95de8abf3a72d6b631b9f408cf12a6,head,edit,1,2,2908.1102,149.3644,0.0214,113.662,186.962,678,outlier,tbt,47cdbd50a8
9777e1782f95de8abf3a72d6b631b9f408cf12a6,head,edit,2,5,2904.1612,51.0,0.0214,118.775,15.61,661,outlier,tbtFlow,47cdbd50a8
9777e1782f95de8abf3a72d6b631b9f408cf12a6,head,edit,3,6,2907.5484,73.9337,0.0214,119.39,176.536,678,ok,,47cdbd50a8
9777e1782f95de8abf3a72d6b631b9f408cf12a6,head,edit,4,9,2912.409,66.3606,0.0214,105.708,165.171,715,ok,,47cdbd50a8
6b42be28417f8a1fa01d4bc10fc0051f15e29af8,base,edit,0,0,2902.2736,120.7158,0.0214,109.72,11.763,676,outlier,tbtFlow,47cdbd50a8
6b42be28417f8a1fa01d4bc10fc0051f15e29af8,base,edit,1,3,2903.6424,56.5,0.0214,120.631,187.073,678,ok,,47cdbd50a8
6b42be28417f8a1fa01d4bc10fc0051f15e29af8,base,edit,2,4,2900.5692,42.0,0.0214,107.064,159.896,660,ok,,47cdbd50a8
6b42be28417f8a1fa01d4bc10fc0051f15e29af8,base,edit,3,7,2898.22,39.0,0.0214,106.084,172.654,679,ok,,47cdbd50a8
6b42be28417f8a1fa01d4bc10fc0051f15e29af8,base,edit,4,8,2901.4488,98.6594,0.0214,107.246,200.619,660,ok,,47cdbd50a8
6b42be28417f8a1fa01d4bc10fc0051f15e29af8,head,edit,0,1,2903.5564,149.9511,0.0214,107.097,172.932,678,outlier,tbt,47cdbd50a8
6b42be28417f8a1fa01d4bc10fc0051f15e29af8,head,edit,1,2,2900.4448,50.5,0.0214,116.145,84.698,661,ok,,47cdbd50a8
6b42be28417f8a1fa01d4bc10fc0051f15e29af8,head,edit,2,5,2910.1408,39.0157,0.0214,117.341,188.949,713,ok,,47cdbd50a8
6b42be28417f8a1fa01d4bc10fc0051f15e29af8,head,edit,3,6,2905.9118,106.2549,0.0214,106.855,204.807,662,ok,,47cdbd50a8
6b42be28417f8a1fa01d4bc10fc0051f15e29af8,head,edit,4,9,2907.6071,37,0.0214,113.453,29.286,677,outlier,tbtFlow,47cdbd50a8
881648a87e5f1f7a7d206e4deacc0ded46de4959,base,edit,0,0,2862.324,156.5,0.0214,109.498,163.874,659,outlier,tbt,47cdbd50a8
881648a87e5f1f7a7d206e4deacc0ded46de4959,base,edit,1,3,2901.6844,56,0.0214,115.133,163.748,696,ok,,47cdbd50a8
881648a87e5f1f7a7d206e4deacc0ded46de4959,base,edit,2,4,2908.7982,35.5,0.0214,108.012,183.684,660,ok,,47cdbd50a8
881648a87e5f1f7a7d206e4deacc0ded46de4959,base,edit,3,7,2900.8216,43,0.0214,106.514,163.658,695,ok,,47cdbd50a8
881648a87e5f1f7a7d206e4deacc0ded46de4959,base,edit,4,8,2917.2017,149.5,0.0214,116.813,18.066,677,outlier,tbt;tbtFlow,47cdbd50a8
881648a87e5f1f7a7d206e4deacc0ded46de4959,head,edit,0,1,2903.2476,59.5,0.0214,117.067,22.669,679,ok,,47cdbd50a8
881648a87e5f1f7a7d206e4deacc0ded46de4959,head,edit,1,2,2900.0776,41.0,0.0214,113.085,24.961,660,ok,,47cdbd50a8
881648a87e5f1f7a7d206e4deacc0ded46de4959,head,edit,2,5,2902.5584,49.5,0.0214,116.064,171.673,679,outlier,tbtFlow,47cdbd50a8
881648a87e5f1f7a7d206e4deacc0ded46de4959,head,edit,3,6,2859.2428,136.2973,0.0214,104.977,167.276,678,outlier,tbtFlow,47cdbd50a8
881648a87e5f1f7a7d206e4deacc0ded46de4959,head,edit,4,9,2903.8008,139.5249,0.0214,115.7,14.639,678,ok,,47cdbd50a8
5ce27dd981c6064849193a0c7ebbcf13760faedd,base,edit,0,0,2902.4022,116.1884,0.0214,108.995,163.989,659,outlier,tbt,47cdbd50a8
5ce27dd981c6064849193a0c7ebbcf13760faedd,base,edit,1,3,2905.2205,153.031,0.0214,106.99,15.095,678,outlier,tbt;tbtFlow,47cdbd50a8
5ce27dd981c6064849193a0c7ebbcf13760faedd,base,edit,2,4,2901.3768,43.5,0.0214,114.691,156.08,677,ok,,47cdbd50a8
5ce27dd981c6064849193a0c7ebbcf13760faedd,base,edit,3,7,2910.5966,50,0.0214,115.634,19.161,679,outlier,tbtFlow,47cdbd50a8
5ce27dd981c6064849193a0c7ebbcf13760faedd,base,edit,4,8,2900.4423,49.5,0.0214,106.237,168.766,678,ok,,47cdbd50a8
5ce27dd981c6064849193a0c7ebbcf13760faedd,head,edit,0,1,2921.3609,150.9599,0.0214,105.144,198.305,679,ok,,47cdbd50a8
5ce27dd981c6064849193a0c7ebbcf13760faedd,head,edit,1,2,2902.5575,45.5,0.0214,117.513,183.863,697,ok,,47cdbd50a8
5ce27dd981c6064849193a0c7ebbcf13760faedd,head,edit,2,5,2900.462,162.2211,0.0214,107.563,26.615,697,outlier,tbtFlow,47cdbd50a8
5ce27dd981c6064849193a0c7ebbcf13760faedd,head,edit,3,6,2900.7904,115.3024,0.0214,108.076,24.851,677,outlier,tbtFlow,47cdbd50a8
5ce27dd981c6064849193a0c7ebbcf13760faedd,head,edit,4,9,2904.0769,44.5,0.0214,122.323,216.497,661,ok,,47cdbd50a8
48c23374a4cd28c91ed42f44af257c4b46d4a5a9,base,edit,0,0,2900.7728,159.9034,0.0214,108.03,164.5,677,ok,,47cdbd50a8
48c23374a4cd28c91ed42f44af257c4b46d4a5a9,base,edit,1,3,2908.9532,42,0.0214,118.009,177.608,678,ok,,47cdbd50a8
48c23374a4cd28c91ed42f44af257c4b46d4a5a9,base,edit,2,4,2902.69,38.5,0.0214,116.652,196.533,658,ok,,47cdbd50a8
48c23374a4cd28c91ed42f44af257c4b46d4a5a9,base,edit,3,7,2913.2124,156.7859,0.0214,117.469,18.629,678,outlier,tbtFlow,47cdbd50a8
48c23374a4cd28c91ed42f44af257c4b46d4a5a9,base,edit,4,8,2901.8728,42.5,0.0214,107.981,175.582,679,ok,,47cdbd50a8
48c23374a4cd28c91ed42f44af257c4b46d4a5a9,base,edit,5,11,2905.7336,130.0,0.0214,106.556,187.744,679,ok,,47cdbd50a8
48c23374a4cd28c91ed42f44af257c4b46d4a5a9,base,edit,6,12,2899.8228,117.5665,0.0214,122.075,208.809,679,ok,,47cdbd50a8
48c23374a4cd28c91ed42f44af257c4b46d4a5a9,base,edit,7,15,2857.264,106.184,0.0214,117.053,51.272,641,outlier,tbtFlow,47cdbd50a8
48c23374a4cd28c91ed42f44af257c4b46d4a5a9,base,edit,8,16,2859.5932,53.5,0.0214,107.486,199.485,641,ok,,47cdbd50a8
48c23374a4cd28c91ed42f44af257c4b46d4a5a9,base,edit,9,19,2901.4214,95.8099,0.0214,116.344,31.431,659,outlier,tbtFlow,47cdbd50a8
48c23374a4cd28c91ed42f44af257c4b46d4a5a9,base,edit,10,20,2909.2796,141.1911,0.0214,107.947,175.865,660,ok,,47cdbd50a8
48c23374a4cd28c91ed42f44af257c4b46d4a5a9,base,edit,11,23,2900.3388,162.7288,0.0214,115.371,17.814,695,outlier,tbtFlow,47cdbd50a8
48c23374a4cd28c91ed42f44af257c4b46d4a5a9,base,edit,12,24,2908.0059,52.5,0.0214,108.201,178.326,679,ok,,47cdbd50a8
48c23374a4cd28c91ed42f44af257c4b46d4a5a9,base,edit,13,27,2896.9708,132.9393,0.0214,109.382,176.724,678,ok,,47cdbd50a8
48c23374a4cd28c91ed42f44af257c4b46d4a5a9,base,edit,14,28,2899.0784,48.0,0.0214,106.781,182.902,660,ok,,47cdbd50a8
48c23374a4cd28c91ed42f44af257c4b46d4a5a9,head,edit,0,1,2908.3895,115.2345,0.0214,118.185,16.604,679,ok,,47cdbd50a8
48c23374a4cd28c91ed42f44af257c4b46d4a5a9,head,edit,1,2,2906.1048,135.6054,0.0214,106.095,25.409,661,ok,,47cdbd50a8
48c23374a4cd28c91ed42f44af257c4b46d4a5a9,head,edit,2,5,2898.9016,41.5,0.0214,116.208,155.009,678,ok,,47cdbd50a8
48c23374a4cd28c91ed42f44af257c4b46d4a5a9,head,edit,3,6,2903.668,46.5,0.0214,106.79,19.592,677,ok,,47cdbd50a8
48c23374a4cd28c91ed42f44af257c4b46d4a5a9,head,edit,4,9,2902.0818,119.9354,0.0214,112.556,21.72,660,ok,,47cdbd50a8
48c23374a4cd28c91ed42f44af257c4b46d4a5a9,head,edit,5,10,2901.778,43.0,0.0214,116.796,162.783,679,ok,,47cdbd50a8
48c23374a4cd28c91ed42f44af257c4b46d4a5a9,head,edit,6,13,2900.5352,42.5,0.0214,107.003,158.411,660,ok,,47cdbd50a8
48c23374a4cd28c91ed42f44af257c4b46d4a5a9,head,edit,7,14,2862.6436,148.0,0.0214,108.115,208.016,677,outlier,tbt,47cdbd50a8
48c23374a4cd28c91ed42f44af257c4b46d4a5a9,head,edit,8,17,2899.912,55.5,0.0214,115.572,220.861,714,ok,,47cdbd50a8
48c23374a4cd28c91ed42f44af257c4b46d4a5a9,head,edit,9,18,2905.1628,221.2507,0.0214,114.838,255.419,696,outlier,tbt,47cdbd50a8
48c23374a4cd28c91ed42f44af257c4b46d4a5a9,head,edit,10,21,2864.8804,60,0.0214,111.385,158.279,679,ok,,47cdbd50a8
48c23374a4cd28c91ed42f44af257c4b46d4a5a9,head,edit,11,22,2904.03,48,0.0214,108.822,38.968,660,ok,,47cdbd50a8
48c23374a4cd28c91ed42f44af257c4b46d4a5a9,head,edit,12,25,2899.5348,100.8314,0.0214,119.266,195.847,678,ok,,47cdbd50a8
48c23374a4cd28c91ed42f44af257c4b46d4a5a9,head,edit,13,26,2902.6944,41.5,0.0214,107.569,12.684,660,ok,,47cdbd50a8
48c23374a4cd28c91ed42f44af257c4b46d4a5a9,head,edit,14,29,2902.9572,66.5,0.0214,105.666,14.641,697,ok,,47cdbd50a8
91fc0895b2db80fd676cbf7e6d27e772bf89dd6b,base,edit,0,0,2902.3972,47.0,0.0214,118.574,17.315,660,outlier,tbt;tbtFlow,47cdbd50a8
91fc0895b2db80fd676cbf7e6d27e772bf89dd6b,base,edit,1,3,2899.6696,132.2707,0.0214,106.804,171.479,678,ok,,47cdbd50a8
91fc0895b2db80fd676cbf7e6d27e772bf89dd6b,base,edit,2,4,2914.0395,148.72,0.0214,117.308,184.709,660,ok,,47cdbd50a8
91fc0895b2db80fd676cbf7e6d27e772bf89dd6b,base,edit,3,7,2865.6756,152.3953,0.0214,116.789,159.192,728,outlier,lcpObs,47cdbd50a8
91fc0895b2db80fd676cbf7e6d27e772bf89dd6b,base,edit,4,8,2902.5196,146.5925,0.0214,105.242,15.676,661,outlier,tbtFlow,47cdbd50a8
91fc0895b2db80fd676cbf7e6d27e772bf89dd6b,head,edit,0,1,2902.9543,125.3435,0.0214,117.203,175.048,660,ok,,47cdbd50a8
91fc0895b2db80fd676cbf7e6d27e772bf89dd6b,head,edit,1,2,2896.4948,66.8756,0.0214,119.551,236.349,731,outlier,lcpObs,47cdbd50a8
91fc0895b2db80fd676cbf7e6d27e772bf89dd6b,head,edit,2,5,2901.3968,108.1627,0.0214,108.286,159.706,679,ok,,47cdbd50a8
91fc0895b2db80fd676cbf7e6d27e772bf89dd6b,head,edit,3,6,2900.5796,175.1413,0.0214,118.108,14.955,679,ok,,47cdbd50a8
91fc0895b2db80fd676cbf7e6d27e772bf89dd6b,head,edit,4,9,2907.876,52.5,0.0214,119.121,226.964,679,ok,,47cdbd50a8
0683cdbaa2dbab2ce087f6581c046155ced43721,base,edit,0,0,2903.0585,125.549,0.0214,116.919,12.463,677,ok,,47cdbd50a8
0683cdbaa2dbab2ce087f6581c046155ced43721,base,edit,1,3,2906.1655,44,0.0214,118.544,18.847,660,ok,,47cdbd50a8
0683cdbaa2dbab2ce087f6581c046155ced43721,base,edit,2,4,2917.9021,147.8943,0.0214,108.04,158.153,677,ok,,47cdbd50a8
0683cdbaa2dbab2ce087f6581c046155ced43721,base,edit,3,7,2907.1537,37.5,0.0214,106.85,15.747,678,ok,,47cdbd50a8
0683cdbaa2dbab2ce087f6581c046155ced43721,base,edit,4,8,2900.9472,53.5,0.0214,111.16,27.761,679,ok,,47cdbd50a8
0683cdbaa2dbab2ce087f6581c046155ced43721,base,edit,5,11,2902.5564,119.0902,0.0214,109.907,162.028,660,ok,,47cdbd50a8
0683cdbaa2dbab2ce087f6581c046155ced43721,base,edit,6,12,2901.0988,56,0.0214,116.636,193.084,677,ok,,47cdbd50a8
0683cdbaa2dbab2ce087f6581c046155ced43721,base,edit,7,15,2903.725,34.5,0.0214,117.544,19.2,659,ok,,47cdbd50a8
0683cdbaa2dbab2ce087f6581c046155ced43721,base,edit,8,16,2902.64,166,0.0214,111.356,272.031,697,outlier,tbt,47cdbd50a8
0683cdbaa2dbab2ce087f6581c046155ced43721,base,edit,9,19,2899.2948,159.2941,0.0214,110.499,23.343,678,ok,,47cdbd50a8
0683cdbaa2dbab2ce087f6581c046155ced43721,base,edit,10,20,2900.2776,32.0,0.0214,117.342,27.682,660,ok,,47cdbd50a8
0683cdbaa2dbab2ce087f6581c046155ced43721,base,edit,11,23,2900.2344,37.5,0.0214,116.602,178.535,661,ok,,47cdbd50a8
0683cdbaa2dbab2ce087f6581c046155ced43721,base,edit,12,24,2900.2116,36.5,0.0214,103.699,190.043,661,ok,,47cdbd50a8
0683cdbaa2dbab2ce087f6581c046155ced43721,base,edit,13,27,2904.8968,133.8879,0.0214,116.005,172.728,678,ok,,47cdbd50a8
0683cdbaa2dbab2ce087f6581c046155ced43721,base,edit,14,28,2901.5457,149.9343,0.0214,124.068,180.486,679,ok,,47cdbd50a8
0683cdbaa2dbab2ce087f6581c046155ced43721,head,edit,0,1,2910.0176,195.8426,0.0273,138.123,231.318,748,ok,,a913f3b39f
0683cdbaa2dbab2ce087f6581c046155ced43721,head,edit,1,2,2907.7544,138.7653,0.027,136.451,209.697,732,ok,,a35fb0c471
0683cdbaa2dbab2ce087f6581c046155ced43721,head,edit,2,5,2904.3069,68.5429,0.0273,149.606,230.423,749,ok,,a913f3b39f
0683cdbaa2dbab2ce087f6581c046155ced43721,head,edit,3,6,2901.9864,186.1571,0.0273,139.008,216.155,732,ok,,a913f3b39f
0683cdbaa2dbab2ce087f6581c046155ced43721,head,edit,4,9,2901.7792,163.1388,0.0267,124.593,54.253,731,outlier,tbtFlow,47cdbd50a8
0683cdbaa2dbab2ce087f6581c046155ced43721,head,edit,5,10,2908.8176,180.1677,0.0272,139.532,234.237,768,ok,,8e5b657429
0683cdbaa2dbab2ce087f6581c046155ced43721,head,edit,6,13,2910.5036,169.5623,0.0273,120.162,223.496,750,ok,,a913f3b39f
0683cdbaa2dbab2ce087f6581c046155ced43721,head,edit,7,14,2898.816,43.5,0.0273,136.407,215.411,714,outlier,tbt,a913f3b39f
0683cdbaa2dbab2ce087f6581c046155ced43721,head,edit,8,17,2907.8731,60.5,0.0272,139.162,195.544,751,outlier,tbt,2f3b3ece6d
0683cdbaa2dbab2ce087f6581c046155ced43721,head,edit,9,18,2900.1324,141.2417,0.0267,135.296,211.495,732,ok,,47cdbd50a8
0683cdbaa2dbab2ce087f6581c046155ced43721,head,edit,10,21,2903.1788,167.3951,0.0273,132.475,229.332,751,ok,,a913f3b39f
0683cdbaa2dbab2ce087f6581c046155ced43721,head,edit,11,22,2900.6256,164.7734,0.0267,123.629,193.072,733,ok,,47cdbd50a8
0683cdbaa2dbab2ce087f6581c046155ced43721,head,edit,12,25,2905.1488,154.6782,0.0267,138.139,224.635,750,ok,,47cdbd50a8
0683cdbaa2dbab2ce087f6581c046155ced43721,head,edit,13,26,2898.6636,181.1671,0.0267,122.67,178.801,750,ok,,47cdbd50a8
0683cdbaa2dbab2ce087f6581c046155ced43721,head,edit,14,29,2903.7172,33.5,0.0267,138.677,225.138,731,outlier,tbt,47cdbd50a8
99dd67e359d5d18590401fb0d1fa4cd9eff48200,base,edit,0,0,2904.3571,35.1468,0.0273,117.097,213.725,749,ok,,a913f3b39f
99dd67e359d5d18590401fb0d1fa4cd9eff48200,base,edit,1,3,2902.54,65,0.0273,139.304,250.101,732,ok,,a913f3b39f
99dd67e359d5d18590401fb0d1fa4cd9eff48200,base,edit,2,4,2910.0808,198.5575,0.0267,150.399,202.275,733,outlier,tbt,47cdbd50a8
99dd67e359d5d18590401fb0d1fa4cd9eff48200,base,edit,3,7,2902.1536,45.5,0.0267,138.673,234.548,732,ok,,47cdbd50a8
99dd67e359d5d18590401fb0d1fa4cd9eff48200,base,edit,4,8,2901.5764,42.5,0.027,153.02,247.793,730,ok,,a35fb0c471
99dd67e359d5d18590401fb0d1fa4cd9eff48200,head,edit,0,1,2908.4772,172.1279,0.0279,137.78,206.02,766,ok,,8b7887f619
99dd67e359d5d18590401fb0d1fa4cd9eff48200,head,edit,1,2,2919.95,175.0063,0.0272,124.047,218.298,732,ok,,897afa625b
99dd67e359d5d18590401fb0d1fa4cd9eff48200,head,edit,2,5,2906.5403,36.5,0.0279,126.684,231.564,751,outlier,tbt,8b7887f619
99dd67e359d5d18590401fb0d1fa4cd9eff48200,head,edit,3,6,2919.1616,100.2923,0.0272,127.17,235.566,769,outlier,tbt,897afa625b
99dd67e359d5d18590401fb0d1fa4cd9eff48200,head,edit,4,9,2901.6136,161.7116,0.028,137.939,238.024,750,ok,,629aa4bd9a
b577f4b2d4dfc8ca2b766ce716357213f9d95876,base,edit,0,0,2904.5636,168,0.028,121.64,213.051,730,ok,,629aa4bd9a
b577f4b2d4dfc8ca2b766ce716357213f9d95876,base,edit,1,3,2900.7,161.2063,0.0279,140.095,235.751,750,ok,,8b7887f619
b577f4b2d4dfc8ca2b766ce716357213f9d95876,base,edit,2,4,2905.954,52.5,0.0279,140.385,200.268,732,outlier,tbt,8b7887f619
b577f4b2d4dfc8ca2b766ce716357213f9d95876,base,edit,3,7,2905.4452,177.6284,0.028,120.751,224.431,733,ok,,629aa4bd9a
b577f4b2d4dfc8ca2b766ce716357213f9d95876,base,edit,4,8,2900.7068,172.8621,0.028,122.154,208.695,731,ok,,629aa4bd9a
b577f4b2d4dfc8ca2b766ce716357213f9d95876,head,edit,0,1,2904.3326,120.2315,0.0279,139.539,217.822,732,ok,,8b7887f619
b577f4b2d4dfc8ca2b766ce716357213f9d95876,head,edit,1,2,2909.0548,191.9817,0.028,138.187,194.667,715,ok,,629aa4bd9a
b577f4b2d4dfc8ca2b766ce716357213f9d95876,head,edit,2,5,2900.9928,133.688,0.0272,138.649,217.323,732,ok,,897afa625b
b577f4b2d4dfc8ca2b766ce716357213f9d95876,head,edit,3,6,2902.8108,33.5,0.0272,143.972,191.46,750,ok,,897afa625b
b577f4b2d4dfc8ca2b766ce716357213f9d95876,head,edit,4,9,2900.4348,195.8092,0.0272,139.441,233.985,733,ok,,897afa625b
273a2c06c00d0531a41ca996f46b21b0c1f6f8a3,base,edit,0,0,2901.0544,159.6841,0.028,138.127,190.905,749,ok,,629aa4bd9a
273a2c06c00d0531a41ca996f46b21b0c1f6f8a3,base,edit,1,3,2907.4854,154.1397,0.028,121.556,196.688,732,ok,,629aa4bd9a
273a2c06c00d0531a41ca996f46b21b0c1f6f8a3,base,edit,2,4,2903.0433,33.5,0.0279,131.42,234.358,749,outlier,tbt,8b7887f619
273a2c06c00d0531a41ca996f46b21b0c1f6f8a3,base,edit,3,7,2900.5156,145.7178,0.028,138.885,218.644,732,ok,,629aa4bd9a
273a2c06c00d0531a41ca996f46b21b0c1f6f8a3,base,edit,4,8,2901.8352,179.8853,0.0279,118.115,202.703,751,ok,,8b7887f619
273a2c06c00d0531a41ca996f46b21b0c1f6f8a3,head,edit,0,1,2904.3292,145.4794,0.028,136.712,233.331,768,ok,,629aa4bd9a
273a2c06c00d0531a41ca996f46b21b0c1f6f8a3,head,edit,1,2,2908.1961,212.6835,0.0279,111.777,192.846,733,outlier,tbt;inp,8b7887f619
273a2c06c00d0531a41ca996f46b21b0c1f6f8a3,head,edit,2,5,2903.4705,68.87,0.0279,134.512,205.136,751,outlier,tbt,8b7887f619
273a2c06c00d0531a41ca996f46b21b0c1f6f8a3,head,edit,3,6,2905.4313,156.8486,0.0279,137.118,207.223,714,ok,,8b7887f619
273a2c06c00d0531a41ca996f46b21b0c1f6f8a3,head,edit,4,9,2902.4306,136.5,0.028,124.431,206.753,751,ok,,629aa4bd9a
1da5a3c19331458d275484b7ec449767f2d60fb2,base,edit,0,0,2911.4149,62.5,0.028,139.033,205.766,730,ok,,629aa4bd9a
1da5a3c19331458d275484b7ec449767f2d60fb2,base,edit,1,3,2905.7598,35,0.0279,138.697,209.971,714,ok,,8b7887f619
1da5a3c19331458d275484b7ec449767f2d60fb2,base,edit,2,4,2903.617,172.5425,0.0272,124.419,220.84,750,ok,,897afa625b
1da5a3c19331458d275484b7ec449767f2d60fb2,base,edit,3,7,2900.772,199.7018,0.028,140.132,207.209,768,outlier,tbt,629aa4bd9a
1da5a3c19331458d275484b7ec449767f2d60fb2,base,edit,4,8,2905.0325,35.0,0.0272,124.166,204.814,750,ok,,897afa625b
1da5a3c19331458d275484b7ec449767f2d60fb2,head,edit,0,1,2903.4472,58.5,0.0272,139.027,207.49,733,ok,,897afa625b
1da5a3c19331458d275484b7ec449767f2d60fb2,head,edit,1,2,2904.6104,152.0,0.028,138.031,221.781,751,outlier,tbt,629aa4bd9a
1da5a3c19331458d275484b7ec449767f2d60fb2,head,edit,2,5,2905.1864,201.1758,0.0272,117.204,194.484,749,outlier,tbt;inp,897afa625b
1da5a3c19331458d275484b7ec449767f2d60fb2,head,edit,3,6,2908.6399,59.5,0.0279,121.947,200.524,733,ok,,8b7887f619
1da5a3c19331458d275484b7ec449767f2d60fb2,head,edit,4,9,2902.0084,46.0,0.028,140.164,227.446,732,ok,,629aa4bd9a
19b82c3d44b0e3a56a5a38209adf35062286b656,base,edit,0,0,2908.1242,188.2431,0.0272,139.216,221.661,749,ok,,897afa625b
19b82c3d44b0e3a56a5a38209adf35062286b656,base,edit,1,3,2899.048,164.3862,0.0272,111.809,198.98,751,outlier,inp,897afa625b
19b82c3d44b0e3a56a5a38209adf35062286b656,base,edit,2,4,2903.2664,82.3875,0.0279,138.963,226.624,769,ok,,8b7887f619
19b82c3d44b0e3a56a5a38209adf35062286b656,base,edit,3,7,2904.055,133.5,0.0279,139.472,227.635,750,ok,,8b7887f619
19b82c3d44b0e3a56a5a38209adf35062286b656,base,edit,4,8,2904.4187,34.0,0.0272,139.564,217.563,733,ok,,897afa625b
19b82c3d44b0e3a56a5a38209adf35062286b656,head,edit,0,1,2917.589,226.0685,0.0272,146.217,219.342,732,ok,,897afa625b
19b82c3d44b0e3a56a5a38209adf35062286b656,head,edit,1,2,2907.2095,169.8979,0.0272,138.814,202.118,749,ok,,897afa625b
19b82c3d44b0e3a56a5a38209adf35062286b656,head,edit,2,5,2904.7469,47,0.028,140.068,229.904,750,ok,,629aa4bd9a
19b82c3d44b0e3a56a5a38209adf35062286b656,head,edit,3,6,2904.5804,50.3242,0.028,136.515,220.589,751,ok,,629aa4bd9a
19b82c3d44b0e3a56a5a38209adf35062286b656,head,edit,4,9,2904.4424,141.9447,0.028,139.191,230.898,750,ok,,629aa4bd9a
2275404e9dfa9a2bcdc1ecd9e84268ca47de8339,base,edit,0,0,2901.2883,46.5,0.0272,124.521,189.367,731,ok,,897afa625b
2275404e9dfa9a2bcdc1ecd9e84268ca47de8339,base,edit,1,3,2904.3038,53,0.028,140.584,198.168,713,ok,,629aa4bd9a
2275404e9dfa9a2bcdc1ecd9e84268ca47de8339,base,edit,2,4,2899.7352,41.5,0.028,138.211,222.859,714,ok,,629aa4bd9a
2275404e9dfa9a2bcdc1ecd9e84268ca47de8339,base,edit,3,7,2904.7549,131.6939,0.028,124.463,199.375,714,ok,,629aa4bd9a
2275404e9dfa9a2bcdc1ecd9e84268ca47de8339,base,edit,4,8,2903.3891,51,0.028,153.135,239.625,731,ok,,629aa4bd9a
2275404e9dfa9a2bcdc1ecd9e84268ca47de8339,base,edit,5,11,2901.4311,45,0.028,141.497,208.491,715,ok,,629aa4bd9a
2275404e9dfa9a2bcdc1ecd9e84268ca47de8339,base,edit,6,12,2914.2603,76.2873,0.0279,136.164,229.18,750,ok,,8b7887f619
2275404e9dfa9a2bcdc1ecd9e84268ca47de8339,base,edit,7,15,2907.6324,145.0,0.0272,122.853,261.05,716,ok,,897afa625b
2275404e9dfa9a2bcdc1ecd9e84268ca47de8339,base,edit,8,16,2926.5085,108.0785,0.0272,153.04,239.42,767,ok,,897afa625b
2275404e9dfa9a2bcdc1ecd9e84268ca47de8339,base,edit,9,19,2901.6362,55.0,0.0272,143.739,216.177,733,ok,,897afa625b
2275404e9dfa9a2bcdc1ecd9e84268ca47de8339,base,edit,10,20,2901.6571,135.769,0.0272,136.837,229.947,713,ok,,897afa625b
2275404e9dfa9a2bcdc1ecd9e84268ca47de8339,base,edit,11,23,2906.5068,76,0.0272,126.234,213.249,750,ok,,897afa625b
2275404e9dfa9a2bcdc1ecd9e84268ca47de8339,base,edit,12,24,2907.1416,204.0448,0.028,138.52,257.002,768,ok,,629aa4bd9a
2275404e9dfa9a2bcdc1ecd9e84268ca47de8339,base,edit,13,27,2899.7912,213.1511,0.0279,140.108,236.2,751,ok,,8b7887f619
2275404e9dfa9a2bcdc1ecd9e84268ca47de8339,base,edit,14,28,2901.3125,157.3438,0.0279,123.112,230.788,732,ok,,8b7887f619
2275404e9dfa9a2bcdc1ecd9e84268ca47de8339,head,edit,0,1,2930.2724,63.5,0.0009,152.853,218.684,733,ok,,629aa4bd9a
2275404e9dfa9a2bcdc1ecd9e84268ca47de8339,head,edit,1,2,2926.7236,74.5,0.0008,136.944,208.842,750,ok,,897afa625b
2275404e9dfa9a2bcdc1ecd9e84268ca47de8339,head,edit,2,5,2922.3472,45,0.0008,136.75,208.799,732,ok,,897afa625b
2275404e9dfa9a2bcdc1ecd9e84268ca47de8339,head,edit,3,6,2926.0193,62.5,0.0012,141.885,196.236,751,ok,,8b7887f619
2275404e9dfa9a2bcdc1ecd9e84268ca47de8339,head,edit,4,9,2927.7257,54.1698,0.0009,141.172,210.535,769,ok,,629aa4bd9a
2275404e9dfa9a2bcdc1ecd9e84268ca47de8339,head,edit,5,10,2934.7871,64.9586,0.0009,151.385,204.713,751,ok,,629aa4bd9a
2275404e9dfa9a2bcdc1ecd9e84268ca47de8339,head,edit,6,13,2922.1413,58,0.0009,137.372,236.861,750,ok,,629aa4bd9a
2275404e9dfa9a2bcdc1ecd9e84268ca47de8339,head,edit,7,14,2920.6568,181.7089,0.0008,140.263,248.259,750,outlier,tbt;tbtFlow,897afa625b
2275404e9dfa9a2bcdc1ecd9e84268ca47de8339,head,edit,8,17,2919.1857,164.3786,0.0012,130.371,48.397,733,outlier,tbt;tbtFlow,8b7887f619
2275404e9dfa9a2bcdc1ecd9e84268ca47de8339,head,edit,9,18,2923.5222,53.0,0.0008,169.611,269.959,731,outlier,inp;tbtFlow,897afa625b
2275404e9dfa9a2bcdc1ecd9e84268ca47de8339,head,edit,10,21,2938.0245,77.2805,0.0012,151.394,203.529,750,ok,,8b7887f619
2275404e9dfa9a2bcdc1ecd9e84268ca47de8339,head,edit,11,22,2926.7513,174.5971,0.0012,142.482,242.521,733,outlier,tbt,8b7887f619
2275404e9dfa9a2bcdc1ecd9e84268ca47de8339,head,edit,12,25,2926.5628,63.5,0.0012,139.079,218.1,714,ok,,8b7887f619
2275404e9dfa9a2bcdc1ecd9e84268ca47de8339,head,edit,13,26,2926.9509,58.0501,0.0012,136.667,210.577,750,ok,,8b7887f619
2275404e9dfa9a2bcdc1ecd9e84268ca47de8339,head,edit,14,29,2921.2835,60,0.0009,140.654,229.372,749,ok,,629aa4bd9a
ce50b65cde16da7d1a52fc2724b78ae0e92bee27,base,edit,0,0,2929.365,61.835,0.0008,124.272,212.866,765,ok,,897afa625b
ce50b65cde16da7d1a52fc2724b78ae0e92bee27,base,edit,1,3,2924.082,236.1824,0.0009,132.724,219.929,768,outlier,tbt,629aa4bd9a
ce50b65cde16da7d1a52fc2724b78ae0e92bee27,base,edit,2,4,2922.1768,55.5,0.0009,139.22,222.345,767,ok,,629aa4bd9a
ce50b65cde16da7d1a52fc2724b78ae0e92bee27,base,edit,3,7,2925.2572,203,0.0008,148.659,227.559,769,outlier,tbt,897afa625b
ce50b65cde16da7d1a52fc2724b78ae0e92bee27,base,edit,4,8,2934.733,41.0,0.0009,142.141,246.875,750,ok,,629aa4bd9a
ce50b65cde16da7d1a52fc2724b78ae0e92bee27,head,edit,0,1,2922.8451,48.0,0.0008,139.354,217.233,733,ok,,897afa625b
ce50b65cde16da7d1a52fc2724b78ae0e92bee27,head,edit,1,2,2925.0232,58.5,0.0009,139.517,211.982,733,ok,,629aa4bd9a
ce50b65cde16da7d1a52fc2724b78ae0e92bee27,head,edit,2,5,2930.8354,76.3706,0.0012,135.973,207.715,751,ok,,8b7887f619
ce50b65cde16da7d1a52fc2724b78ae0e92bee27,head,edit,3,6,2921.8484,201.1345,0.0012,139.134,204.973,769,ok,,8b7887f619
ce50b65cde16da7d1a52fc2724b78ae0e92bee27,head,edit,4,9,2918.5695,156.885,0.0009,139.166,207.286,751,ok,,629aa4bd9a
5a7ee057c35a276a2583d268eb7c42dbffedee0e,base,edit,0,0,2925.2843,172.6786,0.0012,139.604,197.979,731,ok,,8b7887f619
5a7ee057c35a276a2583d268eb7c42dbffedee0e,base,edit,1,3,2925.1568,74.2952,0.0008,138.232,219.38,751,ok,,897afa625b
5a7ee057c35a276a2583d268eb7c42dbffedee0e,base,edit,2,4,2925.4496,154.5,0.0012,137.954,219.006,733,ok,,8b7887f619
5a7ee057c35a276a2583d268eb7c42dbffedee0e,base,edit,3,7,2924.8448,167.2759,0.0008,123.966,196.524,731,ok,,897afa625b
5a7ee057c35a276a2583d268eb7c42dbffedee0e,base,edit,4,8,2930.2719,68.0,0.0009,127.666,217.102,751,ok,,629aa4bd9a
5a7ee057c35a276a2583d268eb7c42dbffedee0e,base,edit,5,11,2923.3166,200.8435,0.0008,138.357,233.722,750,ok,,897afa625b
5a7ee057c35a276a2583d268eb7c42dbffedee0e,base,edit,6,12,2925.9787,54.0,0.0009,147.376,213.058,749,ok,,629aa4bd9a
5a7ee057c35a276a2583d268eb7c42dbffedee0e,base,edit,7,15,2922.6434,203.1587,0.0008,138.991,240.123,750,ok,,897afa625b
5a7ee057c35a276a2583d268eb7c42dbffedee0e,base,edit,8,16,2928.6353,177.3814,0.0012,140.719,200.707,732,ok,,8b7887f619
5a7ee057c35a276a2583d268eb7c42dbffedee0e,base,edit,9,19,2918.662,159.8336,0.0009,147.288,276.41,731,ok,,629aa4bd9a
5a7ee057c35a276a2583d268eb7c42dbffedee0e,base,edit,10,20,2937.8,209.1778,0.0012,124.488,235.288,749,ok,,8b7887f619
5a7ee057c35a276a2583d268eb7c42dbffedee0e,base,edit,11,23,2924.3203,53,0.0008,121.041,195.412,733,ok,,897afa625b
5a7ee057c35a276a2583d268eb7c42dbffedee0e,base,edit,12,24,2938.0648,188.2464,0.0008,128.582,188.889,751,ok,,897afa625b
5a7ee057c35a276a2583d268eb7c42dbffedee0e,base,edit,13,27,2924.301,215.7333,0.0012,116.833,204.18,732,ok,,8b7887f619
5a7ee057c35a276a2583d268eb7c42dbffedee0e,base,edit,14,28,2927.1369,159.798,0.0012,137.192,226.647,733,ok,,8b7887f619
5a7ee057c35a276a2583d268eb7c42dbffedee0e,head,edit,0,1,2951.2995,114.3777,0.0012,146.167,283.946,749,ok,,8b7887f619
5a7ee057c35a276a2583d268eb7c42dbffedee0e,head,edit,1,2,2936.8161,195.8713,0.0009,138.728,249.328,732,ok,,629aa4bd9a
5a7ee057c35a276a2583d268eb7c42dbffedee0e,head,edit,2,5,2940.0374,65.5,0.0009,119.087,264.274,750,outlier,inp,629aa4bd9a
5a7ee057c35a276a2583d268eb7c42dbffedee0e,head,edit,3,6,2940.7928,92.7477,0.0008,151.824,361.556,769,outlier,tbtFlow,897afa625b
5a7ee057c35a276a2583d268eb7c42dbffedee0e,head,edit,4,9,2934.5708,172.0,0.0008,140.461,252.541,769,ok,,897afa625b
5a7ee057c35a276a2583d268eb7c42dbffedee0e,head,edit,5,10,2947.146,207.853,0.0009,140.55,252.985,748,ok,,629aa4bd9a
5a7ee057c35a276a2583d268eb7c42dbffedee0e,head,edit,6,13,2929.1789,140.7579,0.0008,117.282,287.586,715,outlier,inp,897afa625b
5a7ee057c35a276a2583d268eb7c42dbffedee0e,head,edit,7,14,2943.4632,93.6033,0.0009,138.451,252.893,768,ok,,629aa4bd9a
5a7ee057c35a276a2583d268eb7c42dbffedee0e,head,edit,8,17,2932.7652,173.3464,0.0008,140.519,256.502,733,ok,,897afa625b
5a7ee057c35a276a2583d268eb7c42dbffedee0e,head,edit,9,18,2957.6528,108.0,0.0008,154.36,283.932,733,ok,,897afa625b
5a7ee057c35a276a2583d268eb7c42dbffedee0e,head,edit,10,21,2938.8878,77.5,0.0008,138.729,280.443,732,ok,,897afa625b
5a7ee057c35a276a2583d268eb7c42dbffedee0e,head,edit,11,22,2937.8696,230.035,0.0008,142.153,255.323,786,ok,,897afa625b
5a7ee057c35a276a2583d268eb7c42dbffedee0e,head,edit,12,25,2930.1597,170.4356,0.0009,127.214,256.906,734,ok,,629aa4bd9a
5a7ee057c35a276a2583d268eb7c42dbffedee0e,head,edit,13,26,2940.0576,68.4509,0.0012,146.438,239.018,733,ok,,8b7887f619
5a7ee057c35a276a2583d268eb7c42dbffedee0e,head,edit,14,29,2936.9788,146.007,0.0008,140.784,300.909,734,outlier,tbtFlow,897afa625b
5817555d918a2d745fc82d48d07d48960f1ef7cf,base,edit,0,0,2939.519,227.5545,0.0008,154.204,282.165,749,ok,,897afa625b
5817555d918a2d745fc82d48d07d48960f1ef7cf,base,edit,1,3,2940.2276,211.2575,0.0009,139.932,276.595,732,ok,,629aa4bd9a
5817555d918a2d745fc82d48d07d48960f1ef7cf,base,edit,2,4,2937.3547,69.4839,0.0012,147.395,256.935,733,ok,,8b7887f619
5817555d918a2d745fc82d48d07d48960f1ef7cf,base,edit,3,7,2934.5185,71.5,0.0012,137.138,297.887,733,ok,,8b7887f619
5817555d918a2d745fc82d48d07d48960f1ef7cf,base,edit,4,8,2930.0014,193.8055,0.0009,135.544,266.785,732,ok,,629aa4bd9a
5817555d918a2d745fc82d48d07d48960f1ef7cf,head,edit,0,1,2933.3698,185.1739,0.0009,140.467,275.541,748,ok,,629aa4bd9a
5817555d918a2d745fc82d48d07d48960f1ef7cf,head,edit,1,2,2932.8914,66,0.0012,153.433,389.143,750,outlier,tbtFlow,8b7887f619
5817555d918a2d745fc82d48d07d48960f1ef7cf,head,edit,2,5,2936.7105,78,0.0012,124.476,271.324,749,ok,,8b7887f619
5817555d918a2d745fc82d48d07d48960f1ef7cf,head,edit,3,6,2947.7676,91.5,0.0009,136.601,278.724,751,ok,,629aa4bd9a
5817555d918a2d745fc82d48d07d48960f1ef7cf,head,edit,4,9,2932.0177,210.3324,0.0009,143.817,284.505,732,outlier,tbt,629aa4bd9a
0e203d3ebda1a38dcebead9c73903f57ce045a41,base,edit,0,0,2951.2752,41.5,0.0009,154.327,306.83,749,ok,,629aa4bd9a
0e203d3ebda1a38dcebead9c73903f57ce045a41,base,edit,1,3,2960.7611,69.0,0.0009,147.907,327.3,768,ok,,897afa625b
0e203d3ebda1a38dcebead9c73903f57ce045a41,base,edit,2,4,2951.8484,208.8586,0.0009,138.809,287.389,769,ok,,897afa625b
0e203d3ebda1a38dcebead9c73903f57ce045a41,base,edit,3,7,2970.824,87.5,0.0009,124.468,268.013,768,ok,,629aa4bd9a
0e203d3ebda1a38dcebead9c73903f57ce045a41,base,edit,4,8,2915.6319,182.228,0.0009,137.202,244.142,745,ok,,897afa625b
0e203d3ebda1a38dcebead9c73903f57ce045a41,head,edit,0,1,2972.3168,143.4548,0.0009,136.29,233.701,857,outlier,lcpObs,897afa625b
0e203d3ebda1a38dcebead9c73903f57ce045a41,head,edit,1,2,2912.96,200.84,0.0009,125.432,292.925,768,ok,,629aa4bd9a
0e203d3ebda1a38dcebead9c73903f57ce045a41,head,edit,2,5,2909.7835,193.7027,0.0009,122.791,46.768,786,outlier,tbtFlow,897afa625b
0e203d3ebda1a38dcebead9c73903f57ce045a41,head,edit,3,6,2910.307,41.5,0.0013,152.752,283.169,768,ok,,8b7887f619
0e203d3ebda1a38dcebead9c73903f57ce045a41,head,edit,4,9,2910.4099,165.0983,0.0009,146.978,278.457,751,ok,,897afa625b
e943ffad49ec95efbe47ec6a89e74fa1ab3043eb,base,edit,0,0,2913.236,145.49,0.0009,153.551,220.244,786,ok,,897afa625b
e943ffad49ec95efbe47ec6a89e74fa1ab3043eb,base,edit,1,3,2912.309,173.1985,0.0009,118.905,271.39,750,ok,,629aa4bd9a
e943ffad49ec95efbe47ec6a89e74fa1ab3043eb,base,edit,2,4,2914.6813,205.7198,0.0009,124.387,242.117,768,outlier,tbt,897afa625b
e943ffad49ec95efbe47ec6a89e74fa1ab3043eb,base,edit,3,7,2908.6895,166.3018,0.0009,142.458,302.736,751,ok,,897afa625b
e943ffad49ec95efbe47ec6a89e74fa1ab3043eb,base,edit,4,8,2911.6601,176.4733,0.0013,148.517,252.655,752,ok,,8b7887f619
e943ffad49ec95efbe47ec6a89e74fa1ab3043eb,head,edit,0,1,2909.9143,179.3936,0.0009,146.724,268.005,767,ok,,897afa625b
e943ffad49ec95efbe47ec6a89e74fa1ab3043eb,head,edit,1,2,2925.184,189.0527,0.0013,156.037,350.999,750,ok,,8b7887f619
e943ffad49ec95efbe47ec6a89e74fa1ab3043eb,head,edit,2,5,2907.6987,42.5,0.0009,139.509,256.434,732,outlier,tbt,897afa625b
e943ffad49ec95efbe47ec6a89e74fa1ab3043eb,head,edit,3,6,2915.7412,76,0.0013,153.031,296.805,750,ok,,8b7887f619
e943ffad49ec95efbe47ec6a89e74fa1ab3043eb,head,edit,4,9,2911.4416,167.3431,0.0013,147.388,285.415,751,ok,,8b7887f619
7172054b9150ad2302bcb553f057c4782e6502a9,base,edit,0,0,2934.4588,143.5647,0.0008,138.045,259.349,750,ok,,897afa625b
7172054b9150ad2302bcb553f057c4782e6502a9,base,edit,1,3,2935.2212,102.2532,0.0009,137.661,260.855,751,ok,,629aa4bd9a
7172054b9150ad2302bcb553f057c4782e6502a9,base,edit,2,4,2942.7329,223.8779,0.0009,142.176,354.079,750,ok,,629aa4bd9a
7172054b9150ad2302bcb553f057c4782e6502a9,base,edit,3,7,2936.6906,68.5,0.0009,139.836,300.587,733,ok,,629aa4bd9a
7172054b9150ad2302bcb553f057c4782e6502a9,base,edit,4,8,2937.4652,54.5,0.0012,139.345,233.394,714,ok,,8b7887f619
7172054b9150ad2302bcb553f057c4782e6502a9,head,edit,0,1,2953.0885,171.4853,0.0009,153.188,277.936,750,ok,,629aa4bd9a
7172054b9150ad2302bcb553f057c4782e6502a9,head,edit,1,2,2947.7175,171.5471,0.0009,124.007,279.02,751,ok,,897afa625b
7172054b9150ad2302bcb553f057c4782e6502a9,head,edit,2,5,2966.766,74,0.0009,149.106,327.356,769,outlier,tbt,629aa4bd9a
7172054b9150ad2302bcb553f057c4782e6502a9,head,edit,3,6,2952.677,182.7205,0.0013,124.485,253.163,770,ok,,8b7887f619
7172054b9150ad2302bcb553f057c4782e6502a9,head,edit,4,9,2952.1594,188.3901,0.0009,138.928,291.068,733,ok,,629aa4bd9a
e41499eda3dda7c74f2ba6a51149653d3a6de1c3,base,edit,0,0,2918.2423,168.2096,0.0009,152.15,302.638,767,outlier,tbt,629aa4bd9a
e41499eda3dda7c74f2ba6a51149653d3a6de1c3,base,edit,1,3,2922.9453,61.9182,0.0013,141.06,290.151,768,ok,,8b7887f619
e41499eda3dda7c74f2ba6a51149653d3a6de1c3,base,edit,2,4,2919.3877,58,0.0009,138.55,260.854,750,ok,,629aa4bd9a
e41499eda3dda7c74f2ba6a51149653d3a6de1c3,base,edit,3,7,2919.8458,170.7757,0.0009,126.477,282.633,785,outlier,tbt,897afa625b
e41499eda3dda7c74f2ba6a51149653d3a6de1c3,base,edit,4,8,2914.3339,50.0,0.0013,141.071,90.66,752,outlier,tbtFlow,8b7887f619
e41499eda3dda7c74f2ba6a51149653d3a6de1c3,head,edit,0,1,2912.9188,205.0727,0.0013,139.162,237.504,804,ok,,8b7887f619
e41499eda3dda7c74f2ba6a51149653d3a6de1c3,head,edit,1,2,2915.6744,179.9782,0.0009,139.073,260.938,786,ok,,629aa4bd9a
e41499eda3dda7c74f2ba6a51149653d3a6de1c3,head,edit,2,5,2915.1174,47,0.0013,152.672,278.307,768,outlier,tbt,8b7887f619
e41499eda3dda7c74f2ba6a51149653d3a6de1c3,head,edit,3,6,2909.0957,183.5674,0.0013,138.494,255.952,750,ok,,8b7887f619
e41499eda3dda7c74f2ba6a51149653d3a6de1c3,head,edit,4,9,2910.0048,205.5304,0.0009,153.007,263.495,786,ok,,629aa4bd9a
01cd13c712c235ae362aaeda72ac9e7b3c365b9b,base,edit,0,0,2916.0616,223.051,0.0009,150.959,343.204,786,outlier,tbtFlow,897afa625b
01cd13c712c235ae362aaeda72ac9e7b3c365b9b,base,edit,1,3,2922.6454,195.1424,0.0009,138.382,275.133,751,ok,,897afa625b
01cd13c712c235ae362aaeda72ac9e7b3c365b9b,base,edit,2,4,2921.182,222.4034,0.0009,138.361,263.865,768,ok,,629aa4bd9a
01cd13c712c235ae362aaeda72ac9e7b3c365b9b,base,edit,3,7,2916.4872,46.5,0.0013,140.536,238.157,750,outlier,tbt,8b7887f619
01cd13c712c235ae362aaeda72ac9e7b3c365b9b,base,edit,4,8,2914.9527,47,0.0009,137.207,246.202,751,outlier,tbt,629aa4bd9a
01cd13c712c235ae362aaeda72ac9e7b3c365b9b,head,edit,0,1,2910.8012,203.2248,0.0009,137.881,315.29,786,ok,,897afa625b
01cd13c712c235ae362aaeda72ac9e7b3c365b9b,head,edit,1,2,2921.9855,103.8921,0.0013,158.854,295.791,769,outlier,tbt;inp,8b7887f619
01cd13c712c235ae362aaeda72ac9e7b3c365b9b,head,edit,2,5,2931.6248,64.8487,0.0009,124.307,295.276,785,outlier,tbt,629aa4bd9a
01cd13c712c235ae362aaeda72ac9e7b3c365b9b,head,edit,3,6,2914.1848,192.5525,0.0013,139.206,267.599,768,ok,,8b7887f619
01cd13c712c235ae362aaeda72ac9e7b3c365b9b,head,edit,4,9,2918.524,209.8392,0.0013,136.976,344.932,751,ok,,8b7887f619
ea6ae3d7e26e63ab6b2aa98a770cffd735255692,base,edit,0,0,2924.0606,216.4899,0.0013,152.334,264.443,767,ok,,8b7887f619
ea6ae3d7e26e63ab6b2aa98a770cffd735255692,base,edit,1,3,2915.7164,198.0473,0.0009,130.106,345.732,769,ok,,897afa625b
ea6ae3d7e26e63ab6b2aa98a770cffd735255692,base,edit,2,4,2929.8619,76,0.0009,139.026,262.644,768,ok,,897afa625b
ea6ae3d7e26e63ab6b2aa98a770cffd735255692,base,edit,3,7,2916.677,181.0735,0.0013,139.528,243.881,768,ok,,8b7887f619
ea6ae3d7e26e63ab6b2aa98a770cffd735255692,base,edit,4,8,2915.567,49.872,0.0009,125.025,320.024,751,ok,,897afa625b
ea6ae3d7e26e63ab6b2aa98a770cffd735255692,base,edit,5,11,2916.256,184.624,0.0009,139.29,319.093,770,ok,,629aa4bd9a
ea6ae3d7e26e63ab6b2aa98a770cffd735255692,base,edit,6,12,2907.0375,166.9938,0.0009,141.257,278.133,733,ok,,897afa625b
ea6ae3d7e26e63ab6b2aa98a770cffd735255692,base,edit,7,15,2909.4445,42.5,0.0009,139.027,258.488,769,ok,,897afa625b
ea6ae3d7e26e63ab6b2aa98a770cffd735255692,base,edit,8,16,2931.3188,210.6969,0.0013,138.312,294.781,768,ok,,8b7887f619
ea6ae3d7e26e63ab6b2aa98a770cffd735255692,base,edit,9,19,2919.3572,189.5238,0.0013,125.367,255.414,786,ok,,8b7887f619
ea6ae3d7e26e63ab6b2aa98a770cffd735255692,base,edit,10,20,2915.5516,57.6466,0.0009,148.916,332.059,804,ok,,629aa4bd9a
ea6ae3d7e26e63ab6b2aa98a770cffd735255692,base,edit,11,23,2917.6101,161.315,0.0013,125.09,268.628,750,ok,,8b7887f619
ea6ae3d7e26e63ab6b2aa98a770cffd735255692,base,edit,12,24,2917.6697,58.7458,0.0013,139.452,258.984,752,ok,,8b7887f619
ea6ae3d7e26e63ab6b2aa98a770cffd735255692,base,edit,13,27,2914.1572,44.5,0.0013,139.524,300.418,768,ok,,8b7887f619
ea6ae3d7e26e63ab6b2aa98a770cffd735255692,base,edit,14,28,2911.9549,198.2575,0.0009,118.363,244.8,752,outlier,inp,897afa625b
ea6ae3d7e26e63ab6b2aa98a770cffd735255692,head,edit,0,1,2919.8227,202.2796,0.0009,109.256,203.218,768,ok,,629aa4bd9a
ea6ae3d7e26e63ab6b2aa98a770cffd735255692,head,edit,1,2,2913.6725,193.3046,0.0009,124.479,22.762,769,outlier,tbtFlow,897afa625b
ea6ae3d7e26e63ab6b2aa98a770cffd735255692,head,edit,2,5,2916.3536,48.5,0.0009,105.324,227.339,767,outlier,tbt,897afa625b
ea6ae3d7e26e63ab6b2aa98a770cffd735255692,head,edit,3,6,2928.1506,135.9749,0.0009,116.847,206.369,787,ok,,897afa625b
ea6ae3d7e26e63ab6b2aa98a770cffd735255692,head,edit,4,9,2914.0262,76,0.0009,105.314,220.766,749,ok,,629aa4bd9a
ea6ae3d7e26e63ab6b2aa98a770cffd735255692,head,edit,5,10,2907.4345,179.0942,0.0009,105.957,247.461,768,ok,,629aa4bd9a
ea6ae3d7e26e63ab6b2aa98a770cffd735255692,head,edit,6,13,2912.7111,45.5,0.0009,124.508,204.406,750,outlier,tbt,629aa4bd9a
ea6ae3d7e26e63ab6b2aa98a770cffd735255692,head,edit,7,14,2909.3406,155.6099,0.0009,123.568,293.418,749,outlier,tbtFlow,629aa4bd9a
ea6ae3d7e26e63ab6b2aa98a770cffd735255692,head,edit,8,17,2920.0793,196.9868,0.0009,120.168,211.443,768,ok,,897afa625b
ea6ae3d7e26e63ab6b2aa98a770cffd735255692,head,edit,9,18,2949.7604,265.3424,0.0009,135.853,227.764,820,ok,,629aa4bd9a
ea6ae3d7e26e63ab6b2aa98a770cffd735255692,head,edit,10,21,2919.8795,208.8534,0.0009,128.268,237.966,769,ok,,629aa4bd9a
ea6ae3d7e26e63ab6b2aa98a770cffd735255692,head,edit,11,22,2912.4797,177.67,0.0013,137.081,211.449,751,ok,,8b7887f619
ea6ae3d7e26e63ab6b2aa98a770cffd735255692,head,edit,12,25,2914.1004,182.9,0.0009,127.725,214.994,787,ok,,897afa625b
ea6ae3d7e26e63ab6b2aa98a770cffd735255692,head,edit,13,26,2905.4744,164.8141,0.0009,132.817,21.751,786,outlier,tbtFlow,629aa4bd9a
ea6ae3d7e26e63ab6b2aa98a770cffd735255692,head,edit,14,29,2909.7122,189.1313,0.0013,106.878,196.794,750,ok,,8b7887f619
ef6aa4b09d4e63a2e87759773d59d05d165ca40c,base,edit,0,0,2914.1065,188.5656,0.0013,123.935,290.736,784,outlier,tbtFlow,8b7887f619
ef6aa4b09d4e63a2e87759773d59d05d165ca40c,base,edit,1,3,2917.3982,46.9683,0.0009,125.315,209.908,750,outlier,tbt,897afa625b
ef6aa4b09d4e63a2e87759773d59d05d165ca40c,base,edit,2,4,2919.719,203.9635,0.0013,125.164,230.392,767,ok,,8b7887f619
ef6aa4b09d4e63a2e87759773d59d05d165ca40c,base,edit,3,7,2913.8374,163.1104,0.0013,114.855,9.607,751,outlier,tbtFlow,8b7887f619
ef6aa4b09d4e63a2e87759773d59d05d165ca40c,base,edit,4,8,2916.3796,213.0201,0.0009,111.797,223.345,751,ok,,897afa625b
ef6aa4b09d4e63a2e87759773d59d05d165ca40c,head,edit,0,1,2959.255,55.5655,0.0013,111.327,252.456,768,outlier,tbt,8b7887f619
ef6aa4b09d4e63a2e87759773d59d05d165ca40c,head,edit,1,2,2913.9154,182.6808,0.0009,124.017,225.692,766,ok,,629aa4bd9a
ef6aa4b09d4e63a2e87759773d59d05d165ca40c,head,edit,2,5,2959.7718,200.7047,0.0013,125.443,23.716,749,outlier,tbtFlow,8b7887f619
ef6aa4b09d4e63a2e87759773d59d05d165ca40c,head,edit,3,6,2963.6525,56.2025,0.0009,137.152,245.619,769,outlier,tbt,897afa625b
ef6aa4b09d4e63a2e87759773d59d05d165ca40c,head,edit,4,9,2956.5274,179.2454,0.0009,125.062,209.147,767,ok,,629aa4bd9a
b1367c21783145e8f2b84c398b9f06158f8412e6,base,edit,0,0,2949.111,183.9815,0.0009,109.812,230.883,749,ok,,629aa4bd9a
b1367c21783145e8f2b84c398b9f06158f8412e6,base,edit,1,3,2944.1716,151.9714,0.0009,111.704,214.088,750,ok,,897afa625b
b1367c21783145e8f2b84c398b9f06158f8412e6,base,edit,2,4,2958.6313,79.4781,0.0013,125.495,218.664,781,ok,,8b7887f619
b1367c21783145e8f2b84c398b9f06158f8412e6,base,edit,3,7,2954.0182,180.3303,0.0013,123.56,14.894,787,outlier,tbtFlow,8b7887f619
b1367c21783145e8f2b84c398b9f06158f8412e6,base,edit,4,8,2960.8196,225.8975,0.0009,124.805,208.15,858,outlier,lcpObs,629aa4bd9a
b1367c21783145e8f2b84c398b9f06158f8412e6,base,edit,5,11,2953.9582,47,0.0009,116.614,252.384,751,outlier,tbt,629aa4bd9a
b1367c21783145e8f2b84c398b9f06158f8412e6,base,edit,6,12,2961.3234,189.1209,0.0009,125.496,224.391,751,ok,,629aa4bd9a
b1367c21783145e8f2b84c398b9f06158f8412e6,base,edit,7,15,2924.727,210.3788,0.0013,114.37,223.427,749,ok,,8b7887f619
b1367c21783145e8f2b84c398b9f06158f8412e6,base,edit,8,16,2954.5851,179.2731,0.0013,110.493,197.559,768,ok,,8b7887f619
b1367c21783145e8f2b84c398b9f06158f8412e6,base,edit,9,19,2952.4995,183.6667,0.0009,111.865,240.763,769,ok,,897afa625b
b1367c21783145e8f2b84c398b9f06158f8412e6,base,edit,10,20,2951.1886,217.8019,0.0009,117.5,236.429,750,ok,,629aa4bd9a
b1367c21783145e8f2b84c398b9f06158f8412e6,base,edit,11,23,2964.6484,58.214,0.0009,123.989,242.484,750,ok,,897afa625b
b1367c21783145e8f2b84c398b9f06158f8412e6,base,edit,12,24,2951.5359,163.994,0.0009,119.25,34.119,750,outlier,tbtFlow,897afa625b
b1367c21783145e8f2b84c398b9f06158f8412e6,base,edit,13,27,2959.6766,50.0,0.0009,120.019,218.234,750,outlier,tbt,897afa625b
b1367c21783145e8f2b84c398b9f06158f8412e6,base,edit,14,28,2913.4545,180.2576,0.0013,112.732,242.45,768,ok,,8b7887f619
b1367c21783145e8f2b84c398b9f06158f8412e6,head,edit,0,1,2945.0256,40.5,0.0013,120.342,244.988,768,outlier,tbt,8b7887f619
b1367c21783145e8f2b84c398b9f06158f8412e6,head,edit,1,2,2952.984,192.0655,0.0013,117.484,237.118,750,ok,,8b7887f619
b1367c21783145e8f2b84c398b9f06158f8412e6,head,edit,2,5,2962.1164,200.5094,0.0009,141.247,259.835,768,ok,,629aa4bd9a
b1367c21783145e8f2b84c398b9f06158f8412e6,head,edit,3,6,2911.8076,188.3798,0.0009,117.631,18.761,769,outlier,tbtFlow,629aa4bd9a
b1367c21783145e8f2b84c398b9f06158f8412e6,head,edit,4,9,2963.6448,58.5,0.0009,119.308,257.231,769,ok,,629aa4bd9a
b1367c21783145e8f2b84c398b9f06158f8412e6,head,edit,5,10,2948.154,171.0336,0.0009,134.565,210.246,769,ok,,629aa4bd9a
b1367c21783145e8f2b84c398b9f06158f8412e6,head,edit,6,13,2949.3868,52.1775,0.0009,106.998,13.632,767,outlier,tbtFlow,629aa4bd9a
b1367c21783145e8f2b84c398b9f06158f8412e6,head,edit,7,14,2954.8144,201.9098,0.0009,124.04,249.527,768,ok,,897afa625b
b1367c21783145e8f2b84c398b9f06158f8412e6,head,edit,8,17,2962.584,54.5,0.0013,130.443,20.125,750,outlier,tbtFlow,8b7887f619
b1367c21783145e8f2b84c398b9f06158f8412e6,head,edit,9,18,2909.0818,40.5,0.0009,125.436,30.711,767,outlier,tbt;tbtFlow,629aa4bd9a
b1367c21783145e8f2b84c398b9f06158f8412e6,head,edit,10,21,2957.0224,190.4674,0.0013,117.286,203.561,768,ok,,8b7887f619
b1367c21783145e8f2b84c398b9f06158f8412e6,head,edit,11,22,2951.332,70.9585,0.0013,126.476,240.508,768,ok,,8b7887f619
b1367c21783145e8f2b84c398b9f06158f8412e6,head,edit,12,25,2909.7404,180.0487,0.0009,123.547,243.018,769,ok,,629aa4bd9a
b1367c21783145e8f2b84c398b9f06158f8412e6,head,edit,13,26,2961.8948,210.8256,0.0013,107.532,245.675,770,ok,,8b7887f619
b1367c21783145e8f2b84c398b9f06158f8412e6,head,edit,14,29,2953.7036,245.3056,0.0009,125.044,17.243,804,outlier,tbtFlow,897afa625b
48c560c9799ac2f185e395cc58db139ecee02515,base,edit,0,0,2913.302,196.5996,0.0013,123.236,205.178,786,ok,,8b7887f619
48c560c9799ac2f185e395cc58db139ecee02515,base,edit,1,3,2961.2124,76.6477,0.0013,112.821,218.5,768,outlier,tbt,8b7887f619
48c560c9799ac2f185e395cc58db139ecee02515,base,edit,2,4,2907.6336,186.6312,0.0013,122.88,223.945,786,ok,,8b7887f619
48c560c9799ac2f185e395cc58db139ecee02515,base,edit,3,7,2951.2816,180.2012,0.0009,134.318,218.056,750,ok,,629aa4bd9a
48c560c9799ac2f185e395cc58db139ecee02515,base,edit,4,8,2953.3788,189.2727,0.0009,109.408,239.543,768,ok,,629aa4bd9a
48c560c9799ac2f185e395cc58db139ecee02515,head,edit,0,1,2949.616,187.1657,0.0009,119.591,223.784,768,ok,,897afa625b
48c560c9799ac2f185e395cc58db139ecee02515,head,edit,1,2,2948.4732,178.755,0.0013,136.292,264.54,767,ok,,8b7887f619
48c560c9799ac2f185e395cc58db139ecee02515,head,edit,2,5,2950.8576,55.1468,0.0013,118.095,270.767,751,outlier,tbt,8b7887f619
48c560c9799ac2f185e395cc58db139ecee02515,head,edit,3,6,2910.4508,85.2592,0.0009,136.324,218.851,769,outlier,tbt,897afa625b
48c560c9799ac2f185e395cc58db139ecee02515,head,edit,4,9,2910.5828,178.7657,0.0009,118.155,230.375,750,ok,,629aa4bd9a
739ef6dfe249619af8d2a1bb860fa2aea1d8075c,base,edit,0,0,2946.414,175.5786,0.0009,125.761,235.616,766,ok,,897afa625b
739ef6dfe249619af8d2a1bb860fa2aea1d8075c,base,edit,1,3,2950.3416,164.8109,0.0009,127.05,227.715,768,ok,,897afa625b
739ef6dfe249619af8d2a1bb860fa2aea1d8075c,base,edit,2,4,2950.566,185.9564,0.0009,118.104,214.804,767,ok,,629aa4bd9a
739ef6dfe249619af8d2a1bb860fa2aea1d8075c,base,edit,3,7,2954.2144,173.4286,0.0013,127.737,204.593,768,ok,,8b7887f619
739ef6dfe249619af8d2a1bb860fa2aea1d8075c,base,edit,4,8,2947.0408,187.2423,0.0009,125.443,233.731,768,ok,,897afa625b
739ef6dfe249619af8d2a1bb860fa2aea1d8075c,head,edit,0,1,2953.486,197.5651,0.0013,124.391,233.131,768,ok,,8b7887f619
739ef6dfe249619af8d2a1bb860fa2aea1d8075c,head,edit,1,2,2958.0844,199.5467,0.0013,116.656,251.252,768,ok,,8b7887f619
739ef6dfe249619af8d2a1bb860fa2aea1d8075c,head,edit,2,5,2908.0284,195.0572,0.0009,132.812,208.619,768,ok,,629aa4bd9a
739ef6dfe249619af8d2a1bb860fa2aea1d8075c,head,edit,3,6,2957.0103,48.9717,0.0009,110.936,267.656,751,outlier,tbt,629aa4bd9a
739ef6dfe249619af8d2a1bb860fa2aea1d8075c,head,edit,4,9,2954.0044,177.2492,0.0009,108.573,245.694,768,ok,,629aa4bd9a
5dd2fe4bd01cf0054b5158257a558888bdf41ae8,base,edit,0,0,2956.1913,66.0171,0.0009,124.249,240.707,767,outlier,tbt,897afa625b
5dd2fe4bd01cf0054b5158257a558888bdf41ae8,base,edit,1,3,2947.6344,172.131,0.0009,120.468,227.978,750,ok,,897afa625b
5dd2fe4bd01cf0054b5158257a558888bdf41ae8,base,edit,2,4,2948.9972,177.7189,0.0009,119.338,235.793,768,ok,,629aa4bd9a
5dd2fe4bd01cf0054b5158257a558888bdf41ae8,base,edit,3,7,2951.336,176.7603,0.0009,109.152,207.978,749,ok,,629aa4bd9a
5dd2fe4bd01cf0054b5158257a558888bdf41ae8,base,edit,4,8,2951.2344,182.4248,0.0013,139.556,210.344,751,ok,,8b7887f619
5dd2fe4bd01cf0054b5158257a558888bdf41ae8,head,edit,0,1,2952.224,188.6143,0.0009,124.984,241.827,786,ok,,629aa4bd9a
5dd2fe4bd01cf0054b5158257a558888bdf41ae8,head,edit,1,2,2956.4716,190.5991,0.0013,102.606,210.426,767,outlier,inp,8b7887f619
5dd2fe4bd01cf0054b5158257a558888bdf41ae8,head,edit,2,5,2957.5144,195.9973,0.0009,124.04,238.497,768,ok,,897afa625b
5dd2fe4bd01cf0054b5158257a558888bdf41ae8,head,edit,3,6,2953.9029,51.0887,0.0013,109.469,14.046,768,outlier,tbt;tbtFlow,8b7887f619
5dd2fe4bd01cf0054b5158257a558888bdf41ae8,head,edit,4,9,2956.9918,52.1671,0.0013,124.97,221.143,751,outlier,tbt,8b7887f619
7f551dbbe6b72cfa9c837ef9af06c07a78daf0a9,base,edit,0,0,2948.4196,187.6925,0.0013,124.481,201.698,768,ok,,8b7887f619
7f551dbbe6b72cfa9c837ef9af06c07a78daf0a9,base,edit,1,3,2954.2088,220.1171,0.0009,109.475,250.583,786,ok,,897afa625b
7f551dbbe6b72cfa9c837ef9af06c07a78daf0a9,base,edit,2,4,2965.7856,237.259,0.0009,120.085,216.218,766,ok,,897afa625b
7f551dbbe6b72cfa9c837ef9af06c07a78daf0a9,base,edit,3,7,2945.7236,172.2706,0.0009,130.906,252.76,751,ok,,897afa625b
7f551dbbe6b72cfa9c837ef9af06c07a78daf0a9,base,edit,4,8,2922.2568,57.4054,0.0009,115.081,223.768,768,ok,,897afa625b
7f551dbbe6b72cfa9c837ef9af06c07a78daf0a9,head,edit,0,1,2953.0192,184.1839,0.0009,109.517,217.257,787,ok,,897afa625b
7f551dbbe6b72cfa9c837ef9af06c07a78daf0a9,head,edit,1,2,2961.2356,203.2058,0.0009,118.606,197.264,787,ok,,629aa4bd9a
7f551dbbe6b72cfa9c837ef9af06c07a78daf0a9,head,edit,2,5,2918.5068,52.5,0.0013,119.222,264.624,751,ok,,8b7887f619
7f551dbbe6b72cfa9c837ef9af06c07a78daf0a9,head,edit,3,6,2955.6748,86.2172,0.0013,123.448,253.272,804,ok,,8b7887f619
7f551dbbe6b72cfa9c837ef9af06c07a78daf0a9,head,edit,4,9,2948.9536,51.9775,0.0013,103.257,13.141,750,outlier,tbtFlow,8b7887f619
61e194517db827b5c7db07fc685180f5af43343f,base,edit,0,0,2912.9272,44,0.0009,116.527,227.312,749,ok,,629aa4bd9a
61e194517db827b5c7db07fc685180f5af43343f,base,edit,1,3,2957.1454,50.0,0.0013,116.29,218.028,750,ok,,8b7887f619
61e194517db827b5c7db07fc685180f5af43343f,base,edit,2,4,2973.4224,254.0771,0.0009,125.503,228.163,786,outlier,tbt,897afa625b
61e194517db827b5c7db07fc685180f5af43343f,base,edit,3,7,2948.3208,173.5336,0.0009,116.009,33.647,751,outlier,tbt;tbtFlow,897afa625b
61e194517db827b5c7db07fc685180f5af43343f,base,edit,4,8,2951.8816,54,0.0009,139.173,214.251,751,outlier,inp,897afa625b
61e194517db827b5c7db07fc685180f5af43343f,head,edit,0,1,2962.772,54.0,0.001,106.724,242.184,768,ok,,8b7887f619
61e194517db827b5c7db07fc685180f5af43343f,head,edit,1,2,2951.4716,164.7866,0.0006,110.531,227.814,732,outlier,tbt,897afa625b
61e194517db827b5c7db07fc685180f5af43343f,head,edit,2,5,2954.1112,48.0,0.0006,114.783,12.172,730,outlier,tbtFlow,897afa625b
61e194517db827b5c7db07fc685180f5af43343f,head,edit,3,6,2967.4402,56,0.001,123.094,216.851,786,ok,,8b7887f619
61e194517db827b5c7db07fc685180f5af43343f,head,edit,4,9,2951.986,194.0651,0.0007,123.046,234.493,768,outlier,tbt,629aa4bd9a
c05fa21dcc3c571c5e2a3a105352ec11868037bc,base,edit,0,0,2954.7488,49.5,0.0007,107.923,219.382,731,outlier,tbtFlow,629aa4bd9a
c05fa21dcc3c571c5e2a3a105352ec11868037bc,base,edit,1,3,2945.7176,160.8967,0.0006,124.053,15.841,733,outlier,tbt,897afa625b
c05fa21dcc3c571c5e2a3a105352ec11868037bc,base,edit,2,4,2928.6136,223.1492,0.001,139.49,26.203,768,outlier,tbt,8b7887f619
c05fa21dcc3c571c5e2a3a105352ec11868037bc,base,edit,3,7,2956.426,49,0.0006,107.366,197.44,732,outlier,tbtFlow,897afa625b
c05fa21dcc3c571c5e2a3a105352ec11868037bc,base,edit,4,8,2917.5176,51.5,0.001,133.851,27.991,750,ok,,8b7887f619
c05fa21dcc3c571c5e2a3a105352ec11868037bc,head,edit,0,1,2960.9284,184.2634,0.001,109.036,226.473,768,ok,,8b7887f619
c05fa21dcc3c571c5e2a3a105352ec11868037bc,head,edit,1,2,2955.5444,190.4292,0.0007,107.204,204.922,768,ok,,629aa4bd9a
c05fa21dcc3c571c5e2a3a105352ec11868037bc,head,edit,2,5,2950.386,173.2571,0.0007,133.688,247.876,751,outlier,inp,629aa4bd9a
c05fa21dcc3c571c5e2a3a105352ec11868037bc,head,edit,3,6,2961.8236,199.9081,0.001,124.02,215.404,769,ok,,8b7887f619
c05fa21dcc3c571c5e2a3a105352ec11868037bc,head,edit,4,9,2954.2588,186.2015,0.0007,108.064,18.898,732,outlier,tbtFlow,629aa4bd9a
7414ac0926337e18929e47e5bd0d26e0ce4b11bd,base,edit,0,0,2950.2136,196.6787,0.001,122.315,202.981,749,ok,,8b7887f619
7414ac0926337e18929e47e5bd0d26e0ce4b11bd,base,edit,1,3,2952.7673,173.1221,0.001,113.259,198.432,731,ok,,8b7887f619
7414ac0926337e18929e47e5bd0d26e0ce4b11bd,base,edit,2,4,2967.2932,199.1325,0.0007,93.035,218.686,749,outlier,inp,629aa4bd9a
7414ac0926337e18929e47e5bd0d26e0ce4b11bd,base,edit,3,7,2953.19,42,0.0006,131.945,218.315,732,outlier,tbt,897afa625b
7414ac0926337e18929e47e5bd0d26e0ce4b11bd,base,edit,4,8,2949.5616,161.4572,0.0007,117.423,14.272,749,outlier,tbtFlow,629aa4bd9a
7414ac0926337e18929e47e5bd0d26e0ce4b11bd,head,edit,0,1,2956.084,49.5,0.0007,125.364,207.332,750,ok,,629aa4bd9a
7414ac0926337e18929e47e5bd0d26e0ce4b11bd,head,edit,1,2,2953.736,50.0,0.0007,119.03,216.529,750,ok,,629aa4bd9a
7414ac0926337e18929e47e5bd0d26e0ce4b11bd,head,edit,2,5,2947.2292,47.1133,0.0006,124.451,228.656,749,ok,,897afa625b
7414ac0926337e18929e47e5bd0d26e0ce4b11bd,head,edit,3,6,2951.3988,191.4877,0.0007,107.505,236.232,751,outlier,tbt,629aa4bd9a
7414ac0926337e18929e47e5bd0d26e0ce4b11bd,head,edit,4,9,2974.2208,69.5799,0.0006,100.036,218.345,769,ok,,897afa625b
f3d580b8eb225de36796086d2d96bef32c3d60bf,base,edit,0,0,2957.1256,184.4297,0.0007,125.04,236.558,751,ok,,629aa4bd9a
f3d580b8eb225de36796086d2d96bef32c3d60bf,base,edit,1,3,2949.3688,58.5395,0.0006,115.623,222.749,750,outlier,tbt,897afa625b
f3d580b8eb225de36796086d2d96bef32c3d60bf,base,edit,2,4,2952.8044,172.0992,0.0007,125.506,250.264,750,ok,,629aa4bd9a
f3d580b8eb225de36796086d2d96bef32c3d60bf,base,edit,3,7,2960.7248,205.2391,0.001,127.711,206.73,751,ok,,8b7887f619
f3d580b8eb225de36796086d2d96bef32c3d60bf,base,edit,4,8,2951.7448,197.4853,0.0007,137.071,250.062,769,ok,,629aa4bd9a
f3d580b8eb225de36796086d2d96bef32c3d60bf,head,edit,0,1,2952.0796,170.4538,0.001,125.045,216.921,751,ok,,8b7887f619
f3d580b8eb225de36796086d2d96bef32c3d60bf,head,edit,1,2,2955.232,191.394,0.001,123.727,211.537,769,ok,,8b7887f619
f3d580b8eb225de36796086d2d96bef32c3d60bf,head,edit,2,5,2948.2544,178.296,0.0007,115.763,224.035,751,ok,,629aa4bd9a
f3d580b8eb225de36796086d2d96bef32c3d60bf,head,edit,3,6,2973.5736,333.6333,0.0007,118.443,223.968,859,outlier,tbt;lcpObs,629aa4bd9a
f3d580b8eb225de36796086d2d96bef32c3d60bf,head,edit,4,9,2950.7048,179.0866,0.001,136.116,276.403,751,outlier,tbtFlow,8b7887f619
629d9639d2165e1b9a569b15c7432f57098384cf,base,edit,0,0,2945.7656,181.1064,0.001,107.39,214.216,731,ok,,8b7887f619
629d9639d2165e1b9a569b15c7432f57098384cf,base,edit,1,3,2950.4556,44.5,0.0006,115.245,252.018,733,outlier,tbt,897afa625b
629d9639d2165e1b9a569b15c7432f57098384cf,base,edit,2,4,2914.2532,182.14,0.0007,113.068,16.05,750,outlier,tbtFlow,629aa4bd9a
629d9639d2165e1b9a569b15c7432f57098384cf,base,edit,3,7,2956.6828,189.2157,0.0006,123.401,228.169,750,ok,,897afa625b
629d9639d2165e1b9a569b15c7432f57098384cf,base,edit,4,8,2965.1696,71.5,0.0007,123.553,25.483,732,outlier,tbt;tbtFlow,629aa4bd9a
629d9639d2165e1b9a569b15c7432f57098384cf,head,edit,0,1,2966.6024,59.5,0.0007,135.346,21.209,750,outlier,tbtFlow,629aa4bd9a
629d9639d2165e1b9a569b15c7432f57098384cf,head,edit,1,2,2950.5632,43.5,0.0007,98.239,206.484,750,outlier,inp,629aa4bd9a
629d9639d2165e1b9a569b15c7432f57098384cf,head,edit,2,5,2969.066,86.9956,0.0006,130.686,246.416,786,ok,,897afa625b
629d9639d2165e1b9a569b15c7432f57098384cf,head,edit,3,6,2953.8185,170.5303,0.0007,130.012,203.027,731,outlier,tbt,629aa4bd9a
629d9639d2165e1b9a569b15c7432f57098384cf,head,edit,4,9,2951.3262,48.7041,0.0007,123.975,230.386,750,ok,,629aa4bd9a
49629cfb61431d45985e7df24387bdff905609b6,base,edit,0,0,2970.8924,230.1764,0.0006,122.382,224.019,767,ok,,897afa625b
49629cfb61431d45985e7df24387bdff905609b6,base,edit,1,3,2953.4912,46,0.0007,137.2,274.451,750,ok,,629aa4bd9a
49629cfb61431d45985e7df24387bdff905609b6,base,edit,2,4,2951.3428,182.592,0.001,137.443,219.07,732,ok,,8b7887f619
49629cfb61431d45985e7df24387bdff905609b6,base,edit,3,7,2952.772,178.5115,0.0007,112.619,218.291,751,ok,,629aa4bd9a
49629cfb61431d45985e7df24387bdff905609b6,base,edit,4,8,2968.1618,80.7043,0.0007,100.54,228.788,787,ok,,629aa4bd9a
49629cfb61431d45985e7df24387bdff905609b6,base,edit,5,11,2950.2966,43.0,0.001,106.461,205.944,714,ok,,8b7887f619
49629cfb61431d45985e7df24387bdff905609b6,base,edit,6,12,2947.7916,182.3386,0.0007,107.013,12.071,750,outlier,tbtFlow,629aa4bd9a
49629cfb61431d45985e7df24387bdff905609b6,base,edit,7,15,2949.8008,162.7937,0.0007,124.068,19.729,715,outlier,tbtFlow,629aa4bd9a
49629cfb61431d45985e7df24387bdff905609b6,base,edit,8,16,2951.1246,46.2153,0.0007,149.344,287.779,732,ok,,629aa4bd9a
49629cfb61431d45985e7df24387bdff905609b6,base,edit,9,19,2917.8292,179.5213,0.0007,105.097,243.758,787,ok,,629aa4bd9a
49629cfb61431d45985e7df24387bdff905609b6,base,edit,10,20,2958.9928,219.9076,0.0006,105.181,290.011,786,ok,,897afa625b
49629cfb61431d45985e7df24387bdff905609b6,base,edit,11,23,2953.7248,204.4094,0.0007,133.604,265.663,785,ok,,629aa4bd9a
49629cfb61431d45985e7df24387bdff905609b6,base,edit,12,24,2956.3548,59.7591,0.001,112.909,270.589,768,ok,,8b7887f619
49629cfb61431d45985e7df24387bdff905609b6,base,edit,13,27,2959.0225,55.5581,0.0007,121.828,273.288,768,ok,,629aa4bd9a
49629cfb61431d45985e7df24387bdff905609b6,base,edit,14,28,2963.3495,56,0.001,124.521,260.485,768,ok,,8b7887f619
49629cfb61431d45985e7df24387bdff905609b6,head,edit,0,1,2937.2948,212.5385,0.001,124.414,209.227,750,ok,,8b7887f619
49629cfb61431d45985e7df24387bdff905609b6,head,edit,1,2,2946.482,42.5,0.0006,107.313,19.092,732,outlier,tbtFlow,897afa625b
49629cfb61431d45985e7df24387bdff905609b6,head,edit,2,5,2948.7788,87.4201,0.0007,118.895,12.143,751,outlier,tbtFlow,629aa4bd9a
49629cfb61431d45985e7df24387bdff905609b6,head,edit,3,6,2954.964,192.7545,0.0006,116.026,15.111,767,outlier,tbtFlow,897afa625b
49629cfb61431d45985e7df24387bdff905609b6,head,edit,4,9,2951.0052,51.0,0.001,139.666,239.755,750,ok,,8b7887f619
49629cfb61431d45985e7df24387bdff905609b6,head,edit,5,10,2905.6772,171.3105,0.0007,117.59,204.977,751,ok,,629aa4bd9a
49629cfb61431d45985e7df24387bdff905609b6,head,edit,6,13,2960.3049,58.5942,0.0007,107.077,17.684,748,outlier,tbtFlow,629aa4bd9a
49629cfb61431d45985e7df24387bdff905609b6,head,edit,7,14,2958.4421,51.0865,0.001,124.091,41.897,768,outlier,tbtFlow,8b7887f619
49629cfb61431d45985e7df24387bdff905609b6,head,edit,8,17,2952.348,206.519,0.001,143.309,283.003,768,ok,,8b7887f619
49629cfb61431d45985e7df24387bdff905609b6,head,edit,9,18,2967.6576,210.0642,0.001,114.404,275.025,768,ok,,8b7887f619
49629cfb61431d45985e7df24387bdff905609b6,head,edit,10,21,2964.2756,54.0,0.0006,141.549,270.637,768,ok,,897afa625b
49629cfb61431d45985e7df24387bdff905609b6,head,edit,11,22,2968.3956,236.1133,0.0007,116.549,304.928,768,ok,,629aa4bd9a
49629cfb61431d45985e7df24387bdff905609b6,head,edit,12,25,2955.5584,182.0828,0.0006,136.563,272.438,751,ok,,897afa625b
49629cfb61431d45985e7df24387bdff905609b6,head,edit,13,26,2957.7325,48.5,0.0007,104.443,249.395,787,ok,,629aa4bd9a
49629cfb61431d45985e7df24387bdff905609b6,head,edit,14,29,2963.9104,60.0,0.0006,129.948,288.555,751,ok,,897afa625b
4bfe42458eafd489e2f8001cf841cefd92cbcd56,base,edit,0,0,2955.134,180.4749,0.0006,121.46,232.659,750,ok,,897afa625b
4bfe42458eafd489e2f8001cf841cefd92cbcd56,base,edit,1,3,2914.2324,50.5982,0.0007,109.483,204.87,768,outlier,tbt,629aa4bd9a
4bfe42458eafd489e2f8001cf841cefd92cbcd56,base,edit,2,4,2962.444,194.698,0.0007,120.834,212.086,751,ok,,629aa4bd9a
4bfe42458eafd489e2f8001cf841cefd92cbcd56,base,edit,3,7,2951.8588,155.6202,0.0007,118.167,209.059,733,ok,,629aa4bd9a
4bfe42458eafd489e2f8001cf841cefd92cbcd56,base,edit,4,8,2959.962,198.3509,0.0006,114.981,244.933,768,outlier,tbtFlow,897afa625b
4bfe42458eafd489e2f8001cf841cefd92cbcd56,head,edit,0,1,2966.2256,194.2077,0.0006,138.524,230.582,747,ok,,897afa625b
4bfe42458eafd489e2f8001cf841cefd92cbcd56,head,edit,1,2,2950.462,182.7884,0.0006,133.954,213.949,783,ok,,897afa625b
4bfe42458eafd489e2f8001cf841cefd92cbcd56,head,edit,2,5,2908.0484,170.1472,0.0007,93.338,208.11,733,ok,,629aa4bd9a
4bfe42458eafd489e2f8001cf841cefd92cbcd56,head,edit,3,6,2947.424,164.6922,0.001,123.498,221.071,767,ok,,8b7887f619
4bfe42458eafd489e2f8001cf841cefd92cbcd56,head,edit,4,9,2922.0993,51,0.0006,108.562,301.304,768,outlier,tbt;tbtFlow,897afa625b
8d7db5501a6c6023cb1bde884391bd64241edb84,base,edit,0,0,2952.9968,165.219,0.0006,107.238,226.628,731,ok,,897afa625b
8d7db5501a6c6023cb1bde884391bd64241edb84,base,edit,1,3,2953.6468,186.6287,0.0007,118.345,209.433,732,ok,,629aa4bd9a
8d7db5501a6c6023cb1bde884391bd64241edb84,base,edit,2,4,2953.9225,53.6025,0.0007,122.713,19.275,732,outlier,tbt;tbtFlow,629aa4bd9a
8d7db5501a6c6023cb1bde884391bd64241edb84,base,edit,3,7,2955.8248,177.5422,0.0007,124.265,214.884,769,ok,,629aa4bd9a
8d7db5501a6c6023cb1bde884391bd64241edb84,base,edit,4,8,2908.9272,163.7858,0.0007,138.576,241.091,732,ok,,629aa4bd9a
8d7db5501a6c6023cb1bde884391bd64241edb84,head,edit,0,1,2963.324,208.0955,0.0006,138.362,211.726,750,ok,,897afa625b
8d7db5501a6c6023cb1bde884391bd64241edb84,head,edit,1,2,2950.2184,47,0.001,110.761,207.069,732,ok,,8b7887f619
8d7db5501a6c6023cb1bde884391bd64241edb84,head,edit,2,5,2905.7476,101.8598,0.001,109.356,231.883,768,ok,,8b7887f619
8d7db5501a6c6023cb1bde884391bd64241edb84,head,edit,3,6,2945.9032,159.7681,0.001,114.768,211.387,732,ok,,8b7887f619
8d7db5501a6c6023cb1bde884391bd64241edb84,head,edit,4,9,2958.0134,50.0,0.0006,143.213,267.646,750,outlier,inp;tbtFlow,897afa625b
94f7dafc7279a5e006771c6e7bd56d47cb2753ee,base,edit,0,0,2947.5688,81.3664,0.001,138.088,232.627,749,outlier,tbt,8b7887f619
94f7dafc7279a5e006771c6e7bd56d47cb2753ee,base,edit,1,3,2948.5316,176.8691,0.0006,148.375,21.101,732,outlier,tbtFlow,897afa625b
94f7dafc7279a5e006771c6e7bd56d47cb2753ee,base,edit,2,4,2946.3712,173.7268,0.0007,100.282,207.55,748,ok,,629aa4bd9a
94f7dafc7279a5e006771c6e7bd56d47cb2753ee,base,edit,3,7,2905.9452,171.8159,0.0007,116.76,219.375,751,ok,,629aa4bd9a
94f7dafc7279a5e006771c6e7bd56d47cb2753ee,base,edit,4,8,2959.3,215.7875,0.001,112.267,210.907,768,outlier,tbt,8b7887f619
94f7dafc7279a5e006771c6e7bd56d47cb2753ee,head,edit,0,1,2915.7748,168.1985,0.0007,123.963,230.442,749,ok,,629aa4bd9a
94f7dafc7279a5e006771c6e7bd56d47cb2753ee,head,edit,1,2,2910.956,88.6277,0.001,123.434,204.981,768,ok,,8b7887f619
94f7dafc7279a5e006771c6e7bd56d47cb2753ee,head,edit,2,5,2918.9724,194.3802,0.0007,138.58,229.251,768,ok,,629aa4bd9a
94f7dafc7279a5e006771c6e7bd56d47cb2753ee,head,edit,3,6,2952.4392,46.0,0.0006,116.529,214.288,732,outlier,tbt,897afa625b
94f7dafc7279a5e006771c6e7bd56d47cb2753ee,head,edit,4,9,2952.4348,171.5747,0.0007,123.53,243.325,750,ok,,629aa4bd9a
6079e5e1ba973dc43fae1c2cbb4b275b0b5ff348,base,edit,0,0,2952.1324,168.4439,0.0006,124.225,206.312,748,ok,,897afa625b
6079e5e1ba973dc43fae1c2cbb4b275b0b5ff348,base,edit,1,3,2953.4144,66.227,0.0007,126.493,235.302,732,ok,,629aa4bd9a
6079e5e1ba973dc43fae1c2cbb4b275b0b5ff348,base,edit,2,4,2951.2036,185.5243,0.001,128.721,219.319,768,ok,,8b7887f619
6079e5e1ba973dc43fae1c2cbb4b275b0b5ff348,base,edit,3,7,2949.252,161.3277,0.0007,100.773,202.277,768,outlier,inp,629aa4bd9a
6079e5e1ba973dc43fae1c2cbb4b275b0b5ff348,base,edit,4,8,2906.6708,42.0,0.0006,125.028,233.021,751,outlier,tbt,897afa625b
6079e5e1ba973dc43fae1c2cbb4b275b0b5ff348,head,edit,0,1,2951.0718,193.0,0.0007,124.98,202.096,769,ok,,629aa4bd9a
6079e5e1ba973dc43fae1c2cbb4b275b0b5ff348,head,edit,1,2,2949.435,198.971,0.0007,107.469,226.89,785,ok,,629aa4bd9a
6079e5e1ba973dc43fae1c2cbb4b275b0b5ff348,head,edit,2,5,2950.3261,50,0.0007,125.452,240.75,768,outlier,tbt,629aa4bd9a
6079e5e1ba973dc43fae1c2cbb4b275b0b5ff348,head,edit,3,6,2944.8192,188.1362,0.0007,121.346,208.868,769,ok,,629aa4bd9a
6079e5e1ba973dc43fae1c2cbb4b275b0b5ff348,head,edit,4,9,2956.8421,52.5,0.0007,141.522,228.467,749,outlier,tbt,629aa4bd9a
44d15c0f5e6c97b80a97ebc71a5f4b2a91f8e256,base,edit,0,0,2940.7034,106.2593,0.0007,118.077,17.913,785,ok,,49b53e1559
44d15c0f5e6c97b80a97ebc71a5f4b2a91f8e256,base,edit,1,3,2949.9142,220.139,0.0007,114.443,22.888,762,ok,,49b53e1559
44d15c0f5e6c97b80a97ebc71a5f4b2a91f8e256,base,edit,2,4,2953.817,210.3366,0.0007,100.079,19.447,786,ok,,49b53e1559
44d15c0f5e6c97b80a97ebc71a5f4b2a91f8e256,base,edit,3,7,2949.1993,47,0.0007,101.85,14.841,767,outlier,tbt,49b53e1559
44d15c0f5e6c97b80a97ebc71a5f4b2a91f8e256,base,edit,4,8,2950.4842,73.1797,0.0007,116.502,27.442,769,ok,,49b53e1559
44d15c0f5e6c97b80a97ebc71a5f4b2a91f8e256,base,edit,5,11,2955.2325,49.5,0.0007,122.856,250.228,786,outlier,tbt;tbtFlow,49b53e1559
44d15c0f5e6c97b80a97ebc71a5f4b2a91f8e256,base,edit,6,12,2942.5954,212.4809,0.0007,93.007,29.682,787,ok,,49b53e1559
44d15c0f5e6c97b80a97ebc71a5f4b2a91f8e256,base,edit,7,15,2950.0767,108.9847,0.0007,109.838,222.61,786,outlier,tbtFlow,49b53e1559
44d15c0f5e6c97b80a97ebc71a5f4b2a91f8e256,base,edit,8,16,2947.5345,224.3954,0.0007,105.447,28.782,787,ok,,49b53e1559
44d15c0f5e6c97b80a97ebc71a5f4b2a91f8e256,base,edit,9,19,2943.4608,201.0078,0.0007,101.229,25.368,786,ok,,49b53e1559
44d15c0f5e6c97b80a97ebc71a5f4b2a91f8e256,base,edit,10,20,2948.88,192.916,0.0007,107.484,21.875,769,ok,,49b53e1559
44d15c0f5e6c97b80a97ebc71a5f4b2a91f8e256,base,edit,11,23,2948.8078,212.1384,0.0007,118.205,21.542,769,ok,,49b53e1559
44d15c0f5e6c97b80a97ebc71a5f4b2a91f8e256,base,edit,12,24,2958.9304,217.9139,0.0007,116.437,28.687,767,ok,,49b53e1559
44d15c0f5e6c97b80a97ebc71a5f4b2a91f8e256,base,edit,13,27,2943.1014,173.8797,0.0007,117.227,207.352,787,outlier,tbtFlow,49b53e1559
44d15c0f5e6c97b80a97ebc71a5f4b2a91f8e256,base,edit,14,28,2952.0279,57.5327,0.0007,107.582,207.721,768,outlier,tbt;tbtFlow,49b53e1559
44d15c0f5e6c97b80a97ebc71a5f4b2a91f8e256,head,edit,0,1,2956.385,128.123,0.0007,116.646,218.193,786,ok,,49b53e1559
44d15c0f5e6c97b80a97ebc71a5f4b2a91f8e256,head,edit,1,2,2956.5336,223.1933,0.0007,117.592,234.274,787,ok,,49b53e1559
44d15c0f5e6c97b80a97ebc71a5f4b2a91f8e256,head,edit,2,5,2949.6284,199.8743,0.0007,117.278,208.697,769,ok,,49b53e1559
44d15c0f5e6c97b80a97ebc71a5f4b2a91f8e256,head,edit,3,6,2972.761,231.8478,0.0007,115.388,214.383,784,ok,,49b53e1559
44d15c0f5e6c97b80a97ebc71a5f4b2a91f8e256,head,edit,4,9,2948.4015,50,0.0007,116.058,212.96,767,ok,,49b53e1559
44d15c0f5e6c97b80a97ebc71a5f4b2a91f8e256,head,edit,5,10,2945.0413,175.4918,0.0007,101.069,188.396,768,ok,,49b53e1559
44d15c0f5e6c97b80a97ebc71a5f4b2a91f8e256,head,edit,6,13,2938.169,62.8517,0.0007,117.156,24.356,767,outlier,tbtFlow,49b53e1559
44d15c0f5e6c97b80a97ebc71a5f4b2a91f8e256,head,edit,7,14,2947.2359,195.0528,0.0007,109.025,205.638,786,ok,,49b53e1559
44d15c0f5e6c97b80a97ebc71a5f4b2a91f8e256,head,edit,8,17,2943.6119,183,0.0007,115.579,26.648,768,outlier,tbtFlow,49b53e1559
44d15c0f5e6c97b80a97ebc71a5f4b2a91f8e256,head,edit,9,18,2947.9318,105.8137,0.0007,114.093,201.578,787,ok,,49b53e1559
44d15c0f5e6c97b80a97ebc71a5f4b2a91f8e256,head,edit,10,21,2939.3118,80.1771,0.0007,112.218,16.936,786,outlier,tbtFlow,49b53e1559
44d15c0f5e6c97b80a97ebc71a5f4b2a91f8e256,head,edit,11,22,2945.392,198.5216,0.0007,109.933,242.221,769,ok,,49b53e1559
44d15c0f5e6c97b80a97ebc71a5f4b2a91f8e256,head,edit,12,25,2942.7839,188.3432,0.0007,96.267,217.315,751,ok,,49b53e1559
44d15c0f5e6c97b80a97ebc71a5f4b2a91f8e256,head,edit,13,26,2906.3879,112.8224,0.0007,98.295,211.751,768,ok,,49b53e1559
44d15c0f5e6c97b80a97ebc71a5f4b2a91f8e256,head,edit,14,29,2976.6572,91.2408,0.0007,115.456,221.519,804,ok,,49b53e1559
a85bc09092ac7080bff7e565c52f679193a4ca2e,base,edit,0,0,2956.7763,194.2965,0.0006,129.832,220.788,803,ok,,897afa625b
a85bc09092ac7080bff7e565c52f679193a4ca2e,base,edit,1,3,2941.1909,69.5449,0.0007,123.524,243.228,786,outlier,tbt,629aa4bd9a
a85bc09092ac7080bff7e565c52f679193a4ca2e,base,edit,2,4,2947.8326,216.8335,0.0006,139.309,237.637,785,ok,,897afa625b
a85bc09092ac7080bff7e565c52f679193a4ca2e,base,edit,3,7,2956.1336,213.0489,0.001,124.485,210.583,768,ok,,8b7887f619
a85bc09092ac7080bff7e565c52f679193a4ca2e,base,edit,4,8,2947.8466,196.1307,0.0007,136.927,274.426,768,ok,,629aa4bd9a
a85bc09092ac7080bff7e565c52f679193a4ca2e,head,edit,0,1,2966.5565,248.9887,0.001,126.956,243.981,805,ok,,8b7887f619
a85bc09092ac7080bff7e565c52f679193a4ca2e,head,edit,1,2,2957.6364,215.6727,0.0006,132.503,212.908,786,ok,,897afa625b
a85bc09092ac7080bff7e565c52f679193a4ca2e,head,edit,2,5,2947.2674,52.6334,0.0006,122.908,204.052,768,outlier,tbt,897afa625b
a85bc09092ac7080bff7e565c52f679193a4ca2e,head,edit,3,6,2948.193,58.3122,0.001,139.515,221.445,786,outlier,tbt,8b7887f619
a85bc09092ac7080bff7e565c52f679193a4ca2e,head,edit,4,9,2910.4306,215.1139,0.0007,117.395,253.869,787,ok,,629aa4bd9a
e56451e0270c8cb2ab003d4d734f9f63d1d13476,base,edit,0,0,2958.9586,64.5387,0.001,122.945,233.375,784,outlier,tbt,8b7887f619
e56451e0270c8cb2ab003d4d734f9f63d1d13476,base,edit,1,3,2942.4511,196.8098,0.0006,117.588,243.682,768,ok,,897afa625b
e56451e0270c8cb2ab003d4d734f9f63d1d13476,base,edit,2,4,2945.0814,192.5837,0.0007,125.483,219.252,786,ok,,629aa4bd9a
e56451e0270c8cb2ab003d4d734f9f63d1d13476,base,edit,3,7,2945.4441,49.1503,0.0006,107.931,228.603,769,outlier,tbt,897afa625b
e56451e0270c8cb2ab003d4d734f9f63d1d13476,base,edit,4,8,2926.7192,80.7561,0.001,124.327,215.423,787,outlier,tbt,8b7887f619
e56451e0270c8cb2ab003d4d734f9f63d1d13476,base,edit,5,11,2902.828,195.0344,0.0006,125.374,267.462,768,ok,,897afa625b
e56451e0270c8cb2ab003d4d734f9f63d1d13476,base,edit,6,12,2946.4873,195.6026,0.001,134.325,217.987,785,ok,,8b7887f619
e56451e0270c8cb2ab003d4d734f9f63d1d13476,base,edit,7,15,2951.8144,211.8371,0.0007,122.392,225.738,787,ok,,629aa4bd9a
e56451e0270c8cb2ab003d4d734f9f63d1d13476,base,edit,8,16,2946.3494,201.8434,0.001,134.32,213.706,768,ok,,8b7887f619
e56451e0270c8cb2ab003d4d734f9f63d1d13476,base,edit,9,19,2948.0291,198.9942,0.0007,123.933,247.569,786,ok,,629aa4bd9a
e56451e0270c8cb2ab003d4d734f9f63d1d13476,base,edit,10,20,2963.283,137.7434,0.0007,122.655,227.498,788,ok,,629aa4bd9a
e56451e0270c8cb2ab003d4d734f9f63d1d13476,base,edit,11,23,2987.7044,106.5,0.001,125.145,253.599,768,outlier,tbt,8b7887f619
e56451e0270c8cb2ab003d4d734f9f63d1d13476,base,edit,12,24,2948.328,209.0136,0.0006,130.029,259.023,787,ok,,897afa625b
e56451e0270c8cb2ab003d4d734f9f63d1d13476,base,edit,13,27,2944.8157,54.2756,0.0007,125.003,224.649,786,outlier,tbt,629aa4bd9a
e56451e0270c8cb2ab003d4d734f9f63d1d13476,base,edit,14,28,2935.4489,61.2803,0.001,119.224,243.533,787,outlier,tbt,8b7887f619
e56451e0270c8cb2ab003d4d734f9f63d1d13476,head,edit,0,1,2908.642,206.6716,0.0007,115.625,209.631,788,ok,,49b53e1559
e56451e0270c8cb2ab003d4d734f9f63d1d13476,head,edit,1,2,2966.0135,217.5973,0.0007,110.696,264.29,787,ok,,49b53e1559
e56451e0270c8cb2ab003d4d734f9f63d1d13476,head,edit,2,5,2938.4375,232.7125,0.0007,109.592,13.657,787,outlier,tbtFlow,49b53e1559
e56451e0270c8cb2ab003d4d734f9f63d1d13476,head,edit,3,6,2943.996,204.4672,0.0007,121.127,215,786,ok,,49b53e1559
e56451e0270c8cb2ab003d4d734f9f63d1d13476,head,edit,4,9,2925.7135,73.439,0.0007,117.517,192.06,804,outlier,tbt,49b53e1559
e56451e0270c8cb2ab003d4d734f9f63d1d13476,head,edit,5,10,2950.4866,209.6342,0.0007,117.562,226.946,766,ok,,49b53e1559
e56451e0270c8cb2ab003d4d734f9f63d1d13476,head,edit,6,13,2965.9639,90.3623,0.0007,110.711,210.87,768,outlier,tbt,49b53e1559
e56451e0270c8cb2ab003d4d734f9f63d1d13476,head,edit,7,14,2937.5204,186.4959,0.0007,103.831,209.843,751,ok,,49b53e1559
e56451e0270c8cb2ab003d4d734f9f63d1d13476,head,edit,8,17,2960.1947,222.0611,0.0007,112.459,223.807,768,ok,,49b53e1559
e56451e0270c8cb2ab003d4d734f9f63d1d13476,head,edit,9,18,2906.9559,45.5,0.0007,97.376,22.541,769,outlier,tbt;tbtFlow,49b53e1559
e56451e0270c8cb2ab003d4d734f9f63d1d13476,head,edit,10,21,2947.2313,190.4537,0.0007,105.326,215.593,787,ok,,49b53e1559
e56451e0270c8cb2ab003d4d734f9f63d1d13476,head,edit,11,22,2952.6811,88.2638,0.0007,101.45,15.089,769,outlier,tbt;tbtFlow,49b53e1559
e56451e0270c8cb2ab003d4d734f9f63d1d13476,head,edit,12,25,2949.8007,216.3399,0.0007,115.844,243.693,787,ok,,49b53e1559
e56451e0270c8cb2ab003d4d734f9f63d1d13476,head,edit,13,26,2951.2951,204.341,0.0007,95.311,200.043,768,ok,,49b53e1559
e56451e0270c8cb2ab003d4d734f9f63d1d13476,head,edit,14,29,2948.5434,201.2276,0.0007,100.609,205.84,804,ok,,49b53e1559
82f7371fed2165d0edfbd79f04ae26adb781192a,base,edit,0,0,2951.1355,116.2243,0.0007,106.613,14.251,785,ok,,49b53e1559
82f7371fed2165d0edfbd79f04ae26adb781192a,base,edit,1,3,2952.1789,208.6881,0.0007,109.131,14.325,767,ok,,49b53e1559
82f7371fed2165d0edfbd79f04ae26adb781192a,base,edit,2,4,2941.4969,183.8006,0.0007,108.72,211.312,786,outlier,tbtFlow,49b53e1559
82f7371fed2165d0edfbd79f04ae26adb781192a,base,edit,3,7,2954.6296,206.6741,0.0007,107.772,15.701,786,ok,,49b53e1559
82f7371fed2165d0edfbd79f04ae26adb781192a,base,edit,4,8,2951.9157,142.6168,0.0007,116.671,201.615,822,outlier,tbtFlow,49b53e1559
82f7371fed2165d0edfbd79f04ae26adb781192a,head,edit,0,1,2908.6834,199.7633,0.0007,118.049,232.709,768,outlier,tbtFlow,49b53e1559
82f7371fed2165d0edfbd79f04ae26adb781192a,head,edit,1,2,2944.2045,177.6591,0.0007,103.131,22.14,786,ok,,49b53e1559
82f7371fed2165d0edfbd79f04ae26adb781192a,head,edit,2,5,2946.9638,181.9072,0.0007,112.949,31.631,768,ok,,49b53e1559
82f7371fed2165d0edfbd79f04ae26adb781192a,head,edit,3,6,2964.6962,69.0931,0.0007,115.619,25.021,804,outlier,tbt,49b53e1559
82f7371fed2165d0edfbd79f04ae26adb781192a,head,edit,4,9,2911.7386,193.4348,0.0007,112.386,194.623,786,outlier,tbtFlow,49b53e1559
340911f2713c3b10f53cf51a3560dbcd85041bea,base,edit,0,0,2958.5434,209.3275,0.0007,97.439,15.44,786,ok,,49b53e1559
340911f2713c3b10f53cf51a3560dbcd85041bea,base,edit,1,3,2945.5976,199.4805,0.0007,105.463,10.074,787,ok,,49b53e1559
340911f2713c3b10f53cf51a3560dbcd85041bea,base,edit,2,4,2884.5824,48.801,0.0007,116.164,27.561,786,outlier,tbt,49b53e1559
340911f2713c3b10f53cf51a3560dbcd85041bea,base,edit,3,7,2909.0386,205.9923,0.0007,117.606,23.155,768,ok,,49b53e1559
340911f2713c3b10f53cf51a3560dbcd85041bea,base,edit,4,8,2969.9366,213.1085,0.0007,113.444,207.945,786,outlier,tbtFlow,49b53e1559
340911f2713c3b10f53cf51a3560dbcd85041bea,head,edit,0,1,2952.6698,202.8661,0.0007,115.175,26.039,805,ok,,49b53e1559
340911f2713c3b10f53cf51a3560dbcd85041bea,head,edit,1,2,2916.451,209.1098,0.0007,115.685,31.476,786,ok,,49b53e1559
340911f2713c3b10f53cf51a3560dbcd85041bea,head,edit,2,5,2906.4033,194.1064,0.0007,100.485,212.402,768,outlier,tbtFlow,49b53e1559
340911f2713c3b10f53cf51a3560dbcd85041bea,head,edit,3,6,2947.3055,63.6852,0.0007,108.607,217.068,803,outlier,tbt;tbtFlow,49b53e1559
340911f2713c3b10f53cf51a3560dbcd85041bea,head,edit,4,9,2909.2809,201.5625,0.0007,98.519,12.094,786,ok,,49b53e1559
15cdb7b64a33326862cbcfba59696b2e9146ac21,base,edit,0,0,2916.1716,196.041,0.0007,104.796,31.247,803,ok,,49b53e1559
15cdb7b64a33326862cbcfba59696b2e9146ac21,base,edit,1,3,2951.7026,219.4396,0.0007,114.871,21.709,787,ok,,49b53e1559
15cdb7b64a33326862cbcfba59696b2e9146ac21,base,edit,2,4,2905.5139,210.8981,0.0007,116.128,203.361,769,outlier,tbtFlow,49b53e1559
15cdb7b64a33326862cbcfba59696b2e9146ac21,base,edit,3,7,2947.6638,198.4672,0.0007,115.023,18.52,786,ok,,49b53e1559
15cdb7b64a33326862cbcfba59696b2e9146ac21,base,edit,4,8,2948.4417,201.2705,0.0007,106.049,26.18,768,ok,,49b53e1559
15cdb7b64a33326862cbcfba59696b2e9146ac21,head,edit,0,1,2949.0881,183.5883,0.0007,115.185,15.239,787,outlier,tbtFlow,49b53e1559
15cdb7b64a33326862cbcfba59696b2e9146ac21,head,edit,1,2,2948.5411,220.3278,0.0007,111.964,207.774,786,ok,,49b53e1559
15cdb7b64a33326862cbcfba59696b2e9146ac21,head,edit,2,5,2951.4142,182.5781,0.0007,110.147,216.269,786,ok,,49b53e1559
15cdb7b64a33326862cbcfba59696b2e9146ac21,head,edit,3,6,2944.8069,173.8386,0.0007,113.332,198.176,769,ok,,49b53e1559
15cdb7b64a33326862cbcfba59696b2e9146ac21,head,edit,4,9,2959.8057,260.8388,0.0007,117.577,236.449,786,outlier,tbt,49b53e1559
d16a1776e681b93009192df4733f663c4a2bf7fb,base,edit,0,0,2948.1602,194.7679,0.0007,108.309,200.822,785,outlier,tbt,49b53e1559
d16a1776e681b93009192df4733f663c4a2bf7fb,base,edit,1,3,2952.6665,62.951,0.0007,97.511,197.461,786,ok,,49b53e1559
d16a1776e681b93009192df4733f663c4a2bf7fb,base,edit,2,4,2893.6734,331.7218,0.0007,104.718,23.549,767,outlier,tbt;tbtFlow,49b53e1559
d16a1776e681b93009192df4733f663c4a2bf7fb,base,edit,3,7,2956.4341,52,0.0007,106.723,203.562,785,ok,,49b53e1559
d16a1776e681b93009192df4733f663c4a2bf7fb,base,edit,4,8,2951.0781,51.0,0.0007,108.119,232.749,787,outlier,tbtFlow,49b53e1559
d16a1776e681b93009192df4733f663c4a2bf7fb,head,edit,0,1,2951.1972,84.8503,0.0007,117.385,233.2,769,ok,,49b53e1559
d16a1776e681b93009192df4733f663c4a2bf7fb,head,edit,1,2,2953.7088,50,0.0007,111.649,211.005,732,ok,,49b53e1559
d16a1776e681b93009192df4733f663c4a2bf7fb,head,edit,2,5,2953.99,191.7194,0.0007,104.785,230.694,769,ok,,49b53e1559
d16a1776e681b93009192df4733f663c4a2bf7fb,head,edit,3,6,2950.4124,168.7664,0.0007,116.152,212.924,750,ok,,49b53e1559
d16a1776e681b93009192df4733f663c4a2bf7fb,head,edit,4,9,2944.3008,39.5,0.0007,115.208,205.474,731,ok,,49b53e1559
8a436791de458970c33d7d31bde7051afd40b29a,base,edit,0,0,2948.5222,42.5,0.0007,112.898,14.633,749,outlier,tbtFlow,49b53e1559
8a436791de458970c33d7d31bde7051afd40b29a,base,edit,1,3,2953.1704,161.0618,0.0007,108.452,204.302,732,outlier,tbt,49b53e1559
8a436791de458970c33d7d31bde7051afd40b29a,base,edit,2,4,2956.4732,51,0.0007,105.052,193.659,733,ok,,49b53e1559
8a436791de458970c33d7d31bde7051afd40b29a,base,edit,3,7,2952.068,47.5,0.0007,115.53,248.303,732,ok,,49b53e1559
8a436791de458970c33d7d31bde7051afd40b29a,base,edit,4,8,2949.1776,59.6028,0.0007,101.206,211.25,733,ok,,49b53e1559
8a436791de458970c33d7d31bde7051afd40b29a,head,edit,0,1,2918.1036,176.6993,0.0007,108.187,30.078,749,outlier,tbt;tbtFlow,49b53e1559
8a436791de458970c33d7d31bde7051afd40b29a,head,edit,1,2,2910.4933,40,0.0007,118.684,235.35,769,ok,,49b53e1559
8a436791de458970c33d7d31bde7051afd40b29a,head,edit,2,5,2905.32,165.315,0.0007,109.115,194.223,768,outlier,tbt,49b53e1559
8a436791de458970c33d7d31bde7051afd40b29a,head,edit,3,6,2900.0316,32,0.0007,117.829,201.435,749,ok,,49b53e1559
8a436791de458970c33d7d31bde7051afd40b29a,head,edit,4,9,2902.1982,31,0.0007,111.597,174.462,768,ok,,49b53e1559
ab760f35fa417acae564a2f4aed729daf45f7dd3,base,edit,0,0,2905.4581,36.5,0.0007,116.156,193.334,768,ok,,49b53e1559
ab760f35fa417acae564a2f4aed729daf45f7dd3,base,edit,1,3,2905.4591,33.5,0.0007,114.546,195.144,751,ok,,49b53e1559
ab760f35fa417acae564a2f4aed729daf45f7dd3,base,edit,2,4,2901.6845,33.0,0.0007,105.187,185.412,751,ok,,49b53e1559
ab760f35fa417acae564a2f4aed729daf45f7dd3,base,edit,3,7,2902.0192,126.8714,0.0007,115.518,197.995,749,outlier,tbt,49b53e1559
ab760f35fa417acae564a2f4aed729daf45f7dd3,base,edit,4,8,2906.3776,158.4292,0.0007,108.593,31.01,750,outlier,tbt;tbtFlow,49b53e1559
ab760f35fa417acae564a2f4aed729daf45f7dd3,head,edit,0,1,2906.8589,35.0,0.0007,104.943,197.253,750,ok,,49b53e1559
ab760f35fa417acae564a2f4aed729daf45f7dd3,head,edit,1,2,2899.8164,62.5229,0.0007,117.129,208.672,731,ok,,49b53e1559
ab760f35fa417acae564a2f4aed729daf45f7dd3,head,edit,2,5,2902.128,119.0385,0.0007,106.448,23.488,732,outlier,tbtFlow,49b53e1559
ab760f35fa417acae564a2f4aed729daf45f7dd3,head,edit,3,6,2899.1464,158.9596,0.0007,118.654,32.612,750,outlier,tbtFlow,49b53e1559
ab760f35fa417acae564a2f4aed729daf45f7dd3,head,edit,4,9,2901.0504,155.053,0.0007,105.745,204.168,731,ok,,49b53e1559
c675dc02e9c94b38aa178f07c80337faebd49c45,base,edit,0,0,2900.65,156.1281,0.0007,121.792,22.142,750,outlier,tbt,49b53e1559
c675dc02e9c94b38aa178f07c80337faebd49c45,base,edit,1,3,2899.0492,34,0.0007,120.277,16.48,750,ok,,49b53e1559
c675dc02e9c94b38aa178f07c80337faebd49c45,base,edit,2,4,2907.5804,39.2411,0.0007,107.95,203.773,751,outlier,tbtFlow,49b53e1559
c675dc02e9c94b38aa178f07c80337faebd49c45,base,edit,3,7,2898.99,141.1269,0.0007,116.319,24.129,732,outlier,tbt,49b53e1559
c675dc02e9c94b38aa178f07c80337faebd49c45,base,edit,4,8,2900.0272,33.0,0.0007,105.888,14.923,768,ok,,49b53e1559
c675dc02e9c94b38aa178f07c80337faebd49c45,head,edit,0,1,2911.932,40.5,0.0007,116.546,199.149,750,ok,,49b53e1559
c675dc02e9c94b38aa178f07c80337faebd49c45,head,edit,1,2,2908.0572,34,0.0007,117.217,196.243,732,ok,,49b53e1559
c675dc02e9c94b38aa178f07c80337faebd49c45,head,edit,2,5,2903.672,62.7285,0.0007,118.887,33.65,769,outlier,tbtFlow,49b53e1559
c675dc02e9c94b38aa178f07c80337faebd49c45,head,edit,3,6,2895.082,162.6721,0.0007,108.193,18.271,786,outlier,tbtFlow,49b53e1559
c675dc02e9c94b38aa178f07c80337faebd49c45,head,edit,4,9,2906.4256,179.1922,0.0007,108.451,191.745,769,ok,,49b53e1559
29e92a9702565f3e074d290c1b283c9783f8ffc2,base,edit,0,0,2902.1084,125.8547,0.0007,116.83,45.681,730,outlier,tbtFlow,49b53e1559
29e92a9702565f3e074d290c1b283c9783f8ffc2,base,edit,1,3,2904.8228,133.127,0.0007,100.919,172.637,750,ok,,49b53e1559
29e92a9702565f3e074d290c1b283c9783f8ffc2,base,edit,2,4,2900.6477,32.5,0.0007,117.59,188.159,750,ok,,49b53e1559
29e92a9702565f3e074d290c1b283c9783f8ffc2,base,edit,3,7,2902.3548,184.9647,0.0007,117.191,202.532,769,ok,,49b53e1559
29e92a9702565f3e074d290c1b283c9783f8ffc2,base,edit,4,8,2909.9987,40.0,0.0007,116.315,183.455,822,ok,,49b53e1559
29e92a9702565f3e074d290c1b283c9783f8ffc2,head,edit,0,1,2912.4324,40.5491,0.0007,100.436,230.077,767,outlier,tbtFlow,49b53e1559
29e92a9702565f3e074d290c1b283c9783f8ffc2,head,edit,1,2,2901.8024,138.0995,0.0007,115.584,19.565,731,outlier,tbt,49b53e1559
29e92a9702565f3e074d290c1b283c9783f8ffc2,head,edit,2,5,2902.7968,33,0.0007,116.498,198.509,732,outlier,tbtFlow,49b53e1559
29e92a9702565f3e074d290c1b283c9783f8ffc2,head,edit,3,6,2900.9178,31.5,0.0007,108.273,16.398,751,ok,,49b53e1559
29e92a9702565f3e074d290c1b283c9783f8ffc2,head,edit,4,9,2908.9081,46.1794,0.0007,117.412,20.58,768,ok,,49b53e1559
0e0da3b1e9985c156451326ee5000fd22a6e4a79,base,edit,0,0,2912.9335,39.5,0.0007,111.192,19.884,750,outlier,tbt,49b53e1559
0e0da3b1e9985c156451326ee5000fd22a6e4a79,base,edit,1,3,2902.444,150.7918,0.0007,115.262,190.463,767,outlier,tbtFlow,49b53e1559
0e0da3b1e9985c156451326ee5000fd22a6e4a79,base,edit,2,4,2901.2264,161.6138,0.0007,106.903,16.03,768,ok,,49b53e1559
0e0da3b1e9985c156451326ee5000fd22a6e4a79,base,edit,3,7,2906.958,149.6329,0.0007,118.011,221.064,733,outlier,tbtFlow,49b53e1559
0e0da3b1e9985c156451326ee5000fd22a6e4a79,base,edit,4,8,2909.8744,33,0.0007,105.945,11.152,749,outlier,tbt,49b53e1559
0e0da3b1e9985c156451326ee5000fd22a6e4a79,head,edit,0,1,2902.5828,70.8073,0.0007,105.204,17.979,732,ok,,49b53e1559
0e0da3b1e9985c156451326ee5000fd22a6e4a79,head,edit,1,2,2900.5184,140.6528,0.0007,107.732,177.476,768,outlier,tbtFlow,49b53e1559
0e0da3b1e9985c156451326ee5000fd22a6e4a79,head,edit,2,5,2899.478,34.5,0.0007,112.347,21.926,750,ok,,49b53e1559
0e0da3b1e9985c156451326ee5000fd22a6e4a79,head,edit,3,6,2908.4684,194.6309,0.0007,117.813,211.81,787,outlier,tbtFlow,49b53e1559
0e0da3b1e9985c156451326ee5000fd22a6e4a79,head,edit,4,9,2906.0379,35.5,0.0007,106.392,14.868,767,ok,,49b53e1559
f9f1e27bc3623aa81e610dbf7c43d29e03f7d36a,base,edit,0,0,2899.4588,34,0.0007,107.04,197.799,749,ok,,49b53e1559
f9f1e27bc3623aa81e610dbf7c43d29e03f7d36a,base,edit,1,3,2905.332,36.0,0.0007,122.998,24.651,733,outlier,tbtFlow,49b53e1559
f9f1e27bc3623aa81e610dbf7c43d29e03f7d36a,base,edit,2,4,2901.3648,35,0.0007,107.934,25.812,750,outlier,tbtFlow,49b53e1559
f9f1e27bc3623aa81e610dbf7c43d29e03f7d36a,base,edit,3,7,2911.1732,159.655,0.0007,106.41,18.119,750,outlier,tbt;tbtFlow,49b53e1559
f9f1e27bc3623aa81e610dbf7c43d29e03f7d36a,base,edit,4,8,2905.2916,150.9193,0.0007,108.759,180.434,731,outlier,tbt,49b53e1559
f9f1e27bc3623aa81e610dbf7c43d29e03f7d36a,base,edit,5,11,2913.8952,53.0,0.0007,116.647,230.835,750,ok,,49b53e1559
f9f1e27bc3623aa81e610dbf7c43d29e03f7d36a,base,edit,6,12,2902.2304,158.1106,0.0007,107.8,190.943,750,outlier,tbt,49b53e1559
f9f1e27bc3623aa81e610dbf7c43d29e03f7d36a,base,edit,7,15,2899.4676,35,0.0007,116.789,176.99,750,ok,,49b53e1559
f9f1e27bc3623aa81e610dbf7c43d29e03f7d36a,base,edit,8,16,2909.4314,40.1734,0.0007,106.39,187.433,751,ok,,49b53e1559
f9f1e27bc3623aa81e610dbf7c43d29e03f7d36a,base,edit,9,19,2935.8644,79.3847,0.0007,118.383,180.438,805,outlier,lcpObs,49b53e1559
f9f1e27bc3623aa81e610dbf7c43d29e03f7d36a,base,edit,10,20,2907.6024,226.7621,0.0007,107.127,22.584,822,outlier,tbt;tbtFlow;lcpObs,49b53e1559
f9f1e27bc3623aa81e610dbf7c43d29e03f7d36a,base,edit,11,23,2904.57,36.5,0.0007,115.612,208.115,749,ok,,49b53e1559
f9f1e27bc3623aa81e610dbf7c43d29e03f7d36a,base,edit,12,24,2900.8068,136.6996,0.0007,106.677,177.412,732,ok,,49b53e1559
f9f1e27bc3623aa81e610dbf7c43d29e03f7d36a,base,edit,13,27,2902.0948,33.5,0.0007,106.289,184.956,750,ok,,49b53e1559
f9f1e27bc3623aa81e610dbf7c43d29e03f7d36a,base,edit,14,28,2919.9215,59.7691,0.0007,115.448,14.882,768,outlier,tbtFlow,49b53e1559
f9f1e27bc3623aa81e610dbf7c43d29e03f7d36a,head,edit,0,1,2913.1148,193.5,0.0007,120.587,30.197,751,outlier,tbt;tbtFlow,49b53e1559
f9f1e27bc3623aa81e610dbf7c43d29e03f7d36a,head,edit,1,2,2900.2528,147.5,0.0007,116.595,192.234,749,ok,,49b53e1559
f9f1e27bc3623aa81e610dbf7c43d29e03f7d36a,head,edit,2,5,2906.824,193.386,0.0007,123.675,206.014,768,outlier,tbt,49b53e1559
f9f1e27bc3623aa81e610dbf7c43d29e03f7d36a,head,edit,3,6,2899.3492,114.2907,0.0007,111.729,15.107,731,outlier,tbtFlow,49b53e1559
f9f1e27bc3623aa81e610dbf7c43d29e03f7d36a,head,edit,4,9,2911.6793,48.1172,0.0007,122.213,47.049,751,outlier,tbtFlow,49b53e1559
f9f1e27bc3623aa81e610dbf7c43d29e03f7d36a,head,edit,5,10,2911.5509,48.5641,0.0007,119.414,198.863,769,ok,,49b53e1559
f9f1e27bc3623aa81e610dbf7c43d29e03f7d36a,head,edit,6,13,2910.4181,64.7192,0.0007,108.041,210.311,768,ok,,49b53e1559
f9f1e27bc3623aa81e610dbf7c43d29e03f7d36a,head,edit,7,14,2902.3292,41.5,0.0007,109.596,26.066,750,outlier,tbtFlow,49b53e1559
f9f1e27bc3623aa81e610dbf7c43d29e03f7d36a,head,edit,8,17,2899.4296,39.5,0.0007,121.824,23.963,750,outlier,tbtFlow,49b53e1559
f9f1e27bc3623aa81e610dbf7c43d29e03f7d36a,head,edit,9,18,2902.4348,38.0,0.0007,116.006,202.978,751,ok,,49b53e1559
f9f1e27bc3623aa81e610dbf7c43d29e03f7d36a,head,edit,10,21,2923.6344,207.0,0.0007,123.035,231.366,768,outlier,tbt,49b53e1559
f9f1e27bc3623aa81e610dbf7c43d29e03f7d36a,head,edit,11,22,2899.6724,155.8017,0.0007,123.415,17.002,732,outlier,tbtFlow,49b53e1559
f9f1e27bc3623aa81e610dbf7c43d29e03f7d36a,head,edit,12,25,2918.666,67.0,0.0007,117.653,182.517,751,ok,,49b53e1559
f9f1e27bc3623aa81e610dbf7c43d29e03f7d36a,head,edit,13,26,2912.7328,60.7834,0.0007,134.06,211.061,734,ok,,49b53e1559
f9f1e27bc3623aa81e610dbf7c43d29e03f7d36a,head,edit,14,29,2915.133,55.981,0.0007,119.192,196.674,768,ok,,49b53e1559
679e444bf1571fb06522042e7fafb3b43c42ae54,base,edit,0,0,2910.2568,185.9054,0.0007,115.674,13.053,749,outlier,tbt,49b53e1559
679e444bf1571fb06522042e7fafb3b43c42ae54,base,edit,1,3,2911.8316,54.6461,0.0007,118.806,189.488,751,ok,,49b53e1559
679e444bf1571fb06522042e7fafb3b43c42ae54,base,edit,2,4,2899.6036,48,0.0007,118.595,250.388,732,ok,,49b53e1559
679e444bf1571fb06522042e7fafb3b43c42ae54,base,edit,3,7,2905.4905,39,0.0007,124.461,39.738,768,ok,,49b53e1559
679e444bf1571fb06522042e7fafb3b43c42ae54,base,edit,4,8,2903.1692,32.0,0.0007,108.592,179.785,751,ok,,49b53e1559
679e444bf1571fb06522042e7fafb3b43c42ae54,head,edit,0,1,2906.784,42.0,0.0007,118.974,17.359,750,outlier,tbt,49b53e1559
679e444bf1571fb06522042e7fafb3b43c42ae54,head,edit,1,2,2909.2376,166.3453,0.0007,123.271,48.937,749,ok,,49b53e1559
679e444bf1571fb06522042e7fafb3b43c42ae54,head,edit,2,5,2900.546,157.0,0.0007,119.377,221.228,733,outlier,tbtFlow,49b53e1559
679e444bf1571fb06522042e7fafb3b43c42ae54,head,edit,3,6,2907.5888,167.0,0.0007,118.408,224.775,768,outlier,tbtFlow,49b53e1559
679e444bf1571fb06522042e7fafb3b43c42ae54,head,edit,4,9,2913.9764,60.0029,0.0007,119.403,23.35,751,outlier,tbt,49b53e1559
e3562168adcbc05479e8755128b1b94fd872517e,base,edit,0,0,2901.4412,160.8199,0.0007,117.01,180.719,748,ok,,49b53e1559
e3562168adcbc05479e8755128b1b94fd872517e,base,edit,1,3,2905.6136,182.5,0.0007,124.517,202.402,768,ok,,49b53e1559
e3562168adcbc05479e8755128b1b94fd872517e,base,edit,2,4,2902.466,167.5,0.0007,117.149,42.455,769,outlier,tbtFlow,49b53e1559
e3562168adcbc05479e8755128b1b94fd872517e,base,edit,3,7,2902.376,165.031,0.0007,118.35,15.967,733,outlier,tbtFlow,49b53e1559
e3562168adcbc05479e8755128b1b94fd872517e,base,edit,4,8,2911.8288,61.7714,0.0007,116.753,235.871,750,ok,,49b53e1559
e3562168adcbc05479e8755128b1b94fd872517e,base,edit,5,11,2919.5737,56.4075,0.0007,122.482,221.597,768,ok,,49b53e1559
e3562168adcbc05479e8755128b1b94fd872517e,base,edit,6,12,2904.044,174.0,0.0007,121.152,206.186,750,ok,,49b53e1559
e3562168adcbc05479e8755128b1b94fd872517e,base,edit,7,15,2907.2567,37.0,0.0007,117.206,244.945,750,ok,,49b53e1559
e3562168adcbc05479e8755128b1b94fd872517e,base,edit,8,16,2901.17,135.3538,0.0007,117.951,197.363,750,ok,,49b53e1559
e3562168adcbc05479e8755128b1b94fd872517e,base,edit,9,19,2913.2462,60.0,0.0007,119.756,270.268,768,ok,,49b53e1559
e3562168adcbc05479e8755128b1b94fd872517e,base,edit,10,20,2902.1812,156.5,0.0007,123.54,175.517,750,ok,,49b53e1559
e3562168adcbc05479e8755128b1b94fd872517e,base,edit,11,23,2906.5592,41.0,0.0007,137.384,246.411,750,ok,,49b53e1559
e3562168adcbc05479e8755128b1b94fd872517e,base,edit,12,24,2919.0792,56.9116,0.0007,121.88,193.718,751,ok,,49b53e1559
e3562168adcbc05479e8755128b1b94fd872517e,base,edit,13,27,2901.908,140.5,0.0007,118.455,187.505,767,ok,,49b53e1559
e3562168adcbc05479e8755128b1b94fd872517e,base,edit,14,28,2926.7907,79,0.0007,117.01,210.326,732,ok,,49b53e1559
e3562168adcbc05479e8755128b1b94fd872517e,head,edit,0,1,2949.728,204.9232,0.0007,119.917,30.7,769,outlier,tbtFlow,49b53e1559
e3562168adcbc05479e8755128b1b94fd872517e,head,edit,1,2,2954.7348,189.0166,0.0007,122.009,251.511,750,ok,,49b53e1559
e3562168adcbc05479e8755128b1b94fd872517e,head,edit,2,5,2976.1397,87.2658,0.0007,120.176,236.638,787,ok,,49b53e1559
e3562168adcbc05479e8755128b1b94fd872517e,head,edit,3,6,2953.8976,243.2876,0.0007,119.024,237.667,768,ok,,49b53e1559
e3562168adcbc05479e8755128b1b94fd872517e,head,edit,4,9,2965.1644,71.5419,0.0007,120.997,251.774,768,ok,,49b53e1559
e3562168adcbc05479e8755128b1b94fd872517e,head,edit,5,10,2954.9332,59.0,0.0007,121.117,226.977,751,ok,,49b53e1559
e3562168adcbc05479e8755128b1b94fd872517e,head,edit,6,13,2949.6184,58.5,0.0007,128.254,276.181,751,ok,,49b53e1559
e3562168adcbc05479e8755128b1b94fd872517e,head,edit,7,14,2996.8701,120.3746,0.0007,121.681,37.535,804,outlier,tbtFlow,49b53e1559
e3562168adcbc05479e8755128b1b94fd872517e,head,edit,8,17,2958.9436,56,0.0007,117.347,312.428,750,outlier,tbtFlow,49b53e1559
e3562168adcbc05479e8755128b1b94fd872517e,head,edit,9,18,2948.666,51.0,0.0007,122.459,273.377,732,ok,,49b53e1559
e3562168adcbc05479e8755128b1b94fd872517e,head,edit,10,21,2961.3552,221.6341,0.0007,117.166,42.55,750,outlier,tbtFlow,49b53e1559
e3562168adcbc05479e8755128b1b94fd872517e,head,edit,11,22,2956.0008,247.5,0.0007,121.718,238.88,768,ok,,49b53e1559
e3562168adcbc05479e8755128b1b94fd872517e,head,edit,12,25,2954.4544,50.0,0.0007,124.973,249.617,733,ok,,49b53e1559
e3562168adcbc05479e8755128b1b94fd872517e,head,edit,13,26,2943.6592,211.5,0.0007,138.532,250.709,751,ok,,49b53e1559
e3562168adcbc05479e8755128b1b94fd872517e,head,edit,14,29,2952.11,188.9931,0.0007,120.458,245.36,732,ok,,49b53e1559
4925de94a9cd618115b76015ac9f4065514c40d7,base,edit,0,0,2901.208,172.0,0.0007,121.412,189.793,768,outlier,tbt,49b53e1559
4925de94a9cd618115b76015ac9f4065514c40d7,base,edit,1,3,2904.8256,46,0.0007,123.36,29.487,750,outlier,tbtFlow,49b53e1559
4925de94a9cd618115b76015ac9f4065514c40d7,base,edit,2,4,2919.5228,207.9304,0.0007,125.468,24.744,751,outlier,tbt;tbtFlow,49b53e1559
4925de94a9cd618115b76015ac9f4065514c40d7,base,edit,3,7,2901.3948,39.5,0.0007,117.182,191.138,751,ok,,49b53e1559
4925de94a9cd618115b76015ac9f4065514c40d7,base,edit,4,8,2908.6087,53.6957,0.0007,107.049,187.311,768,ok,,49b53e1559
4925de94a9cd618115b76015ac9f4065514c40d7,head,edit,0,1,2899.8792,46.4849,0.0007,115.509,214.698,768,ok,,49b53e1559
4925de94a9cd618115b76015ac9f4065514c40d7,head,edit,1,2,2900.1712,148.5,0.0007,115.424,36.771,750,outlier,tbtFlow,49b53e1559
4925de94a9cd618115b76015ac9f4065514c40d7,head,edit,2,5,2901.178,61.8972,0.0007,119.002,184.657,751,ok,,49b53e1559
4925de94a9cd618115b76015ac9f4065514c40d7,head,edit,3,6,2907.8956,173,0.0007,106.918,191.755,751,ok,,49b53e1559
4925de94a9cd618115b76015ac9f4065514c40d7,head,edit,4,9,2901.4252,137.0,0.0007,107.933,188.079,750,ok,,49b53e1559
29eb7b01fcaddb9cac2fdb08d841563daf91c8f1,base,edit,0,0,2953.2204,223.5487,0.0007,122.211,25.267,750,outlier,tbtFlow,49b53e1559
29eb7b01fcaddb9cac2fdb08d841563daf91c8f1,base,edit,1,3,2960.0298,67.969,0.0007,120.578,246.013,751,ok,,49b53e1559
29eb7b01fcaddb9cac2fdb08d841563daf91c8f1,base,edit,2,4,2958.8276,153.0108,0.0007,121.529,260.548,768,ok,,49b53e1559
29eb7b01fcaddb9cac2fdb08d841563daf91c8f1,base,edit,3,7,2955.4964,117,0.0007,119.435,292.255,750,ok,,49b53e1559
29eb7b01fcaddb9cac2fdb08d841563daf91c8f1,base,edit,4,8,2947.5728,55.3301,0.0007,120.12,248.905,733,ok,,49b53e1559
29eb7b01fcaddb9cac2fdb08d841563daf91c8f1,head,edit,0,1,2958.2964,82.19,0.0007,114.216,240.276,786,ok,,49b53e1559
29eb7b01fcaddb9cac2fdb08d841563daf91c8f1,head,edit,1,2,2956.0741,93.1199,0.0007,108.222,38.144,750,outlier,tbtFlow,49b53e1559
29eb7b01fcaddb9cac2fdb08d841563daf91c8f1,head,edit,2,5,2949.2856,235.8036,0.0007,116.661,244.37,750,ok,,49b53e1559
29eb7b01fcaddb9cac2fdb08d841563daf91c8f1,head,edit,3,6,2960.6636,112.7193,0.0007,118.773,242.453,768,ok,,49b53e1559
29eb7b01fcaddb9cac2fdb08d841563daf91c8f1,head,edit,4,9,2971.2268,283.0854,0.0007,112.104,241.071,768,outlier,tbt,49b53e1559
1bd6355ea86c6eab7454cb750e3c13e2fbb0a8e2,base,edit,0,0,2955.5796,104.8288,0.0007,116.924,39.237,749,outlier,tbtFlow,49b53e1559
1bd6355ea86c6eab7454cb750e3c13e2fbb0a8e2,base,edit,1,3,2962.4928,240.3768,0.0007,118.048,254.287,731,ok,,49b53e1559
1bd6355ea86c6eab7454cb750e3c13e2fbb0a8e2,base,edit,2,4,2945.5072,93.1241,0.0007,117.127,238.488,767,ok,,49b53e1559
1bd6355ea86c6eab7454cb750e3c13e2fbb0a8e2,base,edit,3,7,2970.7801,134.4066,0.0007,109.183,248.913,822,ok,,49b53e1559
1bd6355ea86c6eab7454cb750e3c13e2fbb0a8e2,base,edit,4,8,2949.5116,246.9971,0.0007,111.405,261.735,750,ok,,49b53e1559
1bd6355ea86c6eab7454cb750e3c13e2fbb0a8e2,head,edit,0,1,2950.1568,236.6152,0.0007,116.993,246.527,750,ok,,49b53e1559
1bd6355ea86c6eab7454cb750e3c13e2fbb0a8e2,head,edit,1,2,2963.9216,223.1611,0.0007,114.939,32.798,769,outlier,tbtFlow,49b53e1559
1bd6355ea86c6eab7454cb750e3c13e2fbb0a8e2,head,edit,2,5,2953.6367,72.9521,0.0007,118.119,21.974,750,outlier,tbtFlow,49b53e1559
1bd6355ea86c6eab7454cb750e3c13e2fbb0a8e2,head,edit,3,6,2951.13,294.5069,0.0007,118.099,234.804,750,ok,,49b53e1559
1bd6355ea86c6eab7454cb750e3c13e2fbb0a8e2,head,edit,4,9,2954.0316,97.7441,0.0007,118.251,247.571,733,ok,,49b53e1559
1fabea49cfa4bfcdd096a4c86744e90281c85edb,base,edit,0,0,2946.2096,81.5,0.0007,115.679,277.311,749,ok,,49b53e1559
1fabea49cfa4bfcdd096a4c86744e90281c85edb,base,edit,1,3,2969.788,125.91,0.0007,115.048,32.731,732,outlier,tbtFlow,49b53e1559
1fabea49cfa4bfcdd096a4c86744e90281c85edb,base,edit,2,4,2975.9828,308.6573,0.0007,124.97,255.764,768,ok,,49b53e1559
1fabea49cfa4bfcdd096a4c86744e90281c85edb,base,edit,3,7,2967.1184,319.3216,0.0007,115.724,238.69,786,ok,,49b53e1559
1fabea49cfa4bfcdd096a4c86744e90281c85edb,base,edit,4,8,2944.6808,171.0798,0.0007,118.195,29.004,749,outlier,tbtFlow,49b53e1559
1fabea49cfa4bfcdd096a4c86744e90281c85edb,head,edit,0,1,2959.9699,113.8205,0.0007,118.702,254.454,785,ok,,49b53e1559
1fabea49cfa4bfcdd096a4c86744e90281c85edb,head,edit,1,2,2952.9548,200.0653,0.0007,117.323,250.251,732,ok,,49b53e1559
1fabea49cfa4bfcdd096a4c86744e90281c85edb,head,edit,2,5,2952.67,77.5931,0.0007,121.045,62.87,751,outlier,tbtFlow,49b53e1559
1fabea49cfa4bfcdd096a4c86744e90281c85edb,head,edit,3,6,2945.448,74.0723,0.0007,115.01,277.988,750,ok,,49b53e1559
1fabea49cfa4bfcdd096a4c86744e90281c85edb,head,edit,4,9,2965.7392,251.1128,0.0007,118.361,17.388,768,outlier,tbtFlow,49b53e1559
7b43e33971f9550966aa5e804b6a1c959f609118,base,edit,0,0,2955.034,107.6811,0.0007,121.934,43.518,748,outlier,tbtFlow,49b53e1559
7b43e33971f9550966aa5e804b6a1c959f609118,base,edit,1,3,2959.1578,126.0,0.0007,111.164,27.165,786,outlier,tbtFlow,49b53e1559
7b43e33971f9550966aa5e804b6a1c959f609118,base,edit,2,4,2951.4204,101.0652,0.0007,117.648,250.295,749,ok,,49b53e1559
7b43e33971f9550966aa5e804b6a1c959f609118,base,edit,3,7,2954.5096,76.0,0.0007,118.349,222.658,733,ok,,49b53e1559
7b43e33971f9550966aa5e804b6a1c959f609118,base,edit,4,8,2958.1428,203.9643,0.0007,116.181,245.332,750,ok,,49b53e1559
7b43e33971f9550966aa5e804b6a1c959f609118,base,edit,5,11,2962.9005,110.8315,0.0007,121.925,278.418,750,ok,,49b53e1559
7b43e33971f9550966aa5e804b6a1c959f609118,base,edit,6,12,2948.8136,113.3787,0.0007,120.727,36.688,750,outlier,tbtFlow,49b53e1559
7b43e33971f9550966aa5e804b6a1c959f609118,base,edit,7,15,2946.3848,96.6466,0.0007,118.778,304.929,751,ok,,49b53e1559
7b43e33971f9550966aa5e804b6a1c959f609118,base,edit,8,16,2965.1248,249.3282,0.0007,121.813,271.723,750,ok,,49b53e1559
7b43e33971f9550966aa5e804b6a1c959f609118,base,edit,9,19,2956.2356,222.0661,0.0007,123.529,38.111,751,outlier,tbtFlow,49b53e1559
7b43e33971f9550966aa5e804b6a1c959f609118,base,edit,10,20,2974.574,336.8079,0.0007,122.086,258.951,786,ok,,49b53e1559
7b43e33971f9550966aa5e804b6a1c959f609118,base,edit,11,23,2952.1392,271.8663,0.0007,118.401,243.746,787,ok,,49b53e1559
7b43e33971f9550966aa5e804b6a1c959f609118,base,edit,12,24,2957.7612,272.0597,0.0007,117.053,33.722,732,outlier,tbtFlow,49b53e1559
7b43e33971f9550966aa5e804b6a1c959f609118,base,edit,13,27,2911.6212,73.5,0.0007,115.315,247.886,750,ok,,49b53e1559
7b43e33971f9550966aa5e804b6a1c959f609118,base,edit,14,28,2949.9684,247.3829,0.0007,106.853,37.195,751,outlier,tbtFlow,49b53e1559
7b43e33971f9550966aa5e804b6a1c959f609118,head,edit,0,1,2957.1152,78.5,0.0007,122.713,279.899,750,ok,,49b53e1559
7b43e33971f9550966aa5e804b6a1c959f609118,head,edit,1,2,2951.4184,225.5676,0.0007,115.381,257.283,749,ok,,49b53e1559
7b43e33971f9550966aa5e804b6a1c959f609118,head,edit,2,5,2950.8796,87.7726,0.0007,110.848,258.015,732,ok,,49b53e1559
7b43e33971f9550966aa5e804b6a1c959f609118,head,edit,3,6,2948.9908,68.4493,0.0007,114.55,270.232,750,ok,,49b53e1559
7b43e33971f9550966aa5e804b6a1c959f609118,head,edit,4,9,2953.8124,92.0,0.0007,118.08,27.918,733,outlier,tbtFlow,49b53e1559
7b43e33971f9550966aa5e804b6a1c959f609118,head,edit,5,10,2957.778,222.6805,0.0007,121.559,267.588,750,ok,,49b53e1559
7b43e33971f9550966aa5e804b6a1c959f609118,head,edit,6,13,2949.502,256.1245,0.0007,117.599,237.025,768,ok,,49b53e1559
7b43e33971f9550966aa5e804b6a1c959f609118,head,edit,7,14,2958.8888,202.2778,0.0007,124.208,243.286,751,ok,,49b53e1559
7b43e33971f9550966aa5e804b6a1c959f609118,head,edit,8,17,2963.1998,137.5,0.0007,121.855,248.483,787,ok,,49b53e1559
7b43e33971f9550966aa5e804b6a1c959f609118,head,edit,9,18,2980.5928,308.0277,0.0007,123.451,278.913,750,ok,,49b53e1559
7b43e33971f9550966aa5e804b6a1c959f609118,head,edit,10,21,2967.2524,280.3589,0.0007,139.506,264.44,804,ok,,49b53e1559
7b43e33971f9550966aa5e804b6a1c959f609118,head,edit,11,22,2952.0507,106.2025,0.0007,116.198,240.867,769,ok,,49b53e1559
7b43e33971f9550966aa5e804b6a1c959f609118,head,edit,12,25,2959.4508,267.0123,0.0007,122.068,246.803,767,ok,,49b53e1559
7b43e33971f9550966aa5e804b6a1c959f609118,head,edit,13,26,2948.9116,70.5,0.0007,120.575,21.011,750,outlier,tbtFlow,49b53e1559
7b43e33971f9550966aa5e804b6a1c959f609118,head,edit,14,29,2953.2628,106.8257,0.0007,114.579,258.63,732,ok,,49b53e1559
2ff56f67bce26a6136af2a9872f8d0fafa7da03e,base,edit,0,0,2953.1312,76.4672,0.0007,111.686,276.128,750,outlier,tbtFlow,49b53e1559
2ff56f67bce26a6136af2a9872f8d0fafa7da03e,base,edit,1,3,2954.3041,97.5327,0.0007,108.853,245.15,750,outlier,tbtFlow,49b53e1559
2ff56f67bce26a6136af2a9872f8d0fafa7da03e,base,edit,2,4,2953.7436,90.0152,0.0007,114.54,29.46,768,ok,,49b53e1559
2ff56f67bce26a6136af2a9872f8d0fafa7da03e,base,edit,3,7,2943.3636,153.7841,0.0007,124.09,16.712,750,ok,,49b53e1559
2ff56f67bce26a6136af2a9872f8d0fafa7da03e,base,edit,4,8,2963.4709,112.3467,0.0007,108.344,20.382,751,ok,,49b53e1559
2ff56f67bce26a6136af2a9872f8d0fafa7da03e,head,edit,0,1,2955.022,247.0598,0.0007,118.6,24.745,768,outlier,tbtFlow,49b53e1559
2ff56f67bce26a6136af2a9872f8d0fafa7da03e,head,edit,1,2,2959.8872,88.9899,0.0007,122.977,241.682,751,ok,,49b53e1559
2ff56f67bce26a6136af2a9872f8d0fafa7da03e,head,edit,2,5,2949.9504,69.0,0.0007,118.824,257.551,750,ok,,49b53e1559
2ff56f67bce26a6136af2a9872f8d0fafa7da03e,head,edit,3,6,2965.6268,168.07,0.0007,122.1,277.393,751,ok,,49b53e1559
2ff56f67bce26a6136af2a9872f8d0fafa7da03e,head,edit,4,9,2981.516,365.8115,0.0007,115.308,236.817,841,outlier,lcpObs,49b53e1559
52abdccc3aec8db643ef07fa454b5ecebc6507c6,base,edit,0,0,2956.8413,104.2619,0.0007,116.199,242.492,750,ok,,49b53e1559
52abdccc3aec8db643ef07fa454b5ecebc6507c6,base,edit,1,3,2924.4688,102.6562,0.0007,114.475,226.345,785,ok,,49b53e1559
52abdccc3aec8db643ef07fa454b5ecebc6507c6,base,edit,2,4,2945.5184,64.5,0.0007,118.372,18.458,751,ok,,49b53e1559
52abdccc3aec8db643ef07fa454b5ecebc6507c6,base,edit,3,7,2958.4744,90.0064,0.0007,116.451,262.276,733,ok,,49b53e1559
52abdccc3aec8db643ef07fa454b5ecebc6507c6,base,edit,4,8,2952.7804,104.5,0.0007,121.445,251.9,750,ok,,49b53e1559
52abdccc3aec8db643ef07fa454b5ecebc6507c6,base,edit,5,11,2972.7242,128.546,0.0007,117.095,254.742,752,ok,,49b53e1559
52abdccc3aec8db643ef07fa454b5ecebc6507c6,base,edit,6,12,2956.3928,75.5,0.0007,123.138,52.288,751,ok,,49b53e1559
52abdccc3aec8db643ef07fa454b5ecebc6507c6,base,edit,7,15,2960.6648,272.9173,0.0007,116.182,27.036,767,outlier,tbt,49b53e1559
52abdccc3aec8db643ef07fa454b5ecebc6507c6,base,edit,8,16,2965.408,265.847,0.0007,116.508,31.955,769,outlier,tbt,49b53e1559
52abdccc3aec8db643ef07fa454b5ecebc6507c6,base,edit,9,19,2955.5936,256.8516,0.0007,117.135,245.723,751,outlier,tbt,49b53e1559
52abdccc3aec8db643ef07fa454b5ecebc6507c6,base,edit,10,20,2956.0652,257.4837,0.0007,120.492,37.061,767,outlier,tbt,49b53e1559
52abdccc3aec8db643ef07fa454b5ecebc6507c6,base,edit,11,23,2960.2548,100.0,0.0007,122.088,297.538,751,ok,,49b53e1559
52abdccc3aec8db643ef07fa454b5ecebc6507c6,base,edit,12,24,2953.57,232.4156,0.0007,120.624,45.088,751,ok,,49b53e1559
52abdccc3aec8db643ef07fa454b5ecebc6507c6,base,edit,13,27,2964.1456,100.5933,0.0007,123.492,240.725,769,ok,,49b53e1559
52abdccc3aec8db643ef07fa454b5ecebc6507c6,base,edit,14,28,2951.4204,221.6449,0.0007,108.623,33.031,751,ok,,49b53e1559
52abdccc3aec8db643ef07fa454b5ecebc6507c6,head,edit,0,1,2948.9792,281.3802,0.0007,116.025,252.363,750,ok,,49b53e1559
52abdccc3aec8db643ef07fa454b5ecebc6507c6,head,edit,1,2,2950.7512,186.0933,0.0007,123.778,26.969,751,outlier,tbtFlow,49b53e1559
52abdccc3aec8db643ef07fa454b5ecebc6507c6,head,edit,2,5,2949.7668,74.2,0.0007,117.982,241.436,750,ok,,49b53e1559
52abdccc3aec8db643ef07fa454b5ecebc6507c6,head,edit,3,6,2949.9852,188.6572,0.0007,116.263,270.641,750,ok,,49b53e1559
52abdccc3aec8db643ef07fa454b5ecebc6507c6,head,edit,4,9,2961.1668,250.8124,0.0007,115.825,248.272,750,ok,,49b53e1559
52abdccc3aec8db643ef07fa454b5ecebc6507c6,head,edit,5,10,2958.0382,93.8178,0.0007,121.205,62.719,750,outlier,tbtFlow,49b53e1559
52abdccc3aec8db643ef07fa454b5ecebc6507c6,head,edit,6,13,2961.6696,265.4576,0.0007,118.212,17.89,750,outlier,tbtFlow,49b53e1559
52abdccc3aec8db643ef07fa454b5ecebc6507c6,head,edit,7,14,2959.3176,223.5456,0.0007,122.58,242.512,750,ok,,49b53e1559
52abdccc3aec8db643ef07fa454b5ecebc6507c6,head,edit,8,17,2953.2788,207.3852,0.0007,121.835,324.006,733,ok,,49b53e1559
52abdccc3aec8db643ef07fa454b5ecebc6507c6,head,edit,9,18,2953.3492,240.6032,0.0007,134.482,251.754,769,ok,,49b53e1559
52abdccc3aec8db643ef07fa454b5ecebc6507c6,head,edit,10,21,2958.1484,242.6782,0.0007,122.018,53.392,768,outlier,tbtFlow,49b53e1559
52abdccc3aec8db643ef07fa454b5ecebc6507c6,head,edit,11,22,2970.5145,144.3301,0.0007,119.869,47.273,805,outlier,tbtFlow;lcpObs,49b53e1559
52abdccc3aec8db643ef07fa454b5ecebc6507c6,head,edit,12,25,2955.734,253.3165,0.0007,118.738,256.072,749,ok,,49b53e1559
52abdccc3aec8db643ef07fa454b5ecebc6507c6,head,edit,13,26,2962.1592,129.544,0.0007,117.401,256.246,751,ok,,49b53e1559
52abdccc3aec8db643ef07fa454b5ecebc6507c6,head,edit,14,29,2949.5754,65,0.0007,120.228,270.435,750,ok,,49b53e1559
a58cde95168381e67512e001292c17d2d429164c,base,edit,0,0,2954.5282,99.5482,0.0007,115.664,291.402,749,ok,,49b53e1559
a58cde95168381e67512e001292c17d2d429164c,base,edit,1,3,2949.3272,74.3762,0.0007,116.992,252.632,767,ok,,49b53e1559
a58cde95168381e67512e001292c17d2d429164c,base,edit,2,4,2951.7256,205.2359,0.0007,118.982,33.962,750,outlier,tbtFlow,49b53e1559
a58cde95168381e67512e001292c17d2d429164c,base,edit,3,7,2952.4228,115.5,0.0007,106.581,256.98,751,ok,,49b53e1559
a58cde95168381e67512e001292c17d2d429164c,base,edit,4,8,2917.272,251.6365,0.0007,117.602,25.436,769,outlier,tbtFlow,49b53e1559
a58cde95168381e67512e001292c17d2d429164c,base,edit,5,11,2948.5504,88.1468,0.0007,114.36,35.148,749,outlier,tbtFlow,49b53e1559
a58cde95168381e67512e001292c17d2d429164c,base,edit,6,12,2946.6704,199.3331,0.0007,119.072,261.755,751,ok,,49b53e1559
a58cde95168381e67512e001292c17d2d429164c,base,edit,7,15,2945.7884,227.7945,0.0007,118.609,38.83,769,outlier,tbtFlow,49b53e1559
a58cde95168381e67512e001292c17d2d429164c,base,edit,8,16,2948.302,70.0,0.0007,118.348,251.739,750,ok,,49b53e1559
a58cde95168381e67512e001292c17d2d429164c,base,edit,9,19,2948.1972,81.0,0.0007,115.397,260.998,769,ok,,49b53e1559
a58cde95168381e67512e001292c17d2d429164c,base,edit,10,20,2947.2692,117.0,0.0007,114.033,250.704,750,ok,,49b53e1559
a58cde95168381e67512e001292c17d2d429164c,base,edit,11,23,2942.574,224.2315,0.0007,112.352,244.762,751,ok,,49b53e1559
a58cde95168381e67512e001292c17d2d429164c,base,edit,12,24,2949.1816,262.1449,0.0007,114.758,240.03,769,ok,,49b53e1559
a58cde95168381e67512e001292c17d2d429164c,base,edit,13,27,2950.65,233.7094,0.0007,110.14,239.979,769,ok,,49b53e1559
a58cde95168381e67512e001292c17d2d429164c,base,edit,14,28,2944.7812,210.0547,0.0007,106.835,260.242,733,ok,,49b53e1559
a58cde95168381e67512e001292c17d2d429164c,head,edit,0,1,2957.3248,222.6672,0.0007,124.16,270.291,750,ok,,49b53e1559
a58cde95168381e67512e001292c17d2d429164c,head,edit,1,2,2943.4755,272.0308,0.0007,121.524,279.098,750,ok,,49b53e1559
a58cde95168381e67512e001292c17d2d429164c,head,edit,2,5,2948.8668,162.6333,0.0007,116.605,300.245,750,ok,,49b53e1559
a58cde95168381e67512e001292c17d2d429164c,head,edit,3,6,2949.1452,279.8659,0.0007,121.144,301.862,769,ok,,49b53e1559
a58cde95168381e67512e001292c17d2d429164c,head,edit,4,9,2940.8974,248.0354,0.0007,120.555,253.8,751,ok,,49b53e1559
a58cde95168381e67512e001292c17d2d429164c,head,edit,5,10,2959.1272,222.4682,0.0007,123.936,333.529,750,ok,,49b53e1559
a58cde95168381e67512e001292c17d2d429164c,head,edit,6,13,2959.9325,108.8841,0.0007,120.415,57.432,786,outlier,tbtFlow,49b53e1559
a58cde95168381e67512e001292c17d2d429164c,head,edit,7,14,2929.1222,167.4046,0.0007,123.052,311.423,769,ok,,49b53e1559
a58cde95168381e67512e001292c17d2d429164c,head,edit,8,17,2956.8348,115.0437,0.0007,123.339,43.888,786,outlier,tbtFlow,49b53e1559
a58cde95168381e67512e001292c17d2d429164c,head,edit,9,18,2936.2914,270.8946,0.0007,121.479,296.112,750,ok,,49b53e1559
a58cde95168381e67512e001292c17d2d429164c,head,edit,10,21,2942.4795,311.1777,0.0007,121.706,52.393,769,outlier,tbtFlow,49b53e1559
a58cde95168381e67512e001292c17d2d429164c,head,edit,11,22,2978.9712,361.2206,0.0007,116.863,303.847,785,ok,,49b53e1559
a58cde95168381e67512e001292c17d2d429164c,head,edit,12,25,2954.006,239.4985,0.0007,119.096,336.892,732,ok,,49b53e1559
a58cde95168381e67512e001292c17d2d429164c,head,edit,13,26,2933.1439,232.3445,0.0007,123.166,303.547,732,ok,,49b53e1559
a58cde95168381e67512e001292c17d2d429164c,head,edit,14,29,2951.4748,271.4735,0.0007,121.969,52.56,768,outlier,tbtFlow,49b53e1559
da899944407884666e5cfef9d5439c30f1fe52e8,base,edit,0,0,2952.1604,241.5849,0.0007,117.118,276.233,731,ok,,49b53e1559
da899944407884666e5cfef9d5439c30f1fe52e8,base,edit,1,3,2936.502,269.361,0.0007,108.498,283.512,768,ok,,49b53e1559
da899944407884666e5cfef9d5439c30f1fe52e8,base,edit,2,4,2952.3372,330.4578,0.0007,120.775,50.426,785,ok,,49b53e1559
da899944407884666e5cfef9d5439c30f1fe52e8,base,edit,3,7,2953.5772,94.5,0.0007,121.607,72.645,751,ok,,49b53e1559
da899944407884666e5cfef9d5439c30f1fe52e8,base,edit,4,8,2941.1191,112.0602,0.0007,138.053,293.245,751,ok,,49b53e1559
da899944407884666e5cfef9d5439c30f1fe52e8,base,edit,5,11,2942.4012,198.8587,0.0007,120.677,40.506,751,ok,,49b53e1559
da899944407884666e5cfef9d5439c30f1fe52e8,base,edit,6,12,2948.4752,149.7516,0.0007,127.63,83.458,769,ok,,49b53e1559
da899944407884666e5cfef9d5439c30f1fe52e8,base,edit,7,15,2976.8676,221.7665,0.0007,122.446,54.374,804,ok,,49b53e1559
da899944407884666e5cfef9d5439c30f1fe52e8,base,edit,8,16,2932.7604,117.5,0.0007,122.932,51.24,731,ok,,49b53e1559
da899944407884666e5cfef9d5439c30f1fe52e8,base,edit,9,19,2947.8073,103.4819,0.0007,122.365,315.634,770,ok,,49b53e1559
da899944407884666e5cfef9d5439c30f1fe52e8,base,edit,10,20,2944.3388,296.1756,0.0007,122.708,49.043,751,ok,,49b53e1559
da899944407884666e5cfef9d5439c30f1fe52e8,base,edit,11,23,3130.8607,377.9941,0.0007,180.512,1337.75,965,outlier,lcp;inp;tbtFlow;lcpObs,49b53e1559
da899944407884666e5cfef9d5439c30f1fe52e8,base,edit,12,24,2966.6395,381.7158,0.0007,124.431,109.251,839,outlier,lcpObs,49b53e1559
da899944407884666e5cfef9d5439c30f1fe52e8,base,edit,13,27,2941.0521,167.5,0.0007,120.072,294.96,749,ok,,49b53e1559
da899944407884666e5cfef9d5439c30f1fe52e8,base,edit,14,28,2941.5664,269.2608,0.0007,121.407,281.562,749,ok,,49b53e1559
da899944407884666e5cfef9d5439c30f1fe52e8,head,edit,0,1,3387.4918,91.0,0.0007,114.637,275.015,733,outlier,lcp;tbt,49b53e1559
da899944407884666e5cfef9d5439c30f1fe52e8,head,edit,1,2,3138.2332,523.157,0.0007,111.609,281.914,732,ok,,49b53e1559
da899944407884666e5cfef9d5439c30f1fe52e8,head,edit,2,5,3374.008,86.0,0.0007,108.013,291.3,715,outlier,lcp;tbt,49b53e1559
da899944407884666e5cfef9d5439c30f1fe52e8,head,edit,3,6,3395.5518,109.0876,0.0007,119.448,303.199,732,outlier,lcp;tbt,49b53e1559
da899944407884666e5cfef9d5439c30f1fe52e8,head,edit,4,9,3129.3968,524.5668,0.0007,118.252,283.33,733,ok,,49b53e1559
da899944407884666e5cfef9d5439c30f1fe52e8,head,edit,5,10,3419.7878,89.0953,0.0007,117.074,282.061,751,outlier,lcp;tbt,49b53e1559
da899944407884666e5cfef9d5439c30f1fe52e8,head,edit,6,13,3133.4186,508.6492,0.0007,108.588,307.133,733,ok,,49b53e1559
da899944407884666e5cfef9d5439c30f1fe52e8,head,edit,7,14,3390.8062,110,0.0007,111.164,276.554,734,outlier,lcp;tbt,49b53e1559
da899944407884666e5cfef9d5439c30f1fe52e8,head,edit,8,17,3106.9054,509.9245,0.0007,120.91,303.462,750,ok,,49b53e1559
da899944407884666e5cfef9d5439c30f1fe52e8,head,edit,9,18,3114.5414,479.6215,0.0007,109.489,289.26,732,ok,,49b53e1559
da899944407884666e5cfef9d5439c30f1fe52e8,head,edit,10,21,3113.9804,489.1683,0.0007,114.254,289.229,732,ok,,49b53e1559
da899944407884666e5cfef9d5439c30f1fe52e8,head,edit,11,22,3104.3004,488.5,0.0007,116.273,31.802,714,outlier,tbtFlow,49b53e1559
da899944407884666e5cfef9d5439c30f1fe52e8,head,edit,12,25,3114.056,490.537,0.0007,119.162,299.288,732,ok,,49b53e1559
da899944407884666e5cfef9d5439c30f1fe52e8,head,edit,13,26,3139.6844,702.9013,0.0007,116.314,29.841,733,outlier,tbt;tbtFlow,49b53e1559
da899944407884666e5cfef9d5439c30f1fe52e8,head,edit,14,29,3387.257,83,0.0007,116.762,39.476,714,outlier,lcp;tbt;tbtFlow,49b53e1559
ebced635c9cb6288c45f3ca81926bc9e0e8b9726,base,edit,0,0,3105.9642,469.4553,0.0007,122.293,105.329,731,ok,,49b53e1559
ebced635c9cb6288c45f3ca81926bc9e0e8b9726,base,edit,1,3,3085.7652,438.9889,0.0007,123.896,141.37,715,ok,,49b53e1559
ebced635c9cb6288c45f3ca81926bc9e0e8b9726,base,edit,2,4,3380.769,115.0,0.0007,125.077,141.036,697,outlier,lcp;tbt,49b53e1559
ebced635c9cb6288c45f3ca81926bc9e0e8b9726,base,edit,3,7,3381.1192,112,0.0007,123.004,117.193,715,outlier,lcp;tbt,49b53e1559
ebced635c9cb6288c45f3ca81926bc9e0e8b9726,base,edit,4,8,3352.5236,104,0.0007,123.483,97.574,696,outlier,lcp;tbt,49b53e1559
ebced635c9cb6288c45f3ca81926bc9e0e8b9726,base,edit,5,11,3373.8362,101.6114,0.0007,135.999,158.221,714,outlier,lcp;tbt,49b53e1559
ebced635c9cb6288c45f3ca81926bc9e0e8b9726,base,edit,6,12,3117.3826,485.5514,0.0007,118.839,94.347,715,ok,,49b53e1559
ebced635c9cb6288c45f3ca81926bc9e0e8b9726,base,edit,7,15,3083.7998,469.5583,0.0007,116.885,121.688,732,ok,,49b53e1559
ebced635c9cb6288c45f3ca81926bc9e0e8b9726,base,edit,8,16,3066.2724,464.1023,0.0007,124.188,470.229,715,outlier,tbtFlow,49b53e1559
ebced635c9cb6288c45f3ca81926bc9e0e8b9726,base,edit,9,19,3327.4934,78.2495,0.0007,122.385,102.924,732,outlier,tbt,49b53e1559
ebced635c9cb6288c45f3ca81926bc9e0e8b9726,base,edit,10,20,3103.2134,483.3155,0.0007,123.065,86.266,733,ok,,49b53e1559
ebced635c9cb6288c45f3ca81926bc9e0e8b9726,base,edit,11,23,3350.0994,108.0,0.0007,121.945,106.441,716,outlier,lcp;tbt,49b53e1559
ebced635c9cb6288c45f3ca81926bc9e0e8b9726,base,edit,12,24,3397.9074,85,0.0007,122.834,142.062,733,outlier,lcp;tbt,49b53e1559
ebced635c9cb6288c45f3ca81926bc9e0e8b9726,base,edit,13,27,3117.9644,458.1637,0.0007,120.512,98.14,697,ok,,49b53e1559
ebced635c9cb6288c45f3ca81926bc9e0e8b9726,base,edit,14,28,3118.3062,480.1089,0.0007,122.34,86.16,732,ok,,49b53e1559
ebced635c9cb6288c45f3ca81926bc9e0e8b9726,head,edit,0,1,3165.6196,517.7817,0.0007,121.597,98.811,750,ok,,49b53e1559
ebced635c9cb6288c45f3ca81926bc9e0e8b9726,head,edit,1,2,3081.5032,455.2914,0.0007,121.972,76.888,714,ok,,49b53e1559
ebced635c9cb6288c45f3ca81926bc9e0e8b9726,head,edit,2,5,3120.8938,473.1339,0.0007,119.582,93.646,715,ok,,49b53e1559
ebced635c9cb6288c45f3ca81926bc9e0e8b9726,head,edit,3,6,3403.469,128.0,0.0007,121.109,85.236,749,outlier,lcp;tbt,49b53e1559
ebced635c9cb6288c45f3ca81926bc9e0e8b9726,head,edit,4,9,3127.0408,498.3716,0.0007,134.689,142.712,750,ok,,49b53e1559
ebced635c9cb6288c45f3ca81926bc9e0e8b9726,head,edit,5,10,3429.7388,96.5724,0.0007,123.56,83.404,750,outlier,lcp;tbt,49b53e1559
ebced635c9cb6288c45f3ca81926bc9e0e8b9726,head,edit,6,13,3112.75,468.0625,0.0007,124.131,82.254,715,ok,,49b53e1559
ebced635c9cb6288c45f3ca81926bc9e0e8b9726,head,edit,7,14,3369.6606,89.805,0.0007,121.122,110.198,732,outlier,lcp;tbt,49b53e1559
ebced635c9cb6288c45f3ca81926bc9e0e8b9726,head,edit,8,17,3104.9256,477.5062,0.0007,115.465,84.33,732,ok,,49b53e1559
ebced635c9cb6288c45f3ca81926bc9e0e8b9726,head,edit,9,18,3131.708,493.941,0.0007,121.767,394.117,732,outlier,tbtFlow,49b53e1559
ebced635c9cb6288c45f3ca81926bc9e0e8b9726,head,edit,10,21,3136.442,486.1715,0.0007,128.612,107.283,715,ok,,49b53e1559
ebced635c9cb6288c45f3ca81926bc9e0e8b9726,head,edit,11,22,3125.2676,489.4777,0.0007,124.026,113.441,733,ok,,49b53e1559
ebced635c9cb6288c45f3ca81926bc9e0e8b9726,head,edit,12,25,3354.2218,455.0,0.0007,122.325,105.142,746,outlier,lcp,49b53e1559
ebced635c9cb6288c45f3ca81926bc9e0e8b9726,head,edit,13,26,3087.0878,468.5343,0.0007,122.492,71.233,731,ok,,49b53e1559
ebced635c9cb6288c45f3ca81926bc9e0e8b9726,head,edit,14,29,3096.3962,467.5087,0.0007,123.405,430.94,714,outlier,tbtFlow,49b53e1559
459c22cf09b4f3e752cd806bcbba4adcc80b283b,base,edit,0,0,3105.002,499.5415,0.0007,121.669,386.631,712,outlier,lcp;tbt;tbtFlow,49b53e1559
459c22cf09b4f3e752cd806bcbba4adcc80b283b,base,edit,1,3,3385.3628,102.0,0.0007,121.689,489.17,713,outlier,tbtFlow,49b53e1559
459c22cf09b4f3e752cd806bcbba4adcc80b283b,base,edit,2,4,3328.8576,105,0.0007,123.073,74.849,715,ok,,49b53e1559
459c22cf09b4f3e752cd806bcbba4adcc80b283b,base,edit,3,7,3355.8592,99,0.0007,122.308,74.114,714,ok,,49b53e1559
459c22cf09b4f3e752cd806bcbba4adcc80b283b,base,edit,4,8,3390.5188,414.1675,0.0007,123.763,89.555,714,outlier,tbt,49b53e1559
459c22cf09b4f3e752cd806bcbba4adcc80b283b,head,edit,0,1,3127.7512,486.8437,0.0007,132.529,89.422,714,ok,,49b53e1559
459c22cf09b4f3e752cd806bcbba4adcc80b283b,head,edit,1,2,3393.1188,107,0.0007,130.389,118.899,715,outlier,tbt,49b53e1559
459c22cf09b4f3e752cd806bcbba4adcc80b283b,head,edit,2,5,3372.8336,85.2778,0.0007,121.157,108.891,733,outlier,tbt,49b53e1559
459c22cf09b4f3e752cd806bcbba4adcc80b283b,head,edit,3,6,3081.1312,464.4474,0.0007,132.679,104.666,714,ok,,49b53e1559
459c22cf09b4f3e752cd806bcbba4adcc80b283b,head,edit,4,9,3156.227,505.3864,0.0007,123.677,102.323,750,ok,,49b53e1559
130711a9d08ae90c7908edf2e7430c4485ad2621,base,edit,0,0,3134.3058,501.9422,0.0007,113.559,318.02,731,outlier,tbt,49b53e1559
130711a9d08ae90c7908edf2e7430c4485ad2621,base,edit,1,3,3383.064,102,0.0007,117.279,296.766,713,ok,,49b53e1559
130711a9d08ae90c7908edf2e7430c4485ad2621,base,edit,2,4,3391.8788,97,0.0007,119.621,303.686,731,ok,,49b53e1559
130711a9d08ae90c7908edf2e7430c4485ad2621,base,edit,3,7,3131.6818,517.6099,0.0007,117.16,319.117,713,outlier,tbt,49b53e1559
130711a9d08ae90c7908edf2e7430c4485ad2621,base,edit,4,8,3395.0176,119.5,0.0007,113.02,41.486,715,outlier,tbtFlow,49b53e1559
130711a9d08ae90c7908edf2e7430c4485ad2621,base,edit,5,11,3390.1924,103.0,0.0007,116.669,286.376,732,ok,,49b53e1559
130711a9d08ae90c7908edf2e7430c4485ad2621,base,edit,6,12,3143.5108,682.6241,0.0007,117.725,291.641,715,outlier,tbt,49b53e1559
130711a9d08ae90c7908edf2e7430c4485ad2621,base,edit,7,15,3379.7578,120,0.0007,115.181,284.105,715,ok,,49b53e1559
130711a9d08ae90c7908edf2e7430c4485ad2621,base,edit,8,16,3351.5166,100.0,0.0007,113.7,307.523,749,ok,,49b53e1559
130711a9d08ae90c7908edf2e7430c4485ad2621,base,edit,9,19,3369.2844,96.6487,0.0007,113.698,303.217,750,ok,,49b53e1559
130711a9d08ae90c7908edf2e7430c4485ad2621,base,edit,10,20,3139.6618,524.6948,0.0007,132.057,39.083,715,outlier,tbt;tbtFlow,49b53e1559
130711a9d08ae90c7908edf2e7430c4485ad2621,base,edit,11,23,3123.4254,490.7323,0.0007,112.297,292.349,714,outlier,tbt,49b53e1559
130711a9d08ae90c7908edf2e7430c4485ad2621,base,edit,12,24,3160.717,559.7826,0.0007,116.435,282.963,750,outlier,tbt,49b53e1559
130711a9d08ae90c7908edf2e7430c4485ad2621,base,edit,13,27,3127.2856,512.5506,0.0007,108.202,213.909,743,outlier,tbt;tbtFlow,49b53e1559
130711a9d08ae90c7908edf2e7430c4485ad2621,base,edit,14,28,3473.9078,101.8503,0.0007,112.709,631.586,796,outlier,tbtFlow,49b53e1559
130711a9d08ae90c7908edf2e7430c4485ad2621,head,edit,0,1,3123.0298,498.2058,0.0007,123.503,288.889,732,ok,,49b53e1559
130711a9d08ae90c7908edf2e7430c4485ad2621,head,edit,1,2,3072.6584,465.0559,0.0007,118.162,304.576,751,ok,,49b53e1559
130711a9d08ae90c7908edf2e7430c4485ad2621,head,edit,2,5,3115.4166,491.6319,0.0007,119.026,55.721,750,outlier,tbtFlow,49b53e1559
130711a9d08ae90c7908edf2e7430c4485ad2621,head,edit,3,6,3103.1026,479.1164,0.0007,107.573,274.113,715,ok,,49b53e1559
130711a9d08ae90c7908edf2e7430c4485ad2621,head,edit,4,9,3140.6608,484.9866,0.0007,112.129,315.147,733,ok,,49b53e1559
130711a9d08ae90c7908edf2e7430c4485ad2621,head,edit,5,10,3127.8956,688.1337,0.0007,117.057,280.549,696,ok,,49b53e1559
130711a9d08ae90c7908edf2e7430c4485ad2621,head,edit,6,13,3157.3136,698.4661,0.0007,116.525,289.723,732,ok,,49b53e1559
130711a9d08ae90c7908edf2e7430c4485ad2621,head,edit,7,14,3094.4324,698.2973,0.0007,107.938,275.299,715,ok,,49b53e1559
130711a9d08ae90c7908edf2e7430c4485ad2621,head,edit,8,17,3110.5564,489.7453,0.0007,113.617,294.047,731,ok,,49b53e1559
130711a9d08ae90c7908edf2e7430c4485ad2621,head,edit,9,18,3392.6924,126.0,0.0007,118.861,312.579,714,outlier,lcp,49b53e1559
130711a9d08ae90c7908edf2e7430c4485ad2621,head,edit,10,21,3337.3088,107.0,0.0007,113.648,283.56,694,outlier,lcp,49b53e1559
130711a9d08ae90c7908edf2e7430c4485ad2621,head,edit,11,22,3380.8898,99.0,0.0007,116.922,294.872,713,outlier,lcp,49b53e1559
130711a9d08ae90c7908edf2e7430c4485ad2621,head,edit,12,25,3368.3132,108.0,0.0007,110.179,22.383,733,outlier,lcp;tbtFlow,49b53e1559
130711a9d08ae90c7908edf2e7430c4485ad2621,head,edit,13,26,3335.2326,100,0.0007,133.581,794.683,715,outlier,lcp;tbtFlow,49b53e1559
130711a9d08ae90c7908edf2e7430c4485ad2621,head,edit,14,29,3143.6332,487.4944,0.0007,116.009,690.808,745,outlier,tbtFlow,49b53e1559
6438d0074df85ada655521393b2d7dd015056139,base,edit,0,0,3155.7786,525.8842,0.0007,124.949,319.277,725,ok,,49b53e1559
6438d0074df85ada655521393b2d7dd015056139,base,edit,1,3,3406.5242,126.0,0.0007,112.52,271.24,754,ok,,49b53e1559
6438d0074df85ada655521393b2d7dd015056139,base,edit,2,4,3152.467,712.7514,0.0007,131.236,683.44,756,ok,,49b53e1559
6438d0074df85ada655521393b2d7dd015056139,base,edit,3,7,3089.9246,477.173,0.0007,124.62,647.736,768,ok,,49b53e1559
6438d0074df85ada655521393b2d7dd015056139,base,edit,4,8,3214.3624,550.4224,0.0007,125.309,638.597,782,ok,,49b53e1559
6438d0074df85ada655521393b2d7dd015056139,base,edit,5,11,3109.529,714.9571,0.0007,122.982,277.251,761,ok,,49b53e1559
6438d0074df85ada655521393b2d7dd015056139,base,edit,6,12,3143.6818,686.3674,0.0007,109.545,573.621,736,ok,,49b53e1559
6438d0074df85ada655521393b2d7dd015056139,base,edit,7,15,3449.8234,90,0.0007,115.804,633.158,774,outlier,lcp,49b53e1559
6438d0074df85ada655521393b2d7dd015056139,base,edit,8,16,3399.739,126.0,0.0007,107.288,551.199,743,ok,,49b53e1559
6438d0074df85ada655521393b2d7dd015056139,base,edit,9,19,3143.765,524.1888,0.0007,123.17,612.824,766,ok,,49b53e1559
6438d0074df85ada655521393b2d7dd015056139,base,edit,10,20,3416.05,437.5,0.0007,120.238,210.483,741,ok,,49b53e1559
6438d0074df85ada655521393b2d7dd015056139,base,edit,11,23,3351.3456,93.7788,0.0007,137.04,193.598,714,ok,,49b53e1559
6438d0074df85ada655521393b2d7dd015056139,base,edit,12,24,3129.1542,521.7371,0.0007,128.079,130.588,714,ok,,49b53e1559
6438d0074df85ada655521393b2d7dd015056139,base,edit,13,27,3106.8216,463.6518,0.0007,122.713,85.424,716,ok,,49b53e1559
6438d0074df85ada655521393b2d7dd015056139,base,edit,14,28,3393.2356,103.0,0.0007,123.531,123.717,715,ok,,49b53e1559
6438d0074df85ada655521393b2d7dd015056139,head,edit,0,1,3174.337,535.2151,0.0007,114.027,341.364,747,ok,,49b53e1559
6438d0074df85ada655521393b2d7dd015056139,head,edit,1,2,3412.611,111.2014,0.0007,119.628,602.866,741,outlier,tbt,49b53e1559
6438d0074df85ada655521393b2d7dd015056139,head,edit,2,5,3387.0132,95,0.0007,128.473,265.461,749,outlier,tbt,49b53e1559
6438d0074df85ada655521393b2d7dd015056139,head,edit,3,6,3436.394,115.149,0.0007,124.5,311.92,764,outlier,tbt,49b53e1559
6438d0074df85ada655521393b2d7dd015056139,head,edit,4,9,3435.5898,464.3371,0.0007,113.938,580.111,749,ok,,49b53e1559
6438d0074df85ada655521393b2d7dd015056139,head,edit,5,10,3136.1896,504.3671,0.0007,119.447,656.661,735,ok,,49b53e1559
6438d0074df85ada655521393b2d7dd015056139,head,edit,6,13,3348.158,90,0.0007,110.55,586.669,732,outlier,tbt,49b53e1559
6438d0074df85ada655521393b2d7dd015056139,head,edit,7,14,3144.8636,516.4849,0.0007,116.331,343.105,756,ok,,49b53e1559
6438d0074df85ada655521393b2d7dd015056139,head,edit,8,17,3338.3876,91.0,0.0007,112.283,625.614,747,outlier,tbt,49b53e1559
6438d0074df85ada655521393b2d7dd015056139,head,edit,9,18,3420.8722,115.8697,0.0007,124.128,281.133,760,outlier,tbt,49b53e1559
6438d0074df85ada655521393b2d7dd015056139,head,edit,10,21,3431.97,104.0612,0.0007,123.112,532.87,777,outlier,tbt,49b53e1559
6438d0074df85ada655521393b2d7dd015056139,head,edit,11,22,3139.4956,487.3337,0.0007,122.1,115.576,731,ok,,49b53e1559
6438d0074df85ada655521393b2d7dd015056139,head,edit,12,25,3078.0496,477.8292,0.0007,141.469,133.359,732,ok,,49b53e1559
6438d0074df85ada655521393b2d7dd015056139,head,edit,13,26,3119.4524,486.7937,0.0007,122.644,92.0,714,ok,,49b53e1559
6438d0074df85ada655521393b2d7dd015056139,head,edit,14,29,3132.0204,493.3733,0.0007,123.978,126.914,733,ok,,49b53e1559
219d8af74f5160f1156c89486694558944c5e958,base,edit,0,0,3109.2032,494.5664,0.0007,160.451,1373.379,730,outlier,inp;tbtFlow,49b53e1559
219d8af74f5160f1156c89486694558944c5e958,base,edit,1,3,3123.9498,482.4208,0.0007,123.869,91.601,733,ok,,49b53e1559
219d8af74f5160f1156c89486694558944c5e958,base,edit,2,4,3405.5214,93.0,0.0007,124.006,101.13,731,outlier,lcp;tbt,49b53e1559
219d8af74f5160f1156c89486694558944c5e958,base,edit,3,7,3362.7346,125,0.0007,122.933,104.81,732,outlier,lcp;tbt,49b53e1559
219d8af74f5160f1156c89486694558944c5e958,base,edit,4,8,3109.8096,480.2242,0.0007,122.418,126.68,715,ok,,49b53e1559
219d8af74f5160f1156c89486694558944c5e958,head,edit,0,1,3128.6627,489.4244,0.0007,126.05,154.962,751,ok,,49b53e1559
219d8af74f5160f1156c89486694558944c5e958,head,edit,1,2,3129.8691,490.4664,0.0007,130.038,134.025,731,ok,,49b53e1559
219d8af74f5160f1156c89486694558944c5e958,head,edit,2,5,3105.8471,481.0069,0.0007,125.841,99.704,731,ok,,49b53e1559
219d8af74f5160f1156c89486694558944c5e958,head,edit,3,6,3089.9912,473.4554,0.0007,121.01,105.81,715,ok,,49b53e1559
219d8af74f5160f1156c89486694558944c5e958,head,edit,4,9,3083.0748,473.4932,0.0007,124.005,110.733,714,ok,,49b53e1559
ca96ca8771cf2ab47234f85ae4975fbfac393301,base,edit,0,0,3104.3937,465.4594,0.0007,123.315,100.196,730,outlier,lcp,49b53e1559
ca96ca8771cf2ab47234f85ae4975fbfac393301,base,edit,1,3,3329.1684,126,0.0007,138.664,132.466,732,outlier,tbt,49b53e1559
ca96ca8771cf2ab47234f85ae4975fbfac393301,base,edit,2,4,3103.2262,510.6158,0.0007,123.479,81.415,749,outlier,lcp,49b53e1559
ca96ca8771cf2ab47234f85ae4975fbfac393301,base,edit,3,7,3349.2701,98.0,0.0007,124.441,515.63,731,outlier,tbt;tbtFlow,49b53e1559
ca96ca8771cf2ab47234f85ae4975fbfac393301,base,edit,4,8,3332.6706,449.5,0.0007,123.673,480.863,715,outlier,tbtFlow,49b53e1559
ca96ca8771cf2ab47234f85ae4975fbfac393301,head,edit,0,1,3373.1092,107,0.0007,122.799,140.037,732,ok,,49b53e1559
ca96ca8771cf2ab47234f85ae4975fbfac393301,head,edit,1,2,3332.7526,103,0.0007,124.299,105.238,733,ok,,49b53e1559
ca96ca8771cf2ab47234f85ae4975fbfac393301,head,edit,2,5,3351.6526,108.0,0.0007,122.377,550.653,714,outlier,tbtFlow,49b53e1559
ca96ca8771cf2ab47234f85ae4975fbfac393301,head,edit,3,6,3113.046,701.814,0.0007,124.506,154.513,733,outlier,lcp;tbt,49b53e1559
ca96ca8771cf2ab47234f85ae4975fbfac393301,head,edit,4,9,3082.375,529.9219,0.0007,130.196,135.84,748,outlier,lcp;tbt,49b53e1559
b3c8bd6c283f9fc9b31d07fc7e52bf97746507ac,base,edit,0,0,3073.6275,503.352,0.0007,120.88,395.679,732,outlier,tbtFlow,49b53e1559
b3c8bd6c283f9fc9b31d07fc7e52bf97746507ac,base,edit,1,3,3087.7168,492.0257,0.0007,122.03,159.268,715,ok,,49b53e1559
b3c8bd6c283f9fc9b31d07fc7e52bf97746507ac,base,edit,2,4,3079.1332,466.7611,0.0007,123.096,127.979,730,ok,,49b53e1559
b3c8bd6c283f9fc9b31d07fc7e52bf97746507ac,base,edit,3,7,3368.6282,137,0.0007,124.506,186.643,731,ok,,49b53e1559
b3c8bd6c283f9fc9b31d07fc7e52bf97746507ac,base,edit,4,8,3352.6633,103,0.0007,123.197,455.207,731,outlier,tbtFlow,49b53e1559
b3c8bd6c283f9fc9b31d07fc7e52bf97746507ac,base,edit,5,11,3434.3724,159.2215,0.0007,120.478,126.435,786,outlier,lcp,49b53e1559
b3c8bd6c283f9fc9b31d07fc7e52bf97746507ac,base,edit,6,12,3092.8814,661.869,0.0007,133.443,128.182,714,ok,,49b53e1559
b3c8bd6c283f9fc9b31d07fc7e52bf97746507ac,base,edit,7,15,3350.6548,484.9161,0.0007,137.091,511.029,714,outlier,tbtFlow,49b53e1559
b3c8bd6c283f9fc9b31d07fc7e52bf97746507ac,base,edit,8,16,3121.7203,705.7527,0.0007,126.668,137.662,732,ok,,49b53e1559
b3c8bd6c283f9fc9b31d07fc7e52bf97746507ac,base,edit,9,19,3366.2629,112.5347,0.0007,123.184,138.105,751,ok,,49b53e1559
b3c8bd6c283f9fc9b31d07fc7e52bf97746507ac,base,edit,10,20,3313.5117,121.0,0.0007,137.119,505.595,733,outlier,tbtFlow,49b53e1559
b3c8bd6c283f9fc9b31d07fc7e52bf97746507ac,base,edit,11,23,3061.7077,495.7993,0.0007,123.494,112.981,715,ok,,49b53e1559
b3c8bd6c283f9fc9b31d07fc7e52bf97746507ac,base,edit,12,24,3076.8636,460.4053,0.0007,123.057,71.308,732,ok,,49b53e1559
b3c8bd6c283f9fc9b31d07fc7e52bf97746507ac,base,edit,13,27,3102.766,472.794,0.0007,131.523,100.019,714,ok,,49b53e1559
b3c8bd6c283f9fc9b31d07fc7e52bf97746507ac,base,edit,14,28,3403.0732,113,0.0007,121.796,56.93,766,outlier,lcp,49b53e1559
b3c8bd6c283f9fc9b31d07fc7e52bf97746507ac,head,edit,0,1,3212.7186,505.3764,0.0007,160.785,1986.794,731,outlier,tbt,49b53e1559
b3c8bd6c283f9fc9b31d07fc7e52bf97746507ac,head,edit,1,2,3335.0547,114.6616,0.0007,170.406,1808.611,732,ok,,49b53e1559
b3c8bd6c283f9fc9b31d07fc7e52bf97746507ac,head,edit,2,5,3452.9827,144.5,0.0007,145.911,1758.257,733,ok,,49b53e1559
b3c8bd6c283f9fc9b31d07fc7e52bf97746507ac,head,edit,3,6,3194.4075,539.4588,0.0007,159.461,2198.87,733,outlier,tbt,49b53e1559
b3c8bd6c283f9fc9b31d07fc7e52bf97746507ac,head,edit,4,9,3395.9716,133.8321,0.0007,156.009,2220.076,785,ok,,49b53e1559
b3c8bd6c283f9fc9b31d07fc7e52bf97746507ac,head,edit,5,10,3328.97,109,0.0007,154.877,2027.727,713,ok,,49b53e1559
b3c8bd6c283f9fc9b31d07fc7e52bf97746507ac,head,edit,6,13,3316.3559,104.7435,0.0007,171.224,2205.677,714,ok,,49b53e1559
b3c8bd6c283f9fc9b31d07fc7e52bf97746507ac,head,edit,7,14,3425.9115,149.2005,0.0007,158.767,2178.508,732,ok,,49b53e1559
b3c8bd6c283f9fc9b31d07fc7e52bf97746507ac,head,edit,8,17,3218.7929,584.7461,0.0007,168.32,1876.277,733,outlier,tbt,49b53e1559
b3c8bd6c283f9fc9b31d07fc7e52bf97746507ac,head,edit,9,18,3325.0443,122.2313,0.0007,157.301,2011.929,750,ok,,49b53e1559
b3c8bd6c283f9fc9b31d07fc7e52bf97746507ac,head,edit,10,21,3426.2445,153.0,0.0007,154.377,2048.0,696,ok,,49b53e1559
b3c8bd6c283f9fc9b31d07fc7e52bf97746507ac,head,edit,11,22,3326.1796,77.1218,0.0007,169.698,1736.252,715,ok,,49b53e1559
b3c8bd6c283f9fc9b31d07fc7e52bf97746507ac,head,edit,12,25,3335.5974,100.9817,0.0007,167.705,1956.206,750,ok,,49b53e1559
b3c8bd6c283f9fc9b31d07fc7e52bf97746507ac,head,edit,13,26,3195.7386,537.8874,0.0007,153.174,1630.218,732,outlier,tbt,49b53e1559
b3c8bd6c283f9fc9b31d07fc7e52bf97746507ac,head,edit,14,29,3449.1461,141.5975,0.0007,166.174,1975.239,715,ok,,49b53e1559
81aaafc085adafebff404ebcfd1991245c44b61b,base,edit,0,0,3333.9805,104.1128,0.0007,163.473,1699.505,713,outlier,tbt,49b53e1559
81aaafc085adafebff404ebcfd1991245c44b61b,base,edit,1,3,3246.5416,562.8144,0.0007,157.242,2013.573,733,ok,,49b53e1559
81aaafc085adafebff404ebcfd1991245c44b61b,base,edit,2,4,3077.7963,480.8367,0.0007,164.025,1916.832,713,outlier,tbt,49b53e1559
81aaafc085adafebff404ebcfd1991245c44b61b,base,edit,3,7,3078.7577,547.8519,0.0007,160.098,1890.154,750,ok,,49b53e1559
81aaafc085adafebff404ebcfd1991245c44b61b,base,edit,4,8,3201.8035,551.918,0.0007,163.043,1701.548,715,ok,,49b53e1559
81aaafc085adafebff404ebcfd1991245c44b61b,head,edit,0,1,3079.105,471.945,0.0007,167.656,1702.18,713,outlier,tbtFlow,49b53e1559
81aaafc085adafebff404ebcfd1991245c44b61b,head,edit,1,2,3091.012,489.4313,0.0007,167.997,1965.059,733,ok,,49b53e1559
81aaafc085adafebff404ebcfd1991245c44b61b,head,edit,2,5,3105.9199,510.3218,0.0007,184.765,1944.311,732,ok,,49b53e1559
81aaafc085adafebff404ebcfd1991245c44b61b,head,edit,3,6,3084.9089,699.845,0.0007,169.191,1918.335,732,outlier,tbt,49b53e1559
81aaafc085adafebff404ebcfd1991245c44b61b,head,edit,4,9,3356.6057,102.2094,0.0007,164.301,1964.418,714,outlier,lcp;tbt,49b53e1559
a49503a1f09bf03817b1a53c3d5ed8a8d805b39a,base,edit,0,0,3348.0774,111.5944,0.0007,153.377,2019.528,731,ok,,49b53e1559
a49503a1f09bf03817b1a53c3d5ed8a8d805b39a,base,edit,1,3,3469.4876,198.0,0.0007,152.807,1963.522,715,ok,,49b53e1559
a49503a1f09bf03817b1a53c3d5ed8a8d805b39a,base,edit,2,4,3052.0762,481.072,0.0007,164.097,1920.462,730,ok,,49b53e1559
a49503a1f09bf03817b1a53c3d5ed8a8d805b39a,base,edit,3,7,3193.0256,535.2249,0.0007,168.455,1713.267,732,outlier,tbtFlow,49b53e1559
a49503a1f09bf03817b1a53c3d5ed8a8d805b39a,base,edit,4,8,3321.5814,121.5242,0.0007,154.799,1961.175,714,ok,,49b53e1559
a49503a1f09bf03817b1a53c3d5ed8a8d805b39a,head,edit,0,1,3096.0941,485.7684,0.0007,165.754,1902.361,749,ok,,49b53e1559
a49503a1f09bf03817b1a53c3d5ed8a8d805b39a,head,edit,1,2,3331.2174,106.3397,0.0007,173.307,1854.031,732,outlier,lcp;tbt,49b53e1559
a49503a1f09bf03817b1a53c3d5ed8a8d805b39a,head,edit,2,5,3082.7674,513.5334,0.0007,169.343,1903.465,732,ok,,49b53e1559
a49503a1f09bf03817b1a53c3d5ed8a8d805b39a,head,edit,3,6,3229.7541,527.2385,0.0007,199.913,1724.671,750,outlier,inp,49b53e1559
a49503a1f09bf03817b1a53c3d5ed8a8d805b39a,head,edit,4,9,3075.394,481.8003,0.0007,151.312,1938.541,749,ok,,49b53e1559
ed06c07c069591d1e4eab66f9d6ce43324ec55b8,base,edit,0,0,3368.6138,96.2756,0.0007,146.456,1983.243,766,outlier,inp,49b53e1559
ed06c07c069591d1e4eab66f9d6ce43324ec55b8,base,edit,1,3,3173.8985,512.8455,0.0007,171.068,1901.544,731,outlier,tbt,49b53e1559
ed06c07c069591d1e4eab66f9d6ce43324ec55b8,base,edit,2,4,3167.1984,652.8911,0.0007,153.023,1958.548,822,outlier,tbt;lcpObs,49b53e1559
ed06c07c069591d1e4eab66f9d6ce43324ec55b8,base,edit,3,7,3452.5034,166.5,0.0007,168.333,1954.288,713,ok,,49b53e1559
ed06c07c069591d1e4eab66f9d6ce43324ec55b8,base,edit,4,8,3458.5334,163.5,0.0007,167.364,2005.459,714,ok,,49b53e1559
ed06c07c069591d1e4eab66f9d6ce43324ec55b8,head,edit,0,1,3335.7537,75.7161,0.0007,153.359,1928.846,713,ok,,49b53e1559
ed06c07c069591d1e4eab66f9d6ce43324ec55b8,head,edit,1,2,3066.4436,507.7523,0.0007,154.101,1663.802,750,outlier,lcp;tbt;tbtFlow,49b53e1559
ed06c07c069591d1e4eab66f9d6ce43324ec55b8,head,edit,2,5,3078.7524,482.8861,0.0007,156.116,1990.722,715,outlier,lcp;tbt,49b53e1559
ed06c07c069591d1e4eab66f9d6ce43324ec55b8,head,edit,3,6,3366.1328,139.8576,0.0007,150.735,1933.86,767,ok,,49b53e1559
ed06c07c069591d1e4eab66f9d6ce43324ec55b8,head,edit,4,9,3337.2754,93.1034,0.0007,153.281,1896.474,733,ok,,49b53e1559
c9cfaa10e734948cc70ff37a7871f1ecc25d445b,base,edit,0,0,3128.7595,508.1927,0.0007,184.528,1744.013,784,ok,,49b53e1559
c9cfaa10e734948cc70ff37a7871f1ecc25d445b,base,edit,1,3,3193.9935,557.7957,0.0007,165.65,1567.857,733,outlier,tbtFlow,49b53e1559
c9cfaa10e734948cc70ff37a7871f1ecc25d445b,base,edit,2,4,3356.101,108.5955,0.0007,163.097,1923.411,750,ok,,49b53e1559
c9cfaa10e734948cc70ff37a7871f1ecc25d445b,base,edit,3,7,3445.5359,489.9562,0.0007,156.078,1963.225,715,ok,,49b53e1559
c9cfaa10e734948cc70ff37a7871f1ecc25d445b,base,edit,4,8,3057.8747,530.5512,0.0007,166.059,1875.18,714,ok,,49b53e1559
c9cfaa10e734948cc70ff37a7871f1ecc25d445b,base,edit,5,11,3315.0514,116.616,0.0007,153.285,1934.333,714,ok,,49b53e1559
c9cfaa10e734948cc70ff37a7871f1ecc25d445b,base,edit,6,12,3363.6753,91.0534,0.0007,157.026,1715.359,750,outlier,tbt,49b53e1559
c9cfaa10e734948cc70ff37a7871f1ecc25d445b,base,edit,7,15,3349.4611,140.18,0.0007,139.627,1969.925,733,ok,,49b53e1559
c9cfaa10e734948cc70ff37a7871f1ecc25d445b,base,edit,8,16,3328.9481,102.5658,0.0007,159.572,1913.068,732,ok,,49b53e1559
c9cfaa10e734948cc70ff37a7871f1ecc25d445b,base,edit,9,19,3163.4845,546.4553,0.0007,149.069,1941.95,714,ok,,49b53e1559
c9cfaa10e734948cc70ff37a7871f1ecc25d445b,base,edit,10,20,3067.7422,486.3299,0.0007,148.967,1639.095,729,outlier,tbtFlow,49b53e1559
c9cfaa10e734948cc70ff37a7871f1ecc25d445b,base,edit,11,23,3105.3738,473.4148,0.0007,155.527,1916.724,733,ok,,49b53e1559
c9cfaa10e734948cc70ff37a7871f1ecc25d445b,base,edit,12,24,3468.2301,174.0,0.0007,151.836,1936.06,732,ok,,49b53e1559
c9cfaa10e734948cc70ff37a7871f1ecc25d445b,base,edit,13,27,3347.144,114.5747,0.0007,153.729,1638.458,731,outlier,tbtFlow,49b53e1559
c9cfaa10e734948cc70ff37a7871f1ecc25d445b,base,edit,14,28,3090.6426,472.8117,0.0007,170.253,1647.441,714,outlier,tbtFlow,49b53e1559
c9cfaa10e734948cc70ff37a7871f1ecc25d445b,head,edit,0,1,3484.5536,160.1388,0.0007,146.067,1937.222,749,ok,,49b53e1559
c9cfaa10e734948cc70ff37a7871f1ecc25d445b,head,edit,1,2,3226.9298,588.2383,0.0007,156.509,1902.154,731,ok,,49b53e1559
c9cfaa10e734948cc70ff37a7871f1ecc25d445b,head,edit,2,5,3341.858,84.3117,0.0007,154.532,1836.492,714,ok,,49b53e1559
c9cfaa10e734948cc70ff37a7871f1ecc25d445b,head,edit,3,6,3191.5502,519.8159,0.0007,153.251,1710.291,715,outlier,tbtFlow,49b53e1559
c9cfaa10e734948cc70ff37a7871f1ecc25d445b,head,edit,4,9,3318.3366,99,0.0007,157.239,1929.989,714,ok,,49b53e1559
c9cfaa10e734948cc70ff37a7871f1ecc25d445b,head,edit,5,10,3339.3638,94.4029,0.0007,155.49,1652.491,716,outlier,tbtFlow,49b53e1559
c9cfaa10e734948cc70ff37a7871f1ecc25d445b,head,edit,6,13,3060.6792,457.3928,0.0007,154.309,1979.185,696,ok,,49b53e1559
c9cfaa10e734948cc70ff37a7871f1ecc25d445b,head,edit,7,14,3462.1863,192.0539,0.0007,169.146,1921.373,714,ok,,49b53e1559
c9cfaa10e734948cc70ff37a7871f1ecc25d445b,head,edit,8,17,3354.4376,139.6335,0.0007,161.343,1943.986,732,ok,,49b53e1559
c9cfaa10e734948cc70ff37a7871f1ecc25d445b,head,edit,9,18,3323.2123,123.4869,0.0007,167.566,1924.668,714,ok,,49b53e1559
c9cfaa10e734948cc70ff37a7871f1ecc25d445b,head,edit,10,21,3050.1153,500.3077,0.0007,152.529,2023.787,714,ok,,49b53e1559
c9cfaa10e734948cc70ff37a7871f1ecc25d445b,head,edit,11,22,3193.3819,528.6471,0.0007,147.851,1668.573,714,outlier,tbtFlow,49b53e1559
c9cfaa10e734948cc70ff37a7871f1ecc25d445b,head,edit,12,25,3096.7375,453.9437,0.0007,170.018,1916.316,732,ok,,49b53e1559
c9cfaa10e734948cc70ff37a7871f1ecc25d445b,head,edit,13,26,3337.6036,451.5,0.0007,152.16,1971.3,713,ok,,49b53e1559
c9cfaa10e734948cc70ff37a7871f1ecc25d445b,head,edit,14,29,3064.0155,477.522,0.0007,160.758,1889.658,714,ok,,49b53e1559
337e9f86ace66b02c648104077b3a30edbe14e12,base,edit,0,0,3198.7416,522.3299,0.0007,155.62,1961.484,714,outlier,tbt,49b53e1559
337e9f86ace66b02c648104077b3a30edbe14e12,base,edit,1,3,3201.0111,746.5899,0.0007,167.016,1682.495,715,outlier,tbt;tbtFlow,49b53e1559
337e9f86ace66b02c648104077b3a30edbe14e12,base,edit,2,4,3317.8836,101,0.0007,178.132,1950.504,696,ok,,49b53e1559
337e9f86ace66b02c648104077b3a30edbe14e12,base,edit,3,7,3459.2238,496.0658,0.0007,166.908,1928.534,732,outlier,tbt,49b53e1559
337e9f86ace66b02c648104077b3a30edbe14e12,base,edit,4,8,3329.8598,107.9936,0.0007,153.232,1682.595,713,outlier,tbtFlow,49b53e1559
337e9f86ace66b02c648104077b3a30edbe14e12,base,edit,5,11,3332.8516,107.1978,0.0007,156.625,1922.649,751,ok,,49b53e1559
337e9f86ace66b02c648104077b3a30edbe14e12,base,edit,6,12,3312.1036,105.1638,0.0007,153.166,1959.659,715,ok,,49b53e1559
337e9f86ace66b02c648104077b3a30edbe14e12,base,edit,7,15,3167.3238,551.9171,0.0007,159.922,1890.718,714,outlier,tbt,49b53e1559
337e9f86ace66b02c648104077b3a30edbe14e12,base,edit,8,16,3338.7845,109.4447,0.0007,163.305,1930.093,732,ok,,49b53e1559
337e9f86ace66b02c648104077b3a30edbe14e12,base,edit,9,19,3345.46,141.87,0.0007,148.306,1893.636,714,ok,,49b53e1559
337e9f86ace66b02c648104077b3a30edbe14e12,base,edit,10,20,3476.1882,169.7131,0.0007,158.935,1665.92,750,outlier,tbtFlow,49b53e1559
337e9f86ace66b02c648104077b3a30edbe14e12,base,edit,11,23,3082.9486,491.866,0.0007,169.04,1983.193,730,outlier,tbt,49b53e1559
337e9f86ace66b02c648104077b3a30edbe14e12,base,edit,12,24,3217.3232,737.4171,0.0007,154.455,1660.367,732,outlier,tbt;tbtFlow,49b53e1559
337e9f86ace66b02c648104077b3a30edbe14e12,base,edit,13,27,3189.5365,511.2239,0.0007,153.498,2076.787,733,outlier,tbt,49b53e1559
337e9f86ace66b02c648104077b3a30edbe14e12,base,edit,14,28,3342.0514,103.1387,0.0007,159.955,1668.911,732,outlier,tbtFlow,49b53e1559
337e9f86ace66b02c648104077b3a30edbe14e12,head,edit,0,1,3198.5834,522.9053,0.0007,165.923,1684.833,714,ok,,49b53e1559
337e9f86ace66b02c648104077b3a30edbe14e12,head,edit,1,2,3082.4465,482.4115,0.0007,163.786,1715.124,697,ok,,49b53e1559
337e9f86ace66b02c648104077b3a30edbe14e12,head,edit,2,5,3132.3509,735.7341,0.0007,152.065,2026.231,750,ok,,49b53e1559
337e9f86ace66b02c648104077b3a30edbe14e12,head,edit,3,6,3324.6973,100,0.0007,167.985,1664.891,713,ok,,49b53e1559
337e9f86ace66b02c648104077b3a30edbe14e12,head,edit,4,9,3053.1919,485.9913,0.0007,160.008,1986.347,714,ok,,49b53e1559
337e9f86ace66b02c648104077b3a30edbe14e12,head,edit,5,10,3066.198,467.482,0.0007,156.909,1728.038,696,ok,,49b53e1559
337e9f86ace66b02c648104077b3a30edbe14e12,head,edit,6,13,3488.9085,205.5,0.0007,168.438,1633.402,714,ok,,49b53e1559
337e9f86ace66b02c648104077b3a30edbe14e12,head,edit,7,14,3345.2388,120.9049,0.0007,156.77,1990.28,732,ok,,49b53e1559
337e9f86ace66b02c648104077b3a30edbe14e12,head,edit,8,17,3359.2402,115.1018,0.0007,162.688,1945.605,714,ok,,49b53e1559
337e9f86ace66b02c648104077b3a30edbe14e12,head,edit,9,18,3071.8666,483.8924,0.0007,153.665,1934.11,713,ok,,49b53e1559
337e9f86ace66b02c648104077b3a30edbe14e12,head,edit,10,21,3206.6254,535.2443,0.0007,159.073,1870.702,732,ok,,49b53e1559
337e9f86ace66b02c648104077b3a30edbe14e12,head,edit,11,22,3289.7107,80.9641,0.0007,156.942,1885.83,696,ok,,49b53e1559
337e9f86ace66b02c648104077b3a30edbe14e12,head,edit,12,25,3347.3736,99.9488,0.0007,156.446,1845.17,713,ok,,49b53e1559
337e9f86ace66b02c648104077b3a30edbe14e12,head,edit,13,26,3088.482,494.2963,0.0007,167.615,1942.102,714,ok,,49b53e1559
337e9f86ace66b02c648104077b3a30edbe14e12,head,edit,14,29,3377.8591,134.0163,0.0007,153.533,1979.564,750,ok,,49b53e1559
6a9a306ed7e8045d486a74381d6af619063fe7d7,base,edit,0,0,3328.1458,107.9839,0.0007,153.243,1708.979,730,ok,,49b53e1559
6a9a306ed7e8045d486a74381d6af619063fe7d7,base,edit,1,3,3460.4574,177.4964,0.0007,167.131,1745.184,714,ok,,49b53e1559
6a9a306ed7e8045d486a74381d6af619063fe7d7,base,edit,2,4,3460.8641,161.2893,0.0007,152.28,1849.047,714,ok,,49b53e1559
6a9a306ed7e8045d486a74381d6af619063fe7d7,base,edit,3,7,3319.7908,93.1041,0.0007,165.168,1673.822,732,ok,,49b53e1559
6a9a306ed7e8045d486a74381d6af619063fe7d7,base,edit,4,8,3083.0465,704.8843,0.0007,166.849,1922.742,732,outlier,tbt,49b53e1559
6a9a306ed7e8045d486a74381d6af619063fe7d7,base,edit,5,11,3079.8574,486,0.0007,170.404,1991.678,733,outlier,tbt,49b53e1559
6a9a306ed7e8045d486a74381d6af619063fe7d7,base,edit,6,12,3047.4035,483.8907,0.0007,165.035,1864.448,714,outlier,tbt,49b53e1559
6a9a306ed7e8045d486a74381d6af619063fe7d7,base,edit,7,15,3450.2472,160.6249,0.0007,141.229,1616.49,732,ok,,49b53e1559
6a9a306ed7e8045d486a74381d6af619063fe7d7,base,edit,8,16,3343.2535,91.057,0.0007,152.12,1900.76,696,ok,,49b53e1559
6a9a306ed7e8045d486a74381d6af619063fe7d7,base,edit,9,19,3194.3804,514.8918,0.0007,158.133,1697.827,732,outlier,tbt,49b53e1559
6a9a306ed7e8045d486a74381d6af619063fe7d7,base,edit,10,20,3379.376,99.0853,0.0007,167.721,1986.932,751,ok,,49b53e1559
6a9a306ed7e8045d486a74381d6af619063fe7d7,base,edit,11,23,3434.9678,170.8849,0.0007,163.411,2101.061,715,ok,,49b53e1559
6a9a306ed7e8045d486a74381d6af619063fe7d7,base,edit,12,24,3456.4694,131.6577,0.0007,166.535,1872.697,713,ok,,49b53e1559
6a9a306ed7e8045d486a74381d6af619063fe7d7,base,edit,13,27,3046.155,707.9702,0.0007,157.723,1901.813,714,outlier,tbt,49b53e1559
6a9a306ed7e8045d486a74381d6af619063fe7d7,base,edit,14,28,3323.1818,118.2438,0.0007,154.242,1899.665,713,ok,,49b53e1559
6a9a306ed7e8045d486a74381d6af619063fe7d7,head,edit,0,1,3312.1597,87.9391,0.0007,125.393,124.258,696,outlier,tbt,49b53e1559
6a9a306ed7e8045d486a74381d6af619063fe7d7,head,edit,1,2,3458.5129,501.0,0.0007,123.385,152.616,750,outlier,lcp,49b53e1559
6a9a306ed7e8045d486a74381d6af619063fe7d7,head,edit,2,5,3047.1422,455.8799,0.0007,122.102,83.71,696,ok,,49b53e1559
6a9a306ed7e8045d486a74381d6af619063fe7d7,head,edit,3,6,3315.294,86.377,0.0007,124.005,134.877,732,outlier,tbt,49b53e1559
6a9a306ed7e8045d486a74381d6af619063fe7d7,head,edit,4,9,3075.909,446.9132,0.0007,121.821,97.224,714,ok,,49b53e1559
6a9a306ed7e8045d486a74381d6af619063fe7d7,head,edit,5,10,3325.3785,114.0,0.0007,121.902,78.141,715,outlier,tbt,49b53e1559
6a9a306ed7e8045d486a74381d6af619063fe7d7,head,edit,6,13,3075.7726,457.3388,0.0007,123.103,107.422,732,ok,,49b53e1559
6a9a306ed7e8045d486a74381d6af619063fe7d7,head,edit,7,14,3397.9109,140.4919,0.0007,137.987,544.201,730,outlier,lcp;tbt;tbtFlow,49b53e1559
6a9a306ed7e8045d486a74381d6af619063fe7d7,head,edit,8,17,3108.9547,433.4111,0.0007,123.373,115.431,732,ok,,49b53e1559
6a9a306ed7e8045d486a74381d6af619063fe7d7,head,edit,9,18,3069.8368,512.3256,0.0007,132.525,137.818,731,ok,,49b53e1559
6a9a306ed7e8045d486a74381d6af619063fe7d7,head,edit,10,21,3175.555,507.4748,0.0007,123.605,404.252,732,outlier,tbtFlow,49b53e1559
6a9a306ed7e8045d486a74381d6af619063fe7d7,head,edit,11,22,3054.4979,461.3183,0.0007,122.056,73.812,697,ok,,49b53e1559
6a9a306ed7e8045d486a74381d6af619063fe7d7,head,edit,12,25,3099.572,477.974,0.0007,122.399,87.067,733,ok,,49b53e1559
6a9a306ed7e8045d486a74381d6af619063fe7d7,head,edit,13,26,3166.2708,485.5,0.0007,120.911,101.811,714,ok,,49b53e1559
6a9a306ed7e8045d486a74381d6af619063fe7d7,head,edit,14,29,3091.3778,477.4202,0.0007,123.459,109.507,732,ok,,49b53e1559
9cd92e1fd6c76039cb1bd27187c6002e8ba1b86b,base,edit,0,0,3362.7264,84.6012,0.0007,116.887,91.7,731,ok,,49b53e1559
9cd92e1fd6c76039cb1bd27187c6002e8ba1b86b,base,edit,1,3,3323.9569,99.5889,0.0007,121.521,74.933,732,ok,,49b53e1559
9cd92e1fd6c76039cb1bd27187c6002e8ba1b86b,base,edit,2,4,3334.6218,128.5777,0.0007,121.925,72.579,712,ok,,49b53e1559
9cd92e1fd6c76039cb1bd27187c6002e8ba1b86b,base,edit,3,7,3056.1047,449.5188,0.0007,123.091,94.343,715,outlier,lcp;tbt,49b53e1559
9cd92e1fd6c76039cb1bd27187c6002e8ba1b86b,base,edit,4,8,3128.4585,503.911,0.0007,122.565,98.256,714,outlier,lcp;tbt,49b53e1559
9cd92e1fd6c76039cb1bd27187c6002e8ba1b86b,head,edit,0,1,3089.379,497.7555,0.0007,124.015,216.509,732,ok,,49b53e1559
9cd92e1fd6c76039cb1bd27187c6002e8ba1b86b,head,edit,1,2,3057.4646,454.4107,0.0007,121.481,79.402,696,ok,,49b53e1559
9cd92e1fd6c76039cb1bd27187c6002e8ba1b86b,head,edit,2,5,3219.5046,529.8407,0.0007,122.682,78.612,732,ok,,49b53e1559
9cd92e1fd6c76039cb1bd27187c6002e8ba1b86b,head,edit,3,6,3314.7168,94.7382,0.0007,123.052,113.622,732,outlier,tbt,49b53e1559
9cd92e1fd6c76039cb1bd27187c6002e8ba1b86b,head,edit,4,9,3337.4001,114.1318,0.0007,124.488,108.452,732,outlier,tbt,49b53e1559
7f08e5b970e43b9c0394a2e715fcd8ae764df768,base,edit,0,0,3338.6093,87.8004,0.0007,121.988,91.49,713,ok,,49b53e1559
7f08e5b970e43b9c0394a2e715fcd8ae764df768,base,edit,1,3,3339.3918,85.1542,0.0007,120.481,115.094,713,ok,,49b53e1559
7f08e5b970e43b9c0394a2e715fcd8ae764df768,base,edit,2,4,3070.9562,479.8429,0.0007,126.166,464.128,715,outlier,tbt;tbtFlow,49b53e1559
7f08e5b970e43b9c0394a2e715fcd8ae764df768,base,edit,3,7,3046.9561,495.5702,0.0007,121.298,57.726,714,outlier,tbt,49b53e1559
7f08e5b970e43b9c0394a2e715fcd8ae764df768,base,edit,4,8,3455.9009,119.3137,0.0007,122.229,101.365,768,outlier,lcpObs,49b53e1559
7f08e5b970e43b9c0394a2e715fcd8ae764df768,head,edit,0,1,3102.5201,472.3627,0.0007,120.866,119.09,749,ok,,49b53e1559
7f08e5b970e43b9c0394a2e715fcd8ae764df768,head,edit,1,2,3176.6408,510.9709,0.0007,129.523,91.147,714,ok,,49b53e1559
7f08e5b970e43b9c0394a2e715fcd8ae764df768,head,edit,2,5,3193.1532,509.7066,0.0007,132.226,127.771,749,outlier,tbtFlow,49b53e1559
7f08e5b970e43b9c0394a2e715fcd8ae764df768,head,edit,3,6,3154.9251,693.9614,0.0007,124.353,97.094,697,outlier,tbt,49b53e1559
7f08e5b970e43b9c0394a2e715fcd8ae764df768,head,edit,4,9,3338.4662,114.6348,0.0007,122.243,92.638,714,outlier,lcp;tbt,49b53e1559
335f4bbfde01a31cbddc54e770a7d42a2b6456fc,base,edit,0,0,3333.4744,107.7704,0.0007,127.184,135.52,731,ok,,49b53e1559
335f4bbfde01a31cbddc54e770a7d42a2b6456fc,base,edit,1,3,3068.1418,460.9416,0.0007,122.007,111.657,715,ok,,49b53e1559
335f4bbfde01a31cbddc54e770a7d42a2b6456fc,base,edit,2,4,3430.3821,122.3128,0.0007,126.041,115.125,732,ok,,49b53e1559
335f4bbfde01a31cbddc54e770a7d42a2b6456fc,base,edit,3,7,3330.8326,95.106,0.0007,122.155,389.371,715,outlier,tbtFlow,49b53e1559
335f4bbfde01a31cbddc54e770a7d42a2b6456fc,base,edit,4,8,3301.4036,104.2003,0.0007,122.273,87.798,713,ok,,49b53e1559
335f4bbfde01a31cbddc54e770a7d42a2b6456fc,base,edit,5,11,3061.0832,671.8371,0.0007,127.134,108.482,714,ok,,49b53e1559
335f4bbfde01a31cbddc54e770a7d42a2b6456fc,base,edit,6,12,3324.5077,92.2731,0.0007,128.854,106.142,732,ok,,49b53e1559
335f4bbfde01a31cbddc54e770a7d42a2b6456fc,base,edit,7,15,3061.715,485.0,0.0007,125.687,132.874,731,ok,,49b53e1559
335f4bbfde01a31cbddc54e770a7d42a2b6456fc,base,edit,8,16,3319.8673,437.5849,0.0007,109.547,70.297,715,ok,,49b53e1559
335f4bbfde01a31cbddc54e770a7d42a2b6456fc,base,edit,9,19,3084.6141,487.3584,0.0007,123.067,84.799,715,ok,,49b53e1559
335f4bbfde01a31cbddc54e770a7d42a2b6456fc,base,edit,10,20,3086.0135,442.6357,0.0007,131.143,125.976,732,ok,,49b53e1559
335f4bbfde01a31cbddc54e770a7d42a2b6456fc,base,edit,11,23,3085.1768,465.3556,0.0007,138.081,108.451,714,ok,,49b53e1559
335f4bbfde01a31cbddc54e770a7d42a2b6456fc,base,edit,12,24,3077.5041,456.7269,0.0007,123.731,186.172,696,ok,,49b53e1559
335f4bbfde01a31cbddc54e770a7d42a2b6456fc,base,edit,13,27,3335.8576,74.7208,0.0007,121.826,92.26,731,ok,,49b53e1559
335f4bbfde01a31cbddc54e770a7d42a2b6456fc,base,edit,14,28,3335.0999,109.1182,0.0007,121.859,80.429,733,ok,,49b53e1559
335f4bbfde01a31cbddc54e770a7d42a2b6456fc,head,edit,0,1,3451.3315,127.3105,0.0007,123.16,121.154,749,outlier,tbt,49b53e1559
335f4bbfde01a31cbddc54e770a7d42a2b6456fc,head,edit,1,2,3318.5046,97.932,0.0007,123.208,68.458,731,outlier,tbt,49b53e1559
335f4bbfde01a31cbddc54e770a7d42a2b6456fc,head,edit,2,5,3142.8116,686.0995,0.0007,120.318,66.655,697,ok,,49b53e1559
335f4bbfde01a31cbddc54e770a7d42a2b6456fc,head,edit,3,6,3328.3463,120.2133,0.0007,125.554,66.796,732,outlier,tbt,49b53e1559
335f4bbfde01a31cbddc54e770a7d42a2b6456fc,head,edit,4,9,3066.66,503.97,0.0007,141.037,108.648,715,ok,,49b53e1559
335f4bbfde01a31cbddc54e770a7d42a2b6456fc,head,edit,5,10,3092.2071,471.6269,0.0007,123.525,69.705,733,ok,,49b53e1559
335f4bbfde01a31cbddc54e770a7d42a2b6456fc,head,edit,6,13,3082.3347,468.3711,0.0007,129.786,96.165,732,ok,,49b53e1559
335f4bbfde01a31cbddc54e770a7d42a2b6456fc,head,edit,7,14,3068.3447,480.9162,0.0007,119.575,95.782,732,ok,,49b53e1559
335f4bbfde01a31cbddc54e770a7d42a2b6456fc,head,edit,8,17,3156.8441,492.7869,0.0007,121.757,71.564,715,ok,,49b53e1559
335f4bbfde01a31cbddc54e770a7d42a2b6456fc,head,edit,9,18,3332.8708,103.9714,0.0007,122.749,119.573,714,outlier,tbt,49b53e1559
335f4bbfde01a31cbddc54e770a7d42a2b6456fc,head,edit,10,21,3091.5964,469.1276,0.0007,109.96,78.738,732,ok,,49b53e1559
335f4bbfde01a31cbddc54e770a7d42a2b6456fc,head,edit,11,22,3168.7893,537.4641,0.0007,128.621,163.699,732,ok,,49b53e1559
335f4bbfde01a31cbddc54e770a7d42a2b6456fc,head,edit,12,25,3049.9585,675.9306,0.0007,121.014,96.365,714,ok,,49b53e1559
335f4bbfde01a31cbddc54e770a7d42a2b6456fc,head,edit,13,26,3300.8223,103.0147,0.0007,124.927,105.659,713,outlier,tbt,49b53e1559
335f4bbfde01a31cbddc54e770a7d42a2b6456fc,head,edit,14,29,3141.3066,538.4133,0.0007,121.642,105.429,785,ok,,49b53e1559
9fac30c8d73cd7be11d1d926cc6978dfc08f9400,base,edit,0,0,3388.3028,125,0.0007,115.614,86.496,729,outlier,tbt,49b53e1559
9fac30c8d73cd7be11d1d926cc6978dfc08f9400,base,edit,1,3,3350.5154,88.9394,0.0007,135.076,110.314,732,outlier,tbt,49b53e1559
9fac30c8d73cd7be11d1d926cc6978dfc08f9400,base,edit,2,4,3082.8758,449.3238,0.0007,122.353,93.629,732,ok,,49b53e1559
9fac30c8d73cd7be11d1d926cc6978dfc08f9400,base,edit,3,7,3341.8066,121.1276,0.0007,122.928,104.489,718,outlier,tbt,49b53e1559
9fac30c8d73cd7be11d1d926cc6978dfc08f9400,base,edit,4,8,3093.466,450.297,0.0007,131.357,92.71,730,ok,,49b53e1559
9fac30c8d73cd7be11d1d926cc6978dfc08f9400,base,edit,5,11,3076.4359,441.8666,0.0007,115.908,78.717,698,ok,,49b53e1559
9fac30c8d73cd7be11d1d926cc6978dfc08f9400,base,edit,6,12,3071.3152,456.5168,0.0007,117.26,116.737,732,ok,,49b53e1559
9fac30c8d73cd7be11d1d926cc6978dfc08f9400,base,edit,7,15,3310.7373,92.4199,0.0007,121.153,101.232,714,outlier,tbt,49b53e1559
9fac30c8d73cd7be11d1d926cc6978dfc08f9400,base,edit,8,16,3042.4379,451.7756,0.0007,121.986,66.875,714,ok,,49b53e1559
9fac30c8d73cd7be11d1d926cc6978dfc08f9400,base,edit,9,19,3196.3363,504.3711,0.0007,121.127,446.129,715,outlier,tbtFlow,49b53e1559
9fac30c8d73cd7be11d1d926cc6978dfc08f9400,base,edit,10,20,3422.6379,160.0972,0.0007,136.218,128.575,715,outlier,tbt,49b53e1559
9fac30c8d73cd7be11d1d926cc6978dfc08f9400,base,edit,11,23,3047.9324,456.5516,0.0007,130.107,181.703,714,ok,,49b53e1559
9fac30c8d73cd7be11d1d926cc6978dfc08f9400,base,edit,12,24,3158.1028,518.3254,0.0007,124.96,81.019,714,ok,,49b53e1559
9fac30c8d73cd7be11d1d926cc6978dfc08f9400,base,edit,13,27,3059.9976,462.9092,0.0007,125.757,159.193,715,ok,,49b53e1559
9fac30c8d73cd7be11d1d926cc6978dfc08f9400,base,edit,14,28,3156.6285,531.7611,0.0007,123.812,108.532,733,ok,,49b53e1559
9fac30c8d73cd7be11d1d926cc6978dfc08f9400,head,edit,0,1,3123.6582,698.7851,0.0007,135.006,418.516,714,outlier,tbt;tbtFlow,49b53e1559
9fac30c8d73cd7be11d1d926cc6978dfc08f9400,head,edit,1,2,3131.3348,480.861,0.0007,122.676,89.204,732,ok,,49b53e1559
9fac30c8d73cd7be11d1d926cc6978dfc08f9400,head,edit,2,5,3139.8674,490.3805,0.0007,120.327,93.245,733,ok,,49b53e1559
9fac30c8d73cd7be11d1d926cc6978dfc08f9400,head,edit,3,6,3143.3778,512.4009,0.0007,124.466,88.854,733,ok,,49b53e1559
9fac30c8d73cd7be11d1d926cc6978dfc08f9400,head,edit,4,9,3365.7818,133.6902,0.0007,123.671,435.395,714,outlier,lcp;tbt;tbtFlow,49b53e1559
9fac30c8d73cd7be11d1d926cc6978dfc08f9400,head,edit,5,10,3393.9812,129.0,0.0007,124.011,111.581,714,outlier,lcp;tbt,49b53e1559
9fac30c8d73cd7be11d1d926cc6978dfc08f9400,head,edit,6,13,3095.4696,481.5,0.0007,121.763,56.995,714,ok,,49b53e1559
9fac30c8d73cd7be11d1d926cc6978dfc08f9400,head,edit,7,14,3407.4572,143.5816,0.0007,125.55,163.605,714,outlier,lcp;tbt,49b53e1559
9fac30c8d73cd7be11d1d926cc6978dfc08f9400,head,edit,8,17,3220.051,553.4354,0.0007,122.389,133.795,731,outlier,tbt,49b53e1559
9fac30c8d73cd7be11d1d926cc6978dfc08f9400,head,edit,9,18,3206.0768,528.3718,0.0007,123.156,90.782,732,ok,,49b53e1559
9fac30c8d73cd7be11d1d926cc6978dfc08f9400,head,edit,10,21,3163.233,486.1472,0.0007,136.331,172.892,751,ok,,49b53e1559
9fac30c8d73cd7be11d1d926cc6978dfc08f9400,head,edit,11,22,3119.5056,490.3956,0.0007,129.97,113.902,714,ok,,49b53e1559
9fac30c8d73cd7be11d1d926cc6978dfc08f9400,head,edit,12,25,3140.0566,484.5,0.0007,133.89,487.357,732,outlier,tbtFlow,49b53e1559
9fac30c8d73cd7be11d1d926cc6978dfc08f9400,head,edit,13,26,3148.423,499.9824,0.0007,121.945,112.974,731,ok,,49b53e1559
9fac30c8d73cd7be11d1d926cc6978dfc08f9400,head,edit,14,29,3119.7746,501.1552,0.0007,122.787,125.048,750,ok,,49b53e1559
e67de3a20b058f92518203caaf28dff9a1768dfd,base,edit,0,0,3409.8454,116.0,0.0008,122.174,70.591,747,outlier,tbt,49b53e1559
e67de3a20b058f92518203caaf28dff9a1768dfd,base,edit,1,3,3179.883,492.7598,0.0008,120.755,83.91,768,ok,,49b53e1559
e67de3a20b058f92518203caaf28dff9a1768dfd,base,edit,2,4,3240.714,525.5655,0.0008,133.462,142.09,733,ok,,49b53e1559
e67de3a20b058f92518203caaf28dff9a1768dfd,base,edit,3,7,3401.1962,100.8914,0.0008,121.723,94.568,749,outlier,tbt,49b53e1559
e67de3a20b058f92518203caaf28dff9a1768dfd,base,edit,4,8,3251.577,531.3301,0.0008,121.866,137.734,750,ok,,49b53e1559
e67de3a20b058f92518203caaf28dff9a1768dfd,head,edit,0,1,3266.2642,518.1447,0.0008,131.813,68.339,766,ok,,49b53e1559
e67de3a20b058f92518203caaf28dff9a1768dfd,head,edit,1,2,3159.288,474.9255,0.0008,123.217,529.483,751,outlier,tbtFlow,49b53e1559
e67de3a20b058f92518203caaf28dff9a1768dfd,head,edit,2,5,3515.8788,163.9899,0.0008,133.15,473.218,750,outlier,lcp;tbt;tbtFlow,49b53e1559
e67de3a20b058f92518203caaf28dff9a1768dfd,head,edit,3,6,3260.8358,514.4027,0.0008,122.746,112.463,751,ok,,49b53e1559
e67de3a20b058f92518203caaf28dff9a1768dfd,head,edit,4,9,3238.3812,504.0099,0.0008,125.25,99.905,750,ok,,49b53e1559
c23fa1b343d2a5dfc06193d03f3ee0c6640fc122,base,edit,0,0,3203.8296,519.7571,0.0007,114.002,52.078,732,ok,,49b53e1559
c23fa1b343d2a5dfc06193d03f3ee0c6640fc122,base,edit,1,3,3407.9072,101.4753,0.0007,122.031,123.866,732,outlier,lcp;tbt,49b53e1559
c23fa1b343d2a5dfc06193d03f3ee0c6640fc122,base,edit,2,4,3213.9996,497.3334,0.0007,122.088,88.74,732,ok,,49b53e1559
c23fa1b343d2a5dfc06193d03f3ee0c6640fc122,base,edit,3,7,3136.2352,500.3027,0.0007,143.746,479.265,732,outlier,inp;tbtFlow,49b53e1559
c23fa1b343d2a5dfc06193d03f3ee0c6640fc122,base,edit,4,8,3225.6504,512.2854,0.0007,123.063,117.933,733,ok,,49b53e1559
c23fa1b343d2a5dfc06193d03f3ee0c6640fc122,head,edit,0,1,3522.5772,170.149,0.0008,121.208,134.45,749,outlier,lcp;tbt,49b53e1559
c23fa1b343d2a5dfc06193d03f3ee0c6640fc122,head,edit,1,2,3143.2726,481.322,0.0008,122.059,114.128,749,ok,,49b53e1559
c23fa1b343d2a5dfc06193d03f3ee0c6640fc122,head,edit,2,5,3168.3494,512.6938,0.0008,122.939,145.37,750,ok,,49b53e1559
c23fa1b343d2a5dfc06193d03f3ee0c6640fc122,head,edit,3,6,3294.7158,766.5653,0.0008,122.692,81.279,750,outlier,tbt,49b53e1559
c23fa1b343d2a5dfc06193d03f3ee0c6640fc122,head,edit,4,9,3152.568,470.768,0.0008,123.848,125.837,751,ok,,49b53e1559
37ad5812eff2e5d4f33018ac859536428b7985be,base,edit,0,0,3172.2894,488.2588,0.0008,129.42,140.877,767,ok,,49b53e1559
37ad5812eff2e5d4f33018ac859536428b7985be,base,edit,1,3,3488.2372,173.5,0.0008,122.326,449.757,732,ok,,49b53e1559
37ad5812eff2e5d4f33018ac859536428b7985be,base,edit,2,4,3482.9012,100.7001,0.0008,131.356,195.991,803,ok,,49b53e1559
37ad5812eff2e5d4f33018ac859536428b7985be,base,edit,3,7,3410.8922,111.7872,0.0008,130.203,497.654,732,ok,,49b53e1559
37ad5812eff2e5d4f33018ac859536428b7985be,base,edit,4,8,3396.4784,99.2491,0.0008,123.114,80.363,749,ok,,49b53e1559
37ad5812eff2e5d4f33018ac859536428b7985be,base,edit,5,11,3160.9616,483.7516,0.0008,132.342,429.925,733,ok,,49b53e1559
37ad5812eff2e5d4f33018ac859536428b7985be,base,edit,6,12,3175.6966,474.1585,0.0008,123.001,467.293,751,ok,,49b53e1559
37ad5812eff2e5d4f33018ac859536428b7985be,base,edit,7,15,3180.4622,519.3766,0.0008,129.507,900.776,750,ok,,49b53e1559
37ad5812eff2e5d4f33018ac859536428b7985be,base,edit,8,16,3485.5258,478.8772,0.0008,125.039,164.585,752,ok,,49b53e1559
37ad5812eff2e5d4f33018ac859536428b7985be,base,edit,9,19,3287.0114,521.7491,0.0008,120.845,153.708,751,ok,,49b53e1559
37ad5812eff2e5d4f33018ac859536428b7985be,base,edit,10,20,3488.1484,157.5479,0.0008,136.751,490.419,732,ok,,49b53e1559
37ad5812eff2e5d4f33018ac859536428b7985be,base,edit,11,23,3237.1232,523.7814,0.0008,124.087,467.389,733,ok,,49b53e1559
37ad5812eff2e5d4f33018ac859536428b7985be,base,edit,12,24,3165.8068,703.383,0.0008,122.508,109.229,750,ok,,49b53e1559
37ad5812eff2e5d4f33018ac859536428b7985be,base,edit,13,27,3428.2048,113,0.0008,138.534,546.197,751,ok,,49b53e1559
37ad5812eff2e5d4f33018ac859536428b7985be,base,edit,14,28,3167.788,696.3005,0.0008,124.039,83.323,733,ok,,49b53e1559
37ad5812eff2e5d4f33018ac859536428b7985be,head,edit,0,1,3505.1604,124.2984,0.0008,117.864,417.111,750,outlier,lcp;tbt;tbtFlow,49b53e1559
37ad5812eff2e5d4f33018ac859536428b7985be,head,edit,1,2,3133.5484,484.5853,0.0008,122.022,141.342,732,ok,,49b53e1559
37ad5812eff2e5d4f33018ac859536428b7985be,head,edit,2,5,3165.8632,464.5682,0.0008,136.443,94.627,732,ok,,49b53e1559
37ad5812eff2e5d4f33018ac859536428b7985be,head,edit,3,6,3250.3164,518.8903,0.0008,135.477,146.865,733,ok,,49b53e1559
37ad5812eff2e5d4f33018ac859536428b7985be,head,edit,4,9,3141.5076,490.3327,0.0008,121.064,94.041,751,ok,,49b53e1559
37ad5812eff2e5d4f33018ac859536428b7985be,head,edit,5,10,3179.6282,470.1613,0.0008,140.962,147.502,768,ok,,49b53e1559
37ad5812eff2e5d4f33018ac859536428b7985be,head,edit,6,13,3277.5876,553.2427,0.0008,133.849,125.747,751,ok,,49b53e1559
37ad5812eff2e5d4f33018ac859536428b7985be,head,edit,7,14,3148.9922,465.7503,0.0008,124.148,434.833,767,outlier,tbtFlow,49b53e1559
37ad5812eff2e5d4f33018ac859536428b7985be,head,edit,8,17,3268.7854,540.9048,0.0008,131.725,507.753,767,outlier,tbtFlow,49b53e1559
37ad5812eff2e5d4f33018ac859536428b7985be,head,edit,9,18,3156.9552,500.0852,0.0008,123.129,95.945,769,ok,,49b53e1559
37ad5812eff2e5d4f33018ac859536428b7985be,head,edit,10,21,3251.7692,516.4359,0.0008,129.343,127.197,750,ok,,49b53e1559
37ad5812eff2e5d4f33018ac859536428b7985be,head,edit,11,22,3165.7948,472.4461,0.0008,128.524,458.987,733,outlier,tbtFlow,49b53e1559
37ad5812eff2e5d4f33018ac859536428b7985be,head,edit,12,25,3300.652,532.327,0.0008,132.015,503.534,768,outlier,tbtFlow,49b53e1559
37ad5812eff2e5d4f33018ac859536428b7985be,head,edit,13,26,3155.0264,514.3114,0.0008,134.986,165.934,749,ok,,49b53e1559
37ad5812eff2e5d4f33018ac859536428b7985be,head,edit,14,29,3205.031,501.9596,0.0008,121.568,80.808,715,ok,,49b53e1559
61b23314cdbb987866effda5f62ce52f4a5b38a4,base,edit,0,0,3217.1462,506,0.0008,122.884,403.205,732,outlier,tbtFlow,49b53e1559
61b23314cdbb987866effda5f62ce52f4a5b38a4,base,edit,1,3,3478.037,148,0.0008,124.394,415.432,750,outlier,tbt;tbtFlow,49b53e1559
61b23314cdbb987866effda5f62ce52f4a5b38a4,base,edit,2,4,3162.814,467.5702,0.0008,125.713,135.135,733,ok,,49b53e1559
61b23314cdbb987866effda5f62ce52f4a5b38a4,base,edit,3,7,3260.25,516.0938,0.0008,123.925,87.649,750,ok,,49b53e1559
61b23314cdbb987866effda5f62ce52f4a5b38a4,base,edit,4,8,3262.6446,508.869,0.0008,133.606,449.327,750,outlier,tbtFlow,49b53e1559
61b23314cdbb987866effda5f62ce52f4a5b38a4,base,edit,5,11,3158.5212,491,0.0008,132.257,103.975,768,ok,,49b53e1559
61b23314cdbb987866effda5f62ce52f4a5b38a4,base,edit,6,12,3149.0566,454.3935,0.0008,138.929,146.797,732,ok,,49b53e1559
61b23314cdbb987866effda5f62ce52f4a5b38a4,base,edit,7,15,3262.62,730.24,0.0008,121.786,52.066,750,outlier,tbt,49b53e1559
61b23314cdbb987866effda5f62ce52f4a5b38a4,base,edit,8,16,3260.5046,530,0.0008,124.55,107.102,750,ok,,49b53e1559
61b23314cdbb987866effda5f62ce52f4a5b38a4,base,edit,9,19,3283.0168,525.8736,0.0008,121.957,113.263,749,ok,,49b53e1559
61b23314cdbb987866effda5f62ce52f4a5b38a4,base,edit,10,20,3156.7636,465.9473,0.0008,120.828,102.269,733,ok,,49b53e1559
61b23314cdbb987866effda5f62ce52f4a5b38a4,base,edit,11,23,3170.3264,456.3614,0.0008,122.243,92.355,733,ok,,49b53e1559
61b23314cdbb987866effda5f62ce52f4a5b38a4,base,edit,12,24,3406.2214,124,0.0008,123.81,117.194,733,outlier,tbt,49b53e1559
61b23314cdbb987866effda5f62ce52f4a5b38a4,base,edit,13,27,3196.6682,510.4513,0.0008,132.074,430.332,785,outlier,tbtFlow,49b53e1559
61b23314cdbb987866effda5f62ce52f4a5b38a4,base,edit,14,28,3263.0646,551.2029,0.0008,120.351,432.502,732,outlier,tbtFlow,49b53e1559
61b23314cdbb987866effda5f62ce52f4a5b38a4,head,edit,0,1,3579.0389,560.5,0.0008,138.385,1346.416,750,ok,,49b53e1559
61b23314cdbb987866effda5f62ce52f4a5b38a4,head,edit,1,2,3535.1505,194.9699,0.0008,137.144,831.659,748,outlier,tbt,49b53e1559
61b23314cdbb987866effda5f62ce52f4a5b38a4,head,edit,2,5,3270.6781,537.9345,0.0008,148.318,1291.434,750,ok,,49b53e1559
61b23314cdbb987866effda5f62ce52f4a5b38a4,head,edit,3,6,3191.481,519.5048,0.0008,160.935,859.147,750,ok,,49b53e1559
61b23314cdbb987866effda5f62ce52f4a5b38a4,head,edit,4,9,3289.8009,550.2999,0.0008,163.327,1249.067,751,outlier,inp,49b53e1559
61b23314cdbb987866effda5f62ce52f4a5b38a4,head,edit,5,10,3168.7879,480.9285,0.0008,153.143,924.156,768,ok,,49b53e1559
61b23314cdbb987866effda5f62ce52f4a5b38a4,head,edit,6,13,3557.5666,203.5,0.0008,153.345,1322.421,751,outlier,tbt,49b53e1559
61b23314cdbb987866effda5f62ce52f4a5b38a4,head,edit,7,14,3286.2465,561.403,0.0008,141.406,1285.887,732,ok,,49b53e1559
61b23314cdbb987866effda5f62ce52f4a5b38a4,head,edit,8,17,3560.8951,165.5219,0.0008,141.411,918.371,750,outlier,tbt,49b53e1559
61b23314cdbb987866effda5f62ce52f4a5b38a4,head,edit,9,18,3314.83,555.1345,0.0008,154.549,927.058,750,ok,,49b53e1559
61b23314cdbb987866effda5f62ce52f4a5b38a4,head,edit,10,21,3186.3736,511.7848,0.0008,147.053,1314.504,786,ok,,49b53e1559
61b23314cdbb987866effda5f62ce52f4a5b38a4,head,edit,11,22,3164.358,485.8412,0.0008,138.71,391.538,768,outlier,tbtFlow,49b53e1559
61b23314cdbb987866effda5f62ce52f4a5b38a4,head,edit,12,25,3309.7433,548.9032,0.0008,141.094,930.914,749,ok,,49b53e1559
61b23314cdbb987866effda5f62ce52f4a5b38a4,head,edit,13,26,3599.2693,219.3462,0.0008,140.028,887.462,768,outlier,tbt,49b53e1559
61b23314cdbb987866effda5f62ce52f4a5b38a4,head,edit,14,29,3363.4914,566.4454,0.0008,138.537,870.078,750,ok,,49b53e1559
10ef944db6a46500e1684873b27cfed790d1035d,base,edit,0,0,3170.5785,501.4804,0.0008,160.938,1420.302,731,ok,,49b53e1559
10ef944db6a46500e1684873b27cfed790d1035d,base,edit,1,3,3393.4615,124.5077,0.0008,176.832,1322.833,749,outlier,tbt,49b53e1559
10ef944db6a46500e1684873b27cfed790d1035d,base,edit,2,4,3236.6871,509.6841,0.0008,149.937,957.645,768,ok,,49b53e1559
10ef944db6a46500e1684873b27cfed790d1035d,base,edit,3,7,3530.6386,180.0,0.0008,140.416,1293.301,732,outlier,tbt,49b53e1559
10ef944db6a46500e1684873b27cfed790d1035d,base,edit,4,8,3138.9012,464.8944,0.0008,175.898,1339.729,750,ok,,49b53e1559
10ef944db6a46500e1684873b27cfed790d1035d,base,edit,5,11,3352.0265,620.2921,0.0008,191.287,1401.658,767,outlier,inp,49b53e1559
10ef944db6a46500e1684873b27cfed790d1035d,base,edit,6,12,3323.526,555.8422,0.0008,145.797,885.482,768,ok,,49b53e1559
10ef944db6a46500e1684873b27cfed790d1035d,base,edit,7,15,3323.2341,561.2648,0.0008,139.814,1324.027,750,ok,,49b53e1559
10ef944db6a46500e1684873b27cfed790d1035d,base,edit,8,16,3434.3264,487.5,0.0008,143.748,839.236,769,ok,,49b53e1559
10ef944db6a46500e1684873b27cfed790d1035d,base,edit,9,19,3428.9104,131.2728,0.0008,161.137,1366.603,786,outlier,tbt,49b53e1559
10ef944db6a46500e1684873b27cfed790d1035d,base,edit,10,20,3324.1744,607.7584,0.0008,154.38,1285.229,805,ok,,49b53e1559
10ef944db6a46500e1684873b27cfed790d1035d,base,edit,11,23,3188.7755,534,0.0008,154.742,920.901,768,ok,,49b53e1559
10ef944db6a46500e1684873b27cfed790d1035d,base,edit,12,24,3201.8829,504.4509,0.0008,147.505,1316.977,785,ok,,49b53e1559
10ef944db6a46500e1684873b27cfed790d1035d,base,edit,13,27,3305.3179,582.0,0.0008,146.38,937.286,732,ok,,49b53e1559
10ef944db6a46500e1684873b27cfed790d1035d,base,edit,14,28,3442.2182,113.5,0.0008,153.396,1186.067,750,outlier,tbt,49b53e1559
10ef944db6a46500e1684873b27cfed790d1035d,head,edit,0,1,3286.4414,503.8954,0.0008,136.049,1433.603,786,outlier,tbtFlow,49b53e1559
10ef944db6a46500e1684873b27cfed790d1035d,head,edit,1,2,3523.2646,124.2647,0.0008,151.967,1408.304,765,outlier,tbtFlow,49b53e1559
10ef944db6a46500e1684873b27cfed790d1035d,head,edit,2,5,3627.9534,164.5,0.0008,144.021,1319.555,750,outlier,tbtFlow,49b53e1559
10ef944db6a46500e1684873b27cfed790d1035d,head,edit,3,6,3496.4236,89.5,0.0008,144.368,863.839,751,ok,,49b53e1559
10ef944db6a46500e1684873b27cfed790d1035d,head,edit,4,9,3263.9948,479.3892,0.0008,132.387,1289.03,768,outlier,tbtFlow,49b53e1559
10ef944db6a46500e1684873b27cfed790d1035d,head,edit,5,10,3256.62,506.9378,0.0008,147.853,882.984,750,ok,,49b53e1559
10ef944db6a46500e1684873b27cfed790d1035d,head,edit,6,13,3525.4317,131.5,0.0008,166.072,1334.124,787,outlier,tbtFlow,49b53e1559
10ef944db6a46500e1684873b27cfed790d1035d,head,edit,7,14,3529.1744,115.5,0.0008,155.092,883.516,785,ok,,49b53e1559
10ef944db6a46500e1684873b27cfed790d1035d,head,edit,8,17,3278.204,501.322,0.0008,145.113,890.56,787,ok,,49b53e1559
10ef944db6a46500e1684873b27cfed790d1035d,head,edit,9,18,3643.3206,177.0,0.0008,138.793,810.112,750,ok,,49b53e1559
10ef944db6a46500e1684873b27cfed790d1035d,head,edit,10,21,3533.4039,131.7885,0.0008,145.037,886.194,767,ok,,49b53e1559
10ef944db6a46500e1684873b27cfed790d1035d,head,edit,11,22,3269.1173,515.8824,0.0008,143.96,935.166,750,ok,,49b53e1559
10ef944db6a46500e1684873b27cfed790d1035d,head,edit,12,25,3373.1817,552.8132,0.0008,140.057,1357.751,768,outlier,tbtFlow,49b53e1559
10ef944db6a46500e1684873b27cfed790d1035d,head,edit,13,26,3240.3464,496.9252,0.0008,146.541,915.159,768,ok,,49b53e1559
10ef944db6a46500e1684873b27cfed790d1035d,head,edit,14,29,3530.9616,122.359,0.0008,156.367,920.91,768,ok,,49b53e1559
a9fa4eddf689b06a2794dc1d630d0efd9eb90ca3,base,edit,0,0,3398.7668,567.9703,0.0008,111.248,93.271,785,ok,,49b53e1559
a9fa4eddf689b06a2794dc1d630d0efd9eb90ca3,base,edit,1,3,3299.1574,525.4357,0.0008,109.345,67.59,750,ok,,49b53e1559
a9fa4eddf689b06a2794dc1d630d0efd9eb90ca3,base,edit,2,4,3279.7753,490.4292,0.0008,121.068,100.174,768,ok,,49b53e1559
a9fa4eddf689b06a2794dc1d630d0efd9eb90ca3,base,edit,3,7,3541.3808,138.9378,0.0008,116.828,366.827,769,outlier,tbt;tbtFlow,49b53e1559
a9fa4eddf689b06a2794dc1d630d0efd9eb90ca3,base,edit,4,8,3277.9765,501.6957,0.0008,116.975,444.982,751,outlier,tbtFlow,49b53e1559
a9fa4eddf689b06a2794dc1d630d0efd9eb90ca3,base,edit,5,11,3575.181,110.9545,0.0008,122.08,29.308,786,outlier,tbt,49b53e1559
a9fa4eddf689b06a2794dc1d630d0efd9eb90ca3,base,edit,6,12,3663.4266,186.0,0.0008,121.19,52.018,769,ok,,49b53e1559
a9fa4eddf689b06a2794dc1d630d0efd9eb90ca3,base,edit,7,15,3277.3532,524,0.0008,112.691,378.971,787,outlier,tbtFlow,49b53e1559
a9fa4eddf689b06a2794dc1d630d0efd9eb90ca3,base,edit,8,16,3670.1927,172,0.0008,120.911,431.638,768,outlier,tbtFlow,49b53e1559
a9fa4eddf689b06a2794dc1d630d0efd9eb90ca3,base,edit,9,19,3594.7508,135.0,0.0008,122.683,56.788,786,outlier,tbt,49b53e1559
a9fa4eddf689b06a2794dc1d630d0efd9eb90ca3,base,edit,10,20,3277.8241,514.0098,0.0008,122.15,435.563,769,outlier,tbtFlow,49b53e1559
a9fa4eddf689b06a2794dc1d630d0efd9eb90ca3,base,edit,11,23,3521.6606,110.0,0.0008,118.241,90.952,768,outlier,tbt,49b53e1559
a9fa4eddf689b06a2794dc1d630d0efd9eb90ca3,base,edit,12,24,3560.7685,111.876,0.0008,119.542,70.901,786,outlier,tbt,49b53e1559
a9fa4eddf689b06a2794dc1d630d0efd9eb90ca3,base,edit,13,27,3382.7154,552.4325,0.0008,121.012,50.226,751,ok,,49b53e1559
a9fa4eddf689b06a2794dc1d630d0efd9eb90ca3,base,edit,14,28,3254.1603,523.1489,0.0008,117.798,366.875,751,outlier,tbtFlow,49b53e1559
a9fa4eddf689b06a2794dc1d630d0efd9eb90ca3,head,edit,0,1,3767.0792,205.0066,0.0008,121.581,137.296,768,ok,,49b53e1559
a9fa4eddf689b06a2794dc1d630d0efd9eb90ca3,head,edit,1,2,3325.2922,483.3385,0.0008,111.575,73.116,750,ok,,49b53e1559
a9fa4eddf689b06a2794dc1d630d0efd9eb90ca3,head,edit,2,5,3498.3498,558.9563,0.0008,120.324,116.455,751,outlier,tbt,49b53e1559
a9fa4eddf689b06a2794dc1d630d0efd9eb90ca3,head,edit,3,6,3614.8298,132.0,0.0008,110.351,374.639,786,ok,,49b53e1559
a9fa4eddf689b06a2794dc1d630d0efd9eb90ca3,head,edit,4,9,3606.7816,121,0.0008,113.702,403.225,786,ok,,49b53e1559
a9fa4eddf689b06a2794dc1d630d0efd9eb90ca3,head,edit,5,10,3756.4376,224.2448,0.0008,113.541,78.827,751,ok,,49b53e1559
a9fa4eddf689b06a2794dc1d630d0efd9eb90ca3,head,edit,6,13,3531.9356,599.0444,0.0008,111.73,84.432,785,outlier,tbt,49b53e1559
a9fa4eddf689b06a2794dc1d630d0efd9eb90ca3,head,edit,7,14,3586.1028,141.7169,0.0008,110.679,373.426,751,ok,,49b53e1559
a9fa4eddf689b06a2794dc1d630d0efd9eb90ca3,head,edit,8,17,3515.572,551.491,0.0008,117.887,393.001,768,outlier,tbt,49b53e1559
a9fa4eddf689b06a2794dc1d630d0efd9eb90ca3,head,edit,9,18,3728.313,190.9428,0.0008,115.588,80.499,768,ok,,49b53e1559
a9fa4eddf689b06a2794dc1d630d0efd9eb90ca3,head,edit,10,21,3632.1368,146.3864,0.0008,112.625,392.995,787,ok,,49b53e1559
a9fa4eddf689b06a2794dc1d630d0efd9eb90ca3,head,edit,11,22,3738.8482,203.5,0.0008,111.475,87.785,751,ok,,49b53e1559
a9fa4eddf689b06a2794dc1d630d0efd9eb90ca3,head,edit,12,25,3654.6038,154.6336,0.0008,112.211,414.255,768,ok,,49b53e1559
a9fa4eddf689b06a2794dc1d630d0efd9eb90ca3,head,edit,13,26,3350.2968,536.7129,0.0008,113.656,67.251,768,outlier,tbt,49b53e1559
a9fa4eddf689b06a2794dc1d630d0efd9eb90ca3,head,edit,14,29,3480.2636,548.0295,0.0008,121.358,357.816,768,outlier,tbt,49b53e1559
756a7bfdc24825fc22ab48493985a0f2b768b49b,base,edit,0,0,3360.5684,517.9346,0.0008,115.766,436.688,766,outlier,tbtFlow,49b53e1559
756a7bfdc24825fc22ab48493985a0f2b768b49b,base,edit,1,3,3599.6452,138.5,0.0008,115.755,71.046,769,outlier,tbt,49b53e1559
756a7bfdc24825fc22ab48493985a0f2b768b49b,base,edit,2,4,3739.6496,204.0958,0.0008,120.701,370.899,768,outlier,tbtFlow,49b53e1559
756a7bfdc24825fc22ab48493985a0f2b768b49b,base,edit,3,7,3363.5786,602.6842,0.0008,115.36,92.566,769,ok,,49b53e1559
756a7bfdc24825fc22ab48493985a0f2b768b49b,base,edit,4,8,3466.0512,566.3061,0.0008,117.793,37.665,751,ok,,49b53e1559
756a7bfdc24825fc22ab48493985a0f2b768b49b,head,edit,0,1,3482.6574,589.2018,0.0008,109.087,50.078,768,outlier,tbt,49b53e1559
756a7bfdc24825fc22ab48493985a0f2b768b49b,head,edit,1,2,3333.428,494.009,0.0008,112.001,124.04,768,outlier,tbt,49b53e1559
756a7bfdc24825fc22ab48493985a0f2b768b49b,head,edit,2,5,3758.7668,152,0.0008,122.086,434.998,858,outlier,lcpObs,49b53e1559
756a7bfdc24825fc22ab48493985a0f2b768b49b,head,edit,3,6,3662.8718,144.1977,0.0008,110.843,81.215,769,ok,,49b53e1559
756a7bfdc24825fc22ab48493985a0f2b768b49b,head,edit,4,9,3783.4908,198.0,0.0008,111.064,374.649,788,ok,,49b53e1559
52e0da7e30a566e627f63a44e7c1be856a69e10b,base,edit,0,0,3653.845,152.6537,0.0008,120.926,47.132,768,ok,,49b53e1559
52e0da7e30a566e627f63a44e7c1be856a69e10b,base,edit,1,3,3751.6324,210.8027,0.0008,130.787,381.512,768,outlier,tbtFlow,49b53e1559
52e0da7e30a566e627f63a44e7c1be856a69e10b,base,edit,2,4,3389.9474,552.398,0.0008,107.967,41.034,787,ok,,49b53e1559
52e0da7e30a566e627f63a44e7c1be856a69e10b,base,edit,3,7,3767.7884,200.5,0.0008,113.612,44.484,750,ok,,49b53e1559
52e0da7e30a566e627f63a44e7c1be856a69e10b,base,edit,4,8,3487.397,549.2004,0.0008,122.88,43.474,769,ok,,49b53e1559
52e0da7e30a566e627f63a44e7c1be856a69e10b,base,edit,5,11,3466.7416,766.5941,0.0008,112.703,397.928,767,outlier,tbt;tbtFlow,49b53e1559
52e0da7e30a566e627f63a44e7c1be856a69e10b,base,edit,6,12,3627.2126,151.601,0.0008,121.746,372.235,750,outlier,tbtFlow,49b53e1559
52e0da7e30a566e627f63a44e7c1be856a69e10b,base,edit,7,15,3370.0712,529.3512,0.0008,126.834,91.549,785,ok,,49b53e1559
52e0da7e30a566e627f63a44e7c1be856a69e10b,base,edit,8,16,3318.3436,515.5899,0.0008,110.581,64.248,751,ok,,49b53e1559
52e0da7e30a566e627f63a44e7c1be856a69e10b,base,edit,9,19,3501.564,588.664,0.0008,117.578,91.8,769,ok,,49b53e1559
52e0da7e30a566e627f63a44e7c1be856a69e10b,base,edit,10,20,3602.6278,157.0,0.0008,138.821,98.173,751,ok,,49b53e1559
52e0da7e30a566e627f63a44e7c1be856a69e10b,base,edit,11,23,3541.1592,584.8551,0.0008,112.027,77.143,787,ok,,49b53e1559
52e0da7e30a566e627f63a44e7c1be856a69e10b,base,edit,12,24,3742.8366,204.0,0.0008,111.64,82.28,750,ok,,49b53e1559
52e0da7e30a566e627f63a44e7c1be856a69e10b,base,edit,13,27,3624.49,145.7075,0.0008,116.339,49.091,749,ok,,49b53e1559
52e0da7e30a566e627f63a44e7c1be856a69e10b,base,edit,14,28,3779.8086,237,0.0008,118.748,78.589,768,ok,,49b53e1559
52e0da7e30a566e627f63a44e7c1be856a69e10b,head,edit,0,1,3485.8574,548.2053,0.0008,120.237,77.476,768,ok,,49b53e1559
52e0da7e30a566e627f63a44e7c1be856a69e10b,head,edit,1,2,3389.155,544.5144,0.0008,117.328,50.246,787,ok,,49b53e1559
52e0da7e30a566e627f63a44e7c1be856a69e10b,head,edit,2,5,3709.336,189.5,0.0008,111.37,410.708,732,outlier,tbtFlow,49b53e1559
52e0da7e30a566e627f63a44e7c1be856a69e10b,head,edit,3,6,3746.0042,217,0.0008,120.781,385.966,731,outlier,tbtFlow,49b53e1559
52e0da7e30a566e627f63a44e7c1be856a69e10b,head,edit,4,9,3347.3764,488.0779,0.0008,109.432,80.895,768,ok,,49b53e1559
52e0da7e30a566e627f63a44e7c1be856a69e10b,head,edit,5,10,3378.6392,522.0451,0.0008,114.683,421.01,786,outlier,tbtFlow,49b53e1559
52e0da7e30a566e627f63a44e7c1be856a69e10b,head,edit,6,13,3750.0026,204.8336,0.0008,118.104,55.598,768,ok,,49b53e1559
52e0da7e30a566e627f63a44e7c1be856a69e10b,head,edit,7,14,3481.1402,576.5358,0.0008,120.853,59.217,767,ok,,49b53e1559
52e0da7e30a566e627f63a44e7c1be856a69e10b,head,edit,8,17,3604.4856,162.5,0.0008,121.552,406.073,750,outlier,tbtFlow,49b53e1559
52e0da7e30a566e627f63a44e7c1be856a69e10b,head,edit,9,18,3620.0314,146.0,0.0008,116.02,54.271,769,ok,,49b53e1559
52e0da7e30a566e627f63a44e7c1be856a69e10b,head,edit,10,21,3620.4274,128.119,0.0008,118.675,419.454,787,outlier,tbtFlow,49b53e1559
52e0da7e30a566e627f63a44e7c1be856a69e10b,head,edit,11,22,3507.3654,590.0168,0.0008,116.299,71.554,787,ok,,49b53e1559
52e0da7e30a566e627f63a44e7c1be856a69e10b,head,edit,12,25,3370.2466,538.7817,0.0008,118.811,37.805,768,ok,,49b53e1559
52e0da7e30a566e627f63a44e7c1be856a69e10b,head,edit,13,26,3663.2802,129.0,0.0008,122.071,413.831,805,outlier,tbtFlow,49b53e1559
52e0da7e30a566e627f63a44e7c1be856a69e10b,head,edit,14,29,3799.7306,197.6026,0.0008,126.765,131.168,786,ok,,49b53e1559
f351b22513bd8b0c3dd9d06f81e1670eb506395a,base,edit,0,0,3724.3896,201.9908,0.0008,120.765,405.223,748,ok,,49b53e1559
f351b22513bd8b0c3dd9d06f81e1670eb506395a,base,edit,1,3,3499.3012,541.4001,0.0008,108.945,382.857,786,ok,,49b53e1559
f351b22513bd8b0c3dd9d06f81e1670eb506395a,base,edit,2,4,3604.6016,151.5,0.0008,109.003,400.156,769,ok,,49b53e1559
f351b22513bd8b0c3dd9d06f81e1670eb506395a,base,edit,3,7,3641.1392,144.5116,0.0008,116.876,408.032,786,ok,,49b53e1559
f351b22513bd8b0c3dd9d06f81e1670eb506395a,base,edit,4,8,3795.2478,238.7706,0.0008,126.847,91.683,769,ok,,49b53e1559
f351b22513bd8b0c3dd9d06f81e1670eb506395a,base,edit,5,11,3633.5568,167.1714,0.0008,121.231,123.024,768,ok,,49b53e1559
f351b22513bd8b0c3dd9d06f81e1670eb506395a,base,edit,6,12,3485.4786,598.3967,0.0008,110.455,60.242,769,ok,,49b53e1559
f351b22513bd8b0c3dd9d06f81e1670eb506395a,base,edit,7,15,3331.1634,494.7921,0.0008,138.415,528.456,769,outlier,tbtFlow,49b53e1559
f351b22513bd8b0c3dd9d06f81e1670eb506395a,base,edit,8,16,3362.9146,500.9202,0.0008,132.78,364.906,749,ok,,49b53e1559
f351b22513bd8b0c3dd9d06f81e1670eb506395a,base,edit,9,19,3362.3176,496.7103,0.0008,119.323,424.236,769,ok,,49b53e1559
f351b22513bd8b0c3dd9d06f81e1670eb506395a,base,edit,10,20,3738.3412,201.0,0.0008,118.985,49.0,750,ok,,49b53e1559
f351b22513bd8b0c3dd9d06f81e1670eb506395a,base,edit,11,23,3598.2814,130.3984,0.0008,118.555,97.459,769,ok,,49b53e1559
f351b22513bd8b0c3dd9d06f81e1670eb506395a,base,edit,12,24,3343.604,507.954,0.0008,117.505,106.353,750,ok,,49b53e1559
f351b22513bd8b0c3dd9d06f81e1670eb506395a,base,edit,13,27,3590.767,147.0222,0.0008,122.32,74.155,750,ok,,49b53e1559
f351b22513bd8b0c3dd9d06f81e1670eb506395a,base,edit,14,28,3834.9902,233.5,0.0008,112.08,77.496,786,ok,,49b53e1559
f351b22513bd8b0c3dd9d06f81e1670eb506395a,head,edit,0,1,3466.5518,580.0187,0.0008,123.006,391.034,768,outlier,tbtFlow,49b53e1559
f351b22513bd8b0c3dd9d06f81e1670eb506395a,head,edit,1,2,3594.5416,143,0.0008,132.881,83.356,749,ok,,49b53e1559
f351b22513bd8b0c3dd9d06f81e1670eb506395a,head,edit,2,5,3742.054,206.5,0.0008,122.536,92.236,750,ok,,49b53e1559
f351b22513bd8b0c3dd9d06f81e1670eb506395a,head,edit,3,6,3753.679,215,0.0008,123.933,65.905,752,ok,,49b53e1559
f351b22513bd8b0c3dd9d06f81e1670eb506395a,head,edit,4,9,3484.35,550.8937,0.0008,118.637,75.094,770,ok,,49b53e1559
f351b22513bd8b0c3dd9d06f81e1670eb506395a,head,edit,5,10,3638.2234,125,0.0008,111.256,425.022,786,outlier,tbtFlow,49b53e1559
f351b22513bd8b0c3dd9d06f81e1670eb506395a,head,edit,6,13,3485.2828,545.4022,0.0008,126.029,433.072,750,outlier,tbtFlow,49b53e1559
f351b22513bd8b0c3dd9d06f81e1670eb506395a,head,edit,7,14,3500.705,566.5369,0.0008,120.808,57.022,768,ok,,49b53e1559
f351b22513bd8b0c3dd9d06f81e1670eb506395a,head,edit,8,17,3382.0986,718.1417,0.0008,112,405.112,785,outlier,tbtFlow,49b53e1559
f351b22513bd8b0c3dd9d06f81e1670eb506395a,head,edit,9,18,3372.5712,547.9762,0.0008,121.297,82.245,751,ok,,49b53e1559
f351b22513bd8b0c3dd9d06f81e1670eb506395a,head,edit,10,21,3690.8452,192.6121,0.0008,121.548,95.735,803,ok,,49b53e1559
f351b22513bd8b0c3dd9d06f81e1670eb506395a,head,edit,11,22,3734.4974,202.5,0.0008,125.137,69.446,751,ok,,49b53e1559
f351b22513bd8b0c3dd9d06f81e1670eb506395a,head,edit,12,25,3396.2706,725.3637,0.0008,117.76,48.011,769,ok,,49b53e1559
f351b22513bd8b0c3dd9d06f81e1670eb506395a,head,edit,13,26,3513.2236,647.0948,0.0008,126.724,88.439,786,ok,,49b53e1559
f351b22513bd8b0c3dd9d06f81e1670eb506395a,head,edit,14,29,3624.9738,158.3311,0.0008,128.302,535.016,751,outlier,tbtFlow,49b53e1559
79b139cf0efeb271cb9dd43b2834a99e2d0ce291,base,edit,0,0,3771.2798,210.5,0.0008,120.364,402.743,767,outlier,tbt,49b53e1559
79b139cf0efeb271cb9dd43b2834a99e2d0ce291,base,edit,1,3,3450.9198,565.0867,0.0008,116.693,386.714,769,ok,,49b53e1559
79b139cf0efeb271cb9dd43b2834a99e2d0ce291,base,edit,2,4,3498.2604,580.4892,0.0008,120.519,407.122,751,ok,,49b53e1559
79b139cf0efeb271cb9dd43b2834a99e2d0ce291,base,edit,3,7,3506.3022,571.4041,0.0008,121.934,94.505,763,ok,,49b53e1559
79b139cf0efeb271cb9dd43b2834a99e2d0ce291,base,edit,4,8,3422.8456,535.6106,0.0008,118.484,60.995,768,ok,,49b53e1559
79b139cf0efeb271cb9dd43b2834a99e2d0ce291,base,edit,5,11,3736.6006,207.9251,0.0008,115.18,48.365,767,outlier,tbt,49b53e1559
79b139cf0efeb271cb9dd43b2834a99e2d0ce291,base,edit,6,12,3360.31,489.7738,0.0008,112.194,437.339,787,ok,,49b53e1559
79b139cf0efeb271cb9dd43b2834a99e2d0ce291,base,edit,7,15,3506.7774,597.4468,0.0008,122.25,857.476,750,ok,,49b53e1559
79b139cf0efeb271cb9dd43b2834a99e2d0ce291,base,edit,8,16,3647.969,183.2058,0.0008,125.429,366.02,769,outlier,tbt,49b53e1559
79b139cf0efeb271cb9dd43b2834a99e2d0ce291,base,edit,9,19,3497.6266,572.7342,0.0008,123.378,418.921,786,ok,,49b53e1559
79b139cf0efeb271cb9dd43b2834a99e2d0ce291,base,edit,10,20,3741.3978,207.0,0.0008,120.939,55.605,751,outlier,tbt,49b53e1559
79b139cf0efeb271cb9dd43b2834a99e2d0ce291,base,edit,11,23,3524.1182,610.4852,0.0008,122.097,97.046,804,ok,,49b53e1559
79b139cf0efeb271cb9dd43b2834a99e2d0ce291,base,edit,12,24,3496.7144,567.6607,0.0008,117.794,78.567,768,ok,,49b53e1559
79b139cf0efeb271cb9dd43b2834a99e2d0ce291,base,edit,13,27,3354.3288,548.6113,0.0008,118.174,366.005,749,ok,,49b53e1559
79b139cf0efeb271cb9dd43b2834a99e2d0ce291,base,edit,14,28,3358.3612,540.9224,0.0008,121.334,67.044,748,ok,,49b53e1559
79b139cf0efeb271cb9dd43b2834a99e2d0ce291,head,edit,0,1,3652.4994,158.875,0.0008,122.23,178.193,768,ok,,49b53e1559
79b139cf0efeb271cb9dd43b2834a99e2d0ce291,head,edit,1,2,3780.3396,211.0,0.0008,120.024,379.829,768,ok,,49b53e1559
79b139cf0efeb271cb9dd43b2834a99e2d0ce291,head,edit,2,5,3631.5494,147.0874,0.0008,123.289,418.458,767,outlier,tbtFlow,49b53e1559
79b139cf0efeb271cb9dd43b2834a99e2d0ce291,head,edit,3,6,3786.113,208.5,0.0008,115.125,386.49,786,ok,,49b53e1559
79b139cf0efeb271cb9dd43b2834a99e2d0ce291,head,edit,4,9,3733.5102,204.8759,0.0008,122.039,98.081,768,ok,,49b53e1559
79b139cf0efeb271cb9dd43b2834a99e2d0ce291,head,edit,5,10,3383.8664,519.2667,0.0008,127.264,75.855,803,outlier,tbt,49b53e1559
79b139cf0efeb271cb9dd43b2834a99e2d0ce291,head,edit,6,13,3769.0638,209.2136,0.0008,124.031,79.8,786,ok,,49b53e1559
79b139cf0efeb271cb9dd43b2834a99e2d0ce291,head,edit,7,14,3725.1392,202.8866,0.0008,120.72,389.469,751,ok,,49b53e1559
79b139cf0efeb271cb9dd43b2834a99e2d0ce291,head,edit,8,17,3361.8698,530.3179,0.0008,112.335,38.395,768,outlier,tbt,49b53e1559
79b139cf0efeb271cb9dd43b2834a99e2d0ce291,head,edit,9,18,3376.6796,568.665,0.0008,117.246,112.607,787,outlier,tbt,49b53e1559
79b139cf0efeb271cb9dd43b2834a99e2d0ce291,head,edit,10,21,3528.4014,585.9498,0.0008,121.33,98.903,768,outlier,tbt,49b53e1559
79b139cf0efeb271cb9dd43b2834a99e2d0ce291,head,edit,11,22,3497.1014,574.5583,0.0008,121.877,90.71,750,outlier,tbt,49b53e1559
79b139cf0efeb271cb9dd43b2834a99e2d0ce291,head,edit,12,25,3625.4788,143.5399,0.0008,124.43,452.607,768,outlier,tbtFlow,49b53e1559
79b139cf0efeb271cb9dd43b2834a99e2d0ce291,head,edit,13,26,3801.6382,562.0,0.0008,109.049,68.864,768,outlier,tbt,49b53e1559
79b139cf0efeb271cb9dd43b2834a99e2d0ce291,head,edit,14,29,3644.864,145.0,0.0008,119.156,388.743,786,ok,,49b53e1559
4036e45fd6a07e8741b2b5d32db7b07c8e78ecad,base,edit,0,0,3591.119,153.3433,0.0008,122.232,469.709,750,ok,,49b53e1559
4036e45fd6a07e8741b2b5d32db7b07c8e78ecad,base,edit,1,3,3620.3802,143,0.0008,121.801,44.197,768,ok,,49b53e1559
4036e45fd6a07e8741b2b5d32db7b07c8e78ecad,base,edit,2,4,3753.2306,191.0,0.0008,112.088,350.708,768,ok,,49b53e1559
4036e45fd6a07e8741b2b5d32db7b07c8e78ecad,base,edit,3,7,3376.8674,503.2041,0.0008,112.196,415.665,786,outlier,tbt,49b53e1559
4036e45fd6a07e8741b2b5d32db7b07c8e78ecad,base,edit,4,8,3325.4928,537.0003,0.0008,119.864,409.38,750,outlier,tbt,49b53e1559
4036e45fd6a07e8741b2b5d32db7b07c8e78ecad,base,edit,5,11,3617.0782,147.0899,0.0008,120.947,131.188,749,ok,,49b53e1559
4036e45fd6a07e8741b2b5d32db7b07c8e78ecad,base,edit,6,12,3777.7082,200.5,0.0008,122.179,379.844,769,ok,,49b53e1559
4036e45fd6a07e8741b2b5d32db7b07c8e78ecad,base,edit,7,15,3773.1464,225.0,0.0008,117.747,84.972,769,ok,,49b53e1559
4036e45fd6a07e8741b2b5d32db7b07c8e78ecad,base,edit,8,16,3755.9994,197.625,0.0008,120.097,53.644,768,ok,,49b53e1559
4036e45fd6a07e8741b2b5d32db7b07c8e78ecad,base,edit,9,19,3334.5896,494.7388,0.0008,122.113,379.164,767,outlier,tbt,49b53e1559
4036e45fd6a07e8741b2b5d32db7b07c8e78ecad,base,edit,10,20,3680.681,164.5567,0.0008,118.305,68.955,805,ok,,49b53e1559
4036e45fd6a07e8741b2b5d32db7b07c8e78ecad,base,edit,11,23,3358.03,492.0588,0.0008,125.369,81.959,769,outlier,tbt,49b53e1559
4036e45fd6a07e8741b2b5d32db7b07c8e78ecad,base,edit,12,24,3775.3216,222,0.0008,111.366,63.015,769,ok,,49b53e1559
4036e45fd6a07e8741b2b5d32db7b07c8e78ecad,base,edit,13,27,3615.947,145,0.0008,121.527,381.235,768,ok,,49b53e1559
4036e45fd6a07e8741b2b5d32db7b07c8e78ecad,base,edit,14,28,3755.3214,190,0.0008,109.011,95.808,751,ok,,49b53e1559
4036e45fd6a07e8741b2b5d32db7b07c8e78ecad,head,edit,0,1,3611.603,136.8003,0.0008,122.261,78.551,750,ok,,49b53e1559
4036e45fd6a07e8741b2b5d32db7b07c8e78ecad,head,edit,1,2,3767.4332,219,0.0008,118.603,416.239,769,ok,,49b53e1559
4036e45fd6a07e8741b2b5d32db7b07c8e78ecad,head,edit,2,5,3764.4936,221.3328,0.0008,122.883,47.948,768,ok,,49b53e1559
4036e45fd6a07e8741b2b5d32db7b07c8e78ecad,head,edit,3,6,3747.7954,203.0,0.0008,121.676,362.382,751,ok,,49b53e1559
4036e45fd6a07e8741b2b5d32db7b07c8e78ecad,head,edit,4,9,3740.0064,207.5,0.0008,112.348,350.166,751,ok,,49b53e1559
4036e45fd6a07e8741b2b5d32db7b07c8e78ecad,head,edit,5,10,3633.5204,147.6267,0.0008,121.006,73.891,768,ok,,49b53e1559
4036e45fd6a07e8741b2b5d32db7b07c8e78ecad,head,edit,6,13,3755.6926,227.141,0.0008,111.297,80.601,751,ok,,49b53e1559
4036e45fd6a07e8741b2b5d32db7b07c8e78ecad,head,edit,7,14,3387.114,535.6203,0.0008,122.7,173.994,786,ok,,49b53e1559
4036e45fd6a07e8741b2b5d32db7b07c8e78ecad,head,edit,8,17,3607.08,128.715,0.0008,118.969,430.224,785,ok,,49b53e1559
4036e45fd6a07e8741b2b5d32db7b07c8e78ecad,head,edit,9,18,3338.2854,488.5268,0.0008,130.343,83.515,769,ok,,49b53e1559
4036e45fd6a07e8741b2b5d32db7b07c8e78ecad,head,edit,10,21,3339.3086,526.008,0.0008,128.688,529.024,732,ok,,49b53e1559
4036e45fd6a07e8741b2b5d32db7b07c8e78ecad,head,edit,11,22,3514.2682,600.9263,0.0008,113.56,103.775,766,outlier,tbt,49b53e1559
4036e45fd6a07e8741b2b5d32db7b07c8e78ecad,head,edit,12,25,3856.4306,221.2025,0.0008,121.968,437.249,822,ok,,49b53e1559
4036e45fd6a07e8741b2b5d32db7b07c8e78ecad,head,edit,13,26,3747.2444,198.6037,0.0008,114.772,391.809,750,ok,,49b53e1559
4036e45fd6a07e8741b2b5d32db7b07c8e78ecad,head,edit,14,29,3378.835,535.2081,0.0008,115.198,73.162,786,ok,,49b53e1559
66a4516adf77cb77ce169437c9d66c4029ad8ea5,base,edit,0,0,3360.9322,521.6903,0.0008,111.719,105.601,749,outlier,tbt,49b53e1559
66a4516adf77cb77ce169437c9d66c4029ad8ea5,base,edit,1,3,3601.3614,151.0,0.0008,111.496,78.527,768,ok,,49b53e1559
66a4516adf77cb77ce169437c9d66c4029ad8ea5,base,edit,2,4,3783.1378,200.0,0.0008,121.512,87.764,786,ok,,49b53e1559
66a4516adf77cb77ce169437c9d66c4029ad8ea5,base,edit,3,7,3485.5518,579.0812,0.0008,120.413,458.311,751,outlier,tbt;tbtFlow,49b53e1559
66a4516adf77cb77ce169437c9d66c4029ad8ea5,base,edit,4,8,3652.9278,156.5357,0.0008,111.363,51.483,785,ok,,49b53e1559
66a4516adf77cb77ce169437c9d66c4029ad8ea5,base,edit,5,11,3738.8832,192.8236,0.0008,118.309,51.851,769,ok,,49b53e1559
66a4516adf77cb77ce169437c9d66c4029ad8ea5,base,edit,6,12,3740.5512,187.5,0.0008,113.494,422.147,768,outlier,tbtFlow,49b53e1559
66a4516adf77cb77ce169437c9d66c4029ad8ea5,base,edit,7,15,3783.1966,194,0.0008,118.64,81.963,767,ok,,49b53e1559
66a4516adf77cb77ce169437c9d66c4029ad8ea5,base,edit,8,16,3738.93,201.5,0.0008,111.046,380.672,750,outlier,tbtFlow,49b53e1559
66a4516adf77cb77ce169437c9d66c4029ad8ea5,base,edit,9,19,3352.7416,524.1566,0.0008,112.299,384.476,786,outlier,tbt;tbtFlow,49b53e1559
66a4516adf77cb77ce169437c9d66c4029ad8ea5,base,edit,10,20,3626.4018,146.3252,0.0008,116.133,48.872,769,ok,,49b53e1559
66a4516adf77cb77ce169437c9d66c4029ad8ea5,base,edit,11,23,3630.0058,480.0421,0.0008,111.944,373.784,796,outlier,tbt;tbtFlow,49b53e1559
66a4516adf77cb77ce169437c9d66c4029ad8ea5,base,edit,12,24,3663.339,147.4033,0.0008,121.508,117.66,804,ok,,49b53e1559
66a4516adf77cb77ce169437c9d66c4029ad8ea5,base,edit,13,27,3365.2432,515.5732,0.0008,123.013,55.836,769,outlier,tbt,49b53e1559
66a4516adf77cb77ce169437c9d66c4029ad8ea5,base,edit,14,28,3501.593,572.1836,0.0008,120.213,428.934,769,outlier,tbt;tbtFlow,49b53e1559
66a4516adf77cb77ce169437c9d66c4029ad8ea5,head,edit,0,1,3792.043,814,0.0008,154.48,757.836,786,outlier,inp,49b53e1559
66a4516adf77cb77ce169437c9d66c4029ad8ea5,head,edit,1,2,3955.432,436.5,0.0008,132.387,483.068,769,outlier,tbtFlow,49b53e1559
66a4516adf77cb77ce169437c9d66c4029ad8ea5,head,edit,2,5,3715.5287,727.6901,0.0008,167.152,760.327,750,outlier,inp,49b53e1559
66a4516adf77cb77ce169437c9d66c4029ad8ea5,head,edit,3,6,3779.959,907.157,0.0008,121.574,754.065,785,ok,,49b53e1559
66a4516adf77cb77ce169437c9d66c4029ad8ea5,head,edit,4,9,3415.6187,447.13,0.0008,126.432,470.353,751,outlier,tbtFlow,49b53e1559
66a4516adf77cb77ce169437c9d66c4029ad8ea5,head,edit,5,10,3189.8589,814.3185,0.0008,122.649,507.61,751,outlier,tbtFlow,49b53e1559
66a4516adf77cb77ce169437c9d66c4029ad8ea5,head,edit,6,13,4014.45,475.0,0.0008,142.291,769.316,767,ok,,49b53e1559
66a4516adf77cb77ce169437c9d66c4029ad8ea5,head,edit,7,14,3640.8174,660,0.0008,116.841,791.111,769,ok,,49b53e1559
66a4516adf77cb77ce169437c9d66c4029ad8ea5,head,edit,8,17,3905.0498,417.0,0.0008,125.33,774.423,769,ok,,49b53e1559
66a4516adf77cb77ce169437c9d66c4029ad8ea5,head,edit,9,18,3463.3812,429.5,0.0008,129.508,843.909,751,ok,,49b53e1559
66a4516adf77cb77ce169437c9d66c4029ad8ea5,head,edit,10,21,3630.3378,735.5,0.0008,123.464,504.91,751,outlier,tbtFlow,49b53e1559
66a4516adf77cb77ce169437c9d66c4029ad8ea5,head,edit,11,22,3740.2816,853.8185,0.0008,120.979,720.124,768,ok,,49b53e1559
66a4516adf77cb77ce169437c9d66c4029ad8ea5,head,edit,12,25,3649.2183,724.5,0.0008,122.277,742.901,769,ok,,49b53e1559
66a4516adf77cb77ce169437c9d66c4029ad8ea5,head,edit,13,26,4047.7071,567,0.0008,140.24,614.039,769,ok,,49b53e1559
66a4516adf77cb77ce169437c9d66c4029ad8ea5,head,edit,14,29,3347.6027,875.4921,0.0008,141.269,580.069,749,ok,,49b53e1559
8754416d847d2947c0492bc045cddbab717a51ea,base,edit,0,0,4086.2184,499,0.0008,131.543,760.931,802,ok,,49b53e1559
8754416d847d2947c0492bc045cddbab717a51ea,base,edit,1,3,3343.1917,966.1391,0.0008,134.06,807.451,768,ok,,49b53e1559
8754416d847d2947c0492bc045cddbab717a51ea,base,edit,2,4,4001.5544,523.5,0.0008,140.495,654.731,768,ok,,49b53e1559
8754416d847d2947c0492bc045cddbab717a51ea,base,edit,3,7,3627.5492,712.5,0.0008,153.71,799.404,768,ok,,49b53e1559
8754416d847d2947c0492bc045cddbab717a51ea,base,edit,4,8,3183.5694,902.4562,0.0008,169.321,1052.217,787,outlier,tbtFlow,49b53e1559
8754416d847d2947c0492bc045cddbab717a51ea,head,edit,0,1,3750.9665,817.5795,0.0008,149.706,1001.738,784,ok,,49b53e1559
8754416d847d2947c0492bc045cddbab717a51ea,head,edit,1,2,4062.523,513.5,0.0008,124.081,721.118,768,ok,,49b53e1559
8754416d847d2947c0492bc045cddbab717a51ea,head,edit,2,5,3650.9644,675.5,0.0008,130.923,494.018,769,outlier,tbtFlow,49b53e1559
8754416d847d2947c0492bc045cddbab717a51ea,head,edit,3,6,3162.5287,855.5362,0.0008,151.515,774.022,751,ok,,49b53e1559
8754416d847d2947c0492bc045cddbab717a51ea,head,edit,4,9,3899.8015,467.0,0.0008,122.056,782.588,786,ok,,49b53e1559
77f9a7c32d8716f034db4d45f9b06362a2cae15d,base,edit,0,0,3162.3675,897.0243,0.0008,122.522,574.259,768,ok,,49b53e1559
77f9a7c32d8716f034db4d45f9b06362a2cae15d,base,edit,1,3,3802.795,822.0,0.0008,137.329,592.078,768,ok,,49b53e1559
77f9a7c32d8716f034db4d45f9b06362a2cae15d,base,edit,2,4,4011.5869,504.5,0.0008,155.834,1030.699,768,ok,,49b53e1559
77f9a7c32d8716f034db4d45f9b06362a2cae15d,base,edit,3,7,3225.1781,854.7058,0.0008,132.857,826.239,805,ok,,49b53e1559
77f9a7c32d8716f034db4d45f9b06362a2cae15d,base,edit,4,8,3684.3913,701.5,0.0008,129.232,595.113,822,ok,,49b53e1559
77f9a7c32d8716f034db4d45f9b06362a2cae15d,base,edit,5,11,3186.7441,858.8301,0.0008,170.311,814.493,787,ok,,49b53e1559
77f9a7c32d8716f034db4d45f9b06362a2cae15d,base,edit,6,12,3433.4657,434.5,0.0008,131.975,472.795,768,ok,,49b53e1559
77f9a7c32d8716f034db4d45f9b06362a2cae15d,base,edit,7,15,3888.7341,1008.8282,0.0008,172.561,1258.431,858,outlier,inp;lcpObs,49b53e1559
77f9a7c32d8716f034db4d45f9b06362a2cae15d,base,edit,8,16,3893.285,458,0.0008,164.87,797.131,787,ok,,49b53e1559
77f9a7c32d8716f034db4d45f9b06362a2cae15d,base,edit,9,19,3780.3403,820.8969,0.0008,124.021,780.188,751,ok,,49b53e1559
77f9a7c32d8716f034db4d45f9b06362a2cae15d,base,edit,10,20,4044.1802,531.0,0.0008,124.039,779.965,750,ok,,49b53e1559
77f9a7c32d8716f034db4d45f9b06362a2cae15d,base,edit,11,23,4056.7251,566.5,0.0008,121.837,789.496,768,ok,,49b53e1559
77f9a7c32d8716f034db4d45f9b06362a2cae15d,base,edit,12,24,3762.3603,846.7554,0.0008,122.763,780.749,769,ok,,49b53e1559
77f9a7c32d8716f034db4d45f9b06362a2cae15d,base,edit,13,27,3776.533,793.6129,0.0008,135.115,482.197,785,ok,,49b53e1559
77f9a7c32d8716f034db4d45f9b06362a2cae15d,base,edit,14,28,4097.3589,598,0.0008,137.69,895.125,769,ok,,49b53e1559
77f9a7c32d8716f034db4d45f9b06362a2cae15d,head,edit,0,1,3422.7753,429.4019,0.0008,169.655,1046.557,767,ok,,49b53e1559
77f9a7c32d8716f034db4d45f9b06362a2cae15d,head,edit,1,2,3635.1917,680,0.0008,153.196,775.072,785,ok,,49b53e1559
77f9a7c32d8716f034db4d45f9b06362a2cae15d,head,edit,2,5,3766.644,880.7581,0.0008,140.149,483.011,787,ok,,49b53e1559
77f9a7c32d8716f034db4d45f9b06362a2cae15d,head,edit,3,6,3190.143,883.1429,0.0008,155.602,503.085,769,ok,,49b53e1559
77f9a7c32d8716f034db4d45f9b06362a2cae15d,head,edit,4,9,3790.8528,831.9344,0.0008,160.082,553.226,804,ok,,49b53e1559
77f9a7c32d8716f034db4d45f9b06362a2cae15d,head,edit,5,10,3495.7846,455.5,0.0008,137.39,969.422,787,ok,,49b53e1559
77f9a7c32d8716f034db4d45f9b06362a2cae15d,head,edit,6,13,4023.0347,546.4629,0.0008,171.499,1128.865,768,ok,,49b53e1559
77f9a7c32d8716f034db4d45f9b06362a2cae15d,head,edit,7,14,3756.4907,825.5,0.0008,131.439,747.491,768,ok,,49b53e1559
77f9a7c32d8716f034db4d45f9b06362a2cae15d,head,edit,8,17,4084.9414,512.5,0.0008,121.941,534.526,822,ok,,49b53e1559
77f9a7c32d8716f034db4d45f9b06362a2cae15d,head,edit,9,18,3799.6809,847.8707,0.0008,119.279,718.926,786,ok,,49b53e1559
77f9a7c32d8716f034db4d45f9b06362a2cae15d,head,edit,10,21,3483.858,463,0.0008,139.128,872.553,787,ok,,49b53e1559
77f9a7c32d8716f034db4d45f9b06362a2cae15d,head,edit,11,22,3204.8576,854.3187,0.0008,126.457,576.747,787,ok,,49b53e1559
77f9a7c32d8716f034db4d45f9b06362a2cae15d,head,edit,12,25,3704.5358,804.2514,0.0008,135.992,761.299,750,ok,,49b53e1559
77f9a7c32d8716f034db4d45f9b06362a2cae15d,head,edit,13,26,3463.8303,471.0,0.0008,169.475,1023.874,751,ok,,49b53e1559
77f9a7c32d8716f034db4d45f9b06362a2cae15d,head,edit,14,29,4098.0083,499.5,0.0008,134.013,781.9,787,ok,,49b53e1559
11141860ee0fe3d70bb29946f2f1ae5ce48d4220,base,edit,0,0,3675.9374,560.774,0.0008,123.718,713.843,785,ok,,49b53e1559
11141860ee0fe3d70bb29946f2f1ae5ce48d4220,base,edit,1,3,3622.0125,708.0,0.0008,129.664,818.506,751,ok,,49b53e1559
11141860ee0fe3d70bb29946f2f1ae5ce48d4220,base,edit,2,4,3313.8138,923.9687,0.0008,153.92,761.234,767,outlier,inp,49b53e1559
11141860ee0fe3d70bb29946f2f1ae5ce48d4220,base,edit,3,7,3503.1271,470.5,0.0008,126.098,836.401,751,ok,,49b53e1559
11141860ee0fe3d70bb29946f2f1ae5ce48d4220,base,edit,4,8,3606.8216,539.0,0.0008,122.915,738.754,767,ok,,49b53e1559
11141860ee0fe3d70bb29946f2f1ae5ce48d4220,base,edit,5,11,3431.8186,466,0.0008,133.777,841.615,769,ok,,49b53e1559
11141860ee0fe3d70bb29946f2f1ae5ce48d4220,base,edit,6,12,3607.6568,692,0.0008,170.442,765.389,769,outlier,inp,49b53e1559
11141860ee0fe3d70bb29946f2f1ae5ce48d4220,base,edit,7,15,3579.9099,705.5,0.0008,140.693,612.027,751,ok,,49b53e1559
11141860ee0fe3d70bb29946f2f1ae5ce48d4220,base,edit,8,16,3716.1117,891.7735,0.0008,122.599,792.601,751,ok,,49b53e1559
11141860ee0fe3d70bb29946f2f1ae5ce48d4220,base,edit,9,19,3898.5552,845.6242,0.0008,122.559,443.398,787,outlier,tbtFlow,49b53e1559
11141860ee0fe3d70bb29946f2f1ae5ce48d4220,base,edit,10,20,3437.858,486.0,0.0008,125.163,776.564,750,ok,,49b53e1559
11141860ee0fe3d70bb29946f2f1ae5ce48d4220,base,edit,11,23,3190.8498,831.5116,0.0008,125.807,774.49,751,ok,,49b53e1559
11141860ee0fe3d70bb29946f2f1ae5ce48d4220,base,edit,12,24,3428.7552,486.6248,0.0008,121.894,728.268,751,ok,,49b53e1559
11141860ee0fe3d70bb29946f2f1ae5ce48d4220,base,edit,13,27,3651.951,663.5366,0.0008,169.524,1170.109,751,outlier,inp;tbtFlow,49b53e1559
11141860ee0fe3d70bb29946f2f1ae5ce48d4220,base,edit,14,28,4093.1756,526.6606,0.0008,156.57,821.744,785,outlier,lcp;inp,49b53e1559
11141860ee0fe3d70bb29946f2f1ae5ce48d4220,head,edit,0,1,3770.1707,650.5,0.0008,139.274,665.282,786,ok,,49b53e1559
11141860ee0fe3d70bb29946f2f1ae5ce48d4220,head,edit,1,2,3712.1639,742,0.0008,122.555,798.243,804,ok,,49b53e1559
11141860ee0fe3d70bb29946f2f1ae5ce48d4220,head,edit,2,5,4038.0838,523.0,0.0008,131.462,773.121,769,ok,,49b53e1559
11141860ee0fe3d70bb29946f2f1ae5ce48d4220,head,edit,3,6,3981.1286,852.5,0.0008,123.732,752.546,749,ok,,49b53e1559
11141860ee0fe3d70bb29946f2f1ae5ce48d4220,head,edit,4,9,3717.7646,677.5,0.0008,121.001,807,804,ok,,49b53e1559
11141860ee0fe3d70bb29946f2f1ae5ce48d4220,head,edit,5,10,3737.8449,819.5889,0.0008,140.253,785.905,750,ok,,49b53e1559
11141860ee0fe3d70bb29946f2f1ae5ce48d4220,head,edit,6,13,4029.1982,530,0.0008,127.848,510.983,786,outlier,tbtFlow,49b53e1559
11141860ee0fe3d70bb29946f2f1ae5ce48d4220,head,edit,7,14,3249.6858,899.8967,0.0008,124.004,783.933,770,ok,,49b53e1559
11141860ee0fe3d70bb29946f2f1ae5ce48d4220,head,edit,8,17,3620.5244,754.5,0.0008,133.385,580.872,750,ok,,49b53e1559
11141860ee0fe3d70bb29946f2f1ae5ce48d4220,head,edit,9,18,3427.2132,480.5,0.0008,151.843,484.21,751,outlier,tbtFlow,49b53e1559
11141860ee0fe3d70bb29946f2f1ae5ce48d4220,head,edit,10,21,3901.0048,460.5,0.0008,132.221,797.599,786,ok,,49b53e1559
11141860ee0fe3d70bb29946f2f1ae5ce48d4220,head,edit,11,22,3840.738,421,0.0008,126.587,845.943,751,ok,,49b53e1559
11141860ee0fe3d70bb29946f2f1ae5ce48d4220,head,edit,12,25,3616.4745,689.5,0.0008,121.857,574.409,769,ok,,49b53e1559
11141860ee0fe3d70bb29946f2f1ae5ce48d4220,head,edit,13,26,3517.3195,428.5,0.0008,154.519,830.118,785,ok,,49b53e1559
11141860ee0fe3d70bb29946f2f1ae5ce48d4220,head,edit,14,29,3758.0093,821.5,0.0008,146.147,495.558,768,outlier,tbtFlow,49b53e1559
1ab7e2e0740a4380172df93bb707538521c14b15,base,edit,0,0,3797.5759,882.5,0.0008,138.108,726.768,804,ok,,49b53e1559
1ab7e2e0740a4380172df93bb707538521c14b15,base,edit,1,3,3202.4041,885.5843,0.0008,153.309,1039.754,768,outlier,tbtFlow,49b53e1559
1ab7e2e0740a4380172df93bb707538521c14b15,base,edit,2,4,3959.7041,439.0,0.0008,153.79,711.609,785,ok,,49b53e1559
1ab7e2e0740a4380172df93bb707538521c14b15,base,edit,3,7,3660.4779,718.5,0.0008,126.465,463.195,805,ok,,49b53e1559
1ab7e2e0740a4380172df93bb707538521c14b15,base,edit,4,8,4085.6958,561.5,0.0008,121.881,796.878,768,ok,,49b53e1559
1ab7e2e0740a4380172df93bb707538521c14b15,head,edit,0,1,4024.2521,513,0.0008,122.239,535.599,767,ok,,49b53e1559
1ab7e2e0740a4380172df93bb707538521c14b15,head,edit,1,2,3864.1348,426.0,0.0008,120.028,803.851,787,ok,,49b53e1559
1ab7e2e0740a4380172df93bb707538521c14b15,head,edit,2,5,3654.5449,679,0.0008,145.871,757.431,786,outlier,tbt,49b53e1559
1ab7e2e0740a4380172df93bb707538521c14b15,head,edit,3,6,3506.4835,476.2705,0.0008,138.776,823.414,786,ok,,49b53e1559
1ab7e2e0740a4380172df93bb707538521c14b15,head,edit,4,9,4068.3117,500,0.0008,170.227,638.239,768,ok,,49b53e1559
