sha,side,page,run,seq,lcp,tbt,cls,inp,tbtFlow,lcpObs,status,outlier_metrics,lcp_element_id
177eb590fd2006458d3fa10589b9db7dfcb7dabd,base,test,0,0,2120.7937,95.4199,0.0001,65.99,53.821,1518,outlier,lcp;tbt,7ba0c0c8eb
177eb590fd2006458d3fa10589b9db7dfcb7dabd,base,test,1,3,1965.353,197.3942,0.0001,65.842,54.114,1352,ok,,7ba0c0c8eb
177eb590fd2006458d3fa10589b9db7dfcb7dabd,base,test,2,4,1969.5293,295,0.0001,65.985,45.256,1384,outlier,tbt,7ba0c0c8eb
177eb590fd2006458d3fa10589b9db7dfcb7dabd,base,test,3,7,1943.4916,222.6584,0.0001,66.084,50.186,1214,ok,,7ba0c0c8eb
177eb590fd2006458d3fa10589b9db7dfcb7dabd,base,test,4,8,1973.4545,213.1127,0.0001,61.931,114.782,1273,outlier,tbtFlow,7ba0c0c8eb
177eb590fd2006458d3fa10589b9db7dfcb7dabd,head,test,0,1,1929.8203,220.9941,0.0001,65.823,68.388,1195,ok,,7ba0c0c8eb
177eb590fd2006458d3fa10589b9db7dfcb7dabd,head,test,1,2,1901.718,197.4778,0.0001,66.02,52.197,1213,ok,,7ba0c0c8eb
177eb590fd2006458d3fa10589b9db7dfcb7dabd,head,test,2,5,1985.986,234.1024,0.0001,64.593,55.751,1261,ok,,7ba0c0c8eb
177eb590fd2006458d3fa10589b9db7dfcb7dabd,head,test,3,6,1957.8533,223.6572,0.0001,64.847,73.579,1354,outlier,lcpObs,7ba0c0c8eb
177eb590fd2006458d3fa10589b9db7dfcb7dabd,head,test,4,9,1928.1039,220.2895,0.0001,65.949,53.998,1196,ok,,7ba0c0c8eb
4d46c62982559853823907c1a4bae26ed8947bd5,base,test,0,0,1934.6794,218.5086,0.0001,65.97,60.243,1216,ok,,7ba0c0c8eb
4d46c62982559853823907c1a4bae26ed8947bd5,base,test,1,3,1982.2542,221.7698,0.0001,65.983,51.419,1338,ok,,7ba0c0c8eb
4d46c62982559853823907c1a4bae26ed8947bd5,base,test,2,4,2004.6828,325.5,0.0001,66.18,42.629,1269,outlier,tbt,7ba0c0c8eb
4d46c62982559853823907c1a4bae26ed8947bd5,base,test,3,7,1926.3936,226.7318,0.0001,66.032,38.115,1193,ok,,7ba0c0c8eb
4d46c62982559853823907c1a4bae26ed8947bd5,base,test,4,8,1890.106,200.136,0.0001,66.087,66.963,1225,ok,,7ba0c0c8eb
4d46c62982559853823907c1a4bae26ed8947bd5,head,test,0,1,1926.0368,220.7562,0.0001,64.873,59.867,1316,ok,,7ba0c0c8eb
4d46c62982559853823907c1a4bae26ed8947bd5,head,test,1,2,1924.0757,260,0.0001,65.829,37.636,1234,ok,,7ba0c0c8eb
4d46c62982559853823907c1a4bae26ed8947bd5,head,test,2,5,2002.6325,335,0.0001,65.762,38.343,1264,ok,,7ba0c0c8eb
4d46c62982559853823907c1a4bae26ed8947bd5,head,test,3,6,1929.0978,254,0.0001,66.043,59.341,1321,ok,,7ba0c0c8eb
4d46c62982559853823907c1a4bae26ed8947bd5,head,test,4,9,1932.3581,232.1083,0.0001,65.036,50.429,1210,ok,,7ba0c0c8eb
8a3fa873886ef9bcebf1f3fef93b405794fd4f84,base,test,0,0,1967.3962,225.5493,0.0001,66.177,40.516,1280,ok,,7ba0c0c8eb
8a3fa873886ef9bcebf1f3fef93b405794fd4f84,base,test,1,3,1961.7023,291,0.0001,66.172,62.129,1266,outlier,tbt,7ba0c0c8eb
8a3fa873886ef9bcebf1f3fef93b405794fd4f84,base,test,2,4,1970.3672,220.8268,0.0001,65.822,40.478,1223,ok,,7ba0c0c8eb
8a3fa873886ef9bcebf1f3fef93b405794fd4f84,base,test,3,7,1944.1525,223.6941,0.0001,64.996,37.539,1228,ok,,7ba0c0c8eb
8a3fa873886ef9bcebf1f3fef93b405794fd4f84,base,test,4,8,1915.1472,229.6573,0.0001,66.028,36.505,1174,ok,,7ba0c0c8eb
8a3fa873886ef9bcebf1f3fef93b405794fd4f84,head,test,0,1,1961.261,232.1314,0.0001,65.23,39.675,1399,outlier,lcpObs,7ba0c0c8eb
8a3fa873886ef9bcebf1f3fef93b405794fd4f84,head,test,1,2,1935.9412,224.8112,0.0001,67.434,45.91,1228,ok,,7ba0c0c8eb
8a3fa873886ef9bcebf1f3fef93b405794fd4f84,head,test,2,5,1980.6561,230.6095,0.0001,66.105,98.554,1417,outlier,tbtFlow;lcpObs,7ba0c0c8eb
8a3fa873886ef9bcebf1f3fef93b405794fd4f84,head,test,3,6,1973.2928,224.8662,0.0001,66.071,35.961,1257,ok,,7ba0c0c8eb
8a3fa873886ef9bcebf1f3fef93b405794fd4f84,head,test,4,9,1900.3008,221.8528,0.0001,66.166,33.781,1236,ok,,7ba0c0c8eb
ed9aa8769a578f8bf39f18cc2911be5b553e1d4d,base,test,0,0,1889.0544,225.3586,0.0001,65.858,66.0,1217,ok,,7ba0c0c8eb
ed9aa8769a578f8bf39f18cc2911be5b553e1d4d,base,test,1,3,1933.5412,225.8978,0.0001,64.851,49.237,1325,ok,,7ba0c0c8eb
ed9aa8769a578f8bf39f18cc2911be5b553e1d4d,base,test,2,4,1914.8012,223.9964,0.0001,66.147,52.523,1199,ok,,7ba0c0c8eb
ed9aa8769a578f8bf39f18cc2911be5b553e1d4d,base,test,3,7,1989.0952,233.8078,0.0001,65.984,71.815,1306,ok,,7ba0c0c8eb
ed9aa8769a578f8bf39f18cc2911be5b553e1d4d,base,test,4,8,1956.0021,229.3209,0.0001,66.386,52.154,1280,ok,,7ba0c0c8eb
ed9aa8769a578f8bf39f18cc2911be5b553e1d4d,head,test,0,1,1939.2586,248.5568,0.0001,66.141,58.703,1215,ok,,7ba0c0c8eb
ed9aa8769a578f8bf39f18cc2911be5b553e1d4d,head,test,1,2,1920.4309,229.4615,0.0001,65.998,74.073,1217,ok,,7ba0c0c8eb
ed9aa8769a578f8bf39f18cc2911be5b553e1d4d,head,test,2,5,1990.194,221.7604,0.0001,66.037,49.646,1284,ok,,7ba0c0c8eb
ed9aa8769a578f8bf39f18cc2911be5b553e1d4d,head,test,3,6,1963.2769,226.9887,0.0001,64.994,49.686,1251,ok,,7ba0c0c8eb
ed9aa8769a578f8bf39f18cc2911be5b553e1d4d,head,test,4,9,1932.2486,238.4198,0.0001,64.851,55.888,1231,ok,,7ba0c0c8eb
29e77003905bb29e1aa9caf83364b952381ae66f,base,test,0,0,2018.5825,226.5745,0.0001,68.272,44.295,1705,outlier,lcpObs,7ba0c0c8eb
29e77003905bb29e1aa9caf83364b952381ae66f,base,test,1,3,1984.0592,212.1376,0.0001,67.2,49.228,1316,ok,,7ba0c0c8eb
29e77003905bb29e1aa9caf83364b952381ae66f,base,test,2,4,1944.87,209.0482,0.0001,67.334,25.139,1311,ok,,7ba0c0c8eb
29e77003905bb29e1aa9caf83364b952381ae66f,base,test,3,7,1913.472,200.9504,0.0001,70.928,48.837,1244,ok,,7ba0c0c8eb
29e77003905bb29e1aa9caf83364b952381ae66f,base,test,4,8,1916.076,198.2844,0.0001,81.057,77.064,1260,ok,,7ba0c0c8eb
29e77003905bb29e1aa9caf83364b952381ae66f,head,test,0,1,1935.758,201.6778,0.0001,78.134,36.463,1265,ok,,7ba0c0c8eb
29e77003905bb29e1aa9caf83364b952381ae66f,head,test,1,2,1916.6195,219.1323,0.0001,66.054,16.366,1385,outlier,lcpObs,7ba0c0c8eb
29e77003905bb29e1aa9caf83364b952381ae66f,head,test,2,5,1927.8245,197.7904,0.0001,65.947,15.983,1322,ok,,7ba0c0c8eb
29e77003905bb29e1aa9caf83364b952381ae66f,head,test,3,6,1928.8485,215.1427,0.0001,64.811,35.444,1249,ok,,7ba0c0c8eb
29e77003905bb29e1aa9caf83364b952381ae66f,head,test,4,9,1965.667,214.2534,0.0001,79.515,54.706,1269,ok,,7ba0c0c8eb
1512e46dfcaf0693778a41430b9f3a6250ab7228,base,test,0,0,1931.5815,213.3027,0.0001,74.849,52.5,1535,outlier,lcpObs,7ba0c0c8eb
1512e46dfcaf0693778a41430b9f3a6250ab7228,base,test,1,3,1999.5896,234.1462,0.0001,65.031,19.539,1306,ok,,7ba0c0c8eb
1512e46dfcaf0693778a41430b9f3a6250ab7228,base,test,2,4,2037.297,243.7348,0.0001,94.95,68.64,1336,outlier,lcp;inp,7ba0c0c8eb
1512e46dfcaf0693778a41430b9f3a6250ab7228,base,test,3,7,1929.9655,208.2043,0.0001,66.029,28.02,1249,ok,,7ba0c0c8eb
1512e46dfcaf0693778a41430b9f3a6250ab7228,base,test,4,8,1976.7591,252.1329,0.0001,86.719,45.941,1348,outlier,inp,7ba0c0c8eb
1512e46dfcaf0693778a41430b9f3a6250ab7228,base,test,5,11,1906.554,234.5322,0.0001,65.971,38.097,1543,outlier,lcpObs,7ba0c0c8eb
1512e46dfcaf0693778a41430b9f3a6250ab7228,base,test,6,12,1914.819,210.6604,0.0001,66.015,15.075,1239,ok,,7ba0c0c8eb
1512e46dfcaf0693778a41430b9f3a6250ab7228,base,test,7,15,1916.147,207.745,0.0001,65.948,16.094,1213,ok,,7ba0c0c8eb
1512e46dfcaf0693778a41430b9f3a6250ab7228,base,test,8,16,1909.8735,196.3497,0.0001,65.949,18.031,1228,ok,,7ba0c0c8eb
1512e46dfcaf0693778a41430b9f3a6250ab7228,base,test,9,19,1972.366,204.6014,0.0001,66.081,21.464,1341,ok,,7ba0c0c8eb
1512e46dfcaf0693778a41430b9f3a6250ab7228,base,test,10,20,1947.843,197.0226,0.0001,65.873,38.788,1316,ok,,7ba0c0c8eb
1512e46dfcaf0693778a41430b9f3a6250ab7228,base,test,11,23,1892.509,197.717,0.0001,66.019,37.82,1207,ok,,7ba0c0c8eb
1512e46dfcaf0693778a41430b9f3a6250ab7228,base,test,12,24,1898.645,195.2896,0.0001,65.971,38.225,1209,ok,,7ba0c0c8eb
1512e46dfcaf0693778a41430b9f3a6250ab7228,base,test,13,27,1908.439,201.385,0.0001,66.003,16.164,1249,ok,,7ba0c0c8eb
1512e46dfcaf0693778a41430b9f3a6250ab7228,base,test,14,28,1908.3845,199.5309,0.0001,66.071,17.562,1245,ok,,7ba0c0c8eb
1512e46dfcaf0693778a41430b9f3a6250ab7228,head,test,0,1,1958.4885,214.6257,0.0001,66.007,11.079,1271,ok,,7ba0c0c8eb
1512e46dfcaf0693778a41430b9f3a6250ab7228,head,test,1,2,1884.2156,200.4848,0.0001,65.996,45.086,1284,ok,,7ba0c0c8eb
1512e46dfcaf0693778a41430b9f3a6250ab7228,head,test,2,5,1951.553,208.0378,0.0001,66.026,37.347,20037,outlier,lcpObs,7ba0c0c8eb
1512e46dfcaf0693778a41430b9f3a6250ab7228,head,test,3,6,1989.615,222.6469,0.0001,66.159,23.283,1359,ok,,7ba0c0c8eb
1512e46dfcaf0693778a41430b9f3a6250ab7228,head,test,4,9,1921.873,200.6362,0.0001,76.79,36.667,1261,ok,,7ba0c0c8eb
1512e46dfcaf0693778a41430b9f3a6250ab7228,head,test,5,10,1958.473,207.08,0.0001,66.138,44.201,1354,ok,,7ba0c0c8eb
1512e46dfcaf0693778a41430b9f3a6250ab7228,head,test,6,13,1901.874,202.4672,0.0001,66.087,15.879,1217,ok,,7ba0c0c8eb
1512e46dfcaf0693778a41430b9f3a6250ab7228,head,test,7,14,1907.1795,202.7149,0.0001,66.025,15.875,1225,ok,,7ba0c0c8eb
1512e46dfcaf0693778a41430b9f3a6250ab7228,head,test,8,17,1937.0095,199.6253,0.0001,66.03,48.711,1228,ok,,7ba0c0c8eb
1512e46dfcaf0693778a41430b9f3a6250ab7228,head,test,9,18,1901.6225,200.5701,0.0001,65.998,31.798,1233,ok,,7ba0c0c8eb
1512e46dfcaf0693778a41430b9f3a6250ab7228,head,test,10,21,1895.074,203.1062,0.0001,65.995,17.335,1211,ok,,7ba0c0c8eb
1512e46dfcaf0693778a41430b9f3a6250ab7228,head,test,11,22,1900.753,202.2596,0.0001,67.176,14.105,1237,ok,,7ba0c0c8eb
1512e46dfcaf0693778a41430b9f3a6250ab7228,head,test,12,25,1934.525,195.5146,0.0001,66.052,34.203,1566,outlier,lcpObs,7ba0c0c8eb
1512e46dfcaf0693778a41430b9f3a6250ab7228,head,test,13,26,1901.11,197.2096,0.0001,64.822,32.189,1542,outlier,lcpObs,7ba0c0c8eb
1512e46dfcaf0693778a41430b9f3a6250ab7228,head,test,14,29,1906.8975,198.7705,0.0001,66.54,15.102,1257,ok,,7ba0c0c8eb
10130d73481ce1277a13845c0b1810aa77d47c11,base,test,0,0,1881.5315,197.1445,0.0001,66.009,34.962,1209,ok,,7ba0c0c8eb
10130d73481ce1277a13845c0b1810aa77d47c11,base,test,1,3,1961.5375,206.0461,0.0001,66.094,28.489,1360,outlier,lcpObs,7ba0c0c8eb
10130d73481ce1277a13845c0b1810aa77d47c11,base,test,2,4,1906.855,196.629,0.0001,64.632,19.137,1227,ok,,7ba0c0c8eb
10130d73481ce1277a13845c0b1810aa77d47c11,base,test,3,7,1960.886,196.9998,0.0001,65.957,15.276,1326,outlier,lcpObs,7ba0c0c8eb
10130d73481ce1277a13845c0b1810aa77d47c11,base,test,4,8,1911.667,207.0768,0.0001,65.107,12.482,1213,ok,,7ba0c0c8eb
10130d73481ce1277a13845c0b1810aa77d47c11,head,test,0,1,1904.907,197.3924,0.0001,66.427,39.38,1240,ok,,7ba0c0c8eb
10130d73481ce1277a13845c0b1810aa77d47c11,head,test,1,2,1893.5505,206.6885,0.0001,64.979,14.723,1229,ok,,7ba0c0c8eb
10130d73481ce1277a13845c0b1810aa77d47c11,head,test,2,5,1888.819,199.777,0.0001,65.835,13.967,1197,ok,,7ba0c0c8eb
10130d73481ce1277a13845c0b1810aa77d47c11,head,test,3,6,1900.3675,204.9015,0.0001,66.358,130.214,1510,outlier,lcpObs,7ba0c0c8eb
10130d73481ce1277a13845c0b1810aa77d47c11,head,test,4,9,1940.568,209.0504,0.0001,66.15,38.83,1316,ok,,7ba0c0c8eb
344e467f877c5e4b57a4a55d3c503a51140188a5,base,test,0,0,1885.128,198.7838,0.0001,66.038,37.546,1483,outlier,lcpObs,7ba0c0c8eb
344e467f877c5e4b57a4a55d3c503a51140188a5,base,test,1,3,1893.44,252,0.0001,65.905,11.275,1296,outlier,tbt,7ba0c0c8eb
344e467f877c5e4b57a4a55d3c503a51140188a5,base,test,2,4,1896.266,205.6924,0.0001,66.244,17.332,1224,ok,,7ba0c0c8eb
344e467f877c5e4b57a4a55d3c503a51140188a5,base,test,3,7,1926.5245,199.3863,0.0001,66.01,13.631,1211,ok,,7ba0c0c8eb
344e467f877c5e4b57a4a55d3c503a51140188a5,base,test,4,8,1919.599,204.2354,0.0001,66.148,13.738,1269,ok,,7ba0c0c8eb
344e467f877c5e4b57a4a55d3c503a51140188a5,head,test,0,1,1983.996,205.9302,0.0001,66.013,17.456,5333,outlier,lcpObs,7ba0c0c8eb
344e467f877c5e4b57a4a55d3c503a51140188a5,head,test,1,2,1888.697,198.914,0.0001,65.965,25.558,1234,ok,,7ba0c0c8eb
344e467f877c5e4b57a4a55d3c503a51140188a5,head,test,2,5,1900.115,205.1994,0.0001,65.931,21.232,1208,ok,,7ba0c0c8eb
344e467f877c5e4b57a4a55d3c503a51140188a5,head,test,3,6,1905.453,199.0512,0.0001,66.12,41.252,1235,ok,,7ba0c0c8eb
344e467f877c5e4b57a4a55d3c503a51140188a5,head,test,4,9,1897.964,203.4048,0.0001,65.891,37.118,1472,outlier,lcpObs,7ba0c0c8eb
8629779a7bc9483647b4a16329a0be71593ca207,base,test,0,0,1900.469,197.3366,0.0001,65.701,36.252,1251,ok,,7ba0c0c8eb
8629779a7bc9483647b4a16329a0be71593ca207,base,test,1,3,1898.715,197.6838,0.0001,64.88,11.543,1194,ok,,7ba0c0c8eb
8629779a7bc9483647b4a16329a0be71593ca207,base,test,2,4,1906.77,204.0512,0.0001,66.107,12.576,1232,ok,,7ba0c0c8eb
8629779a7bc9483647b4a16329a0be71593ca207,base,test,3,7,1977.0745,200.0543,0.0001,66.147,14.717,1361,outlier,lcpObs,7ba0c0c8eb
8629779a7bc9483647b4a16329a0be71593ca207,base,test,4,8,1908.1965,208.5779,0.0001,65.924,13.689,1247,ok,,7ba0c0c8eb
8629779a7bc9483647b4a16329a0be71593ca207,head,test,0,1,1919.8035,212.4487,0.0001,68.956,31.208,1256,ok,,7ba0c0c8eb
8629779a7bc9483647b4a16329a0be71593ca207,head,test,1,2,1911.7195,199.9851,0.0001,65.892,14.964,1232,ok,,7ba0c0c8eb
8629779a7bc9483647b4a16329a0be71593ca207,head,test,2,5,1904.713,204.5548,0.0001,66.094,20.188,1225,ok,,7ba0c0c8eb
8629779a7bc9483647b4a16329a0be71593ca207,head,test,3,6,1897.7305,196.2131,0.0001,65.96,31.567,1281,ok,,7ba0c0c8eb
8629779a7bc9483647b4a16329a0be71593ca207,head,test,4,9,1974.349,202.877,0.0001,66.059,22.833,1334,ok,,7ba0c0c8eb
1bf03e8dc26b0742a59032b1bd9b9ce28dccb019,base,test,0,0,1932.511,202.6254,0.0001,65.974,40.05,1248,ok,,7ba0c0c8eb
1bf03e8dc26b0742a59032b1bd9b9ce28dccb019,base,test,1,3,1918.245,201.6206,0.0001,65.145,19.605,1246,ok,,7ba0c0c8eb
1bf03e8dc26b0742a59032b1bd9b9ce28dccb019,base,test,2,4,1928.269,210.0442,0.0001,64.968,26.968,1338,outlier,lcpObs,7ba0c0c8eb
1bf03e8dc26b0742a59032b1bd9b9ce28dccb019,base,test,3,7,1907.9345,202.8081,0.0001,66.007,12.701,1243,ok,,7ba0c0c8eb
1bf03e8dc26b0742a59032b1bd9b9ce28dccb019,base,test,4,8,1905.6495,198.9161,0.0001,64.994,11.678,1222,ok,,7ba0c0c8eb
1bf03e8dc26b0742a59032b1bd9b9ce28dccb019,head,test,0,1,1912.191,207.7206,0.0001,65.982,23.685,1224,ok,,7ba0c0c8eb
1bf03e8dc26b0742a59032b1bd9b9ce28dccb019,head,test,1,2,1965.9455,207.1065,0.0001,66.07,10.559,1334,ok,,7ba0c0c8eb
1bf03e8dc26b0742a59032b1bd9b9ce28dccb019,head,test,2,5,1969.6855,207.3303,0.0001,65.799,18.631,1348,ok,,7ba0c0c8eb
1bf03e8dc26b0742a59032b1bd9b9ce28dccb019,head,test,3,6,1920.789,210.8176,0.0001,66.154,19.434,1231,ok,,7ba0c0c8eb
1bf03e8dc26b0742a59032b1bd9b9ce28dccb019,head,test,4,9,1917.4025,198.5235,0.0001,66.163,12.747,1257,ok,,7ba0c0c8eb
3d819115eb1399bb5ba36357f7be648eff6642cd,base,test,0,0,1909.958,227.6684,0.0001,66.201,34.495,1314,ok,,7ba0c0c8eb
3d819115eb1399bb5ba36357f7be648eff6642cd,base,test,1,3,1930.825,196.1474,0.0001,66.107,17.871,1284,ok,,7ba0c0c8eb
3d819115eb1399bb5ba36357f7be648eff6642cd,base,test,2,4,1897.0035,200.4111,0.0001,65.94,15.366,1209,ok,,7ba0c0c8eb
3d819115eb1399bb5ba36357f7be648eff6642cd,base,test,3,7,1964.466,203.9142,0.0001,65.116,38.776,1373,ok,,7ba0c0c8eb
3d819115eb1399bb5ba36357f7be648eff6642cd,base,test,4,8,1912.7315,200.8831,0.0001,66.5,10.065,1231,ok,,7ba0c0c8eb
3d819115eb1399bb5ba36357f7be648eff6642cd,head,test,0,1,1950.712,201.5906,0.0001,68.169,25.937,1348,ok,,7ba0c0c8eb
3d819115eb1399bb5ba36357f7be648eff6642cd,head,test,1,2,2007.378,199.1976,0.0001,66.151,20.448,1345,ok,,7ba0c0c8eb
3d819115eb1399bb5ba36357f7be648eff6642cd,head,test,2,5,1962.6345,201.2269,0.0001,66.058,15.989,1426,ok,,7ba0c0c8eb
3d819115eb1399bb5ba36357f7be648eff6642cd,head,test,3,6,1970.3495,204.2853,0.0001,71.575,16.535,1261,ok,,7ba0c0c8eb
3d819115eb1399bb5ba36357f7be648eff6642cd,head,test,4,9,1897.0135,233.049,0.0001,66.284,12.707,1252,outlier,tbt,7ba0c0c8eb
9e5e4831a845a6f2c626a402226a60652520245e,base,test,0,0,1915.0135,201.6837,0.0001,65.064,34.383,1294,ok,,7ba0c0c8eb
9e5e4831a845a6f2c626a402226a60652520245e,base,test,1,3,1988.995,210.4084,0.0001,65.993,14.043,1326,ok,,7ba0c0c8eb
9e5e4831a845a6f2c626a402226a60652520245e,base,test,2,4,1996.9795,201.0581,0.0001,65.941,14.154,1382,ok,,7ba0c0c8eb
9e5e4831a845a6f2c626a402226a60652520245e,base,test,3,7,1914.754,203.309,0.0001,66.067,40.027,1207,ok,,7ba0c0c8eb
9e5e4831a845a6f2c626a402226a60652520245e,base,test,4,8,1943.581,201.6964,0.0001,64.969,16.123,1321,ok,,7ba0c0c8eb
9e5e4831a845a6f2c626a402226a60652520245e,head,test,0,1,1920.279,199.2378,0.0001,66.157,16.911,1264,ok,,7ba0c0c8eb
9e5e4831a845a6f2c626a402226a60652520245e,head,test,1,2,1921.42,199.6946,0.0001,66.206,37.644,1351,ok,,7ba0c0c8eb
9e5e4831a845a6f2c626a402226a60652520245e,head,test,2,5,1925.828,197.6036,0.0001,66.043,12.193,1237,ok,,7ba0c0c8eb
9e5e4831a845a6f2c626a402226a60652520245e,head,test,3,6,1911.1285,209.9345,0.0001,66.004,17.976,1321,ok,,7ba0c0c8eb
9e5e4831a845a6f2c626a402226a60652520245e,head,test,4,9,1961.3295,198.6501,0.0001,66.062,18.047,1352,ok,,7ba0c0c8eb
8699351be98897073bea5d38cd8cffcef244bf69,base,test,0,0,1892.217,200.2396,0.0001,65.959,37.583,1324,outlier,lcpObs,7ba0c0c8eb
8699351be98897073bea5d38cd8cffcef244bf69,base,test,1,3,1921.5645,199.0819,0.0001,64.841,13.263,1216,ok,,7ba0c0c8eb
8699351be98897073bea5d38cd8cffcef244bf69,base,test,2,4,1920.6795,200.9333,0.0001,66.156,19.326,1226,ok,,7ba0c0c8eb
8699351be98897073bea5d38cd8cffcef244bf69,base,test,3,7,1965.072,208.9938,0.0001,66.116,21.326,1358,outlier,lcpObs,7ba0c0c8eb
8699351be98897073bea5d38cd8cffcef244bf69,base,test,4,8,1931.182,202.4882,0.0001,83.429,17.113,1230,ok,,7ba0c0c8eb
8699351be98897073bea5d38cd8cffcef244bf69,head,test,0,1,1921.233,210.437,0.0001,66.031,25.781,1287,ok,,7ba0c0c8eb
8699351be98897073bea5d38cd8cffcef244bf69,head,test,1,2,1903.5085,203.6673,0.0001,66.357,13.721,1260,ok,,7ba0c0c8eb
8699351be98897073bea5d38cd8cffcef244bf69,head,test,2,5,1928.1,203.2182,0.0001,65.982,13.541,1263,ok,,7ba0c0c8eb
8699351be98897073bea5d38cd8cffcef244bf69,head,test,3,6,1901.5545,203.9313,0.0001,65.055,11.573,1303,ok,,7ba0c0c8eb
8699351be98897073bea5d38cd8cffcef244bf69,head,test,4,9,1981.125,200.0174,0.0001,66.056,19.025,1410,outlier,lcpObs,7ba0c0c8eb
79f557f5d6f02b84556df7c57b11a32af26941fa,base,test,0,0,1969.513,197.3972,0.0001,66.093,35.309,1445,ok,,7ba0c0c8eb
79f557f5d6f02b84556df7c57b11a32af26941fa,base,test,1,3,1985.9005,207.1715,0.0001,68.215,13.733,1369,ok,,7ba0c0c8eb
79f557f5d6f02b84556df7c57b11a32af26941fa,base,test,2,4,1894.197,198.0564,0.0001,89.234,31.851,1223,outlier,inp,7ba0c0c8eb
79f557f5d6f02b84556df7c57b11a32af26941fa,base,test,3,7,1879.1043,204.1494,0.0001,64.905,14.044,1228,ok,,7ba0c0c8eb
79f557f5d6f02b84556df7c57b11a32af26941fa,base,test,4,8,1947.5815,201.4737,0.0001,66.17,16.359,1344,ok,,7ba0c0c8eb
79f557f5d6f02b84556df7c57b11a32af26941fa,head,test,0,1,2005.6885,201.1581,0.0001,65.793,35.681,1353,ok,,7ba0c0c8eb
79f557f5d6f02b84556df7c57b11a32af26941fa,head,test,1,2,1896.5685,193.3831,0.0001,66.119,33.66,1203,ok,,7ba0c0c8eb
79f557f5d6f02b84556df7c57b11a32af26941fa,head,test,2,5,1938.5455,206.8663,0.0001,65.059,13.105,1263,ok,,7ba0c0c8eb
79f557f5d6f02b84556df7c57b11a32af26941fa,head,test,3,6,1929.8975,199.4159,0.0001,66.096,15.727,1286,ok,,7ba0c0c8eb
79f557f5d6f02b84556df7c57b11a32af26941fa,head,test,4,9,1966.944,199.1074,0.0001,66.125,10.303,1323,ok,,7ba0c0c8eb
0311da26db4cdff94abd1f86be3f10c9c487cd35,base,test,0,0,1906.0985,200.9241,0.0001,87.865,138.239,1343,outlier,inp;tbtFlow,7ba0c0c8eb
0311da26db4cdff94abd1f86be3f10c9c487cd35,base,test,1,3,1892.7245,201.5895,0.0001,65.995,18.793,1207,ok,,7ba0c0c8eb
0311da26db4cdff94abd1f86be3f10c9c487cd35,base,test,2,4,1963.537,207.3292,0.0001,81.301,26.211,1381,ok,,7ba0c0c8eb
0311da26db4cdff94abd1f86be3f10c9c487cd35,base,test,3,7,1981.317,199.2448,0.0001,66.089,16.536,1376,ok,,7ba0c0c8eb
0311da26db4cdff94abd1f86be3f10c9c487cd35,base,test,4,8,1887.0116,200.7828,0.0001,65.944,16.18,1268,ok,,7ba0c0c8eb
0311da26db4cdff94abd1f86be3f10c9c487cd35,head,test,0,1,1948.925,198.93,0.0001,69.881,14.99,1262,ok,,7ba0c0c8eb
0311da26db4cdff94abd1f86be3f10c9c487cd35,head,test,1,2,1893.881,197.4268,0.0001,65.932,12.014,1247,ok,,7ba0c0c8eb
0311da26db4cdff94abd1f86be3f10c9c487cd35,head,test,2,5,1932.136,199.6594,0.0001,65.986,17.122,1257,ok,,7ba0c0c8eb
0311da26db4cdff94abd1f86be3f10c9c487cd35,head,test,3,6,1928.2525,201.4787,0.0001,66.009,19.564,1241,ok,,7ba0c0c8eb
0311da26db4cdff94abd1f86be3f10c9c487cd35,head,test,4,9,1952.7945,204.0415,0.0001,65.97,12.724,1271,ok,,7ba0c0c8eb
be106b8f1c7f72781a36b2d191cfc749abb0060f,base,test,0,0,1917.4395,201.1121,0.0001,66.484,40.236,1224,ok,,7ba0c0c8eb
be106b8f1c7f72781a36b2d191cfc749abb0060f,base,test,1,3,1951.8845,198.3493,0.0001,66.287,15.721,1243,ok,,7ba0c0c8eb
be106b8f1c7f72781a36b2d191cfc749abb0060f,base,test,2,4,1916.2315,203.7329,0.0001,65.938,14.293,1315,ok,,7ba0c0c8eb
be106b8f1c7f72781a36b2d191cfc749abb0060f,base,test,3,7,1899.8185,203.6075,0.0001,66.038,19.224,1220,ok,,7ba0c0c8eb
be106b8f1c7f72781a36b2d191cfc749abb0060f,base,test,4,8,1932.4605,223.2141,0.0001,66.007,16.364,1270,ok,,7ba0c0c8eb
be106b8f1c7f72781a36b2d191cfc749abb0060f,head,test,0,1,2068.6425,204.8063,0.0001,65.092,38.964,1574,outlier,lcp;lcpObs,7ba0c0c8eb
be106b8f1c7f72781a36b2d191cfc749abb0060f,head,test,1,2,1889.872,199.2168,0.0001,65.906,14.616,1210,ok,,7ba0c0c8eb
be106b8f1c7f72781a36b2d191cfc749abb0060f,head,test,2,5,1919.2105,198.2403,0.0001,65.864,36.751,1265,ok,,7ba0c0c8eb
be106b8f1c7f72781a36b2d191cfc749abb0060f,head,test,3,6,1901.9795,200.0301,0.0001,65.895,13.949,1224,ok,,7ba0c0c8eb
be106b8f1c7f72781a36b2d191cfc749abb0060f,head,test,4,9,1932.3805,196.6673,0.0001,66.189,13.572,1260,ok,,7ba0c0c8eb
c42217c37b6609645d5d0ceacc5db73773baadc0,base,test,0,0,1882.2625,199.7251,0.0001,68.174,30.762,1216,ok,,7ba0c0c8eb
c42217c37b6609645d5d0ceacc5db73773baadc0,base,test,1,3,1927.279,198.7754,0.0001,66.043,17.399,1351,ok,,7ba0c0c8eb
c42217c37b6609645d5d0ceacc5db73773baadc0,base,test,2,4,1888.4691,209.3349,0.0001,66.184,13.126,1275,ok,,7ba0c0c8eb
c42217c37b6609645d5d0ceacc5db73773baadc0,base,test,3,7,1918.9415,200.2553,0.0001,66.14,33.486,1215,ok,,7ba0c0c8eb
c42217c37b6609645d5d0ceacc5db73773baadc0,base,test,4,8,1911.3185,218.3133,0.0001,66,11.959,1352,ok,,7ba0c0c8eb
c42217c37b6609645d5d0ceacc5db73773baadc0,head,test,0,1,1935.646,200.9408,0.0001,66.21,14.507,1298,ok,,7ba0c0c8eb
c42217c37b6609645d5d0ceacc5db73773baadc0,head,test,1,2,1912.129,201.0918,0.0001,69.159,12.121,1268,ok,,7ba0c0c8eb
c42217c37b6609645d5d0ceacc5db73773baadc0,head,test,2,5,1922.462,205.1358,0.0001,66.056,14.673,1230,ok,,7ba0c0c8eb
c42217c37b6609645d5d0ceacc5db73773baadc0,head,test,3,6,1921.9565,193.3327,0.0001,71.028,12.839,1270,ok,,7ba0c0c8eb
c42217c37b6609645d5d0ceacc5db73773baadc0,head,test,4,9,1997.4275,199.6693,0.0001,65.117,10.901,1349,ok,,7ba0c0c8eb
4268572be48cb874e2b1507b544dfb199d4734cf,base,test,0,0,1902.844,204.01,0.0001,77.807,39.235,1540,ok,,7ba0c0c8eb
4268572be48cb874e2b1507b544dfb199d4734cf,base,test,1,3,1914.9255,207.8043,0.0001,66.578,50.074,1244,ok,,7ba0c0c8eb
4268572be48cb874e2b1507b544dfb199d4734cf,base,test,2,4,1949.1795,195.6173,0.0001,65.957,16.314,1319,ok,,7ba0c0c8eb
4268572be48cb874e2b1507b544dfb199d4734cf,base,test,3,7,1915.3245,196.7287,0.0001,64.906,39.578,1242,ok,,7ba0c0c8eb
4268572be48cb874e2b1507b544dfb199d4734cf,base,test,4,8,1970.6265,199.2907,0.0001,65.891,16.718,1336,ok,,7ba0c0c8eb
4268572be48cb874e2b1507b544dfb199d4734cf,head,test,0,1,1922.092,203.5946,0.0001,66.011,12.516,1227,ok,,7ba0c0c8eb
4268572be48cb874e2b1507b544dfb199d4734cf,head,test,1,2,1951.2225,200.5627,0.0001,95.208,28.754,1267,outlier,inp,7ba0c0c8eb
4268572be48cb874e2b1507b544dfb199d4734cf,head,test,2,5,1929.24,198.2298,0.0001,65.991,14.745,1352,ok,,7ba0c0c8eb
4268572be48cb874e2b1507b544dfb199d4734cf,head,test,3,6,1923.9255,201.7697,0.0001,67.285,42.503,7988,outlier,lcpObs,7ba0c0c8eb
4268572be48cb874e2b1507b544dfb199d4734cf,head,test,4,9,1968.0235,196.8315,0.0001,66.321,11.936,1317,ok,,7ba0c0c8eb
c95b6bd3627a03098481f018cab0888ff6ea0cff,base,test,0,0,1955.426,197.0364,0.0001,73.413,42.011,1358,ok,,7ba0c0c8eb
c95b6bd3627a03098481f018cab0888ff6ea0cff,base,test,1,3,1907.186,197.137,0.0001,66.074,14.648,1274,ok,,7ba0c0c8eb
c95b6bd3627a03098481f018cab0888ff6ea0cff,base,test,2,4,1909.5375,201.1427,0.0001,65.965,15.125,1228,ok,,7ba0c0c8eb
c95b6bd3627a03098481f018cab0888ff6ea0cff,base,test,3,7,1936.4505,198.3789,0.0001,62.55,36.031,7001,outlier,lcpObs,7ba0c0c8eb
c95b6bd3627a03098481f018cab0888ff6ea0cff,base,test,4,8,1961.4305,195.6551,0.0001,66.116,16.728,1347,ok,,7ba0c0c8eb
c95b6bd3627a03098481f018cab0888ff6ea0cff,head,test,0,1,1930.706,196.4716,0.0001,67.073,13.349,1279,ok,,7ba0c0c8eb
c95b6bd3627a03098481f018cab0888ff6ea0cff,head,test,1,2,1922.7045,197.5183,0.0001,65.983,12.752,1255,ok,,7ba0c0c8eb
c95b6bd3627a03098481f018cab0888ff6ea0cff,head,test,2,5,1914.9495,198.4421,0.0001,66.307,35.01,1557,outlier,lcpObs,7ba0c0c8eb
c95b6bd3627a03098481f018cab0888ff6ea0cff,head,test,3,6,1949.2115,202.6479,0.0001,65.09,15.181,1307,ok,,7ba0c0c8eb
c95b6bd3627a03098481f018cab0888ff6ea0cff,head,test,4,9,1916.4025,240.3057,0.0001,77.507,15.567,1252,outlier,tbt,7ba0c0c8eb
be59c40668c1b204539fd112ce61d82e8a09e740,base,test,0,0,1920.6925,201.7043,0.0001,68.732,34.073,1520,outlier,lcpObs,7ba0c0c8eb
be59c40668c1b204539fd112ce61d82e8a09e740,base,test,1,3,1934.597,205.4372,0.0001,66.019,12.079,1243,ok,,7ba0c0c8eb
be59c40668c1b204539fd112ce61d82e8a09e740,base,test,2,4,1914.219,202.357,0.0001,67.239,14.617,1241,ok,,7ba0c0c8eb
be59c40668c1b204539fd112ce61d82e8a09e740,base,test,3,7,1940.3675,200.5785,0.0001,66.123,13.271,1240,ok,,7ba0c0c8eb
be59c40668c1b204539fd112ce61d82e8a09e740,base,test,4,8,1925.3205,202.0569,0.0001,66.067,32.321,6478,outlier,lcpObs,7ba0c0c8eb
be59c40668c1b204539fd112ce61d82e8a09e740,head,test,0,1,1906.963,197.6874,0.0001,66.011,14.089,1251,ok,,7ba0c0c8eb
be59c40668c1b204539fd112ce61d82e8a09e740,head,test,1,2,1910.35,201.3522,0.0001,66.063,10.084,1231,ok,,7ba0c0c8eb
be59c40668c1b204539fd112ce61d82e8a09e740,head,test,2,5,1892.8275,200.5161,0.0001,71.026,13.958,1470,outlier,lcpObs,7ba0c0c8eb
be59c40668c1b204539fd112ce61d82e8a09e740,head,test,3,6,1888.512,196.908,0.0001,65.97,14.548,1216,ok,,7ba0c0c8eb
be59c40668c1b204539fd112ce61d82e8a09e740,head,test,4,9,1903.2905,199.8351,0.0001,66.333,12.886,1193,ok,,7ba0c0c8eb
7f8e205723dc1241e3052178f171314de6729042,base,test,0,0,1941.5128,217.3961,0.0001,74.288,44.191,1305,ok,,7ba0c0c8eb
7f8e205723dc1241e3052178f171314de6729042,base,test,1,3,1991.5574,221.4275,0.0001,66.012,41.08,2240,outlier,lcpObs,7ba0c0c8eb
7f8e205723dc1241e3052178f171314de6729042,base,test,2,4,1976.3827,213.4029,0.0001,65.891,13.635,1256,ok,,7ba0c0c8eb
7f8e205723dc1241e3052178f171314de6729042,base,test,3,7,1962.6555,217.1005,0.0001,66.033,38.495,1251,ok,,7ba0c0c8eb
7f8e205723dc1241e3052178f171314de6729042,base,test,4,8,1941.0514,213.9465,0.0001,65.056,48.556,12398,outlier,tbtFlow;lcpObs,7ba0c0c8eb
7f8e205723dc1241e3052178f171314de6729042,base,test,5,11,1956.3373,220.0714,0.0001,65.998,16.166,1236,ok,,7ba0c0c8eb
7f8e205723dc1241e3052178f171314de6729042,base,test,6,12,1949.5945,232.5983,0.0001,81.136,29.784,1292,ok,,7ba0c0c8eb
7f8e205723dc1241e3052178f171314de6729042,base,test,7,15,1907.0284,214.9712,0.0001,65.989,18.368,1221,ok,,7ba0c0c8eb
7f8e205723dc1241e3052178f171314de6729042,base,test,8,16,1929.6316,216.4578,0.0001,65.968,11.7,1209,ok,,7ba0c0c8eb
7f8e205723dc1241e3052178f171314de6729042,base,test,9,19,1957.8574,218.3385,0.0001,67.768,14.92,1228,ok,,7ba0c0c8eb
7f8e205723dc1241e3052178f171314de6729042,base,test,10,20,1947.2368,211.3476,0.0001,69.827,13.174,1207,ok,,7ba0c0c8eb
7f8e205723dc1241e3052178f171314de6729042,base,test,11,23,2027.3052,218.3684,0.0001,65.052,16.599,1263,ok,,7ba0c0c8eb
7f8e205723dc1241e3052178f171314de6729042,base,test,12,24,1939.1755,216.1915,0.0001,66.151,10.677,1222,ok,,7ba0c0c8eb
7f8e205723dc1241e3052178f171314de6729042,base,test,13,27,2048.5967,242.0787,0.0001,65.716,18.801,1313,ok,,7ba0c0c8eb
7f8e205723dc1241e3052178f171314de6729042,base,test,14,28,1979.5651,217.306,0.0001,65.02,16.285,1304,ok,,7ba0c0c8eb
7f8e205723dc1241e3052178f171314de6729042,head,test,0,1,1935.6779,214.3878,0.0001,64.984,13.745,1205,ok,,7ba0c0c8eb
7f8e205723dc1241e3052178f171314de6729042,head,test,1,2,1931.9196,212.702,0.0001,67.181,25.897,1217,ok,,7ba0c0c8eb
7f8e205723dc1241e3052178f171314de6729042,head,test,2,5,1942.5718,221.4696,0.0001,66.181,13.467,1236,ok,,7ba0c0c8eb
7f8e205723dc1241e3052178f171314de6729042,head,test,3,6,1943.8658,226.6499,0.0001,66.026,18.404,1227,ok,,7ba0c0c8eb
7f8e205723dc1241e3052178f171314de6729042,head,test,4,9,2003.2419,213.1553,0.0001,64.849,15.938,1359,outlier,lcpObs,7ba0c0c8eb
7f8e205723dc1241e3052178f171314de6729042,head,test,5,10,1955.8448,215.4214,0.0001,67.181,37.934,1260,ok,,7ba0c0c8eb
7f8e205723dc1241e3052178f171314de6729042,head,test,6,13,1962.2429,214.0894,0.0001,66.299,16.747,1263,ok,,7ba0c0c8eb
7f8e205723dc1241e3052178f171314de6729042,head,test,7,14,1933.7664,211.8032,0.0001,74.092,31.804,1204,ok,,7ba0c0c8eb
7f8e205723dc1241e3052178f171314de6729042,head,test,8,17,1947.4969,249.5598,0.0001,64.98,17.44,1228,outlier,tbt,7ba0c0c8eb
7f8e205723dc1241e3052178f171314de6729042,head,test,9,18,1993.74,215.4245,0.0001,72.759,14.938,1276,ok,,7ba0c0c8eb
7f8e205723dc1241e3052178f171314de6729042,head,test,10,21,1945.0295,232.2885,0.0001,64.944,12.472,1242,ok,,7ba0c0c8eb
7f8e205723dc1241e3052178f171314de6729042,head,test,11,22,1953.0421,218.7536,0.0001,100.954,14.518,1221,outlier,inp,7ba0c0c8eb
7f8e205723dc1241e3052178f171314de6729042,head,test,12,25,1960.364,213.661,0.0001,66.355,13.548,1244,ok,,7ba0c0c8eb
7f8e205723dc1241e3052178f171314de6729042,head,test,13,26,1987.4826,216.7988,0.0001,68.384,36.172,1327,ok,,7ba0c0c8eb
7f8e205723dc1241e3052178f171314de6729042,head,test,14,29,1970.8482,244.6814,0.0001,69.802,38.449,1246,ok,,7ba0c0c8eb
caae0d404ed01716f6c0a1219eb1890a4e306cfa,base,test,0,0,1925.7912,177.7253,0.0001,65.212,39.157,1317,ok,,7ba0c0c8eb
caae0d404ed01716f6c0a1219eb1890a4e306cfa,base,test,1,3,1955.479,188.2758,0.0001,94.431,34.321,1232,outlier,inp,7ba0c0c8eb
caae0d404ed01716f6c0a1219eb1890a4e306cfa,base,test,2,4,1982.417,198.758,0.0001,66.306,19.382,1303,ok,,7ba0c0c8eb
caae0d404ed01716f6c0a1219eb1890a4e306cfa,base,test,3,7,1938.8362,190.0178,0.0001,65.987,18.762,1267,ok,,7ba0c0c8eb
caae0d404ed01716f6c0a1219eb1890a4e306cfa,base,test,4,8,1934.4588,189.1124,0.0001,67.266,15.705,1230,ok,,7ba0c0c8eb
caae0d404ed01716f6c0a1219eb1890a4e306cfa,head,test,0,1,1992.8939,174.7937,0.0001,65.99,18.377,1321,outlier,lcpObs,7ba0c0c8eb
caae0d404ed01716f6c0a1219eb1890a4e306cfa,head,test,1,2,1936.7166,186.5632,0.0001,69.813,13.731,1247,ok,,7ba0c0c8eb
caae0d404ed01716f6c0a1219eb1890a4e306cfa,head,test,2,5,1944.1773,215.3224,0.0001,65.942,16.429,1258,outlier,tbt,7ba0c0c8eb
caae0d404ed01716f6c0a1219eb1890a4e306cfa,head,test,3,6,1996.0049,178.8094,0.0001,66.158,22.399,1240,ok,,7ba0c0c8eb
caae0d404ed01716f6c0a1219eb1890a4e306cfa,head,test,4,9,1986.211,173.9725,0.0001,66.034,14.514,1266,ok,,7ba0c0c8eb
586a19ad3e17f1aa6e0682a50b215bee8022d275,base,test,0,0,1950.9525,180.8253,0.0001,76.036,46.477,1337,outlier,lcpObs,7ba0c0c8eb
586a19ad3e17f1aa6e0682a50b215bee8022d275,base,test,1,3,1938.2637,194.1893,0.0001,65.966,15.595,1232,ok,,7ba0c0c8eb
586a19ad3e17f1aa6e0682a50b215bee8022d275,base,test,2,4,1955.7036,169.7976,0.0001,65.888,17.564,1248,ok,,7ba0c0c8eb
586a19ad3e17f1aa6e0682a50b215bee8022d275,base,test,3,7,1941.3942,180.625,0.0001,65.959,18.82,1202,ok,,7ba0c0c8eb
586a19ad3e17f1aa6e0682a50b215bee8022d275,base,test,4,8,1974.4966,183.8343,0.0001,64.901,13.505,1230,ok,,7ba0c0c8eb
586a19ad3e17f1aa6e0682a50b215bee8022d275,head,test,0,1,1999.2,187.3013,0.0001,82.139,48.138,1356,ok,,7ba0c0c8eb
586a19ad3e17f1aa6e0682a50b215bee8022d275,head,test,1,2,1939.6361,188.8272,0.0001,66.304,15.65,1220,ok,,7ba0c0c8eb
586a19ad3e17f1aa6e0682a50b215bee8022d275,head,test,2,5,1967.3837,174.6481,0.0001,68.588,21.622,1322,ok,,7ba0c0c8eb
586a19ad3e17f1aa6e0682a50b215bee8022d275,head,test,3,6,1996.3745,176.851,0.0001,65.072,20.941,1275,ok,,7ba0c0c8eb
586a19ad3e17f1aa6e0682a50b215bee8022d275,head,test,4,9,1992.6635,176.1521,0.0001,65.932,17.935,1297,ok,,7ba0c0c8eb
2f5cb164cbb9ad2c6ab1242053f1f23fdb34f6f2,base,test,0,0,1956.1332,178.6118,0.0001,65.791,44.169,1255,ok,,7ba0c0c8eb
2f5cb164cbb9ad2c6ab1242053f1f23fdb34f6f2,base,test,1,3,1941.0876,178.9744,0.0001,74.058,36.41,1518,outlier,lcpObs,7ba0c0c8eb
2f5cb164cbb9ad2c6ab1242053f1f23fdb34f6f2,base,test,2,4,1953.6332,176.8278,0.0001,92.418,33.228,1212,outlier,inp,7ba0c0c8eb
2f5cb164cbb9ad2c6ab1242053f1f23fdb34f6f2,base,test,3,7,1952.9664,171.6084,0.0001,66.935,37.242,1213,ok,,7ba0c0c8eb
2f5cb164cbb9ad2c6ab1242053f1f23fdb34f6f2,base,test,4,8,1968.0906,181.8863,0.0001,64.919,14.062,1275,ok,,7ba0c0c8eb
2f5cb164cbb9ad2c6ab1242053f1f23fdb34f6f2,head,test,0,1,1981.003,175.4523,0.0001,80.544,24.873,1287,ok,,7ba0c0c8eb
2f5cb164cbb9ad2c6ab1242053f1f23fdb34f6f2,head,test,1,2,1986.5379,175.4639,0.0001,66.186,17.336,1275,ok,,7ba0c0c8eb
2f5cb164cbb9ad2c6ab1242053f1f23fdb34f6f2,head,test,2,5,2002.19,173.4203,0.0001,90.682,33.772,1334,ok,,7ba0c0c8eb
2f5cb164cbb9ad2c6ab1242053f1f23fdb34f6f2,head,test,3,6,1973.1926,172.9151,0.0001,71.968,49.124,10957,outlier,lcpObs,7ba0c0c8eb
2f5cb164cbb9ad2c6ab1242053f1f23fdb34f6f2,head,test,4,9,1892.524,179.2562,0.0001,71.242,17.199,1234,ok,,7ba0c0c8eb
52b7d963b9116ee0c368b39721c5e8c9673e38c5,base,test,0,0,1710.9743,177.8558,0.0001,70.482,43.866,1511,outlier,lcpObs,7ba0c0c8eb
52b7d963b9116ee0c368b39721c5e8c9673e38c5,base,test,1,3,1696.6659,172.5429,0.0001,66.013,12.264,1214,ok,,7ba0c0c8eb
52b7d963b9116ee0c368b39721c5e8c9673e38c5,base,test,2,4,1702.4058,187.4264,0.0001,70.283,21.618,1245,ok,,7ba0c0c8eb
52b7d963b9116ee0c368b39721c5e8c9673e38c5,base,test,3,7,1703.7129,174.4244,0.0001,65.003,35.085,1232,ok,,7ba0c0c8eb
52b7d963b9116ee0c368b39721c5e8c9673e38c5,base,test,4,8,1739.3885,171.836,0.0001,65.087,20.632,1354,ok,,7ba0c0c8eb
52b7d963b9116ee0c368b39721c5e8c9673e38c5,head,test,0,1,1694.6261,178.3451,0.0001,69.131,21.597,1262,ok,,7ba0c0c8eb
52b7d963b9116ee0c368b39721c5e8c9673e38c5,head,test,1,2,1684.6099,178.3029,0.0001,66.006,14.585,1245,ok,,7ba0c0c8eb
52b7d963b9116ee0c368b39721c5e8c9673e38c5,head,test,2,5,1711.4151,181.0091,0.0001,66.097,21.575,1276,ok,,7ba0c0c8eb
52b7d963b9116ee0c368b39721c5e8c9673e38c5,head,test,3,6,1702.081,176.8571,0.0001,66.028,33.636,1515,outlier,lcpObs,7ba0c0c8eb
52b7d963b9116ee0c368b39721c5e8c9673e38c5,head,test,4,9,1694.9044,174.4239,0.0001,65.912,15.353,1251,ok,,7ba0c0c8eb
9cb19e3ea9e9630fb657f31a6f04ca0c6eacbaa0,base,test,0,0,1749.0199,177.5994,0.0001,70.717,46.122,1371,ok,,7ba0c0c8eb
9cb19e3ea9e9630fb657f31a6f04ca0c6eacbaa0,base,test,1,3,1737.8172,173.6757,0.0001,66.007,20.998,1308,ok,,7ba0c0c8eb
9cb19e3ea9e9630fb657f31a6f04ca0c6eacbaa0,base,test,2,4,1703.109,182.903,0.0001,65.915,14.298,1222,ok,,7ba0c0c8eb
9cb19e3ea9e9630fb657f31a6f04ca0c6eacbaa0,base,test,3,7,1701.8893,191.6243,0.0001,73.124,27.182,1238,ok,,7ba0c0c8eb
9cb19e3ea9e9630fb657f31a6f04ca0c6eacbaa0,base,test,4,8,1710.9702,213.4462,0.0001,65.941,18.936,1260,ok,,7ba0c0c8eb
9cb19e3ea9e9630fb657f31a6f04ca0c6eacbaa0,head,test,0,1,1711.5308,175.5613,0.0001,65.914,22.956,1308,ok,,7ba0c0c8eb
9cb19e3ea9e9630fb657f31a6f04ca0c6eacbaa0,head,test,1,2,1705.7154,181.5034,0.0001,66.071,23.249,1254,ok,,7ba0c0c8eb
9cb19e3ea9e9630fb657f31a6f04ca0c6eacbaa0,head,test,2,5,1705.5959,182.3384,0.0001,65.089,14.358,1345,ok,,7ba0c0c8eb
9cb19e3ea9e9630fb657f31a6f04ca0c6eacbaa0,head,test,3,6,1688.994,172.5595,0.0001,98.105,35.422,1253,outlier,inp,7ba0c0c8eb
9cb19e3ea9e9630fb657f31a6f04ca0c6eacbaa0,head,test,4,9,1687.5061,175.6066,0.0001,66.057,20.049,1187,ok,,7ba0c0c8eb
05e1b828ae4badae4ae86218414e31af37667474,base,test,0,0,1686.1988,176.2623,0.0001,66.121,41.87,1300,ok,,7ba0c0c8eb
05e1b828ae4badae4ae86218414e31af37667474,base,test,1,3,1703.4638,171.1123,0.0001,65.967,17.73,1261,ok,,7ba0c0c8eb
05e1b828ae4badae4ae86218414e31af37667474,base,test,2,4,1691.4601,207.7986,0.0001,72.05,20.671,1216,ok,,7ba0c0c8eb
05e1b828ae4badae4ae86218414e31af37667474,base,test,3,7,1711.0677,187.9757,0.0001,66.1,14.742,1264,ok,,7ba0c0c8eb
05e1b828ae4badae4ae86218414e31af37667474,base,test,4,8,1699.7554,176.4324,0.0001,65.857,19.557,1244,ok,,7ba0c0c8eb
05e1b828ae4badae4ae86218414e31af37667474,base,test,5,11,1732.7905,181.7065,0.0001,65.784,15.716,1401,ok,,7ba0c0c8eb
05e1b828ae4badae4ae86218414e31af37667474,base,test,6,12,1778.2992,180.1652,0.0001,88.803,35.294,1340,outlier,inp,7ba0c0c8eb
05e1b828ae4badae4ae86218414e31af37667474,base,test,7,15,1745.4964,179.4809,0.0001,71.313,15.962,1335,ok,,7ba0c0c8eb
05e1b828ae4badae4ae86218414e31af37667474,base,test,8,16,1752.9158,189.3929,0.0001,68.528,36.961,1456,ok,,7ba0c0c8eb
05e1b828ae4badae4ae86218414e31af37667474,base,test,9,19,1703.4869,177.0179,0.0001,72.015,16.403,1271,ok,,7ba0c0c8eb
05e1b828ae4badae4ae86218414e31af37667474,base,test,10,20,1695.5052,182.1012,0.0001,65.947,15.52,1206,ok,,7ba0c0c8eb
05e1b828ae4badae4ae86218414e31af37667474,base,test,11,23,1695.1638,178.6793,0.0001,66.244,22.904,1273,ok,,7ba0c0c8eb
05e1b828ae4badae4ae86218414e31af37667474,base,test,12,24,1694.1747,176.7362,0.0001,71.339,13.918,1207,ok,,7ba0c0c8eb
05e1b828ae4badae4ae86218414e31af37667474,base,test,13,27,1707.5862,190.6327,0.0001,113.477,78.568,1530,outlier,inp;tbtFlow;lcpObs,7ba0c0c8eb
05e1b828ae4badae4ae86218414e31af37667474,base,test,14,28,1690.4453,176.4603,0.0001,64.909,16.066,1215,ok,,7ba0c0c8eb
05e1b828ae4badae4ae86218414e31af37667474,head,test,0,1,1744.6885,181.1642,0.0001,75.007,23.359,1352,ok,,7ba0c0c8eb
05e1b828ae4badae4ae86218414e31af37667474,head,test,1,2,1709.5258,183.0743,0.0001,72.245,16.65,1285,ok,,7ba0c0c8eb
05e1b828ae4badae4ae86218414e31af37667474,head,test,2,5,1745.6748,179.0493,0.0001,66.002,14.498,1295,ok,,7ba0c0c8eb
05e1b828ae4badae4ae86218414e31af37667474,head,test,3,6,1748.833,171.414,0.0001,69.408,12.315,1369,ok,,7ba0c0c8eb
05e1b828ae4badae4ae86218414e31af37667474,head,test,4,9,1704.2721,173.5161,0.0001,70.943,19.588,1264,ok,,7ba0c0c8eb
05e1b828ae4badae4ae86218414e31af37667474,head,test,5,10,1717.1161,174.6696,0.0001,71.896,24.303,1258,ok,,7ba0c0c8eb
05e1b828ae4badae4ae86218414e31af37667474,head,test,6,13,1702.7298,192.6558,0.0001,66.084,11.085,1257,ok,,7ba0c0c8eb
05e1b828ae4badae4ae86218414e31af37667474,head,test,7,14,1698.6344,194.5519,0.0001,65.597,23.533,1219,ok,,7ba0c0c8eb
05e1b828ae4badae4ae86218414e31af37667474,head,test,8,17,1740.7972,183.7762,0.0001,65.718,19.026,1307,ok,,7ba0c0c8eb
05e1b828ae4badae4ae86218414e31af37667474,head,test,9,18,1752.7294,171.5604,0.0001,65.858,19.81,1388,ok,,7ba0c0c8eb
05e1b828ae4badae4ae86218414e31af37667474,head,test,10,21,1693.2098,174.8833,0.0001,66.026,25.787,1208,ok,,7ba0c0c8eb
05e1b828ae4badae4ae86218414e31af37667474,head,test,11,22,1697.5776,181.9601,0.0001,64.843,21.426,1190,ok,,7ba0c0c8eb
05e1b828ae4badae4ae86218414e31af37667474,head,test,12,25,1715.871,184.598,0.0001,64.972,13.599,1222,ok,,7ba0c0c8eb
05e1b828ae4badae4ae86218414e31af37667474,head,test,13,26,1698.7687,198.5607,0.0001,65.935,17.5,1252,ok,,7ba0c0c8eb
05e1b828ae4badae4ae86218414e31af37667474,head,test,14,29,1686.5984,174.3329,0.0001,66.216,14.511,1236,ok,,7ba0c0c8eb
b1b57dcc95032e157e368c3a898806f71d1ea6bb,base,test,0,0,1706.0888,175.1768,0.0001,66.123,37.803,1373,outlier,lcpObs,7ba0c0c8eb
b1b57dcc95032e157e368c3a898806f71d1ea6bb,base,test,1,3,1692.326,174.5535,0.0001,65.992,42.636,1224,ok,,7ba0c0c8eb
b1b57dcc95032e157e368c3a898806f71d1ea6bb,base,test,2,4,1707.3903,192.4678,0.0001,66.003,14.117,1311,ok,,7ba0c0c8eb
b1b57dcc95032e157e368c3a898806f71d1ea6bb,base,test,3,7,1698.1033,171.7628,0.0001,65.966,23.212,1217,ok,,7ba0c0c8eb
b1b57dcc95032e157e368c3a898806f71d1ea6bb,base,test,4,8,1694.9661,174.7081,0.0001,66.021,15.321,1243,ok,,7ba0c0c8eb
b1b57dcc95032e157e368c3a898806f71d1ea6bb,head,test,0,1,1771.4755,186.858,0.0001,96.309,41.259,1374,outlier,inp,7ba0c0c8eb
b1b57dcc95032e157e368c3a898806f71d1ea6bb,head,test,1,2,1695.5844,183.5609,0.0001,71.946,18.326,1226,ok,,7ba0c0c8eb
b1b57dcc95032e157e368c3a898806f71d1ea6bb,head,test,2,5,1756.3737,175.6227,0.0001,65.842,18.574,1344,ok,,7ba0c0c8eb
b1b57dcc95032e157e368c3a898806f71d1ea6bb,head,test,3,6,1692.0621,176.8841,0.0001,67.25,12.725,1211,ok,,7ba0c0c8eb
b1b57dcc95032e157e368c3a898806f71d1ea6bb,head,test,4,9,1749.5268,183.6737,0.0001,66.015,32.573,1605,ok,,7ba0c0c8eb
60fffb15f8826324ccdbfff44896119266ad0233,base,test,0,0,1700.551,189.3325,0.0001,78.944,40.804,1241,ok,,7ba0c0c8eb
60fffb15f8826324ccdbfff44896119266ad0233,base,test,1,3,1688.6017,182.5752,0.0001,66.006,40.192,1317,ok,,7ba0c0c8eb
60fffb15f8826324ccdbfff44896119266ad0233,base,test,2,4,1709.7435,185.149,0.0001,66.03,17.804,1275,ok,,7ba0c0c8eb
60fffb15f8826324ccdbfff44896119266ad0233,base,test,3,7,1710.5872,185.0512,0.0001,66.246,35.684,1255,ok,,7ba0c0c8eb
60fffb15f8826324ccdbfff44896119266ad0233,base,test,4,8,1690.573,203.0,0.0001,64.968,12.945,1327,ok,,7ba0c0c8eb
60fffb15f8826324ccdbfff44896119266ad0233,base,test,5,11,1696.9768,173.4403,0.0001,65.997,16.136,1258,ok,,7ba0c0c8eb
60fffb15f8826324ccdbfff44896119266ad0233,base,test,6,12,1703.3333,188.7298,0.0001,66.025,20.735,1265,ok,,7ba0c0c8eb
60fffb15f8826324ccdbfff44896119266ad0233,base,test,7,15,1701.867,184.541,0.0001,65.986,20.204,1228,ok,,7ba0c0c8eb
60fffb15f8826324ccdbfff44896119266ad0233,base,test,8,16,1755.2498,171.6778,0.0001,65.031,20.175,1358,ok,,7ba0c0c8eb
60fffb15f8826324ccdbfff44896119266ad0233,base,test,9,19,1706.5224,176.7904,0.0001,80.335,28.726,1255,ok,,7ba0c0c8eb
60fffb15f8826324ccdbfff44896119266ad0233,base,test,10,20,1700.8862,185.7062,0.0001,66.132,40.082,1534,outlier,lcpObs,7ba0c0c8eb
60fffb15f8826324ccdbfff44896119266ad0233,base,test,11,23,1684.0014,183.4898,0.0001,65.947,15.559,1234,ok,,7ba0c0c8eb
60fffb15f8826324ccdbfff44896119266ad0233,base,test,12,24,1698.6326,178.3036,0.0001,65.945,25.493,1246,ok,,7ba0c0c8eb
60fffb15f8826324ccdbfff44896119266ad0233,base,test,13,27,1746.5853,190.5973,0.0001,69.455,15.121,1365,outlier,lcpObs,7ba0c0c8eb
60fffb15f8826324ccdbfff44896119266ad0233,base,test,14,28,1687.6127,182.6042,0.0001,66.024,13.574,1232,ok,,7ba0c0c8eb
60fffb15f8826324ccdbfff44896119266ad0233,head,test,0,1,1688.6842,172.5992,0.0001,65.659,16.876,1197,ok,,7ba0c0c8eb
60fffb15f8826324ccdbfff44896119266ad0233,head,test,1,2,1708.3648,176.7198,0.0001,66.349,14.339,1304,ok,,7ba0c0c8eb
60fffb15f8826324ccdbfff44896119266ad0233,head,test,2,5,1695.5052,174.6202,0.0001,66,13.994,1231,ok,,7ba0c0c8eb
60fffb15f8826324ccdbfff44896119266ad0233,head,test,3,6,1727.6964,184.9319,0.0001,65.882,17.175,1289,ok,,7ba0c0c8eb
60fffb15f8826324ccdbfff44896119266ad0233,head,test,4,9,1678.8722,211.3072,0.0001,66.013,12.711,1202,outlier,tbt,7ba0c0c8eb
60fffb15f8826324ccdbfff44896119266ad0233,head,test,5,10,1687.2921,180.252,0.0001,66.043,14.514,1203,ok,,7ba0c0c8eb
60fffb15f8826324ccdbfff44896119266ad0233,head,test,6,13,1737.8221,181.3291,0.0001,65.994,21.187,1345,ok,,7ba0c0c8eb
60fffb15f8826324ccdbfff44896119266ad0233,head,test,7,14,1698.2525,176.2785,0.0001,97.906,37.135,1233,outlier,inp,7ba0c0c8eb
60fffb15f8826324ccdbfff44896119266ad0233,head,test,8,17,1701.3634,175.9324,0.0001,74.087,20.669,1265,ok,,7ba0c0c8eb
60fffb15f8826324ccdbfff44896119266ad0233,head,test,9,18,1689.3229,175.4029,0.0001,71.74,19.569,1198,ok,,7ba0c0c8eb
60fffb15f8826324ccdbfff44896119266ad0233,head,test,10,21,1704.0834,173.5049,0.0001,69.299,43.149,8795,outlier,lcpObs,7ba0c0c8eb
60fffb15f8826324ccdbfff44896119266ad0233,head,test,11,22,1707.18,172.8615,0.0001,65.212,17.01,1261,ok,,7ba0c0c8eb
60fffb15f8826324ccdbfff44896119266ad0233,head,test,12,25,1735.02,183.7101,0.0001,65.961,41.208,2554,outlier,lcpObs,7ba0c0c8eb
60fffb15f8826324ccdbfff44896119266ad0233,head,test,13,26,1736.7206,173.7536,0.0001,65.897,13.276,1335,ok,,7ba0c0c8eb
60fffb15f8826324ccdbfff44896119266ad0233,head,test,14,29,1699.0952,179.3452,0.0001,68.499,22.186,1258,ok,,7ba0c0c8eb
0e4b9c4687d5901995e06f163109311d7b3e4824,base,test,0,0,1712.1001,172.7066,0.0001,66.184,37.256,1596,outlier,lcpObs,7ba0c0c8eb
0e4b9c4687d5901995e06f163109311d7b3e4824,base,test,1,3,1696.686,177.353,0.0001,65.986,17.997,1241,ok,,7ba0c0c8eb
0e4b9c4687d5901995e06f163109311d7b3e4824,base,test,2,4,1692.3787,175.5037,0.0001,66.031,43.623,1264,ok,,7ba0c0c8eb
0e4b9c4687d5901995e06f163109311d7b3e4824,base,test,3,7,1692.1899,180.6399,0.0001,66.119,34.455,1232,ok,,7ba0c0c8eb
0e4b9c4687d5901995e06f163109311d7b3e4824,base,test,4,8,1750.1258,181.5838,0.0001,66.038,14.813,1373,ok,,7ba0c0c8eb
0e4b9c4687d5901995e06f163109311d7b3e4824,head,test,0,1,1758.275,174.8764,0.0001,65.841,32.508,1369,ok,,7ba0c0c8eb
0e4b9c4687d5901995e06f163109311d7b3e4824,head,test,1,2,1697.8683,177.1038,0.0001,65.958,14.616,1268,ok,,7ba0c0c8eb
0e4b9c4687d5901995e06f163109311d7b3e4824,head,test,2,5,1700.8493,173.3133,0.0001,66.006,17.142,1299,ok,,7ba0c0c8eb
0e4b9c4687d5901995e06f163109311d7b3e4824,head,test,3,6,1749.4782,173.7197,0.0001,66.007,16.804,1662,outlier,lcpObs,7ba0c0c8eb
0e4b9c4687d5901995e06f163109311d7b3e4824,head,test,4,9,1708.801,171.807,0.0001,66.002,17.445,1277,ok,,7ba0c0c8eb
4cc1c095616ce54a33c8fe226a29dad55742f25f,base,test,0,0,1747.406,194.5407,0.0005,65.908,38.741,1444,ok,,7ba0c0c8eb
4cc1c095616ce54a33c8fe226a29dad55742f25f,base,test,1,3,1674.159,195.6571,0.0005,66.049,41.663,1222,ok,,7ba0c0c8eb
4cc1c095616ce54a33c8fe226a29dad55742f25f,base,test,2,4,1748.2535,239.0339,0.0005,69.977,0.733,1360,outlier,tbt,7ba0c0c8eb
4cc1c095616ce54a33c8fe226a29dad55742f25f,base,test,3,7,1669.2065,196.3407,0.0005,63.341,17.761,1210,ok,,7ba0c0c8eb
4cc1c095616ce54a33c8fe226a29dad55742f25f,base,test,4,8,1688.481,221.5637,0.0005,66.05,22.253,1263,ok,,7ba0c0c8eb
4cc1c095616ce54a33c8fe226a29dad55742f25f,head,test,0,1,1686.344,186.4691,0.0005,70.486,28.059,1254,ok,,7ba0c0c8eb
4cc1c095616ce54a33c8fe226a29dad55742f25f,head,test,1,2,1675.7895,190.6706,0.0005,65.125,19.407,1216,ok,,7ba0c0c8eb
4cc1c095616ce54a33c8fe226a29dad55742f25f,head,test,2,5,1710.991,186.8963,0.0005,65.608,18.647,1297,ok,,7ba0c0c8eb
4cc1c095616ce54a33c8fe226a29dad55742f25f,head,test,3,6,1697.933,198.1476,0.0005,65.951,20.646,1336,ok,,7ba0c0c8eb
4cc1c095616ce54a33c8fe226a29dad55742f25f,head,test,4,9,1692.3625,195.896,0.0004,64.913,15.354,1243,ok,,7ba0c0c8eb
6c3adc0e9648a40a32aef70b638080defc99a364,base,test,0,0,1669.5005,203.3707,0.0005,65.835,44.771,1303,ok,,7ba0c0c8eb
6c3adc0e9648a40a32aef70b638080defc99a364,base,test,1,3,1682.8715,192.7041,0.0005,68.223,17.599,1250,ok,,7ba0c0c8eb
6c3adc0e9648a40a32aef70b638080defc99a364,base,test,2,4,1676.3875,184.7827,0.0005,66.243,21.634,1235,ok,,7ba0c0c8eb
6c3adc0e9648a40a32aef70b638080defc99a364,base,test,3,7,1678.2425,187.2414,0.0005,65.622,17.788,1250,ok,,7ba0c0c8eb
6c3adc0e9648a40a32aef70b638080defc99a364,base,test,4,8,1692.6455,192.3459,0.0005,74.137,20.035,1257,ok,,7ba0c0c8eb
6c3adc0e9648a40a32aef70b638080defc99a364,head,test,0,1,1684.0965,196.1877,0.0005,73.771,20.183,1229,ok,,7ba0c0c8eb
6c3adc0e9648a40a32aef70b638080defc99a364,head,test,1,2,1720.631,195.8797,0.0005,73.172,20.436,1306,ok,,7ba0c0c8eb
6c3adc0e9648a40a32aef70b638080defc99a364,head,test,2,5,1668.0895,232.8281,0.0005,65.973,16.678,1220,outlier,tbt,7ba0c0c8eb
6c3adc0e9648a40a32aef70b638080defc99a364,head,test,3,6,1698.9215,191.006,0.0005,72.223,19.019,1268,ok,,7ba0c0c8eb
6c3adc0e9648a40a32aef70b638080defc99a364,head,test,4,9,1679.8165,190.1398,0.0005,66.014,45.354,1527,outlier,lcpObs,7ba0c0c8eb
04d9ed24184a429fe96385e464a9b131896f0abc,base,test,0,0,1736.159,188.5108,0.0005,66.106,36.131,1340,ok,,7ba0c0c8eb
04d9ed24184a429fe96385e464a9b131896f0abc,base,test,1,3,1725.4555,192.0737,0.0005,66.303,21.328,1337,ok,,7ba0c0c8eb
04d9ed24184a429fe96385e464a9b131896f0abc,base,test,2,4,1717.5065,188.8062,0.0005,71.811,22.599,1271,ok,,7ba0c0c8eb
04d9ed24184a429fe96385e464a9b131896f0abc,base,test,3,7,1717.266,192.7926,0.0005,67.006,40.366,1419,ok,,7ba0c0c8eb
04d9ed24184a429fe96385e464a9b131896f0abc,base,test,4,8,1687.908,218.2275,0.0005,66,21.432,1257,ok,,7ba0c0c8eb
04d9ed24184a429fe96385e464a9b131896f0abc,head,test,0,1,1680.4425,188.2521,0.0005,65.671,23.108,1208,ok,,7ba0c0c8eb
04d9ed24184a429fe96385e464a9b131896f0abc,head,test,1,2,1692.5285,191.502,0.0005,67.181,14.089,1340,outlier,lcpObs,7ba0c0c8eb
04d9ed24184a429fe96385e464a9b131896f0abc,head,test,2,5,1677.672,207.9637,0.0005,86.963,48.19,1228,ok,,7ba0c0c8eb
04d9ed24184a429fe96385e464a9b131896f0abc,head,test,3,6,1682.0195,190.1356,0.0005,65.841,41.221,1234,ok,,7ba0c0c8eb
04d9ed24184a429fe96385e464a9b131896f0abc,head,test,4,9,1672.9165,226.8896,0.0005,73.15,19.942,1213,outlier,tbt,7ba0c0c8eb
4e7bda023844b7a7b7e18a76dfc0bddb21dd330b,base,test,0,0,1669.5465,194.6404,0.0005,66.236,43.477,1192,ok,,7ba0c0c8eb
4e7bda023844b7a7b7e18a76dfc0bddb21dd330b,base,test,1,3,1681.9615,192.4665,0.0005,65.988,18.51,1231,ok,,7ba0c0c8eb
4e7bda023844b7a7b7e18a76dfc0bddb21dd330b,base,test,2,4,1691.9615,187.1155,0.0005,65.934,23.023,1240,ok,,7ba0c0c8eb
4e7bda023844b7a7b7e18a76dfc0bddb21dd330b,base,test,3,7,1675.145,234.2586,0.0005,66.021,19.742,1208,outlier,tbt,7ba0c0c8eb
4e7bda023844b7a7b7e18a76dfc0bddb21dd330b,base,test,4,8,1672.912,187.9218,0.0004,65.943,16.365,1340,outlier,lcpObs,7ba0c0c8eb
4e7bda023844b7a7b7e18a76dfc0bddb21dd330b,head,test,0,1,1683.039,190.4363,0.0005,66.044,19.124,1223,ok,,7ba0c0c8eb
4e7bda023844b7a7b7e18a76dfc0bddb21dd330b,head,test,1,2,1679.892,191.3871,0.0005,65.958,18.39,1237,ok,,7ba0c0c8eb
4e7bda023844b7a7b7e18a76dfc0bddb21dd330b,head,test,2,5,2383.4485,187.1446,0.0005,66.216,42.453,1932,outlier,lcp;lcpObs,7ba0c0c8eb
4e7bda023844b7a7b7e18a76dfc0bddb21dd330b,head,test,3,6,1674.5765,187.8166,0.0005,64.899,20.13,1229,ok,,7ba0c0c8eb
4e7bda023844b7a7b7e18a76dfc0bddb21dd330b,head,test,4,9,1668.1455,193.6487,0.0005,76.773,22.064,1320,outlier,lcpObs,7ba0c0c8eb
f4f4057dd9d72387c54366bce9b67af58d6264e5,base,test,0,0,1680.512,190.4668,0.0005,65.025,40.078,1220,outlier,lcpObs,7ba0c0c8eb
f4f4057dd9d72387c54366bce9b67af58d6264e5,base,test,1,3,1719.7095,191.2738,0.0005,65.997,34.918,1298,ok,,7ba0c0c8eb
f4f4057dd9d72387c54366bce9b67af58d6264e5,base,test,2,4,1719.4835,193.2746,0.0005,66.033,18.799,1297,ok,,7ba0c0c8eb
f4f4057dd9d72387c54366bce9b67af58d6264e5,base,test,3,7,1669.7565,201.6548,0.0005,66.035,20.221,1198,outlier,lcpObs,7ba0c0c8eb
f4f4057dd9d72387c54366bce9b67af58d6264e5,base,test,4,8,1676.2735,192.8813,0.0005,65.959,20.379,1295,ok,,7ba0c0c8eb
f4f4057dd9d72387c54366bce9b67af58d6264e5,head,test,0,1,1668.07,187.6953,0.0004,66.044,21.474,1196,ok,,7ba0c0c8eb
f4f4057dd9d72387c54366bce9b67af58d6264e5,head,test,1,2,1673.6005,174.7887,0.0005,65.997,17.601,1194,ok,,7ba0c0c8eb
f4f4057dd9d72387c54366bce9b67af58d6264e5,head,test,2,5,1682.294,196.832,0.0005,65.95,18.031,1212,ok,,7ba0c0c8eb
f4f4057dd9d72387c54366bce9b67af58d6264e5,head,test,3,6,1731.466,209.4767,0.0005,69.091,45.68,1360,outlier,lcpObs,7ba0c0c8eb
f4f4057dd9d72387c54366bce9b67af58d6264e5,head,test,4,9,1721.7985,192.0138,0.0005,66.095,22.041,1313,outlier,lcpObs,7ba0c0c8eb
43e0bc783f01ec3d64e7663ceaff919953702129,base,test,0,0,1679.3135,186.4569,0.0005,65.977,41.579,1258,ok,,7ba0c0c8eb
43e0bc783f01ec3d64e7663ceaff919953702129,base,test,1,3,1714.962,185.4366,0.0005,65.854,35.954,1280,ok,,7ba0c0c8eb
43e0bc783f01ec3d64e7663ceaff919953702129,base,test,2,4,1724.974,189.4312,0.0005,66.243,21.479,1343,ok,,7ba0c0c8eb
43e0bc783f01ec3d64e7663ceaff919953702129,base,test,3,7,1715.8665,212.4321,0.0005,65.559,17.408,1289,ok,,7ba0c0c8eb
43e0bc783f01ec3d64e7663ceaff919953702129,base,test,4,8,1691.182,217.0655,0.0005,66.112,36.439,1378,ok,,7ba0c0c8eb
43e0bc783f01ec3d64e7663ceaff919953702129,head,test,0,1,1674.0005,194.7191,0.0005,65.999,21.017,1196,ok,,7ba0c0c8eb
43e0bc783f01ec3d64e7663ceaff919953702129,head,test,1,2,1723.1955,219.0977,0.0005,64.993,37.533,1321,ok,,7ba0c0c8eb
43e0bc783f01ec3d64e7663ceaff919953702129,head,test,2,5,1676.564,187.4666,0.0004,65.866,17.111,1255,ok,,7ba0c0c8eb
43e0bc783f01ec3d64e7663ceaff919953702129,head,test,3,6,1676.5555,178.9447,0.0005,65.015,18.032,1200,ok,,7ba0c0c8eb
43e0bc783f01ec3d64e7663ceaff919953702129,head,test,4,9,1675.7895,196.4008,0.0005,66.099,19.415,1343,ok,,7ba0c0c8eb
0faccf7cb1da6785dacd44f731a87e55e4a8fbf8,base,test,0,0,1672.949,194.719,0.0005,65.972,43.519,1200,ok,,7ba0c0c8eb
0faccf7cb1da6785dacd44f731a87e55e4a8fbf8,base,test,1,3,1664.786,195.6902,0.0005,66.088,20.377,1178,ok,,7ba0c0c8eb
0faccf7cb1da6785dacd44f731a87e55e4a8fbf8,base,test,2,4,1672.2465,198.3151,0.0005,66.095,16.18,1281,ok,,7ba0c0c8eb
0faccf7cb1da6785dacd44f731a87e55e4a8fbf8,base,test,3,7,1690.658,186.0604,0.0005,65.996,33.416,1481,outlier,lcpObs,7ba0c0c8eb
0faccf7cb1da6785dacd44f731a87e55e4a8fbf8,base,test,4,8,1686.236,189.3089,0.0005,66.005,16.733,1223,ok,,7ba0c0c8eb
0faccf7cb1da6785dacd44f731a87e55e4a8fbf8,head,test,0,1,1674.529,188.5346,0.0005,66.024,16.689,1206,ok,,7ba0c0c8eb
0faccf7cb1da6785dacd44f731a87e55e4a8fbf8,head,test,1,2,1673.747,196.3469,0.0005,66.117,16.938,1212,ok,,7ba0c0c8eb
0faccf7cb1da6785dacd44f731a87e55e4a8fbf8,head,test,2,5,1688.149,198.1404,0.0004,66.159,16.798,1230,ok,,7ba0c0c8eb
0faccf7cb1da6785dacd44f731a87e55e4a8fbf8,head,test,3,6,1675.8655,196.3237,0.0005,65.993,20.199,1223,ok,,7ba0c0c8eb
0faccf7cb1da6785dacd44f731a87e55e4a8fbf8,head,test,4,9,1685.465,207.3623,0.0005,65.803,18.811,1231,ok,,7ba0c0c8eb
e8339f0a1f4de6f00b21906092bbb4683ec61378,base,test,0,0,1679.625,183.569,0.0005,65.862,38.036,1203,ok,,7ba0c0c8eb
e8339f0a1f4de6f00b21906092bbb4683ec61378,base,test,1,3,1672.981,189.4192,0.0005,66.034,20.907,1184,ok,,7ba0c0c8eb
e8339f0a1f4de6f00b21906092bbb4683ec61378,base,test,2,4,1678.8085,189.5795,0.0005,66.075,37.224,1488,outlier,lcpObs,7ba0c0c8eb
e8339f0a1f4de6f00b21906092bbb4683ec61378,base,test,3,7,1668.7615,191.2358,0.0004,66.15,33.922,1196,ok,,7ba0c0c8eb
e8339f0a1f4de6f00b21906092bbb4683ec61378,base,test,4,8,1680.7705,188.3807,0.0005,65.994,16.515,1228,ok,,7ba0c0c8eb
e8339f0a1f4de6f00b21906092bbb4683ec61378,head,test,0,1,1630.1735,188.7909,0.0005,65.82,13.284,1223,ok,,7ba0c0c8eb
e8339f0a1f4de6f00b21906092bbb4683ec61378,head,test,1,2,1674.384,191.5034,0.0005,66.177,19.77,1205,ok,,7ba0c0c8eb
e8339f0a1f4de6f00b21906092bbb4683ec61378,head,test,2,5,1668.4535,186.4941,0.0004,64.99,21.833,1178,ok,,7ba0c0c8eb
e8339f0a1f4de6f00b21906092bbb4683ec61378,head,test,3,6,1689.8215,202.5799,0.0005,72.841,41.569,11020,outlier,lcpObs,7ba0c0c8eb
e8339f0a1f4de6f00b21906092bbb4683ec61378,head,test,4,9,1670.2455,187.5573,0.0005,65.967,30.192,1484,outlier,lcpObs,7ba0c0c8eb
0a4043de458f238a91132863dd69dd0bf9dc8cbd,base,test,0,0,1680.789,190.3591,0.0005,66.002,39.017,1200,ok,,7ba0c0c8eb
0a4043de458f238a91132863dd69dd0bf9dc8cbd,base,test,1,3,1676.0305,199.2726,0.0005,66.019,19.847,1209,ok,,7ba0c0c8eb
0a4043de458f238a91132863dd69dd0bf9dc8cbd,base,test,2,4,1662.9825,187.0255,0.0004,66.036,21.853,1180,ok,,7ba0c0c8eb
0a4043de458f238a91132863dd69dd0bf9dc8cbd,base,test,3,7,1666.9445,183.9119,0.0005,65.967,41.734,1170,ok,,7ba0c0c8eb
0a4043de458f238a91132863dd69dd0bf9dc8cbd,base,test,4,8,1661.868,205.2533,0.0005,65.977,18.651,1181,ok,,7ba0c0c8eb
0a4043de458f238a91132863dd69dd0bf9dc8cbd,head,test,0,1,1718.825,188.8318,0.0005,65.977,11.735,1290,ok,,7ba0c0c8eb
0a4043de458f238a91132863dd69dd0bf9dc8cbd,head,test,1,2,1682.2265,187.5173,0.0005,66.098,39.667,1224,ok,,7ba0c0c8eb
0a4043de458f238a91132863dd69dd0bf9dc8cbd,head,test,2,5,1667.4475,199.8916,0.0005,66.028,30.964,1502,outlier,lcpObs,7ba0c0c8eb
0a4043de458f238a91132863dd69dd0bf9dc8cbd,head,test,3,6,1676.957,203.175,0.0005,66.018,17.316,1221,ok,,7ba0c0c8eb
0a4043de458f238a91132863dd69dd0bf9dc8cbd,head,test,4,9,1669.357,195.6794,0.0005,65.949,17.833,1189,ok,,7ba0c0c8eb
5f305735def6ec5fa318483751a496b9ed32a5cc,base,test,0,0,1667.895,186.0689,0.0005,66.364,36.89,1478,outlier,lcpObs,7ba0c0c8eb
5f305735def6ec5fa318483751a496b9ed32a5cc,base,test,1,3,1670.762,177.4015,0.0005,65.977,17.534,1195,ok,,7ba0c0c8eb
5f305735def6ec5fa318483751a496b9ed32a5cc,base,test,2,4,1680.7505,197.5951,0.0005,65.994,16.295,1200,ok,,7ba0c0c8eb
5f305735def6ec5fa318483751a496b9ed32a5cc,base,test,3,7,1738.82,191.632,0.0005,65.138,18.95,1365,outlier,lcpObs,7ba0c0c8eb
5f305735def6ec5fa318483751a496b9ed32a5cc,base,test,4,8,1670.3795,186.2218,0.0005,66.04,20.228,1207,ok,,7ba0c0c8eb
5f305735def6ec5fa318483751a496b9ed32a5cc,head,test,0,1,1680.8755,188.3447,0.0005,66.158,18.584,1207,ok,,7ba0c0c8eb
5f305735def6ec5fa318483751a496b9ed32a5cc,head,test,1,2,1665.2485,190.642,0.0005,64.992,17.522,1161,ok,,7ba0c0c8eb
5f305735def6ec5fa318483751a496b9ed32a5cc,head,test,2,5,1738.809,187.974,0.0005,65.968,18.869,1321,ok,,7ba0c0c8eb
5f305735def6ec5fa318483751a496b9ed32a5cc,head,test,3,6,1647.6805,183.9326,0.0005,64.911,32.518,1560,outlier,lcpObs,7ba0c0c8eb
5f305735def6ec5fa318483751a496b9ed32a5cc,head,test,4,9,1679.89,194.7971,0.0005,65.939,11.473,1234,ok,,7ba0c0c8eb
34e971bc42713fddfb75c2ff44bc119069198905,base,test,0,0,1673.2185,187.1065,0.0005,68.365,44.9,1504,outlier,lcpObs,7ba0c0c8eb
34e971bc42713fddfb75c2ff44bc119069198905,base,test,1,3,1675.4135,195.7288,0.0005,64.931,15.512,1222,ok,,7ba0c0c8eb
34e971bc42713fddfb75c2ff44bc119069198905,base,test,2,4,1701.676,188.537,0.0005,68.247,17.868,1280,ok,,7ba0c0c8eb
34e971bc42713fddfb75c2ff44bc119069198905,base,test,3,7,1674.404,185.3947,0.0004,66.068,16.094,1210,ok,,7ba0c0c8eb
34e971bc42713fddfb75c2ff44bc119069198905,base,test,4,8,1685.6985,191.8889,0.0005,66.105,33.224,1254,ok,,7ba0c0c8eb
34e971bc42713fddfb75c2ff44bc119069198905,head,test,0,1,1675.216,205.9615,0.0005,66.037,24.395,1229,ok,,7ba0c0c8eb
34e971bc42713fddfb75c2ff44bc119069198905,head,test,1,2,1677.982,189.4706,0.0005,65.995,34.793,1216,ok,,7ba0c0c8eb
34e971bc42713fddfb75c2ff44bc119069198905,head,test,2,5,1671.662,172.5247,0.0005,65.972,33.273,1200,ok,,7ba0c0c8eb
34e971bc42713fddfb75c2ff44bc119069198905,head,test,3,6,1678.474,171.7129,0.0005,65.019,15.875,1190,ok,,7ba0c0c8eb
34e971bc42713fddfb75c2ff44bc119069198905,head,test,4,9,1735.196,187.6841,0.0005,65.035,15.496,1336,outlier,lcpObs,7ba0c0c8eb
ad3b7b37d154a8efe852c0b6b9cfb4e9e164dcea,base,test,0,0,1673.0725,190.7641,0.0005,65.928,40.503,1477,ok,,7ba0c0c8eb
ad3b7b37d154a8efe852c0b6b9cfb4e9e164dcea,base,test,1,3,1660.9415,189.1296,0.0005,65.864,40.174,1484,ok,,7ba0c0c8eb
ad3b7b37d154a8efe852c0b6b9cfb4e9e164dcea,base,test,2,4,1667.1615,186.865,0.0005,65.942,40.544,1457,ok,,7ba0c0c8eb
ad3b7b37d154a8efe852c0b6b9cfb4e9e164dcea,base,test,3,7,1713.0025,192.4711,0.0005,66.025,17.541,1271,outlier,lcpObs,7ba0c0c8eb
ad3b7b37d154a8efe852c0b6b9cfb4e9e164dcea,base,test,4,8,2148.909,186.9501,0.0005,68.651,42.177,3102,outlier,lcp;lcpObs,7ba0c0c8eb
ad3b7b37d154a8efe852c0b6b9cfb4e9e164dcea,head,test,0,1,1683.7555,196.1521,0.0005,66.058,19.349,1265,ok,,7ba0c0c8eb
ad3b7b37d154a8efe852c0b6b9cfb4e9e164dcea,head,test,1,2,1677.0555,194.5338,0.0005,65.858,16.524,1219,ok,,7ba0c0c8eb
ad3b7b37d154a8efe852c0b6b9cfb4e9e164dcea,head,test,2,5,1689.2445,189.8596,0.0005,64.986,20.154,1249,ok,,7ba0c0c8eb
ad3b7b37d154a8efe852c0b6b9cfb4e9e164dcea,head,test,3,6,1669.001,173.8025,0.0005,65.869,18.712,1186,ok,,7ba0c0c8eb
ad3b7b37d154a8efe852c0b6b9cfb4e9e164dcea,head,test,4,9,2416.2995,148.6768,0.0005,65.104,43.001,2392,outlier,lcp;tbt;lcpObs,7ba0c0c8eb
71c0f43d961fadad1d726bda3de78fce17fe884d,base,test,0,0,1679.83,187.0441,0.0004,66.35,44.287,1530,outlier,lcpObs,7ba0c0c8eb
71c0f43d961fadad1d726bda3de78fce17fe884d,base,test,1,3,1662.3005,191.2514,0.0005,65.026,32.997,1520,outlier,lcpObs,7ba0c0c8eb
71c0f43d961fadad1d726bda3de78fce17fe884d,base,test,2,4,1717.49,191.8336,0.0005,66.016,15.683,1324,ok,,7ba0c0c8eb
71c0f43d961fadad1d726bda3de78fce17fe884d,base,test,3,7,1687.408,185.9425,0.0005,66.052,36.805,1230,ok,,7ba0c0c8eb
71c0f43d961fadad1d726bda3de78fce17fe884d,base,test,4,8,1670.3335,204.8053,0.0005,65.881,32.659,1219,ok,,7ba0c0c8eb
71c0f43d961fadad1d726bda3de78fce17fe884d,base,test,5,11,1673.2645,188.0766,0.0005,66.091,14.736,1195,ok,,7ba0c0c8eb
71c0f43d961fadad1d726bda3de78fce17fe884d,base,test,6,12,1678.639,189.9505,0.0004,64.989,17.149,1212,ok,,7ba0c0c8eb
71c0f43d961fadad1d726bda3de78fce17fe884d,base,test,7,15,1669.229,195.4813,0.0005,65.034,17.715,1203,ok,,7ba0c0c8eb
71c0f43d961fadad1d726bda3de78fce17fe884d,base,test,8,16,1668.2615,190.6681,0.0005,66.096,20.149,1214,ok,,7ba0c0c8eb
71c0f43d961fadad1d726bda3de78fce17fe884d,base,test,9,19,1713.5335,189.9279,0.0005,64.873,39.166,1535,outlier,lcpObs,7ba0c0c8eb
71c0f43d961fadad1d726bda3de78fce17fe884d,base,test,10,20,1684.1845,191.4463,0.0005,64.874,16.541,1252,ok,,7ba0c0c8eb
71c0f43d961fadad1d726bda3de78fce17fe884d,base,test,11,23,1701.507,189.5023,0.0005,65.982,19.578,1239,ok,,7ba0c0c8eb
71c0f43d961fadad1d726bda3de78fce17fe884d,base,test,12,24,1673.8075,186.4855,0.0005,65.969,14.899,1212,ok,,7ba0c0c8eb
71c0f43d961fadad1d726bda3de78fce17fe884d,base,test,13,27,1671.294,185.1331,0.0005,66.043,15.483,1280,ok,,7ba0c0c8eb
71c0f43d961fadad1d726bda3de78fce17fe884d,base,test,14,28,1672.938,198.2982,0.0005,64.933,18.781,1221,ok,,7ba0c0c8eb
71c0f43d961fadad1d726bda3de78fce17fe884d,head,test,0,1,1669.1335,189.3081,0.0005,66.305,15.04,1200,ok,,7ba0c0c8eb
71c0f43d961fadad1d726bda3de78fce17fe884d,head,test,1,2,1670.9565,191.0033,0.0005,65.929,16.601,1214,ok,,7ba0c0c8eb
71c0f43d961fadad1d726bda3de78fce17fe884d,head,test,2,5,1665.032,176.3578,0.0005,65.931,20.752,1190,ok,,7ba0c0c8eb
71c0f43d961fadad1d726bda3de78fce17fe884d,head,test,3,6,1664.776,189.1376,0.0005,65.644,18.793,1180,ok,,7ba0c0c8eb
71c0f43d961fadad1d726bda3de78fce17fe884d,head,test,4,9,1676.5805,186.8838,0.0005,65.064,16.737,1211,ok,,7ba0c0c8eb
71c0f43d961fadad1d726bda3de78fce17fe884d,head,test,5,10,1715.9855,197.6543,0.0005,65.939,15.896,1304,ok,,7ba0c0c8eb
71c0f43d961fadad1d726bda3de78fce17fe884d,head,test,6,13,1688.906,198.9572,0.0005,81.698,53.94,11054,outlier,tbtFlow;lcpObs,7ba0c0c8eb
71c0f43d961fadad1d726bda3de78fce17fe884d,head,test,7,14,1711.486,190.2571,0.0004,66.017,15.539,1284,ok,,7ba0c0c8eb
71c0f43d961fadad1d726bda3de78fce17fe884d,head,test,8,17,1670.672,187.2901,0.0004,66.123,19.524,1224,ok,,7ba0c0c8eb
71c0f43d961fadad1d726bda3de78fce17fe884d,head,test,9,18,1728.7605,183.2986,0.0005,66.02,44.405,1325,ok,,7ba0c0c8eb
71c0f43d961fadad1d726bda3de78fce17fe884d,head,test,10,21,1722.2605,186.8985,0.0005,65.999,19.197,1327,ok,,7ba0c0c8eb
71c0f43d961fadad1d726bda3de78fce17fe884d,head,test,11,22,1762.743,193.8113,0.0004,65.886,33.038,1535,ok,,7ba0c0c8eb
71c0f43d961fadad1d726bda3de78fce17fe884d,head,test,12,25,1721.7955,186.289,0.0005,65.918,16.952,1301,ok,,7ba0c0c8eb
71c0f43d961fadad1d726bda3de78fce17fe884d,head,test,13,26,1722.771,184.4966,0.0005,66.019,25.779,1317,ok,,7ba0c0c8eb
71c0f43d961fadad1d726bda3de78fce17fe884d,head,test,14,29,1675.243,188.7473,0.0004,64.982,35.508,1240,ok,,7ba0c0c8eb
741ab7cb05654d6960e8d7ad550d6ed2468ce7f0,base,test,0,0,1675.59,200.9413,0.0005,68.171,42.597,1483,outlier,lcpObs,7ba0c0c8eb
741ab7cb05654d6960e8d7ad550d6ed2468ce7f0,base,test,1,3,1669.541,193.9933,0.0005,66.012,19.353,1221,ok,,7ba0c0c8eb
741ab7cb05654d6960e8d7ad550d6ed2468ce7f0,base,test,2,4,1676.5345,184.7194,0.0005,66.022,16.749,1234,ok,,7ba0c0c8eb
741ab7cb05654d6960e8d7ad550d6ed2468ce7f0,base,test,3,7,1716.6595,194.6625,0.0005,65.087,17.797,1310,ok,,7ba0c0c8eb
741ab7cb05654d6960e8d7ad550d6ed2468ce7f0,base,test,4,8,1668.1005,230.5274,0.0005,65.064,16.541,1196,outlier,tbt,7ba0c0c8eb
741ab7cb05654d6960e8d7ad550d6ed2468ce7f0,head,test,0,1,1684.375,194.3811,0.0005,65.661,15.518,1236,ok,,7ba0c0c8eb
741ab7cb05654d6960e8d7ad550d6ed2468ce7f0,head,test,1,2,1677.794,198.572,0.0004,65.976,17.931,1211,ok,,7ba0c0c8eb
741ab7cb05654d6960e8d7ad550d6ed2468ce7f0,head,test,2,5,1682.593,188.6381,0.0005,66.006,15.957,1237,ok,,7ba0c0c8eb
741ab7cb05654d6960e8d7ad550d6ed2468ce7f0,head,test,3,6,1672.259,189.0203,0.0005,65.942,18.325,1232,ok,,7ba0c0c8eb
741ab7cb05654d6960e8d7ad550d6ed2468ce7f0,head,test,4,9,1716.748,186.2949,0.0005,64.985,19.401,1274,ok,,7ba0c0c8eb
2f9195ee561873d099fc371672388e1cde28f852,base,test,0,0,1684.444,188.8267,0.0004,66.034,43.119,1510,ok,,7ba0c0c8eb
2f9195ee561873d099fc371672388e1cde28f852,base,test,1,3,1723.6205,186.4946,0.0005,77.166,56.443,1311,ok,,7ba0c0c8eb
2f9195ee561873d099fc371672388e1cde28f852,base,test,2,4,1689.8375,198.0685,0.0005,64.967,44.375,1527,ok,,7ba0c0c8eb
2f9195ee561873d099fc371672388e1cde28f852,base,test,3,7,1712.0475,190.3165,0.0005,64.859,16.764,1285,ok,,7ba0c0c8eb
2f9195ee561873d099fc371672388e1cde28f852,base,test,4,8,1694.1175,191.0505,0.0005,66.015,17.635,1242,ok,,7ba0c0c8eb
2f9195ee561873d099fc371672388e1cde28f852,head,test,0,1,1687.2025,187.734,0.0005,65.997,24.418,1253,ok,,7ba0c0c8eb
2f9195ee561873d099fc371672388e1cde28f852,head,test,1,2,1661.009,197.713,0.0005,66.184,24.508,1175,ok,,7ba0c0c8eb
2f9195ee561873d099fc371672388e1cde28f852,head,test,2,5,1678.3755,197.9051,0.0005,66.022,19.829,1205,ok,,7ba0c0c8eb
2f9195ee561873d099fc371672388e1cde28f852,head,test,3,6,1732.039,183.8589,0.0005,78.832,30.094,1336,ok,,7ba0c0c8eb
2f9195ee561873d099fc371672388e1cde28f852,head,test,4,9,1673.207,204.4512,0.0005,64.867,19.964,1214,ok,,7ba0c0c8eb
943c1deb9bdf33bde775e4129ea891a10bf9d4fd,base,test,0,0,1723.7105,186.9708,0.0005,81.806,58.884,1432,outlier,tbtFlow;lcpObs,7ba0c0c8eb
943c1deb9bdf33bde775e4129ea891a10bf9d4fd,base,test,1,3,1674.741,192.687,0.0004,66.115,27.181,1220,ok,,7ba0c0c8eb
943c1deb9bdf33bde775e4129ea891a10bf9d4fd,base,test,2,4,1695.5955,187.0129,0.0005,66.106,24.17,1234,ok,,7ba0c0c8eb
943c1deb9bdf33bde775e4129ea891a10bf9d4fd,base,test,3,7,1721.722,193.6153,0.0005,65.912,21.655,1320,ok,,7ba0c0c8eb
943c1deb9bdf33bde775e4129ea891a10bf9d4fd,base,test,4,8,1685.0675,184.6169,0.0005,66.115,22.27,1210,ok,,7ba0c0c8eb
943c1deb9bdf33bde775e4129ea891a10bf9d4fd,head,test,0,1,1675.355,189.5399,0.0005,64.834,42.449,1537,outlier,lcpObs,7ba0c0c8eb
943c1deb9bdf33bde775e4129ea891a10bf9d4fd,head,test,1,2,1688.6745,188.4258,0.0005,66.162,20.463,1261,ok,,7ba0c0c8eb
943c1deb9bdf33bde775e4129ea891a10bf9d4fd,head,test,2,5,1672.0475,172.8702,0.0005,64.893,21.382,1195,ok,,7ba0c0c8eb
943c1deb9bdf33bde775e4129ea891a10bf9d4fd,head,test,3,6,1667.3485,188.9483,0.0004,65.995,49.121,1184,ok,,7ba0c0c8eb
943c1deb9bdf33bde775e4129ea891a10bf9d4fd,head,test,4,9,1673.6615,195.7594,0.0005,88.673,29.704,1235,outlier,inp,7ba0c0c8eb
fb9f339157f932a16d013b05d7ac912bb152d9af,base,test,0,0,1662.078,186.648,0.0004,64.852,42.041,1779,outlier,lcpObs,7ba0c0c8eb
fb9f339157f932a16d013b05d7ac912bb152d9af,base,test,1,3,1660.703,191.9582,0.0005,65.137,20.372,1207,ok,,7ba0c0c8eb
fb9f339157f932a16d013b05d7ac912bb152d9af,base,test,2,4,1731.2745,186.6149,0.0005,65.188,22.957,1329,outlier,lcpObs,7ba0c0c8eb
fb9f339157f932a16d013b05d7ac912bb152d9af,base,test,3,7,1665.5665,188.6709,0.0005,81.464,26.626,1210,ok,,7ba0c0c8eb
fb9f339157f932a16d013b05d7ac912bb152d9af,base,test,4,8,1684.9195,186.6134,0.0004,65.928,16.74,1223,ok,,7ba0c0c8eb
fb9f339157f932a16d013b05d7ac912bb152d9af,head,test,0,1,1659.389,183.7829,0.0004,81.833,27.465,1172,ok,,7ba0c0c8eb
fb9f339157f932a16d013b05d7ac912bb152d9af,head,test,1,2,1626.6735,199.0504,0.0004,90.256,36.483,1215,outlier,inp,7ba0c0c8eb
fb9f339157f932a16d013b05d7ac912bb152d9af,head,test,2,5,1681.6865,192.0872,0.0005,66.04,23.82,1233,ok,,7ba0c0c8eb
fb9f339157f932a16d013b05d7ac912bb152d9af,head,test,3,6,1725.112,187.4822,0.0005,65.955,22.679,1301,ok,,7ba0c0c8eb
fb9f339157f932a16d013b05d7ac912bb152d9af,head,test,4,9,1725.925,188.5424,0.0005,66.048,20.892,1262,ok,,7ba0c0c8eb
d997ae8746d2130a2084dfdb78ba5eb3dcf57c19,base,test,0,0,2202.1155,148.9618,0.0004,65.98,41.538,5059,outlier,lcp;tbt;lcpObs,7ba0c0c8eb
d997ae8746d2130a2084dfdb78ba5eb3dcf57c19,base,test,1,3,1685.793,196.2935,0.0005,65.153,26.553,1254,ok,,7ba0c0c8eb
d997ae8746d2130a2084dfdb78ba5eb3dcf57c19,base,test,2,4,1684.551,187.4962,0.0005,66.044,25.204,1203,ok,,7ba0c0c8eb
d997ae8746d2130a2084dfdb78ba5eb3dcf57c19,base,test,3,7,1728.554,195.5437,0.0004,66.018,23.873,1322,ok,,7ba0c0c8eb
d997ae8746d2130a2084dfdb78ba5eb3dcf57c19,base,test,4,8,1667.7905,179.547,0.0005,66.032,18.072,1199,ok,,7ba0c0c8eb
d997ae8746d2130a2084dfdb78ba5eb3dcf57c19,head,test,0,1,1677.3045,188.9589,0.0004,66.075,40.053,1524,outlier,lcpObs,7ba0c0c8eb
d997ae8746d2130a2084dfdb78ba5eb3dcf57c19,head,test,1,2,1685.274,189.0707,0.0005,76.245,27.118,1260,ok,,7ba0c0c8eb
d997ae8746d2130a2084dfdb78ba5eb3dcf57c19,head,test,2,5,1680.886,184.6315,0.0005,65.991,22.451,1214,ok,,7ba0c0c8eb
d997ae8746d2130a2084dfdb78ba5eb3dcf57c19,head,test,3,6,1678.171,182.4092,0.0005,92.47,27.552,1206,outlier,inp,7ba0c0c8eb
d997ae8746d2130a2084dfdb78ba5eb3dcf57c19,head,test,4,9,1681.644,188.981,0.0005,64.905,19.593,1215,ok,,7ba0c0c8eb
6d8ef91155a4b62bda70238ee85636c3beccc54e,base,test,0,0,1679.35,185.2074,0.0005,65.862,37.364,1305,ok,,7ba0c0c8eb
6d8ef91155a4b62bda70238ee85636c3beccc54e,base,test,1,3,1687.669,186.7645,0.0005,64.937,73.204,1248,ok,,7ba0c0c8eb
6d8ef91155a4b62bda70238ee85636c3beccc54e,base,test,2,4,1728.2385,199.9192,0.0005,70.945,37.164,1339,ok,,7ba0c0c8eb
6d8ef91155a4b62bda70238ee85636c3beccc54e,base,test,3,7,1666.244,196.7463,0.0004,65.843,21.135,1213,ok,,7ba0c0c8eb
6d8ef91155a4b62bda70238ee85636c3beccc54e,base,test,4,8,1692.904,188.2485,0.0005,66.992,19.633,1244,ok,,7ba0c0c8eb
6d8ef91155a4b62bda70238ee85636c3beccc54e,head,test,0,1,1713.61,187.7635,0.0005,70.669,27.504,1286,ok,,7ba0c0c8eb
6d8ef91155a4b62bda70238ee85636c3beccc54e,head,test,1,2,1686.0665,276.9514,0.0005,79.133,47.907,1297,ok,,7ba0c0c8eb
6d8ef91155a4b62bda70238ee85636c3beccc54e,head,test,2,5,1681.767,209.8406,0.0005,85.369,140.86,10955,outlier,tbtFlow;lcpObs,7ba0c0c8eb
6d8ef91155a4b62bda70238ee85636c3beccc54e,head,test,3,6,1678.4655,220.3526,0.0005,66.046,18.096,1227,ok,,7ba0c0c8eb
6d8ef91155a4b62bda70238ee85636c3beccc54e,head,test,4,9,1669.9005,187.1188,0.0005,70.573,14.475,1201,ok,,7ba0c0c8eb
d1011bd1f53917ae9d9a513a90d4c84d0ba68136,base,test,0,0,1665.7105,184.806,0.0005,65.025,49.285,1284,ok,,7ba0c0c8eb
d1011bd1f53917ae9d9a513a90d4c84d0ba68136,base,test,1,3,1735.997,203.8834,0.0005,66.018,19.407,1332,ok,,7ba0c0c8eb
d1011bd1f53917ae9d9a513a90d4c84d0ba68136,base,test,2,4,1689.779,196.7574,0.0004,64.862,20.756,1294,ok,,7ba0c0c8eb
d1011bd1f53917ae9d9a513a90d4c84d0ba68136,base,test,3,7,1687.2755,186.0308,0.0005,65.898,35.175,1250,ok,,7ba0c0c8eb
d1011bd1f53917ae9d9a513a90d4c84d0ba68136,base,test,4,8,1671.6425,191.1292,0.0005,83.662,37.328,1216,ok,,7ba0c0c8eb
d1011bd1f53917ae9d9a513a90d4c84d0ba68136,head,test,0,1,1671.7535,185.2716,0.0004,70.56,44.937,1198,ok,,7ba0c0c8eb
d1011bd1f53917ae9d9a513a90d4c84d0ba68136,head,test,1,2,1728.1795,192.7511,0.0005,84.634,24.042,1299,ok,,7ba0c0c8eb
d1011bd1f53917ae9d9a513a90d4c84d0ba68136,head,test,2,5,1660.3875,186.5173,0.0004,66.054,47.18,1179,ok,,7ba0c0c8eb
d1011bd1f53917ae9d9a513a90d4c84d0ba68136,head,test,3,6,1682.704,187.692,0.0004,65.995,27.8,1260,ok,,7ba0c0c8eb
d1011bd1f53917ae9d9a513a90d4c84d0ba68136,head,test,4,9,1688.0645,194.4083,0.0005,82.56,37.943,1254,ok,,7ba0c0c8eb
3d902bb15f826a484dc3db08bc19eb12f2c65319,base,test,0,0,1675.3005,187.6136,0.0005,64.974,25.113,1305,ok,,7ba0c0c8eb
3d902bb15f826a484dc3db08bc19eb12f2c65319,base,test,1,3,1723.4275,189.0911,0.0005,73.08,37.938,1303,ok,,7ba0c0c8eb
3d902bb15f826a484dc3db08bc19eb12f2c65319,base,test,2,4,1748.535,188.3792,0.0005,64.98,28.135,1347,ok,,7ba0c0c8eb
3d902bb15f826a484dc3db08bc19eb12f2c65319,base,test,3,7,1678.033,192.7375,0.0005,79.432,44.223,1196,ok,,7ba0c0c8eb
3d902bb15f826a484dc3db08bc19eb12f2c65319,base,test,4,8,1660.6145,186.9477,0.0005,66.058,58.563,1205,ok,,7ba0c0c8eb
3d902bb15f826a484dc3db08bc19eb12f2c65319,head,test,0,1,1667.0985,186.8259,0.0005,80.672,31.929,1171,ok,,7ba0c0c8eb
3d902bb15f826a484dc3db08bc19eb12f2c65319,head,test,1,2,1678.794,190.3376,0.0005,66.191,26.664,1209,ok,,7ba0c0c8eb
3d902bb15f826a484dc3db08bc19eb12f2c65319,head,test,2,5,1670.336,186.1746,0.0005,66.025,25.652,1203,ok,,7ba0c0c8eb
3d902bb15f826a484dc3db08bc19eb12f2c65319,head,test,3,6,1678.248,186.0081,0.0005,86.928,50.559,2078,outlier,inp;lcpObs,7ba0c0c8eb
3d902bb15f826a484dc3db08bc19eb12f2c65319,head,test,4,9,1663.377,186.9653,0.0005,66.011,29.495,1190,ok,,7ba0c0c8eb
c7927bcd8628e846c6db930898774f2c68b03d96,base,test,0,0,1731.0065,189.2395,0.0005,80.104,44.538,1556,outlier,lcpObs,7ba0c0c8eb
c7927bcd8628e846c6db930898774f2c68b03d96,base,test,1,3,1717.6135,192.2697,0.0004,66.13,44.321,1335,outlier,lcpObs,7ba0c0c8eb
c7927bcd8628e846c6db930898774f2c68b03d96,base,test,2,4,1675.6205,188.6911,0.0005,85.886,94.633,1218,ok,,7ba0c0c8eb
c7927bcd8628e846c6db930898774f2c68b03d96,base,test,3,7,1667.5945,190.8641,0.0004,84.754,67.571,1197,ok,,7ba0c0c8eb
c7927bcd8628e846c6db930898774f2c68b03d96,base,test,4,8,1676.548,186.5319,0.0005,66.046,29.791,1205,ok,,7ba0c0c8eb
c7927bcd8628e846c6db930898774f2c68b03d96,head,test,0,1,1643.3185,190.9653,0.0004,66.022,21.67,1237,ok,,7ba0c0c8eb
c7927bcd8628e846c6db930898774f2c68b03d96,head,test,1,2,1674.443,206.6887,0.0005,89.975,30.968,1236,ok,,7ba0c0c8eb
c7927bcd8628e846c6db930898774f2c68b03d96,head,test,2,5,1669.249,187.7663,0.0005,66.042,33.533,1192,ok,,7ba0c0c8eb
c7927bcd8628e846c6db930898774f2c68b03d96,head,test,3,6,1725.7175,192.7934,0.0005,79.944,57.851,11491,outlier,lcpObs,7ba0c0c8eb
c7927bcd8628e846c6db930898774f2c68b03d96,head,test,4,9,1677.769,186.9256,0.0005,76.48,53.512,1197,ok,,7ba0c0c8eb
b9dd15005a96972d5c3249ebcf87b1c854bdf1ee,base,test,0,0,1660.7405,205.4872,0.0005,86.354,38.812,1293,outlier,lcpObs,7ba0c0c8eb
b9dd15005a96972d5c3249ebcf87b1c854bdf1ee,base,test,1,3,1668.761,193.4405,0.0005,85.978,33.269,1202,ok,,7ba0c0c8eb
b9dd15005a96972d5c3249ebcf87b1c854bdf1ee,base,test,2,4,1677.516,185.199,0.0005,65.971,48.377,1213,outlier,inp,7ba0c0c8eb
b9dd15005a96972d5c3249ebcf87b1c854bdf1ee,base,test,3,7,1722.923,190.3224,0.0005,65.718,25.463,1323,outlier,inp;lcpObs,7ba0c0c8eb
b9dd15005a96972d5c3249ebcf87b1c854bdf1ee,base,test,4,8,1674.072,214.0379,0.0004,86.284,37.407,1206,ok,,7ba0c0c8eb
b9dd15005a96972d5c3249ebcf87b1c854bdf1ee,head,test,0,1,1658.8645,190.438,0.0005,66.021,22.761,1181,ok,,7ba0c0c8eb
b9dd15005a96972d5c3249ebcf87b1c854bdf1ee,head,test,1,2,1664.8605,197.3217,0.0005,65.926,54.569,1209,ok,,7ba0c0c8eb
b9dd15005a96972d5c3249ebcf87b1c854bdf1ee,head,test,2,5,1678.8285,187.1817,0.0004,86.661,43.607,1215,ok,,7ba0c0c8eb
b9dd15005a96972d5c3249ebcf87b1c854bdf1ee,head,test,3,6,1674.892,189.8579,0.0004,70.096,33.354,1210,ok,,7ba0c0c8eb
b9dd15005a96972d5c3249ebcf87b1c854bdf1ee,head,test,4,9,1689.4615,186.7511,0.0005,72.469,42.229,1263,ok,,7ba0c0c8eb
e0b5c465cd26c0d33b17ef9cc0f966ffba1d2baf,base,test,0,0,1659.467,190.8907,0.0004,66.08,33.599,1294,ok,,7ba0c0c8eb
e0b5c465cd26c0d33b17ef9cc0f966ffba1d2baf,base,test,1,3,1664.073,189.7419,0.0005,66.004,32.14,1218,ok,,7ba0c0c8eb
e0b5c465cd26c0d33b17ef9cc0f966ffba1d2baf,base,test,2,4,1647.0365,188.8134,0.0004,65.933,26.536,1263,ok,,7ba0c0c8eb
e0b5c465cd26c0d33b17ef9cc0f966ffba1d2baf,base,test,3,7,1682.612,193.6271,0.0005,76.492,36.985,1227,ok,,7ba0c0c8eb
e0b5c465cd26c0d33b17ef9cc0f966ffba1d2baf,base,test,4,8,1700.7025,190.5148,0.0005,65.994,31.946,1270,ok,,7ba0c0c8eb
e0b5c465cd26c0d33b17ef9cc0f966ffba1d2baf,head,test,0,1,1685.1225,191.3181,0.0005,66.057,49.529,1232,ok,,7ba0c0c8eb
e0b5c465cd26c0d33b17ef9cc0f966ffba1d2baf,head,test,1,2,1678.0905,201.7188,0.0005,65.989,13.258,1204,ok,,7ba0c0c8eb
e0b5c465cd26c0d33b17ef9cc0f966ffba1d2baf,head,test,2,5,1723.2215,199.7298,0.0005,69.979,38.375,1314,ok,,7ba0c0c8eb
e0b5c465cd26c0d33b17ef9cc0f966ffba1d2baf,head,test,3,6,1670.303,187.8836,0.0005,66.097,27.622,1289,ok,,7ba0c0c8eb
e0b5c465cd26c0d33b17ef9cc0f966ffba1d2baf,head,test,4,9,1716.4445,185.5223,0.0004,66.078,24.413,1323,ok,,7ba0c0c8eb
331ca1a26faeb3d78f631014b027a6b2a1ead78e,base,test,0,0,1679.496,201.5,0.0004,63.544,41.537,1321,ok,,7ba0c0c8eb
331ca1a26faeb3d78f631014b027a6b2a1ead78e,base,test,1,3,1718.361,180.1491,0.0005,66.098,34.559,1289,ok,,7ba0c0c8eb
331ca1a26faeb3d78f631014b027a6b2a1ead78e,base,test,2,4,1729.348,180.4161,0.0005,66.002,42.631,1324,ok,,7ba0c0c8eb
331ca1a26faeb3d78f631014b027a6b2a1ead78e,base,test,3,7,1669.1535,172.7066,0.0005,65.868,15.344,1206,ok,,7ba0c0c8eb
331ca1a26faeb3d78f631014b027a6b2a1ead78e,base,test,4,8,1672.386,171.9687,0.0004,76.746,22.586,1183,ok,,7ba0c0c8eb
331ca1a26faeb3d78f631014b027a6b2a1ead78e,head,test,0,1,1666.4625,172.2858,0.0005,66.076,31.953,1167,ok,,7ba0c0c8eb
331ca1a26faeb3d78f631014b027a6b2a1ead78e,head,test,1,2,1721.1395,171.8015,0.0004,65.955,31.823,1295,outlier,lcpObs,7ba0c0c8eb
331ca1a26faeb3d78f631014b027a6b2a1ead78e,head,test,2,5,1679.7065,179.9457,0.0005,66.707,14.113,1234,ok,,7ba0c0c8eb
331ca1a26faeb3d78f631014b027a6b2a1ead78e,head,test,3,6,1665.1425,172.8787,0.0004,87.625,26.794,1207,outlier,inp,7ba0c0c8eb
331ca1a26faeb3d78f631014b027a6b2a1ead78e,head,test,4,9,1677.749,171.2084,0.0004,66.062,14.123,1217,ok,,7ba0c0c8eb
469a2f6332b8a63ce2b08d4f79dabf9af03263c8,base,test,0,0,1667.437,200.2133,0.0005,66.017,69.216,1326,ok,,7ba0c0c8eb
469a2f6332b8a63ce2b08d4f79dabf9af03263c8,base,test,1,3,1714.4225,180.1297,0.0004,69.258,40.463,1270,ok,,7ba0c0c8eb
469a2f6332b8a63ce2b08d4f79dabf9af03263c8,base,test,2,4,1668.078,172.1162,0.0005,66.001,51.065,1204,ok,,7ba0c0c8eb
469a2f6332b8a63ce2b08d4f79dabf9af03263c8,base,test,3,7,1668.4805,173.9842,0.0004,80.145,51.76,1222,ok,,7ba0c0c8eb
469a2f6332b8a63ce2b08d4f79dabf9af03263c8,base,test,4,8,1667.579,185.1635,0.0004,66.136,27.911,1229,ok,,7ba0c0c8eb
469a2f6332b8a63ce2b08d4f79dabf9af03263c8,head,test,0,1,1669.3695,200.0,0.0005,66.016,57.969,1233,ok,,7ba0c0c8eb
469a2f6332b8a63ce2b08d4f79dabf9af03263c8,head,test,1,2,1730.33,180.8055,0.0004,66.056,37.367,1342,ok,,7ba0c0c8eb
469a2f6332b8a63ce2b08d4f79dabf9af03263c8,head,test,2,5,1676.6435,174.2483,0.0005,64.986,42.814,1206,ok,,7ba0c0c8eb
469a2f6332b8a63ce2b08d4f79dabf9af03263c8,head,test,3,6,1675.271,180.394,0.0005,66.051,29.807,12419,outlier,lcpObs,7ba0c0c8eb
469a2f6332b8a63ce2b08d4f79dabf9af03263c8,head,test,4,9,1710.559,173.024,0.0005,66.14,40.015,1344,ok,,7ba0c0c8eb
89e7e68f705d788fed7d7366c608aa436467f044,base,test,0,0,1665.5255,177.2059,0.0005,65.946,41.721,1305,outlier,lcpObs,7ba0c0c8eb
89e7e68f705d788fed7d7366c608aa436467f044,base,test,1,3,1681.585,204.0532,0.0005,64.773,23.638,1204,ok,,7ba0c0c8eb
89e7e68f705d788fed7d7366c608aa436467f044,base,test,2,4,1657.6635,209,0.0004,64.933,37.25,1161,ok,,7ba0c0c8eb
89e7e68f705d788fed7d7366c608aa436467f044,base,test,3,7,1658.2915,188.1111,0.0005,66.168,36.511,1175,ok,,7ba0c0c8eb
89e7e68f705d788fed7d7366c608aa436467f044,base,test,4,8,1660.963,178.4944,0.0004,66.012,35.745,1192,ok,,7ba0c0c8eb
89e7e68f705d788fed7d7366c608aa436467f044,head,test,0,1,1692.524,176.7562,0.0004,64.936,24.088,1228,ok,,7ba0c0c8eb
89e7e68f705d788fed7d7366c608aa436467f044,head,test,1,2,1673.1985,222.0,0.0005,66.009,31.694,1218,ok,,7ba0c0c8eb
89e7e68f705d788fed7d7366c608aa436467f044,head,test,2,5,1718.0015,198.0,0.0005,65.942,25.561,1278,ok,,7ba0c0c8eb
89e7e68f705d788fed7d7366c608aa436467f044,head,test,3,6,1686.245,209.8838,0.0004,66.004,28.938,1200,ok,,7ba0c0c8eb
89e7e68f705d788fed7d7366c608aa436467f044,head,test,4,9,1677.69,173.2151,0.0004,65.821,28.499,1241,ok,,7ba0c0c8eb
36b59ae8eefd155c7fd31afefaf9285b62ccebc1,base,test,0,0,1677.4625,209.0,0.0005,86.769,28.674,1319,outlier,inp,7ba0c0c8eb
36b59ae8eefd155c7fd31afefaf9285b62ccebc1,base,test,1,3,1691.3585,174.2544,0.0005,84.757,51.767,1237,ok,,7ba0c0c8eb
36b59ae8eefd155c7fd31afefaf9285b62ccebc1,base,test,2,4,1729.4905,180.1749,0.0004,93.621,63.545,1329,outlier,inp,7ba0c0c8eb
36b59ae8eefd155c7fd31afefaf9285b62ccebc1,base,test,3,7,1670.9205,178.0905,0.0005,90.094,28.279,1227,outlier,inp,7ba0c0c8eb
36b59ae8eefd155c7fd31afefaf9285b62ccebc1,base,test,4,8,1715.6595,206.0,0.0005,84.122,38.245,1295,ok,,7ba0c0c8eb
36b59ae8eefd155c7fd31afefaf9285b62ccebc1,base,test,5,11,1687.6995,199.5,0.0005,66.118,42.088,1298,ok,,7ba0c0c8eb
36b59ae8eefd155c7fd31afefaf9285b62ccebc1,base,test,6,12,1657.2115,211,0.0005,65.835,26.091,1163,ok,,7ba0c0c8eb
36b59ae8eefd155c7fd31afefaf9285b62ccebc1,base,test,7,15,1668.724,208,0.0005,81.103,31.239,1293,ok,,7ba0c0c8eb
36b59ae8eefd155c7fd31afefaf9285b62ccebc1,base,test,8,16,1651.3215,208.0,0.0004,66.011,33.814,1178,ok,,7ba0c0c8eb
36b59ae8eefd155c7fd31afefaf9285b62ccebc1,base,test,9,19,1658.376,207.0961,0.0004,66.003,36.097,1202,ok,,7ba0c0c8eb
36b59ae8eefd155c7fd31afefaf9285b62ccebc1,base,test,10,20,1667.0865,198.0,0.0005,66.57,44.033,1208,ok,,7ba0c0c8eb
36b59ae8eefd155c7fd31afefaf9285b62ccebc1,base,test,11,23,1659.405,173.2091,0.0005,66.022,32.36,1205,ok,,7ba0c0c8eb
36b59ae8eefd155c7fd31afefaf9285b62ccebc1,base,test,12,24,1673.1785,186.2257,0.0004,84.856,58.747,1242,ok,,7ba0c0c8eb
36b59ae8eefd155c7fd31afefaf9285b62ccebc1,base,test,13,27,1685.9055,181.0596,0.0005,66.005,37.243,1227,ok,,7ba0c0c8eb
36b59ae8eefd155c7fd31afefaf9285b62ccebc1,base,test,14,28,1726.4525,210.6835,0.0005,65.979,38.919,1314,ok,,7ba0c0c8eb
36b59ae8eefd155c7fd31afefaf9285b62ccebc1,head,test,0,1,1665.914,175.3565,0.0005,66.079,30.482,1235,ok,,7ba0c0c8eb
36b59ae8eefd155c7fd31afefaf9285b62ccebc1,head,test,1,2,1669.283,199.5,0.0005,66.098,26.452,1205,ok,,7ba0c0c8eb
36b59ae8eefd155c7fd31afefaf9285b62ccebc1,head,test,2,5,1726.156,218,0.0004,66.079,24.25,1326,outlier,lcpObs,7ba0c0c8eb
36b59ae8eefd155c7fd31afefaf9285b62ccebc1,head,test,3,6,1614.379,175.9253,0.0004,69.785,28.904,1193,ok,,7ba0c0c8eb
36b59ae8eefd155c7fd31afefaf9285b62ccebc1,head,test,4,9,1666.9735,212.9468,0.0005,83.483,22.772,1220,ok,,7ba0c0c8eb
36b59ae8eefd155c7fd31afefaf9285b62ccebc1,head,test,5,10,1672.7025,201.0799,0.0005,66.227,40.967,1203,ok,,7ba0c0c8eb
36b59ae8eefd155c7fd31afefaf9285b62ccebc1,head,test,6,13,1687.4995,172.1575,0.0005,65.906,20.969,1232,ok,,7ba0c0c8eb
36b59ae8eefd155c7fd31afefaf9285b62ccebc1,head,test,7,14,1659.277,218.0,0.0004,65.984,23.427,1203,ok,,7ba0c0c8eb
36b59ae8eefd155c7fd31afefaf9285b62ccebc1,head,test,8,17,1662.5255,174.114,0.0005,66.108,22.936,1169,ok,,7ba0c0c8eb
36b59ae8eefd155c7fd31afefaf9285b62ccebc1,head,test,9,18,1681.8135,211.5,0.0004,66.877,34.778,1234,ok,,7ba0c0c8eb
36b59ae8eefd155c7fd31afefaf9285b62ccebc1,head,test,10,21,1757.1515,206.6754,0.0005,66.014,13.715,1298,outlier,lcp;lcpObs,7ba0c0c8eb
36b59ae8eefd155c7fd31afefaf9285b62ccebc1,head,test,11,22,1709.964,224,0.0005,65.953,35.549,1242,ok,,7ba0c0c8eb
36b59ae8eefd155c7fd31afefaf9285b62ccebc1,head,test,12,25,1668.2875,203,0.0005,66.042,37.687,1187,ok,,7ba0c0c8eb
36b59ae8eefd155c7fd31afefaf9285b62ccebc1,head,test,13,26,1668.525,186.2212,0.0005,65.969,58.184,1203,outlier,tbtFlow,7ba0c0c8eb
36b59ae8eefd155c7fd31afefaf9285b62ccebc1,head,test,14,29,1664.697,202.0,0.0004,66.022,14.933,1201,ok,,7ba0c0c8eb
97b9085f7e252a080b950aff7979d9c58fa886ce,base,test,0,0,1665.278,203,0.0005,66.163,37.595,1295,ok,,7ba0c0c8eb
97b9085f7e252a080b950aff7979d9c58fa886ce,base,test,1,3,1668.543,197.5,0.0005,65.942,17.168,1185,ok,,7ba0c0c8eb
97b9085f7e252a080b950aff7979d9c58fa886ce,base,test,2,4,1730.6985,203.0,0.0005,66.023,28.487,1355,outlier,lcpObs,7ba0c0c8eb
97b9085f7e252a080b950aff7979d9c58fa886ce,base,test,3,7,1680.175,203.5,0.0005,65.835,27.951,1214,ok,,7ba0c0c8eb
97b9085f7e252a080b950aff7979d9c58fa886ce,base,test,4,8,1667.5765,207.0,0.0005,66.034,49.606,1210,ok,,7ba0c0c8eb
97b9085f7e252a080b950aff7979d9c58fa886ce,head,test,0,1,1681.016,172.1359,0.0005,65.957,43.562,1193,outlier,tbt,7ba0c0c8eb
97b9085f7e252a080b950aff7979d9c58fa886ce,head,test,1,2,1674.822,173.042,0.0004,65.901,25.387,1289,ok,,7ba0c0c8eb
97b9085f7e252a080b950aff7979d9c58fa886ce,head,test,2,5,1664.8765,203.0,0.0005,65.931,15.773,1187,ok,,7ba0c0c8eb
97b9085f7e252a080b950aff7979d9c58fa886ce,head,test,3,6,1716.655,209.1941,0.0005,66.094,37.068,1285,ok,,7ba0c0c8eb
97b9085f7e252a080b950aff7979d9c58fa886ce,head,test,4,9,1685.3735,204.5423,0.0004,66.127,41.108,1253,ok,,7ba0c0c8eb
d6a6dad5528abdabb06f7a8949d57f0510d1635c,base,test,0,0,1666.92,204.0,0.0005,65.965,33.642,1308,ok,,7ba0c0c8eb
d6a6dad5528abdabb06f7a8949d57f0510d1635c,base,test,1,3,1679.373,205.5,0.0005,81.96,32.34,1240,ok,,7ba0c0c8eb
d6a6dad5528abdabb06f7a8949d57f0510d1635c,base,test,2,4,1705.4685,208.0,0.0005,67.575,30.865,1322,ok,,7ba0c0c8eb
d6a6dad5528abdabb06f7a8949d57f0510d1635c,base,test,3,7,1720.7525,176.0805,0.0005,80.648,25.916,1290,ok,,7ba0c0c8eb
d6a6dad5528abdabb06f7a8949d57f0510d1635c,base,test,4,8,1666.5555,176.0383,0.0005,65.872,24.015,1193,ok,,7ba0c0c8eb
d6a6dad5528abdabb06f7a8949d57f0510d1635c,head,test,0,1,1690.962,200.5,0.0005,87.443,39.401,1224,outlier,inp,7ba0c0c8eb
d6a6dad5528abdabb06f7a8949d57f0510d1635c,head,test,1,2,1670.764,173.4189,0.0005,64.964,29.652,1222,outlier,tbt,7ba0c0c8eb
d6a6dad5528abdabb06f7a8949d57f0510d1635c,head,test,2,5,1657.442,213.0,0.0005,65.991,34.033,1186,ok,,7ba0c0c8eb
d6a6dad5528abdabb06f7a8949d57f0510d1635c,head,test,3,6,1722.665,204.0,0.0005,63.476,20.82,1326,outlier,lcpObs,7ba0c0c8eb
d6a6dad5528abdabb06f7a8949d57f0510d1635c,head,test,4,9,1674.5595,204.0,0.0005,77.925,36.306,1211,ok,,7ba0c0c8eb
8a2a3e4d233c9be3f6611ee982cf18ae501b5509,base,test,0,0,1669.1875,175.2604,0.0004,66.123,21.79,1322,ok,,7ba0c0c8eb
8a2a3e4d233c9be3f6611ee982cf18ae501b5509,base,test,1,3,1685.8275,219.2998,0.0005,66.019,37.748,1241,ok,,7ba0c0c8eb
8a2a3e4d233c9be3f6611ee982cf18ae501b5509,base,test,2,4,1674.8935,221.5,0.0005,83.012,28.15,1248,ok,,7ba0c0c8eb
8a2a3e4d233c9be3f6611ee982cf18ae501b5509,base,test,3,7,1670.2155,203,0.0005,92.189,57.779,11509,outlier,lcpObs,7ba0c0c8eb
8a2a3e4d233c9be3f6611ee982cf18ae501b5509,base,test,4,8,1687.6055,295.5,0.0005,92.128,33.726,1335,outlier,tbt,7ba0c0c8eb
8a2a3e4d233c9be3f6611ee982cf18ae501b5509,head,test,0,1,1658.0285,214.3287,0.0005,65.608,23.753,1167,ok,,7ba0c0c8eb
8a2a3e4d233c9be3f6611ee982cf18ae501b5509,head,test,1,2,1658.5415,174.5175,0.0005,89.671,40.996,1153,outlier,tbt;inp;lcpObs,7ba0c0c8eb
8a2a3e4d233c9be3f6611ee982cf18ae501b5509,head,test,2,5,1679.3875,213.0,0.0005,65.916,46.083,1221,ok,,7ba0c0c8eb
8a2a3e4d233c9be3f6611ee982cf18ae501b5509,head,test,3,6,1680.739,176.5722,0.0005,92.571,31.929,1229,outlier,tbt;inp,7ba0c0c8eb
8a2a3e4d233c9be3f6611ee982cf18ae501b5509,head,test,4,9,1680.9765,212,0.0005,66.004,22.559,1235,ok,,7ba0c0c8eb
47712857f9eb37cffae8f22fcaaf81511bb14148,base,test,0,0,1672.257,335.0,0.0005,70.113,74.273,1681,outlier,tbt;lcpObs,7ba0c0c8eb
47712857f9eb37cffae8f22fcaaf81511bb14148,base,test,1,3,1665.089,278.5,0.0005,65.976,112.691,1360,ok,,7ba0c0c8eb
47712857f9eb37cffae8f22fcaaf81511bb14148,base,test,2,4,1674.312,255.0,0.0005,65.973,107.226,1317,ok,,7ba0c0c8eb
47712857f9eb37cffae8f22fcaaf81511bb14148,base,test,3,7,1730.149,265.5,0.0005,66.479,46.476,1356,ok,,7ba0c0c8eb
47712857f9eb37cffae8f22fcaaf81511bb14148,base,test,4,8,1675.9275,255,0.0005,66.063,58.035,1301,ok,,7ba0c0c8eb
47712857f9eb37cffae8f22fcaaf81511bb14148,head,test,0,1,1731.0795,301.2848,0.0005,66.351,129.79,1418,outlier,tbt,7ba0c0c8eb
47712857f9eb37cffae8f22fcaaf81511bb14148,head,test,1,2,1696.027,265.1528,0.0005,68.806,112.324,1410,ok,,7ba0c0c8eb
47712857f9eb37cffae8f22fcaaf81511bb14148,head,test,2,5,1741.2875,238.5,0.0005,70.351,73.239,1421,ok,,7ba0c0c8eb
47712857f9eb37cffae8f22fcaaf81511bb14148,head,test,3,6,1698.516,234.5,0.0005,96.968,64.418,1320,outlier,inp;lcpObs,7ba0c0c8eb
47712857f9eb37cffae8f22fcaaf81511bb14148,head,test,4,9,1702.83,233.5,0.0005,66.054,58.53,1266,outlier,lcpObs,7ba0c0c8eb
bd3cd75c9470161bd813010c2367f64c69ca2a61,base,test,0,0,1902.1912,218.2016,0.0005,66.065,39.547,1338,ok,,7ba0c0c8eb
bd3cd75c9470161bd813010c2367f64c69ca2a61,base,test,1,3,1961.0382,252.1026,0.0005,84.421,48.041,1266,ok,,7ba0c0c8eb
bd3cd75c9470161bd813010c2367f64c69ca2a61,base,test,2,4,2018.3865,187.0327,0.0005,67.205,46.777,1421,ok,,7ba0c0c8eb
bd3cd75c9470161bd813010c2367f64c69ca2a61,base,test,3,7,1959.9356,140.9132,0.0005,66.004,21.588,1276,ok,,7ba0c0c8eb
bd3cd75c9470161bd813010c2367f64c69ca2a61,base,test,4,8,1932.3815,243.2225,0.0005,73.361,50.088,1235,ok,,7ba0c0c8eb
bd3cd75c9470161bd813010c2367f64c69ca2a61,head,test,0,1,1918.9535,229.8778,0.0004,65.01,38.858,1241,ok,,7ba0c0c8eb
bd3cd75c9470161bd813010c2367f64c69ca2a61,head,test,1,2,1900.833,189.0319,0.0005,77.677,60.4,1221,ok,,7ba0c0c8eb
bd3cd75c9470161bd813010c2367f64c69ca2a61,head,test,2,5,1946.3275,245.4832,0.0005,81.877,56.514,1257,outlier,tbt,7ba0c0c8eb
bd3cd75c9470161bd813010c2367f64c69ca2a61,head,test,3,6,1975.1279,191.8579,0.0005,80.943,51.967,1348,ok,,7ba0c0c8eb
bd3cd75c9470161bd813010c2367f64c69ca2a61,head,test,4,9,1971.3498,179.988,0.0005,65.869,25.4,1307,ok,,7ba0c0c8eb
5f506281102e11a2e22a872ef6e38ea66b6a1114,base,test,0,0,1944.9822,261.1762,0.0005,66.127,38.639,1384,ok,,7ba0c0c8eb
5f506281102e11a2e22a872ef6e38ea66b6a1114,base,test,1,3,1942.7145,246.0928,0.0005,67.451,49.812,1335,ok,,7ba0c0c8eb
5f506281102e11a2e22a872ef6e38ea66b6a1114,base,test,2,4,1927.2155,188.2592,0.0004,91.85,56.856,1251,outlier,inp,7ba0c0c8eb
5f506281102e11a2e22a872ef6e38ea66b6a1114,base,test,3,7,2003.3571,225.5815,0.0005,66.234,26.143,1224,ok,,7ba0c0c8eb
5f506281102e11a2e22a872ef6e38ea66b6a1114,base,test,4,8,1966.8987,143.7025,0.0005,66.004,44.861,1345,ok,,7ba0c0c8eb
5f506281102e11a2e22a872ef6e38ea66b6a1114,head,test,0,1,1961.4174,226.161,0.0004,64.22,20.389,1349,outlier,lcpObs,7ba0c0c8eb
5f506281102e11a2e22a872ef6e38ea66b6a1114,head,test,1,2,1923.6912,227.4279,0.0005,65.867,35.124,1223,ok,,7ba0c0c8eb
5f506281102e11a2e22a872ef6e38ea66b6a1114,head,test,2,5,1934.1286,226.1495,0.0004,98.149,35.901,1263,outlier,inp,7ba0c0c8eb
5f506281102e11a2e22a872ef6e38ea66b6a1114,head,test,3,6,1960.4353,178.9888,0.0004,66.128,49.436,1238,outlier,tbt,7ba0c0c8eb
5f506281102e11a2e22a872ef6e38ea66b6a1114,head,test,4,9,1964.6009,255.3178,0.0005,66.022,39.338,1252,ok,,7ba0c0c8eb
ef5ef0c4273e41b9cb6f8eaf46a53022f0fc97bb,base,test,0,0,1961.6248,228.1486,0.0005,66.026,38.303,1387,ok,,7ba0c0c8eb
ef5ef0c4273e41b9cb6f8eaf46a53022f0fc97bb,base,test,1,3,1969.9475,220.3842,0.0005,66.02,50.081,10997,outlier,lcpObs,7ba0c0c8eb
ef5ef0c4273e41b9cb6f8eaf46a53022f0fc97bb,base,test,2,4,1984.6768,258.0,0.0005,65.872,46.752,1340,ok,,7ba0c0c8eb
ef5ef0c4273e41b9cb6f8eaf46a53022f0fc97bb,base,test,3,7,1923.2788,234.9178,0.0005,65.824,26.391,1245,ok,,7ba0c0c8eb
ef5ef0c4273e41b9cb6f8eaf46a53022f0fc97bb,base,test,4,8,1926.5222,186.2207,0.0005,83.395,54.952,1234,outlier,tbt,7ba0c0c8eb
ef5ef0c4273e41b9cb6f8eaf46a53022f0fc97bb,head,test,0,1,1936.7596,181.8913,0.0005,65.988,55.869,1256,outlier,tbt,7ba0c0c8eb
ef5ef0c4273e41b9cb6f8eaf46a53022f0fc97bb,head,test,1,2,1974.2996,235.744,0.0005,65.996,21.395,1354,ok,,7ba0c0c8eb
ef5ef0c4273e41b9cb6f8eaf46a53022f0fc97bb,head,test,2,5,1967.63,231.839,0.0005,64.919,48.979,1314,ok,,7ba0c0c8eb
ef5ef0c4273e41b9cb6f8eaf46a53022f0fc97bb,head,test,3,6,1918.8344,214.2255,0.0005,66.018,54.655,1229,ok,,7ba0c0c8eb
ef5ef0c4273e41b9cb6f8eaf46a53022f0fc97bb,head,test,4,9,2007.4999,236.2033,0.0005,66.178,45.854,1357,ok,,7ba0c0c8eb
765ca9569feee597d0d42c7ef809349e460fdaad,base,test,0,0,1968.746,238.7095,0.0004,66.08,51.939,1434,ok,,7ba0c0c8eb
765ca9569feee597d0d42c7ef809349e460fdaad,base,test,1,3,1941.63,245.7983,0.0005,91.997,80.857,1323,outlier,inp;tbtFlow,7ba0c0c8eb
765ca9569feee597d0d42c7ef809349e460fdaad,base,test,2,4,1947.3625,223.2342,0.0004,65.937,41.191,1268,ok,,7ba0c0c8eb
765ca9569feee597d0d42c7ef809349e460fdaad,base,test,3,7,1957.6748,200.6521,0.0005,68.65,39.629,1280,ok,,7ba0c0c8eb
765ca9569feee597d0d42c7ef809349e460fdaad,base,test,4,8,1930.5575,232.7065,0.0005,84.27,46.096,1520,ok,,7ba0c0c8eb
765ca9569feee597d0d42c7ef809349e460fdaad,head,test,0,1,1991.3937,190.0511,0.0005,66.024,43.37,1339,outlier,tbt;lcpObs,7ba0c0c8eb
765ca9569feee597d0d42c7ef809349e460fdaad,head,test,1,2,1931.745,237.5895,0.0005,65.018,50.785,1268,ok,,7ba0c0c8eb
765ca9569feee597d0d42c7ef809349e460fdaad,head,test,2,5,1981.377,240.8478,0.0005,67.786,37.864,1260,ok,,7ba0c0c8eb
765ca9569feee597d0d42c7ef809349e460fdaad,head,test,3,6,1906.4628,228.6876,0.0005,70.167,32.374,1232,ok,,7ba0c0c8eb
765ca9569feee597d0d42c7ef809349e460fdaad,head,test,4,9,1962.3896,250.2682,0.0005,66.282,27.372,1265,ok,,7ba0c0c8eb
f5054e65d38f9bacd5403754d6d7b4e56c06cab2,base,test,0,0,1941.5603,188.4502,0.0005,66.182,39.334,1323,ok,,7ba0c0c8eb
f5054e65d38f9bacd5403754d6d7b4e56c06cab2,base,test,1,3,1948.4399,249.1743,0.0005,91.295,46.711,1344,ok,,7ba0c0c8eb
f5054e65d38f9bacd5403754d6d7b4e56c06cab2,base,test,2,4,2013.7905,255.7625,0.0005,87.065,49.003,1342,ok,,7ba0c0c8eb
f5054e65d38f9bacd5403754d6d7b4e56c06cab2,base,test,3,7,1969.3481,242.3195,0.0005,150.889,272.188,1283,outlier,inp;tbtFlow,7ba0c0c8eb
f5054e65d38f9bacd5403754d6d7b4e56c06cab2,base,test,4,8,1929.6926,239.4337,0.0005,86.816,52.202,1218,ok,,7ba0c0c8eb
f5054e65d38f9bacd5403754d6d7b4e56c06cab2,base,test,5,11,1916.3279,230.6855,0.0005,96.94,56.77,1238,ok,,7ba0c0c8eb
f5054e65d38f9bacd5403754d6d7b4e56c06cab2,base,test,6,12,1908.1636,223.416,0.0005,66.048,21.557,1190,ok,,7ba0c0c8eb
f5054e65d38f9bacd5403754d6d7b4e56c06cab2,base,test,7,15,1965.8056,258.6902,0.0005,70.792,46.284,1229,ok,,7ba0c0c8eb
f5054e65d38f9bacd5403754d6d7b4e56c06cab2,base,test,8,16,2011.7673,255.3121,0.0005,70.342,47.691,1357,ok,,7ba0c0c8eb
f5054e65d38f9bacd5403754d6d7b4e56c06cab2,base,test,9,19,2335.5699,446.6839,0.0005,203.483,412.827,1560,outlier,lcp;tbt;inp;tbtFlow;lcpObs,7ba0c0c8eb
f5054e65d38f9bacd5403754d6d7b4e56c06cab2,base,test,10,20,2137.0424,309.1827,0.0005,73.832,100.245,1375,ok,,7ba0c0c8eb
f5054e65d38f9bacd5403754d6d7b4e56c06cab2,base,test,11,23,2083.0707,253.9914,0.0005,72.034,75.518,1284,ok,,7ba0c0c8eb
f5054e65d38f9bacd5403754d6d7b4e56c06cab2,base,test,12,24,2091.2226,353.9252,0.0005,65.702,57.44,1374,ok,,7ba0c0c8eb
f5054e65d38f9bacd5403754d6d7b4e56c06cab2,base,test,13,27,1742.0429,338.337,0.0005,64.656,79.875,1464,ok,,7ba0c0c8eb
f5054e65d38f9bacd5403754d6d7b4e56c06cab2,base,test,14,28,2051.596,278.8284,0.0005,96.141,131.231,1302,ok,,7ba0c0c8eb
f5054e65d38f9bacd5403754d6d7b4e56c06cab2,head,test,0,1,1972.6415,235.9757,0.0004,74.043,42.378,2627,outlier,lcpObs,7ba0c0c8eb
f5054e65d38f9bacd5403754d6d7b4e56c06cab2,head,test,1,2,1984.6297,259.5144,0.0005,65.901,37.367,1388,ok,,7ba0c0c8eb
f5054e65d38f9bacd5403754d6d7b4e56c06cab2,head,test,2,5,1989.7272,245.1324,0.0004,66.168,39.79,1287,ok,,7ba0c0c8eb
f5054e65d38f9bacd5403754d6d7b4e56c06cab2,head,test,3,6,1968.117,268.2147,0.0005,66.049,22.758,1282,ok,,7ba0c0c8eb
f5054e65d38f9bacd5403754d6d7b4e56c06cab2,head,test,4,9,1936.8368,223.1726,0.0005,65.995,37.411,1247,ok,,7ba0c0c8eb
f5054e65d38f9bacd5403754d6d7b4e56c06cab2,head,test,5,10,1932.0247,233.2794,0.0005,74.28,40.713,1282,ok,,7ba0c0c8eb
f5054e65d38f9bacd5403754d6d7b4e56c06cab2,head,test,6,13,1939.8042,186.947,0.0004,66.134,60.513,1250,ok,,7ba0c0c8eb
f5054e65d38f9bacd5403754d6d7b4e56c06cab2,head,test,7,14,1936.9158,239.6236,0.0005,84.252,24.987,1242,ok,,7ba0c0c8eb
f5054e65d38f9bacd5403754d6d7b4e56c06cab2,head,test,8,17,1931.7115,234.8735,0.0005,66.129,47.576,1242,ok,,7ba0c0c8eb
f5054e65d38f9bacd5403754d6d7b4e56c06cab2,head,test,9,18,2064.6973,195.3794,0.0005,65.11,113.006,1289,ok,,7ba0c0c8eb
f5054e65d38f9bacd5403754d6d7b4e56c06cab2,head,test,10,21,2069.6098,325.1154,0.0005,65.15,103.371,1342,ok,,7ba0c0c8eb
f5054e65d38f9bacd5403754d6d7b4e56c06cab2,head,test,11,22,2030.1646,294.8967,0.0005,66.04,31.87,1312,ok,,7ba0c0c8eb
f5054e65d38f9bacd5403754d6d7b4e56c06cab2,head,test,12,25,2001.677,261.6315,0.0005,91.11,72.539,1264,outlier,inp,7ba0c0c8eb
f5054e65d38f9bacd5403754d6d7b4e56c06cab2,head,test,13,26,2075.0512,271.6439,0.0005,65.964,65.176,1285,ok,,7ba0c0c8eb
f5054e65d38f9bacd5403754d6d7b4e56c06cab2,head,test,14,29,2070.4626,275.4288,0.0005,62.228,83.03,1280,ok,,7ba0c0c8eb
332b908330786bf43c2a4672aeaf8c86357621e3,base,test,0,0,2570.071,369.2588,0.0005,65.861,49.295,1020,ok,,7ba0c0c8eb
332b908330786bf43c2a4672aeaf8c86357621e3,base,test,1,3,2459.504,296.324,0.0005,65.038,87.803,908,ok,,7ba0c0c8eb
332b908330786bf43c2a4672aeaf8c86357621e3,base,test,2,4,2429.065,315.0465,0.0005,96.265,82.711,920,ok,,7ba0c0c8eb
332b908330786bf43c2a4672aeaf8c86357621e3,base,test,3,7,2671.4383,340.8005,0.0005,97.237,103.397,968,ok,,7ba0c0c8eb
332b908330786bf43c2a4672aeaf8c86357621e3,base,test,4,8,2157.6711,283.0091,0.0005,65.078,65.914,840,outlier,lcp,7ba0c0c8eb
332b908330786bf43c2a4672aeaf8c86357621e3,base,test,5,11,2668.5467,419.8573,0.0005,72.618,119.25,1065,outlier,tbt,7ba0c0c8eb
332b908330786bf43c2a4672aeaf8c86357621e3,base,test,6,12,2497.917,339.1453,0.0005,77.09,125.095,1006,ok,,7ba0c0c8eb
332b908330786bf43c2a4672aeaf8c86357621e3,base,test,7,15,2477.245,387.9327,0.0005,95.479,118.015,988,ok,,7ba0c0c8eb
332b908330786bf43c2a4672aeaf8c86357621e3,base,test,8,16,2432.59,323.0259,0.0005,79.116,101.445,936,ok,,7ba0c0c8eb
332b908330786bf43c2a4672aeaf8c86357621e3,base,test,9,19,2463.792,329.5374,0.0005,81.771,123.175,981,ok,,7ba0c0c8eb
332b908330786bf43c2a4672aeaf8c86357621e3,base,test,10,20,2457.0497,347.5806,0.0005,69.458,106.728,948,ok,,7ba0c0c8eb
332b908330786bf43c2a4672aeaf8c86357621e3,base,test,11,23,2495.4412,329.6007,0.0005,88.663,127.829,1001,ok,,7ba0c0c8eb
332b908330786bf43c2a4672aeaf8c86357621e3,base,test,12,24,2534.294,338.3164,0.0005,75.368,112.294,975,ok,,7ba0c0c8eb
332b908330786bf43c2a4672aeaf8c86357621e3,base,test,13,27,2533.3505,324.5073,0.0005,77.764,109.284,971,ok,,7ba0c0c8eb
332b908330786bf43c2a4672aeaf8c86357621e3,base,test,14,28,2471.0275,342.894,0.0005,70.448,208.914,1015,outlier,tbtFlow,7ba0c0c8eb
332b908330786bf43c2a4672aeaf8c86357621e3,head,test,0,1,2403.4647,274.7752,0.0005,65.163,36.966,879,ok,,7ba0c0c8eb
332b908330786bf43c2a4672aeaf8c86357621e3,head,test,1,2,2419.6845,295.4518,0.0005,65.416,70.913,900,ok,,7ba0c0c8eb
332b908330786bf43c2a4672aeaf8c86357621e3,head,test,2,5,2454.9645,284.0653,0.0005,107.128,90.584,910,ok,,7ba0c0c8eb
332b908330786bf43c2a4672aeaf8c86357621e3,head,test,3,6,2433.4988,170.0695,0.0005,83.145,67.14,900,ok,,7ba0c0c8eb
332b908330786bf43c2a4672aeaf8c86357621e3,head,test,4,9,2452.084,296.4217,0.0005,78.993,96.75,966,ok,,7ba0c0c8eb
332b908330786bf43c2a4672aeaf8c86357621e3,head,test,5,10,2513.281,356.4303,0.0005,76.844,122.084,1006,ok,,7ba0c0c8eb
332b908330786bf43c2a4672aeaf8c86357621e3,head,test,6,13,2727.4387,456.2914,0.0005,107.735,156.025,1112,outlier,lcp,7ba0c0c8eb
332b908330786bf43c2a4672aeaf8c86357621e3,head,test,7,14,2469.7415,322.2125,0.0005,97.506,156.298,977,ok,,7ba0c0c8eb
332b908330786bf43c2a4672aeaf8c86357621e3,head,test,8,17,2536.3043,392.2406,0.0005,88.703,126.187,1068,ok,,7ba0c0c8eb
332b908330786bf43c2a4672aeaf8c86357621e3,head,test,9,18,2511.1615,399.5161,0.0005,78.806,108.024,1042,ok,,7ba0c0c8eb
332b908330786bf43c2a4672aeaf8c86357621e3,head,test,10,21,2469.8682,321.9482,0.0005,89.507,104.071,976,ok,,7ba0c0c8eb
332b908330786bf43c2a4672aeaf8c86357621e3,head,test,11,22,2520.9525,370.9349,0.0005,85.283,156.581,991,ok,,7ba0c0c8eb
332b908330786bf43c2a4672aeaf8c86357621e3,head,test,12,25,2661.7008,455.3973,0.0005,82.954,130.882,1107,outlier,lcp,7ba0c0c8eb
332b908330786bf43c2a4672aeaf8c86357621e3,head,test,13,26,2504.857,366.8578,0.0005,114.322,278.856,1029,outlier,inp;tbtFlow,7ba0c0c8eb
332b908330786bf43c2a4672aeaf8c86357621e3,head,test,14,29,2472.5282,359.9913,0.0005,74.291,113.74,1006,ok,,7ba0c0c8eb
ace96b3a6145a00f07b3a09bb7da5bb0a8651055,base,test,0,0,2142.5399,385.1008,0.0005,64.737,91.417,1035,outlier,lcp,7ba0c0c8eb
ace96b3a6145a00f07b3a09bb7da5bb0a8651055,base,test,1,3,2474.3935,329.5666,0.0005,81.015,116.905,929,ok,,7ba0c0c8eb
ace96b3a6145a00f07b3a09bb7da5bb0a8651055,base,test,2,4,2475.4778,366.7025,0.0005,81.171,122.566,979,ok,,7ba0c0c8eb
ace96b3a6145a00f07b3a09bb7da5bb0a8651055,base,test,3,7,2602.7103,337.9152,0.0005,88.385,116.172,1010,ok,,7ba0c0c8eb
ace96b3a6145a00f07b3a09bb7da5bb0a8651055,base,test,4,8,2513.5197,454.3149,0.0005,91.121,117.202,1019,ok,,7ba0c0c8eb
ace96b3a6145a00f07b3a09bb7da5bb0a8651055,head,test,0,1,2573.5535,419.0072,0.0005,76.377,104.791,1040,outlier,tbt,7ba0c0c8eb
ace96b3a6145a00f07b3a09bb7da5bb0a8651055,head,test,1,2,2543.934,367.5036,0.0005,71.349,135.565,1031,ok,,7ba0c0c8eb
ace96b3a6145a00f07b3a09bb7da5bb0a8651055,head,test,2,5,2494.3272,360.0981,0.0005,67.005,109.459,998,ok,,7ba0c0c8eb
ace96b3a6145a00f07b3a09bb7da5bb0a8651055,head,test,3,6,2479.875,364.3964,0.0005,67.212,127.301,993,ok,,7ba0c0c8eb
ace96b3a6145a00f07b3a09bb7da5bb0a8651055,head,test,4,9,2549.1308,418.5927,0.0005,79.213,121.538,1066,outlier,tbt,7ba0c0c8eb
8c9ca7de1ce3faebb6931ca5e7177e2178e08990,base,test,0,0,2054.2785,406.8465,0.0005,65.988,86.146,1012,outlier,lcp,7ba0c0c8eb
8c9ca7de1ce3faebb6931ca5e7177e2178e08990,base,test,1,3,2484.5867,341.3864,0.0005,79.174,75.128,990,ok,,7ba0c0c8eb
8c9ca7de1ce3faebb6931ca5e7177e2178e08990,base,test,2,4,2427.675,185.8785,0.0005,74.892,127.616,991,outlier,tbt,7ba0c0c8eb
8c9ca7de1ce3faebb6931ca5e7177e2178e08990,base,test,3,7,2481.3542,389.1707,0.0005,99.598,98.185,965,ok,,7ba0c0c8eb
8c9ca7de1ce3faebb6931ca5e7177e2178e08990,base,test,4,8,2493.5335,353.7646,0.0005,92.626,118.182,989,ok,,7ba0c0c8eb
8c9ca7de1ce3faebb6931ca5e7177e2178e08990,head,test,0,1,2460.9555,321,0.0005,86,72.703,939,ok,,7ba0c0c8eb
8c9ca7de1ce3faebb6931ca5e7177e2178e08990,head,test,1,2,2442.3057,319,0.0005,96.451,150.675,943,ok,,7ba0c0c8eb
8c9ca7de1ce3faebb6931ca5e7177e2178e08990,head,test,2,5,2448.9908,327.0,0.0005,69.514,98.607,922,ok,,7ba0c0c8eb
8c9ca7de1ce3faebb6931ca5e7177e2178e08990,head,test,3,6,2488.0239,329.5,0.0005,119.754,202.452,972,ok,,7ba0c0c8eb
8c9ca7de1ce3faebb6931ca5e7177e2178e08990,head,test,4,9,2501.257,378.5,0.0005,107.267,78.55,986,outlier,tbt,7ba0c0c8eb
4da82d0f2b7bccedfcbc45ff3d74ee6bd000edb9,base,test,0,0,2129.9365,420.5,0.0005,73.816,99.198,1046,outlier,lcp;tbt,7ba0c0c8eb
4da82d0f2b7bccedfcbc45ff3d74ee6bd000edb9,base,test,1,3,2488.7082,341.5,0.0005,65.131,69.729,1014,ok,,7ba0c0c8eb
4da82d0f2b7bccedfcbc45ff3d74ee6bd000edb9,base,test,2,4,2536.3513,354.5,0.0005,63.984,65.076,1012,ok,,7ba0c0c8eb
4da82d0f2b7bccedfcbc45ff3d74ee6bd000edb9,base,test,3,7,2525.5311,361,0.0005,79.128,68.758,1026,ok,,7ba0c0c8eb
4da82d0f2b7bccedfcbc45ff3d74ee6bd000edb9,base,test,4,8,2500.4456,345,0.0005,65.141,76.921,1018,ok,,7ba0c0c8eb
4da82d0f2b7bccedfcbc45ff3d74ee6bd000edb9,base,test,5,11,2482.6338,354.0,0.0005,65.908,85.039,994,ok,,7ba0c0c8eb
4da82d0f2b7bccedfcbc45ff3d74ee6bd000edb9,base,test,6,12,2481.7167,383,0.0005,68.32,66.91,980,ok,,7ba0c0c8eb
4da82d0f2b7bccedfcbc45ff3d74ee6bd000edb9,base,test,7,15,2500.1387,346,0.0005,80.045,82.31,962,ok,,7ba0c0c8eb
4da82d0f2b7bccedfcbc45ff3d74ee6bd000edb9,base,test,8,16,2214.2232,453.5,0.0005,68.185,78.164,1134,outlier,lcp;tbt;lcpObs,7ba0c0c8eb
4da82d0f2b7bccedfcbc45ff3d74ee6bd000edb9,base,test,9,19,2559.5577,377,0.0005,83.162,72.105,1042,ok,,7ba0c0c8eb
4da82d0f2b7bccedfcbc45ff3d74ee6bd000edb9,base,test,10,20,2535.1318,421.5,0.0005,108.366,111.008,1022,outlier,tbt;inp,7ba0c0c8eb
4da82d0f2b7bccedfcbc45ff3d74ee6bd000edb9,base,test,11,23,2565.9238,390,0.0005,100.185,174.438,1039,outlier,inp;tbtFlow,7ba0c0c8eb
4da82d0f2b7bccedfcbc45ff3d74ee6bd000edb9,base,test,12,24,2497.182,346.5,0.0005,70.926,108.982,1013,ok,,7ba0c0c8eb
4da82d0f2b7bccedfcbc45ff3d74ee6bd000edb9,base,test,13,27,2491.7603,330,0.0005,69.841,97.084,981,ok,,7ba0c0c8eb
4da82d0f2b7bccedfcbc45ff3d74ee6bd000edb9,base,test,14,28,2498.7214,355.5,0.0005,71.717,70.32,986,ok,,7ba0c0c8eb
4da82d0f2b7bccedfcbc45ff3d74ee6bd000edb9,head,test,0,1,2569.3974,447.0,0.0005,63.935,67.155,1063,ok,,7ba0c0c8eb
4da82d0f2b7bccedfcbc45ff3d74ee6bd000edb9,head,test,1,2,2573.6377,499.0,0.0005,64.938,75.284,1055,outlier,tbt,7ba0c0c8eb
4da82d0f2b7bccedfcbc45ff3d74ee6bd000edb9,head,test,2,5,2739.3482,496.0,0.0005,74.836,70.875,1163,outlier,lcp;tbt;lcpObs,7ba0c0c8eb
4da82d0f2b7bccedfcbc45ff3d74ee6bd000edb9,head,test,3,6,2501.4284,330.5,0.0005,68.411,64.983,992,ok,,7ba0c0c8eb
4da82d0f2b7bccedfcbc45ff3d74ee6bd000edb9,head,test,4,9,2560.3831,403.5,0.0005,70.529,70.367,1027,ok,,7ba0c0c8eb
4da82d0f2b7bccedfcbc45ff3d74ee6bd000edb9,head,test,5,10,2496.689,370.5,0.0005,81.543,74.494,1014,ok,,7ba0c0c8eb
4da82d0f2b7bccedfcbc45ff3d74ee6bd000edb9,head,test,6,13,2553.0388,372.5,0.0005,94.815,77.492,1039,ok,,7ba0c0c8eb
4da82d0f2b7bccedfcbc45ff3d74ee6bd000edb9,head,test,7,14,2478.6184,349.0,0.0005,81.898,69.024,996,ok,,7ba0c0c8eb
4da82d0f2b7bccedfcbc45ff3d74ee6bd000edb9,head,test,8,17,2526.3034,369,0.0005,73.321,98.797,1036,ok,,7ba0c0c8eb
4da82d0f2b7bccedfcbc45ff3d74ee6bd000edb9,head,test,9,18,2570.5118,411,0.0005,88.422,127.485,1025,outlier,tbtFlow,7ba0c0c8eb
4da82d0f2b7bccedfcbc45ff3d74ee6bd000edb9,head,test,10,21,2495.5806,389.0,0.0005,81.066,67.214,996,ok,,7ba0c0c8eb
4da82d0f2b7bccedfcbc45ff3d74ee6bd000edb9,head,test,11,22,2526.4692,396,0.0005,75.758,74.34,1038,ok,,7ba0c0c8eb
4da82d0f2b7bccedfcbc45ff3d74ee6bd000edb9,head,test,12,25,2514.8798,361.5,0.0005,66.002,78.825,1029,ok,,7ba0c0c8eb
4da82d0f2b7bccedfcbc45ff3d74ee6bd000edb9,head,test,13,26,2542.4583,371.5,0.0005,69.826,73.277,1058,ok,,7ba0c0c8eb
4da82d0f2b7bccedfcbc45ff3d74ee6bd000edb9,head,test,14,29,2604.3788,412.5,0.0005,80.026,78.138,1104,ok,,7ba0c0c8eb
33d56058707465307ec2288fa1023848e4c87e50,base,test,0,0,2733.72,485,0.0005,68.05,101.581,1177,outlier,lcp;tbt;lcpObs,7ba0c0c8eb
33d56058707465307ec2288fa1023848e4c87e50,base,test,1,3,2517.1397,336,0.0005,68.701,42.322,948,ok,,7ba0c0c8eb
33d56058707465307ec2288fa1023848e4c87e50,base,test,2,4,2642.4937,506.0,0.0005,80.519,89.751,1212,outlier,lcp;tbt;lcpObs,7ba0c0c8eb
33d56058707465307ec2288fa1023848e4c87e50,base,test,3,7,2558.2493,432.5,0.0005,77.187,141.107,1091,outlier,tbt;lcpObs,7ba0c0c8eb
33d56058707465307ec2288fa1023848e4c87e50,base,test,4,8,2479.3094,315.5,0.0004,74.692,52.692,976,ok,,7ba0c0c8eb
33d56058707465307ec2288fa1023848e4c87e50,base,test,5,11,2442.8136,326.0,0.0005,65.96,82.745,936,ok,,7ba0c0c8eb
33d56058707465307ec2288fa1023848e4c87e50,base,test,6,12,2474.5064,349,0.0005,66.201,100.833,1003,ok,,7ba0c0c8eb
33d56058707465307ec2288fa1023848e4c87e50,base,test,7,15,2434.7506,338.5,0.0005,87.832,62.929,949,ok,,7ba0c0c8eb
33d56058707465307ec2288fa1023848e4c87e50,base,test,8,16,2491.6616,317.5,0.0005,65.714,64.566,1022,ok,,7ba0c0c8eb
33d56058707465307ec2288fa1023848e4c87e50,base,test,9,19,2472.1717,347.5,0.0005,86.568,64.071,985,ok,,7ba0c0c8eb
33d56058707465307ec2288fa1023848e4c87e50,base,test,10,20,2477.1732,343.5,0.0005,64.007,52.375,959,ok,,7ba0c0c8eb
33d56058707465307ec2288fa1023848e4c87e50,base,test,11,23,2425.2993,277,0.0005,75.544,72.079,944,ok,,7ba0c0c8eb
33d56058707465307ec2288fa1023848e4c87e50,base,test,12,24,2438.3354,194.1819,0.0005,56.955,55.99,908,outlier,tbt,7ba0c0c8eb
33d56058707465307ec2288fa1023848e4c87e50,base,test,13,27,2426.7316,302.5,0.0005,62.3,86.226,901,ok,,7ba0c0c8eb
33d56058707465307ec2288fa1023848e4c87e50,base,test,14,28,2446.6379,307.5,0.0005,66.682,81,935,ok,,7ba0c0c8eb
33d56058707465307ec2288fa1023848e4c87e50,head,test,0,1,2605.2235,416.5,0.0005,71.94,85.535,1077,ok,,7ba0c0c8eb
33d56058707465307ec2288fa1023848e4c87e50,head,test,1,2,2462.5849,337.5,0.0005,93.01,52.07,991,ok,,7ba0c0c8eb
33d56058707465307ec2288fa1023848e4c87e50,head,test,2,5,2487.6287,332.5,0.0005,107.279,124.172,972,outlier,tbtFlow,7ba0c0c8eb
33d56058707465307ec2288fa1023848e4c87e50,head,test,3,6,2488.5858,335.5,0.0005,102.343,165.699,986,outlier,tbtFlow,7ba0c0c8eb
33d56058707465307ec2288fa1023848e4c87e50,head,test,4,9,2471.8283,339.0,0.0005,98.728,65.306,942,ok,,7ba0c0c8eb
33d56058707465307ec2288fa1023848e4c87e50,head,test,5,10,2533.4308,398,0.0005,65.691,65.57,1028,ok,,7ba0c0c8eb
33d56058707465307ec2288fa1023848e4c87e50,head,test,6,13,2619.5525,348.5,0.0005,69.33,61.654,1009,ok,,7ba0c0c8eb
33d56058707465307ec2288fa1023848e4c87e50,head,test,7,14,2474.0136,342.0,0.0005,63.911,74.843,971,ok,,7ba0c0c8eb
33d56058707465307ec2288fa1023848e4c87e50,head,test,8,17,2510.1182,375.5,0.0005,78.937,57.389,989,ok,,7ba0c0c8eb
33d56058707465307ec2288fa1023848e4c87e50,head,test,9,18,2448.574,326.5,0.0005,70.401,45.675,951,ok,,7ba0c0c8eb
33d56058707465307ec2288fa1023848e4c87e50,head,test,10,21,2448.1946,315,0.0005,97.555,100.253,916,ok,,7ba0c0c8eb
33d56058707465307ec2288fa1023848e4c87e50,head,test,11,22,2427.9449,315.5,0.0005,82.261,53.554,967,ok,,7ba0c0c8eb
33d56058707465307ec2288fa1023848e4c87e50,head,test,12,25,2420.553,291.0,0.0005,77.05,71.24,930,ok,,7ba0c0c8eb
33d56058707465307ec2288fa1023848e4c87e50,head,test,13,26,2405.4962,292,0.0005,80.929,90.311,877,ok,,7ba0c0c8eb
33d56058707465307ec2288fa1023848e4c87e50,head,test,14,29,2404.054,312.0,0.0005,81.041,65.203,910,ok,,7ba0c0c8eb
5e70e3398cbab83a1b1f33fc3465ceca1104778a,base,test,0,0,2228.6187,516.5,0.0005,78.584,85.508,1177,outlier,lcp;tbt;lcpObs,7ba0c0c8eb
5e70e3398cbab83a1b1f33fc3465ceca1104778a,base,test,1,3,2476.5747,354,0.0005,77.217,106.755,1025,ok,,7ba0c0c8eb
5e70e3398cbab83a1b1f33fc3465ceca1104778a,base,test,2,4,2480.5774,367.0,0.0005,74.516,102.55,1017,ok,,7ba0c0c8eb
5e70e3398cbab83a1b1f33fc3465ceca1104778a,base,test,3,7,2494.6265,384.5,0.0005,75.417,100.633,1003,ok,,7ba0c0c8eb
5e70e3398cbab83a1b1f33fc3465ceca1104778a,base,test,4,8,2582.3479,401.5,0.0005,71.917,119.42,994,ok,,7ba0c0c8eb
5e70e3398cbab83a1b1f33fc3465ceca1104778a,base,test,5,11,2501.1739,356.0,0.0005,74.021,112.79,1002,ok,,7ba0c0c8eb
5e70e3398cbab83a1b1f33fc3465ceca1104778a,base,test,6,12,2507.996,366,0.0005,67.003,99.792,1028,ok,,7ba0c0c8eb
5e70e3398cbab83a1b1f33fc3465ceca1104778a,base,test,7,15,2512.123,368.5,0.0005,126.263,214.228,1026,outlier,inp;tbtFlow,7ba0c0c8eb
5e70e3398cbab83a1b1f33fc3465ceca1104778a,base,test,8,16,2529.3271,422.5,0.0005,90.626,113.282,1026,ok,,7ba0c0c8eb
5e70e3398cbab83a1b1f33fc3465ceca1104778a,base,test,9,19,2570.5367,348,0.0005,78.61,108.806,1000,ok,,7ba0c0c8eb
5e70e3398cbab83a1b1f33fc3465ceca1104778a,base,test,10,20,2469.7487,338.5,0.0005,73.122,103.321,962,ok,,7ba0c0c8eb
5e70e3398cbab83a1b1f33fc3465ceca1104778a,base,test,11,23,2698.2903,392.5,0.0005,79.393,152.226,1089,outlier,lcp;tbtFlow,7ba0c0c8eb
5e70e3398cbab83a1b1f33fc3465ceca1104778a,base,test,12,24,2581.0554,435.0,0.0005,76.327,104.737,1062,ok,,7ba0c0c8eb
5e70e3398cbab83a1b1f33fc3465ceca1104778a,base,test,13,27,2550.9882,402,0.0005,78.69,94.285,1058,ok,,7ba0c0c8eb
5e70e3398cbab83a1b1f33fc3465ceca1104778a,base,test,14,28,2535.4604,391,0.0005,74.828,101.965,1004,ok,,7ba0c0c8eb
5e70e3398cbab83a1b1f33fc3465ceca1104778a,head,test,0,1,2584.3191,426.5,0.0005,83.879,125.206,1079,ok,,7ba0c0c8eb
5e70e3398cbab83a1b1f33fc3465ceca1104778a,head,test,1,2,2577.4398,466.0,0.0005,64.172,89.947,1069,ok,,7ba0c0c8eb
5e70e3398cbab83a1b1f33fc3465ceca1104778a,head,test,2,5,2541.0417,380.0,0.0005,71.114,105.182,1082,ok,,7ba0c0c8eb
5e70e3398cbab83a1b1f33fc3465ceca1104778a,head,test,3,6,2647.8745,499.0,0.0005,79.86,123.821,1138,ok,,7ba0c0c8eb
5e70e3398cbab83a1b1f33fc3465ceca1104778a,head,test,4,9,2599.4224,381.5,0.0005,70.651,98.694,1077,ok,,7ba0c0c8eb
5e70e3398cbab83a1b1f33fc3465ceca1104778a,head,test,5,10,2643.3348,494.5,0.0005,76.11,91.935,1119,ok,,7ba0c0c8eb
5e70e3398cbab83a1b1f33fc3465ceca1104778a,head,test,6,13,2505.5179,378,0.0005,76.599,103.292,992,ok,,7ba0c0c8eb
5e70e3398cbab83a1b1f33fc3465ceca1104778a,head,test,7,14,2502.8267,382.5,0.0005,81.224,107.074,1000,ok,,7ba0c0c8eb
5e70e3398cbab83a1b1f33fc3465ceca1104778a,head,test,8,17,2544.5963,386,0.0005,78.245,108.889,1070,ok,,7ba0c0c8eb
5e70e3398cbab83a1b1f33fc3465ceca1104778a,head,test,9,18,2621.6855,415.5,0.0005,88.439,123.511,1088,ok,,7ba0c0c8eb
5e70e3398cbab83a1b1f33fc3465ceca1104778a,head,test,10,21,2555.7531,460.5,0.0005,64.693,96.269,1127,ok,,7ba0c0c8eb
5e70e3398cbab83a1b1f33fc3465ceca1104778a,head,test,11,22,2527.4841,396.0,0.0005,80.028,108.048,1029,ok,,7ba0c0c8eb
5e70e3398cbab83a1b1f33fc3465ceca1104778a,head,test,12,25,2567.4588,415,0.0005,81.59,88.383,1064,ok,,7ba0c0c8eb
5e70e3398cbab83a1b1f33fc3465ceca1104778a,head,test,13,26,2547.2453,417.0,0.0005,104.785,136.007,1024,outlier,inp,7ba0c0c8eb
5e70e3398cbab83a1b1f33fc3465ceca1104778a,head,test,14,29,2502.8614,388.0,0.0005,76.362,105.963,998,ok,,7ba0c0c8eb
f3fa9646d939d04ad13d53d2ab50ac7bfed61163,base,test,0,0,2289.8013,462.4178,0.0005,72.421,86.919,1138,outlier,lcp,7ba0c0c8eb
f3fa9646d939d04ad13d53d2ab50ac7bfed61163,base,test,1,3,2587.8292,390.0514,0.0005,76.459,112.209,1053,ok,,7ba0c0c8eb
f3fa9646d939d04ad13d53d2ab50ac7bfed61163,base,test,2,4,2610.4427,422.0049,0.0005,91.59,100.56,1046,ok,,7ba0c0c8eb
f3fa9646d939d04ad13d53d2ab50ac7bfed61163,base,test,3,7,2522.4887,365.2763,0.0005,73.584,52.693,977,ok,,7ba0c0c8eb
f3fa9646d939d04ad13d53d2ab50ac7bfed61163,base,test,4,8,2553.4473,464.0646,0.0005,65.076,84.74,1018,ok,,7ba0c0c8eb
f3fa9646d939d04ad13d53d2ab50ac7bfed61163,head,test,0,1,2553.303,374.8553,0.0005,76.185,126.958,994,ok,,7ba0c0c8eb
f3fa9646d939d04ad13d53d2ab50ac7bfed61163,head,test,1,2,2654.1785,424.1159,0.0005,80.338,119.264,1158,outlier,lcpObs,7ba0c0c8eb
f3fa9646d939d04ad13d53d2ab50ac7bfed61163,head,test,2,5,2501.9045,338.2866,0.0005,82.017,80.547,969,ok,,7ba0c0c8eb
f3fa9646d939d04ad13d53d2ab50ac7bfed61163,head,test,3,6,2054.0135,355.1981,0.0005,67.705,83.161,1018,outlier,lcp,7ba0c0c8eb
f3fa9646d939d04ad13d53d2ab50ac7bfed61163,head,test,4,9,,,,71.042,279.228,,ok,,
9799c38698e777fe863f7e3fe55eb08374398bc7,base,test,0,0,,,,66.081,0,,ok,,
9799c38698e777fe863f7e3fe55eb08374398bc7,base,test,1,3,2003.1296,220.6272,0.0005,65.953,47.441,1255,ok,,7ba0c0c8eb
9799c38698e777fe863f7e3fe55eb08374398bc7,base,test,2,4,1716.311,213.6758,0.0005,65.986,31.724,1213,ok,,7ba0c0c8eb
9799c38698e777fe863f7e3fe55eb08374398bc7,base,test,3,7,1996.7698,144.2265,0.0005,69.136,23.559,1305,ok,,7ba0c0c8eb
9799c38698e777fe863f7e3fe55eb08374398bc7,base,test,4,8,1714.276,193.8034,0.0005,66.067,29.44,1201,ok,,7ba0c0c8eb
9799c38698e777fe863f7e3fe55eb08374398bc7,base,test,5,11,1733.6495,260.2324,0.0005,71.081,102.388,1325,ok,,7ba0c0c8eb
9799c38698e777fe863f7e3fe55eb08374398bc7,base,test,6,12,2307.4776,405.5308,0.0005,80.483,91.641,1524,outlier,tbt;lcpObs,7ba0c0c8eb
9799c38698e777fe863f7e3fe55eb08374398bc7,base,test,7,15,1712.7275,225.0416,0.0005,66.078,50.964,1275,ok,,7ba0c0c8eb
9799c38698e777fe863f7e3fe55eb08374398bc7,base,test,8,16,2011.3784,228.1201,0.0005,70.65,64.852,1296,ok,,7ba0c0c8eb
9799c38698e777fe863f7e3fe55eb08374398bc7,base,test,9,19,1744.2465,242.0367,0.0005,62.52,74.24,1295,ok,,7ba0c0c8eb
9799c38698e777fe863f7e3fe55eb08374398bc7,base,test,10,20,1936.8293,158.7007,0.0005,66.037,28.275,1189,ok,,7ba0c0c8eb
9799c38698e777fe863f7e3fe55eb08374398bc7,base,test,11,23,1965.5187,200.1924,0.0005,66.086,45.431,1251,ok,,7ba0c0c8eb
9799c38698e777fe863f7e3fe55eb08374398bc7,base,test,12,24,1729.4295,243.5202,0.0005,76.569,34.618,1295,ok,,7ba0c0c8eb
9799c38698e777fe863f7e3fe55eb08374398bc7,base,test,13,27,2022.1386,230.3884,0.0005,94.51,34.265,1335,outlier,inp,7ba0c0c8eb
9799c38698e777fe863f7e3fe55eb08374398bc7,base,test,14,28,1776.908,213.6932,0.0004,66.157,49.366,1350,ok,,7ba0c0c8eb
9799c38698e777fe863f7e3fe55eb08374398bc7,head,test,0,1,,,,64.769,273.282,,outlier,tbtFlow,
9799c38698e777fe863f7e3fe55eb08374398bc7,head,test,1,2,1698.1995,208.7424,0.0005,65.961,76.251,1273,ok,,7ba0c0c8eb
9799c38698e777fe863f7e3fe55eb08374398bc7,head,test,2,5,1968.195,223.3198,0.0005,65.95,31.513,1229,ok,,7ba0c0c8eb
9799c38698e777fe863f7e3fe55eb08374398bc7,head,test,3,6,1994.7349,158.9842,0.0005,65.985,41.975,1254,ok,,7ba0c0c8eb
9799c38698e777fe863f7e3fe55eb08374398bc7,head,test,4,9,1704.6675,144.8371,0.0005,65.806,54.756,1177,ok,,7ba0c0c8eb
9799c38698e777fe863f7e3fe55eb08374398bc7,head,test,5,10,1991.4968,145.7353,0.0004,81.482,40.973,1319,ok,,7ba0c0c8eb
9799c38698e777fe863f7e3fe55eb08374398bc7,head,test,6,13,2061.1062,256.6882,0.0004,65.088,28.452,1409,ok,,7ba0c0c8eb
9799c38698e777fe863f7e3fe55eb08374398bc7,head,test,7,14,1718.848,273.1058,0.0005,77.135,73.921,1342,ok,,7ba0c0c8eb
9799c38698e777fe863f7e3fe55eb08374398bc7,head,test,8,17,1969.6427,188.8681,0.0005,64.327,116.143,1255,ok,,7ba0c0c8eb
9799c38698e777fe863f7e3fe55eb08374398bc7,head,test,9,18,2111.012,302.0727,0.0005,65.927,25.923,1437,ok,,7ba0c0c8eb
9799c38698e777fe863f7e3fe55eb08374398bc7,head,test,10,21,1953.4626,205.7752,0.0005,95.804,64.058,1221,outlier,inp,7ba0c0c8eb
9799c38698e777fe863f7e3fe55eb08374398bc7,head,test,11,22,1715.281,205.7511,0.0005,72.589,32.377,1237,ok,,7ba0c0c8eb
9799c38698e777fe863f7e3fe55eb08374398bc7,head,test,12,25,2003.1235,210.659,0.0005,68.886,73.736,1329,ok,,7ba0c0c8eb
9799c38698e777fe863f7e3fe55eb08374398bc7,head,test,13,26,2077.6633,240.4141,0.0005,65.161,83.243,1555,outlier,lcpObs,7ba0c0c8eb
9799c38698e777fe863f7e3fe55eb08374398bc7,head,test,14,29,1950.7654,195.5201,0.0005,65.864,42.408,1235,ok,,7ba0c0c8eb
12e0035bfd89173a31c3229835b044995571d11b,base,test,0,0,1999.409,282.7772,0.0005,65.986,28.376,1315,outlier,tbt,7ba0c0c8eb
12e0035bfd89173a31c3229835b044995571d11b,base,test,1,3,2020.8369,228,0.0005,71.559,29.942,1269,ok,,7ba0c0c8eb
12e0035bfd89173a31c3229835b044995571d11b,base,test,2,4,1949.4359,232,0.0004,65.911,25.346,1264,ok,,7ba0c0c8eb
12e0035bfd89173a31c3229835b044995571d11b,base,test,3,7,1926.6819,232.5,0.0005,90.48,68.847,1247,outlier,tbtFlow,7ba0c0c8eb
12e0035bfd89173a31c3229835b044995571d11b,base,test,4,8,1975.0632,252,0.0005,89.599,93.658,1256,outlier,tbtFlow,7ba0c0c8eb
12e0035bfd89173a31c3229835b044995571d11b,head,test,0,1,1918.5908,239.5,0.0005,70.792,25.337,1558,outlier,lcpObs,bf10b6c020
12e0035bfd89173a31c3229835b044995571d11b,head,test,1,2,2013.1978,242.0,0.0005,63.346,66.574,1210,ok,,bf10b6c020
12e0035bfd89173a31c3229835b044995571d11b,head,test,2,5,1951.9347,247.5824,0.0005,85.499,40.352,1262,ok,,bf10b6c020
12e0035bfd89173a31c3229835b044995571d11b,head,test,3,6,2036.566,254.0,0.0004,65.056,77.777,1378,ok,,bf10b6c020
12e0035bfd89173a31c3229835b044995571d11b,head,test,4,9,1932.911,181.402,0.0005,80.212,70.735,1256,outlier,tbt,bf10b6c020
68fe2caf83cb26557bd981a6fd98bcbbf1d0ce5b,base,test,0,0,1935.9231,182.4132,0.0005,63.975,99.647,1523,outlier,tbtFlow,bf10b6c020
68fe2caf83cb26557bd981a6fd98bcbbf1d0ce5b,base,test,1,3,1939.9383,252.0,0.0005,64.232,49.009,1200,ok,,bf10b6c020
68fe2caf83cb26557bd981a6fd98bcbbf1d0ce5b,base,test,2,4,1918.0099,230.5,0.0004,65.9,56.042,1243,ok,,bf10b6c020
68fe2caf83cb26557bd981a6fd98bcbbf1d0ce5b,base,test,3,7,1996.0974,186.332,0.0005,72.498,63.519,1322,ok,,bf10b6c020
68fe2caf83cb26557bd981a6fd98bcbbf1d0ce5b,base,test,4,8,1962.8061,217.7192,0.0005,65.949,22.476,1307,outlier,tbtFlow,bf10b6c020
68fe2caf83cb26557bd981a6fd98bcbbf1d0ce5b,head,test,0,1,1934.0997,223.5,0.0005,65.994,60.807,5236,outlier,lcpObs,bf10b6c020
68fe2caf83cb26557bd981a6fd98bcbbf1d0ce5b,head,test,1,2,1914.3407,238.5,0.0004,66.052,67.559,1194,ok,,bf10b6c020
68fe2caf83cb26557bd981a6fd98bcbbf1d0ce5b,head,test,2,5,1961.1006,217.5,0.0005,68.316,60.123,1309,ok,,bf10b6c020
68fe2caf83cb26557bd981a6fd98bcbbf1d0ce5b,head,test,3,6,1953.3055,241.5,0.0005,69.261,28.031,1243,ok,,bf10b6c020
68fe2caf83cb26557bd981a6fd98bcbbf1d0ce5b,head,test,4,9,1979.459,180.2176,0.0005,66.022,49.017,1624,ok,,bf10b6c020
9fadc4a493226b2941ad47a0e140672140dbcff4,base,test,0,0,1903.8823,181.8975,0.0005,68.959,39.101,1483,outlier,lcpObs,bf10b6c020
9fadc4a493226b2941ad47a0e140672140dbcff4,base,test,1,3,1913.7976,227,0.0005,68.774,66.67,1191,outlier,tbt,bf10b6c020
9fadc4a493226b2941ad47a0e140672140dbcff4,base,test,2,4,1907.1081,213.9312,0.0005,84.536,20.749,1184,outlier,tbt,bf10b6c020
9fadc4a493226b2941ad47a0e140672140dbcff4,base,test,3,7,1910.1642,178.888,0.0004,80.894,27.943,1166,ok,,bf10b6c020
9fadc4a493226b2941ad47a0e140672140dbcff4,base,test,4,8,1905.2568,180.1404,0.0005,65.78,12.815,1193,ok,,bf10b6c020
9fadc4a493226b2941ad47a0e140672140dbcff4,head,test,0,1,1882.6581,176.5174,0.0005,68.907,53.184,1480,outlier,lcpObs,bf10b6c020
9fadc4a493226b2941ad47a0e140672140dbcff4,head,test,1,2,1894.3217,197.9136,0.0005,86.335,24.011,1210,ok,,bf10b6c020
9fadc4a493226b2941ad47a0e140672140dbcff4,head,test,2,5,1908.1301,207.0572,0.0005,66.101,16.54,1195,ok,,bf10b6c020
9fadc4a493226b2941ad47a0e140672140dbcff4,head,test,3,6,1894.602,216.1052,0.0005,93.313,35.142,1182,ok,,bf10b6c020
9fadc4a493226b2941ad47a0e140672140dbcff4,head,test,4,9,1898.3003,177.9125,0.0004,80.617,49.088,1182,ok,,bf10b6c020
6c92206acef2f6093a3bbf981832ccd52a056202,base,test,0,0,1954.0715,176.3811,0.0005,66.057,46.736,7522,outlier,lcpObs,bf10b6c020
6c92206acef2f6093a3bbf981832ccd52a056202,base,test,1,3,1909.2551,210.5,0.0005,65.997,23.062,1202,ok,,bf10b6c020
6c92206acef2f6093a3bbf981832ccd52a056202,base,test,2,4,1909.5253,210.0,0.0004,65.995,18.504,1201,ok,,bf10b6c020
6c92206acef2f6093a3bbf981832ccd52a056202,base,test,3,7,1953.8293,210.9406,0.0004,80.205,32.686,1317,ok,,bf10b6c020
6c92206acef2f6093a3bbf981832ccd52a056202,base,test,4,8,1919.8676,211.8694,0.0005,88.996,60.595,1486,outlier,inp;tbtFlow;lcpObs,bf10b6c020
6c92206acef2f6093a3bbf981832ccd52a056202,base,test,5,11,1908.1678,176.7503,0.0005,82.245,77.669,1192,outlier,tbtFlow,bf10b6c020
6c92206acef2f6093a3bbf981832ccd52a056202,base,test,6,12,1903.1175,177.275,0.0005,66.037,20.492,1189,ok,,bf10b6c020
6c92206acef2f6093a3bbf981832ccd52a056202,base,test,7,15,1918.4171,214.2029,0.0005,93.789,35.303,1267,outlier,inp,bf10b6c020
6c92206acef2f6093a3bbf981832ccd52a056202,base,test,8,16,1970.198,216,0.0004,66,18.674,1321,ok,,bf10b6c020
6c92206acef2f6093a3bbf981832ccd52a056202,base,test,9,19,1912.2056,216.5,0.0005,66.534,21.675,1196,ok,,bf10b6c020
6c92206acef2f6093a3bbf981832ccd52a056202,base,test,10,20,1900.935,176.3353,0.0004,66.048,17.458,1188,ok,,bf10b6c020
6c92206acef2f6093a3bbf981832ccd52a056202,base,test,11,23,1914.4766,182.8834,0.0005,65.873,24.735,1215,ok,,bf10b6c020
6c92206acef2f6093a3bbf981832ccd52a056202,base,test,12,24,1926.6734,174.1715,0.0005,66.512,17.748,1234,ok,,bf10b6c020
6c92206acef2f6093a3bbf981832ccd52a056202,base,test,13,27,1957.6553,176.2899,0.0005,66.144,47.39,1289,ok,,bf10b6c020
6c92206acef2f6093a3bbf981832ccd52a056202,base,test,14,28,1925.2677,178.3394,0.0005,66.116,18.907,1203,ok,,bf10b6c020
6c92206acef2f6093a3bbf981832ccd52a056202,head,test,0,1,1674.122,182.1581,0.0005,95.107,40.202,1217,outlier,inp,f52268843d
6c92206acef2f6093a3bbf981832ccd52a056202,head,test,1,2,1720.5265,175.1157,0.0004,66.133,31.333,1315,outlier,lcpObs,f52268843d
6c92206acef2f6093a3bbf981832ccd52a056202,head,test,2,5,1660.6065,211.0,0.0005,65.999,38.304,1215,outlier,tbt,f52268843d
6c92206acef2f6093a3bbf981832ccd52a056202,head,test,3,6,1657.9515,216.5,0.0005,66.022,17.156,1201,outlier,tbt,f52268843d
6c92206acef2f6093a3bbf981832ccd52a056202,head,test,4,9,1674.8725,240.5,0.0005,66.025,23.127,1282,outlier,tbt;lcpObs,f52268843d
6c92206acef2f6093a3bbf981832ccd52a056202,head,test,5,10,1668.1,176.1211,0.0005,66.153,13.905,1206,ok,,f52268843d
6c92206acef2f6093a3bbf981832ccd52a056202,head,test,6,13,1656.606,213.0,0.0005,65.98,39.747,1163,outlier,tbt,f52268843d
6c92206acef2f6093a3bbf981832ccd52a056202,head,test,7,14,1662.4905,183.2766,0.0005,63.108,24.655,1217,ok,,f52268843d
6c92206acef2f6093a3bbf981832ccd52a056202,head,test,8,17,1687.318,175.5879,0.0005,66.434,15.564,1229,ok,,f52268843d
6c92206acef2f6093a3bbf981832ccd52a056202,head,test,9,18,1688.2065,174.142,0.0005,66.306,16.817,1269,ok,,f52268843d
6c92206acef2f6093a3bbf981832ccd52a056202,head,test,10,21,1667.8935,173.3087,0.0005,82.811,24.349,1269,ok,,f52268843d
6c92206acef2f6093a3bbf981832ccd52a056202,head,test,11,22,1672.3635,172.9665,0.0005,66.347,17.459,1215,ok,,f52268843d
6c92206acef2f6093a3bbf981832ccd52a056202,head,test,12,25,1670.1055,174.1071,0.0004,66.158,18.054,1213,ok,,f52268843d
6c92206acef2f6093a3bbf981832ccd52a056202,head,test,13,26,1672.521,173.4512,0.0005,79.649,30.307,1202,ok,,f52268843d
6c92206acef2f6093a3bbf981832ccd52a056202,head,test,14,29,1660.8975,226.5,0.0005,65.975,69.811,1209,outlier,tbt;tbtFlow,f52268843d
a795b9dab30893ae4fcabcd97704622ca4045d91,base,test,0,0,1672.455,242.0,0.0005,65.021,32.631,1350,ok,,5a4fea21b4
a795b9dab30893ae4fcabcd97704622ca4045d91,base,test,1,3,1659.339,176.3915,0.0005,65.916,38.884,1188,outlier,tbt,5a4fea21b4
a795b9dab30893ae4fcabcd97704622ca4045d91,base,test,2,4,1663.4385,213,0.0005,66.015,27.936,1183,ok,,5a4fea21b4
a795b9dab30893ae4fcabcd97704622ca4045d91,base,test,3,7,1726.932,216.1046,0.0005,66.05,47.989,1349,ok,,5a4fea21b4
a795b9dab30893ae4fcabcd97704622ca4045d91,base,test,4,8,1658.555,225.0,0.0005,66.204,47.934,1183,ok,,5a4fea21b4
a795b9dab30893ae4fcabcd97704622ca4045d91,base,test,5,11,1633.175,216.0,0.0004,65.966,21.376,1205,ok,,5a4fea21b4
a795b9dab30893ae4fcabcd97704622ca4045d91,base,test,6,12,1670.1595,209.5,0.0005,68.55,15.855,1212,ok,,5a4fea21b4
a795b9dab30893ae4fcabcd97704622ca4045d91,base,test,7,15,1673.8085,228.0,0.0005,77.453,41.717,1509,outlier,lcpObs,5a4fea21b4
a795b9dab30893ae4fcabcd97704622ca4045d91,base,test,8,16,1619.293,176.291,0.0004,68.254,22.46,1175,outlier,tbt,5a4fea21b4
a795b9dab30893ae4fcabcd97704622ca4045d91,base,test,9,19,1666.1505,217,0.0005,66.307,27.7,1227,ok,,5a4fea21b4
a795b9dab30893ae4fcabcd97704622ca4045d91,base,test,10,20,1662.3035,215,0.0004,65.979,31.745,1475,outlier,lcpObs,5a4fea21b4
a795b9dab30893ae4fcabcd97704622ca4045d91,base,test,11,23,1655.3275,174.1931,0.0005,64.99,30.498,1175,outlier,tbt,5a4fea21b4
a795b9dab30893ae4fcabcd97704622ca4045d91,base,test,12,24,1671.1785,215,0.0004,66.135,27.581,1197,ok,,5a4fea21b4
a795b9dab30893ae4fcabcd97704622ca4045d91,base,test,13,27,1664.9695,210.5,0.0005,65.029,28.952,1503,outlier,lcpObs,5a4fea21b4
a795b9dab30893ae4fcabcd97704622ca4045d91,base,test,14,28,1674.052,174.2513,0.0005,65.875,17.238,1298,outlier,tbt,5a4fea21b4
a795b9dab30893ae4fcabcd97704622ca4045d91,head,test,0,1,1720.1005,217.5,0.0005,81.1,44.319,1317,ok,,5a4fea21b4
a795b9dab30893ae4fcabcd97704622ca4045d91,head,test,1,2,1727.1985,227,0.0005,69.797,20.173,1285,ok,,5a4fea21b4
a795b9dab30893ae4fcabcd97704622ca4045d91,head,test,2,5,1721.2855,228.5,0.0005,65.992,19.723,1326,ok,,5a4fea21b4
a795b9dab30893ae4fcabcd97704622ca4045d91,head,test,3,6,1677.9745,176.2799,0.0005,80.372,30.433,1240,ok,,5a4fea21b4
a795b9dab30893ae4fcabcd97704622ca4045d91,head,test,4,9,1711.437,233,0.0005,66.134,30.69,1337,ok,,5a4fea21b4
a795b9dab30893ae4fcabcd97704622ca4045d91,head,test,5,10,1703.7175,186.2075,0.0005,65.934,14.714,1277,ok,,5a4fea21b4
a795b9dab30893ae4fcabcd97704622ca4045d91,head,test,6,13,1672.5025,224.5,0.0005,65.994,40.16,7024,outlier,lcpObs,5a4fea21b4
a795b9dab30893ae4fcabcd97704622ca4045d91,head,test,7,14,1662.4385,221.5,0.0005,65.893,13.208,1202,ok,,5a4fea21b4
a795b9dab30893ae4fcabcd97704622ca4045d91,head,test,8,17,1672.8925,230.5,0.0005,66.059,17.99,1227,ok,,5a4fea21b4
a795b9dab30893ae4fcabcd97704622ca4045d91,head,test,9,18,1669.4155,178.0888,0.0005,65.879,18.412,1210,ok,,5a4fea21b4
a795b9dab30893ae4fcabcd97704622ca4045d91,head,test,10,21,1670.779,185.2133,0.0004,65.977,23.363,1485,outlier,lcpObs,5a4fea21b4
a795b9dab30893ae4fcabcd97704622ca4045d91,head,test,11,22,1662.715,175.0528,0.0005,66.092,15.324,1201,ok,,5a4fea21b4
a795b9dab30893ae4fcabcd97704622ca4045d91,head,test,12,25,1671.892,179.1758,0.0005,66.025,16.329,1245,ok,,5a4fea21b4
a795b9dab30893ae4fcabcd97704622ca4045d91,head,test,13,26,1675.5565,225.5,0.0005,65.989,44.718,1228,ok,,5a4fea21b4
a795b9dab30893ae4fcabcd97704622ca4045d91,head,test,14,29,1678.346,176.1572,0.0005,64.962,39.248,1246,ok,,5a4fea21b4
a6cd53caf08b5ef76b68d8b8191823950e213bcc,base,test,0,0,1661.2485,175.3329,0.0005,65.977,15.672,1216,ok,,5a4fea21b4
a6cd53caf08b5ef76b68d8b8191823950e213bcc,base,test,1,3,1668.5,229,0.0005,80.702,31.839,1223,outlier,tbt,5a4fea21b4
a6cd53caf08b5ef76b68d8b8191823950e213bcc,base,test,2,4,1715.989,228,0.0005,69.577,23.748,1290,outlier,tbt;lcpObs,5a4fea21b4
a6cd53caf08b5ef76b68d8b8191823950e213bcc,base,test,3,7,1658.9775,179.1699,0.0005,66.263,18.422,1199,ok,,5a4fea21b4
a6cd53caf08b5ef76b68d8b8191823950e213bcc,base,test,4,8,1655.1995,176.2821,0.0004,88.266,36.252,1210,outlier,inp,5a4fea21b4
a6cd53caf08b5ef76b68d8b8191823950e213bcc,base,test,5,11,1659.474,223.5,0.0005,65.885,18.208,1232,outlier,tbt,5a4fea21b4
a6cd53caf08b5ef76b68d8b8191823950e213bcc,base,test,6,12,1665.7455,178.2316,0.0005,69.005,15.295,1204,ok,,5a4fea21b4
a6cd53caf08b5ef76b68d8b8191823950e213bcc,base,test,7,15,1709.211,186.2176,0.0005,66,14.013,1301,outlier,lcpObs,5a4fea21b4
a6cd53caf08b5ef76b68d8b8191823950e213bcc,base,test,8,16,1665.8935,184.1921,0.0005,83.692,34.791,1211,ok,,5a4fea21b4
a6cd53caf08b5ef76b68d8b8191823950e213bcc,base,test,9,19,1664.747,183.0583,0.0005,66.005,32.705,1226,ok,,5a4fea21b4
a6cd53caf08b5ef76b68d8b8191823950e213bcc,base,test,10,20,1677.9415,179.2793,0.0005,66.109,47.404,1245,ok,,5a4fea21b4
a6cd53caf08b5ef76b68d8b8191823950e213bcc,base,test,11,23,1662.4585,228.5,0.0004,65.958,57.862,1209,outlier,tbt,5a4fea21b4
a6cd53caf08b5ef76b68d8b8191823950e213bcc,base,test,12,24,1669.074,176.1695,0.0005,65.93,17.382,1212,ok,,5a4fea21b4
a6cd53caf08b5ef76b68d8b8191823950e213bcc,base,test,13,27,1683.336,198.7221,0.0004,66.019,32.065,3319,outlier,lcpObs,5a4fea21b4
a6cd53caf08b5ef76b68d8b8191823950e213bcc,base,test,14,28,1659.484,174.0766,0.0005,82.067,36.356,1224,ok,,5a4fea21b4
a6cd53caf08b5ef76b68d8b8191823950e213bcc,head,test,0,1,1679.326,173.1277,0.0005,65.84,47.811,1513,ok,,5a4fea21b4
a6cd53caf08b5ef76b68d8b8191823950e213bcc,head,test,1,2,1718.258,256.5,0.0005,66.184,45.886,1373,outlier,tbt,5a4fea21b4
a6cd53caf08b5ef76b68d8b8191823950e213bcc,head,test,2,5,1715.404,176.7283,0.0005,81.45,42.707,1351,ok,,5a4fea21b4
a6cd53caf08b5ef76b68d8b8191823950e213bcc,head,test,3,6,1667.3425,224.0,0.0005,66.057,25.745,1211,outlier,tbt,5a4fea21b4
a6cd53caf08b5ef76b68d8b8191823950e213bcc,head,test,4,9,1664.7215,184.2885,0.0004,76.816,46.895,1195,ok,,5a4fea21b4
a6cd53caf08b5ef76b68d8b8191823950e213bcc,head,test,5,10,1667.036,241.0,0.0005,66.335,31.047,4591,outlier,tbt;lcpObs,5a4fea21b4
a6cd53caf08b5ef76b68d8b8191823950e213bcc,head,test,6,13,1670.114,176.5314,0.0005,70.387,32.533,1502,ok,,5a4fea21b4
a6cd53caf08b5ef76b68d8b8191823950e213bcc,head,test,7,14,1679.2515,174.3417,0.0005,65.977,16.371,1252,ok,,5a4fea21b4
a6cd53caf08b5ef76b68d8b8191823950e213bcc,head,test,8,17,1659.86,220,0.0005,64.914,33.325,1214,outlier,tbt,5a4fea21b4
a6cd53caf08b5ef76b68d8b8191823950e213bcc,head,test,9,18,1669.6435,177.5716,0.0004,65.95,45.572,1205,ok,,5a4fea21b4
a6cd53caf08b5ef76b68d8b8191823950e213bcc,head,test,10,21,1727.225,176.1974,0.0005,66.004,25.319,1326,ok,,5a4fea21b4
a6cd53caf08b5ef76b68d8b8191823950e213bcc,head,test,11,22,1659.5115,186.2085,0.0005,71.153,13.464,1470,ok,,5a4fea21b4
a6cd53caf08b5ef76b68d8b8191823950e213bcc,head,test,12,25,1711.9895,175.1327,0.0004,66.003,22.568,1307,ok,,5a4fea21b4
a6cd53caf08b5ef76b68d8b8191823950e213bcc,head,test,13,26,1630.5515,177.5168,0.0004,66.062,42.59,1211,ok,,5a4fea21b4
a6cd53caf08b5ef76b68d8b8191823950e213bcc,head,test,14,29,1669.04,175.1792,0.0005,65.991,25.474,1225,ok,,5a4fea21b4
f858cbf3a7f8f4ac485b0f455215752ff8d5729a,base,test,0,0,1966.6308,180.0713,0.0005,94.711,59.201,1597,outlier,inp;lcpObs,5a4fea21b4
f858cbf3a7f8f4ac485b0f455215752ff8d5729a,base,test,1,3,1929.5137,187.0817,0.0005,66.021,18.039,1211,ok,,5a4fea21b4
f858cbf3a7f8f4ac485b0f455215752ff8d5729a,base,test,2,4,1926.4655,174.046,0.0004,67.227,32.084,1493,outlier,lcpObs,5a4fea21b4
f858cbf3a7f8f4ac485b0f455215752ff8d5729a,base,test,3,7,1976.5169,231.5,0.0005,93.089,27.263,1273,outlier,inp,5a4fea21b4
f858cbf3a7f8f4ac485b0f455215752ff8d5729a,base,test,4,8,1938.1535,183.2217,0.0005,92.428,30.62,1234,outlier,inp,5a4fea21b4
f858cbf3a7f8f4ac485b0f455215752ff8d5729a,base,test,5,11,1921.6997,174.5714,0.0005,96.276,30.858,1219,outlier,inp,5a4fea21b4
f858cbf3a7f8f4ac485b0f455215752ff8d5729a,base,test,6,12,1935.5166,189.1142,0.0005,66.01,29.666,1226,ok,,5a4fea21b4
f858cbf3a7f8f4ac485b0f455215752ff8d5729a,base,test,7,15,2075.1287,250.5,0.0005,64.951,71.879,1274,outlier,lcp;tbt;tbtFlow,5a4fea21b4
f858cbf3a7f8f4ac485b0f455215752ff8d5729a,base,test,8,16,1943.0542,220.5,0.0005,66.02,44.378,1494,outlier,lcpObs,5a4fea21b4
f858cbf3a7f8f4ac485b0f455215752ff8d5729a,base,test,9,19,1917.3022,224.0,0.0005,66.036,33.618,1210,ok,,5a4fea21b4
f858cbf3a7f8f4ac485b0f455215752ff8d5729a,base,test,10,20,1937.725,234,0.0005,65.927,46.279,1199,ok,,5a4fea21b4
f858cbf3a7f8f4ac485b0f455215752ff8d5729a,base,test,11,23,1945.6593,179.2766,0.0005,83.26,44.397,1228,ok,,5a4fea21b4
f858cbf3a7f8f4ac485b0f455215752ff8d5729a,base,test,12,24,1958.4554,139.1095,0.0005,65.936,41.552,1345,ok,,5a4fea21b4
f858cbf3a7f8f4ac485b0f455215752ff8d5729a,base,test,13,27,1935.9117,188.3229,0.0005,65.913,31.214,1216,ok,,5a4fea21b4
f858cbf3a7f8f4ac485b0f455215752ff8d5729a,base,test,14,28,1920.4018,176.1488,0.0005,65.99,47.753,1193,ok,,5a4fea21b4
f858cbf3a7f8f4ac485b0f455215752ff8d5729a,head,test,0,1,2986.7039,179.5603,0.0005,68.167,63.075,1329,ok,,880cdd2dbf
f858cbf3a7f8f4ac485b0f455215752ff8d5729a,head,test,1,2,1933.4085,185.9089,0.0005,65.962,73.769,1329,outlier,lcp,880cdd2dbf
f858cbf3a7f8f4ac485b0f455215752ff8d5729a,head,test,2,5,2980.4277,183.7214,0.0005,65.858,62.453,1328,ok,,880cdd2dbf
f858cbf3a7f8f4ac485b0f455215752ff8d5729a,head,test,3,6,3050.9834,183.9275,0.0005,66.009,74.513,3275,outlier,lcpObs,880cdd2dbf
f858cbf3a7f8f4ac485b0f455215752ff8d5729a,head,test,4,9,2984.0529,176.9591,0.0005,72.703,63.859,1358,ok,,880cdd2dbf
f858cbf3a7f8f4ac485b0f455215752ff8d5729a,head,test,5,10,3014.9035,185.289,0.0005,65.916,57.566,1303,ok,,880cdd2dbf
f858cbf3a7f8f4ac485b0f455215752ff8d5729a,head,test,6,13,3037.304,196.9582,0.0005,66.12,83.871,1343,ok,,880cdd2dbf
f858cbf3a7f8f4ac485b0f455215752ff8d5729a,head,test,7,14,3025.3274,188.4977,0.0005,65.917,43.91,1404,ok,,880cdd2dbf
f858cbf3a7f8f4ac485b0f455215752ff8d5729a,head,test,8,17,1941.7421,243.1728,0.0005,66.305,67.549,1376,outlier,lcp;tbt,880cdd2dbf
f858cbf3a7f8f4ac485b0f455215752ff8d5729a,head,test,9,18,1954.9676,187.6479,0.0004,96.836,44.918,1340,outlier,lcp;inp,880cdd2dbf
f858cbf3a7f8f4ac485b0f455215752ff8d5729a,head,test,10,21,3031.1991,244.148,0.0005,65.967,77.972,1691,outlier,tbt;lcpObs,880cdd2dbf
f858cbf3a7f8f4ac485b0f455215752ff8d5729a,head,test,11,22,1980.3236,197.4903,0.0004,66.23,59.392,1355,outlier,lcp,880cdd2dbf
f858cbf3a7f8f4ac485b0f455215752ff8d5729a,head,test,12,25,3029.2363,181.9823,0.0005,66.016,61.546,1474,ok,,880cdd2dbf
f858cbf3a7f8f4ac485b0f455215752ff8d5729a,head,test,13,26,3012.7394,176.0787,0.0005,66.303,81.227,1375,ok,,880cdd2dbf
f858cbf3a7f8f4ac485b0f455215752ff8d5729a,head,test,14,29,3007.4527,249,0.0004,66.037,71.699,1362,outlier,tbt,880cdd2dbf
1b1746bbc0216b58f6979bbb03c55459ed15b771,base,test,0,0,1928.1339,176.7255,0.0005,66.015,75.417,1594,outlier,lcp;lcpObs,880cdd2dbf
1b1746bbc0216b58f6979bbb03c55459ed15b771,base,test,1,3,3007.0091,177.8912,0.0005,76.24,80.159,1355,ok,,880cdd2dbf
1b1746bbc0216b58f6979bbb03c55459ed15b771,base,test,2,4,3032.9566,227.8962,0.0005,70.207,46.706,1332,outlier,tbt,880cdd2dbf
1b1746bbc0216b58f6979bbb03c55459ed15b771,base,test,3,7,3081.146,247.1845,0.0005,65.842,62.25,1425,outlier,tbt,880cdd2dbf
1b1746bbc0216b58f6979bbb03c55459ed15b771,base,test,4,8,2967.1551,176.6652,0.0005,65.983,53.865,1327,ok,,880cdd2dbf
1b1746bbc0216b58f6979bbb03c55459ed15b771,head,test,0,1,1936.3199,232.0,0.0004,92.384,86.088,1355,outlier,lcp;inp,c281a527e7
1b1746bbc0216b58f6979bbb03c55459ed15b771,head,test,1,2,3034.744,232.5,0.0005,66.005,44.69,1392,ok,,c281a527e7
1b1746bbc0216b58f6979bbb03c55459ed15b771,head,test,2,5,3027.1559,233.0053,0.0005,66.169,63.509,1366,ok,,c281a527e7
1b1746bbc0216b58f6979bbb03c55459ed15b771,head,test,3,6,2989.3674,177.5128,0.0005,66.037,84.634,1636,outlier,tbt;lcpObs,c281a527e7
1b1746bbc0216b58f6979bbb03c55459ed15b771,head,test,4,9,3023.0537,178.5984,0.0005,64.939,58.329,1340,outlier,tbt,c281a527e7
d63cd5d7b56a93fc80175b7e3ddeb6da3636bff5,base,test,0,0,1561.3301,91.3097,0.0004,66.029,82.202,3801,outlier,lcpObs,d69af31486
d63cd5d7b56a93fc80175b7e3ddeb6da3636bff5,base,test,1,3,1546.6979,186.5,0.0004,66.091,84.175,1299,outlier,tbt,d69af31486
d63cd5d7b56a93fc80175b7e3ddeb6da3636bff5,base,test,2,4,1548.1534,91.4449,0.0004,107.406,60.001,1001,outlier,inp,d69af31486
d63cd5d7b56a93fc80175b7e3ddeb6da3636bff5,base,test,3,7,1515.6065,187.5,0.0004,65.948,40.329,1011,outlier,tbt,d69af31486
d63cd5d7b56a93fc80175b7e3ddeb6da3636bff5,base,test,4,8,1599.9054,91.0431,0.0004,66.074,65.884,1092,ok,,d69af31486
d63cd5d7b56a93fc80175b7e3ddeb6da3636bff5,head,test,0,1,1589.3483,91.2013,0.0004,65.857,58.91,1058,outlier,lcpObs,d69af31486
d63cd5d7b56a93fc80175b7e3ddeb6da3636bff5,head,test,1,2,1551.1146,91.0842,0.0004,66.044,69.582,994,ok,,d69af31486
d63cd5d7b56a93fc80175b7e3ddeb6da3636bff5,head,test,2,5,1547.9888,183.0,0.0004,109.754,81.072,990,outlier,tbt;inp,d69af31486
d63cd5d7b56a93fc80175b7e3ddeb6da3636bff5,head,test,3,6,1544.747,91.1852,0.0004,65.977,57.806,989,ok,,d69af31486
d63cd5d7b56a93fc80175b7e3ddeb6da3636bff5,head,test,4,9,1534.6516,198.0,0.0004,69.174,65.04,975,outlier,tbt,d69af31486
dfe74968fdc5b8c95dbaa2b915c75f8969edbee9,base,test,0,0,1505.8967,182.0,0.0004,64.983,71.463,1265,outlier,tbt;lcpObs,d69af31486
dfe74968fdc5b8c95dbaa2b915c75f8969edbee9,base,test,1,3,1559.2513,91.0764,0.0004,70.069,81.07,1004,ok,,d69af31486
dfe74968fdc5b8c95dbaa2b915c75f8969edbee9,base,test,2,4,1540.6151,91.2822,0.0004,65.902,66.478,990,ok,,d69af31486
dfe74968fdc5b8c95dbaa2b915c75f8969edbee9,base,test,3,7,1535.5717,91.5091,0.0004,106.207,48.621,951,outlier,inp,d69af31486
dfe74968fdc5b8c95dbaa2b915c75f8969edbee9,base,test,4,8,1591.6486,195.0,0.0004,103.966,54.24,1110,outlier,tbt;inp,d69af31486
dfe74968fdc5b8c95dbaa2b915c75f8969edbee9,head,test,0,1,1607.8255,189.0,0.0004,66.182,62.729,1114,outlier,tbt;lcpObs,d69af31486
dfe74968fdc5b8c95dbaa2b915c75f8969edbee9,head,test,1,2,1551.9484,90.0916,0.0003,66.065,51.884,989,ok,,d69af31486
dfe74968fdc5b8c95dbaa2b915c75f8969edbee9,head,test,2,5,1545.4705,91.3213,0.0004,102.148,49.957,985,outlier,inp,d69af31486
dfe74968fdc5b8c95dbaa2b915c75f8969edbee9,head,test,3,6,1544.7593,91.6086,0.0004,65.315,53.481,976,ok,,d69af31486
dfe74968fdc5b8c95dbaa2b915c75f8969edbee9,head,test,4,9,1543.0233,179.0,0.0004,67.007,82.824,956,outlier,tbt,d69af31486
f4a756dcfb5dcd1e121226bbc52de652f7194e0a,base,test,0,0,1863.7154,91.4458,0.0004,66.046,72.578,1305,ok,,d69af31486
f4a756dcfb5dcd1e121226bbc52de652f7194e0a,base,test,1,3,1926.1124,91.2161,0.0004,65.228,49.075,1128,ok,,d69af31486
f4a756dcfb5dcd1e121226bbc52de652f7194e0a,base,test,2,4,1847.517,219.5,0.0004,65.962,78.413,981,outlier,tbt,d69af31486
f4a756dcfb5dcd1e121226bbc52de652f7194e0a,base,test,3,7,1842.9628,91.2708,0.0004,74.77,64.046,978,ok,,d69af31486
f4a756dcfb5dcd1e121226bbc52de652f7194e0a,base,test,4,8,1913.9328,185.5,0.0004,104.598,73.093,1081,outlier,tbt;inp,d69af31486
f4a756dcfb5dcd1e121226bbc52de652f7194e0a,head,test,0,1,1539.7463,178.0,0.0003,66.059,88.492,953,outlier,lcp,d69af31486
f4a756dcfb5dcd1e121226bbc52de652f7194e0a,head,test,1,2,1881.2908,91.4028,0.0004,66.049,44.915,1021,outlier,tbt,d69af31486
f4a756dcfb5dcd1e121226bbc52de652f7194e0a,head,test,2,5,1872.1352,91.2787,0.0004,65.979,52.774,1007,outlier,tbt,d69af31486
f4a756dcfb5dcd1e121226bbc52de652f7194e0a,head,test,3,6,1857.81,183,0.0004,69.109,64.684,994,ok,,d69af31486
f4a756dcfb5dcd1e121226bbc52de652f7194e0a,head,test,4,9,1841.5452,177.0,0.0004,65.888,69.598,963,ok,,d69af31486
3d2190e3f8edb2220180a7eb48af658d0730f5e4,base,test,0,0,1853.9824,91.0589,0.0004,66.1,66.894,1263,outlier,tbt;lcpObs,d69af31486
3d2190e3f8edb2220180a7eb48af658d0730f5e4,base,test,1,3,1836.6186,179,0.0004,66.184,63.048,947,ok,,d69af31486
3d2190e3f8edb2220180a7eb48af658d0730f5e4,base,test,2,4,1862.404,182.5,0.0004,65.967,58.867,996,ok,,d69af31486
3d2190e3f8edb2220180a7eb48af658d0730f5e4,base,test,3,7,1835.9584,179.5,0.0004,111.302,55.128,952,outlier,inp,d69af31486
3d2190e3f8edb2220180a7eb48af658d0730f5e4,base,test,4,8,1934.524,184,0.0004,65.501,69.116,971,ok,,d69af31486
3d2190e3f8edb2220180a7eb48af658d0730f5e4,head,test,0,1,1851.4052,171.3608,0.0004,66.039,80.232,975,ok,,d69af31486
3d2190e3f8edb2220180a7eb48af658d0730f5e4,head,test,1,2,1918.274,91.2504,0.0004,65.98,62.94,1026,ok,,d69af31486
3d2190e3f8edb2220180a7eb48af658d0730f5e4,head,test,2,5,1847.7218,91.25,0.0004,65.824,70.262,957,ok,,d69af31486
3d2190e3f8edb2220180a7eb48af658d0730f5e4,head,test,3,6,1863.154,180.0,0.0004,99.25,56.581,992,outlier,inp,d69af31486
3d2190e3f8edb2220180a7eb48af658d0730f5e4,head,test,4,9,1942.171,202.0,0.0004,65.725,61.799,1087,ok,,d69af31486
f40e9f5f26c0e3df59707d565600fe368911db9f,base,test,0,0,1844.4526,181.0,0.0004,65.877,69.873,953,outlier,tbt,d69af31486
f40e9f5f26c0e3df59707d565600fe368911db9f,base,test,1,3,1870.2192,91.493,0.0004,66.065,49.528,1019,ok,,d69af31486
f40e9f5f26c0e3df59707d565600fe368911db9f,base,test,2,4,1902.9734,91.953,0.0004,113.706,66.293,1153,outlier,inp,d69af31486
f40e9f5f26c0e3df59707d565600fe368911db9f,base,test,3,7,1877.4666,91.7944,0.0003,65.961,61.409,1016,ok,,d69af31486
f40e9f5f26c0e3df59707d565600fe368911db9f,base,test,4,8,1841.5188,176.0,0.0004,66.08,60.253,966,outlier,tbt,d69af31486
f40e9f5f26c0e3df59707d565600fe368911db9f,head,test,0,1,1844.576,91.0261,0.0004,65.995,61.104,981,ok,,d69af31486
f40e9f5f26c0e3df59707d565600fe368911db9f,head,test,1,2,1857.2428,91.2434,0.0004,99.713,76.58,1014,outlier,inp,d69af31486
f40e9f5f26c0e3df59707d565600fe368911db9f,head,test,2,5,1840.319,91.0557,0.0004,66.077,61.534,972,ok,,d69af31486
f40e9f5f26c0e3df59707d565600fe368911db9f,head,test,3,6,1860.7348,91.1282,0.0004,66.034,54.103,977,ok,,d69af31486
f40e9f5f26c0e3df59707d565600fe368911db9f,head,test,4,9,1856.7424,91.1208,0.0003,66.716,44.762,964,ok,,d69af31486
ddf905679a0a33dfe602d030f8c85e7f0c4b5482,base,test,0,0,1846.9044,91.4772,0.0004,66.062,51.92,1082,ok,,d69af31486
ddf905679a0a33dfe602d030f8c85e7f0c4b5482,base,test,1,3,3092.3484,91.6784,0.0004,66.35,72.478,2341,outlier,lcp;lcpObs,d69af31486
ddf905679a0a33dfe602d030f8c85e7f0c4b5482,base,test,2,4,1938.0915,105.1859,0.0004,66.158,70.451,4042,outlier,lcpObs,d69af31486
ddf905679a0a33dfe602d030f8c85e7f0c4b5482,base,test,3,7,1854.2808,91.3962,0.0004,65.958,77.1,1097,ok,,d69af31486
ddf905679a0a33dfe602d030f8c85e7f0c4b5482,base,test,4,8,1858.1362,186.5,0.0004,99.052,66.595,969,outlier,tbt;inp,d69af31486
ddf905679a0a33dfe602d030f8c85e7f0c4b5482,head,test,0,1,1909.7048,90.1312,0.0004,66.023,74.298,1102,ok,,d69af31486
ddf905679a0a33dfe602d030f8c85e7f0c4b5482,head,test,1,2,1843.716,91.3429,0.0004,66.045,32.91,955,outlier,tbtFlow,d69af31486
ddf905679a0a33dfe602d030f8c85e7f0c4b5482,head,test,2,5,1850.203,91.2009,0.0004,65.948,75.433,995,ok,,d69af31486
ddf905679a0a33dfe602d030f8c85e7f0c4b5482,head,test,3,6,1879.2814,91.2872,0.0004,108.987,58.723,1030,outlier,inp,d69af31486
ddf905679a0a33dfe602d030f8c85e7f0c4b5482,head,test,4,9,1845.3682,91.2333,0.0004,98.389,68.577,950,outlier,inp,d69af31486
48f2a0c2cc62393a56a1594abab5524d898267a2,base,test,0,0,1789.863,170.5,0.0003,102.109,64.709,995,outlier,inp,d69af31486
48f2a0c2cc62393a56a1594abab5524d898267a2,base,test,1,3,1793.3635,154.5,0.0004,66.1,60.273,945,ok,,d69af31486
48f2a0c2cc62393a56a1594abab5524d898267a2,base,test,2,4,1836.5339,152.0,0.0004,65.912,60.196,1046,ok,,d69af31486
48f2a0c2cc62393a56a1594abab5524d898267a2,base,test,3,7,1851.8239,51.0638,0.0004,66.016,60.898,1063,outlier,tbt,d69af31486
48f2a0c2cc62393a56a1594abab5524d898267a2,base,test,4,8,1812.1028,51.202,0.0004,66.03,46.863,1073,outlier,tbt,d69af31486
48f2a0c2cc62393a56a1594abab5524d898267a2,head,test,0,1,1800.8435,51.0102,0.0004,66.004,70.519,967,ok,,d69af31486
48f2a0c2cc62393a56a1594abab5524d898267a2,head,test,1,2,1876.3151,51.648,0.0004,98.1,69.332,1061,outlier,inp,d69af31486
48f2a0c2cc62393a56a1594abab5524d898267a2,head,test,2,5,1852.3841,51.2791,0.0004,99.949,56.66,1053,outlier,inp,d69af31486
48f2a0c2cc62393a56a1594abab5524d898267a2,head,test,3,6,1795.8793,51.3063,0.0004,65.951,55.647,1042,ok,,d69af31486
48f2a0c2cc62393a56a1594abab5524d898267a2,head,test,4,9,1792.6077,170.5,0.0004,66.043,65.89,942,outlier,tbt;lcpObs,d69af31486
d84d0c549b080e09276c8e0076af86a7fc7d24f7,base,test,0,0,1810.6313,91.4609,0.0004,110.196,77.681,1088,outlier,tbt;inp,d69af31486
d84d0c549b080e09276c8e0076af86a7fc7d24f7,base,test,1,3,1808.3874,86.6303,0.0004,67.496,81.23,991,outlier,tbt,d69af31486
d84d0c549b080e09276c8e0076af86a7fc7d24f7,base,test,2,4,1866.9069,167.5,0.0003,65.956,60.887,1039,outlier,tbt,d69af31486
d84d0c549b080e09276c8e0076af86a7fc7d24f7,base,test,3,7,1836.9193,51.3091,0.0003,100.817,85.055,1024,outlier,inp,d69af31486
d84d0c549b080e09276c8e0076af86a7fc7d24f7,base,test,4,8,1794.6605,152,0.0004,70.33,61.664,950,outlier,tbt,d69af31486
d84d0c549b080e09276c8e0076af86a7fc7d24f7,base,test,5,11,1851.2291,51.1166,0.0004,65.844,48.819,1070,ok,,d69af31486
d84d0c549b080e09276c8e0076af86a7fc7d24f7,base,test,6,12,1814.7505,159.5,0.0004,66.04,68.937,995,outlier,tbt,d69af31486
d84d0c549b080e09276c8e0076af86a7fc7d24f7,base,test,7,15,1809.0657,51.3533,0.0004,66.182,81.647,1070,ok,,d69af31486
d84d0c549b080e09276c8e0076af86a7fc7d24f7,base,test,8,16,1814.252,51.3272,0.0004,93.484,77.319,1041,outlier,inp,d69af31486
d84d0c549b080e09276c8e0076af86a7fc7d24f7,base,test,9,19,1782.7999,51.0516,0.0004,65.838,61.419,959,ok,,d69af31486
d84d0c549b080e09276c8e0076af86a7fc7d24f7,base,test,10,20,1797.5765,51.0621,0.0004,65.904,72.653,959,ok,,d69af31486
d84d0c549b080e09276c8e0076af86a7fc7d24f7,base,test,11,23,1802.9347,160,0.0004,66.166,54.022,966,outlier,tbt,d69af31486
d84d0c549b080e09276c8e0076af86a7fc7d24f7,base,test,12,24,1801.1104,155.5,0.0004,78.313,82.452,962,outlier,tbt,d69af31486
d84d0c549b080e09276c8e0076af86a7fc7d24f7,base,test,13,27,1852.5655,51.241,0.0004,100.936,74.563,1037,outlier,inp,d69af31486
d84d0c549b080e09276c8e0076af86a7fc7d24f7,base,test,14,28,1806.2728,51.4688,0.0004,65.901,42.49,965,ok,,d69af31486
d84d0c549b080e09276c8e0076af86a7fc7d24f7,head,test,0,1,1798.0338,51.1615,0.0004,64.559,48.295,941,ok,,d69af31486
d84d0c549b080e09276c8e0076af86a7fc7d24f7,head,test,1,2,1808.4159,51.1208,0.0004,100.226,60.801,986,outlier,inp,d69af31486
d84d0c549b080e09276c8e0076af86a7fc7d24f7,head,test,2,5,1784.3591,51.1417,0.0004,72.859,58.651,952,ok,,d69af31486
d84d0c549b080e09276c8e0076af86a7fc7d24f7,head,test,3,6,1791.3565,51.4612,0.0004,66.063,52.786,956,ok,,d69af31486
d84d0c549b080e09276c8e0076af86a7fc7d24f7,head,test,4,9,1799.4998,159,0.0004,65.935,71.918,957,outlier,tbt,d69af31486
d84d0c549b080e09276c8e0076af86a7fc7d24f7,head,test,5,10,1846.6107,91.1452,0.0003,74.121,60.464,1030,outlier,tbt;lcpObs,d69af31486
d84d0c549b080e09276c8e0076af86a7fc7d24f7,head,test,6,13,1783.858,91.4753,0.0004,65.855,84.346,1044,outlier,tbt;lcpObs,d69af31486
d84d0c549b080e09276c8e0076af86a7fc7d24f7,head,test,7,14,1796.444,51.0596,0.0004,65.629,60.716,945,ok,,d69af31486
d84d0c549b080e09276c8e0076af86a7fc7d24f7,head,test,8,17,1794.0927,51.3589,0.0003,71.241,72.902,960,ok,,d69af31486
d84d0c549b080e09276c8e0076af86a7fc7d24f7,head,test,9,18,1790.7823,51.3362,0.0004,106.75,56.737,953,outlier,inp,d69af31486
d84d0c549b080e09276c8e0076af86a7fc7d24f7,head,test,10,21,1784.3141,152.5,0.0004,101.336,62.811,934,outlier,tbt;inp,d69af31486
d84d0c549b080e09276c8e0076af86a7fc7d24f7,head,test,11,22,1804.1635,51.264,0.0004,112.772,80.156,955,outlier,inp,d69af31486
d84d0c549b080e09276c8e0076af86a7fc7d24f7,head,test,12,25,1801.1465,51.436,0.0004,65.895,77.034,945,ok,,d69af31486
d84d0c549b080e09276c8e0076af86a7fc7d24f7,head,test,13,26,1893.4192,91.6619,0.0004,66.042,66.369,1104,outlier,lcp;tbt;lcpObs,d69af31486
d84d0c549b080e09276c8e0076af86a7fc7d24f7,head,test,14,29,1846.8901,51.3272,0.0004,106.858,77.225,1077,outlier,inp;lcpObs,d69af31486
2f9cdb2d91bfef0fa0fbf6c46d07ac4bc76c517e,base,test,0,0,1807.9978,154,0.0004,69.534,86.045,1115,ok,,d69af31486
2f9cdb2d91bfef0fa0fbf6c46d07ac4bc76c517e,base,test,1,3,1845.9225,177,0.0004,76.041,87.472,1330,outlier,lcpObs,d69af31486
2f9cdb2d91bfef0fa0fbf6c46d07ac4bc76c517e,base,test,2,4,1793.3985,51.2555,0.0004,73.294,57.468,945,outlier,tbt,d69af31486
2f9cdb2d91bfef0fa0fbf6c46d07ac4bc76c517e,base,test,3,7,1807.1782,51.1959,0.0004,66.029,65.676,979,outlier,tbt,d69af31486
2f9cdb2d91bfef0fa0fbf6c46d07ac4bc76c517e,base,test,4,8,1807.9133,154.5,0.0004,68.512,65.778,957,ok,,d69af31486
2f9cdb2d91bfef0fa0fbf6c46d07ac4bc76c517e,head,test,0,1,1796.7083,51.3492,0.0004,96.648,64.986,970,ok,,d69af31486
2f9cdb2d91bfef0fa0fbf6c46d07ac4bc76c517e,head,test,1,2,1802.6137,181.0,0.0004,72.119,78.315,939,outlier,tbt,d69af31486
2f9cdb2d91bfef0fa0fbf6c46d07ac4bc76c517e,head,test,2,5,1807.7221,51.5713,0.0004,99.774,63.446,952,outlier,inp,d69af31486
2f9cdb2d91bfef0fa0fbf6c46d07ac4bc76c517e,head,test,3,6,1844.1578,51.0914,0.0004,65.936,54.585,1137,outlier,lcpObs,d69af31486
2f9cdb2d91bfef0fa0fbf6c46d07ac4bc76c517e,head,test,4,9,1850.2821,50.9306,0.0004,68.101,60.704,1076,ok,,d69af31486
0bf1c739bc836b6616ace6f3c75706a3ce11acd9,base,test,0,0,1826.9824,51.2064,0.0004,69.187,60.289,1135,ok,,d69af31486
0bf1c739bc836b6616ace6f3c75706a3ce11acd9,base,test,1,3,1842.2532,90.9594,0.0004,66.073,54.687,1075,outlier,tbt,d69af31486
0bf1c739bc836b6616ace6f3c75706a3ce11acd9,base,test,2,4,1854.2287,51.6563,0.0004,65.88,73.126,1065,ok,,d69af31486
0bf1c739bc836b6616ace6f3c75706a3ce11acd9,base,test,3,7,1838.7696,164.5,0.0003,65.99,81.239,995,outlier,tbt,d69af31486
0bf1c739bc836b6616ace6f3c75706a3ce11acd9,base,test,4,8,1787.3579,51.3364,0.0004,65.951,58.282,958,ok,,d69af31486
0bf1c739bc836b6616ace6f3c75706a3ce11acd9,head,test,0,1,1793.717,51.2171,0.0004,66.005,51.48,969,ok,,d69af31486
0bf1c739bc836b6616ace6f3c75706a3ce11acd9,head,test,1,2,1864.6667,90.9733,0.0004,66.069,59.463,1118,outlier,tbt,d69af31486
0bf1c739bc836b6616ace6f3c75706a3ce11acd9,head,test,2,5,1788.2331,51.0946,0.0004,109.102,60.981,1041,outlier,inp,d69af31486
0bf1c739bc836b6616ace6f3c75706a3ce11acd9,head,test,3,6,1806.9946,149.5,0.0004,66.037,62.18,986,outlier,tbt,d69af31486
0bf1c739bc836b6616ace6f3c75706a3ce11acd9,head,test,4,9,1796.3826,51.3362,0.0004,65.978,59.935,930,ok,,d69af31486
fe4b85ee31970bbdd9935f7fddfac40437da3dc7,base,test,0,0,1951.3712,210.01,0.0004,66.012,24.97,1016,outlier,tbt,d69af31486
fe4b85ee31970bbdd9935f7fddfac40437da3dc7,base,test,1,3,1989.2961,176.3079,0.0004,65.927,52.196,1077,ok,,d69af31486
fe4b85ee31970bbdd9935f7fddfac40437da3dc7,base,test,2,4,1927.8828,174.8077,0.0004,66.057,77.957,1222,ok,,d69af31486
fe4b85ee31970bbdd9935f7fddfac40437da3dc7,base,test,3,7,1914.7802,173.2232,0.0004,69.626,67.645,955,ok,,d69af31486
fe4b85ee31970bbdd9935f7fddfac40437da3dc7,base,test,4,8,1933.8157,174.4314,0.0003,66.026,51.203,966,ok,,d69af31486
fe4b85ee31970bbdd9935f7fddfac40437da3dc7,head,test,0,1,1925.9601,217.5802,0.0004,65.831,72.862,967,outlier,tbt,d69af31486
fe4b85ee31970bbdd9935f7fddfac40437da3dc7,head,test,1,2,1987.336,221.775,0.0004,65.99,69.718,1067,outlier,tbt,d69af31486
fe4b85ee31970bbdd9935f7fddfac40437da3dc7,head,test,2,5,1945.2532,175.0651,0.0004,82.581,100.119,1229,outlier,tbtFlow,d69af31486
fe4b85ee31970bbdd9935f7fddfac40437da3dc7,head,test,3,6,1968.4368,173.4997,0.0003,66.006,61.084,1065,ok,,d69af31486
fe4b85ee31970bbdd9935f7fddfac40437da3dc7,head,test,4,9,1934.0239,173.7581,0.0004,69.94,66.807,981,ok,,d69af31486
39c95c63befe397a5cb507302399b1519480d143,base,test,0,0,1960.0828,174.9645,0.0004,101.512,90.163,1355,outlier,inp;lcpObs,d69af31486
39c95c63befe397a5cb507302399b1519480d143,base,test,1,3,1937.832,173.6419,0.0004,71.302,83.117,980,ok,,d69af31486
39c95c63befe397a5cb507302399b1519480d143,base,test,2,4,1941.0045,174.4332,0.0004,65.977,64.247,965,ok,,d69af31486
39c95c63befe397a5cb507302399b1519480d143,base,test,3,7,1923.4151,174.2313,0.0004,72.052,65.601,960,ok,,d69af31486
39c95c63befe397a5cb507302399b1519480d143,base,test,4,8,1926.8665,174.2308,0.0004,100.014,69.769,958,outlier,inp,d69af31486
39c95c63befe397a5cb507302399b1519480d143,head,test,0,1,1921.9355,174.3904,0.0004,65.967,97.631,965,ok,,d69af31486
39c95c63befe397a5cb507302399b1519480d143,head,test,1,2,1940.2543,214.4906,0.0003,67.508,56.765,956,outlier,tbt,d69af31486
39c95c63befe397a5cb507302399b1519480d143,head,test,2,5,1923.4023,174.1095,0.0004,65.986,68.565,962,ok,,d69af31486
39c95c63befe397a5cb507302399b1519480d143,head,test,3,6,1959.247,174.6604,0.0004,65.932,66.799,1028,outlier,lcpObs,d69af31486
39c95c63befe397a5cb507302399b1519480d143,head,test,4,9,1972.2577,174.1224,0.0003,105.796,87.994,1032,outlier,inp;lcpObs,d69af31486
3dc783fdfb4b8751e9f101caf7c5e1aedfdd3fcb,base,test,0,0,1939.3206,171.3219,0.0004,65.993,99.242,1126,outlier,tbtFlow,d69af31486
3dc783fdfb4b8751e9f101caf7c5e1aedfdd3fcb,base,test,1,3,1970.7802,171.3254,0.0004,66.221,59.127,1081,ok,,d69af31486
3dc783fdfb4b8751e9f101caf7c5e1aedfdd3fcb,base,test,2,4,1935.9958,171.2491,0.0004,65.96,57.396,972,ok,,d69af31486
3dc783fdfb4b8751e9f101caf7c5e1aedfdd3fcb,base,test,3,7,1923.4424,171.7579,0.0004,64.633,53.176,935,ok,,d69af31486
3dc783fdfb4b8751e9f101caf7c5e1aedfdd3fcb,base,test,4,8,1916.9502,171.0652,0.0004,66.07,94.07,1055,outlier,tbtFlow,d69af31486
3dc783fdfb4b8751e9f101caf7c5e1aedfdd3fcb,base,test,5,11,1912.7858,171.1055,0.0003,65.968,58.364,951,ok,,d69af31486
3dc783fdfb4b8751e9f101caf7c5e1aedfdd3fcb,base,test,6,12,1921.1558,171.3713,0.0003,65.999,59.079,1074,ok,,d69af31486
3dc783fdfb4b8751e9f101caf7c5e1aedfdd3fcb,base,test,7,15,1956.7754,171.299,0.0004,66.082,56.166,1028,ok,,d69af31486
3dc783fdfb4b8751e9f101caf7c5e1aedfdd3fcb,base,test,8,16,1942.5552,169.4458,0.0004,66.019,56.301,985,ok,,d69af31486
3dc783fdfb4b8751e9f101caf7c5e1aedfdd3fcb,base,test,9,19,2007.6216,171.471,0.0004,65.015,74.911,1133,ok,,d69af31486
3dc783fdfb4b8751e9f101caf7c5e1aedfdd3fcb,base,test,10,20,1930.0164,171.2867,0.0004,65.737,58.145,949,ok,,d69af31486
3dc783fdfb4b8751e9f101caf7c5e1aedfdd3fcb,base,test,11,23,1994.8284,171.2735,0.0003,65.99,60.695,1095,ok,,d69af31486
3dc783fdfb4b8751e9f101caf7c5e1aedfdd3fcb,base,test,12,24,1925.412,171.2228,0.0004,66.009,54.512,935,ok,,d69af31486
3dc783fdfb4b8751e9f101caf7c5e1aedfdd3fcb,base,test,13,27,1921.068,171.3335,0.0004,66.096,60.535,944,ok,,d69af31486
3dc783fdfb4b8751e9f101caf7c5e1aedfdd3fcb,base,test,14,28,1935.5658,169.4123,0.0004,66.022,56.967,1061,ok,,d69af31486
3dc783fdfb4b8751e9f101caf7c5e1aedfdd3fcb,head,test,0,1,1966.7448,211.7663,0.0004,65.881,79.045,981,ok,,d69af31486
3dc783fdfb4b8751e9f101caf7c5e1aedfdd3fcb,head,test,1,2,1993.454,251.0472,0.0003,66.077,57.906,1030,outlier,tbt,d69af31486
3dc783fdfb4b8751e9f101caf7c5e1aedfdd3fcb,head,test,2,5,1986.3216,211.269,0.0004,66.025,57.329,1014,ok,,d69af31486
3dc783fdfb4b8751e9f101caf7c5e1aedfdd3fcb,head,test,3,6,1974.749,211.3889,0.0004,66.051,56.334,959,ok,,d69af31486
3dc783fdfb4b8751e9f101caf7c5e1aedfdd3fcb,head,test,4,9,2007.794,246.5,0.0004,63.736,60.166,1159,outlier,tbt,d69af31486
3dc783fdfb4b8751e9f101caf7c5e1aedfdd3fcb,head,test,5,10,2026.012,211.2211,0.0004,65.941,88.729,9203,outlier,tbtFlow;lcpObs,d69af31486
3dc783fdfb4b8751e9f101caf7c5e1aedfdd3fcb,head,test,6,13,2017.3772,211.5041,0.0004,65.97,64.473,1077,ok,,d69af31486
3dc783fdfb4b8751e9f101caf7c5e1aedfdd3fcb,head,test,7,14,1986.6054,211.268,0.0004,65.991,55.635,975,ok,,d69af31486
3dc783fdfb4b8751e9f101caf7c5e1aedfdd3fcb,head,test,8,17,1968.9994,211.0934,0.0004,66.14,57.599,985,ok,,d69af31486
3dc783fdfb4b8751e9f101caf7c5e1aedfdd3fcb,head,test,9,18,2004.0596,211.3241,0.0004,67.163,58.612,1069,ok,,d69af31486
3dc783fdfb4b8751e9f101caf7c5e1aedfdd3fcb,head,test,10,21,1982.6566,211.2462,0.0004,65.953,55.943,961,ok,,d69af31486
3dc783fdfb4b8751e9f101caf7c5e1aedfdd3fcb,head,test,11,22,1977.1082,211.3374,0.0004,65.953,56.166,999,ok,,d69af31486
3dc783fdfb4b8751e9f101caf7c5e1aedfdd3fcb,head,test,12,25,1977.6014,211.3948,0.0004,65.895,55.921,949,ok,,d69af31486
3dc783fdfb4b8751e9f101caf7c5e1aedfdd3fcb,head,test,13,26,1992.6264,211.2238,0.0004,65.935,60.51,1012,ok,,d69af31486
3dc783fdfb4b8751e9f101caf7c5e1aedfdd3fcb,head,test,14,29,1999.9546,211.1565,0.0004,66.034,56.205,1025,ok,,d69af31486
6fbe7fba236d9c14b284b7a86a2035590bcb869c,base,test,0,0,1978.2866,251.5765,0.0003,66.036,100.111,977,ok,,d69af31486
6fbe7fba236d9c14b284b7a86a2035590bcb869c,base,test,1,3,2057.4954,211.1997,0.0004,64.968,94.976,1169,ok,,d69af31486
6fbe7fba236d9c14b284b7a86a2035590bcb869c,base,test,2,4,2031.896,249.5,0.0004,64.866,66.86,1101,ok,,d69af31486
6fbe7fba236d9c14b284b7a86a2035590bcb869c,base,test,3,7,1979.3752,239.0,0.0003,65.945,54.869,1083,ok,,d69af31486
6fbe7fba236d9c14b284b7a86a2035590bcb869c,base,test,4,8,1974.2606,211.4728,0.0004,64.869,55.888,987,ok,,d69af31486
6fbe7fba236d9c14b284b7a86a2035590bcb869c,head,test,0,1,1994.0182,241.5,0.0004,65.059,54.062,1002,ok,,d69af31486
6fbe7fba236d9c14b284b7a86a2035590bcb869c,head,test,1,2,1978.992,251.226,0.0004,65.946,55.742,960,ok,,d69af31486
6fbe7fba236d9c14b284b7a86a2035590bcb869c,head,test,2,5,1978.7812,251.1702,0.0004,66.008,58.445,972,ok,,d69af31486
6fbe7fba236d9c14b284b7a86a2035590bcb869c,head,test,3,6,2052.9432,266,0.0004,66.05,54.605,1147,outlier,lcpObs,d69af31486
6fbe7fba236d9c14b284b7a86a2035590bcb869c,head,test,4,9,1972.7684,251.1664,0.0004,65.257,59.166,956,ok,,d69af31486
629c82e112a2db2122c789dc6abe970b82c3f8c5,base,test,0,0,1989.5008,210.8766,0.0004,64.817,97.456,1033,ok,,d69af31486
629c82e112a2db2122c789dc6abe970b82c3f8c5,base,test,1,3,1977.2154,211.0588,0.0004,66.075,57.982,974,ok,,d69af31486
629c82e112a2db2122c789dc6abe970b82c3f8c5,base,test,2,4,1977.9132,211.2588,0.0004,66.024,54.571,983,ok,,d69af31486
629c82e112a2db2122c789dc6abe970b82c3f8c5,base,test,3,7,1990.5464,212.0523,0.0004,66.101,90.63,975,ok,,d69af31486
629c82e112a2db2122c789dc6abe970b82c3f8c5,base,test,4,8,2029.17,211.1811,0.0004,65.997,71.484,1101,outlier,lcpObs,d69af31486
629c82e112a2db2122c789dc6abe970b82c3f8c5,head,test,0,1,2084.194,211.2283,0.0004,64.322,79.973,1056,ok,,d69af31486
629c82e112a2db2122c789dc6abe970b82c3f8c5,head,test,1,2,2018.876,211.2181,0.0004,65.998,55.918,1070,ok,,d69af31486
629c82e112a2db2122c789dc6abe970b82c3f8c5,head,test,2,5,2004.9824,211.2638,0.0004,66.077,57.741,1098,ok,,d69af31486
629c82e112a2db2122c789dc6abe970b82c3f8c5,head,test,3,6,2055.8414,211.5929,0.0004,65.966,92.44,1091,outlier,tbtFlow,d69af31486
629c82e112a2db2122c789dc6abe970b82c3f8c5,head,test,4,9,1995.704,211.4799,0.0004,66.015,59.522,1027,ok,,d69af31486
fe24e91e9204fadb87fe3716cc9f7f1df7eeca81,base,test,0,0,1999.5574,211.4395,0.0004,66.023,48.847,1088,ok,,d69af31486
fe24e91e9204fadb87fe3716cc9f7f1df7eeca81,base,test,1,3,1990.217,211.1481,0.0004,65.136,49.011,978,ok,,d69af31486
fe24e91e9204fadb87fe3716cc9f7f1df7eeca81,base,test,2,4,2038.5994,211.4584,0.0004,66.138,46.216,1070,ok,,d69af31486
fe24e91e9204fadb87fe3716cc9f7f1df7eeca81,base,test,3,7,1989.0396,211.2704,0.0004,65.012,48.462,979,ok,,d69af31486
fe24e91e9204fadb87fe3716cc9f7f1df7eeca81,base,test,4,8,2040.4096,211.2547,0.0004,66.176,47.876,1114,ok,,d69af31486
fe24e91e9204fadb87fe3716cc9f7f1df7eeca81,head,test,0,1,2019.1518,211.0249,0.0004,65.78,47.753,1075,ok,,d69af31486
fe24e91e9204fadb87fe3716cc9f7f1df7eeca81,head,test,1,2,2044.9228,211.001,0.0004,65.064,46.074,1103,ok,,d69af31486
fe24e91e9204fadb87fe3716cc9f7f1df7eeca81,head,test,2,5,1988.8672,211.1358,0.0004,66.041,50.348,986,ok,,d69af31486
fe24e91e9204fadb87fe3716cc9f7f1df7eeca81,head,test,3,6,1985.8338,211.2847,0.0004,66.04,48.302,971,ok,,d69af31486
fe24e91e9204fadb87fe3716cc9f7f1df7eeca81,head,test,4,9,1966.3176,211.3467,0.0004,64.928,46.635,955,ok,,d69af31486
772210494b9b4d3447b076891d5629184f6497c3,base,test,0,0,1988.6568,211.2744,0.0004,66.054,59.042,1283,outlier,lcpObs,d69af31486
772210494b9b4d3447b076891d5629184f6497c3,base,test,1,3,1984.5774,211.3548,0.0003,66.143,57.437,1005,ok,,d69af31486
772210494b9b4d3447b076891d5629184f6497c3,base,test,2,4,2014.344,243.5,0.0004,66.134,46.45,1061,outlier,tbt,d69af31486
772210494b9b4d3447b076891d5629184f6497c3,base,test,3,7,1986.9954,211.2662,0.0004,66.284,45.657,1009,ok,,d69af31486
772210494b9b4d3447b076891d5629184f6497c3,base,test,4,8,2010.7136,248,0.0004,65.932,48.972,1039,outlier,tbt,d69af31486
772210494b9b4d3447b076891d5629184f6497c3,head,test,0,1,1976.2954,211.4794,0.0004,66.018,46.318,1061,ok,,d69af31486
772210494b9b4d3447b076891d5629184f6497c3,head,test,1,2,2000.3862,211.2392,0.0004,66.089,54.931,994,ok,,d69af31486
772210494b9b4d3447b076891d5629184f6497c3,head,test,2,5,2014.3264,249.5,0.0003,66.014,52.911,1064,outlier,tbt,d69af31486
772210494b9b4d3447b076891d5629184f6497c3,head,test,3,6,1999.4634,211.2457,0.0004,66.008,48.112,1022,ok,,d69af31486
772210494b9b4d3447b076891d5629184f6497c3,head,test,4,9,1985.468,211.2585,0.0004,66.074,47.412,1011,ok,,d69af31486
c13d59f91bebf54dfb3624c8d82bf20eb380aaba,base,test,0,0,1972.8086,211.0879,0.0004,66.043,49.695,1076,ok,,d69af31486
c13d59f91bebf54dfb3624c8d82bf20eb380aaba,base,test,1,3,1975.8264,210.963,0.0004,65.867,44.681,996,ok,,d69af31486
c13d59f91bebf54dfb3624c8d82bf20eb380aaba,base,test,2,4,1993.317,211.2486,0.0004,65.97,45.092,1078,ok,,d69af31486
c13d59f91bebf54dfb3624c8d82bf20eb380aaba,base,test,3,7,1969.2898,211.5363,0.0003,66.028,47.119,951,ok,,d69af31486
c13d59f91bebf54dfb3624c8d82bf20eb380aaba,base,test,4,8,2008.7998,211.2658,0.0003,64.983,46.497,1006,ok,,d69af31486
c13d59f91bebf54dfb3624c8d82bf20eb380aaba,head,test,0,1,2044.733,211.7289,0.0004,66.056,48.865,1138,ok,,d69af31486
c13d59f91bebf54dfb3624c8d82bf20eb380aaba,head,test,1,2,2020.5518,211.2294,0.0004,66.093,50.699,1051,ok,,d69af31486
c13d59f91bebf54dfb3624c8d82bf20eb380aaba,head,test,2,5,2023.622,211.2376,0.0004,66.091,49.879,1073,ok,,d69af31486
c13d59f91bebf54dfb3624c8d82bf20eb380aaba,head,test,3,6,1974.2992,211.9214,0.0004,65.008,48.629,983,ok,,d69af31486
c13d59f91bebf54dfb3624c8d82bf20eb380aaba,head,test,4,9,1977.6272,211.2072,0.0004,66.092,47.068,948,ok,,d69af31486
57e6a2e3bffb4c5c86502d69ea9df768257cca30,base,test,0,0,1965.1594,211.2123,0.0004,66.015,44.562,1247,ok,,d69af31486
57e6a2e3bffb4c5c86502d69ea9df768257cca30,base,test,1,3,2007.6528,211.1338,0.0003,66.086,49.696,1039,ok,,d69af31486
57e6a2e3bffb4c5c86502d69ea9df768257cca30,base,test,2,4,1986.6732,211.1022,0.0004,65.831,51.354,1001,ok,,d69af31486
57e6a2e3bffb4c5c86502d69ea9df768257cca30,base,test,3,7,2047.08,211.0043,0.0004,65.979,48.937,1127,ok,,d69af31486
57e6a2e3bffb4c5c86502d69ea9df768257cca30,base,test,4,8,1987.573,210.4217,0.0003,66.039,48.329,987,ok,,d69af31486
57e6a2e3bffb4c5c86502d69ea9df768257cca30,head,test,0,1,1983.5766,210.0068,0.0004,66.19,48.683,995,ok,,d69af31486
57e6a2e3bffb4c5c86502d69ea9df768257cca30,head,test,1,2,1964.6516,211.2196,0.0004,65.938,48.325,932,ok,,d69af31486
57e6a2e3bffb4c5c86502d69ea9df768257cca30,head,test,2,5,2017.392,210.963,0.0004,66.143,47.749,1035,ok,,d69af31486
57e6a2e3bffb4c5c86502d69ea9df768257cca30,head,test,3,6,1971.9394,211.2618,0.0004,66.042,46.452,980,ok,,d69af31486
57e6a2e3bffb4c5c86502d69ea9df768257cca30,head,test,4,9,1983.3998,243,0.0003,65.957,46.733,980,outlier,tbt,d69af31486
6eceeb4cb996324c3894bd1c80506cee9d15a75e,base,test,0,0,1992.9504,211.2239,0.0004,64.991,49.109,1308,outlier,lcpObs,d69af31486
6eceeb4cb996324c3894bd1c80506cee9d15a75e,base,test,1,3,1978.289,211.6661,0.0004,65.032,48.096,1210,outlier,lcpObs,d69af31486
6eceeb4cb996324c3894bd1c80506cee9d15a75e,base,test,2,4,1975.2504,211.6754,0.0004,64.984,47.889,969,ok,,d69af31486
6eceeb4cb996324c3894bd1c80506cee9d15a75e,base,test,3,7,1978.0242,211.4308,0.0004,66.068,46.277,955,ok,,d69af31486
6eceeb4cb996324c3894bd1c80506cee9d15a75e,base,test,4,8,1980.5818,211.4165,0.0004,65.01,50.888,963,ok,,d69af31486
6eceeb4cb996324c3894bd1c80506cee9d15a75e,head,test,0,1,1990.0352,210.9856,0.0003,66.052,50.362,981,ok,,d69af31486
6eceeb4cb996324c3894bd1c80506cee9d15a75e,head,test,1,2,1965.073,211.342,0.0004,65.739,45.69,919,ok,,d69af31486
6eceeb4cb996324c3894bd1c80506cee9d15a75e,head,test,2,5,2068.2652,211.3051,0.0004,65.918,52.117,1108,ok,,d69af31486
6eceeb4cb996324c3894bd1c80506cee9d15a75e,head,test,3,6,1987.7848,211.2993,0.0004,65.895,46.866,979,ok,,d69af31486
6eceeb4cb996324c3894bd1c80506cee9d15a75e,head,test,4,9,1973.0706,211.0795,0.0004,66,51.58,949,ok,,d69af31486
6e59ca30e60a9f259c98cb4db18b3ad04421f72e,base,test,0,0,2040.8046,211.6272,0.0004,65.951,47.449,1160,ok,,d69af31486
6e59ca30e60a9f259c98cb4db18b3ad04421f72e,base,test,1,3,2011.7662,211.1575,0.0004,66.083,47.28,1069,ok,,d69af31486
6e59ca30e60a9f259c98cb4db18b3ad04421f72e,base,test,2,4,2004.8774,211.144,0.0004,64.93,45.618,990,ok,,d69af31486
6e59ca30e60a9f259c98cb4db18b3ad04421f72e,base,test,3,7,2040.318,211.3829,0.0004,66.081,54.791,1074,ok,,d69af31486
6e59ca30e60a9f259c98cb4db18b3ad04421f72e,base,test,4,8,2025.5576,211.4984,0.0004,65.004,48.003,1036,ok,,d69af31486
6e59ca30e60a9f259c98cb4db18b3ad04421f72e,head,test,0,1,1999.2716,211.7825,0.0004,66.188,45.936,1028,ok,,d69af31486
6e59ca30e60a9f259c98cb4db18b3ad04421f72e,head,test,1,2,2045.0618,210.9307,0.0004,65.837,53.605,1209,outlier,lcpObs,d69af31486
6e59ca30e60a9f259c98cb4db18b3ad04421f72e,head,test,2,5,1989.979,211.4021,0.0004,66.053,47.716,1023,ok,,d69af31486
6e59ca30e60a9f259c98cb4db18b3ad04421f72e,head,test,3,6,1989.4998,211.3712,0.0003,64.962,49.87,993,ok,,d69af31486
6e59ca30e60a9f259c98cb4db18b3ad04421f72e,head,test,4,9,1987.242,211.558,0.0004,65.988,46.928,981,ok,,d69af31486
944f9c74ad238d00fdb53e026a18ab82fe7b97e2,base,test,0,0,1972.8874,212.5848,0.0004,66.022,45.645,957,ok,,d69af31486
944f9c74ad238d00fdb53e026a18ab82fe7b97e2,base,test,1,3,1996.49,211.1438,0.0004,66.008,45.288,979,ok,,d69af31486
944f9c74ad238d00fdb53e026a18ab82fe7b97e2,base,test,2,4,1970.3512,211.462,0.0004,65.019,49.155,934,ok,,d69af31486
944f9c74ad238d00fdb53e026a18ab82fe7b97e2,base,test,3,7,2010.8218,210.9963,0.0004,65.996,47.52,1032,ok,,d69af31486
944f9c74ad238d00fdb53e026a18ab82fe7b97e2,base,test,4,8,1982.3708,211.2513,0.0004,65.264,48.764,956,ok,,d69af31486
944f9c74ad238d00fdb53e026a18ab82fe7b97e2,head,test,0,1,1975.6212,210.4567,0.0004,64.986,46.477,1237,ok,,d69af31486
944f9c74ad238d00fdb53e026a18ab82fe7b97e2,head,test,1,2,1979.211,211.3706,0.0004,64.98,49.165,1248,ok,,d69af31486
944f9c74ad238d00fdb53e026a18ab82fe7b97e2,head,test,2,5,1977.7064,211.1245,0.0004,65.07,50.597,943,ok,,d69af31486
944f9c74ad238d00fdb53e026a18ab82fe7b97e2,head,test,3,6,2034.686,211.6816,0.0004,64.891,45.914,1058,ok,,d69af31486
944f9c74ad238d00fdb53e026a18ab82fe7b97e2,head,test,4,9,2012.4582,247.5,0.0004,64.944,50.179,1047,outlier,tbt,d69af31486
e79545d7caad9976947b102fc2d199a798d0e31b,base,test,0,0,2052.4744,211.3571,0.0004,66.03,45.829,1254,outlier,lcpObs,d69af31486
e79545d7caad9976947b102fc2d199a798d0e31b,base,test,1,3,1973.776,211.383,0.0004,66.006,50.921,949,ok,,d69af31486
e79545d7caad9976947b102fc2d199a798d0e31b,base,test,2,4,1992.818,247.5,0.0003,65.04,48.31,962,outlier,tbt,d69af31486
e79545d7caad9976947b102fc2d199a798d0e31b,base,test,3,7,1969.4474,211.5641,0.0004,65.058,45.304,931,ok,,d69af31486
e79545d7caad9976947b102fc2d199a798d0e31b,base,test,4,8,1969.6614,211.1755,0.0003,65.794,48.687,1044,ok,,d69af31486
e79545d7caad9976947b102fc2d199a798d0e31b,head,test,0,1,1974.7878,211.7915,0.0004,64.908,48.523,955,ok,,d69af31486
e79545d7caad9976947b102fc2d199a798d0e31b,head,test,1,2,1977.6916,211.2686,0.0004,65.999,49.069,935,ok,,d69af31486
e79545d7caad9976947b102fc2d199a798d0e31b,head,test,2,5,2000.0662,240.0,0.0004,66.22,45.723,1045,outlier,lcpObs,d69af31486
e79545d7caad9976947b102fc2d199a798d0e31b,head,test,3,6,1983.6262,211.1946,0.0004,64.983,46.072,944,ok,,d69af31486
e79545d7caad9976947b102fc2d199a798d0e31b,head,test,4,9,1992.2572,211.0828,0.0004,66.042,49.299,955,ok,,d69af31486
658390a2ac1c4a24bb31cedcf7eab29f2d929b95,base,test,0,0,2061.3285,240.0,0.0003,64.968,49.689,990,ok,,d69af31486
658390a2ac1c4a24bb31cedcf7eab29f2d929b95,base,test,1,3,2097.883,211.2267,0.0003,65.927,50.252,1160,outlier,lcpObs,d69af31486
658390a2ac1c4a24bb31cedcf7eab29f2d929b95,base,test,2,4,2083.9305,211.3941,0.0003,65.963,55.989,986,ok,,d69af31486
658390a2ac1c4a24bb31cedcf7eab29f2d929b95,base,test,3,7,2054.544,211.548,0.0003,65.158,47.477,958,ok,,d69af31486
658390a2ac1c4a24bb31cedcf7eab29f2d929b95,base,test,4,8,2078.2775,211.3113,0.0003,66.008,45.561,1281,outlier,lcpObs,d69af31486
658390a2ac1c4a24bb31cedcf7eab29f2d929b95,head,test,0,1,2045.3415,211.3132,0.0003,64.96,46.873,964,ok,,d69af31486
658390a2ac1c4a24bb31cedcf7eab29f2d929b95,head,test,1,2,2123.4955,211.2563,0.0003,66.087,48.078,1081,outlier,lcpObs,d69af31486
658390a2ac1c4a24bb31cedcf7eab29f2d929b95,head,test,2,5,2134.439,211.3116,0.0003,65.973,47.198,1107,outlier,lcpObs,d69af31486
658390a2ac1c4a24bb31cedcf7eab29f2d929b95,head,test,3,6,2070.0805,211.2788,0.0003,66.154,50.342,960,ok,,d69af31486
658390a2ac1c4a24bb31cedcf7eab29f2d929b95,head,test,4,9,2070.428,211.1948,0.0003,64.898,46.095,967,ok,,d69af31486
a6c1e6b5d2ff8d443fbc127379854d0eacbd85f6,base,test,0,0,2055.482,211.5789,0.0003,65.977,46.085,1228,ok,,d69af31486
a6c1e6b5d2ff8d443fbc127379854d0eacbd85f6,base,test,1,3,2118.2035,211.2063,0.0003,65.968,49.446,1063,ok,,d69af31486
a6c1e6b5d2ff8d443fbc127379854d0eacbd85f6,base,test,2,4,2049.7575,242.5,0.0003,65.896,49.881,931,outlier,tbt,d69af31486
a6c1e6b5d2ff8d443fbc127379854d0eacbd85f6,base,test,3,7,2099.841,211.4962,0.0003,64.97,46.454,1043,ok,,d69af31486
a6c1e6b5d2ff8d443fbc127379854d0eacbd85f6,base,test,4,8,2129.3725,211.0951,0.0003,65.004,51.359,1112,ok,,d69af31486
a6c1e6b5d2ff8d443fbc127379854d0eacbd85f6,head,test,0,1,2114.635,245.0,0.0003,64.978,48.661,1074,outlier,tbt,d69af31486
a6c1e6b5d2ff8d443fbc127379854d0eacbd85f6,head,test,1,2,2092.4245,211.3971,0.0003,66.132,52.802,1046,ok,,d69af31486
a6c1e6b5d2ff8d443fbc127379854d0eacbd85f6,head,test,2,5,2140.859,239,0.0003,65.849,47.71,1278,ok,,d69af31486
a6c1e6b5d2ff8d443fbc127379854d0eacbd85f6,head,test,3,6,2067.699,211.1018,0.0003,66.031,49.161,962,ok,,d69af31486
a6c1e6b5d2ff8d443fbc127379854d0eacbd85f6,head,test,4,9,2068.1295,211.1139,0.0003,65.038,48.688,978,ok,,d69af31486
751b715e5aea0134faf0d7c4a7c48666abd4a1e2,base,test,0,0,2113.5915,211.3146,0.0003,66.055,45.888,1210,outlier,lcpObs,d69af31486
751b715e5aea0134faf0d7c4a7c48666abd4a1e2,base,test,1,3,2072.107,211.0774,0.0003,65.99,48.088,977,ok,,d69af31486
751b715e5aea0134faf0d7c4a7c48666abd4a1e2,base,test,2,4,2052.7995,240,0.0003,66.09,48.366,971,ok,,d69af31486
751b715e5aea0134faf0d7c4a7c48666abd4a1e2,base,test,3,7,2069.398,211.1884,0.0003,66.273,131.078,963,outlier,tbtFlow,d69af31486
751b715e5aea0134faf0d7c4a7c48666abd4a1e2,base,test,4,8,2079.698,211.082,0.0003,64.949,56.019,1001,ok,,d69af31486
751b715e5aea0134faf0d7c4a7c48666abd4a1e2,head,test,0,1,2050.046,211.2145,0.0003,66.226,51.999,977,ok,,d69af31486
751b715e5aea0134faf0d7c4a7c48666abd4a1e2,head,test,1,2,2137.8905,211.1151,0.0003,66.076,48.069,1158,outlier,lcpObs,d69af31486
751b715e5aea0134faf0d7c4a7c48666abd4a1e2,head,test,2,5,2155.5415,211.5509,0.0003,64.959,46.92,1157,outlier,lcpObs,d69af31486
751b715e5aea0134faf0d7c4a7c48666abd4a1e2,head,test,3,6,2059.1935,247.5,0.0003,65.876,46.447,961,outlier,tbt,d69af31486
751b715e5aea0134faf0d7c4a7c48666abd4a1e2,head,test,4,9,2077.411,211.1944,0.0003,65.999,47.73,988,ok,,d69af31486
0bf2ba3197698888bb9b65d0c4e6bc90a72c89de,base,test,0,0,2048.9635,211.3215,0.0003,65.947,44.858,1067,ok,,d69af31486
0bf2ba3197698888bb9b65d0c4e6bc90a72c89de,base,test,1,3,2078.249,210.9072,0.0003,65.877,46.672,971,outlier,lcpObs,d69af31486
0bf2ba3197698888bb9b65d0c4e6bc90a72c89de,base,test,2,4,2092.37,211.1762,0.0003,65.954,45.273,1059,ok,,d69af31486
0bf2ba3197698888bb9b65d0c4e6bc90a72c89de,base,test,3,7,2089.786,211.1148,0.0003,65.126,46.652,1066,ok,,d69af31486
0bf2ba3197698888bb9b65d0c4e6bc90a72c89de,base,test,4,8,2180.5775,211.2582,0.0003,65.997,51.143,1215,outlier,lcpObs,d69af31486
0bf2ba3197698888bb9b65d0c4e6bc90a72c89de,head,test,0,1,2064.5015,211.662,0.0003,66.003,48.105,977,ok,,d69af31486
0bf2ba3197698888bb9b65d0c4e6bc90a72c89de,head,test,1,2,2070.1345,211.3192,0.0003,65.023,46.249,962,ok,,d69af31486
0bf2ba3197698888bb9b65d0c4e6bc90a72c89de,head,test,2,5,2063.3195,209.32,0.0003,66.064,47.356,983,ok,,d69af31486
0bf2ba3197698888bb9b65d0c4e6bc90a72c89de,head,test,3,6,2058.8425,211.3609,0.0003,65.959,55.125,968,ok,,d69af31486
0bf2ba3197698888bb9b65d0c4e6bc90a72c89de,head,test,4,9,2066.759,211.3628,0.0003,66.03,46.72,1128,outlier,lcpObs,d69af31486
c9e6f71ce845cf252ea90e4140cad0de0d16c2d7,base,test,0,0,2083.174,211.2648,0.0003,65.059,48.472,1036,ok,,d69af31486
c9e6f71ce845cf252ea90e4140cad0de0d16c2d7,base,test,1,3,2063.6495,246.5,0.0003,65.851,48.253,970,outlier,tbt,d69af31486
c9e6f71ce845cf252ea90e4140cad0de0d16c2d7,base,test,2,4,2098.0165,211.3729,0.0003,65.014,49.078,1051,ok,,d69af31486
c9e6f71ce845cf252ea90e4140cad0de0d16c2d7,base,test,3,7,2061.734,210.974,0.0003,66.126,50.703,992,ok,,d69af31486
c9e6f71ce845cf252ea90e4140cad0de0d16c2d7,base,test,4,8,2055.119,211.2666,0.0003,66.057,47.057,1078,ok,,d69af31486
c9e6f71ce845cf252ea90e4140cad0de0d16c2d7,head,test,0,1,2095.732,211.0865,0.0003,65.158,55.816,1009,ok,,d69af31486
c9e6f71ce845cf252ea90e4140cad0de0d16c2d7,head,test,1,2,2071.864,210.367,0.0003,64.921,47.709,973,ok,,d69af31486
c9e6f71ce845cf252ea90e4140cad0de0d16c2d7,head,test,2,5,2076.7185,211.2946,0.0003,65.023,50.279,1041,ok,,d69af31486
c9e6f71ce845cf252ea90e4140cad0de0d16c2d7,head,test,3,6,2049.862,211.2771,0.0003,66.062,45.718,956,ok,,d69af31486
c9e6f71ce845cf252ea90e4140cad0de0d16c2d7,head,test,4,9,2106.9925,247.5,0.0003,66.139,46.09,1064,outlier,tbt,d69af31486
e6da5b1e4aaaa780c5e375eac7a36c2962e2d59e,base,test,0,0,2087.8515,210.9972,0.0003,64.952,45.092,1046,ok,,d69af31486
e6da5b1e4aaaa780c5e375eac7a36c2962e2d59e,base,test,1,3,2078.786,251.0,0.0003,65.076,49.95,1014,outlier,tbt,d69af31486
e6da5b1e4aaaa780c5e375eac7a36c2962e2d59e,base,test,2,4,2063.933,211.1667,0.0003,66.014,48.099,1048,ok,,d69af31486
e6da5b1e4aaaa780c5e375eac7a36c2962e2d59e,base,test,3,7,2134.561,211.245,0.0003,65.103,49.488,1137,ok,,d69af31486
e6da5b1e4aaaa780c5e375eac7a36c2962e2d59e,base,test,4,8,2111.95,210.9643,0.0003,64.945,50.692,1130,ok,,d69af31486
e6da5b1e4aaaa780c5e375eac7a36c2962e2d59e,head,test,0,1,2064.383,245.5,0.0003,64.959,52.298,1100,outlier,tbt,d69af31486
e6da5b1e4aaaa780c5e375eac7a36c2962e2d59e,head,test,1,2,2112.724,247,0.0003,66.017,53.958,1197,outlier,tbt,d69af31486
e6da5b1e4aaaa780c5e375eac7a36c2962e2d59e,head,test,2,5,2098.202,211.4192,0.0003,65.059,48.325,1051,ok,,d69af31486
e6da5b1e4aaaa780c5e375eac7a36c2962e2d59e,head,test,3,6,2068.0335,211.1556,0.0003,66.074,46.314,978,ok,,d69af31486
e6da5b1e4aaaa780c5e375eac7a36c2962e2d59e,head,test,4,9,2112.2145,211.2547,0.0003,66.139,49.914,1056,ok,,d69af31486
410e41aa9fbdeda6b23b8457e8e91979e4049867,base,test,0,0,2046.42,240.5,0.0003,64.936,44.44,1040,ok,,d69af31486
410e41aa9fbdeda6b23b8457e8e91979e4049867,base,test,1,3,2055.446,251.6523,0.0003,66.056,128.803,953,outlier,tbt;tbtFlow,d69af31486
410e41aa9fbdeda6b23b8457e8e91979e4049867,base,test,2,4,2081.604,211.25,0.0003,65.018,43.092,1067,ok,,d69af31486
410e41aa9fbdeda6b23b8457e8e91979e4049867,base,test,3,7,2055.7575,211.1922,0.0003,64.97,43.874,943,ok,,d69af31486
410e41aa9fbdeda6b23b8457e8e91979e4049867,base,test,4,8,2082.196,211.3697,0.0003,66.287,44.452,1007,ok,,d69af31486
410e41aa9fbdeda6b23b8457e8e91979e4049867,head,test,0,1,2056.774,245.5,0.0003,66.054,44.053,941,outlier,tbt,d69af31486
410e41aa9fbdeda6b23b8457e8e91979e4049867,head,test,1,2,2073.491,211.3677,0.0003,65.935,43.937,967,ok,,d69af31486
410e41aa9fbdeda6b23b8457e8e91979e4049867,head,test,2,5,2121.708,211.2996,0.0003,65.927,43.891,1381,outlier,lcpObs,d69af31486
410e41aa9fbdeda6b23b8457e8e91979e4049867,head,test,3,6,2075.79,211.4213,0.0003,65.964,42.037,978,ok,,d69af31486
410e41aa9fbdeda6b23b8457e8e91979e4049867,head,test,4,9,2086.519,211.1426,0.0003,65.059,43.836,1027,ok,,d69af31486
5f2bb94186493f3a3522153773b10a324a306d12,base,test,0,0,2083.683,211.4863,0.0003,66.029,43.057,1144,outlier,lcpObs,d69af31486
5f2bb94186493f3a3522153773b10a324a306d12,base,test,1,3,2059.639,211.6572,0.0003,66.018,44.837,960,ok,,d69af31486
5f2bb94186493f3a3522153773b10a324a306d12,base,test,2,4,2092.7075,251.0389,0.0003,66.01,45.511,1007,outlier,tbt,d69af31486
5f2bb94186493f3a3522153773b10a324a306d12,base,test,3,7,2073.3155,251.2927,0.0003,64.999,44.23,952,outlier,tbt,d69af31486
5f2bb94186493f3a3522153773b10a324a306d12,base,test,4,8,2084.3685,211.0846,0.0003,65.909,48.126,990,ok,,d69af31486
5f2bb94186493f3a3522153773b10a324a306d12,head,test,0,1,2111.5135,210.9584,0.0003,65.188,46.518,1048,ok,,d69af31486
5f2bb94186493f3a3522153773b10a324a306d12,head,test,1,2,2080.0655,211.2234,0.0003,66.099,53.519,995,ok,,d69af31486
5f2bb94186493f3a3522153773b10a324a306d12,head,test,2,5,2114.736,211.1194,0.0003,66,44.436,1069,ok,,d69af31486
5f2bb94186493f3a3522153773b10a324a306d12,head,test,3,6,2078.914,211.2674,0.0003,65.843,44.884,995,ok,,d69af31486
5f2bb94186493f3a3522153773b10a324a306d12,head,test,4,9,2127.9255,211.1908,0.0003,66.044,48.946,1070,ok,,d69af31486
41d40d0ca4c5c514f01a757d2d931b6ecd575958,base,test,0,0,2133.1285,211.3021,0.0002,65.003,44.897,1199,outlier,lcpObs,d69af31486
41d40d0ca4c5c514f01a757d2d931b6ecd575958,base,test,1,3,2089.6055,211.1646,0.0002,64.928,43.654,970,ok,,d69af31486
41d40d0ca4c5c514f01a757d2d931b6ecd575958,base,test,2,4,2091.189,211.4403,0.0002,65.892,43.41,990,ok,,d69af31486
41d40d0ca4c5c514f01a757d2d931b6ecd575958,base,test,3,7,2081.3465,211.095,0.0002,65.872,44.16,998,ok,,d69af31486
41d40d0ca4c5c514f01a757d2d931b6ecd575958,base,test,4,8,2084.2845,211.0088,0.0002,65.887,45.4,1087,ok,,d69af31486
41d40d0ca4c5c514f01a757d2d931b6ecd575958,head,test,0,1,2104.499,211.1566,0.0002,66.045,43.279,1037,ok,,d69af31486
41d40d0ca4c5c514f01a757d2d931b6ecd575958,head,test,1,2,2149.393,211.1144,0.0002,65.005,50.579,1088,ok,,d69af31486
41d40d0ca4c5c514f01a757d2d931b6ecd575958,head,test,2,5,2111.9175,210.8447,0.0002,66.289,45.663,1049,ok,,d69af31486
41d40d0ca4c5c514f01a757d2d931b6ecd575958,head,test,3,6,2083.2475,211.6219,0.0002,66.072,43.203,951,ok,,d69af31486
41d40d0ca4c5c514f01a757d2d931b6ecd575958,head,test,4,9,2083.6445,210.8878,0.0002,65.985,42.804,980,ok,,d69af31486
e1f74eaee244243651b411085b7490f4a79ce742,base,test,0,0,2069.075,211.1334,0.0002,66.003,41.817,981,ok,,d69af31486
e1f74eaee244243651b411085b7490f4a79ce742,base,test,1,3,2082.6505,211.6591,0.0002,66.009,43.218,988,ok,,d69af31486
e1f74eaee244243651b411085b7490f4a79ce742,base,test,2,4,2143.314,211.4553,0.0002,66.114,44.824,1079,ok,,d69af31486
e1f74eaee244243651b411085b7490f4a79ce742,base,test,3,7,2116.8535,211.0874,0.0002,66.179,44.707,1139,ok,,d69af31486
e1f74eaee244243651b411085b7490f4a79ce742,base,test,4,8,2136.188,210.995,0.0002,65.942,44.238,1091,ok,,d69af31486
e1f74eaee244243651b411085b7490f4a79ce742,head,test,0,1,2136.569,211.2162,0.0002,65.672,45.708,1074,ok,,d69af31486
e1f74eaee244243651b411085b7490f4a79ce742,head,test,1,2,2082.3825,251.0681,0.0002,64.93,44.156,962,outlier,tbt,d69af31486
e1f74eaee244243651b411085b7490f4a79ce742,head,test,2,5,2097.956,210.9897,0.0002,66.204,42.417,1005,ok,,d69af31486
e1f74eaee244243651b411085b7490f4a79ce742,head,test,3,6,2117.046,211.2995,0.0002,66.292,45.903,1068,ok,,d69af31486
e1f74eaee244243651b411085b7490f4a79ce742,head,test,4,9,2099.524,211.2637,0.0002,65.905,46.079,972,ok,,d69af31486
91327e399d769354c75513e4905589d5248c9b6e,base,test,0,0,2059.7025,211.0862,0.0002,65.136,42.306,952,ok,,d69af31486
91327e399d769354c75513e4905589d5248c9b6e,base,test,1,3,2085.3355,211.0185,0.0002,64.954,45.926,982,ok,,d69af31486
91327e399d769354c75513e4905589d5248c9b6e,base,test,2,4,2102.5145,211.2008,0.0002,66.075,46.878,965,ok,,d69af31486
91327e399d769354c75513e4905589d5248c9b6e,base,test,3,7,2082.9315,211.0503,0.0002,66.073,45.68,973,ok,,d69af31486
91327e399d769354c75513e4905589d5248c9b6e,base,test,4,8,2145.391,211.326,0.0002,65.003,49.867,1091,outlier,lcpObs,d69af31486
91327e399d769354c75513e4905589d5248c9b6e,head,test,0,1,2100.449,210.9068,0,65.01,48.268,1018,ok,,d69af31486
91327e399d769354c75513e4905589d5248c9b6e,head,test,1,2,2096.278,211.1904,0,64.99,47.096,1049,ok,,d69af31486
91327e399d769354c75513e4905589d5248c9b6e,head,test,2,5,2117.579,211.163,0,65.941,43.007,1050,ok,,d69af31486
91327e399d769354c75513e4905589d5248c9b6e,head,test,3,6,2083.445,211.2681,0,64.975,42.393,1090,ok,,d69af31486
91327e399d769354c75513e4905589d5248c9b6e,head,test,4,9,2129.414,210.9643,0,65.916,44.755,1060,ok,,d69af31486
ef010c4f85eb2a5606e994dbd628a955280ca407,base,test,0,0,2192.724,253.0574,0,66.077,38.792,1018,ok,,d69af31486
ef010c4f85eb2a5606e994dbd628a955280ca407,base,test,1,3,2186.8495,251.2332,0,65.949,38.221,1035,ok,,d69af31486
ef010c4f85eb2a5606e994dbd628a955280ca407,base,test,2,4,2263.153,251.373,0,65,40.429,1179,outlier,lcpObs,d69af31486
ef010c4f85eb2a5606e994dbd628a955280ca407,base,test,3,7,2183.4135,250.9872,0,66.104,40.402,987,ok,,d69af31486
ef010c4f85eb2a5606e994dbd628a955280ca407,base,test,4,8,2195.6795,251.2886,0,65.016,40.003,1018,ok,,d69af31486
ef010c4f85eb2a5606e994dbd628a955280ca407,head,test,0,1,2174.4945,251.2713,0,65.005,40.633,1027,ok,,d69af31486
ef010c4f85eb2a5606e994dbd628a955280ca407,head,test,1,2,2159.07,251.4189,0,65.043,40.321,1118,ok,,d69af31486
ef010c4f85eb2a5606e994dbd628a955280ca407,head,test,2,5,2237.374,250.9244,0,66.119,40.413,1100,ok,,d69af31486
ef010c4f85eb2a5606e994dbd628a955280ca407,head,test,3,6,2185.2565,251.1151,0,66.108,39.619,994,ok,,d69af31486
ef010c4f85eb2a5606e994dbd628a955280ca407,head,test,4,9,2235.2525,250.8968,0,65.983,39.603,1094,ok,,d69af31486
9b7417c4310ee60bb6925a3746fa70f3c376f0a1,base,test,0,0,2196.8375,251.2124,0,76.393,46.583,1306,outlier,lcpObs,d69af31486
9b7417c4310ee60bb6925a3746fa70f3c376f0a1,base,test,1,3,2189.74,251.2768,0,66.219,37.998,1014,ok,,d69af31486
9b7417c4310ee60bb6925a3746fa70f3c376f0a1,base,test,2,4,2192.4805,251.3306,0,65.974,39.193,1020,ok,,d69af31486
9b7417c4310ee60bb6925a3746fa70f3c376f0a1,base,test,3,7,2191.9835,251.1163,0,65.987,42.232,1000,ok,,d69af31486
9b7417c4310ee60bb6925a3746fa70f3c376f0a1,base,test,4,8,2180.279,251.0407,0,73.768,46.585,1006,ok,,d69af31486
9b7417c4310ee60bb6925a3746fa70f3c376f0a1,head,test,0,1,2192.925,251.3304,0,65.997,41.453,1072,ok,,d69af31486
9b7417c4310ee60bb6925a3746fa70f3c376f0a1,head,test,1,2,2239.023,251.0784,0,66.007,39.857,1107,ok,,d69af31486
9b7417c4310ee60bb6925a3746fa70f3c376f0a1,head,test,2,5,2175.355,251.1249,0,65.993,42.061,994,ok,,d69af31486
9b7417c4310ee60bb6925a3746fa70f3c376f0a1,head,test,3,6,2217.656,251.3116,0,65.014,44.934,1081,ok,,d69af31486
9b7417c4310ee60bb6925a3746fa70f3c376f0a1,head,test,4,9,2183.14,251.1533,0,65.988,39.584,999,ok,,d69af31486
6154bbfd0554d56a5795b18b9164cb79ec740b1e,base,test,0,0,2167.9705,253.9428,0,66.07,42.002,1110,ok,,d69af31486
6154bbfd0554d56a5795b18b9164cb79ec740b1e,base,test,1,3,2187.9225,252.1371,0,66.019,39.219,1024,ok,,d69af31486
6154bbfd0554d56a5795b18b9164cb79ec740b1e,base,test,2,4,2224.2185,251.3808,0,66.107,39.821,1049,ok,,d69af31486
6154bbfd0554d56a5795b18b9164cb79ec740b1e,base,test,3,7,2189.0695,251.152,0,65.974,39.207,1032,ok,,d69af31486
6154bbfd0554d56a5795b18b9164cb79ec740b1e,base,test,4,8,2219.6165,251.4483,0,81.613,40.954,1209,outlier,lcpObs,d69af31486
6154bbfd0554d56a5795b18b9164cb79ec740b1e,head,test,0,1,2184.848,250.8797,0,81.156,48.909,1023,ok,,d69af31486
6154bbfd0554d56a5795b18b9164cb79ec740b1e,head,test,1,2,2185.0125,250.9948,0,66.1,39.173,1019,ok,,d69af31486
6154bbfd0554d56a5795b18b9164cb79ec740b1e,head,test,2,5,2219.785,251.0682,0,64.994,43.042,1106,ok,,d69af31486
6154bbfd0554d56a5795b18b9164cb79ec740b1e,head,test,3,6,2241.3035,251.0716,0,65.84,37.996,1133,outlier,lcpObs,d69af31486
6154bbfd0554d56a5795b18b9164cb79ec740b1e,head,test,4,9,2188.646,251.0941,0,64.997,39.619,1037,ok,,d69af31486
47e725cb5db8e5449bba506fe3e883aac8358583,base,test,0,0,2193.942,250.8096,0,66.057,39.39,1160,ok,,d69af31486
47e725cb5db8e5449bba506fe3e883aac8358583,base,test,1,3,2176.308,251.1175,0,66.043,37.196,1011,ok,,d69af31486
47e725cb5db8e5449bba506fe3e883aac8358583,base,test,2,4,2198.2655,251.1252,0,66.014,39.77,1008,ok,,d69af31486
47e725cb5db8e5449bba506fe3e883aac8358583,base,test,3,7,2271.488,251.4452,0,66.005,37.949,1283,ok,,d69af31486
47e725cb5db8e5449bba506fe3e883aac8358583,base,test,4,8,2197.582,250.8404,0,65.03,41.407,1063,ok,,d69af31486
47e725cb5db8e5449bba506fe3e883aac8358583,head,test,0,1,2224.656,251.2453,0,66.077,39.265,1088,ok,,d69af31486
47e725cb5db8e5449bba506fe3e883aac8358583,head,test,1,2,2185.069,251.3297,0,65.013,39.466,1015,ok,,d69af31486
47e725cb5db8e5449bba506fe3e883aac8358583,head,test,2,5,2245.7215,251.5924,0,66.013,42.308,1149,ok,,d69af31486
47e725cb5db8e5449bba506fe3e883aac8358583,head,test,3,6,2188.7025,251.3368,0,65.95,39.87,1002,ok,,d69af31486
47e725cb5db8e5449bba506fe3e883aac8358583,head,test,4,9,2270.83,251.4633,0,66.035,40.166,1193,ok,,d69af31486
e57686d46a93494f312c1733c65feb1ab6cce6dd,base,test,0,0,2203.637,251.28,0,86.362,44.66,1090,outlier,inp;lcpObs,d69af31486
e57686d46a93494f312c1733c65feb1ab6cce6dd,base,test,1,3,2194.216,250.9631,0,66.022,41.615,1021,ok,,d69af31486
e57686d46a93494f312c1733c65feb1ab6cce6dd,base,test,2,4,2159.74,251.015,0,65.969,41.961,1001,ok,,d69af31486
e57686d46a93494f312c1733c65feb1ab6cce6dd,base,test,3,7,2170.836,251.1802,0,66.005,39.041,990,ok,,d69af31486
e57686d46a93494f312c1733c65feb1ab6cce6dd,base,test,4,8,2181.4615,251.1161,0,66.027,40.879,994,ok,,d69af31486
e57686d46a93494f312c1733c65feb1ab6cce6dd,head,test,0,1,2167.8775,251.1618,0,64.973,39.364,985,ok,,d69af31486
e57686d46a93494f312c1733c65feb1ab6cce6dd,head,test,1,2,2212.827,251.4755,0,66.044,39.973,1053,ok,,d69af31486
e57686d46a93494f312c1733c65feb1ab6cce6dd,head,test,2,5,2265.705,251.0996,0,66.015,38.555,1418,outlier,lcpObs,d69af31486
e57686d46a93494f312c1733c65feb1ab6cce6dd,head,test,3,6,2186.912,251.2971,0,66.123,39.42,1008,ok,,d69af31486
e57686d46a93494f312c1733c65feb1ab6cce6dd,head,test,4,9,2259.928,251.2996,0,66.075,39.189,1133,ok,,d69af31486
2f2de3b21791f0e588a3f15e68bf4a619441d252,base,test,0,0,2264.887,251.1518,0,71.252,39.993,1311,ok,,d69af31486
2f2de3b21791f0e588a3f15e68bf4a619441d252,base,test,1,3,2214.6125,250.992,0,66.079,39.833,1115,ok,,d69af31486
2f2de3b21791f0e588a3f15e68bf4a619441d252,base,test,2,4,2174.21,251.1043,0,65.119,40.392,990,ok,,d69af31486
2f2de3b21791f0e588a3f15e68bf4a619441d252,base,test,3,7,2250.9115,250.9337,0,66.044,46.074,1157,ok,,d69af31486
2f2de3b21791f0e588a3f15e68bf4a619441d252,base,test,4,8,2193.6245,248.5178,0,66.084,41.06,1012,ok,,d69af31486
2f2de3b21791f0e588a3f15e68bf4a619441d252,head,test,0,1,2186.1175,251.2732,0,65.873,39.57,1019,ok,,d69af31486
2f2de3b21791f0e588a3f15e68bf4a619441d252,head,test,1,2,2188.337,250.8016,0,79.851,57.269,1005,ok,,d69af31486
2f2de3b21791f0e588a3f15e68bf4a619441d252,head,test,2,5,2196.8445,251.2318,0,66.07,40.479,1017,ok,,d69af31486
2f2de3b21791f0e588a3f15e68bf4a619441d252,head,test,3,6,2229.0955,251.4672,0,66.032,38.804,1353,outlier,lcpObs,d69af31486
2f2de3b21791f0e588a3f15e68bf4a619441d252,head,test,4,9,2186.978,251.021,0,66.029,39.977,1007,ok,,d69af31486
49589c447340eca2b73866a7306e128fbeef2e84,base,test,0,0,2242.4545,250.9791,0,80.62,45.237,1182,outlier,lcpObs,d69af31486
49589c447340eca2b73866a7306e128fbeef2e84,base,test,1,3,2190.875,251.2765,0,79.708,38.511,1343,outlier,lcpObs,d69af31486
49589c447340eca2b73866a7306e128fbeef2e84,base,test,2,4,2205.5985,251.2936,0,65.851,39.171,1014,ok,,d69af31486
49589c447340eca2b73866a7306e128fbeef2e84,base,test,3,7,2198.3175,251.1023,0,65.997,38.211,1026,ok,,d69af31486
49589c447340eca2b73866a7306e128fbeef2e84,base,test,4,8,2371.8055,116.0482,0,65.953,40.265,1003,outlier,lcp;tbt,d69af31486
49589c447340eca2b73866a7306e128fbeef2e84,head,test,0,1,2207.892,250.9301,0,65.903,38.586,1102,ok,,d69af31486
49589c447340eca2b73866a7306e128fbeef2e84,head,test,1,2,2167.993,251.4013,0,66.031,39.194,998,ok,,d69af31486
49589c447340eca2b73866a7306e128fbeef2e84,head,test,2,5,2179.598,251.0379,0,65.989,41.979,1010,ok,,d69af31486
49589c447340eca2b73866a7306e128fbeef2e84,head,test,3,6,2186.368,251.1784,0,65.091,42.483,1039,ok,,d69af31486
49589c447340eca2b73866a7306e128fbeef2e84,head,test,4,9,2224.484,251.5308,0,66.047,43.808,1382,outlier,lcpObs,d69af31486
0a7785b9326912299c1af1618c09e8cbd621c427,base,test,0,0,1778.51,236.5,0,72.482,47.611,1242,ok,,d69af31486
0a7785b9326912299c1af1618c09e8cbd621c427,base,test,1,3,1759.653,251.6155,0,79.454,76.452,1032,ok,,d69af31486
0a7785b9326912299c1af1618c09e8cbd621c427,base,test,2,4,1809.7255,246.5,0,94.497,74.987,1046,ok,,d69af31486
0a7785b9326912299c1af1618c09e8cbd621c427,base,test,3,7,1743.0912,262.0,0,101.641,62.846,989,ok,,d69af31486
0a7785b9326912299c1af1618c09e8cbd621c427,base,test,4,8,1805.07,247.0,0,88.262,76.119,1079,ok,,d69af31486
0a7785b9326912299c1af1618c09e8cbd621c427,base,test,5,11,1755.8573,248.5,0,98.739,66.218,992,ok,,d69af31486
0a7785b9326912299c1af1618c09e8cbd621c427,base,test,6,12,1733.5535,249,0,100.068,75.76,956,ok,,d69af31486
0a7785b9326912299c1af1618c09e8cbd621c427,base,test,7,15,1771.0382,216.7576,0,121.259,414.324,1120,outlier,tbt,d69af31486
0a7785b9326912299c1af1618c09e8cbd621c427,base,test,8,16,2058.1934,154.5815,0,103.344,195.399,1833,outlier,lcp;tbt;lcpObs,d69af31486
0a7785b9326912299c1af1618c09e8cbd621c427,base,test,9,19,1788.7784,254.0508,0,103.975,377.706,1220,ok,,d69af31486
0a7785b9326912299c1af1618c09e8cbd621c427,base,test,10,20,1774.91,255.2632,0,120.432,399.647,1108,ok,,d69af31486
0a7785b9326912299c1af1618c09e8cbd621c427,base,test,11,23,1760.2516,271.0775,0,126.666,319.635,1085,ok,,d69af31486
0a7785b9326912299c1af1618c09e8cbd621c427,base,test,12,24,1761.0938,196.2379,0,116.143,245.785,1091,outlier,tbt,d69af31486
0a7785b9326912299c1af1618c09e8cbd621c427,base,test,13,27,1770.3278,250.9756,0,121.077,190.393,1118,ok,,d69af31486
0a7785b9326912299c1af1618c09e8cbd621c427,base,test,14,28,1768.1634,248.8871,0,86.918,121.028,1029,ok,,d69af31486
0a7785b9326912299c1af1618c09e8cbd621c427,head,test,0,1,1811.9305,237.5,0,72.672,44.505,1024,ok,,d69af31486
0a7785b9326912299c1af1618c09e8cbd621c427,head,test,1,2,1839.051,211.5551,0,93.448,68.117,1072,ok,,d69af31486
0a7785b9326912299c1af1618c09e8cbd621c427,head,test,2,5,1755.5774,208.8881,0,63.846,45.343,1015,ok,,d69af31486
0a7785b9326912299c1af1618c09e8cbd621c427,head,test,3,6,1759.7999,209.5003,0,103.723,71.833,1024,ok,,d69af31486
0a7785b9326912299c1af1618c09e8cbd621c427,head,test,4,9,1747.1231,248,0,75.511,48.884,978,ok,,d69af31486
0a7785b9326912299c1af1618c09e8cbd621c427,head,test,5,10,1740.882,210.8722,0,100.205,76.149,1234,ok,,d69af31486
0a7785b9326912299c1af1618c09e8cbd621c427,head,test,6,13,1875.5447,210.5784,0,74.465,59.243,1045,ok,,d69af31486
0a7785b9326912299c1af1618c09e8cbd621c427,head,test,7,14,1775.9102,318.5,0,152.212,456.585,1117,outlier,tbt;tbtFlow,d69af31486
0a7785b9326912299c1af1618c09e8cbd621c427,head,test,8,17,1793.1323,246.9474,0,99.302,112.408,1173,ok,,d69af31486
0a7785b9326912299c1af1618c09e8cbd621c427,head,test,9,18,1770.6135,259.5,0,129.011,343.124,1054,ok,,d69af31486
0a7785b9326912299c1af1618c09e8cbd621c427,head,test,10,21,1788.4057,189.1756,0,126.111,481.867,1164,outlier,tbtFlow,d69af31486
0a7785b9326912299c1af1618c09e8cbd621c427,head,test,11,22,1962.53,386.4001,0,119.639,294.465,1443,outlier,lcp;tbt;lcpObs,d69af31486
0a7785b9326912299c1af1618c09e8cbd621c427,head,test,12,25,1785.1103,253.1553,0,108.502,221.172,1131,ok,,d69af31486
0a7785b9326912299c1af1618c09e8cbd621c427,head,test,13,26,1773.4665,215.432,0,120.054,294.471,1092,ok,,d69af31486
0a7785b9326912299c1af1618c09e8cbd621c427,head,test,14,29,1790.8962,210.7899,0,90.513,138.452,1139,ok,,d69af31486
01c986f9a22c1b0a619be5e178d51645db31aa5a,base,test,0,0,1783.8741,237.36,0,98.102,105.478,1308,ok,,d69af31486
01c986f9a22c1b0a619be5e178d51645db31aa5a,base,test,1,3,1720.0367,297,0,95.393,79.122,1022,outlier,tbt,d69af31486
01c986f9a22c1b0a619be5e178d51645db31aa5a,base,test,2,4,1749.8823,233.2507,0,99.453,78.399,1090,ok,,d69af31486
01c986f9a22c1b0a619be5e178d51645db31aa5a,base,test,3,7,1817.2831,232.9113,0,66.292,44.629,1120,outlier,inp,d69af31486
01c986f9a22c1b0a619be5e178d51645db31aa5a,base,test,4,8,1757.3496,233.59,0,68.662,43.855,994,outlier,inp,d69af31486
01c986f9a22c1b0a619be5e178d51645db31aa5a,head,test,0,1,1766.1898,191.7246,0,78.358,104.912,1187,outlier,tbt;tbtFlow;lcpObs,d69af31486
01c986f9a22c1b0a619be5e178d51645db31aa5a,head,test,1,2,1742.0547,315,0,86.967,109.164,1064,outlier,tbt;tbtFlow,d69af31486
01c986f9a22c1b0a619be5e178d51645db31aa5a,head,test,2,5,1761.2822,224.9634,0,66.109,52.581,1082,ok,,d69af31486
01c986f9a22c1b0a619be5e178d51645db31aa5a,head,test,3,6,1797.9945,233.374,0,74.05,42.601,1078,ok,,d69af31486
01c986f9a22c1b0a619be5e178d51645db31aa5a,head,test,4,9,1824.0389,233.0831,0,73.102,45.673,1122,ok,,d69af31486
9ab31b9f7cbaca4874dcc2fee60185af40ba0b97,base,test,0,0,1794.6564,232.9391,0,68.477,44.901,1040,ok,,d69af31486
9ab31b9f7cbaca4874dcc2fee60185af40ba0b97,base,test,1,3,1747.7495,232.5991,0,72.589,45.558,959,ok,,d69af31486
9ab31b9f7cbaca4874dcc2fee60185af40ba0b97,base,test,2,4,1799.9707,232.8888,0,68.471,41.857,1078,ok,,d69af31486
9ab31b9f7cbaca4874dcc2fee60185af40ba0b97,base,test,3,7,1746.072,232.8116,0,75.484,39.635,1054,ok,,d69af31486
9ab31b9f7cbaca4874dcc2fee60185af40ba0b97,base,test,4,8,1744.3023,233.0007,0,68.123,44.102,985,ok,,d69af31486
9ab31b9f7cbaca4874dcc2fee60185af40ba0b97,head,test,0,1,1816.6451,234.2359,0,102.564,68.789,1153,ok,,d69af31486
9ab31b9f7cbaca4874dcc2fee60185af40ba0b97,head,test,1,2,1831.0906,232.7614,0,80.456,53.077,1176,ok,,d69af31486
9ab31b9f7cbaca4874dcc2fee60185af40ba0b97,head,test,2,5,1798.0187,245,0,93.133,66.712,1038,ok,,d69af31486
9ab31b9f7cbaca4874dcc2fee60185af40ba0b97,head,test,3,6,1741.2341,232.4289,0,100.248,55.742,925,ok,,d69af31486
9ab31b9f7cbaca4874dcc2fee60185af40ba0b97,head,test,4,9,1740.6601,233.5709,0,66.177,42.379,962,ok,,d69af31486
83c5ff1a6355813a7a3bada9972639fe9288831e,base,test,0,0,1746.7885,232.4071,0,64.622,40.277,942,ok,,d69af31486
83c5ff1a6355813a7a3bada9972639fe9288831e,base,test,1,3,1843.8595,232.9818,0,65.046,43.241,1410,outlier,lcpObs,d69af31486
83c5ff1a6355813a7a3bada9972639fe9288831e,base,test,2,4,1744.7997,233.1399,0,68.073,41.011,965,ok,,d69af31486
83c5ff1a6355813a7a3bada9972639fe9288831e,base,test,3,7,1761.7417,232.5153,0,75.4,41.253,995,ok,,d69af31486
83c5ff1a6355813a7a3bada9972639fe9288831e,base,test,4,8,1781.4606,233.0119,0,74.396,40.427,1073,ok,,d69af31486
83c5ff1a6355813a7a3bada9972639fe9288831e,head,test,0,1,1759.5654,233.3636,0,70.333,40.387,1005,ok,,d69af31486
83c5ff1a6355813a7a3bada9972639fe9288831e,head,test,1,2,1734.7486,232.3389,0,65.018,42.494,935,ok,,d69af31486
83c5ff1a6355813a7a3bada9972639fe9288831e,head,test,2,5,1746.6623,233.2401,0,74.743,46.31,975,ok,,d69af31486
83c5ff1a6355813a7a3bada9972639fe9288831e,head,test,3,6,1740.7725,233.0055,0,64.178,43.795,933,ok,,d69af31486
83c5ff1a6355813a7a3bada9972639fe9288831e,head,test,4,9,1767.7857,233.0923,0,64.763,49.871,1028,ok,,d69af31486
abd8fb87c1b7b09bc8e3520e54bf697787687c3d,base,test,0,0,1737.8343,232.3227,0,75.878,42.559,969,ok,,d69af31486
abd8fb87c1b7b09bc8e3520e54bf697787687c3d,base,test,1,3,1761.2644,233.4601,0,64.996,42.052,1273,ok,,d69af31486
abd8fb87c1b7b09bc8e3520e54bf697787687c3d,base,test,2,4,1800.7568,232.4242,0,78.318,48.384,1116,ok,,d69af31486
abd8fb87c1b7b09bc8e3520e54bf697787687c3d,base,test,3,7,1758.5788,233.4562,0,65.81,38.802,1017,ok,,d69af31486
abd8fb87c1b7b09bc8e3520e54bf697787687c3d,base,test,4,8,1794.7642,233.0158,0,65.986,44.841,1107,ok,,d69af31486
abd8fb87c1b7b09bc8e3520e54bf697787687c3d,head,test,0,1,1741.0392,232.4593,0,66.238,41.827,962,ok,,d69af31486
abd8fb87c1b7b09bc8e3520e54bf697787687c3d,head,test,1,2,1747.627,233.191,0,80.436,50.384,991,ok,,d69af31486
abd8fb87c1b7b09bc8e3520e54bf697787687c3d,head,test,2,5,1737.8695,233.6549,0,66.196,53.303,967,ok,,d69af31486
abd8fb87c1b7b09bc8e3520e54bf697787687c3d,head,test,3,6,1748.2901,233.3203,0,65.981,38.392,1012,ok,,d69af31486
abd8fb87c1b7b09bc8e3520e54bf697787687c3d,head,test,4,9,1774.2603,232.8047,0,72.755,48.409,1081,ok,,d69af31486
cb26361cc7ea7b208f8226f188d758f421c88479,base,test,0,0,1724.021,232.71,0,81.193,47.048,1087,ok,,d69af31486
cb26361cc7ea7b208f8226f188d758f421c88479,base,test,1,3,1792.2975,232.5394,0,65.882,39.048,1354,ok,,d69af31486
cb26361cc7ea7b208f8226f188d758f421c88479,base,test,2,4,1738.9406,232.6154,0,66.053,42.421,972,ok,,d69af31486
cb26361cc7ea7b208f8226f188d758f421c88479,base,test,3,7,1765.1961,232.7465,0,65.985,39.085,1079,ok,,d69af31486
cb26361cc7ea7b208f8226f188d758f421c88479,base,test,4,8,1759.4564,233.0251,0,66.069,38.986,995,ok,,d69af31486
cb26361cc7ea7b208f8226f188d758f421c88479,head,test,0,1,1752.6715,233.0201,0,65.985,39.037,1028,ok,,d69af31486
cb26361cc7ea7b208f8226f188d758f421c88479,head,test,1,2,1777.2726,232.4114,0,66.066,46.846,1092,ok,,d69af31486
cb26361cc7ea7b208f8226f188d758f421c88479,head,test,2,5,1739.8246,233.028,0,66.039,40.08,981,ok,,d69af31486
cb26361cc7ea7b208f8226f188d758f421c88479,head,test,3,6,1749.2971,242.8999,0,64.949,43.666,1022,ok,,d69af31486
cb26361cc7ea7b208f8226f188d758f421c88479,head,test,4,9,1700.8198,234.0339,0,66.045,38.614,983,ok,,d69af31486
fd2e610ae21884f64cc03cf7c6782e37dc7290f6,base,test,0,0,1860.2368,269.4988,0,65.62,40.995,1160,outlier,tbt,d69af31486
fd2e610ae21884f64cc03cf7c6782e37dc7290f6,base,test,1,3,1741.4092,233.0238,0,65.979,55.198,1308,ok,,d69af31486
fd2e610ae21884f64cc03cf7c6782e37dc7290f6,base,test,2,4,1803.0271,233.0897,0,65.998,39.514,1245,ok,,d69af31486
fd2e610ae21884f64cc03cf7c6782e37dc7290f6,base,test,3,7,1784.9208,232.6597,0,66.019,42.23,1005,ok,,d69af31486
fd2e610ae21884f64cc03cf7c6782e37dc7290f6,base,test,4,8,1778.0766,232.3914,0,64.978,41.46,973,ok,,d69af31486
fd2e610ae21884f64cc03cf7c6782e37dc7290f6,head,test,0,1,1791.5751,192.4215,0,66.066,38.569,1087,outlier,tbt,d69af31486
fd2e610ae21884f64cc03cf7c6782e37dc7290f6,head,test,1,2,1749.2558,192.8992,0,66.056,42.651,994,outlier,tbt,d69af31486
fd2e610ae21884f64cc03cf7c6782e37dc7290f6,head,test,2,5,1787.9794,232.8776,0,66.048,43.071,972,ok,,d69af31486
fd2e610ae21884f64cc03cf7c6782e37dc7290f6,head,test,3,6,1840.5413,232.9633,0,65.874,39.786,1105,outlier,lcpObs,d69af31486
fd2e610ae21884f64cc03cf7c6782e37dc7290f6,head,test,4,9,1775.5054,231.8986,0,66.089,40.389,971,ok,,d69af31486
a4a4463bbb632b25b80f43a3c83e1a3d8345d656,base,test,0,0,1783.5825,233.0615,0,66.143,42.151,1268,ok,,d69af31486
a4a4463bbb632b25b80f43a3c83e1a3d8345d656,base,test,1,3,1782.2621,232.1635,0,64.898,39.955,985,ok,,d69af31486
a4a4463bbb632b25b80f43a3c83e1a3d8345d656,base,test,2,4,1782.9397,232.5867,0,65.869,43.221,1243,ok,,d69af31486
a4a4463bbb632b25b80f43a3c83e1a3d8345d656,base,test,3,7,1772.1555,192.793,0,65.057,43.114,1029,outlier,tbt,d69af31486
a4a4463bbb632b25b80f43a3c83e1a3d8345d656,base,test,4,8,1838.8749,232.7667,0,65.056,41.864,1120,ok,,d69af31486
a4a4463bbb632b25b80f43a3c83e1a3d8345d656,head,test,0,1,1784.314,230.25,0,65.977,39.771,994,ok,,d69af31486
a4a4463bbb632b25b80f43a3c83e1a3d8345d656,head,test,1,2,1756.4648,232.9154,0,66.027,40.064,971,ok,,d69af31486
a4a4463bbb632b25b80f43a3c83e1a3d8345d656,head,test,2,5,1784.3256,232.242,0,70.634,46.453,1020,ok,,d69af31486
a4a4463bbb632b25b80f43a3c83e1a3d8345d656,head,test,3,6,1769.6013,193.4882,0,66.049,44.836,1062,outlier,tbt,d69af31486
a4a4463bbb632b25b80f43a3c83e1a3d8345d656,head,test,4,9,1845.7761,269.6999,0,65.991,46.151,1109,outlier,tbt,d69af31486
e7006130f626facbf914f1ac7f87001cbb508bca,base,test,0,0,1829.9035,232.2029,0,74.245,51.037,1318,ok,,d69af31486
e7006130f626facbf914f1ac7f87001cbb508bca,base,test,1,3,1763.2705,232.5995,0,65.019,44.995,1158,ok,,d69af31486
e7006130f626facbf914f1ac7f87001cbb508bca,base,test,2,4,1802.6139,233.2557,0,66.215,49.018,1038,ok,,d69af31486
e7006130f626facbf914f1ac7f87001cbb508bca,base,test,3,7,1808.7984,232.8126,0,66.131,39.76,1062,ok,,d69af31486
e7006130f626facbf914f1ac7f87001cbb508bca,base,test,4,8,1782.7296,232.7364,0,66.062,42.508,977,ok,,d69af31486
e7006130f626facbf914f1ac7f87001cbb508bca,head,test,0,1,1770.9168,193.1822,0,65.959,44.859,1062,outlier,tbt,d69af31486
e7006130f626facbf914f1ac7f87001cbb508bca,head,test,1,2,1813.6324,233.4926,0,65.951,44.188,1085,ok,,d69af31486
e7006130f626facbf914f1ac7f87001cbb508bca,head,test,2,5,1791.663,233.541,0,71.529,45.445,997,ok,,d69af31486
e7006130f626facbf914f1ac7f87001cbb508bca,head,test,3,6,1804.2653,232.3567,0,80.468,49.599,1141,ok,,d69af31486
e7006130f626facbf914f1ac7f87001cbb508bca,head,test,4,9,1799.305,232.985,0,65.878,41.799,1035,ok,,d69af31486
4c8764fd944f370353bb14247a2af5be67e7c21e,base,test,0,0,1753.5455,193.3255,0,66.031,48.946,1009,outlier,tbt,d69af31486
4c8764fd944f370353bb14247a2af5be67e7c21e,base,test,1,3,1817.6132,232.6858,0,65.996,41.998,1203,ok,,d69af31486
4c8764fd944f370353bb14247a2af5be67e7c21e,base,test,2,4,1786.6583,193.0777,0,66.011,40.392,1124,outlier,tbt,d69af31486
4c8764fd944f370353bb14247a2af5be67e7c21e,base,test,3,7,1800.1858,233.2914,0,83.184,41.801,1071,ok,,d69af31486
4c8764fd944f370353bb14247a2af5be67e7c21e,base,test,4,8,1828.057,232.517,0,66.033,39.178,1092,ok,,d69af31486
4c8764fd944f370353bb14247a2af5be67e7c21e,head,test,0,1,1787.8026,233.0488,0,65.084,41.81,1005,ok,,d69af31486
4c8764fd944f370353bb14247a2af5be67e7c21e,head,test,1,2,1762.6284,193.3396,0,66.003,41.991,1034,outlier,tbt,d69af31486
4c8764fd944f370353bb14247a2af5be67e7c21e,head,test,2,5,1796.4959,193.7477,0,65.998,39.782,1103,outlier,tbt,d69af31486
4c8764fd944f370353bb14247a2af5be67e7c21e,head,test,3,6,1852.3362,232.9883,0,65.945,43.337,1170,ok,,d69af31486
4c8764fd944f370353bb14247a2af5be67e7c21e,head,test,4,9,1883.6861,232.5376,0,66.231,38.742,9242,outlier,lcpObs,d69af31486
f3f0e9ed60e2244601756e273b55874ef4471c44,base,test,0,0,1790.8319,232.2851,0,65.869,43.996,978,ok,,d69af31486
f3f0e9ed60e2244601756e273b55874ef4471c44,base,test,1,3,1783.1305,232.7269,0,64.88,40.407,980,ok,,d69af31486
f3f0e9ed60e2244601756e273b55874ef4471c44,base,test,2,4,1795.5308,233.5196,0,65.043,122.473,993,outlier,tbtFlow,d69af31486
f3f0e9ed60e2244601756e273b55874ef4471c44,base,test,3,7,1813.1492,232.6788,0,66.012,40.49,1069,outlier,lcpObs,d69af31486
f3f0e9ed60e2244601756e273b55874ef4471c44,base,test,4,8,1783.5159,192.9921,0,66.102,40.174,1085,outlier,tbt;lcpObs,d69af31486
f3f0e9ed60e2244601756e273b55874ef4471c44,head,test,0,1,1762.7103,192.8923,0,65.044,43.665,977,outlier,tbt,d69af31486
f3f0e9ed60e2244601756e273b55874ef4471c44,head,test,1,2,1789.3102,232.5078,0,65.985,40.673,1008,ok,,d69af31486
f3f0e9ed60e2244601756e273b55874ef4471c44,head,test,2,5,1844.588,233.1416,0,66.033,39.164,1108,ok,,d69af31486
f3f0e9ed60e2244601756e273b55874ef4471c44,head,test,3,6,1836.7183,233.1443,0,82.077,43.721,1184,outlier,lcpObs,d69af31486
f3f0e9ed60e2244601756e273b55874ef4471c44,head,test,4,9,1802.7856,232.2088,0,66,41.803,988,ok,,d69af31486
f95cbaa25a2ca71f59a06359a8c9b5e0f3d3647c,base,test,0,0,1798.6608,268.2252,0,65.858,39.849,1129,outlier,tbt,d69af31486
f95cbaa25a2ca71f59a06359a8c9b5e0f3d3647c,base,test,1,3,1810.8457,266.7577,0,65.99,42.16,1045,outlier,tbt,d69af31486
f95cbaa25a2ca71f59a06359a8c9b5e0f3d3647c,base,test,2,4,1791.3194,233.047,0,66.009,40.209,996,ok,,d69af31486
f95cbaa25a2ca71f59a06359a8c9b5e0f3d3647c,base,test,3,7,1778.303,232.3265,0,65.956,43.626,966,ok,,d69af31486
f95cbaa25a2ca71f59a06359a8c9b5e0f3d3647c,base,test,4,8,1782.9992,233.1644,0,66.071,39.01,973,ok,,d69af31486
f95cbaa25a2ca71f59a06359a8c9b5e0f3d3647c,head,test,0,1,1808.5986,233.1798,0,65.991,38.967,981,ok,,d69af31486
f95cbaa25a2ca71f59a06359a8c9b5e0f3d3647c,head,test,1,2,1761.8979,232.6287,0,64.964,40.664,1023,ok,,d69af31486
f95cbaa25a2ca71f59a06359a8c9b5e0f3d3647c,head,test,2,5,1799.1415,232.972,0,64.875,122.569,1031,outlier,tbtFlow,d69af31486
f95cbaa25a2ca71f59a06359a8c9b5e0f3d3647c,head,test,3,6,1743.204,192.713,0,65.915,44.789,974,outlier,tbt,d69af31486
f95cbaa25a2ca71f59a06359a8c9b5e0f3d3647c,head,test,4,9,1830.1137,233.0483,0,66.147,40.064,1067,ok,,d69af31486
1cbeb68fab5f8e7c207bc445aa16791805964eb0,base,test,0,0,1750.347,193.159,0,65.937,38.805,985,outlier,tbt,d69af31486
1cbeb68fab5f8e7c207bc445aa16791805964eb0,base,test,1,3,1785.3158,232.7106,0,66.073,43.297,999,ok,,d69af31486
1cbeb68fab5f8e7c207bc445aa16791805964eb0,base,test,2,4,1746.5145,193.5905,0,65.019,40.958,987,outlier,tbt,d69af31486
1cbeb68fab5f8e7c207bc445aa16791805964eb0,base,test,3,7,1800.5985,232.935,0,65.904,42.761,981,ok,,d69af31486
1cbeb68fab5f8e7c207bc445aa16791805964eb0,base,test,4,8,1787.0286,233.1002,0,83.073,44.08,1060,outlier,lcpObs,d69af31486
1cbeb68fab5f8e7c207bc445aa16791805964eb0,head,test,0,1,1799.1809,232.4331,0,66.04,39.217,1115,ok,,d69af31486
1cbeb68fab5f8e7c207bc445aa16791805964eb0,head,test,1,2,1865.2721,233.4375,0,64.981,44.012,1190,ok,,d69af31486
1cbeb68fab5f8e7c207bc445aa16791805964eb0,head,test,2,5,1751.6605,192.5901,0,65.966,39.603,1003,outlier,tbt,d69af31486
1cbeb68fab5f8e7c207bc445aa16791805964eb0,head,test,3,6,1797.9744,232.9542,0,65.04,39.776,992,ok,,d69af31486
1cbeb68fab5f8e7c207bc445aa16791805964eb0,head,test,4,9,1796.4181,232.7025,0,66.021,41.196,1036,ok,,d69af31486
ac1c0402eed29ddcc58f60c6dc844d08099d9ac6,base,test,0,0,1831.8345,237.0,0,67.067,41.801,948,ok,,d69af31486
ac1c0402eed29ddcc58f60c6dc844d08099d9ac6,base,test,1,3,1878.777,236.5,0,71.677,40.418,1118,outlier,lcpObs,d69af31486
ac1c0402eed29ddcc58f60c6dc844d08099d9ac6,base,test,2,4,1782.2467,247.5,0,64.453,40.642,946,ok,,d69af31486
ac1c0402eed29ddcc58f60c6dc844d08099d9ac6,base,test,3,7,1775.383,241,0,97.297,74.89,936,outlier,inp;tbtFlow,d69af31486
ac1c0402eed29ddcc58f60c6dc844d08099d9ac6,base,test,4,8,1826.773,238.5,0,70.472,41.126,944,ok,,d69af31486
ac1c0402eed29ddcc58f60c6dc844d08099d9ac6,head,test,0,1,1859.9825,241.5,0,93.633,71.781,1030,ok,,d69af31486
ac1c0402eed29ddcc58f60c6dc844d08099d9ac6,head,test,1,2,1877.4282,237,0,71.711,52.109,10796,outlier,lcpObs,d69af31486
ac1c0402eed29ddcc58f60c6dc844d08099d9ac6,head,test,2,5,1857.8655,238.0,0,65.35,39.809,1033,ok,,d69af31486
ac1c0402eed29ddcc58f60c6dc844d08099d9ac6,head,test,3,6,1823.5305,240,0,70.354,73.577,933,ok,,d69af31486
ac1c0402eed29ddcc58f60c6dc844d08099d9ac6,head,test,4,9,1825.2045,239.0,0,91.122,66.01,918,ok,,d69af31486
803e3d1144e7d17541b91b9ed90fbe2e7affe66b,base,test,0,0,1830.9245,237.5,0,69.337,41.883,1066,ok,,d69af31486
803e3d1144e7d17541b91b9ed90fbe2e7affe66b,base,test,1,3,1825.8645,239,0,72.565,42.329,954,ok,,d69af31486
803e3d1144e7d17541b91b9ed90fbe2e7affe66b,base,test,2,4,1819.321,238.5,0,70.323,44.06,923,ok,,d69af31486
803e3d1144e7d17541b91b9ed90fbe2e7affe66b,base,test,3,7,1829.435,241.0,0,70.437,42.484,930,ok,,d69af31486
803e3d1144e7d17541b91b9ed90fbe2e7affe66b,base,test,4,8,1868.5025,238.0,0,96.746,60.813,1024,outlier,inp,d69af31486
803e3d1144e7d17541b91b9ed90fbe2e7affe66b,head,test,0,1,1833.569,237.0,0,94.204,69.171,966,ok,,d69af31486
803e3d1144e7d17541b91b9ed90fbe2e7affe66b,head,test,1,2,1829.62,240.5,0,102.599,68.569,940,ok,,d69af31486
803e3d1144e7d17541b91b9ed90fbe2e7affe66b,head,test,2,5,1827.447,241.5,0,66.819,41.151,1042,outlier,lcpObs,d69af31486
803e3d1144e7d17541b91b9ed90fbe2e7affe66b,head,test,3,6,1779.1986,241.5,0,96.995,68.106,944,ok,,d69af31486
803e3d1144e7d17541b91b9ed90fbe2e7affe66b,head,test,4,9,1824.1595,232.5,0,75.631,41.885,935,ok,,d69af31486
04b130ac8364aa0fdf9b7425f20d5191cb874229,base,test,0,0,1851.636,234.5,0,97.082,62.391,1113,outlier,inp,d69af31486
04b130ac8364aa0fdf9b7425f20d5191cb874229,base,test,1,3,1785.9358,244.5,0,72.483,47.452,962,ok,,d69af31486
04b130ac8364aa0fdf9b7425f20d5191cb874229,base,test,2,4,1825.315,241,0,97.031,58.373,1258,outlier,inp;lcpObs,d69af31486
04b130ac8364aa0fdf9b7425f20d5191cb874229,base,test,3,7,1827.9825,238.5,0,69.784,42.203,938,ok,,d69af31486
04b130ac8364aa0fdf9b7425f20d5191cb874229,base,test,4,8,1819.1015,237.5,0,69.339,50.037,917,ok,,d69af31486
04b130ac8364aa0fdf9b7425f20d5191cb874229,head,test,0,1,1824.3075,237.0,0,64.834,41.362,924,ok,,d69af31486
04b130ac8364aa0fdf9b7425f20d5191cb874229,head,test,1,2,1820.9955,238,0,70.532,42.633,920,ok,,d69af31486
04b130ac8364aa0fdf9b7425f20d5191cb874229,head,test,2,5,1899.7365,236.5,0,100.342,55.943,1120,ok,,d69af31486
04b130ac8364aa0fdf9b7425f20d5191cb874229,head,test,3,6,1880.906,235.5,0,97.429,61.786,1156,ok,,d69af31486
04b130ac8364aa0fdf9b7425f20d5191cb874229,head,test,4,9,1854.11,233.5,0,88.91,65.117,1011,ok,,d69af31486
4d936d75e7509c52f8854c911b6819efbc9a3a84,base,test,0,0,1783.8094,250.8611,0,70.543,33.703,1011,outlier,lcpObs,d69af31486
4d936d75e7509c52f8854c911b6819efbc9a3a84,base,test,1,3,1854.0734,213.0356,0,70.648,33.785,1130,outlier,tbt,d69af31486
4d936d75e7509c52f8854c911b6819efbc9a3a84,base,test,2,4,1850.615,251.392,0,83.384,33.999,1124,ok,,d69af31486
4d936d75e7509c52f8854c911b6819efbc9a3a84,base,test,3,7,1832.0365,251.4075,0,71.701,36.305,1120,ok,,d69af31486
4d936d75e7509c52f8854c911b6819efbc9a3a84,base,test,4,8,1848.818,251.102,0,73.818,33.101,1145,ok,,d69af31486
4d936d75e7509c52f8854c911b6819efbc9a3a84,head,test,0,1,1794.0871,251.0307,0,77.206,49.788,1144,ok,,d69af31486
4d936d75e7509c52f8854c911b6819efbc9a3a84,head,test,1,2,1817.0474,250.9872,0,66.083,37.449,1092,ok,,d69af31486
4d936d75e7509c52f8854c911b6819efbc9a3a84,head,test,2,5,1859.8388,251.3877,0,85.599,41.425,1245,ok,,d69af31486
4d936d75e7509c52f8854c911b6819efbc9a3a84,head,test,3,6,1862.0807,251.4339,0,65.667,37.385,1151,ok,,d69af31486
4d936d75e7509c52f8854c911b6819efbc9a3a84,head,test,4,9,1795.1579,251.5086,0,73.354,40.875,1061,ok,,d69af31486
504eb4add66bb7d4e0ffea16d23813ceae63e76f,base,test,0,0,1786.3058,251.5526,0,76.071,38.095,1042,ok,,d69af31486
504eb4add66bb7d4e0ffea16d23813ceae63e76f,base,test,1,3,1796.968,251.3325,0,94.148,59.573,1069,ok,,d69af31486
504eb4add66bb7d4e0ffea16d23813ceae63e76f,base,test,2,4,1861.272,251.5265,0,89.733,70.976,1170,ok,,d69af31486
504eb4add66bb7d4e0ffea16d23813ceae63e76f,base,test,3,7,1813.6321,210.5687,0,96.717,59.14,1069,outlier,tbt,d69af31486
504eb4add66bb7d4e0ffea16d23813ceae63e76f,base,test,4,8,1807.2052,251.0309,0,94.835,57.357,1129,ok,,d69af31486
504eb4add66bb7d4e0ffea16d23813ceae63e76f,head,test,0,1,1790.4604,251.4818,0,90.89,59.218,1085,ok,,d69af31486
504eb4add66bb7d4e0ffea16d23813ceae63e76f,head,test,1,2,1789.4494,251.1908,0,91.752,57.919,1149,ok,,d69af31486
504eb4add66bb7d4e0ffea16d23813ceae63e76f,head,test,2,5,1817.3435,251.0482,0,91.111,57.122,1081,ok,,d69af31486
504eb4add66bb7d4e0ffea16d23813ceae63e76f,head,test,3,6,1812.0358,251.6871,0,92.897,58.656,1128,ok,,d69af31486
504eb4add66bb7d4e0ffea16d23813ceae63e76f,head,test,4,9,1857.8393,247.3397,0,101.889,55.87,1162,ok,,d69af31486
1e305aca4ecb5eaf20297f1786d63666df82d048,base,test,0,0,1877.258,251.6665,0,98.767,62.883,1423,ok,,d69af31486
1e305aca4ecb5eaf20297f1786d63666df82d048,base,test,1,3,1800.7579,251.2119,0,89.409,56.828,1069,ok,,d69af31486
1e305aca4ecb5eaf20297f1786d63666df82d048,base,test,2,4,1812.2853,251.2446,0,94.022,59.126,1036,ok,,d69af31486
1e305aca4ecb5eaf20297f1786d63666df82d048,base,test,3,7,1890.1823,250.9846,0,95.2,61.328,9466,outlier,lcpObs,d69af31486
1e305aca4ecb5eaf20297f1786d63666df82d048,base,test,4,8,1873.5505,251.306,0,101.281,60.527,10741,outlier,lcpObs,d69af31486
1e305aca4ecb5eaf20297f1786d63666df82d048,head,test,0,1,1805.3664,250.9315,0,94.88,62.101,1122,ok,,d69af31486
1e305aca4ecb5eaf20297f1786d63666df82d048,head,test,1,2,1817.8437,251.1392,0,101.298,53.649,1073,ok,,d69af31486
1e305aca4ecb5eaf20297f1786d63666df82d048,head,test,2,5,1806.7157,251.5411,0,101.952,55.352,1034,ok,,d69af31486
1e305aca4ecb5eaf20297f1786d63666df82d048,head,test,3,6,1857.8241,261.3784,0,101.446,53.803,1206,ok,,d69af31486
1e305aca4ecb5eaf20297f1786d63666df82d048,head,test,4,9,1819.6482,251.1808,0,96.407,60.147,1094,ok,,d69af31486
75ba4aa3dad770077fff196006ff96f7d0979de2,base,test,0,0,1855.5965,251.246,0,79.161,58.682,1388,ok,,d69af31486
75ba4aa3dad770077fff196006ff96f7d0979de2,base,test,1,3,1809.5693,253.1331,0,74.337,60.724,1060,ok,,d69af31486
75ba4aa3dad770077fff196006ff96f7d0979de2,base,test,2,4,1829.1831,297.7514,0,81.618,66.109,1141,outlier,tbt,d69af31486
75ba4aa3dad770077fff196006ff96f7d0979de2,base,test,3,7,1821.1251,251.3145,0,100.355,56.805,1165,ok,,d69af31486
75ba4aa3dad770077fff196006ff96f7d0979de2,base,test,4,8,1789.5297,251.7259,0,92.876,58.874,1350,ok,,d69af31486
75ba4aa3dad770077fff196006ff96f7d0979de2,head,test,0,1,1882.3719,210.5226,0,83.469,63.268,1244,outlier,tbt;lcpObs,d69af31486
75ba4aa3dad770077fff196006ff96f7d0979de2,head,test,1,2,1808.5323,251.3547,0,81.209,61.359,1065,ok,,d69af31486
75ba4aa3dad770077fff196006ff96f7d0979de2,head,test,2,5,1796.7333,251.7021,0,102.377,57.436,1101,outlier,inp,d69af31486
75ba4aa3dad770077fff196006ff96f7d0979de2,head,test,3,6,1823.1819,251.4658,0,80.951,59.66,1093,ok,,d69af31486
75ba4aa3dad770077fff196006ff96f7d0979de2,head,test,4,9,1805.6996,251.2549,0,78.139,43.147,1054,ok,,d69af31486
82bf09564c2fdaaeb8273c638ec1eb7e7e6eb3cb,base,test,0,0,1786.3129,251.448,0,81.563,61.393,1318,outlier,lcpObs,d69af31486
82bf09564c2fdaaeb8273c638ec1eb7e7e6eb3cb,base,test,1,3,1792.0858,251.3634,0,73.717,64.388,1061,ok,,d69af31486
82bf09564c2fdaaeb8273c638ec1eb7e7e6eb3cb,base,test,2,4,1852.392,251.3811,0,91.561,57.254,1143,ok,,d69af31486
82bf09564c2fdaaeb8273c638ec1eb7e7e6eb3cb,base,test,3,7,1807.4517,251.4502,0,76.613,36.059,1167,ok,,d69af31486
82bf09564c2fdaaeb8273c638ec1eb7e7e6eb3cb,base,test,4,8,1797.3447,251.1346,0,92.665,62.075,1090,ok,,d69af31486
82bf09564c2fdaaeb8273c638ec1eb7e7e6eb3cb,base,test,5,11,1856.8799,250.9777,0,74.023,72.303,10710,outlier,lcpObs,d69af31486
82bf09564c2fdaaeb8273c638ec1eb7e7e6eb3cb,base,test,6,12,1784.9888,209.1279,0,75.958,59.464,1112,outlier,tbt,d69af31486
82bf09564c2fdaaeb8273c638ec1eb7e7e6eb3cb,base,test,7,15,1799.6092,252.2761,0,97.152,60.393,1091,ok,,d69af31486
82bf09564c2fdaaeb8273c638ec1eb7e7e6eb3cb,base,test,8,16,1795.2726,252.5637,0,102.361,55.243,1065,ok,,d69af31486
82bf09564c2fdaaeb8273c638ec1eb7e7e6eb3cb,base,test,9,19,1818.5658,251.3607,0,96.437,63.581,1087,ok,,d69af31486
82bf09564c2fdaaeb8273c638ec1eb7e7e6eb3cb,base,test,10,20,1823.0683,211.6836,0,94.365,67.505,1144,outlier,tbt,d69af31486
82bf09564c2fdaaeb8273c638ec1eb7e7e6eb3cb,base,test,11,23,1790.0267,251.3594,0,91.083,56.859,1043,ok,,d69af31486
82bf09564c2fdaaeb8273c638ec1eb7e7e6eb3cb,base,test,12,24,1829.6528,251.7977,0,95.379,58.253,1081,ok,,d69af31486
82bf09564c2fdaaeb8273c638ec1eb7e7e6eb3cb,base,test,13,27,1809.7376,251.41,0,103.342,52.426,1052,ok,,d69af31486
82bf09564c2fdaaeb8273c638ec1eb7e7e6eb3cb,base,test,14,28,1880.6613,251.2072,0,77.398,56.562,10654,outlier,lcpObs,d69af31486
82bf09564c2fdaaeb8273c638ec1eb7e7e6eb3cb,head,test,0,1,1861.0055,251.4472,0,89.029,59.471,1423,ok,,d69af31486
82bf09564c2fdaaeb8273c638ec1eb7e7e6eb3cb,head,test,1,2,1785.6195,254.1155,0,96.656,60.286,1055,ok,,d69af31486
82bf09564c2fdaaeb8273c638ec1eb7e7e6eb3cb,head,test,2,5,1862.3095,251.419,0,102.867,57.678,1187,ok,,d69af31486
82bf09564c2fdaaeb8273c638ec1eb7e7e6eb3cb,head,test,3,6,1859.2568,251.2224,0,81.601,53.419,1204,ok,,d69af31486
82bf09564c2fdaaeb8273c638ec1eb7e7e6eb3cb,head,test,4,9,1800.9272,251.4546,0,100.544,58.32,1087,ok,,d69af31486
82bf09564c2fdaaeb8273c638ec1eb7e7e6eb3cb,head,test,5,10,1842.5112,251.0924,0,92.735,59.836,1172,ok,,d69af31486
82bf09564c2fdaaeb8273c638ec1eb7e7e6eb3cb,head,test,6,13,1862.1066,251.5989,0,93.761,66.571,1165,ok,,d69af31486
82bf09564c2fdaaeb8273c638ec1eb7e7e6eb3cb,head,test,7,14,1787.8214,251.1713,0,94.174,58.71,1332,ok,,d69af31486
82bf09564c2fdaaeb8273c638ec1eb7e7e6eb3cb,head,test,8,17,1808.8861,251.3986,0,94.741,66.798,1045,ok,,d69af31486
82bf09564c2fdaaeb8273c638ec1eb7e7e6eb3cb,head,test,9,18,1760.2839,251.3806,0,94.376,60.958,1036,ok,,d69af31486
82bf09564c2fdaaeb8273c638ec1eb7e7e6eb3cb,head,test,10,21,1838.3388,209.1521,0,96.51,61.284,1169,outlier,tbt,d69af31486
82bf09564c2fdaaeb8273c638ec1eb7e7e6eb3cb,head,test,11,22,1865.0967,251.3289,0,101.884,54.236,1240,ok,,d69af31486
82bf09564c2fdaaeb8273c638ec1eb7e7e6eb3cb,head,test,12,25,1866.5094,251.2824,0,92.363,61.995,1195,ok,,d69af31486
82bf09564c2fdaaeb8273c638ec1eb7e7e6eb3cb,head,test,13,26,1840.1847,251.0521,0,95.301,60.655,1165,ok,,d69af31486
82bf09564c2fdaaeb8273c638ec1eb7e7e6eb3cb,head,test,14,29,1780.5389,251.1463,0,101.858,55.025,1033,ok,,d69af31486
d54fed24bb4154514ba07f9299d0fcd0c669f86d,base,test,0,0,1806.1501,251.5257,0,82.174,59.075,1110,ok,,d69af31486
d54fed24bb4154514ba07f9299d0fcd0c669f86d,base,test,1,3,1811.4323,254.2732,0,93.066,61.555,1059,ok,,d69af31486
d54fed24bb4154514ba07f9299d0fcd0c669f86d,base,test,2,4,1788.6257,251.2379,0,96.098,60.908,1059,ok,,d69af31486
d54fed24bb4154514ba07f9299d0fcd0c669f86d,base,test,3,7,1818.9768,251.0327,0,77.489,55.363,1092,ok,,d69af31486
d54fed24bb4154514ba07f9299d0fcd0c669f86d,base,test,4,8,1811.518,251.346,0,92.056,67.333,1039,ok,,d69af31486
d54fed24bb4154514ba07f9299d0fcd0c669f86d,base,test,5,11,1804.7288,251.0051,0,100.644,53.23,1213,ok,,d69af31486
d54fed24bb4154514ba07f9299d0fcd0c669f86d,base,test,6,12,1812.0505,251.2235,0,100.285,58.735,1081,ok,,d69af31486
d54fed24bb4154514ba07f9299d0fcd0c669f86d,base,test,7,15,1848.7272,251.1001,0,83.273,67.379,1191,ok,,d69af31486
d54fed24bb4154514ba07f9299d0fcd0c669f86d,base,test,8,16,1817.4847,209.2296,0,100.045,55.686,1090,outlier,tbt,d69af31486
d54fed24bb4154514ba07f9299d0fcd0c669f86d,base,test,9,19,1812.5865,251.2883,0,96.682,62.353,1142,ok,,d69af31486
d54fed24bb4154514ba07f9299d0fcd0c669f86d,base,test,10,20,1819.6345,251.2943,0,93.487,62.574,1157,ok,,d69af31486
d54fed24bb4154514ba07f9299d0fcd0c669f86d,base,test,11,23,1815.1519,251.1559,0,99.923,60.932,1046,ok,,d69af31486
d54fed24bb4154514ba07f9299d0fcd0c669f86d,base,test,12,24,1807.9365,251.3043,0,101.987,58.905,1062,ok,,d69af31486
d54fed24bb4154514ba07f9299d0fcd0c669f86d,base,test,13,27,1875.0434,211.4306,0,90.677,60.637,1228,outlier,tbt,d69af31486
d54fed24bb4154514ba07f9299d0fcd0c669f86d,base,test,14,28,1851.8048,252.7256,0,92.194,61.693,1251,ok,,d69af31486
d54fed24bb4154514ba07f9299d0fcd0c669f86d,head,test,0,1,1859.7838,251.0372,0,88.098,56.693,1186,ok,,d69af31486
d54fed24bb4154514ba07f9299d0fcd0c669f86d,head,test,1,2,1868.896,251.2994,0,96.294,68.93,1469,outlier,lcpObs,d69af31486
d54fed24bb4154514ba07f9299d0fcd0c669f86d,head,test,2,5,1852.7573,251.4957,0,98.196,64.164,1132,ok,,d69af31486
d54fed24bb4154514ba07f9299d0fcd0c669f86d,head,test,3,6,1800.3837,251.1849,0,100.551,54.807,1101,ok,,d69af31486
d54fed24bb4154514ba07f9299d0fcd0c669f86d,head,test,4,9,1865.2993,251.1957,0,75.881,61.725,10745,outlier,inp;lcpObs,d69af31486
d54fed24bb4154514ba07f9299d0fcd0c669f86d,head,test,5,10,1839.3566,255.5414,0,98.391,61.72,1136,ok,,d69af31486
d54fed24bb4154514ba07f9299d0fcd0c669f86d,head,test,6,13,1796.1271,251.5012,0,94.737,59.937,1073,ok,,d69af31486
d54fed24bb4154514ba07f9299d0fcd0c669f86d,head,test,7,14,1818.4066,251.2575,0,74.463,34.529,1081,outlier,inp,d69af31486
d54fed24bb4154514ba07f9299d0fcd0c669f86d,head,test,8,17,1792.6076,251.411,0,89.372,58.609,1045,ok,,d69af31486
d54fed24bb4154514ba07f9299d0fcd0c669f86d,head,test,9,18,1813.0048,251.5686,0,97.037,63.832,1133,ok,,d69af31486
d54fed24bb4154514ba07f9299d0fcd0c669f86d,head,test,10,21,1808.4156,251.0744,0,97.499,62.506,1045,ok,,d69af31486
d54fed24bb4154514ba07f9299d0fcd0c669f86d,head,test,11,22,1813.4325,251.2935,0,96.347,62.266,1065,ok,,d69af31486
d54fed24bb4154514ba07f9299d0fcd0c669f86d,head,test,12,25,1794.3614,251.3451,0,92.472,62.24,1057,ok,,d69af31486
d54fed24bb4154514ba07f9299d0fcd0c669f86d,head,test,13,26,1810.1266,251.1671,0,103.114,54.75,1054,ok,,d69af31486
d54fed24bb4154514ba07f9299d0fcd0c669f86d,head,test,14,29,1822.9489,252.4164,0,95.887,69.285,1076,ok,,d69af31486
2cce2f393ed87ad7a2999c0aa0456d3e3af425cd,base,test,0,0,1806.9922,251.2421,0,96.248,127.296,1035,ok,,d69af31486
2cce2f393ed87ad7a2999c0aa0456d3e3af425cd,base,test,1,3,1876.0532,251.2914,0,96.069,123.429,1265,outlier,lcpObs,d69af31486
2cce2f393ed87ad7a2999c0aa0456d3e3af425cd,base,test,2,4,1799.6239,254.8161,0,101.736,119.919,1062,ok,,d69af31486
2cce2f393ed87ad7a2999c0aa0456d3e3af425cd,base,test,3,7,1810.0824,251.247,0,96.479,129.01,1079,ok,,d69af31486
2cce2f393ed87ad7a2999c0aa0456d3e3af425cd,base,test,4,8,1821.9975,251.6577,0,107.335,126.53,1087,ok,,d69af31486
2cce2f393ed87ad7a2999c0aa0456d3e3af425cd,head,test,0,1,1857.5719,253.2716,0,104.149,119.203,1193,ok,,d69af31486
2cce2f393ed87ad7a2999c0aa0456d3e3af425cd,head,test,1,2,1780.0016,251.32,0,105.323,130.505,1037,ok,,d69af31486
2cce2f393ed87ad7a2999c0aa0456d3e3af425cd,head,test,2,5,1857.4465,251.674,0,111.208,134.403,1165,ok,,d69af31486
2cce2f393ed87ad7a2999c0aa0456d3e3af425cd,head,test,3,6,1813.4784,251.7335,0,105.648,115.624,1125,ok,,d69af31486
2cce2f393ed87ad7a2999c0aa0456d3e3af425cd,head,test,4,9,1790.8639,251.358,0,95.354,117.337,1196,ok,,d69af31486
83e90e1e305740784a1fe47c0b20d1cd2205396b,base,test,0,0,2249.8595,173.9551,0,66.339,98.291,7144,outlier,lcpObs,d69af31486
83e90e1e305740784a1fe47c0b20d1cd2205396b,base,test,1,3,2308.4605,210.7863,0,98.611,94.733,1145,outlier,tbt;inp,d69af31486
83e90e1e305740784a1fe47c0b20d1cd2205396b,base,test,2,4,2245.1095,177.1434,0,66.007,99.956,1101,ok,,d69af31486
83e90e1e305740784a1fe47c0b20d1cd2205396b,base,test,3,7,2318.9915,171.1342,0,69.859,103.045,1532,outlier,lcpObs,d69af31486
83e90e1e305740784a1fe47c0b20d1cd2205396b,base,test,4,8,2247.1165,170.9802,0,66.06,108.828,1103,ok,,d69af31486
83e90e1e305740784a1fe47c0b20d1cd2205396b,base,test,5,11,2252.9855,174.7896,0,66.243,103.919,1125,ok,,d69af31486
83e90e1e305740784a1fe47c0b20d1cd2205396b,base,test,6,12,2271.9235,170.9291,0,109.417,92.812,1204,outlier,inp,d69af31486
83e90e1e305740784a1fe47c0b20d1cd2205396b,base,test,7,15,2295.598,170.925,0,65.938,95.8,1191,ok,,d69af31486
83e90e1e305740784a1fe47c0b20d1cd2205396b,base,test,8,16,2250.629,171.0824,0,65.705,85.271,1398,outlier,lcpObs,d69af31486
83e90e1e305740784a1fe47c0b20d1cd2205396b,base,test,9,19,2252.796,171.0308,0,107.583,99.176,1111,outlier,inp,d69af31486
83e90e1e305740784a1fe47c0b20d1cd2205396b,base,test,10,20,2249.06,171.8968,0,86.949,106.816,1183,ok,,d69af31486
83e90e1e305740784a1fe47c0b20d1cd2205396b,base,test,11,23,2285.552,170.9298,0,107.347,99.93,1165,outlier,inp,d69af31486
83e90e1e305740784a1fe47c0b20d1cd2205396b,base,test,12,24,2270.726,175.8295,0,97.848,98.819,1119,outlier,inp,d69af31486
83e90e1e305740784a1fe47c0b20d1cd2205396b,base,test,13,27,2271.9055,170.7507,0,66.118,86.188,1159,ok,,d69af31486
83e90e1e305740784a1fe47c0b20d1cd2205396b,base,test,14,28,2224.617,170.9407,0,67.278,99.479,1086,ok,,d69af31486
83e90e1e305740784a1fe47c0b20d1cd2205396b,head,test,0,1,1808.6162,251.6874,0,109.236,114.914,1077,ok,,d69af31486
83e90e1e305740784a1fe47c0b20d1cd2205396b,head,test,1,2,1790.9439,211.1956,0,102.321,124.394,1060,outlier,tbt,d69af31486
83e90e1e305740784a1fe47c0b20d1cd2205396b,head,test,2,5,1845.7407,251.2108,0,94.273,123.02,1137,ok,,d69af31486
83e90e1e305740784a1fe47c0b20d1cd2205396b,head,test,3,6,1814.6305,254.4493,0,105.743,121.897,1134,ok,,d69af31486
83e90e1e305740784a1fe47c0b20d1cd2205396b,head,test,4,9,1812.9196,251.5265,0,97.511,123.427,1148,ok,,d69af31486
83e90e1e305740784a1fe47c0b20d1cd2205396b,head,test,5,10,1872.953,251.14,0,106.719,129.755,1229,ok,,d69af31486
83e90e1e305740784a1fe47c0b20d1cd2205396b,head,test,6,13,1779.8245,251.1838,0,93.739,126.66,1041,ok,,d69af31486
83e90e1e305740784a1fe47c0b20d1cd2205396b,head,test,7,14,1820.3545,253.861,0,93.611,126.242,1091,ok,,d69af31486
83e90e1e305740784a1fe47c0b20d1cd2205396b,head,test,8,17,1812.4744,251.3879,0,105.353,118.693,1051,ok,,d69af31486
83e90e1e305740784a1fe47c0b20d1cd2205396b,head,test,9,18,1782.1432,253.6354,0,103.543,121.62,1031,ok,,d69af31486
83e90e1e305740784a1fe47c0b20d1cd2205396b,head,test,10,21,1810.4058,251.0734,0,103.381,118.935,1122,ok,,d69af31486
83e90e1e305740784a1fe47c0b20d1cd2205396b,head,test,11,22,1858.8915,251.241,0,95.378,119.738,1164,ok,,d69af31486
83e90e1e305740784a1fe47c0b20d1cd2205396b,head,test,12,25,1812.4104,250.9372,0,108.251,123.191,1040,ok,,d69af31486
83e90e1e305740784a1fe47c0b20d1cd2205396b,head,test,13,26,1895.0365,251.0205,0,103.878,124.516,1532,outlier,lcpObs,d69af31486
83e90e1e305740784a1fe47c0b20d1cd2205396b,head,test,14,29,1822.7605,252.7658,0,105.853,123.263,1040,ok,,d69af31486
f986572a1ca9dc58fa8403b71c97d72e8be8827c,base,test,0,0,1882.738,251.274,0,102.985,121.215,1336,outlier,lcpObs,d69af31486
f986572a1ca9dc58fa8403b71c97d72e8be8827c,base,test,1,3,1799.6372,251.4204,0,106.51,129.848,1078,ok,,d69af31486
f986572a1ca9dc58fa8403b71c97d72e8be8827c,base,test,2,4,1808.8332,251.4169,0,96.435,123.392,1110,ok,,d69af31486
f986572a1ca9dc58fa8403b71c97d72e8be8827c,base,test,3,7,1812.3464,251.7265,0,108.744,118.903,1097,ok,,d69af31486
f986572a1ca9dc58fa8403b71c97d72e8be8827c,base,test,4,8,1801.3124,251.5968,0,99.618,116.553,1193,ok,,d69af31486
f986572a1ca9dc58fa8403b71c97d72e8be8827c,head,test,0,1,1817.1731,251.3564,0.0,106.66,132.584,1117,ok,,d69af31486
f986572a1ca9dc58fa8403b71c97d72e8be8827c,head,test,1,2,1818.7325,255.7312,0,110.3,129.64,1145,ok,,d69af31486
f986572a1ca9dc58fa8403b71c97d72e8be8827c,head,test,2,5,1812.2632,251.0789,0,99.585,122.536,1056,ok,,d69af31486
f986572a1ca9dc58fa8403b71c97d72e8be8827c,head,test,3,6,1871.9942,251.2373,0,97.008,125.062,1165,ok,,d69af31486
f986572a1ca9dc58fa8403b71c97d72e8be8827c,head,test,4,9,1783.6993,251.4873,0,98.049,123.52,1035,ok,,d69af31486
edc7d22bd77ba9cf578c90a2ff392489f63323cf,base,test,0,0,1820.5655,251.3687,0,102.509,120.96,1133,ok,,d69af31486
edc7d22bd77ba9cf578c90a2ff392489f63323cf,base,test,1,3,1804.2519,251.3948,0,98.964,137.191,1073,ok,,d69af31486
edc7d22bd77ba9cf578c90a2ff392489f63323cf,base,test,2,4,1840.4829,251.3066,0,102.34,119.311,1175,ok,,d69af31486
edc7d22bd77ba9cf578c90a2ff392489f63323cf,base,test,3,7,1796.3171,251.2187,0,107.949,122.85,1073,ok,,d69af31486
edc7d22bd77ba9cf578c90a2ff392489f63323cf,base,test,4,8,1787.6683,251.3103,0,93.779,122.148,1030,ok,,d69af31486
edc7d22bd77ba9cf578c90a2ff392489f63323cf,head,test,0,1,1819.751,251.3015,0,97.103,126.726,1131,ok,,d69af31486
edc7d22bd77ba9cf578c90a2ff392489f63323cf,head,test,1,2,1814.6905,251.4103,0,102.468,125.789,1035,ok,,d69af31486
edc7d22bd77ba9cf578c90a2ff392489f63323cf,head,test,2,5,1873.5413,251.3769,0,107.95,134.703,10776,outlier,lcpObs,d69af31486
edc7d22bd77ba9cf578c90a2ff392489f63323cf,head,test,3,6,1815.9855,251.3938,0,99.636,118.694,1033,ok,,d69af31486
edc7d22bd77ba9cf578c90a2ff392489f63323cf,head,test,4,9,1819.9558,251.3741,0,96.557,126.877,1155,ok,,d69af31486
4d835ed396bec30af4368563100137eee9bbe13a,base,test,0,0,1779.4673,248.9581,0,98.317,121.64,1145,ok,,d69af31486
4d835ed396bec30af4368563100137eee9bbe13a,base,test,1,3,1813.7863,251.895,0,96.329,120.346,1028,ok,,d69af31486
4d835ed396bec30af4368563100137eee9bbe13a,base,test,2,4,1877.4655,251.644,0,98.808,117.63,1211,ok,,d69af31486
4d835ed396bec30af4368563100137eee9bbe13a,base,test,3,7,1860.3627,251.5182,0,98.727,122.012,1133,ok,,d69af31486
4d835ed396bec30af4368563100137eee9bbe13a,base,test,4,8,1808.0982,251.1552,0,102.497,118.488,1055,ok,,d69af31486
4d835ed396bec30af4368563100137eee9bbe13a,head,test,0,1,1806.2832,251.4407,0,98.458,140.154,1078,ok,,d69af31486
4d835ed396bec30af4368563100137eee9bbe13a,head,test,1,2,1784.865,251.4343,0,108.736,117.876,1021,ok,,d69af31486
4d835ed396bec30af4368563100137eee9bbe13a,head,test,2,5,1872.6661,251.4224,0,102.381,122.007,1185,ok,,d69af31486
4d835ed396bec30af4368563100137eee9bbe13a,head,test,3,6,1805.1749,251.0548,0,100.604,124.435,1108,ok,,d69af31486
4d835ed396bec30af4368563100137eee9bbe13a,head,test,4,9,1804.936,251.1887,0,99.747,126.442,1028,ok,,d69af31486
b0083066286b5d3b778316e51f6495958d3cfd13,base,test,0,0,1850.8345,251.5254,0,111.761,121.141,1394,outlier,lcpObs,d69af31486
b0083066286b5d3b778316e51f6495958d3cfd13,base,test,1,3,1810.7695,251.5003,0,106.637,131.588,1100,ok,,d69af31486
b0083066286b5d3b778316e51f6495958d3cfd13,base,test,2,4,1804.0007,251.3707,0,103.71,115.912,1106,ok,,d69af31486
b0083066286b5d3b778316e51f6495958d3cfd13,base,test,3,7,1812.8071,251.3404,0,119.945,117.085,1056,ok,,d69af31486
b0083066286b5d3b778316e51f6495958d3cfd13,base,test,4,8,1875.8325,251.1737,0,100.667,124.384,1398,outlier,lcpObs,d69af31486
b0083066286b5d3b778316e51f6495958d3cfd13,head,test,0,1,1903.6668,210.1279,0,99.256,117.539,1250,outlier,lcp;tbt,d69af31486
b0083066286b5d3b778316e51f6495958d3cfd13,head,test,1,2,1811.6849,251.4278,0,100.967,207.642,1137,outlier,tbtFlow,d69af31486
b0083066286b5d3b778316e51f6495958d3cfd13,head,test,2,5,1830.3708,251.1997,0,106.146,116.135,1104,ok,,d69af31486
b0083066286b5d3b778316e51f6495958d3cfd13,head,test,3,6,1807.7164,251.0988,0,103.668,117.106,1022,ok,,d69af31486
b0083066286b5d3b778316e51f6495958d3cfd13,head,test,4,9,1785.1678,251.3823,0,94.195,118.773,1034,ok,,d69af31486
a8875f860f042288063db6a1174beaaa32e47549,base,test,0,0,1846.168,250.8443,0,99.15,118.11,1431,outlier,lcpObs,d69af31486
a8875f860f042288063db6a1174beaaa32e47549,base,test,1,3,1788.4077,251.4307,0,102.733,118.156,1055,ok,,d69af31486
a8875f860f042288063db6a1174beaaa32e47549,base,test,2,4,1808.3878,251.1676,0,93.33,121.803,1040,ok,,d69af31486
a8875f860f042288063db6a1174beaaa32e47549,base,test,3,7,1786.0883,251.3789,0,99.197,128.656,1332,outlier,lcpObs,d69af31486
a8875f860f042288063db6a1174beaaa32e47549,base,test,4,8,1791.5362,251.1109,0,97.953,125.659,1072,ok,,d69af31486
a8875f860f042288063db6a1174beaaa32e47549,head,test,0,1,1806.8747,251.1096,0,93.315,124.158,1029,outlier,lcpObs,d69af31486
a8875f860f042288063db6a1174beaaa32e47549,head,test,1,2,1814.5743,251.2244,0,111.498,134.817,1058,outlier,lcpObs,d69af31486
a8875f860f042288063db6a1174beaaa32e47549,head,test,2,5,1812.2575,251.4683,0,119.607,129.854,1132,ok,,d69af31486
a8875f860f042288063db6a1174beaaa32e47549,head,test,3,6,1852.2604,251.2125,0,100.708,121.273,1130,ok,,d69af31486
a8875f860f042288063db6a1174beaaa32e47549,head,test,4,9,1826.861,255.7812,0,104.77,123.849,1132,ok,,d69af31486
ddc0d2e0e386200ddf0be0a8a985850d7f78f96f,base,test,0,0,1873.108,251.3885,0,95.139,121.595,7259,outlier,lcpObs,d69af31486
ddc0d2e0e386200ddf0be0a8a985850d7f78f96f,base,test,1,3,1830.216,251.2248,0,101.873,114.738,1134,ok,,d69af31486
ddc0d2e0e386200ddf0be0a8a985850d7f78f96f,base,test,2,4,1840.8632,251.4929,0,100.141,119.609,1151,ok,,d69af31486
ddc0d2e0e386200ddf0be0a8a985850d7f78f96f,base,test,3,7,1852.803,251.62,0,97.577,128.843,1418,ok,,d69af31486
ddc0d2e0e386200ddf0be0a8a985850d7f78f96f,base,test,4,8,1808.9087,251.1168,0,110.649,117.284,1054,ok,,d69af31486
ddc0d2e0e386200ddf0be0a8a985850d7f78f96f,head,test,0,1,1795.6605,251.28,0,102.334,115.655,1072,ok,,d69af31486
ddc0d2e0e386200ddf0be0a8a985850d7f78f96f,head,test,1,2,1877.2512,251.3183,0,97.845,120.712,1176,ok,,d69af31486
ddc0d2e0e386200ddf0be0a8a985850d7f78f96f,head,test,2,5,1814.3343,253.8125,0,93.909,116.976,1057,ok,,d69af31486
ddc0d2e0e386200ddf0be0a8a985850d7f78f96f,head,test,3,6,1809.782,251.0372,0,97.513,124.635,1118,ok,,d69af31486
ddc0d2e0e386200ddf0be0a8a985850d7f78f96f,head,test,4,9,1815.8632,251.2806,0,100.181,118.512,1136,ok,,d69af31486
74ae09e25ef81b1f72b87b45d39ce3589cc224f9,base,test,0,0,1793.7994,251.5746,0,94.46,128.513,1077,ok,,d69af31486
74ae09e25ef81b1f72b87b45d39ce3589cc224f9,base,test,1,3,1779.6026,251.2787,0,107.332,127.45,1024,ok,,d69af31486
74ae09e25ef81b1f72b87b45d39ce3589cc224f9,base,test,2,4,1827.938,251.378,0,92.274,121.334,1130,ok,,d69af31486
74ae09e25ef81b1f72b87b45d39ce3589cc224f9,base,test,3,7,1828.6401,251.3229,0,94.573,121.246,1134,ok,,d69af31486
74ae09e25ef81b1f72b87b45d39ce3589cc224f9,base,test,4,8,1881.521,251.1954,0,101.821,124.031,1512,outlier,lcpObs,d69af31486
74ae09e25ef81b1f72b87b45d39ce3589cc224f9,head,test,0,1,1882.3395,251.6884,0,100.051,120.325,1273,ok,,d69af31486
74ae09e25ef81b1f72b87b45d39ce3589cc224f9,head,test,1,2,1803.5018,251.1642,0,103.697,132.282,1295,ok,,d69af31486
74ae09e25ef81b1f72b87b45d39ce3589cc224f9,head,test,2,5,1855.7007,250.9983,0,99.346,124.705,1163,ok,,d69af31486
74ae09e25ef81b1f72b87b45d39ce3589cc224f9,head,test,3,6,1788.7013,251.4134,0,103.791,125.613,1036,ok,,d69af31486
74ae09e25ef81b1f72b87b45d39ce3589cc224f9,head,test,4,9,1787.1915,251.1997,0,103.056,123.731,1073,ok,,d69af31486
1f7eb06616d1a5f3d89e62a236d21ab4c62a5db6,base,test,0,0,1798.4788,251.3429,0,110.569,133.984,1073,ok,,d69af31486
1f7eb06616d1a5f3d89e62a236d21ab4c62a5db6,base,test,1,3,1822.8574,251.5297,0,94.157,117.894,1170,ok,,d69af31486
1f7eb06616d1a5f3d89e62a236d21ab4c62a5db6,base,test,2,4,1872.3813,211.0942,0,102.23,133.989,1193,outlier,tbt,d69af31486
1f7eb06616d1a5f3d89e62a236d21ab4c62a5db6,base,test,3,7,1881.2798,251.3102,0,107.816,118.548,1335,ok,,d69af31486
1f7eb06616d1a5f3d89e62a236d21ab4c62a5db6,base,test,4,8,1822.6401,251.3637,0,103.539,117.013,1071,ok,,d69af31486
1f7eb06616d1a5f3d89e62a236d21ab4c62a5db6,head,test,0,1,1779.011,251.1388,0,96.934,122.259,1012,ok,,d69af31486
1f7eb06616d1a5f3d89e62a236d21ab4c62a5db6,head,test,1,2,1817.5309,251.1867,0,98.297,117.348,1076,ok,,d69af31486
1f7eb06616d1a5f3d89e62a236d21ab4c62a5db6,head,test,2,5,1817.3926,251.4163,0,97.974,119.992,1034,ok,,d69af31486
1f7eb06616d1a5f3d89e62a236d21ab4c62a5db6,head,test,3,6,1810.1623,251.5698,0,98.56,121.059,1126,ok,,d69af31486
1f7eb06616d1a5f3d89e62a236d21ab4c62a5db6,head,test,4,9,1806.983,251.2452,0,75.704,114.152,1044,outlier,inp,d69af31486
515caf01eead68e161ec391e4e18d8c93cf2d998,base,test,0,0,1819.8218,251.4777,0,103.186,126.765,1172,ok,,d69af31486
515caf01eead68e161ec391e4e18d8c93cf2d998,base,test,1,3,1819.3244,210.918,0,100.044,138.995,1062,outlier,tbt,d69af31486
515caf01eead68e161ec391e4e18d8c93cf2d998,base,test,2,4,1812.6635,252.5364,0,94.408,122.111,1323,outlier,lcpObs,d69af31486
515caf01eead68e161ec391e4e18d8c93cf2d998,base,test,3,7,1862.028,251.21,0,98.473,135.296,1153,ok,,d69af31486
515caf01eead68e161ec391e4e18d8c93cf2d998,base,test,4,8,1811.8081,251.2625,0,96.238,126.577,1132,ok,,d69af31486
515caf01eead68e161ec391e4e18d8c93cf2d998,head,test,0,1,1818.8284,251.5205,0,106.569,115.559,1099,ok,,d69af31486
515caf01eead68e161ec391e4e18d8c93cf2d998,head,test,1,2,1853.4064,259.4886,0,100.654,122.589,1153,ok,,d69af31486
515caf01eead68e161ec391e4e18d8c93cf2d998,head,test,2,5,1784.1204,251.2473,0,99.791,119.752,1032,ok,,d69af31486
515caf01eead68e161ec391e4e18d8c93cf2d998,head,test,3,6,1796.1058,251.2958,0,97.546,123.133,1071,ok,,d69af31486
515caf01eead68e161ec391e4e18d8c93cf2d998,head,test,4,9,1848.1689,251.1636,0,103.545,117.71,1125,ok,,d69af31486
e698a6fa8c1ae66583633b4987a78eb411de2663,base,test,0,0,1856.7263,251.0582,0,100.772,122.472,1247,outlier,lcpObs,d69af31486
e698a6fa8c1ae66583633b4987a78eb411de2663,base,test,1,3,1787.6209,251.0956,0,99.823,119.524,1042,ok,,d69af31486
e698a6fa8c1ae66583633b4987a78eb411de2663,base,test,2,4,1804.9813,253.1661,0,96.724,115.331,1075,ok,,d69af31486
e698a6fa8c1ae66583633b4987a78eb411de2663,base,test,3,7,1785.6064,251.6461,0,95.962,112.629,1023,ok,,d69af31486
e698a6fa8c1ae66583633b4987a78eb411de2663,base,test,4,8,1819.5486,251.6787,0,104.832,119.656,1110,ok,,d69af31486
e698a6fa8c1ae66583633b4987a78eb411de2663,head,test,0,1,1849.3096,251.3879,0,104.66,119.006,1111,ok,,d69af31486
e698a6fa8c1ae66583633b4987a78eb411de2663,head,test,1,2,1805.0262,251.2408,0,94.87,130.871,1031,ok,,d69af31486
e698a6fa8c1ae66583633b4987a78eb411de2663,head,test,2,5,1777.5028,251.3223,0,107.457,124.161,1154,ok,,d69af31486
e698a6fa8c1ae66583633b4987a78eb411de2663,head,test,3,6,1790.6178,251.5534,0,106.559,117.324,1046,ok,,d69af31486
e698a6fa8c1ae66583633b4987a78eb411de2663,head,test,4,9,1789.2039,251.4065,0,91.663,119.122,1147,ok,,d69af31486
2f00391a84b3375d13aa6d5a03221d6b99515c9d,base,test,0,0,1806.6426,251.3007,0,102.996,120.994,1112,ok,,d69af31486
2f00391a84b3375d13aa6d5a03221d6b99515c9d,base,test,1,3,1787.9734,251.468,0,104.087,119.741,1038,ok,,d69af31486
2f00391a84b3375d13aa6d5a03221d6b99515c9d,base,test,2,4,1813.7015,251.052,0,97.731,122.509,1142,ok,,d69af31486
2f00391a84b3375d13aa6d5a03221d6b99515c9d,base,test,3,7,1791.6582,251.7609,0,92.893,115.069,1042,ok,,d69af31486
2f00391a84b3375d13aa6d5a03221d6b99515c9d,base,test,4,8,1988.9197,95.6254,0,103.876,121.177,1091,outlier,lcp;tbt,d69af31486
2f00391a84b3375d13aa6d5a03221d6b99515c9d,head,test,0,1,1783.2773,251.3438,0,108.605,109.041,1007,ok,,d69af31486
2f00391a84b3375d13aa6d5a03221d6b99515c9d,head,test,1,2,1861.8948,251.4386,0,105.138,118.855,1200,ok,,d69af31486
2f00391a84b3375d13aa6d5a03221d6b99515c9d,head,test,2,5,1826.0595,251.5125,0,102.782,109.332,1083,ok,,d69af31486
2f00391a84b3375d13aa6d5a03221d6b99515c9d,head,test,3,6,1810.8457,251.2408,0,106.927,112.272,1050,ok,,d69af31486
2f00391a84b3375d13aa6d5a03221d6b99515c9d,head,test,4,9,1830.6695,259.2719,0,91.616,109.696,1199,ok,,d69af31486
d77d15ed71e986b7cd990a0df9bf0931b85499b1,base,test,0,0,1803.2406,251.2679,0,100.928,111.166,1113,ok,,d69af31486
d77d15ed71e986b7cd990a0df9bf0931b85499b1,base,test,1,3,1814.5383,251.5253,0,98.94,112.829,1019,ok,,d69af31486
d77d15ed71e986b7cd990a0df9bf0931b85499b1,base,test,2,4,1806.475,251.1611,0,92.28,107.357,1016,ok,,d69af31486
d77d15ed71e986b7cd990a0df9bf0931b85499b1,base,test,3,7,1785.8846,251.2794,0,94.77,129.228,1027,ok,,d69af31486
d77d15ed71e986b7cd990a0df9bf0931b85499b1,base,test,4,8,1796.7384,255.194,0,90.758,110.039,990,ok,,d69af31486
d77d15ed71e986b7cd990a0df9bf0931b85499b1,base,test,5,11,1834.7959,251.3468,0,94.279,105.702,1109,ok,,d69af31486
d77d15ed71e986b7cd990a0df9bf0931b85499b1,base,test,6,12,1807.1128,251.0831,0,90.723,103.644,1171,outlier,lcpObs,d69af31486
d77d15ed71e986b7cd990a0df9bf0931b85499b1,base,test,7,15,1809.8328,251.5474,0,95.927,105.712,1082,ok,,d69af31486
d77d15ed71e986b7cd990a0df9bf0931b85499b1,base,test,8,16,1817.4435,291.272,0,98.294,105.552,1117,outlier,tbt,d69af31486
d77d15ed71e986b7cd990a0df9bf0931b85499b1,base,test,9,19,1813.4754,251.6286,0,96.423,116.015,1019,ok,,d69af31486
d77d15ed71e986b7cd990a0df9bf0931b85499b1,base,test,10,20,1814.3812,251.1993,0,92.265,109.567,1032,ok,,d69af31486
d77d15ed71e986b7cd990a0df9bf0931b85499b1,base,test,11,23,1810.8976,251.4006,0,105.406,104.192,1053,ok,,d69af31486
d77d15ed71e986b7cd990a0df9bf0931b85499b1,base,test,12,24,1805.6295,251.5684,0,105.769,116.581,997,ok,,d69af31486
d77d15ed71e986b7cd990a0df9bf0931b85499b1,base,test,13,27,1809.944,251.1735,0,91.915,111.901,1024,ok,,d69af31486
d77d15ed71e986b7cd990a0df9bf0931b85499b1,base,test,14,28,1798.2918,251.3022,0,106.406,119.839,984,ok,,d69af31486
d77d15ed71e986b7cd990a0df9bf0931b85499b1,head,test,0,1,1831.9393,378.7568,0,105.867,111.918,1169,ok,,d69af31486
d77d15ed71e986b7cd990a0df9bf0931b85499b1,head,test,1,2,1782.4744,405.3011,0,123.981,170.456,1064,outlier,inp;tbtFlow,d69af31486
d77d15ed71e986b7cd990a0df9bf0931b85499b1,head,test,2,5,1810.6097,395.5078,0,99.244,115.042,1085,ok,,d69af31486
d77d15ed71e986b7cd990a0df9bf0931b85499b1,head,test,3,6,1807.0667,393.7753,0,96.826,106.848,1058,ok,,d69af31486
d77d15ed71e986b7cd990a0df9bf0931b85499b1,head,test,4,9,1799.54,395.332,0,103.14,108.398,1126,ok,,d69af31486
d77d15ed71e986b7cd990a0df9bf0931b85499b1,head,test,5,10,1816.0777,399.4098,0,108.108,114.035,1167,ok,,d69af31486
d77d15ed71e986b7cd990a0df9bf0931b85499b1,head,test,6,13,1839.6597,394.5817,0,96.397,101.771,1135,ok,,d69af31486
d77d15ed71e986b7cd990a0df9bf0931b85499b1,head,test,7,14,1823.1073,368.7191,0,95.848,115.095,1126,ok,,d69af31486
d77d15ed71e986b7cd990a0df9bf0931b85499b1,head,test,8,17,1805.0018,374.3601,0,102.844,147.637,1030,outlier,tbtFlow,d69af31486
d77d15ed71e986b7cd990a0df9bf0931b85499b1,head,test,9,18,1819.173,378.7799,0,101.304,109.91,1090,ok,,d69af31486
d77d15ed71e986b7cd990a0df9bf0931b85499b1,head,test,10,21,1790.0108,389.2031,0,90.563,104.906,1087,ok,,d69af31486
d77d15ed71e986b7cd990a0df9bf0931b85499b1,head,test,11,22,1810.4764,394.9031,0,98.892,104.931,1070,ok,,d69af31486
d77d15ed71e986b7cd990a0df9bf0931b85499b1,head,test,12,25,1803.2465,394.4725,0,95.821,105.373,1022,ok,,d69af31486
d77d15ed71e986b7cd990a0df9bf0931b85499b1,head,test,13,26,1838.2143,372.0468,0,90.161,103.397,1160,ok,,d69af31486
d77d15ed71e986b7cd990a0df9bf0931b85499b1,head,test,14,29,1796.5069,397.2201,0,95.295,109.115,1044,ok,,d69af31486
8717447e16d3c7cbd80b1780ac6695b202c126ea,base,test,0,0,1817.377,401.265,0,95.363,110.799,1179,ok,,d69af31486
8717447e16d3c7cbd80b1780ac6695b202c126ea,base,test,1,3,1817.5479,392.8371,0,103.713,107.497,1079,ok,,d69af31486
8717447e16d3c7cbd80b1780ac6695b202c126ea,base,test,2,4,1806.9666,393.0909,0,94.012,103.466,1059,ok,,d69af31486
8717447e16d3c7cbd80b1780ac6695b202c126ea,base,test,3,7,1799.0938,398.3397,0,95.486,102.317,1032,ok,,d69af31486
8717447e16d3c7cbd80b1780ac6695b202c126ea,base,test,4,8,1836.6858,397.5171,0,107.933,115.521,1164,ok,,d69af31486
8717447e16d3c7cbd80b1780ac6695b202c126ea,head,test,0,1,1858.2028,380.8113,0,90.881,107.533,1178,ok,,d69af31486
8717447e16d3c7cbd80b1780ac6695b202c126ea,head,test,1,2,1787.0736,405.2332,0,96.038,107.905,1078,ok,,d69af31486
8717447e16d3c7cbd80b1780ac6695b202c126ea,head,test,2,5,1810.7308,395.3932,0,99.46,114.576,1156,ok,,d69af31486
8717447e16d3c7cbd80b1780ac6695b202c126ea,head,test,3,6,1818.8806,377.1189,0,93.46,106.995,1068,ok,,d69af31486
8717447e16d3c7cbd80b1780ac6695b202c126ea,head,test,4,9,1807.4992,400.5013,0,97.782,108.919,1156,ok,,d69af31486
e2f5e2c63a955681ab6abfe147d5a240a58627bd,base,test,0,0,1857.1544,375.9691,0,64.306,111.281,1196,outlier,inp,d69af31486
e2f5e2c63a955681ab6abfe147d5a240a58627bd,base,test,1,3,1827.903,394.3727,0,99.704,105.403,1128,ok,,d69af31486
e2f5e2c63a955681ab6abfe147d5a240a58627bd,base,test,2,4,1805.9805,392.8051,0,98.96,114.278,1034,ok,,d69af31486
e2f5e2c63a955681ab6abfe147d5a240a58627bd,base,test,3,7,1832.5521,401.2714,0,99.983,106.353,1181,ok,,d69af31486
e2f5e2c63a955681ab6abfe147d5a240a58627bd,base,test,4,8,1818.26,392.6395,0,107.455,120.256,1074,ok,,d69af31486
e2f5e2c63a955681ab6abfe147d5a240a58627bd,head,test,0,1,1818.4428,420.4152,0,97.657,121.745,1096,ok,,d69af31486
e2f5e2c63a955681ab6abfe147d5a240a58627bd,head,test,1,2,1808.1141,379.8114,0,94.168,114.457,1073,ok,,d69af31486
e2f5e2c63a955681ab6abfe147d5a240a58627bd,head,test,2,5,1785.8309,407.6913,0,102.843,113.97,1065,ok,,d69af31486
e2f5e2c63a955681ab6abfe147d5a240a58627bd,head,test,3,6,1774.3561,394.9164,0,113.745,136.823,1138,ok,,d69af31486
e2f5e2c63a955681ab6abfe147d5a240a58627bd,head,test,4,9,1810.6326,395.3129,0,92.017,106.338,1056,ok,,d69af31486
50ca6f6b89899b142b07772d32d499b6891712eb,base,test,0,0,1809.3002,338.6378,0,100.987,115.047,1201,ok,,d69af31486
50ca6f6b89899b142b07772d32d499b6891712eb,base,test,1,3,1833.7909,356.9841,0,97.875,119.934,1161,ok,,d69af31486
50ca6f6b89899b142b07772d32d499b6891712eb,base,test,2,4,1807.8628,364.2667,0,101.221,109.403,1082,ok,,d69af31486
50ca6f6b89899b142b07772d32d499b6891712eb,base,test,3,7,1770.8852,350.2356,0,99.9,103.667,1101,ok,,d69af31486
50ca6f6b89899b142b07772d32d499b6891712eb,base,test,4,8,1810.2102,355.5428,0,98.005,106.79,1063,ok,,d69af31486
50ca6f6b89899b142b07772d32d499b6891712eb,head,test,0,1,1780.6952,351.0719,0,98.304,107.701,1087,ok,,d69af31486
50ca6f6b89899b142b07772d32d499b6891712eb,head,test,1,2,1795.2954,366.2427,0,90.636,110.239,1043,ok,,d69af31486
50ca6f6b89899b142b07772d32d499b6891712eb,head,test,2,5,1814.1882,355.3343,0,110.062,119.889,1077,ok,,d69af31486
50ca6f6b89899b142b07772d32d499b6891712eb,head,test,3,6,1826.1667,328.6862,0,90.667,108.399,1139,ok,,d69af31486
50ca6f6b89899b142b07772d32d499b6891712eb,head,test,4,9,1816.4236,355.0049,0,89.934,102.766,1111,ok,,d69af31486
a10c7922a83fa5cf0785d2df74000cb7646b3dc2,base,test,0,0,1835.3405,354.0814,0,106.347,109.014,7158,outlier,lcpObs,d69af31486
a10c7922a83fa5cf0785d2df74000cb7646b3dc2,base,test,1,3,1810.6274,356.2916,0,101.062,105.983,1048,ok,,d69af31486
a10c7922a83fa5cf0785d2df74000cb7646b3dc2,base,test,2,4,1814.0389,381.2616,0,99.4,103.489,1082,ok,,d69af31486
a10c7922a83fa5cf0785d2df74000cb7646b3dc2,base,test,3,7,1809.1186,355.6059,0,88.909,106.786,1054,ok,,d69af31486
a10c7922a83fa5cf0785d2df74000cb7646b3dc2,base,test,4,8,1810.8217,356.4234,0,90.286,103.158,1061,ok,,d69af31486
a10c7922a83fa5cf0785d2df74000cb7646b3dc2,head,test,0,1,1812.3262,353.3483,0,88.383,104.064,1076,ok,,d69af31486
a10c7922a83fa5cf0785d2df74000cb7646b3dc2,head,test,1,2,1814.0095,359.2835,0,113.778,140.39,1049,outlier,tbtFlow,d69af31486
a10c7922a83fa5cf0785d2df74000cb7646b3dc2,head,test,2,5,1821.0033,331.4112,0,101.866,106.747,1058,ok,,d69af31486
a10c7922a83fa5cf0785d2df74000cb7646b3dc2,head,test,3,6,1821.7797,351.5748,0,95.318,118.33,1097,ok,,d69af31486
a10c7922a83fa5cf0785d2df74000cb7646b3dc2,head,test,4,9,1835.3019,356.889,0,91.82,106.345,1167,ok,,d69af31486
55a241bee645102bd7f403c3a0207313fe698123,base,test,0,0,2323.6941,370.7823,0,118.948,179.25,1598,ok,,d69af31486
55a241bee645102bd7f403c3a0207313fe698123,base,test,1,3,2259.677,379.2795,0,145.649,181.286,1446,ok,,d69af31486
55a241bee645102bd7f403c3a0207313fe698123,base,test,2,4,2340.4951,477.4158,0,126.794,167.459,1609,outlier,tbt,d69af31486
55a241bee645102bd7f403c3a0207313fe698123,base,test,3,7,2303.8512,364.8919,0,131.704,177.41,1464,ok,,d69af31486
55a241bee645102bd7f403c3a0207313fe698123,base,test,4,8,2312.1521,358.442,0,142.44,175.867,1503,ok,,d69af31486
55a241bee645102bd7f403c3a0207313fe698123,head,test,0,1,2272.985,373.8308,0,127.224,175.866,1483,ok,,d69af31486
55a241bee645102bd7f403c3a0207313fe698123,head,test,1,2,2317.2379,378.2897,0,148.093,201.949,1512,ok,,d69af31486
55a241bee645102bd7f403c3a0207313fe698123,head,test,2,5,2336.6118,391.0186,0,136.533,188.744,1510,ok,,d69af31486
55a241bee645102bd7f403c3a0207313fe698123,head,test,3,6,2274.8497,357.8916,0,99.59,174.249,1452,ok,,d69af31486
55a241bee645102bd7f403c3a0207313fe698123,head,test,4,9,2295.023,353.5872,0,124.126,179.213,1453,ok,,d69af31486
bd34682af7fc425b8b89d980299fd537465afdbd,base,test,0,0,2307.7885,363.2147,0,134.127,190.637,1816,outlier,lcpObs,d69af31486
bd34682af7fc425b8b89d980299fd537465afdbd,base,test,1,3,2316.3331,367.7222,0,137.531,183.501,1487,ok,,d69af31486
bd34682af7fc425b8b89d980299fd537465afdbd,base,test,2,4,2299.49,366.3317,0,131.507,179.264,1491,ok,,d69af31486
bd34682af7fc425b8b89d980299fd537465afdbd,base,test,3,7,2358.1358,360.9545,0,131.673,188.98,10137,outlier,lcpObs,d69af31486
bd34682af7fc425b8b89d980299fd537465afdbd,base,test,4,8,2293.5013,359.1669,0,123.759,170.11,1482,ok,,d69af31486
bd34682af7fc425b8b89d980299fd537465afdbd,head,test,0,1,2310.6467,373.1911,0,141.508,178.076,1552,ok,,d69af31486
bd34682af7fc425b8b89d980299fd537465afdbd,head,test,1,2,2305.0311,360.0885,0,150.487,185.724,1500,ok,,d69af31486
bd34682af7fc425b8b89d980299fd537465afdbd,head,test,2,5,2301.8731,349.8122,0,130.799,176.205,1465,ok,,d69af31486
bd34682af7fc425b8b89d980299fd537465afdbd,head,test,3,6,2288.8866,354.3144,0,129.083,178.801,1467,ok,,d69af31486
bd34682af7fc425b8b89d980299fd537465afdbd,head,test,4,9,2324.3059,371.6343,0,142.884,183.45,1505,ok,,d69af31486
ebd791017a5afde83ddfbeaaeddd02a9eafb643b,base,test,0,0,2290.2719,359.1286,0,123.427,176.617,1572,ok,,d69af31486
ebd791017a5afde83ddfbeaaeddd02a9eafb643b,base,test,1,3,2297.177,359.2795,0,141.871,173.641,1518,ok,,d69af31486
ebd791017a5afde83ddfbeaaeddd02a9eafb643b,base,test,2,4,2305.494,385.999,0,139.658,174.958,1709,ok,,d69af31486
ebd791017a5afde83ddfbeaaeddd02a9eafb643b,base,test,3,7,2308.3396,372.0566,0,136.686,174.744,1560,ok,,d69af31486
ebd791017a5afde83ddfbeaaeddd02a9eafb643b,base,test,4,8,2301.5653,359.3442,0,131.761,169.929,1634,ok,,d69af31486
ebd791017a5afde83ddfbeaaeddd02a9eafb643b,head,test,0,1,2314.2112,373.0352,0,141.675,185.498,1528,ok,,d69af31486
ebd791017a5afde83ddfbeaaeddd02a9eafb643b,head,test,1,2,2295.4549,355.1591,0,131.028,180.558,1452,ok,,d69af31486
ebd791017a5afde83ddfbeaaeddd02a9eafb643b,head,test,2,5,2274.1745,352.6124,0,140.638,172.34,1513,ok,,d69af31486
ebd791017a5afde83ddfbeaaeddd02a9eafb643b,head,test,3,6,2321.0569,366.4262,0,150.134,193.62,1513,ok,,d69af31486
ebd791017a5afde83ddfbeaaeddd02a9eafb643b,head,test,4,9,2298.158,380.693,0,98.357,172.567,1592,outlier,inp;lcpObs,d69af31486
0297cd35051c156b6b3db823d01472984ec8befe,base,test,0,0,2312.6206,373.7701,0,137.982,178.237,1536,ok,,d69af31486
0297cd35051c156b6b3db823d01472984ec8befe,base,test,1,3,2288.0541,353.8423,0,128.591,177.607,1437,ok,,d69af31486
0297cd35051c156b6b3db823d01472984ec8befe,base,test,2,4,2316.5968,360.3495,0,139.689,182.209,1511,ok,,d69af31486
0297cd35051c156b6b3db823d01472984ec8befe,base,test,3,7,2292.6434,360.1072,0,131.046,175.411,1601,ok,,d69af31486
0297cd35051c156b6b3db823d01472984ec8befe,base,test,4,8,2294.4565,355.8261,0,131.544,173.566,1461,ok,,d69af31486
0297cd35051c156b6b3db823d01472984ec8befe,head,test,0,1,2308.1489,355.1082,0,139.102,176.015,1449,ok,,d69af31486
0297cd35051c156b6b3db823d01472984ec8befe,head,test,1,2,2315.7123,359.952,0,145.686,185.102,1531,ok,,d69af31486
0297cd35051c156b6b3db823d01472984ec8befe,head,test,2,5,2273.0751,359.3458,0,142.031,179.196,1477,ok,,d69af31486
0297cd35051c156b6b3db823d01472984ec8befe,head,test,3,6,2316.1344,361.2724,0,141.581,192.202,1472,ok,,d69af31486
0297cd35051c156b6b3db823d01472984ec8befe,head,test,4,9,2329.7204,351.6526,0,120.02,183.552,8996,outlier,inp;lcpObs,d69af31486
dfc44c81d52dc82b96f4155e52c448a4a9d87b94,base,test,0,0,2306.3875,371.4125,0,132.666,172.365,1895,outlier,lcpObs,d69af31486
dfc44c81d52dc82b96f4155e52c448a4a9d87b94,base,test,1,3,2302.1344,367.3557,0,127.711,178.641,1567,ok,,d69af31486
dfc44c81d52dc82b96f4155e52c448a4a9d87b94,base,test,2,4,2302.1108,368.3518,0,144.196,186.066,1513,ok,,d69af31486
dfc44c81d52dc82b96f4155e52c448a4a9d87b94,base,test,3,7,2307.2085,364.2014,0,132.645,174.065,1562,ok,,d69af31486
dfc44c81d52dc82b96f4155e52c448a4a9d87b94,base,test,4,8,2317.1084,359.6014,0,140.374,173.376,1469,ok,,d69af31486
dfc44c81d52dc82b96f4155e52c448a4a9d87b94,head,test,0,1,2292.0669,352.4278,0,136.544,171.876,1452,ok,,d69af31486
dfc44c81d52dc82b96f4155e52c448a4a9d87b94,head,test,1,2,2304.9456,405.2409,0,131.277,175.941,1493,outlier,tbt,d69af31486
dfc44c81d52dc82b96f4155e52c448a4a9d87b94,head,test,2,5,2314.5623,353.6771,0,146.482,184.447,1481,ok,,d69af31486
dfc44c81d52dc82b96f4155e52c448a4a9d87b94,head,test,3,6,2296.9344,362.3224,0,152.033,189.321,1535,ok,,d69af31486
dfc44c81d52dc82b96f4155e52c448a4a9d87b94,head,test,4,9,2284.2766,311.5461,0,148.091,180.66,1573,outlier,tbt,d69af31486
ea615a951f65f6b729c18f43c3cec845aaecf00b,base,test,0,0,2310.7176,363.1196,0,118.6,175.889,1785,ok,,d69af31486
ea615a951f65f6b729c18f43c3cec845aaecf00b,base,test,1,3,2294.3254,365.4709,0,126.885,171.904,1552,ok,,d69af31486
ea615a951f65f6b729c18f43c3cec845aaecf00b,base,test,2,4,2305.9122,362.5687,0,131.87,172.329,1495,ok,,d69af31486
ea615a951f65f6b729c18f43c3cec845aaecf00b,base,test,3,7,2290.9886,361.8314,0,135.472,171.904,1733,ok,,d69af31486
ea615a951f65f6b729c18f43c3cec845aaecf00b,base,test,4,8,2295.1296,365.1883,0,131.679,176.178,1546,ok,,d69af31486
ea615a951f65f6b729c18f43c3cec845aaecf00b,head,test,0,1,2303.3414,370.8902,0,144.038,181.846,1466,ok,,d69af31486
ea615a951f65f6b729c18f43c3cec845aaecf00b,head,test,1,2,2311.0552,363.6759,0,143.02,181.078,1528,ok,,d69af31486
ea615a951f65f6b729c18f43c3cec845aaecf00b,head,test,2,5,2301.7283,365.288,0,133.832,171.679,1613,outlier,lcpObs,d69af31486
ea615a951f65f6b729c18f43c3cec845aaecf00b,head,test,3,6,2292.9894,351.6649,0,133.739,188.203,1470,ok,,d69af31486
ea615a951f65f6b729c18f43c3cec845aaecf00b,head,test,4,9,2287.089,360.0982,0,132.693,175.453,1457,ok,,d69af31486
a05b7da83fd1ec71e19d3ab694997fe080781f39,base,test,0,0,2291.2142,361.2857,0,142.731,173.467,1809,outlier,lcpObs,d69af31486
a05b7da83fd1ec71e19d3ab694997fe080781f39,base,test,1,3,2286.5507,357.4251,0,134.258,170.713,1445,ok,,d69af31486
a05b7da83fd1ec71e19d3ab694997fe080781f39,base,test,2,4,2294.5648,369.0941,0,90.26,151.993,1488,outlier,inp,d69af31486
a05b7da83fd1ec71e19d3ab694997fe080781f39,base,test,3,7,2426.1346,363.3558,0,134.723,178.022,1528,outlier,lcp,d69af31486
a05b7da83fd1ec71e19d3ab694997fe080781f39,base,test,4,8,2306.3191,359.9699,0,133.745,172.366,1482,ok,,d69af31486
a05b7da83fd1ec71e19d3ab694997fe080781f39,head,test,0,1,2300.3291,353.8048,0,146.149,180,1466,ok,,d69af31486
a05b7da83fd1ec71e19d3ab694997fe080781f39,head,test,1,2,2303.7225,360.0371,0,144.2,179.862,1472,ok,,d69af31486
a05b7da83fd1ec71e19d3ab694997fe080781f39,head,test,2,5,2345.4126,368.4854,0,98.321,149.275,1506,outlier,inp,d69af31486
a05b7da83fd1ec71e19d3ab694997fe080781f39,head,test,3,6,2280.7013,461.2835,0,147.72,188.953,1824,outlier,tbt;lcpObs,d69af31486
a05b7da83fd1ec71e19d3ab694997fe080781f39,head,test,4,9,2295.5243,357.7541,0,136.859,172.768,1471,ok,,d69af31486
06d5d2f3776f8c046b772247cdb2009a7562c288,base,test,0,0,1757.482,352.9345,0,91.435,100.269,1124,ok,,d69af31486
06d5d2f3776f8c046b772247cdb2009a7562c288,base,test,1,3,1793.5976,351.3714,0,89.477,103.408,1125,ok,,d69af31486
06d5d2f3776f8c046b772247cdb2009a7562c288,base,test,2,4,1777.2576,363.6559,0,103.255,98.411,1163,ok,,d69af31486
06d5d2f3776f8c046b772247cdb2009a7562c288,base,test,3,7,1786.3199,354.3593,0,97.246,100.636,1110,ok,,d69af31486
06d5d2f3776f8c046b772247cdb2009a7562c288,base,test,4,8,1756.8041,357.3258,0,97.817,98.837,1011,outlier,lcpObs,d69af31486
06d5d2f3776f8c046b772247cdb2009a7562c288,head,test,0,1,1762.7763,371.2467,0,112.629,104.375,1036,ok,,d69af31486
06d5d2f3776f8c046b772247cdb2009a7562c288,head,test,1,2,1791.3381,358.5079,0,101.616,101.344,1112,ok,,d69af31486
06d5d2f3776f8c046b772247cdb2009a7562c288,head,test,2,5,1780.9008,359.4537,0,97.827,99.506,1081,ok,,d69af31486
06d5d2f3776f8c046b772247cdb2009a7562c288,head,test,3,6,1764.6965,355.2595,0,95.687,99.075,1036,ok,,d69af31486
06d5d2f3776f8c046b772247cdb2009a7562c288,head,test,4,9,1761.7744,355.5241,0,94.804,95.596,1061,ok,,d69af31486
18e10146b615738b18b843469c5941e08b660875,base,test,0,0,1762.6316,352.2024,0,102.498,95.87,1011,ok,,d69af31486
18e10146b615738b18b843469c5941e08b660875,base,test,1,3,1762.3623,358.4132,0,95.719,103.316,1042,ok,,d69af31486
18e10146b615738b18b843469c5941e08b660875,base,test,2,4,1789.4522,355.3849,0,98.583,99.831,1233,outlier,lcpObs,d69af31486
18e10146b615738b18b843469c5941e08b660875,base,test,3,7,1776.5588,354.7552,0,104.032,104.039,1061,ok,,d69af31486
18e10146b615738b18b843469c5941e08b660875,base,test,4,8,1766.9187,356.3993,0,95.076,106.943,1038,ok,,d69af31486
18e10146b615738b18b843469c5941e08b660875,head,test,0,1,1763.5364,358.4861,0,94.473,99.817,1023,ok,,d69af31486
18e10146b615738b18b843469c5941e08b660875,head,test,1,2,1767.7423,355.2427,0,96.91,100.878,1058,ok,,d69af31486
18e10146b615738b18b843469c5941e08b660875,head,test,2,5,1768.4623,359.4851,0,96.911,97.677,1067,ok,,d69af31486
18e10146b615738b18b843469c5941e08b660875,head,test,3,6,1738.8955,364.2468,0,108.085,109.878,1044,ok,,d69af31486
18e10146b615738b18b843469c5941e08b660875,head,test,4,9,1761.9016,357.4789,0,66.513,105.36,1024,outlier,inp,d69af31486
29f892476a42655747c1511fb2ce4f44d2935945,base,test,0,0,1764.5002,355.1253,0,102.267,110.008,1054,ok,,d69af31486
29f892476a42655747c1511fb2ce4f44d2935945,base,test,1,3,1761.1822,360.3849,0,100.026,97.992,1034,ok,,d69af31486
29f892476a42655747c1511fb2ce4f44d2935945,base,test,2,4,1795.7309,352.3133,0,100.138,102.831,1276,outlier,lcpObs,d69af31486
29f892476a42655747c1511fb2ce4f44d2935945,base,test,3,7,1739.359,356.3642,0,95.962,96.911,1051,ok,,d69af31486
29f892476a42655747c1511fb2ce4f44d2935945,base,test,4,8,1784.3971,354.3724,0,106.715,98.662,1122,ok,,d69af31486
29f892476a42655747c1511fb2ce4f44d2935945,head,test,0,1,1766.3475,361.406,0,93.43,97.773,1040,ok,,d69af31486
29f892476a42655747c1511fb2ce4f44d2935945,head,test,1,2,1765.9268,372.2463,0,92.24,97.315,1042,ok,,d69af31486
29f892476a42655747c1511fb2ce4f44d2935945,head,test,2,5,1773.0443,366.1437,0,94.158,100.68,1042,ok,,d69af31486
29f892476a42655747c1511fb2ce4f44d2935945,head,test,3,6,1766.9438,360.0092,0,105.607,95.008,1038,ok,,d69af31486
29f892476a42655747c1511fb2ce4f44d2935945,head,test,4,9,1763.0753,366.4013,0,94.343,106.558,1072,ok,,d69af31486
bc1673823adb3dc660c653b996f31f1e6949e3c4,base,test,0,0,1765.5342,357.3018,0,97.14,101.311,1051,ok,,d69af31486
bc1673823adb3dc660c653b996f31f1e6949e3c4,base,test,1,3,1774.2108,362.5767,0,106.021,106.328,1038,ok,,d69af31486
bc1673823adb3dc660c653b996f31f1e6949e3c4,base,test,2,4,1761.4677,361.3968,0,89.699,96.864,1038,ok,,d69af31486
bc1673823adb3dc660c653b996f31f1e6949e3c4,base,test,3,7,1768.9424,363.0127,0,99.209,103.743,1082,ok,,d69af31486
bc1673823adb3dc660c653b996f31f1e6949e3c4,base,test,4,8,1764.1127,380.2578,0,103.931,95.247,1052,ok,,d69af31486
bc1673823adb3dc660c653b996f31f1e6949e3c4,head,test,0,1,1766.7391,358.1424,0,95.764,98.304,1033,ok,,d69af31486
bc1673823adb3dc660c653b996f31f1e6949e3c4,head,test,1,2,1767.2031,361.9234,0,105.874,102.656,1170,ok,,d69af31486
bc1673823adb3dc660c653b996f31f1e6949e3c4,head,test,2,5,1787.7393,359.5298,0,93.665,97.386,1108,ok,,d69af31486
bc1673823adb3dc660c653b996f31f1e6949e3c4,head,test,3,6,1770.8762,360.4253,0,94.51,96.931,1339,ok,,d69af31486
bc1673823adb3dc660c653b996f31f1e6949e3c4,head,test,4,9,1776.0606,360.4609,0,92.79,97.519,1066,ok,,d69af31486
3462738b897c999efabeec03cfc23be269ad488e,base,test,0,0,1756.9015,357.111,0,99.491,109.765,1053,ok,,d69af31486
3462738b897c999efabeec03cfc23be269ad488e,base,test,1,3,1762.0063,358.5912,0,100.512,96.344,1032,ok,,d69af31486
3462738b897c999efabeec03cfc23be269ad488e,base,test,2,4,1770.5317,360.8314,0,114.681,103.781,1365,outlier,lcpObs,d69af31486
3462738b897c999efabeec03cfc23be269ad488e,base,test,3,7,1763.8727,361.7163,0,98.941,94.273,1041,ok,,d69af31486
3462738b897c999efabeec03cfc23be269ad488e,base,test,4,8,1768.9375,363.628,0,106.576,101.127,1134,ok,,d69af31486
3462738b897c999efabeec03cfc23be269ad488e,head,test,0,1,1791.0639,358.8711,0,95.564,99.27,1127,outlier,lcpObs,d69af31486
3462738b897c999efabeec03cfc23be269ad488e,head,test,1,2,1766.1011,365.3768,0,66.089,100.18,1041,outlier,inp,d69af31486
3462738b897c999efabeec03cfc23be269ad488e,head,test,2,5,1771.8304,369.1961,0,100.316,105.14,1072,ok,,d69af31486
3462738b897c999efabeec03cfc23be269ad488e,head,test,3,6,1760.4319,363.3093,0,99.64,97.283,1042,ok,,d69af31486
3462738b897c999efabeec03cfc23be269ad488e,head,test,4,9,1748.3739,362.3703,0,101.916,105.971,1050,ok,,d69af31486
3699619c281d26db35b1153d9ea3c43e211db105,base,test,0,0,1753.1585,356.554,0,109.328,101.128,7227,outlier,lcpObs,d69af31486
3699619c281d26db35b1153d9ea3c43e211db105,base,test,1,3,1768.3736,351.1268,0,97.036,100.458,1055,ok,,d69af31486
3699619c281d26db35b1153d9ea3c43e211db105,base,test,2,4,1770.5421,362.2614,0,75.33,71.35,1053,outlier,inp,d69af31486
3699619c281d26db35b1153d9ea3c43e211db105,base,test,3,7,1769.2045,357.475,0,97.813,101.987,1065,ok,,d69af31486
3699619c281d26db35b1153d9ea3c43e211db105,base,test,4,8,1754.9842,357.2724,0,93.719,98.92,1011,ok,,d69af31486
3699619c281d26db35b1153d9ea3c43e211db105,head,test,0,1,1751.0247,358.0799,0,88.742,98.963,1042,ok,,d69af31486
3699619c281d26db35b1153d9ea3c43e211db105,head,test,1,2,1765.3185,357.1753,0,98.48,99.597,1082,ok,,d69af31486
3699619c281d26db35b1153d9ea3c43e211db105,head,test,2,5,1758.0612,371.2088,0,102.558,104.801,1026,ok,,d69af31486
3699619c281d26db35b1153d9ea3c43e211db105,head,test,3,6,1776.2158,365.4472,0,95.645,109.621,1054,ok,,d69af31486
3699619c281d26db35b1153d9ea3c43e211db105,head,test,4,9,1822.2955,374.2067,0,96.872,102.313,1161,ok,,d69af31486
385b9565ec6c79f3e12871d6c1ce698b5ca9c056,base,test,0,0,1758.3415,361.226,0,102.63,111.264,1157,ok,,d69af31486
385b9565ec6c79f3e12871d6c1ce698b5ca9c056,base,test,1,3,1767.6347,361.3526,0,94.046,96.342,1059,ok,,d69af31486
385b9565ec6c79f3e12871d6c1ce698b5ca9c056,base,test,2,4,1764.0403,355.3077,0,93.257,99.08,1057,ok,,d69af31486
385b9565ec6c79f3e12871d6c1ce698b5ca9c056,base,test,3,7,1759.1643,358.1772,0,90.158,116.185,1032,ok,,d69af31486
385b9565ec6c79f3e12871d6c1ce698b5ca9c056,base,test,4,8,1789.1889,356.3468,0,97.199,96.621,1229,outlier,lcpObs,d69af31486
385b9565ec6c79f3e12871d6c1ce698b5ca9c056,head,test,0,1,1807.9021,362.2457,0,89.089,105.897,1164,ok,,d69af31486
385b9565ec6c79f3e12871d6c1ce698b5ca9c056,head,test,1,2,1763.126,354.7779,0,111.593,101.874,1014,ok,,d69af31486
385b9565ec6c79f3e12871d6c1ce698b5ca9c056,head,test,2,5,1772.5096,356.6044,0,98.805,96.245,1078,ok,,d69af31486
385b9565ec6c79f3e12871d6c1ce698b5ca9c056,head,test,3,6,1777.5234,357.9601,0,97.845,98.52,1080,ok,,d69af31486
385b9565ec6c79f3e12871d6c1ce698b5ca9c056,head,test,4,9,1766.6832,361.3063,0,94.957,103.461,1034,ok,,d69af31486
8b6e863162168d84a9467559c2b66a6f242f88b6,base,test,0,0,1802.2296,351.0784,0,109.295,109.287,1165,ok,,d69af31486
8b6e863162168d84a9467559c2b66a6f242f88b6,base,test,1,3,1762.8659,361.3683,0,91.814,103.901,1072,ok,,d69af31486
8b6e863162168d84a9467559c2b66a6f242f88b6,base,test,2,4,1770.7829,358.4776,0,100.148,99.601,1041,ok,,d69af31486
8b6e863162168d84a9467559c2b66a6f242f88b6,base,test,3,7,1764.919,360.323,0,107.033,101.788,1120,ok,,d69af31486
8b6e863162168d84a9467559c2b66a6f242f88b6,base,test,4,8,1783.096,355.3127,0,92.304,102.628,1438,outlier,lcpObs,d69af31486
8b6e863162168d84a9467559c2b66a6f242f88b6,head,test,0,1,1745.4831,365.2562,0,93.409,100.625,1039,ok,,d69af31486
8b6e863162168d84a9467559c2b66a6f242f88b6,head,test,1,2,1776.9377,364.9379,0,94.966,101.131,1049,ok,,d69af31486
8b6e863162168d84a9467559c2b66a6f242f88b6,head,test,2,5,1779.1007,369.6763,0,97.921,103.498,1051,ok,,d69af31486
8b6e863162168d84a9467559c2b66a6f242f88b6,head,test,3,6,1749.8975,358.5275,0,96.218,99.355,1047,ok,,d69af31486
8b6e863162168d84a9467559c2b66a6f242f88b6,head,test,4,9,1752.8682,363.2906,0,98.846,100.619,1053,ok,,d69af31486
4a1e6f7ee1ac4bc652763bc38d1bd5dc0ae0dea7,base,test,0,0,1752.6437,356.7992,0,103.684,115.93,1044,ok,,d69af31486
4a1e6f7ee1ac4bc652763bc38d1bd5dc0ae0dea7,base,test,1,3,1835.8749,362.4388,0,99.02,96.74,1206,outlier,lcpObs,d69af31486
4a1e6f7ee1ac4bc652763bc38d1bd5dc0ae0dea7,base,test,2,4,1769.7021,352.3344,0,100.473,102.177,1032,ok,,d69af31486
4a1e6f7ee1ac4bc652763bc38d1bd5dc0ae0dea7,base,test,3,7,1756.4894,357.2826,0,91.691,98.194,1078,ok,,d69af31486
4a1e6f7ee1ac4bc652763bc38d1bd5dc0ae0dea7,base,test,4,8,1757.9619,355.1446,0,103.482,103.99,1038,ok,,d69af31486
4a1e6f7ee1ac4bc652763bc38d1bd5dc0ae0dea7,head,test,0,1,1774.329,362.2845,0,101.233,96.001,1068,ok,,d69af31486
4a1e6f7ee1ac4bc652763bc38d1bd5dc0ae0dea7,head,test,1,2,1788.5696,354.0404,0,94.057,100.854,1079,ok,,d69af31486
4a1e6f7ee1ac4bc652763bc38d1bd5dc0ae0dea7,head,test,2,5,1759.4528,370.3551,0,94.984,98.95,1094,ok,,d69af31486
4a1e6f7ee1ac4bc652763bc38d1bd5dc0ae0dea7,head,test,3,6,1787.1569,367.5505,0,99.318,121.552,1113,ok,,d69af31486
4a1e6f7ee1ac4bc652763bc38d1bd5dc0ae0dea7,head,test,4,9,1782.1913,361.4152,0,99.539,111.862,1358,outlier,lcpObs,d69af31486
8a3be3265a81bcf828ef326f9a6089838398a919,base,test,0,0,1768.2477,361.4017,0,105.339,106.018,1373,outlier,lcpObs,d69af31486
8a3be3265a81bcf828ef326f9a6089838398a919,base,test,1,3,1793.822,367.4205,0,87.693,106.657,1135,ok,,d69af31486
8a3be3265a81bcf828ef326f9a6089838398a919,base,test,2,4,1775.1366,360.6154,0,98.179,98.098,1046,ok,,d69af31486
8a3be3265a81bcf828ef326f9a6089838398a919,base,test,3,7,1751.7921,359.3897,0,98.721,101.488,1040,ok,,d69af31486
8a3be3265a81bcf828ef326f9a6089838398a919,base,test,4,8,1770.4806,360.2654,0,103.329,100.677,1058,ok,,d69af31486
8a3be3265a81bcf828ef326f9a6089838398a919,head,test,0,1,1764.3994,355.5851,0,92.733,101.209,1091,ok,,d69af31486
8a3be3265a81bcf828ef326f9a6089838398a919,head,test,1,2,1754.7467,353.4489,0,94.564,102.839,1065,ok,,d69af31486
8a3be3265a81bcf828ef326f9a6089838398a919,head,test,2,5,1761.2635,358.058,0,96.508,99.748,1035,ok,,d69af31486
8a3be3265a81bcf828ef326f9a6089838398a919,head,test,3,6,1756.3447,359.6344,0,97.346,106.259,1077,ok,,d69af31486
8a3be3265a81bcf828ef326f9a6089838398a919,head,test,4,9,1769.9154,354.4461,0,92.984,102.069,1342,outlier,lcpObs,d69af31486
26c38e743f6808c527d738df77ba2e1fb0350f0b,base,test,0,0,1751.718,357.3717,0,104.12,104.786,1049,ok,,d69af31486
26c38e743f6808c527d738df77ba2e1fb0350f0b,base,test,1,3,1794.2867,352.4056,0,96.572,98.012,1153,ok,,d69af31486
26c38e743f6808c527d738df77ba2e1fb0350f0b,base,test,2,4,1757.2322,351.9538,0,90.917,103.279,1031,ok,,d69af31486
26c38e743f6808c527d738df77ba2e1fb0350f0b,base,test,3,7,1799.4111,356.5177,0,91.322,100.532,1154,ok,,d69af31486
26c38e743f6808c527d738df77ba2e1fb0350f0b,base,test,4,8,1748.2484,350.9051,0,94.109,102.681,1352,ok,,d69af31486
26c38e743f6808c527d738df77ba2e1fb0350f0b,head,test,0,1,1752.0661,356.6797,0,98.172,98.375,1035,ok,,d69af31486
26c38e743f6808c527d738df77ba2e1fb0350f0b,head,test,1,2,1785.2614,394.9078,0,96.373,110.6,1112,outlier,tbt,d69af31486
26c38e743f6808c527d738df77ba2e1fb0350f0b,head,test,2,5,1748.9701,358.9097,0,96.134,99.403,1064,ok,,d69af31486
26c38e743f6808c527d738df77ba2e1fb0350f0b,head,test,3,6,1967.0737,360.0292,0,102.881,105.049,1306,outlier,lcp;lcpObs,d69af31486
26c38e743f6808c527d738df77ba2e1fb0350f0b,head,test,4,9,1777.8021,356.7969,0,94.395,98.739,1089,ok,,d69af31486
f55e792cf501b44af06b40bc57d330f2840a1f87,base,test,0,0,1788.1134,355.4165,0,91.885,104.779,1126,outlier,lcpObs,d69af31486
f55e792cf501b44af06b40bc57d330f2840a1f87,base,test,1,3,1753.513,356.377,0,102.506,99.04,1051,ok,,d69af31486
f55e792cf501b44af06b40bc57d330f2840a1f87,base,test,2,4,1771.2586,363.1089,0,106.734,124.093,1039,ok,,d69af31486
f55e792cf501b44af06b40bc57d330f2840a1f87,base,test,3,7,1760.9287,357.4148,0,97.877,102.511,1041,ok,,d69af31486
f55e792cf501b44af06b40bc57d330f2840a1f87,base,test,4,8,1764.8647,358.3058,0,95.569,98.48,1316,outlier,lcpObs,d69af31486
f55e792cf501b44af06b40bc57d330f2840a1f87,head,test,0,1,1792.1645,357.7875,0,96.756,100.468,1109,ok,,d69af31486
f55e792cf501b44af06b40bc57d330f2840a1f87,head,test,1,2,1779.1724,356.5746,0,99.184,99.561,1066,ok,,d69af31486
f55e792cf501b44af06b40bc57d330f2840a1f87,head,test,2,5,1787.1854,358.6516,0,102.541,99.691,1085,ok,,d69af31486
f55e792cf501b44af06b40bc57d330f2840a1f87,head,test,3,6,1762.9439,359.245,0,106.661,113.729,1078,ok,,d69af31486
f55e792cf501b44af06b40bc57d330f2840a1f87,head,test,4,9,1769.5095,355.3305,0,92.605,100.808,1067,ok,,d69af31486
6dc74286bc4d91f420015be07b43f488f8fedf89,base,test,0,0,1739.7412,355.8507,0,95.193,104.785,1281,outlier,tbt;lcpObs,d69af31486
6dc74286bc4d91f420015be07b43f488f8fedf89,base,test,1,3,1769.9871,318.3572,0,102.136,98.3,1079,ok,,d69af31486
6dc74286bc4d91f420015be07b43f488f8fedf89,base,test,2,4,1761.6049,325.2965,0,108.771,112.317,1075,ok,,d69af31486
6dc74286bc4d91f420015be07b43f488f8fedf89,base,test,3,7,1762.0479,320.4692,0,93.074,108.902,1178,ok,,d69af31486
6dc74286bc4d91f420015be07b43f488f8fedf89,base,test,4,8,1756.0427,319.3911,0,101.003,108.836,1052,ok,,d69af31486
6dc74286bc4d91f420015be07b43f488f8fedf89,head,test,0,1,1751.6974,319.2163,0,100.753,100.703,1037,ok,,d69af31486
6dc74286bc4d91f420015be07b43f488f8fedf89,head,test,1,2,1751.4483,334.5781,0,99.709,100.078,1050,ok,,d69af31486
6dc74286bc4d91f420015be07b43f488f8fedf89,head,test,2,5,1755.6708,359.6226,0,92.604,100.118,1066,ok,,d69af31486
6dc74286bc4d91f420015be07b43f488f8fedf89,head,test,3,6,1791.595,328.6217,0,97.902,104.486,1103,ok,,d69af31486
6dc74286bc4d91f420015be07b43f488f8fedf89,head,test,4,9,1738.09,313.2343,0,99.61,120.988,1001,ok,,d69af31486
eee69580b6878384da57f0d495ab19d26ce8b96f,base,test,0,0,1759.3157,315.5947,0,103.278,107.371,1115,ok,,d69af31486
eee69580b6878384da57f0d495ab19d26ce8b96f,base,test,1,3,1760.8336,320.5802,0,102.899,105.527,1080,ok,,d69af31486
eee69580b6878384da57f0d495ab19d26ce8b96f,base,test,2,4,1749.3365,360.1907,0,106.8,100.808,1066,outlier,tbt,d69af31486
eee69580b6878384da57f0d495ab19d26ce8b96f,base,test,3,7,1755.7375,354.3535,0,100.392,101.288,1012,outlier,tbt,d69af31486
eee69580b6878384da57f0d495ab19d26ce8b96f,base,test,4,8,1770.3934,320.7862,0,109.338,112.031,1040,ok,,d69af31486
eee69580b6878384da57f0d495ab19d26ce8b96f,head,test,0,1,1739.3573,348.3479,0,96.578,102.859,1027,ok,,d69af31486
eee69580b6878384da57f0d495ab19d26ce8b96f,head,test,1,2,1748.0027,312.2031,0,107.372,99.922,1049,ok,,d69af31486
eee69580b6878384da57f0d495ab19d26ce8b96f,head,test,2,5,1752.3323,313.6438,0,96.932,102.069,1049,ok,,d69af31486
eee69580b6878384da57f0d495ab19d26ce8b96f,head,test,3,6,1743.309,320.1307,0,89.776,105.431,1021,ok,,d69af31486
eee69580b6878384da57f0d495ab19d26ce8b96f,head,test,4,9,1752.6303,329.3193,0,89.277,98.67,1036,ok,,d69af31486
2516e29b80b937183b1c79af1ce0d1779d547ff7,base,test,0,0,1741.0684,319.4333,0,104.512,102.807,1106,ok,,d69af31486
2516e29b80b937183b1c79af1ce0d1779d547ff7,base,test,1,3,1768.8383,357.3452,0,92.057,116.116,1158,outlier,tbt,d69af31486
2516e29b80b937183b1c79af1ce0d1779d547ff7,base,test,2,4,1758.7227,319.3073,0,103.622,110.58,1006,ok,,d69af31486
2516e29b80b937183b1c79af1ce0d1779d547ff7,base,test,3,7,1794.9742,321.2657,0,101,98.592,1096,ok,,d69af31486
2516e29b80b937183b1c79af1ce0d1779d547ff7,base,test,4,8,1754.486,318.274,0,98.55,100.894,1037,ok,,d69af31486
2516e29b80b937183b1c79af1ce0d1779d547ff7,head,test,0,1,1777.1421,321.0054,0,97.587,98.428,1278,outlier,lcpObs,d69af31486
2516e29b80b937183b1c79af1ce0d1779d547ff7,head,test,1,2,1751.7631,357.1747,0,89.892,100.525,1042,outlier,tbt,d69af31486
2516e29b80b937183b1c79af1ce0d1779d547ff7,head,test,2,5,1744.0959,360.8646,0,100.28,103.903,1047,outlier,tbt,d69af31486
2516e29b80b937183b1c79af1ce0d1779d547ff7,head,test,3,6,1738.6676,316.3114,0,95.997,102.159,1016,ok,,d69af31486
2516e29b80b937183b1c79af1ce0d1779d547ff7,head,test,4,9,1759.6187,318.7823,0,108.689,102.43,1027,ok,,d69af31486
6516f68456e8568f6ef19adbc0e0950734d06dfa,base,test,0,0,1761.8409,317.3663,0,100.215,111.824,1066,ok,,d69af31486
6516f68456e8568f6ef19adbc0e0950734d06dfa,base,test,1,3,1758.6298,360.5336,0,98.302,101.13,1041,outlier,tbt,d69af31486
6516f68456e8568f6ef19adbc0e0950734d06dfa,base,test,2,4,1753.3059,316.4551,0,100.12,101.76,1161,ok,,d69af31486
6516f68456e8568f6ef19adbc0e0950734d06dfa,base,test,3,7,1751.6288,323.3389,0,93.423,101.071,1064,ok,,d69af31486
6516f68456e8568f6ef19adbc0e0950734d06dfa,base,test,4,8,1791.342,353.3675,0,91.873,103.559,1118,ok,,d69af31486
6516f68456e8568f6ef19adbc0e0950734d06dfa,head,test,0,1,1703.6364,372.1758,0,92.48,108.307,1033,outlier,tbt,d69af31486
6516f68456e8568f6ef19adbc0e0950734d06dfa,head,test,1,2,1759.0176,317.7152,0,100.229,99.88,1060,ok,,d69af31486
6516f68456e8568f6ef19adbc0e0950734d06dfa,head,test,2,5,1767.2091,316.264,0,90.862,99.887,1137,outlier,lcpObs,d69af31486
6516f68456e8568f6ef19adbc0e0950734d06dfa,head,test,3,6,1757.6672,361.0886,0,105.347,110.176,1052,ok,,d69af31486
6516f68456e8568f6ef19adbc0e0950734d06dfa,head,test,4,9,1758.5854,325.3006,0,88.168,99.759,1029,ok,,d69af31486
a895995083b74bf908e8c7b106b02492eb7448e0,base,test,0,0,1747.7184,355.2493,0,105.972,108.002,1145,ok,,d69af31486
a895995083b74bf908e8c7b106b02492eb7448e0,base,test,1,3,1760.3844,347.5937,0,88.788,101.788,1034,ok,,d69af31486
a895995083b74bf908e8c7b106b02492eb7448e0,base,test,2,4,1747.1381,322.1847,0,91.545,101.263,1035,ok,,d69af31486
a895995083b74bf908e8c7b106b02492eb7448e0,base,test,3,7,1755.5043,358.1396,0,103.408,108.443,1064,ok,,d69af31486
a895995083b74bf908e8c7b106b02492eb7448e0,base,test,4,8,2122.8145,322.6461,0,99.295,98.75,1412,outlier,lcp;lcpObs,d69af31486
a895995083b74bf908e8c7b106b02492eb7448e0,head,test,0,1,1804.2637,316.4871,0,91.336,97.994,1127,ok,,d69af31486
a895995083b74bf908e8c7b106b02492eb7448e0,head,test,1,2,1790.8803,356.9603,0,100.372,98.812,1150,outlier,tbt,d69af31486
a895995083b74bf908e8c7b106b02492eb7448e0,head,test,2,5,1761.0641,316.5982,0,95.83,110.416,1069,ok,,d69af31486
a895995083b74bf908e8c7b106b02492eb7448e0,head,test,3,6,1787.1664,360.9248,0,99.359,112.009,1108,outlier,tbt,d69af31486
a895995083b74bf908e8c7b106b02492eb7448e0,head,test,4,9,1802.8427,313.4091,0,106.424,94.841,1144,ok,,d69af31486
19c0b10299d9000a888e87086fd2805d58e9f3fb,base,test,0,0,1759.6406,311.1754,0,106.682,104.156,1122,ok,,d69af31486
19c0b10299d9000a888e87086fd2805d58e9f3fb,base,test,1,3,1759.844,334.67,0,90.002,101.507,1026,ok,,d69af31486
19c0b10299d9000a888e87086fd2805d58e9f3fb,base,test,2,4,1765.0212,316.5986,0,109.871,120.822,1089,ok,,d69af31486
19c0b10299d9000a888e87086fd2805d58e9f3fb,base,test,3,7,1750.5773,317.8366,0,95.488,102.511,1040,ok,,d69af31486
19c0b10299d9000a888e87086fd2805d58e9f3fb,base,test,4,8,1753.9117,335.5082,0,100.592,98.686,1067,ok,,d69af31486
19c0b10299d9000a888e87086fd2805d58e9f3fb,head,test,0,1,1761.93,370.4844,0,106.731,108.769,1032,outlier,tbt,d69af31486
19c0b10299d9000a888e87086fd2805d58e9f3fb,head,test,1,2,1750.3519,324.2823,0,108.153,109.175,1045,ok,,d69af31486
19c0b10299d9000a888e87086fd2805d58e9f3fb,head,test,2,5,1802.957,319.0482,0,91.377,98.064,1153,outlier,lcpObs,d69af31486
19c0b10299d9000a888e87086fd2805d58e9f3fb,head,test,3,6,1764.8208,316.3986,0,99.899,100.786,1025,ok,,d69af31486
19c0b10299d9000a888e87086fd2805d58e9f3fb,head,test,4,9,1767.098,322.2225,0,101.504,98.509,1163,outlier,lcpObs,d69af31486
13f73d1e01273a3d78048b7a56fc3f8da6136320,base,test,0,0,1745.8863,313.9524,0,99.569,110.476,1125,ok,,d69af31486
13f73d1e01273a3d78048b7a56fc3f8da6136320,base,test,1,3,1757.1583,313.5096,0,90.766,98.337,1048,ok,,d69af31486
13f73d1e01273a3d78048b7a56fc3f8da6136320,base,test,2,4,1756.169,321.9442,0,113.891,105.82,1042,ok,,d69af31486
13f73d1e01273a3d78048b7a56fc3f8da6136320,base,test,3,7,1759.751,317.6647,0,102.515,99.644,1046,ok,,d69af31486
13f73d1e01273a3d78048b7a56fc3f8da6136320,base,test,4,8,1747.8353,359.5146,0,102.355,96.785,1043,outlier,tbt,d69af31486
13f73d1e01273a3d78048b7a56fc3f8da6136320,base,test,5,11,1748.2483,323.1764,0,103.829,109.204,1039,ok,,d69af31486
13f73d1e01273a3d78048b7a56fc3f8da6136320,base,test,6,12,1745.1651,318.1147,0,78.241,82.361,1050,outlier,inp,d69af31486
13f73d1e01273a3d78048b7a56fc3f8da6136320,base,test,7,15,1775.4443,374.1186,0,97.553,99.268,1112,outlier,tbt,d69af31486
13f73d1e01273a3d78048b7a56fc3f8da6136320,base,test,8,16,2031.6869,158.8321,0,94.762,94.294,28677,outlier,lcp;tbt;lcpObs,d69af31486
13f73d1e01273a3d78048b7a56fc3f8da6136320,base,test,9,19,1790.8709,353.1833,0,93.852,99.999,1171,outlier,tbt,d69af31486
13f73d1e01273a3d78048b7a56fc3f8da6136320,base,test,10,20,1872.637,315.2807,0,102.633,103.751,10959,outlier,lcp;lcpObs,d69af31486
13f73d1e01273a3d78048b7a56fc3f8da6136320,base,test,11,23,1799.6593,320.1501,0,109.435,99.078,1167,ok,,d69af31486
13f73d1e01273a3d78048b7a56fc3f8da6136320,base,test,12,24,1768.3565,320.3345,0,94.026,97.217,1034,ok,,d69af31486
13f73d1e01273a3d78048b7a56fc3f8da6136320,base,test,13,27,1768.0774,349.3086,0,103.831,98.078,1096,ok,,d69af31486
13f73d1e01273a3d78048b7a56fc3f8da6136320,base,test,14,28,1799.8233,317.2861,0,100.6,100.308,1151,ok,,d69af31486
13f73d1e01273a3d78048b7a56fc3f8da6136320,head,test,0,1,1793.256,361.3655,0,91.956,104.878,1131,ok,,d69af31486
13f73d1e01273a3d78048b7a56fc3f8da6136320,head,test,1,2,1764.049,354.1673,0,93.284,103.09,1066,ok,,d69af31486
13f73d1e01273a3d78048b7a56fc3f8da6136320,head,test,2,5,1848.1057,352.5081,0,101.25,112.706,10803,outlier,lcpObs,d69af31486
13f73d1e01273a3d78048b7a56fc3f8da6136320,head,test,3,6,1799.5846,403.974,0,99.291,95.484,1139,outlier,tbt,d69af31486
13f73d1e01273a3d78048b7a56fc3f8da6136320,head,test,4,9,1758.4139,382.2643,0,107.173,101.512,1053,ok,,d69af31486
13f73d1e01273a3d78048b7a56fc3f8da6136320,head,test,5,10,1774.0387,350.4756,0,92.233,98.091,1061,ok,,d69af31486
13f73d1e01273a3d78048b7a56fc3f8da6136320,head,test,6,13,1898.1075,353.0527,0,100.07,98.453,7804,outlier,lcp;lcpObs,d69af31486
13f73d1e01273a3d78048b7a56fc3f8da6136320,head,test,7,14,1954.4046,199.7814,0,97.292,105.468,1109,outlier,lcp;tbt,d69af31486
13f73d1e01273a3d78048b7a56fc3f8da6136320,head,test,8,17,1821.3845,356.1802,0,95.714,99.663,1458,outlier,lcpObs,d69af31486
13f73d1e01273a3d78048b7a56fc3f8da6136320,head,test,9,18,1770.6083,362.1784,0,93.047,104.164,1102,ok,,d69af31486
13f73d1e01273a3d78048b7a56fc3f8da6136320,head,test,10,21,1798.4701,351.4864,0,105.385,174.964,1184,outlier,tbtFlow,d69af31486
13f73d1e01273a3d78048b7a56fc3f8da6136320,head,test,11,22,1759.0548,391.9891,0,109.837,98.663,1084,outlier,tbt,d69af31486
13f73d1e01273a3d78048b7a56fc3f8da6136320,head,test,12,25,1758.1498,371.3926,0,91.118,100.47,1090,ok,,d69af31486
13f73d1e01273a3d78048b7a56fc3f8da6136320,head,test,13,26,1752.3937,355.2597,0,94.701,100.7,1018,ok,,d69af31486
13f73d1e01273a3d78048b7a56fc3f8da6136320,head,test,14,29,1761.9736,359.7024,0,101.536,98.233,1064,ok,,d69af31486
7aba9d05854c0c5806bffd59ce24a9f77ba378c3,base,test,0,0,1742.8125,358.9725,0,102.04,103.209,1317,outlier,lcpObs,d69af31486
7aba9d05854c0c5806bffd59ce24a9f77ba378c3,base,test,1,3,1792.7585,389.6073,0,94.369,100.348,1120,ok,,d69af31486
7aba9d05854c0c5806bffd59ce24a9f77ba378c3,base,test,2,4,1748.2509,352.8555,0,102.532,99.321,1007,ok,,d69af31486
7aba9d05854c0c5806bffd59ce24a9f77ba378c3,base,test,3,7,1753.5613,348.2881,0,92.982,107.953,1025,ok,,d69af31486
7aba9d05854c0c5806bffd59ce24a9f77ba378c3,base,test,4,8,1756.5755,359.272,0,94.853,99.501,1003,ok,,d69af31486
7aba9d05854c0c5806bffd59ce24a9f77ba378c3,head,test,0,1,1831.1501,357.0903,0,103.684,113.731,10778,outlier,lcpObs,d69af31486
7aba9d05854c0c5806bffd59ce24a9f77ba378c3,head,test,1,2,1788.0104,377.2513,0,91.532,95.676,1118,ok,,d69af31486
7aba9d05854c0c5806bffd59ce24a9f77ba378c3,head,test,2,5,1761.495,354.316,0,93.87,108.279,1009,ok,,d69af31486
7aba9d05854c0c5806bffd59ce24a9f77ba378c3,head,test,3,6,1750.3327,360.3299,0,92.792,99.853,1038,ok,,d69af31486
7aba9d05854c0c5806bffd59ce24a9f77ba378c3,head,test,4,9,1753.5248,357.8966,0,100.272,102.027,1052,ok,,d69af31486
6f16874dcad10ccbbc1627081dc2408179d4eac4,base,test,0,0,1807.9581,357.1727,0,93.742,96.92,1266,ok,,d69af31486
6f16874dcad10ccbbc1627081dc2408179d4eac4,base,test,1,3,1789.8259,353.2023,0,96.021,98.846,1113,ok,,d69af31486
6f16874dcad10ccbbc1627081dc2408179d4eac4,base,test,2,4,1744.3688,351.9306,0,92.172,97.171,1040,ok,,d69af31486
6f16874dcad10ccbbc1627081dc2408179d4eac4,base,test,3,7,1804.215,368.7783,0,96.069,98.529,1140,ok,,d69af31486
6f16874dcad10ccbbc1627081dc2408179d4eac4,base,test,4,8,1757.0965,364.6257,0,97.983,99.241,1040,ok,,d69af31486
6f16874dcad10ccbbc1627081dc2408179d4eac4,head,test,0,1,1795.9345,355.4825,0,112.589,106.998,1139,ok,,d69af31486
6f16874dcad10ccbbc1627081dc2408179d4eac4,head,test,1,2,1830.9609,352.8329,0,91.662,105.247,10788,outlier,lcpObs,d69af31486
6f16874dcad10ccbbc1627081dc2408179d4eac4,head,test,2,5,1765.3478,359.8271,0,103.113,108.321,1088,ok,,d69af31486
6f16874dcad10ccbbc1627081dc2408179d4eac4,head,test,3,6,1764.0838,359.7464,0,101.896,100.084,1081,ok,,d69af31486
6f16874dcad10ccbbc1627081dc2408179d4eac4,head,test,4,9,1742.2523,372.0076,0,98.062,98.271,1038,ok,,d69af31486
242461964f7c0777e9732ca55b1eaeff3eaa2d60,base,test,0,0,1844.8975,354.9431,0,96.686,98.501,1425,ok,,d69af31486
242461964f7c0777e9732ca55b1eaeff3eaa2d60,base,test,1,3,1841.1366,352.2768,0,98.28,110.206,10793,outlier,lcpObs,d69af31486
242461964f7c0777e9732ca55b1eaeff3eaa2d60,base,test,2,4,1800.6935,354.853,0,94.466,99.188,1124,ok,,d69af31486
242461964f7c0777e9732ca55b1eaeff3eaa2d60,base,test,3,7,1759.0112,356.7804,0,92.755,99.403,1059,ok,,d69af31486
242461964f7c0777e9732ca55b1eaeff3eaa2d60,base,test,4,8,1762.26,357.9339,0,104.465,111.044,1018,ok,,d69af31486
242461964f7c0777e9732ca55b1eaeff3eaa2d60,head,test,0,1,1771.6445,353.515,0,91.545,101.694,1044,ok,,d69af31486
242461964f7c0777e9732ca55b1eaeff3eaa2d60,head,test,1,2,1760.0458,362.2493,0,100.274,105.566,1058,ok,,d69af31486
242461964f7c0777e9732ca55b1eaeff3eaa2d60,head,test,2,5,1748.8441,363.6062,0,102.075,110.008,1046,ok,,d69af31486
242461964f7c0777e9732ca55b1eaeff3eaa2d60,head,test,3,6,1756.1627,356.5901,0,102.387,96.896,1044,ok,,d69af31486
242461964f7c0777e9732ca55b1eaeff3eaa2d60,head,test,4,9,1952.1822,195.6168,0,94.094,95.479,1073,outlier,lcp;tbt,d69af31486
281648fa4b6fdc88016b4ed55f72b1492bda3fe8,base,test,0,0,1741.9401,390.4802,0,93.642,99.305,1040,ok,,d69af31486
281648fa4b6fdc88016b4ed55f72b1492bda3fe8,base,test,1,3,1745.3931,353.2677,0,95.052,103.184,1041,ok,,d69af31486
281648fa4b6fdc88016b4ed55f72b1492bda3fe8,base,test,2,4,1821.6149,349.461,0,96.411,100.606,11849,outlier,lcpObs,d69af31486
281648fa4b6fdc88016b4ed55f72b1492bda3fe8,base,test,3,7,1766.7224,360.4746,0,90.3,98.132,1315,outlier,lcpObs,d69af31486
281648fa4b6fdc88016b4ed55f72b1492bda3fe8,base,test,4,8,1751.8901,364.9404,0,112.092,99.93,1043,ok,,d69af31486
281648fa4b6fdc88016b4ed55f72b1492bda3fe8,head,test,0,1,1765.3177,362.2308,0,103.499,99.996,1329,outlier,lcpObs,d69af31486
281648fa4b6fdc88016b4ed55f72b1492bda3fe8,head,test,1,2,1745.3681,358.3514,0,93.461,104.657,1033,ok,,d69af31486
281648fa4b6fdc88016b4ed55f72b1492bda3fe8,head,test,2,5,1848.331,356.4917,0,109.016,112.643,1444,outlier,lcp;lcpObs,d69af31486
281648fa4b6fdc88016b4ed55f72b1492bda3fe8,head,test,3,6,1750.2214,355.026,0,106.573,107.268,1074,ok,,d69af31486
281648fa4b6fdc88016b4ed55f72b1492bda3fe8,head,test,4,9,1753.4462,365.4684,0,106.868,109.087,1042,ok,,d69af31486
8a0b3dd4f97f095cad99ff21c8a8e5d763b89bd0,base,test,0,0,1750.438,356.3,0,101.711,108.146,1140,ok,,d69af31486
8a0b3dd4f97f095cad99ff21c8a8e5d763b89bd0,base,test,1,3,1793.5507,361.2644,0,93.712,104.185,1137,ok,,d69af31486
8a0b3dd4f97f095cad99ff21c8a8e5d763b89bd0,base,test,2,4,1772.8506,365.3772,0,113.413,98.59,1076,ok,,d69af31486
8a0b3dd4f97f095cad99ff21c8a8e5d763b89bd0,base,test,3,7,1761.1389,358.8656,0,90.316,104.546,1032,ok,,d69af31486
8a0b3dd4f97f095cad99ff21c8a8e5d763b89bd0,base,test,4,8,1765.7371,359.2507,0,100.117,112.78,1161,ok,,d69af31486
8a0b3dd4f97f095cad99ff21c8a8e5d763b89bd0,head,test,0,1,1792.8854,365.4086,0,92.77,109.829,1137,ok,,d69af31486
8a0b3dd4f97f095cad99ff21c8a8e5d763b89bd0,head,test,1,2,1855.1915,361.5994,0,105.894,107.1,1414,ok,,d69af31486
8a0b3dd4f97f095cad99ff21c8a8e5d763b89bd0,head,test,2,5,1756.8078,362.2814,0,71.146,77.291,1038,outlier,inp,d69af31486
8a0b3dd4f97f095cad99ff21c8a8e5d763b89bd0,head,test,3,6,1787.5148,351.9631,0,101.597,111.597,1113,ok,,d69af31486
8a0b3dd4f97f095cad99ff21c8a8e5d763b89bd0,head,test,4,9,1760.6924,362.3897,0,102.567,99.93,1037,ok,,d69af31486
271e328eb4ea9b5422220809d06edfd6644ad475,base,test,0,0,1828.1705,314.1835,0,92.723,102.383,1229,ok,,d69af31486
271e328eb4ea9b5422220809d06edfd6644ad475,base,test,1,3,1821.127,313.1182,0,104.164,98.902,1070,ok,,d69af31486
271e328eb4ea9b5422220809d06edfd6644ad475,base,test,2,4,1785.335,318.2684,0,104.514,100.146,1021,ok,,d69af31486
271e328eb4ea9b5422220809d06edfd6644ad475,base,test,3,7,1825.5545,317.107,0,92.091,91.858,1105,ok,,d69af31486
271e328eb4ea9b5422220809d06edfd6644ad475,base,test,4,8,1833.674,313.3099,0,95.182,102.903,1113,ok,,d69af31486
271e328eb4ea9b5422220809d06edfd6644ad475,head,test,0,1,1792.28,334.5053,0,106.263,107.117,1048,ok,,d69af31486
271e328eb4ea9b5422220809d06edfd6644ad475,head,test,1,2,1847.0215,346.2228,0,95.879,104.75,1162,ok,,d69af31486
271e328eb4ea9b5422220809d06edfd6644ad475,head,test,2,5,1799.347,341.4897,0,98.798,99.082,1064,ok,,d69af31486
271e328eb4ea9b5422220809d06edfd6644ad475,head,test,3,6,1847.6385,314.9233,0,101.327,101.369,1163,ok,,d69af31486
271e328eb4ea9b5422220809d06edfd6644ad475,head,test,4,9,1825.227,313.3231,0,96.247,98.102,1120,ok,,d69af31486
b7d6edf999b6b95242fe9db5a0cd40573b4f3864,base,test,0,0,1831.2045,314.3712,0,98.093,99.569,1223,outlier,lcpObs,d69af31486
b7d6edf999b6b95242fe9db5a0cd40573b4f3864,base,test,1,3,1784.2465,317.9382,0,98.15,104.951,1038,ok,,d69af31486
b7d6edf999b6b95242fe9db5a0cd40573b4f3864,base,test,2,4,1786.811,319.0084,0,113.821,107.82,1057,ok,,d69af31486
b7d6edf999b6b95242fe9db5a0cd40573b4f3864,base,test,3,7,1801.385,323.3193,0,90.474,109.333,1076,ok,,d69af31486
b7d6edf999b6b95242fe9db5a0cd40573b4f3864,base,test,4,8,1780.9275,327.8396,0,104.041,95.598,1036,ok,,d69af31486
b7d6edf999b6b95242fe9db5a0cd40573b4f3864,head,test,0,1,1792.032,311.1871,0,98.408,97.942,1047,ok,,d69af31486
b7d6edf999b6b95242fe9db5a0cd40573b4f3864,head,test,1,2,1795.6085,329.2346,0,105.215,109.196,1070,ok,,d69af31486
b7d6edf999b6b95242fe9db5a0cd40573b4f3864,head,test,2,5,1784.62,318.333,0,95.576,98.464,1027,ok,,d69af31486
b7d6edf999b6b95242fe9db5a0cd40573b4f3864,head,test,3,6,1792.1675,321.3541,0,106.941,99.224,1058,ok,,d69af31486
b7d6edf999b6b95242fe9db5a0cd40573b4f3864,head,test,4,9,1794.6315,324.2974,0,94.357,98.03,1165,outlier,lcpObs,d69af31486
70f84ab9ccbeeec96f0ef76cc57a712c6f7b531a,base,test,0,0,1812.673,316.3084,0,107.483,101.347,1039,ok,,d69af31486
70f84ab9ccbeeec96f0ef76cc57a712c6f7b531a,base,test,1,3,1808.728,317.08,0,89.78,100.882,1063,ok,,d69af31486
70f84ab9ccbeeec96f0ef76cc57a712c6f7b531a,base,test,2,4,1781.8275,322.0698,0,92.652,98.887,1056,ok,,d69af31486
70f84ab9ccbeeec96f0ef76cc57a712c6f7b531a,base,test,3,7,1835.7565,313.1731,0,73.163,73.184,1148,ok,,d69af31486
70f84ab9ccbeeec96f0ef76cc57a712c6f7b531a,base,test,4,8,1829.343,345.4183,0,91.06,93.745,1107,ok,,d69af31486
70f84ab9ccbeeec96f0ef76cc57a712c6f7b531a,head,test,0,1,1792.995,324.1848,0,98.183,104.427,1062,ok,,d69af31486
70f84ab9ccbeeec96f0ef76cc57a712c6f7b531a,head,test,1,2,1846.068,317.8738,0,101.076,91.837,1154,outlier,lcpObs,d69af31486
70f84ab9ccbeeec96f0ef76cc57a712c6f7b531a,head,test,2,5,1802.841,315.4732,0,110.58,99.709,1052,ok,,d69af31486
70f84ab9ccbeeec96f0ef76cc57a712c6f7b531a,head,test,3,6,1791.4845,319.3787,0,88.223,96.571,1048,ok,,d69af31486
70f84ab9ccbeeec96f0ef76cc57a712c6f7b531a,head,test,4,9,1785.207,323.4111,0,65.993,97.409,1041,ok,,d69af31486
d2933a8b067432d6a60b358caed2b5bd28c1e3ad,base,test,0,0,1784.905,318.0345,0,91.748,100.707,1123,ok,,d69af31486
d2933a8b067432d6a60b358caed2b5bd28c1e3ad,base,test,1,3,1777.2985,313.2131,0,104.849,97.863,1018,outlier,lcpObs,d69af31486
d2933a8b067432d6a60b358caed2b5bd28c1e3ad,base,test,2,4,1838.8485,318.1853,0,95.839,101.127,1144,ok,,d69af31486
d2933a8b067432d6a60b358caed2b5bd28c1e3ad,base,test,3,7,1787.747,321.1128,0,97.444,103.956,1038,ok,,d69af31486
d2933a8b067432d6a60b358caed2b5bd28c1e3ad,base,test,4,8,1782.903,321.3469,0,103.426,104.539,1127,ok,,d69af31486
d2933a8b067432d6a60b358caed2b5bd28c1e3ad,head,test,0,1,1778.0715,309.3714,0,95.016,98.186,1005,ok,,d69af31486
d2933a8b067432d6a60b358caed2b5bd28c1e3ad,head,test,1,2,1800.8095,315.3727,0,96.802,100.082,1204,ok,,d69af31486
d2933a8b067432d6a60b358caed2b5bd28c1e3ad,head,test,2,5,1817.6266,317.9725,0,101.968,98.0,1191,ok,,d69af31486
d2933a8b067432d6a60b358caed2b5bd28c1e3ad,head,test,3,6,1839.009,315.3921,0,103.106,91.737,1148,ok,,d69af31486
d2933a8b067432d6a60b358caed2b5bd28c1e3ad,head,test,4,9,1790.667,322.2,0,98.695,100.134,1051,ok,,d69af31486
1ef904d3781864555656f64e307e21e3d3183525,base,test,0,0,1782.1965,314.2675,0,98.239,100.58,1133,outlier,lcpObs,d69af31486
1ef904d3781864555656f64e307e21e3d3183525,base,test,1,3,1786.9845,316.1013,0,102.155,95.38,1054,ok,,d69af31486
1ef904d3781864555656f64e307e21e3d3183525,base,test,2,4,1784.5945,311.2613,0,101.324,96.121,1022,ok,,d69af31486
1ef904d3781864555656f64e307e21e3d3183525,base,test,3,7,1790.1215,317.1322,0,97.962,101.029,1050,ok,,d69af31486
1ef904d3781864555656f64e307e21e3d3183525,base,test,4,8,1794.734,315.2908,0,91.122,96.92,1052,ok,,d69af31486
1ef904d3781864555656f64e307e21e3d3183525,head,test,0,1,1833.473,321.4516,0,100.684,97.739,1127,outlier,lcpObs,d69af31486
1ef904d3781864555656f64e307e21e3d3183525,head,test,1,2,1788.341,315.553,0,90.6,106.435,1033,ok,,d69af31486
1ef904d3781864555656f64e307e21e3d3183525,head,test,2,5,1781.649,317.4146,0,98.842,96.255,1020,ok,,d69af31486
1ef904d3781864555656f64e307e21e3d3183525,head,test,3,6,1786.726,313.066,0,96.234,101.916,1048,ok,,d69af31486
1ef904d3781864555656f64e307e21e3d3183525,head,test,4,9,1792.3965,316.2318,0,97.206,98.497,1060,ok,,d69af31486
443b03af2ff59721390492d46c22052f96f899c5,base,test,0,0,1808.876,312.3691,0,91.353,95.943,1178,ok,,d69af31486
443b03af2ff59721390492d46c22052f96f899c5,base,test,1,3,1825.938,315.5091,0,95.804,98.086,1086,ok,,d69af31486
443b03af2ff59721390492d46c22052f96f899c5,base,test,2,4,1777.708,322.4482,0,86.965,92.821,1032,ok,,d69af31486
443b03af2ff59721390492d46c22052f96f899c5,base,test,3,7,1796.9025,330.0769,0,100.072,98.099,1056,ok,,d69af31486
443b03af2ff59721390492d46c22052f96f899c5,base,test,4,8,1791.0905,323.1095,0,91.982,96.922,1045,ok,,d69af31486
443b03af2ff59721390492d46c22052f96f899c5,base,test,5,11,1786.024,323.5745,0,96.82,108.369,1031,ok,,d69af31486
443b03af2ff59721390492d46c22052f96f899c5,base,test,6,12,1810.7255,327.3842,0,102.795,95.795,1073,ok,,d69af31486
443b03af2ff59721390492d46c22052f96f899c5,base,test,7,15,1832.497,333.0519,0,89.698,94.545,1123,ok,,d69af31486
443b03af2ff59721390492d46c22052f96f899c5,base,test,8,16,1839.6366,313.3151,0,106.433,175.313,1332,outlier,tbtFlow;lcpObs,d69af31486
443b03af2ff59721390492d46c22052f96f899c5,base,test,9,19,1829.418,351.3016,0,98.847,106.408,1130,ok,,d69af31486
443b03af2ff59721390492d46c22052f96f899c5,base,test,10,20,1798.0235,311.3267,0,93.966,95.595,1052,ok,,d69af31486
443b03af2ff59721390492d46c22052f96f899c5,base,test,11,23,1851.921,317.8598,0,98.09,100.148,1153,ok,,d69af31486
443b03af2ff59721390492d46c22052f96f899c5,base,test,12,24,1790.474,312.9881,0,98.715,93.67,1045,ok,,d69af31486
443b03af2ff59721390492d46c22052f96f899c5,base,test,13,27,1788.593,325.3925,0,98.616,103.55,1040,ok,,d69af31486
443b03af2ff59721390492d46c22052f96f899c5,base,test,14,28,1836.7705,323.1624,0,90.993,99.3,1154,ok,,d69af31486
443b03af2ff59721390492d46c22052f96f899c5,head,test,0,1,1841.695,369.1196,0,109.973,99.497,1173,outlier,tbt,d69af31486
443b03af2ff59721390492d46c22052f96f899c5,head,test,1,2,1902.106,314.1484,0,98.13,95.613,1204,outlier,lcp,d69af31486
443b03af2ff59721390492d46c22052f96f899c5,head,test,2,5,1798.595,319.5211,0,97.669,102.306,1080,ok,,d69af31486
443b03af2ff59721390492d46c22052f96f899c5,head,test,3,6,1789.006,319.7462,0,105.79,99.662,1033,ok,,d69af31486
443b03af2ff59721390492d46c22052f96f899c5,head,test,4,9,1765.2016,318.3057,0,102.782,103.943,1053,ok,,d69af31486
443b03af2ff59721390492d46c22052f96f899c5,head,test,5,10,1778.915,319.2305,0,93.277,95.049,1015,ok,,d69af31486
443b03af2ff59721390492d46c22052f96f899c5,head,test,6,13,1861.2445,317.1628,0,102.101,94.472,1175,ok,,d69af31486
443b03af2ff59721390492d46c22052f96f899c5,head,test,7,14,1799.8085,319.178,0,99.211,93.543,1070,ok,,d69af31486
443b03af2ff59721390492d46c22052f96f899c5,head,test,8,17,1782.5025,317.0327,0,97.955,99.894,1037,ok,,d69af31486
443b03af2ff59721390492d46c22052f96f899c5,head,test,9,18,1793.5995,316.3361,0,107.558,104.854,1157,ok,,d69af31486
443b03af2ff59721390492d46c22052f96f899c5,head,test,10,21,1794.275,317.1339,0,104.353,98.979,1049,ok,,d69af31486
443b03af2ff59721390492d46c22052f96f899c5,head,test,11,22,1795.6255,315.4299,0,97.282,97.265,1060,ok,,d69af31486
443b03af2ff59721390492d46c22052f96f899c5,head,test,12,25,1787.374,319.0115,0,97.728,97.343,1057,ok,,d69af31486
443b03af2ff59721390492d46c22052f96f899c5,head,test,13,26,1803.551,315.0358,0,97.966,97.273,1175,ok,,d69af31486
443b03af2ff59721390492d46c22052f96f899c5,head,test,14,29,1848.6475,322.3363,0,103.342,95.849,1277,outlier,lcpObs,d69af31486
77d4efb4daaef57caa7238c7d529855aaba0e313,base,test,0,0,1785.558,308.3292,0,108.795,99.148,1037,ok,,d69af31486
77d4efb4daaef57caa7238c7d529855aaba0e313,base,test,1,3,1792.649,315.2359,0,98.102,98.482,1049,ok,,d69af31486
77d4efb4daaef57caa7238c7d529855aaba0e313,base,test,2,4,1797.618,317.4402,0,97.241,100.691,1065,ok,,d69af31486
77d4efb4daaef57caa7238c7d529855aaba0e313,base,test,3,7,1834.635,319.3032,0,104.106,111.005,1320,outlier,lcpObs,d69af31486
77d4efb4daaef57caa7238c7d529855aaba0e313,base,test,4,8,1802.126,316.3573,0,99.877,99.217,1064,ok,,d69af31486
77d4efb4daaef57caa7238c7d529855aaba0e313,head,test,0,1,1837.9035,316.4226,0,93.218,105.578,1147,ok,,d69af31486
77d4efb4daaef57caa7238c7d529855aaba0e313,head,test,1,2,1836.703,342.1939,0,94.532,106.668,1142,ok,,d69af31486
77d4efb4daaef57caa7238c7d529855aaba0e313,head,test,2,5,1799.0205,318.924,0,106.208,106.652,1097,ok,,d69af31486
77d4efb4daaef57caa7238c7d529855aaba0e313,head,test,3,6,1799.6,317.4103,0,100.725,96.374,1062,ok,,d69af31486
77d4efb4daaef57caa7238c7d529855aaba0e313,head,test,4,9,1798.615,319.0722,0,101.069,103.618,1082,ok,,d69af31486
e3ebff10ae60527406a6aec23d1ec5662c7de09b,base,test,0,0,1793.693,313.2789,0,98.436,100.389,1176,outlier,lcpObs,d69af31486
e3ebff10ae60527406a6aec23d1ec5662c7de09b,base,test,1,3,1793.604,315.3092,0,97.077,99.086,1034,ok,,d69af31486
e3ebff10ae60527406a6aec23d1ec5662c7de09b,base,test,2,4,1780.833,324.0214,0,87.963,96.737,1012,ok,,d69af31486
e3ebff10ae60527406a6aec23d1ec5662c7de09b,base,test,3,7,1828.174,314.2836,0,99.852,100.805,1104,ok,,d69af31486
e3ebff10ae60527406a6aec23d1ec5662c7de09b,base,test,4,8,1786.1455,317.4101,0,91.401,98.408,1039,ok,,d69af31486
e3ebff10ae60527406a6aec23d1ec5662c7de09b,base,test,5,11,1781.3475,319.4034,0,107.68,107.845,1067,ok,,d69af31486
e3ebff10ae60527406a6aec23d1ec5662c7de09b,base,test,6,12,1818.4315,324.1184,0,92.706,98.912,1090,ok,,d69af31486
e3ebff10ae60527406a6aec23d1ec5662c7de09b,base,test,7,15,1809.2785,344.9433,0,93.887,96.253,1049,ok,,d69af31486
e3ebff10ae60527406a6aec23d1ec5662c7de09b,base,test,8,16,1794.0765,319.6834,0,104.227,108.818,1045,ok,,d69af31486
e3ebff10ae60527406a6aec23d1ec5662c7de09b,base,test,9,19,1789.7205,318.3091,0,99.776,96.622,1067,ok,,d69af31486
e3ebff10ae60527406a6aec23d1ec5662c7de09b,base,test,10,20,1790.9555,315.1987,0,96.597,98.416,1041,ok,,d69af31486
e3ebff10ae60527406a6aec23d1ec5662c7de09b,base,test,11,23,1791.3675,323.1003,0,90.432,101.049,1075,ok,,d69af31486
e3ebff10ae60527406a6aec23d1ec5662c7de09b,base,test,12,24,1801.8945,316.1541,0,96.105,110.0,1047,ok,,d69af31486
e3ebff10ae60527406a6aec23d1ec5662c7de09b,base,test,13,27,1811.5315,316.039,0,104.873,99.084,1114,ok,,d69af31486
e3ebff10ae60527406a6aec23d1ec5662c7de09b,base,test,14,28,1784.881,316.1367,0,89.139,92.828,1032,ok,,d69af31486
e3ebff10ae60527406a6aec23d1ec5662c7de09b,head,test,0,1,1796.2665,353.4185,0,94.147,108.622,1068,outlier,tbt,d69af31486
e3ebff10ae60527406a6aec23d1ec5662c7de09b,head,test,1,2,1796.3205,322.8053,0,106.569,96.355,1043,ok,,d69af31486
e3ebff10ae60527406a6aec23d1ec5662c7de09b,head,test,2,5,1782.604,333.2536,0,97.841,97.693,1026,ok,,d69af31486
e3ebff10ae60527406a6aec23d1ec5662c7de09b,head,test,3,6,1841.52,351.2232,0,105.702,94.788,1159,outlier,tbt;lcpObs,d69af31486
e3ebff10ae60527406a6aec23d1ec5662c7de09b,head,test,4,9,1793.8325,320.5616,0,101.999,98.086,1035,ok,,d69af31486
e3ebff10ae60527406a6aec23d1ec5662c7de09b,head,test,5,10,1842.534,313.0634,0,103.657,101.002,1139,outlier,lcpObs,d69af31486
e3ebff10ae60527406a6aec23d1ec5662c7de09b,head,test,6,13,1786.5585,318.3678,0,97.239,95.731,1140,outlier,lcpObs,d69af31486
e3ebff10ae60527406a6aec23d1ec5662c7de09b,head,test,7,14,1788.9005,318.0957,0,93.983,99.473,1035,ok,,d69af31486
e3ebff10ae60527406a6aec23d1ec5662c7de09b,head,test,8,17,1786.1215,317.7188,0,102.231,98.252,1145,outlier,lcpObs,d69af31486
e3ebff10ae60527406a6aec23d1ec5662c7de09b,head,test,9,18,1783.8315,315.4484,0,102.331,94.256,1023,ok,,d69af31486
e3ebff10ae60527406a6aec23d1ec5662c7de09b,head,test,10,21,1846.2795,319.4656,0,107.81,99.524,1162,outlier,lcpObs,d69af31486
e3ebff10ae60527406a6aec23d1ec5662c7de09b,head,test,11,22,1781.0505,319.1576,0,93.606,100.299,1043,ok,,d69af31486
e3ebff10ae60527406a6aec23d1ec5662c7de09b,head,test,12,25,1789.618,316.31,0,102.018,112.856,1013,ok,,d69af31486
e3ebff10ae60527406a6aec23d1ec5662c7de09b,head,test,13,26,1778.479,314.0778,0,106.423,106.45,1039,ok,,d69af31486
e3ebff10ae60527406a6aec23d1ec5662c7de09b,head,test,14,29,1797.1505,316.6225,0,89.112,91.507,1041,ok,,d69af31486
54100d2d47cb383d6e46175f0613f931f1a4a562,base,test,0,0,1790.0525,336.3547,0,96.341,99.522,1178,outlier,lcpObs,d69af31486
54100d2d47cb383d6e46175f0613f931f1a4a562,base,test,1,3,1794.1215,318.2729,0,100.02,106.854,1060,ok,,d69af31486
54100d2d47cb383d6e46175f0613f931f1a4a562,base,test,2,4,1784.5905,317.1288,0,96.571,98.55,1047,ok,,d69af31486
54100d2d47cb383d6e46175f0613f931f1a4a562,base,test,3,7,1792.7695,319.8661,0,103.494,105.027,1063,ok,,d69af31486
54100d2d47cb383d6e46175f0613f931f1a4a562,base,test,4,8,1786.291,321.1659,0,109.099,102.768,1053,ok,,d69af31486
54100d2d47cb383d6e46175f0613f931f1a4a562,head,test,0,1,1796.837,352.1928,0,91.096,103.956,1073,ok,,d69af31486
54100d2d47cb383d6e46175f0613f931f1a4a562,head,test,1,2,1831.2225,314.2682,0,105.803,103.693,1149,ok,,d69af31486
54100d2d47cb383d6e46175f0613f931f1a4a562,head,test,2,5,1783.27,320.4677,0,94.579,96.459,1024,ok,,d69af31486
54100d2d47cb383d6e46175f0613f931f1a4a562,head,test,3,6,1833.8005,320.2909,0,101.304,96.711,1157,ok,,d69af31486
54100d2d47cb383d6e46175f0613f931f1a4a562,head,test,4,9,1831.8035,318.3144,0,99.614,106.167,1124,ok,,d69af31486
6607138ac4af862cc7a79d7456481f3972685640,base,test,0,0,1838.9885,310.9926,0,102.292,102.509,1242,outlier,lcpObs,d69af31486
6607138ac4af862cc7a79d7456481f3972685640,base,test,1,3,1789.1055,312.4424,0,97.275,97.646,1036,ok,,d69af31486
6607138ac4af862cc7a79d7456481f3972685640,base,test,2,4,1784.755,319.0693,0,103.322,95.085,1063,ok,,d69af31486
6607138ac4af862cc7a79d7456481f3972685640,base,test,3,7,1803.121,331.5042,0,86.667,106.788,1069,ok,,d69af31486
6607138ac4af862cc7a79d7456481f3972685640,base,test,4,8,1791.15,321.3019,0,112.489,105.652,1072,ok,,d69af31486
6607138ac4af862cc7a79d7456481f3972685640,head,test,0,1,1836.986,320.2586,0,105.676,95.095,1134,ok,,d69af31486
6607138ac4af862cc7a79d7456481f3972685640,head,test,1,2,1796.2185,321.1078,0,97.461,96.939,1086,ok,,d69af31486
6607138ac4af862cc7a79d7456481f3972685640,head,test,2,5,1780.2905,321.4513,0,95.637,100.225,1128,ok,,d69af31486
6607138ac4af862cc7a79d7456481f3972685640,head,test,3,6,1807.968,316.1899,0,92.628,104.163,1080,ok,,d69af31486
6607138ac4af862cc7a79d7456481f3972685640,head,test,4,9,1787.1605,315.3001,0,96.229,93.47,1031,ok,,d69af31486
667ee5dfbc6704584633465376391e879c970d5a,base,test,0,0,1779.161,351.3862,0,100.577,99.162,1042,ok,,d69af31486
667ee5dfbc6704584633465376391e879c970d5a,base,test,1,3,1839.785,341.3942,0,96.779,98.556,1157,ok,,d69af31486
667ee5dfbc6704584633465376391e879c970d5a,base,test,2,4,1794.149,344.2491,0,93.561,97.299,1057,ok,,d69af31486
667ee5dfbc6704584633465376391e879c970d5a,base,test,3,7,1806.3835,318.1204,0,97.845,102.433,1098,ok,,d69af31486
667ee5dfbc6704584633465376391e879c970d5a,base,test,4,8,1776.4445,335.0398,0,97.948,96.868,1022,ok,,d69af31486
667ee5dfbc6704584633465376391e879c970d5a,head,test,0,1,1805.8375,342.1084,0,97.956,100.499,1129,ok,,d69af31486
667ee5dfbc6704584633465376391e879c970d5a,head,test,1,2,1785.468,317.1182,0,98.726,100.909,1049,outlier,lcpObs,d69af31486
667ee5dfbc6704584633465376391e879c970d5a,head,test,2,5,1844.8535,339.3657,0,94.523,113.867,1256,outlier,lcpObs,d69af31486
667ee5dfbc6704584633465376391e879c970d5a,head,test,3,6,1844.672,346.1952,0,102.463,100.165,1133,ok,,d69af31486
667ee5dfbc6704584633465376391e879c970d5a,head,test,4,9,1799.5,336.5887,0,106.008,95.239,1130,ok,,d69af31486
180f8cbf59cf650735c23dd188e0840e2b11da67,base,test,0,0,1794.74,332.1694,0,100.023,99.765,1174,outlier,lcpObs,d69af31486
180f8cbf59cf650735c23dd188e0840e2b11da67,base,test,1,3,1860.1855,338.8143,0,103.237,101.74,1128,outlier,lcpObs,d69af31486
180f8cbf59cf650735c23dd188e0840e2b11da67,base,test,2,4,1790.583,335.5462,0,90.629,96.561,1032,ok,,d69af31486
180f8cbf59cf650735c23dd188e0840e2b11da67,base,test,3,7,1789.483,339.1089,0,102.116,95.962,1042,ok,,d69af31486
180f8cbf59cf650735c23dd188e0840e2b11da67,base,test,4,8,1786.801,335.16,0,97.736,98.415,1049,ok,,d69af31486
180f8cbf59cf650735c23dd188e0840e2b11da67,head,test,0,1,1838.6025,337.5713,0,103.457,101.142,1152,ok,,d69af31486
180f8cbf59cf650735c23dd188e0840e2b11da67,head,test,1,2,1836.576,336.8855,0,98.552,98.593,1165,ok,,d69af31486
180f8cbf59cf650735c23dd188e0840e2b11da67,head,test,2,5,1787.3995,331.3152,0,96.025,98.728,1036,outlier,lcpObs,d69af31486
180f8cbf59cf650735c23dd188e0840e2b11da67,head,test,3,6,1780.1625,336.0511,0,101.946,98.166,1047,outlier,lcpObs,d69af31486
180f8cbf59cf650735c23dd188e0840e2b11da67,head,test,4,9,1853.4905,314.191,0,105.182,98.654,1167,ok,,d69af31486
aa676d3221a08243042b5387ec2efef1033d1a9a,base,test,0,0,1798.0765,353.395,0,95.735,97.355,1177,ok,,d69af31486
aa676d3221a08243042b5387ec2efef1033d1a9a,base,test,1,3,1813.8025,356.2446,0,89.293,95.146,1070,ok,,d69af31486
aa676d3221a08243042b5387ec2efef1033d1a9a,base,test,2,4,1791.214,357.2276,0,104.912,93.748,1028,ok,,d69af31486
aa676d3221a08243042b5387ec2efef1033d1a9a,base,test,3,7,1805.3865,363.3108,0,91.138,98.919,1075,ok,,d69af31486
aa676d3221a08243042b5387ec2efef1033d1a9a,base,test,4,8,1776.718,354.9943,0,90.721,92.928,1007,ok,,d69af31486
aa676d3221a08243042b5387ec2efef1033d1a9a,head,test,0,1,1780.936,353.3854,0,95.345,95.066,1103,ok,,d69af31486
aa676d3221a08243042b5387ec2efef1033d1a9a,head,test,1,2,1787.736,357.3671,0,100.16,95.103,1037,ok,,d69af31486
aa676d3221a08243042b5387ec2efef1033d1a9a,head,test,2,5,1803.1075,386.3077,0,96.193,96.347,1097,ok,,d69af31486
aa676d3221a08243042b5387ec2efef1033d1a9a,head,test,3,6,1790.381,361.0957,0,95.447,95.91,1059,ok,,d69af31486
aa676d3221a08243042b5387ec2efef1033d1a9a,head,test,4,9,1799.0895,355.5108,0,94.259,96.549,1073,ok,,d69af31486
994616b06030512198a68ae66c6f954651707cd7,base,test,0,0,1796.0765,362.3039,0,99.521,122.495,1150,ok,,d69af31486
994616b06030512198a68ae66c6f954651707cd7,base,test,1,3,1832.189,358.2371,0,103.704,107.881,1145,ok,,d69af31486
994616b06030512198a68ae66c6f954651707cd7,base,test,2,4,1789.4065,356.1834,0,90.209,96.371,1054,ok,,d69af31486
994616b06030512198a68ae66c6f954651707cd7,base,test,3,7,1783.1415,364.3137,0,101.422,97.281,1028,ok,,d69af31486
994616b06030512198a68ae66c6f954651707cd7,base,test,4,8,1791.68,355.3415,0,90.14,104.09,1045,ok,,d69af31486
994616b06030512198a68ae66c6f954651707cd7,head,test,0,1,1779.1815,359.0658,0,95.7,98.412,1136,ok,,d69af31486
994616b06030512198a68ae66c6f954651707cd7,head,test,1,2,1798.206,356.3054,0,90.905,105.972,1087,ok,,d69af31486
994616b06030512198a68ae66c6f954651707cd7,head,test,2,5,1853.9945,361.6401,0,97.916,98.362,1193,ok,,d69af31486
994616b06030512198a68ae66c6f954651707cd7,head,test,3,6,1799.946,355.2871,0,92.679,97.053,1059,ok,,d69af31486
994616b06030512198a68ae66c6f954651707cd7,head,test,4,9,1798.459,353.5871,0,100.203,100.002,1043,ok,,d69af31486
2c94bff61574ece6cac8e5c5f8882c20a567a84c,base,test,0,0,1806.4025,353.3063,0,94.976,100.157,1052,ok,,d69af31486
2c94bff61574ece6cac8e5c5f8882c20a567a84c,base,test,1,3,1835.9345,359.3084,0,107.804,109.087,1136,ok,,d69af31486
2c94bff61574ece6cac8e5c5f8882c20a567a84c,base,test,2,4,1844.0805,361.8784,0,99.931,97.258,1153,ok,,d69af31486
2c94bff61574ece6cac8e5c5f8882c20a567a84c,base,test,3,7,1793.418,359.4164,0,98.921,104.174,1061,ok,,d69af31486
2c94bff61574ece6cac8e5c5f8882c20a567a84c,base,test,4,8,1828.3855,358.32,0,96.126,101.447,1116,ok,,d69af31486
2c94bff61574ece6cac8e5c5f8882c20a567a84c,head,test,0,1,1837.6155,356.9307,0,97.106,96.234,1246,outlier,lcpObs,d69af31486
2c94bff61574ece6cac8e5c5f8882c20a567a84c,head,test,1,2,1786.2005,358.0126,0,99.835,106.394,1038,ok,,d69af31486
2c94bff61574ece6cac8e5c5f8882c20a567a84c,head,test,2,5,1787.5795,355.116,0,90.5,99.792,1047,ok,,d69af31486
2c94bff61574ece6cac8e5c5f8882c20a567a84c,head,test,3,6,1840.891,360.2028,0,95.202,102.955,1128,outlier,lcpObs,d69af31486
2c94bff61574ece6cac8e5c5f8882c20a567a84c,head,test,4,9,1783.937,357.5246,0,96.804,98.94,1038,ok,,d69af31486
28db631f22937dfe1af120ddb1fc2dbb0991c24d,base,test,0,0,1788.7275,354.6878,0,93.453,97.619,1036,ok,,d69af31486
28db631f22937dfe1af120ddb1fc2dbb0991c24d,base,test,1,3,1794.7535,354.394,0,90.091,95.65,1042,ok,,d69af31486
28db631f22937dfe1af120ddb1fc2dbb0991c24d,base,test,2,4,1844.2535,367.2607,0,98.183,99.372,1186,ok,,d69af31486
28db631f22937dfe1af120ddb1fc2dbb0991c24d,base,test,3,7,1791.413,360.0723,0,103.589,95.176,1037,ok,,d69af31486
28db631f22937dfe1af120ddb1fc2dbb0991c24d,base,test,4,8,1789.8745,366.2364,0,97.693,107.373,1047,ok,,d69af31486
28db631f22937dfe1af120ddb1fc2dbb0991c24d,base,test,5,11,1789.3805,356.5995,0,92.45,111.773,1018,ok,,d69af31486
28db631f22937dfe1af120ddb1fc2dbb0991c24d,base,test,6,12,1788.3975,359.0995,0,96.723,101.51,1091,ok,,d69af31486
28db631f22937dfe1af120ddb1fc2dbb0991c24d,base,test,7,15,1791.408,353.2615,0,90.602,102.297,1044,ok,,d69af31486
28db631f22937dfe1af120ddb1fc2dbb0991c24d,base,test,8,16,1840.4815,361.7257,0,101.059,98.085,1138,ok,,d69af31486
28db631f22937dfe1af120ddb1fc2dbb0991c24d,base,test,9,19,1795.3555,370.2928,0,93.306,108.99,1055,ok,,d69af31486
28db631f22937dfe1af120ddb1fc2dbb0991c24d,base,test,10,20,1856.2885,359.2335,0,78.245,67.996,1331,outlier,tbtFlow;lcpObs,d69af31486
28db631f22937dfe1af120ddb1fc2dbb0991c24d,base,test,11,23,1842.26,360.0935,0,105.376,97.064,1162,ok,,d69af31486
28db631f22937dfe1af120ddb1fc2dbb0991c24d,base,test,12,24,1792.922,408.1233,0,102.951,103.128,1093,outlier,tbt,d69af31486
28db631f22937dfe1af120ddb1fc2dbb0991c24d,base,test,13,27,1789.1595,403.1945,0,111.728,94.587,1054,outlier,tbt,d69af31486
28db631f22937dfe1af120ddb1fc2dbb0991c24d,base,test,14,28,1833.3265,360.4142,0,89.055,99.119,1113,ok,,d69af31486
28db631f22937dfe1af120ddb1fc2dbb0991c24d,head,test,0,1,1801.2555,322.0733,0,96.611,102.129,1094,ok,,d69af31486
28db631f22937dfe1af120ddb1fc2dbb0991c24d,head,test,1,2,1783.6985,322.3235,0,104.272,105.732,1132,ok,,d69af31486
28db631f22937dfe1af120ddb1fc2dbb0991c24d,head,test,2,5,1792.442,327.5074,0,94.009,97.95,1052,ok,,d69af31486
28db631f22937dfe1af120ddb1fc2dbb0991c24d,head,test,3,6,1781.3895,326.1834,0,107.606,104.583,1035,ok,,d69af31486
28db631f22937dfe1af120ddb1fc2dbb0991c24d,head,test,4,9,1797.2755,314.1649,0,91.355,91.52,1149,ok,,d69af31486
28db631f22937dfe1af120ddb1fc2dbb0991c24d,head,test,5,10,1784.148,320.1556,0,100.79,90.609,1035,ok,,d69af31486
28db631f22937dfe1af120ddb1fc2dbb0991c24d,head,test,6,13,1785.6775,322.4182,0,100.472,95.509,1019,ok,,d69af31486
28db631f22937dfe1af120ddb1fc2dbb0991c24d,head,test,7,14,1802.6895,318.1823,0,95.486,95.459,1091,ok,,d69af31486
28db631f22937dfe1af120ddb1fc2dbb0991c24d,head,test,8,17,1818.4905,319.9892,0,96.091,102.832,1096,ok,,d69af31486
28db631f22937dfe1af120ddb1fc2dbb0991c24d,head,test,9,18,1787.778,321.3029,0,100.215,96.039,1045,ok,,d69af31486
28db631f22937dfe1af120ddb1fc2dbb0991c24d,head,test,10,21,1790.643,319.3537,0,91.87,90.965,1061,ok,,d69af31486
28db631f22937dfe1af120ddb1fc2dbb0991c24d,head,test,11,22,1791.332,311.1533,0,96.517,109.098,1047,ok,,d69af31486
28db631f22937dfe1af120ddb1fc2dbb0991c24d,head,test,12,25,1792.768,341.2484,0,101.796,98.08,1087,ok,,d69af31486
28db631f22937dfe1af120ddb1fc2dbb0991c24d,head,test,13,26,1842.5895,315.5728,0,101.524,95.457,1091,ok,,d69af31486
28db631f22937dfe1af120ddb1fc2dbb0991c24d,head,test,14,29,1796.5185,319.166,0,97.768,98.6,1055,ok,,d69af31486
00fbfb0531141cbb93642ea94d02ef82f7c17157,base,test,0,0,1841.7255,313.2876,0,99.015,94.842,1270,outlier,lcpObs,d69af31486
00fbfb0531141cbb93642ea94d02ef82f7c17157,base,test,1,3,1791.193,314.4251,0,94.104,101.483,1027,ok,,d69af31486
00fbfb0531141cbb93642ea94d02ef82f7c17157,base,test,2,4,1787.1195,317.3568,0,93.392,100.283,1045,ok,,d69af31486
00fbfb0531141cbb93642ea94d02ef82f7c17157,base,test,3,7,1791.5315,320.3276,0,106.146,90.793,1052,ok,,d69af31486
00fbfb0531141cbb93642ea94d02ef82f7c17157,base,test,4,8,1787.3525,316.0284,0,95.16,95.94,1045,ok,,d69af31486
00fbfb0531141cbb93642ea94d02ef82f7c17157,head,test,0,1,1805.763,315.7553,0,99.996,99.839,1080,ok,,d69af31486
00fbfb0531141cbb93642ea94d02ef82f7c17157,head,test,1,2,1784.148,316.3721,0,100.851,94.593,1029,ok,,d69af31486
00fbfb0531141cbb93642ea94d02ef82f7c17157,head,test,2,5,1800.9475,320.0872,0,102.769,92.601,1084,ok,,d69af31486
00fbfb0531141cbb93642ea94d02ef82f7c17157,head,test,3,6,1786.96,310.1315,0,95.131,93.636,1023,ok,,d69af31486
00fbfb0531141cbb93642ea94d02ef82f7c17157,head,test,4,9,1777.9455,316.382,0,108.327,100.299,1006,ok,,d69af31486
c6ebe215d88d384e76b34b426430653722834111,base,test,0,0,1882.6,317.242,0,90.935,90.142,1461,outlier,lcp;lcpObs,d69af31486
c6ebe215d88d384e76b34b426430653722834111,base,test,1,3,1784.2005,336.4449,0,104.791,98.164,1051,ok,,d69af31486
c6ebe215d88d384e76b34b426430653722834111,base,test,2,4,1792.731,320.9467,0,103.11,90.849,1076,ok,,d69af31486
c6ebe215d88d384e76b34b426430653722834111,base,test,3,7,1791.335,315.2252,0,91.385,95.248,1070,ok,,d69af31486
c6ebe215d88d384e76b34b426430653722834111,base,test,4,8,1856.9525,324.2969,0,96.63,95.103,1185,ok,,d69af31486
c6ebe215d88d384e76b34b426430653722834111,head,test,0,1,1829.0405,320.5174,0,93.261,106.028,1123,outlier,lcpObs,d69af31486
c6ebe215d88d384e76b34b426430653722834111,head,test,1,2,1792.2405,315.5181,0,97.62,92.421,1060,ok,,d69af31486
c6ebe215d88d384e76b34b426430653722834111,head,test,2,5,1792.83,320.8026,0,93.432,91.355,1043,ok,,d69af31486
c6ebe215d88d384e76b34b426430653722834111,head,test,3,6,1794.6915,317.0675,0,100.804,93.489,1060,ok,,d69af31486
c6ebe215d88d384e76b34b426430653722834111,head,test,4,9,1797.3935,322.0502,0,98.66,92.935,1060,ok,,d69af31486
f02b64ea529199cacf86912f556b2350a566ed6d,base,test,0,0,1799.7475,315.2716,0,101.343,108.464,1167,ok,,d69af31486
f02b64ea529199cacf86912f556b2350a566ed6d,base,test,1,3,1836.403,324.3657,0,94,94.939,1150,ok,,d69af31486
f02b64ea529199cacf86912f556b2350a566ed6d,base,test,2,4,1845.3475,317.5303,0,94.215,98.407,1137,ok,,d69af31486
f02b64ea529199cacf86912f556b2350a566ed6d,base,test,3,7,1786.411,352.1053,0,106.312,129.196,1046,outlier,tbt;tbtFlow,d69af31486
f02b64ea529199cacf86912f556b2350a566ed6d,base,test,4,8,1843.186,318.1931,0,100.036,94.61,1155,ok,,d69af31486
f02b64ea529199cacf86912f556b2350a566ed6d,base,test,5,11,1785.875,316.3465,0,106.905,95.628,1110,ok,,d69af31486
f02b64ea529199cacf86912f556b2350a566ed6d,base,test,6,12,1793.713,315.2376,0,99.488,90.746,1032,ok,,d69af31486
f02b64ea529199cacf86912f556b2350a566ed6d,base,test,7,15,1793.756,318.1621,0,98.698,92.601,1085,ok,,d69af31486
f02b64ea529199cacf86912f556b2350a566ed6d,base,test,8,16,1792.7505,322.1179,0,91.476,86.706,1060,ok,,d69af31486
f02b64ea529199cacf86912f556b2350a566ed6d,base,test,9,19,1792.2935,317.2644,0,97.83,110.121,1055,ok,,d69af31486
f02b64ea529199cacf86912f556b2350a566ed6d,base,test,10,20,1794.863,321.4572,0,106.139,91.616,1067,ok,,d69af31486
f02b64ea529199cacf86912f556b2350a566ed6d,base,test,11,23,1786.2285,315.4002,0,107.915,100.266,1037,ok,,d69af31486
f02b64ea529199cacf86912f556b2350a566ed6d,base,test,12,24,1779.2785,327.1825,0,97.222,93.575,1030,ok,,d69af31486
f02b64ea529199cacf86912f556b2350a566ed6d,base,test,13,27,1842.1265,317.3709,0,103.805,92.636,1157,ok,,d69af31486
f02b64ea529199cacf86912f556b2350a566ed6d,base,test,14,28,1789.3345,313.1428,0,92.759,105.62,1058,ok,,d69af31486
f02b64ea529199cacf86912f556b2350a566ed6d,head,test,0,1,1781.892,321.2733,0,93.845,115.348,1036,ok,,d69af31486
f02b64ea529199cacf86912f556b2350a566ed6d,head,test,1,2,1792.064,315.2374,0,102.407,92.982,1071,ok,,d69af31486
f02b64ea529199cacf86912f556b2350a566ed6d,head,test,2,5,1789.6255,316.465,0,91.346,90.47,1068,ok,,d69af31486
f02b64ea529199cacf86912f556b2350a566ed6d,head,test,3,6,1781.268,313.1335,0,102.789,93.418,1037,ok,,d69af31486
f02b64ea529199cacf86912f556b2350a566ed6d,head,test,4,9,1798.73,322.1468,0,104.587,87.966,1078,ok,,d69af31486
f02b64ea529199cacf86912f556b2350a566ed6d,head,test,5,10,1789.5365,318.1807,0,91.633,95.089,1039,ok,,d69af31486
f02b64ea529199cacf86912f556b2350a566ed6d,head,test,6,13,1792.999,312.3886,0,98.976,91.348,1064,ok,,d69af31486
f02b64ea529199cacf86912f556b2350a566ed6d,head,test,7,14,1793.8495,313.5681,0,95.816,99.484,1049,ok,,d69af31486
f02b64ea529199cacf86912f556b2350a566ed6d,head,test,8,17,1850.525,319.0777,0,94.368,88.667,1189,outlier,lcpObs,d69af31486
f02b64ea529199cacf86912f556b2350a566ed6d,head,test,9,18,1801.195,317.2211,0,101.715,97.475,1092,ok,,d69af31486
f02b64ea529199cacf86912f556b2350a566ed6d,head,test,10,21,1883.8999,316.2117,0,111.709,90.711,1455,outlier,lcpObs,d69af31486
f02b64ea529199cacf86912f556b2350a566ed6d,head,test,11,22,1850.421,312.1257,0,96.965,100.654,1160,ok,,d69af31486
f02b64ea529199cacf86912f556b2350a566ed6d,head,test,12,25,1801.1515,320.0381,0,98.456,91.374,1091,ok,,d69af31486
f02b64ea529199cacf86912f556b2350a566ed6d,head,test,13,26,1877.4015,315.039,0,104.239,99.835,10835,outlier,lcpObs,d69af31486
f02b64ea529199cacf86912f556b2350a566ed6d,head,test,14,29,1795.0125,313.3818,0,90.609,90.972,1061,ok,,d69af31486
3aec4df381f10d973308877a1e48cfd0c678ea1a,base,test,0,0,1790.1645,316.2896,0,100.063,91.465,1154,outlier,lcpObs,d69af31486
3aec4df381f10d973308877a1e48cfd0c678ea1a,base,test,1,3,1798.1995,316.2938,0,97.159,90.339,1063,ok,,d69af31486
3aec4df381f10d973308877a1e48cfd0c678ea1a,base,test,2,4,1795.1445,315.673,0,99.496,101.122,1057,ok,,d69af31486
3aec4df381f10d973308877a1e48cfd0c678ea1a,base,test,3,7,1843.5412,321.3914,0,96.811,97.127,6134,outlier,lcpObs,d69af31486
3aec4df381f10d973308877a1e48cfd0c678ea1a,base,test,4,8,1797.6325,314.6652,0,102.072,95.087,1072,ok,,d69af31486
3aec4df381f10d973308877a1e48cfd0c678ea1a,head,test,0,1,1795.6135,333.6854,0,91.973,98.883,1123,ok,,d69af31486
3aec4df381f10d973308877a1e48cfd0c678ea1a,head,test,1,2,1811.943,316.2982,0,101.12,95.376,1103,ok,,d69af31486
3aec4df381f10d973308877a1e48cfd0c678ea1a,head,test,2,5,1795.65,316.6217,0,99.414,92.887,1068,ok,,d69af31486
3aec4df381f10d973308877a1e48cfd0c678ea1a,head,test,3,6,1793.657,322.3981,0,100.516,100.682,1080,ok,,d69af31486
3aec4df381f10d973308877a1e48cfd0c678ea1a,head,test,4,9,1787.1725,316.3758,0,100.468,101.489,1030,ok,,d69af31486
4b011487f73c48257e29530d8c5d128b6434fad8,base,test,0,0,1792.4525,331.1426,0,92.651,82.346,1060,ok,,fd0d07aa6d
4b011487f73c48257e29530d8c5d128b6434fad8,base,test,1,3,1801.0295,317.4531,0,91.129,82.126,1100,ok,,fd0d07aa6d
4b011487f73c48257e29530d8c5d128b6434fad8,base,test,2,4,1788.825,353.3915,0,82.477,81.655,1073,ok,,fd0d07aa6d
4b011487f73c48257e29530d8c5d128b6434fad8,base,test,3,7,1783.624,351.6762,0,92.78,84.673,1039,ok,,fd0d07aa6d
4b011487f73c48257e29530d8c5d128b6434fad8,base,test,4,8,1791.447,348.474,0,102.166,84.896,1035,ok,,fd0d07aa6d
4b011487f73c48257e29530d8c5d128b6434fad8,head,test,0,1,1776.266,354.9974,0,92.12,101.478,1048,ok,,fd0d07aa6d
4b011487f73c48257e29530d8c5d128b6434fad8,head,test,1,2,1792.073,363.6866,0,98.096,87.749,1048,ok,,fd0d07aa6d
4b011487f73c48257e29530d8c5d128b6434fad8,head,test,2,5,1781.65,357.7111,0,90.479,79.84,1041,ok,,fd0d07aa6d
4b011487f73c48257e29530d8c5d128b6434fad8,head,test,3,6,1804.391,353.735,0,98.285,90.259,1177,outlier,lcpObs,fd0d07aa6d
4b011487f73c48257e29530d8c5d128b6434fad8,head,test,4,9,1806.1125,334.0731,0,107.047,91.999,1169,outlier,lcpObs,fd0d07aa6d
428e0f87b71f38e21660abafda0e4088f1b2006a,base,test,0,0,1853.5045,315.1991,0,103.395,102.302,1094,outlier,lcpObs,fd0d07aa6d
428e0f87b71f38e21660abafda0e4088f1b2006a,base,test,1,3,1803.8295,316.3815,0,110.961,90.229,993,ok,,fd0d07aa6d
428e0f87b71f38e21660abafda0e4088f1b2006a,base,test,2,4,1796.292,312.8937,0,103.301,81.937,969,ok,,fd0d07aa6d
428e0f87b71f38e21660abafda0e4088f1b2006a,base,test,3,7,1788.314,312.157,0,101.714,89.655,954,ok,,fd0d07aa6d
428e0f87b71f38e21660abafda0e4088f1b2006a,base,test,4,8,1797.0275,332.0856,0,99.078,82.651,990,ok,,fd0d07aa6d
428e0f87b71f38e21660abafda0e4088f1b2006a,head,test,0,1,1735.7605,348.2591,0,81.564,78.612,962,ok,,fd0d07aa6d
428e0f87b71f38e21660abafda0e4088f1b2006a,head,test,1,2,1797.6375,343.4092,0,102.731,81.049,1261,ok,,fd0d07aa6d
428e0f87b71f38e21660abafda0e4088f1b2006a,head,test,2,5,1846.677,319.1946,0,93.712,88.17,1091,ok,,fd0d07aa6d
428e0f87b71f38e21660abafda0e4088f1b2006a,head,test,3,6,1783.2595,316.0838,0,100.698,86.502,962,ok,,fd0d07aa6d
428e0f87b71f38e21660abafda0e4088f1b2006a,head,test,4,9,1834.406,316.4125,0,93.558,91.563,9281,outlier,lcpObs,fd0d07aa6d
a8d473d79275078f83cd59bc7804da844f1ffd14,base,test,0,0,1802.6405,319.2139,0,96.688,90.402,1267,ok,,fd0d07aa6d
a8d473d79275078f83cd59bc7804da844f1ffd14,base,test,1,3,1782.991,331.2079,0,107.266,81.61,944,ok,,fd0d07aa6d
a8d473d79275078f83cd59bc7804da844f1ffd14,base,test,2,4,1790.8485,334.1243,0,93.758,89.716,985,ok,,fd0d07aa6d
a8d473d79275078f83cd59bc7804da844f1ffd14,base,test,3,7,1825.8775,322.0268,0,102.189,83.148,1010,ok,,fd0d07aa6d
a8d473d79275078f83cd59bc7804da844f1ffd14,base,test,4,8,1845.3935,332.1186,0,108.623,83.968,1075,ok,,fd0d07aa6d
a8d473d79275078f83cd59bc7804da844f1ffd14,head,test,0,1,1795.1475,321.4027,0,109.851,80.666,987,ok,,fd0d07aa6d
a8d473d79275078f83cd59bc7804da844f1ffd14,head,test,1,2,1814.833,325,0,106.371,81.956,1013,ok,,fd0d07aa6d
a8d473d79275078f83cd59bc7804da844f1ffd14,head,test,2,5,1816.2375,327.7398,0,109.269,79.185,1294,outlier,lcpObs,fd0d07aa6d
a8d473d79275078f83cd59bc7804da844f1ffd14,head,test,3,6,1783.2115,337.1075,0,98.451,88.833,972,ok,,fd0d07aa6d
a8d473d79275078f83cd59bc7804da844f1ffd14,head,test,4,9,1796.1175,332.3545,0,88.016,100.888,993,ok,,fd0d07aa6d
37bb96cafbb03ffffe80960f2c28ddd2a088497a,base,test,0,0,1803.6745,314.2217,0,96.718,84.301,7421,outlier,lcpObs,fd0d07aa6d
37bb96cafbb03ffffe80960f2c28ddd2a088497a,base,test,1,3,1790.184,338.3423,0,108.263,81.251,995,ok,,fd0d07aa6d
37bb96cafbb03ffffe80960f2c28ddd2a088497a,base,test,2,4,1783.9425,318.3972,0,99.735,97.675,962,ok,,fd0d07aa6d
37bb96cafbb03ffffe80960f2c28ddd2a088497a,base,test,3,7,1783.5165,314.3248,0,108.71,84.831,955,ok,,fd0d07aa6d
37bb96cafbb03ffffe80960f2c28ddd2a088497a,base,test,4,8,1830.9095,340.1585,0,107.363,80.122,1064,ok,,fd0d07aa6d
37bb96cafbb03ffffe80960f2c28ddd2a088497a,head,test,0,1,1797.9025,322.4716,0,89.099,82.025,967,outlier,lcpObs,fd0d07aa6d
37bb96cafbb03ffffe80960f2c28ddd2a088497a,head,test,1,2,1828.4685,321.248,0,99.2,84.421,1061,ok,,fd0d07aa6d
37bb96cafbb03ffffe80960f2c28ddd2a088497a,head,test,2,5,1852.202,312.3396,0,101.636,80.657,1079,ok,,fd0d07aa6d
37bb96cafbb03ffffe80960f2c28ddd2a088497a,head,test,3,6,1784.185,338.2197,0,96.702,79.988,1060,ok,,fd0d07aa6d
37bb96cafbb03ffffe80960f2c28ddd2a088497a,head,test,4,9,1820.5285,335.2001,0,108.697,81.705,1095,ok,,fd0d07aa6d
90d038a8143aef3f9725fbf66dd0e3718590dba2,base,test,0,0,1787.8365,311.2647,0,96.026,82.041,1055,outlier,lcpObs,fd0d07aa6d
90d038a8143aef3f9725fbf66dd0e3718590dba2,base,test,1,3,1791.626,336.1008,0,103.113,85.553,975,ok,,fd0d07aa6d
90d038a8143aef3f9725fbf66dd0e3718590dba2,base,test,2,4,1798.363,322.0288,0,108.769,78.126,976,ok,,fd0d07aa6d
90d038a8143aef3f9725fbf66dd0e3718590dba2,base,test,3,7,1795.5535,318.1943,0,98.739,86.026,979,ok,,fd0d07aa6d
90d038a8143aef3f9725fbf66dd0e3718590dba2,base,test,4,8,1850.352,308.0663,0,112.387,85.448,1166,outlier,lcpObs,fd0d07aa6d
90d038a8143aef3f9725fbf66dd0e3718590dba2,head,test,0,1,1788.6155,319.1508,0,96.455,84.003,990,ok,,fd0d07aa6d
90d038a8143aef3f9725fbf66dd0e3718590dba2,head,test,1,2,1831.5245,313.1971,0,97.086,88.654,1054,outlier,lcpObs,fd0d07aa6d
90d038a8143aef3f9725fbf66dd0e3718590dba2,head,test,2,5,1791.0405,332.1008,0,105.845,82.669,969,ok,,fd0d07aa6d
90d038a8143aef3f9725fbf66dd0e3718590dba2,head,test,3,6,1794.1675,316.1751,0,96.874,84.178,960,ok,,fd0d07aa6d
90d038a8143aef3f9725fbf66dd0e3718590dba2,head,test,4,9,1788.5885,340.22,0,101.227,81.629,969,ok,,fd0d07aa6d
25542572da565fad716f9d879b81c49df3a3e124,base,test,0,0,1789.958,316.2538,0,104.466,82.13,1055,ok,,fd0d07aa6d
25542572da565fad716f9d879b81c49df3a3e124,base,test,1,3,1789.846,342.3688,0,106.848,86.524,976,ok,,fd0d07aa6d
25542572da565fad716f9d879b81c49df3a3e124,base,test,2,4,1799.8915,318.3179,0,110.239,80.192,1009,ok,,fd0d07aa6d
25542572da565fad716f9d879b81c49df3a3e124,base,test,3,7,1793.8995,314.3792,0,96.215,81.397,986,ok,,fd0d07aa6d
25542572da565fad716f9d879b81c49df3a3e124,base,test,4,8,1841.827,316.9296,0,107.419,75.454,1083,ok,,fd0d07aa6d
25542572da565fad716f9d879b81c49df3a3e124,head,test,0,1,1784.9365,339.8061,0,110.164,80.839,1040,ok,,fd0d07aa6d
25542572da565fad716f9d879b81c49df3a3e124,head,test,1,2,1811.9175,318.2946,0,97.526,85.275,1021,ok,,fd0d07aa6d
25542572da565fad716f9d879b81c49df3a3e124,head,test,2,5,1808.9785,314.4134,0,106.96,78.888,1024,ok,,fd0d07aa6d
25542572da565fad716f9d879b81c49df3a3e124,head,test,3,6,1809.3145,330.6796,0,105.618,97.9,1012,ok,,fd0d07aa6d
25542572da565fad716f9d879b81c49df3a3e124,head,test,4,9,1802.407,333.47,0,100.097,80.072,995,ok,,fd0d07aa6d
09565a0150ea8655126390324e561b0439436449,base,test,0,0,1783.2315,345.0385,0,106.803,86.594,1074,ok,,fd0d07aa6d
09565a0150ea8655126390324e561b0439436449,base,test,1,3,1790.617,346.3437,0,107.471,80.884,976,ok,,fd0d07aa6d
09565a0150ea8655126390324e561b0439436449,base,test,2,4,1798.283,321.2742,0,98.42,80.14,979,ok,,fd0d07aa6d
09565a0150ea8655126390324e561b0439436449,base,test,3,7,1845.0425,326.2061,0,124.454,464.934,1092,outlier,tbtFlow,fd0d07aa6d
09565a0150ea8655126390324e561b0439436449,base,test,4,8,1830.9104,397.3912,0,132.336,594.217,1025,outlier,tbtFlow,fd0d07aa6d
09565a0150ea8655126390324e561b0439436449,head,test,0,1,1792.456,340.2451,0,104.054,79.358,994,ok,,fd0d07aa6d
09565a0150ea8655126390324e561b0439436449,head,test,1,2,1789.427,332,0,92.845,74.424,949,ok,,fd0d07aa6d
09565a0150ea8655126390324e561b0439436449,head,test,2,5,1807.4805,341.7553,0,97.627,79.202,1085,outlier,lcpObs,fd0d07aa6d
09565a0150ea8655126390324e561b0439436449,head,test,3,6,1736.36,309.5,0,114.846,305.262,935,outlier,tbtFlow,fd0d07aa6d
09565a0150ea8655126390324e561b0439436449,head,test,4,9,1787.587,318.5906,0,116.462,417.3,946,outlier,tbtFlow,fd0d07aa6d
9d17dacd2e83c1d1de2925de04d2020c00272be9,base,test,0,0,1802.9705,318.0912,0,124.685,406.93,1028,ok,,fd0d07aa6d
9d17dacd2e83c1d1de2925de04d2020c00272be9,base,test,1,3,1790.522,320.4048,0,123.13,358.991,1261,ok,,fd0d07aa6d
9d17dacd2e83c1d1de2925de04d2020c00272be9,base,test,2,4,1838.38,321.6297,0,118.751,403.665,1079,ok,,fd0d07aa6d
9d17dacd2e83c1d1de2925de04d2020c00272be9,base,test,3,7,1869.105,351.369,0.0,121.552,419.523,1106,ok,,fd0d07aa6d
9d17dacd2e83c1d1de2925de04d2020c00272be9,base,test,4,8,1832.03,331.3045,0,111.59,418.657,989,ok,,fd0d07aa6d
9d17dacd2e83c1d1de2925de04d2020c00272be9,head,test,0,1,1820.436,322.2471,0,124.529,365.285,1017,ok,,fd0d07aa6d
9d17dacd2e83c1d1de2925de04d2020c00272be9,head,test,1,2,1794.556,324.3968,0,121.758,379.753,989,ok,,fd0d07aa6d
9d17dacd2e83c1d1de2925de04d2020c00272be9,head,test,2,5,1797.3005,325.5147,0,123.166,377.921,986,ok,,fd0d07aa6d
9d17dacd2e83c1d1de2925de04d2020c00272be9,head,test,3,6,1796.6665,327.6297,0,107.97,236.268,1000,outlier,tbtFlow,fd0d07aa6d
9d17dacd2e83c1d1de2925de04d2020c00272be9,head,test,4,9,1825.1367,343.2498,0,129.227,439.459,963,outlier,tbtFlow,fd0d07aa6d
b5968f02527b02c30280cd023d7dad3b0ce15cf2,base,test,0,0,1831.9727,326.8884,0.0,105.752,325.491,1282,outlier,lcpObs,fd0d07aa6d
b5968f02527b02c30280cd023d7dad3b0ce15cf2,base,test,1,3,1853.1232,326.3791,0.0,176.983,455.125,1043,outlier,inp,fd0d07aa6d
b5968f02527b02c30280cd023d7dad3b0ce15cf2,base,test,2,4,1828.671,322.236,0.0,120.083,369.493,990,ok,,fd0d07aa6d
b5968f02527b02c30280cd023d7dad3b0ce15cf2,base,test,3,7,1823.9072,334.1544,0,118.47,372.38,1259,ok,,fd0d07aa6d
b5968f02527b02c30280cd023d7dad3b0ce15cf2,base,test,4,8,1791.5555,327.5483,0.0,118.902,342.689,999,ok,,fd0d07aa6d
b5968f02527b02c30280cd023d7dad3b0ce15cf2,head,test,0,1,1811.075,327.2644,0,117.08,398.287,1043,ok,,fd0d07aa6d
b5968f02527b02c30280cd023d7dad3b0ce15cf2,head,test,1,2,1849.316,323.6955,0,113.087,429.774,1119,ok,,fd0d07aa6d
b5968f02527b02c30280cd023d7dad3b0ce15cf2,head,test,2,5,1856.7685,328.4633,0,119.913,365.3,1092,ok,,fd0d07aa6d
b5968f02527b02c30280cd023d7dad3b0ce15cf2,head,test,3,6,1892.0165,339.6082,0,126.16,412.654,1129,ok,,fd0d07aa6d
b5968f02527b02c30280cd023d7dad3b0ce15cf2,head,test,4,9,1825.9826,324.4993,0,124.153,371.64,976,ok,,fd0d07aa6d
7be5afdfa4ea7b8681706db896b967b5164c4d84,base,test,0,0,1795.5715,322.5448,0,148.451,346.645,1004,ok,,fd0d07aa6d
7be5afdfa4ea7b8681706db896b967b5164c4d84,base,test,1,3,1868.7562,319.5696,0,133.746,389.862,1064,ok,,fd0d07aa6d
7be5afdfa4ea7b8681706db896b967b5164c4d84,base,test,2,4,1788.5873,327.3387,0,130.054,354.263,1054,ok,,fd0d07aa6d
7be5afdfa4ea7b8681706db896b967b5164c4d84,base,test,3,7,1796.4335,322.9867,0,118.751,374.43,980,ok,,fd0d07aa6d
7be5afdfa4ea7b8681706db896b967b5164c4d84,base,test,4,8,1846.377,327.7473,0,117.6,340.565,1105,ok,,fd0d07aa6d
7be5afdfa4ea7b8681706db896b967b5164c4d84,base,test,5,11,1830.7217,324.4846,0,98.634,318.374,993,ok,,fd0d07aa6d
7be5afdfa4ea7b8681706db896b967b5164c4d84,base,test,6,12,1826.005,326.7873,0,126.147,380.004,963,ok,,fd0d07aa6d
7be5afdfa4ea7b8681706db896b967b5164c4d84,base,test,7,15,1826.1191,323.4728,0,126.644,377.068,976,ok,,fd0d07aa6d
7be5afdfa4ea7b8681706db896b967b5164c4d84,base,test,8,16,1802.0795,324.377,0,179.215,530.59,1004,ok,,fd0d07aa6d
7be5afdfa4ea7b8681706db896b967b5164c4d84,base,test,9,19,1829.5122,373.2334,0,160.92,848.189,1111,outlier,tbt;tbtFlow,fd0d07aa6d
7be5afdfa4ea7b8681706db896b967b5164c4d84,base,test,10,20,1830.3169,371.0,0,144.718,618.601,1046,outlier,tbt,fd0d07aa6d
7be5afdfa4ea7b8681706db896b967b5164c4d84,base,test,11,23,1900.6297,356.1006,0,163.171,845.552,1142,outlier,tbtFlow,fd0d07aa6d
7be5afdfa4ea7b8681706db896b967b5164c4d84,base,test,12,24,1961.808,356.0241,0,144.909,1001.008,1272,outlier,lcp;tbtFlow,fd0d07aa6d
7be5afdfa4ea7b8681706db896b967b5164c4d84,base,test,13,27,1849.5412,346.2066,0,143.296,643.685,1038,ok,,fd0d07aa6d
7be5afdfa4ea7b8681706db896b967b5164c4d84,base,test,14,28,1880.3687,364.5616,0,150.853,607.699,1072,outlier,tbt,fd0d07aa6d
7be5afdfa4ea7b8681706db896b967b5164c4d84,head,test,0,1,1824.8245,327.3207,0,121.797,294.578,987,ok,,fd0d07aa6d
7be5afdfa4ea7b8681706db896b967b5164c4d84,head,test,1,2,1826.1755,331.3715,0,119.678,315.276,979,ok,,fd0d07aa6d
7be5afdfa4ea7b8681706db896b967b5164c4d84,head,test,2,5,1790.6725,322.6476,0,106.642,348.061,973,ok,,fd0d07aa6d
7be5afdfa4ea7b8681706db896b967b5164c4d84,head,test,3,6,1829.4637,331.4766,0,117.581,336.023,1078,ok,,fd0d07aa6d
7be5afdfa4ea7b8681706db896b967b5164c4d84,head,test,4,9,1829.3644,330.7132,0,115.434,318.102,992,ok,,fd0d07aa6d
7be5afdfa4ea7b8681706db896b967b5164c4d84,head,test,5,10,1900.0077,352.2811,0,123.097,323.477,1167,ok,,fd0d07aa6d
7be5afdfa4ea7b8681706db896b967b5164c4d84,head,test,6,13,1827.9986,324.8375,0,120.067,332.931,964,ok,,fd0d07aa6d
7be5afdfa4ea7b8681706db896b967b5164c4d84,head,test,7,14,1804.0325,358.3836,0,138.885,346.009,1042,ok,,fd0d07aa6d
7be5afdfa4ea7b8681706db896b967b5164c4d84,head,test,8,17,1839.4904,324.3984,0,142.062,1084.504,1854,outlier,tbtFlow;lcpObs,fd0d07aa6d
7be5afdfa4ea7b8681706db896b967b5164c4d84,head,test,9,18,1844.2822,377.3386,0,128.492,474.848,1041,ok,,fd0d07aa6d
7be5afdfa4ea7b8681706db896b967b5164c4d84,head,test,10,21,1853.8728,335.4954,0,138.192,679.986,1172,outlier,tbtFlow,fd0d07aa6d
7be5afdfa4ea7b8681706db896b967b5164c4d84,head,test,11,22,1815.0752,335.5006,0,131.342,532.74,971,ok,,fd0d07aa6d
7be5afdfa4ea7b8681706db896b967b5164c4d84,head,test,12,25,1786.4083,438.0386,0,120.346,464.154,1195,outlier,tbt,fd0d07aa6d
7be5afdfa4ea7b8681706db896b967b5164c4d84,head,test,13,26,1783.267,368.3026,0,125.436,482.688,1022,ok,,fd0d07aa6d
7be5afdfa4ea7b8681706db896b967b5164c4d84,head,test,14,29,1795.7735,508.7411,0,122.742,436.308,1074,outlier,tbt,fd0d07aa6d
94b97b8e19bb738d3a292127bd3eb1a8c951ae97,base,test,0,0,1795.3535,317.5317,0,111.444,366.668,990,ok,,fd0d07aa6d
94b97b8e19bb738d3a292127bd3eb1a8c951ae97,base,test,1,3,1850.266,355.2484,0,105.66,396.564,1125,ok,,fd0d07aa6d
94b97b8e19bb738d3a292127bd3eb1a8c951ae97,base,test,2,4,1825.7891,330.4885,0,110.31,376.616,976,ok,,fd0d07aa6d
94b97b8e19bb738d3a292127bd3eb1a8c951ae97,base,test,3,7,1823.6719,321.4649,0,112.233,384.244,1089,ok,,fd0d07aa6d
94b97b8e19bb738d3a292127bd3eb1a8c951ae97,base,test,4,8,2095.343,324.9133,0,116.783,380.009,1300,outlier,lcp,fd0d07aa6d
94b97b8e19bb738d3a292127bd3eb1a8c951ae97,head,test,0,1,1843.949,311.5869,0,132.208,703.552,1085,ok,,fd0d07aa6d
94b97b8e19bb738d3a292127bd3eb1a8c951ae97,head,test,1,2,1752.7632,359.1234,0,112.518,445.148,1030,ok,,fd0d07aa6d
94b97b8e19bb738d3a292127bd3eb1a8c951ae97,head,test,2,5,1877.1515,331.9824,0,151.699,548.928,1103,ok,,fd0d07aa6d
94b97b8e19bb738d3a292127bd3eb1a8c951ae97,head,test,3,6,1846.0021,361.5573,0,110.711,385.188,1039,ok,,fd0d07aa6d
94b97b8e19bb738d3a292127bd3eb1a8c951ae97,head,test,4,9,1823.5295,319.4607,0,120.288,376.356,992,ok,,fd0d07aa6d
f8a0fafe1ce877f3f8abc485578efbf9923b51fe,base,test,0,0,1821.551,337.1802,0,121.909,449.812,1071,ok,,fd0d07aa6d
f8a0fafe1ce877f3f8abc485578efbf9923b51fe,base,test,1,3,1885.8368,349.1876,0,125.593,490.72,1112,ok,,fd0d07aa6d
f8a0fafe1ce877f3f8abc485578efbf9923b51fe,base,test,2,4,1806.041,375.2478,0,122.269,441.787,1050,ok,,fd0d07aa6d
f8a0fafe1ce877f3f8abc485578efbf9923b51fe,base,test,3,7,1788.92,321.6301,0,126.256,421.909,1044,ok,,fd0d07aa6d
f8a0fafe1ce877f3f8abc485578efbf9923b51fe,base,test,4,8,1788.146,319.1852,0,157.025,631.985,995,outlier,inp;tbtFlow,fd0d07aa6d
f8a0fafe1ce877f3f8abc485578efbf9923b51fe,head,test,0,1,1829.9512,328.2078,0,122.085,497.591,991,ok,,fd0d07aa6d
f8a0fafe1ce877f3f8abc485578efbf9923b51fe,head,test,1,2,1839.0396,322.3063,0,162.359,446.857,1110,outlier,inp,fd0d07aa6d
f8a0fafe1ce877f3f8abc485578efbf9923b51fe,head,test,2,5,1800.3455,336.3978,0,123.978,445.114,1024,ok,,fd0d07aa6d
f8a0fafe1ce877f3f8abc485578efbf9923b51fe,head,test,3,6,1851.9996,357.6891,0,125.779,525.626,1062,ok,,fd0d07aa6d
f8a0fafe1ce877f3f8abc485578efbf9923b51fe,head,test,4,9,1823.5174,333.2725,0,121.977,533.771,997,ok,,fd0d07aa6d
20b9530d720f04a4710853534c6f885d3cfe0d4c,base,test,0,0,1791.552,339.4592,0,125.913,543.365,1153,ok,,fd0d07aa6d
20b9530d720f04a4710853534c6f885d3cfe0d4c,base,test,1,3,1832.7476,318.5343,0,128.079,445.506,1007,ok,,fd0d07aa6d
20b9530d720f04a4710853534c6f885d3cfe0d4c,base,test,2,4,1806.0825,319.3914,0,143.548,471.538,1053,ok,,fd0d07aa6d
20b9530d720f04a4710853534c6f885d3cfe0d4c,base,test,3,7,1839.8365,322.4368,0,129.263,419.986,1082,ok,,fd0d07aa6d
20b9530d720f04a4710853534c6f885d3cfe0d4c,base,test,4,8,1787.54,317.3799,0,121.62,370.903,963,ok,,fd0d07aa6d
20b9530d720f04a4710853534c6f885d3cfe0d4c,head,test,0,1,1823.0875,359.3883,0,114.093,440.112,1140,outlier,lcpObs,fd0d07aa6d
20b9530d720f04a4710853534c6f885d3cfe0d4c,head,test,1,2,1833.3636,333.5013,0,131.128,449.454,1002,ok,,fd0d07aa6d
20b9530d720f04a4710853534c6f885d3cfe0d4c,head,test,2,5,1826.8152,319.5843,0,122.392,396.624,967,ok,,fd0d07aa6d
20b9530d720f04a4710853534c6f885d3cfe0d4c,head,test,3,6,1789.818,336.6629,0,112.593,374.549,989,ok,,fd0d07aa6d
20b9530d720f04a4710853534c6f885d3cfe0d4c,head,test,4,9,1826.0445,315.0618,0,98.526,389.398,986,ok,,fd0d07aa6d
223f8a4571f1743734f712335fe423953121e18f,base,test,0,0,1782.526,318.2277,0,126.333,409.535,1057,ok,,fd0d07aa6d
223f8a4571f1743734f712335fe423953121e18f,base,test,1,3,1841.7048,320.4294,0,121.162,393.547,1001,ok,,fd0d07aa6d
223f8a4571f1743734f712335fe423953121e18f,base,test,2,4,1844.3465,322.108,0,158.41,451.18,1095,ok,,fd0d07aa6d
223f8a4571f1743734f712335fe423953121e18f,base,test,3,7,1836.943,321.3944,0,117.57,381.258,1078,ok,,fd0d07aa6d
223f8a4571f1743734f712335fe423953121e18f,base,test,4,8,1836.4587,312.9331,0,122.223,384.728,991,ok,,fd0d07aa6d
223f8a4571f1743734f712335fe423953121e18f,base,test,5,11,1828.8315,320.565,0,117.81,410.911,973,ok,,fd0d07aa6d
223f8a4571f1743734f712335fe423953121e18f,base,test,6,12,1792.949,350.7556,0,99.439,327.861,1079,ok,,fd0d07aa6d
223f8a4571f1743734f712335fe423953121e18f,base,test,7,15,1832.4909,324.7292,0,123.843,337.28,977,ok,,fd0d07aa6d
223f8a4571f1743734f712335fe423953121e18f,base,test,8,16,1809.3135,317.1556,0,223.131,1304.752,1048,outlier,inp;tbtFlow,fd0d07aa6d
223f8a4571f1743734f712335fe423953121e18f,base,test,9,19,1805.735,321.368,0,172.794,534.054,1033,outlier,inp,fd0d07aa6d
223f8a4571f1743734f712335fe423953121e18f,base,test,10,20,1790.956,411.3458,0,180.374,610.112,1123,outlier,tbt;inp;tbtFlow,fd0d07aa6d
223f8a4571f1743734f712335fe423953121e18f,base,test,11,23,1837.5596,330.9296,0,111.702,425.616,1020,ok,,fd0d07aa6d
223f8a4571f1743734f712335fe423953121e18f,base,test,12,24,1798.472,331.7072,0,106.886,447.349,1010,ok,,fd0d07aa6d
223f8a4571f1743734f712335fe423953121e18f,base,test,13,27,1824.6317,325.5134,0,160.072,586.175,976,ok,,fd0d07aa6d
223f8a4571f1743734f712335fe423953121e18f,base,test,14,28,1844.9519,348.3972,0,118.961,439.204,10930,outlier,lcpObs,fd0d07aa6d
223f8a4571f1743734f712335fe423953121e18f,head,test,0,1,1806.469,323.6638,0,128.766,397.225,1027,ok,,fd0d07aa6d
223f8a4571f1743734f712335fe423953121e18f,head,test,1,2,1825.6669,320.1927,0,122.291,366.324,966,ok,,fd0d07aa6d
223f8a4571f1743734f712335fe423953121e18f,head,test,2,5,1744.9065,336.3917,0,158.561,337.22,984,outlier,inp,fd0d07aa6d
223f8a4571f1743734f712335fe423953121e18f,head,test,3,6,1794.105,327.3462,0,113.989,367.532,979,ok,,fd0d07aa6d
223f8a4571f1743734f712335fe423953121e18f,head,test,4,9,1791.9445,319.6142,0,115.219,383.011,981,ok,,fd0d07aa6d
223f8a4571f1743734f712335fe423953121e18f,head,test,5,10,1834.8825,317.1067,0,112.241,375.719,1073,ok,,fd0d07aa6d
223f8a4571f1743734f712335fe423953121e18f,head,test,6,13,1828.3969,316.9814,0,118.644,396.49,1023,ok,,fd0d07aa6d
223f8a4571f1743734f712335fe423953121e18f,head,test,7,14,1808.322,437.0021,0,123.339,458.872,1098,outlier,tbt,fd0d07aa6d
223f8a4571f1743734f712335fe423953121e18f,head,test,8,17,1807.341,337.3577,0,147.907,583.188,1017,outlier,inp;tbtFlow,fd0d07aa6d
223f8a4571f1743734f712335fe423953121e18f,head,test,9,18,1800.088,316.2816,0,120.708,478.841,1022,ok,,fd0d07aa6d
223f8a4571f1743734f712335fe423953121e18f,head,test,10,21,1824.6301,327.5073,0,152.707,477.434,988,outlier,inp,fd0d07aa6d
223f8a4571f1743734f712335fe423953121e18f,head,test,11,22,1804.2695,326.7722,0,113.622,423.354,1004,ok,,fd0d07aa6d
223f8a4571f1743734f712335fe423953121e18f,head,test,12,25,1783.0033,473.8568,0,116.402,502.679,1172,outlier,tbt;lcpObs,fd0d07aa6d
223f8a4571f1743734f712335fe423953121e18f,head,test,13,26,1854.1755,340.4378,0,113.305,348.771,1115,ok,,fd0d07aa6d
223f8a4571f1743734f712335fe423953121e18f,head,test,14,29,1842.9525,320.558,0,114.001,402.218,998,ok,,fd0d07aa6d
c3048ffa886be7fed8e428932257b607658edd88,base,test,0,0,1836.8125,371.0,0,135.659,509.699,1359,outlier,tbtFlow;lcpObs,fd0d07aa6d
c3048ffa886be7fed8e428932257b607658edd88,base,test,1,3,1808.1735,383.5666,0,127.391,470.924,1039,outlier,tbtFlow,fd0d07aa6d
c3048ffa886be7fed8e428932257b607658edd88,base,test,2,4,1790.3155,349.5,0,112.079,375.865,1003,ok,,fd0d07aa6d
c3048ffa886be7fed8e428932257b607658edd88,base,test,3,7,1830.3366,351.5,0,113.96,383.321,1078,ok,,fd0d07aa6d
c3048ffa886be7fed8e428932257b607658edd88,base,test,4,8,1799.3815,362.5,0,122.277,384.689,1002,ok,,fd0d07aa6d
c3048ffa886be7fed8e428932257b607658edd88,head,test,0,1,1821.716,320.0981,0,110.943,405.021,1018,ok,,fd0d07aa6d
c3048ffa886be7fed8e428932257b607658edd88,head,test,1,2,1821.541,358,0,129.61,386.523,994,ok,,fd0d07aa6d
c3048ffa886be7fed8e428932257b607658edd88,head,test,2,5,1832.914,345.5,0,111.634,367.941,1047,ok,,fd0d07aa6d
c3048ffa886be7fed8e428932257b607658edd88,head,test,3,6,1837.7305,351,0,126.253,391.838,995,ok,,fd0d07aa6d
c3048ffa886be7fed8e428932257b607658edd88,head,test,4,9,1783.702,346.5,0,132.038,410.888,959,ok,,fd0d07aa6d
685d4ad331ebc670cb958fbdc8688e6ee001dd9e,base,test,0,0,1834.1145,412.2855,0,115.187,361.915,1171,outlier,tbt,fd0d07aa6d
685d4ad331ebc670cb958fbdc8688e6ee001dd9e,base,test,1,3,1789.7235,321.7208,0,113.365,417.257,975,ok,,fd0d07aa6d
685d4ad331ebc670cb958fbdc8688e6ee001dd9e,base,test,2,4,1786.015,351.5,0,166.53,350.67,972,outlier,inp,fd0d07aa6d
685d4ad331ebc670cb958fbdc8688e6ee001dd9e,base,test,3,7,1844.4955,348.0,0,119.581,386.022,1090,ok,,fd0d07aa6d
685d4ad331ebc670cb958fbdc8688e6ee001dd9e,base,test,4,8,1840.7455,338.8327,0,141.469,481.677,1030,ok,,fd0d07aa6d
685d4ad331ebc670cb958fbdc8688e6ee001dd9e,head,test,0,1,1791.523,362.5,0,117.331,443.646,994,ok,,fd0d07aa6d
685d4ad331ebc670cb958fbdc8688e6ee001dd9e,head,test,1,2,1842.4758,357.5,0,155.753,623.975,1009,ok,,fd0d07aa6d
685d4ad331ebc670cb958fbdc8688e6ee001dd9e,head,test,2,5,1799.0885,319.5905,0,123.751,341.125,993,outlier,tbt,fd0d07aa6d
685d4ad331ebc670cb958fbdc8688e6ee001dd9e,head,test,3,6,1835.906,356.5,0,124.565,388.198,1057,ok,,fd0d07aa6d
685d4ad331ebc670cb958fbdc8688e6ee001dd9e,head,test,4,9,1826.4655,384,0,132.166,479.026,1033,ok,,fd0d07aa6d
12969bd01faea1dd34f2ba003e67cb26ae02e028,base,test,0,0,1794.086,350,0,111.674,413.923,1109,outlier,lcpObs,fd0d07aa6d
12969bd01faea1dd34f2ba003e67cb26ae02e028,base,test,1,3,1830.3266,370.3091,0,132.837,561.025,972,ok,,fd0d07aa6d
12969bd01faea1dd34f2ba003e67cb26ae02e028,base,test,2,4,1824.8396,337.3796,0,178.443,698.172,972,outlier,inp,fd0d07aa6d
12969bd01faea1dd34f2ba003e67cb26ae02e028,base,test,3,7,1837.3555,323.3893,0,121.828,371.292,982,ok,,fd0d07aa6d
12969bd01faea1dd34f2ba003e67cb26ae02e028,base,test,4,8,1824.5134,358.5,0,130.935,190.603,997,ok,,fd0d07aa6d
12969bd01faea1dd34f2ba003e67cb26ae02e028,head,test,0,1,1845.4817,369.6546,0,112.148,412.358,1048,ok,,fd0d07aa6d
12969bd01faea1dd34f2ba003e67cb26ae02e028,head,test,1,2,1836.058,364.5,0,98.096,309.079,1068,ok,,fd0d07aa6d
12969bd01faea1dd34f2ba003e67cb26ae02e028,head,test,2,5,1828.6165,361,0,129.132,458.493,971,outlier,lcpObs,fd0d07aa6d
12969bd01faea1dd34f2ba003e67cb26ae02e028,head,test,3,6,1836.1735,375.5286,0,123.221,469.949,1119,outlier,lcpObs,fd0d07aa6d
12969bd01faea1dd34f2ba003e67cb26ae02e028,head,test,4,9,1825.7947,363.0,0,94.546,125.139,1060,outlier,tbtFlow,fd0d07aa6d
07407cf30aa6daefb15cdd248ba03454f2ed41ca,base,test,0,0,1846.955,364.5,0,117.496,377.321,1237,ok,,fd0d07aa6d
07407cf30aa6daefb15cdd248ba03454f2ed41ca,base,test,1,3,1852.441,351.0,0,126.122,410.941,1129,ok,,fd0d07aa6d
07407cf30aa6daefb15cdd248ba03454f2ed41ca,base,test,2,4,1832.0561,356.2148,0,167.131,394.745,1014,outlier,inp,fd0d07aa6d
07407cf30aa6daefb15cdd248ba03454f2ed41ca,base,test,3,7,1863.524,357.5,0,123.046,421.295,1056,ok,,fd0d07aa6d
07407cf30aa6daefb15cdd248ba03454f2ed41ca,base,test,4,8,1829.9588,322.6709,0,117.806,394.204,987,ok,,fd0d07aa6d
07407cf30aa6daefb15cdd248ba03454f2ed41ca,head,test,0,1,1874.0295,365,0,124.718,432.243,1011,ok,,fd0d07aa6d
07407cf30aa6daefb15cdd248ba03454f2ed41ca,head,test,1,2,1835.0975,320.2075,0,115.085,395.816,1012,ok,,fd0d07aa6d
07407cf30aa6daefb15cdd248ba03454f2ed41ca,head,test,2,5,1839.8785,318.1701,0,109.855,385.228,1098,outlier,lcpObs,fd0d07aa6d
07407cf30aa6daefb15cdd248ba03454f2ed41ca,head,test,3,6,1787.234,383.2416,0,113.094,357.891,1011,ok,,fd0d07aa6d
07407cf30aa6daefb15cdd248ba03454f2ed41ca,head,test,4,9,1804.0475,352.5,0,127.79,368.917,1032,ok,,fd0d07aa6d
86f479c2d206b7e0146778db53c4b6d939da26cd,base,test,0,0,1827.1084,359.5,0,128.649,418.363,1268,ok,,fd0d07aa6d
86f479c2d206b7e0146778db53c4b6d939da26cd,base,test,1,3,1839.1397,354.5,0,117.241,431.624,1023,ok,,fd0d07aa6d
86f479c2d206b7e0146778db53c4b6d939da26cd,base,test,2,4,1859.7215,369.0,0,112.943,368.38,1109,ok,,fd0d07aa6d
86f479c2d206b7e0146778db53c4b6d939da26cd,base,test,3,7,1852.1671,319.3098,0,119.061,386.809,984,ok,,fd0d07aa6d
86f479c2d206b7e0146778db53c4b6d939da26cd,base,test,4,8,1781.926,341.5,0,122.463,400.238,937,ok,,fd0d07aa6d
86f479c2d206b7e0146778db53c4b6d939da26cd,base,test,5,11,1837.9632,371.5,0,115.768,392.231,996,ok,,fd0d07aa6d
86f479c2d206b7e0146778db53c4b6d939da26cd,base,test,6,12,1833.7324,345.5,0,216.628,817.523,1003,outlier,inp;tbtFlow,fd0d07aa6d
86f479c2d206b7e0146778db53c4b6d939da26cd,base,test,7,15,1832.1598,355.5,0,119.467,396.642,978,ok,,fd0d07aa6d
86f479c2d206b7e0146778db53c4b6d939da26cd,base,test,8,16,1909.014,348.5,0,165.546,446.835,1414,outlier,inp;lcpObs,fd0d07aa6d
86f479c2d206b7e0146778db53c4b6d939da26cd,base,test,9,19,1872.5504,423.322,0,122.084,425.623,5074,outlier,tbt;lcpObs,fd0d07aa6d
86f479c2d206b7e0146778db53c4b6d939da26cd,base,test,10,20,1792.385,404.9547,0,163.98,418.576,1082,outlier,tbt;inp,fd0d07aa6d
86f479c2d206b7e0146778db53c4b6d939da26cd,base,test,11,23,1882.6881,365.5618,0,117.366,387.26,1388,outlier,lcpObs,fd0d07aa6d
86f479c2d206b7e0146778db53c4b6d939da26cd,base,test,12,24,1786.4125,349.5,0,104.704,400.377,985,ok,,fd0d07aa6d
86f479c2d206b7e0146778db53c4b6d939da26cd,base,test,13,27,1875.1094,365.5635,0,125.07,375.004,1085,ok,,fd0d07aa6d
86f479c2d206b7e0146778db53c4b6d939da26cd,base,test,14,28,1834.4521,347,0,118.518,368.034,970,ok,,fd0d07aa6d
86f479c2d206b7e0146778db53c4b6d939da26cd,head,test,0,1,1831.0615,361.5,0,108.508,368.034,990,ok,,fd0d07aa6d
86f479c2d206b7e0146778db53c4b6d939da26cd,head,test,1,2,1852.548,347.5,0,118.695,375.342,12182,outlier,lcpObs,fd0d07aa6d
86f479c2d206b7e0146778db53c4b6d939da26cd,head,test,2,5,1812.4705,354,0,121.827,378.516,979,ok,,fd0d07aa6d
86f479c2d206b7e0146778db53c4b6d939da26cd,head,test,3,6,1836.2948,356.3049,0,125.172,351.958,989,ok,,fd0d07aa6d
86f479c2d206b7e0146778db53c4b6d939da26cd,head,test,4,9,1825.4845,360,0,110.482,374.74,1085,ok,,fd0d07aa6d
86f479c2d206b7e0146778db53c4b6d939da26cd,head,test,5,10,1852.4474,356.29,0,163.307,549.737,1053,outlier,inp;tbtFlow,fd0d07aa6d
86f479c2d206b7e0146778db53c4b6d939da26cd,head,test,6,13,1789.5405,365.5,0,126.272,428.402,988,ok,,fd0d07aa6d
86f479c2d206b7e0146778db53c4b6d939da26cd,head,test,7,14,1840.471,351.5,0,115.566,389.033,1090,ok,,fd0d07aa6d
86f479c2d206b7e0146778db53c4b6d939da26cd,head,test,8,17,1813.341,322.4811,0,128.222,441.782,1028,outlier,tbt,fd0d07aa6d
86f479c2d206b7e0146778db53c4b6d939da26cd,head,test,9,18,1822.801,363.0,0,149.086,526.893,970,outlier,tbtFlow,fd0d07aa6d
86f479c2d206b7e0146778db53c4b6d939da26cd,head,test,10,21,1825.8583,329.4549,0,145.33,363.208,958,ok,,fd0d07aa6d
86f479c2d206b7e0146778db53c4b6d939da26cd,head,test,11,22,1787.239,386.908,0,112.674,392.75,1020,ok,,fd0d07aa6d
86f479c2d206b7e0146778db53c4b6d939da26cd,head,test,12,25,1842.822,365.5,0,156.184,745.254,1100,outlier,tbtFlow,fd0d07aa6d
86f479c2d206b7e0146778db53c4b6d939da26cd,head,test,13,26,1837.371,366.5,0,120.152,471.463,1035,ok,,fd0d07aa6d
86f479c2d206b7e0146778db53c4b6d939da26cd,head,test,14,29,1847.563,363.4846,0,111.98,382.49,1101,ok,,fd0d07aa6d
