sha,side,page,run,seq,lcp,tbt,cls,inp,tbtFlow,lcpObs,status,outlier_metrics,lcp_element_id
c8d996e65401591336703e3bf78e7804d5190a00,base,reactivity,0,0,1010.6625,525.0,0.0027,105.164,33.916,1036,outlier,tbt;lcpObs,1ece8e4b58
c8d996e65401591336703e3bf78e7804d5190a00,base,reactivity,1,3,981.487,275.0,0.0027,102.827,31.958,758,ok,,1ece8e4b58
c8d996e65401591336703e3bf78e7804d5190a00,base,reactivity,2,4,901.695,247,0.0027,112.165,69.132,743,ok,,1ece8e4b58
c8d996e65401591336703e3bf78e7804d5190a00,base,reactivity,3,7,921.639,256.0725,0.0027,110.924,70.568,816,ok,,1ece8e4b58
c8d996e65401591336703e3bf78e7804d5190a00,base,reactivity,4,8,996.0673,228.6507,0.0027,107.034,58.322,719,ok,,1ece8e4b58
c8d996e65401591336703e3bf78e7804d5190a00,head,reactivity,0,1,942.9267,256.0,0.0027,95.32,44.892,760,ok,,1ece8e4b58
c8d996e65401591336703e3bf78e7804d5190a00,head,reactivity,1,2,959.3695,202.1581,0.0027,93.29,40.383,746,outlier,tbt,1ece8e4b58
c8d996e65401591336703e3bf78e7804d5190a00,head,reactivity,2,5,922.456,252.7396,0.0027,108.417,58.631,759,ok,,1ece8e4b58
c8d996e65401591336703e3bf78e7804d5190a00,head,reactivity,3,6,926.8825,256.0,0.0027,111.725,49.793,743,ok,,1ece8e4b58
c8d996e65401591336703e3bf78e7804d5190a00,head,reactivity,4,9,929.4975,235.9733,0.0027,101.801,71.036,926,outlier,lcpObs,1ece8e4b58
253615a516cb61efecfd4d134dc4ef2bc5706586,base,reactivity,0,0,948.0232,252,0.0027,103.243,48.902,743,ok,,1ece8e4b58
253615a516cb61efecfd4d134dc4ef2bc5706586,base,reactivity,1,3,919.4848,307.0,0.0027,119.218,58.308,757,outlier,tbt,1ece8e4b58
253615a516cb61efecfd4d134dc4ef2bc5706586,base,reactivity,2,4,970.771,216.9755,0.0027,95.877,55.668,745,ok,,1ece8e4b58
253615a516cb61efecfd4d134dc4ef2bc5706586,base,reactivity,3,7,967.224,227.448,0.0027,108.002,49.012,730,ok,,1ece8e4b58
253615a516cb61efecfd4d134dc4ef2bc5706586,base,reactivity,4,8,971.2337,215.921,0.0027,95.322,44.287,749,ok,,1ece8e4b58
253615a516cb61efecfd4d134dc4ef2bc5706586,head,reactivity,0,1,923.0632,258.849,0.0027,96.87,39.077,748,ok,,1ece8e4b58
253615a516cb61efecfd4d134dc4ef2bc5706586,head,reactivity,1,2,925.5602,251.5,0.0027,101.052,56.188,739,ok,,1ece8e4b58
253615a516cb61efecfd4d134dc4ef2bc5706586,head,reactivity,2,5,991.9735,224.2554,0.0027,98.009,50.331,748,ok,,1ece8e4b58
253615a516cb61efecfd4d134dc4ef2bc5706586,head,reactivity,3,6,973.4727,221.3957,0.0027,112.704,63.932,739,ok,,1ece8e4b58
253615a516cb61efecfd4d134dc4ef2bc5706586,head,reactivity,4,9,751.5987,275.0,0.1094,112.327,52.895,738,outlier,cls,1ece8e4b58
c69984f021bf024c9e768eaa1f9a290b7d48520e,base,reactivity,0,0,976.2417,232.1668,0.0027,115.483,49.82,778,ok,,1ece8e4b58
c69984f021bf024c9e768eaa1f9a290b7d48520e,base,reactivity,1,3,939.242,262.0,0.0027,94.15,50.22,771,ok,,1ece8e4b58
c69984f021bf024c9e768eaa1f9a290b7d48520e,base,reactivity,2,4,910.5173,257.3574,0.0027,99.057,62.613,858,outlier,lcpObs,1ece8e4b58
c69984f021bf024c9e768eaa1f9a290b7d48520e,base,reactivity,3,7,947.8945,262.5,0.0027,105.532,45.584,766,ok,,1ece8e4b58
c69984f021bf024c9e768eaa1f9a290b7d48520e,base,reactivity,4,8,948.2585,268,0.0027,100.775,50.74,748,ok,,1ece8e4b58
c69984f021bf024c9e768eaa1f9a290b7d48520e,head,reactivity,0,1,938.0883,249.3372,0.0027,112.005,52.559,768,ok,,1ece8e4b58
c69984f021bf024c9e768eaa1f9a290b7d48520e,head,reactivity,1,2,947.629,248.0,0.0027,101.595,60.298,745,ok,,1ece8e4b58
c69984f021bf024c9e768eaa1f9a290b7d48520e,head,reactivity,2,5,920.9528,254.5,0.0027,102.366,44.629,849,ok,,1ece8e4b58
c69984f021bf024c9e768eaa1f9a290b7d48520e,head,reactivity,3,6,986.3993,234.0151,0.0027,106.8,40.796,775,ok,,1ece8e4b58
c69984f021bf024c9e768eaa1f9a290b7d48520e,head,reactivity,4,9,927.8337,246.0,0.0027,100.623,52.088,745,ok,,1ece8e4b58
bfcf01f4a29a0ae4921b3835ea619ba1e56afd7f,base,reactivity,0,0,924.382,245.5,0.0027,115.224,70.128,736,ok,,1ece8e4b58
bfcf01f4a29a0ae4921b3835ea619ba1e56afd7f,base,reactivity,1,3,751.4191,256.3556,0.0027,104.294,66.146,808,outlier,lcp,1ece8e4b58
bfcf01f4a29a0ae4921b3835ea619ba1e56afd7f,base,reactivity,2,4,939.8968,253.0,0.0027,106.313,72.505,745,ok,,1ece8e4b58
bfcf01f4a29a0ae4921b3835ea619ba1e56afd7f,base,reactivity,3,7,946.362,257.0503,0.0027,109.019,59.32,810,ok,,1ece8e4b58
bfcf01f4a29a0ae4921b3835ea619ba1e56afd7f,base,reactivity,4,8,933.6392,260.0,0.0027,117.071,72.539,781,ok,,1ece8e4b58
bfcf01f4a29a0ae4921b3835ea619ba1e56afd7f,head,reactivity,0,1,965.9378,238.9778,0.0027,100.63,80.614,825,ok,,1ece8e4b58
bfcf01f4a29a0ae4921b3835ea619ba1e56afd7f,head,reactivity,1,2,967.7823,64,0.1094,126.203,113.468,6799,outlier,tbt;cls;tbtFlow;lcpObs,1ece8e4b58
bfcf01f4a29a0ae4921b3835ea619ba1e56afd7f,head,reactivity,2,5,922.301,245.5,0.0027,101.542,55.797,759,ok,,1ece8e4b58
bfcf01f4a29a0ae4921b3835ea619ba1e56afd7f,head,reactivity,3,6,1050.7688,278.0,0.0027,110.132,67.444,837,ok,,1ece8e4b58
bfcf01f4a29a0ae4921b3835ea619ba1e56afd7f,head,reactivity,4,9,915.7285,271,0.0027,108.259,75.76,763,ok,,1ece8e4b58
290f9978457da3195573a6a5d288322bedef68bc,base,reactivity,0,0,949.8672,208.1393,0.0027,113.03,81.613,823,outlier,tbt;lcpObs,1ece8e4b58
290f9978457da3195573a6a5d288322bedef68bc,base,reactivity,1,3,934.3763,246,0.0027,107.142,35.782,768,ok,,1ece8e4b58
290f9978457da3195573a6a5d288322bedef68bc,base,reactivity,2,4,919.0588,238.5,0.0027,94.203,30.525,764,ok,,1ece8e4b58
290f9978457da3195573a6a5d288322bedef68bc,base,reactivity,3,7,922.1235,244.0,0.0027,116.389,46.811,753,ok,,1ece8e4b58
290f9978457da3195573a6a5d288322bedef68bc,base,reactivity,4,8,959.121,263,0.0027,101.818,20.088,768,ok,,1ece8e4b58
290f9978457da3195573a6a5d288322bedef68bc,head,reactivity,0,1,947.6995,247.8609,0.0027,98.869,41.377,845,ok,,1ece8e4b58
290f9978457da3195573a6a5d288322bedef68bc,head,reactivity,1,2,919.7748,251.5,0.0027,104.397,37.299,775,ok,,1ece8e4b58
290f9978457da3195573a6a5d288322bedef68bc,head,reactivity,2,5,746.5284,255,0.1094,95.612,33.04,746,outlier,lcp;cls,1ece8e4b58
290f9978457da3195573a6a5d288322bedef68bc,head,reactivity,3,6,932.514,239.5,0.0027,95.866,24.51,731,ok,,1ece8e4b58
290f9978457da3195573a6a5d288322bedef68bc,head,reactivity,4,9,962.846,236.8512,0.0027,102.567,28.255,809,ok,,1ece8e4b58
60cebdc815cd503ed2c2d076f4e1e886addc4478,base,reactivity,0,0,750.431,269.5,0.0027,107.583,51.574,444,ok,,1ece8e4b58
60cebdc815cd503ed2c2d076f4e1e886addc4478,base,reactivity,1,3,745.8062,250,0.0027,100.18,48.628,405,ok,,1ece8e4b58
60cebdc815cd503ed2c2d076f4e1e886addc4478,base,reactivity,2,4,770.5093,218.3095,0.0027,89.365,41.952,459,ok,,1ece8e4b58
60cebdc815cd503ed2c2d076f4e1e886addc4478,base,reactivity,3,7,780.8989,336,0.0027,99.355,59.157,479,outlier,lcpObs,1ece8e4b58
60cebdc815cd503ed2c2d076f4e1e886addc4478,base,reactivity,4,8,764.5308,211,0.0027,117.299,82.712,428,ok,,1ece8e4b58
60cebdc815cd503ed2c2d076f4e1e886addc4478,base,reactivity,5,11,747.0842,249.0,0.1067,115.044,80.969,419,outlier,cls,1ece8e4b58
60cebdc815cd503ed2c2d076f4e1e886addc4478,base,reactivity,6,12,744.9235,248,0.0027,117.06,60.175,425,ok,,1ece8e4b58
60cebdc815cd503ed2c2d076f4e1e886addc4478,base,reactivity,7,15,750.0119,259.0,0.0027,96.337,24.56,425,ok,,1ece8e4b58
60cebdc815cd503ed2c2d076f4e1e886addc4478,base,reactivity,8,16,774.8161,379.0,0.0027,126.544,90.507,535,outlier,tbt;lcpObs,1ece8e4b58
60cebdc815cd503ed2c2d076f4e1e886addc4478,base,reactivity,9,19,795.411,295.0,0.1094,137.091,80.498,460,outlier,cls,1ece8e4b58
60cebdc815cd503ed2c2d076f4e1e886addc4478,base,reactivity,10,20,868.4787,222.132,0,98.52,51.4,428,outlier,lcp,1ece8e4b58
60cebdc815cd503ed2c2d076f4e1e886addc4478,base,reactivity,11,23,743.7416,240.0,0.0027,132.248,115.823,429,ok,,1ece8e4b58
60cebdc815cd503ed2c2d076f4e1e886addc4478,base,reactivity,12,24,757.2399,276.5,0.0027,125.393,149.363,428,ok,,1ece8e4b58
60cebdc815cd503ed2c2d076f4e1e886addc4478,base,reactivity,13,27,755.0834,214.4583,0.0027,109.958,76.874,411,ok,,1ece8e4b58
60cebdc815cd503ed2c2d076f4e1e886addc4478,base,reactivity,14,28,754.5228,267.0,0.0027,98.578,20.541,419,ok,,1ece8e4b58
60cebdc815cd503ed2c2d076f4e1e886addc4478,head,reactivity,0,1,741.9253,252.5,0.0027,107.643,48.763,424,ok,,1ece8e4b58
60cebdc815cd503ed2c2d076f4e1e886addc4478,head,reactivity,1,2,750.2316,279.0,0.0027,117.64,86.578,427,ok,,1ece8e4b58
60cebdc815cd503ed2c2d076f4e1e886addc4478,head,reactivity,2,5,777.7551,372,0.0027,108.493,91.925,512,outlier,tbt,1ece8e4b58
60cebdc815cd503ed2c2d076f4e1e886addc4478,head,reactivity,3,6,762.5354,233.7323,0.0027,125.633,118.62,423,ok,,1ece8e4b58
60cebdc815cd503ed2c2d076f4e1e886addc4478,head,reactivity,4,9,789.6634,295.6683,0.0027,110.757,54.841,482,ok,,1ece8e4b58
60cebdc815cd503ed2c2d076f4e1e886addc4478,head,reactivity,5,10,745.471,241.0,0.0027,127.053,152.454,427,ok,,1ece8e4b58
60cebdc815cd503ed2c2d076f4e1e886addc4478,head,reactivity,6,13,,,,155.516,1470.572,,outlier,tbtFlow,
60cebdc815cd503ed2c2d076f4e1e886addc4478,head,reactivity,7,14,748.879,268.5,0.1094,139.916,108.059,442,outlier,cls,1ece8e4b58
60cebdc815cd503ed2c2d076f4e1e886addc4478,head,reactivity,8,17,911.7995,259.0,0.1094,115.834,73.316,1482,outlier,lcp;cls;lcpObs,1ece8e4b58
60cebdc815cd503ed2c2d076f4e1e886addc4478,head,reactivity,9,18,721.8126,242.0,0.0027,100.85,62.534,1431,outlier,lcpObs,1ece8e4b58
60cebdc815cd503ed2c2d076f4e1e886addc4478,head,reactivity,10,21,717.4875,227.0,0.1067,154.395,181.478,416,outlier,cls,1ece8e4b58
60cebdc815cd503ed2c2d076f4e1e886addc4478,head,reactivity,11,22,719.6631,69,0.0027,126.767,101.501,3435,outlier,tbt;lcpObs,1ece8e4b58
60cebdc815cd503ed2c2d076f4e1e886addc4478,head,reactivity,12,25,743.8359,250.0,0.1067,107.77,122.268,700,outlier,cls;lcpObs,1ece8e4b58
60cebdc815cd503ed2c2d076f4e1e886addc4478,head,reactivity,13,26,743.782,255,0.1067,130.47,129.63,407,outlier,cls,1ece8e4b58
60cebdc815cd503ed2c2d076f4e1e886addc4478,head,reactivity,14,29,676.777,139,0.0027,132.904,98.635,7867,outlier,tbt;lcpObs,1ece8e4b58
ad9a9c5c39c522188e4d12a58a54e061b934a418,base,reactivity,0,0,922.7475,230.5,0.0027,99.729,17.979,720,ok,,1ece8e4b58
ad9a9c5c39c522188e4d12a58a54e061b934a418,base,reactivity,1,3,938.8235,232.0,0.0027,84.94,16.08,722,ok,,1ece8e4b58
ad9a9c5c39c522188e4d12a58a54e061b934a418,base,reactivity,2,4,933.9127,243.5,0.0027,102.573,19.39,758,ok,,1ece8e4b58
ad9a9c5c39c522188e4d12a58a54e061b934a418,base,reactivity,3,7,937.8813,213.9065,0.0027,87.854,20.085,813,ok,,1ece8e4b58
ad9a9c5c39c522188e4d12a58a54e061b934a418,base,reactivity,4,8,923.1493,230.5,0.0027,87.026,10.79,757,ok,,1ece8e4b58
ad9a9c5c39c522188e4d12a58a54e061b934a418,head,reactivity,0,1,932.4352,239.5,0.0027,103.203,22.157,734,ok,,1ece8e4b58
ad9a9c5c39c522188e4d12a58a54e061b934a418,head,reactivity,1,2,920.8693,235.0,0.0027,84.849,14.605,738,ok,,1ece8e4b58
ad9a9c5c39c522188e4d12a58a54e061b934a418,head,reactivity,2,5,912.251,234.0,0.0027,100.987,32.801,717,ok,,1ece8e4b58
ad9a9c5c39c522188e4d12a58a54e061b934a418,head,reactivity,3,6,967.881,245.5721,0.0027,85.679,16.515,753,ok,,1ece8e4b58
ad9a9c5c39c522188e4d12a58a54e061b934a418,head,reactivity,4,9,941.904,224.7866,0.0027,86.017,21.194,703,ok,,1ece8e4b58
e5653324357830a714593b39f20c583895ccce94,base,reactivity,0,0,795.3244,340.5,0.0027,102.184,40.026,487,outlier,tbt,1ece8e4b58
e5653324357830a714593b39f20c583895ccce94,base,reactivity,1,3,744.9955,242.0,0.0027,106.566,37.506,423,ok,,1ece8e4b58
e5653324357830a714593b39f20c583895ccce94,base,reactivity,2,4,745.1322,255.5,0.0027,107.48,54.212,461,ok,,1ece8e4b58
e5653324357830a714593b39f20c583895ccce94,base,reactivity,3,7,747.1731,262.0,0.2459,97.38,37.526,441,outlier,cls,1ece8e4b58
e5653324357830a714593b39f20c583895ccce94,base,reactivity,4,8,749.6691,264.0,0.0027,109.09,40.668,436,ok,,1ece8e4b58
e5653324357830a714593b39f20c583895ccce94,head,reactivity,0,1,760.8319,275,0.0027,104.417,43.15,432,ok,,1ece8e4b58
e5653324357830a714593b39f20c583895ccce94,head,reactivity,1,2,755.6099,262.0,0.0027,109.519,43.158,426,ok,,1ece8e4b58
e5653324357830a714593b39f20c583895ccce94,head,reactivity,2,5,745.6401,257.5,0.0027,96.837,42.999,437,ok,,1ece8e4b58
e5653324357830a714593b39f20c583895ccce94,head,reactivity,3,6,754.2914,285.5,0.0027,119.507,53.715,451,ok,,1ece8e4b58
e5653324357830a714593b39f20c583895ccce94,head,reactivity,4,9,743.7496,251.0,0.0027,103.432,42.244,429,ok,,1ece8e4b58
2584dd15d40333b7468c5c3989aaa9db95a6597c,base,reactivity,0,0,955.2623,178.5,0,142.896,156.568,7325,outlier,lcpObs,1ece8e4b58
2584dd15d40333b7468c5c3989aaa9db95a6597c,base,reactivity,1,3,924.6308,272.0,0.0027,136.01,105.943,774,ok,,1ece8e4b58
2584dd15d40333b7468c5c3989aaa9db95a6597c,base,reactivity,2,4,956.138,233.5063,0.0027,138.009,106.716,866,ok,,1ece8e4b58
2584dd15d40333b7468c5c3989aaa9db95a6597c,base,reactivity,3,7,958.5932,305.0,0.0027,157.369,116.014,753,ok,,1ece8e4b58
2584dd15d40333b7468c5c3989aaa9db95a6597c,base,reactivity,4,8,936.9233,366.9395,0.0027,140.425,219.391,857,outlier,tbtFlow,1ece8e4b58
2584dd15d40333b7468c5c3989aaa9db95a6597c,head,reactivity,0,1,,,,132.111,172.319,,ok,,
2584dd15d40333b7468c5c3989aaa9db95a6597c,head,reactivity,1,2,1036.6157,108,0.0027,133.351,151.986,3756,outlier,tbt;lcpObs,1ece8e4b58
2584dd15d40333b7468c5c3989aaa9db95a6597c,head,reactivity,2,5,1005.9977,226.3598,0.0027,108.786,54.945,734,outlier,inp;tbtFlow,1ece8e4b58
2584dd15d40333b7468c5c3989aaa9db95a6597c,head,reactivity,3,6,924.3673,258.0,0.0027,134.785,157.358,738,ok,,1ece8e4b58
2584dd15d40333b7468c5c3989aaa9db95a6597c,head,reactivity,4,9,927.8335,280.5,0.0027,157.123,197.029,788,outlier,inp,1ece8e4b58
7f5558934b13e824a1a571377a72b5f07fcd31d5,base,reactivity,0,0,912.7065,235.432,0.0027,113.718,74.317,823,outlier,lcpObs,1ece8e4b58
7f5558934b13e824a1a571377a72b5f07fcd31d5,base,reactivity,1,3,964.945,294.5,0.0027,93.775,61.881,777,ok,,1ece8e4b58
7f5558934b13e824a1a571377a72b5f07fcd31d5,base,reactivity,2,4,927.3615,246.0,0.0027,97.905,70.846,740,ok,,1ece8e4b58
7f5558934b13e824a1a571377a72b5f07fcd31d5,base,reactivity,3,7,949.228,206.4212,0.0027,110.637,60.472,744,ok,,1ece8e4b58
7f5558934b13e824a1a571377a72b5f07fcd31d5,base,reactivity,4,8,958.339,207.6367,0.0027,104.025,62.451,748,ok,,1ece8e4b58
7f5558934b13e824a1a571377a72b5f07fcd31d5,head,reactivity,0,1,910.5178,228.1499,0.0027,93.193,52.529,867,ok,,1ece8e4b58
7f5558934b13e824a1a571377a72b5f07fcd31d5,head,reactivity,1,2,954.9917,212.7725,0.0027,113.985,69.379,813,ok,,1ece8e4b58
7f5558934b13e824a1a571377a72b5f07fcd31d5,head,reactivity,2,5,929.2178,248,0.0027,100.971,59.701,834,ok,,1ece8e4b58
7f5558934b13e824a1a571377a72b5f07fcd31d5,head,reactivity,3,6,925.6793,236.1644,0.0027,104.087,69.425,770,ok,,1ece8e4b58
7f5558934b13e824a1a571377a72b5f07fcd31d5,head,reactivity,4,9,907.6107,245.2256,0.0027,102.881,60.532,778,ok,,1ece8e4b58
6d4e543c06a0d4ca2d5b9d0b68b7171ac6352462,base,reactivity,0,0,933.801,266.5,0.0027,98.425,59.286,770,ok,,1ece8e4b58
6d4e543c06a0d4ca2d5b9d0b68b7171ac6352462,base,reactivity,1,3,993.5095,238.645,0.0027,103.22,64.269,795,outlier,lcp,1ece8e4b58
6d4e543c06a0d4ca2d5b9d0b68b7171ac6352462,base,reactivity,2,4,931.035,244.0053,0.0027,106.021,76.894,748,ok,,1ece8e4b58
6d4e543c06a0d4ca2d5b9d0b68b7171ac6352462,base,reactivity,3,7,947.1395,228.2259,0.0027,106.256,67.939,807,ok,,1ece8e4b58
6d4e543c06a0d4ca2d5b9d0b68b7171ac6352462,base,reactivity,4,8,908.5833,238.8042,0.0027,94.106,48.693,758,ok,,1ece8e4b58
6d4e543c06a0d4ca2d5b9d0b68b7171ac6352462,head,reactivity,0,1,955.0475,222.8545,0.0022,109.858,71.23,759,ok,,1ece8e4b58
6d4e543c06a0d4ca2d5b9d0b68b7171ac6352462,head,reactivity,1,2,930.606,275.0,0.0022,112.122,52.867,791,ok,,1ece8e4b58
6d4e543c06a0d4ca2d5b9d0b68b7171ac6352462,head,reactivity,2,5,952.3723,277.5,0.0022,112.628,48.363,747,ok,,1ece8e4b58
6d4e543c06a0d4ca2d5b9d0b68b7171ac6352462,head,reactivity,3,6,912.7017,261.8637,0.0022,102.671,62.255,794,ok,,1ece8e4b58
6d4e543c06a0d4ca2d5b9d0b68b7171ac6352462,head,reactivity,4,9,757.295,141.641,0.1089,102.613,53.15,902,outlier,lcp;tbt;cls,1ece8e4b58
f5e512d39322f70abeef61ee56dcfecb01bc3187,base,reactivity,0,0,1014.43,234.5302,0.0022,117.037,53.025,773,outlier,lcp,1ece8e4b58
f5e512d39322f70abeef61ee56dcfecb01bc3187,base,reactivity,1,3,932.4747,255.6434,0.0022,108.277,46.246,781,ok,,1ece8e4b58
f5e512d39322f70abeef61ee56dcfecb01bc3187,base,reactivity,2,4,921.6632,217.2732,0.0022,110.455,54.444,808,ok,,1ece8e4b58
f5e512d39322f70abeef61ee56dcfecb01bc3187,base,reactivity,3,7,962.586,207.7498,0.0022,112.645,73.305,770,ok,,1ece8e4b58
f5e512d39322f70abeef61ee56dcfecb01bc3187,base,reactivity,4,8,929.7808,238.0,0.0022,103.519,58.147,733,ok,,1ece8e4b58
f5e512d39322f70abeef61ee56dcfecb01bc3187,head,reactivity,0,1,914.6305,226.3085,0.0022,107.69,53.969,858,outlier,lcpObs,1ece8e4b58
f5e512d39322f70abeef61ee56dcfecb01bc3187,head,reactivity,1,2,922.645,262.7463,0.0022,90.831,57.152,771,ok,,1ece8e4b58
f5e512d39322f70abeef61ee56dcfecb01bc3187,head,reactivity,2,5,936.0972,234.7202,0.0022,104.251,48.186,755,ok,,1ece8e4b58
f5e512d39322f70abeef61ee56dcfecb01bc3187,head,reactivity,3,6,941.2912,247.5,0.0022,108.256,48.658,727,ok,,1ece8e4b58
f5e512d39322f70abeef61ee56dcfecb01bc3187,head,reactivity,4,9,954.8717,255.3431,0.0022,106.049,59.678,789,ok,,1ece8e4b58
5162a1e88181543c0cfade2a8d62e3a3ae7a497c,base,reactivity,0,0,958.5212,246.9646,0.0022,114.26,116.205,772,outlier,tbtFlow,1ece8e4b58
5162a1e88181543c0cfade2a8d62e3a3ae7a497c,base,reactivity,1,3,909.526,232.388,0.0022,101.478,42.867,847,ok,,1ece8e4b58
5162a1e88181543c0cfade2a8d62e3a3ae7a497c,base,reactivity,2,4,917.5025,253.0678,0.0022,102.343,41.876,767,ok,,1ece8e4b58
5162a1e88181543c0cfade2a8d62e3a3ae7a497c,base,reactivity,3,7,928.512,255,0.0022,106.6,51.216,730,ok,,1ece8e4b58
5162a1e88181543c0cfade2a8d62e3a3ae7a497c,base,reactivity,4,8,915.9045,212.9342,0.0022,120.208,58.815,839,ok,,1ece8e4b58
5162a1e88181543c0cfade2a8d62e3a3ae7a497c,head,reactivity,0,1,934.1515,260.5,0.0022,97.251,48.675,763,ok,,1ece8e4b58
5162a1e88181543c0cfade2a8d62e3a3ae7a497c,head,reactivity,1,2,921.5707,268.3806,0.0022,96.205,65.016,774,ok,,1ece8e4b58
5162a1e88181543c0cfade2a8d62e3a3ae7a497c,head,reactivity,2,5,976.4315,216.1471,0.0022,111.316,70.423,934,ok,,1ece8e4b58
5162a1e88181543c0cfade2a8d62e3a3ae7a497c,head,reactivity,3,6,962.9913,230.1322,0.0022,113.484,49.046,817,ok,,1ece8e4b58
5162a1e88181543c0cfade2a8d62e3a3ae7a497c,head,reactivity,4,9,935.8442,233.9787,0.0022,119.081,63.038,806,ok,,1ece8e4b58
6fcf44cf809b6cf51b4c306bfebe531ef96c045d,base,reactivity,0,0,970.8823,292.8169,0.0027,152.047,194.96,868,outlier,inp;tbtFlow,1ece8e4b58
6fcf44cf809b6cf51b4c306bfebe531ef96c045d,base,reactivity,1,3,961.5032,216.8796,0.0027,106.735,68.844,811,ok,,1ece8e4b58
6fcf44cf809b6cf51b4c306bfebe531ef96c045d,base,reactivity,2,4,927.3735,253.0,0.0027,107.249,85.977,844,ok,,1ece8e4b58
6fcf44cf809b6cf51b4c306bfebe531ef96c045d,base,reactivity,3,7,981.5158,219.3336,0.0027,100.093,63.301,774,ok,,1ece8e4b58
6fcf44cf809b6cf51b4c306bfebe531ef96c045d,base,reactivity,4,8,966.3775,260.5,0.0027,101.145,69.425,720,ok,,1ece8e4b58
6fcf44cf809b6cf51b4c306bfebe531ef96c045d,base,reactivity,5,11,800.3787,381.5,0.0027,102.245,55.646,852,outlier,lcp,1ece8e4b58
6fcf44cf809b6cf51b4c306bfebe531ef96c045d,base,reactivity,6,12,974.0915,334.1511,0.0027,99.699,77.7,900,ok,,1ece8e4b58
6fcf44cf809b6cf51b4c306bfebe531ef96c045d,base,reactivity,7,15,910.0095,235.2236,0.0027,97.48,69.31,797,ok,,1ece8e4b58
6fcf44cf809b6cf51b4c306bfebe531ef96c045d,base,reactivity,8,16,981.4738,225.171,0.0027,118.734,109.282,834,ok,,1ece8e4b58
6fcf44cf809b6cf51b4c306bfebe531ef96c045d,base,reactivity,9,19,936.509,278.0709,0.0027,98.404,54.444,808,ok,,1ece8e4b58
6fcf44cf809b6cf51b4c306bfebe531ef96c045d,base,reactivity,10,20,918.8267,222.2557,0.0027,103.817,51.168,822,ok,,1ece8e4b58
6fcf44cf809b6cf51b4c306bfebe531ef96c045d,base,reactivity,11,23,932.6665,276.5,0.0027,133.898,127.651,752,ok,,1ece8e4b58
6fcf44cf809b6cf51b4c306bfebe531ef96c045d,base,reactivity,12,24,933.6268,302.1766,0.0027,111.174,62.396,863,ok,,1ece8e4b58
6fcf44cf809b6cf51b4c306bfebe531ef96c045d,base,reactivity,13,27,927.2065,356.5,0.0027,155.31,170.369,852,outlier,inp;tbtFlow,1ece8e4b58
6fcf44cf809b6cf51b4c306bfebe531ef96c045d,base,reactivity,14,28,948.505,290.5,0.0027,111.582,120.206,803,ok,,1ece8e4b58
6fcf44cf809b6cf51b4c306bfebe531ef96c045d,head,reactivity,0,1,915.1707,267.4891,0.0027,103.025,69.397,823,ok,,1ece8e4b58
6fcf44cf809b6cf51b4c306bfebe531ef96c045d,head,reactivity,1,2,938.0258,255.5,0.0027,122.452,118.843,737,ok,,1ece8e4b58
6fcf44cf809b6cf51b4c306bfebe531ef96c045d,head,reactivity,2,5,918.8955,252.0,0.0027,100.398,56.427,743,ok,,1ece8e4b58
6fcf44cf809b6cf51b4c306bfebe531ef96c045d,head,reactivity,3,6,956.1037,290.0,0.0027,92.351,48.373,786,ok,,1ece8e4b58
6fcf44cf809b6cf51b4c306bfebe531ef96c045d,head,reactivity,4,9,965.0823,328,0.0027,103.499,57.565,769,outlier,tbt,1ece8e4b58
6fcf44cf809b6cf51b4c306bfebe531ef96c045d,head,reactivity,5,10,936.462,276.0,0.0027,99.634,87.903,783,ok,,1ece8e4b58
6fcf44cf809b6cf51b4c306bfebe531ef96c045d,head,reactivity,6,13,926.0272,260.0126,0.0027,107.169,59.024,1020,outlier,lcpObs,1ece8e4b58
6fcf44cf809b6cf51b4c306bfebe531ef96c045d,head,reactivity,7,14,939.7992,241,0.0027,113.18,55.793,730,ok,,1ece8e4b58
6fcf44cf809b6cf51b4c306bfebe531ef96c045d,head,reactivity,8,17,918.4702,256.0,0.0027,110.903,85.201,742,ok,,1ece8e4b58
6fcf44cf809b6cf51b4c306bfebe531ef96c045d,head,reactivity,9,18,917.92,255.3014,0.0027,106.137,109.283,773,ok,,1ece8e4b58
6fcf44cf809b6cf51b4c306bfebe531ef96c045d,head,reactivity,10,21,910.4652,246.5,0.0027,111.684,80.825,778,ok,,1ece8e4b58
6fcf44cf809b6cf51b4c306bfebe531ef96c045d,head,reactivity,11,22,733.9581,126.1626,0.0027,125.065,103.5,8560,outlier,lcp;tbt;lcpObs,1ece8e4b58
6fcf44cf809b6cf51b4c306bfebe531ef96c045d,head,reactivity,12,25,1003.1548,332.7106,0.0027,131.642,134.76,845,outlier,lcp;tbt,1ece8e4b58
6fcf44cf809b6cf51b4c306bfebe531ef96c045d,head,reactivity,13,26,981.3065,264.5745,0.0027,117.249,65.81,804,outlier,lcp,1ece8e4b58
6fcf44cf809b6cf51b4c306bfebe531ef96c045d,head,reactivity,14,29,915.0727,270.5,0.0027,149.445,189.686,1028,outlier,inp;tbtFlow;lcpObs,1ece8e4b58
9dea184998f3d512fc00bf1ebaa2768c6d93de6b,base,reactivity,0,0,929.1732,234.929,0.0022,121.301,60.141,846,ok,,1ece8e4b58
9dea184998f3d512fc00bf1ebaa2768c6d93de6b,base,reactivity,1,3,943.7618,261.1736,0.0022,149.673,123.16,787,outlier,inp;tbtFlow,1ece8e4b58
9dea184998f3d512fc00bf1ebaa2768c6d93de6b,base,reactivity,2,4,927.3602,265.5,0.0022,104.329,45.745,771,ok,,1ece8e4b58
9dea184998f3d512fc00bf1ebaa2768c6d93de6b,base,reactivity,3,7,910.676,217.0922,0.0022,118.811,73.891,828,ok,,1ece8e4b58
9dea184998f3d512fc00bf1ebaa2768c6d93de6b,base,reactivity,4,8,939.6698,235.8735,0.0022,118.28,58.126,798,ok,,1ece8e4b58
9dea184998f3d512fc00bf1ebaa2768c6d93de6b,head,reactivity,0,1,931.5213,228.3416,0.0027,117.561,95.359,837,ok,,1ece8e4b58
9dea184998f3d512fc00bf1ebaa2768c6d93de6b,head,reactivity,1,2,976.7287,214.6785,0.0027,151.668,143.776,773,ok,,1ece8e4b58
9dea184998f3d512fc00bf1ebaa2768c6d93de6b,head,reactivity,2,5,909.538,216.5722,0.0027,104.726,59.145,817,ok,,1ece8e4b58
9dea184998f3d512fc00bf1ebaa2768c6d93de6b,head,reactivity,3,6,947.2808,260.5,0.0027,103.625,72.679,768,ok,,1ece8e4b58
9dea184998f3d512fc00bf1ebaa2768c6d93de6b,head,reactivity,4,9,972.1515,225.0361,0.0027,135.797,158.872,874,ok,,1ece8e4b58
eb0871f56d1d3de0a107994a0088e4979012690b,base,reactivity,0,0,912.709,255.8479,0.0027,101.028,57.716,845,outlier,lcpObs,1ece8e4b58
eb0871f56d1d3de0a107994a0088e4979012690b,base,reactivity,1,3,953.7125,203.5753,0.0027,96.774,42.235,739,outlier,tbt,1ece8e4b58
eb0871f56d1d3de0a107994a0088e4979012690b,base,reactivity,2,4,949.6235,251.5,0.0027,105.681,39.539,758,ok,,1ece8e4b58
eb0871f56d1d3de0a107994a0088e4979012690b,base,reactivity,3,7,925.7563,254.5,0.0027,108.565,61.262,749,ok,,1ece8e4b58
eb0871f56d1d3de0a107994a0088e4979012690b,base,reactivity,4,8,926.646,257.0,0.0027,111.303,63.663,734,ok,,1ece8e4b58
eb0871f56d1d3de0a107994a0088e4979012690b,head,reactivity,0,1,932.8055,258.5,0.0027,104.648,73.235,737,ok,,1ece8e4b58
eb0871f56d1d3de0a107994a0088e4979012690b,head,reactivity,1,2,741.9985,251.0,0.0027,108.014,38.018,736,outlier,lcp,1ece8e4b58
eb0871f56d1d3de0a107994a0088e4979012690b,head,reactivity,2,5,958.9337,239.4411,0.0027,102.66,48.49,788,outlier,lcpObs,1ece8e4b58
eb0871f56d1d3de0a107994a0088e4979012690b,head,reactivity,3,6,914.2927,246,0.0027,102.427,46.407,736,ok,,1ece8e4b58
eb0871f56d1d3de0a107994a0088e4979012690b,head,reactivity,4,9,910.3878,230.3335,0.0027,106.141,88.826,840,outlier,lcpObs,1ece8e4b58
cf2bcd128e52a950f46c95a7c6e28dacd29ac8b6,base,reactivity,0,0,969.4087,286.1331,0.0027,131.048,128.7,823,ok,,1ece8e4b58
cf2bcd128e52a950f46c95a7c6e28dacd29ac8b6,base,reactivity,1,3,1011.0795,275.4239,0.0027,119.727,100.96,791,ok,,1ece8e4b58
cf2bcd128e52a950f46c95a7c6e28dacd29ac8b6,base,reactivity,2,4,932.549,267.9268,0.0027,141.441,144.855,773,ok,,1ece8e4b58
cf2bcd128e52a950f46c95a7c6e28dacd29ac8b6,base,reactivity,3,7,1006.4945,233.845,0.0027,133.822,136.408,1026,outlier,lcpObs,1ece8e4b58
cf2bcd128e52a950f46c95a7c6e28dacd29ac8b6,base,reactivity,4,8,964.1675,237.1385,0.0027,149.983,126.94,1046,outlier,lcpObs,1ece8e4b58
cf2bcd128e52a950f46c95a7c6e28dacd29ac8b6,base,reactivity,5,11,916.906,249,0.0027,104.144,87.195,773,ok,,1ece8e4b58
cf2bcd128e52a950f46c95a7c6e28dacd29ac8b6,base,reactivity,6,12,1000.547,360.4308,0.0027,138.3,180.281,908,outlier,tbt,1ece8e4b58
cf2bcd128e52a950f46c95a7c6e28dacd29ac8b6,base,reactivity,7,15,948.1237,245.7776,0.0027,118.497,71.972,837,ok,,1ece8e4b58
cf2bcd128e52a950f46c95a7c6e28dacd29ac8b6,base,reactivity,8,16,987.0583,227.7738,0.0027,120.146,98.032,760,ok,,1ece8e4b58
cf2bcd128e52a950f46c95a7c6e28dacd29ac8b6,base,reactivity,9,19,937.1878,272.5,0.0027,91.559,70.044,779,ok,,1ece8e4b58
cf2bcd128e52a950f46c95a7c6e28dacd29ac8b6,base,reactivity,10,20,917.5015,262.0,0.0027,122.72,97.765,755,ok,,1ece8e4b58
cf2bcd128e52a950f46c95a7c6e28dacd29ac8b6,base,reactivity,11,23,955.9528,200.2409,0.0027,137.595,121.041,723,ok,,1ece8e4b58
cf2bcd128e52a950f46c95a7c6e28dacd29ac8b6,base,reactivity,12,24,911.3072,239.0,0.0027,124.646,103.541,734,ok,,1ece8e4b58
cf2bcd128e52a950f46c95a7c6e28dacd29ac8b6,base,reactivity,13,27,968.2598,100.9832,0.0027,135.887,96.604,867,outlier,tbt,1ece8e4b58
cf2bcd128e52a950f46c95a7c6e28dacd29ac8b6,base,reactivity,14,28,951.0037,193.0636,0.0027,123.21,88.925,737,ok,,1ece8e4b58
cf2bcd128e52a950f46c95a7c6e28dacd29ac8b6,head,reactivity,0,1,926.4947,274.1965,0.0027,146.415,155.079,870,outlier,tbtFlow,1ece8e4b58
cf2bcd128e52a950f46c95a7c6e28dacd29ac8b6,head,reactivity,1,2,911.2217,232.7041,0.0027,124.604,96.617,1039,outlier,lcpObs,1ece8e4b58
cf2bcd128e52a950f46c95a7c6e28dacd29ac8b6,head,reactivity,2,5,916.7513,245.8307,0.0027,127.034,109.711,826,ok,,1ece8e4b58
cf2bcd128e52a950f46c95a7c6e28dacd29ac8b6,head,reactivity,3,6,904.7247,235.2715,0.0027,134.239,124.413,804,ok,,1ece8e4b58
cf2bcd128e52a950f46c95a7c6e28dacd29ac8b6,head,reactivity,4,9,919.564,238.7305,0.0027,104.644,91.008,769,ok,,1ece8e4b58
cf2bcd128e52a950f46c95a7c6e28dacd29ac8b6,head,reactivity,5,10,738.7806,243,0.1094,116.135,91.931,756,outlier,lcp;cls,1ece8e4b58
cf2bcd128e52a950f46c95a7c6e28dacd29ac8b6,head,reactivity,6,13,982.6208,281.8495,0.0027,136.927,118.926,825,ok,,1ece8e4b58
cf2bcd128e52a950f46c95a7c6e28dacd29ac8b6,head,reactivity,7,14,989.319,275.1628,0.0027,111.562,80.531,780,ok,,1ece8e4b58
cf2bcd128e52a950f46c95a7c6e28dacd29ac8b6,head,reactivity,8,17,960.951,265,0.0027,112.545,67.288,740,ok,,1ece8e4b58
cf2bcd128e52a950f46c95a7c6e28dacd29ac8b6,head,reactivity,9,18,969.1382,255.6054,0.0027,120.266,83.812,783,ok,,1ece8e4b58
cf2bcd128e52a950f46c95a7c6e28dacd29ac8b6,head,reactivity,10,21,945.7903,240.5698,0.0027,109.851,91.169,835,ok,,1ece8e4b58
cf2bcd128e52a950f46c95a7c6e28dacd29ac8b6,head,reactivity,11,22,973.032,212.0564,0.0027,124.302,85.301,749,ok,,1ece8e4b58
cf2bcd128e52a950f46c95a7c6e28dacd29ac8b6,head,reactivity,12,25,915.7287,246,0.0027,128.644,115.217,721,ok,,1ece8e4b58
cf2bcd128e52a950f46c95a7c6e28dacd29ac8b6,head,reactivity,13,26,929.0407,287.5,0.0027,125.424,98.522,811,ok,,1ece8e4b58
cf2bcd128e52a950f46c95a7c6e28dacd29ac8b6,head,reactivity,14,29,962.4375,248.9664,0.0027,121.052,90.673,735,ok,,1ece8e4b58
9c3535f9b300a0db1f22f95ab0e015c0b261b6ba,base,reactivity,0,0,952.8245,213.0033,0.0027,92.875,28.397,774,ok,,1ece8e4b58
9c3535f9b300a0db1f22f95ab0e015c0b261b6ba,base,reactivity,1,3,936.4887,266.5,0.0027,121.375,96.376,768,ok,,1ece8e4b58
9c3535f9b300a0db1f22f95ab0e015c0b261b6ba,base,reactivity,2,4,933.8088,258.4034,0.0027,162.881,128.689,920,outlier,lcpObs,1ece8e4b58
9c3535f9b300a0db1f22f95ab0e015c0b261b6ba,base,reactivity,3,7,933.3578,245.5,0.0027,125.293,146.794,753,ok,,1ece8e4b58
9c3535f9b300a0db1f22f95ab0e015c0b261b6ba,base,reactivity,4,8,969.61,279.1924,0.0027,101.012,29.641,891,outlier,lcpObs,1ece8e4b58
9c3535f9b300a0db1f22f95ab0e015c0b261b6ba,head,reactivity,0,1,929.1028,240.0,0.0027,107.083,89.097,736,ok,,1ece8e4b58
9c3535f9b300a0db1f22f95ab0e015c0b261b6ba,head,reactivity,1,2,967.667,212.1267,0.0027,113.292,102.819,744,ok,,1ece8e4b58
9c3535f9b300a0db1f22f95ab0e015c0b261b6ba,head,reactivity,2,5,980.9387,263.2255,0.0027,142.446,153.365,800,ok,,1ece8e4b58
9c3535f9b300a0db1f22f95ab0e015c0b261b6ba,head,reactivity,3,6,1088.089,260.5,0.0027,128.29,132.489,754,outlier,lcp,1ece8e4b58
9c3535f9b300a0db1f22f95ab0e015c0b261b6ba,head,reactivity,4,9,949.5945,202.5135,0.0027,104.489,31.03,855,outlier,lcpObs,1ece8e4b58
558d2e74bd1ef6977f1bb9afc8b1ca67990613b1,base,reactivity,0,0,955.133,246.4726,0.0027,107.046,82.585,856,ok,,1ece8e4b58
558d2e74bd1ef6977f1bb9afc8b1ca67990613b1,base,reactivity,1,3,985.5027,230.8227,0.0027,104.502,87.086,756,outlier,lcp,1ece8e4b58
558d2e74bd1ef6977f1bb9afc8b1ca67990613b1,base,reactivity,2,4,913.0708,295.0,0.0027,113.736,100.852,809,outlier,tbt,1ece8e4b58
558d2e74bd1ef6977f1bb9afc8b1ca67990613b1,base,reactivity,3,7,917.5727,250.0,0.0027,107.007,64.016,736,ok,,1ece8e4b58
558d2e74bd1ef6977f1bb9afc8b1ca67990613b1,base,reactivity,4,8,916.7082,247.0,0.0027,100.894,58.921,723,ok,,1ece8e4b58
558d2e74bd1ef6977f1bb9afc8b1ca67990613b1,head,reactivity,0,1,983.6595,219.1731,0.0027,128.71,122.401,742,outlier,inp,1ece8e4b58
558d2e74bd1ef6977f1bb9afc8b1ca67990613b1,head,reactivity,1,2,745.3599,262.5,0.0027,103.538,88.958,746,ok,,1ece8e4b58
558d2e74bd1ef6977f1bb9afc8b1ca67990613b1,head,reactivity,2,5,966.4105,217.9302,0.0027,114.847,86.662,779,ok,,1ece8e4b58
558d2e74bd1ef6977f1bb9afc8b1ca67990613b1,head,reactivity,3,6,918.8655,281.5,0.0027,104.19,77.275,781,ok,,1ece8e4b58
558d2e74bd1ef6977f1bb9afc8b1ca67990613b1,head,reactivity,4,9,742.9056,248.0,0.0027,104.017,60.638,740,ok,,1ece8e4b58
b3b1b89ed786dcc3f6e87e4fe0ff0cbb106d1ba2,base,reactivity,0,0,905.5265,263.6934,0.0022,121.01,94.791,875,outlier,inp,ee472430a3
b3b1b89ed786dcc3f6e87e4fe0ff0cbb106d1ba2,base,reactivity,1,3,906.7048,314.0,0.0022,140.037,137.863,810,outlier,inp,ee472430a3
b3b1b89ed786dcc3f6e87e4fe0ff0cbb106d1ba2,base,reactivity,2,4,966.3763,306.0,0.0022,165.158,155.728,788,ok,,ee472430a3
b3b1b89ed786dcc3f6e87e4fe0ff0cbb106d1ba2,base,reactivity,3,7,918.0232,255.1208,0.0022,165.66,175.95,763,ok,,ee472430a3
b3b1b89ed786dcc3f6e87e4fe0ff0cbb106d1ba2,base,reactivity,4,8,929.3657,359.0,0.0022,170.175,153.242,820,ok,,ee472430a3
b3b1b89ed786dcc3f6e87e4fe0ff0cbb106d1ba2,head,reactivity,0,1,931.7683,264.5,0.0022,110.045,72.244,775,ok,,ee472430a3
b3b1b89ed786dcc3f6e87e4fe0ff0cbb106d1ba2,head,reactivity,1,2,995.384,283.2736,0.0022,129.461,77.159,841,outlier,lcp,ee472430a3
b3b1b89ed786dcc3f6e87e4fe0ff0cbb106d1ba2,head,reactivity,2,5,934.6118,295.5075,0.0022,111.522,66.612,872,ok,,ee472430a3
b3b1b89ed786dcc3f6e87e4fe0ff0cbb106d1ba2,head,reactivity,3,6,981.3737,285.6505,0.0022,169.01,171.666,794,outlier,inp;tbtFlow,ee472430a3
b3b1b89ed786dcc3f6e87e4fe0ff0cbb106d1ba2,head,reactivity,4,9,925.768,282.966,0.0022,110.822,112.528,903,ok,,ee472430a3
ac7a921f0124c62b993fa2059e7a21db6877f9de,base,reactivity,0,0,966.1022,210.0362,0.0022,265.958,155.011,790,outlier,inp,ee472430a3
ac7a921f0124c62b993fa2059e7a21db6877f9de,base,reactivity,1,3,962.5055,265.0,0.0022,205.831,199.015,745,ok,,ee472430a3
ac7a921f0124c62b993fa2059e7a21db6877f9de,base,reactivity,2,4,990.1695,449.6445,0.0022,138.998,78.366,979,ok,,ee472430a3
ac7a921f0124c62b993fa2059e7a21db6877f9de,base,reactivity,3,7,932.8918,240.5888,0.0022,156.33,202.79,854,ok,,ee472430a3
ac7a921f0124c62b993fa2059e7a21db6877f9de,base,reactivity,4,8,925.5425,315.0,0.0022,136.825,104.739,924,ok,,ee472430a3
ac7a921f0124c62b993fa2059e7a21db6877f9de,head,reactivity,0,1,1008.5889,428.0,0.0022,189.024,300.554,903,ok,,ee472430a3
ac7a921f0124c62b993fa2059e7a21db6877f9de,head,reactivity,1,2,1049.3891,553.876,0.0022,284.438,446.684,914,outlier,tbt,ee472430a3
ac7a921f0124c62b993fa2059e7a21db6877f9de,head,reactivity,2,5,914.9557,270,0.0022,175.017,177.74,813,ok,,ee472430a3
ac7a921f0124c62b993fa2059e7a21db6877f9de,head,reactivity,3,6,937.2115,299.0,0.0022,136.383,93.214,829,ok,,ee472430a3
ac7a921f0124c62b993fa2059e7a21db6877f9de,head,reactivity,4,9,818.6976,317.0,0.0022,106.567,68.203,475,outlier,lcpObs,ee472430a3
a961225c9dbfde52c510ce19549a74eb34993bea,base,reactivity,0,0,792.5258,292.5,0.0022,122.168,64.996,606,ok,,ee472430a3
a961225c9dbfde52c510ce19549a74eb34993bea,base,reactivity,1,3,873.578,294.2072,0.0022,113.545,81.162,504,ok,,ee472430a3
a961225c9dbfde52c510ce19549a74eb34993bea,base,reactivity,2,4,827.8984,218.7674,0.0022,157.025,211.815,558,ok,,ee472430a3
a961225c9dbfde52c510ce19549a74eb34993bea,base,reactivity,3,7,933.3496,325.5,0.0022,162.091,145.041,576,ok,,ee472430a3
a961225c9dbfde52c510ce19549a74eb34993bea,base,reactivity,4,8,987.6866,341.079,0.0022,178.496,189.109,559,ok,,ee472430a3
a961225c9dbfde52c510ce19549a74eb34993bea,head,reactivity,0,1,802.8981,351,0.0022,140.071,121.154,734,outlier,tbt,ee472430a3
a961225c9dbfde52c510ce19549a74eb34993bea,head,reactivity,1,2,783.458,307.5,0.1089,119.984,134.473,483,outlier,cls,ee472430a3
a961225c9dbfde52c510ce19549a74eb34993bea,head,reactivity,2,5,1447.7571,433.0,0.0022,169.811,186.183,597,outlier,lcp;tbt,ee472430a3
a961225c9dbfde52c510ce19549a74eb34993bea,head,reactivity,3,6,890.5376,307.5,0.0022,162.056,199.27,627,ok,,ee472430a3
a961225c9dbfde52c510ce19549a74eb34993bea,head,reactivity,4,9,863.0888,313.2045,0.0022,141.013,181.448,531,ok,,ee472430a3
17bd49164dcd2420929a279d01cfedca7cc177b9,base,reactivity,0,0,975.734,216.2562,0.0027,102.709,52.574,765,ok,,1ece8e4b58
17bd49164dcd2420929a279d01cfedca7cc177b9,base,reactivity,1,3,979.3133,256.2304,0.0027,96.31,58.628,740,ok,,1ece8e4b58
17bd49164dcd2420929a279d01cfedca7cc177b9,base,reactivity,2,4,965.4275,257.0058,0.0027,128.01,124.506,743,ok,,1ece8e4b58
17bd49164dcd2420929a279d01cfedca7cc177b9,base,reactivity,3,7,958.7295,327.0,0.0027,131.434,109.837,784,outlier,tbt,1ece8e4b58
17bd49164dcd2420929a279d01cfedca7cc177b9,base,reactivity,4,8,953.4952,225.0784,0.0027,135.261,110.767,793,ok,,1ece8e4b58
17bd49164dcd2420929a279d01cfedca7cc177b9,base,reactivity,5,11,937.1727,262.0,0.0027,88.603,25.901,727,ok,,1ece8e4b58
17bd49164dcd2420929a279d01cfedca7cc177b9,base,reactivity,6,12,946.0075,259.0,0.0027,104.024,27.066,734,ok,,1ece8e4b58
17bd49164dcd2420929a279d01cfedca7cc177b9,base,reactivity,7,15,950.893,246.0218,0.0027,133.036,165.117,837,outlier,lcpObs,1ece8e4b58
17bd49164dcd2420929a279d01cfedca7cc177b9,base,reactivity,8,16,1642.7473,0,0.0027,121.151,106.168,1724,outlier,lcp;tbt;lcpObs,1ece8e4b58
17bd49164dcd2420929a279d01cfedca7cc177b9,base,reactivity,9,19,928.4877,221.4116,0.0027,96.365,70.684,822,ok,,1ece8e4b58
17bd49164dcd2420929a279d01cfedca7cc177b9,base,reactivity,10,20,913.5875,240.5,0.0027,119.487,99.566,723,ok,,1ece8e4b58
17bd49164dcd2420929a279d01cfedca7cc177b9,base,reactivity,11,23,916.978,237.0,0.0027,112.398,73.277,740,ok,,1ece8e4b58
17bd49164dcd2420929a279d01cfedca7cc177b9,base,reactivity,12,24,1035.0842,265,0.0027,118.358,91.681,739,ok,,1ece8e4b58
17bd49164dcd2420929a279d01cfedca7cc177b9,base,reactivity,13,27,936.72,260.8492,0.0027,132.14,115.009,827,ok,,1ece8e4b58
17bd49164dcd2420929a279d01cfedca7cc177b9,base,reactivity,14,28,979.4693,211.1589,0.0027,126.241,95.875,732,ok,,1ece8e4b58
17bd49164dcd2420929a279d01cfedca7cc177b9,head,reactivity,0,1,938.9445,271.5,0.0022,108.296,55.141,769,ok,,ee472430a3
17bd49164dcd2420929a279d01cfedca7cc177b9,head,reactivity,1,2,919.8998,274.1403,0.0022,135.472,112.028,846,ok,,ee472430a3
17bd49164dcd2420929a279d01cfedca7cc177b9,head,reactivity,2,5,927.386,244.6995,0.0022,148.56,130.684,775,ok,,ee472430a3
17bd49164dcd2420929a279d01cfedca7cc177b9,head,reactivity,3,6,964.7317,223.7603,0.0022,134.006,152.547,782,ok,,ee472430a3
17bd49164dcd2420929a279d01cfedca7cc177b9,head,reactivity,4,9,914.828,277.5,0.0022,133.001,101.401,884,outlier,lcpObs,ee472430a3
17bd49164dcd2420929a279d01cfedca7cc177b9,head,reactivity,5,10,977.9135,212.4762,0.0022,139.311,113.681,763,ok,,ee472430a3
17bd49164dcd2420929a279d01cfedca7cc177b9,head,reactivity,6,13,925.5412,228.3824,0.0022,109.734,77.47,952,outlier,lcpObs,ee472430a3
17bd49164dcd2420929a279d01cfedca7cc177b9,head,reactivity,7,14,928.648,245.9648,0.0022,140.039,131.574,760,ok,,ee472430a3
17bd49164dcd2420929a279d01cfedca7cc177b9,head,reactivity,8,17,944.3277,255.5073,0.0022,113.011,56.44,788,ok,,ee472430a3
17bd49164dcd2420929a279d01cfedca7cc177b9,head,reactivity,9,18,1001.4338,227.9526,0.0022,117.116,69.528,755,ok,,ee472430a3
17bd49164dcd2420929a279d01cfedca7cc177b9,head,reactivity,10,21,982.8747,228.2851,0.0022,126.081,71.154,779,ok,,ee472430a3
17bd49164dcd2420929a279d01cfedca7cc177b9,head,reactivity,11,22,920.1137,217.743,0.0022,144.849,104.321,815,ok,,ee472430a3
17bd49164dcd2420929a279d01cfedca7cc177b9,head,reactivity,12,25,927.0342,275.0,0.0022,135.984,141.816,756,ok,,ee472430a3
17bd49164dcd2420929a279d01cfedca7cc177b9,head,reactivity,13,26,968.3192,246.5011,0.0022,146.646,122.354,807,ok,,ee472430a3
17bd49164dcd2420929a279d01cfedca7cc177b9,head,reactivity,14,29,1059.3937,244.5,0.0022,124.543,76.334,761,outlier,lcp,ee472430a3
f3b6dcfcbf1509eb69e305264a3d72bf592d4edf,base,reactivity,0,0,976.553,245.4506,0.0022,105.403,21.278,817,ok,,ee472430a3
f3b6dcfcbf1509eb69e305264a3d72bf592d4edf,base,reactivity,1,3,961.3885,258,0.0022,154.787,111.49,746,ok,,ee472430a3
f3b6dcfcbf1509eb69e305264a3d72bf592d4edf,base,reactivity,2,4,934.8675,270.2424,0.0022,130.3,74.384,844,ok,,ee472430a3
f3b6dcfcbf1509eb69e305264a3d72bf592d4edf,base,reactivity,3,7,769.8383,224.1452,0.0022,139.854,133.108,808,outlier,lcp,ee472430a3
f3b6dcfcbf1509eb69e305264a3d72bf592d4edf,base,reactivity,4,8,930.7325,249.0322,0.0022,139.506,123.364,785,ok,,ee472430a3
f3b6dcfcbf1509eb69e305264a3d72bf592d4edf,head,reactivity,0,1,982.03,317.0,0.0022,122.29,79.196,772,ok,,ee472430a3
f3b6dcfcbf1509eb69e305264a3d72bf592d4edf,head,reactivity,1,2,917.5023,253.0,0.0022,118.113,92.914,777,ok,,ee472430a3
f3b6dcfcbf1509eb69e305264a3d72bf592d4edf,head,reactivity,2,5,946.957,308.0,0.0022,133.8,90.255,827,ok,,ee472430a3
f3b6dcfcbf1509eb69e305264a3d72bf592d4edf,head,reactivity,3,6,963.6972,242.3008,0.0022,136.892,102.163,779,ok,,ee472430a3
f3b6dcfcbf1509eb69e305264a3d72bf592d4edf,head,reactivity,4,9,1117.7328,275.5885,0.0022,143.962,145.067,767,outlier,lcp;tbtFlow,ee472430a3
e20eb77a4ef3e0c32c081be7190cb861400c37ff,base,reactivity,0,0,930.4275,251.581,0.0022,117.919,42.643,828,ok,,ee472430a3
e20eb77a4ef3e0c32c081be7190cb861400c37ff,base,reactivity,1,3,931.6325,322.5,0.0022,181.783,184.779,815,ok,,ee472430a3
e20eb77a4ef3e0c32c081be7190cb861400c37ff,base,reactivity,2,4,923.291,243.0,0.0022,135.775,127.957,765,ok,,ee472430a3
e20eb77a4ef3e0c32c081be7190cb861400c37ff,base,reactivity,3,7,930.6757,255.5,0.0022,137.476,178.431,753,ok,,ee472430a3
e20eb77a4ef3e0c32c081be7190cb861400c37ff,base,reactivity,4,8,966.6237,446.5,0.0022,124.391,89.836,916,outlier,tbt,ee472430a3
e20eb77a4ef3e0c32c081be7190cb861400c37ff,base,reactivity,5,11,973.8025,250.8328,0.0022,105.468,101.758,859,ok,,ee472430a3
e20eb77a4ef3e0c32c081be7190cb861400c37ff,base,reactivity,6,12,978.0745,231.2297,0.0022,152.171,128.549,775,ok,,ee472430a3
e20eb77a4ef3e0c32c081be7190cb861400c37ff,base,reactivity,7,15,920.6063,273.0,0.0022,139.901,101.845,757,ok,,ee472430a3
e20eb77a4ef3e0c32c081be7190cb861400c37ff,base,reactivity,8,16,976.6647,230.7577,0.0022,132.28,64.157,780,ok,,ee472430a3
e20eb77a4ef3e0c32c081be7190cb861400c37ff,base,reactivity,9,19,932.8823,270.5,0.0022,158.989,209.243,886,ok,,ee472430a3
e20eb77a4ef3e0c32c081be7190cb861400c37ff,base,reactivity,10,20,993.5184,373.6086,0.0022,162.177,176.981,840,outlier,tbt,ee472430a3
e20eb77a4ef3e0c32c081be7190cb861400c37ff,base,reactivity,11,23,930.1685,257.0,0.0022,141.281,101.569,775,ok,,ee472430a3
e20eb77a4ef3e0c32c081be7190cb861400c37ff,base,reactivity,12,24,958.0835,240.0638,0.0022,123.303,107.364,739,ok,,ee472430a3
e20eb77a4ef3e0c32c081be7190cb861400c37ff,base,reactivity,13,27,943.2818,242.6768,0.0022,131.585,96.243,861,ok,,ee472430a3
e20eb77a4ef3e0c32c081be7190cb861400c37ff,base,reactivity,14,28,970.3207,210.7237,0.0022,135.776,103.093,749,ok,,ee472430a3
e20eb77a4ef3e0c32c081be7190cb861400c37ff,head,reactivity,0,1,956.445,264.7441,0.0022,135.331,84.402,820,ok,,ee472430a3
e20eb77a4ef3e0c32c081be7190cb861400c37ff,head,reactivity,1,2,964.0797,258.743,0.0022,139.191,160.875,854,ok,,ee472430a3
e20eb77a4ef3e0c32c081be7190cb861400c37ff,head,reactivity,2,5,994.2707,293.0144,0.0022,138.171,160.309,809,ok,,ee472430a3
e20eb77a4ef3e0c32c081be7190cb861400c37ff,head,reactivity,3,6,1008.7155,234.5983,0.0022,138.499,116.263,841,ok,,ee472430a3
e20eb77a4ef3e0c32c081be7190cb861400c37ff,head,reactivity,4,9,993.1287,259.7122,0.0022,123.662,110.165,840,ok,,ee472430a3
e20eb77a4ef3e0c32c081be7190cb861400c37ff,head,reactivity,5,10,912.5935,286.5,0.0022,153.043,147.547,785,ok,,ee472430a3
e20eb77a4ef3e0c32c081be7190cb861400c37ff,head,reactivity,6,13,940.6318,253.0,0.0022,143.212,121.102,747,ok,,ee472430a3
e20eb77a4ef3e0c32c081be7190cb861400c37ff,head,reactivity,7,14,921.9333,253.5,0.0022,166.555,175.365,786,ok,,ee472430a3
e20eb77a4ef3e0c32c081be7190cb861400c37ff,head,reactivity,8,17,932.7905,302.0,0.0022,167.637,127.236,826,ok,,ee472430a3
e20eb77a4ef3e0c32c081be7190cb861400c37ff,head,reactivity,9,18,981.315,263.988,0.0022,122.262,81.947,794,ok,,ee472430a3
e20eb77a4ef3e0c32c081be7190cb861400c37ff,head,reactivity,10,21,927.5535,287.5,0.0022,125.106,98.075,796,ok,,ee472430a3
e20eb77a4ef3e0c32c081be7190cb861400c37ff,head,reactivity,11,22,948.369,281.0,0.0022,124.7,76.32,753,ok,,ee472430a3
e20eb77a4ef3e0c32c081be7190cb861400c37ff,head,reactivity,12,25,920.9868,276.5,0.0022,139.309,98.431,777,ok,,ee472430a3
e20eb77a4ef3e0c32c081be7190cb861400c37ff,head,reactivity,13,26,942.7342,233.5,0.0022,139.017,107.641,743,ok,,ee472430a3
e20eb77a4ef3e0c32c081be7190cb861400c37ff,head,reactivity,14,29,928.4878,240.8022,0.0022,119.715,78.094,931,outlier,lcpObs,ee472430a3
27dd9857502466cc86b45c36745e6e2f015aaf37,base,reactivity,0,0,918.9463,252.5,0.0022,120.48,115.894,767,ok,,ee472430a3
27dd9857502466cc86b45c36745e6e2f015aaf37,base,reactivity,1,3,922.9932,245.0,0.0022,119.794,106.175,803,ok,,ee472430a3
27dd9857502466cc86b45c36745e6e2f015aaf37,base,reactivity,2,4,776.9621,86.1591,0.1089,129.11,94.823,10034,outlier,lcp;tbt;cls;lcpObs,ee472430a3
27dd9857502466cc86b45c36745e6e2f015aaf37,base,reactivity,3,7,938.7547,253,0.0022,140.72,138.654,744,ok,,ee472430a3
27dd9857502466cc86b45c36745e6e2f015aaf37,base,reactivity,4,8,771.4528,269.0,0.1089,122.452,109.988,778,outlier,lcp;cls,ee472430a3
27dd9857502466cc86b45c36745e6e2f015aaf37,base,reactivity,5,11,936.9005,253.5,0.0022,153.096,200.608,773,ok,,ee472430a3
27dd9857502466cc86b45c36745e6e2f015aaf37,base,reactivity,6,12,945.463,228.456,0.0022,135.126,89.024,862,ok,,ee472430a3
27dd9857502466cc86b45c36745e6e2f015aaf37,base,reactivity,7,15,969.4793,321.3851,0.0022,129.619,127.856,902,outlier,tbt,ee472430a3
27dd9857502466cc86b45c36745e6e2f015aaf37,base,reactivity,8,16,935.7713,256,0.0022,112.71,93.836,838,ok,,ee472430a3
27dd9857502466cc86b45c36745e6e2f015aaf37,base,reactivity,9,19,916.6772,241.0,0.0022,115.727,54.701,746,ok,,ee472430a3
27dd9857502466cc86b45c36745e6e2f015aaf37,base,reactivity,10,20,962.797,247.2321,0.0022,109.545,44.299,736,ok,,ee472430a3
27dd9857502466cc86b45c36745e6e2f015aaf37,base,reactivity,11,23,950.3827,368.0,0.0022,140.071,181.191,851,outlier,tbt,ee472430a3
27dd9857502466cc86b45c36745e6e2f015aaf37,base,reactivity,12,24,948.3059,467.3573,0.0022,103.38,45.323,924,outlier,tbt,ee472430a3
27dd9857502466cc86b45c36745e6e2f015aaf37,base,reactivity,13,27,913.2985,252.5,0.0022,110.344,67.173,779,ok,,ee472430a3
27dd9857502466cc86b45c36745e6e2f015aaf37,base,reactivity,14,28,949.1595,266.0,0.0022,106.278,50.597,763,ok,,ee472430a3
27dd9857502466cc86b45c36745e6e2f015aaf37,head,reactivity,0,1,921.2872,240.5914,0.0022,133.333,109.266,841,ok,,ee472430a3
27dd9857502466cc86b45c36745e6e2f015aaf37,head,reactivity,1,2,968.1723,311.065,0.0022,128.326,108.813,830,outlier,tbt,ee472430a3
27dd9857502466cc86b45c36745e6e2f015aaf37,head,reactivity,2,5,803.9733,135.5,0.1067,160.19,129.467,854,outlier,lcp;tbt;cls,ee472430a3
27dd9857502466cc86b45c36745e6e2f015aaf37,head,reactivity,3,6,918.5293,231.3465,0.0022,145.56,131.371,823,ok,,ee472430a3
27dd9857502466cc86b45c36745e6e2f015aaf37,head,reactivity,4,9,928.8412,245.0,0.0022,148.894,121.932,775,ok,,ee472430a3
27dd9857502466cc86b45c36745e6e2f015aaf37,head,reactivity,5,10,769.9687,253.0,0.1089,114.212,83.431,737,outlier,lcp;cls,ee472430a3
27dd9857502466cc86b45c36745e6e2f015aaf37,head,reactivity,6,13,914.6938,241.0,0.0022,124.028,151.112,777,ok,,ee472430a3
27dd9857502466cc86b45c36745e6e2f015aaf37,head,reactivity,7,14,977.293,294.0926,0.0022,114.606,191.345,847,outlier,tbt,ee472430a3
27dd9857502466cc86b45c36745e6e2f015aaf37,head,reactivity,8,17,960.7569,383.0,0.0022,117.044,60.762,804,outlier,tbt,ee472430a3
27dd9857502466cc86b45c36745e6e2f015aaf37,head,reactivity,9,18,937.4315,249,0.0022,127.058,46.063,758,ok,,ee472430a3
27dd9857502466cc86b45c36745e6e2f015aaf37,head,reactivity,10,21,914.895,242.1166,0.0022,129.447,132.347,814,ok,,ee472430a3
27dd9857502466cc86b45c36745e6e2f015aaf37,head,reactivity,11,22,914.9145,276,0.0022,165.124,177.847,782,ok,,ee472430a3
27dd9857502466cc86b45c36745e6e2f015aaf37,head,reactivity,12,25,915.1657,270.0,0.0022,162.418,148.203,789,ok,,ee472430a3
27dd9857502466cc86b45c36745e6e2f015aaf37,head,reactivity,13,26,970.4595,245.9173,0.0022,170.123,141.276,774,ok,,ee472430a3
27dd9857502466cc86b45c36745e6e2f015aaf37,head,reactivity,14,29,953.6595,249.5,0.0022,125.899,97.664,770,ok,,ee472430a3
1128a40b4a4e1d61be39311166ea9e65ab85344f,base,reactivity,0,0,907.7265,245.1527,0.0022,108.501,65.894,751,ok,,ee472430a3
1128a40b4a4e1d61be39311166ea9e65ab85344f,base,reactivity,1,3,908.5983,189,0.0022,133.751,95.571,751,ok,,ee472430a3
1128a40b4a4e1d61be39311166ea9e65ab85344f,base,reactivity,2,4,913.0158,298.5,0.0022,111.111,85.041,771,ok,,ee472430a3
1128a40b4a4e1d61be39311166ea9e65ab85344f,base,reactivity,3,7,964.8417,228.3106,0.0022,135.705,140.876,894,ok,,ee472430a3
1128a40b4a4e1d61be39311166ea9e65ab85344f,base,reactivity,4,8,1006.7311,384.4986,0.0022,134.077,98.385,905,outlier,lcp;tbt;lcpObs,ee472430a3
1128a40b4a4e1d61be39311166ea9e65ab85344f,base,reactivity,5,11,960.2838,273.7521,0.0022,109.223,52.614,762,ok,,ee472430a3
1128a40b4a4e1d61be39311166ea9e65ab85344f,base,reactivity,6,12,940.1843,225.3487,0.0022,120.456,91.696,832,ok,,ee472430a3
1128a40b4a4e1d61be39311166ea9e65ab85344f,base,reactivity,7,15,912.4932,234.0,0.0022,128.766,111.054,845,ok,,ee472430a3
1128a40b4a4e1d61be39311166ea9e65ab85344f,base,reactivity,8,16,928.8877,280.0,0.0022,109.538,89.997,775,ok,,ee472430a3
1128a40b4a4e1d61be39311166ea9e65ab85344f,base,reactivity,9,19,923.9205,256.0,0.0022,152.281,111.639,738,ok,,ee472430a3
1128a40b4a4e1d61be39311166ea9e65ab85344f,base,reactivity,10,20,982.8233,309.4589,0.0022,137.802,136.659,826,ok,,ee472430a3
1128a40b4a4e1d61be39311166ea9e65ab85344f,base,reactivity,11,23,939.9443,255.5,0.0022,111.784,73.262,738,ok,,ee472430a3
1128a40b4a4e1d61be39311166ea9e65ab85344f,base,reactivity,12,24,923.9862,237.5,0.0022,141.52,131.274,779,ok,,ee472430a3
1128a40b4a4e1d61be39311166ea9e65ab85344f,base,reactivity,13,27,909.8285,262.5,0.0022,139.764,131.313,789,ok,,ee472430a3
1128a40b4a4e1d61be39311166ea9e65ab85344f,base,reactivity,14,28,923.8845,247.5,0.0022,129.579,86.716,790,ok,,ee472430a3
1128a40b4a4e1d61be39311166ea9e65ab85344f,head,reactivity,0,1,968.601,255.8362,0.0022,194.458,224.171,874,outlier,inp,ee472430a3
1128a40b4a4e1d61be39311166ea9e65ab85344f,head,reactivity,1,2,929.8075,289.5,0.0022,140.079,156.774,792,ok,,ee472430a3
1128a40b4a4e1d61be39311166ea9e65ab85344f,head,reactivity,2,5,935.7133,261.5,0.0022,139.369,150.336,778,ok,,ee472430a3
1128a40b4a4e1d61be39311166ea9e65ab85344f,head,reactivity,3,6,804.4376,313.0,0.1089,148.568,142.806,789,outlier,lcp;tbt;cls,ee472430a3
1128a40b4a4e1d61be39311166ea9e65ab85344f,head,reactivity,4,9,912.8128,269.0,0.0022,127.438,106.863,751,ok,,ee472430a3
1128a40b4a4e1d61be39311166ea9e65ab85344f,head,reactivity,5,10,929.6823,234.0337,0.0022,131.59,99.834,781,ok,,ee472430a3
1128a40b4a4e1d61be39311166ea9e65ab85344f,head,reactivity,6,13,931.77,239.0,0.0022,119.368,91.917,1034,outlier,lcpObs,ee472430a3
1128a40b4a4e1d61be39311166ea9e65ab85344f,head,reactivity,7,14,958.9987,243.0,0.0022,127.061,76.335,757,ok,,ee472430a3
1128a40b4a4e1d61be39311166ea9e65ab85344f,head,reactivity,8,17,944.4747,257.5,0.0022,137.727,137.874,753,ok,,ee472430a3
1128a40b4a4e1d61be39311166ea9e65ab85344f,head,reactivity,9,18,974.6945,410.3324,0.0022,173.507,159.06,920,outlier,tbt;lcpObs,ee472430a3
1128a40b4a4e1d61be39311166ea9e65ab85344f,head,reactivity,10,21,914.372,222.9089,0.0022,125.064,107.157,818,ok,,ee472430a3
1128a40b4a4e1d61be39311166ea9e65ab85344f,head,reactivity,11,22,968.076,215.0276,0.0022,140.642,94.902,753,ok,,ee472430a3
1128a40b4a4e1d61be39311166ea9e65ab85344f,head,reactivity,12,25,916.883,243.5,0.0022,137.166,125.138,747,ok,,ee472430a3
1128a40b4a4e1d61be39311166ea9e65ab85344f,head,reactivity,13,26,919.3112,240.6266,0.0022,120.66,93.46,881,ok,,ee472430a3
1128a40b4a4e1d61be39311166ea9e65ab85344f,head,reactivity,14,29,940.7252,247.5,0.0022,212,248.27,754,outlier,inp,ee472430a3
481de31849dbaa5f96a61820571cae5071f9ea56,base,reactivity,0,0,953.5382,146.688,0.0022,102.942,47.475,763,outlier,tbt;inp,ee472430a3
481de31849dbaa5f96a61820571cae5071f9ea56,base,reactivity,1,3,921.6575,279,0.0022,123.061,72.444,775,ok,,ee472430a3
481de31849dbaa5f96a61820571cae5071f9ea56,base,reactivity,2,4,919.7168,238.0,0.0022,135.323,116.02,773,ok,,ee472430a3
481de31849dbaa5f96a61820571cae5071f9ea56,base,reactivity,3,7,913.0875,242.0,0.0022,130.31,97.451,735,ok,,ee472430a3
481de31849dbaa5f96a61820571cae5071f9ea56,base,reactivity,4,8,908.0305,217.9667,0.0022,135.474,105.409,816,ok,,ee472430a3
481de31849dbaa5f96a61820571cae5071f9ea56,head,reactivity,0,1,928.512,249.2707,0.0022,150.731,132.092,846,ok,,ee472430a3
481de31849dbaa5f96a61820571cae5071f9ea56,head,reactivity,1,2,771.8254,268.5,0.0022,105.846,68.074,848,outlier,lcp,ee472430a3
481de31849dbaa5f96a61820571cae5071f9ea56,head,reactivity,2,5,920.072,248.5,0.0022,143.878,99.752,780,ok,,ee472430a3
481de31849dbaa5f96a61820571cae5071f9ea56,head,reactivity,3,6,917.5415,243,0.0022,115.166,91.747,743,ok,,ee472430a3
481de31849dbaa5f96a61820571cae5071f9ea56,head,reactivity,4,9,949.6,203.93,0.0022,139.613,134.905,777,outlier,tbt,ee472430a3
1fb260a42f0028c9d87021255bce2b7fc640f500,base,reactivity,0,0,968.8415,220.9322,0.0022,105.633,29.724,770,ok,,ee472430a3
1fb260a42f0028c9d87021255bce2b7fc640f500,base,reactivity,1,3,926.1657,236.5,0.0022,129.786,88.974,742,ok,,ee472430a3
1fb260a42f0028c9d87021255bce2b7fc640f500,base,reactivity,2,4,932.7663,242.0,0.0022,122.018,82.724,778,ok,,ee472430a3
1fb260a42f0028c9d87021255bce2b7fc640f500,base,reactivity,3,7,929.2305,309.5,0.0022,189.192,184.086,828,ok,,ee472430a3
1fb260a42f0028c9d87021255bce2b7fc640f500,base,reactivity,4,8,926.745,344.0,0.0022,163.169,145.144,852,outlier,tbt,ee472430a3
1fb260a42f0028c9d87021255bce2b7fc640f500,head,reactivity,0,1,932.4715,240.9944,0.0022,125.862,100.834,882,ok,,ee472430a3
1fb260a42f0028c9d87021255bce2b7fc640f500,head,reactivity,1,2,918.2935,236.139,0.0022,116.813,80.872,834,ok,,ee472430a3
1fb260a42f0028c9d87021255bce2b7fc640f500,head,reactivity,2,5,925.7762,218.3279,0.0022,138.461,103.813,795,ok,,ee472430a3
1fb260a42f0028c9d87021255bce2b7fc640f500,head,reactivity,3,6,913.829,249.5,0.0022,134.718,146.763,755,ok,,ee472430a3
1fb260a42f0028c9d87021255bce2b7fc640f500,head,reactivity,4,9,992.185,252.8148,0.0022,128.024,119.829,788,outlier,lcp,ee472430a3
5094e8454738b054ad15eafb0e00ad0dfe013764,base,reactivity,0,0,1058.1341,462.6745,0.0022,182.573,281.59,604,ok,,ee472430a3
5094e8454738b054ad15eafb0e00ad0dfe013764,base,reactivity,1,3,1015.2722,338.4477,0.0022,178.603,273.809,627,ok,,ee472430a3
5094e8454738b054ad15eafb0e00ad0dfe013764,base,reactivity,2,4,983.0591,321.5941,0.1089,182.399,263.529,568,outlier,cls,ee472430a3
5094e8454738b054ad15eafb0e00ad0dfe013764,base,reactivity,3,7,1003.1948,364.965,0.0022,159.732,220.068,702,ok,,ee472430a3
5094e8454738b054ad15eafb0e00ad0dfe013764,base,reactivity,4,8,985.2768,290.2221,0.0022,217.186,227.598,536,outlier,inp,ee472430a3
5094e8454738b054ad15eafb0e00ad0dfe013764,base,reactivity,5,11,1008.2223,552,0.0022,161.306,179.27,661,outlier,tbt,ee472430a3
5094e8454738b054ad15eafb0e00ad0dfe013764,base,reactivity,6,12,1288.9116,313.6131,0.0022,144.025,167.82,574,outlier,lcp,ee472430a3
5094e8454738b054ad15eafb0e00ad0dfe013764,base,reactivity,7,15,874.6831,403.7334,0.0022,158.535,211.472,676,outlier,lcp,ee472430a3
5094e8454738b054ad15eafb0e00ad0dfe013764,base,reactivity,8,16,1035.8293,375.3294,0.0022,161.394,176.633,627,ok,,ee472430a3
5094e8454738b054ad15eafb0e00ad0dfe013764,base,reactivity,9,19,844.1506,302.0,0.1089,193.551,220.838,609,outlier,lcp;cls,ee472430a3
5094e8454738b054ad15eafb0e00ad0dfe013764,base,reactivity,10,20,1012.7184,447.5,0.0022,170.556,190.052,721,ok,,ee472430a3
5094e8454738b054ad15eafb0e00ad0dfe013764,base,reactivity,11,23,968.9284,283.4036,0.0022,159.072,166.49,557,ok,,ee472430a3
5094e8454738b054ad15eafb0e00ad0dfe013764,base,reactivity,12,24,1019.4408,370.8483,0.0022,168.688,163.613,598,ok,,ee472430a3
5094e8454738b054ad15eafb0e00ad0dfe013764,base,reactivity,13,27,983.0371,305.2056,0.0022,158.673,186.089,563,ok,,ee472430a3
5094e8454738b054ad15eafb0e00ad0dfe013764,base,reactivity,14,28,980.8639,307.0599,0.0022,142.752,188.131,546,ok,,ee472430a3
5094e8454738b054ad15eafb0e00ad0dfe013764,head,reactivity,0,1,1280.8091,321.3472,0.0022,172.771,263.146,655,outlier,lcp;tbtFlow,ee472430a3
5094e8454738b054ad15eafb0e00ad0dfe013764,head,reactivity,1,2,1019.9108,421.9052,0.0022,161.317,268.503,591,outlier,tbtFlow,ee472430a3
5094e8454738b054ad15eafb0e00ad0dfe013764,head,reactivity,2,5,1032.0835,391.5,0.0022,172.725,223.325,624,ok,,ee472430a3
5094e8454738b054ad15eafb0e00ad0dfe013764,head,reactivity,3,6,979.0947,335.1455,0.0022,153.82,174.269,596,ok,,ee472430a3
5094e8454738b054ad15eafb0e00ad0dfe013764,head,reactivity,4,9,1024.7372,314.8405,0.0022,138.415,186.301,637,ok,,ee472430a3
5094e8454738b054ad15eafb0e00ad0dfe013764,head,reactivity,5,10,1024.9445,373.7388,0.0022,148.666,198.436,606,ok,,ee472430a3
5094e8454738b054ad15eafb0e00ad0dfe013764,head,reactivity,6,13,970.7954,319.8507,0.0022,156.183,186.036,580,ok,,ee472430a3
5094e8454738b054ad15eafb0e00ad0dfe013764,head,reactivity,7,14,1064.3329,476.4772,0.0022,154.363,169.642,677,ok,,ee472430a3
5094e8454738b054ad15eafb0e00ad0dfe013764,head,reactivity,8,17,953.905,300.399,0.0022,147.247,203.176,649,ok,,ee472430a3
5094e8454738b054ad15eafb0e00ad0dfe013764,head,reactivity,9,18,876.4977,412.856,0.1089,172.688,190.159,657,outlier,cls,ee472430a3
5094e8454738b054ad15eafb0e00ad0dfe013764,head,reactivity,10,21,968.8037,337.599,0.0022,157.487,198.832,561,ok,,ee472430a3
5094e8454738b054ad15eafb0e00ad0dfe013764,head,reactivity,11,22,967.88,354.077,0.0022,138.644,184.945,603,ok,,ee472430a3
5094e8454738b054ad15eafb0e00ad0dfe013764,head,reactivity,12,25,1046.5094,398.7758,0.0022,144.632,173.092,640,ok,,ee472430a3
5094e8454738b054ad15eafb0e00ad0dfe013764,head,reactivity,13,26,979.5587,320.0049,0.0022,153.988,196.954,576,ok,,ee472430a3
5094e8454738b054ad15eafb0e00ad0dfe013764,head,reactivity,14,29,931.0389,272.2807,0.0022,200.567,237.484,521,outlier,inp,ee472430a3
699ca8e9c5d7e842fb08165fb4dc90bc3daabffe,base,reactivity,0,0,780.2679,300.5,0.0022,125.262,102.709,476,ok,,ee472430a3
699ca8e9c5d7e842fb08165fb4dc90bc3daabffe,base,reactivity,1,3,919.772,461.0112,0.0022,166.253,218.82,681,ok,,ee472430a3
699ca8e9c5d7e842fb08165fb4dc90bc3daabffe,base,reactivity,2,4,964.7524,317.0823,0.0022,163.4,255.152,574,ok,,ee472430a3
699ca8e9c5d7e842fb08165fb4dc90bc3daabffe,base,reactivity,3,7,876.6828,334.9422,0.1089,144.02,189.577,575,outlier,cls,ee472430a3
699ca8e9c5d7e842fb08165fb4dc90bc3daabffe,base,reactivity,4,8,1127.6615,669.4749,0.0022,155.006,190.823,806,outlier,lcp;tbt,ee472430a3
699ca8e9c5d7e842fb08165fb4dc90bc3daabffe,head,reactivity,0,1,894.258,323.5,0.0022,118.834,88.329,512,ok,,ee472430a3
699ca8e9c5d7e842fb08165fb4dc90bc3daabffe,head,reactivity,1,2,820.9379,335.0,0.0022,136.577,96.862,491,ok,,ee472430a3
699ca8e9c5d7e842fb08165fb4dc90bc3daabffe,head,reactivity,2,5,1022.2924,416.1757,0.0022,137.148,164.133,654,ok,,ee472430a3
699ca8e9c5d7e842fb08165fb4dc90bc3daabffe,head,reactivity,3,6,857.62,301.0449,0.1089,156.795,191.34,556,outlier,cls,ee472430a3
699ca8e9c5d7e842fb08165fb4dc90bc3daabffe,head,reactivity,4,9,945.4332,283.2057,0.0022,141.802,183.765,542,ok,,ee472430a3
808ad464a3454397f232217d8fcaf9be862586f7,base,reactivity,0,0,957.0151,338.9078,0.0022,155.16,159.361,562,ok,,ee472430a3
808ad464a3454397f232217d8fcaf9be862586f7,base,reactivity,1,3,954.6434,243.1976,0.0022,142.277,159.588,538,ok,,ee472430a3
808ad464a3454397f232217d8fcaf9be862586f7,base,reactivity,2,4,970.5152,279.9391,0.0022,142.74,180.913,524,ok,,ee472430a3
808ad464a3454397f232217d8fcaf9be862586f7,base,reactivity,3,7,987.4791,357.721,0.0022,145.079,165.54,616,ok,,ee472430a3
808ad464a3454397f232217d8fcaf9be862586f7,base,reactivity,4,8,956.0875,304.2836,0.0022,155.868,160.166,556,ok,,ee472430a3
808ad464a3454397f232217d8fcaf9be862586f7,base,reactivity,5,11,981.0294,298.3033,0.0022,143.701,203.22,587,ok,,ee472430a3
808ad464a3454397f232217d8fcaf9be862586f7,base,reactivity,6,12,854.1061,288.5631,0.0022,140.327,166.572,592,outlier,lcp,ee472430a3
808ad464a3454397f232217d8fcaf9be862586f7,base,reactivity,7,15,982.9717,336.3084,0.0022,154.406,186.319,587,ok,,ee472430a3
808ad464a3454397f232217d8fcaf9be862586f7,base,reactivity,8,16,961.3531,319.7091,0.0022,137.182,201.251,584,ok,,ee472430a3
808ad464a3454397f232217d8fcaf9be862586f7,base,reactivity,9,19,999.3341,344.2554,0.0022,145.295,154.137,555,ok,,ee472430a3
808ad464a3454397f232217d8fcaf9be862586f7,base,reactivity,10,20,856.7744,311.4664,0.0022,141.046,150.256,539,outlier,lcp,ee472430a3
808ad464a3454397f232217d8fcaf9be862586f7,base,reactivity,11,23,885.0203,394.1993,0.1089,143.096,170.292,681,outlier,lcp;cls,ee472430a3
808ad464a3454397f232217d8fcaf9be862586f7,base,reactivity,12,24,987.1325,436.494,0.0022,137.672,158.463,572,ok,,ee472430a3
808ad464a3454397f232217d8fcaf9be862586f7,base,reactivity,13,27,1001.6812,385.3171,0.0022,163.244,246.452,612,outlier,tbtFlow,ee472430a3
808ad464a3454397f232217d8fcaf9be862586f7,base,reactivity,14,28,996.3115,402.7693,0.0022,221.487,505.66,631,outlier,inp;tbtFlow,ee472430a3
808ad464a3454397f232217d8fcaf9be862586f7,head,reactivity,0,1,882.0058,336.6708,0.1089,144.948,179.556,660,outlier,cls,ee472430a3
808ad464a3454397f232217d8fcaf9be862586f7,head,reactivity,1,2,843.3772,287.8208,0.0022,136.095,164.539,502,ok,,ee472430a3
808ad464a3454397f232217d8fcaf9be862586f7,head,reactivity,2,5,944.2482,299.0652,0.0022,167.325,256.159,543,outlier,tbtFlow,ee472430a3
808ad464a3454397f232217d8fcaf9be862586f7,head,reactivity,3,6,1013.2044,388.0174,0.0022,141.842,168.815,586,ok,,ee472430a3
808ad464a3454397f232217d8fcaf9be862586f7,head,reactivity,4,9,975.79,263.0396,0.0022,145.846,208.104,545,ok,,ee472430a3
808ad464a3454397f232217d8fcaf9be862586f7,head,reactivity,5,10,984.87,273.1929,0.0022,131.172,154.764,537,ok,,ee472430a3
808ad464a3454397f232217d8fcaf9be862586f7,head,reactivity,6,13,983.8452,258.9559,0.0022,161.802,197.539,566,ok,,ee472430a3
808ad464a3454397f232217d8fcaf9be862586f7,head,reactivity,7,14,940.5348,163.5,0.0022,137.139,177.694,547,ok,,ee472430a3
808ad464a3454397f232217d8fcaf9be862586f7,head,reactivity,8,17,940.378,292.7535,0.0022,140.849,187.051,536,ok,,ee472430a3
808ad464a3454397f232217d8fcaf9be862586f7,head,reactivity,9,18,950.7454,321.8446,0.0022,139.3,178.509,593,ok,,ee472430a3
808ad464a3454397f232217d8fcaf9be862586f7,head,reactivity,10,21,941.1338,276.6074,0.0022,157.307,189.817,520,ok,,ee472430a3
808ad464a3454397f232217d8fcaf9be862586f7,head,reactivity,11,22,996.7829,366.7222,0.0022,147.628,182.603,641,ok,,ee472430a3
808ad464a3454397f232217d8fcaf9be862586f7,head,reactivity,12,25,943.1888,303.783,0.0022,157.338,171.483,557,ok,,ee472430a3
808ad464a3454397f232217d8fcaf9be862586f7,head,reactivity,13,26,965.655,338.4622,0.0022,335.479,520.25,586,outlier,inp;tbtFlow,ee472430a3
808ad464a3454397f232217d8fcaf9be862586f7,head,reactivity,14,29,1054.4736,511.2541,0.0022,227.985,369.328,744,outlier,tbt;inp;tbtFlow;lcpObs,ee472430a3
e61a1c0e4e7f95d793833d6043f07a926ab6f72f,base,reactivity,0,0,1039.3616,500.9616,0.0022,162.16,269.707,699,outlier,lcpObs,ee472430a3
e61a1c0e4e7f95d793833d6043f07a926ab6f72f,base,reactivity,1,3,1095.1785,700.372,0.0022,217.091,364.449,759,outlier,tbt;inp;tbtFlow;lcpObs,ee472430a3
e61a1c0e4e7f95d793833d6043f07a926ab6f72f,base,reactivity,2,4,1054.1513,517.1705,0.0022,191.02,354.647,716,outlier,tbtFlow;lcpObs,ee472430a3
e61a1c0e4e7f95d793833d6043f07a926ab6f72f,base,reactivity,3,7,1015.6104,427.622,0.0022,148.512,195.449,628,ok,,ee472430a3
e61a1c0e4e7f95d793833d6043f07a926ab6f72f,base,reactivity,4,8,981.1289,389.7699,0.0022,168.258,206.166,618,ok,,ee472430a3
e61a1c0e4e7f95d793833d6043f07a926ab6f72f,base,reactivity,5,11,966.2784,339.9196,0.0022,172.127,220.902,597,ok,,ee472430a3
e61a1c0e4e7f95d793833d6043f07a926ab6f72f,base,reactivity,6,12,974.1852,386.5762,0.0022,159.551,201.378,622,ok,,ee472430a3
e61a1c0e4e7f95d793833d6043f07a926ab6f72f,base,reactivity,7,15,1016.1748,385.3125,0.0022,153.878,208.387,605,ok,,ee472430a3
e61a1c0e4e7f95d793833d6043f07a926ab6f72f,base,reactivity,8,16,976.5477,342.5091,0.0022,160.159,223.082,601,ok,,ee472430a3
e61a1c0e4e7f95d793833d6043f07a926ab6f72f,base,reactivity,9,19,958.0534,297.8824,0.0022,163.36,204.922,565,ok,,ee472430a3
e61a1c0e4e7f95d793833d6043f07a926ab6f72f,base,reactivity,10,20,976.5842,401.1534,0.0022,182.162,265.42,607,ok,,ee472430a3
e61a1c0e4e7f95d793833d6043f07a926ab6f72f,base,reactivity,11,23,970.7631,340.7586,0.0022,181.473,265.208,605,ok,,ee472430a3
e61a1c0e4e7f95d793833d6043f07a926ab6f72f,base,reactivity,12,24,1005.1876,398.0718,0.0022,160.161,216.784,628,ok,,ee472430a3
e61a1c0e4e7f95d793833d6043f07a926ab6f72f,base,reactivity,13,27,1032.878,480.9192,0.0022,159.524,212.802,688,ok,,ee472430a3
e61a1c0e4e7f95d793833d6043f07a926ab6f72f,base,reactivity,14,28,1021.0929,393.4281,0.0022,148.074,221.676,635,ok,,ee472430a3
e61a1c0e4e7f95d793833d6043f07a926ab6f72f,head,reactivity,0,1,980.2326,347.9277,0.0022,257.6,554.647,603,outlier,inp;tbtFlow,ee472430a3
e61a1c0e4e7f95d793833d6043f07a926ab6f72f,head,reactivity,1,2,1031.0202,432.9329,0.0022,200.01,301.337,661,ok,,ee472430a3
e61a1c0e4e7f95d793833d6043f07a926ab6f72f,head,reactivity,2,5,936.1764,192.8308,0.0022,194.041,389.525,577,outlier,tbtFlow,ee472430a3
e61a1c0e4e7f95d793833d6043f07a926ab6f72f,head,reactivity,3,6,1075.7873,428.1995,0.0022,166.505,217.003,673,ok,,ee472430a3
e61a1c0e4e7f95d793833d6043f07a926ab6f72f,head,reactivity,4,9,787.3021,183.5,0.0022,159.569,191.94,558,outlier,lcp,ee472430a3
e61a1c0e4e7f95d793833d6043f07a926ab6f72f,head,reactivity,5,10,1034.0668,457.045,0.0022,160.744,202.729,655,ok,,ee472430a3
e61a1c0e4e7f95d793833d6043f07a926ab6f72f,head,reactivity,6,13,1004.206,223.21,0.0022,152.721,196.582,642,ok,,ee472430a3
e61a1c0e4e7f95d793833d6043f07a926ab6f72f,head,reactivity,7,14,1016.7998,366.6123,0.0022,172.333,235.711,620,ok,,ee472430a3
e61a1c0e4e7f95d793833d6043f07a926ab6f72f,head,reactivity,8,17,979.8372,368.3809,0.0022,182.434,226.11,623,ok,,ee472430a3
e61a1c0e4e7f95d793833d6043f07a926ab6f72f,head,reactivity,9,18,1028.6535,428.221,0.0022,189.122,229.674,687,ok,,ee472430a3
e61a1c0e4e7f95d793833d6043f07a926ab6f72f,head,reactivity,10,21,966.6488,327.7516,0.0022,158.901,212.441,622,ok,,ee472430a3
e61a1c0e4e7f95d793833d6043f07a926ab6f72f,head,reactivity,11,22,996.2487,381.9429,0.0022,169.096,235.311,609,ok,,ee472430a3
e61a1c0e4e7f95d793833d6043f07a926ab6f72f,head,reactivity,12,25,998.9941,398.9836,0.0022,157.261,202.619,639,ok,,ee472430a3
e61a1c0e4e7f95d793833d6043f07a926ab6f72f,head,reactivity,13,26,1015.9308,460.7181,0.0022,172.999,242.222,666,ok,,ee472430a3
e61a1c0e4e7f95d793833d6043f07a926ab6f72f,head,reactivity,14,29,973.0574,311.8871,0.0022,185.362,235.778,556,ok,,ee472430a3
6b3dda5e6a368609cf2c0ea75c44d7276840ebbb,base,reactivity,0,0,913.2287,422.6852,0.1089,175.326,285.359,665,outlier,cls,ee472430a3
6b3dda5e6a368609cf2c0ea75c44d7276840ebbb,base,reactivity,1,3,1033.6333,486.5,0.0022,172.095,225.097,671,ok,,ee472430a3
6b3dda5e6a368609cf2c0ea75c44d7276840ebbb,base,reactivity,2,4,979.6344,227,0.0022,157.794,213.21,650,ok,,ee472430a3
6b3dda5e6a368609cf2c0ea75c44d7276840ebbb,base,reactivity,3,7,981.0751,281.5,0.0022,188.117,283.173,671,ok,,ee472430a3
6b3dda5e6a368609cf2c0ea75c44d7276840ebbb,base,reactivity,4,8,1009.4083,430.748,0.0022,183.751,241.289,663,ok,,ee472430a3
6b3dda5e6a368609cf2c0ea75c44d7276840ebbb,head,reactivity,0,1,994.6001,360.7364,0.0022,184.522,245.571,603,ok,,ee472430a3
6b3dda5e6a368609cf2c0ea75c44d7276840ebbb,head,reactivity,1,2,900.875,451.1424,0.1089,155.988,230.523,681,outlier,lcp;cls,ee472430a3
6b3dda5e6a368609cf2c0ea75c44d7276840ebbb,head,reactivity,2,5,1015.0825,398.5183,0.0022,169.273,237.685,626,ok,,ee472430a3
6b3dda5e6a368609cf2c0ea75c44d7276840ebbb,head,reactivity,3,6,1041.9876,418.6376,0.0022,172.034,258.314,662,ok,,ee472430a3
6b3dda5e6a368609cf2c0ea75c44d7276840ebbb,head,reactivity,4,9,1022.8034,422.5522,0.0022,190.653,262.814,643,ok,,ee472430a3
15bae507bfb2856a2f2a2dbde7be1baa61d1ec49,base,reactivity,0,0,981.4924,285.5,0.0022,181.631,268.876,662,ok,,ee472430a3
15bae507bfb2856a2f2a2dbde7be1baa61d1ec49,base,reactivity,1,3,933.6596,513.8028,0.1089,137.055,159.554,728,outlier,tbt;cls,ee472430a3
15bae507bfb2856a2f2a2dbde7be1baa61d1ec49,base,reactivity,2,4,1346.0583,502.0,0.0022,140.54,188.221,656,outlier,lcp;tbt,ee472430a3
15bae507bfb2856a2f2a2dbde7be1baa61d1ec49,base,reactivity,3,7,933.3365,262.8465,0.0022,251.686,491.062,529,outlier,tbtFlow,ee472430a3
15bae507bfb2856a2f2a2dbde7be1baa61d1ec49,base,reactivity,4,8,847.7833,294.184,0.1089,159.627,162.249,539,outlier,cls,ee472430a3
15bae507bfb2856a2f2a2dbde7be1baa61d1ec49,head,reactivity,0,1,929.7592,474.1312,0.0022,234.167,545.97,690,outlier,inp;tbtFlow,ee472430a3
15bae507bfb2856a2f2a2dbde7be1baa61d1ec49,head,reactivity,1,2,1038.1696,483.5,0.0022,158.563,272.752,733,outlier,lcpObs,ee472430a3
15bae507bfb2856a2f2a2dbde7be1baa61d1ec49,head,reactivity,2,5,878.2758,354.3516,0.0022,156.549,208.334,601,ok,,ee472430a3
15bae507bfb2856a2f2a2dbde7be1baa61d1ec49,head,reactivity,3,6,989.3922,344.8115,0.0022,162.082,211.949,586,ok,,ee472430a3
15bae507bfb2856a2f2a2dbde7be1baa61d1ec49,head,reactivity,4,9,975.9157,323.9305,0.0022,184.047,269.326,573,ok,,ee472430a3
2ec007be666b0826926a2564ecd3e42d08ce226e,base,reactivity,0,0,1006.9976,388.7465,0.0022,175.062,262.763,630,ok,,ee472430a3
2ec007be666b0826926a2564ecd3e42d08ce226e,base,reactivity,1,3,1002.4159,386.3367,0.0022,166.061,273.498,618,ok,,ee472430a3
2ec007be666b0826926a2564ecd3e42d08ce226e,base,reactivity,2,4,989.9251,403.1065,0.0022,182.78,265.347,632,ok,,ee472430a3
2ec007be666b0826926a2564ecd3e42d08ce226e,base,reactivity,3,7,985.4061,431.3684,0.0022,184.041,273.804,621,ok,,ee472430a3
2ec007be666b0826926a2564ecd3e42d08ce226e,base,reactivity,4,8,1141.6592,362.3856,0.1089,189.059,303.211,627,outlier,lcp;cls,ee472430a3
2ec007be666b0826926a2564ecd3e42d08ce226e,head,reactivity,0,1,999.2475,372.6278,0.0022,189.543,296.172,609,ok,,ee472430a3
2ec007be666b0826926a2564ecd3e42d08ce226e,head,reactivity,1,2,1002.9516,430.2046,0.0022,175.378,302.47,625,ok,,ee472430a3
2ec007be666b0826926a2564ecd3e42d08ce226e,head,reactivity,2,5,979.7498,359.648,0.0022,176.667,254.688,605,outlier,tbtFlow,ee472430a3
2ec007be666b0826926a2564ecd3e42d08ce226e,head,reactivity,3,6,994.1493,403.7446,0.0022,200.938,305.232,655,ok,,ee472430a3
2ec007be666b0826926a2564ecd3e42d08ce226e,head,reactivity,4,9,1022.4297,392.2317,0.0022,181.739,316.772,618,ok,,ee472430a3
fd16694c3d2978312951f8aaae1e1e3d155c348c,base,reactivity,0,0,977.4883,333.3736,0.0022,167.32,242.24,578,ok,,ee472430a3
fd16694c3d2978312951f8aaae1e1e3d155c348c,base,reactivity,1,3,970.6599,347.8309,0.0022,175.57,228.846,585,ok,,ee472430a3
fd16694c3d2978312951f8aaae1e1e3d155c348c,base,reactivity,2,4,998.5457,388.4007,0.0022,165.797,205.673,616,ok,,ee472430a3
fd16694c3d2978312951f8aaae1e1e3d155c348c,base,reactivity,3,7,943.3837,295.8425,0.0022,173.999,224.671,554,ok,,ee472430a3
fd16694c3d2978312951f8aaae1e1e3d155c348c,base,reactivity,4,8,915.8774,393.0,0.0022,180.046,224.78,583,ok,,ee472430a3
fd16694c3d2978312951f8aaae1e1e3d155c348c,head,reactivity,0,1,989.2662,381.634,0.0022,159.066,217.902,595,outlier,inp,ee472430a3
fd16694c3d2978312951f8aaae1e1e3d155c348c,head,reactivity,1,2,969.522,308.3478,0.0022,185.563,230.636,569,ok,,ee472430a3
fd16694c3d2978312951f8aaae1e1e3d155c348c,head,reactivity,2,5,967.9016,318.4393,0.0022,183.092,276.183,550,outlier,tbtFlow,ee472430a3
fd16694c3d2978312951f8aaae1e1e3d155c348c,head,reactivity,3,6,968.0921,348.1279,0.0022,168.967,225.321,578,ok,,ee472430a3
fd16694c3d2978312951f8aaae1e1e3d155c348c,head,reactivity,4,9,977.6813,338.34,0.0022,184.628,229.938,577,ok,,ee472430a3
9ff4a358f24362e72d443942ae30ad0d4feda602,base,reactivity,0,0,955.9864,332.1102,0.0022,177.2,265.153,591,ok,,ee472430a3
9ff4a358f24362e72d443942ae30ad0d4feda602,base,reactivity,1,3,971.0018,286.3068,0.0022,192.389,236.686,535,outlier,tbt,ee472430a3
9ff4a358f24362e72d443942ae30ad0d4feda602,base,reactivity,2,4,979.7463,356.1288,0.0022,195.04,240.086,582,ok,,ee472430a3
9ff4a358f24362e72d443942ae30ad0d4feda602,base,reactivity,3,7,961.1945,341.8832,0.0022,174.59,228.712,545,ok,,ee472430a3
9ff4a358f24362e72d443942ae30ad0d4feda602,base,reactivity,4,8,996.518,357.9054,0.0022,171.371,233.557,573,ok,,ee472430a3
9ff4a358f24362e72d443942ae30ad0d4feda602,base,reactivity,5,11,969.4672,339.1647,0.0022,168.093,254.804,592,ok,,ee472430a3
9ff4a358f24362e72d443942ae30ad0d4feda602,base,reactivity,6,12,986.9718,356.7615,0.0022,179.491,223.619,614,ok,,ee472430a3
9ff4a358f24362e72d443942ae30ad0d4feda602,base,reactivity,7,15,947.6866,328.8106,0.0022,168.85,217.456,573,ok,,ee472430a3
9ff4a358f24362e72d443942ae30ad0d4feda602,base,reactivity,8,16,952.7599,335.5898,0.0022,174.643,200.698,583,outlier,tbtFlow,ee472430a3
9ff4a358f24362e72d443942ae30ad0d4feda602,base,reactivity,9,19,994.7644,313.28,0.0022,192.856,244.196,549,ok,,ee472430a3
9ff4a358f24362e72d443942ae30ad0d4feda602,base,reactivity,10,20,973.2896,349.059,0.0022,186.019,231.177,576,ok,,ee472430a3
9ff4a358f24362e72d443942ae30ad0d4feda602,base,reactivity,11,23,965.7311,347.0063,0.0022,161.475,241.584,580,ok,,ee472430a3
9ff4a358f24362e72d443942ae30ad0d4feda602,base,reactivity,12,24,963.1822,339.12,0.0022,188.033,228.625,571,ok,,ee472430a3
9ff4a358f24362e72d443942ae30ad0d4feda602,base,reactivity,13,27,971.3431,301.9919,0.0022,169.144,234.36,614,ok,,ee472430a3
9ff4a358f24362e72d443942ae30ad0d4feda602,base,reactivity,14,28,996.751,386.5763,0.0022,184.773,258.362,602,outlier,tbt,ee472430a3
9ff4a358f24362e72d443942ae30ad0d4feda602,head,reactivity,0,1,978.364,368.4553,0.0022,173.81,217.209,572,ok,,ee472430a3
9ff4a358f24362e72d443942ae30ad0d4feda602,head,reactivity,1,2,994.0181,338.7333,0.0022,183.713,234.568,556,ok,,ee472430a3
9ff4a358f24362e72d443942ae30ad0d4feda602,head,reactivity,2,5,983.3765,365.3585,0.0022,176.475,220.377,577,ok,,ee472430a3
9ff4a358f24362e72d443942ae30ad0d4feda602,head,reactivity,3,6,984.8186,292.6166,0.0022,183.912,217.944,534,ok,,ee472430a3
9ff4a358f24362e72d443942ae30ad0d4feda602,head,reactivity,4,9,958.0509,321.1869,0.0022,178.015,221.559,548,ok,,ee472430a3
9ff4a358f24362e72d443942ae30ad0d4feda602,head,reactivity,5,10,978.2827,324.8322,0.0022,177.72,237.265,573,ok,,ee472430a3
9ff4a358f24362e72d443942ae30ad0d4feda602,head,reactivity,6,13,1001.5521,382.7194,0.0022,174.024,244.484,633,ok,,ee472430a3
9ff4a358f24362e72d443942ae30ad0d4feda602,head,reactivity,7,14,990.6672,381.7573,0.0022,168.043,227.7,601,ok,,ee472430a3
9ff4a358f24362e72d443942ae30ad0d4feda602,head,reactivity,8,17,963.2958,357.4135,0.0022,177.703,216.195,563,ok,,ee472430a3
9ff4a358f24362e72d443942ae30ad0d4feda602,head,reactivity,9,18,946.2886,285.1464,0.0022,187.281,226.914,531,ok,,ee472430a3
9ff4a358f24362e72d443942ae30ad0d4feda602,head,reactivity,10,21,987.6434,369.877,0.0022,163.939,225.006,595,ok,,ee472430a3
9ff4a358f24362e72d443942ae30ad0d4feda602,head,reactivity,11,22,1004.8407,395.1352,0.0022,191.679,218.876,601,ok,,ee472430a3
9ff4a358f24362e72d443942ae30ad0d4feda602,head,reactivity,12,25,1016.9034,409.8353,0.0022,172.285,255.541,617,ok,,ee472430a3
9ff4a358f24362e72d443942ae30ad0d4feda602,head,reactivity,13,26,980.0736,347.9839,0.0022,173.063,239.391,586,ok,,ee472430a3
9ff4a358f24362e72d443942ae30ad0d4feda602,head,reactivity,14,29,989.5945,354.6235,0.0022,183.962,242.923,606,ok,,ee472430a3
b1a6899dec1f956f44e9acff1c7892fa14bf54c1,base,reactivity,0,0,875.9904,354.7608,0.1089,171.616,268.13,561,outlier,lcp;cls,ee472430a3
b1a6899dec1f956f44e9acff1c7892fa14bf54c1,base,reactivity,1,3,986.0705,357.8993,0.0022,192.288,260.384,584,ok,,ee472430a3
b1a6899dec1f956f44e9acff1c7892fa14bf54c1,base,reactivity,2,4,978.6125,356.5033,0.0022,169.161,237.108,585,ok,,ee472430a3
b1a6899dec1f956f44e9acff1c7892fa14bf54c1,base,reactivity,3,7,969.8737,362.71,0.0022,173.411,243.397,597,ok,,ee472430a3
b1a6899dec1f956f44e9acff1c7892fa14bf54c1,base,reactivity,4,8,976.3982,353.5479,0.0022,178.47,161.613,594,outlier,tbtFlow,ee472430a3
b1a6899dec1f956f44e9acff1c7892fa14bf54c1,head,reactivity,0,1,995.6388,374.958,0.0022,153.119,191.958,583,ok,,ee472430a3
b1a6899dec1f956f44e9acff1c7892fa14bf54c1,head,reactivity,1,2,954.1859,345.0257,0.0022,175.371,248.05,577,ok,,ee472430a3
b1a6899dec1f956f44e9acff1c7892fa14bf54c1,head,reactivity,2,5,985.3852,357.38,0.0022,189.345,273.743,578,ok,,ee472430a3
b1a6899dec1f956f44e9acff1c7892fa14bf54c1,head,reactivity,3,6,975.3174,369.6216,0.0022,182.188,282.136,583,ok,,ee472430a3
b1a6899dec1f956f44e9acff1c7892fa14bf54c1,head,reactivity,4,9,969.3771,370.5225,0.0022,149.058,178.311,635,outlier,lcpObs,ee472430a3
4567e55ee0641e0a9501f89621c1e641cb6cec25,base,reactivity,0,0,974.1049,336.8879,0.0022,157.259,271.564,608,ok,,ee472430a3
4567e55ee0641e0a9501f89621c1e641cb6cec25,base,reactivity,1,3,957.4448,323.275,0.0022,184.814,201.541,560,ok,,ee472430a3
4567e55ee0641e0a9501f89621c1e641cb6cec25,base,reactivity,2,4,1275.3266,345.0841,0.0022,172.46,262.763,645,outlier,lcp,ee472430a3
4567e55ee0641e0a9501f89621c1e641cb6cec25,base,reactivity,3,7,868.1308,345.683,0.0022,158.081,213.788,579,outlier,lcp,ee472430a3
4567e55ee0641e0a9501f89621c1e641cb6cec25,base,reactivity,4,8,980.9373,381.9011,0.0022,170.178,219.585,615,outlier,tbt,ee472430a3
4567e55ee0641e0a9501f89621c1e641cb6cec25,head,reactivity,0,1,971.476,352.4309,0.0022,178.135,261.229,562,outlier,tbtFlow,ee472430a3
4567e55ee0641e0a9501f89621c1e641cb6cec25,head,reactivity,1,2,964.9896,366.1549,0.0022,173.547,225.086,620,ok,,ee472430a3
4567e55ee0641e0a9501f89621c1e641cb6cec25,head,reactivity,2,5,990.7624,348.5464,0.0022,186.286,222.409,593,ok,,ee472430a3
4567e55ee0641e0a9501f89621c1e641cb6cec25,head,reactivity,3,6,964.7342,419.433,0.0022,165.387,224.213,587,outlier,tbt,ee472430a3
4567e55ee0641e0a9501f89621c1e641cb6cec25,head,reactivity,4,9,867.7723,350.8411,0.2459,173.788,241.339,574,outlier,lcp;cls,ee472430a3
e45d0e2f9b6df70fb3c5e792441ed641b85cafcc,base,reactivity,0,0,997.8748,381.9958,0.0022,184.978,297.893,585,ok,,ee472430a3
e45d0e2f9b6df70fb3c5e792441ed641b85cafcc,base,reactivity,1,3,1322.9387,393.8266,0.0022,186.037,292.059,631,outlier,lcp;lcpObs,ee472430a3
e45d0e2f9b6df70fb3c5e792441ed641b85cafcc,base,reactivity,2,4,977.7062,343.6289,0.0022,193.545,270.882,578,ok,,ee472430a3
e45d0e2f9b6df70fb3c5e792441ed641b85cafcc,base,reactivity,3,7,977.0449,390.6095,0.0022,173.106,224.237,571,ok,,ee472430a3
e45d0e2f9b6df70fb3c5e792441ed641b85cafcc,base,reactivity,4,8,937.7607,442.0,0.0022,159.018,247.446,570,ok,,ee472430a3
e45d0e2f9b6df70fb3c5e792441ed641b85cafcc,base,reactivity,5,11,1001.3042,339.8086,0.0022,186.208,262.485,568,ok,,ee472430a3
e45d0e2f9b6df70fb3c5e792441ed641b85cafcc,base,reactivity,6,12,982.7039,344.2564,0.0022,171.117,255.118,595,ok,,ee472430a3
e45d0e2f9b6df70fb3c5e792441ed641b85cafcc,base,reactivity,7,15,1012.2389,379.6915,0.0022,171.341,227.458,596,ok,,ee472430a3
e45d0e2f9b6df70fb3c5e792441ed641b85cafcc,base,reactivity,8,16,992.5762,364.7934,0.0022,191.054,267.919,576,ok,,ee472430a3
e45d0e2f9b6df70fb3c5e792441ed641b85cafcc,base,reactivity,9,19,983.53,395.6283,0.0022,178.317,237.587,621,ok,,ee472430a3
e45d0e2f9b6df70fb3c5e792441ed641b85cafcc,base,reactivity,10,20,968.2053,338.7338,0.0022,175.19,279.32,570,ok,,ee472430a3
e45d0e2f9b6df70fb3c5e792441ed641b85cafcc,base,reactivity,11,23,979.5373,359.9926,0.0022,167.636,296.278,562,ok,,ee472430a3
e45d0e2f9b6df70fb3c5e792441ed641b85cafcc,base,reactivity,12,24,997.7564,460.2626,0.0022,183.677,259.71,609,ok,,ee472430a3
e45d0e2f9b6df70fb3c5e792441ed641b85cafcc,base,reactivity,13,27,954.9501,329.5396,0.0022,174.477,242.373,570,ok,,ee472430a3
e45d0e2f9b6df70fb3c5e792441ed641b85cafcc,base,reactivity,14,28,1001.6758,432.4138,0.0022,158.809,232.063,631,outlier,lcpObs,ee472430a3
e45d0e2f9b6df70fb3c5e792441ed641b85cafcc,head,reactivity,0,1,950.8485,378.8047,0.0022,172.432,261.923,579,ok,,ee472430a3
e45d0e2f9b6df70fb3c5e792441ed641b85cafcc,head,reactivity,1,2,980.5158,322.3328,0.0022,165.051,277.013,562,ok,,ee472430a3
e45d0e2f9b6df70fb3c5e792441ed641b85cafcc,head,reactivity,2,5,958.9131,348.9178,0.0022,187.327,279.143,563,ok,,ee472430a3
e45d0e2f9b6df70fb3c5e792441ed641b85cafcc,head,reactivity,3,6,970.0001,369.5204,0.0022,172.016,249.842,610,ok,,ee472430a3
e45d0e2f9b6df70fb3c5e792441ed641b85cafcc,head,reactivity,4,9,956.766,363.6676,0.0022,182.345,285.916,587,ok,,ee472430a3
e45d0e2f9b6df70fb3c5e792441ed641b85cafcc,head,reactivity,5,10,982.1935,347.9672,0.0022,174.829,243.122,619,ok,,ee472430a3
e45d0e2f9b6df70fb3c5e792441ed641b85cafcc,head,reactivity,6,13,974.9493,392.2439,0.0022,170.077,229.336,608,ok,,ee472430a3
e45d0e2f9b6df70fb3c5e792441ed641b85cafcc,head,reactivity,7,14,956.7345,322.1453,0.0022,174.299,222.891,570,ok,,ee472430a3
e45d0e2f9b6df70fb3c5e792441ed641b85cafcc,head,reactivity,8,17,965.4771,361.4313,0.0022,165.794,218.274,626,ok,,ee472430a3
e45d0e2f9b6df70fb3c5e792441ed641b85cafcc,head,reactivity,9,18,989.3715,377.6067,0.0022,175.855,236.84,614,ok,,ee472430a3
e45d0e2f9b6df70fb3c5e792441ed641b85cafcc,head,reactivity,10,21,959.6002,355.5537,0.0022,179.508,257.535,574,ok,,ee472430a3
e45d0e2f9b6df70fb3c5e792441ed641b85cafcc,head,reactivity,11,22,965.265,340.8273,0.0022,159.487,249.134,572,ok,,ee472430a3
e45d0e2f9b6df70fb3c5e792441ed641b85cafcc,head,reactivity,12,25,1007.9608,413.0471,0.0022,165.427,266.599,632,ok,,ee472430a3
e45d0e2f9b6df70fb3c5e792441ed641b85cafcc,head,reactivity,13,26,987.1731,356.7126,0.0022,172.092,246.549,585,ok,,ee472430a3
e45d0e2f9b6df70fb3c5e792441ed641b85cafcc,head,reactivity,14,29,969.1827,353.924,0.0022,172.006,236.776,588,ok,,ee472430a3
b15177c4bcfe7e37958ff3a19a13dd9d8756cd18,base,reactivity,0,0,993.7802,345.6252,0.0022,188.914,271.54,592,outlier,tbtFlow,ee472430a3
b15177c4bcfe7e37958ff3a19a13dd9d8756cd18,base,reactivity,1,3,973.5661,332.3726,0.0022,208.62,330.195,575,ok,,ee472430a3
b15177c4bcfe7e37958ff3a19a13dd9d8756cd18,base,reactivity,2,4,985.7507,366.0692,0.0022,187.235,326.771,604,ok,,ee472430a3
b15177c4bcfe7e37958ff3a19a13dd9d8756cd18,base,reactivity,3,7,1313.7824,394.7841,0.0022,195.643,350.678,643,outlier,lcp,ee472430a3
b15177c4bcfe7e37958ff3a19a13dd9d8756cd18,base,reactivity,4,8,969.6823,333.035,0.0022,201.138,341.822,553,ok,,ee472430a3
b15177c4bcfe7e37958ff3a19a13dd9d8756cd18,head,reactivity,0,1,968.5225,343.3645,0.0022,191.423,276.405,561,ok,,ee472430a3
b15177c4bcfe7e37958ff3a19a13dd9d8756cd18,head,reactivity,1,2,961.7134,306.9786,0.0022,195.452,314.441,549,outlier,tbt,ee472430a3
b15177c4bcfe7e37958ff3a19a13dd9d8756cd18,head,reactivity,2,5,971.3874,348.9021,0.0022,204.895,343.448,591,ok,,ee472430a3
b15177c4bcfe7e37958ff3a19a13dd9d8756cd18,head,reactivity,3,6,1009.1965,400.9938,0.0022,193.233,305.226,604,outlier,tbt,ee472430a3
b15177c4bcfe7e37958ff3a19a13dd9d8756cd18,head,reactivity,4,9,960.4274,340.909,0.0022,201.402,293.387,573,ok,,ee472430a3
622e7e5cad19d5f3e9c16816b0ad3ce5ef44aaca,base,reactivity,0,0,976.2382,387.8945,0.0022,172.337,272.175,607,ok,,ee472430a3
622e7e5cad19d5f3e9c16816b0ad3ce5ef44aaca,base,reactivity,1,3,913.2221,412.0,0.0022,202.711,323.021,580,outlier,lcp,ee472430a3
622e7e5cad19d5f3e9c16816b0ad3ce5ef44aaca,base,reactivity,2,4,970.4966,372.9116,0.0022,184.698,298.289,612,ok,,ee472430a3
622e7e5cad19d5f3e9c16816b0ad3ce5ef44aaca,base,reactivity,3,7,962.6978,333.1873,0.0022,205.402,315.433,566,ok,,ee472430a3
622e7e5cad19d5f3e9c16816b0ad3ce5ef44aaca,base,reactivity,4,8,982.2745,342.906,0.0022,213.45,349.216,606,ok,,ee472430a3
622e7e5cad19d5f3e9c16816b0ad3ce5ef44aaca,head,reactivity,0,1,964.2341,362.0058,0.0022,184.677,316.698,576,ok,,ee472430a3
622e7e5cad19d5f3e9c16816b0ad3ce5ef44aaca,head,reactivity,1,2,977.9722,346.9102,0.0022,207.927,428.72,591,ok,,ee472430a3
622e7e5cad19d5f3e9c16816b0ad3ce5ef44aaca,head,reactivity,2,5,966.4495,350.3292,0.0022,186.864,259.66,598,ok,,ee472430a3
622e7e5cad19d5f3e9c16816b0ad3ce5ef44aaca,head,reactivity,3,6,887.1311,371.5469,0.1067,192.009,283.592,589,outlier,lcp;cls,ee472430a3
622e7e5cad19d5f3e9c16816b0ad3ce5ef44aaca,head,reactivity,4,9,1001.1516,377.4308,0.0022,201.754,316.655,608,ok,,ee472430a3
cfcf01ee9ece8d873eb4d97c2b9b7e2a59c6f000,base,reactivity,0,0,1005.0331,437.8686,0.0022,184.383,287.533,619,outlier,tbt;lcpObs,ee472430a3
cfcf01ee9ece8d873eb4d97c2b9b7e2a59c6f000,base,reactivity,1,3,905.625,407.0,0.0022,187.056,342.669,586,ok,,ee472430a3
cfcf01ee9ece8d873eb4d97c2b9b7e2a59c6f000,base,reactivity,2,4,954.2159,315.2695,0.0022,175.875,339.837,552,ok,,ee472430a3
cfcf01ee9ece8d873eb4d97c2b9b7e2a59c6f000,base,reactivity,3,7,971.2742,333.172,0.0022,176.011,317.109,555,ok,,ee472430a3
cfcf01ee9ece8d873eb4d97c2b9b7e2a59c6f000,base,reactivity,4,8,969.5131,320.9136,0.0022,236.465,422.475,558,outlier,inp,ee472430a3
cfcf01ee9ece8d873eb4d97c2b9b7e2a59c6f000,head,reactivity,0,1,948.4036,292.7186,0.0022,200.632,350.219,550,outlier,tbt,ee472430a3
cfcf01ee9ece8d873eb4d97c2b9b7e2a59c6f000,head,reactivity,1,2,967.3066,333.1036,0.0022,221.689,385.282,589,outlier,inp;tbtFlow,ee472430a3
cfcf01ee9ece8d873eb4d97c2b9b7e2a59c6f000,head,reactivity,2,5,974.7777,343.8107,0.0022,190.625,314.582,559,ok,,ee472430a3
cfcf01ee9ece8d873eb4d97c2b9b7e2a59c6f000,head,reactivity,3,6,992.1111,335.2695,0.0022,186.79,319.537,564,ok,,ee472430a3
cfcf01ee9ece8d873eb4d97c2b9b7e2a59c6f000,head,reactivity,4,9,978.2862,338.7132,0.0022,190.03,316.85,582,ok,,ee472430a3
d1b5bc861a9239f10a286412f10774978e15d0f2,base,reactivity,0,0,937.2566,304.2203,0.0022,141.674,117.714,496,outlier,tbtFlow;lcpObs,ee472430a3
d1b5bc861a9239f10a286412f10774978e15d0f2,base,reactivity,1,3,867.9243,352.6537,0.0022,179.43,282.109,575,ok,,ee472430a3
d1b5bc861a9239f10a286412f10774978e15d0f2,base,reactivity,2,4,972.6668,369.1411,0.0022,201.473,341.328,596,ok,,ee472430a3
d1b5bc861a9239f10a286412f10774978e15d0f2,base,reactivity,3,7,1025.7484,483.8721,0.0022,203.323,323.166,653,ok,,ee472430a3
d1b5bc861a9239f10a286412f10774978e15d0f2,base,reactivity,4,8,1004.1174,395.9766,0.0022,189.955,327.195,616,ok,,ee472430a3
d1b5bc861a9239f10a286412f10774978e15d0f2,head,reactivity,0,1,941.9624,297.6945,0.0027,139.156,215.372,511,outlier,tbtFlow,1ece8e4b58
d1b5bc861a9239f10a286412f10774978e15d0f2,head,reactivity,1,2,968.6941,344.5344,0.0027,131.08,223.602,547,outlier,tbtFlow,1ece8e4b58
d1b5bc861a9239f10a286412f10774978e15d0f2,head,reactivity,2,5,993.4292,427.8118,0.0027,186.024,338.089,603,ok,,1ece8e4b58
d1b5bc861a9239f10a286412f10774978e15d0f2,head,reactivity,3,6,1024.6718,494.4844,0.1094,163.401,344.175,599,outlier,cls,1ece8e4b58
d1b5bc861a9239f10a286412f10774978e15d0f2,head,reactivity,4,9,979.6787,402.6641,0.0027,184.076,342.669,577,ok,,1ece8e4b58
391b3cab70a5a49ad65baaab9eea1a9d63e93a9f,base,reactivity,0,0,954.3604,252.5102,0.0027,102.77,63.148,460,ok,,1ece8e4b58
391b3cab70a5a49ad65baaab9eea1a9d63e93a9f,base,reactivity,1,3,885.0636,263.5,0.1094,102.552,64.488,428,outlier,cls,1ece8e4b58
391b3cab70a5a49ad65baaab9eea1a9d63e93a9f,base,reactivity,2,4,886.0622,273.5,0.0027,105.144,88.673,444,ok,,1ece8e4b58
391b3cab70a5a49ad65baaab9eea1a9d63e93a9f,base,reactivity,3,7,758.1385,287,0.1094,104.865,73.903,436,outlier,lcp;cls,1ece8e4b58
391b3cab70a5a49ad65baaab9eea1a9d63e93a9f,base,reactivity,4,8,904.65,231.1707,0.0027,111.898,68.763,434,ok,,1ece8e4b58
391b3cab70a5a49ad65baaab9eea1a9d63e93a9f,base,reactivity,5,11,888.1508,314.5,0.0027,112.345,75.268,468,ok,,1ece8e4b58
391b3cab70a5a49ad65baaab9eea1a9d63e93a9f,base,reactivity,6,12,891.3652,288.5,0.0027,97.692,68.273,437,ok,,1ece8e4b58
391b3cab70a5a49ad65baaab9eea1a9d63e93a9f,base,reactivity,7,15,749.694,279.5,0.1094,105.795,63.123,444,outlier,lcp;cls,1ece8e4b58
391b3cab70a5a49ad65baaab9eea1a9d63e93a9f,base,reactivity,8,16,899.264,265.5,0.0027,108.093,60.139,442,ok,,1ece8e4b58
391b3cab70a5a49ad65baaab9eea1a9d63e93a9f,base,reactivity,9,19,937.9078,241.1568,0.0027,103.179,66.667,461,ok,,1ece8e4b58
391b3cab70a5a49ad65baaab9eea1a9d63e93a9f,base,reactivity,10,20,889.1352,304.0,0.0027,98.182,68.657,457,ok,,1ece8e4b58
391b3cab70a5a49ad65baaab9eea1a9d63e93a9f,base,reactivity,11,23,865.8024,295.5,0.0027,100.313,45.252,455,ok,,1ece8e4b58
391b3cab70a5a49ad65baaab9eea1a9d63e93a9f,base,reactivity,12,24,910.4504,292.5,0.0027,110.223,69.387,443,ok,,1ece8e4b58
391b3cab70a5a49ad65baaab9eea1a9d63e93a9f,base,reactivity,13,27,961.6422,282.0987,0.0027,130.354,133.214,494,outlier,inp;tbtFlow,1ece8e4b58
391b3cab70a5a49ad65baaab9eea1a9d63e93a9f,base,reactivity,14,28,950.3518,336.9562,0.0027,110.697,124.652,487,outlier,tbtFlow,1ece8e4b58
391b3cab70a5a49ad65baaab9eea1a9d63e93a9f,head,reactivity,0,1,753.4641,244.0,0.0038,107.67,65.118,378,ok,,1ece8e4b58
391b3cab70a5a49ad65baaab9eea1a9d63e93a9f,head,reactivity,1,2,825.1773,254.5,0.0038,99.781,65.782,406,ok,,1ece8e4b58
391b3cab70a5a49ad65baaab9eea1a9d63e93a9f,head,reactivity,2,5,764.754,183.0,0.0038,109.113,59.536,365,outlier,tbt,1ece8e4b58
391b3cab70a5a49ad65baaab9eea1a9d63e93a9f,head,reactivity,3,6,901.2207,175.3621,0.1104,106.513,59.79,491,outlier,lcp;tbt;cls;lcpObs,1ece8e4b58
391b3cab70a5a49ad65baaab9eea1a9d63e93a9f,head,reactivity,4,9,788.13,228.5,0.0038,106.499,62.594,368,ok,,1ece8e4b58
391b3cab70a5a49ad65baaab9eea1a9d63e93a9f,head,reactivity,5,10,817.2775,228.5,0.1104,110.045,78.903,380,outlier,cls,1ece8e4b58
391b3cab70a5a49ad65baaab9eea1a9d63e93a9f,head,reactivity,6,13,810.9316,229.5,0.1104,105.773,75.908,384,outlier,cls,1ece8e4b58
391b3cab70a5a49ad65baaab9eea1a9d63e93a9f,head,reactivity,7,14,757.9144,230.5,0.0038,104.553,66.992,374,ok,,1ece8e4b58
391b3cab70a5a49ad65baaab9eea1a9d63e93a9f,head,reactivity,8,17,769.5361,224.0,0.1104,100.406,56.127,377,outlier,cls,1ece8e4b58
391b3cab70a5a49ad65baaab9eea1a9d63e93a9f,head,reactivity,9,18,769.8342,230.5,0.0038,109.262,64.941,384,ok,,1ece8e4b58
391b3cab70a5a49ad65baaab9eea1a9d63e93a9f,head,reactivity,10,21,764.34,225.5,0.0038,97.438,59.583,384,ok,,1ece8e4b58
391b3cab70a5a49ad65baaab9eea1a9d63e93a9f,head,reactivity,11,22,780.7021,225,0.0038,107.821,69.501,369,ok,,1ece8e4b58
391b3cab70a5a49ad65baaab9eea1a9d63e93a9f,head,reactivity,12,25,754.0999,244.0,0.0038,106.341,52.432,368,ok,,1ece8e4b58
391b3cab70a5a49ad65baaab9eea1a9d63e93a9f,head,reactivity,13,26,787.5998,196.0,0.2459,155.093,172.996,391,outlier,tbt;cls;inp;tbtFlow,1ece8e4b58
391b3cab70a5a49ad65baaab9eea1a9d63e93a9f,head,reactivity,14,29,830.5579,192.0,0.0038,122.496,188.103,449,outlier,tbt;tbtFlow;lcpObs,1ece8e4b58
132227d4eb83a2c01955be51b571acde139541ec,base,reactivity,0,0,901.3695,264.5,0.0038,141.086,197.027,398,ok,,1ece8e4b58
132227d4eb83a2c01955be51b571acde139541ec,base,reactivity,1,3,946.9594,323.5,0.0038,119.838,109.459,502,outlier,tbt;lcpObs,1ece8e4b58
132227d4eb83a2c01955be51b571acde139541ec,base,reactivity,2,4,787.4695,231.5,0.0038,107.009,125.97,391,ok,,1ece8e4b58
132227d4eb83a2c01955be51b571acde139541ec,base,reactivity,3,7,827.3441,234.5,0.1104,113.315,131.901,384,outlier,cls,1ece8e4b58
132227d4eb83a2c01955be51b571acde139541ec,base,reactivity,4,8,895.1472,245.5,0.0038,123.332,184.76,426,ok,,1ece8e4b58
132227d4eb83a2c01955be51b571acde139541ec,head,reactivity,0,1,967.2135,283.5,0.0038,113.19,169.279,469,ok,,1ece8e4b58
132227d4eb83a2c01955be51b571acde139541ec,head,reactivity,1,2,873.5753,219,0.0038,134.107,209.333,436,ok,,1ece8e4b58
132227d4eb83a2c01955be51b571acde139541ec,head,reactivity,2,5,828.9281,192.5,0.0038,122.548,109.228,411,ok,,1ece8e4b58
132227d4eb83a2c01955be51b571acde139541ec,head,reactivity,3,6,782.8499,194.5,0.1104,115.29,112.38,388,outlier,cls,1ece8e4b58
132227d4eb83a2c01955be51b571acde139541ec,head,reactivity,4,9,836.9005,237.5,0.0038,109.029,151.415,378,ok,,1ece8e4b58
42cf8e00c475fcc64c03e8a6cb52b8b15e7eacdc,base,reactivity,0,0,960.5423,272.0,0.1104,290.088,194.398,453,outlier,inp,1ece8e4b58
42cf8e00c475fcc64c03e8a6cb52b8b15e7eacdc,base,reactivity,1,3,986.6703,230,0.0038,146.124,186.615,510,outlier,cls,1ece8e4b58
42cf8e00c475fcc64c03e8a6cb52b8b15e7eacdc,base,reactivity,2,4,863.056,200.0,0.1104,109.142,136.766,410,ok,,1ece8e4b58
42cf8e00c475fcc64c03e8a6cb52b8b15e7eacdc,base,reactivity,3,7,965.4221,284.5,0.1104,152.699,267.719,430,ok,,1ece8e4b58
42cf8e00c475fcc64c03e8a6cb52b8b15e7eacdc,base,reactivity,4,8,961.8235,276.0,0.1104,119.209,137.397,462,ok,,1ece8e4b58
42cf8e00c475fcc64c03e8a6cb52b8b15e7eacdc,base,reactivity,5,11,774.5727,212.0,0.2459,118.386,148.86,403,outlier,cls,1ece8e4b58
42cf8e00c475fcc64c03e8a6cb52b8b15e7eacdc,base,reactivity,6,12,998.9956,360.5,0.1104,113.408,122.11,549,outlier,lcpObs,1ece8e4b58
42cf8e00c475fcc64c03e8a6cb52b8b15e7eacdc,base,reactivity,7,15,844.8061,210.0,0.1104,136.685,161.985,437,ok,,1ece8e4b58
42cf8e00c475fcc64c03e8a6cb52b8b15e7eacdc,base,reactivity,8,16,918.1099,265.5,0.1104,131.438,180.008,397,ok,,1ece8e4b58
42cf8e00c475fcc64c03e8a6cb52b8b15e7eacdc,base,reactivity,9,19,806.6059,233.0,0.0038,140.288,153.603,434,outlier,cls,1ece8e4b58
42cf8e00c475fcc64c03e8a6cb52b8b15e7eacdc,base,reactivity,10,20,891.5026,276.5,0.1104,126.576,177.094,442,ok,,1ece8e4b58
42cf8e00c475fcc64c03e8a6cb52b8b15e7eacdc,base,reactivity,11,23,948.4652,312.5,0.1104,158.792,252.008,496,ok,,1ece8e4b58
42cf8e00c475fcc64c03e8a6cb52b8b15e7eacdc,base,reactivity,12,24,980.125,278,0.1104,125.408,147.136,435,ok,,1ece8e4b58
42cf8e00c475fcc64c03e8a6cb52b8b15e7eacdc,base,reactivity,13,27,832.7546,278.5,0.0038,130.135,139.058,399,outlier,cls,1ece8e4b58
42cf8e00c475fcc64c03e8a6cb52b8b15e7eacdc,base,reactivity,14,28,831.8807,204.5,0.0038,127.693,253.408,424,outlier,cls,1ece8e4b58
42cf8e00c475fcc64c03e8a6cb52b8b15e7eacdc,head,reactivity,0,1,908.5427,252,0.0038,137.727,181.915,458,ok,,1ece8e4b58
42cf8e00c475fcc64c03e8a6cb52b8b15e7eacdc,head,reactivity,1,2,845.9351,249.5,0.1104,124.066,118.268,455,outlier,cls,1ece8e4b58
42cf8e00c475fcc64c03e8a6cb52b8b15e7eacdc,head,reactivity,2,5,776.4974,231,0.0038,172.026,213.056,386,outlier,inp,1ece8e4b58
42cf8e00c475fcc64c03e8a6cb52b8b15e7eacdc,head,reactivity,3,6,788.9996,241.5,0.0038,150.461,188.664,393,outlier,inp,1ece8e4b58
42cf8e00c475fcc64c03e8a6cb52b8b15e7eacdc,head,reactivity,4,9,796.2623,237.0,0.0038,128.141,172.871,393,ok,,1ece8e4b58
42cf8e00c475fcc64c03e8a6cb52b8b15e7eacdc,head,reactivity,5,10,955.3317,254.0,0.1104,138.455,203.194,437,outlier,cls,1ece8e4b58
42cf8e00c475fcc64c03e8a6cb52b8b15e7eacdc,head,reactivity,6,13,829.3716,241.5,0.0038,109.83,132.977,395,ok,,1ece8e4b58
42cf8e00c475fcc64c03e8a6cb52b8b15e7eacdc,head,reactivity,7,14,854.2666,280.5,0.0038,128.26,172.258,409,ok,,1ece8e4b58
42cf8e00c475fcc64c03e8a6cb52b8b15e7eacdc,head,reactivity,8,17,851.5439,255.0,0.0038,126.174,171.993,400,ok,,1ece8e4b58
42cf8e00c475fcc64c03e8a6cb52b8b15e7eacdc,head,reactivity,9,18,839.9172,243.0,0.1104,121.617,155.568,408,outlier,cls,1ece8e4b58
42cf8e00c475fcc64c03e8a6cb52b8b15e7eacdc,head,reactivity,10,21,806.4191,203.0,0.0038,123.544,147.028,437,outlier,tbt,1ece8e4b58
42cf8e00c475fcc64c03e8a6cb52b8b15e7eacdc,head,reactivity,11,22,794.758,256.0,0.2459,118.54,163.106,403,outlier,cls,1ece8e4b58
42cf8e00c475fcc64c03e8a6cb52b8b15e7eacdc,head,reactivity,12,25,846.1398,240.5,0.1104,123.595,100.672,422,outlier,cls,1ece8e4b58
42cf8e00c475fcc64c03e8a6cb52b8b15e7eacdc,head,reactivity,13,26,910.9512,263.5,0.1104,112.137,104.462,428,outlier,cls,1ece8e4b58
42cf8e00c475fcc64c03e8a6cb52b8b15e7eacdc,head,reactivity,14,29,871.8117,309.5,0.1104,120.672,211.433,465,outlier,tbt;cls,1ece8e4b58
cf3a17a9006822a5d3d4ab77a55a353509e42e7b,base,reactivity,0,0,1129.4285,455.5,0.1104,292.142,852.37,655,outlier,tbt;inp;tbtFlow;lcpObs,1ece8e4b58
cf3a17a9006822a5d3d4ab77a55a353509e42e7b,base,reactivity,1,3,755.9884,189.5,0.1104,109.71,86.752,351,ok,,1ece8e4b58
cf3a17a9006822a5d3d4ab77a55a353509e42e7b,base,reactivity,2,4,768.9984,227.5,0.0038,111.441,147.74,364,outlier,cls,1ece8e4b58
cf3a17a9006822a5d3d4ab77a55a353509e42e7b,base,reactivity,3,7,984.7219,271,0.1104,112.787,127.982,445,ok,,1ece8e4b58
cf3a17a9006822a5d3d4ab77a55a353509e42e7b,base,reactivity,4,8,912.2584,261.5,0.0038,112.468,113.587,397,outlier,cls,1ece8e4b58
cf3a17a9006822a5d3d4ab77a55a353509e42e7b,head,reactivity,0,1,1030.3516,355.0,0.0038,127.255,87.942,538,outlier,lcp;tbt;cls;lcpObs,1ece8e4b58
cf3a17a9006822a5d3d4ab77a55a353509e42e7b,head,reactivity,1,2,826.0497,238.0,0.1104,120.813,89.561,387,ok,,1ece8e4b58
cf3a17a9006822a5d3d4ab77a55a353509e42e7b,head,reactivity,2,5,842.3138,291.5,0.1104,145.014,214.615,412,ok,,1ece8e4b58
cf3a17a9006822a5d3d4ab77a55a353509e42e7b,head,reactivity,3,6,773.319,250.5,0.0038,117.687,164.395,405,outlier,cls,1ece8e4b58
cf3a17a9006822a5d3d4ab77a55a353509e42e7b,head,reactivity,4,9,787.7299,241.5,0.1104,108.449,126.268,389,ok,,1ece8e4b58
646093a2d42de7a24e2c77f1f125ddc3b82b3d32,base,reactivity,0,0,864.5718,277.5,0.0038,119.952,111.696,443,outlier,tbt;lcpObs,1ece8e4b58
646093a2d42de7a24e2c77f1f125ddc3b82b3d32,base,reactivity,1,3,798.7905,216.0,0.0038,104.104,112.5,359,ok,,1ece8e4b58
646093a2d42de7a24e2c77f1f125ddc3b82b3d32,base,reactivity,2,4,948.9698,247.5,0.1104,104.016,107.891,417,outlier,lcp;cls,1ece8e4b58
646093a2d42de7a24e2c77f1f125ddc3b82b3d32,base,reactivity,3,7,785.6581,236.5,0.0038,108.169,106.01,387,ok,,1ece8e4b58
646093a2d42de7a24e2c77f1f125ddc3b82b3d32,base,reactivity,4,8,819.0104,237.5,0.2459,123.436,116.221,391,outlier,cls,1ece8e4b58
646093a2d42de7a24e2c77f1f125ddc3b82b3d32,base,reactivity,5,11,908.7904,234.5,0.1104,107.507,127.823,388,outlier,lcp;cls,1ece8e4b58
646093a2d42de7a24e2c77f1f125ddc3b82b3d32,base,reactivity,6,12,777.47,236.0,0.0038,123.394,120.202,376,ok,,1ece8e4b58
646093a2d42de7a24e2c77f1f125ddc3b82b3d32,base,reactivity,7,15,790.1716,198.0,0.0038,130.604,143.809,402,outlier,tbt,1ece8e4b58
646093a2d42de7a24e2c77f1f125ddc3b82b3d32,base,reactivity,8,16,790.3797,199,0.1104,121.136,156.404,391,outlier,tbt;cls,1ece8e4b58
646093a2d42de7a24e2c77f1f125ddc3b82b3d32,base,reactivity,9,19,796.7794,234.0,0.2459,109.807,121.418,397,outlier,cls,1ece8e4b58
646093a2d42de7a24e2c77f1f125ddc3b82b3d32,base,reactivity,10,20,942.2365,262.0,0.0038,122.736,145.736,414,outlier,lcp,1ece8e4b58
646093a2d42de7a24e2c77f1f125ddc3b82b3d32,base,reactivity,11,23,777.1901,230.0,0.0038,117.307,122.118,373,ok,,1ece8e4b58
646093a2d42de7a24e2c77f1f125ddc3b82b3d32,base,reactivity,12,24,819.816,229.5,0.0038,110.186,123.391,391,ok,,1ece8e4b58
646093a2d42de7a24e2c77f1f125ddc3b82b3d32,base,reactivity,13,27,765.6436,228.5,0.0038,116.418,136.946,380,ok,,1ece8e4b58
646093a2d42de7a24e2c77f1f125ddc3b82b3d32,base,reactivity,14,28,769.463,226.5,0.0038,115.141,123.236,371,ok,,1ece8e4b58
646093a2d42de7a24e2c77f1f125ddc3b82b3d32,head,reactivity,0,1,859.5811,243.5,0.0038,129.772,129.715,405,ok,,1ece8e4b58
646093a2d42de7a24e2c77f1f125ddc3b82b3d32,head,reactivity,1,2,761.1399,191.0,0.0038,106.532,123.857,360,outlier,tbt,1ece8e4b58
646093a2d42de7a24e2c77f1f125ddc3b82b3d32,head,reactivity,2,5,769.2759,234.0,0.0038,101.489,84.808,358,ok,,1ece8e4b58
646093a2d42de7a24e2c77f1f125ddc3b82b3d32,head,reactivity,3,6,752.3076,234.0,0.0038,102.18,105.106,357,ok,,1ece8e4b58
646093a2d42de7a24e2c77f1f125ddc3b82b3d32,head,reactivity,4,9,788.9659,232.5,0.1104,116.925,119.3,382,outlier,cls,1ece8e4b58
646093a2d42de7a24e2c77f1f125ddc3b82b3d32,head,reactivity,5,10,857.0549,252.0,0.0038,109.406,106.804,424,ok,,1ece8e4b58
646093a2d42de7a24e2c77f1f125ddc3b82b3d32,head,reactivity,6,13,833.8035,233.5,0.1104,138.45,145.988,396,outlier,cls,1ece8e4b58
646093a2d42de7a24e2c77f1f125ddc3b82b3d32,head,reactivity,7,14,823.3621,231.5,0.0038,120.284,118.463,376,ok,,1ece8e4b58
646093a2d42de7a24e2c77f1f125ddc3b82b3d32,head,reactivity,8,17,776.4464,213.5,0.0038,136.453,157.887,374,ok,,1ece8e4b58
646093a2d42de7a24e2c77f1f125ddc3b82b3d32,head,reactivity,9,18,895.2217,242.5,0.1104,128.591,138.86,388,outlier,cls,1ece8e4b58
646093a2d42de7a24e2c77f1f125ddc3b82b3d32,head,reactivity,10,21,759.9212,231.5,0.0038,104.326,118.276,371,ok,,1ece8e4b58
646093a2d42de7a24e2c77f1f125ddc3b82b3d32,head,reactivity,11,22,830.3834,246.0,0.1104,120.821,146.501,391,outlier,cls,1ece8e4b58
646093a2d42de7a24e2c77f1f125ddc3b82b3d32,head,reactivity,12,25,790.1053,234.0,0.0038,120.215,122.247,377,ok,,1ece8e4b58
646093a2d42de7a24e2c77f1f125ddc3b82b3d32,head,reactivity,13,26,791.1878,233.0,0.0038,144.004,148.883,377,ok,,1ece8e4b58
646093a2d42de7a24e2c77f1f125ddc3b82b3d32,head,reactivity,14,29,760.9302,203.5,0.1104,116.788,132.253,366,outlier,tbt;cls,1ece8e4b58
a681541956462672a0848e3fabfa5d0936d3d903,base,reactivity,0,0,913.6875,299,0.1104,133.904,122.711,446,outlier,lcp;tbt;lcpObs,1ece8e4b58
a681541956462672a0848e3fabfa5d0936d3d903,base,reactivity,1,3,822.9808,252.5,0.1104,125.84,172.571,380,ok,,1ece8e4b58
a681541956462672a0848e3fabfa5d0936d3d903,base,reactivity,2,4,774.9097,228.0,0.0038,150.886,167.115,384,outlier,lcp;cls;inp,1ece8e4b58
a681541956462672a0848e3fabfa5d0936d3d903,base,reactivity,3,7,829.8461,262,0.1104,122.065,143.481,388,ok,,1ece8e4b58
a681541956462672a0848e3fabfa5d0936d3d903,base,reactivity,4,8,827.0262,253.0,0.0038,129.143,179.81,398,outlier,cls,1ece8e4b58
a681541956462672a0848e3fabfa5d0936d3d903,head,reactivity,0,1,863.878,252.5,0.0038,142.454,213.526,416,outlier,tbtFlow,1ece8e4b58
a681541956462672a0848e3fabfa5d0936d3d903,head,reactivity,1,2,876.7992,269.5,0.1104,126.542,143.781,401,outlier,cls,1ece8e4b58
a681541956462672a0848e3fabfa5d0936d3d903,head,reactivity,2,5,784.7998,231,0.0038,125.262,136.092,433,outlier,lcp,1ece8e4b58
a681541956462672a0848e3fabfa5d0936d3d903,head,reactivity,3,6,913.4384,250.5,0.2459,113.416,119.584,390,outlier,cls,1ece8e4b58
a681541956462672a0848e3fabfa5d0936d3d903,head,reactivity,4,9,846.6613,259.0,0.0038,123.99,127.904,392,ok,,1ece8e4b58
756b51d4d0c69b16dc09d3b7063f610dbc987ebf,base,reactivity,0,0,926.056,277.5,0.0038,126.36,144.237,471,ok,,1ece8e4b58
756b51d4d0c69b16dc09d3b7063f610dbc987ebf,base,reactivity,1,3,930.9647,291.5,0.1104,111.38,131.107,410,outlier,cls,1ece8e4b58
756b51d4d0c69b16dc09d3b7063f610dbc987ebf,base,reactivity,2,4,921.6832,306.5,0.0038,146.159,170.914,448,outlier,inp,1ece8e4b58
756b51d4d0c69b16dc09d3b7063f610dbc987ebf,base,reactivity,3,7,872.5678,258.5,0.1104,114.319,99.373,477,outlier,cls,1ece8e4b58
756b51d4d0c69b16dc09d3b7063f610dbc987ebf,base,reactivity,4,8,769.8829,233,0.0038,114.624,95.144,384,outlier,lcp,1ece8e4b58
756b51d4d0c69b16dc09d3b7063f610dbc987ebf,head,reactivity,0,1,876.3993,257.5,0.1104,111.052,88.65,421,ok,,1ece8e4b58
756b51d4d0c69b16dc09d3b7063f610dbc987ebf,head,reactivity,1,2,837.8828,236.0,0.0038,136.031,194.886,392,outlier,cls;tbtFlow,1ece8e4b58
756b51d4d0c69b16dc09d3b7063f610dbc987ebf,head,reactivity,2,5,798.578,235.5,0.0038,122.008,95.645,401,outlier,cls,1ece8e4b58
756b51d4d0c69b16dc09d3b7063f610dbc987ebf,head,reactivity,3,6,775.4108,246.0,0.1104,138.3,106.288,391,ok,,1ece8e4b58
756b51d4d0c69b16dc09d3b7063f610dbc987ebf,head,reactivity,4,9,932.2735,264.0,0.1104,130.936,128.47,453,outlier,lcpObs,1ece8e4b58
08feb3426189f7f97af09280c4185f89450e53cc,base,reactivity,0,0,940.9525,305.5,0.1104,112.82,116.745,451,ok,,1ece8e4b58
08feb3426189f7f97af09280c4185f89450e53cc,base,reactivity,1,3,829.6878,231.5,0.1104,119.491,112.836,389,ok,,1ece8e4b58
08feb3426189f7f97af09280c4185f89450e53cc,base,reactivity,2,4,901.4235,254,0.1104,123.788,130.506,405,ok,,1ece8e4b58
08feb3426189f7f97af09280c4185f89450e53cc,base,reactivity,3,7,932.0012,275.5,0.1104,140.823,164.943,409,ok,,1ece8e4b58
08feb3426189f7f97af09280c4185f89450e53cc,base,reactivity,4,8,962.5057,254.5,0.1104,139.012,129.443,432,ok,,1ece8e4b58
08feb3426189f7f97af09280c4185f89450e53cc,head,reactivity,0,1,960.8415,299.0,0.1104,134.448,140.6,476,outlier,lcpObs,1ece8e4b58
08feb3426189f7f97af09280c4185f89450e53cc,head,reactivity,1,2,847.4259,202.0,0.1104,122.662,164.372,421,ok,,1ece8e4b58
08feb3426189f7f97af09280c4185f89450e53cc,head,reactivity,2,5,771.5985,238.5,0.2459,123.888,121.966,400,ok,,1ece8e4b58
08feb3426189f7f97af09280c4185f89450e53cc,head,reactivity,3,6,790.9255,237.5,0.0038,130.576,132.744,406,ok,,1ece8e4b58
08feb3426189f7f97af09280c4185f89450e53cc,head,reactivity,4,9,879.1363,265.0,0.0038,128.644,124.559,416,ok,,1ece8e4b58
96b9b7c3c3d1f20d609a94642fcabb3eba2df306,base,reactivity,0,0,968.0329,413.0,0.0038,108.887,117.406,590,outlier,tbt;tbtFlow;lcpObs,1ece8e4b58
96b9b7c3c3d1f20d609a94642fcabb3eba2df306,base,reactivity,1,3,864.201,245.5,0.0038,141.313,178.348,406,ok,,1ece8e4b58
96b9b7c3c3d1f20d609a94642fcabb3eba2df306,base,reactivity,2,4,834.8154,262.5,0.2459,126.238,180.994,401,ok,,1ece8e4b58
96b9b7c3c3d1f20d609a94642fcabb3eba2df306,base,reactivity,3,7,907.9608,253.5,0.1104,120.269,176.979,443,ok,,1ece8e4b58
96b9b7c3c3d1f20d609a94642fcabb3eba2df306,base,reactivity,4,8,841.3929,270.5,0.1104,136.866,175.518,405,ok,,1ece8e4b58
96b9b7c3c3d1f20d609a94642fcabb3eba2df306,head,reactivity,0,1,894.1983,255.5,0.0038,123.571,192.394,438,outlier,tbtFlow,1ece8e4b58
96b9b7c3c3d1f20d609a94642fcabb3eba2df306,head,reactivity,1,2,776.7886,250.5,0.1104,118.727,154.966,406,outlier,cls,1ece8e4b58
96b9b7c3c3d1f20d609a94642fcabb3eba2df306,head,reactivity,2,5,893.1707,290.5,0.0038,112.377,155.95,406,ok,,1ece8e4b58
96b9b7c3c3d1f20d609a94642fcabb3eba2df306,head,reactivity,3,6,843.5076,277.0,0.1104,136.114,164.438,417,outlier,cls,1ece8e4b58
96b9b7c3c3d1f20d609a94642fcabb3eba2df306,head,reactivity,4,9,787.6712,245.5,0.0038,137.046,149.17,393,ok,,1ece8e4b58
a62b914bc6bcb433bddb02a69f1ce708c34c8a22,base,reactivity,0,0,806.0997,210,0.1104,109.116,97.668,371,outlier,tbtFlow,1ece8e4b58
a62b914bc6bcb433bddb02a69f1ce708c34c8a22,base,reactivity,1,3,755.6067,231.0,0.1104,101.209,48.13,367,ok,,1ece8e4b58
a62b914bc6bcb433bddb02a69f1ce708c34c8a22,base,reactivity,2,4,745.2699,225.5,0.0038,101.565,49.013,346,outlier,cls,1ece8e4b58
a62b914bc6bcb433bddb02a69f1ce708c34c8a22,base,reactivity,3,7,764.2624,190.0,0.0038,109.748,56.236,373,outlier,cls,1ece8e4b58
a62b914bc6bcb433bddb02a69f1ce708c34c8a22,base,reactivity,4,8,765.8588,234.5,0.1104,111.419,46.961,360,ok,,1ece8e4b58
a62b914bc6bcb433bddb02a69f1ce708c34c8a22,head,reactivity,0,1,784.4121,234.0,0.0038,112.019,57.888,394,ok,,1ece8e4b58
a62b914bc6bcb433bddb02a69f1ce708c34c8a22,head,reactivity,1,2,809.6591,232.5,0.1104,99.831,64.263,828,outlier,cls;lcpObs,1ece8e4b58
a62b914bc6bcb433bddb02a69f1ce708c34c8a22,head,reactivity,2,5,769.4461,229.0,0.0038,98.069,47.497,362,ok,,1ece8e4b58
a62b914bc6bcb433bddb02a69f1ce708c34c8a22,head,reactivity,3,6,751.3122,190.0,0.0038,97.195,53.012,358,outlier,tbt,1ece8e4b58
a62b914bc6bcb433bddb02a69f1ce708c34c8a22,head,reactivity,4,9,752.8113,205.0,0.0038,102.659,44.132,374,ok,,1ece8e4b58
017ce157b0c76f81639ab4ad78866f57d081df40,base,reactivity,0,0,766.1041,192.0,0.1104,97.563,52.634,369,outlier,cls,1ece8e4b58
017ce157b0c76f81639ab4ad78866f57d081df40,base,reactivity,1,3,783.7976,223.0,0.1104,109.411,84.403,369,outlier,cls,1ece8e4b58
017ce157b0c76f81639ab4ad78866f57d081df40,base,reactivity,2,4,802.5318,204.0,0.0038,111.164,121.22,377,ok,,1ece8e4b58
017ce157b0c76f81639ab4ad78866f57d081df40,base,reactivity,3,7,763.6323,231.0,0.0038,106.303,99.681,371,ok,,1ece8e4b58
017ce157b0c76f81639ab4ad78866f57d081df40,base,reactivity,4,8,749.1383,189.0,0.0038,115.418,100.628,369,ok,,1ece8e4b58
017ce157b0c76f81639ab4ad78866f57d081df40,base,reactivity,5,11,753.0893,223.0,0.0038,98.146,91.923,363,ok,,1ece8e4b58
017ce157b0c76f81639ab4ad78866f57d081df40,base,reactivity,6,12,790.8375,190,0.0038,94.646,72.887,372,ok,,1ece8e4b58
017ce157b0c76f81639ab4ad78866f57d081df40,base,reactivity,7,15,751.4443,238.0,0.0038,90.816,84.619,361,ok,,1ece8e4b58
017ce157b0c76f81639ab4ad78866f57d081df40,base,reactivity,8,16,784.4226,192.0,0.1104,97.384,77.433,361,outlier,cls,1ece8e4b58
017ce157b0c76f81639ab4ad78866f57d081df40,base,reactivity,9,19,740.2149,228.5,0.0038,103.98,73.913,353,ok,,1ece8e4b58
017ce157b0c76f81639ab4ad78866f57d081df40,base,reactivity,10,20,766.4064,187.5,0.0038,100.81,78.881,356,ok,,1ece8e4b58
017ce157b0c76f81639ab4ad78866f57d081df40,base,reactivity,11,23,763.7926,230.0,0.0038,105.833,71.297,360,ok,,1ece8e4b58
017ce157b0c76f81639ab4ad78866f57d081df40,base,reactivity,12,24,792.6344,225.5,0.0038,114.028,104.892,362,ok,,1ece8e4b58
017ce157b0c76f81639ab4ad78866f57d081df40,base,reactivity,13,27,836.2032,204.0,0.1104,124.343,95.613,370,outlier,cls,1ece8e4b58
017ce157b0c76f81639ab4ad78866f57d081df40,base,reactivity,14,28,796.5809,236.5,0.0038,120.189,105.212,395,ok,,1ece8e4b58
017ce157b0c76f81639ab4ad78866f57d081df40,head,reactivity,0,1,764.5239,233.0,0.2459,102.413,42.58,359,outlier,cls;tbtFlow,1ece8e4b58
017ce157b0c76f81639ab4ad78866f57d081df40,head,reactivity,1,2,761.1233,231.0,0.0038,115.759,109.478,360,outlier,cls,1ece8e4b58
017ce157b0c76f81639ab4ad78866f57d081df40,head,reactivity,2,5,816.3821,237.0,0.1104,107.969,79.482,427,outlier,lcpObs,1ece8e4b58
017ce157b0c76f81639ab4ad78866f57d081df40,head,reactivity,3,6,752.329,226.5,0.0038,115.997,107.039,351,outlier,cls,1ece8e4b58
017ce157b0c76f81639ab4ad78866f57d081df40,head,reactivity,4,9,809.0519,235.5,0.2459,96.27,90.029,372,outlier,cls,1ece8e4b58
017ce157b0c76f81639ab4ad78866f57d081df40,head,reactivity,5,10,754.4105,191.0,0.0038,114.445,120.12,354,outlier,tbt;cls,1ece8e4b58
017ce157b0c76f81639ab4ad78866f57d081df40,head,reactivity,6,13,771.3941,231.5,0.1104,103.479,77.08,400,ok,,1ece8e4b58
017ce157b0c76f81639ab4ad78866f57d081df40,head,reactivity,7,14,752.304,230.5,0.1104,108.508,84.01,362,ok,,1ece8e4b58
017ce157b0c76f81639ab4ad78866f57d081df40,head,reactivity,8,17,803.3885,225.0,0.1104,102.02,82.666,378,ok,,1ece8e4b58
017ce157b0c76f81639ab4ad78866f57d081df40,head,reactivity,9,18,899.4553,234.5,0.1104,112.592,99.74,362,outlier,lcp,1ece8e4b58
017ce157b0c76f81639ab4ad78866f57d081df40,head,reactivity,10,21,781.1805,236.0,0.1104,101.243,104.061,373,ok,,1ece8e4b58
017ce157b0c76f81639ab4ad78866f57d081df40,head,reactivity,11,22,812.0707,230.5,0.1104,104.174,88.912,369,ok,,1ece8e4b58
017ce157b0c76f81639ab4ad78866f57d081df40,head,reactivity,12,25,879.3084,230.5,0.1104,106.168,88.486,376,outlier,lcp,1ece8e4b58
017ce157b0c76f81639ab4ad78866f57d081df40,head,reactivity,13,26,758.2384,199.5,0.0038,111.585,105.487,371,outlier,tbt;cls,1ece8e4b58
017ce157b0c76f81639ab4ad78866f57d081df40,head,reactivity,14,29,756.9028,185.0,0.1104,106.766,94.667,394,outlier,tbt,1ece8e4b58
a9c6189c96b875b0d1840ebe9b697ca0dd5413c7,base,reactivity,0,0,771.9822,228.5,0.0038,175.98,66.665,375,outlier,inp,1ece8e4b58
a9c6189c96b875b0d1840ebe9b697ca0dd5413c7,base,reactivity,1,3,762.6768,191.5,0.0038,103.897,102.339,359,outlier,tbt,1ece8e4b58
a9c6189c96b875b0d1840ebe9b697ca0dd5413c7,base,reactivity,2,4,873.4474,225.5,0.0038,107.683,69.001,389,ok,,1ece8e4b58
a9c6189c96b875b0d1840ebe9b697ca0dd5413c7,base,reactivity,3,7,808.8251,226.5,0.1104,130.599,156.21,368,outlier,cls;inp,1ece8e4b58
a9c6189c96b875b0d1840ebe9b697ca0dd5413c7,base,reactivity,4,8,742.1565,225.5,0.0038,104.153,91.443,352,ok,,1ece8e4b58
a9c6189c96b875b0d1840ebe9b697ca0dd5413c7,head,reactivity,0,1,792.0382,188.5,0.0038,101.971,97.916,359,outlier,tbt,1ece8e4b58
a9c6189c96b875b0d1840ebe9b697ca0dd5413c7,head,reactivity,1,2,792.3972,224.0,0.0038,102.642,77.992,387,ok,,1ece8e4b58
a9c6189c96b875b0d1840ebe9b697ca0dd5413c7,head,reactivity,2,5,775.4541,227.0,0.0038,106.675,106.094,383,ok,,1ece8e4b58
a9c6189c96b875b0d1840ebe9b697ca0dd5413c7,head,reactivity,3,6,753.3469,246.0,0.0038,111.794,112.019,345,ok,,1ece8e4b58
a9c6189c96b875b0d1840ebe9b697ca0dd5413c7,head,reactivity,4,9,891.4717,231.5,0.0038,129.715,122.004,383,outlier,lcp;inp,1ece8e4b58
17041a2929a99e2d25852ae969b47b41ac5e07ce,base,reactivity,0,0,775.7397,229.5,0.0038,133.547,129.547,387,ok,,1ece8e4b58
17041a2929a99e2d25852ae969b47b41ac5e07ce,base,reactivity,1,3,811.3495,244.5,0.1104,117.792,86.297,404,outlier,cls,1ece8e4b58
17041a2929a99e2d25852ae969b47b41ac5e07ce,base,reactivity,2,4,814.8053,262,0.0038,110.789,90.186,410,outlier,tbt,1ece8e4b58
17041a2929a99e2d25852ae969b47b41ac5e07ce,base,reactivity,3,7,755.6477,224.0,0.0038,98.601,97.49,368,ok,,1ece8e4b58
17041a2929a99e2d25852ae969b47b41ac5e07ce,base,reactivity,4,8,790.3519,228.5,0.0038,104.636,109.808,379,ok,,1ece8e4b58
17041a2929a99e2d25852ae969b47b41ac5e07ce,head,reactivity,0,1,753.9782,187.0,0.0038,110.905,129.865,375,ok,,1ece8e4b58
17041a2929a99e2d25852ae969b47b41ac5e07ce,head,reactivity,1,2,753.8632,225.5,0.0038,106.113,89.378,366,ok,,1ece8e4b58
17041a2929a99e2d25852ae969b47b41ac5e07ce,head,reactivity,2,5,755.8301,185.0,0.0038,119.143,137.578,385,ok,,1ece8e4b58
17041a2929a99e2d25852ae969b47b41ac5e07ce,head,reactivity,3,6,809.3774,238.0,0.0038,104.113,72.242,398,outlier,lcp,1ece8e4b58
17041a2929a99e2d25852ae969b47b41ac5e07ce,head,reactivity,4,9,797.0902,235.0,0.1104,104.17,91.457,373,outlier,cls,1ece8e4b58
78d61f2dae1858153e35e0bc93052387c88d7a19,base,reactivity,0,0,755.1954,226.0,0.1104,112.531,113.207,369,outlier,cls,1ece8e4b58
78d61f2dae1858153e35e0bc93052387c88d7a19,base,reactivity,1,3,806.1991,213.0,0.1104,117.215,87.329,372,outlier,cls,1ece8e4b58
78d61f2dae1858153e35e0bc93052387c88d7a19,base,reactivity,2,4,786.3981,225.5,0.0038,102.4,88.153,373,ok,,1ece8e4b58
78d61f2dae1858153e35e0bc93052387c88d7a19,base,reactivity,3,7,766.0312,192.0,0.0038,108.493,114.112,365,outlier,tbt,1ece8e4b58
78d61f2dae1858153e35e0bc93052387c88d7a19,base,reactivity,4,8,783.3879,229.0,0.0038,106.762,103.191,380,ok,,1ece8e4b58
78d61f2dae1858153e35e0bc93052387c88d7a19,head,reactivity,0,1,895.9675,227,0.1104,130.263,151.156,363,outlier,lcp,1ece8e4b58
78d61f2dae1858153e35e0bc93052387c88d7a19,head,reactivity,1,2,753.7294,233.0,0.1104,104.087,97.415,365,outlier,inp,1ece8e4b58
78d61f2dae1858153e35e0bc93052387c88d7a19,head,reactivity,2,5,762.2165,240,0.0038,132.546,148.752,364,outlier,cls,1ece8e4b58
78d61f2dae1858153e35e0bc93052387c88d7a19,head,reactivity,3,6,757.558,231,0.0038,113.231,97.404,360,outlier,cls,1ece8e4b58
78d61f2dae1858153e35e0bc93052387c88d7a19,head,reactivity,4,9,829.1204,238.0,0.1104,132.701,133.355,396,outlier,lcp,1ece8e4b58
b66b1d2fbf2cad70f98a7cba9e941d3c99bf80eb,base,reactivity,0,0,751.2765,228.0,0.0038,113.313,85.599,361,ok,,1ece8e4b58
b66b1d2fbf2cad70f98a7cba9e941d3c99bf80eb,base,reactivity,1,3,756.1931,185.5,0.0038,116.028,87.783,366,outlier,tbt,1ece8e4b58
b66b1d2fbf2cad70f98a7cba9e941d3c99bf80eb,base,reactivity,2,4,755.123,224.0,0.0038,102.359,76.712,378,ok,,1ece8e4b58
b66b1d2fbf2cad70f98a7cba9e941d3c99bf80eb,base,reactivity,3,7,760.1828,222.0,0.0038,95.162,84.433,367,ok,,1ece8e4b58
b66b1d2fbf2cad70f98a7cba9e941d3c99bf80eb,base,reactivity,4,8,758.2088,224.0,0.0038,106.272,94.347,377,ok,,1ece8e4b58
b66b1d2fbf2cad70f98a7cba9e941d3c99bf80eb,base,reactivity,5,11,993.7836,257.5,0.1104,138.736,224.401,449,outlier,lcp;cls;tbtFlow;lcpObs,1ece8e4b58
b66b1d2fbf2cad70f98a7cba9e941d3c99bf80eb,base,reactivity,6,12,826.6991,286.0,0.1104,155.206,196.855,463,outlier,lcp;tbt;cls;inp;tbtFlow;lcpObs,1ece8e4b58
b66b1d2fbf2cad70f98a7cba9e941d3c99bf80eb,base,reactivity,7,15,772.3042,249.5,0.1104,102.07,104.109,374,outlier,cls,1ece8e4b58
b66b1d2fbf2cad70f98a7cba9e941d3c99bf80eb,base,reactivity,8,16,803.1987,230.5,0.0038,100.478,91.208,352,ok,,1ece8e4b58
b66b1d2fbf2cad70f98a7cba9e941d3c99bf80eb,base,reactivity,9,19,771.2075,230.0,0.1104,108.681,92.948,382,outlier,cls,1ece8e4b58
b66b1d2fbf2cad70f98a7cba9e941d3c99bf80eb,base,reactivity,10,20,765.6623,192.0,0.0038,100.255,85.494,382,outlier,tbt,1ece8e4b58
b66b1d2fbf2cad70f98a7cba9e941d3c99bf80eb,base,reactivity,11,23,750.4567,179,0.0038,121.007,105.457,361,outlier,tbt,1ece8e4b58
b66b1d2fbf2cad70f98a7cba9e941d3c99bf80eb,base,reactivity,12,24,747.9427,225.5,0.0038,108.822,84.592,356,ok,,1ece8e4b58
b66b1d2fbf2cad70f98a7cba9e941d3c99bf80eb,base,reactivity,13,27,773.0477,239.5,0.0038,108.988,88.654,393,ok,,1ece8e4b58
b66b1d2fbf2cad70f98a7cba9e941d3c99bf80eb,base,reactivity,14,28,756.4806,234.0,0.0038,111.035,100.735,374,ok,,1ece8e4b58
b66b1d2fbf2cad70f98a7cba9e941d3c99bf80eb,head,reactivity,0,1,767.0756,237.5,0.0038,100.455,94.116,375,ok,,1ece8e4b58
b66b1d2fbf2cad70f98a7cba9e941d3c99bf80eb,head,reactivity,1,2,755.8975,227.0,0.1104,102.978,112.001,359,outlier,cls,1ece8e4b58
b66b1d2fbf2cad70f98a7cba9e941d3c99bf80eb,head,reactivity,2,5,768.7891,186,0.0038,109.836,101.185,358,outlier,tbt,1ece8e4b58
b66b1d2fbf2cad70f98a7cba9e941d3c99bf80eb,head,reactivity,3,6,811.2806,229.5,0.1104,95.274,85.15,389,outlier,cls,1ece8e4b58
b66b1d2fbf2cad70f98a7cba9e941d3c99bf80eb,head,reactivity,4,9,783.0075,234.0,0.1067,116.532,134.256,394,outlier,cls,1ece8e4b58
b66b1d2fbf2cad70f98a7cba9e941d3c99bf80eb,head,reactivity,5,10,892.5487,228,0.1067,173.687,256.603,371,outlier,lcp;cls;inp;tbtFlow,1ece8e4b58
b66b1d2fbf2cad70f98a7cba9e941d3c99bf80eb,head,reactivity,6,13,839.5171,239.5,0.0038,193.024,383.174,389,outlier,inp;tbtFlow,1ece8e4b58
b66b1d2fbf2cad70f98a7cba9e941d3c99bf80eb,head,reactivity,7,14,780.5997,251.0,0.2459,100.273,64.068,407,outlier,cls,1ece8e4b58
b66b1d2fbf2cad70f98a7cba9e941d3c99bf80eb,head,reactivity,8,17,815.6794,236,0.0038,166.804,188.24,390,outlier,inp;tbtFlow,1ece8e4b58
b66b1d2fbf2cad70f98a7cba9e941d3c99bf80eb,head,reactivity,9,18,792.4235,242.0,0.0038,110.067,95.657,378,ok,,1ece8e4b58
b66b1d2fbf2cad70f98a7cba9e941d3c99bf80eb,head,reactivity,10,21,762.0579,188,0.0038,106.499,96.511,359,outlier,tbt,1ece8e4b58
b66b1d2fbf2cad70f98a7cba9e941d3c99bf80eb,head,reactivity,11,22,758.7921,246.5,0.0038,104.049,88.304,370,ok,,1ece8e4b58
b66b1d2fbf2cad70f98a7cba9e941d3c99bf80eb,head,reactivity,12,25,745.8909,254.0,0.0038,104.854,86.369,356,ok,,1ece8e4b58
b66b1d2fbf2cad70f98a7cba9e941d3c99bf80eb,head,reactivity,13,26,898.2209,256.0,0.0038,105.131,102.179,414,outlier,lcp,1ece8e4b58
b66b1d2fbf2cad70f98a7cba9e941d3c99bf80eb,head,reactivity,14,29,753.099,232.5,0.1104,115.336,105.03,374,outlier,cls,1ece8e4b58
7c7e701c48b0887495a732019ce07ea68c9b2318,base,reactivity,0,0,805.5611,186.0,0.0038,105.634,36.021,405,outlier,tbt;tbtFlow,1ece8e4b58
7c7e701c48b0887495a732019ce07ea68c9b2318,base,reactivity,1,3,758.2143,234.5,0.0038,98.25,65.215,355,ok,,1ece8e4b58
7c7e701c48b0887495a732019ce07ea68c9b2318,base,reactivity,2,4,759.3851,256,0.0038,109.094,102.569,353,ok,,1ece8e4b58
7c7e701c48b0887495a732019ce07ea68c9b2318,base,reactivity,3,7,775.8508,237.0,0.0038,108.72,113.485,375,ok,,1ece8e4b58
7c7e701c48b0887495a732019ce07ea68c9b2318,base,reactivity,4,8,751.7103,199.5,0.0038,103.76,80.471,388,outlier,tbt,1ece8e4b58
7c7e701c48b0887495a732019ce07ea68c9b2318,base,reactivity,5,11,772.0898,234.5,0.1104,116.648,95.626,381,outlier,cls,1ece8e4b58
7c7e701c48b0887495a732019ce07ea68c9b2318,base,reactivity,6,12,748.7728,204.5,0.1104,102.168,70.645,363,outlier,cls,1ece8e4b58
7c7e701c48b0887495a732019ce07ea68c9b2318,base,reactivity,7,15,779.402,250.0,0.0038,99.385,87.525,396,ok,,1ece8e4b58
7c7e701c48b0887495a732019ce07ea68c9b2318,base,reactivity,8,16,803.8405,207.5,0.0038,104.026,89.051,376,ok,,1ece8e4b58
7c7e701c48b0887495a732019ce07ea68c9b2318,base,reactivity,9,19,781.1178,235.0,0.1104,105.427,94.082,398,outlier,cls,1ece8e4b58
7c7e701c48b0887495a732019ce07ea68c9b2318,base,reactivity,10,20,757.4565,229.0,0.0038,105.003,86.498,385,ok,,1ece8e4b58
7c7e701c48b0887495a732019ce07ea68c9b2318,base,reactivity,11,23,872.6165,196.5,0.1104,102.233,63.336,362,outlier,tbt;cls,1ece8e4b58
7c7e701c48b0887495a732019ce07ea68c9b2318,base,reactivity,12,24,820.0059,241.0,0.1104,102.201,91.186,396,outlier,cls,1ece8e4b58
7c7e701c48b0887495a732019ce07ea68c9b2318,base,reactivity,13,27,822.5992,234.5,0.2459,114.12,144.734,386,outlier,cls;tbtFlow,1ece8e4b58
7c7e701c48b0887495a732019ce07ea68c9b2318,base,reactivity,14,28,809.4633,228.0,0.1104,99.083,93.821,373,outlier,cls,1ece8e4b58
7c7e701c48b0887495a732019ce07ea68c9b2318,head,reactivity,0,1,790.9364,203.5,0.0038,109.549,78.35,360,ok,,1ece8e4b58
7c7e701c48b0887495a732019ce07ea68c9b2318,head,reactivity,1,2,759.2898,192.0,0.0038,119.718,95.1,373,ok,,1ece8e4b58
7c7e701c48b0887495a732019ce07ea68c9b2318,head,reactivity,2,5,860.123,234.5,0.1104,136.659,113.245,426,outlier,cls;inp;lcpObs,1ece8e4b58
7c7e701c48b0887495a732019ce07ea68c9b2318,head,reactivity,3,6,793.8556,246.5,0.1104,103.198,97.619,402,outlier,cls,1ece8e4b58
7c7e701c48b0887495a732019ce07ea68c9b2318,head,reactivity,4,9,751.6019,237.5,0.1104,98.244,101.018,367,outlier,cls,1ece8e4b58
7c7e701c48b0887495a732019ce07ea68c9b2318,head,reactivity,5,10,760.9003,194.5,0.0038,110.03,86.114,362,ok,,1ece8e4b58
7c7e701c48b0887495a732019ce07ea68c9b2318,head,reactivity,6,13,820.3333,222.0,0.0038,107.314,88.793,372,ok,,1ece8e4b58
7c7e701c48b0887495a732019ce07ea68c9b2318,head,reactivity,7,14,784.6191,226.0,0.0038,103.914,84.631,379,ok,,1ece8e4b58
7c7e701c48b0887495a732019ce07ea68c9b2318,head,reactivity,8,17,870.3628,225.5,0.1104,106.125,67.725,422,outlier,cls,1ece8e4b58
7c7e701c48b0887495a732019ce07ea68c9b2318,head,reactivity,9,18,781.8167,238.5,0.0038,109.988,106.178,366,ok,,1ece8e4b58
7c7e701c48b0887495a732019ce07ea68c9b2318,head,reactivity,10,21,809.2235,237.0,0.1104,104.013,81.109,379,outlier,cls,1ece8e4b58
7c7e701c48b0887495a732019ce07ea68c9b2318,head,reactivity,11,22,751.3358,228.5,0.0038,100.283,94.131,370,ok,,1ece8e4b58
7c7e701c48b0887495a732019ce07ea68c9b2318,head,reactivity,12,25,799.6581,236.0,0.0038,113.886,91.924,396,ok,,1ece8e4b58
7c7e701c48b0887495a732019ce07ea68c9b2318,head,reactivity,13,26,767.3217,236.0,0.0038,101.434,88.998,371,ok,,1ece8e4b58
7c7e701c48b0887495a732019ce07ea68c9b2318,head,reactivity,14,29,786.7837,193.5,0.0038,117.229,131.534,394,outlier,tbtFlow,1ece8e4b58
cf84ce10597785e6dfa2f2fb6db5d6a0b4810b32,base,reactivity,0,0,752.7085,186.0,0.2459,112.077,127.902,362,outlier,tbt;cls,1ece8e4b58
cf84ce10597785e6dfa2f2fb6db5d6a0b4810b32,base,reactivity,1,3,779.1395,228.5,0.0038,101.009,106.921,374,ok,,1ece8e4b58
cf84ce10597785e6dfa2f2fb6db5d6a0b4810b32,base,reactivity,2,4,765.2336,228.5,0.0038,105.405,116.918,367,ok,,1ece8e4b58
cf84ce10597785e6dfa2f2fb6db5d6a0b4810b32,base,reactivity,3,7,760.3832,224.0,0.0038,109.013,94.173,358,ok,,1ece8e4b58
cf84ce10597785e6dfa2f2fb6db5d6a0b4810b32,base,reactivity,4,8,832.8769,234.0,0.0038,115.077,91.056,388,outlier,lcp,1ece8e4b58
cf84ce10597785e6dfa2f2fb6db5d6a0b4810b32,head,reactivity,0,1,766.7773,225.0,0.0038,104.055,114.929,392,ok,,1ece8e4b58
cf84ce10597785e6dfa2f2fb6db5d6a0b4810b32,head,reactivity,1,2,809.7026,244.5,0.0038,109.298,113.571,376,ok,,1ece8e4b58
cf84ce10597785e6dfa2f2fb6db5d6a0b4810b32,head,reactivity,2,5,799.8639,227.0,0.1104,114.735,93.025,389,outlier,cls,1ece8e4b58
cf84ce10597785e6dfa2f2fb6db5d6a0b4810b32,head,reactivity,3,6,762.769,234.5,0.0038,126.21,103.732,384,ok,,1ece8e4b58
cf84ce10597785e6dfa2f2fb6db5d6a0b4810b32,head,reactivity,4,9,753.3644,225.5,0.0038,106.074,106.42,371,ok,,1ece8e4b58
e419207bd88c642d4be604a773789126a076b391,base,reactivity,0,0,774.4914,253,0.0038,114.002,74.531,400,ok,,1ece8e4b58
e419207bd88c642d4be604a773789126a076b391,base,reactivity,1,3,766.1729,234.0,0.0038,112.153,96.493,365,ok,,1ece8e4b58
e419207bd88c642d4be604a773789126a076b391,base,reactivity,2,4,759.5682,227.0,0.0038,96.06,79.883,359,ok,,1ece8e4b58
e419207bd88c642d4be604a773789126a076b391,base,reactivity,3,7,764.711,192.5,0.0038,105.418,91.908,369,outlier,tbt,1ece8e4b58
e419207bd88c642d4be604a773789126a076b391,base,reactivity,4,8,853.3877,236.0,0.1104,119.001,105.177,430,outlier,lcp;cls;lcpObs,1ece8e4b58
e419207bd88c642d4be604a773789126a076b391,base,reactivity,5,11,773.3417,229.5,0.1104,106.028,76.526,373,outlier,cls,1ece8e4b58
e419207bd88c642d4be604a773789126a076b391,base,reactivity,6,12,786.9283,230.0,0.1104,107.808,98.625,395,outlier,cls,1ece8e4b58
e419207bd88c642d4be604a773789126a076b391,base,reactivity,7,15,760.3783,226.5,0.0038,149.324,116.258,372,outlier,inp,1ece8e4b58
e419207bd88c642d4be604a773789126a076b391,base,reactivity,8,16,797.2417,228.0,0.0038,108.823,109.056,378,ok,,1ece8e4b58
e419207bd88c642d4be604a773789126a076b391,base,reactivity,9,19,755.5027,242.0,0.0038,107.054,101.342,370,ok,,1ece8e4b58
e419207bd88c642d4be604a773789126a076b391,base,reactivity,10,20,803.176,235.5,0.0038,113.782,109.221,384,ok,,1ece8e4b58
e419207bd88c642d4be604a773789126a076b391,base,reactivity,11,23,751.0333,229.0,0.1104,112.258,125.746,353,outlier,cls,1ece8e4b58
e419207bd88c642d4be604a773789126a076b391,base,reactivity,12,24,810.9713,269.5,0.0038,102.304,86.426,390,outlier,tbt,1ece8e4b58
e419207bd88c642d4be604a773789126a076b391,base,reactivity,13,27,784.7632,238.5,0.0038,120.975,131.081,420,ok,,1ece8e4b58
e419207bd88c642d4be604a773789126a076b391,base,reactivity,14,28,776.2982,233.5,0.0038,113.462,106.311,361,ok,,1ece8e4b58
e419207bd88c642d4be604a773789126a076b391,head,reactivity,0,1,811.8423,241.0,0.1104,126.463,107.409,392,outlier,cls,1ece8e4b58
e419207bd88c642d4be604a773789126a076b391,head,reactivity,1,2,750.9787,229.0,0.1104,94.753,99.66,356,outlier,cls,1ece8e4b58
e419207bd88c642d4be604a773789126a076b391,head,reactivity,2,5,785.8479,234,0.0038,113.352,110.746,392,ok,,1ece8e4b58
e419207bd88c642d4be604a773789126a076b391,head,reactivity,3,6,751.8101,227.5,0.0038,109.981,107.481,349,ok,,1ece8e4b58
e419207bd88c642d4be604a773789126a076b391,head,reactivity,4,9,812.5213,221.5,0.0038,133.619,115.699,359,outlier,inp,1ece8e4b58
e419207bd88c642d4be604a773789126a076b391,head,reactivity,5,10,809.9192,232.5,0.1104,107.02,94.046,391,outlier,cls,1ece8e4b58
e419207bd88c642d4be604a773789126a076b391,head,reactivity,6,13,749.0448,235.0,0.0038,113.199,71.029,356,ok,,1ece8e4b58
e419207bd88c642d4be604a773789126a076b391,head,reactivity,7,14,824.313,214.5,0.1104,110.332,107.239,387,outlier,cls,1ece8e4b58
e419207bd88c642d4be604a773789126a076b391,head,reactivity,8,17,806.9766,205.0,0.1104,99.13,89.046,363,outlier,cls,1ece8e4b58
e419207bd88c642d4be604a773789126a076b391,head,reactivity,9,18,836.056,226.5,0.0038,94.643,82.061,394,ok,,1ece8e4b58
e419207bd88c642d4be604a773789126a076b391,head,reactivity,10,21,782.0461,230.0,0.0038,111.195,93.783,384,ok,,1ece8e4b58
e419207bd88c642d4be604a773789126a076b391,head,reactivity,11,22,820.2941,209,0.1104,100.213,91.73,381,outlier,cls,1ece8e4b58
e419207bd88c642d4be604a773789126a076b391,head,reactivity,12,25,782.3506,236.5,0.1104,106.896,117.266,373,outlier,cls,1ece8e4b58
e419207bd88c642d4be604a773789126a076b391,head,reactivity,13,26,794.9539,224.0,0.0038,105.994,105.246,363,ok,,1ece8e4b58
e419207bd88c642d4be604a773789126a076b391,head,reactivity,14,29,755.707,225.0,0.0038,134.041,112.61,376,outlier,inp,1ece8e4b58
2d1235ba12e473422ab75ee8f1e381308fdd27ee,base,reactivity,0,0,806.8047,251.0,0.1104,99.052,83.732,376,ok,,1ece8e4b58
2d1235ba12e473422ab75ee8f1e381308fdd27ee,base,reactivity,1,3,758.9944,235.5,0.1104,117.747,111.697,391,ok,,1ece8e4b58
2d1235ba12e473422ab75ee8f1e381308fdd27ee,base,reactivity,2,4,774.6433,186.5,0.0038,104.592,108.714,399,outlier,tbt;cls,1ece8e4b58
2d1235ba12e473422ab75ee8f1e381308fdd27ee,base,reactivity,3,7,790.5198,226.5,0.2459,124.762,130.103,386,outlier,cls,1ece8e4b58
2d1235ba12e473422ab75ee8f1e381308fdd27ee,base,reactivity,4,8,762.4457,229.5,0.1104,92.302,78.369,374,ok,,1ece8e4b58
2d1235ba12e473422ab75ee8f1e381308fdd27ee,head,reactivity,0,1,889.3901,250.0,0.0038,109.729,102.2,416,outlier,lcpObs,1ece8e4b58
2d1235ba12e473422ab75ee8f1e381308fdd27ee,head,reactivity,1,2,811.1252,239.5,0.1104,97.993,106.292,363,outlier,cls,1ece8e4b58
2d1235ba12e473422ab75ee8f1e381308fdd27ee,head,reactivity,2,5,780.9388,197.5,0.0038,103.308,135.873,385,outlier,tbt,1ece8e4b58
2d1235ba12e473422ab75ee8f1e381308fdd27ee,head,reactivity,3,6,755.5578,244.0,0.0038,139.001,113.754,355,ok,,1ece8e4b58
2d1235ba12e473422ab75ee8f1e381308fdd27ee,head,reactivity,4,9,769.4934,241.5,0.2459,138.778,154.737,361,outlier,cls,1ece8e4b58
929aff014b0595dda64f31361e8b37b5d6eb750c,base,reactivity,0,0,811.5182,231.0,0.1104,176.787,95.363,377,outlier,inp,1ece8e4b58
929aff014b0595dda64f31361e8b37b5d6eb750c,base,reactivity,1,3,791.6708,235.5,0.0038,102.026,93.001,398,outlier,cls,1ece8e4b58
929aff014b0595dda64f31361e8b37b5d6eb750c,base,reactivity,2,4,736.0981,225.5,0.1104,125.258,127.853,340,ok,,1ece8e4b58
929aff014b0595dda64f31361e8b37b5d6eb750c,base,reactivity,3,7,774.7976,232.0,0.0038,98.047,89.152,377,outlier,cls,1ece8e4b58
929aff014b0595dda64f31361e8b37b5d6eb750c,base,reactivity,4,8,814.8097,248.5,0.1104,102.002,47.665,391,ok,,1ece8e4b58
929aff014b0595dda64f31361e8b37b5d6eb750c,base,reactivity,5,11,808.6511,223.5804,0.1104,107.02,101.525,392,ok,,1ece8e4b58
929aff014b0595dda64f31361e8b37b5d6eb750c,base,reactivity,6,12,763.8902,244.5,0.1104,107.712,78.375,371,ok,,1ece8e4b58
929aff014b0595dda64f31361e8b37b5d6eb750c,base,reactivity,7,15,803.8642,209.5,0.0038,95.382,59.22,368,outlier,cls,1ece8e4b58
929aff014b0595dda64f31361e8b37b5d6eb750c,base,reactivity,8,16,828.4602,240.5,0.0038,101.793,48.301,393,outlier,cls,1ece8e4b58
929aff014b0595dda64f31361e8b37b5d6eb750c,base,reactivity,9,19,806.2952,232.5,0.1104,112.3,69.517,378,ok,,1ece8e4b58
929aff014b0595dda64f31361e8b37b5d6eb750c,base,reactivity,10,20,753.7759,224.0,0.2459,96.027,43.511,351,outlier,cls,1ece8e4b58
929aff014b0595dda64f31361e8b37b5d6eb750c,base,reactivity,11,23,746.8562,234.0,0.0038,123.111,144.198,370,outlier,cls,1ece8e4b58
929aff014b0595dda64f31361e8b37b5d6eb750c,base,reactivity,12,24,802.2165,199,0.1104,101.304,85.962,370,outlier,tbt,1ece8e4b58
929aff014b0595dda64f31361e8b37b5d6eb750c,base,reactivity,13,27,760.8126,223.0,0.1104,157.048,182.072,355,outlier,inp,1ece8e4b58
929aff014b0595dda64f31361e8b37b5d6eb750c,base,reactivity,14,28,763.7284,230,0.0038,115.726,111.161,368,outlier,cls,1ece8e4b58
929aff014b0595dda64f31361e8b37b5d6eb750c,head,reactivity,0,1,756.0404,233.5,0.0038,112.474,77.899,368,ok,,1ece8e4b58
929aff014b0595dda64f31361e8b37b5d6eb750c,head,reactivity,1,2,768.2162,177.0,0.0038,123.243,113.405,354,outlier,tbt,1ece8e4b58
929aff014b0595dda64f31361e8b37b5d6eb750c,head,reactivity,2,5,904.9982,289.0,0.0038,129.066,133.822,448,outlier,lcp;tbt;lcpObs,1ece8e4b58
929aff014b0595dda64f31361e8b37b5d6eb750c,head,reactivity,3,6,750.5257,223.0,0.0038,102.011,74.604,366,ok,,1ece8e4b58
929aff014b0595dda64f31361e8b37b5d6eb750c,head,reactivity,4,9,753.1783,228.0,0.0038,114.263,95.934,410,ok,,1ece8e4b58
929aff014b0595dda64f31361e8b37b5d6eb750c,head,reactivity,5,10,826.2795,233.0,0.1104,109.584,83.465,386,outlier,lcp;cls,1ece8e4b58
929aff014b0595dda64f31361e8b37b5d6eb750c,head,reactivity,6,13,748.455,221.0,0.2459,104.607,92.329,361,outlier,cls,1ece8e4b58
929aff014b0595dda64f31361e8b37b5d6eb750c,head,reactivity,7,14,747.2793,225.0,0.0038,112.642,91.384,376,ok,,1ece8e4b58
929aff014b0595dda64f31361e8b37b5d6eb750c,head,reactivity,8,17,753.1384,227.5,0.0038,108.013,58.189,343,ok,,1ece8e4b58
929aff014b0595dda64f31361e8b37b5d6eb750c,head,reactivity,9,18,770.4204,230.0,0.1104,102.219,42.728,378,outlier,cls,1ece8e4b58
929aff014b0595dda64f31361e8b37b5d6eb750c,head,reactivity,10,21,769.2546,231.5,0.0038,116.587,124.089,389,ok,,1ece8e4b58
929aff014b0595dda64f31361e8b37b5d6eb750c,head,reactivity,11,22,858.4597,230.5,0.1104,107.233,80.615,402,outlier,lcp;cls,1ece8e4b58
929aff014b0595dda64f31361e8b37b5d6eb750c,head,reactivity,12,25,775.9436,222.0,0.0038,140.635,135.99,391,ok,,1ece8e4b58
929aff014b0595dda64f31361e8b37b5d6eb750c,head,reactivity,13,26,754.8276,180.0,0.0038,134.658,123.658,356,outlier,tbt,1ece8e4b58
929aff014b0595dda64f31361e8b37b5d6eb750c,head,reactivity,14,29,754.0581,229.5,0.0038,101.212,64.457,389,ok,,1ece8e4b58
18eaa5eb8d516878299fb9bad3b248c6fcc091f1,base,reactivity,0,0,859.4527,251.5,0.1104,107.971,60.22,417,outlier,cls,1ece8e4b58
18eaa5eb8d516878299fb9bad3b248c6fcc091f1,base,reactivity,1,3,773.3679,236.5,0.0038,147.327,212.326,377,ok,,1ece8e4b58
18eaa5eb8d516878299fb9bad3b248c6fcc091f1,base,reactivity,2,4,970.6121,293.5,0.1104,164.747,272.791,471,outlier,lcp;cls,1ece8e4b58
18eaa5eb8d516878299fb9bad3b248c6fcc091f1,base,reactivity,3,7,827.3475,238.5,0.0038,119.324,125.227,428,ok,,1ece8e4b58
18eaa5eb8d516878299fb9bad3b248c6fcc091f1,base,reactivity,4,8,850.73,250.0,0.0038,155.587,139.059,404,ok,,1ece8e4b58
18eaa5eb8d516878299fb9bad3b248c6fcc091f1,head,reactivity,0,1,775.6482,244.0,0.0038,117.191,90.227,388,ok,,1ece8e4b58
18eaa5eb8d516878299fb9bad3b248c6fcc091f1,head,reactivity,1,2,825.59,240.0,0.0038,104.823,80.978,387,ok,,1ece8e4b58
18eaa5eb8d516878299fb9bad3b248c6fcc091f1,head,reactivity,2,5,869.7645,254,0.1104,119.7,172.573,442,outlier,cls;lcpObs,1ece8e4b58
18eaa5eb8d516878299fb9bad3b248c6fcc091f1,head,reactivity,3,6,770.9115,240.0,0.1104,114.08,126.413,377,outlier,cls,1ece8e4b58
18eaa5eb8d516878299fb9bad3b248c6fcc091f1,head,reactivity,4,9,677.601,156.5,0.0038,127.066,155.959,13106,outlier,tbt;lcpObs,1ece8e4b58
f7a57b844f9e6a1715d3593ffc7d459056db005b,base,reactivity,0,0,731.228,304,0.0038,388.086,734.36,2794,outlier,inp,1ece8e4b58
f7a57b844f9e6a1715d3593ffc7d459056db005b,base,reactivity,1,3,1401.9105,9872.9425,0.0086,185.857,308.428,4845,outlier,tbt,1ece8e4b58
f7a57b844f9e6a1715d3593ffc7d459056db005b,base,reactivity,2,4,752.611,204.1297,0.0038,199.139,430.855,24731,outlier,lcpObs,1ece8e4b58
f7a57b844f9e6a1715d3593ffc7d459056db005b,base,reactivity,3,7,938.8267,173.0,0,525.337,553.788,725,outlier,inp,1ece8e4b58
f7a57b844f9e6a1715d3593ffc7d459056db005b,base,reactivity,4,8,901.3732,314,0.1067,158.322,184.761,1504,outlier,cls,1ece8e4b58
f7a57b844f9e6a1715d3593ffc7d459056db005b,head,reactivity,0,1,961.2544,322.0,0.1104,180.098,324.766,1552,outlier,cls,1ece8e4b58
f7a57b844f9e6a1715d3593ffc7d459056db005b,head,reactivity,1,2,754.9048,266.5,0.0038,186.054,338.483,26907,outlier,lcp;lcpObs,1ece8e4b58
f7a57b844f9e6a1715d3593ffc7d459056db005b,head,reactivity,2,5,1393.856,362.5,0.0038,227.458,445.561,656,outlier,lcp;inp,1ece8e4b58
f7a57b844f9e6a1715d3593ffc7d459056db005b,head,reactivity,3,6,998.1634,181.5,0.1067,170.028,274.753,1544,outlier,cls,1ece8e4b58
f7a57b844f9e6a1715d3593ffc7d459056db005b,head,reactivity,4,9,918.9515,114.0,0.0038,128.281,139.652,3446,outlier,inp,1ece8e4b58
58c4b8992527c252b18b834e4712ebe682e43db2,base,reactivity,0,0,690.8018,169.1997,0.0038,117.966,137.192,7443,outlier,cls,1ece8e4b58
58c4b8992527c252b18b834e4712ebe682e43db2,base,reactivity,1,3,732.588,86,0.1104,140.293,149.1,1772,ok,,1ece8e4b58
58c4b8992527c252b18b834e4712ebe682e43db2,base,reactivity,2,4,815.8447,233.5,0.0038,119.71,128.374,387,outlier,tbt;cls,1ece8e4b58
58c4b8992527c252b18b834e4712ebe682e43db2,base,reactivity,3,7,648.8635,59.5,0.1067,130.256,168.666,2940,ok,,1ece8e4b58
58c4b8992527c252b18b834e4712ebe682e43db2,base,reactivity,4,8,861.4145,74.0,0.1104,121.696,93.63,4403,ok,,1ece8e4b58
58c4b8992527c252b18b834e4712ebe682e43db2,head,reactivity,0,1,811.0019,227.0,0.1095,146.761,164.073,365,ok,,1ece8e4b58
58c4b8992527c252b18b834e4712ebe682e43db2,head,reactivity,1,2,793.5674,215.0,0.1067,145.845,167.164,420,ok,,1ece8e4b58
58c4b8992527c252b18b834e4712ebe682e43db2,head,reactivity,2,5,940.5443,278.0,0.1095,217.78,255.119,451,outlier,lcp;tbt;tbtFlow,1ece8e4b58
58c4b8992527c252b18b834e4712ebe682e43db2,head,reactivity,3,6,806.7875,232.5,0.1095,120.459,159.592,401,ok,,1ece8e4b58
58c4b8992527c252b18b834e4712ebe682e43db2,head,reactivity,4,9,,,,126.194,124.871,,outlier,tbtFlow,
597abd1ca9d03cf2710d0bdea4c5b923ec3bf6c2,base,reactivity,0,0,769.2456,56.9182,0.1067,148.763,227.343,5378,outlier,inp;tbtFlow,1ece8e4b58
597abd1ca9d03cf2710d0bdea4c5b923ec3bf6c2,base,reactivity,1,3,648.9441,72.5,0.1067,101.302,34.096,16405,ok,,1ece8e4b58
597abd1ca9d03cf2710d0bdea4c5b923ec3bf6c2,base,reactivity,2,4,898.9285,153.957,0.1095,96.418,37.058,14888,ok,,1ece8e4b58
597abd1ca9d03cf2710d0bdea4c5b923ec3bf6c2,base,reactivity,3,7,866.9257,224,0.1095,102.483,25.573,368,ok,,1ece8e4b58
597abd1ca9d03cf2710d0bdea4c5b923ec3bf6c2,base,reactivity,4,8,775.0337,177.0,0,129.355,125.836,1098,outlier,cls;tbtFlow,1ece8e4b58
597abd1ca9d03cf2710d0bdea4c5b923ec3bf6c2,head,reactivity,0,1,,,,139.547,1206.998,,outlier,tbtFlow,
597abd1ca9d03cf2710d0bdea4c5b923ec3bf6c2,head,reactivity,1,2,913.035,103.0,0.1067,133.129,127.637,7442,outlier,lcpObs,1ece8e4b58
597abd1ca9d03cf2710d0bdea4c5b923ec3bf6c2,head,reactivity,2,5,613.0223,135.5,0.1067,105.805,19.808,3363,ok,,1ece8e4b58
597abd1ca9d03cf2710d0bdea4c5b923ec3bf6c2,head,reactivity,3,6,689.9938,49.5,0.0029,100.322,17.533,3363,outlier,cls,1ece8e4b58
597abd1ca9d03cf2710d0bdea4c5b923ec3bf6c2,head,reactivity,4,9,,,,,,,error,,
f7a80d4eac57d45f170cd8ae50e88613b703017f,base,reactivity,0,0,852.841,228.0,0.1095,113.925,88.414,362,ok,,1ece8e4b58
f7a80d4eac57d45f170cd8ae50e88613b703017f,base,reactivity,1,3,,,,124.386,1046.916,,outlier,tbtFlow,
f7a80d4eac57d45f170cd8ae50e88613b703017f,base,reactivity,2,4,676.3003,240.5,0.0029,155.579,180.953,27792,ok,,1ece8e4b58
f7a80d4eac57d45f170cd8ae50e88613b703017f,base,reactivity,3,7,,,,139.608,135.573,,ok,,
f7a80d4eac57d45f170cd8ae50e88613b703017f,base,reactivity,4,8,,,,163.006,146.906,,ok,,
f7a80d4eac57d45f170cd8ae50e88613b703017f,head,reactivity,0,1,853.582,220.0,0.0029,111.267,73.045,346,ok,,1ece8e4b58
f7a80d4eac57d45f170cd8ae50e88613b703017f,head,reactivity,1,2,864.2973,225.5,0.1095,108.513,52.884,377,outlier,cls,1ece8e4b58
f7a80d4eac57d45f170cd8ae50e88613b703017f,head,reactivity,2,5,790.2527,239,0.1095,145.044,169.688,406,outlier,cls;tbtFlow,1ece8e4b58
f7a80d4eac57d45f170cd8ae50e88613b703017f,head,reactivity,3,6,677.4195,170,0.0029,123.097,89.879,9827,outlier,lcpObs,1ece8e4b58
f7a80d4eac57d45f170cd8ae50e88613b703017f,head,reactivity,4,9,680.0645,135.5,0,136.621,102.943,4261,outlier,lcpObs,1ece8e4b58
dcf9415318cb6c4105b51dd83852304988f065c2,base,reactivity,0,0,888.8015,179.5,0.1095,108.035,39.397,718,outlier,lcp;tbt;inp;tbtFlow,1ece8e4b58
dcf9415318cb6c4105b51dd83852304988f065c2,base,reactivity,1,3,904.98,227.5,0.1095,134.594,99.67,711,outlier,lcp,1ece8e4b58
dcf9415318cb6c4105b51dd83852304988f065c2,base,reactivity,2,4,811.2137,234.0,0.0029,138.145,116.306,720,outlier,cls,1ece8e4b58
dcf9415318cb6c4105b51dd83852304988f065c2,base,reactivity,3,7,808.3266,201.5,0.0029,153.595,192.09,678,outlier,cls;tbtFlow,1ece8e4b58
dcf9415318cb6c4105b51dd83852304988f065c2,base,reactivity,4,8,807.8638,226.0,0.1095,143.555,131.208,689,ok,,1ece8e4b58
dcf9415318cb6c4105b51dd83852304988f065c2,head,reactivity,0,1,809.3273,225.0,0.1095,136.828,123.265,709,ok,,1ece8e4b58
dcf9415318cb6c4105b51dd83852304988f065c2,head,reactivity,1,2,894.223,220.0,0.1095,124.014,101.356,677,outlier,lcp,1ece8e4b58
dcf9415318cb6c4105b51dd83852304988f065c2,head,reactivity,2,5,809.0519,201.0,0.1095,145.954,130.987,765,ok,,1ece8e4b58
dcf9415318cb6c4105b51dd83852304988f065c2,head,reactivity,3,6,808.3423,224.0,0.1095,136.837,108.539,668,ok,,1ece8e4b58
dcf9415318cb6c4105b51dd83852304988f065c2,head,reactivity,4,9,897.7907,289.0,0.0029,136.636,133.808,744,outlier,lcp;tbt;cls,1ece8e4b58
901fa8ee0d7638dcf4a11a6fb7446eb735be2bba,base,reactivity,0,0,811.179,229.0,0.0029,106.02,32.777,726,outlier,cls,1ece8e4b58
901fa8ee0d7638dcf4a11a6fb7446eb735be2bba,base,reactivity,1,3,837.3411,245,0.0029,144.579,136.321,671,outlier,cls,1ece8e4b58
901fa8ee0d7638dcf4a11a6fb7446eb735be2bba,base,reactivity,2,4,815.002,245.5,0.1095,132.098,120.453,702,ok,,1ece8e4b58
901fa8ee0d7638dcf4a11a6fb7446eb735be2bba,base,reactivity,3,7,813.2432,304,0.0029,117.997,121.189,713,outlier,tbt;cls,1ece8e4b58
901fa8ee0d7638dcf4a11a6fb7446eb735be2bba,base,reactivity,4,8,812.4197,214.0,0.0029,178.765,204.408,711,outlier,cls,1ece8e4b58
901fa8ee0d7638dcf4a11a6fb7446eb735be2bba,base,reactivity,5,11,930.012,231.0,0.1095,150.481,129.237,724,ok,,1ece8e4b58
901fa8ee0d7638dcf4a11a6fb7446eb735be2bba,base,reactivity,6,12,931.2715,189.0,0.1095,155.675,181.006,704,ok,,1ece8e4b58
901fa8ee0d7638dcf4a11a6fb7446eb735be2bba,base,reactivity,7,15,911.9285,283.5,0.0029,149.086,158.255,724,outlier,cls,1ece8e4b58
901fa8ee0d7638dcf4a11a6fb7446eb735be2bba,base,reactivity,8,16,907.4107,247.0,0.1095,145.1,186.984,803,outlier,lcpObs,1ece8e4b58
901fa8ee0d7638dcf4a11a6fb7446eb735be2bba,base,reactivity,9,19,921.9682,233.5,0.0029,149.201,160.976,724,outlier,cls,1ece8e4b58
901fa8ee0d7638dcf4a11a6fb7446eb735be2bba,base,reactivity,10,20,855.6881,198.0,0.0029,173.444,185.024,752,outlier,cls,1ece8e4b58
901fa8ee0d7638dcf4a11a6fb7446eb735be2bba,base,reactivity,11,23,904.603,233.5,0.1095,146.603,105.552,696,ok,,1ece8e4b58
901fa8ee0d7638dcf4a11a6fb7446eb735be2bba,base,reactivity,12,24,808.6029,228,0.1095,134.755,100.464,710,ok,,1ece8e4b58
901fa8ee0d7638dcf4a11a6fb7446eb735be2bba,base,reactivity,13,27,914.7415,227.5,0.1095,130.711,110.23,698,ok,,1ece8e4b58
901fa8ee0d7638dcf4a11a6fb7446eb735be2bba,base,reactivity,14,28,989.7975,190.2428,0.1095,140.774,112.572,684,ok,,1ece8e4b58
901fa8ee0d7638dcf4a11a6fb7446eb735be2bba,head,reactivity,0,1,809.7896,249.5,0.1104,125.745,129.041,689,ok,,1ece8e4b58
901fa8ee0d7638dcf4a11a6fb7446eb735be2bba,head,reactivity,1,2,869.669,263,0.1104,137.805,124.803,731,ok,,1ece8e4b58
901fa8ee0d7638dcf4a11a6fb7446eb735be2bba,head,reactivity,2,5,811.966,249.5,0.1104,141.621,129.872,681,ok,,1ece8e4b58
901fa8ee0d7638dcf4a11a6fb7446eb735be2bba,head,reactivity,3,6,905.2288,248.0,0.0038,139.244,143.784,729,outlier,cls,1ece8e4b58
901fa8ee0d7638dcf4a11a6fb7446eb735be2bba,head,reactivity,4,9,1013.0893,337.0,0.1104,135.501,77.684,869,outlier,tbt;tbtFlow,1ece8e4b58
901fa8ee0d7638dcf4a11a6fb7446eb735be2bba,head,reactivity,5,10,923.0272,193.5,0.0038,130.239,173.338,803,outlier,cls;tbtFlow,1ece8e4b58
901fa8ee0d7638dcf4a11a6fb7446eb735be2bba,head,reactivity,6,13,948.3472,216,0.1104,153.103,191.674,715,outlier,tbtFlow,1ece8e4b58
901fa8ee0d7638dcf4a11a6fb7446eb735be2bba,head,reactivity,7,14,811.1722,249.5,0.1104,133.353,135.077,796,ok,,1ece8e4b58
901fa8ee0d7638dcf4a11a6fb7446eb735be2bba,head,reactivity,8,17,846.5353,242.5,0.0038,111.702,130.42,742,outlier,cls,1ece8e4b58
901fa8ee0d7638dcf4a11a6fb7446eb735be2bba,head,reactivity,9,18,819.0839,239.0,0.1104,105.741,116.654,802,ok,,1ece8e4b58
901fa8ee0d7638dcf4a11a6fb7446eb735be2bba,head,reactivity,10,21,904.9431,228.0,0.1104,141.734,151.991,705,ok,,1ece8e4b58
901fa8ee0d7638dcf4a11a6fb7446eb735be2bba,head,reactivity,11,22,837.9712,191.0,0.1104,126.561,121.524,872,ok,,1ece8e4b58
901fa8ee0d7638dcf4a11a6fb7446eb735be2bba,head,reactivity,12,25,926.7838,188.0,0.0038,122.701,95.613,721,outlier,tbt;cls,1ece8e4b58
901fa8ee0d7638dcf4a11a6fb7446eb735be2bba,head,reactivity,13,26,907.4688,228.0,0.1104,127.241,120.024,758,ok,,1ece8e4b58
901fa8ee0d7638dcf4a11a6fb7446eb735be2bba,head,reactivity,14,29,767.4412,228.5,0.1104,117.732,126.55,668,ok,,1ece8e4b58
8061bb2ae936a6ea2522dbb58cb740625c1b0685,base,reactivity,0,0,924.639,239.5,0.1104,101.662,36.589,918,outlier,lcpObs,1ece8e4b58
8061bb2ae936a6ea2522dbb58cb740625c1b0685,base,reactivity,1,3,922.3538,230.5,0.1104,119.516,106.378,694,ok,,1ece8e4b58
8061bb2ae936a6ea2522dbb58cb740625c1b0685,base,reactivity,2,4,814.6319,222,0.1104,112.645,81.307,694,ok,,1ece8e4b58
8061bb2ae936a6ea2522dbb58cb740625c1b0685,base,reactivity,3,7,814.0435,228.0,0.1104,136.801,151.188,692,ok,,1ece8e4b58
8061bb2ae936a6ea2522dbb58cb740625c1b0685,base,reactivity,4,8,770.8317,68.5,0.0038,134.767,246.893,819,outlier,tbt;cls;lcpObs,1ece8e4b58
8061bb2ae936a6ea2522dbb58cb740625c1b0685,head,reactivity,0,1,811.1626,187.4764,0.1104,123.598,140.604,755,ok,,1ece8e4b58
8061bb2ae936a6ea2522dbb58cb740625c1b0685,head,reactivity,1,2,842.5092,240.1227,0.1104,179.115,258.303,701,ok,,1ece8e4b58
8061bb2ae936a6ea2522dbb58cb740625c1b0685,head,reactivity,2,5,929.307,192.0,0.1104,152.287,166.621,712,outlier,lcp,1ece8e4b58
8061bb2ae936a6ea2522dbb58cb740625c1b0685,head,reactivity,3,6,812.5493,247.5,0.0038,101.57,87.327,686,outlier,cls,1ece8e4b58
8061bb2ae936a6ea2522dbb58cb740625c1b0685,head,reactivity,4,9,804.869,283.0,0.0038,114.262,91.149,715,outlier,cls,1ece8e4b58
b266b8191d62a21d71e2f619f2543cff4fcbd086,base,reactivity,0,0,1039.0666,318.5666,0.0038,118.472,121.586,865,outlier,cls,1ece8e4b58
b266b8191d62a21d71e2f619f2543cff4fcbd086,base,reactivity,1,3,811.322,226,0.1104,125.778,99.91,705,ok,,1ece8e4b58
b266b8191d62a21d71e2f619f2543cff4fcbd086,base,reactivity,2,4,751.9652,189.0,0.0038,115.581,100.869,686,outlier,cls,1ece8e4b58
b266b8191d62a21d71e2f619f2543cff4fcbd086,base,reactivity,3,7,910.7137,223.6304,0.1104,139.136,134.517,762,ok,,1ece8e4b58
b266b8191d62a21d71e2f619f2543cff4fcbd086,base,reactivity,4,8,1143.1475,287.4704,0.1104,130.462,121.602,779,ok,,1ece8e4b58
b266b8191d62a21d71e2f619f2543cff4fcbd086,head,reactivity,0,1,827.9627,227.2593,0.1104,122.015,116.181,668,ok,,1ece8e4b58
b266b8191d62a21d71e2f619f2543cff4fcbd086,head,reactivity,1,2,811.3331,204.5,0.0038,110.021,75.875,674,outlier,lcp;cls,1ece8e4b58
b266b8191d62a21d71e2f619f2543cff4fcbd086,head,reactivity,2,5,929.8442,185.5,0.1104,140.125,150.917,676,ok,,1ece8e4b58
b266b8191d62a21d71e2f619f2543cff4fcbd086,head,reactivity,3,6,918.492,235.0,0.0038,128.821,104.194,719,outlier,cls,1ece8e4b58
b266b8191d62a21d71e2f619f2543cff4fcbd086,head,reactivity,4,9,911.0267,199.4406,0.1104,123.395,116.099,784,outlier,lcpObs,1ece8e4b58
6e1090cb895c206e4634811ca236740b8f940f60,base,reactivity,0,0,905.086,279.3145,0.1104,159.32,192.72,847,outlier,lcp;cls,1ece8e4b58
6e1090cb895c206e4634811ca236740b8f940f60,base,reactivity,1,3,893.5396,382.4047,0.1104,166.977,189.117,888,outlier,lcp;tbt;cls,1ece8e4b58
6e1090cb895c206e4634811ca236740b8f940f60,base,reactivity,2,4,810.8843,217.5987,0.0038,151.419,141.846,702,outlier,tbtFlow,1ece8e4b58
6e1090cb895c206e4634811ca236740b8f940f60,base,reactivity,3,7,805.5176,208.5,0.0038,142.722,183.592,801,ok,,1ece8e4b58
6e1090cb895c206e4634811ca236740b8f940f60,base,reactivity,4,8,814.3684,233.0,0.0038,117.792,143.333,703,ok,,1ece8e4b58
6e1090cb895c206e4634811ca236740b8f940f60,head,reactivity,0,1,944.0262,190.0,0.0038,115.122,116.532,682,outlier,cls,1ece8e4b58
6e1090cb895c206e4634811ca236740b8f940f60,head,reactivity,1,2,927.5298,318.0298,0.0038,139.408,162.502,857,outlier,tbt;cls;lcpObs,1ece8e4b58
6e1090cb895c206e4634811ca236740b8f940f60,head,reactivity,2,5,832.7308,214.0,0.1104,130.6,120.823,719,ok,,1ece8e4b58
6e1090cb895c206e4634811ca236740b8f940f60,head,reactivity,3,6,811.0644,230.5,0.1104,161.099,225.188,699,outlier,tbtFlow,1ece8e4b58
6e1090cb895c206e4634811ca236740b8f940f60,head,reactivity,4,9,963.3988,224.7624,0.1104,113.712,108.491,687,ok,,1ece8e4b58
1cea4314f762939ab2c52ecfb20cafb6eb40e16d,base,reactivity,0,0,939.0615,191.5,0.0038,137.227,132.343,699,outlier,cls,1ece8e4b58
1cea4314f762939ab2c52ecfb20cafb6eb40e16d,base,reactivity,1,3,970.6525,215.8329,0.1104,129.032,108.454,688,outlier,lcp,1ece8e4b58
1cea4314f762939ab2c52ecfb20cafb6eb40e16d,base,reactivity,2,4,908.78,188.826,0.1104,117.336,90.682,775,outlier,lcpObs,1ece8e4b58
1cea4314f762939ab2c52ecfb20cafb6eb40e16d,base,reactivity,3,7,904.3357,187.5,0.0038,113.529,95.677,685,outlier,cls,1ece8e4b58
1cea4314f762939ab2c52ecfb20cafb6eb40e16d,base,reactivity,4,8,900.5057,185.5,0.0038,126.175,103.006,686,outlier,cls,1ece8e4b58
1cea4314f762939ab2c52ecfb20cafb6eb40e16d,base,reactivity,5,11,913.245,215.3862,0.0038,143.037,164.357,695,outlier,cls;tbtFlow,1ece8e4b58
1cea4314f762939ab2c52ecfb20cafb6eb40e16d,base,reactivity,6,12,812.7361,227.69,0.1104,108.495,77.55,705,outlier,lcp,1ece8e4b58
1cea4314f762939ab2c52ecfb20cafb6eb40e16d,base,reactivity,7,15,944.9753,227.8127,0.0038,139.233,120.908,689,outlier,cls,1ece8e4b58
1cea4314f762939ab2c52ecfb20cafb6eb40e16d,base,reactivity,8,16,921.8927,194.5,0.1104,137.072,114.721,687,ok,,1ece8e4b58
1cea4314f762939ab2c52ecfb20cafb6eb40e16d,base,reactivity,9,19,919.4492,206.0259,0.1104,108.83,104.702,699,ok,,1ece8e4b58
1cea4314f762939ab2c52ecfb20cafb6eb40e16d,base,reactivity,10,20,919.976,216.7794,0.1104,122.231,104.953,679,ok,,1ece8e4b58
1cea4314f762939ab2c52ecfb20cafb6eb40e16d,base,reactivity,11,23,910.388,230.0,0.0038,119.635,103.011,678,outlier,cls,1ece8e4b58
1cea4314f762939ab2c52ecfb20cafb6eb40e16d,base,reactivity,12,24,908.8148,184.079,0.1104,109.436,92.109,744,outlier,lcpObs,1ece8e4b58
1cea4314f762939ab2c52ecfb20cafb6eb40e16d,base,reactivity,13,27,923.5655,185.5,0.1104,122.52,118.242,679,ok,,1ece8e4b58
1cea4314f762939ab2c52ecfb20cafb6eb40e16d,base,reactivity,14,28,901.558,188,0.1104,124.54,108.668,676,ok,,1ece8e4b58
1cea4314f762939ab2c52ecfb20cafb6eb40e16d,head,reactivity,0,1,894.5359,290.0359,0.1104,104.229,92.562,769,outlier,tbt;lcpObs,1ece8e4b58
1cea4314f762939ab2c52ecfb20cafb6eb40e16d,head,reactivity,1,2,812.7665,247.0,0.1104,119.034,74.331,684,ok,,1ece8e4b58
1cea4314f762939ab2c52ecfb20cafb6eb40e16d,head,reactivity,2,5,794.2154,196.0,0.1104,125.312,100.837,685,ok,,1ece8e4b58
1cea4314f762939ab2c52ecfb20cafb6eb40e16d,head,reactivity,3,6,919.105,204.5046,0.1104,115.966,100.387,705,ok,,1ece8e4b58
1cea4314f762939ab2c52ecfb20cafb6eb40e16d,head,reactivity,4,9,808.6673,221.4897,0.1104,136.48,165.837,730,outlier,tbtFlow,1ece8e4b58
1cea4314f762939ab2c52ecfb20cafb6eb40e16d,head,reactivity,5,10,920.715,183.0,0.0038,153.243,158.07,712,outlier,cls;inp,1ece8e4b58
1cea4314f762939ab2c52ecfb20cafb6eb40e16d,head,reactivity,6,13,809.7847,217.2583,0.1104,118.984,129.265,682,ok,,1ece8e4b58
1cea4314f762939ab2c52ecfb20cafb6eb40e16d,head,reactivity,7,14,857.8423,250.8817,0.1104,163.785,246.326,789,outlier,inp;tbtFlow;lcpObs,1ece8e4b58
1cea4314f762939ab2c52ecfb20cafb6eb40e16d,head,reactivity,8,17,942.943,197.438,0.0038,108.625,93.613,693,outlier,cls,1ece8e4b58
1cea4314f762939ab2c52ecfb20cafb6eb40e16d,head,reactivity,9,18,939.58,190.0,0.1104,119.713,85.533,790,outlier,lcpObs,1ece8e4b58
1cea4314f762939ab2c52ecfb20cafb6eb40e16d,head,reactivity,10,21,747.5121,223.0009,0.1104,125.145,115.164,654,ok,,1ece8e4b58
1cea4314f762939ab2c52ecfb20cafb6eb40e16d,head,reactivity,11,22,907.8425,211.2887,0.1104,122.112,102.61,653,ok,,1ece8e4b58
1cea4314f762939ab2c52ecfb20cafb6eb40e16d,head,reactivity,12,25,963.3323,225.3789,0.1104,108.667,87.809,691,ok,,1ece8e4b58
1cea4314f762939ab2c52ecfb20cafb6eb40e16d,head,reactivity,13,26,898.6507,216.0694,0.0038,116.877,88.608,684,outlier,cls,1ece8e4b58
1cea4314f762939ab2c52ecfb20cafb6eb40e16d,head,reactivity,14,29,968.961,213.7977,0.1104,119.666,116.6,686,ok,,1ece8e4b58
0d6ad767e5ef074af3f83c16c3cd384e184abf74,base,reactivity,0,0,,,,,,,error,,
0d6ad767e5ef074af3f83c16c3cd384e184abf74,base,reactivity,1,3,,,,,,,error,,
0d6ad767e5ef074af3f83c16c3cd384e184abf74,base,reactivity,2,4,730.6181,0,0,120.975,100.778,22559,ok,,1ece8e4b58
0d6ad767e5ef074af3f83c16c3cd384e184abf74,base,reactivity,3,7,,,,,,,error,,
0d6ad767e5ef074af3f83c16c3cd384e184abf74,base,reactivity,4,8,,,,,,,error,,
0d6ad767e5ef074af3f83c16c3cd384e184abf74,head,reactivity,0,1,,,,,,,error,,
0d6ad767e5ef074af3f83c16c3cd384e184abf74,head,reactivity,1,2,,,,,,,error,,
0d6ad767e5ef074af3f83c16c3cd384e184abf74,head,reactivity,2,5,,,,,,,error,,
0d6ad767e5ef074af3f83c16c3cd384e184abf74,head,reactivity,3,6,750.276,32.2873,0,138.711,145.227,22587,ok,,1ece8e4b58
0d6ad767e5ef074af3f83c16c3cd384e184abf74,head,reactivity,4,9,,,,,,,error,,
b1b555574175a8accf045aaba1d282b78ed36f72,base,reactivity,0,0,939.072,186.0714,0.1104,84.32,34.492,673,ok,,1ece8e4b58
b1b555574175a8accf045aaba1d282b78ed36f72,base,reactivity,1,3,907.7852,205.4006,0.1104,132.69,136.379,666,ok,,1ece8e4b58
b1b555574175a8accf045aaba1d282b78ed36f72,base,reactivity,2,4,811.7414,188,0.1104,116.551,108.685,661,outlier,lcp,1ece8e4b58
b1b555574175a8accf045aaba1d282b78ed36f72,base,reactivity,3,7,907.864,209.7012,0.0038,86.197,55.473,663,outlier,cls,1ece8e4b58
b1b555574175a8accf045aaba1d282b78ed36f72,base,reactivity,4,8,899.5865,202.5923,0.1104,121.704,115.404,680,ok,,1ece8e4b58
b1b555574175a8accf045aaba1d282b78ed36f72,head,reactivity,0,1,921.6797,178.5,0.1104,112.536,61.226,752,ok,,1ece8e4b58
b1b555574175a8accf045aaba1d282b78ed36f72,head,reactivity,1,2,941.4315,278.9475,0.1104,100.593,65.395,711,outlier,tbt,1ece8e4b58
b1b555574175a8accf045aaba1d282b78ed36f72,head,reactivity,2,5,811.5735,180,0.1104,85.154,50.288,653,outlier,lcp,1ece8e4b58
b1b555574175a8accf045aaba1d282b78ed36f72,head,reactivity,3,6,926.8328,180.5,0.1104,104.806,85.751,678,ok,,1ece8e4b58
b1b555574175a8accf045aaba1d282b78ed36f72,head,reactivity,4,9,923.2803,180.5,0.1104,115.762,118.791,709,ok,,1ece8e4b58
ce19be89b28ce7ebc9aa257663c37b847466fc66,base,reactivity,0,0,812.2781,177.0,0.0038,100.18,69.18,747,outlier,cls;tbtFlow;lcpObs,1ece8e4b58
ce19be89b28ce7ebc9aa257663c37b847466fc66,base,reactivity,1,3,810.9516,179.0,0.1104,128.039,113.21,659,ok,,1ece8e4b58
ce19be89b28ce7ebc9aa257663c37b847466fc66,base,reactivity,2,4,916.255,187.0,0.1104,117.365,124.57,672,outlier,lcp,1ece8e4b58
ce19be89b28ce7ebc9aa257663c37b847466fc66,base,reactivity,3,7,821.39,192,0.0038,119.749,113.732,641,outlier,cls,1ece8e4b58
ce19be89b28ce7ebc9aa257663c37b847466fc66,base,reactivity,4,8,921.0937,184.5,0.1104,120.282,112.759,677,outlier,lcp,1ece8e4b58
ce19be89b28ce7ebc9aa257663c37b847466fc66,head,reactivity,0,1,910.6297,179.5,0.0038,123.025,115.049,655,ok,,1ece8e4b58
ce19be89b28ce7ebc9aa257663c37b847466fc66,head,reactivity,1,2,897.6125,184.5,0.0038,123.64,118.834,667,ok,,1ece8e4b58
ce19be89b28ce7ebc9aa257663c37b847466fc66,head,reactivity,2,5,772.3941,181,0.0038,125.239,100.423,778,outlier,lcpObs,1ece8e4b58
ce19be89b28ce7ebc9aa257663c37b847466fc66,head,reactivity,3,6,811.2884,181.0,0.1104,120.16,123.205,680,outlier,cls,1ece8e4b58
ce19be89b28ce7ebc9aa257663c37b847466fc66,head,reactivity,4,9,740.8405,181.0,0.0038,114.129,124.386,683,ok,,1ece8e4b58
797839be5633dfd0288ca997b27bb497af94e0ff,base,reactivity,0,0,917.848,182.5,0.0038,91.44,63.426,709,outlier,inp,1ece8e4b58
797839be5633dfd0288ca997b27bb497af94e0ff,base,reactivity,1,3,810.5374,200,0.1104,136.083,130.005,716,outlier,lcp;cls,1ece8e4b58
797839be5633dfd0288ca997b27bb497af94e0ff,base,reactivity,2,4,911.6938,183.0,0.1104,123.048,109.693,664,outlier,cls,1ece8e4b58
797839be5633dfd0288ca997b27bb497af94e0ff,base,reactivity,3,7,912.8635,181.5,0.0038,117.841,125.67,660,ok,,1ece8e4b58
797839be5633dfd0288ca997b27bb497af94e0ff,base,reactivity,4,8,810.1724,176.0,0.0038,122.979,109.778,673,outlier,lcp,1ece8e4b58
797839be5633dfd0288ca997b27bb497af94e0ff,head,reactivity,0,1,810.7991,178.0,0.1104,111.825,104.704,663,outlier,cls,1ece8e4b58
797839be5633dfd0288ca997b27bb497af94e0ff,head,reactivity,1,2,897.8035,180,0.0038,126.342,115.884,692,outlier,lcp,1ece8e4b58
797839be5633dfd0288ca997b27bb497af94e0ff,head,reactivity,2,5,809.1512,182.0,0.1104,125.55,109.433,653,outlier,cls,1ece8e4b58
797839be5633dfd0288ca997b27bb497af94e0ff,head,reactivity,3,6,914.3235,170.3737,0.0038,114.09,109.73,750,outlier,lcp;lcpObs,1ece8e4b58
797839be5633dfd0288ca997b27bb497af94e0ff,head,reactivity,4,9,811.1007,178.0,0.0038,132.879,124.805,665,ok,,1ece8e4b58
ab958c8e0d26ee8abae55357d46b1a4e06d01c6a,base,reactivity,0,0,906.681,184.5,0.1104,102.24,49.287,685,outlier,tbtFlow,1ece8e4b58
ab958c8e0d26ee8abae55357d46b1a4e06d01c6a,base,reactivity,1,3,957.1498,190.9215,0.1104,92.89,55.141,662,outlier,inp,1ece8e4b58
ab958c8e0d26ee8abae55357d46b1a4e06d01c6a,base,reactivity,2,4,915.019,182.5,0.1104,119.034,110.267,785,outlier,lcpObs,1ece8e4b58
ab958c8e0d26ee8abae55357d46b1a4e06d01c6a,base,reactivity,3,7,904.9623,180,0.1104,117.086,118.052,643,ok,,1ece8e4b58
ab958c8e0d26ee8abae55357d46b1a4e06d01c6a,base,reactivity,4,8,932.8487,179.5,0.1104,116.81,112.953,691,ok,,1ece8e4b58
ab958c8e0d26ee8abae55357d46b1a4e06d01c6a,base,reactivity,5,11,904.3392,184.5,0.1104,115.485,110.09,707,ok,,1ece8e4b58
ab958c8e0d26ee8abae55357d46b1a4e06d01c6a,base,reactivity,6,12,901.1363,181.5,0.1104,120.638,115.092,664,ok,,1ece8e4b58
ab958c8e0d26ee8abae55357d46b1a4e06d01c6a,base,reactivity,7,15,912.678,178.5,0.0038,120.283,97.631,642,outlier,cls,1ece8e4b58
ab958c8e0d26ee8abae55357d46b1a4e06d01c6a,base,reactivity,8,16,905.8727,180.5,0.0038,113.33,101.525,663,outlier,cls,1ece8e4b58
ab958c8e0d26ee8abae55357d46b1a4e06d01c6a,base,reactivity,9,19,810.446,182.0,0.1104,129.142,131.517,628,outlier,lcp,1ece8e4b58
ab958c8e0d26ee8abae55357d46b1a4e06d01c6a,base,reactivity,10,20,939.7755,180.5,0.1104,117.307,102.152,696,ok,,1ece8e4b58
ab958c8e0d26ee8abae55357d46b1a4e06d01c6a,base,reactivity,11,23,913.0997,179.5,0.0038,128.809,125.487,681,outlier,cls,1ece8e4b58
ab958c8e0d26ee8abae55357d46b1a4e06d01c6a,base,reactivity,12,24,913.115,179.5,0.1104,121.457,97.367,654,ok,,1ece8e4b58
ab958c8e0d26ee8abae55357d46b1a4e06d01c6a,base,reactivity,13,27,791.6801,185.0,0.1104,124.122,151.265,648,outlier,lcp,1ece8e4b58
ab958c8e0d26ee8abae55357d46b1a4e06d01c6a,base,reactivity,14,28,1008.0833,221.6071,0.1104,104.563,49.653,677,outlier,lcp;tbt;tbtFlow,1ece8e4b58
ab958c8e0d26ee8abae55357d46b1a4e06d01c6a,head,reactivity,0,1,770.1885,182.7376,0.0818,112.367,104.343,902,outlier,cls;lcpObs,de2388ee10
ab958c8e0d26ee8abae55357d46b1a4e06d01c6a,head,reactivity,1,2,747.9585,229.8618,0.1612,128.089,161.78,806,outlier,tbtFlow,de2388ee10
ab958c8e0d26ee8abae55357d46b1a4e06d01c6a,head,reactivity,2,5,736.1047,204.9193,0.1612,125.972,96.094,776,ok,,de2388ee10
ab958c8e0d26ee8abae55357d46b1a4e06d01c6a,head,reactivity,3,6,733.3939,193.7423,0.1612,125.018,112.089,779,ok,,de2388ee10
ab958c8e0d26ee8abae55357d46b1a4e06d01c6a,head,reactivity,4,9,769.5675,184.0276,0.1612,118.985,105.56,846,outlier,lcpObs,de2388ee10
ab958c8e0d26ee8abae55357d46b1a4e06d01c6a,head,reactivity,5,10,730.5879,190.6305,0.0818,120.071,108.207,781,outlier,cls,de2388ee10
ab958c8e0d26ee8abae55357d46b1a4e06d01c6a,head,reactivity,6,13,731.2149,196.0702,0.1612,110.108,119.933,780,ok,,de2388ee10
ab958c8e0d26ee8abae55357d46b1a4e06d01c6a,head,reactivity,7,14,733.6519,224.5367,0.1612,116.906,90.889,776,ok,,de2388ee10
ab958c8e0d26ee8abae55357d46b1a4e06d01c6a,head,reactivity,8,17,730.193,191.5354,0.0818,109.523,90.924,780,outlier,cls,de2388ee10
ab958c8e0d26ee8abae55357d46b1a4e06d01c6a,head,reactivity,9,18,733.3779,196.6356,0.0818,123.717,103.401,766,outlier,cls,de2388ee10
ab958c8e0d26ee8abae55357d46b1a4e06d01c6a,head,reactivity,10,21,729.8819,180.7747,0.0817,120.505,95.719,798,outlier,cls,de2388ee10
ab958c8e0d26ee8abae55357d46b1a4e06d01c6a,head,reactivity,11,22,733.3441,197.2161,0.1612,114.743,98.035,788,ok,,de2388ee10
ab958c8e0d26ee8abae55357d46b1a4e06d01c6a,head,reactivity,12,25,737.2216,212.032,0.0817,120.03,123.167,902,outlier,cls;lcpObs,de2388ee10
ab958c8e0d26ee8abae55357d46b1a4e06d01c6a,head,reactivity,13,26,767.6647,173.5763,0.1612,122.785,96.434,873,outlier,lcpObs,de2388ee10
ab958c8e0d26ee8abae55357d46b1a4e06d01c6a,head,reactivity,14,29,731.8001,195.0889,0.1612,109.614,98.594,781,ok,,de2388ee10
8ce9c233b96cc734155a9dae616d7ec8726b5a25,base,reactivity,0,0,792.0877,273.0,0.1612,113.142,82.88,908,outlier,lcp;cls;lcpObs,de2388ee10
8ce9c233b96cc734155a9dae616d7ec8726b5a25,base,reactivity,1,3,732.8781,193.8123,0.0818,108.802,94.199,791,ok,,de2388ee10
8ce9c233b96cc734155a9dae616d7ec8726b5a25,base,reactivity,2,4,856.6764,204.2625,0.0818,120.365,104.604,788,outlier,lcp,de2388ee10
8ce9c233b96cc734155a9dae616d7ec8726b5a25,base,reactivity,3,7,741.2819,227.2588,0.0818,106.304,58.419,788,ok,,de2388ee10
8ce9c233b96cc734155a9dae616d7ec8726b5a25,base,reactivity,4,8,738.0539,226.5343,0.0818,103.654,49.682,789,ok,,de2388ee10
8ce9c233b96cc734155a9dae616d7ec8726b5a25,head,reactivity,0,1,731.3273,217.3373,0.1612,118.09,106.291,773,ok,,de2388ee10
8ce9c233b96cc734155a9dae616d7ec8726b5a25,head,reactivity,1,2,737.5534,218.3799,0.1612,121.205,84.276,789,ok,,de2388ee10
8ce9c233b96cc734155a9dae616d7ec8726b5a25,head,reactivity,2,5,753.4695,247.6936,0.1612,100.078,58.805,821,ok,,de2388ee10
8ce9c233b96cc734155a9dae616d7ec8726b5a25,head,reactivity,3,6,882.8597,572.7602,0.0817,132.052,173.566,977,outlier,lcp;tbt;cls;lcpObs,de2388ee10
8ce9c233b96cc734155a9dae616d7ec8726b5a25,head,reactivity,4,9,737.6466,207.514,0.0818,126.347,104.824,807,outlier,cls,de2388ee10
5936eef341f8c0c62b36d80ad2007b36c10602ee,base,reactivity,0,0,734.4391,209.002,0.0818,100.089,62.461,793,outlier,inp,de2388ee10
5936eef341f8c0c62b36d80ad2007b36c10602ee,base,reactivity,1,3,780.5864,301.2053,0.0817,131.777,116.287,834,outlier,tbt,de2388ee10
5936eef341f8c0c62b36d80ad2007b36c10602ee,base,reactivity,2,4,734.0657,199.8451,0.0818,133.699,118.104,799,ok,,de2388ee10
5936eef341f8c0c62b36d80ad2007b36c10602ee,base,reactivity,3,7,749.642,239.5036,0.1612,111.474,85.184,795,outlier,cls,de2388ee10
5936eef341f8c0c62b36d80ad2007b36c10602ee,base,reactivity,4,8,737.7114,215.6644,0.1612,136.954,137.997,766,outlier,cls,de2388ee10
5936eef341f8c0c62b36d80ad2007b36c10602ee,head,reactivity,0,1,751.23,227.813,0.0818,121.429,129.432,823,ok,,de2388ee10
5936eef341f8c0c62b36d80ad2007b36c10602ee,head,reactivity,1,2,907.873,197.9688,0.0818,128.332,113.479,906,outlier,lcp,de2388ee10
5936eef341f8c0c62b36d80ad2007b36c10602ee,head,reactivity,2,5,751.0783,260.4761,0.0818,133.372,142.567,843,ok,,de2388ee10
5936eef341f8c0c62b36d80ad2007b36c10602ee,head,reactivity,3,6,762.688,303.6244,0.1612,120.586,81.689,876,outlier,cls,de2388ee10
5936eef341f8c0c62b36d80ad2007b36c10602ee,head,reactivity,4,9,769.3447,203.3873,0.0818,97.47,73.851,915,ok,,de2388ee10
ac1682b2c348d5f2e69ab9d6bad4b39266b266eb,base,reactivity,0,0,754.4731,271.0782,0.1612,101.459,83.86,884,outlier,cls,de2388ee10
ac1682b2c348d5f2e69ab9d6bad4b39266b266eb,base,reactivity,1,3,870.767,248.0,0.0818,123.672,106.823,829,outlier,lcp,de2388ee10
ac1682b2c348d5f2e69ab9d6bad4b39266b266eb,base,reactivity,2,4,730.6741,204.117,0.0818,99.564,59.903,777,ok,,de2388ee10
ac1682b2c348d5f2e69ab9d6bad4b39266b266eb,base,reactivity,3,7,760.6188,274.5065,0.0818,120.286,132.021,844,ok,,de2388ee10
ac1682b2c348d5f2e69ab9d6bad4b39266b266eb,base,reactivity,4,8,737.3772,204.6603,0.0818,112.749,128.246,799,ok,,de2388ee10
ac1682b2c348d5f2e69ab9d6bad4b39266b266eb,head,reactivity,0,1,734.7971,209.0415,0.0818,109.423,79.931,806,ok,,de2388ee10
ac1682b2c348d5f2e69ab9d6bad4b39266b266eb,head,reactivity,1,2,740.1134,209.6529,0.0818,110.601,144.669,810,ok,,de2388ee10
ac1682b2c348d5f2e69ab9d6bad4b39266b266eb,head,reactivity,2,5,741.5074,216.2652,0.1612,127.496,102.34,795,outlier,cls,de2388ee10
ac1682b2c348d5f2e69ab9d6bad4b39266b266eb,head,reactivity,3,6,733.3743,213.4899,0.0817,109.727,105.739,779,ok,,de2388ee10
ac1682b2c348d5f2e69ab9d6bad4b39266b266eb,head,reactivity,4,9,941.8162,195.0836,0.1612,109.611,72.493,960,outlier,lcp;cls;lcpObs,de2388ee10
d600fe17c1cf08b0209c3dc661e7ea23c99205c6,base,reactivity,0,0,1128.0564,1036.5,0.0818,106.634,39.7,1294,outlier,lcp;tbt;tbtFlow;lcpObs,de2388ee10
d600fe17c1cf08b0209c3dc661e7ea23c99205c6,base,reactivity,1,3,749.1059,242.149,0.0817,110.649,101.228,792,ok,,de2388ee10
d600fe17c1cf08b0209c3dc661e7ea23c99205c6,base,reactivity,2,4,777.7166,237.0,0.0818,131.788,115.554,859,ok,,de2388ee10
d600fe17c1cf08b0209c3dc661e7ea23c99205c6,base,reactivity,3,7,915.1248,174.2397,0.1612,121.694,102.671,962,outlier,cls,de2388ee10
d600fe17c1cf08b0209c3dc661e7ea23c99205c6,base,reactivity,4,8,734.371,215.7238,0.1612,119.821,136.575,795,outlier,cls,de2388ee10
d600fe17c1cf08b0209c3dc661e7ea23c99205c6,head,reactivity,0,1,737.7115,224.5652,0.0819,119.763,123.184,776,outlier,lcp,de2388ee10
d600fe17c1cf08b0209c3dc661e7ea23c99205c6,head,reactivity,1,2,879.4868,252.5,0.0818,117.119,107.79,878,ok,,de2388ee10
d600fe17c1cf08b0209c3dc661e7ea23c99205c6,head,reactivity,2,5,741.7301,228.9998,0.082,102.816,64.065,789,outlier,lcp,de2388ee10
d600fe17c1cf08b0209c3dc661e7ea23c99205c6,head,reactivity,3,6,896.5606,246.7333,0.0817,94.531,65.445,1011,ok,,de2388ee10
d600fe17c1cf08b0209c3dc661e7ea23c99205c6,head,reactivity,4,9,906.0692,185.2548,0.1612,122.529,114.661,859,outlier,cls,de2388ee10
4e94b6811a9dee9d8e38579a960aa2a53cd00257,base,reactivity,0,0,849.3444,206.8346,0.1612,97.072,66.413,915,outlier,cls;inp;tbtFlow,de2388ee10
4e94b6811a9dee9d8e38579a960aa2a53cd00257,base,reactivity,1,3,858.4492,177.7079,0.0818,110.852,100.111,893,ok,,de2388ee10
4e94b6811a9dee9d8e38579a960aa2a53cd00257,base,reactivity,2,4,736.4314,218.0953,0.1612,123.177,107.983,803,outlier,cls,de2388ee10
4e94b6811a9dee9d8e38579a960aa2a53cd00257,base,reactivity,3,7,768.4758,185.4642,0.0818,121.755,105.889,847,ok,,de2388ee10
4e94b6811a9dee9d8e38579a960aa2a53cd00257,base,reactivity,4,8,731.8902,202.5027,0.0818,124.694,99.394,771,ok,,de2388ee10
4e94b6811a9dee9d8e38579a960aa2a53cd00257,head,reactivity,0,1,732.0812,193.5425,0.1612,116.447,115.195,807,outlier,cls,de2388ee10
4e94b6811a9dee9d8e38579a960aa2a53cd00257,head,reactivity,1,2,735.785,201.805,0.0817,112.07,96.846,803,ok,,de2388ee10
4e94b6811a9dee9d8e38579a960aa2a53cd00257,head,reactivity,2,5,855.0662,194.0923,0.0818,122.616,103.413,896,outlier,lcp;lcpObs,de2388ee10
4e94b6811a9dee9d8e38579a960aa2a53cd00257,head,reactivity,3,6,732.8926,193.6139,0.0818,104.276,57.816,795,ok,,de2388ee10
4e94b6811a9dee9d8e38579a960aa2a53cd00257,head,reactivity,4,9,738.0935,169.7078,0.0818,102.487,57.882,933,outlier,lcpObs,de2388ee10
524de31999da67a2d68eb84a5768ee00a296e884,base,reactivity,0,0,865.1074,200.7815,0.1612,102.514,48.295,1083,outlier,lcpObs,de2388ee10
524de31999da67a2d68eb84a5768ee00a296e884,base,reactivity,1,3,744.13,223.447,0.0817,105.698,47.29,800,outlier,lcpObs,de2388ee10
524de31999da67a2d68eb84a5768ee00a296e884,base,reactivity,2,4,770.1322,184.3678,0.0818,99.781,57.934,853,outlier,lcpObs,de2388ee10
524de31999da67a2d68eb84a5768ee00a296e884,base,reactivity,3,7,766.5177,86,0.0818,117.016,106.574,22730,outlier,tbt;tbtFlow;lcpObs,de2388ee10
524de31999da67a2d68eb84a5768ee00a296e884,base,reactivity,4,8,732.406,220.0376,0.1067,126.727,127.144,457,outlier,tbtFlow,de2388ee10
524de31999da67a2d68eb84a5768ee00a296e884,base,reactivity,5,11,735.0156,226.7938,0.0596,102.784,46.447,452,ok,,de2388ee10
524de31999da67a2d68eb84a5768ee00a296e884,base,reactivity,6,12,1111.7157,215.0009,0.1612,94.436,31.41,472,outlier,lcp,de2388ee10
524de31999da67a2d68eb84a5768ee00a296e884,base,reactivity,7,15,731.3481,224.4607,0.0546,88.553,24.426,453,ok,,de2388ee10
524de31999da67a2d68eb84a5768ee00a296e884,base,reactivity,8,16,734.2091,219.589,0.0546,101.842,28.03,476,ok,,de2388ee10
524de31999da67a2d68eb84a5768ee00a296e884,base,reactivity,9,19,1039.554,241.6962,0.2978,106.863,87.955,463,outlier,lcp;cls,de2388ee10
524de31999da67a2d68eb84a5768ee00a296e884,base,reactivity,10,20,740.5989,271.3054,0.0546,93.71,28.184,474,ok,,de2388ee10
524de31999da67a2d68eb84a5768ee00a296e884,base,reactivity,11,23,1024.3155,158.9164,0.0594,87.491,36.466,471,outlier,lcp,de2388ee10
524de31999da67a2d68eb84a5768ee00a296e884,base,reactivity,12,24,1063.6743,178.4387,0.2519,86.476,41.276,459,outlier,lcp;cls,de2388ee10
524de31999da67a2d68eb84a5768ee00a296e884,base,reactivity,13,27,891.4103,244.0986,0.2978,83.557,28.33,558,outlier,cls;lcpObs,de2388ee10
524de31999da67a2d68eb84a5768ee00a296e884,base,reactivity,14,28,1027.3763,221.7719,0.0546,93.041,23.824,463,outlier,lcp,de2388ee10
524de31999da67a2d68eb84a5768ee00a296e884,head,reactivity,0,1,849.0162,215.0738,0.1612,116.142,103.663,790,outlier,tbtFlow;lcpObs,de2388ee10
524de31999da67a2d68eb84a5768ee00a296e884,head,reactivity,1,2,771.9404,201.1855,0.0818,128.169,162.902,927,outlier,lcp;inp;tbtFlow;lcpObs,de2388ee10
524de31999da67a2d68eb84a5768ee00a296e884,head,reactivity,2,5,,,,109.113,50.813,,ok,,
524de31999da67a2d68eb84a5768ee00a296e884,head,reactivity,3,6,902.555,95,0.0817,121.613,109.429,20460,outlier,tbt;inp;tbtFlow;lcpObs,de2388ee10
524de31999da67a2d68eb84a5768ee00a296e884,head,reactivity,4,9,1045.405,184.6054,0.2519,101.894,36.536,467,outlier,cls,de2388ee10
524de31999da67a2d68eb84a5768ee00a296e884,head,reactivity,5,10,1096.0757,248.8817,0.2978,98.165,57.144,498,outlier,cls,de2388ee10
524de31999da67a2d68eb84a5768ee00a296e884,head,reactivity,6,13,1033.2615,232.8613,0.2978,90.481,27.775,453,outlier,cls,de2388ee10
524de31999da67a2d68eb84a5768ee00a296e884,head,reactivity,7,14,1031.9153,198.6852,0.0819,98.288,50.052,458,ok,,de2388ee10
524de31999da67a2d68eb84a5768ee00a296e884,head,reactivity,8,17,1071.6788,240.9346,0.0546,97.118,33.556,485,ok,,de2388ee10
524de31999da67a2d68eb84a5768ee00a296e884,head,reactivity,9,18,854.782,227.5925,0.0546,95.271,30.949,444,ok,,de2388ee10
524de31999da67a2d68eb84a5768ee00a296e884,head,reactivity,10,21,1073.8263,190.7547,0.0594,91.738,22.665,483,ok,,de2388ee10
524de31999da67a2d68eb84a5768ee00a296e884,head,reactivity,11,22,729.7279,214.7196,0.0546,86.018,18.976,449,outlier,lcp,de2388ee10
524de31999da67a2d68eb84a5768ee00a296e884,head,reactivity,12,25,1043.7155,230.7045,0.0546,93.967,19.067,482,ok,,de2388ee10
524de31999da67a2d68eb84a5768ee00a296e884,head,reactivity,13,26,1028.2887,162.826,0.2519,97.023,28.567,461,outlier,cls,de2388ee10
524de31999da67a2d68eb84a5768ee00a296e884,head,reactivity,14,29,730.2644,218.4943,0.0546,94.619,15.246,447,outlier,lcp,de2388ee10
129c27cfc7fcb056a2e2ae4e092e99712eb84045,base,reactivity,0,0,1065.6377,223.5467,0.1067,92.556,50.521,477,outlier,cls,de2388ee10
129c27cfc7fcb056a2e2ae4e092e99712eb84045,base,reactivity,1,3,1038.2338,233.0689,0.1612,119.115,133.854,482,outlier,cls;inp;tbtFlow,de2388ee10
129c27cfc7fcb056a2e2ae4e092e99712eb84045,base,reactivity,2,4,1244.62,376.916,0.0599,94.92,43.25,547,outlier,lcp;tbt,de2388ee10
129c27cfc7fcb056a2e2ae4e092e99712eb84045,base,reactivity,3,7,1070.2987,233.5523,0.0546,103.109,56.302,464,ok,,de2388ee10
129c27cfc7fcb056a2e2ae4e092e99712eb84045,base,reactivity,4,8,1155.1253,251.8832,0.0594,95.518,31.187,522,ok,,de2388ee10
129c27cfc7fcb056a2e2ae4e092e99712eb84045,head,reactivity,0,1,1066.8155,184.2959,0.0594,92.829,53.595,475,outlier,tbt,de2388ee10
129c27cfc7fcb056a2e2ae4e092e99712eb84045,head,reactivity,1,2,1030.066,235.3594,0.0546,103.13,64.502,464,ok,,de2388ee10
129c27cfc7fcb056a2e2ae4e092e99712eb84045,head,reactivity,2,5,861.6802,235.5423,0.0546,107.085,84.692,466,outlier,lcp,de2388ee10
129c27cfc7fcb056a2e2ae4e092e99712eb84045,head,reactivity,3,6,1072.0842,271.2174,0.0546,101.804,60.347,492,outlier,tbt,de2388ee10
129c27cfc7fcb056a2e2ae4e092e99712eb84045,head,reactivity,4,9,1075.831,227.8758,0.1612,100.482,43.165,463,outlier,cls,de2388ee10
d0a13f7c2d345c9c50bb8bd113e7f7c1105bf9b1,base,reactivity,0,0,1027.7555,167.224,0.1661,96.369,51.29,445,outlier,tbt;cls,de2388ee10
d0a13f7c2d345c9c50bb8bd113e7f7c1105bf9b1,base,reactivity,1,3,1014.291,218.8678,0.0599,95.798,44.728,446,ok,,de2388ee10
d0a13f7c2d345c9c50bb8bd113e7f7c1105bf9b1,base,reactivity,2,4,743.7204,248.9735,0.0546,100.226,46.816,484,outlier,lcp,de2388ee10
d0a13f7c2d345c9c50bb8bd113e7f7c1105bf9b1,base,reactivity,3,7,1031.4285,221.4335,0.0546,83.598,21.905,463,ok,,de2388ee10
d0a13f7c2d345c9c50bb8bd113e7f7c1105bf9b1,base,reactivity,4,8,732.1311,232.3476,0.0546,95.824,44.257,455,outlier,lcp,de2388ee10
d0a13f7c2d345c9c50bb8bd113e7f7c1105bf9b1,head,reactivity,0,1,734.3578,212.3537,0.0546,95.724,31.626,466,outlier,lcp,de2388ee10
d0a13f7c2d345c9c50bb8bd113e7f7c1105bf9b1,head,reactivity,1,2,1029.0997,226.6878,0.1612,83.014,37.891,453,outlier,cls,de2388ee10
d0a13f7c2d345c9c50bb8bd113e7f7c1105bf9b1,head,reactivity,2,5,735.3065,241.2774,0.0546,94.067,65.071,486,outlier,lcp,de2388ee10
d0a13f7c2d345c9c50bb8bd113e7f7c1105bf9b1,head,reactivity,3,6,1025.0222,156.5181,0.0697,101.83,45.915,470,ok,,de2388ee10
d0a13f7c2d345c9c50bb8bd113e7f7c1105bf9b1,head,reactivity,4,9,1076.379,193.0729,0.1661,122.301,60.476,482,outlier,cls,de2388ee10
f9c82f488e0625a07b55afd4bd8bac71d353df5b,base,reactivity,0,0,1021.7315,162.1687,0.0818,114.048,83.025,440,ok,,de2388ee10
f9c82f488e0625a07b55afd4bd8bac71d353df5b,base,reactivity,1,3,734.0625,219.424,0.1612,105.534,50.387,445,outlier,lcp,de2388ee10
f9c82f488e0625a07b55afd4bd8bac71d353df5b,base,reactivity,2,4,1039.0498,234.0022,0.0654,97.125,44.826,473,ok,,de2388ee10
f9c82f488e0625a07b55afd4bd8bac71d353df5b,base,reactivity,3,7,856.3058,215.1836,0.1612,88.695,22.57,436,outlier,lcp,de2388ee10
f9c82f488e0625a07b55afd4bd8bac71d353df5b,base,reactivity,4,8,1027.812,166.9872,0.0594,98.004,23.442,451,ok,,de2388ee10
f9c82f488e0625a07b55afd4bd8bac71d353df5b,head,reactivity,0,1,1019.897,216.2318,0.0546,86.604,22.305,461,outlier,lcp,de2388ee10
f9c82f488e0625a07b55afd4bd8bac71d353df5b,head,reactivity,1,2,734.0831,231.5392,0.082,103.107,68.079,458,outlier,cls;tbtFlow,de2388ee10
f9c82f488e0625a07b55afd4bd8bac71d353df5b,head,reactivity,2,5,732.4545,228.2182,0.0546,94.152,35.534,447,ok,,de2388ee10
f9c82f488e0625a07b55afd4bd8bac71d353df5b,head,reactivity,3,6,1020.099,221.209,0.1612,101.85,36.246,451,outlier,lcp;cls,de2388ee10
f9c82f488e0625a07b55afd4bd8bac71d353df5b,head,reactivity,4,9,733.9475,219.037,0.0546,102.276,31.731,460,ok,,de2388ee10
c66267e02eb35bc13408b43297c9d301f92a512b,base,reactivity,0,0,1066.91,180.5028,0.0597,103.247,52.838,462,outlier,lcp;tbt;cls,de2388ee10
c66267e02eb35bc13408b43297c9d301f92a512b,base,reactivity,1,3,1041.1768,179.6425,0.0818,84.84,39.96,458,outlier,lcp;tbt,de2388ee10
c66267e02eb35bc13408b43297c9d301f92a512b,base,reactivity,2,4,1026.65,224.259,0.0546,88.042,28.253,477,outlier,lcp;cls,de2388ee10
c66267e02eb35bc13408b43297c9d301f92a512b,base,reactivity,3,7,1025.671,163.9307,0.0817,99.516,45.177,462,outlier,lcp;tbt,de2388ee10
c66267e02eb35bc13408b43297c9d301f92a512b,base,reactivity,4,8,732.1249,219.9501,0.0546,88.046,26.734,460,outlier,cls,de2388ee10
c66267e02eb35bc13408b43297c9d301f92a512b,base,reactivity,5,11,734.2113,228.1155,0.0817,98.586,54.248,449,ok,,de2388ee10
c66267e02eb35bc13408b43297c9d301f92a512b,base,reactivity,6,12,734.0283,226.9561,0.2978,90.452,38.078,460,outlier,cls,de2388ee10
c66267e02eb35bc13408b43297c9d301f92a512b,base,reactivity,7,15,733.656,226.5338,0.0818,93.885,51.058,454,ok,,de2388ee10
c66267e02eb35bc13408b43297c9d301f92a512b,base,reactivity,8,16,734.2439,229.1025,0.0817,93.783,34.701,448,ok,,de2388ee10
c66267e02eb35bc13408b43297c9d301f92a512b,base,reactivity,9,19,731.0048,223.3981,0.0818,85.314,42.071,446,ok,,de2388ee10
c66267e02eb35bc13408b43297c9d301f92a512b,base,reactivity,10,20,1031.823,171.4939,0.0818,85.302,41.982,452,outlier,lcp;tbt,de2388ee10
c66267e02eb35bc13408b43297c9d301f92a512b,base,reactivity,11,23,735.452,219.7876,0.0818,94.859,37.746,459,ok,,de2388ee10
c66267e02eb35bc13408b43297c9d301f92a512b,base,reactivity,12,24,735.2659,225.2937,0.2978,88.814,40.491,460,outlier,cls,de2388ee10
c66267e02eb35bc13408b43297c9d301f92a512b,base,reactivity,13,27,1033.4443,231.0591,0.0546,101.282,23.865,454,outlier,lcp;cls,de2388ee10
c66267e02eb35bc13408b43297c9d301f92a512b,base,reactivity,14,28,1035.0037,245.5177,0.0818,100.395,45.208,460,outlier,lcp,de2388ee10
c66267e02eb35bc13408b43297c9d301f92a512b,head,reactivity,0,1,733.7628,180.0,0.0038,102.695,32.37,341,ok,,1ece8e4b58
c66267e02eb35bc13408b43297c9d301f92a512b,head,reactivity,1,2,743.3894,177.0,0.0038,87.04,19.672,342,ok,,1ece8e4b58
c66267e02eb35bc13408b43297c9d301f92a512b,head,reactivity,2,5,729.3667,170.0,0.0038,93.036,14.857,327,ok,,1ece8e4b58
c66267e02eb35bc13408b43297c9d301f92a512b,head,reactivity,3,6,732.1517,176,0.0038,92.101,31.406,344,ok,,1ece8e4b58
c66267e02eb35bc13408b43297c9d301f92a512b,head,reactivity,4,9,735.2458,178.0,0.0038,84.546,40.208,344,ok,,1ece8e4b58
c66267e02eb35bc13408b43297c9d301f92a512b,head,reactivity,5,10,737.8179,183,0.0038,86.766,22.436,346,ok,,1ece8e4b58
c66267e02eb35bc13408b43297c9d301f92a512b,head,reactivity,6,13,729.2909,176,0.0038,101.049,28.064,345,ok,,1ece8e4b58
c66267e02eb35bc13408b43297c9d301f92a512b,head,reactivity,7,14,730.0187,172.0,0.0038,85.357,42.423,339,ok,,1ece8e4b58
c66267e02eb35bc13408b43297c9d301f92a512b,head,reactivity,8,17,729.2144,173.0,0.0038,93.487,42.706,326,ok,,1ece8e4b58
c66267e02eb35bc13408b43297c9d301f92a512b,head,reactivity,9,18,740.4397,179,0.0038,104.743,43.255,335,ok,,1ece8e4b58
c66267e02eb35bc13408b43297c9d301f92a512b,head,reactivity,10,21,733.6189,182.0,0.1104,97.092,16.829,342,outlier,cls,1ece8e4b58
c66267e02eb35bc13408b43297c9d301f92a512b,head,reactivity,11,22,732.0374,174.0,0.0038,97.782,42.015,351,ok,,1ece8e4b58
c66267e02eb35bc13408b43297c9d301f92a512b,head,reactivity,12,25,728.2236,173.0,0.0038,103.168,24.884,333,ok,,1ece8e4b58
c66267e02eb35bc13408b43297c9d301f92a512b,head,reactivity,13,26,728.8545,178,0.0038,85.617,19.35,345,ok,,1ece8e4b58
c66267e02eb35bc13408b43297c9d301f92a512b,head,reactivity,14,29,732.1142,182.0,0.0038,85.152,21.351,333,ok,,1ece8e4b58
e63d3eabbba6052a1a3e8bc72322d8a9bd0435ab,base,reactivity,0,0,736.463,179.0,0.0038,100.52,34.736,345,ok,,1ece8e4b58
e63d3eabbba6052a1a3e8bc72322d8a9bd0435ab,base,reactivity,1,3,798.023,209.9942,0.0038,95.122,52.039,352,outlier,lcp;tbt,1ece8e4b58
e63d3eabbba6052a1a3e8bc72322d8a9bd0435ab,base,reactivity,2,4,737.58,177.0,0.1067,94.105,64.762,349,outlier,cls,1ece8e4b58
e63d3eabbba6052a1a3e8bc72322d8a9bd0435ab,base,reactivity,3,7,740.8812,180.0,0.1104,85.074,14.711,357,outlier,cls,1ece8e4b58
e63d3eabbba6052a1a3e8bc72322d8a9bd0435ab,base,reactivity,4,8,727.6188,173.0,0.0038,93.796,35.752,323,ok,,1ece8e4b58
e63d3eabbba6052a1a3e8bc72322d8a9bd0435ab,head,reactivity,0,1,730.9257,175,0.0038,88.302,45.62,349,ok,,1ece8e4b58
e63d3eabbba6052a1a3e8bc72322d8a9bd0435ab,head,reactivity,1,2,740.6867,177.0,0.0038,91.169,94.768,354,ok,,1ece8e4b58
e63d3eabbba6052a1a3e8bc72322d8a9bd0435ab,head,reactivity,2,5,737.7031,176,0.0038,98.317,64.862,330,ok,,1ece8e4b58
e63d3eabbba6052a1a3e8bc72322d8a9bd0435ab,head,reactivity,3,6,758.8184,175,0.0038,90.479,42.922,355,ok,,1ece8e4b58
e63d3eabbba6052a1a3e8bc72322d8a9bd0435ab,head,reactivity,4,9,728.0645,180,0.0038,79.585,10.871,346,ok,,1ece8e4b58
dd5e8c8f0807538dc7e62e5f93cc5646480cb86e,base,reactivity,0,0,739.0031,173.0,0.0038,91.155,18.894,353,ok,,1ece8e4b58
dd5e8c8f0807538dc7e62e5f93cc5646480cb86e,base,reactivity,1,3,733.9679,175.0,0.0038,102.893,28.878,335,ok,,1ece8e4b58
dd5e8c8f0807538dc7e62e5f93cc5646480cb86e,base,reactivity,2,4,794.6759,182.581,0.0038,103.425,23.645,346,ok,,1ece8e4b58
dd5e8c8f0807538dc7e62e5f93cc5646480cb86e,base,reactivity,3,7,738.3197,176.0,0.0038,92.523,20.927,326,ok,,1ece8e4b58
dd5e8c8f0807538dc7e62e5f93cc5646480cb86e,base,reactivity,4,8,734.3217,175.0,0.0038,87.741,22.768,327,ok,,1ece8e4b58
dd5e8c8f0807538dc7e62e5f93cc5646480cb86e,base,reactivity,5,11,733.2709,188.5,0.0038,118.486,95.995,360,ok,,1ece8e4b58
dd5e8c8f0807538dc7e62e5f93cc5646480cb86e,base,reactivity,6,12,738.6608,176.0,0.0038,122.739,87.402,350,ok,,1ece8e4b58
dd5e8c8f0807538dc7e62e5f93cc5646480cb86e,base,reactivity,7,15,747.0108,180.0,0.1104,113.962,115.19,343,outlier,cls,1ece8e4b58
dd5e8c8f0807538dc7e62e5f93cc5646480cb86e,base,reactivity,8,16,756.4642,187.0,0.0038,130.392,160.468,373,ok,,1ece8e4b58
dd5e8c8f0807538dc7e62e5f93cc5646480cb86e,base,reactivity,9,19,859.2132,185.5,0.0038,122.255,103.006,370,outlier,lcp,1ece8e4b58
dd5e8c8f0807538dc7e62e5f93cc5646480cb86e,base,reactivity,10,20,926.6456,219.3524,0.1104,121.129,108.649,436,outlier,lcp;tbt;cls;lcpObs,1ece8e4b58
dd5e8c8f0807538dc7e62e5f93cc5646480cb86e,base,reactivity,11,23,769.3065,191.5,0.0038,113.107,98.754,686,outlier,lcpObs,1ece8e4b58
dd5e8c8f0807538dc7e62e5f93cc5646480cb86e,base,reactivity,12,24,747.4095,183.0,0.0038,99.116,89.245,371,ok,,1ece8e4b58
dd5e8c8f0807538dc7e62e5f93cc5646480cb86e,base,reactivity,13,27,773.9931,209.0,0.0038,138.057,147.253,391,ok,,1ece8e4b58
dd5e8c8f0807538dc7e62e5f93cc5646480cb86e,base,reactivity,14,28,766.1357,198.5,0.0038,121.086,105.597,382,ok,,1ece8e4b58
dd5e8c8f0807538dc7e62e5f93cc5646480cb86e,head,reactivity,0,1,739.0854,173.0,0.0038,93.363,21.652,347,ok,,1ece8e4b58
dd5e8c8f0807538dc7e62e5f93cc5646480cb86e,head,reactivity,1,2,730.7639,174.0,0.1104,93.322,16.161,332,outlier,cls,1ece8e4b58
dd5e8c8f0807538dc7e62e5f93cc5646480cb86e,head,reactivity,2,5,734.2457,175.0,0.0038,91.669,20.735,346,ok,,1ece8e4b58
dd5e8c8f0807538dc7e62e5f93cc5646480cb86e,head,reactivity,3,6,735.6763,174.0,0.1067,79.632,25.633,339,outlier,cls,1ece8e4b58
dd5e8c8f0807538dc7e62e5f93cc5646480cb86e,head,reactivity,4,9,762.5927,187.5,0.1104,129.012,132.83,365,outlier,cls,1ece8e4b58
dd5e8c8f0807538dc7e62e5f93cc5646480cb86e,head,reactivity,5,10,788.4736,206.0,0.1104,110.988,79.484,388,outlier,cls,1ece8e4b58
dd5e8c8f0807538dc7e62e5f93cc5646480cb86e,head,reactivity,6,13,757.0397,186.5,0.0038,98.36,54.454,354,ok,,1ece8e4b58
dd5e8c8f0807538dc7e62e5f93cc5646480cb86e,head,reactivity,7,14,759.7217,182,0.0038,136.996,145.893,368,ok,,1ece8e4b58
dd5e8c8f0807538dc7e62e5f93cc5646480cb86e,head,reactivity,8,17,849.8447,259.1335,0.1104,113.059,136.398,425,outlier,tbt;cls,1ece8e4b58
dd5e8c8f0807538dc7e62e5f93cc5646480cb86e,head,reactivity,9,18,764.8812,206.5,0.0038,101.116,105.246,387,ok,,1ece8e4b58
dd5e8c8f0807538dc7e62e5f93cc5646480cb86e,head,reactivity,10,21,866.4284,193.5,0.1104,116.369,111.998,392,outlier,lcp;cls,1ece8e4b58
dd5e8c8f0807538dc7e62e5f93cc5646480cb86e,head,reactivity,11,22,756.8874,186.0,0.0038,117.618,95.687,366,ok,,1ece8e4b58
dd5e8c8f0807538dc7e62e5f93cc5646480cb86e,head,reactivity,12,25,762.1705,212,0.2459,101.616,121.279,371,outlier,cls,1ece8e4b58
dd5e8c8f0807538dc7e62e5f93cc5646480cb86e,head,reactivity,13,26,763.4425,204.0,0.0038,112.841,125.785,376,ok,,1ece8e4b58
dd5e8c8f0807538dc7e62e5f93cc5646480cb86e,head,reactivity,14,29,878.759,189.0,0.0038,111.151,87.555,461,outlier,lcp;lcpObs,1ece8e4b58
2b8fe6e0ae4e8c675770c78a90fd136faf3c8217,base,reactivity,0,0,760.0109,184,0.1104,89.088,43.417,370,outlier,cls,1ece8e4b58
2b8fe6e0ae4e8c675770c78a90fd136faf3c8217,base,reactivity,1,3,740.3253,187.0,0.1104,85.411,48.693,345,outlier,cls,1ece8e4b58
2b8fe6e0ae4e8c675770c78a90fd136faf3c8217,base,reactivity,2,4,735.9433,181.0,0.0038,92.37,20.006,339,ok,,1ece8e4b58
2b8fe6e0ae4e8c675770c78a90fd136faf3c8217,base,reactivity,3,7,735.0499,177.0,0.0038,109.315,55.965,350,ok,,1ece8e4b58
2b8fe6e0ae4e8c675770c78a90fd136faf3c8217,base,reactivity,4,8,733.0566,175.0,0.0038,94.003,30.273,336,ok,,1ece8e4b58
2b8fe6e0ae4e8c675770c78a90fd136faf3c8217,head,reactivity,0,1,737.7949,185.0,0.0038,100.14,36.162,341,ok,,1ece8e4b58
2b8fe6e0ae4e8c675770c78a90fd136faf3c8217,head,reactivity,1,2,740.8758,198.0,0.0038,97.373,72.032,371,outlier,tbtFlow,1ece8e4b58
2b8fe6e0ae4e8c675770c78a90fd136faf3c8217,head,reactivity,2,5,742.7396,181.0,0.0038,101.183,15.876,345,ok,,1ece8e4b58
2b8fe6e0ae4e8c675770c78a90fd136faf3c8217,head,reactivity,3,6,740.4495,178.0,0.0038,93.894,23.217,344,ok,,1ece8e4b58
2b8fe6e0ae4e8c675770c78a90fd136faf3c8217,head,reactivity,4,9,773.0359,181.0,0.0038,94.129,24.884,359,ok,,1ece8e4b58
7d15b57975031eaa1c4b0de2398bbabb31327742,base,reactivity,0,0,737.7916,176.0,0.1104,95.369,66.823,330,outlier,cls,1ece8e4b58
7d15b57975031eaa1c4b0de2398bbabb31327742,base,reactivity,1,3,740.426,176.0,0.0038,97.588,35.72,335,ok,,1ece8e4b58
7d15b57975031eaa1c4b0de2398bbabb31327742,base,reactivity,2,4,745.8336,182.0,0.0038,97.101,27.548,353,ok,,1ece8e4b58
7d15b57975031eaa1c4b0de2398bbabb31327742,base,reactivity,3,7,747.365,178,0.0038,103.021,34.756,345,ok,,1ece8e4b58
7d15b57975031eaa1c4b0de2398bbabb31327742,base,reactivity,4,8,741.5567,183.0,0.0038,93.065,44.485,339,ok,,1ece8e4b58
7d15b57975031eaa1c4b0de2398bbabb31327742,head,reactivity,0,1,740.6372,189.5,0.1104,89.361,25.914,351,outlier,cls,1ece8e4b58
7d15b57975031eaa1c4b0de2398bbabb31327742,head,reactivity,1,2,737.9268,180.0,0.0038,106.238,27.544,340,ok,,1ece8e4b58
7d15b57975031eaa1c4b0de2398bbabb31327742,head,reactivity,2,5,736.4,181.0,0.0038,101.37,30.305,346,ok,,1ece8e4b58
7d15b57975031eaa1c4b0de2398bbabb31327742,head,reactivity,3,6,729.6849,177.0,0.2459,89.044,25.32,336,outlier,cls,1ece8e4b58
7d15b57975031eaa1c4b0de2398bbabb31327742,head,reactivity,4,9,727.2763,176.0,0.0038,93.302,50.904,349,ok,,1ece8e4b58
c1af45940e6c73efb9ee4dcffc6ce4437ff2e31e,base,reactivity,0,0,739.5262,174,0.0038,100.353,65.754,343,ok,,1ece8e4b58
c1af45940e6c73efb9ee4dcffc6ce4437ff2e31e,base,reactivity,1,3,738.3162,177.0,0.1104,85.563,17.448,334,outlier,cls,1ece8e4b58
c1af45940e6c73efb9ee4dcffc6ce4437ff2e31e,base,reactivity,2,4,808.8365,191.5,0.1104,82.64,19.676,342,outlier,lcp;cls,1ece8e4b58
c1af45940e6c73efb9ee4dcffc6ce4437ff2e31e,base,reactivity,3,7,764.54,197.0,0.0038,99.819,81.256,372,ok,,1ece8e4b58
c1af45940e6c73efb9ee4dcffc6ce4437ff2e31e,base,reactivity,4,8,741.448,179.0,0.0038,118.875,61.303,343,ok,,1ece8e4b58
c1af45940e6c73efb9ee4dcffc6ce4437ff2e31e,head,reactivity,0,1,734.7323,176.0,0.0038,98.091,21.572,335,ok,,1ece8e4b58
c1af45940e6c73efb9ee4dcffc6ce4437ff2e31e,head,reactivity,1,2,727.7296,172.0,0.0038,95.646,21.033,350,ok,,1ece8e4b58
c1af45940e6c73efb9ee4dcffc6ce4437ff2e31e,head,reactivity,2,5,736.2905,187.5,0.0038,94.538,34.17,343,ok,,1ece8e4b58
c1af45940e6c73efb9ee4dcffc6ce4437ff2e31e,head,reactivity,3,6,732.4129,176.0,0.0038,101.804,61.087,346,ok,,1ece8e4b58
c1af45940e6c73efb9ee4dcffc6ce4437ff2e31e,head,reactivity,4,9,756.955,182.0,0.0038,116.994,49.209,364,ok,,1ece8e4b58
c71433f5ca9303ef7f9f12b6e7bb708713adebc6,base,reactivity,0,0,745.9088,183.0,0.0038,94.423,41.756,352,ok,,1ece8e4b58
c71433f5ca9303ef7f9f12b6e7bb708713adebc6,base,reactivity,1,3,744.1903,185.0,0.0038,98.033,41.448,340,ok,,1ece8e4b58
c71433f5ca9303ef7f9f12b6e7bb708713adebc6,base,reactivity,2,4,748.521,179.0,0.0038,93.336,32.183,344,ok,,1ece8e4b58
c71433f5ca9303ef7f9f12b6e7bb708713adebc6,base,reactivity,3,7,741.7303,179.0,0.0038,100.154,46.636,349,ok,,1ece8e4b58
c71433f5ca9303ef7f9f12b6e7bb708713adebc6,base,reactivity,4,8,751.7909,185.5,0.0038,93.324,38.82,350,ok,,1ece8e4b58
c71433f5ca9303ef7f9f12b6e7bb708713adebc6,base,reactivity,5,11,753.5966,183.0,0.0038,102.028,45.526,354,ok,,1ece8e4b58
c71433f5ca9303ef7f9f12b6e7bb708713adebc6,base,reactivity,6,12,796.0733,198.2683,0.1104,136.157,127.034,341,outlier,cls;inp;tbtFlow,1ece8e4b58
c71433f5ca9303ef7f9f12b6e7bb708713adebc6,base,reactivity,7,15,770.5198,205.0,0.1104,109.642,71.157,419,outlier,cls;lcpObs,1ece8e4b58
c71433f5ca9303ef7f9f12b6e7bb708713adebc6,base,reactivity,8,16,744.9765,181.0,0.0038,110.273,68.179,363,ok,,1ece8e4b58
c71433f5ca9303ef7f9f12b6e7bb708713adebc6,base,reactivity,9,19,749.6408,186.0,0.0038,104.022,72.799,348,ok,,1ece8e4b58
c71433f5ca9303ef7f9f12b6e7bb708713adebc6,base,reactivity,10,20,739.4752,185.5,0.0038,105.282,56.63,361,ok,,1ece8e4b58
c71433f5ca9303ef7f9f12b6e7bb708713adebc6,base,reactivity,11,23,848.998,191.0,0.0038,105.216,73.389,383,outlier,lcp,1ece8e4b58
c71433f5ca9303ef7f9f12b6e7bb708713adebc6,base,reactivity,12,24,769.2034,175.0,0.1104,109.036,51.047,374,outlier,cls,1ece8e4b58
c71433f5ca9303ef7f9f12b6e7bb708713adebc6,base,reactivity,13,27,864.3326,195.0,0.1104,101.316,76.482,381,outlier,lcp;cls,1ece8e4b58
c71433f5ca9303ef7f9f12b6e7bb708713adebc6,base,reactivity,14,28,753.1228,189.5,0.0038,105.029,47.081,361,ok,,1ece8e4b58
c71433f5ca9303ef7f9f12b6e7bb708713adebc6,head,reactivity,0,1,751.7109,189.0,0.0038,113.149,40.709,351,ok,,1ece8e4b58
c71433f5ca9303ef7f9f12b6e7bb708713adebc6,head,reactivity,1,2,746.4602,189,0.0038,96.842,38.804,353,ok,,1ece8e4b58
c71433f5ca9303ef7f9f12b6e7bb708713adebc6,head,reactivity,2,5,749.3031,185.5,0.0038,106.721,49.148,360,ok,,1ece8e4b58
c71433f5ca9303ef7f9f12b6e7bb708713adebc6,head,reactivity,3,6,747.7744,184.0,0.1104,102.491,33.772,360,outlier,cls,1ece8e4b58
c71433f5ca9303ef7f9f12b6e7bb708713adebc6,head,reactivity,4,9,821.4521,193.9194,0.0038,106.116,58.91,370,outlier,lcp,1ece8e4b58
c71433f5ca9303ef7f9f12b6e7bb708713adebc6,head,reactivity,5,10,753.9797,186.0,0.0038,106.71,78.725,350,ok,,1ece8e4b58
c71433f5ca9303ef7f9f12b6e7bb708713adebc6,head,reactivity,6,13,808.9229,192.5,0.1104,120.46,49.611,386,outlier,lcp;cls,1ece8e4b58
c71433f5ca9303ef7f9f12b6e7bb708713adebc6,head,reactivity,7,14,753.3765,189.0,0.0038,104.62,47.801,354,ok,,1ece8e4b58
c71433f5ca9303ef7f9f12b6e7bb708713adebc6,head,reactivity,8,17,816.4118,210.397,0.1104,96.308,63.38,362,outlier,lcp;cls,1ece8e4b58
c71433f5ca9303ef7f9f12b6e7bb708713adebc6,head,reactivity,9,18,744.1472,187,0.0038,107.648,82.129,365,ok,,1ece8e4b58
c71433f5ca9303ef7f9f12b6e7bb708713adebc6,head,reactivity,10,21,745.8284,183.0,0.0038,98.752,70.509,358,ok,,1ece8e4b58
c71433f5ca9303ef7f9f12b6e7bb708713adebc6,head,reactivity,11,22,740.6948,182,0.0038,102.738,56.488,336,ok,,1ece8e4b58
c71433f5ca9303ef7f9f12b6e7bb708713adebc6,head,reactivity,12,25,744.9805,180,0.0038,106.915,89.998,358,ok,,1ece8e4b58
c71433f5ca9303ef7f9f12b6e7bb708713adebc6,head,reactivity,13,26,883.6317,190.5,0.1104,118.011,76.193,443,outlier,lcp;cls;lcpObs,1ece8e4b58
c71433f5ca9303ef7f9f12b6e7bb708713adebc6,head,reactivity,14,29,753.6516,192.0,0.1104,109.099,58.222,357,outlier,cls,1ece8e4b58
fe96839c9fe1ce82150e5a4396235cb3d1fb76e2,base,reactivity,0,0,827.5818,209.5,0.0038,119.697,71.968,402,outlier,lcp;cls,1ece8e4b58
fe96839c9fe1ce82150e5a4396235cb3d1fb76e2,base,reactivity,1,3,777.1132,186.0,0.1104,114.632,85.596,384,ok,,1ece8e4b58
fe96839c9fe1ce82150e5a4396235cb3d1fb76e2,base,reactivity,2,4,767.5813,196.5,0.1104,105.036,68.713,385,ok,,1ece8e4b58
fe96839c9fe1ce82150e5a4396235cb3d1fb76e2,base,reactivity,3,7,821.7388,226.5653,0.0038,116.28,87.183,362,outlier,cls,1ece8e4b58
fe96839c9fe1ce82150e5a4396235cb3d1fb76e2,base,reactivity,4,8,770.2581,193.0,0.1104,106.585,89.465,391,ok,,1ece8e4b58
fe96839c9fe1ce82150e5a4396235cb3d1fb76e2,head,reactivity,0,1,771.1648,188,0.0038,118.31,69.194,373,ok,,1ece8e4b58
fe96839c9fe1ce82150e5a4396235cb3d1fb76e2,head,reactivity,1,2,836.2586,235.694,0.1104,100.118,75.676,362,outlier,lcp;tbt;cls,1ece8e4b58
fe96839c9fe1ce82150e5a4396235cb3d1fb76e2,head,reactivity,2,5,774.7611,188.5,0.0038,110.045,67.705,372,ok,,1ece8e4b58
fe96839c9fe1ce82150e5a4396235cb3d1fb76e2,head,reactivity,3,6,767.2882,193.5,0.1104,109.828,63.32,372,outlier,cls,1ece8e4b58
fe96839c9fe1ce82150e5a4396235cb3d1fb76e2,head,reactivity,4,9,776.7363,197.5,0.0038,119.09,80.485,381,ok,,1ece8e4b58
669f8721b43e6a89bf17524ae6a4f451a139d501,base,reactivity,0,0,912.9126,252.8132,0.0038,115.444,68.197,418,outlier,lcp;tbt,1ece8e4b58
669f8721b43e6a89bf17524ae6a4f451a139d501,base,reactivity,1,3,891.7396,201.5,0.1104,105.483,85.862,398,outlier,lcp;cls,1ece8e4b58
669f8721b43e6a89bf17524ae6a4f451a139d501,base,reactivity,2,4,776.256,189,0.0038,109.35,76.364,379,ok,,1ece8e4b58
669f8721b43e6a89bf17524ae6a4f451a139d501,base,reactivity,3,7,774.235,193.0,0.0038,105.664,68.256,390,ok,,1ece8e4b58
669f8721b43e6a89bf17524ae6a4f451a139d501,base,reactivity,4,8,765.0798,191.5,0.0038,111.796,124.892,385,outlier,tbtFlow,1ece8e4b58
669f8721b43e6a89bf17524ae6a4f451a139d501,head,reactivity,0,1,854.3884,239.1529,0.1104,123.209,73.46,387,outlier,lcp;tbt;cls,1ece8e4b58
669f8721b43e6a89bf17524ae6a4f451a139d501,head,reactivity,1,2,763.4802,194.0,0.0038,115.647,77.655,376,ok,,1ece8e4b58
669f8721b43e6a89bf17524ae6a4f451a139d501,head,reactivity,2,5,763.8285,186.5,0.0038,114.739,60.055,360,ok,,1ece8e4b58
669f8721b43e6a89bf17524ae6a4f451a139d501,head,reactivity,3,6,764.6313,189.5,0.0038,108.565,76.177,370,ok,,1ece8e4b58
669f8721b43e6a89bf17524ae6a4f451a139d501,head,reactivity,4,9,773.2369,191.5,0.0038,116.841,126.102,376,outlier,tbtFlow,1ece8e4b58
a10d1cc3da8197c35d64f7f087563c3153703272,base,reactivity,0,0,852.2358,273.4269,0.0038,106.555,71.506,419,outlier,tbt,1ece8e4b58
a10d1cc3da8197c35d64f7f087563c3153703272,base,reactivity,1,3,804.7655,189.5,0.1104,108.245,156.125,386,outlier,cls,1ece8e4b58
a10d1cc3da8197c35d64f7f087563c3153703272,base,reactivity,2,4,887.2258,197.0,0.1104,122.265,137.334,399,outlier,cls,1ece8e4b58
a10d1cc3da8197c35d64f7f087563c3153703272,base,reactivity,3,7,847.67,256.5025,0.0038,108.121,137.494,389,ok,,1ece8e4b58
a10d1cc3da8197c35d64f7f087563c3153703272,base,reactivity,4,8,877.0653,255.049,0.1104,118.019,133.291,404,outlier,cls,1ece8e4b58
a10d1cc3da8197c35d64f7f087563c3153703272,base,reactivity,5,11,787.3487,190.0,0.0038,106.259,111.671,387,ok,,1ece8e4b58
a10d1cc3da8197c35d64f7f087563c3153703272,base,reactivity,6,12,901.9047,204.0,0.1104,125.625,136.217,417,outlier,cls,1ece8e4b58
a10d1cc3da8197c35d64f7f087563c3153703272,base,reactivity,7,15,782.144,195.0,0.0038,110.592,118.471,369,ok,,1ece8e4b58
a10d1cc3da8197c35d64f7f087563c3153703272,base,reactivity,8,16,861.6476,249.9857,0.0038,128.733,114.29,392,ok,,1ece8e4b58
a10d1cc3da8197c35d64f7f087563c3153703272,base,reactivity,9,19,828.9109,248.4332,0.0038,115.528,119.173,384,ok,,1ece8e4b58
a10d1cc3da8197c35d64f7f087563c3153703272,base,reactivity,10,20,913.5361,241.4526,0.1104,110.643,118.545,407,outlier,cls,1ece8e4b58
a10d1cc3da8197c35d64f7f087563c3153703272,base,reactivity,11,23,873.5253,317.0253,0.0038,116.056,103.957,401,outlier,tbt,1ece8e4b58
a10d1cc3da8197c35d64f7f087563c3153703272,base,reactivity,12,24,878.4704,195.0,0.1104,121.451,136.843,399,outlier,cls,1ece8e4b58
a10d1cc3da8197c35d64f7f087563c3153703272,base,reactivity,13,27,860.8934,191.5,0.1104,117.433,135.24,393,outlier,cls,1ece8e4b58
a10d1cc3da8197c35d64f7f087563c3153703272,base,reactivity,14,28,835.9442,200.5,0.0038,111.865,123.298,403,ok,,1ece8e4b58
a10d1cc3da8197c35d64f7f087563c3153703272,head,reactivity,0,1,822.36,191.5,0.0038,127.392,145.572,386,ok,,1ece8e4b58
a10d1cc3da8197c35d64f7f087563c3153703272,head,reactivity,1,2,811.8911,188.0,0.1104,112.245,131.674,385,outlier,cls,1ece8e4b58
a10d1cc3da8197c35d64f7f087563c3153703272,head,reactivity,2,5,793.8751,194.5,0.0038,125.24,141.107,385,ok,,1ece8e4b58
a10d1cc3da8197c35d64f7f087563c3153703272,head,reactivity,3,6,774.9815,192.0,0.0038,115.383,139.049,376,ok,,1ece8e4b58
a10d1cc3da8197c35d64f7f087563c3153703272,head,reactivity,4,9,789.066,191.0,0.0038,116.274,144.968,398,ok,,1ece8e4b58
a10d1cc3da8197c35d64f7f087563c3153703272,head,reactivity,5,10,790.9055,189.5,0.1104,117.516,141.727,384,outlier,cls,1ece8e4b58
a10d1cc3da8197c35d64f7f087563c3153703272,head,reactivity,6,13,850.1359,247.6019,0.2459,120.21,163.561,408,outlier,tbt;cls,1ece8e4b58
a10d1cc3da8197c35d64f7f087563c3153703272,head,reactivity,7,14,796.7909,199.0,0.2459,118.173,126.534,393,outlier,cls,1ece8e4b58
a10d1cc3da8197c35d64f7f087563c3153703272,head,reactivity,8,17,772.1549,193,0.2459,118.513,113.272,384,outlier,cls,1ece8e4b58
a10d1cc3da8197c35d64f7f087563c3153703272,head,reactivity,9,18,879.5314,190.0,0.1104,106.468,115.203,396,outlier,cls,1ece8e4b58
a10d1cc3da8197c35d64f7f087563c3153703272,head,reactivity,10,21,775.2448,199.5,0.1104,123.455,142.837,384,outlier,cls,1ece8e4b58
a10d1cc3da8197c35d64f7f087563c3153703272,head,reactivity,11,22,853.1316,242.3487,0.0038,111.589,117.528,411,outlier,tbt,1ece8e4b58
a10d1cc3da8197c35d64f7f087563c3153703272,head,reactivity,12,25,943.6316,290.6316,0.0038,119.003,124.432,428,outlier,lcp;tbt,1ece8e4b58
a10d1cc3da8197c35d64f7f087563c3153703272,head,reactivity,13,26,800.08,197.0,0.0038,123.45,134.832,391,ok,,1ece8e4b58
a10d1cc3da8197c35d64f7f087563c3153703272,head,reactivity,14,29,788.9391,196.0,0.0038,115.762,123.94,398,ok,,1ece8e4b58
52797e0dc584d5ac603f86ab72dbba7efb7e0e73,base,reactivity,0,0,973.3997,289.8997,0.1104,125.095,91.811,460,outlier,lcp;tbt,1ece8e4b58
52797e0dc584d5ac603f86ab72dbba7efb7e0e73,base,reactivity,1,3,823.9334,200.5,0.0038,111.439,150.365,387,outlier,lcp;cls,1ece8e4b58
52797e0dc584d5ac603f86ab72dbba7efb7e0e73,base,reactivity,2,4,890.7124,205.0,0.1104,128.392,129.009,401,ok,,1ece8e4b58
52797e0dc584d5ac603f86ab72dbba7efb7e0e73,base,reactivity,3,7,892.6554,268.9916,0.0038,124.464,184.012,427,outlier,tbt;cls,1ece8e4b58
52797e0dc584d5ac603f86ab72dbba7efb7e0e73,base,reactivity,4,8,882.6444,201.5,0.1104,154.015,290.559,441,outlier,inp,1ece8e4b58
52797e0dc584d5ac603f86ab72dbba7efb7e0e73,head,reactivity,0,1,780.7224,193.5,0.0038,103.269,106.667,374,ok,,1ece8e4b58
52797e0dc584d5ac603f86ab72dbba7efb7e0e73,head,reactivity,1,2,775.7098,198.0,0.2459,116.515,138.063,370,ok,,1ece8e4b58
52797e0dc584d5ac603f86ab72dbba7efb7e0e73,head,reactivity,2,5,785.5735,197.5,0.0038,113.712,125.783,380,ok,,1ece8e4b58
52797e0dc584d5ac603f86ab72dbba7efb7e0e73,head,reactivity,3,6,954.0068,259.6301,0.1104,129.51,141.216,425,outlier,lcp;tbt,1ece8e4b58
52797e0dc584d5ac603f86ab72dbba7efb7e0e73,head,reactivity,4,9,916.2367,261.1775,0.1104,128.755,164.877,434,outlier,lcp;tbt;lcpObs,1ece8e4b58
5de2d1196f1fe86c03887c4b170da9c62c945311,base,reactivity,0,0,868.3888,192.0,0.0038,129.614,176.606,395,outlier,lcp,1ece8e4b58
5de2d1196f1fe86c03887c4b170da9c62c945311,base,reactivity,1,3,811.3699,207.5,0.1104,135.27,176.538,405,outlier,cls,1ece8e4b58
5de2d1196f1fe86c03887c4b170da9c62c945311,base,reactivity,2,4,801.8908,196.0,0.0038,111.745,77.761,398,ok,,1ece8e4b58
5de2d1196f1fe86c03887c4b170da9c62c945311,base,reactivity,3,7,788.5161,192.0,0.0038,122.169,88.407,389,ok,,1ece8e4b58
5de2d1196f1fe86c03887c4b170da9c62c945311,base,reactivity,4,8,822.0414,258.2811,0.0038,133.708,96.328,384,outlier,tbt,1ece8e4b58
5de2d1196f1fe86c03887c4b170da9c62c945311,head,reactivity,0,1,938.7258,261.7943,0.0038,141.051,182.816,435,outlier,cls;inp;tbtFlow,1ece8e4b58
5de2d1196f1fe86c03887c4b170da9c62c945311,head,reactivity,1,2,959.5371,288.0278,0.1104,116.714,174.023,422,outlier,tbtFlow,1ece8e4b58
5de2d1196f1fe86c03887c4b170da9c62c945311,head,reactivity,2,5,836.8841,212.471,0.0038,121.464,102.505,391,outlier,cls,1ece8e4b58
5de2d1196f1fe86c03887c4b170da9c62c945311,head,reactivity,3,6,824.335,196.0,0.1104,112.778,87.811,407,ok,,1ece8e4b58
5de2d1196f1fe86c03887c4b170da9c62c945311,head,reactivity,4,9,794.3185,195.0,0.1104,109.796,88.79,384,ok,,1ece8e4b58
b5ff5db25c787e4d0e274f599eab9f17e938b69e,base,reactivity,0,0,846.8548,240.1411,0.0038,121.188,102.068,388,ok,,1ece8e4b58
b5ff5db25c787e4d0e274f599eab9f17e938b69e,base,reactivity,1,3,830.3246,189.5,0.1104,122.566,109.589,382,outlier,cls,1ece8e4b58
b5ff5db25c787e4d0e274f599eab9f17e938b69e,base,reactivity,2,4,906.3522,255.0791,0.1104,103.913,89.223,401,outlier,cls,1ece8e4b58
b5ff5db25c787e4d0e274f599eab9f17e938b69e,base,reactivity,3,7,778.8034,195.0,0.0038,106.236,88.399,393,ok,,1ece8e4b58
b5ff5db25c787e4d0e274f599eab9f17e938b69e,base,reactivity,4,8,778.7669,208.5,0.0038,117.867,75.139,372,ok,,1ece8e4b58
b5ff5db25c787e4d0e274f599eab9f17e938b69e,head,reactivity,0,1,879.1302,191.0,0.1104,119.748,99.142,400,ok,,1ece8e4b58
b5ff5db25c787e4d0e274f599eab9f17e938b69e,head,reactivity,1,2,782.0257,199.0,0.1104,100.984,87.809,377,ok,,1ece8e4b58
b5ff5db25c787e4d0e274f599eab9f17e938b69e,head,reactivity,2,5,780.9784,192,0.0038,115.744,86.068,374,outlier,cls,1ece8e4b58
b5ff5db25c787e4d0e274f599eab9f17e938b69e,head,reactivity,3,6,858.9316,192.0,0.1104,121.289,86.949,388,ok,,1ece8e4b58
b5ff5db25c787e4d0e274f599eab9f17e938b69e,head,reactivity,4,9,837.0258,215.0,0.1104,112.565,89.873,421,ok,,1ece8e4b58
48e2de2e7eb96887e223b2e6ceba894746fb22be,base,reactivity,0,0,949.2265,281.2263,0.1104,116.038,90.5,425,outlier,lcp;tbt;cls,1ece8e4b58
48e2de2e7eb96887e223b2e6ceba894746fb22be,base,reactivity,1,3,853.1852,194.0,0.1104,109.566,70.095,378,outlier,lcp;cls,1ece8e4b58
48e2de2e7eb96887e223b2e6ceba894746fb22be,base,reactivity,2,4,791.3945,191.0,0.0038,118.28,80.791,386,ok,,1ece8e4b58
48e2de2e7eb96887e223b2e6ceba894746fb22be,base,reactivity,3,7,784.5453,189.5,0.0038,109.031,92.187,386,ok,,1ece8e4b58
48e2de2e7eb96887e223b2e6ceba894746fb22be,base,reactivity,4,8,787.7627,192.5,0.0038,112.43,94.091,400,ok,,1ece8e4b58
48e2de2e7eb96887e223b2e6ceba894746fb22be,head,reactivity,0,1,826.7604,191,0.1104,124.284,100.07,389,ok,,1ece8e4b58
48e2de2e7eb96887e223b2e6ceba894746fb22be,head,reactivity,1,2,883.9104,192.5,0.1104,106.414,68.323,389,outlier,lcp,1ece8e4b58
48e2de2e7eb96887e223b2e6ceba894746fb22be,head,reactivity,2,5,775.5949,190.5,0.0038,117.342,72.322,359,ok,,1ece8e4b58
48e2de2e7eb96887e223b2e6ceba894746fb22be,head,reactivity,3,6,775.0539,193.0,0.2459,127.053,114.56,371,outlier,tbtFlow,1ece8e4b58
48e2de2e7eb96887e223b2e6ceba894746fb22be,head,reactivity,4,9,792.7028,197.0,0.0038,106.552,71.401,389,ok,,1ece8e4b58
185a5f335cded671de842ce28f5f128c614ce275,base,reactivity,0,0,825.8319,194.0,0.1104,117.724,65.819,392,outlier,cls,1ece8e4b58
185a5f335cded671de842ce28f5f128c614ce275,base,reactivity,1,3,787.5079,191,0.0038,117.547,92.426,392,ok,,1ece8e4b58
185a5f335cded671de842ce28f5f128c614ce275,base,reactivity,2,4,780.804,189.0,0.0038,112.617,100.968,392,ok,,1ece8e4b58
185a5f335cded671de842ce28f5f128c614ce275,base,reactivity,3,7,777.4091,199.0,0.1104,100.968,67.252,383,outlier,cls,1ece8e4b58
185a5f335cded671de842ce28f5f128c614ce275,base,reactivity,4,8,828.2881,199.0,0.0038,123.467,89.048,396,ok,,1ece8e4b58
185a5f335cded671de842ce28f5f128c614ce275,head,reactivity,0,1,779.4489,192.0,0.0038,121.782,81.453,382,ok,,1ece8e4b58
185a5f335cded671de842ce28f5f128c614ce275,head,reactivity,1,2,806.2223,190.5,0.0038,113.735,99.27,389,ok,,1ece8e4b58
185a5f335cded671de842ce28f5f128c614ce275,head,reactivity,2,5,864.199,192.0,0.0038,120.556,97.21,399,outlier,lcp,1ece8e4b58
185a5f335cded671de842ce28f5f128c614ce275,head,reactivity,3,6,790.0965,190.5,0.2459,117.379,92.542,393,outlier,cls,1ece8e4b58
185a5f335cded671de842ce28f5f128c614ce275,head,reactivity,4,9,775.4187,205.0,0.1104,111.963,83.765,391,outlier,cls,1ece8e4b58
d6b50e88d0f48aff49a4f7074b6f71e6e088dd3f,base,reactivity,0,0,779.2354,195.0,0.0038,110.077,90.539,372,ok,,1ece8e4b58
d6b50e88d0f48aff49a4f7074b6f71e6e088dd3f,base,reactivity,1,3,774.2062,190.0,0.0038,116.314,72.317,374,ok,,1ece8e4b58
d6b50e88d0f48aff49a4f7074b6f71e6e088dd3f,base,reactivity,2,4,770.7849,191.0,0.2459,125.519,90.695,370,outlier,cls,1ece8e4b58
d6b50e88d0f48aff49a4f7074b6f71e6e088dd3f,base,reactivity,3,7,839.4459,274.5844,0.0038,124.797,116.463,400,outlier,lcp;tbt,1ece8e4b58
d6b50e88d0f48aff49a4f7074b6f71e6e088dd3f,base,reactivity,4,8,791.6386,192.0,0.1104,116.827,65.408,384,outlier,cls,1ece8e4b58
d6b50e88d0f48aff49a4f7074b6f71e6e088dd3f,head,reactivity,0,1,768.8207,190.5,0.0038,112.531,68.869,386,ok,,1ece8e4b58
d6b50e88d0f48aff49a4f7074b6f71e6e088dd3f,head,reactivity,1,2,914.2974,272.473,0.1104,116.865,79.48,412,outlier,lcp;tbt;cls,1ece8e4b58
d6b50e88d0f48aff49a4f7074b6f71e6e088dd3f,head,reactivity,2,5,786.6175,193.0,0.0038,105.699,72.441,384,ok,,1ece8e4b58
d6b50e88d0f48aff49a4f7074b6f71e6e088dd3f,head,reactivity,3,6,789.215,192.5,0.1104,109.348,83.121,380,outlier,cls,1ece8e4b58
d6b50e88d0f48aff49a4f7074b6f71e6e088dd3f,head,reactivity,4,9,753.4471,185.0,0.0038,97.631,44.84,356,ok,,1ece8e4b58
27b5615160b47e1ff5c71ff621db0b2ff34a5462,base,reactivity,0,0,733.8219,172.0,0.0038,99.037,88.848,338,outlier,cls;tbtFlow,1ece8e4b58
27b5615160b47e1ff5c71ff621db0b2ff34a5462,base,reactivity,1,3,837.3632,209,0.1104,96.137,92.198,394,outlier,lcp;tbtFlow,1ece8e4b58
27b5615160b47e1ff5c71ff621db0b2ff34a5462,base,reactivity,2,4,750.4018,186.5,0.0038,108.044,45.948,347,outlier,cls,1ece8e4b58
27b5615160b47e1ff5c71ff621db0b2ff34a5462,base,reactivity,3,7,742.622,178.0,0.1104,106.968,44.269,344,ok,,1ece8e4b58
27b5615160b47e1ff5c71ff621db0b2ff34a5462,base,reactivity,4,8,750.7866,188.0,0.1104,101.691,44.358,352,ok,,1ece8e4b58
27b5615160b47e1ff5c71ff621db0b2ff34a5462,head,reactivity,0,1,743.6434,182.0,0.0038,82.557,27.852,353,ok,,1ece8e4b58
27b5615160b47e1ff5c71ff621db0b2ff34a5462,head,reactivity,1,2,743.2164,183.0,0.0038,116.555,64.221,346,ok,,1ece8e4b58
27b5615160b47e1ff5c71ff621db0b2ff34a5462,head,reactivity,2,5,743.4599,185.0,0.1104,123.607,94.225,359,outlier,cls,1ece8e4b58
27b5615160b47e1ff5c71ff621db0b2ff34a5462,head,reactivity,3,6,745.9502,182,0.0038,103.616,58.678,358,ok,,1ece8e4b58
27b5615160b47e1ff5c71ff621db0b2ff34a5462,head,reactivity,4,9,744.5443,184,0.0038,107.318,97.301,351,ok,,1ece8e4b58
7c4dade245902569226acb78f957cbb9ce24ed4d,base,reactivity,0,0,756.8137,178.0,0.0038,134.955,83.864,352,outlier,inp,1ece8e4b58
7c4dade245902569226acb78f957cbb9ce24ed4d,base,reactivity,1,3,743.5428,180.0,0.0038,102.013,30.825,357,ok,,1ece8e4b58
7c4dade245902569226acb78f957cbb9ce24ed4d,base,reactivity,2,4,735.6141,182,0.0038,101.528,56.207,325,ok,,1ece8e4b58
7c4dade245902569226acb78f957cbb9ce24ed4d,base,reactivity,3,7,737.2523,176.0,0.0038,92.224,35.985,350,ok,,1ece8e4b58
7c4dade245902569226acb78f957cbb9ce24ed4d,base,reactivity,4,8,735.7533,182,0.0038,99.703,22.612,340,ok,,1ece8e4b58
7c4dade245902569226acb78f957cbb9ce24ed4d,head,reactivity,0,1,749.475,185.5,0.0038,103.484,59.185,354,ok,,1ece8e4b58
7c4dade245902569226acb78f957cbb9ce24ed4d,head,reactivity,1,2,736.563,184.0,0.0038,118.745,52.961,336,ok,,1ece8e4b58
7c4dade245902569226acb78f957cbb9ce24ed4d,head,reactivity,2,5,734.9884,188.0,0.0038,89.105,25.629,348,ok,,1ece8e4b58
7c4dade245902569226acb78f957cbb9ce24ed4d,head,reactivity,3,6,734.4224,174.0,0.0038,96.972,31.681,336,ok,,1ece8e4b58
7c4dade245902569226acb78f957cbb9ce24ed4d,head,reactivity,4,9,739.3665,177.0,0.0038,103.281,24.996,351,ok,,1ece8e4b58
a06db6c023a33d8073c6fa1f6e5d4827e4c5e58e,base,reactivity,0,0,744.3956,187.5,0.0038,104.041,37.537,360,ok,,1ece8e4b58
a06db6c023a33d8073c6fa1f6e5d4827e4c5e58e,base,reactivity,1,3,867.4172,181.0,0.1104,106.127,58.674,355,outlier,lcp;cls,1ece8e4b58
a06db6c023a33d8073c6fa1f6e5d4827e4c5e58e,base,reactivity,2,4,736.4384,174.0,0.0038,86.717,23.889,353,ok,,1ece8e4b58
a06db6c023a33d8073c6fa1f6e5d4827e4c5e58e,base,reactivity,3,7,798.2662,197.5,0.0038,101.145,33.351,378,outlier,lcp,1ece8e4b58
a06db6c023a33d8073c6fa1f6e5d4827e4c5e58e,base,reactivity,4,8,738.6816,173.0,0.0038,88.835,22.736,355,ok,,1ece8e4b58
a06db6c023a33d8073c6fa1f6e5d4827e4c5e58e,head,reactivity,0,1,741.5567,185.0,0.0038,96.647,39.585,349,ok,,1ece8e4b58
a06db6c023a33d8073c6fa1f6e5d4827e4c5e58e,head,reactivity,1,2,733.9032,176.0,0.0038,93.358,30.18,338,ok,,1ece8e4b58
a06db6c023a33d8073c6fa1f6e5d4827e4c5e58e,head,reactivity,2,5,768.4262,179.0,0.1104,110.975,39.151,368,outlier,cls,1ece8e4b58
a06db6c023a33d8073c6fa1f6e5d4827e4c5e58e,head,reactivity,3,6,737.724,180,0.0038,102.561,35.291,342,ok,,1ece8e4b58
a06db6c023a33d8073c6fa1f6e5d4827e4c5e58e,head,reactivity,4,9,737.514,173.0,0.0038,113.472,41.73,333,ok,,1ece8e4b58
a0d627173965f2b7137bacc5077fac424de82375,base,reactivity,0,0,735.7404,177.0,0.0038,103.382,80.001,322,outlier,tbtFlow,1ece8e4b58
a0d627173965f2b7137bacc5077fac424de82375,base,reactivity,1,3,748.584,185.0,0.0038,94.824,26.027,342,ok,,1ece8e4b58
a0d627173965f2b7137bacc5077fac424de82375,base,reactivity,2,4,768.156,178.0,0.0038,89.708,34.719,346,ok,,1ece8e4b58
a0d627173965f2b7137bacc5077fac424de82375,base,reactivity,3,7,733.2241,198.0,0.0038,94.715,39.966,361,ok,,1ece8e4b58
a0d627173965f2b7137bacc5077fac424de82375,base,reactivity,4,8,732.728,179,0.0038,96.392,20.73,340,ok,,1ece8e4b58
a0d627173965f2b7137bacc5077fac424de82375,head,reactivity,0,1,735.7908,183,0.0038,97.116,22.487,343,ok,,1ece8e4b58
a0d627173965f2b7137bacc5077fac424de82375,head,reactivity,1,2,737.6841,183.0,0.0038,107.689,41.825,354,ok,,1ece8e4b58
a0d627173965f2b7137bacc5077fac424de82375,head,reactivity,2,5,736.741,180.0,0.0038,92.07,36.974,333,ok,,1ece8e4b58
a0d627173965f2b7137bacc5077fac424de82375,head,reactivity,3,6,757.3814,188.0,0.0038,81.623,19.351,347,ok,,1ece8e4b58
a0d627173965f2b7137bacc5077fac424de82375,head,reactivity,4,9,732.7746,178,0.0038,100.973,20.54,338,ok,,1ece8e4b58
b74ed4159a71feeb6b91ba356adebc3fdd662ed3,base,reactivity,0,0,746.7974,175.0,0.0038,103.093,78.693,343,ok,,1ece8e4b58
b74ed4159a71feeb6b91ba356adebc3fdd662ed3,base,reactivity,1,3,809.0459,177.0,0.0038,100.578,51.158,339,outlier,lcp,1ece8e4b58
b74ed4159a71feeb6b91ba356adebc3fdd662ed3,base,reactivity,2,4,732.9628,179.0,0.0038,101.321,67.687,335,ok,,1ece8e4b58
b74ed4159a71feeb6b91ba356adebc3fdd662ed3,base,reactivity,3,7,729.594,177.0,0.0038,88.068,44.609,352,ok,,1ece8e4b58
b74ed4159a71feeb6b91ba356adebc3fdd662ed3,base,reactivity,4,8,743.04,183,0.0038,87.107,44.863,364,ok,,1ece8e4b58
b74ed4159a71feeb6b91ba356adebc3fdd662ed3,head,reactivity,0,1,746.994,179.0,0.0038,97.598,70.513,352,ok,,1ece8e4b58
b74ed4159a71feeb6b91ba356adebc3fdd662ed3,head,reactivity,1,2,737.7945,187.0,0.0038,91.519,50.823,355,ok,,1ece8e4b58
b74ed4159a71feeb6b91ba356adebc3fdd662ed3,head,reactivity,2,5,741.8829,175.0,0.0038,95.027,81.87,365,ok,,1ece8e4b58
b74ed4159a71feeb6b91ba356adebc3fdd662ed3,head,reactivity,3,6,735.6499,175.0,0.0038,102.057,53.782,340,ok,,1ece8e4b58
b74ed4159a71feeb6b91ba356adebc3fdd662ed3,head,reactivity,4,9,736.6084,173.0,0.0038,95.086,39.849,347,ok,,1ece8e4b58
a8c26ae30fc1715157927ba3cd0cc0cb8e3006a6,base,reactivity,0,0,745.8291,190.5,0.0038,94.456,55.401,356,ok,,1ece8e4b58
a8c26ae30fc1715157927ba3cd0cc0cb8e3006a6,base,reactivity,1,3,732.411,180.0,0.0038,86.702,38.91,334,ok,,1ece8e4b58
a8c26ae30fc1715157927ba3cd0cc0cb8e3006a6,base,reactivity,2,4,736.5014,173,0.1104,87.32,39.473,348,outlier,cls,1ece8e4b58
a8c26ae30fc1715157927ba3cd0cc0cb8e3006a6,base,reactivity,3,7,780.4936,190.0,0.0038,96.842,79.917,389,ok,,1ece8e4b58
a8c26ae30fc1715157927ba3cd0cc0cb8e3006a6,base,reactivity,4,8,749.7239,194.0,0.0038,98.712,98.61,375,ok,,1ece8e4b58
a8c26ae30fc1715157927ba3cd0cc0cb8e3006a6,head,reactivity,0,1,731.4536,179.0,0.0038,94.425,54.76,343,ok,,1ece8e4b58
a8c26ae30fc1715157927ba3cd0cc0cb8e3006a6,head,reactivity,1,2,743.1604,175.0,0.0038,105.698,56.557,342,ok,,1ece8e4b58
a8c26ae30fc1715157927ba3cd0cc0cb8e3006a6,head,reactivity,2,5,729.4734,172.0,0.0038,95.408,43.494,343,ok,,1ece8e4b58
a8c26ae30fc1715157927ba3cd0cc0cb8e3006a6,head,reactivity,3,6,730.7526,174.0,0.0038,89.466,48.225,354,ok,,1ece8e4b58
a8c26ae30fc1715157927ba3cd0cc0cb8e3006a6,head,reactivity,4,9,745.3729,182.0,0.0038,93.546,54.235,351,ok,,1ece8e4b58
cfeb41f3f1069a0511521931c6c8f1c17b038790,base,reactivity,0,0,731.4726,177,0.0038,105.669,71.09,343,ok,,1ece8e4b58
cfeb41f3f1069a0511521931c6c8f1c17b038790,base,reactivity,1,3,732.7508,174.0,0.0038,99.129,53.254,344,ok,,1ece8e4b58
cfeb41f3f1069a0511521931c6c8f1c17b038790,base,reactivity,2,4,732.258,185.0,0.0038,102.963,72.199,346,ok,,1ece8e4b58
cfeb41f3f1069a0511521931c6c8f1c17b038790,base,reactivity,3,7,734.4361,173.0,0.0038,96.209,62.767,345,ok,,1ece8e4b58
cfeb41f3f1069a0511521931c6c8f1c17b038790,base,reactivity,4,8,747.0094,182,0.0038,99.229,67.101,355,ok,,1ece8e4b58
cfeb41f3f1069a0511521931c6c8f1c17b038790,base,reactivity,5,11,737.1629,183.0,0.0038,112.601,98.344,356,ok,,1ece8e4b58
cfeb41f3f1069a0511521931c6c8f1c17b038790,base,reactivity,6,12,797.6257,212.3436,0.0038,108.813,68.207,361,outlier,lcp;tbt,1ece8e4b58
cfeb41f3f1069a0511521931c6c8f1c17b038790,base,reactivity,7,15,749.3772,177,0.0038,93.013,35.264,351,ok,,1ece8e4b58
cfeb41f3f1069a0511521931c6c8f1c17b038790,base,reactivity,8,16,730.721,177,0.0038,104.338,37.405,344,ok,,1ece8e4b58
cfeb41f3f1069a0511521931c6c8f1c17b038790,base,reactivity,9,19,736.5533,179.0,0.0038,96.591,37.258,346,ok,,1ece8e4b58
cfeb41f3f1069a0511521931c6c8f1c17b038790,base,reactivity,10,20,749.5362,180.0,0.0038,105.648,51.519,352,ok,,1ece8e4b58
cfeb41f3f1069a0511521931c6c8f1c17b038790,base,reactivity,11,23,737.1876,179.0,0.2459,90.153,23.265,346,outlier,cls,1ece8e4b58
cfeb41f3f1069a0511521931c6c8f1c17b038790,base,reactivity,12,24,730.2206,184.0,0.1104,93.458,39.105,358,outlier,cls,1ece8e4b58
cfeb41f3f1069a0511521931c6c8f1c17b038790,base,reactivity,13,27,788.247,201.0,0.0038,102.062,74.583,379,outlier,lcp,1ece8e4b58
cfeb41f3f1069a0511521931c6c8f1c17b038790,base,reactivity,14,28,756.6613,183.0,0.0038,101.828,67.778,352,ok,,1ece8e4b58
cfeb41f3f1069a0511521931c6c8f1c17b038790,head,reactivity,0,1,742.6999,218,0.1214,102.753,63.512,345,outlier,cls,1ece8e4b58
cfeb41f3f1069a0511521931c6c8f1c17b038790,head,reactivity,1,2,733.1069,220.4916,0.0148,93.27,65.205,353,ok,,1ece8e4b58
cfeb41f3f1069a0511521931c6c8f1c17b038790,head,reactivity,2,5,745.8708,209.0,0.0148,89.015,45.371,344,ok,,1ece8e4b58
cfeb41f3f1069a0511521931c6c8f1c17b038790,head,reactivity,3,6,735.5704,219.0,0.0148,98.235,53.067,349,ok,,1ece8e4b58
cfeb41f3f1069a0511521931c6c8f1c17b038790,head,reactivity,4,9,736.7953,214.0,0.0148,88.174,45.735,354,ok,,1ece8e4b58
cfeb41f3f1069a0511521931c6c8f1c17b038790,head,reactivity,5,10,731.3171,173.0,0.0148,94.015,47.673,344,outlier,tbt,1ece8e4b58
cfeb41f3f1069a0511521931c6c8f1c17b038790,head,reactivity,6,13,792.9326,234,0.0148,109.73,67.499,383,outlier,lcp,1ece8e4b58
cfeb41f3f1069a0511521931c6c8f1c17b038790,head,reactivity,7,14,747.0435,232.5,0.1214,107.867,45.248,344,outlier,cls,1ece8e4b58
cfeb41f3f1069a0511521931c6c8f1c17b038790,head,reactivity,8,17,747.8561,218.0,0.0148,95.019,39.734,355,ok,,1ece8e4b58
cfeb41f3f1069a0511521931c6c8f1c17b038790,head,reactivity,9,18,739.7935,216.0,0.0148,103.088,26.827,343,ok,,1ece8e4b58
cfeb41f3f1069a0511521931c6c8f1c17b038790,head,reactivity,10,21,761.8406,218,0.0148,94.588,21.893,358,ok,,1ece8e4b58
cfeb41f3f1069a0511521931c6c8f1c17b038790,head,reactivity,11,22,734.0936,175,0.0148,94.57,17.37,334,outlier,tbt,1ece8e4b58
cfeb41f3f1069a0511521931c6c8f1c17b038790,head,reactivity,12,25,735.8769,213.0,0.0148,93.695,21.559,351,ok,,1ece8e4b58
cfeb41f3f1069a0511521931c6c8f1c17b038790,head,reactivity,13,26,878.7284,223.0,0.1214,94.048,23.873,344,outlier,lcp;cls,1ece8e4b58
cfeb41f3f1069a0511521931c6c8f1c17b038790,head,reactivity,14,29,787.7433,208.5642,0.0148,102.624,65.151,351,ok,,1ece8e4b58
3c712262af703142cbd36f76dd0a516d1133f615,base,reactivity,0,0,759.8893,216.0,0.0123,105.601,48.401,360,ok,,1ece8e4b58
3c712262af703142cbd36f76dd0a516d1133f615,base,reactivity,1,3,731.1413,212,0.0123,114.792,35.764,339,ok,,1ece8e4b58
3c712262af703142cbd36f76dd0a516d1133f615,base,reactivity,2,4,744.8433,221,0.1189,97.591,26.41,361,outlier,cls,1ece8e4b58
3c712262af703142cbd36f76dd0a516d1133f615,base,reactivity,3,7,739.5074,215.0,0.0123,96.03,24.569,342,ok,,1ece8e4b58
3c712262af703142cbd36f76dd0a516d1133f615,base,reactivity,4,8,741.0247,211.0,0.0123,105.047,23.341,338,ok,,1ece8e4b58
3c712262af703142cbd36f76dd0a516d1133f615,base,reactivity,5,11,730.7902,217.0,0.0123,96.009,31.021,341,ok,,1ece8e4b58
3c712262af703142cbd36f76dd0a516d1133f615,base,reactivity,6,12,739.7161,176.0,0.0123,102.815,26.314,350,outlier,tbt,1ece8e4b58
3c712262af703142cbd36f76dd0a516d1133f615,base,reactivity,7,15,740.3986,176.0,0.0123,91.304,21.706,364,outlier,tbt,1ece8e4b58
3c712262af703142cbd36f76dd0a516d1133f615,base,reactivity,8,16,735.3642,180.0,0.0123,102.83,29.317,349,outlier,tbt,1ece8e4b58
3c712262af703142cbd36f76dd0a516d1133f615,base,reactivity,9,19,733.2087,215.6919,0.0123,100.047,19.397,349,ok,,1ece8e4b58
3c712262af703142cbd36f76dd0a516d1133f615,base,reactivity,10,20,741.8553,219.0,0.0123,101.492,57.992,366,ok,,1ece8e4b58
3c712262af703142cbd36f76dd0a516d1133f615,base,reactivity,11,23,749.4742,219.0,0.0123,102.652,42.248,351,ok,,1ece8e4b58
3c712262af703142cbd36f76dd0a516d1133f615,base,reactivity,12,24,746.0434,182.0,0.0123,107.818,38.412,357,ok,,1ece8e4b58
3c712262af703142cbd36f76dd0a516d1133f615,base,reactivity,13,27,747.032,175.0,0.1189,116.338,94.741,344,outlier,tbt;cls;tbtFlow,1ece8e4b58
3c712262af703142cbd36f76dd0a516d1133f615,base,reactivity,14,28,736.0742,168.0,0.0123,95.655,49.185,342,outlier,tbt,1ece8e4b58
3c712262af703142cbd36f76dd0a516d1133f615,head,reactivity,0,1,740.8561,173.0,0.0123,92.482,20.329,343,ok,,1ece8e4b58
3c712262af703142cbd36f76dd0a516d1133f615,head,reactivity,1,2,736.8532,176,0.1189,101.482,19.002,345,outlier,cls,1ece8e4b58
3c712262af703142cbd36f76dd0a516d1133f615,head,reactivity,2,5,860.0704,172.0,0.0123,97.627,22.935,355,outlier,lcp,1ece8e4b58
3c712262af703142cbd36f76dd0a516d1133f615,head,reactivity,3,6,736.8456,178.0,0.1189,91.398,46.369,353,outlier,cls,1ece8e4b58
3c712262af703142cbd36f76dd0a516d1133f615,head,reactivity,4,9,738.2207,176,0.0123,103.117,31.449,358,ok,,1ece8e4b58
3c712262af703142cbd36f76dd0a516d1133f615,head,reactivity,5,10,741.424,173.0,0.0123,93.489,46.341,340,ok,,1ece8e4b58
3c712262af703142cbd36f76dd0a516d1133f615,head,reactivity,6,13,735.8238,172.0,0.0123,101.686,24.574,341,ok,,1ece8e4b58
3c712262af703142cbd36f76dd0a516d1133f615,head,reactivity,7,14,736.8497,177.0,0.0123,92.02,27.996,337,ok,,1ece8e4b58
3c712262af703142cbd36f76dd0a516d1133f615,head,reactivity,8,17,740.2293,180.0,0.2919,102.335,26.455,352,outlier,cls,1ece8e4b58
3c712262af703142cbd36f76dd0a516d1133f615,head,reactivity,9,18,733.2281,182.0,0.0123,93.759,29.625,344,ok,,1ece8e4b58
3c712262af703142cbd36f76dd0a516d1133f615,head,reactivity,10,21,745.5771,182.0,0.0123,115.265,67.038,362,ok,,1ece8e4b58
3c712262af703142cbd36f76dd0a516d1133f615,head,reactivity,11,22,825.5291,188.5,0.0123,124.971,79.194,397,outlier,lcp,1ece8e4b58
3c712262af703142cbd36f76dd0a516d1133f615,head,reactivity,12,25,733.9715,181.0,0.1189,103.575,85.564,348,outlier,cls;tbtFlow,1ece8e4b58
3c712262af703142cbd36f76dd0a516d1133f615,head,reactivity,13,26,743.6356,178.0,0.2919,107.495,47.639,352,outlier,cls,1ece8e4b58
3c712262af703142cbd36f76dd0a516d1133f615,head,reactivity,14,29,740.0431,177.0,0.2919,99.297,36.249,356,outlier,cls,1ece8e4b58
3735fb4ffd02c28add7a9a44c51636b8d5fa0455,base,reactivity,0,0,746.3085,186,0.0148,89.178,23.264,372,ok,,1ece8e4b58
3735fb4ffd02c28add7a9a44c51636b8d5fa0455,base,reactivity,1,3,733.6371,216.0,0.0148,99.761,25.044,345,outlier,tbt,1ece8e4b58
3735fb4ffd02c28add7a9a44c51636b8d5fa0455,base,reactivity,2,4,767.3846,176.7324,0.0148,105.458,47.553,341,ok,,1ece8e4b58
3735fb4ffd02c28add7a9a44c51636b8d5fa0455,base,reactivity,3,7,734.8165,173,0.1214,99.305,13.798,342,outlier,cls,1ece8e4b58
3735fb4ffd02c28add7a9a44c51636b8d5fa0455,base,reactivity,4,8,742.3359,171,0.0148,108.839,76.429,336,outlier,tbtFlow,1ece8e4b58
3735fb4ffd02c28add7a9a44c51636b8d5fa0455,head,reactivity,0,1,737.627,222.0,0.0123,95.3,21.018,340,ok,,1ece8e4b58
3735fb4ffd02c28add7a9a44c51636b8d5fa0455,head,reactivity,1,2,739.2444,172.0,0.1189,109.442,27.225,347,outlier,tbt;cls,1ece8e4b58
3735fb4ffd02c28add7a9a44c51636b8d5fa0455,head,reactivity,2,5,738.152,174,0.1189,102.377,33.321,338,outlier,tbt;cls,1ece8e4b58
3735fb4ffd02c28add7a9a44c51636b8d5fa0455,head,reactivity,3,6,738.249,217,0.0123,101.218,41.258,344,ok,,1ece8e4b58
3735fb4ffd02c28add7a9a44c51636b8d5fa0455,head,reactivity,4,9,744.2129,220,0.0123,102.633,30.805,364,ok,,1ece8e4b58
3f4d2237fb8f623711cb1e82dc8d2dd95e0e6432,base,reactivity,0,0,740.6769,178.0,0.0123,116.707,57.54,348,ok,,1ece8e4b58
3f4d2237fb8f623711cb1e82dc8d2dd95e0e6432,base,reactivity,1,3,733.7451,178,0.0123,108.523,30.682,353,ok,,1ece8e4b58
3f4d2237fb8f623711cb1e82dc8d2dd95e0e6432,base,reactivity,2,4,736.3558,180.0,0.0123,96.774,40.603,356,ok,,1ece8e4b58
3f4d2237fb8f623711cb1e82dc8d2dd95e0e6432,base,reactivity,3,7,745.1218,183,0.0123,106.273,20.842,354,ok,,1ece8e4b58
3f4d2237fb8f623711cb1e82dc8d2dd95e0e6432,base,reactivity,4,8,756.7042,179.0,0.0123,109.879,32.107,376,ok,,1ece8e4b58
3f4d2237fb8f623711cb1e82dc8d2dd95e0e6432,head,reactivity,0,1,737.4846,215.0,0.0123,97.759,31.969,340,ok,,1ece8e4b58
3f4d2237fb8f623711cb1e82dc8d2dd95e0e6432,head,reactivity,1,2,732.2822,177.0,0.0123,104.39,19.151,348,outlier,tbt,1ece8e4b58
3f4d2237fb8f623711cb1e82dc8d2dd95e0e6432,head,reactivity,2,5,734.6104,223.9674,0.0123,105.105,23.4,351,ok,,1ece8e4b58
3f4d2237fb8f623711cb1e82dc8d2dd95e0e6432,head,reactivity,3,6,730.1875,208,0.1189,91.746,22.464,329,outlier,cls,1ece8e4b58
3f4d2237fb8f623711cb1e82dc8d2dd95e0e6432,head,reactivity,4,9,737.9607,218.0,0.0123,102.769,25.378,343,ok,,1ece8e4b58
9f3814a10dab0c11da43872926d3c1b5a755af5a,base,reactivity,0,0,761.0895,175.0,0.0123,98.454,72.705,358,ok,,1ece8e4b58
9f3814a10dab0c11da43872926d3c1b5a755af5a,base,reactivity,1,3,742.8138,212.0,0.0123,100.614,43.454,344,ok,,1ece8e4b58
9f3814a10dab0c11da43872926d3c1b5a755af5a,base,reactivity,2,4,737.1064,228.5,0.0123,110.559,27.633,346,ok,,1ece8e4b58
9f3814a10dab0c11da43872926d3c1b5a755af5a,base,reactivity,3,7,748.2009,169.0,0.0123,119.932,56.896,360,ok,,1ece8e4b58
9f3814a10dab0c11da43872926d3c1b5a755af5a,base,reactivity,4,8,748.0948,225.0,0.0123,117.155,64.573,339,ok,,1ece8e4b58
9f3814a10dab0c11da43872926d3c1b5a755af5a,head,reactivity,0,1,742.0618,221.0,0.1189,101.29,26.187,357,outlier,cls,1ece8e4b58
9f3814a10dab0c11da43872926d3c1b5a755af5a,head,reactivity,1,2,743.8161,209.0,0.0123,102.732,28.709,338,ok,,1ece8e4b58
9f3814a10dab0c11da43872926d3c1b5a755af5a,head,reactivity,2,5,742.7441,222.0,0.0123,104.213,32.053,372,ok,,1ece8e4b58
9f3814a10dab0c11da43872926d3c1b5a755af5a,head,reactivity,3,6,758.8035,183,0.0123,96.734,26.916,356,outlier,tbt,1ece8e4b58
9f3814a10dab0c11da43872926d3c1b5a755af5a,head,reactivity,4,9,744.7292,225,0.0123,109.104,61.256,369,outlier,tbtFlow,1ece8e4b58
dfe4c91a2bbdd1638540fb840ab11a5b0961cf0a,base,reactivity,0,0,732.5944,212.0,0.0123,106.152,61.857,353,ok,,1ece8e4b58
dfe4c91a2bbdd1638540fb840ab11a5b0961cf0a,base,reactivity,1,3,753.4734,228.0,0.0123,124.514,128.987,369,ok,,1ece8e4b58
dfe4c91a2bbdd1638540fb840ab11a5b0961cf0a,base,reactivity,2,4,760.0016,218.0,0.0123,110.216,84.023,359,ok,,1ece8e4b58
dfe4c91a2bbdd1638540fb840ab11a5b0961cf0a,base,reactivity,3,7,736.4932,213.0,0.0123,106.542,73.517,336,ok,,1ece8e4b58
dfe4c91a2bbdd1638540fb840ab11a5b0961cf0a,base,reactivity,4,8,740.2937,216.0,0.0123,113.754,86.382,361,ok,,1ece8e4b58
dfe4c91a2bbdd1638540fb840ab11a5b0961cf0a,head,reactivity,0,1,746.2693,170,0.0123,115.883,40.987,354,outlier,tbt,1ece8e4b58
dfe4c91a2bbdd1638540fb840ab11a5b0961cf0a,head,reactivity,1,2,734.3389,219.0,0.1189,117.585,70.775,359,outlier,cls,1ece8e4b58
dfe4c91a2bbdd1638540fb840ab11a5b0961cf0a,head,reactivity,2,5,841.1661,230.6246,0.0123,120.375,80.578,388,outlier,lcp,1ece8e4b58
dfe4c91a2bbdd1638540fb840ab11a5b0961cf0a,head,reactivity,3,6,742.9832,211.0,0.0123,105.872,24.995,349,outlier,tbtFlow,1ece8e4b58
dfe4c91a2bbdd1638540fb840ab11a5b0961cf0a,head,reactivity,4,9,874.3456,227.0,0.1189,118.013,76.942,413,outlier,lcp;cls;lcpObs,1ece8e4b58
9ecc38547fd760ee304a80e7ce112bc5984b4a8b,base,reactivity,0,0,737.6454,211.0,0.0123,106.652,83.351,354,ok,,1ece8e4b58
9ecc38547fd760ee304a80e7ce112bc5984b4a8b,base,reactivity,1,3,742.4569,174.0,0.0123,119.629,68.629,359,ok,,1ece8e4b58
9ecc38547fd760ee304a80e7ce112bc5984b4a8b,base,reactivity,2,4,678.399,136.0,0.0123,123.471,100.709,27272,outlier,lcpObs,1ece8e4b58
9ecc38547fd760ee304a80e7ce112bc5984b4a8b,base,reactivity,3,7,970.4408,307.7056,0.0123,132.249,105.027,21575,outlier,lcpObs,1ece8e4b58
9ecc38547fd760ee304a80e7ce112bc5984b4a8b,base,reactivity,4,8,885.3108,69.5,0.1189,168.068,220.963,3405,outlier,cls;inp;tbtFlow,1ece8e4b58
9ecc38547fd760ee304a80e7ce112bc5984b4a8b,head,reactivity,0,1,744.0802,226.5,0.0148,106.725,66.968,333,ok,,1ece8e4b58
9ecc38547fd760ee304a80e7ce112bc5984b4a8b,head,reactivity,1,2,828.6167,216.7125,0.0148,95.479,45.048,414,outlier,lcp,1ece8e4b58
9ecc38547fd760ee304a80e7ce112bc5984b4a8b,head,reactivity,2,5,747.9047,237.0,0.0148,118.077,127.411,1360,outlier,lcpObs,1ece8e4b58
9ecc38547fd760ee304a80e7ce112bc5984b4a8b,head,reactivity,3,6,898.8893,229.5725,0.0148,144.823,133.928,377,outlier,lcp,1ece8e4b58
9ecc38547fd760ee304a80e7ce112bc5984b4a8b,head,reactivity,4,9,733.984,65.756,0.1214,141.24,109.484,17401,outlier,tbt;cls;lcpObs,1ece8e4b58
c0e81eff66599bda3169e6a66554ba1f8d4ab486,base,reactivity,0,0,911.0273,150.2675,0.0148,162.923,231.414,20081,outlier,tbt;cls;lcpObs,1ece8e4b58
c0e81eff66599bda3169e6a66554ba1f8d4ab486,base,reactivity,1,3,903.8714,224.0,0.1214,199.021,238.62,346,outlier,lcpObs,1ece8e4b58
c0e81eff66599bda3169e6a66554ba1f8d4ab486,base,reactivity,2,4,890.8384,258.1288,0.0148,138.213,175.81,437,outlier,cls,1ece8e4b58
c0e81eff66599bda3169e6a66554ba1f8d4ab486,base,reactivity,3,7,797.3203,229.0,0.1214,166.023,247.334,423,outlier,lcp,1ece8e4b58
c0e81eff66599bda3169e6a66554ba1f8d4ab486,base,reactivity,4,8,904.174,241.9802,0.1214,131.446,175.696,418,ok,,1ece8e4b58
c0e81eff66599bda3169e6a66554ba1f8d4ab486,head,reactivity,0,1,909.5982,240.1986,0.1214,129.657,105.989,422,outlier,cls;tbtFlow,1ece8e4b58
c0e81eff66599bda3169e6a66554ba1f8d4ab486,head,reactivity,1,2,840.0249,239.0,0.0148,142.447,186.558,672,ok,,1ece8e4b58
c0e81eff66599bda3169e6a66554ba1f8d4ab486,head,reactivity,2,5,729.0145,188.5,0.0148,142.607,194.283,5438,ok,,1ece8e4b58
c0e81eff66599bda3169e6a66554ba1f8d4ab486,head,reactivity,3,6,848.102,120.947,0.0148,145.914,169.22,13821,ok,,1ece8e4b58
c0e81eff66599bda3169e6a66554ba1f8d4ab486,head,reactivity,4,9,730.1394,119.4303,0.1214,202.532,220.152,7418,outlier,cls;inp,1ece8e4b58
7119fae1205bc9adf5b229be3c8d56acac027a77,base,reactivity,0,0,860.7565,257.9391,0.0148,153.372,121.546,573,outlier,inp,1ece8e4b58
7119fae1205bc9adf5b229be3c8d56acac027a77,base,reactivity,1,3,896.6825,152.5,0,119.554,87.085,3441,outlier,cls;tbtFlow,1ece8e4b58
7119fae1205bc9adf5b229be3c8d56acac027a77,base,reactivity,2,4,678.7373,124.5,0.0148,126.054,148.879,13191,outlier,lcp,1ece8e4b58
7119fae1205bc9adf5b229be3c8d56acac027a77,base,reactivity,3,7,864.6328,91.0,0.1214,130.06,114.57,7386,outlier,cls,1ece8e4b58
7119fae1205bc9adf5b229be3c8d56acac027a77,base,reactivity,4,8,850.009,219.0,0.0148,133.517,124.231,1366,ok,,1ece8e4b58
7119fae1205bc9adf5b229be3c8d56acac027a77,head,reactivity,0,1,730.342,224.0,0.0148,170.079,217.449,22256,outlier,cls;lcpObs,1ece8e4b58
7119fae1205bc9adf5b229be3c8d56acac027a77,head,reactivity,1,2,761.4123,225.0,0.1214,95.087,74.163,371,ok,,1ece8e4b58
7119fae1205bc9adf5b229be3c8d56acac027a77,head,reactivity,2,5,772.5158,228.0,0.0148,129.607,153.173,372,outlier,cls,1ece8e4b58
7119fae1205bc9adf5b229be3c8d56acac027a77,head,reactivity,3,6,780.7905,137.0,0.1067,118.033,118.764,643,outlier,tbt;lcpObs,1ece8e4b58
7119fae1205bc9adf5b229be3c8d56acac027a77,head,reactivity,4,9,872.252,222.0,0.1214,105.832,93.73,357,outlier,lcp,1ece8e4b58
6f14d3e0ab79909523d211d0b7b0fe5329b2fbbf,base,reactivity,0,0,932.7475,227,0.0148,129.533,148.045,718,outlier,cls,1ece8e4b58
6f14d3e0ab79909523d211d0b7b0fe5329b2fbbf,base,reactivity,1,3,915.77,180.5,0.0148,134.035,133.543,732,outlier,cls,1ece8e4b58
6f14d3e0ab79909523d211d0b7b0fe5329b2fbbf,base,reactivity,2,4,931.3177,181.0,0.0148,125.602,110.231,698,outlier,cls,1ece8e4b58
6f14d3e0ab79909523d211d0b7b0fe5329b2fbbf,base,reactivity,3,7,910.1233,166.2532,0.0148,110.687,108.091,704,outlier,cls,1ece8e4b58
6f14d3e0ab79909523d211d0b7b0fe5329b2fbbf,base,reactivity,4,8,947.4772,194.2224,0.1214,138.219,150.185,758,ok,,1ece8e4b58
6f14d3e0ab79909523d211d0b7b0fe5329b2fbbf,base,reactivity,5,11,909.2803,210.1659,0.1214,86.156,42.931,689,outlier,tbtFlow,1ece8e4b58
6f14d3e0ab79909523d211d0b7b0fe5329b2fbbf,base,reactivity,6,12,811.5903,174.0027,0.1214,125.778,102.864,723,outlier,lcp,1ece8e4b58
6f14d3e0ab79909523d211d0b7b0fe5329b2fbbf,base,reactivity,7,15,915.9037,206.0477,0.1214,99.31,58.673,672,outlier,tbtFlow,1ece8e4b58
6f14d3e0ab79909523d211d0b7b0fe5329b2fbbf,base,reactivity,8,16,911.782,203.0296,0.0148,86.632,51.444,655,outlier,cls;tbtFlow,1ece8e4b58
6f14d3e0ab79909523d211d0b7b0fe5329b2fbbf,base,reactivity,9,19,773.2842,189.429,0.0148,120.605,115.576,677,outlier,lcp;cls,1ece8e4b58
6f14d3e0ab79909523d211d0b7b0fe5329b2fbbf,base,reactivity,10,20,912.0955,223.7013,0.1214,122.248,108.631,688,ok,,1ece8e4b58
6f14d3e0ab79909523d211d0b7b0fe5329b2fbbf,base,reactivity,11,23,808.8306,181.1083,0.1214,116.022,95.465,761,outlier,lcp,1ece8e4b58
6f14d3e0ab79909523d211d0b7b0fe5329b2fbbf,base,reactivity,12,24,911.1115,203.0623,0.0148,134.026,101.508,681,outlier,cls,1ece8e4b58
6f14d3e0ab79909523d211d0b7b0fe5329b2fbbf,base,reactivity,13,27,899.9517,200.4917,0.1214,117.827,97.935,678,ok,,1ece8e4b58
6f14d3e0ab79909523d211d0b7b0fe5329b2fbbf,base,reactivity,14,28,808.2516,173.5263,0.1214,121.547,109.648,752,outlier,lcp,1ece8e4b58
6f14d3e0ab79909523d211d0b7b0fe5329b2fbbf,head,reactivity,0,1,844.7495,169.0,0,100.376,43.875,704,outlier,cls,1ece8e4b58
6f14d3e0ab79909523d211d0b7b0fe5329b2fbbf,head,reactivity,1,2,922.6393,119.4849,0.1067,106.597,86.718,656,ok,,1ece8e4b58
6f14d3e0ab79909523d211d0b7b0fe5329b2fbbf,head,reactivity,2,5,909.5875,122.4743,0.1067,105.812,104.7,679,ok,,1ece8e4b58
6f14d3e0ab79909523d211d0b7b0fe5329b2fbbf,head,reactivity,3,6,902.49,87.6898,0.1067,97.581,82.023,761,ok,,1ece8e4b58
6f14d3e0ab79909523d211d0b7b0fe5329b2fbbf,head,reactivity,4,9,849.2464,124.0815,0,107.911,41.867,639,outlier,cls,1ece8e4b58
6f14d3e0ab79909523d211d0b7b0fe5329b2fbbf,head,reactivity,5,10,769.2544,85.4806,0,93.506,33.336,742,outlier,lcp;cls,1ece8e4b58
6f14d3e0ab79909523d211d0b7b0fe5329b2fbbf,head,reactivity,6,13,808.4359,121.5932,0.1067,89.805,72.886,654,ok,,1ece8e4b58
6f14d3e0ab79909523d211d0b7b0fe5329b2fbbf,head,reactivity,7,14,931.44,126.6806,0.1067,106.425,55.001,673,ok,,1ece8e4b58
6f14d3e0ab79909523d211d0b7b0fe5329b2fbbf,head,reactivity,8,17,1034.0348,89.0,0,95.418,79.578,943,outlier,lcp;cls;lcpObs,1ece8e4b58
6f14d3e0ab79909523d211d0b7b0fe5329b2fbbf,head,reactivity,9,18,920.1868,106.6615,0,93.479,49.908,657,outlier,cls,1ece8e4b58
6f14d3e0ab79909523d211d0b7b0fe5329b2fbbf,head,reactivity,10,21,900.0715,82.6915,0.1067,101.228,82.566,753,ok,,1ece8e4b58
6f14d3e0ab79909523d211d0b7b0fe5329b2fbbf,head,reactivity,11,22,848.559,100.299,0.1067,100.508,63.096,649,ok,,1ece8e4b58
6f14d3e0ab79909523d211d0b7b0fe5329b2fbbf,head,reactivity,12,25,915.6182,92.0,0.1067,97.474,79.272,698,ok,,1ece8e4b58
6f14d3e0ab79909523d211d0b7b0fe5329b2fbbf,head,reactivity,13,26,912.0923,118.2732,0,91.171,58.388,691,outlier,cls,1ece8e4b58
6f14d3e0ab79909523d211d0b7b0fe5329b2fbbf,head,reactivity,14,29,808.7276,106.0244,0.1067,104.405,63.607,644,ok,,1ece8e4b58
2c0b19ef28683899d2ae9c3116bb939f8089360e,base,reactivity,0,0,812.8877,127.0,0.1067,117.092,82.79,344,outlier,cls;tbtFlow,1ece8e4b58
2c0b19ef28683899d2ae9c3116bb939f8089360e,base,reactivity,1,3,851.0547,120.9603,0,91.094,37.251,345,outlier,lcp,1ece8e4b58
2c0b19ef28683899d2ae9c3116bb939f8089360e,base,reactivity,2,4,772.6784,124.0,0,100.968,54.403,342,ok,,1ece8e4b58
2c0b19ef28683899d2ae9c3116bb939f8089360e,base,reactivity,3,7,772.3381,126.0,0.1067,106.339,70.599,325,outlier,cls;tbtFlow,1ece8e4b58
2c0b19ef28683899d2ae9c3116bb939f8089360e,base,reactivity,4,8,778.8994,72.6597,0.1067,112.896,91.533,334,outlier,tbt;cls;tbtFlow,1ece8e4b58
2c0b19ef28683899d2ae9c3116bb939f8089360e,base,reactivity,5,11,770.8774,125.0,0,84.411,42.707,328,ok,,1ece8e4b58
2c0b19ef28683899d2ae9c3116bb939f8089360e,base,reactivity,6,12,770.6739,126,0,102.769,51.985,335,ok,,1ece8e4b58
2c0b19ef28683899d2ae9c3116bb939f8089360e,base,reactivity,7,15,771.3474,128.0,0,97.706,36.964,326,ok,,1ece8e4b58
2c0b19ef28683899d2ae9c3116bb939f8089360e,base,reactivity,8,16,811.3727,88.0,0,93.859,33.271,336,outlier,tbt,1ece8e4b58
2c0b19ef28683899d2ae9c3116bb939f8089360e,base,reactivity,9,19,770.3146,120.0,0,85.928,31.743,328,ok,,1ece8e4b58
2c0b19ef28683899d2ae9c3116bb939f8089360e,base,reactivity,10,20,770.394,127.5353,0,81.41,27.182,327,ok,,1ece8e4b58
2c0b19ef28683899d2ae9c3116bb939f8089360e,base,reactivity,11,23,901.696,131.0,0.1067,93.565,36.902,338,outlier,lcp;cls,1ece8e4b58
2c0b19ef28683899d2ae9c3116bb939f8089360e,base,reactivity,12,24,810.008,140,0,104.104,43.157,338,ok,,1ece8e4b58
2c0b19ef28683899d2ae9c3116bb939f8089360e,base,reactivity,13,27,811.4228,122.1924,0.1067,88.274,37.6,330,outlier,cls,1ece8e4b58
2c0b19ef28683899d2ae9c3116bb939f8089360e,base,reactivity,14,28,909.593,91,0.1067,86.169,32.744,342,outlier,lcp;tbt;cls,1ece8e4b58
2c0b19ef28683899d2ae9c3116bb939f8089360e,head,reactivity,0,1,772.8995,83,0,95.016,25.582,345,outlier,tbt,1ece8e4b58
2c0b19ef28683899d2ae9c3116bb939f8089360e,head,reactivity,1,2,773.6965,115.4345,0,96.873,27.655,320,ok,,1ece8e4b58
2c0b19ef28683899d2ae9c3116bb939f8089360e,head,reactivity,2,5,904.5758,121.0,0,100.217,31.944,339,outlier,lcp,1ece8e4b58
2c0b19ef28683899d2ae9c3116bb939f8089360e,head,reactivity,3,6,771.6712,126,0,97.965,39.156,328,ok,,1ece8e4b58
2c0b19ef28683899d2ae9c3116bb939f8089360e,head,reactivity,4,9,811.4472,117.1842,0.1067,92.891,31.33,320,outlier,cls,1ece8e4b58
2c0b19ef28683899d2ae9c3116bb939f8089360e,head,reactivity,5,10,771.2821,133.2393,0,89.644,35.641,325,ok,,1ece8e4b58
2c0b19ef28683899d2ae9c3116bb939f8089360e,head,reactivity,6,13,770.9845,130.0,0.1067,81.714,31.608,333,outlier,cls,1ece8e4b58
2c0b19ef28683899d2ae9c3116bb939f8089360e,head,reactivity,7,14,771.0877,81.0,0,92.813,24.884,330,outlier,tbt,1ece8e4b58
2c0b19ef28683899d2ae9c3116bb939f8089360e,head,reactivity,8,17,810.4453,127.5183,0.1067,84.5,32.826,337,outlier,cls,1ece8e4b58
2c0b19ef28683899d2ae9c3116bb939f8089360e,head,reactivity,9,18,770.5939,122.0,0,89.432,39.669,343,ok,,1ece8e4b58
2c0b19ef28683899d2ae9c3116bb939f8089360e,head,reactivity,10,21,811.8953,117.0127,0,93.803,41.486,344,ok,,1ece8e4b58
2c0b19ef28683899d2ae9c3116bb939f8089360e,head,reactivity,11,22,771.4811,131.0,0,92.9,37.061,343,ok,,1ece8e4b58
2c0b19ef28683899d2ae9c3116bb939f8089360e,head,reactivity,12,25,770.5023,125.0,0,96.014,46.149,335,ok,,1ece8e4b58
2c0b19ef28683899d2ae9c3116bb939f8089360e,head,reactivity,13,26,770.8774,133.0,0,94.276,45.126,340,ok,,1ece8e4b58
2c0b19ef28683899d2ae9c3116bb939f8089360e,head,reactivity,14,29,768.593,123.136,0,93.135,38.682,345,ok,,1ece8e4b58
2e0dbe0175532da9fb0fa27817a9355a24dd825e,base,reactivity,0,0,768.7813,119.3877,0.1067,101.28,56.561,336,outlier,cls,1ece8e4b58
2e0dbe0175532da9fb0fa27817a9355a24dd825e,base,reactivity,1,3,769.367,139.8776,0.1067,88.322,38.677,334,outlier,cls,1ece8e4b58
2e0dbe0175532da9fb0fa27817a9355a24dd825e,base,reactivity,2,4,883.6004,124.2779,0.1067,86.813,46.763,331,outlier,cls,1ece8e4b58
2e0dbe0175532da9fb0fa27817a9355a24dd825e,base,reactivity,3,7,918.8436,114.4265,0,86.656,22.679,345,ok,,1ece8e4b58
2e0dbe0175532da9fb0fa27817a9355a24dd825e,base,reactivity,4,8,808.9841,86.0,0.1067,90.739,28.655,320,outlier,cls,1ece8e4b58
2e0dbe0175532da9fb0fa27817a9355a24dd825e,base,reactivity,5,11,808.0496,129.0,0,84.482,20.093,332,ok,,1ece8e4b58
2e0dbe0175532da9fb0fa27817a9355a24dd825e,base,reactivity,6,12,899.3956,124.0766,0.1067,83.043,35.172,337,outlier,cls,1ece8e4b58
2e0dbe0175532da9fb0fa27817a9355a24dd825e,base,reactivity,7,15,808.4527,123,0,101.901,24.662,327,ok,,1ece8e4b58
2e0dbe0175532da9fb0fa27817a9355a24dd825e,base,reactivity,8,16,768.1511,135.0,0.1067,94.985,21.266,330,outlier,cls,1ece8e4b58
2e0dbe0175532da9fb0fa27817a9355a24dd825e,base,reactivity,9,19,768.9296,125.0234,0,101.113,27.667,318,ok,,1ece8e4b58
2e0dbe0175532da9fb0fa27817a9355a24dd825e,base,reactivity,10,20,798.4174,98.7087,0,86.704,25.734,361,ok,,1ece8e4b58
2e0dbe0175532da9fb0fa27817a9355a24dd825e,base,reactivity,11,23,770.3666,135.0,0.1067,90.707,23.909,365,outlier,cls,1ece8e4b58
2e0dbe0175532da9fb0fa27817a9355a24dd825e,base,reactivity,12,24,809.224,90.0,0,87.144,32.392,354,ok,,1ece8e4b58
2e0dbe0175532da9fb0fa27817a9355a24dd825e,base,reactivity,13,27,918.4206,99.0,0,92.025,27.891,362,ok,,1ece8e4b58
2e0dbe0175532da9fb0fa27817a9355a24dd825e,base,reactivity,14,28,768.7504,128.0,0,92.41,30.738,336,ok,,1ece8e4b58
2e0dbe0175532da9fb0fa27817a9355a24dd825e,head,reactivity,0,1,850.0569,128,0,90.529,40.759,335,outlier,lcp,1ece8e4b58
2e0dbe0175532da9fb0fa27817a9355a24dd825e,head,reactivity,1,2,771.9691,134.0,0,100.369,37.988,344,ok,,1ece8e4b58
2e0dbe0175532da9fb0fa27817a9355a24dd825e,head,reactivity,2,5,850.2189,127.0,0,94.211,38.655,350,outlier,lcp,1ece8e4b58
2e0dbe0175532da9fb0fa27817a9355a24dd825e,head,reactivity,3,6,769.7305,129.0,0,103.685,25.632,340,ok,,1ece8e4b58
2e0dbe0175532da9fb0fa27817a9355a24dd825e,head,reactivity,4,9,767.7562,89.0,0,101.755,28.405,334,outlier,tbt,1ece8e4b58
2e0dbe0175532da9fb0fa27817a9355a24dd825e,head,reactivity,5,10,769.7707,121.4513,0,85.992,26.756,342,ok,,1ece8e4b58
2e0dbe0175532da9fb0fa27817a9355a24dd825e,head,reactivity,6,13,769.2601,131.0,0.1067,93.343,51.184,342,outlier,cls,1ece8e4b58
2e0dbe0175532da9fb0fa27817a9355a24dd825e,head,reactivity,7,14,770.0025,89.0,0,91.577,19.775,342,outlier,tbt,1ece8e4b58
2e0dbe0175532da9fb0fa27817a9355a24dd825e,head,reactivity,8,17,768.1693,125.2769,0,97.823,26.358,322,ok,,1ece8e4b58
2e0dbe0175532da9fb0fa27817a9355a24dd825e,head,reactivity,9,18,908.7912,86.0,0.1067,87.24,21.504,349,outlier,lcp;tbt;cls,1ece8e4b58
2e0dbe0175532da9fb0fa27817a9355a24dd825e,head,reactivity,10,21,810.9012,110.0,0.1067,89.509,32.633,362,outlier,cls,1ece8e4b58
2e0dbe0175532da9fb0fa27817a9355a24dd825e,head,reactivity,11,22,898.988,134,0,98.292,32.899,347,outlier,lcp,1ece8e4b58
2e0dbe0175532da9fb0fa27817a9355a24dd825e,head,reactivity,12,25,768.9566,127.0,0.1067,96.745,46.901,330,outlier,cls,1ece8e4b58
2e0dbe0175532da9fb0fa27817a9355a24dd825e,head,reactivity,13,26,907.7674,128.0,0.1067,85.829,31.868,339,outlier,lcp;cls,1ece8e4b58
2e0dbe0175532da9fb0fa27817a9355a24dd825e,head,reactivity,14,29,768.4297,126.0,0.1067,81.135,31.269,330,outlier,cls,1ece8e4b58
2b7d5e0a96ea05c9370c747750d0efd0dcb93a74,base,reactivity,0,0,907.9234,122.5312,0.1067,90.966,23.889,338,outlier,lcp;tbt,1ece8e4b58
2b7d5e0a96ea05c9370c747750d0efd0dcb93a74,base,reactivity,1,3,807.8776,125.2924,0.1067,91.507,25.229,328,outlier,tbt,1ece8e4b58
2b7d5e0a96ea05c9370c747750d0efd0dcb93a74,base,reactivity,2,4,768.4946,89,0,88.243,22.941,339,outlier,cls,1ece8e4b58
2b7d5e0a96ea05c9370c747750d0efd0dcb93a74,base,reactivity,3,7,768.6139,85,0,96.892,23.477,341,outlier,cls,1ece8e4b58
2b7d5e0a96ea05c9370c747750d0efd0dcb93a74,base,reactivity,4,8,768.1403,83.0,0.1067,89.715,22.653,345,ok,,1ece8e4b58
2b7d5e0a96ea05c9370c747750d0efd0dcb93a74,head,reactivity,0,1,769.756,86.0,0,85.263,26.172,319,outlier,tbt,1ece8e4b58
2b7d5e0a96ea05c9370c747750d0efd0dcb93a74,head,reactivity,1,2,889.213,89.0,0.1067,98.09,26.152,330,outlier,lcp;tbt;cls,1ece8e4b58
2b7d5e0a96ea05c9370c747750d0efd0dcb93a74,head,reactivity,2,5,905.726,131.0,0.1067,96.83,19.077,343,outlier,lcp;cls,1ece8e4b58
2b7d5e0a96ea05c9370c747750d0efd0dcb93a74,head,reactivity,3,6,768.2611,125.0,0,92.15,16.275,329,ok,,1ece8e4b58
2b7d5e0a96ea05c9370c747750d0efd0dcb93a74,head,reactivity,4,9,768.2434,132.0,0,88.758,26.774,357,ok,,1ece8e4b58
7cabdc93564a12e3b224cae47bdf3c636c0cc35e,base,reactivity,0,0,768.1192,131.9518,0,87.213,21.253,342,ok,,1ece8e4b58
7cabdc93564a12e3b224cae47bdf3c636c0cc35e,base,reactivity,1,3,806.9693,136.5,0.1067,96.851,34.055,346,outlier,cls,1ece8e4b58
7cabdc93564a12e3b224cae47bdf3c636c0cc35e,base,reactivity,2,4,913.1176,124.0,0,85.8,21.061,345,ok,,1ece8e4b58
7cabdc93564a12e3b224cae47bdf3c636c0cc35e,base,reactivity,3,7,808.2658,133.0,0,93.675,24.897,326,ok,,1ece8e4b58
7cabdc93564a12e3b224cae47bdf3c636c0cc35e,base,reactivity,4,8,913.5784,89.0,0.1067,86.012,36.411,343,outlier,tbt;cls,1ece8e4b58
7cabdc93564a12e3b224cae47bdf3c636c0cc35e,head,reactivity,0,1,769.3287,126,0,99.551,30.958,331,ok,,1ece8e4b58
7cabdc93564a12e3b224cae47bdf3c636c0cc35e,head,reactivity,1,2,894.0236,126.0,0,89.997,29.891,341,outlier,lcp,1ece8e4b58
7cabdc93564a12e3b224cae47bdf3c636c0cc35e,head,reactivity,2,5,768.1793,131.0,0,103.368,29.413,332,ok,,1ece8e4b58
7cabdc93564a12e3b224cae47bdf3c636c0cc35e,head,reactivity,3,6,768.3739,128.0,0,94.703,28.513,332,ok,,1ece8e4b58
7cabdc93564a12e3b224cae47bdf3c636c0cc35e,head,reactivity,4,9,809.6739,142,0.1067,85.091,18.665,356,outlier,cls,1ece8e4b58
f3e9cfb41c21e3c78d1a6ef2a7da2b187b79b755,base,reactivity,0,0,766.8526,114.2444,0,84.222,19.648,334,ok,,1ece8e4b58
f3e9cfb41c21e3c78d1a6ef2a7da2b187b79b755,base,reactivity,1,3,766.7489,122.0,0,84.608,14.575,319,ok,,1ece8e4b58
f3e9cfb41c21e3c78d1a6ef2a7da2b187b79b755,base,reactivity,2,4,893.4432,127.3477,0,84.975,22.775,334,outlier,lcp,1ece8e4b58
f3e9cfb41c21e3c78d1a6ef2a7da2b187b79b755,base,reactivity,3,7,768.0211,121.0,0,85.632,16.209,337,ok,,1ece8e4b58
f3e9cfb41c21e3c78d1a6ef2a7da2b187b79b755,base,reactivity,4,8,766.9678,86.0,0,86.277,16.994,318,outlier,tbt,1ece8e4b58
f3e9cfb41c21e3c78d1a6ef2a7da2b187b79b755,head,reactivity,0,1,809.0041,110.4989,0,88.928,14.013,335,ok,,1ece8e4b58
f3e9cfb41c21e3c78d1a6ef2a7da2b187b79b755,head,reactivity,1,2,892.36,120.562,0.1067,104.084,19.912,632,outlier,cls;lcpObs,1ece8e4b58
f3e9cfb41c21e3c78d1a6ef2a7da2b187b79b755,head,reactivity,2,5,903.4636,123.1878,0,87.019,17.059,336,ok,,1ece8e4b58
f3e9cfb41c21e3c78d1a6ef2a7da2b187b79b755,head,reactivity,3,6,881.0328,124.9373,0,87.129,15.594,319,ok,,1ece8e4b58
f3e9cfb41c21e3c78d1a6ef2a7da2b187b79b755,head,reactivity,4,9,767.0611,111.2269,0,102.729,23.72,334,outlier,lcp,1ece8e4b58
b6b270fd3d615edc2c5b7436123c5599dd1a850a,base,reactivity,0,0,883.9504,84,0.1067,84.725,13.843,335,outlier,lcp;tbt;cls,1ece8e4b58
b6b270fd3d615edc2c5b7436123c5599dd1a850a,base,reactivity,1,3,807.6314,115.1896,0,84.8,15.52,334,ok,,1ece8e4b58
b6b270fd3d615edc2c5b7436123c5599dd1a850a,base,reactivity,2,4,768.1204,118.7016,0,86.016,20.21,336,ok,,1ece8e4b58
b6b270fd3d615edc2c5b7436123c5599dd1a850a,base,reactivity,3,7,766.6393,128.0,0,85.984,13.592,336,ok,,1ece8e4b58
b6b270fd3d615edc2c5b7436123c5599dd1a850a,base,reactivity,4,8,767.4642,119.3089,0.1067,85.24,18.32,336,outlier,cls,1ece8e4b58
b6b270fd3d615edc2c5b7436123c5599dd1a850a,head,reactivity,0,1,808.7858,132.3032,0.1067,85.25,6.544,336,ok,,1ece8e4b58
b6b270fd3d615edc2c5b7436123c5599dd1a850a,head,reactivity,1,2,768.1918,81.0,0,87.356,16.657,317,outlier,cls,1ece8e4b58
b6b270fd3d615edc2c5b7436123c5599dd1a850a,head,reactivity,2,5,768.4675,83.0,0.1067,110.329,14.317,336,outlier,inp,1ece8e4b58
b6b270fd3d615edc2c5b7436123c5599dd1a850a,head,reactivity,3,6,862.5612,122.8188,0.1067,85.968,22.166,336,ok,,1ece8e4b58
b6b270fd3d615edc2c5b7436123c5599dd1a850a,head,reactivity,4,9,806.9206,117.6931,0,85.226,18.374,316,outlier,cls,1ece8e4b58
72587ebe1d8f61e69b1d35e34fce92d23ce05a9a,base,reactivity,0,0,769.0894,86,0,87.453,13.978,335,outlier,tbt,1ece8e4b58
72587ebe1d8f61e69b1d35e34fce92d23ce05a9a,base,reactivity,1,3,906.3144,119.5649,0,88.235,11.416,335,outlier,lcp,1ece8e4b58
72587ebe1d8f61e69b1d35e34fce92d23ce05a9a,base,reactivity,2,4,767.9837,126.0,0,85.047,14.936,334,ok,,1ece8e4b58
72587ebe1d8f61e69b1d35e34fce92d23ce05a9a,base,reactivity,3,7,768.0937,123.6723,0,85.976,17.037,335,ok,,1ece8e4b58
72587ebe1d8f61e69b1d35e34fce92d23ce05a9a,base,reactivity,4,8,768.0826,118.3058,0,103.277,21.888,317,ok,,1ece8e4b58
72587ebe1d8f61e69b1d35e34fce92d23ce05a9a,base,reactivity,5,11,767.6783,121.4405,0,84.838,12.016,318,ok,,1ece8e4b58
72587ebe1d8f61e69b1d35e34fce92d23ce05a9a,base,reactivity,6,12,806.7507,89.0,0,102.091,28.702,336,outlier,tbt,1ece8e4b58
72587ebe1d8f61e69b1d35e34fce92d23ce05a9a,base,reactivity,7,15,896.5934,120.566,0.1067,87.016,6.881,337,outlier,lcp;cls,1ece8e4b58
72587ebe1d8f61e69b1d35e34fce92d23ce05a9a,base,reactivity,8,16,908.2406,52.7103,0,85.002,17.922,388,outlier,lcp;tbt;lcpObs,1ece8e4b58
72587ebe1d8f61e69b1d35e34fce92d23ce05a9a,base,reactivity,9,19,767.2492,81.0,0,87.083,11.528,318,outlier,tbt,1ece8e4b58
72587ebe1d8f61e69b1d35e34fce92d23ce05a9a,base,reactivity,10,20,768.1078,124.2974,0,85.129,17.633,316,ok,,1ece8e4b58
72587ebe1d8f61e69b1d35e34fce92d23ce05a9a,base,reactivity,11,23,767.6465,118.0,0,86.413,13.915,335,ok,,1ece8e4b58
72587ebe1d8f61e69b1d35e34fce92d23ce05a9a,base,reactivity,12,24,766.7054,128.7648,0.1067,85.517,18.309,336,outlier,cls,1ece8e4b58
72587ebe1d8f61e69b1d35e34fce92d23ce05a9a,base,reactivity,13,27,768.3226,121.0,0,87.864,9.76,334,ok,,1ece8e4b58
72587ebe1d8f61e69b1d35e34fce92d23ce05a9a,base,reactivity,14,28,920.9508,98,0,85.987,15.811,373,outlier,lcp,1ece8e4b58
72587ebe1d8f61e69b1d35e34fce92d23ce05a9a,head,reactivity,0,1,768.4134,2.1956,0,86.477,18.627,315,ok,,1ece8e4b58
72587ebe1d8f61e69b1d35e34fce92d23ce05a9a,head,reactivity,1,2,768.5919,0,0,84.99,14.015,318,ok,,1ece8e4b58
72587ebe1d8f61e69b1d35e34fce92d23ce05a9a,head,reactivity,2,5,687.8231,34.6962,0,86.006,20.444,300,outlier,lcp;tbt,1ece8e4b58
72587ebe1d8f61e69b1d35e34fce92d23ce05a9a,head,reactivity,3,6,686.6717,0,0,88.173,18.628,301,outlier,lcp,1ece8e4b58
72587ebe1d8f61e69b1d35e34fce92d23ce05a9a,head,reactivity,4,9,767.3478,6.5507,0.1067,87.03,12.02,317,outlier,cls,1ece8e4b58
72587ebe1d8f61e69b1d35e34fce92d23ce05a9a,head,reactivity,5,10,726.9553,4.6816,0,85.483,21.454,316,ok,,1ece8e4b58
72587ebe1d8f61e69b1d35e34fce92d23ce05a9a,head,reactivity,6,13,766.5935,3.6043,0.1067,85.43,17.393,319,outlier,cls,1ece8e4b58
72587ebe1d8f61e69b1d35e34fce92d23ce05a9a,head,reactivity,7,14,726.9434,34.5307,0,85.483,15.288,318,outlier,tbt,1ece8e4b58
72587ebe1d8f61e69b1d35e34fce92d23ce05a9a,head,reactivity,8,17,766.8032,0,0,85.991,43.573,317,ok,,1ece8e4b58
72587ebe1d8f61e69b1d35e34fce92d23ce05a9a,head,reactivity,9,18,767.6445,0,0.1067,85.23,16.885,336,outlier,cls,1ece8e4b58
72587ebe1d8f61e69b1d35e34fce92d23ce05a9a,head,reactivity,10,21,766.6978,45.7674,0.1067,86.164,14.996,318,outlier,tbt;cls,1ece8e4b58
72587ebe1d8f61e69b1d35e34fce92d23ce05a9a,head,reactivity,11,22,727.4583,30.3352,0.1067,86.001,47.749,320,outlier,cls,1ece8e4b58
72587ebe1d8f61e69b1d35e34fce92d23ce05a9a,head,reactivity,12,25,767.5189,0,0,85.773,19.389,336,ok,,1ece8e4b58
72587ebe1d8f61e69b1d35e34fce92d23ce05a9a,head,reactivity,13,26,766.9152,40.695,0,87.404,21.656,319,outlier,tbt,1ece8e4b58
72587ebe1d8f61e69b1d35e34fce92d23ce05a9a,head,reactivity,14,29,727.0149,0,0,86.226,19.451,317,ok,,1ece8e4b58
d770157ed40bb493862bd8f07bf3d2c250b842f3,base,reactivity,0,0,728.0213,1.1048,0,85.236,12.405,315,ok,,1ece8e4b58
d770157ed40bb493862bd8f07bf3d2c250b842f3,base,reactivity,1,3,767.3305,0,0,85.914,14.58,318,ok,,1ece8e4b58
d770157ed40bb493862bd8f07bf3d2c250b842f3,base,reactivity,2,4,687.2282,0,0,85.901,15.462,317,ok,,1ece8e4b58
d770157ed40bb493862bd8f07bf3d2c250b842f3,base,reactivity,3,7,686.7902,30.7995,0,87.193,17.5,317,outlier,tbt,1ece8e4b58
d770157ed40bb493862bd8f07bf3d2c250b842f3,base,reactivity,4,8,808.4524,0,0.1067,85.615,16.895,317,outlier,cls,1ece8e4b58
d770157ed40bb493862bd8f07bf3d2c250b842f3,head,reactivity,0,1,689.5278,4.824,0,87.235,15.386,318,outlier,lcp,1ece8e4b58
d770157ed40bb493862bd8f07bf3d2c250b842f3,head,reactivity,1,2,767.5921,5.4693,0.1067,103.557,19.712,318,outlier,cls,1ece8e4b58
d770157ed40bb493862bd8f07bf3d2c250b842f3,head,reactivity,2,5,727.7632,0,0,103.055,31.344,316,ok,,1ece8e4b58
d770157ed40bb493862bd8f07bf3d2c250b842f3,head,reactivity,3,6,767.9427,0,0,85.236,28.157,317,ok,,1ece8e4b58
d770157ed40bb493862bd8f07bf3d2c250b842f3,head,reactivity,4,9,767.3756,0,0,86.99,19.017,317,ok,,1ece8e4b58
c707b2b850e91dd8b551172af08dc32e23c284fb,base,reactivity,0,0,767.0353,0,0.1067,84.283,12.784,315,outlier,cls,1ece8e4b58
c707b2b850e91dd8b551172af08dc32e23c284fb,base,reactivity,1,3,767.2877,0,0.1067,86.023,19.333,316,outlier,cls,1ece8e4b58
c707b2b850e91dd8b551172af08dc32e23c284fb,base,reactivity,2,4,686.7161,39.3807,0,86.137,18.811,298,outlier,tbt,1ece8e4b58
c707b2b850e91dd8b551172af08dc32e23c284fb,base,reactivity,3,7,768.8111,0,0,84.775,19.21,319,ok,,1ece8e4b58
c707b2b850e91dd8b551172af08dc32e23c284fb,base,reactivity,4,8,687.8159,0,0,84.931,15.954,301,ok,,1ece8e4b58
c707b2b850e91dd8b551172af08dc32e23c284fb,base,reactivity,5,11,767.1877,0,0,89.477,17.079,319,ok,,1ece8e4b58
c707b2b850e91dd8b551172af08dc32e23c284fb,base,reactivity,6,12,688.3337,1.2221,0,85.986,11.404,319,ok,,1ece8e4b58
c707b2b850e91dd8b551172af08dc32e23c284fb,base,reactivity,7,15,727.601,30.8915,0,86.471,11.483,317,outlier,tbt,1ece8e4b58
c707b2b850e91dd8b551172af08dc32e23c284fb,base,reactivity,8,16,727.5036,0,0,86.067,17.427,316,ok,,1ece8e4b58
c707b2b850e91dd8b551172af08dc32e23c284fb,base,reactivity,9,19,687.7403,0.2099,0.1067,103.853,34.749,302,outlier,cls,1ece8e4b58
c707b2b850e91dd8b551172af08dc32e23c284fb,base,reactivity,10,20,768.2299,0,0.1067,85.821,20.613,318,outlier,cls,1ece8e4b58
c707b2b850e91dd8b551172af08dc32e23c284fb,base,reactivity,11,23,687.5003,0,0,85.137,13.513,312,ok,,1ece8e4b58
c707b2b850e91dd8b551172af08dc32e23c284fb,base,reactivity,12,24,766.5902,0,0,88.347,17.278,317,ok,,1ece8e4b58
c707b2b850e91dd8b551172af08dc32e23c284fb,base,reactivity,13,27,686.8958,36.8507,0,85.56,25.018,300,outlier,tbt,1ece8e4b58
c707b2b850e91dd8b551172af08dc32e23c284fb,base,reactivity,14,28,766.847,0,0,103.04,31.332,353,ok,,1ece8e4b58
c707b2b850e91dd8b551172af08dc32e23c284fb,head,reactivity,0,1,727.935,0,0,103.438,14.925,318,ok,,1ece8e4b58
c707b2b850e91dd8b551172af08dc32e23c284fb,head,reactivity,1,2,808.2011,9.3414,0,103.064,28.224,354,ok,,1ece8e4b58
c707b2b850e91dd8b551172af08dc32e23c284fb,head,reactivity,2,5,767.2933,15.5689,0,85.604,14.902,316,ok,,1ece8e4b58
c707b2b850e91dd8b551172af08dc32e23c284fb,head,reactivity,3,6,727.0861,0,0,103.558,20.193,318,ok,,1ece8e4b58
c707b2b850e91dd8b551172af08dc32e23c284fb,head,reactivity,4,9,687.3551,16.7741,0,103.218,17.675,319,outlier,lcp,1ece8e4b58
c707b2b850e91dd8b551172af08dc32e23c284fb,head,reactivity,5,10,689.2262,0.9623,0,103.875,20.233,301,outlier,lcp,1ece8e4b58
c707b2b850e91dd8b551172af08dc32e23c284fb,head,reactivity,6,13,768.07,0,0,85.998,12.082,335,ok,,1ece8e4b58
c707b2b850e91dd8b551172af08dc32e23c284fb,head,reactivity,7,14,767.4406,0,0,84.706,26.402,319,ok,,1ece8e4b58
c707b2b850e91dd8b551172af08dc32e23c284fb,head,reactivity,8,17,687.0803,4.82,0,84.851,10.019,317,outlier,lcp,1ece8e4b58
c707b2b850e91dd8b551172af08dc32e23c284fb,head,reactivity,9,18,692.4602,33.5575,0.1067,103.65,21.758,337,outlier,lcp;tbt;cls,1ece8e4b58
c707b2b850e91dd8b551172af08dc32e23c284fb,head,reactivity,10,21,767.5635,3.9395,0,83.991,14.401,318,ok,,1ece8e4b58
c707b2b850e91dd8b551172af08dc32e23c284fb,head,reactivity,11,22,767.2132,0.5956,0.1067,87.12,11.55,317,outlier,cls,1ece8e4b58
c707b2b850e91dd8b551172af08dc32e23c284fb,head,reactivity,12,25,766.9968,0,0.1067,85.781,14.198,319,outlier,cls,1ece8e4b58
c707b2b850e91dd8b551172af08dc32e23c284fb,head,reactivity,13,26,767.1411,36.6196,0,103.385,18.592,319,outlier,tbt,1ece8e4b58
c707b2b850e91dd8b551172af08dc32e23c284fb,head,reactivity,14,29,766.9024,0.6992,0.1067,86.995,15.772,319,outlier,cls,1ece8e4b58
0cafdc5176731e4e933b4a3696b415b42aeb01d2,base,reactivity,0,0,767.9191,0,0,101.641,42.71,317,ok,,1ece8e4b58
0cafdc5176731e4e933b4a3696b415b42aeb01d2,base,reactivity,1,3,768.3825,0,0,103.057,18.776,318,ok,,1ece8e4b58
0cafdc5176731e4e933b4a3696b415b42aeb01d2,base,reactivity,2,4,767.2256,25.0948,0,103.864,24.044,335,ok,,1ece8e4b58
0cafdc5176731e4e933b4a3696b415b42aeb01d2,base,reactivity,3,7,767.9206,35.6859,0,87.027,13.685,318,outlier,tbt,1ece8e4b58
0cafdc5176731e4e933b4a3696b415b42aeb01d2,base,reactivity,4,8,689.4035,0,0,101.994,18.315,300,outlier,lcp,1ece8e4b58
0cafdc5176731e4e933b4a3696b415b42aeb01d2,head,reactivity,0,1,767.943,0.3523,0,104.016,15.989,316,ok,,1ece8e4b58
0cafdc5176731e4e933b4a3696b415b42aeb01d2,head,reactivity,1,2,767.4604,0,0,102.888,18.734,315,ok,,1ece8e4b58
0cafdc5176731e4e933b4a3696b415b42aeb01d2,head,reactivity,2,5,767.524,0,0.1067,85.535,15.254,316,outlier,cls,1ece8e4b58
0cafdc5176731e4e933b4a3696b415b42aeb01d2,head,reactivity,3,6,687.3766,0.5412,0,103.245,21.883,317,outlier,lcp,1ece8e4b58
0cafdc5176731e4e933b4a3696b415b42aeb01d2,head,reactivity,4,9,726.9723,0,0,87.138,13.598,317,ok,,1ece8e4b58
2e07b40b2b55dfaa629143e9ffc56404027342ca,base,reactivity,0,0,768.3757,0,0.1067,83.994,9.444,318,ok,,1ece8e4b58
2e07b40b2b55dfaa629143e9ffc56404027342ca,base,reactivity,1,3,806.5196,0,0,104.039,19.308,316,outlier,cls,1ece8e4b58
2e07b40b2b55dfaa629143e9ffc56404027342ca,base,reactivity,2,4,767.3094,0,0.1067,87.521,15.908,318,ok,,1ece8e4b58
2e07b40b2b55dfaa629143e9ffc56404027342ca,base,reactivity,3,7,727.7265,0,0.1067,87.397,13.69,318,ok,,1ece8e4b58
2e07b40b2b55dfaa629143e9ffc56404027342ca,base,reactivity,4,8,766.9571,19.681,0,103.244,25.586,319,outlier,cls,1ece8e4b58
2e07b40b2b55dfaa629143e9ffc56404027342ca,head,reactivity,0,1,768.4012,8.1996,0,85.601,9.529,318,ok,,1ece8e4b58
2e07b40b2b55dfaa629143e9ffc56404027342ca,head,reactivity,1,2,728.3066,0,0,87.225,26.053,318,ok,,1ece8e4b58
2e07b40b2b55dfaa629143e9ffc56404027342ca,head,reactivity,2,5,767.5425,0,0.1067,102.416,11.446,317,outlier,cls,1ece8e4b58
2e07b40b2b55dfaa629143e9ffc56404027342ca,head,reactivity,3,6,727.1778,0,0.1067,113.642,14.984,316,outlier,cls,1ece8e4b58
2e07b40b2b55dfaa629143e9ffc56404027342ca,head,reactivity,4,9,767.5516,7.4828,0,103.093,24.324,318,ok,,1ece8e4b58
323abd5458cde3e27a29285b222ea913073c0b01,base,reactivity,0,0,767.9659,0,0,101.559,9.625,317,ok,,1ece8e4b58
323abd5458cde3e27a29285b222ea913073c0b01,base,reactivity,1,3,727.6636,0,0,103.437,17.484,318,ok,,1ece8e4b58
323abd5458cde3e27a29285b222ea913073c0b01,base,reactivity,2,4,848.2126,118.2809,0,85.853,8.436,334,outlier,tbt,1ece8e4b58
323abd5458cde3e27a29285b222ea913073c0b01,base,reactivity,3,7,807.3669,41.5444,0,104.077,18.094,318,outlier,tbt,1ece8e4b58
323abd5458cde3e27a29285b222ea913073c0b01,base,reactivity,4,8,687.5183,0,0,88.978,13.001,299,ok,,1ece8e4b58
323abd5458cde3e27a29285b222ea913073c0b01,head,reactivity,0,1,729.1692,11.9436,0,87.032,13.702,336,ok,,1ece8e4b58
323abd5458cde3e27a29285b222ea913073c0b01,head,reactivity,1,2,807.0764,6.6412,0.1067,87.017,11.197,319,outlier,cls,1ece8e4b58
323abd5458cde3e27a29285b222ea913073c0b01,head,reactivity,2,5,807.6002,8.4666,0,103.891,19.971,318,ok,,1ece8e4b58
323abd5458cde3e27a29285b222ea913073c0b01,head,reactivity,3,6,767.6251,39.9344,0.1067,86.972,15.651,318,outlier,tbt;cls,1ece8e4b58
323abd5458cde3e27a29285b222ea913073c0b01,head,reactivity,4,9,767.3473,0,0,103.584,21.073,316,ok,,1ece8e4b58
99bc0a9e8efc26e59578ebe87ce087c885456e98,base,reactivity,0,0,767.4362,36.5213,0.1067,108.261,17.9,318,outlier,tbt,1ece8e4b58
99bc0a9e8efc26e59578ebe87ce087c885456e98,base,reactivity,1,3,768.2801,0,0,103.447,16.148,319,outlier,cls,1ece8e4b58
99bc0a9e8efc26e59578ebe87ce087c885456e98,base,reactivity,2,4,687.2785,2.2869,0,102.492,13.582,299,outlier,lcp;cls,1ece8e4b58
99bc0a9e8efc26e59578ebe87ce087c885456e98,base,reactivity,3,7,767.9866,0,0.1067,103.51,24.41,318,ok,,1ece8e4b58
99bc0a9e8efc26e59578ebe87ce087c885456e98,base,reactivity,4,8,767.9235,85.0,0.1067,103.608,21.061,334,outlier,tbt,1ece8e4b58
99bc0a9e8efc26e59578ebe87ce087c885456e98,head,reactivity,0,1,767.6716,38.4428,0,103.715,21.567,318,ok,,1ece8e4b58
99bc0a9e8efc26e59578ebe87ce087c885456e98,head,reactivity,1,2,807.566,32.087,0,103.579,17.81,335,ok,,1ece8e4b58
99bc0a9e8efc26e59578ebe87ce087c885456e98,head,reactivity,2,5,688.5435,34.5761,0,86.052,9.709,300,ok,,1ece8e4b58
99bc0a9e8efc26e59578ebe87ce087c885456e98,head,reactivity,3,6,767.418,10.6341,0.1067,103.909,23.718,336,outlier,cls,1ece8e4b58
99bc0a9e8efc26e59578ebe87ce087c885456e98,head,reactivity,4,9,728.3838,35.5969,0.1067,87.168,13.119,337,outlier,cls,1ece8e4b58
0ebd87805a0d539fdf76f70ddd8b21c808eb36eb,base,reactivity,0,0,767.4212,0,0,88.243,10.414,318,ok,,1ece8e4b58
0ebd87805a0d539fdf76f70ddd8b21c808eb36eb,base,reactivity,1,3,687.2221,1.7963,0.1067,103.519,19.89,318,outlier,lcp;cls,1ece8e4b58
0ebd87805a0d539fdf76f70ddd8b21c808eb36eb,base,reactivity,2,4,770.2613,0,0,103.713,10.674,337,ok,,1ece8e4b58
0ebd87805a0d539fdf76f70ddd8b21c808eb36eb,base,reactivity,3,7,768.5941,0.1353,0,85.581,16.062,320,ok,,1ece8e4b58
0ebd87805a0d539fdf76f70ddd8b21c808eb36eb,base,reactivity,4,8,767.4966,8.5011,0,85.633,12.718,317,ok,,1ece8e4b58
0ebd87805a0d539fdf76f70ddd8b21c808eb36eb,head,reactivity,0,1,768.8517,45.0495,0,102.659,14.571,316,ok,,1ece8e4b58
0ebd87805a0d539fdf76f70ddd8b21c808eb36eb,head,reactivity,1,2,768.7359,40.088,0,87.93,12.907,317,ok,,1ece8e4b58
0ebd87805a0d539fdf76f70ddd8b21c808eb36eb,head,reactivity,2,5,768.0004,48.3153,0.1067,87.312,12.675,337,outlier,cls,1ece8e4b58
0ebd87805a0d539fdf76f70ddd8b21c808eb36eb,head,reactivity,3,6,767.5438,0,0,87.384,16.246,317,outlier,tbt,1ece8e4b58
0ebd87805a0d539fdf76f70ddd8b21c808eb36eb,head,reactivity,4,9,727.0453,0,0,88.277,13.805,317,outlier,tbt,1ece8e4b58
fab4e32ef0a9cdba0ea121f690c5ecca97d6648e,base,reactivity,0,0,807.3186,0,0,84.097,9.625,315,ok,,1ece8e4b58
fab4e32ef0a9cdba0ea121f690c5ecca97d6648e,base,reactivity,1,3,768.0177,5.3274,0,84.476,13.062,317,ok,,1ece8e4b58
fab4e32ef0a9cdba0ea121f690c5ecca97d6648e,base,reactivity,2,4,767.7796,41.5799,0,103.547,17.135,354,ok,,1ece8e4b58
fab4e32ef0a9cdba0ea121f690c5ecca97d6648e,base,reactivity,3,7,767.7704,34.4099,0.1067,110.164,18.796,317,outlier,cls,1ece8e4b58
fab4e32ef0a9cdba0ea121f690c5ecca97d6648e,base,reactivity,4,8,767.3567,42.5478,0,103.845,22.293,317,ok,,1ece8e4b58
fab4e32ef0a9cdba0ea121f690c5ecca97d6648e,head,reactivity,0,1,808.8803,2.0399,0.1067,86.115,14.662,600,outlier,cls;lcpObs,1ece8e4b58
fab4e32ef0a9cdba0ea121f690c5ecca97d6648e,head,reactivity,1,2,687.7709,6.7048,0,103.403,11.895,318,ok,,1ece8e4b58
fab4e32ef0a9cdba0ea121f690c5ecca97d6648e,head,reactivity,2,5,768.1461,1.2846,0.1067,101.979,26.451,316,outlier,cls,1ece8e4b58
fab4e32ef0a9cdba0ea121f690c5ecca97d6648e,head,reactivity,3,6,727.7397,0,0,103.99,22.629,319,ok,,1ece8e4b58
fab4e32ef0a9cdba0ea121f690c5ecca97d6648e,head,reactivity,4,9,728.5794,0,0,103.585,17.496,316,ok,,1ece8e4b58
23118c9ce31d36f411f8079968b821130eee038c,base,reactivity,0,0,727.1912,0,0,110.549,47.358,316,ok,,1ece8e4b58
23118c9ce31d36f411f8079968b821130eee038c,base,reactivity,1,3,767.625,0,0,87.453,13.283,337,ok,,1ece8e4b58
23118c9ce31d36f411f8079968b821130eee038c,base,reactivity,2,4,686.834,33.861,0,103.505,22.121,299,outlier,lcp,1ece8e4b58
23118c9ce31d36f411f8079968b821130eee038c,base,reactivity,3,7,767.9271,40.3577,0,86.05,13.506,316,outlier,tbt,1ece8e4b58
23118c9ce31d36f411f8079968b821130eee038c,base,reactivity,4,8,687.0971,0.8172,0.1067,85.404,15.223,317,outlier,lcp;cls,1ece8e4b58
23118c9ce31d36f411f8079968b821130eee038c,base,reactivity,5,11,768.2722,4.2426,0.1067,102.702,17.734,319,outlier,cls,1ece8e4b58
23118c9ce31d36f411f8079968b821130eee038c,base,reactivity,6,12,768.5653,48.1449,0,103.279,18.815,319,outlier,tbt,1ece8e4b58
23118c9ce31d36f411f8079968b821130eee038c,base,reactivity,7,15,687.3231,39.7795,0.1067,88.433,13.528,299,outlier,lcp;tbt;cls,1ece8e4b58
23118c9ce31d36f411f8079968b821130eee038c,base,reactivity,8,16,687.1585,55.7277,0.1067,103.785,23.894,337,outlier,lcp;tbt;cls,1ece8e4b58
23118c9ce31d36f411f8079968b821130eee038c,base,reactivity,9,19,766.8619,2.2101,0.1067,85.32,17.734,335,outlier,cls,1ece8e4b58
23118c9ce31d36f411f8079968b821130eee038c,base,reactivity,10,20,766.9951,4.6683,0,103.061,23.811,319,ok,,1ece8e4b58
23118c9ce31d36f411f8079968b821130eee038c,base,reactivity,11,23,766.4862,0,0.1067,85.972,19.71,337,outlier,cls,1ece8e4b58
23118c9ce31d36f411f8079968b821130eee038c,base,reactivity,12,24,687.3301,1.7783,0,102.986,25.937,300,outlier,lcp,1ece8e4b58
23118c9ce31d36f411f8079968b821130eee038c,base,reactivity,13,27,768.3456,30.2182,0,103.609,17.461,317,ok,,1ece8e4b58
23118c9ce31d36f411f8079968b821130eee038c,base,reactivity,14,28,807.1664,0,0,103.4,21.569,354,ok,,1ece8e4b58
23118c9ce31d36f411f8079968b821130eee038c,head,reactivity,0,1,907.2183,84.0,0,103.042,20.773,337,outlier,lcp;tbt,1ece8e4b58
23118c9ce31d36f411f8079968b821130eee038c,head,reactivity,1,2,807.5618,6.4794,0.1067,120.945,37.698,315,outlier,cls,1ece8e4b58
23118c9ce31d36f411f8079968b821130eee038c,head,reactivity,2,5,766.9461,56.6847,0,102.378,27.047,318,outlier,tbt,1ece8e4b58
23118c9ce31d36f411f8079968b821130eee038c,head,reactivity,3,6,768.5181,0,0,103.877,24.703,319,ok,,1ece8e4b58
23118c9ce31d36f411f8079968b821130eee038c,head,reactivity,4,9,807.4283,109.2152,0,103.28,22.048,337,outlier,tbt,1ece8e4b58
23118c9ce31d36f411f8079968b821130eee038c,head,reactivity,5,10,688.4087,36.5986,0.1067,86.012,16.811,301,outlier,lcp;tbt;cls,1ece8e4b58
23118c9ce31d36f411f8079968b821130eee038c,head,reactivity,6,13,688.2423,5.1263,0,103.531,15.009,301,outlier,lcp,1ece8e4b58
23118c9ce31d36f411f8079968b821130eee038c,head,reactivity,7,14,768.6114,0,0,102.841,19.233,315,ok,,1ece8e4b58
23118c9ce31d36f411f8079968b821130eee038c,head,reactivity,8,17,766.8433,4.7189,0.1067,102.765,23.946,320,outlier,cls,1ece8e4b58
23118c9ce31d36f411f8079968b821130eee038c,head,reactivity,9,18,726.9306,0,0,103.126,26.251,317,ok,,1ece8e4b58
23118c9ce31d36f411f8079968b821130eee038c,head,reactivity,10,21,687.2966,36.2839,0,103.149,20.465,317,outlier,lcp;tbt,1ece8e4b58
23118c9ce31d36f411f8079968b821130eee038c,head,reactivity,11,22,767.4711,18.5096,0,103.971,21.896,318,ok,,1ece8e4b58
23118c9ce31d36f411f8079968b821130eee038c,head,reactivity,12,25,767.5734,0,0,88.756,14.293,318,ok,,1ece8e4b58
23118c9ce31d36f411f8079968b821130eee038c,head,reactivity,13,26,767.5461,0,0,103.641,23.319,337,ok,,1ece8e4b58
23118c9ce31d36f411f8079968b821130eee038c,head,reactivity,14,29,766.6894,2.7702,0.1067,111.209,10.92,319,outlier,cls,1ece8e4b58
0f8ba7e11a9999f1b784008a5943cee32d40761c,base,reactivity,0,0,688.7866,2.0356,0.1067,113.591,24.73,298,outlier,cls,1ece8e4b58
0f8ba7e11a9999f1b784008a5943cee32d40761c,base,reactivity,1,3,687.8923,45.5539,0,102.536,25.06,337,outlier,tbt,1ece8e4b58
0f8ba7e11a9999f1b784008a5943cee32d40761c,base,reactivity,2,4,687.6205,10.2299,0.1067,103.178,17.872,318,outlier,cls,1ece8e4b58
0f8ba7e11a9999f1b784008a5943cee32d40761c,base,reactivity,3,7,768.7189,0,0,85.53,19.071,319,outlier,lcp,1ece8e4b58
0f8ba7e11a9999f1b784008a5943cee32d40761c,base,reactivity,4,8,768.4759,0,0,103.856,16.038,317,outlier,lcp,1ece8e4b58
0f8ba7e11a9999f1b784008a5943cee32d40761c,head,reactivity,0,1,767.2804,0,0.1067,108.275,24.717,316,outlier,lcp;cls,1ece8e4b58
0f8ba7e11a9999f1b784008a5943cee32d40761c,head,reactivity,1,2,687.8899,3.685,0,103.044,22.488,315,ok,,1ece8e4b58
0f8ba7e11a9999f1b784008a5943cee32d40761c,head,reactivity,2,5,687.2229,33.2962,0,103.513,21.4,301,outlier,tbt,1ece8e4b58
0f8ba7e11a9999f1b784008a5943cee32d40761c,head,reactivity,3,6,688.7392,2.5435,0,103.166,23.691,318,ok,,1ece8e4b58
0f8ba7e11a9999f1b784008a5943cee32d40761c,head,reactivity,4,9,767.7565,0,0,103.357,19.638,318,outlier,lcp,1ece8e4b58
f3f519458bb1399a324f3fba73b24bf373d09870,base,reactivity,0,0,687.9707,1.6715,0,107.33,25.538,316,ok,,1ece8e4b58
f3f519458bb1399a324f3fba73b24bf373d09870,base,reactivity,1,3,768.361,1.213,0,111.144,8.527,21266,outlier,inp;lcpObs,1ece8e4b58
f3f519458bb1399a324f3fba73b24bf373d09870,base,reactivity,2,4,727.4112,0,0.1067,85.76,14.796,319,outlier,cls,1ece8e4b58
f3f519458bb1399a324f3fba73b24bf373d09870,base,reactivity,3,7,806.4095,0,0,89.426,9.249,352,ok,,1ece8e4b58
f3f519458bb1399a324f3fba73b24bf373d09870,base,reactivity,4,8,768.6166,29.1278,0.1067,87.136,17.259,317,outlier,cls,1ece8e4b58
f3f519458bb1399a324f3fba73b24bf373d09870,head,reactivity,0,1,768.265,0,0,103.527,21.7,317,ok,,1ece8e4b58
f3f519458bb1399a324f3fba73b24bf373d09870,head,reactivity,1,2,768.7011,15.0996,0,103.244,30.51,319,ok,,1ece8e4b58
f3f519458bb1399a324f3fba73b24bf373d09870,head,reactivity,2,5,687.4589,0,0,85.361,12.66,298,outlier,lcp,1ece8e4b58
f3f519458bb1399a324f3fba73b24bf373d09870,head,reactivity,3,6,767.0741,37.642,0,103.681,11.263,318,outlier,tbt,1ece8e4b58
f3f519458bb1399a324f3fba73b24bf373d09870,head,reactivity,4,9,767.2473,0,0,103.518,13.349,337,ok,,1ece8e4b58
c9186a6f0c029ac6a5edaf6216ca08ac5a069be7,base,reactivity,0,0,767.9674,0,0,102.268,17.021,334,ok,,1ece8e4b58
c9186a6f0c029ac6a5edaf6216ca08ac5a069be7,base,reactivity,1,3,687.3172,0,0,102.889,18.079,300,ok,,1ece8e4b58
c9186a6f0c029ac6a5edaf6216ca08ac5a069be7,base,reactivity,2,4,730.4598,20.8577,0.1067,103.053,16.588,337,outlier,cls,1ece8e4b58
c9186a6f0c029ac6a5edaf6216ca08ac5a069be7,base,reactivity,3,7,688.6439,11.0593,0,104,19.207,300,ok,,1ece8e4b58
c9186a6f0c029ac6a5edaf6216ca08ac5a069be7,base,reactivity,4,8,727.27,0,0,85.093,8.863,317,ok,,1ece8e4b58
c9186a6f0c029ac6a5edaf6216ca08ac5a069be7,head,reactivity,0,1,808.4263,0,0,103.548,20.279,336,ok,,1ece8e4b58
c9186a6f0c029ac6a5edaf6216ca08ac5a069be7,head,reactivity,1,2,767.1549,0,0,103.469,18.23,317,ok,,1ece8e4b58
c9186a6f0c029ac6a5edaf6216ca08ac5a069be7,head,reactivity,2,5,687.6279,2.7287,0.1067,103.865,21.524,298,outlier,lcp;cls,1ece8e4b58
c9186a6f0c029ac6a5edaf6216ca08ac5a069be7,head,reactivity,3,6,767.0947,2.6351,0,103.873,23.372,318,ok,,1ece8e4b58
c9186a6f0c029ac6a5edaf6216ca08ac5a069be7,head,reactivity,4,9,768.3049,16.2317,0,103.83,19.037,316,ok,,1ece8e4b58
f2de15385040034ffa044ad2f0a37990d1beedbc,base,reactivity,0,0,686.9616,0,0,100.931,14.596,316,ok,,1ece8e4b58
f2de15385040034ffa044ad2f0a37990d1beedbc,base,reactivity,1,3,766.7463,0,0,86.454,14.213,336,ok,,1ece8e4b58
f2de15385040034ffa044ad2f0a37990d1beedbc,base,reactivity,2,4,690.0112,44.6629,0,88.416,14.313,319,outlier,tbt,1ece8e4b58
f2de15385040034ffa044ad2f0a37990d1beedbc,base,reactivity,3,7,767.2224,0,0,103.453,23.045,315,ok,,1ece8e4b58
f2de15385040034ffa044ad2f0a37990d1beedbc,base,reactivity,4,8,727.9511,0,0,103.524,19.221,319,ok,,1ece8e4b58
f2de15385040034ffa044ad2f0a37990d1beedbc,head,reactivity,0,1,688.0429,0,0,103.56,17.959,299,ok,,1ece8e4b58
f2de15385040034ffa044ad2f0a37990d1beedbc,head,reactivity,1,2,727.6644,0,0,85.011,18.095,317,ok,,1ece8e4b58
f2de15385040034ffa044ad2f0a37990d1beedbc,head,reactivity,2,5,767.8054,1.3982,0,85.009,17.255,318,ok,,1ece8e4b58
f2de15385040034ffa044ad2f0a37990d1beedbc,head,reactivity,3,6,806.6912,0,0,103.215,22.465,319,ok,,1ece8e4b58
f2de15385040034ffa044ad2f0a37990d1beedbc,head,reactivity,4,9,767.6156,1.4615,0,103.776,28.912,319,ok,,1ece8e4b58
b70003ec17ae9a0921e5d188548ba63b834dca03,base,reactivity,0,0,727.6076,0.5385,0.1067,101.354,12.147,315,ok,,1ece8e4b58
b70003ec17ae9a0921e5d188548ba63b834dca03,base,reactivity,1,3,769.7893,4.3516,0.1067,103.615,17.689,333,ok,,1ece8e4b58
b70003ec17ae9a0921e5d188548ba63b834dca03,base,reactivity,2,4,767.6574,46.4476,0.1067,103.67,15.695,316,outlier,tbt,1ece8e4b58
b70003ec17ae9a0921e5d188548ba63b834dca03,base,reactivity,3,7,768.6222,12.1259,0,85.137,13.574,318,outlier,cls,1ece8e4b58
b70003ec17ae9a0921e5d188548ba63b834dca03,base,reactivity,4,8,728.9157,0,0.1067,103.471,20.809,317,ok,,1ece8e4b58
b70003ec17ae9a0921e5d188548ba63b834dca03,head,reactivity,0,1,768.5558,0,0,101.503,33.672,318,outlier,cls,1ece8e4b58
b70003ec17ae9a0921e5d188548ba63b834dca03,head,reactivity,1,2,768.2206,0,0,88.05,15.892,317,outlier,cls,1ece8e4b58
b70003ec17ae9a0921e5d188548ba63b834dca03,head,reactivity,2,5,767.8181,5.3939,0.1067,85.309,19.321,316,ok,,1ece8e4b58
b70003ec17ae9a0921e5d188548ba63b834dca03,head,reactivity,3,6,727.2262,0,0.1067,103.285,21.08,315,ok,,1ece8e4b58
b70003ec17ae9a0921e5d188548ba63b834dca03,head,reactivity,4,9,768.275,13.8721,0.1067,103.323,15.951,335,ok,,1ece8e4b58
b68ab1fc9c3bf79e7c2d3a1124cd1fb240ab6955,base,reactivity,0,0,767.8339,1.3887,0,168.543,151.043,316,outlier,inp;tbtFlow,1ece8e4b58
b68ab1fc9c3bf79e7c2d3a1124cd1fb240ab6955,base,reactivity,1,3,809.224,41.9254,0.1067,94.974,41.77,315,outlier,tbt;cls,1ece8e4b58
b68ab1fc9c3bf79e7c2d3a1124cd1fb240ab6955,base,reactivity,2,4,770.8693,44.4607,0,100.556,46.732,328,outlier,tbt,1ece8e4b58
b68ab1fc9c3bf79e7c2d3a1124cd1fb240ab6955,base,reactivity,3,7,768.7065,0.9506,0,105.35,41.987,329,ok,,1ece8e4b58
b68ab1fc9c3bf79e7c2d3a1124cd1fb240ab6955,base,reactivity,4,8,768.7561,2.0813,0,105.025,60.515,329,ok,,1ece8e4b58
b68ab1fc9c3bf79e7c2d3a1124cd1fb240ab6955,head,reactivity,0,1,729.4792,6.6872,0,100.769,62.574,336,ok,,1ece8e4b58
b68ab1fc9c3bf79e7c2d3a1124cd1fb240ab6955,head,reactivity,1,2,728.6,44.0865,0,92.112,37.201,314,outlier,tbt,1ece8e4b58
b68ab1fc9c3bf79e7c2d3a1124cd1fb240ab6955,head,reactivity,2,5,769.1113,0,0,102.384,56.041,333,ok,,1ece8e4b58
b68ab1fc9c3bf79e7c2d3a1124cd1fb240ab6955,head,reactivity,3,6,768.8761,44.0826,0,97.493,48.208,320,outlier,tbt,1ece8e4b58
b68ab1fc9c3bf79e7c2d3a1124cd1fb240ab6955,head,reactivity,4,9,768.666,0,0,96.83,58.685,323,ok,,1ece8e4b58
e35e97c7635618a58b88f6f294dda028bb82168b,base,reactivity,0,0,768.7244,3.0918,0,96.009,62.951,311,ok,,1ece8e4b58
e35e97c7635618a58b88f6f294dda028bb82168b,base,reactivity,1,3,770.0857,38.6381,0.1067,92.267,49.083,321,outlier,tbt;cls,1ece8e4b58
e35e97c7635618a58b88f6f294dda028bb82168b,base,reactivity,2,4,809.3288,18.9332,0,107.177,43.295,329,ok,,1ece8e4b58
e35e97c7635618a58b88f6f294dda028bb82168b,base,reactivity,3,7,769.1318,5.9561,0,98.505,43.317,312,ok,,1ece8e4b58
e35e97c7635618a58b88f6f294dda028bb82168b,base,reactivity,4,8,687.788,0.202,0.1067,93.86,51.196,312,outlier,lcp;cls,1ece8e4b58
e35e97c7635618a58b88f6f294dda028bb82168b,head,reactivity,0,1,769.4622,0,0,91.51,46.76,335,ok,,1ece8e4b58
e35e97c7635618a58b88f6f294dda028bb82168b,head,reactivity,1,2,728.8434,5.8036,0.1067,108.383,45.135,329,outlier,cls,1ece8e4b58
e35e97c7635618a58b88f6f294dda028bb82168b,head,reactivity,2,5,770.3536,4.5488,0,93.24,46.965,326,ok,,1ece8e4b58
e35e97c7635618a58b88f6f294dda028bb82168b,head,reactivity,3,6,767.8751,5.375,0,107.817,47.398,318,ok,,1ece8e4b58
e35e97c7635618a58b88f6f294dda028bb82168b,head,reactivity,4,9,769.8181,6.7273,0.1067,108.143,49.872,329,outlier,cls,1ece8e4b58
2859a4562f7f01323110202c3bc9e68ea2f914e7,base,reactivity,0,0,689.1692,9.4718,0,144.691,48.371,314,outlier,lcp;inp,1ece8e4b58
2859a4562f7f01323110202c3bc9e68ea2f914e7,base,reactivity,1,3,689.8226,0.8629,0,92.793,34.069,307,outlier,lcp,1ece8e4b58
2859a4562f7f01323110202c3bc9e68ea2f914e7,base,reactivity,2,4,768.6331,0,0,91.136,47.08,311,ok,,1ece8e4b58
2859a4562f7f01323110202c3bc9e68ea2f914e7,base,reactivity,3,7,768.5554,1.1482,0,92.508,46.087,324,ok,,1ece8e4b58
2859a4562f7f01323110202c3bc9e68ea2f914e7,base,reactivity,4,8,768.438,60.0,0,103.973,48.401,337,outlier,tbt,1ece8e4b58
2859a4562f7f01323110202c3bc9e68ea2f914e7,head,reactivity,0,1,769.7647,30.0908,0,89.208,37.008,318,ok,,1ece8e4b58
2859a4562f7f01323110202c3bc9e68ea2f914e7,head,reactivity,1,2,689.3018,2.9497,0.1067,91.301,35.168,304,outlier,lcp;cls,1ece8e4b58
2859a4562f7f01323110202c3bc9e68ea2f914e7,head,reactivity,2,5,769.274,0.9087,0,98.575,45.087,326,ok,,1ece8e4b58
2859a4562f7f01323110202c3bc9e68ea2f914e7,head,reactivity,3,6,728.9615,0.4441,0,91.544,41.727,321,ok,,1ece8e4b58
2859a4562f7f01323110202c3bc9e68ea2f914e7,head,reactivity,4,9,767.9181,0,0,87.826,47.215,339,ok,,1ece8e4b58
c281d13cc68577a903ba9fa63320cdfaa656a97d,base,reactivity,0,0,769.5508,44.6328,0.1067,95.983,62.547,333,outlier,tbt,1ece8e4b58
c281d13cc68577a903ba9fa63320cdfaa656a97d,base,reactivity,1,3,690.1574,2.3071,0,95.455,43.998,303,outlier,cls,1ece8e4b58
c281d13cc68577a903ba9fa63320cdfaa656a97d,base,reactivity,2,4,768.7339,0,0.1067,99.25,45.328,324,ok,,1ece8e4b58
c281d13cc68577a903ba9fa63320cdfaa656a97d,base,reactivity,3,7,728.2297,0,0,101.127,43.664,325,outlier,cls,1ece8e4b58
c281d13cc68577a903ba9fa63320cdfaa656a97d,base,reactivity,4,8,689.138,42.477,0.1067,99.445,54.358,320,outlier,tbt,1ece8e4b58
c281d13cc68577a903ba9fa63320cdfaa656a97d,base,reactivity,5,11,768.1504,0,0.1067,102.637,46.206,319,ok,,1ece8e4b58
c281d13cc68577a903ba9fa63320cdfaa656a97d,base,reactivity,6,12,769.6225,0,0.1067,103.825,37.486,336,ok,,1ece8e4b58
c281d13cc68577a903ba9fa63320cdfaa656a97d,base,reactivity,7,15,808.7637,2.0788,0,102.224,41.173,317,outlier,cls,1ece8e4b58
c281d13cc68577a903ba9fa63320cdfaa656a97d,base,reactivity,8,16,728.2746,0,0,103.701,46.561,318,outlier,cls,1ece8e4b58
c281d13cc68577a903ba9fa63320cdfaa656a97d,base,reactivity,9,19,848.911,0,0,103.03,41.356,354,outlier,cls,1ece8e4b58
c281d13cc68577a903ba9fa63320cdfaa656a97d,base,reactivity,10,20,768.977,127.0,0,85.861,34.528,351,outlier,tbt;cls,1ece8e4b58
c281d13cc68577a903ba9fa63320cdfaa656a97d,base,reactivity,11,23,809.0624,0,0.1067,103.463,50.706,389,outlier,lcpObs,1ece8e4b58
c281d13cc68577a903ba9fa63320cdfaa656a97d,base,reactivity,12,24,728.289,0,0,103.862,36.557,318,outlier,cls,1ece8e4b58
c281d13cc68577a903ba9fa63320cdfaa656a97d,base,reactivity,13,27,688.6847,6.0525,0.1067,85.257,37.989,319,ok,,1ece8e4b58
c281d13cc68577a903ba9fa63320cdfaa656a97d,base,reactivity,14,28,767.7237,3.4574,0.1067,102.317,45.566,336,ok,,1ece8e4b58
c281d13cc68577a903ba9fa63320cdfaa656a97d,head,reactivity,0,1,769.4143,0,0,97.486,45.868,332,ok,,1ece8e4b58
c281d13cc68577a903ba9fa63320cdfaa656a97d,head,reactivity,1,2,769.9941,2.6687,0,98.687,45.775,322,ok,,1ece8e4b58
c281d13cc68577a903ba9fa63320cdfaa656a97d,head,reactivity,2,5,809.3186,0,0,90.641,38.645,312,ok,,1ece8e4b58
c281d13cc68577a903ba9fa63320cdfaa656a97d,head,reactivity,3,6,768.6346,50.8614,0,92.453,48.266,336,outlier,tbt,1ece8e4b58
c281d13cc68577a903ba9fa63320cdfaa656a97d,head,reactivity,4,9,728.547,11.838,0,102.421,65.372,323,ok,,1ece8e4b58
c281d13cc68577a903ba9fa63320cdfaa656a97d,head,reactivity,5,10,728.2862,9.2154,0.1067,96.313,59.433,312,outlier,cls,1ece8e4b58
c281d13cc68577a903ba9fa63320cdfaa656a97d,head,reactivity,6,13,768.7561,5.0813,0,103.021,41.68,318,ok,,1ece8e4b58
c281d13cc68577a903ba9fa63320cdfaa656a97d,head,reactivity,7,14,688.2979,0,0.1067,103.209,43.29,316,outlier,lcp;cls,1ece8e4b58
c281d13cc68577a903ba9fa63320cdfaa656a97d,head,reactivity,8,17,768.5143,20.3238,0.1067,140.172,92.328,333,outlier,cls;inp;tbtFlow,1ece8e4b58
c281d13cc68577a903ba9fa63320cdfaa656a97d,head,reactivity,9,18,767.3089,38.1274,0.1067,103.347,52.082,337,outlier,tbt;cls,1ece8e4b58
c281d13cc68577a903ba9fa63320cdfaa656a97d,head,reactivity,10,21,688.0113,0,0.1067,85.242,44.731,317,outlier,lcp;cls,1ece8e4b58
c281d13cc68577a903ba9fa63320cdfaa656a97d,head,reactivity,11,22,767.8072,5.3976,0.1067,103.035,38.981,334,outlier,cls,1ece8e4b58
c281d13cc68577a903ba9fa63320cdfaa656a97d,head,reactivity,12,25,688.1516,35.1414,0,103.544,29.998,317,outlier,lcp,1ece8e4b58
c281d13cc68577a903ba9fa63320cdfaa656a97d,head,reactivity,13,26,727.8707,39.9614,0,103.118,41.551,318,outlier,tbt,1ece8e4b58
c281d13cc68577a903ba9fa63320cdfaa656a97d,head,reactivity,14,29,768.1191,0,0,103.543,47.151,337,ok,,1ece8e4b58
96ec3f9105bebeb285e764aa23e584f737ab1be4,base,reactivity,0,0,689.611,0,0.1067,108.72,44.65,316,outlier,cls,1ece8e4b58
96ec3f9105bebeb285e764aa23e584f737ab1be4,base,reactivity,1,3,767.5806,0,0.1067,85.178,27.413,319,outlier,cls,1ece8e4b58
96ec3f9105bebeb285e764aa23e584f737ab1be4,base,reactivity,2,4,768.1651,0,0,103.673,42.554,315,ok,,1ece8e4b58
96ec3f9105bebeb285e764aa23e584f737ab1be4,base,reactivity,3,7,729.1401,1.0364,0,103.752,35.51,319,ok,,1ece8e4b58
96ec3f9105bebeb285e764aa23e584f737ab1be4,base,reactivity,4,8,728.0922,0,0,104.011,34.582,319,ok,,1ece8e4b58
96ec3f9105bebeb285e764aa23e584f737ab1be4,head,reactivity,0,1,728.8445,10.9635,0,102.174,28.659,317,ok,,1ece8e4b58
96ec3f9105bebeb285e764aa23e584f737ab1be4,head,reactivity,1,2,688.759,35.0402,0,85.413,38.688,319,ok,,1ece8e4b58
96ec3f9105bebeb285e764aa23e584f737ab1be4,head,reactivity,2,5,729.6337,0,0.1067,86.663,33.652,317,outlier,cls,1ece8e4b58
96ec3f9105bebeb285e764aa23e584f737ab1be4,head,reactivity,3,6,688.5008,38.0832,0,102.933,35.557,318,ok,,1ece8e4b58
96ec3f9105bebeb285e764aa23e584f737ab1be4,head,reactivity,4,9,728.698,0,0.1067,86.357,32.231,318,outlier,cls,1ece8e4b58
7adfb64cf35de348a4c86a6eaf0f95053fa63838,base,reactivity,0,0,768.5318,0,0,113.031,62.559,335,ok,,1ece8e4b58
7adfb64cf35de348a4c86a6eaf0f95053fa63838,base,reactivity,1,3,728.8365,0.169,0,103.356,28.251,317,ok,,1ece8e4b58
7adfb64cf35de348a4c86a6eaf0f95053fa63838,base,reactivity,2,4,688.5215,37.5798,0,102.85,33.935,318,outlier,lcp;tbt,1ece8e4b58
7adfb64cf35de348a4c86a6eaf0f95053fa63838,base,reactivity,3,7,767.9371,8.3543,0.1067,103.666,42.8,318,outlier,cls,1ece8e4b58
7adfb64cf35de348a4c86a6eaf0f95053fa63838,base,reactivity,4,8,768.2965,0,0,101.667,35.001,318,ok,,1ece8e4b58
7adfb64cf35de348a4c86a6eaf0f95053fa63838,head,reactivity,0,1,769.6712,117.7763,0,103.461,33.803,318,outlier,tbt,1ece8e4b58
7adfb64cf35de348a4c86a6eaf0f95053fa63838,head,reactivity,1,2,769.1635,84.0,0.1067,141.77,99.651,353,outlier,tbt;cls;inp;tbtFlow,1ece8e4b58
7adfb64cf35de348a4c86a6eaf0f95053fa63838,head,reactivity,2,5,768.5326,7.1558,0,103.416,71.13,317,outlier,tbtFlow,1ece8e4b58
7adfb64cf35de348a4c86a6eaf0f95053fa63838,head,reactivity,3,6,768.5006,0,0,103.99,35.927,316,ok,,1ece8e4b58
7adfb64cf35de348a4c86a6eaf0f95053fa63838,head,reactivity,4,9,768.0145,2.1655,0,104.145,39.83,318,ok,,1ece8e4b58
5a1e8c27b355548329a17e0d8c306b1736607ad9,base,reactivity,0,0,690.9253,8.1791,0.1067,110.652,49.625,316,outlier,cls,1ece8e4b58
5a1e8c27b355548329a17e0d8c306b1736607ad9,base,reactivity,1,3,769.2541,3.9153,0.1067,103.54,33.874,317,outlier,cls,1ece8e4b58
5a1e8c27b355548329a17e0d8c306b1736607ad9,base,reactivity,2,4,689.2516,0,0,103.512,39.095,319,ok,,1ece8e4b58
5a1e8c27b355548329a17e0d8c306b1736607ad9,base,reactivity,3,7,689.0792,2.4736,0,103.692,63.785,317,ok,,1ece8e4b58
5a1e8c27b355548329a17e0d8c306b1736607ad9,base,reactivity,4,8,688.8916,0,0,103.435,37.074,300,ok,,1ece8e4b58
5a1e8c27b355548329a17e0d8c306b1736607ad9,base,reactivity,5,11,768.4654,118.6241,0,103.882,31.638,336,outlier,tbt,1ece8e4b58
5a1e8c27b355548329a17e0d8c306b1736607ad9,base,reactivity,6,12,728.0972,2.0488,0.1067,114.084,66.652,335,outlier,cls,1ece8e4b58
5a1e8c27b355548329a17e0d8c306b1736607ad9,base,reactivity,7,15,768.6796,0,0.1067,85.965,30.42,319,outlier,cls,1ece8e4b58
5a1e8c27b355548329a17e0d8c306b1736607ad9,base,reactivity,8,16,767.7314,0,0.1067,103.831,36.96,316,outlier,cls,1ece8e4b58
5a1e8c27b355548329a17e0d8c306b1736607ad9,base,reactivity,9,19,729.1542,0,0,86.086,44.007,318,ok,,1ece8e4b58
5a1e8c27b355548329a17e0d8c306b1736607ad9,base,reactivity,10,20,769.4149,0,0,103.313,39.118,317,ok,,1ece8e4b58
5a1e8c27b355548329a17e0d8c306b1736607ad9,base,reactivity,11,23,767.9755,2.3415,0,102.208,45.56,317,ok,,1ece8e4b58
5a1e8c27b355548329a17e0d8c306b1736607ad9,base,reactivity,12,24,767.2586,7.5804,0.1067,104.198,40.914,319,outlier,cls,1ece8e4b58
5a1e8c27b355548329a17e0d8c306b1736607ad9,base,reactivity,13,27,728.5815,8.1255,0,105.993,40.842,318,ok,,1ece8e4b58
5a1e8c27b355548329a17e0d8c306b1736607ad9,base,reactivity,14,28,688.9262,0,0,86.025,30.691,317,ok,,1ece8e4b58
5a1e8c27b355548329a17e0d8c306b1736607ad9,head,reactivity,0,1,770.0083,2.0657,0.1067,102.308,57.936,333,outlier,cls,1ece8e4b58
5a1e8c27b355548329a17e0d8c306b1736607ad9,head,reactivity,1,2,768.6646,0,0,103.372,56.428,318,ok,,1ece8e4b58
5a1e8c27b355548329a17e0d8c306b1736607ad9,head,reactivity,2,5,769.406,10.8646,0,85.773,31.934,318,ok,,1ece8e4b58
5a1e8c27b355548329a17e0d8c306b1736607ad9,head,reactivity,3,6,769.303,0,0.1067,86.236,30.855,319,outlier,cls,1ece8e4b58
5a1e8c27b355548329a17e0d8c306b1736607ad9,head,reactivity,4,9,728.2634,28.3292,0,85.453,36.658,316,ok,,1ece8e4b58
5a1e8c27b355548329a17e0d8c306b1736607ad9,head,reactivity,5,10,688.8623,7.023,0,103.981,32.931,318,outlier,lcp,1ece8e4b58
5a1e8c27b355548329a17e0d8c306b1736607ad9,head,reactivity,6,13,728.543,0,0,86.149,36.129,318,ok,,1ece8e4b58
5a1e8c27b355548329a17e0d8c306b1736607ad9,head,reactivity,7,14,688.1741,4.6377,0,84.447,33.389,317,outlier,lcp,1ece8e4b58
5a1e8c27b355548329a17e0d8c306b1736607ad9,head,reactivity,8,17,768.2527,0,0,103.905,43.338,317,ok,,1ece8e4b58
5a1e8c27b355548329a17e0d8c306b1736607ad9,head,reactivity,9,18,807.8655,39.6184,0.1067,103.55,32.274,315,outlier,tbt;cls,1ece8e4b58
5a1e8c27b355548329a17e0d8c306b1736607ad9,head,reactivity,10,21,768.0168,29.4677,0,103.156,33.817,332,ok,,1ece8e4b58
5a1e8c27b355548329a17e0d8c306b1736607ad9,head,reactivity,11,22,768.1988,0,0,84.597,32.091,336,ok,,1ece8e4b58
5a1e8c27b355548329a17e0d8c306b1736607ad9,head,reactivity,12,25,728.9468,45.0843,0.1067,103.563,38.613,320,outlier,tbt;cls,1ece8e4b58
5a1e8c27b355548329a17e0d8c306b1736607ad9,head,reactivity,13,26,768.1799,0.0561,0,104.093,41.9,334,ok,,1ece8e4b58
5a1e8c27b355548329a17e0d8c306b1736607ad9,head,reactivity,14,29,687.0839,0.8194,0,103.908,40.438,318,outlier,lcp,1ece8e4b58
cfeabfbb64ff3e6ccd0dcf56947cadaf5986dace,base,reactivity,0,0,689.254,2.4577,0,113.021,45.099,299,outlier,lcp,1ece8e4b58
cfeabfbb64ff3e6ccd0dcf56947cadaf5986dace,base,reactivity,1,3,728.0274,0,0,85.123,29.13,318,ok,,1ece8e4b58
cfeabfbb64ff3e6ccd0dcf56947cadaf5986dace,base,reactivity,2,4,769.1903,0,0,99.542,43.344,319,ok,,1ece8e4b58
cfeabfbb64ff3e6ccd0dcf56947cadaf5986dace,base,reactivity,3,7,768.904,0,0,103.75,38.344,335,ok,,1ece8e4b58
cfeabfbb64ff3e6ccd0dcf56947cadaf5986dace,base,reactivity,4,8,769.1814,0,0,103.756,36.772,318,ok,,1ece8e4b58
cfeabfbb64ff3e6ccd0dcf56947cadaf5986dace,head,reactivity,0,1,769.3415,0,0,104.06,34.769,315,ok,,1ece8e4b58
cfeabfbb64ff3e6ccd0dcf56947cadaf5986dace,head,reactivity,1,2,729.3369,0.3001,0,85.257,31.96,319,ok,,1ece8e4b58
cfeabfbb64ff3e6ccd0dcf56947cadaf5986dace,head,reactivity,2,5,770.0929,14.6357,0.1067,103.074,36.204,316,outlier,cls,1ece8e4b58
cfeabfbb64ff3e6ccd0dcf56947cadaf5986dace,head,reactivity,3,6,768.043,4.814,0.1067,140.379,100.138,335,outlier,cls;inp;tbtFlow,1ece8e4b58
cfeabfbb64ff3e6ccd0dcf56947cadaf5986dace,head,reactivity,4,9,807.8117,0,0,103.678,32.524,320,ok,,1ece8e4b58
854be522a9c75ecad05ded8e0fd22c94e32237ce,base,reactivity,0,0,768.373,1.209,0,112.663,40.147,318,outlier,inp,1ece8e4b58
854be522a9c75ecad05ded8e0fd22c94e32237ce,base,reactivity,1,3,769.5406,0,0.1067,86.032,30.35,333,outlier,cls,1ece8e4b58
854be522a9c75ecad05ded8e0fd22c94e32237ce,base,reactivity,2,4,768.0867,0,0,86.19,33.702,335,ok,,1ece8e4b58
854be522a9c75ecad05ded8e0fd22c94e32237ce,base,reactivity,3,7,728.7964,24.4809,0.1067,86.24,29.584,337,outlier,cls,1ece8e4b58
854be522a9c75ecad05ded8e0fd22c94e32237ce,base,reactivity,4,8,768.2599,11.2467,0,86.016,29.232,319,ok,,1ece8e4b58
854be522a9c75ecad05ded8e0fd22c94e32237ce,head,reactivity,0,1,729.0144,0,0.1067,103.119,34.944,318,outlier,cls,1ece8e4b58
854be522a9c75ecad05ded8e0fd22c94e32237ce,head,reactivity,1,2,729.6075,0,0,103.324,39.305,319,ok,,1ece8e4b58
854be522a9c75ecad05ded8e0fd22c94e32237ce,head,reactivity,2,5,768.9719,5.1529,0,85.357,33.021,334,ok,,1ece8e4b58
854be522a9c75ecad05ded8e0fd22c94e32237ce,head,reactivity,3,6,767.9586,0,0,86.19,35.535,320,ok,,1ece8e4b58
854be522a9c75ecad05ded8e0fd22c94e32237ce,head,reactivity,4,9,687.5976,0,0.1067,103.25,38.577,315,outlier,cls,1ece8e4b58
0022e621dab105448ae4a3ea0f498e811166e9f4,base,reactivity,0,0,808.024,0,0.1067,99.484,37.116,401,outlier,cls;lcpObs,1ece8e4b58
0022e621dab105448ae4a3ea0f498e811166e9f4,base,reactivity,1,3,686.9924,0,0,107.689,37.608,301,outlier,lcp,1ece8e4b58
0022e621dab105448ae4a3ea0f498e811166e9f4,base,reactivity,2,4,768.3871,0,0,89.022,19.759,326,ok,,1ece8e4b58
0022e621dab105448ae4a3ea0f498e811166e9f4,base,reactivity,3,7,767.1541,0,0.1067,86.353,17.082,337,outlier,cls,1ece8e4b58
0022e621dab105448ae4a3ea0f498e811166e9f4,base,reactivity,4,8,767.6817,0.1723,0,96.248,21.292,340,ok,,1ece8e4b58
0022e621dab105448ae4a3ea0f498e811166e9f4,head,reactivity,0,1,769.2511,41.8326,0,91.353,20.009,326,outlier,tbt,1ece8e4b58
0022e621dab105448ae4a3ea0f498e811166e9f4,head,reactivity,1,2,727.9344,1.7031,0,98.714,22.337,316,ok,,1ece8e4b58
0022e621dab105448ae4a3ea0f498e811166e9f4,head,reactivity,2,5,768.874,0,0,102.67,22.302,328,ok,,1ece8e4b58
0022e621dab105448ae4a3ea0f498e811166e9f4,head,reactivity,3,6,687.9126,1.1812,0.1067,100.459,23.42,318,outlier,lcp;cls,1ece8e4b58
0022e621dab105448ae4a3ea0f498e811166e9f4,head,reactivity,4,9,768.2665,14.489,0,103.51,23.658,328,ok,,1ece8e4b58
988045599fae83e0d8d6f462d6f5681cef47e48b,base,reactivity,0,0,728.2172,43.2459,0,101.488,15.451,325,outlier,tbt,1ece8e4b58
988045599fae83e0d8d6f462d6f5681cef47e48b,base,reactivity,1,3,687.531,0,0.1067,100.761,45.631,309,outlier,cls,1ece8e4b58
988045599fae83e0d8d6f462d6f5681cef47e48b,base,reactivity,2,4,807.8187,0,0,96.083,14.037,325,ok,,1ece8e4b58
988045599fae83e0d8d6f462d6f5681cef47e48b,base,reactivity,3,7,728.4418,1.3711,0,101.993,20.924,317,ok,,1ece8e4b58
988045599fae83e0d8d6f462d6f5681cef47e48b,base,reactivity,4,8,767.6803,0,0,94.283,18.927,315,ok,,1ece8e4b58
988045599fae83e0d8d6f462d6f5681cef47e48b,head,reactivity,0,1,767.9551,0,0,94.419,16.559,316,ok,,1ece8e4b58
988045599fae83e0d8d6f462d6f5681cef47e48b,head,reactivity,1,2,768.7494,0,0,93.664,12.84,334,ok,,1ece8e4b58
988045599fae83e0d8d6f462d6f5681cef47e48b,head,reactivity,2,5,767.0569,0,0,97.422,17.724,321,ok,,1ece8e4b58
988045599fae83e0d8d6f462d6f5681cef47e48b,head,reactivity,3,6,686.5464,0.4089,0,93.393,21.904,314,outlier,lcp,1ece8e4b58
988045599fae83e0d8d6f462d6f5681cef47e48b,head,reactivity,4,9,767.4463,0,0.1067,96.436,26.396,323,outlier,cls,1ece8e4b58
d1b3d3b89520fc4f450cc5dd5e41478826157ca3,base,reactivity,0,0,768.7573,0,0,99.908,22.637,325,ok,,1ece8e4b58
d1b3d3b89520fc4f450cc5dd5e41478826157ca3,base,reactivity,1,3,727.8442,0,0,96.565,19.276,319,ok,,1ece8e4b58
d1b3d3b89520fc4f450cc5dd5e41478826157ca3,base,reactivity,2,4,687.6494,7.2251,0,88.749,23.669,313,ok,,1ece8e4b58
d1b3d3b89520fc4f450cc5dd5e41478826157ca3,base,reactivity,3,7,687.9143,1.1809,0,92.542,21.515,308,ok,,1ece8e4b58
d1b3d3b89520fc4f450cc5dd5e41478826157ca3,base,reactivity,4,8,769.4587,1.8471,0,103.045,20.167,309,ok,,1ece8e4b58
d1b3d3b89520fc4f450cc5dd5e41478826157ca3,head,reactivity,0,1,768.053,37.3157,0,99.501,28.952,316,ok,,1ece8e4b58
d1b3d3b89520fc4f450cc5dd5e41478826157ca3,head,reactivity,1,2,687.7433,42.9189,0,98.968,27.549,321,outlier,lcp,1ece8e4b58
d1b3d3b89520fc4f450cc5dd5e41478826157ca3,head,reactivity,2,5,767.6266,0,0,93.483,19.945,320,outlier,tbt,1ece8e4b58
d1b3d3b89520fc4f450cc5dd5e41478826157ca3,head,reactivity,3,6,687.9505,1.1749,0,87.392,19.069,312,outlier,lcp;tbt,1ece8e4b58
d1b3d3b89520fc4f450cc5dd5e41478826157ca3,head,reactivity,4,9,768.1995,43.8704,0,96.249,19.269,337,ok,,1ece8e4b58
7d7d50ede8b5ef49791625021b28590e0ef2b76a,base,reactivity,0,0,768.0838,19.6108,0.1067,103.127,25.61,341,outlier,cls,1ece8e4b58
7d7d50ede8b5ef49791625021b28590e0ef2b76a,base,reactivity,1,3,728.3707,5.8565,0,106.677,29.169,322,ok,,1ece8e4b58
7d7d50ede8b5ef49791625021b28590e0ef2b76a,base,reactivity,2,4,766.8679,2.7107,0,84.463,15.783,317,ok,,1ece8e4b58
7d7d50ede8b5ef49791625021b28590e0ef2b76a,base,reactivity,3,7,768.1227,0,0.1067,103.049,21.889,319,outlier,cls,1ece8e4b58
7d7d50ede8b5ef49791625021b28590e0ef2b76a,base,reactivity,4,8,687.0905,0,0,87.329,17.188,316,outlier,lcp,1ece8e4b58
7d7d50ede8b5ef49791625021b28590e0ef2b76a,head,reactivity,0,1,769.5718,0,0,94.319,24.542,334,ok,,1ece8e4b58
7d7d50ede8b5ef49791625021b28590e0ef2b76a,head,reactivity,1,2,769.6462,3.8568,0.1067,99.811,27.206,336,outlier,cls,1ece8e4b58
7d7d50ede8b5ef49791625021b28590e0ef2b76a,head,reactivity,2,5,727.2092,2.7143,0,102.476,24.921,318,ok,,1ece8e4b58
7d7d50ede8b5ef49791625021b28590e0ef2b76a,head,reactivity,3,6,766.7815,25.479,0.1067,84.312,16.288,333,outlier,cls,1ece8e4b58
7d7d50ede8b5ef49791625021b28590e0ef2b76a,head,reactivity,4,9,727.0626,45.0599,0,85.28,18.131,320,outlier,tbt,1ece8e4b58
0e5f89fa1004e48d499fe752008e26bac3a55bca,base,reactivity,0,0,768.3089,4.2303,0,102.085,16.009,318,ok,,1ece8e4b58
0e5f89fa1004e48d499fe752008e26bac3a55bca,base,reactivity,1,3,726.9648,0,0,102.984,20.327,319,ok,,1ece8e4b58
0e5f89fa1004e48d499fe752008e26bac3a55bca,base,reactivity,2,4,767.2143,5.5953,0,103.364,29.208,318,ok,,1ece8e4b58
0e5f89fa1004e48d499fe752008e26bac3a55bca,base,reactivity,3,7,766.3909,0,0,103.796,15.187,338,ok,,1ece8e4b58
0e5f89fa1004e48d499fe752008e26bac3a55bca,base,reactivity,4,8,806.8304,27.3073,0,103.344,24.503,338,ok,,1ece8e4b58
0e5f89fa1004e48d499fe752008e26bac3a55bca,head,reactivity,0,1,770.1454,0,0,88.612,10.858,318,ok,,1ece8e4b58
0e5f89fa1004e48d499fe752008e26bac3a55bca,head,reactivity,1,2,728.0276,0,0.1067,98.617,32.872,316,outlier,cls,1ece8e4b58
0e5f89fa1004e48d499fe752008e26bac3a55bca,head,reactivity,2,5,767.1093,55.0,0,103.14,13.349,316,outlier,tbt,1ece8e4b58
0e5f89fa1004e48d499fe752008e26bac3a55bca,head,reactivity,3,6,728.5152,0.0818,0,103.006,20.633,318,ok,,1ece8e4b58
0e5f89fa1004e48d499fe752008e26bac3a55bca,head,reactivity,4,9,766.7403,47.1223,0,87.288,13.752,333,outlier,tbt,1ece8e4b58
0b6356439afff5daa2c873f339f6c5ae37d60abe,base,reactivity,0,0,729.4238,43.2971,0.1067,99.696,21.845,354,outlier,tbt;cls,1ece8e4b58
0b6356439afff5daa2c873f339f6c5ae37d60abe,base,reactivity,1,3,769.0996,38.4619,0,103.969,17.803,334,outlier,tbt,1ece8e4b58
0b6356439afff5daa2c873f339f6c5ae37d60abe,base,reactivity,2,4,767.5745,0,0,85.216,8.583,337,ok,,1ece8e4b58
0b6356439afff5daa2c873f339f6c5ae37d60abe,base,reactivity,3,7,727.1385,1.163,0,101.048,20.167,317,ok,,1ece8e4b58
0b6356439afff5daa2c873f339f6c5ae37d60abe,base,reactivity,4,8,767.7211,0,0,86.677,18.803,317,ok,,1ece8e4b58
0b6356439afff5daa2c873f339f6c5ae37d60abe,head,reactivity,0,1,768.3499,0,0.1067,103.575,20.779,319,outlier,cls,1ece8e4b58
0b6356439afff5daa2c873f339f6c5ae37d60abe,head,reactivity,1,2,767.1073,4.9147,0,87.596,12.559,318,ok,,1ece8e4b58
0b6356439afff5daa2c873f339f6c5ae37d60abe,head,reactivity,2,5,727.6472,50.8448,0.1067,85.256,15.459,336,outlier,tbt;cls,1ece8e4b58
0b6356439afff5daa2c873f339f6c5ae37d60abe,head,reactivity,3,6,768.3497,5.2167,0,103.024,12.591,316,ok,,1ece8e4b58
0b6356439afff5daa2c873f339f6c5ae37d60abe,head,reactivity,4,9,768.0041,35.1318,0,103.871,23.067,318,ok,,1ece8e4b58
54d0d235ba1cff658d3370372125fd9a6f88df57,base,reactivity,0,0,728.7496,0,0,102.059,11.225,315,ok,,1ece8e4b58
54d0d235ba1cff658d3370372125fd9a6f88df57,base,reactivity,1,3,727.558,0,0,103.824,17.266,319,ok,,1ece8e4b58
54d0d235ba1cff658d3370372125fd9a6f88df57,base,reactivity,2,4,767.6983,2.4339,0,102.997,18.29,317,ok,,1ece8e4b58
54d0d235ba1cff658d3370372125fd9a6f88df57,base,reactivity,3,7,688.0217,3.663,0,103.5,36.652,317,ok,,1ece8e4b58
54d0d235ba1cff658d3370372125fd9a6f88df57,base,reactivity,4,8,727.0502,9.3013,0,103.4,19.072,319,ok,,1ece8e4b58
54d0d235ba1cff658d3370372125fd9a6f88df57,head,reactivity,0,1,768.1137,0,0,103.685,24.803,318,ok,,1ece8e4b58
54d0d235ba1cff658d3370372125fd9a6f88df57,head,reactivity,1,2,769.4662,0,0,103.206,46.546,318,ok,,1ece8e4b58
54d0d235ba1cff658d3370372125fd9a6f88df57,head,reactivity,2,5,686.6558,5.8907,0,88.549,17.191,319,outlier,lcp,1ece8e4b58
54d0d235ba1cff658d3370372125fd9a6f88df57,head,reactivity,3,6,728.148,2.846,0.1067,103.99,19.235,318,outlier,cls,1ece8e4b58
54d0d235ba1cff658d3370372125fd9a6f88df57,head,reactivity,4,9,767.2763,12.2326,0,103.331,18.144,336,ok,,1ece8e4b58
fcee6236c1e2c3ecf0cc85945eb1db120f43af10,base,reactivity,0,0,767.4824,40.5059,0,107.29,20.502,317,outlier,tbt,1ece8e4b58
fcee6236c1e2c3ecf0cc85945eb1db120f43af10,base,reactivity,1,3,769.1268,3.9577,0,103.416,24.482,318,ok,,1ece8e4b58
fcee6236c1e2c3ecf0cc85945eb1db120f43af10,base,reactivity,2,4,768.6268,39.1244,0,103.363,18.728,316,outlier,tbt,1ece8e4b58
fcee6236c1e2c3ecf0cc85945eb1db120f43af10,base,reactivity,3,7,807.6712,6.4429,0,103.56,16.965,318,ok,,1ece8e4b58
fcee6236c1e2c3ecf0cc85945eb1db120f43af10,base,reactivity,4,8,728.169,0.4595,0.1067,86.01,14.271,319,outlier,cls,1ece8e4b58
fcee6236c1e2c3ecf0cc85945eb1db120f43af10,base,reactivity,5,11,687.4266,0.2622,0.1067,84.418,15.276,318,outlier,lcp;cls,1ece8e4b58
fcee6236c1e2c3ecf0cc85945eb1db120f43af10,base,reactivity,6,12,768.1084,4.0893,0,86.057,28.831,335,ok,,1ece8e4b58
fcee6236c1e2c3ecf0cc85945eb1db120f43af10,base,reactivity,7,15,768.4891,0,0.1067,103.697,35.767,374,outlier,cls;lcpObs,1ece8e4b58
fcee6236c1e2c3ecf0cc85945eb1db120f43af10,base,reactivity,8,16,687.5696,1.7384,0,86.694,15.302,299,outlier,lcp,1ece8e4b58
fcee6236c1e2c3ecf0cc85945eb1db120f43af10,base,reactivity,9,19,767.0858,0,0,103.675,20.712,320,ok,,1ece8e4b58
fcee6236c1e2c3ecf0cc85945eb1db120f43af10,base,reactivity,10,20,769.2609,26.8886,0,103.883,20.275,334,ok,,1ece8e4b58
fcee6236c1e2c3ecf0cc85945eb1db120f43af10,base,reactivity,11,23,687.2126,2.7979,0.1067,103.978,19.575,318,outlier,lcp;cls,1ece8e4b58
fcee6236c1e2c3ecf0cc85945eb1db120f43af10,base,reactivity,12,24,767.3882,0,0,103.177,21.842,334,ok,,1ece8e4b58
fcee6236c1e2c3ecf0cc85945eb1db120f43af10,base,reactivity,13,27,767.5354,29.4882,0,84.148,17.881,319,ok,,1ece8e4b58
fcee6236c1e2c3ecf0cc85945eb1db120f43af10,base,reactivity,14,28,727.3754,0,0,85.409,16.879,316,ok,,1ece8e4b58
fcee6236c1e2c3ecf0cc85945eb1db120f43af10,head,reactivity,0,1,768.4042,0,0,86.024,15.006,316,ok,,1ece8e4b58
fcee6236c1e2c3ecf0cc85945eb1db120f43af10,head,reactivity,1,2,768.1097,0,0,87.166,8.761,316,ok,,1ece8e4b58
fcee6236c1e2c3ecf0cc85945eb1db120f43af10,head,reactivity,2,5,688.1221,38.1463,0,86.237,14.246,315,outlier,tbt,1ece8e4b58
fcee6236c1e2c3ecf0cc85945eb1db120f43af10,head,reactivity,3,6,767.4858,9.5047,0,85.702,11.581,319,ok,,1ece8e4b58
fcee6236c1e2c3ecf0cc85945eb1db120f43af10,head,reactivity,4,9,728.3826,0,0,85.988,23.462,319,ok,,1ece8e4b58
fcee6236c1e2c3ecf0cc85945eb1db120f43af10,head,reactivity,5,10,686.4379,9.354,0,84.559,25.166,349,ok,,1ece8e4b58
fcee6236c1e2c3ecf0cc85945eb1db120f43af10,head,reactivity,6,13,687.4829,0.0057,0,85.555,21.505,317,ok,,1ece8e4b58
fcee6236c1e2c3ecf0cc85945eb1db120f43af10,head,reactivity,7,14,728.1907,0,0,103.842,28.879,332,ok,,1ece8e4b58
fcee6236c1e2c3ecf0cc85945eb1db120f43af10,head,reactivity,8,17,766.7012,9.7662,0,85.323,10.901,337,ok,,1ece8e4b58
fcee6236c1e2c3ecf0cc85945eb1db120f43af10,head,reactivity,9,18,767.3991,0,0.1067,86.009,10.869,318,outlier,cls,1ece8e4b58
fcee6236c1e2c3ecf0cc85945eb1db120f43af10,head,reactivity,10,21,686.8637,0.356,0,85.365,24.178,300,ok,,1ece8e4b58
fcee6236c1e2c3ecf0cc85945eb1db120f43af10,head,reactivity,11,22,687.5277,15.4907,0,85.028,18.278,318,ok,,1ece8e4b58
fcee6236c1e2c3ecf0cc85945eb1db120f43af10,head,reactivity,12,25,686.5466,41.3178,0,85.492,16.797,318,outlier,tbt,1ece8e4b58
fcee6236c1e2c3ecf0cc85945eb1db120f43af10,head,reactivity,13,26,768.01,0,0,86.11,32.415,319,ok,,1ece8e4b58
fcee6236c1e2c3ecf0cc85945eb1db120f43af10,head,reactivity,14,29,766.9289,8.6904,0,86.232,12.838,317,ok,,1ece8e4b58
4e0fa3e29102ef5bb6d96d1334452b503985bce0,base,reactivity,0,0,727.4001,7.9309,0,101.532,18.758,318,ok,,1ece8e4b58
4e0fa3e29102ef5bb6d96d1334452b503985bce0,base,reactivity,1,3,768.058,0,0,84.56,15.011,316,ok,,1ece8e4b58
4e0fa3e29102ef5bb6d96d1334452b503985bce0,base,reactivity,2,4,728.7033,0.6792,0,85.952,18.479,318,ok,,1ece8e4b58
4e0fa3e29102ef5bb6d96d1334452b503985bce0,base,reactivity,3,7,730.6843,7.3972,0,87.038,20.301,337,ok,,1ece8e4b58
4e0fa3e29102ef5bb6d96d1334452b503985bce0,base,reactivity,4,8,727.8016,4.7498,0.1067,85.413,22.903,316,outlier,cls,1ece8e4b58
4e0fa3e29102ef5bb6d96d1334452b503985bce0,head,reactivity,0,1,770.2586,6.5804,0,85.107,17.394,318,outlier,cls,1ece8e4b58
4e0fa3e29102ef5bb6d96d1334452b503985bce0,head,reactivity,1,2,848.1006,3.4644,0.1067,87.351,19.159,337,outlier,lcp,1ece8e4b58
4e0fa3e29102ef5bb6d96d1334452b503985bce0,head,reactivity,2,5,768.197,4.2677,0.1067,98.988,32.913,316,ok,,1ece8e4b58
4e0fa3e29102ef5bb6d96d1334452b503985bce0,head,reactivity,3,6,727.2374,0,0.1067,84.972,21.271,334,ok,,1ece8e4b58
4e0fa3e29102ef5bb6d96d1334452b503985bce0,head,reactivity,4,9,767.7731,0,0,86.079,23.592,338,outlier,cls,1ece8e4b58
ef5373469541ad01aedbc91ab491e32e96c3a635,base,reactivity,0,0,687.7133,0.2144,0,102.219,22.724,299,outlier,lcp,1ece8e4b58
ef5373469541ad01aedbc91ab491e32e96c3a635,base,reactivity,1,3,768.3732,3.209,0.1067,85.522,21.012,318,outlier,cls,1ece8e4b58
ef5373469541ad01aedbc91ab491e32e96c3a635,base,reactivity,2,4,767.5474,9.4842,0,86.697,22.422,318,ok,,1ece8e4b58
ef5373469541ad01aedbc91ab491e32e96c3a635,base,reactivity,3,7,767.3092,37.5636,0,85.228,26.064,319,outlier,tbt,1ece8e4b58
ef5373469541ad01aedbc91ab491e32e96c3a635,base,reactivity,4,8,688.6874,2.0521,0.1067,103.832,23.728,318,outlier,lcp;cls,1ece8e4b58
ef5373469541ad01aedbc91ab491e32e96c3a635,head,reactivity,0,1,766.6849,48.7717,0,85.732,20.381,318,outlier,tbt,1ece8e4b58
ef5373469541ad01aedbc91ab491e32e96c3a635,head,reactivity,1,2,687.5694,3.7384,0,84.03,28.913,317,ok,,1ece8e4b58
ef5373469541ad01aedbc91ab491e32e96c3a635,head,reactivity,2,5,767.7292,0,0,85.218,15.726,317,ok,,1ece8e4b58
ef5373469541ad01aedbc91ab491e32e96c3a635,head,reactivity,3,6,687.4829,3.2529,0,103.292,24.347,299,ok,,1ece8e4b58
ef5373469541ad01aedbc91ab491e32e96c3a635,head,reactivity,4,9,728.1521,16.4396,0,85.019,23.413,335,ok,,1ece8e4b58
c80de28a4af9030e4d0342bb68a33c18fc16b907,base,reactivity,0,0,767.6656,3.9437,0,84.695,20.129,335,ok,,1ece8e4b58
c80de28a4af9030e4d0342bb68a33c18fc16b907,base,reactivity,1,3,686.6156,36.3974,0,85.743,18.237,300,outlier,lcp;tbt,1ece8e4b58
c80de28a4af9030e4d0342bb68a33c18fc16b907,base,reactivity,2,4,768.5821,4.1393,0,85.315,7.645,317,ok,,1ece8e4b58
c80de28a4af9030e4d0342bb68a33c18fc16b907,base,reactivity,3,7,767.5392,23.8124,0,85.224,18.669,337,ok,,1ece8e4b58
c80de28a4af9030e4d0342bb68a33c18fc16b907,base,reactivity,4,8,687.6981,35.8714,0,86.07,6.598,318,outlier,lcp;tbt,1ece8e4b58
c80de28a4af9030e4d0342bb68a33c18fc16b907,base,reactivity,5,11,767.4483,81.0,0,85.217,16.264,334,outlier,tbt,1ece8e4b58
c80de28a4af9030e4d0342bb68a33c18fc16b907,base,reactivity,6,12,768.7699,4.0767,0,85.968,23.253,320,ok,,1ece8e4b58
c80de28a4af9030e4d0342bb68a33c18fc16b907,base,reactivity,7,15,768.7483,0,0,86,15.511,318,ok,,1ece8e4b58
c80de28a4af9030e4d0342bb68a33c18fc16b907,base,reactivity,8,16,767.2453,0,0,84.973,16.734,317,ok,,1ece8e4b58
c80de28a4af9030e4d0342bb68a33c18fc16b907,base,reactivity,9,19,767.2483,3.4062,0.1067,85.875,17.384,335,outlier,cls,1ece8e4b58
c80de28a4af9030e4d0342bb68a33c18fc16b907,base,reactivity,10,20,727.2455,0,0,86.309,20.519,317,ok,,1ece8e4b58
c80de28a4af9030e4d0342bb68a33c18fc16b907,base,reactivity,11,23,728.4565,0,0.1067,111.577,22.559,317,outlier,cls;inp,1ece8e4b58
c80de28a4af9030e4d0342bb68a33c18fc16b907,base,reactivity,12,24,768.0487,13.7714,0,99.448,17.776,337,ok,,1ece8e4b58
c80de28a4af9030e4d0342bb68a33c18fc16b907,base,reactivity,13,27,767.5649,11.3236,0,103.971,29.071,336,ok,,1ece8e4b58
c80de28a4af9030e4d0342bb68a33c18fc16b907,base,reactivity,14,28,728.3977,4.9382,0.1067,103.68,29.032,317,outlier,cls,1ece8e4b58
c80de28a4af9030e4d0342bb68a33c18fc16b907,head,reactivity,0,1,768.783,1.0723,0.1067,103.357,23.317,318,outlier,cls,1ece8e4b58
c80de28a4af9030e4d0342bb68a33c18fc16b907,head,reactivity,1,2,768.0388,39.3204,0,86.017,24.018,318,outlier,tbt,1ece8e4b58
c80de28a4af9030e4d0342bb68a33c18fc16b907,head,reactivity,2,5,768.379,26.207,0,86.98,15.098,335,ok,,1ece8e4b58
c80de28a4af9030e4d0342bb68a33c18fc16b907,head,reactivity,3,6,767.515,16.495,0,103.075,25.765,317,ok,,1ece8e4b58
c80de28a4af9030e4d0342bb68a33c18fc16b907,head,reactivity,4,9,688.4888,2.0852,0,104.019,23.081,300,ok,,1ece8e4b58
c80de28a4af9030e4d0342bb68a33c18fc16b907,head,reactivity,5,10,728.2822,49.013,0,86.034,26.167,355,outlier,tbt,1ece8e4b58
c80de28a4af9030e4d0342bb68a33c18fc16b907,head,reactivity,6,13,687.2255,0,0,87.016,19.958,300,ok,,1ece8e4b58
c80de28a4af9030e4d0342bb68a33c18fc16b907,head,reactivity,7,14,687.0718,33.3214,0,85.998,18.616,318,outlier,tbt,1ece8e4b58
c80de28a4af9030e4d0342bb68a33c18fc16b907,head,reactivity,8,17,766.9113,0,0,103.326,32.109,333,ok,,1ece8e4b58
c80de28a4af9030e4d0342bb68a33c18fc16b907,head,reactivity,9,18,688.4693,0.5884,0,103.879,26.567,298,ok,,1ece8e4b58
c80de28a4af9030e4d0342bb68a33c18fc16b907,head,reactivity,10,21,687.3797,0,0,85.029,19.331,301,ok,,1ece8e4b58
c80de28a4af9030e4d0342bb68a33c18fc16b907,head,reactivity,11,22,727.7936,27.7959,0.1067,110.172,24.97,318,outlier,cls,1ece8e4b58
c80de28a4af9030e4d0342bb68a33c18fc16b907,head,reactivity,12,25,766.9181,0,0,103.04,29.706,334,ok,,1ece8e4b58
c80de28a4af9030e4d0342bb68a33c18fc16b907,head,reactivity,13,26,687.7504,0,0,104.088,30.057,319,ok,,1ece8e4b58
c80de28a4af9030e4d0342bb68a33c18fc16b907,head,reactivity,14,29,687.5698,31.3084,0,87.1,17.558,318,ok,,1ece8e4b58
dbbb83310bf3881a3ac5598a4846049d02de9cc0,base,reactivity,0,0,728.6101,31.3999,0,103.072,19.754,315,ok,,1ece8e4b58
dbbb83310bf3881a3ac5598a4846049d02de9cc0,base,reactivity,1,3,769.4193,44.8603,0,103.253,23.234,318,ok,,1ece8e4b58
dbbb83310bf3881a3ac5598a4846049d02de9cc0,base,reactivity,2,4,728.5386,4.1709,0.1067,86.023,9.973,318,outlier,cls,1ece8e4b58
dbbb83310bf3881a3ac5598a4846049d02de9cc0,base,reactivity,3,7,767.9465,0,0,86.685,16.166,319,ok,,1ece8e4b58
dbbb83310bf3881a3ac5598a4846049d02de9cc0,base,reactivity,4,8,806.9411,30.3726,0,86.057,19.629,336,ok,,1ece8e4b58
dbbb83310bf3881a3ac5598a4846049d02de9cc0,head,reactivity,0,1,767.9479,11.3507,0,84.86,23.243,317,ok,,1ece8e4b58
dbbb83310bf3881a3ac5598a4846049d02de9cc0,head,reactivity,1,2,768.5076,68.0,0.1067,85.788,11.324,353,outlier,tbt;cls,1ece8e4b58
dbbb83310bf3881a3ac5598a4846049d02de9cc0,head,reactivity,2,5,729.0994,0,0,86.154,14.703,317,ok,,1ece8e4b58
dbbb83310bf3881a3ac5598a4846049d02de9cc0,head,reactivity,3,6,727.8662,0,0,102.993,15.262,319,ok,,1ece8e4b58
dbbb83310bf3881a3ac5598a4846049d02de9cc0,head,reactivity,4,9,768.3197,42.2267,0,85.073,18.822,318,ok,,1ece8e4b58
a3c31debcb81a93806eee63c882ba7ec0c8bc15d,base,reactivity,0,0,689.5135,14.9144,0,89.387,10.693,336,outlier,lcp,1ece8e4b58
a3c31debcb81a93806eee63c882ba7ec0c8bc15d,base,reactivity,1,3,767.6075,10.4641,0,103.914,33.83,317,ok,,1ece8e4b58
a3c31debcb81a93806eee63c882ba7ec0c8bc15d,base,reactivity,2,4,767.5001,14.9163,0.1067,86.209,19.699,335,outlier,cls,1ece8e4b58
a3c31debcb81a93806eee63c882ba7ec0c8bc15d,base,reactivity,3,7,686.5826,8.4029,0,103.887,29.708,319,outlier,lcp,1ece8e4b58
a3c31debcb81a93806eee63c882ba7ec0c8bc15d,base,reactivity,4,8,767.6459,2.314,0,86.094,17.459,336,ok,,1ece8e4b58
a3c31debcb81a93806eee63c882ba7ec0c8bc15d,head,reactivity,0,1,732.2365,0,0,84.88,21.23,319,ok,,1ece8e4b58
a3c31debcb81a93806eee63c882ba7ec0c8bc15d,head,reactivity,1,2,768.3441,0,0.1067,85.968,29.12,318,outlier,cls,1ece8e4b58
a3c31debcb81a93806eee63c882ba7ec0c8bc15d,head,reactivity,2,5,732.8093,0,0,103.432,30.325,317,ok,,1ece8e4b58
a3c31debcb81a93806eee63c882ba7ec0c8bc15d,head,reactivity,3,6,727.1545,0,0,86.503,27.593,300,ok,,1ece8e4b58
a3c31debcb81a93806eee63c882ba7ec0c8bc15d,head,reactivity,4,9,847.0034,0,0,104.083,27.246,336,outlier,lcp,1ece8e4b58
7648af482716e9f6bb9a856135231e58a95a3ae8,base,reactivity,0,0,768.326,0,0.1067,101.385,16.625,316,outlier,cls,1ece8e4b58
7648af482716e9f6bb9a856135231e58a95a3ae8,base,reactivity,1,3,807.3573,0,0,103.358,28.761,336,ok,,1ece8e4b58
7648af482716e9f6bb9a856135231e58a95a3ae8,base,reactivity,2,4,733.5025,0,0,87.018,27.854,316,ok,,1ece8e4b58
7648af482716e9f6bb9a856135231e58a95a3ae8,base,reactivity,3,7,808.4358,0,0,85.159,24.357,319,ok,,1ece8e4b58
7648af482716e9f6bb9a856135231e58a95a3ae8,base,reactivity,4,8,768.231,0,0,103.578,25.932,317,ok,,1ece8e4b58
7648af482716e9f6bb9a856135231e58a95a3ae8,head,reactivity,0,1,728.3139,0,0.1067,112.178,20.218,319,outlier,cls,1ece8e4b58
7648af482716e9f6bb9a856135231e58a95a3ae8,head,reactivity,1,2,767.8384,0,0.1067,103.793,30.851,319,outlier,cls,1ece8e4b58
7648af482716e9f6bb9a856135231e58a95a3ae8,head,reactivity,2,5,728.3667,0,0,87.24,24.287,320,ok,,1ece8e4b58
7648af482716e9f6bb9a856135231e58a95a3ae8,head,reactivity,3,6,767.4346,0,0,103.65,30.891,317,ok,,1ece8e4b58
7648af482716e9f6bb9a856135231e58a95a3ae8,head,reactivity,4,9,767.1387,0,0,85.318,27.098,318,ok,,1ece8e4b58
c3a649dbae505b5adf474be9bd4918ab3cff2f5f,base,reactivity,0,0,847.6419,0,0.1067,84.417,19.282,367,outlier,cls,1ece8e4b58
c3a649dbae505b5adf474be9bd4918ab3cff2f5f,base,reactivity,1,3,776.129,0,0,86.091,21.28,336,ok,,1ece8e4b58
c3a649dbae505b5adf474be9bd4918ab3cff2f5f,base,reactivity,2,4,731.8682,0,0,85.295,26.683,318,ok,,1ece8e4b58
c3a649dbae505b5adf474be9bd4918ab3cff2f5f,base,reactivity,3,7,767.7163,0,0,87.49,24.793,320,ok,,1ece8e4b58
c3a649dbae505b5adf474be9bd4918ab3cff2f5f,base,reactivity,4,8,807.5789,7.3133,0,86.231,25.59,336,ok,,1ece8e4b58
c3a649dbae505b5adf474be9bd4918ab3cff2f5f,head,reactivity,0,1,768.6267,0,0,86.003,16.485,317,outlier,cls,1ece8e4b58
c3a649dbae505b5adf474be9bd4918ab3cff2f5f,head,reactivity,1,2,727.3438,5.1041,0,85.855,27.835,318,outlier,cls,1ece8e4b58
c3a649dbae505b5adf474be9bd4918ab3cff2f5f,head,reactivity,2,5,748.4112,0,0.1067,85.283,29.743,335,ok,,1ece8e4b58
c3a649dbae505b5adf474be9bd4918ab3cff2f5f,head,reactivity,3,6,807.5504,0,0.1067,103.6,22.876,318,ok,,1ece8e4b58
c3a649dbae505b5adf474be9bd4918ab3cff2f5f,head,reactivity,4,9,732.1508,0,0.1067,85.073,17.481,318,ok,,1ece8e4b58
9a3038b6a5a0a9b693a1241d0fb4c2368f22903c,base,reactivity,0,0,808.193,0,0,101.921,59.617,333,outlier,tbtFlow,1ece8e4b58
9a3038b6a5a0a9b693a1241d0fb4c2368f22903c,base,reactivity,1,3,807.9182,0,0,85.571,23.391,334,ok,,1ece8e4b58
9a3038b6a5a0a9b693a1241d0fb4c2368f22903c,base,reactivity,2,4,731.5435,0,0,85.272,25.333,317,ok,,1ece8e4b58
9a3038b6a5a0a9b693a1241d0fb4c2368f22903c,base,reactivity,3,7,767.3499,0,0,85.183,21.018,317,ok,,1ece8e4b58
9a3038b6a5a0a9b693a1241d0fb4c2368f22903c,base,reactivity,4,8,767.2705,0,0,86.085,20.141,318,ok,,1ece8e4b58
9a3038b6a5a0a9b693a1241d0fb4c2368f22903c,head,reactivity,0,1,734.6513,0,0.1067,102.794,31.057,316,outlier,lcp;cls,1ece8e4b58
9a3038b6a5a0a9b693a1241d0fb4c2368f22903c,head,reactivity,1,2,767.7955,0,0,103.281,40.173,316,ok,,1ece8e4b58
9a3038b6a5a0a9b693a1241d0fb4c2368f22903c,head,reactivity,2,5,807.6584,0,0.1067,87.025,30.839,336,outlier,cls,1ece8e4b58
9a3038b6a5a0a9b693a1241d0fb4c2368f22903c,head,reactivity,3,6,807.8437,0,0,85.662,23.566,338,ok,,1ece8e4b58
9a3038b6a5a0a9b693a1241d0fb4c2368f22903c,head,reactivity,4,9,808.2269,0,0,85.534,26.245,333,ok,,1ece8e4b58
328948b91996c353d5f41570336c620f0bdb3871,base,reactivity,0,0,737.4452,0,0.1067,100.062,42.912,316,outlier,cls,1ece8e4b58
328948b91996c353d5f41570336c620f0bdb3871,base,reactivity,1,3,808.2145,0,0,85.617,20.64,333,ok,,1ece8e4b58
328948b91996c353d5f41570336c620f0bdb3871,base,reactivity,2,4,767.4608,0,0,85.965,24.16,319,ok,,1ece8e4b58
328948b91996c353d5f41570336c620f0bdb3871,base,reactivity,3,7,807.4332,0,0,87.97,25.251,332,ok,,1ece8e4b58
328948b91996c353d5f41570336c620f0bdb3871,base,reactivity,4,8,734.0298,0,0,102.602,28.933,318,ok,,1ece8e4b58
328948b91996c353d5f41570336c620f0bdb3871,head,reactivity,0,1,728.4071,0,0,85.666,28.88,299,ok,,1ece8e4b58
328948b91996c353d5f41570336c620f0bdb3871,head,reactivity,1,2,734.5367,0,0,103.46,28.386,317,ok,,1ece8e4b58
328948b91996c353d5f41570336c620f0bdb3871,head,reactivity,2,5,729.663,0,0.1067,84.874,31.853,301,outlier,cls,1ece8e4b58
328948b91996c353d5f41570336c620f0bdb3871,head,reactivity,3,6,767.7025,0,0,85.398,25.169,319,ok,,1ece8e4b58
328948b91996c353d5f41570336c620f0bdb3871,head,reactivity,4,9,760.9112,0,0.1067,85.253,26.351,319,outlier,cls,1ece8e4b58
81d3626c5f30e64541d8979baaf900e9a9d054b0,base,reactivity,0,0,769.0165,0,0,86.737,22.168,316,ok,,1ece8e4b58
81d3626c5f30e64541d8979baaf900e9a9d054b0,base,reactivity,1,3,733.481,0,0,85.056,16.057,317,ok,,1ece8e4b58
81d3626c5f30e64541d8979baaf900e9a9d054b0,base,reactivity,2,4,732.3073,0,0.1067,86.987,24.352,318,outlier,cls,1ece8e4b58
81d3626c5f30e64541d8979baaf900e9a9d054b0,base,reactivity,3,7,767.0774,0,0.1067,85.6,21.101,317,outlier,cls,1ece8e4b58
81d3626c5f30e64541d8979baaf900e9a9d054b0,base,reactivity,4,8,734.865,0,0,103.765,30.17,338,ok,,1ece8e4b58
81d3626c5f30e64541d8979baaf900e9a9d054b0,head,reactivity,0,1,726.816,0,0,85.297,28.539,301,ok,,1ece8e4b58
81d3626c5f30e64541d8979baaf900e9a9d054b0,head,reactivity,1,2,732.1578,0,0,86.073,15.491,317,ok,,1ece8e4b58
81d3626c5f30e64541d8979baaf900e9a9d054b0,head,reactivity,2,5,807.9047,0,0,86.038,11.905,317,outlier,lcp,1ece8e4b58
81d3626c5f30e64541d8979baaf900e9a9d054b0,head,reactivity,3,6,728.4153,0,0,103.815,30.408,301,ok,,1ece8e4b58
81d3626c5f30e64541d8979baaf900e9a9d054b0,head,reactivity,4,9,745.5495,0,0,88.171,27.283,335,ok,,1ece8e4b58
ce81e35610eaacb795db37f8eeac9b9d82045cd8,base,reactivity,0,0,767.8592,0,0,86.637,17.414,317,ok,,1ece8e4b58
ce81e35610eaacb795db37f8eeac9b9d82045cd8,base,reactivity,1,3,733.3805,0,0,86.051,20.868,316,ok,,1ece8e4b58
ce81e35610eaacb795db37f8eeac9b9d82045cd8,base,reactivity,2,4,807.5757,0,0.1067,103.097,27.551,335,outlier,lcp;cls,1ece8e4b58
ce81e35610eaacb795db37f8eeac9b9d82045cd8,base,reactivity,3,7,767.7675,0,0.1067,85.7,28.123,337,outlier,cls,1ece8e4b58
ce81e35610eaacb795db37f8eeac9b9d82045cd8,base,reactivity,4,8,731.97,0,0,86.008,20.288,336,ok,,1ece8e4b58
ce81e35610eaacb795db37f8eeac9b9d82045cd8,base,reactivity,5,11,767.4619,0,0,103.203,34.153,318,ok,,1ece8e4b58
ce81e35610eaacb795db37f8eeac9b9d82045cd8,base,reactivity,6,12,733.6082,0,0,85.782,24.478,336,ok,,1ece8e4b58
ce81e35610eaacb795db37f8eeac9b9d82045cd8,base,reactivity,7,15,731.1907,0,0.1067,104.019,30.891,317,outlier,cls,1ece8e4b58
ce81e35610eaacb795db37f8eeac9b9d82045cd8,base,reactivity,8,16,768.7525,0,0,85.359,20.699,317,ok,,1ece8e4b58
ce81e35610eaacb795db37f8eeac9b9d82045cd8,base,reactivity,9,19,727.2783,0,0,103.558,32.033,301,ok,,1ece8e4b58
ce81e35610eaacb795db37f8eeac9b9d82045cd8,base,reactivity,10,20,767.8281,0,0,87.314,23.775,318,ok,,1ece8e4b58
ce81e35610eaacb795db37f8eeac9b9d82045cd8,base,reactivity,11,23,727.8684,0,0,84.759,23.171,319,ok,,1ece8e4b58
ce81e35610eaacb795db37f8eeac9b9d82045cd8,base,reactivity,12,24,733.6372,0,0.1067,102.512,53.219,338,outlier,cls,1ece8e4b58
ce81e35610eaacb795db37f8eeac9b9d82045cd8,base,reactivity,13,27,727.4682,0,0,103.613,28.886,300,ok,,1ece8e4b58
ce81e35610eaacb795db37f8eeac9b9d82045cd8,base,reactivity,14,28,768.0093,0,0,103.901,20.029,315,ok,,1ece8e4b58
ce81e35610eaacb795db37f8eeac9b9d82045cd8,head,reactivity,0,1,958.9998,0,0,84.702,21.455,480,ok,,1ece8e4b58
ce81e35610eaacb795db37f8eeac9b9d82045cd8,head,reactivity,1,2,981.2172,0,0,87.86,32.103,498,ok,,1ece8e4b58
ce81e35610eaacb795db37f8eeac9b9d82045cd8,head,reactivity,2,5,937.1204,0,0,87.494,17.573,463,ok,,1ece8e4b58
ce81e35610eaacb795db37f8eeac9b9d82045cd8,head,reactivity,3,6,926.7388,0,0,87.467,29.845,464,ok,,1ece8e4b58
ce81e35610eaacb795db37f8eeac9b9d82045cd8,head,reactivity,4,9,929.5582,0,0,85.033,28.531,481,ok,,1ece8e4b58
ce81e35610eaacb795db37f8eeac9b9d82045cd8,head,reactivity,5,10,1033.9666,0,0,85.177,24.261,499,ok,,1ece8e4b58
ce81e35610eaacb795db37f8eeac9b9d82045cd8,head,reactivity,6,13,767.841,0,0.1067,87.122,21.257,462,outlier,lcp;cls,1ece8e4b58
ce81e35610eaacb795db37f8eeac9b9d82045cd8,head,reactivity,7,14,1004.4468,0,0,84.754,25.75,461,ok,,1ece8e4b58
ce81e35610eaacb795db37f8eeac9b9d82045cd8,head,reactivity,8,17,806.9054,0,0,84.996,23.119,498,outlier,lcp,1ece8e4b58
ce81e35610eaacb795db37f8eeac9b9d82045cd8,head,reactivity,9,18,996.1572,0,0,85.118,25.356,463,ok,,1ece8e4b58
ce81e35610eaacb795db37f8eeac9b9d82045cd8,head,reactivity,10,21,923.4352,0,0,85.884,15.334,462,ok,,1ece8e4b58
ce81e35610eaacb795db37f8eeac9b9d82045cd8,head,reactivity,11,22,981.8254,0,0,85.334,27.616,480,ok,,1ece8e4b58
ce81e35610eaacb795db37f8eeac9b9d82045cd8,head,reactivity,12,25,941.5428,0,0,86.285,16.833,461,ok,,1ece8e4b58
ce81e35610eaacb795db37f8eeac9b9d82045cd8,head,reactivity,13,26,981.2388,5.4582,0,87.172,28.883,480,ok,,1ece8e4b58
ce81e35610eaacb795db37f8eeac9b9d82045cd8,head,reactivity,14,29,990.1062,0,0,85.187,28.513,479,ok,,1ece8e4b58
098dce7261d25ec1c20c8c8ddf5be09577f97c58,base,reactivity,0,0,918.3052,0,0,84.768,17.168,461,ok,,1ece8e4b58
098dce7261d25ec1c20c8c8ddf5be09577f97c58,base,reactivity,1,3,919.1828,0,0,86.079,24.357,478,ok,,1ece8e4b58
098dce7261d25ec1c20c8c8ddf5be09577f97c58,base,reactivity,2,4,900.5084,0,0,85.021,20.99,461,ok,,1ece8e4b58
098dce7261d25ec1c20c8c8ddf5be09577f97c58,base,reactivity,3,7,808.9082,0,0.1067,138.124,47.559,477,outlier,lcp;cls;inp,1ece8e4b58
098dce7261d25ec1c20c8c8ddf5be09577f97c58,base,reactivity,4,8,944.7244,1.9218,0,86.092,21.628,463,ok,,1ece8e4b58
098dce7261d25ec1c20c8c8ddf5be09577f97c58,base,reactivity,5,11,933.7096,0,0,87.191,21.703,462,ok,,1ece8e4b58
098dce7261d25ec1c20c8c8ddf5be09577f97c58,base,reactivity,6,12,901.621,0,0,85.403,27.622,459,ok,,1ece8e4b58
098dce7261d25ec1c20c8c8ddf5be09577f97c58,base,reactivity,7,15,953.9052,0,0,87.094,26.791,462,ok,,1ece8e4b58
098dce7261d25ec1c20c8c8ddf5be09577f97c58,base,reactivity,8,16,936.58,0,0,87.072,25.217,463,ok,,1ece8e4b58
098dce7261d25ec1c20c8c8ddf5be09577f97c58,base,reactivity,9,19,806.9896,0,0,87.485,26.91,481,outlier,lcp,1ece8e4b58
098dce7261d25ec1c20c8c8ddf5be09577f97c58,base,reactivity,10,20,908.499,41.5475,0,85.295,28.485,479,outlier,tbt,1ece8e4b58
098dce7261d25ec1c20c8c8ddf5be09577f97c58,base,reactivity,11,23,807.0143,0,0,85.359,26.641,461,outlier,lcp,1ece8e4b58
098dce7261d25ec1c20c8c8ddf5be09577f97c58,base,reactivity,12,24,991.037,0,0,86.227,20.286,478,ok,,1ece8e4b58
098dce7261d25ec1c20c8c8ddf5be09577f97c58,base,reactivity,13,27,933.637,7.343,0,86.567,16.9,497,ok,,1ece8e4b58
098dce7261d25ec1c20c8c8ddf5be09577f97c58,base,reactivity,14,28,940.9642,0,0,85.24,25.079,459,ok,,1ece8e4b58
098dce7261d25ec1c20c8c8ddf5be09577f97c58,head,reactivity,0,1,954.3236,0,0,86.46,17.77,460,ok,,1ece8e4b58
098dce7261d25ec1c20c8c8ddf5be09577f97c58,head,reactivity,1,2,983.3766,0,0,85.272,33.037,462,ok,,1ece8e4b58
098dce7261d25ec1c20c8c8ddf5be09577f97c58,head,reactivity,2,5,963.7322,13.0778,0,86.5,16.468,478,ok,,1ece8e4b58
098dce7261d25ec1c20c8c8ddf5be09577f97c58,head,reactivity,3,6,945.0838,0,0,86.023,28.518,462,ok,,1ece8e4b58
098dce7261d25ec1c20c8c8ddf5be09577f97c58,head,reactivity,4,9,941.951,0,0,85.149,22.929,459,ok,,1ece8e4b58
098dce7261d25ec1c20c8c8ddf5be09577f97c58,head,reactivity,5,10,1012.391,0,0,85.412,16.917,464,ok,,1ece8e4b58
098dce7261d25ec1c20c8c8ddf5be09577f97c58,head,reactivity,6,13,806.7125,0,0.1067,85.506,24.476,462,outlier,lcp;cls,1ece8e4b58
098dce7261d25ec1c20c8c8ddf5be09577f97c58,head,reactivity,7,14,976.1974,0,0,85.563,25.248,461,ok,,1ece8e4b58
098dce7261d25ec1c20c8c8ddf5be09577f97c58,head,reactivity,8,17,990.9924,1.4426,0,85.993,21.376,478,ok,,1ece8e4b58
098dce7261d25ec1c20c8c8ddf5be09577f97c58,head,reactivity,9,18,977.127,0,0,84.649,19.974,462,ok,,1ece8e4b58
098dce7261d25ec1c20c8c8ddf5be09577f97c58,head,reactivity,10,21,975.9064,0,0,86.16,19.055,461,ok,,1ece8e4b58
098dce7261d25ec1c20c8c8ddf5be09577f97c58,head,reactivity,11,22,911.0828,0,0,86.155,32.581,458,ok,,1ece8e4b58
098dce7261d25ec1c20c8c8ddf5be09577f97c58,head,reactivity,12,25,990.1842,0,0,84.577,23.608,461,ok,,1ece8e4b58
098dce7261d25ec1c20c8c8ddf5be09577f97c58,head,reactivity,13,26,962.0366,0,0,87.549,21.622,463,ok,,1ece8e4b58
098dce7261d25ec1c20c8c8ddf5be09577f97c58,head,reactivity,14,29,970.173,0,0,83.928,24.067,480,ok,,1ece8e4b58
6ca6619f81a2038adee9cac845b56cead161c104,base,reactivity,0,0,943.5324,0,0,109.767,28.129,459,outlier,inp,1ece8e4b58
6ca6619f81a2038adee9cac845b56cead161c104,base,reactivity,1,3,1018.5702,0,0,85.266,28.724,461,ok,,1ece8e4b58
6ca6619f81a2038adee9cac845b56cead161c104,base,reactivity,2,4,962.057,0,0,85.665,24.085,459,ok,,1ece8e4b58
6ca6619f81a2038adee9cac845b56cead161c104,base,reactivity,3,7,925.0744,0,0,85.783,19.521,461,ok,,1ece8e4b58
6ca6619f81a2038adee9cac845b56cead161c104,base,reactivity,4,8,993.3584,0,0,86.007,18.885,461,ok,,1ece8e4b58
6ca6619f81a2038adee9cac845b56cead161c104,head,reactivity,0,1,963.9048,55.8701,0,85.853,24.105,495,outlier,tbt,1ece8e4b58
6ca6619f81a2038adee9cac845b56cead161c104,head,reactivity,1,2,909.808,0,0,85.816,11.75,478,ok,,1ece8e4b58
6ca6619f81a2038adee9cac845b56cead161c104,head,reactivity,2,5,962.5034,0,0,85.64,21.243,462,ok,,1ece8e4b58
6ca6619f81a2038adee9cac845b56cead161c104,head,reactivity,3,6,1022.7468,0,0,87.137,19.251,462,ok,,1ece8e4b58
6ca6619f81a2038adee9cac845b56cead161c104,head,reactivity,4,9,1024.1494,0,0,86.034,15.616,462,ok,,1ece8e4b58
549b33047167d679caa44202b2a9f3e0c7ae1873,base,reactivity,0,0,807.8606,0,0,84.076,17.984,460,ok,,1ece8e4b58
549b33047167d679caa44202b2a9f3e0c7ae1873,base,reactivity,1,3,1028.3932,0,0,85.49,11.573,463,ok,,1ece8e4b58
549b33047167d679caa44202b2a9f3e0c7ae1873,base,reactivity,2,4,1001.819,0,0,85.23,16.055,463,ok,,1ece8e4b58
549b33047167d679caa44202b2a9f3e0c7ae1873,base,reactivity,3,7,959.3058,63.0,0,86.444,19.045,496,outlier,tbt,1ece8e4b58
549b33047167d679caa44202b2a9f3e0c7ae1873,base,reactivity,4,8,902.4006,0,0,86.183,25.285,463,ok,,1ece8e4b58
549b33047167d679caa44202b2a9f3e0c7ae1873,head,reactivity,0,1,995.8526,19.0237,0,85.025,22.051,461,ok,,1ece8e4b58
549b33047167d679caa44202b2a9f3e0c7ae1873,head,reactivity,1,2,967.122,0,0,85.643,15.689,480,ok,,1ece8e4b58
549b33047167d679caa44202b2a9f3e0c7ae1873,head,reactivity,2,5,946.6802,0,0,85.699,17.09,462,ok,,1ece8e4b58
549b33047167d679caa44202b2a9f3e0c7ae1873,head,reactivity,3,6,1008.8604,0,0,85.151,25.521,460,ok,,1ece8e4b58
549b33047167d679caa44202b2a9f3e0c7ae1873,head,reactivity,4,9,938.4492,0,0,86.039,17.935,462,ok,,1ece8e4b58
b67757e2d56f900d807672441a04ad91083d3939,base,reactivity,0,0,942.2804,0,0,83.204,19.953,478,ok,,1ece8e4b58
b67757e2d56f900d807672441a04ad91083d3939,base,reactivity,1,3,966.9726,19.4844,0,85.154,26.888,480,ok,,1ece8e4b58
b67757e2d56f900d807672441a04ad91083d3939,base,reactivity,2,4,936.0186,18.8162,0,85.562,13.742,493,ok,,1ece8e4b58
b67757e2d56f900d807672441a04ad91083d3939,base,reactivity,3,7,972.7106,0,0,86.348,12.862,461,ok,,1ece8e4b58
b67757e2d56f900d807672441a04ad91083d3939,base,reactivity,4,8,1008.9358,0,0,85.966,17.023,459,ok,,1ece8e4b58
b67757e2d56f900d807672441a04ad91083d3939,head,reactivity,0,1,950.7972,0,0,84.495,21.102,462,ok,,1ece8e4b58
b67757e2d56f900d807672441a04ad91083d3939,head,reactivity,1,2,970.4378,0,0,85.429,14.634,478,ok,,1ece8e4b58
b67757e2d56f900d807672441a04ad91083d3939,head,reactivity,2,5,933.5356,0,0,87.005,22.777,459,ok,,1ece8e4b58
b67757e2d56f900d807672441a04ad91083d3939,head,reactivity,3,6,952.1136,12.9664,0,86.125,10.656,481,ok,,1ece8e4b58
b67757e2d56f900d807672441a04ad91083d3939,head,reactivity,4,9,970.798,0,0,84.903,21.623,456,ok,,1ece8e4b58
21003878f0678162a4e328be9839915cd780a49d,base,reactivity,0,0,925.5752,0,0,84.373,22.696,458,ok,,1ece8e4b58
21003878f0678162a4e328be9839915cd780a49d,base,reactivity,1,3,961.7458,0,0,85.398,24.861,462,ok,,1ece8e4b58
21003878f0678162a4e328be9839915cd780a49d,base,reactivity,2,4,967.9926,0,0,85.005,24.702,460,ok,,1ece8e4b58
21003878f0678162a4e328be9839915cd780a49d,base,reactivity,3,7,957.2004,0,0,85.751,25.606,464,ok,,1ece8e4b58
21003878f0678162a4e328be9839915cd780a49d,base,reactivity,4,8,944.6388,0,0,85.972,25.576,480,ok,,1ece8e4b58
21003878f0678162a4e328be9839915cd780a49d,head,reactivity,0,1,990.1116,0,0,84.774,23.093,460,ok,,1ece8e4b58
21003878f0678162a4e328be9839915cd780a49d,head,reactivity,1,2,961.5574,0,0,86.118,22.647,479,ok,,1ece8e4b58
21003878f0678162a4e328be9839915cd780a49d,head,reactivity,2,5,993.5358,0,0,84.836,20.463,461,ok,,1ece8e4b58
21003878f0678162a4e328be9839915cd780a49d,head,reactivity,3,6,969.6232,0,0,102.963,39.696,462,ok,,1ece8e4b58
21003878f0678162a4e328be9839915cd780a49d,head,reactivity,4,9,935.4912,0,0,86.026,19.94,460,ok,,1ece8e4b58
d4527e03df68dc07e071aa61f8b9703a74300e29,base,reactivity,0,0,937.21,0,0,86.53,23.742,477,ok,,1ece8e4b58
d4527e03df68dc07e071aa61f8b9703a74300e29,base,reactivity,1,3,939.317,0,0,85.533,19.079,461,ok,,1ece8e4b58
d4527e03df68dc07e071aa61f8b9703a74300e29,base,reactivity,2,4,808.1381,0,0.1067,84.97,6.867,462,outlier,lcp;cls,1ece8e4b58
d4527e03df68dc07e071aa61f8b9703a74300e29,base,reactivity,3,7,963.6876,0,0,85.969,21.459,462,ok,,1ece8e4b58
d4527e03df68dc07e071aa61f8b9703a74300e29,base,reactivity,4,8,930.9106,0,0,85.375,20.681,479,ok,,1ece8e4b58
d4527e03df68dc07e071aa61f8b9703a74300e29,head,reactivity,0,1,941.2184,0,0,85.176,15.089,481,ok,,1ece8e4b58
d4527e03df68dc07e071aa61f8b9703a74300e29,head,reactivity,1,2,925.6932,0,0,86.043,11.476,480,ok,,1ece8e4b58
d4527e03df68dc07e071aa61f8b9703a74300e29,head,reactivity,2,5,959.1988,0,0,84.967,17.437,461,ok,,1ece8e4b58
d4527e03df68dc07e071aa61f8b9703a74300e29,head,reactivity,3,6,947.2848,0,0,85.211,24.07,463,ok,,1ece8e4b58
d4527e03df68dc07e071aa61f8b9703a74300e29,head,reactivity,4,9,943.1924,0,0,86.02,27.163,459,ok,,1ece8e4b58
bd7378a41171268ab244b869c9fcce5d337fd6ed,base,reactivity,0,0,930.2578,0,0,101.071,24.767,461,ok,,1ece8e4b58
bd7378a41171268ab244b869c9fcce5d337fd6ed,base,reactivity,1,3,808.3426,0,0,85.638,21.489,479,outlier,lcp,1ece8e4b58
bd7378a41171268ab244b869c9fcce5d337fd6ed,base,reactivity,2,4,956.1364,0,0,85.589,23.103,478,ok,,1ece8e4b58
bd7378a41171268ab244b869c9fcce5d337fd6ed,base,reactivity,3,7,945.482,0,0,84.987,18.203,461,ok,,1ece8e4b58
bd7378a41171268ab244b869c9fcce5d337fd6ed,base,reactivity,4,8,961.5046,21.5982,0,85.746,41.723,460,ok,,1ece8e4b58
bd7378a41171268ab244b869c9fcce5d337fd6ed,base,reactivity,5,11,940.8524,0,0,86.132,22.221,461,ok,,1ece8e4b58
bd7378a41171268ab244b869c9fcce5d337fd6ed,base,reactivity,6,12,939.6692,0,0,84.511,15.974,460,ok,,1ece8e4b58
bd7378a41171268ab244b869c9fcce5d337fd6ed,base,reactivity,7,15,1033.485,0,0,84.653,28.4,480,outlier,lcp,1ece8e4b58
bd7378a41171268ab244b869c9fcce5d337fd6ed,base,reactivity,8,16,996.956,0,0,88.029,19.848,480,ok,,1ece8e4b58
bd7378a41171268ab244b869c9fcce5d337fd6ed,base,reactivity,9,19,968.6136,9.4344,0,85.874,24.36,535,outlier,lcpObs,1ece8e4b58
bd7378a41171268ab244b869c9fcce5d337fd6ed,base,reactivity,10,20,767.857,0,0.1067,111.368,27.418,444,outlier,lcp;cls;inp,1ece8e4b58
bd7378a41171268ab244b869c9fcce5d337fd6ed,base,reactivity,11,23,946.9324,6.8896,0,84.824,34.303,498,ok,,1ece8e4b58
bd7378a41171268ab244b869c9fcce5d337fd6ed,base,reactivity,12,24,991.6184,0,0,85.106,24.184,462,ok,,1ece8e4b58
bd7378a41171268ab244b869c9fcce5d337fd6ed,base,reactivity,13,27,1005.1458,0,0,85.102,17.874,461,ok,,1ece8e4b58
bd7378a41171268ab244b869c9fcce5d337fd6ed,base,reactivity,14,28,954.505,0,0,85.665,26.508,475,ok,,1ece8e4b58
bd7378a41171268ab244b869c9fcce5d337fd6ed,head,reactivity,0,1,807.2837,0,0,86.838,15.275,462,ok,,1ece8e4b58
bd7378a41171268ab244b869c9fcce5d337fd6ed,head,reactivity,1,2,806.9607,0,0,85.407,26.316,479,ok,,1ece8e4b58
bd7378a41171268ab244b869c9fcce5d337fd6ed,head,reactivity,2,5,808.1798,0,0,85.33,15.173,462,ok,,1ece8e4b58
bd7378a41171268ab244b869c9fcce5d337fd6ed,head,reactivity,3,6,806.7473,0,0,85.073,14.54,462,ok,,1ece8e4b58
bd7378a41171268ab244b869c9fcce5d337fd6ed,head,reactivity,4,9,807.7525,0,0,86.023,22.473,480,ok,,1ece8e4b58
bd7378a41171268ab244b869c9fcce5d337fd6ed,head,reactivity,5,10,807.5333,0,0,86.005,38.577,462,ok,,1ece8e4b58
bd7378a41171268ab244b869c9fcce5d337fd6ed,head,reactivity,6,13,807.292,0,0,85.356,17.047,480,ok,,1ece8e4b58
bd7378a41171268ab244b869c9fcce5d337fd6ed,head,reactivity,7,14,807.4485,0,0,85.477,23.354,477,ok,,1ece8e4b58
bd7378a41171268ab244b869c9fcce5d337fd6ed,head,reactivity,8,17,807.2055,0,0,89.743,26.824,462,ok,,1ece8e4b58
bd7378a41171268ab244b869c9fcce5d337fd6ed,head,reactivity,9,18,807.9415,0,0,83.948,21.43,478,ok,,1ece8e4b58
bd7378a41171268ab244b869c9fcce5d337fd6ed,head,reactivity,10,21,807.2502,0,0,84.922,21.872,479,ok,,1ece8e4b58
bd7378a41171268ab244b869c9fcce5d337fd6ed,head,reactivity,11,22,807.4658,0,0,86.171,28.146,479,ok,,1ece8e4b58
bd7378a41171268ab244b869c9fcce5d337fd6ed,head,reactivity,12,25,808.1772,0,0,86.413,16.963,460,ok,,1ece8e4b58
bd7378a41171268ab244b869c9fcce5d337fd6ed,head,reactivity,13,26,847.3905,0,0,88.114,16.674,477,ok,,1ece8e4b58
bd7378a41171268ab244b869c9fcce5d337fd6ed,head,reactivity,14,29,808.1857,0,0,85.178,20.801,482,ok,,1ece8e4b58
9e823483159ad0ee1b6fb8663d1f0455c9d9eda9,base,reactivity,0,0,917.035,0,0,83.996,18.741,462,ok,,1ece8e4b58
9e823483159ad0ee1b6fb8663d1f0455c9d9eda9,base,reactivity,1,3,808.2213,0,0,100.407,31.04,460,outlier,lcp,1ece8e4b58
9e823483159ad0ee1b6fb8663d1f0455c9d9eda9,base,reactivity,2,4,968.9098,0,0,87.579,24.339,460,ok,,1ece8e4b58
9e823483159ad0ee1b6fb8663d1f0455c9d9eda9,base,reactivity,3,7,974.3364,0,0,84.45,16.849,480,ok,,1ece8e4b58
9e823483159ad0ee1b6fb8663d1f0455c9d9eda9,base,reactivity,4,8,956.6644,0,0,86.067,16.36,479,ok,,1ece8e4b58
9e823483159ad0ee1b6fb8663d1f0455c9d9eda9,head,reactivity,0,1,969.004,0,0,85.989,18.522,461,ok,,1ece8e4b58
9e823483159ad0ee1b6fb8663d1f0455c9d9eda9,head,reactivity,1,2,931.4094,0,0,85.033,26.003,462,ok,,1ece8e4b58
9e823483159ad0ee1b6fb8663d1f0455c9d9eda9,head,reactivity,2,5,808.4852,0,0,85.302,17.279,460,ok,,1ece8e4b58
9e823483159ad0ee1b6fb8663d1f0455c9d9eda9,head,reactivity,3,6,917.7342,0,0,86.02,22.838,464,ok,,1ece8e4b58
9e823483159ad0ee1b6fb8663d1f0455c9d9eda9,head,reactivity,4,9,984.0322,0,0,87.026,20.451,446,ok,,1ece8e4b58
6379bf1714ed00b178f5ee3274168a1969c8d807,base,reactivity,0,0,1015.488,0,0.1067,85.491,22.624,460,outlier,lcp;cls,1ece8e4b58
6379bf1714ed00b178f5ee3274168a1969c8d807,base,reactivity,1,3,958.7934,0,0,85.2,17.705,463,ok,,1ece8e4b58
6379bf1714ed00b178f5ee3274168a1969c8d807,base,reactivity,2,4,956.6694,4.6168,0,87.219,21.866,463,ok,,1ece8e4b58
6379bf1714ed00b178f5ee3274168a1969c8d807,base,reactivity,3,7,940.7098,0,0,82.871,28.912,477,ok,,1ece8e4b58
6379bf1714ed00b178f5ee3274168a1969c8d807,base,reactivity,4,8,965.5772,0,0,85.793,25.384,498,ok,,1ece8e4b58
6379bf1714ed00b178f5ee3274168a1969c8d807,head,reactivity,0,1,807.2449,0,0.1067,85.76,21.15,461,outlier,cls,1ece8e4b58
6379bf1714ed00b178f5ee3274168a1969c8d807,head,reactivity,1,2,988.4758,0,0,85.219,23.887,461,ok,,1ece8e4b58
6379bf1714ed00b178f5ee3274168a1969c8d807,head,reactivity,2,5,930.0648,0,0,85.246,36.171,459,ok,,1ece8e4b58
6379bf1714ed00b178f5ee3274168a1969c8d807,head,reactivity,3,6,945.6086,0,0,86.254,31.211,461,ok,,1ece8e4b58
6379bf1714ed00b178f5ee3274168a1969c8d807,head,reactivity,4,9,977.0334,23.6956,0,84.889,20.673,498,ok,,1ece8e4b58
694478fb806b4ab0618020b52723c660895b3fc5,base,reactivity,0,0,984.4808,0,0,85.534,16.3,479,ok,,1ece8e4b58
694478fb806b4ab0618020b52723c660895b3fc5,base,reactivity,1,3,982.4584,0,0,86.02,16.677,460,ok,,1ece8e4b58
694478fb806b4ab0618020b52723c660895b3fc5,base,reactivity,2,4,949.9248,0,0,87.527,22.051,460,ok,,1ece8e4b58
694478fb806b4ab0618020b52723c660895b3fc5,base,reactivity,3,7,941.7806,0,0,85.04,21.413,461,ok,,1ece8e4b58
694478fb806b4ab0618020b52723c660895b3fc5,base,reactivity,4,8,969.4644,0,0,87.548,25.672,479,ok,,1ece8e4b58
694478fb806b4ab0618020b52723c660895b3fc5,head,reactivity,0,1,971.7642,0,0,88.181,21.261,460,ok,,1ece8e4b58
694478fb806b4ab0618020b52723c660895b3fc5,head,reactivity,1,2,956.114,0,0,85.426,21.098,462,ok,,1ece8e4b58
694478fb806b4ab0618020b52723c660895b3fc5,head,reactivity,2,5,934.6156,78,0,86.974,22.894,499,outlier,tbt,1ece8e4b58
694478fb806b4ab0618020b52723c660895b3fc5,head,reactivity,3,6,1001.439,0,0,85.076,23.331,463,ok,,1ece8e4b58
694478fb806b4ab0618020b52723c660895b3fc5,head,reactivity,4,9,957.4956,0,0,85.771,28.422,462,ok,,1ece8e4b58
4f510848efd044a603472e20b06b5d6491b79ff8,base,reactivity,0,0,807.7617,0,0,86.288,18.164,459,ok,,1ece8e4b58
4f510848efd044a603472e20b06b5d6491b79ff8,base,reactivity,1,3,809.7038,0,0,85.99,22.505,443,ok,,1ece8e4b58
4f510848efd044a603472e20b06b5d6491b79ff8,base,reactivity,2,4,807.7043,0,0,86.039,18.573,461,ok,,1ece8e4b58
4f510848efd044a603472e20b06b5d6491b79ff8,base,reactivity,3,7,806.6171,0,0,86.506,25.364,461,ok,,1ece8e4b58
4f510848efd044a603472e20b06b5d6491b79ff8,base,reactivity,4,8,807.5409,0,0,84.938,22.097,478,ok,,1ece8e4b58
4f510848efd044a603472e20b06b5d6491b79ff8,head,reactivity,0,1,807.9719,0,0,87.744,24.355,480,ok,,1ece8e4b58
4f510848efd044a603472e20b06b5d6491b79ff8,head,reactivity,1,2,807.9263,0,0,85.004,25.804,462,ok,,1ece8e4b58
4f510848efd044a603472e20b06b5d6491b79ff8,head,reactivity,2,5,808.3927,0,0,86.066,24.902,462,ok,,1ece8e4b58
4f510848efd044a603472e20b06b5d6491b79ff8,head,reactivity,3,6,807.3509,0,0,86.293,16.186,461,ok,,1ece8e4b58
4f510848efd044a603472e20b06b5d6491b79ff8,head,reactivity,4,9,807.6173,88.0,0,84.979,27.55,516,outlier,tbt;lcpObs,1ece8e4b58
69a165e3182e332d3970e29de96324061c9af043,base,reactivity,0,0,807.4706,0,0,86.229,21.841,443,ok,,1ece8e4b58
69a165e3182e332d3970e29de96324061c9af043,base,reactivity,1,3,809.2992,0,0,85.992,29.069,500,ok,,1ece8e4b58
69a165e3182e332d3970e29de96324061c9af043,base,reactivity,2,4,847.2261,0,0,84.827,21.658,463,ok,,1ece8e4b58
69a165e3182e332d3970e29de96324061c9af043,base,reactivity,3,7,807.1955,0,0,86.604,17.352,461,ok,,1ece8e4b58
69a165e3182e332d3970e29de96324061c9af043,base,reactivity,4,8,807.7043,0,0,85.465,27.682,460,ok,,1ece8e4b58
69a165e3182e332d3970e29de96324061c9af043,head,reactivity,0,1,807.9143,0,0,85.743,20.477,461,ok,,1ece8e4b58
69a165e3182e332d3970e29de96324061c9af043,head,reactivity,1,2,808.3897,0,0,87.175,15.363,463,ok,,1ece8e4b58
69a165e3182e332d3970e29de96324061c9af043,head,reactivity,2,5,807.3111,0,0,86.023,26.91,462,ok,,1ece8e4b58
69a165e3182e332d3970e29de96324061c9af043,head,reactivity,3,6,807.9052,0,0,84.654,27.003,460,ok,,1ece8e4b58
69a165e3182e332d3970e29de96324061c9af043,head,reactivity,4,9,807.6278,0,0,83.889,27.431,498,ok,,1ece8e4b58
3aa316a4f7e7d70368d462424f03843def66fee0,base,reactivity,0,0,808.0406,0,0,83.607,23.974,475,ok,,1ece8e4b58
3aa316a4f7e7d70368d462424f03843def66fee0,base,reactivity,1,3,807.5088,0,0,85.59,17.62,461,ok,,1ece8e4b58
3aa316a4f7e7d70368d462424f03843def66fee0,base,reactivity,2,4,807.8184,0,0,86.153,25.804,463,ok,,1ece8e4b58
3aa316a4f7e7d70368d462424f03843def66fee0,base,reactivity,3,7,807.0669,0,0,85.97,24.211,461,ok,,1ece8e4b58
3aa316a4f7e7d70368d462424f03843def66fee0,base,reactivity,4,8,808.3862,0,0,86.035,37.136,460,ok,,1ece8e4b58
3aa316a4f7e7d70368d462424f03843def66fee0,head,reactivity,0,1,809.8602,0,0,85.344,28.873,460,ok,,1ece8e4b58
3aa316a4f7e7d70368d462424f03843def66fee0,head,reactivity,1,2,807.2381,0,0,84.379,27.116,478,ok,,1ece8e4b58
3aa316a4f7e7d70368d462424f03843def66fee0,head,reactivity,2,5,808.4945,72.1685,0,86.043,29.632,516,outlier,tbt,1ece8e4b58
3aa316a4f7e7d70368d462424f03843def66fee0,head,reactivity,3,6,807.6326,0,0,86.426,23.051,445,ok,,1ece8e4b58
3aa316a4f7e7d70368d462424f03843def66fee0,head,reactivity,4,9,807.6001,0,0,87.317,32.149,461,ok,,1ece8e4b58
595576c1c6fe48cd7cb8ac30fa1075da101bf4d4,base,reactivity,0,0,808.563,0,0,87.305,20.598,477,ok,,1ece8e4b58
595576c1c6fe48cd7cb8ac30fa1075da101bf4d4,base,reactivity,1,3,807.3497,0,0,87.566,24.096,480,ok,,1ece8e4b58
595576c1c6fe48cd7cb8ac30fa1075da101bf4d4,base,reactivity,2,4,806.8918,0,0,86.015,20.727,480,ok,,1ece8e4b58
595576c1c6fe48cd7cb8ac30fa1075da101bf4d4,base,reactivity,3,7,808.2128,0,0,102.586,49.763,461,ok,,1ece8e4b58
595576c1c6fe48cd7cb8ac30fa1075da101bf4d4,base,reactivity,4,8,807.8245,0,0,84.808,21.388,462,ok,,1ece8e4b58
595576c1c6fe48cd7cb8ac30fa1075da101bf4d4,head,reactivity,0,1,808.1948,0,0,84.611,21.655,460,ok,,1ece8e4b58
595576c1c6fe48cd7cb8ac30fa1075da101bf4d4,head,reactivity,1,2,807.8911,0,0,86.115,24.656,477,ok,,1ece8e4b58
595576c1c6fe48cd7cb8ac30fa1075da101bf4d4,head,reactivity,2,5,808.5603,0,0,85.352,21.442,462,ok,,1ece8e4b58
595576c1c6fe48cd7cb8ac30fa1075da101bf4d4,head,reactivity,3,6,807.06,0,0,85,27.499,462,ok,,1ece8e4b58
595576c1c6fe48cd7cb8ac30fa1075da101bf4d4,head,reactivity,4,9,806.7646,7.1956,0,84.904,37.923,478,ok,,1ece8e4b58
4e8c0623d6ab692eb58a293300fc61f06e79b77a,base,reactivity,0,0,807.8235,0,0,86.261,21.57,475,ok,,1ece8e4b58
4e8c0623d6ab692eb58a293300fc61f06e79b77a,base,reactivity,1,3,807.4561,0,0,86.177,22.751,458,ok,,1ece8e4b58
4e8c0623d6ab692eb58a293300fc61f06e79b77a,base,reactivity,2,4,808.021,0,0,85.307,18.313,462,ok,,1ece8e4b58
4e8c0623d6ab692eb58a293300fc61f06e79b77a,base,reactivity,3,7,808.0559,0,0,86.044,21.27,462,ok,,1ece8e4b58
4e8c0623d6ab692eb58a293300fc61f06e79b77a,base,reactivity,4,8,807.3786,0,0,86.318,20.064,462,ok,,1ece8e4b58
4e8c0623d6ab692eb58a293300fc61f06e79b77a,head,reactivity,0,1,809.2751,0,0,85.535,27.618,461,ok,,1ece8e4b58
4e8c0623d6ab692eb58a293300fc61f06e79b77a,head,reactivity,1,2,808.2566,0,0,85.866,17.96,462,ok,,1ece8e4b58
4e8c0623d6ab692eb58a293300fc61f06e79b77a,head,reactivity,2,5,807.7375,60.7506,0,84.792,26.223,479,outlier,tbt,1ece8e4b58
4e8c0623d6ab692eb58a293300fc61f06e79b77a,head,reactivity,3,6,807.214,0,0,86.24,28.751,479,ok,,1ece8e4b58
4e8c0623d6ab692eb58a293300fc61f06e79b77a,head,reactivity,4,9,808.1495,0,0,85.495,26.521,498,ok,,1ece8e4b58
6a5c7189fa60d5e78732cf47bbb4880b734f337b,base,reactivity,0,0,808.8662,0,0,84.041,22.264,460,ok,,1ece8e4b58
6a5c7189fa60d5e78732cf47bbb4880b734f337b,base,reactivity,1,3,807.7277,4.8482,0,86.022,28.501,462,ok,,1ece8e4b58
6a5c7189fa60d5e78732cf47bbb4880b734f337b,base,reactivity,2,4,807.5906,0,0,89.069,24.709,461,ok,,1ece8e4b58
6a5c7189fa60d5e78732cf47bbb4880b734f337b,base,reactivity,3,7,809.3624,0,0,85.405,25.983,497,ok,,1ece8e4b58
6a5c7189fa60d5e78732cf47bbb4880b734f337b,base,reactivity,4,8,807.2357,0,0,86.109,25.903,461,ok,,1ece8e4b58
6a5c7189fa60d5e78732cf47bbb4880b734f337b,head,reactivity,0,1,808.5509,0,0,84.268,13.088,461,ok,,1ece8e4b58
6a5c7189fa60d5e78732cf47bbb4880b734f337b,head,reactivity,1,2,808.0102,2.0,0,85.426,14.16,459,ok,,1ece8e4b58
6a5c7189fa60d5e78732cf47bbb4880b734f337b,head,reactivity,2,5,808.3075,0,0,85.353,33.837,463,ok,,1ece8e4b58
6a5c7189fa60d5e78732cf47bbb4880b734f337b,head,reactivity,3,6,807.0359,0,0,85.765,29.182,460,ok,,1ece8e4b58
6a5c7189fa60d5e78732cf47bbb4880b734f337b,head,reactivity,4,9,806.8922,0,0,85.826,42.321,462,ok,,1ece8e4b58
ca686dd0c269a8995f7ef93eb7822b4e07a916e2,base,reactivity,0,0,807.8294,0,0,86.314,24.352,462,ok,,1ece8e4b58
ca686dd0c269a8995f7ef93eb7822b4e07a916e2,base,reactivity,1,3,808.6894,0,0,102.66,40.953,480,ok,,1ece8e4b58
ca686dd0c269a8995f7ef93eb7822b4e07a916e2,base,reactivity,2,4,808.2086,0,0,85.151,20.614,461,ok,,1ece8e4b58
ca686dd0c269a8995f7ef93eb7822b4e07a916e2,base,reactivity,3,7,806.1555,0,0,85.414,14.512,461,ok,,1ece8e4b58
ca686dd0c269a8995f7ef93eb7822b4e07a916e2,base,reactivity,4,8,808.2047,0,0,85.423,18.905,461,ok,,1ece8e4b58
ca686dd0c269a8995f7ef93eb7822b4e07a916e2,head,reactivity,0,1,808.2779,0,0,87.012,21.437,479,ok,,1ece8e4b58
ca686dd0c269a8995f7ef93eb7822b4e07a916e2,head,reactivity,1,2,808.1055,0,0,85.427,21.099,463,ok,,1ece8e4b58
ca686dd0c269a8995f7ef93eb7822b4e07a916e2,head,reactivity,2,5,808.8256,0,0,87.161,15.643,461,ok,,1ece8e4b58
ca686dd0c269a8995f7ef93eb7822b4e07a916e2,head,reactivity,3,6,808.2493,0,0,85.876,23.88,462,ok,,1ece8e4b58
ca686dd0c269a8995f7ef93eb7822b4e07a916e2,head,reactivity,4,9,807.539,0,0,85.465,26.612,480,ok,,1ece8e4b58
332cd2eb53a8ecdde8ac97117bee651c46ff07ad,base,reactivity,0,0,807.8093,0,0,87.557,20.313,442,ok,,1ece8e4b58
332cd2eb53a8ecdde8ac97117bee651c46ff07ad,base,reactivity,1,3,808.4811,0,0,84.998,23.659,463,ok,,1ece8e4b58
332cd2eb53a8ecdde8ac97117bee651c46ff07ad,base,reactivity,2,4,807.7994,0,0,84.939,25.234,443,ok,,1ece8e4b58
332cd2eb53a8ecdde8ac97117bee651c46ff07ad,base,reactivity,3,7,807.0023,0,0,85.282,16.845,462,ok,,1ece8e4b58
332cd2eb53a8ecdde8ac97117bee651c46ff07ad,base,reactivity,4,8,807.6112,0,0,85.752,34.302,463,ok,,1ece8e4b58
332cd2eb53a8ecdde8ac97117bee651c46ff07ad,head,reactivity,0,1,808.9043,0,0,85.976,41.366,443,ok,,1ece8e4b58
332cd2eb53a8ecdde8ac97117bee651c46ff07ad,head,reactivity,1,2,807.8,0,0,85.521,18.83,462,ok,,1ece8e4b58
332cd2eb53a8ecdde8ac97117bee651c46ff07ad,head,reactivity,2,5,808.0974,0,0,88.005,13.8,462,ok,,1ece8e4b58
332cd2eb53a8ecdde8ac97117bee651c46ff07ad,head,reactivity,3,6,807.9325,0,0,85.618,14.024,460,ok,,1ece8e4b58
332cd2eb53a8ecdde8ac97117bee651c46ff07ad,head,reactivity,4,9,806.8104,0,0,86.122,21.061,462,ok,,1ece8e4b58
df8c418389378a331ca0f7d5e5a28f070880eb0a,base,reactivity,0,0,808.1663,0,0,88.732,17.574,461,ok,,1ece8e4b58
df8c418389378a331ca0f7d5e5a28f070880eb0a,base,reactivity,1,3,826.2435,0,0,101.415,30.731,480,ok,,1ece8e4b58
df8c418389378a331ca0f7d5e5a28f070880eb0a,base,reactivity,2,4,808.3586,0,0,85.781,16.619,463,ok,,1ece8e4b58
df8c418389378a331ca0f7d5e5a28f070880eb0a,base,reactivity,3,7,807.4271,0,0,86.064,22.17,463,ok,,1ece8e4b58
df8c418389378a331ca0f7d5e5a28f070880eb0a,base,reactivity,4,8,808.43,0,0,85.321,21.468,463,ok,,1ece8e4b58
df8c418389378a331ca0f7d5e5a28f070880eb0a,base,reactivity,5,11,808.3714,0,0,85.55,28.994,463,ok,,1ece8e4b58
df8c418389378a331ca0f7d5e5a28f070880eb0a,base,reactivity,6,12,847.8514,0,0,86.085,10.02,462,ok,,1ece8e4b58
df8c418389378a331ca0f7d5e5a28f070880eb0a,base,reactivity,7,15,807.8957,0,0,87.65,14.668,479,ok,,1ece8e4b58
df8c418389378a331ca0f7d5e5a28f070880eb0a,base,reactivity,8,16,806.5156,0,0,85.965,20.395,463,ok,,1ece8e4b58
df8c418389378a331ca0f7d5e5a28f070880eb0a,base,reactivity,9,19,807.6016,0,0,85.623,24.435,482,ok,,1ece8e4b58
df8c418389378a331ca0f7d5e5a28f070880eb0a,base,reactivity,10,20,807.3836,0,0,86.121,21.321,462,ok,,1ece8e4b58
df8c418389378a331ca0f7d5e5a28f070880eb0a,base,reactivity,11,23,807.2426,0,0,88.575,19.143,461,ok,,1ece8e4b58
df8c418389378a331ca0f7d5e5a28f070880eb0a,base,reactivity,12,24,807.389,17.562,0,86.04,22.534,479,ok,,1ece8e4b58
df8c418389378a331ca0f7d5e5a28f070880eb0a,base,reactivity,13,27,807.4245,0,0,86.628,17.172,463,ok,,1ece8e4b58
df8c418389378a331ca0f7d5e5a28f070880eb0a,base,reactivity,14,28,806.779,0,0,86.229,10.424,458,ok,,1ece8e4b58
df8c418389378a331ca0f7d5e5a28f070880eb0a,head,reactivity,0,1,808.8641,47,0,103.899,29.517,527,ok,,1ece8e4b58
df8c418389378a331ca0f7d5e5a28f070880eb0a,head,reactivity,1,2,806.8371,48.0,0,85.022,19.487,478,ok,,1ece8e4b58
df8c418389378a331ca0f7d5e5a28f070880eb0a,head,reactivity,2,5,807.7459,51.418,0,87.652,20.214,480,ok,,1ece8e4b58
df8c418389378a331ca0f7d5e5a28f070880eb0a,head,reactivity,3,6,808.1579,55.4531,0,85.698,21.654,481,ok,,1ece8e4b58
df8c418389378a331ca0f7d5e5a28f070880eb0a,head,reactivity,4,9,806.8862,50.5038,0,85.074,17.627,481,ok,,1ece8e4b58
df8c418389378a331ca0f7d5e5a28f070880eb0a,head,reactivity,5,10,807.0832,48.0,0,86.113,14.066,461,ok,,1ece8e4b58
df8c418389378a331ca0f7d5e5a28f070880eb0a,head,reactivity,6,13,807.0662,47.8808,0,87.148,21.07,479,ok,,1ece8e4b58
df8c418389378a331ca0f7d5e5a28f070880eb0a,head,reactivity,7,14,806.5688,75.5582,0,87.316,25.327,492,ok,,1ece8e4b58
df8c418389378a331ca0f7d5e5a28f070880eb0a,head,reactivity,8,17,807.3714,47.0,0,86.303,17.085,464,ok,,1ece8e4b58
df8c418389378a331ca0f7d5e5a28f070880eb0a,head,reactivity,9,18,807.263,77.0,0,87.742,17.469,480,ok,,1ece8e4b58
df8c418389378a331ca0f7d5e5a28f070880eb0a,head,reactivity,10,21,807.9836,78.3388,0,86.15,20.037,481,ok,,1ece8e4b58
df8c418389378a331ca0f7d5e5a28f070880eb0a,head,reactivity,11,22,828.0709,55.2751,0,84.33,16.372,481,ok,,1ece8e4b58
df8c418389378a331ca0f7d5e5a28f070880eb0a,head,reactivity,12,25,827.434,48,0,85.521,20.403,479,ok,,1ece8e4b58
df8c418389378a331ca0f7d5e5a28f070880eb0a,head,reactivity,13,26,810.5381,47,0,85.804,20.636,480,ok,,1ece8e4b58
df8c418389378a331ca0f7d5e5a28f070880eb0a,head,reactivity,14,29,807.2682,65.5772,0,103.795,42.801,478,ok,,1ece8e4b58
1ce86510d14b06ecb81e778200dfb06f71e76b24,base,reactivity,0,0,808.3607,58.0,0,85.367,18.841,515,ok,,1ece8e4b58
1ce86510d14b06ecb81e778200dfb06f71e76b24,base,reactivity,1,3,807.889,46.0,0,87.94,10.672,477,ok,,1ece8e4b58
1ce86510d14b06ecb81e778200dfb06f71e76b24,base,reactivity,2,4,808.7747,52.0751,0,86.491,18.49,480,ok,,1ece8e4b58
1ce86510d14b06ecb81e778200dfb06f71e76b24,base,reactivity,3,7,807.5611,51,0,85.51,14.471,460,ok,,1ece8e4b58
1ce86510d14b06ecb81e778200dfb06f71e76b24,base,reactivity,4,8,807.3463,87,0,87.812,21.846,480,outlier,tbt,1ece8e4b58
1ce86510d14b06ecb81e778200dfb06f71e76b24,head,reactivity,0,1,807.9586,52.1174,0,85.741,36.881,479,ok,,1ece8e4b58
1ce86510d14b06ecb81e778200dfb06f71e76b24,head,reactivity,1,2,807.4049,60.0371,0,85.996,13.758,482,ok,,1ece8e4b58
1ce86510d14b06ecb81e778200dfb06f71e76b24,head,reactivity,2,5,807.0272,45,0,85.292,12.547,479,ok,,1ece8e4b58
1ce86510d14b06ecb81e778200dfb06f71e76b24,head,reactivity,3,6,807.1776,46,0,85.961,23.663,481,ok,,1ece8e4b58
1ce86510d14b06ecb81e778200dfb06f71e76b24,head,reactivity,4,9,807.2142,52.0,0,87.078,14.207,478,ok,,1ece8e4b58
75734bc37516646073f50bb4a988a3d07ab163f5,base,reactivity,0,0,807.3437,53.2033,0,89.349,10.387,478,ok,,1ece8e4b58
75734bc37516646073f50bb4a988a3d07ab163f5,base,reactivity,1,3,808.173,45,0,85.968,12.01,479,ok,,1ece8e4b58
75734bc37516646073f50bb4a988a3d07ab163f5,base,reactivity,2,4,808.4918,79,0,87.178,23.541,517,ok,,1ece8e4b58
75734bc37516646073f50bb4a988a3d07ab163f5,base,reactivity,3,7,807.6318,52.9742,0,86.013,20.682,481,ok,,1ece8e4b58
75734bc37516646073f50bb4a988a3d07ab163f5,base,reactivity,4,8,807.1268,79.0,0,87.143,14.975,478,ok,,1ece8e4b58
75734bc37516646073f50bb4a988a3d07ab163f5,head,reactivity,0,1,808.9813,44.0,0,86.998,10.24,461,ok,,1ece8e4b58
75734bc37516646073f50bb4a988a3d07ab163f5,head,reactivity,1,2,807.3608,82,0,85.999,11.618,481,ok,,1ece8e4b58
75734bc37516646073f50bb4a988a3d07ab163f5,head,reactivity,2,5,808.0947,53.6383,0,85.643,21.875,478,ok,,1ece8e4b58
75734bc37516646073f50bb4a988a3d07ab163f5,head,reactivity,3,6,807.4706,47,0,85.592,20.724,480,ok,,1ece8e4b58
75734bc37516646073f50bb4a988a3d07ab163f5,head,reactivity,4,9,848.4998,53.0,0,85.705,16.801,532,outlier,lcpObs,1ece8e4b58
01c244f7a4274c504452928f4ac075c986e185db,base,reactivity,0,0,807.3267,52.9453,0,87.905,7.141,460,ok,,1ece8e4b58
01c244f7a4274c504452928f4ac075c986e185db,base,reactivity,1,3,828.7876,95.0,0,86.282,9.214,480,outlier,tbt,1ece8e4b58
01c244f7a4274c504452928f4ac075c986e185db,base,reactivity,2,4,808.4863,71.0,0,85.646,12.108,480,ok,,1ece8e4b58
01c244f7a4274c504452928f4ac075c986e185db,base,reactivity,3,7,808.5979,53.3532,0,84.838,22.702,477,ok,,1ece8e4b58
01c244f7a4274c504452928f4ac075c986e185db,base,reactivity,4,8,808.0217,48,0,88.157,18.607,479,ok,,1ece8e4b58
01c244f7a4274c504452928f4ac075c986e185db,head,reactivity,0,1,808.7104,75.0,0,88.519,21.491,495,ok,,1ece8e4b58
01c244f7a4274c504452928f4ac075c986e185db,head,reactivity,1,2,808.3313,80,0,85.289,8.387,480,ok,,1ece8e4b58
01c244f7a4274c504452928f4ac075c986e185db,head,reactivity,2,5,807.2866,47,0,85.135,20.293,481,ok,,1ece8e4b58
01c244f7a4274c504452928f4ac075c986e185db,head,reactivity,3,6,826.9975,45.6515,0,86.025,30.375,516,ok,,1ece8e4b58
01c244f7a4274c504452928f4ac075c986e185db,head,reactivity,4,9,807.2386,82,0,85.986,20.418,479,ok,,1ece8e4b58
253ce23e561fe65bb39a1f748921b5eb8d3663e8,base,reactivity,0,0,808.1391,96,0,85.012,10.245,479,ok,,1ece8e4b58
253ce23e561fe65bb39a1f748921b5eb8d3663e8,base,reactivity,1,3,807.6832,81.0,0,87.562,11.212,480,ok,,1ece8e4b58
253ce23e561fe65bb39a1f748921b5eb8d3663e8,base,reactivity,2,4,807.98,49.0,0,86.002,20.086,498,ok,,1ece8e4b58
253ce23e561fe65bb39a1f748921b5eb8d3663e8,base,reactivity,3,7,808.0559,48.0,0,85.982,13.167,460,ok,,1ece8e4b58
253ce23e561fe65bb39a1f748921b5eb8d3663e8,base,reactivity,4,8,806.8187,83.0,0,87.899,16.68,478,ok,,1ece8e4b58
253ce23e561fe65bb39a1f748921b5eb8d3663e8,head,reactivity,0,1,809.2553,58.0,0,85.397,15.186,370,ok,,1ece8e4b58
253ce23e561fe65bb39a1f748921b5eb8d3663e8,head,reactivity,1,2,807.8545,52,0,85.938,9.236,334,ok,,1ece8e4b58
253ce23e561fe65bb39a1f748921b5eb8d3663e8,head,reactivity,2,5,806.9511,85.9459,0,87.346,24.631,334,outlier,tbt,1ece8e4b58
253ce23e561fe65bb39a1f748921b5eb8d3663e8,head,reactivity,3,6,808.321,48.0,0,85.364,17.259,334,ok,,1ece8e4b58
253ce23e561fe65bb39a1f748921b5eb8d3663e8,head,reactivity,4,9,807.2393,50.0,0,88.148,11.687,335,ok,,1ece8e4b58
118a00660ae5387ef3ec480fd4287dcd1c18dc02,base,reactivity,0,0,807.3062,56.0,0,85.31,9.202,334,ok,,1ece8e4b58
118a00660ae5387ef3ec480fd4287dcd1c18dc02,base,reactivity,1,3,808.6357,83,0,84.873,12.025,336,ok,,1ece8e4b58
118a00660ae5387ef3ec480fd4287dcd1c18dc02,base,reactivity,2,4,808.0545,51.0,0,86.023,12.239,336,ok,,1ece8e4b58
118a00660ae5387ef3ec480fd4287dcd1c18dc02,base,reactivity,3,7,827.4687,50,0,85.979,15.876,335,ok,,1ece8e4b58
118a00660ae5387ef3ec480fd4287dcd1c18dc02,base,reactivity,4,8,808.0796,77.6494,0,86.019,21.298,336,ok,,1ece8e4b58
118a00660ae5387ef3ec480fd4287dcd1c18dc02,head,reactivity,0,1,828.5576,66.5713,0,103.733,22.292,372,ok,,1ece8e4b58
118a00660ae5387ef3ec480fd4287dcd1c18dc02,head,reactivity,1,2,808.2295,52.0,0,85.458,13.415,335,ok,,1ece8e4b58
118a00660ae5387ef3ec480fd4287dcd1c18dc02,head,reactivity,2,5,807.2382,76.0,0,86.972,18.649,336,ok,,1ece8e4b58
118a00660ae5387ef3ec480fd4287dcd1c18dc02,head,reactivity,3,6,807.9626,47.0,0,85.542,21.514,335,ok,,1ece8e4b58
118a00660ae5387ef3ec480fd4287dcd1c18dc02,head,reactivity,4,9,807.2198,51,0,86.029,11.602,354,ok,,1ece8e4b58
abf53b9fe9f3133c1a6095625e9c16e6921ab863,base,reactivity,0,0,808.8737,79,0,101.931,17.726,334,ok,,1ece8e4b58
abf53b9fe9f3133c1a6095625e9c16e6921ab863,base,reactivity,1,3,807.7076,55.0,0,85.572,22.08,353,ok,,1ece8e4b58
abf53b9fe9f3133c1a6095625e9c16e6921ab863,base,reactivity,2,4,808.8584,55.0,0,87.763,10.377,317,ok,,1ece8e4b58
abf53b9fe9f3133c1a6095625e9c16e6921ab863,base,reactivity,3,7,807.0426,56.0,0,87.124,14.558,336,ok,,1ece8e4b58
abf53b9fe9f3133c1a6095625e9c16e6921ab863,base,reactivity,4,8,807.5687,88.4771,0,85.255,30.589,336,outlier,tbt,1ece8e4b58
abf53b9fe9f3133c1a6095625e9c16e6921ab863,head,reactivity,0,1,808.0481,59,0,85.296,9.606,336,ok,,1ece8e4b58
abf53b9fe9f3133c1a6095625e9c16e6921ab863,head,reactivity,1,2,807.9956,48.0,0,85.408,17.149,335,ok,,1ece8e4b58
abf53b9fe9f3133c1a6095625e9c16e6921ab863,head,reactivity,2,5,807.8628,70.9147,0,87.061,17.473,336,ok,,1ece8e4b58
abf53b9fe9f3133c1a6095625e9c16e6921ab863,head,reactivity,3,6,806.7867,81.7378,0,85.739,23.139,317,ok,,1ece8e4b58
abf53b9fe9f3133c1a6095625e9c16e6921ab863,head,reactivity,4,9,807.6197,48,0,87.189,20.207,337,ok,,1ece8e4b58
7989b5292f57ad6b9aa83d535d429a3fd1fbddc8,base,reactivity,0,0,807.6909,64.5,0,101.657,24.182,352,ok,,1ece8e4b58
7989b5292f57ad6b9aa83d535d429a3fd1fbddc8,base,reactivity,1,3,807.5078,51.0,0,86.129,12.819,317,ok,,1ece8e4b58
7989b5292f57ad6b9aa83d535d429a3fd1fbddc8,base,reactivity,2,4,808.1772,61.0,0,86.029,13.775,335,ok,,1ece8e4b58
7989b5292f57ad6b9aa83d535d429a3fd1fbddc8,base,reactivity,3,7,807.061,50,0,88.48,28.263,336,ok,,1ece8e4b58
7989b5292f57ad6b9aa83d535d429a3fd1fbddc8,base,reactivity,4,8,807.1852,52,0,85.704,17.147,337,ok,,1ece8e4b58
7989b5292f57ad6b9aa83d535d429a3fd1fbddc8,head,reactivity,0,1,808.9067,70.4978,0,85.522,21.073,333,ok,,1ece8e4b58
7989b5292f57ad6b9aa83d535d429a3fd1fbddc8,head,reactivity,1,2,808.349,53.0,0,85.148,12.447,336,ok,,1ece8e4b58
7989b5292f57ad6b9aa83d535d429a3fd1fbddc8,head,reactivity,2,5,808.3436,47.0,0,85.099,16.827,336,ok,,1ece8e4b58
7989b5292f57ad6b9aa83d535d429a3fd1fbddc8,head,reactivity,3,6,807.301,53.0,0,87.291,12.813,334,ok,,1ece8e4b58
7989b5292f57ad6b9aa83d535d429a3fd1fbddc8,head,reactivity,4,9,807.3528,53.0,0,86.017,20.812,337,ok,,1ece8e4b58
2b0b149963444f6ab5229ecc4e0bb708d805ae30,base,reactivity,0,0,807.601,85.4663,0,85.634,10.014,336,outlier,tbt,1ece8e4b58
2b0b149963444f6ab5229ecc4e0bb708d805ae30,base,reactivity,1,3,807.1703,52.0,0,85.241,12.369,335,ok,,1ece8e4b58
2b0b149963444f6ab5229ecc4e0bb708d805ae30,base,reactivity,2,4,828.7336,53,0,88.417,12.807,336,ok,,1ece8e4b58
2b0b149963444f6ab5229ecc4e0bb708d805ae30,base,reactivity,3,7,807.8374,61.0,0,86.075,20.152,335,ok,,1ece8e4b58
2b0b149963444f6ab5229ecc4e0bb708d805ae30,base,reactivity,4,8,807.4443,47,0,85.233,24.835,317,ok,,1ece8e4b58
2b0b149963444f6ab5229ecc4e0bb708d805ae30,head,reactivity,0,1,828.6691,49.0,0,87.018,19.726,335,ok,,1ece8e4b58
2b0b149963444f6ab5229ecc4e0bb708d805ae30,head,reactivity,1,2,807.6761,75.2084,0,84.995,22.148,374,ok,,1ece8e4b58
2b0b149963444f6ab5229ecc4e0bb708d805ae30,head,reactivity,2,5,806.9927,53.0,0,83.579,17.626,317,ok,,1ece8e4b58
2b0b149963444f6ab5229ecc4e0bb708d805ae30,head,reactivity,3,6,807.2741,56,0,88.165,17.608,335,ok,,1ece8e4b58
2b0b149963444f6ab5229ecc4e0bb708d805ae30,head,reactivity,4,9,807.5983,73.8592,0,85.883,20.459,335,ok,,1ece8e4b58
39406bf0161b77c5afc7a6088484cd92f35cee5c,base,reactivity,0,0,807.9395,66.2615,0,84.522,13.321,332,ok,,1ece8e4b58
39406bf0161b77c5afc7a6088484cd92f35cee5c,base,reactivity,1,3,807.832,80,0,86.903,22.527,335,ok,,1ece8e4b58
39406bf0161b77c5afc7a6088484cd92f35cee5c,base,reactivity,2,4,808.7744,48,0,100.507,45.544,335,ok,,1ece8e4b58
39406bf0161b77c5afc7a6088484cd92f35cee5c,base,reactivity,3,7,807.5931,80.4689,0,103.297,25.96,317,ok,,1ece8e4b58
39406bf0161b77c5afc7a6088484cd92f35cee5c,base,reactivity,4,8,807.1006,69.8115,0,86.278,26.251,334,ok,,1ece8e4b58
39406bf0161b77c5afc7a6088484cd92f35cee5c,base,reactivity,5,11,808.1335,65.0915,0,85.64,17,336,ok,,1ece8e4b58
39406bf0161b77c5afc7a6088484cd92f35cee5c,base,reactivity,6,12,808.835,68.674,0,88.112,22.52,336,ok,,1ece8e4b58
39406bf0161b77c5afc7a6088484cd92f35cee5c,base,reactivity,7,15,808.5661,50.0,0,103.029,21.144,335,ok,,1ece8e4b58
39406bf0161b77c5afc7a6088484cd92f35cee5c,base,reactivity,8,16,806.7647,84.0,0,102.5,21.933,355,ok,,1ece8e4b58
39406bf0161b77c5afc7a6088484cd92f35cee5c,base,reactivity,9,19,807.2797,83.0,0,87.468,22.083,338,ok,,1ece8e4b58
39406bf0161b77c5afc7a6088484cd92f35cee5c,base,reactivity,10,20,806.7735,80,0,85.023,16.798,352,ok,,1ece8e4b58
39406bf0161b77c5afc7a6088484cd92f35cee5c,base,reactivity,11,23,807.8575,80.3809,0,87.292,21.244,335,ok,,1ece8e4b58
39406bf0161b77c5afc7a6088484cd92f35cee5c,base,reactivity,12,24,807.4104,59.284,0,87.783,17.083,354,ok,,1ece8e4b58
39406bf0161b77c5afc7a6088484cd92f35cee5c,base,reactivity,13,27,808.1567,75.0,0,103.591,25.901,335,ok,,1ece8e4b58
39406bf0161b77c5afc7a6088484cd92f35cee5c,base,reactivity,14,28,806.7372,48.0,0,86.6,18.113,320,ok,,1ece8e4b58
39406bf0161b77c5afc7a6088484cd92f35cee5c,head,reactivity,0,1,809.0027,49,0,85.65,20.897,331,ok,,1ece8e4b58
39406bf0161b77c5afc7a6088484cd92f35cee5c,head,reactivity,1,2,808.9595,48.0,0,85.03,12.603,353,ok,,1ece8e4b58
39406bf0161b77c5afc7a6088484cd92f35cee5c,head,reactivity,2,5,808.3672,49,0,86.184,19.468,336,ok,,1ece8e4b58
39406bf0161b77c5afc7a6088484cd92f35cee5c,head,reactivity,3,6,808.2721,61,0,103.226,24.61,353,ok,,1ece8e4b58
39406bf0161b77c5afc7a6088484cd92f35cee5c,head,reactivity,4,9,807.8252,48.0,0,85.468,11.627,318,ok,,1ece8e4b58
39406bf0161b77c5afc7a6088484cd92f35cee5c,head,reactivity,5,10,807.19,79.0,0,85.449,16.825,335,outlier,tbt,1ece8e4b58
39406bf0161b77c5afc7a6088484cd92f35cee5c,head,reactivity,6,13,808.2119,59.9661,0,84.85,18.709,354,ok,,1ece8e4b58
39406bf0161b77c5afc7a6088484cd92f35cee5c,head,reactivity,7,14,807.3205,48.0,0,85.229,24.941,335,ok,,1ece8e4b58
39406bf0161b77c5afc7a6088484cd92f35cee5c,head,reactivity,8,17,806.8277,66.7241,0,86.973,21.879,332,ok,,1ece8e4b58
39406bf0161b77c5afc7a6088484cd92f35cee5c,head,reactivity,9,18,806.8628,47.0,0,87.051,22.525,336,ok,,1ece8e4b58
39406bf0161b77c5afc7a6088484cd92f35cee5c,head,reactivity,10,21,807.5759,49.0,0,85.238,18.291,334,ok,,1ece8e4b58
39406bf0161b77c5afc7a6088484cd92f35cee5c,head,reactivity,11,22,807.7749,48,0,85.125,21.041,336,ok,,1ece8e4b58
39406bf0161b77c5afc7a6088484cd92f35cee5c,head,reactivity,12,25,808.7262,49.0,0,87.286,19.855,354,ok,,1ece8e4b58
39406bf0161b77c5afc7a6088484cd92f35cee5c,head,reactivity,13,26,828.6874,56,0,86.419,18.616,336,ok,,1ece8e4b58
39406bf0161b77c5afc7a6088484cd92f35cee5c,head,reactivity,14,29,827.4133,50,0,85.302,16.276,336,ok,,1ece8e4b58
31b4521ad0607a74e284fa7c62502b56a7710e86,base,reactivity,0,0,828.3059,53.0,0,114.249,28.696,335,outlier,inp,1ece8e4b58
31b4521ad0607a74e284fa7c62502b56a7710e86,base,reactivity,1,3,807.9825,51,0,87.375,21.563,334,ok,,1ece8e4b58
31b4521ad0607a74e284fa7c62502b56a7710e86,base,reactivity,2,4,807.7159,51.0106,0,84.979,7.935,372,ok,,1ece8e4b58
31b4521ad0607a74e284fa7c62502b56a7710e86,base,reactivity,3,7,807.3691,48,0,85.818,34.045,336,ok,,1ece8e4b58
31b4521ad0607a74e284fa7c62502b56a7710e86,base,reactivity,4,8,807.3553,57.0,0,86.179,22.797,335,ok,,1ece8e4b58
31b4521ad0607a74e284fa7c62502b56a7710e86,head,reactivity,0,1,807.9269,47,0,86.013,12.674,336,ok,,1ece8e4b58
31b4521ad0607a74e284fa7c62502b56a7710e86,head,reactivity,1,2,829.432,51,0,85.841,20.668,335,ok,,1ece8e4b58
31b4521ad0607a74e284fa7c62502b56a7710e86,head,reactivity,2,5,827.6674,55.0,0,85.966,18.781,336,ok,,1ece8e4b58
31b4521ad0607a74e284fa7c62502b56a7710e86,head,reactivity,3,6,807.3594,84.5468,0,87.383,14.277,334,outlier,tbt,1ece8e4b58
31b4521ad0607a74e284fa7c62502b56a7710e86,head,reactivity,4,9,808.2269,46,0,87.09,13.037,335,ok,,1ece8e4b58
ac9c758342293101156f90063d82e6267f6792b1,base,reactivity,0,0,807.4871,47.0,0,102.539,20.479,316,ok,,1ece8e4b58
ac9c758342293101156f90063d82e6267f6792b1,base,reactivity,1,3,807.9992,47.0,0,103.816,19.356,335,ok,,1ece8e4b58
ac9c758342293101156f90063d82e6267f6792b1,base,reactivity,2,4,809.3309,48.0,0,87.014,15.33,334,ok,,1ece8e4b58
ac9c758342293101156f90063d82e6267f6792b1,base,reactivity,3,7,807.7031,55.0,0,85.91,25.648,335,ok,,1ece8e4b58
ac9c758342293101156f90063d82e6267f6792b1,base,reactivity,4,8,807.2279,48.0,0,84.971,19.678,335,ok,,1ece8e4b58
ac9c758342293101156f90063d82e6267f6792b1,head,reactivity,0,1,808.3167,48.0,0,86.072,13.619,317,ok,,1ece8e4b58
ac9c758342293101156f90063d82e6267f6792b1,head,reactivity,1,2,807.5024,48.0,0,85.808,15.371,336,ok,,1ece8e4b58
ac9c758342293101156f90063d82e6267f6792b1,head,reactivity,2,5,807.9428,71.1062,0,87.199,22.908,354,ok,,1ece8e4b58
ac9c758342293101156f90063d82e6267f6792b1,head,reactivity,3,6,807.5284,49,0,84.996,20.545,336,ok,,1ece8e4b58
ac9c758342293101156f90063d82e6267f6792b1,head,reactivity,4,9,808.1138,47.0,0,85.854,16.603,317,ok,,1ece8e4b58
328b03d4989dc4f52fd2bef2440596e87393aa1b,base,reactivity,0,0,807.395,56.0,0,88.078,16.129,335,ok,,1ece8e4b58
328b03d4989dc4f52fd2bef2440596e87393aa1b,base,reactivity,1,3,807.2643,75.5785,0,85.802,10.792,333,ok,,1ece8e4b58
328b03d4989dc4f52fd2bef2440596e87393aa1b,base,reactivity,2,4,808.4979,72.0,0,86.031,17.001,335,ok,,1ece8e4b58
328b03d4989dc4f52fd2bef2440596e87393aa1b,base,reactivity,3,7,808.3386,52.0,0,118.975,47.951,335,outlier,inp;tbtFlow,1ece8e4b58
328b03d4989dc4f52fd2bef2440596e87393aa1b,base,reactivity,4,8,807.4445,50.0,0,84.959,16.429,336,ok,,1ece8e4b58
328b03d4989dc4f52fd2bef2440596e87393aa1b,head,reactivity,0,1,828.4934,52,0,103.693,35.22,336,ok,,1ece8e4b58
328b03d4989dc4f52fd2bef2440596e87393aa1b,head,reactivity,1,2,807.7173,48.4041,0,85.197,17.149,334,ok,,1ece8e4b58
328b03d4989dc4f52fd2bef2440596e87393aa1b,head,reactivity,2,5,807.7064,51.0,0,87.293,13.034,335,ok,,1ece8e4b58
328b03d4989dc4f52fd2bef2440596e87393aa1b,head,reactivity,3,6,808.2389,73.8616,0,86.453,19.279,337,ok,,1ece8e4b58
328b03d4989dc4f52fd2bef2440596e87393aa1b,head,reactivity,4,9,807.6511,59.0,0,86.129,12.965,336,ok,,1ece8e4b58
f828958be70ec45495ff16ed4aad0bc55952c4bf,base,reactivity,0,0,808.0639,48,0,85.03,17.233,316,ok,,1ece8e4b58
f828958be70ec45495ff16ed4aad0bc55952c4bf,base,reactivity,1,3,808.6074,78.0,0,87.006,21.295,338,ok,,1ece8e4b58
f828958be70ec45495ff16ed4aad0bc55952c4bf,base,reactivity,2,4,807.9484,59,0,87.038,28.73,336,ok,,1ece8e4b58
f828958be70ec45495ff16ed4aad0bc55952c4bf,base,reactivity,3,7,808.241,50,0,87.113,19.781,318,ok,,1ece8e4b58
f828958be70ec45495ff16ed4aad0bc55952c4bf,base,reactivity,4,8,807.029,49.0,0,85.705,21.585,334,ok,,1ece8e4b58
f828958be70ec45495ff16ed4aad0bc55952c4bf,head,reactivity,0,1,808.7629,54.0,0,85.942,14.458,354,ok,,1ece8e4b58
f828958be70ec45495ff16ed4aad0bc55952c4bf,head,reactivity,1,2,808.0501,75.3166,0,87.73,11.838,318,ok,,1ece8e4b58
f828958be70ec45495ff16ed4aad0bc55952c4bf,head,reactivity,2,5,808.8729,50.0,0,85.701,15.581,333,ok,,1ece8e4b58
f828958be70ec45495ff16ed4aad0bc55952c4bf,head,reactivity,3,6,806.9417,53.6478,0,86.244,9.666,318,ok,,1ece8e4b58
f828958be70ec45495ff16ed4aad0bc55952c4bf,head,reactivity,4,9,807.0711,53.8723,0,85.745,19.066,354,ok,,1ece8e4b58
dc58e0fa595a1f8c3e6a91d9bed8b33a8e3bcf03,base,reactivity,0,0,808.2243,50,0,85.506,18.34,353,ok,,1ece8e4b58
dc58e0fa595a1f8c3e6a91d9bed8b33a8e3bcf03,base,reactivity,1,3,807.4465,71.1545,0,87.031,12.541,334,ok,,1ece8e4b58
dc58e0fa595a1f8c3e6a91d9bed8b33a8e3bcf03,base,reactivity,2,4,808.5939,70.0,0,86.085,18.338,337,ok,,1ece8e4b58
dc58e0fa595a1f8c3e6a91d9bed8b33a8e3bcf03,base,reactivity,3,7,807.928,49,0,85.096,36.374,335,ok,,1ece8e4b58
dc58e0fa595a1f8c3e6a91d9bed8b33a8e3bcf03,base,reactivity,4,8,808.0262,50,0,84.955,18.614,335,ok,,1ece8e4b58
dc58e0fa595a1f8c3e6a91d9bed8b33a8e3bcf03,head,reactivity,0,1,809.3297,57,0,104.022,46.037,337,ok,,1ece8e4b58
dc58e0fa595a1f8c3e6a91d9bed8b33a8e3bcf03,head,reactivity,1,2,808.6835,77.1055,0,84.487,19.087,317,ok,,1ece8e4b58
dc58e0fa595a1f8c3e6a91d9bed8b33a8e3bcf03,head,reactivity,2,5,828.1888,61,0,103.287,23.013,352,ok,,1ece8e4b58
dc58e0fa595a1f8c3e6a91d9bed8b33a8e3bcf03,head,reactivity,3,6,828.1055,45.0,0,84.816,19.727,337,ok,,1ece8e4b58
dc58e0fa595a1f8c3e6a91d9bed8b33a8e3bcf03,head,reactivity,4,9,808.4526,46.0,0,85.796,19.111,335,ok,,1ece8e4b58
f80ca3089fc51f63f4a6231fee72aaaa4b0e6969,base,reactivity,0,0,808.2634,71.4017,0,84.094,12.183,335,ok,,1ece8e4b58
f80ca3089fc51f63f4a6231fee72aaaa4b0e6969,base,reactivity,1,3,828.7041,53.0,0,85.713,18.662,335,ok,,1ece8e4b58
f80ca3089fc51f63f4a6231fee72aaaa4b0e6969,base,reactivity,2,4,807.852,56,0,85.92,17.886,317,ok,,1ece8e4b58
f80ca3089fc51f63f4a6231fee72aaaa4b0e6969,base,reactivity,3,7,807.1595,49.0,0,85.441,14.917,335,ok,,1ece8e4b58
f80ca3089fc51f63f4a6231fee72aaaa4b0e6969,base,reactivity,4,8,806.9764,48,0,86.996,19.735,335,ok,,1ece8e4b58
f80ca3089fc51f63f4a6231fee72aaaa4b0e6969,head,reactivity,0,1,848.8134,51,0,86.101,15.4,336,ok,,1ece8e4b58
f80ca3089fc51f63f4a6231fee72aaaa4b0e6969,head,reactivity,1,2,807.2915,77.4015,0,85.798,17.921,336,ok,,1ece8e4b58
f80ca3089fc51f63f4a6231fee72aaaa4b0e6969,head,reactivity,2,5,808.8508,54.0,0,85.256,20.259,335,ok,,1ece8e4b58
f80ca3089fc51f63f4a6231fee72aaaa4b0e6969,head,reactivity,3,6,807.278,51.0,0,103.228,24.532,352,ok,,1ece8e4b58
f80ca3089fc51f63f4a6231fee72aaaa4b0e6969,head,reactivity,4,9,807.2589,79.0,0,86.046,14.398,336,ok,,1ece8e4b58
3360c2147f4edf185b307a36703f91683c63199b,base,reactivity,0,0,807.7712,54,0,84.363,35.02,315,ok,,1ece8e4b58
3360c2147f4edf185b307a36703f91683c63199b,base,reactivity,1,3,807.7187,47,0,85.492,17.58,338,ok,,1ece8e4b58
3360c2147f4edf185b307a36703f91683c63199b,base,reactivity,2,4,808.1565,49.0,0,88.415,19.54,335,ok,,1ece8e4b58
3360c2147f4edf185b307a36703f91683c63199b,base,reactivity,3,7,807.8081,51.0,0,86.025,13.618,318,ok,,1ece8e4b58
3360c2147f4edf185b307a36703f91683c63199b,base,reactivity,4,8,807.7659,69.0,0,85.986,17.126,334,ok,,1ece8e4b58
3360c2147f4edf185b307a36703f91683c63199b,head,reactivity,0,1,808.5086,74.1638,0,86.487,16.141,317,ok,,1ece8e4b58
3360c2147f4edf185b307a36703f91683c63199b,head,reactivity,1,2,809.0588,50,0,88.025,18.211,318,ok,,1ece8e4b58
3360c2147f4edf185b307a36703f91683c63199b,head,reactivity,2,5,807.5343,48,0,86.112,22.638,334,ok,,1ece8e4b58
3360c2147f4edf185b307a36703f91683c63199b,head,reactivity,3,6,808.0205,83,0,85.63,23.433,335,outlier,tbt,1ece8e4b58
3360c2147f4edf185b307a36703f91683c63199b,head,reactivity,4,9,808.0751,46,0,86.158,20.726,335,ok,,1ece8e4b58
9667c7be8d5b8181f19b562fa764a2f29bf50bd8,base,reactivity,0,0,808.3826,54.0,0,84.82,11.556,354,ok,,1ece8e4b58
9667c7be8d5b8181f19b562fa764a2f29bf50bd8,base,reactivity,1,3,808.0925,71.027,0,102.712,20.766,337,ok,,1ece8e4b58
9667c7be8d5b8181f19b562fa764a2f29bf50bd8,base,reactivity,2,4,808.0928,88.0,0,103.607,24.295,335,ok,,1ece8e4b58
9667c7be8d5b8181f19b562fa764a2f29bf50bd8,base,reactivity,3,7,830.0614,50.0,0,103.794,24.767,335,ok,,1ece8e4b58
9667c7be8d5b8181f19b562fa764a2f29bf50bd8,base,reactivity,4,8,808.0039,70.332,0,119.825,66.837,336,outlier,inp;tbtFlow,1ece8e4b58
9667c7be8d5b8181f19b562fa764a2f29bf50bd8,base,reactivity,5,11,808.1744,74.5111,0,85.425,16.917,335,ok,,1ece8e4b58
9667c7be8d5b8181f19b562fa764a2f29bf50bd8,base,reactivity,6,12,806.3078,51.0,0,103.612,27.32,335,ok,,1ece8e4b58
9667c7be8d5b8181f19b562fa764a2f29bf50bd8,base,reactivity,7,15,808.0436,96,0,85.256,17.153,347,outlier,tbt,1ece8e4b58
9667c7be8d5b8181f19b562fa764a2f29bf50bd8,base,reactivity,8,16,827.7805,51.0,0,102.986,16.969,335,ok,,1ece8e4b58
9667c7be8d5b8181f19b562fa764a2f29bf50bd8,base,reactivity,9,19,807.6733,46.0,0,85.466,19.841,337,ok,,1ece8e4b58
9667c7be8d5b8181f19b562fa764a2f29bf50bd8,base,reactivity,10,20,827.647,47.0,0,88.061,20.429,352,ok,,1ece8e4b58
9667c7be8d5b8181f19b562fa764a2f29bf50bd8,base,reactivity,11,23,808.8899,85.4501,0,103.024,25.662,354,ok,,1ece8e4b58
9667c7be8d5b8181f19b562fa764a2f29bf50bd8,base,reactivity,12,24,807.2198,49,0,85.918,20.418,335,ok,,1ece8e4b58
9667c7be8d5b8181f19b562fa764a2f29bf50bd8,base,reactivity,13,27,807.6445,76.4518,0,86.063,21.336,318,ok,,1ece8e4b58
9667c7be8d5b8181f19b562fa764a2f29bf50bd8,base,reactivity,14,28,807.4703,53.2752,0,85.691,23.956,350,ok,,1ece8e4b58
9667c7be8d5b8181f19b562fa764a2f29bf50bd8,head,reactivity,0,1,808.6286,46,0,84.755,19.044,318,ok,,1ece8e4b58
9667c7be8d5b8181f19b562fa764a2f29bf50bd8,head,reactivity,1,2,807.8567,54.0,0,85.477,17.22,333,ok,,1ece8e4b58
9667c7be8d5b8181f19b562fa764a2f29bf50bd8,head,reactivity,2,5,827.8681,46.0,0,85.525,16.285,335,ok,,1ece8e4b58
9667c7be8d5b8181f19b562fa764a2f29bf50bd8,head,reactivity,3,6,807.929,49.566,0,86.829,15.701,337,ok,,1ece8e4b58
9667c7be8d5b8181f19b562fa764a2f29bf50bd8,head,reactivity,4,9,807.8488,50,0,86.02,21.305,319,ok,,1ece8e4b58
9667c7be8d5b8181f19b562fa764a2f29bf50bd8,head,reactivity,5,10,807.5064,55.0,0,104.067,24.853,335,ok,,1ece8e4b58
9667c7be8d5b8181f19b562fa764a2f29bf50bd8,head,reactivity,6,13,807.6974,49,0,102.482,31.68,354,ok,,1ece8e4b58
9667c7be8d5b8181f19b562fa764a2f29bf50bd8,head,reactivity,7,14,827.6559,54.0,0,84.995,23.083,335,ok,,1ece8e4b58
9667c7be8d5b8181f19b562fa764a2f29bf50bd8,head,reactivity,8,17,807.5489,47,0,85.244,23.662,335,ok,,1ece8e4b58
9667c7be8d5b8181f19b562fa764a2f29bf50bd8,head,reactivity,9,18,807.5441,57.0,0,103.286,26.833,336,ok,,1ece8e4b58
9667c7be8d5b8181f19b562fa764a2f29bf50bd8,head,reactivity,10,21,807.1712,50,0,86.081,21.698,335,ok,,1ece8e4b58
9667c7be8d5b8181f19b562fa764a2f29bf50bd8,head,reactivity,11,22,807.1061,75.6313,0,85.862,20.038,334,ok,,1ece8e4b58
9667c7be8d5b8181f19b562fa764a2f29bf50bd8,head,reactivity,12,25,807.5241,45.0,0,85.406,14.967,335,ok,,1ece8e4b58
9667c7be8d5b8181f19b562fa764a2f29bf50bd8,head,reactivity,13,26,806.9563,79.0,0,84.863,16.727,334,ok,,1ece8e4b58
9667c7be8d5b8181f19b562fa764a2f29bf50bd8,head,reactivity,14,29,826.6721,76.6873,0,86.013,17.46,370,ok,,1ece8e4b58
bf12a6b554eb338b35af026daaf3340d29158ed0,base,reactivity,0,0,827.6816,52.0,0,102.18,31.148,334,ok,,1ece8e4b58
bf12a6b554eb338b35af026daaf3340d29158ed0,base,reactivity,1,3,807.8975,79.314,0,86.013,21.188,353,ok,,1ece8e4b58
bf12a6b554eb338b35af026daaf3340d29158ed0,base,reactivity,2,4,808.4048,51,0,89.357,18.037,337,ok,,1ece8e4b58
bf12a6b554eb338b35af026daaf3340d29158ed0,base,reactivity,3,7,807.6929,47,0,103.008,17.937,317,ok,,1ece8e4b58
bf12a6b554eb338b35af026daaf3340d29158ed0,base,reactivity,4,8,807.8561,74.1434,0,88.185,16.281,349,ok,,1ece8e4b58
bf12a6b554eb338b35af026daaf3340d29158ed0,head,reactivity,0,1,808.8263,78.8947,0,103.088,25.266,372,ok,,1ece8e4b58
bf12a6b554eb338b35af026daaf3340d29158ed0,head,reactivity,1,2,807.6224,76.4592,0,104.054,21.415,335,ok,,1ece8e4b58
bf12a6b554eb338b35af026daaf3340d29158ed0,head,reactivity,2,5,808.6213,60,0,86.001,21.722,336,ok,,1ece8e4b58
bf12a6b554eb338b35af026daaf3340d29158ed0,head,reactivity,3,6,806.8115,51.0,0,85.548,22.315,337,ok,,1ece8e4b58
bf12a6b554eb338b35af026daaf3340d29158ed0,head,reactivity,4,9,807.3425,74.5525,0,86.132,18.691,335,ok,,1ece8e4b58
348ce6ec0270804ee2ed96275451db884650044b,base,reactivity,0,0,808.3397,48,0,85.077,12.459,352,ok,,1ece8e4b58
348ce6ec0270804ee2ed96275451db884650044b,base,reactivity,1,3,807.3815,50.0,0,85.171,15.068,333,ok,,1ece8e4b58
348ce6ec0270804ee2ed96275451db884650044b,base,reactivity,2,4,808.3382,49.0,0,87.548,18.838,337,ok,,1ece8e4b58
348ce6ec0270804ee2ed96275451db884650044b,base,reactivity,3,7,827.8807,51.0,0,86.234,23.568,336,ok,,1ece8e4b58
348ce6ec0270804ee2ed96275451db884650044b,base,reactivity,4,8,809.0978,52,0,84.656,14.564,335,ok,,1ece8e4b58
348ce6ec0270804ee2ed96275451db884650044b,head,reactivity,0,1,807.7802,48,0,84.97,14.265,335,ok,,1ece8e4b58
348ce6ec0270804ee2ed96275451db884650044b,head,reactivity,1,2,808.7776,51,0,86.46,17.453,336,ok,,1ece8e4b58
348ce6ec0270804ee2ed96275451db884650044b,head,reactivity,2,5,807.7251,53.0,0,103.87,16.552,335,ok,,1ece8e4b58
348ce6ec0270804ee2ed96275451db884650044b,head,reactivity,3,6,807.3074,61.0,0,85.866,19.392,335,ok,,1ece8e4b58
348ce6ec0270804ee2ed96275451db884650044b,head,reactivity,4,9,806.7378,84.7171,0,89.023,19.884,336,outlier,tbt,1ece8e4b58
06a919c13b9526abda4c55d0f69955fb8673a833,base,reactivity,0,0,807.3461,47.0,0,101.286,15.176,316,ok,,1ece8e4b58
06a919c13b9526abda4c55d0f69955fb8673a833,base,reactivity,1,3,807.6494,57,0,86.539,20.674,334,ok,,1ece8e4b58
06a919c13b9526abda4c55d0f69955fb8673a833,base,reactivity,2,4,806.9705,56.0,0,85.999,11.237,352,ok,,1ece8e4b58
06a919c13b9526abda4c55d0f69955fb8673a833,base,reactivity,3,7,808.8682,53,0,88.327,22.049,355,ok,,1ece8e4b58
06a919c13b9526abda4c55d0f69955fb8673a833,base,reactivity,4,8,808.5834,51.0,0,87.528,17.629,319,ok,,1ece8e4b58
06a919c13b9526abda4c55d0f69955fb8673a833,head,reactivity,0,1,808.4051,48.0,0,86.012,14.807,335,ok,,1ece8e4b58
06a919c13b9526abda4c55d0f69955fb8673a833,head,reactivity,1,2,808.2373,57.0,0,86.047,18.744,334,ok,,1ece8e4b58
06a919c13b9526abda4c55d0f69955fb8673a833,head,reactivity,2,5,808.558,54,0,86.883,19.277,335,ok,,1ece8e4b58
06a919c13b9526abda4c55d0f69955fb8673a833,head,reactivity,3,6,828.1813,54.0,0,104,29.837,353,ok,,1ece8e4b58
06a919c13b9526abda4c55d0f69955fb8673a833,head,reactivity,4,9,808.3277,54.0,0,84.913,18.507,334,ok,,1ece8e4b58
dcf363038ab2f5b4571028669cf893d084b6b207,base,reactivity,0,0,811.659,50.0,0,84.343,17.507,354,ok,,1ece8e4b58
dcf363038ab2f5b4571028669cf893d084b6b207,base,reactivity,1,3,827.3158,54.0,0,85.438,13.775,353,ok,,1ece8e4b58
dcf363038ab2f5b4571028669cf893d084b6b207,base,reactivity,2,4,807.7069,50.0,0,85.473,16.81,318,ok,,1ece8e4b58
dcf363038ab2f5b4571028669cf893d084b6b207,base,reactivity,3,7,826.6647,55,0,87.521,16.261,355,ok,,1ece8e4b58
dcf363038ab2f5b4571028669cf893d084b6b207,base,reactivity,4,8,808.3059,47,0,87.08,16.444,317,ok,,1ece8e4b58
dcf363038ab2f5b4571028669cf893d084b6b207,head,reactivity,0,1,808.927,53,0,103.496,34.236,319,ok,,1ece8e4b58
dcf363038ab2f5b4571028669cf893d084b6b207,head,reactivity,1,2,807.7648,49,0,103.34,21.565,333,ok,,1ece8e4b58
dcf363038ab2f5b4571028669cf893d084b6b207,head,reactivity,2,5,806.5357,50.0,0,85.432,24.817,335,ok,,1ece8e4b58
dcf363038ab2f5b4571028669cf893d084b6b207,head,reactivity,3,6,807.733,57.0,0,87.173,20.865,335,ok,,1ece8e4b58
dcf363038ab2f5b4571028669cf893d084b6b207,head,reactivity,4,9,809.2527,106,0,84.747,19.329,373,outlier,tbt,1ece8e4b58
9f08829e970d0f518edc3eab8c5d77ab81d364b1,base,reactivity,0,0,809.2693,46.0,0,109.713,21.002,335,outlier,inp,1ece8e4b58
9f08829e970d0f518edc3eab8c5d77ab81d364b1,base,reactivity,1,3,808.0215,52.0,0,86.576,20.7,336,ok,,1ece8e4b58
9f08829e970d0f518edc3eab8c5d77ab81d364b1,base,reactivity,2,4,808.8105,70.3389,0,86.187,15.635,336,ok,,1ece8e4b58
9f08829e970d0f518edc3eab8c5d77ab81d364b1,base,reactivity,3,7,809.0284,93.4502,0,86.125,24.353,355,ok,,1ece8e4b58
9f08829e970d0f518edc3eab8c5d77ab81d364b1,base,reactivity,4,8,847.7757,69.0,0,87.993,21.442,335,ok,,1ece8e4b58
9f08829e970d0f518edc3eab8c5d77ab81d364b1,head,reactivity,0,1,808.4268,85.0,0,84.965,17.256,337,outlier,tbt,1ece8e4b58
9f08829e970d0f518edc3eab8c5d77ab81d364b1,head,reactivity,1,2,808.4225,50,0,85.192,17.516,335,ok,,1ece8e4b58
9f08829e970d0f518edc3eab8c5d77ab81d364b1,head,reactivity,2,5,807.8927,50,0,86.092,21.898,354,ok,,1ece8e4b58
9f08829e970d0f518edc3eab8c5d77ab81d364b1,head,reactivity,3,6,827.7611,46.0,0,84.999,19.704,336,ok,,1ece8e4b58
9f08829e970d0f518edc3eab8c5d77ab81d364b1,head,reactivity,4,9,807.5221,52.2404,0,88.452,16.979,337,ok,,1ece8e4b58
a7d6bc5007de1496fcc9f631a8710c5c5129fb0c,base,reactivity,0,0,807.3842,51.0,0,86.862,10.495,334,ok,,1ece8e4b58
a7d6bc5007de1496fcc9f631a8710c5c5129fb0c,base,reactivity,1,3,827.2618,47.0,0,85.052,20.68,335,ok,,1ece8e4b58
a7d6bc5007de1496fcc9f631a8710c5c5129fb0c,base,reactivity,2,4,807.8789,51.0,0,85.216,16.085,334,ok,,1ece8e4b58
a7d6bc5007de1496fcc9f631a8710c5c5129fb0c,base,reactivity,3,7,807.0644,68.4336,0,87.21,15.795,352,ok,,1ece8e4b58
a7d6bc5007de1496fcc9f631a8710c5c5129fb0c,base,reactivity,4,8,809.8995,88,0,86.003,17.224,355,outlier,tbt,1ece8e4b58
a7d6bc5007de1496fcc9f631a8710c5c5129fb0c,head,reactivity,0,1,847.6872,38.7188,0,85.5,18.777,337,ok,,1ece8e4b58
a7d6bc5007de1496fcc9f631a8710c5c5129fb0c,head,reactivity,1,2,807.8828,40,0,85.92,14.636,336,ok,,1ece8e4b58
a7d6bc5007de1496fcc9f631a8710c5c5129fb0c,head,reactivity,2,5,808.0571,35,0,88.091,14.103,336,ok,,1ece8e4b58
a7d6bc5007de1496fcc9f631a8710c5c5129fb0c,head,reactivity,3,6,848.1949,41.6342,0,86.111,15.372,334,ok,,1ece8e4b58
a7d6bc5007de1496fcc9f631a8710c5c5129fb0c,head,reactivity,4,9,807.7156,31,0,89.054,17.238,336,ok,,1ece8e4b58
f0b3801a4f7cc621a765682abf9a0ab88c1f7903,base,reactivity,0,0,807.9402,32,0,102.074,18.366,334,ok,,1ece8e4b58
f0b3801a4f7cc621a765682abf9a0ab88c1f7903,base,reactivity,1,3,808.3641,31,0,87.023,14.029,335,ok,,1ece8e4b58
f0b3801a4f7cc621a765682abf9a0ab88c1f7903,base,reactivity,2,4,847.2151,41.2975,0,86.038,17.833,338,ok,,1ece8e4b58
f0b3801a4f7cc621a765682abf9a0ab88c1f7903,base,reactivity,3,7,848.0244,38.1626,0,103.243,25.985,354,ok,,1ece8e4b58
f0b3801a4f7cc621a765682abf9a0ab88c1f7903,base,reactivity,4,8,806.8262,44.2754,0,86.122,20.713,337,ok,,1ece8e4b58
f0b3801a4f7cc621a765682abf9a0ab88c1f7903,head,reactivity,0,1,808.1596,39.7198,0,86.611,15.46,337,ok,,1ece8e4b58
f0b3801a4f7cc621a765682abf9a0ab88c1f7903,head,reactivity,1,2,847.83,36.695,0,85.641,13.68,335,ok,,1ece8e4b58
f0b3801a4f7cc621a765682abf9a0ab88c1f7903,head,reactivity,2,5,846.6078,40.8987,0,87.867,19.439,351,ok,,1ece8e4b58
f0b3801a4f7cc621a765682abf9a0ab88c1f7903,head,reactivity,3,6,808.0135,41.0,0,85.968,22.414,335,ok,,1ece8e4b58
f0b3801a4f7cc621a765682abf9a0ab88c1f7903,head,reactivity,4,9,847.7991,41.7001,0,89.453,21.437,334,ok,,1ece8e4b58
62f92b7092126be6b7b1ae8d2e60340d3fdf7976,base,reactivity,0,0,808.2977,28.0,0,101.18,34.3,335,ok,,1ece8e4b58
62f92b7092126be6b7b1ae8d2e60340d3fdf7976,base,reactivity,1,3,847.7409,46.7099,0,87.275,11.638,335,ok,,1ece8e4b58
62f92b7092126be6b7b1ae8d2e60340d3fdf7976,base,reactivity,2,4,808.2366,33.0,0,86.995,13.046,334,ok,,1ece8e4b58
62f92b7092126be6b7b1ae8d2e60340d3fdf7976,base,reactivity,3,7,846.9871,42.534,0,102.752,29.607,352,ok,,1ece8e4b58
62f92b7092126be6b7b1ae8d2e60340d3fdf7976,base,reactivity,4,8,807.9673,40.0,0,85.675,20.65,335,ok,,1ece8e4b58
62f92b7092126be6b7b1ae8d2e60340d3fdf7976,head,reactivity,0,1,848.4996,39.5834,0,87.685,17.479,352,ok,,1ece8e4b58
62f92b7092126be6b7b1ae8d2e60340d3fdf7976,head,reactivity,1,2,848.0356,36.1607,0,85.239,12.015,353,ok,,1ece8e4b58
62f92b7092126be6b7b1ae8d2e60340d3fdf7976,head,reactivity,2,5,848.3604,43.6066,0,102.336,18.751,354,ok,,1ece8e4b58
62f92b7092126be6b7b1ae8d2e60340d3fdf7976,head,reactivity,3,6,847.7253,36.2124,0,86.432,20.031,336,ok,,1ece8e4b58
62f92b7092126be6b7b1ae8d2e60340d3fdf7976,head,reactivity,4,9,808.0951,51.6984,0,86.559,15.307,352,ok,,1ece8e4b58
7f0576d2e32bf8ea9bccf0ab41b57ecb4254fd22,base,reactivity,0,0,847.5047,40.7504,0,86.438,13.39,352,ok,,1ece8e4b58
7f0576d2e32bf8ea9bccf0ab41b57ecb4254fd22,base,reactivity,1,3,847.7036,38.7161,0,85.929,17.926,353,ok,,1ece8e4b58
7f0576d2e32bf8ea9bccf0ab41b57ecb4254fd22,base,reactivity,2,4,807.6544,48.0,0,86.117,15.531,355,ok,,1ece8e4b58
7f0576d2e32bf8ea9bccf0ab41b57ecb4254fd22,base,reactivity,3,7,810.647,50.549,0,103.556,15.471,351,ok,,1ece8e4b58
7f0576d2e32bf8ea9bccf0ab41b57ecb4254fd22,base,reactivity,4,8,807.7815,51.5938,0,84.558,15.816,349,ok,,1ece8e4b58
7f0576d2e32bf8ea9bccf0ab41b57ecb4254fd22,head,reactivity,0,1,847.8534,37.6911,0,84.832,13.81,355,ok,,1ece8e4b58
7f0576d2e32bf8ea9bccf0ab41b57ecb4254fd22,head,reactivity,1,2,847.8493,42.1918,0,85.607,19.986,355,ok,,1ece8e4b58
7f0576d2e32bf8ea9bccf0ab41b57ecb4254fd22,head,reactivity,2,5,846.9465,39.8422,0,103.619,24.079,355,ok,,1ece8e4b58
7f0576d2e32bf8ea9bccf0ab41b57ecb4254fd22,head,reactivity,3,6,846.7416,39.3764,0,87.829,19.654,353,ok,,1ece8e4b58
7f0576d2e32bf8ea9bccf0ab41b57ecb4254fd22,head,reactivity,4,9,808.5148,48.8383,0,86.066,18.93,333,ok,,1ece8e4b58
0bb67cab97bc88910a5c7886c45002d58a5aed12,base,reactivity,0,0,807.344,31.0,0,85.443,14.052,316,ok,,1ece8e4b58
0bb67cab97bc88910a5c7886c45002d58a5aed12,base,reactivity,1,3,807.8246,47.0,0,85.778,17.431,336,ok,,1ece8e4b58
0bb67cab97bc88910a5c7886c45002d58a5aed12,base,reactivity,2,4,808.5018,43.8339,0,86.417,15.599,354,ok,,1ece8e4b58
0bb67cab97bc88910a5c7886c45002d58a5aed12,base,reactivity,3,7,807.8473,40.0,0,88.699,17.306,335,ok,,1ece8e4b58
0bb67cab97bc88910a5c7886c45002d58a5aed12,base,reactivity,4,8,847.1762,40.804,0,86.473,17.883,335,ok,,1ece8e4b58
0bb67cab97bc88910a5c7886c45002d58a5aed12,head,reactivity,0,1,809.0171,42.0057,0,86.477,18.311,336,ok,,1ece8e4b58
0bb67cab97bc88910a5c7886c45002d58a5aed12,head,reactivity,1,2,847.345,37.7758,0,84.814,23.924,353,ok,,1ece8e4b58
0bb67cab97bc88910a5c7886c45002d58a5aed12,head,reactivity,2,5,807.2323,32,0,86.012,17.817,336,ok,,1ece8e4b58
0bb67cab97bc88910a5c7886c45002d58a5aed12,head,reactivity,3,6,807.0899,49.3633,0,85.257,17.723,353,ok,,1ece8e4b58
0bb67cab97bc88910a5c7886c45002d58a5aed12,head,reactivity,4,9,849.3867,75.5971,0,103.109,24.313,373,outlier,tbt,1ece8e4b58
75cdcac3f52d44479971504fef5d03c5a08d096c,base,reactivity,0,0,807.1937,37.0,0,101.776,16.645,335,ok,,1ece8e4b58
75cdcac3f52d44479971504fef5d03c5a08d096c,base,reactivity,1,3,847.8662,41.0,0,84.788,18.984,354,ok,,1ece8e4b58
75cdcac3f52d44479971504fef5d03c5a08d096c,base,reactivity,2,4,808.3207,35,0,103.256,23.553,336,ok,,1ece8e4b58
75cdcac3f52d44479971504fef5d03c5a08d096c,base,reactivity,3,7,846.862,43.2447,0,119.374,45.653,372,ok,,1ece8e4b58
75cdcac3f52d44479971504fef5d03c5a08d096c,base,reactivity,4,8,848.2015,38.1331,0,87.551,14.617,353,ok,,1ece8e4b58
75cdcac3f52d44479971504fef5d03c5a08d096c,head,reactivity,0,1,806.8285,36,0,86.435,19.436,337,ok,,1ece8e4b58
75cdcac3f52d44479971504fef5d03c5a08d096c,head,reactivity,1,2,808.3447,36.0,0,120.602,59.351,335,outlier,inp;tbtFlow,1ece8e4b58
75cdcac3f52d44479971504fef5d03c5a08d096c,head,reactivity,2,5,808.2778,44.0,0,103.702,26.558,335,ok,,1ece8e4b58
75cdcac3f52d44479971504fef5d03c5a08d096c,head,reactivity,3,6,807.839,35.613,0,85.797,20.27,354,ok,,1ece8e4b58
75cdcac3f52d44479971504fef5d03c5a08d096c,head,reactivity,4,9,807.8642,56.6214,0,85.626,20.651,356,ok,,1ece8e4b58
e4b729992e84252dc02a350adcc4b7dd48d17028,base,reactivity,0,0,847.695,45.7175,0,88.12,12.675,334,ok,,1ece8e4b58
e4b729992e84252dc02a350adcc4b7dd48d17028,base,reactivity,1,3,807.2835,35.0,0,85.208,13.605,336,ok,,1ece8e4b58
e4b729992e84252dc02a350adcc4b7dd48d17028,base,reactivity,2,4,848.3907,41.1015,0,85.65,23.71,353,ok,,1ece8e4b58
e4b729992e84252dc02a350adcc4b7dd48d17028,base,reactivity,3,7,807.5665,51.5222,0,102.025,38.118,370,ok,,1ece8e4b58
e4b729992e84252dc02a350adcc4b7dd48d17028,base,reactivity,4,8,848.3868,40.1022,0,102.167,14.576,335,ok,,1ece8e4b58
e4b729992e84252dc02a350adcc4b7dd48d17028,head,reactivity,0,1,807.7568,35,0,85.634,20.114,335,ok,,1ece8e4b58
e4b729992e84252dc02a350adcc4b7dd48d17028,head,reactivity,1,2,807.7169,40.0,0,103.127,21.997,336,ok,,1ece8e4b58
e4b729992e84252dc02a350adcc4b7dd48d17028,head,reactivity,2,5,849.0544,46.1019,0,87.653,11.651,370,ok,,1ece8e4b58
e4b729992e84252dc02a350adcc4b7dd48d17028,head,reactivity,3,6,808.1885,39.7295,0,85.611,14.789,355,ok,,1ece8e4b58
e4b729992e84252dc02a350adcc4b7dd48d17028,head,reactivity,4,9,848.5399,55.8563,0,103.889,24.468,372,ok,,1ece8e4b58
4610ff099114e7a75d3b1b7f4aa3b2ceed5d9d15,base,reactivity,0,0,847.6932,40.7178,0,86.459,10.141,354,ok,,1ece8e4b58
4610ff099114e7a75d3b1b7f4aa3b2ceed5d9d15,base,reactivity,1,3,848.3493,35.1084,0,85.266,18.74,353,ok,,1ece8e4b58
4610ff099114e7a75d3b1b7f4aa3b2ceed5d9d15,base,reactivity,2,4,808.0272,35,0,85.356,19.811,337,ok,,1ece8e4b58
4610ff099114e7a75d3b1b7f4aa3b2ceed5d9d15,base,reactivity,3,7,848.3955,38.6007,0,87.981,14.785,354,ok,,1ece8e4b58
4610ff099114e7a75d3b1b7f4aa3b2ceed5d9d15,base,reactivity,4,8,808.0826,41.6942,0,86.078,23.37,336,ok,,1ece8e4b58
4610ff099114e7a75d3b1b7f4aa3b2ceed5d9d15,head,reactivity,0,1,808.1319,32.0,0,85.179,11.875,336,ok,,1ece8e4b58
4610ff099114e7a75d3b1b7f4aa3b2ceed5d9d15,head,reactivity,1,2,847.8827,38.1862,0,84.966,17.096,353,ok,,1ece8e4b58
4610ff099114e7a75d3b1b7f4aa3b2ceed5d9d15,head,reactivity,2,5,847.7838,40.2027,0,85.957,19.041,354,ok,,1ece8e4b58
4610ff099114e7a75d3b1b7f4aa3b2ceed5d9d15,head,reactivity,3,6,847.2527,47,0,87.607,19.68,373,ok,,1ece8e4b58
4610ff099114e7a75d3b1b7f4aa3b2ceed5d9d15,head,reactivity,4,9,848.5421,38.5763,0,87.022,9.985,354,ok,,1ece8e4b58
3c48153e34e41fe31bb89712753cbc9d2194bb25,base,reactivity,0,0,848.7321,39.5446,0,86.23,18.491,353,ok,,1ece8e4b58
3c48153e34e41fe31bb89712753cbc9d2194bb25,base,reactivity,1,3,847.7616,39.7064,0,85.524,20.323,371,ok,,1ece8e4b58
3c48153e34e41fe31bb89712753cbc9d2194bb25,base,reactivity,2,4,807.6028,36.0,0,87.99,18.814,336,ok,,1ece8e4b58
3c48153e34e41fe31bb89712753cbc9d2194bb25,base,reactivity,3,7,848.4194,41.3076,0,86.204,21.493,353,ok,,1ece8e4b58
3c48153e34e41fe31bb89712753cbc9d2194bb25,base,reactivity,4,8,848.1666,36.6389,0,85.841,17.681,354,ok,,1ece8e4b58
3c48153e34e41fe31bb89712753cbc9d2194bb25,head,reactivity,0,1,849.1611,36.4731,0,102.602,35.741,355,ok,,1ece8e4b58
3c48153e34e41fe31bb89712753cbc9d2194bb25,head,reactivity,1,2,848.1668,38.6389,0,87.576,12.118,355,ok,,1ece8e4b58
3c48153e34e41fe31bb89712753cbc9d2194bb25,head,reactivity,2,5,807.4724,47.4908,0,87.467,19.764,354,ok,,1ece8e4b58
3c48153e34e41fe31bb89712753cbc9d2194bb25,head,reactivity,3,6,808.2233,36,0,87.36,20.717,336,ok,,1ece8e4b58
3c48153e34e41fe31bb89712753cbc9d2194bb25,head,reactivity,4,9,847.3965,56.5515,0,86.314,18.072,354,ok,,1ece8e4b58
67abccbebdc871db4fad2c1c39a81808996a81ae,base,reactivity,0,0,846.8474,49.0,0,100.774,16.008,334,ok,,1ece8e4b58
67abccbebdc871db4fad2c1c39a81808996a81ae,base,reactivity,1,3,808.0274,31.0,0,85.841,19.286,337,ok,,1ece8e4b58
67abccbebdc871db4fad2c1c39a81808996a81ae,base,reactivity,2,4,807.5809,31.0,0,85.125,13.692,335,ok,,1ece8e4b58
67abccbebdc871db4fad2c1c39a81808996a81ae,base,reactivity,3,7,848.0902,54.8713,0,85.23,21.074,373,ok,,1ece8e4b58
67abccbebdc871db4fad2c1c39a81808996a81ae,base,reactivity,4,8,809.0011,49.0004,0,85.167,19.058,337,ok,,1ece8e4b58
67abccbebdc871db4fad2c1c39a81808996a81ae,head,reactivity,0,1,848.3899,61.7966,0,87.782,16.614,353,ok,,1ece8e4b58
67abccbebdc871db4fad2c1c39a81808996a81ae,head,reactivity,1,2,847.5834,38.0,0,87.966,21.703,373,ok,,1ece8e4b58
67abccbebdc871db4fad2c1c39a81808996a81ae,head,reactivity,2,5,807.2404,33.0,0,103.687,22.141,336,ok,,1ece8e4b58
67abccbebdc871db4fad2c1c39a81808996a81ae,head,reactivity,3,6,807.8056,38.0,0,103.122,14.637,336,ok,,1ece8e4b58
67abccbebdc871db4fad2c1c39a81808996a81ae,head,reactivity,4,9,807.6965,46.5655,0,87.52,18.545,353,ok,,1ece8e4b58
c75d9a858f458274b3c4bfec443ac5a727113ddb,base,reactivity,0,0,807.4814,33.0,0,100.56,32.481,336,ok,,1ece8e4b58
c75d9a858f458274b3c4bfec443ac5a727113ddb,base,reactivity,1,3,807.5673,40.0,0,86.431,15.406,336,ok,,1ece8e4b58
c75d9a858f458274b3c4bfec443ac5a727113ddb,base,reactivity,2,4,807.4709,36.0,0,103.965,18.498,336,ok,,1ece8e4b58
c75d9a858f458274b3c4bfec443ac5a727113ddb,base,reactivity,3,7,848.3963,36.1006,0,84.88,18.512,335,ok,,1ece8e4b58
c75d9a858f458274b3c4bfec443ac5a727113ddb,base,reactivity,4,8,808.1999,47.7333,0,86.003,16.221,354,ok,,1ece8e4b58
c75d9a858f458274b3c4bfec443ac5a727113ddb,head,reactivity,0,1,847.9056,44.1824,0,85.153,13.969,353,ok,,1ece8e4b58
c75d9a858f458274b3c4bfec443ac5a727113ddb,head,reactivity,1,2,848.0803,34.6533,0,85.825,20.72,355,ok,,1ece8e4b58
c75d9a858f458274b3c4bfec443ac5a727113ddb,head,reactivity,2,5,847.6158,35.2307,0,103.902,40.568,423,outlier,lcpObs,1ece8e4b58
c75d9a858f458274b3c4bfec443ac5a727113ddb,head,reactivity,3,6,807.1888,49.3963,0,86.529,7.668,352,ok,,1ece8e4b58
c75d9a858f458274b3c4bfec443ac5a727113ddb,head,reactivity,4,9,847.1892,39.7446,0,84.656,17.985,353,ok,,1ece8e4b58
cacd027fa650882257f79eb63f0ba94946eab75d,base,reactivity,0,0,847.2318,48.2384,0,87.645,19.062,350,ok,,1ece8e4b58
cacd027fa650882257f79eb63f0ba94946eab75d,base,reactivity,1,3,846.6688,34.8885,0,85.168,15.931,353,ok,,1ece8e4b58
cacd027fa650882257f79eb63f0ba94946eab75d,base,reactivity,2,4,848.6616,42.8688,0,84.895,11.963,355,ok,,1ece8e4b58
cacd027fa650882257f79eb63f0ba94946eab75d,base,reactivity,3,7,807.2891,36.0,0,84.505,18.871,334,ok,,1ece8e4b58
cacd027fa650882257f79eb63f0ba94946eab75d,base,reactivity,4,8,807.8778,52.6259,0,89.74,18.847,335,ok,,1ece8e4b58
cacd027fa650882257f79eb63f0ba94946eab75d,head,reactivity,0,1,808.1341,28.0,0,87.058,19.276,335,ok,,1ece8e4b58
cacd027fa650882257f79eb63f0ba94946eab75d,head,reactivity,1,2,807.9998,40.0,0,85.889,21.71,337,ok,,1ece8e4b58
cacd027fa650882257f79eb63f0ba94946eab75d,head,reactivity,2,5,808.1222,36,0,87.246,15.658,335,ok,,1ece8e4b58
cacd027fa650882257f79eb63f0ba94946eab75d,head,reactivity,3,6,807.7176,35.0,0,85.073,16.113,337,ok,,1ece8e4b58
cacd027fa650882257f79eb63f0ba94946eab75d,head,reactivity,4,9,807.6999,43.5666,0,87.045,18.061,354,ok,,1ece8e4b58
04de0400be86582019b6f2c5d8599cf177949671,base,reactivity,0,0,847.6722,53.3816,0,86.821,8.388,350,ok,,1ece8e4b58
04de0400be86582019b6f2c5d8599cf177949671,base,reactivity,1,3,848.2911,41.1182,0,103.189,18.101,351,ok,,1ece8e4b58
04de0400be86582019b6f2c5d8599cf177949671,base,reactivity,2,4,847.5567,42.2405,0,87.129,9.359,336,ok,,1ece8e4b58
04de0400be86582019b6f2c5d8599cf177949671,base,reactivity,3,7,847.2213,39.2965,0,86.074,17.203,336,ok,,1ece8e4b58
04de0400be86582019b6f2c5d8599cf177949671,base,reactivity,4,8,848.114,50.6494,0,85.629,14.274,353,ok,,1ece8e4b58
04de0400be86582019b6f2c5d8599cf177949671,head,reactivity,0,1,848.7186,40.0469,0,85.957,16.054,353,ok,,1ece8e4b58
04de0400be86582019b6f2c5d8599cf177949671,head,reactivity,1,2,847.0003,50.3195,0,118.146,53.132,355,outlier,inp;tbtFlow,1ece8e4b58
04de0400be86582019b6f2c5d8599cf177949671,head,reactivity,2,5,808.5887,34.0,0,85.344,10.149,334,ok,,1ece8e4b58
04de0400be86582019b6f2c5d8599cf177949671,head,reactivity,3,6,807.9401,31.0,0,84.476,14.296,336,ok,,1ece8e4b58
04de0400be86582019b6f2c5d8599cf177949671,head,reactivity,4,9,847.1216,33.8131,0,87.606,12.874,352,ok,,1ece8e4b58
2951ff0ad155374d60455236c1e069c9ddbbb0c0,base,reactivity,0,0,847.2961,40.284,0,111.289,21.179,335,outlier,inp,1ece8e4b58
2951ff0ad155374d60455236c1e069c9ddbbb0c0,base,reactivity,1,3,809.3778,29.0,0,86.005,13.231,336,ok,,1ece8e4b58
2951ff0ad155374d60455236c1e069c9ddbbb0c0,base,reactivity,2,4,807.4488,30.0,0,85.006,9.921,335,ok,,1ece8e4b58
2951ff0ad155374d60455236c1e069c9ddbbb0c0,base,reactivity,3,7,806.9214,54.3071,0,86.001,15.158,336,ok,,1ece8e4b58
2951ff0ad155374d60455236c1e069c9ddbbb0c0,base,reactivity,4,8,807.9862,45.6621,0,85.516,16.96,354,ok,,1ece8e4b58
2951ff0ad155374d60455236c1e069c9ddbbb0c0,head,reactivity,0,1,808.545,45.0,0,85.763,17.852,336,ok,,1ece8e4b58
2951ff0ad155374d60455236c1e069c9ddbbb0c0,head,reactivity,1,2,807.4703,33.0,0,87.455,14.068,335,ok,,1ece8e4b58
2951ff0ad155374d60455236c1e069c9ddbbb0c0,head,reactivity,2,5,847.1841,40.8026,0,102.095,31.101,337,ok,,1ece8e4b58
2951ff0ad155374d60455236c1e069c9ddbbb0c0,head,reactivity,3,6,847.6891,40.2185,0,86.087,15.994,352,ok,,1ece8e4b58
2951ff0ad155374d60455236c1e069c9ddbbb0c0,head,reactivity,4,9,847.808,35.6987,0,85.166,20.862,354,ok,,1ece8e4b58
c368cd34cc330ef48b74e009e5f3c6cf7b23525e,base,reactivity,0,0,848.0049,41.1658,0,85.214,13.247,350,ok,,1ece8e4b58
c368cd34cc330ef48b74e009e5f3c6cf7b23525e,base,reactivity,1,3,847.9911,37.6681,0,85.145,16.81,335,ok,,1ece8e4b58
c368cd34cc330ef48b74e009e5f3c6cf7b23525e,base,reactivity,2,4,848.2215,73,0,87.865,17.722,355,outlier,tbt,1ece8e4b58
c368cd34cc330ef48b74e009e5f3c6cf7b23525e,base,reactivity,3,7,807.7065,32,0,87.068,15.652,336,ok,,1ece8e4b58
c368cd34cc330ef48b74e009e5f3c6cf7b23525e,base,reactivity,4,8,806.9898,43.33,0,86.024,23.732,355,ok,,1ece8e4b58
c368cd34cc330ef48b74e009e5f3c6cf7b23525e,head,reactivity,0,1,848.0652,38.1558,0,85.394,5.368,336,ok,,1ece8e4b58
c368cd34cc330ef48b74e009e5f3c6cf7b23525e,head,reactivity,1,2,847.4908,38.2515,0,85.973,11.038,355,ok,,1ece8e4b58
c368cd34cc330ef48b74e009e5f3c6cf7b23525e,head,reactivity,2,5,847.5577,39.2404,0,87.161,14.038,336,ok,,1ece8e4b58
c368cd34cc330ef48b74e009e5f3c6cf7b23525e,head,reactivity,3,6,808.3401,58.78,0,84.998,14.195,372,ok,,1ece8e4b58
c368cd34cc330ef48b74e009e5f3c6cf7b23525e,head,reactivity,4,9,848.9571,62.6663,0,86.147,12.101,372,ok,,1ece8e4b58
d5c0f96c988c638d32d0a2bf54d53d41751393f0,base,reactivity,0,0,848.3667,35.6056,0,87.692,15.836,353,ok,,1ece8e4b58
d5c0f96c988c638d32d0a2bf54d53d41751393f0,base,reactivity,1,3,807.5539,35.0,0,103.026,20.298,336,ok,,1ece8e4b58
d5c0f96c988c638d32d0a2bf54d53d41751393f0,base,reactivity,2,4,848.4564,38.0906,0,87.413,23.757,334,ok,,1ece8e4b58
d5c0f96c988c638d32d0a2bf54d53d41751393f0,base,reactivity,3,7,848.6664,69.8888,0,103.886,25.357,370,outlier,tbt,1ece8e4b58
d5c0f96c988c638d32d0a2bf54d53d41751393f0,base,reactivity,4,8,808.1017,31.0,0,87.03,17.871,336,ok,,1ece8e4b58
d5c0f96c988c638d32d0a2bf54d53d41751393f0,head,reactivity,0,1,848.0476,37.1587,0,87.466,9.406,353,ok,,1ece8e4b58
d5c0f96c988c638d32d0a2bf54d53d41751393f0,head,reactivity,1,2,848.6226,42.0629,0,84.786,19.69,352,ok,,1ece8e4b58
d5c0f96c988c638d32d0a2bf54d53d41751393f0,head,reactivity,2,5,848.6214,38.5631,0,86.971,19.26,354,ok,,1ece8e4b58
d5c0f96c988c638d32d0a2bf54d53d41751393f0,head,reactivity,3,6,808.0676,43.6892,0,86.061,25.699,354,ok,,1ece8e4b58
d5c0f96c988c638d32d0a2bf54d53d41751393f0,head,reactivity,4,9,807.8285,50.6095,0,86.008,18.226,335,ok,,1ece8e4b58
76f5cb690f2573f1550c15ca4e9b1f3909c8a60c,base,reactivity,0,0,807.1853,64.3951,0,86.008,10.115,353,ok,,1ece8e4b58
76f5cb690f2573f1550c15ca4e9b1f3909c8a60c,base,reactivity,1,3,808.1916,31,0,86.552,24.069,335,ok,,1ece8e4b58
76f5cb690f2573f1550c15ca4e9b1f3909c8a60c,base,reactivity,2,4,849.0158,42.9974,0,85.626,20.973,354,ok,,1ece8e4b58
76f5cb690f2573f1550c15ca4e9b1f3909c8a60c,base,reactivity,3,7,807.9785,51.6595,0,103.754,22.052,335,ok,,1ece8e4b58
76f5cb690f2573f1550c15ca4e9b1f3909c8a60c,base,reactivity,4,8,847.4912,52.9609,0,84.411,21.278,354,ok,,1ece8e4b58
76f5cb690f2573f1550c15ca4e9b1f3909c8a60c,head,reactivity,0,1,807.5851,37.0,0,88.741,19.333,336,ok,,1ece8e4b58
76f5cb690f2573f1550c15ca4e9b1f3909c8a60c,head,reactivity,1,2,848.469,38.0885,0,87.195,17.871,353,ok,,1ece8e4b58
76f5cb690f2573f1550c15ca4e9b1f3909c8a60c,head,reactivity,2,5,847.4486,42.7586,0,84.751,14.729,337,ok,,1ece8e4b58
76f5cb690f2573f1550c15ca4e9b1f3909c8a60c,head,reactivity,3,6,806.8939,64.298,0,85.051,10.17,356,ok,,1ece8e4b58
76f5cb690f2573f1550c15ca4e9b1f3909c8a60c,head,reactivity,4,9,807.3917,40,0,85.472,22.647,337,ok,,1ece8e4b58
a23bdbe28511959a00d5ff3e272222e7ea7f5724,base,reactivity,0,0,847.4456,58.4931,0,116.087,77.336,371,ok,,1ece8e4b58
a23bdbe28511959a00d5ff3e272222e7ea7f5724,base,reactivity,1,3,849.7347,74.2341,0,102.297,47.005,354,ok,,1ece8e4b58
a23bdbe28511959a00d5ff3e272222e7ea7f5724,base,reactivity,2,4,809.1678,56.0559,0,120.431,61.481,355,ok,,1ece8e4b58
a23bdbe28511959a00d5ff3e272222e7ea7f5724,base,reactivity,3,7,808.1649,63.7216,0,84.831,23.533,354,ok,,1ece8e4b58
a23bdbe28511959a00d5ff3e272222e7ea7f5724,base,reactivity,4,8,808.2219,52.7406,0,86.02,21.094,374,ok,,1ece8e4b58
a23bdbe28511959a00d5ff3e272222e7ea7f5724,head,reactivity,0,1,850.1473,105.3824,0,111.666,50.997,409,ok,,1ece8e4b58
a23bdbe28511959a00d5ff3e272222e7ea7f5724,head,reactivity,1,2,807.9107,58.6369,0,102.445,41.586,373,ok,,1ece8e4b58
a23bdbe28511959a00d5ff3e272222e7ea7f5724,head,reactivity,2,5,809.6732,56.2244,0,117.996,48.257,355,ok,,1ece8e4b58
a23bdbe28511959a00d5ff3e272222e7ea7f5724,head,reactivity,3,6,848.8986,84.8608,0,121.088,48.334,391,ok,,1ece8e4b58
a23bdbe28511959a00d5ff3e272222e7ea7f5724,head,reactivity,4,9,848.3221,65.774,0,120.412,40.03,372,ok,,1ece8e4b58
1fa271090056bc97934808305eeb69e1f9f0c141,base,reactivity,0,0,809.9225,38.3075,0,101.973,19.772,352,ok,,1ece8e4b58
1fa271090056bc97934808305eeb69e1f9f0c141,base,reactivity,1,3,807.2903,66.0,0,87.436,15.931,354,ok,,1ece8e4b58
1fa271090056bc97934808305eeb69e1f9f0c141,base,reactivity,2,4,807.8811,36.0,0,103.708,35.643,337,ok,,1ece8e4b58
1fa271090056bc97934808305eeb69e1f9f0c141,base,reactivity,3,7,847.1496,40.3084,0,85.896,15.188,353,ok,,1ece8e4b58
1fa271090056bc97934808305eeb69e1f9f0c141,base,reactivity,4,8,846.8327,44.5215,0,103.866,24.83,352,ok,,1ece8e4b58
1fa271090056bc97934808305eeb69e1f9f0c141,head,reactivity,0,1,848.6848,83.0,0,103.709,32.546,352,ok,,1ece8e4b58
1fa271090056bc97934808305eeb69e1f9f0c141,head,reactivity,1,2,809.0987,61.0329,0,103.792,26.959,351,ok,,1ece8e4b58
1fa271090056bc97934808305eeb69e1f9f0c141,head,reactivity,2,5,807.448,54.4826,0,85.197,16.417,336,ok,,1ece8e4b58
1fa271090056bc97934808305eeb69e1f9f0c141,head,reactivity,3,6,808.1793,39.7264,0,85.378,16.627,352,ok,,1ece8e4b58
1fa271090056bc97934808305eeb69e1f9f0c141,head,reactivity,4,9,849.3233,36.0223,0,103.219,23.241,353,ok,,1ece8e4b58
4e071677b0c41c04f9dd6e3a92194866cfc10e98,base,reactivity,0,0,849.0486,51.7508,0,84.901,14.185,371,ok,,1ece8e4b58
4e071677b0c41c04f9dd6e3a92194866cfc10e98,base,reactivity,1,3,808.1843,33,0,85.15,21.534,336,ok,,1ece8e4b58
4e071677b0c41c04f9dd6e3a92194866cfc10e98,base,reactivity,2,4,848.3455,41.6091,0,85.297,22.097,353,ok,,1ece8e4b58
4e071677b0c41c04f9dd6e3a92194866cfc10e98,base,reactivity,3,7,807.4564,33.0,0,103.598,25.758,336,ok,,1ece8e4b58
4e071677b0c41c04f9dd6e3a92194866cfc10e98,base,reactivity,4,8,847.6765,43.2206,0,85.806,25.305,353,ok,,1ece8e4b58
4e071677b0c41c04f9dd6e3a92194866cfc10e98,head,reactivity,0,1,808.4816,37.0,0,103.405,20.478,337,ok,,1ece8e4b58
4e071677b0c41c04f9dd6e3a92194866cfc10e98,head,reactivity,1,2,809.1383,35.0461,0,86.057,22.779,354,ok,,1ece8e4b58
4e071677b0c41c04f9dd6e3a92194866cfc10e98,head,reactivity,2,5,847.722,32.0,0,84.211,21.125,354,ok,,1ece8e4b58
4e071677b0c41c04f9dd6e3a92194866cfc10e98,head,reactivity,3,6,848.4744,35.6418,0,103.526,19.676,369,ok,,1ece8e4b58
4e071677b0c41c04f9dd6e3a92194866cfc10e98,head,reactivity,4,9,848.6649,62.0407,0,102.618,23.537,373,ok,,1ece8e4b58
5802689686dad75cade124471f36c8eaf68f009c,base,reactivity,0,0,847.6444,41.7259,0,102.453,26.034,353,ok,,1ece8e4b58
5802689686dad75cade124471f36c8eaf68f009c,base,reactivity,1,3,808.9541,35,0,103.178,25.372,335,ok,,1ece8e4b58
5802689686dad75cade124471f36c8eaf68f009c,base,reactivity,2,4,848.2804,35.1199,0,104.109,28.342,354,ok,,1ece8e4b58
5802689686dad75cade124471f36c8eaf68f009c,base,reactivity,3,7,807.5235,51.5078,0,103.425,38.712,335,ok,,1ece8e4b58
5802689686dad75cade124471f36c8eaf68f009c,base,reactivity,4,8,807.2608,51.4203,0,86.903,11.333,354,ok,,1ece8e4b58
5802689686dad75cade124471f36c8eaf68f009c,base,reactivity,5,11,807.523,49.5077,0,87.598,18.261,335,ok,,1ece8e4b58
5802689686dad75cade124471f36c8eaf68f009c,base,reactivity,6,12,807.6298,43.5432,0,103.542,23.948,338,ok,,1ece8e4b58
5802689686dad75cade124471f36c8eaf68f009c,base,reactivity,7,15,807.4993,83.4997,0,86.015,23.887,372,outlier,tbt,1ece8e4b58
5802689686dad75cade124471f36c8eaf68f009c,base,reactivity,8,16,848.1934,49.8128,0,87.47,21.279,354,ok,,1ece8e4b58
5802689686dad75cade124471f36c8eaf68f009c,base,reactivity,9,19,848.2524,45.2872,0,84.794,21.292,353,ok,,1ece8e4b58
5802689686dad75cade124471f36c8eaf68f009c,base,reactivity,10,20,809.527,42.1757,0,103.178,22.122,336,ok,,1ece8e4b58
5802689686dad75cade124471f36c8eaf68f009c,base,reactivity,11,23,847.1357,40.3107,0,87.363,26.506,337,ok,,1ece8e4b58
5802689686dad75cade124471f36c8eaf68f009c,base,reactivity,12,24,847.713,52.074,0,86.304,20.851,356,ok,,1ece8e4b58
5802689686dad75cade124471f36c8eaf68f009c,base,reactivity,13,27,807.1449,52.3816,0,103.615,25.493,355,ok,,1ece8e4b58
5802689686dad75cade124471f36c8eaf68f009c,base,reactivity,14,28,847.0415,49.1819,0,86.022,17.902,354,ok,,1ece8e4b58
5802689686dad75cade124471f36c8eaf68f009c,head,reactivity,0,1,848.0036,39.6661,0,85.466,14.231,354,ok,,1ece8e4b58
5802689686dad75cade124471f36c8eaf68f009c,head,reactivity,1,2,847.4606,42.0462,0,87.783,17.95,354,ok,,1ece8e4b58
5802689686dad75cade124471f36c8eaf68f009c,head,reactivity,2,5,847.0866,48.2968,0,86.049,15.323,354,ok,,1ece8e4b58
5802689686dad75cade124471f36c8eaf68f009c,head,reactivity,3,6,807.7571,56.5857,0,85.078,14.204,334,ok,,1ece8e4b58
5802689686dad75cade124471f36c8eaf68f009c,head,reactivity,4,9,807.4042,50.468,0,88.565,21.475,354,ok,,1ece8e4b58
5802689686dad75cade124471f36c8eaf68f009c,head,reactivity,5,10,807.5818,60.5272,0,88.057,21.949,352,ok,,1ece8e4b58
5802689686dad75cade124471f36c8eaf68f009c,head,reactivity,6,13,807.629,37,0,103.305,26.541,336,ok,,1ece8e4b58
5802689686dad75cade124471f36c8eaf68f009c,head,reactivity,7,14,807.8342,53.6114,0,85.401,18.505,353,ok,,1ece8e4b58
5802689686dad75cade124471f36c8eaf68f009c,head,reactivity,8,17,807.3066,58.4355,0,86.031,16.532,354,ok,,1ece8e4b58
5802689686dad75cade124471f36c8eaf68f009c,head,reactivity,9,18,847.6621,38.0,0,87.605,19.867,356,ok,,1ece8e4b58
5802689686dad75cade124471f36c8eaf68f009c,head,reactivity,10,21,807.2996,32.0,0,85.395,18.637,336,ok,,1ece8e4b58
5802689686dad75cade124471f36c8eaf68f009c,head,reactivity,11,22,807.9982,39.6661,0,86.628,19.72,333,ok,,1ece8e4b58
5802689686dad75cade124471f36c8eaf68f009c,head,reactivity,12,25,848.5737,42.1071,0,103.202,34.991,352,ok,,1ece8e4b58
5802689686dad75cade124471f36c8eaf68f009c,head,reactivity,13,26,808.0988,34.6996,0,85.917,23.092,354,ok,,1ece8e4b58
5802689686dad75cade124471f36c8eaf68f009c,head,reactivity,14,29,847.323,53.232,0,88.295,14.272,353,ok,,1ece8e4b58
1e91ed7d09072c69ff61bc54ee1acb1f27b2f6f4,base,reactivity,0,0,848.4934,38.0368,0,86.123,15.194,372,ok,,1ece8e4b58
1e91ed7d09072c69ff61bc54ee1acb1f27b2f6f4,base,reactivity,1,3,807.9515,31.6505,0,85.471,21.212,335,ok,,1ece8e4b58
1e91ed7d09072c69ff61bc54ee1acb1f27b2f6f4,base,reactivity,2,4,848.012,44.1647,0,86.091,11.262,335,ok,,1ece8e4b58
1e91ed7d09072c69ff61bc54ee1acb1f27b2f6f4,base,reactivity,3,7,848.5551,42.5741,0,100.17,19.667,333,ok,,1ece8e4b58
1e91ed7d09072c69ff61bc54ee1acb1f27b2f6f4,base,reactivity,4,8,807.334,36.4447,0,85.683,16.072,336,ok,,1ece8e4b58
1e91ed7d09072c69ff61bc54ee1acb1f27b2f6f4,head,reactivity,0,1,808.0727,29.0,0,102.756,20.853,336,ok,,1ece8e4b58
1e91ed7d09072c69ff61bc54ee1acb1f27b2f6f4,head,reactivity,1,2,847.336,44.0,0,85.382,17.491,354,ok,,1ece8e4b58
1e91ed7d09072c69ff61bc54ee1acb1f27b2f6f4,head,reactivity,2,5,807.8922,31.0,0,103.659,27.096,336,ok,,1ece8e4b58
1e91ed7d09072c69ff61bc54ee1acb1f27b2f6f4,head,reactivity,3,6,847.7756,37.2041,0,103.261,23.914,337,ok,,1ece8e4b58
1e91ed7d09072c69ff61bc54ee1acb1f27b2f6f4,head,reactivity,4,9,847.4107,38.7649,0,86.013,19.924,336,ok,,1ece8e4b58
ebab64ad9fd3bf6cdeb3f8bed388ae018440ddd6,base,reactivity,0,0,808.1931,32,0,85.012,17.601,336,ok,,1ece8e4b58
ebab64ad9fd3bf6cdeb3f8bed388ae018440ddd6,base,reactivity,1,3,807.5893,33.0,0,84.759,19.009,337,ok,,1ece8e4b58
ebab64ad9fd3bf6cdeb3f8bed388ae018440ddd6,base,reactivity,2,4,847.93,39.6783,0,88.442,18.321,355,ok,,1ece8e4b58
ebab64ad9fd3bf6cdeb3f8bed388ae018440ddd6,base,reactivity,3,7,807.8678,37.0,0,103.368,31.739,335,ok,,1ece8e4b58
ebab64ad9fd3bf6cdeb3f8bed388ae018440ddd6,base,reactivity,4,8,809.2687,32,0,85.488,20.928,387,ok,,1ece8e4b58
ebab64ad9fd3bf6cdeb3f8bed388ae018440ddd6,head,reactivity,0,1,808.2978,39.7659,0,103.507,27.67,336,ok,,1ece8e4b58
ebab64ad9fd3bf6cdeb3f8bed388ae018440ddd6,head,reactivity,1,2,848.2449,41.1259,0,103.223,39.49,334,ok,,1ece8e4b58
ebab64ad9fd3bf6cdeb3f8bed388ae018440ddd6,head,reactivity,2,5,808.1019,41,0,87.239,19.945,336,ok,,1ece8e4b58
ebab64ad9fd3bf6cdeb3f8bed388ae018440ddd6,head,reactivity,3,6,807.728,35.0,0,85.527,25.328,335,ok,,1ece8e4b58
ebab64ad9fd3bf6cdeb3f8bed388ae018440ddd6,head,reactivity,4,9,849.3104,49.5576,0,84.923,19.955,355,ok,,1ece8e4b58
2abab33eb4b163e51db0c73c0fc889b6b6c731f2,base,reactivity,0,0,848.9256,41.5124,0,85.104,19.461,350,ok,,1ece8e4b58
2abab33eb4b163e51db0c73c0fc889b6b6c731f2,base,reactivity,1,3,807.3702,33.0,0,87.044,19.545,334,ok,,1ece8e4b58
2abab33eb4b163e51db0c73c0fc889b6b6c731f2,base,reactivity,2,4,808.0761,34,0,87.545,18.117,337,ok,,1ece8e4b58
2abab33eb4b163e51db0c73c0fc889b6b6c731f2,base,reactivity,3,7,807.7464,42.5821,0,85.281,15.653,335,ok,,1ece8e4b58
2abab33eb4b163e51db0c73c0fc889b6b6c731f2,base,reactivity,4,8,847.8569,36.6905,0,103.133,27.877,355,ok,,1ece8e4b58
2abab33eb4b163e51db0c73c0fc889b6b6c731f2,head,reactivity,0,1,808.9922,34.0,0,85.313,16.047,337,ok,,1ece8e4b58
2abab33eb4b163e51db0c73c0fc889b6b6c731f2,head,reactivity,1,2,807.7269,35,0,85.669,17.761,335,ok,,1ece8e4b58
2abab33eb4b163e51db0c73c0fc889b6b6c731f2,head,reactivity,2,5,847.9724,41.6713,0,103.3,28.792,355,ok,,1ece8e4b58
2abab33eb4b163e51db0c73c0fc889b6b6c731f2,head,reactivity,3,6,848.9908,66.9969,0,85.534,22.814,390,outlier,lcpObs,1ece8e4b58
2abab33eb4b163e51db0c73c0fc889b6b6c731f2,head,reactivity,4,9,846.9726,42.8379,0,87.183,16.285,335,ok,,1ece8e4b58
43e1197e4be4cce08f3b818fe123bed3808d7769,base,reactivity,0,0,807.5731,36.0,0,89.027,11.589,335,ok,,1ece8e4b58
43e1197e4be4cce08f3b818fe123bed3808d7769,base,reactivity,1,3,809.0573,31,0,85.603,18.419,336,ok,,1ece8e4b58
43e1197e4be4cce08f3b818fe123bed3808d7769,base,reactivity,2,4,807.4235,36,0,103.011,38.502,336,ok,,1ece8e4b58
43e1197e4be4cce08f3b818fe123bed3808d7769,base,reactivity,3,7,808.7799,63.9266,0,103.731,26.614,353,ok,,1ece8e4b58
43e1197e4be4cce08f3b818fe123bed3808d7769,base,reactivity,4,8,808.2088,30.0,0,85.274,20.255,337,ok,,1ece8e4b58
43e1197e4be4cce08f3b818fe123bed3808d7769,head,reactivity,0,1,848.6549,40.5575,0,87.752,19.49,355,ok,,1ece8e4b58
43e1197e4be4cce08f3b818fe123bed3808d7769,head,reactivity,1,2,807.3714,32.0,0,84.923,14.691,336,ok,,1ece8e4b58
43e1197e4be4cce08f3b818fe123bed3808d7769,head,reactivity,2,5,808.1075,38.0,0,104.016,24.539,337,ok,,1ece8e4b58
43e1197e4be4cce08f3b818fe123bed3808d7769,head,reactivity,3,6,848.5556,42.5741,0,103.429,16.41,335,ok,,1ece8e4b58
43e1197e4be4cce08f3b818fe123bed3808d7769,head,reactivity,4,9,807.4743,46.4915,0,101.751,28.801,352,ok,,1ece8e4b58
9b7a34485d89683d215e6f040def122cad069c0f,base,reactivity,0,0,848.0103,32.2869,0,87.971,18.079,351,ok,,1ece8e4b58
9b7a34485d89683d215e6f040def122cad069c0f,base,reactivity,1,3,808.5275,38.8425,0,85.178,21.253,353,ok,,1ece8e4b58
9b7a34485d89683d215e6f040def122cad069c0f,base,reactivity,2,4,847.4653,37.7558,0,87.014,20.508,353,ok,,1ece8e4b58
9b7a34485d89683d215e6f040def122cad069c0f,base,reactivity,3,7,848.5284,75.8428,0,86.032,14.077,373,outlier,tbt,1ece8e4b58
9b7a34485d89683d215e6f040def122cad069c0f,base,reactivity,4,8,808.9265,46.9755,0,85.325,21.155,355,ok,,1ece8e4b58
9b7a34485d89683d215e6f040def122cad069c0f,head,reactivity,0,1,809.0015,63.0005,0,103.714,22.086,352,ok,,1ece8e4b58
9b7a34485d89683d215e6f040def122cad069c0f,head,reactivity,1,2,808.2123,34.7374,0,85.672,17.125,334,ok,,1ece8e4b58
9b7a34485d89683d215e6f040def122cad069c0f,head,reactivity,2,5,847.5252,37.2458,0,88.399,20.297,336,ok,,1ece8e4b58
9b7a34485d89683d215e6f040def122cad069c0f,head,reactivity,3,6,847.772,43.0,0,86.15,21.695,352,ok,,1ece8e4b58
9b7a34485d89683d215e6f040def122cad069c0f,head,reactivity,4,9,808.2862,33.0,0,87.544,18.452,337,ok,,1ece8e4b58
fcec1ef7ded8604dd53f29b317af185aa26153db,base,reactivity,0,0,807.6962,41.5654,0,102.174,24.832,334,ok,,1ece8e4b58
fcec1ef7ded8604dd53f29b317af185aa26153db,base,reactivity,1,3,847.4272,39.2621,0,103.721,25.9,354,ok,,1ece8e4b58
fcec1ef7ded8604dd53f29b317af185aa26153db,base,reactivity,2,4,807.7201,53.0,0,104.005,18.847,337,ok,,1ece8e4b58
fcec1ef7ded8604dd53f29b317af185aa26153db,base,reactivity,3,7,847.4912,34.7599,0,85.31,11.99,353,ok,,1ece8e4b58
fcec1ef7ded8604dd53f29b317af185aa26153db,base,reactivity,4,8,808.668,32.0,0,87.771,15.481,337,ok,,1ece8e4b58
fcec1ef7ded8604dd53f29b317af185aa26153db,base,reactivity,5,11,807.217,35.0,0,84.994,12.425,337,ok,,1ece8e4b58
fcec1ef7ded8604dd53f29b317af185aa26153db,base,reactivity,6,12,807.6957,32,0,87.08,22.084,338,ok,,1ece8e4b58
fcec1ef7ded8604dd53f29b317af185aa26153db,base,reactivity,7,15,847.1158,48.863,0,86.072,19.294,354,ok,,1ece8e4b58
fcec1ef7ded8604dd53f29b317af185aa26153db,base,reactivity,8,16,807.4838,54.4946,0,103.119,25.638,355,ok,,1ece8e4b58
fcec1ef7ded8604dd53f29b317af185aa26153db,base,reactivity,9,19,808.0117,54.6706,0,86.506,23.433,354,ok,,1ece8e4b58
fcec1ef7ded8604dd53f29b317af185aa26153db,base,reactivity,10,20,847.9321,71.3679,0,103.145,23.125,370,ok,,1ece8e4b58
fcec1ef7ded8604dd53f29b317af185aa26153db,base,reactivity,11,23,807.1726,54.3909,0,103.925,22.926,335,ok,,1ece8e4b58
fcec1ef7ded8604dd53f29b317af185aa26153db,base,reactivity,12,24,847.2855,58.0,0,85.232,21.07,352,ok,,1ece8e4b58
fcec1ef7ded8604dd53f29b317af185aa26153db,base,reactivity,13,27,807.446,57.482,0,85.65,18.478,391,ok,,1ece8e4b58
fcec1ef7ded8604dd53f29b317af185aa26153db,base,reactivity,14,28,847.8465,56.5425,0,85.291,23.473,370,ok,,1ece8e4b58
fcec1ef7ded8604dd53f29b317af185aa26153db,head,reactivity,0,1,848.3261,36.1123,0,88.545,18.394,336,ok,,1ece8e4b58
fcec1ef7ded8604dd53f29b317af185aa26153db,head,reactivity,1,2,847.5389,40.7435,0,85.039,16.637,355,ok,,1ece8e4b58
fcec1ef7ded8604dd53f29b317af185aa26153db,head,reactivity,2,5,848.0149,42.1642,0,85.847,21.015,352,ok,,1ece8e4b58
fcec1ef7ded8604dd53f29b317af185aa26153db,head,reactivity,3,6,808.4475,37.0,0,85.5,16.486,337,ok,,1ece8e4b58
fcec1ef7ded8604dd53f29b317af185aa26153db,head,reactivity,4,9,847.5162,33.2473,0,103.448,27.559,354,ok,,1ece8e4b58
fcec1ef7ded8604dd53f29b317af185aa26153db,head,reactivity,5,10,848.0883,39.8439,0,86.168,22.473,351,ok,,1ece8e4b58
fcec1ef7ded8604dd53f29b317af185aa26153db,head,reactivity,6,13,848.244,41.602,0,103.594,16.028,371,ok,,1ece8e4b58
fcec1ef7ded8604dd53f29b317af185aa26153db,head,reactivity,7,14,807.8228,32.6076,0,86.078,19.333,336,ok,,1ece8e4b58
fcec1ef7ded8604dd53f29b317af185aa26153db,head,reactivity,8,17,807.388,55.4626,0,86.091,26.541,351,ok,,1ece8e4b58
fcec1ef7ded8604dd53f29b317af185aa26153db,head,reactivity,9,18,848.346,59.12,0,84.525,17.665,372,ok,,1ece8e4b58
fcec1ef7ded8604dd53f29b317af185aa26153db,head,reactivity,10,21,847.5357,53.1271,0,86.346,20.99,354,ok,,1ece8e4b58
fcec1ef7ded8604dd53f29b317af185aa26153db,head,reactivity,11,22,807.6205,53.5402,0,85.692,27.89,353,ok,,1ece8e4b58
fcec1ef7ded8604dd53f29b317af185aa26153db,head,reactivity,12,25,847.4926,36.9465,0,103.684,25.321,352,ok,,1ece8e4b58
fcec1ef7ded8604dd53f29b317af185aa26153db,head,reactivity,13,26,807.9112,83.6371,0,103.758,22.987,372,outlier,tbt,1ece8e4b58
fcec1ef7ded8604dd53f29b317af185aa26153db,head,reactivity,14,29,847.8242,39.696,0,103.143,26.501,335,ok,,1ece8e4b58
fd70b0a03e2b4f8a6699e3212d40561134626e62,base,reactivity,0,0,848.403,37.5995,0,102.781,20.472,353,ok,,1ece8e4b58
fd70b0a03e2b4f8a6699e3212d40561134626e62,base,reactivity,1,3,809.7852,40.2618,0,86.048,20.147,336,ok,,1ece8e4b58
fd70b0a03e2b4f8a6699e3212d40561134626e62,base,reactivity,2,4,848.3454,39.6091,0,138.612,58.593,354,outlier,inp;tbtFlow,1ece8e4b58
fd70b0a03e2b4f8a6699e3212d40561134626e62,base,reactivity,3,7,808.3924,59.7975,0,87.25,31.246,352,ok,,1ece8e4b58
fd70b0a03e2b4f8a6699e3212d40561134626e62,base,reactivity,4,8,807.5381,49.5127,0,85.983,20.498,373,ok,,1ece8e4b58
fd70b0a03e2b4f8a6699e3212d40561134626e62,head,reactivity,0,1,848.0945,41.0,0,102.545,27.947,355,ok,,1ece8e4b58
fd70b0a03e2b4f8a6699e3212d40561134626e62,head,reactivity,1,2,847.2197,49.0,0,103.809,23.285,352,ok,,1ece8e4b58
fd70b0a03e2b4f8a6699e3212d40561134626e62,head,reactivity,2,5,848.0517,39.1201,0,103.818,26.977,354,ok,,1ece8e4b58
fd70b0a03e2b4f8a6699e3212d40561134626e62,head,reactivity,3,6,848.1576,39.1404,0,103.372,25.807,354,ok,,1ece8e4b58
fd70b0a03e2b4f8a6699e3212d40561134626e62,head,reactivity,4,9,847.4862,49.7796,0,103.86,25.806,352,ok,,1ece8e4b58
d4fd2e1c1667d56725725081e29babdf6e17bfba,base,reactivity,0,0,848.1596,69.7198,0,102.09,17.461,369,ok,,1ece8e4b58
d4fd2e1c1667d56725725081e29babdf6e17bfba,base,reactivity,1,3,849.6772,55.4943,0,103.168,24.749,373,ok,,1ece8e4b58
d4fd2e1c1667d56725725081e29babdf6e17bfba,base,reactivity,2,4,807.9636,37.0,0,86.448,19.371,353,ok,,1ece8e4b58
d4fd2e1c1667d56725725081e29babdf6e17bfba,base,reactivity,3,7,808.5195,49.8398,0,88,25.294,353,ok,,1ece8e4b58
d4fd2e1c1667d56725725081e29babdf6e17bfba,base,reactivity,4,8,807.3622,71.4541,0,102.547,33.439,354,ok,,1ece8e4b58
d4fd2e1c1667d56725725081e29babdf6e17bfba,head,reactivity,0,1,847.9902,38.1683,0,85.641,19.94,355,ok,,1ece8e4b58
d4fd2e1c1667d56725725081e29babdf6e17bfba,head,reactivity,1,2,807.677,38.0,0,87.125,21.06,353,ok,,1ece8e4b58
d4fd2e1c1667d56725725081e29babdf6e17bfba,head,reactivity,2,5,808.0144,58.6715,0,86.217,24.822,354,ok,,1ece8e4b58
d4fd2e1c1667d56725725081e29babdf6e17bfba,head,reactivity,3,6,807.1245,36.0,0,103.389,29.57,318,ok,,1ece8e4b58
d4fd2e1c1667d56725725081e29babdf6e17bfba,head,reactivity,4,9,806.5583,43.0,0,103.721,32.318,333,ok,,1ece8e4b58
77bc26feed68bae570ad9ce7ef91e0b889021a56,base,reactivity,0,0,848.6551,55.5159,0,83.314,11.055,371,ok,,1ece8e4b58
77bc26feed68bae570ad9ce7ef91e0b889021a56,base,reactivity,1,3,848.7009,44.5499,0,103.314,28.231,334,ok,,1ece8e4b58
77bc26feed68bae570ad9ce7ef91e0b889021a56,base,reactivity,2,4,848.0437,31.0,0,103.921,28.728,336,ok,,1ece8e4b58
77bc26feed68bae570ad9ce7ef91e0b889021a56,base,reactivity,3,7,807.8261,56.6087,0,86.796,26.526,353,ok,,1ece8e4b58
77bc26feed68bae570ad9ce7ef91e0b889021a56,base,reactivity,4,8,847.7749,41.0,0,85.938,23.648,356,ok,,1ece8e4b58
77bc26feed68bae570ad9ce7ef91e0b889021a56,head,reactivity,0,1,848.3209,35.6132,0,103.872,23.6,354,ok,,1ece8e4b58
77bc26feed68bae570ad9ce7ef91e0b889021a56,head,reactivity,1,2,848.0093,37.8643,0,86.095,22.735,354,ok,,1ece8e4b58
77bc26feed68bae570ad9ce7ef91e0b889021a56,head,reactivity,2,5,807.5459,65.5153,0,102.622,26.467,353,ok,,1ece8e4b58
77bc26feed68bae570ad9ce7ef91e0b889021a56,head,reactivity,3,6,847.8493,43.6918,0,86.604,30.344,354,ok,,1ece8e4b58
77bc26feed68bae570ad9ce7ef91e0b889021a56,head,reactivity,4,9,808.0435,69.6812,0,103.023,39.856,353,ok,,1ece8e4b58
c1c8f9617144a0ef8a526b7347c07b0b2771c3c5,base,reactivity,0,0,852.8175,55.1435,0,101.165,32.387,377,ok,,1ece8e4b58
c1c8f9617144a0ef8a526b7347c07b0b2771c3c5,base,reactivity,1,3,851.3739,70.7913,0,97.818,65.21,364,ok,,1ece8e4b58
c1c8f9617144a0ef8a526b7347c07b0b2771c3c5,base,reactivity,2,4,852.8617,0,0,134.074,89.062,15683,outlier,tbt;inp;lcpObs,1ece8e4b58
c1c8f9617144a0ef8a526b7347c07b0b2771c3c5,base,reactivity,3,7,810.998,55.666,0,101.557,46.974,360,ok,,1ece8e4b58
c1c8f9617144a0ef8a526b7347c07b0b2771c3c5,base,reactivity,4,8,811.1549,58.7183,0,99.979,61.702,356,ok,,1ece8e4b58
c1c8f9617144a0ef8a526b7347c07b0b2771c3c5,head,reactivity,0,1,852.3462,54.0646,0,102.262,39.362,381,ok,,1ece8e4b58
c1c8f9617144a0ef8a526b7347c07b0b2771c3c5,head,reactivity,1,2,852.3308,54.1102,0,93.284,29.103,372,ok,,1ece8e4b58
c1c8f9617144a0ef8a526b7347c07b0b2771c3c5,head,reactivity,2,5,813.071,0,0,125.435,112.971,2664,outlier,tbt,1ece8e4b58
c1c8f9617144a0ef8a526b7347c07b0b2771c3c5,head,reactivity,3,6,811.3228,51.7742,0,116.74,95.033,1411,ok,,1ece8e4b58
c1c8f9617144a0ef8a526b7347c07b0b2771c3c5,head,reactivity,4,9,811.4526,30.1825,0,117.022,107.444,10354,outlier,lcpObs,1ece8e4b58
037a76daf60b0638e2837e8daa3174262e37af65,base,reactivity,0,0,906.9758,97.0,0,144.824,143.036,510,ok,,1ece8e4b58
037a76daf60b0638e2837e8daa3174262e37af65,base,reactivity,1,3,853.6964,86.0,0,139.579,137.471,432,ok,,1ece8e4b58
037a76daf60b0638e2837e8daa3174262e37af65,base,reactivity,2,4,815.9746,89.2437,0,134.664,108.498,420,ok,,1ece8e4b58
037a76daf60b0638e2837e8daa3174262e37af65,base,reactivity,3,7,860.6438,114.0,0,129.538,161.627,446,ok,,1ece8e4b58
037a76daf60b0638e2837e8daa3174262e37af65,base,reactivity,4,8,767.1186,181.0,0,118.021,90.239,25127,outlier,tbt;lcpObs,1ece8e4b58
037a76daf60b0638e2837e8daa3174262e37af65,head,reactivity,0,1,891.5916,105.0,0,143.449,153.978,445,ok,,1ece8e4b58
037a76daf60b0638e2837e8daa3174262e37af65,head,reactivity,1,2,885.615,123.0,0,130.71,135.311,449,ok,,1ece8e4b58
037a76daf60b0638e2837e8daa3174262e37af65,head,reactivity,2,5,888.242,98.5605,0,143.376,132.896,463,ok,,1ece8e4b58
037a76daf60b0638e2837e8daa3174262e37af65,head,reactivity,3,6,844.6826,91.1707,0,138.661,133.679,455,ok,,1ece8e4b58
037a76daf60b0638e2837e8daa3174262e37af65,head,reactivity,4,9,811.3943,71.7981,0,93.705,39.026,1412,outlier,lcp;inp;tbtFlow;lcpObs,1ece8e4b58
b2ffdeb173dc654053fb2cfe9f47d068012d7aaa,base,reactivity,0,0,810.4999,67.5,0,114.105,76.579,390,ok,,1ece8e4b58
b2ffdeb173dc654053fb2cfe9f47d068012d7aaa,base,reactivity,1,3,810.902,0,0,146.301,130.575,3137,outlier,tbt;lcpObs,1ece8e4b58
b2ffdeb173dc654053fb2cfe9f47d068012d7aaa,base,reactivity,2,4,811.157,64.719,0,142.241,116.603,408,ok,,1ece8e4b58
b2ffdeb173dc654053fb2cfe9f47d068012d7aaa,base,reactivity,3,7,809.6168,75.2056,0,93.726,39.57,389,ok,,1ece8e4b58
b2ffdeb173dc654053fb2cfe9f47d068012d7aaa,base,reactivity,4,8,809.0339,69.0113,0,110.092,37.929,389,ok,,1ece8e4b58
b2ffdeb173dc654053fb2cfe9f47d068012d7aaa,head,reactivity,0,1,810.5053,72.5018,0,133.601,107.66,1415,outlier,lcpObs,1ece8e4b58
b2ffdeb173dc654053fb2cfe9f47d068012d7aaa,head,reactivity,1,2,811.0013,99.6671,0,116.819,69.515,413,ok,,1ece8e4b58
b2ffdeb173dc654053fb2cfe9f47d068012d7aaa,head,reactivity,2,5,810.2563,67.4188,0,97.278,30.42,394,ok,,1ece8e4b58
b2ffdeb173dc654053fb2cfe9f47d068012d7aaa,head,reactivity,3,6,811.1558,71.7186,0,124.187,101.92,404,ok,,1ece8e4b58
b2ffdeb173dc654053fb2cfe9f47d068012d7aaa,head,reactivity,4,9,808.6173,66.8724,0,100.759,55.073,383,ok,,1ece8e4b58
cccdebc775b648793aade100a0c11bda2db3bc3a,base,reactivity,0,0,809.6725,66.2242,0,106.047,69.971,406,ok,,1ece8e4b58
cccdebc775b648793aade100a0c11bda2db3bc3a,base,reactivity,1,3,831.4074,92.1019,0,103.24,31.743,406,ok,,1ece8e4b58
cccdebc775b648793aade100a0c11bda2db3bc3a,base,reactivity,2,4,809.0399,70.0133,0,103.541,44.696,385,ok,,1ece8e4b58
cccdebc775b648793aade100a0c11bda2db3bc3a,base,reactivity,3,7,726.668,0,0,134.993,96.769,3598,outlier,lcp;tbt;inp;lcpObs,1ece8e4b58
cccdebc775b648793aade100a0c11bda2db3bc3a,base,reactivity,4,8,810.2532,72.4177,0,111.189,38.744,392,ok,,1ece8e4b58
cccdebc775b648793aade100a0c11bda2db3bc3a,head,reactivity,0,1,811.2699,66.7567,0,105.783,40.558,411,ok,,1ece8e4b58
cccdebc775b648793aade100a0c11bda2db3bc3a,head,reactivity,1,2,810.538,76.5127,0,102.285,25.725,393,ok,,1ece8e4b58
cccdebc775b648793aade100a0c11bda2db3bc3a,head,reactivity,2,5,850.104,73.316,0,96.627,31.842,394,ok,,1ece8e4b58
cccdebc775b648793aade100a0c11bda2db3bc3a,head,reactivity,3,6,808.4421,66.814,0,104.857,70.594,395,ok,,1ece8e4b58
cccdebc775b648793aade100a0c11bda2db3bc3a,head,reactivity,4,9,724.8074,111.5,0,125.011,99.845,10914,outlier,lcp;tbt;inp;lcpObs,1ece8e4b58
e5a057e27aed9c22ee62acb5ef889e8c41866771,base,reactivity,0,0,810.8234,64.6078,0,97.348,54.56,366,ok,,1ece8e4b58
e5a057e27aed9c22ee62acb5ef889e8c41866771,base,reactivity,1,3,808.9962,65.9987,0,92.885,22.84,367,ok,,1ece8e4b58
e5a057e27aed9c22ee62acb5ef889e8c41866771,base,reactivity,2,4,810.1037,72.3679,0,103.766,36.944,380,ok,,1ece8e4b58
e5a057e27aed9c22ee62acb5ef889e8c41866771,base,reactivity,3,7,809.2699,70.09,0,100.571,31.856,384,ok,,1ece8e4b58
e5a057e27aed9c22ee62acb5ef889e8c41866771,base,reactivity,4,8,808.4498,63.8166,0,88.857,31.11,397,ok,,1ece8e4b58
e5a057e27aed9c22ee62acb5ef889e8c41866771,head,reactivity,0,1,809.0387,85.0129,0,107.024,24.408,378,ok,,1ece8e4b58
e5a057e27aed9c22ee62acb5ef889e8c41866771,head,reactivity,1,2,810.2915,26.7152,0,103.047,37.875,376,outlier,tbt,1ece8e4b58
e5a057e27aed9c22ee62acb5ef889e8c41866771,head,reactivity,2,5,809.0977,68.0326,0,95.351,22.309,388,ok,,1ece8e4b58
e5a057e27aed9c22ee62acb5ef889e8c41866771,head,reactivity,3,6,809.4068,68.1356,0,98.477,26.158,379,ok,,1ece8e4b58
e5a057e27aed9c22ee62acb5ef889e8c41866771,head,reactivity,4,9,808.1291,75.7097,0,100.14,39.64,377,ok,,1ece8e4b58
ec44a2fbf8ccee586c3c68abd1183424e9be620d,base,reactivity,0,0,809.3016,72.1006,0,109.489,61.141,405,ok,,1ece8e4b58
ec44a2fbf8ccee586c3c68abd1183424e9be620d,base,reactivity,1,3,809.8607,80.2869,0,100.72,19.924,470,ok,,1ece8e4b58
ec44a2fbf8ccee586c3c68abd1183424e9be620d,base,reactivity,2,4,821.5282,88.1321,0,146.797,236.425,519,ok,,1ece8e4b58
ec44a2fbf8ccee586c3c68abd1183424e9be620d,base,reactivity,3,7,851.4595,74.7411,0,118.986,45.694,856,ok,,1ece8e4b58
ec44a2fbf8ccee586c3c68abd1183424e9be620d,base,reactivity,4,8,885.3978,109.3495,0,131.579,106.645,783,outlier,lcp,1ece8e4b58
ec44a2fbf8ccee586c3c68abd1183424e9be620d,head,reactivity,0,1,809.8589,72.2863,0,95.418,26.056,544,ok,,1ece8e4b58
ec44a2fbf8ccee586c3c68abd1183424e9be620d,head,reactivity,1,2,809.9553,62.3184,0,96.805,35.08,432,ok,,1ece8e4b58
ec44a2fbf8ccee586c3c68abd1183424e9be620d,head,reactivity,2,5,988.3736,108.0,0,156.214,136.01,550,outlier,lcp;tbt;inp;tbtFlow,1ece8e4b58
ec44a2fbf8ccee586c3c68abd1183424e9be620d,head,reactivity,3,6,809.693,63.631,0,164.424,100.939,24273,outlier,inp;tbtFlow;lcpObs,1ece8e4b58
ec44a2fbf8ccee586c3c68abd1183424e9be620d,head,reactivity,4,9,848.0307,38.0,0,93.604,33.258,716,ok,,1ece8e4b58
207853229d1f1bc5ec182a7dd0c12127ae2e2ed2,base,reactivity,0,0,873.761,125.1902,0,111.969,69.375,790,ok,,1ece8e4b58
207853229d1f1bc5ec182a7dd0c12127ae2e2ed2,base,reactivity,1,3,850.6072,85.1518,0,132.746,77.035,751,ok,,1ece8e4b58
207853229d1f1bc5ec182a7dd0c12127ae2e2ed2,base,reactivity,2,4,850.6797,52.1311,0,116.85,78.899,784,ok,,1ece8e4b58
207853229d1f1bc5ec182a7dd0c12127ae2e2ed2,base,reactivity,3,7,850.7082,83.7847,0,107.224,34.221,724,ok,,1ece8e4b58
207853229d1f1bc5ec182a7dd0c12127ae2e2ed2,base,reactivity,4,8,851.4212,89.8071,0,121.917,58.637,762,ok,,1ece8e4b58
207853229d1f1bc5ec182a7dd0c12127ae2e2ed2,base,reactivity,5,11,848.6379,53.0337,0,101.17,80.282,690,ok,,1ece8e4b58
207853229d1f1bc5ec182a7dd0c12127ae2e2ed2,base,reactivity,6,12,896.5646,97.6412,0,112.399,74.838,780,ok,,1ece8e4b58
207853229d1f1bc5ec182a7dd0c12127ae2e2ed2,base,reactivity,7,15,848.8677,38.0,0,96.823,46.669,698,ok,,1ece8e4b58
207853229d1f1bc5ec182a7dd0c12127ae2e2ed2,base,reactivity,8,16,848.8802,34.0,0,91.188,23.919,766,ok,,1ece8e4b58
207853229d1f1bc5ec182a7dd0c12127ae2e2ed2,base,reactivity,9,19,924.7032,126.9258,0,180.651,155.169,810,outlier,lcp;inp,1ece8e4b58
207853229d1f1bc5ec182a7dd0c12127ae2e2ed2,base,reactivity,10,20,852.0259,127.0086,0,97.784,64.528,774,ok,,1ece8e4b58
207853229d1f1bc5ec182a7dd0c12127ae2e2ed2,base,reactivity,11,23,849.3493,48.8245,0,143.079,113.721,683,ok,,1ece8e4b58
207853229d1f1bc5ec182a7dd0c12127ae2e2ed2,base,reactivity,12,24,849.6602,75.2201,0,122.108,114.92,730,ok,,1ece8e4b58
207853229d1f1bc5ec182a7dd0c12127ae2e2ed2,base,reactivity,13,27,852.0534,68.2633,0,99.734,36.862,740,ok,,1ece8e4b58
207853229d1f1bc5ec182a7dd0c12127ae2e2ed2,base,reactivity,14,28,849.0763,48,0,228.51,249.715,723,outlier,inp;tbtFlow,1ece8e4b58
207853229d1f1bc5ec182a7dd0c12127ae2e2ed2,head,reactivity,0,1,849.8974,36.1309,0,109.293,82.207,711,ok,,1ece8e4b58
207853229d1f1bc5ec182a7dd0c12127ae2e2ed2,head,reactivity,1,2,848.24,38.0,0,134.791,98.553,691,ok,,1ece8e4b58
207853229d1f1bc5ec182a7dd0c12127ae2e2ed2,head,reactivity,2,5,848.1977,36.9354,0,103.652,56.1,688,ok,,1ece8e4b58
207853229d1f1bc5ec182a7dd0c12127ae2e2ed2,head,reactivity,3,6,849.2634,41.0,0,103.884,45.7,698,ok,,1ece8e4b58
207853229d1f1bc5ec182a7dd0c12127ae2e2ed2,head,reactivity,4,9,848.2816,30.0,0,109.527,74.487,724,ok,,1ece8e4b58
207853229d1f1bc5ec182a7dd0c12127ae2e2ed2,head,reactivity,5,10,890.8562,74.6187,0,117.243,69.605,784,ok,,1ece8e4b58
207853229d1f1bc5ec182a7dd0c12127ae2e2ed2,head,reactivity,6,13,850.7202,45.0,0,119.492,88.269,891,outlier,lcpObs,1ece8e4b58
207853229d1f1bc5ec182a7dd0c12127ae2e2ed2,head,reactivity,7,14,851.0897,91.6966,0,114.079,80.785,845,outlier,tbt,1ece8e4b58
207853229d1f1bc5ec182a7dd0c12127ae2e2ed2,head,reactivity,8,17,848.6989,41.0883,0,107.363,72.479,696,ok,,1ece8e4b58
207853229d1f1bc5ec182a7dd0c12127ae2e2ed2,head,reactivity,9,18,884.9886,102.2472,0,100.821,72.789,772,outlier,tbt,1ece8e4b58
207853229d1f1bc5ec182a7dd0c12127ae2e2ed2,head,reactivity,10,21,848.9459,45.49,0,121.766,92.921,688,ok,,1ece8e4b58
207853229d1f1bc5ec182a7dd0c12127ae2e2ed2,head,reactivity,11,22,848.7648,52.3644,0,108.436,30.024,725,ok,,1ece8e4b58
207853229d1f1bc5ec182a7dd0c12127ae2e2ed2,head,reactivity,12,25,890.0729,54.7024,0,110.461,95.463,889,ok,,1ece8e4b58
207853229d1f1bc5ec182a7dd0c12127ae2e2ed2,head,reactivity,13,26,850.3278,72.6104,0,124.824,91.651,736,ok,,1ece8e4b58
207853229d1f1bc5ec182a7dd0c12127ae2e2ed2,head,reactivity,14,29,848.2656,44.0,0,92.276,25.787,770,ok,,1ece8e4b58
2278428482306ef1fdcf3acbee00fd3a37e9f058,base,reactivity,0,0,849.6321,34.0,0,178.488,61.791,784,outlier,inp,1ece8e4b58
2278428482306ef1fdcf3acbee00fd3a37e9f058,base,reactivity,1,3,889.8484,42.7862,0,124.737,112.622,772,outlier,tbtFlow,1ece8e4b58
2278428482306ef1fdcf3acbee00fd3a37e9f058,base,reactivity,2,4,849.8595,42.6325,0,112.697,40.002,699,ok,,1ece8e4b58
2278428482306ef1fdcf3acbee00fd3a37e9f058,base,reactivity,3,7,849.212,47.8103,0,92.962,42.967,694,ok,,1ece8e4b58
2278428482306ef1fdcf3acbee00fd3a37e9f058,base,reactivity,4,8,848.2008,47.0,0,106.395,67.017,733,ok,,1ece8e4b58
2278428482306ef1fdcf3acbee00fd3a37e9f058,base,reactivity,5,11,850.1812,46.0072,0,109.282,46.09,710,ok,,1ece8e4b58
2278428482306ef1fdcf3acbee00fd3a37e9f058,base,reactivity,6,12,847.0875,80.103,0,95.478,19.836,982,outlier,tbt;lcpObs,1ece8e4b58
2278428482306ef1fdcf3acbee00fd3a37e9f058,base,reactivity,7,15,847.537,53.0706,0,102.992,36.524,695,ok,,1ece8e4b58
2278428482306ef1fdcf3acbee00fd3a37e9f058,base,reactivity,8,16,848.1707,37,0,102.124,34.076,774,ok,,1ece8e4b58
2278428482306ef1fdcf3acbee00fd3a37e9f058,base,reactivity,9,19,847.5987,32.0,0,96.273,20.799,702,ok,,1ece8e4b58
2278428482306ef1fdcf3acbee00fd3a37e9f058,base,reactivity,10,20,889.3022,45.0,0,103.438,25.318,775,ok,,1ece8e4b58
2278428482306ef1fdcf3acbee00fd3a37e9f058,base,reactivity,11,23,888.0722,42.6546,0,92.623,33.652,752,ok,,1ece8e4b58
2278428482306ef1fdcf3acbee00fd3a37e9f058,base,reactivity,12,24,848.1454,60.1479,0,101.844,24.694,697,ok,,1ece8e4b58
2278428482306ef1fdcf3acbee00fd3a37e9f058,base,reactivity,13,27,847.5327,38.0,0,89.992,26.73,767,ok,,1ece8e4b58
2278428482306ef1fdcf3acbee00fd3a37e9f058,base,reactivity,14,28,847.7864,33.4456,0,97.407,24.09,685,ok,,1ece8e4b58
2278428482306ef1fdcf3acbee00fd3a37e9f058,head,reactivity,0,1,848.3929,63.5463,0,111.034,68.881,739,ok,,1ece8e4b58
2278428482306ef1fdcf3acbee00fd3a37e9f058,head,reactivity,1,2,849.6956,48.6692,0,108.712,112.965,693,ok,,1ece8e4b58
2278428482306ef1fdcf3acbee00fd3a37e9f058,head,reactivity,2,5,849.0786,76.0262,0,109.74,52.694,717,outlier,tbt,1ece8e4b58
2278428482306ef1fdcf3acbee00fd3a37e9f058,head,reactivity,3,6,848.4605,47.0,0,108.371,67.876,688,ok,,1ece8e4b58
2278428482306ef1fdcf3acbee00fd3a37e9f058,head,reactivity,4,9,850.581,65.646,0,147.801,117.663,904,outlier,inp;lcpObs,1ece8e4b58
2278428482306ef1fdcf3acbee00fd3a37e9f058,head,reactivity,5,10,848.7514,0,0,136.324,107.821,12328,outlier,tbt;inp;lcpObs,1ece8e4b58
2278428482306ef1fdcf3acbee00fd3a37e9f058,head,reactivity,6,13,847.8432,40.0,0,95.346,35.07,781,ok,,1ece8e4b58
2278428482306ef1fdcf3acbee00fd3a37e9f058,head,reactivity,7,14,847.8256,34.2745,0,103.448,28.086,670,ok,,1ece8e4b58
2278428482306ef1fdcf3acbee00fd3a37e9f058,head,reactivity,8,17,847.7423,33.0,0,94.448,40.312,760,ok,,1ece8e4b58
2278428482306ef1fdcf3acbee00fd3a37e9f058,head,reactivity,9,18,847.6623,36,0,101.427,22.235,698,ok,,1ece8e4b58
2278428482306ef1fdcf3acbee00fd3a37e9f058,head,reactivity,10,21,847.7847,34.0,0,97.182,23.981,701,ok,,1ece8e4b58
2278428482306ef1fdcf3acbee00fd3a37e9f058,head,reactivity,11,22,849.1798,35.493,0,135.345,77.616,775,outlier,inp,1ece8e4b58
2278428482306ef1fdcf3acbee00fd3a37e9f058,head,reactivity,12,25,847.7838,43.1504,0,105.54,26.845,664,ok,,1ece8e4b58
2278428482306ef1fdcf3acbee00fd3a37e9f058,head,reactivity,13,26,847.9595,36.0,0,98.364,32.139,689,ok,,1ece8e4b58
2278428482306ef1fdcf3acbee00fd3a37e9f058,head,reactivity,14,29,848.7018,35.0,0,107.322,45.018,671,ok,,1ece8e4b58
af725599bb1cc7bdd174b5a4f16055a18348026b,base,reactivity,0,0,847.968,39.747,0,114.69,42.432,692,ok,,1ece8e4b58
af725599bb1cc7bdd174b5a4f16055a18348026b,base,reactivity,1,3,848.7974,40.6176,0,110.73,43.978,687,ok,,1ece8e4b58
af725599bb1cc7bdd174b5a4f16055a18348026b,base,reactivity,2,4,848.5065,50.7485,0,98.62,42.013,706,ok,,1ece8e4b58
af725599bb1cc7bdd174b5a4f16055a18348026b,base,reactivity,3,7,847.053,56.763,0,98.583,42.864,692,ok,,1ece8e4b58
af725599bb1cc7bdd174b5a4f16055a18348026b,base,reactivity,4,8,849.0735,35.0,0,105.444,48.615,786,outlier,lcpObs,1ece8e4b58
af725599bb1cc7bdd174b5a4f16055a18348026b,head,reactivity,0,1,848.4021,34,0,94.816,32.653,719,ok,,1ece8e4b58
af725599bb1cc7bdd174b5a4f16055a18348026b,head,reactivity,1,2,848.7828,40.0,0,99.176,38.651,782,ok,,1ece8e4b58
af725599bb1cc7bdd174b5a4f16055a18348026b,head,reactivity,2,5,887.882,39.1863,0,116.622,81.841,780,outlier,tbtFlow,1ece8e4b58
af725599bb1cc7bdd174b5a4f16055a18348026b,head,reactivity,3,6,848.1696,58.1778,0,117.116,59.313,679,ok,,1ece8e4b58
af725599bb1cc7bdd174b5a4f16055a18348026b,head,reactivity,4,9,848.719,47.3516,0,108.452,41.169,721,ok,,1ece8e4b58
ef3d01df6c56f3849fa205fb354f1ba9b75937ee,base,reactivity,0,0,849.0724,76.0241,0,105.067,34.735,708,ok,,1ece8e4b58
ef3d01df6c56f3849fa205fb354f1ba9b75937ee,base,reactivity,1,3,847.9894,50.7128,0,108.607,31.102,719,ok,,1ece8e4b58
ef3d01df6c56f3849fa205fb354f1ba9b75937ee,base,reactivity,2,4,848.2014,67.0532,0,109.433,37.62,718,ok,,1ece8e4b58
ef3d01df6c56f3849fa205fb354f1ba9b75937ee,base,reactivity,3,7,917.6387,0,0,107.92,30.278,1165,outlier,lcp;lcpObs,1ece8e4b58
ef3d01df6c56f3849fa205fb354f1ba9b75937ee,base,reactivity,4,8,888.1531,35.1411,0,111.684,37.196,858,outlier,lcpObs,1ece8e4b58
ef3d01df6c56f3849fa205fb354f1ba9b75937ee,head,reactivity,0,1,849.3011,113.5287,0,96.81,61.455,684,outlier,tbt,1ece8e4b58
ef3d01df6c56f3849fa205fb354f1ba9b75937ee,head,reactivity,1,2,848.8084,47.8229,0,111.135,42.438,708,ok,,1ece8e4b58
ef3d01df6c56f3849fa205fb354f1ba9b75937ee,head,reactivity,2,5,847.8132,41.8136,0,106.45,54.685,760,ok,,1ece8e4b58
ef3d01df6c56f3849fa205fb354f1ba9b75937ee,head,reactivity,3,6,848.019,77,0,101.555,34.197,700,ok,,1ece8e4b58
ef3d01df6c56f3849fa205fb354f1ba9b75937ee,head,reactivity,4,9,847.7201,37,0,102.972,31.812,776,ok,,1ece8e4b58
40556f6a63d94f7e5fd96a17300ec21b82e4d897,base,reactivity,0,0,848.6839,59.2383,0,106.333,31.881,710,ok,,1ece8e4b58
40556f6a63d94f7e5fd96a17300ec21b82e4d897,base,reactivity,1,3,807.0541,0,0,127.252,91.407,10179,outlier,tbtFlow;lcpObs,1ece8e4b58
40556f6a63d94f7e5fd96a17300ec21b82e4d897,base,reactivity,2,4,848.7228,9.5736,0,127.041,55.567,9960,outlier,lcpObs,1ece8e4b58
40556f6a63d94f7e5fd96a17300ec21b82e4d897,base,reactivity,3,7,848.8152,89,0,111.313,60.211,801,ok,,1ece8e4b58
40556f6a63d94f7e5fd96a17300ec21b82e4d897,base,reactivity,4,8,848.3274,65.7758,0,111.981,55.246,713,ok,,1ece8e4b58
40556f6a63d94f7e5fd96a17300ec21b82e4d897,head,reactivity,0,1,849.0987,53.9501,0,106.559,32.341,696,ok,,1ece8e4b58
40556f6a63d94f7e5fd96a17300ec21b82e4d897,head,reactivity,1,2,848.4778,56.3741,0,102.196,44.178,688,ok,,1ece8e4b58
40556f6a63d94f7e5fd96a17300ec21b82e4d897,head,reactivity,2,5,848.3097,49.0961,0,107.244,61.082,701,ok,,1ece8e4b58
40556f6a63d94f7e5fd96a17300ec21b82e4d897,head,reactivity,3,6,848.413,44.0,0,121.589,66.027,791,outlier,lcpObs,1ece8e4b58
40556f6a63d94f7e5fd96a17300ec21b82e4d897,head,reactivity,4,9,848.1869,94.7289,0,111.029,43.923,730,outlier,tbt,1ece8e4b58
0c0d00eff54c9ade3d4daed52749c7c18ff5223e,base,reactivity,0,0,849.9999,37.6097,0,108.606,37.389,720,ok,,1ece8e4b58
0c0d00eff54c9ade3d4daed52749c7c18ff5223e,base,reactivity,1,3,848.3914,68.1728,0,106.143,56.689,691,ok,,1ece8e4b58
0c0d00eff54c9ade3d4daed52749c7c18ff5223e,base,reactivity,2,4,849.0985,46.5602,0,98.155,44.161,692,ok,,1ece8e4b58
0c0d00eff54c9ade3d4daed52749c7c18ff5223e,base,reactivity,3,7,848.7043,52,0,107.248,58.43,786,ok,,1ece8e4b58
0c0d00eff54c9ade3d4daed52749c7c18ff5223e,base,reactivity,4,8,849.2136,72.6258,0,107.721,38.706,774,ok,,1ece8e4b58
0c0d00eff54c9ade3d4daed52749c7c18ff5223e,head,reactivity,0,1,848.7312,63.3636,0,118.753,50.337,702,ok,,1ece8e4b58
0c0d00eff54c9ade3d4daed52749c7c18ff5223e,head,reactivity,1,2,849.496,70.0086,0,119.137,64.99,704,ok,,1ece8e4b58
0c0d00eff54c9ade3d4daed52749c7c18ff5223e,head,reactivity,2,5,849.8202,72.9576,0,111.08,55.27,702,ok,,1ece8e4b58
0c0d00eff54c9ade3d4daed52749c7c18ff5223e,head,reactivity,3,6,849.5367,41.5361,0,104.981,54.126,701,ok,,1ece8e4b58
0c0d00eff54c9ade3d4daed52749c7c18ff5223e,head,reactivity,4,9,849.2837,69.0,0,113.78,61.908,747,ok,,1ece8e4b58
0d10a2b3b29e9272a8b81013282e02cf7d710ed4,base,reactivity,0,0,895.1378,96,0,120.709,86.409,767,ok,,1ece8e4b58
0d10a2b3b29e9272a8b81013282e02cf7d710ed4,base,reactivity,1,3,850.1427,64.0591,0,115.735,94.815,797,ok,,1ece8e4b58
0d10a2b3b29e9272a8b81013282e02cf7d710ed4,base,reactivity,2,4,849.0585,26.5097,0,111.255,82.315,692,ok,,1ece8e4b58
0d10a2b3b29e9272a8b81013282e02cf7d710ed4,base,reactivity,3,7,891.4202,88.0,0,110.701,93.336,801,ok,,1ece8e4b58
0d10a2b3b29e9272a8b81013282e02cf7d710ed4,base,reactivity,4,8,849.9715,106.3238,0,114.017,44.06,711,outlier,tbtFlow,1ece8e4b58
0d10a2b3b29e9272a8b81013282e02cf7d710ed4,head,reactivity,0,1,850.1318,61.3157,0,149.355,153.445,712,ok,,1ece8e4b58
0d10a2b3b29e9272a8b81013282e02cf7d710ed4,head,reactivity,1,2,959.0696,123.0,0,107.344,33.573,877,outlier,lcp;tbt;lcpObs,1ece8e4b58
0d10a2b3b29e9272a8b81013282e02cf7d710ed4,head,reactivity,2,5,847.911,38.953,0,125.682,78.548,700,ok,,1ece8e4b58
0d10a2b3b29e9272a8b81013282e02cf7d710ed4,head,reactivity,3,6,848.9361,69.5333,0,124.024,117.964,707,ok,,1ece8e4b58
0d10a2b3b29e9272a8b81013282e02cf7d710ed4,head,reactivity,4,9,888.4316,48.0,0,107.551,58.161,740,ok,,1ece8e4b58
6d2a58729dd21cf238e33f1156d42afbb5f2a43a,base,reactivity,0,0,888.0899,78.1517,0,106.102,51.761,757,ok,,1ece8e4b58
6d2a58729dd21cf238e33f1156d42afbb5f2a43a,base,reactivity,1,3,849.6218,59.4328,0,118.863,49.561,698,ok,,1ece8e4b58
6d2a58729dd21cf238e33f1156d42afbb5f2a43a,base,reactivity,2,4,851.9515,82.0071,0,101.429,45.137,727,ok,,1ece8e4b58
6d2a58729dd21cf238e33f1156d42afbb5f2a43a,base,reactivity,3,7,853.0558,139.3519,0,94.516,45.193,793,outlier,tbt,1ece8e4b58
6d2a58729dd21cf238e33f1156d42afbb5f2a43a,base,reactivity,4,8,849.1882,76.0628,0,111.857,70.092,693,ok,,1ece8e4b58
6d2a58729dd21cf238e33f1156d42afbb5f2a43a,head,reactivity,0,1,889.0356,76.8312,0,115.194,44.607,764,ok,,1ece8e4b58
6d2a58729dd21cf238e33f1156d42afbb5f2a43a,head,reactivity,1,2,849.5089,59.1884,0,134.481,97.546,684,outlier,tbtFlow,1ece8e4b58
6d2a58729dd21cf238e33f1156d42afbb5f2a43a,head,reactivity,2,5,848.8456,32.7244,0,104.809,83.118,754,outlier,tbtFlow,1ece8e4b58
6d2a58729dd21cf238e33f1156d42afbb5f2a43a,head,reactivity,3,6,849.8138,95.0,0,115.334,41.6,809,ok,,1ece8e4b58
6d2a58729dd21cf238e33f1156d42afbb5f2a43a,head,reactivity,4,9,848.6726,61.3701,0,107.617,42.872,687,ok,,1ece8e4b58
31dd2ae059a2f8d66a7356452b0f79f7ca6a394a,base,reactivity,0,0,850.2216,63,0,108.376,61.09,812,ok,,1ece8e4b58
31dd2ae059a2f8d66a7356452b0f79f7ca6a394a,base,reactivity,1,3,849.9264,61.4502,0,114.71,55.697,685,ok,,1ece8e4b58
31dd2ae059a2f8d66a7356452b0f79f7ca6a394a,base,reactivity,2,4,850.8695,53.9974,0,142.983,139.971,9858,outlier,inp;tbtFlow;lcpObs,1ece8e4b58
31dd2ae059a2f8d66a7356452b0f79f7ca6a394a,base,reactivity,3,7,851.5331,134.8443,0,106.147,73.907,843,outlier,tbt,1ece8e4b58
31dd2ae059a2f8d66a7356452b0f79f7ca6a394a,base,reactivity,4,8,890.023,78.0,0,101.265,36.944,812,ok,,1ece8e4b58
31dd2ae059a2f8d66a7356452b0f79f7ca6a394a,head,reactivity,0,1,849.6639,60.9037,0,103.243,69.094,698,ok,,1ece8e4b58
31dd2ae059a2f8d66a7356452b0f79f7ca6a394a,head,reactivity,1,2,849.5017,73.0787,0,125.032,85.513,692,ok,,1ece8e4b58
31dd2ae059a2f8d66a7356452b0f79f7ca6a394a,head,reactivity,2,5,848.7586,53.8664,0,141.661,102.408,772,outlier,lcpObs,1ece8e4b58
31dd2ae059a2f8d66a7356452b0f79f7ca6a394a,head,reactivity,3,6,849.7457,91.2486,0,152.052,110.038,742,ok,,1ece8e4b58
31dd2ae059a2f8d66a7356452b0f79f7ca6a394a,head,reactivity,4,9,849.3206,76.1069,0,109.69,41.878,688,ok,,1ece8e4b58
2f06e79da93335a30152c68182bc1c5e36b74778,base,reactivity,0,0,855.2487,37.0,0,210.113,77.391,703,outlier,inp,1ece8e4b58
2f06e79da93335a30152c68182bc1c5e36b74778,base,reactivity,1,3,853.0395,56.8725,0,147.625,158.198,698,outlier,tbtFlow,1ece8e4b58
2f06e79da93335a30152c68182bc1c5e36b74778,base,reactivity,2,4,852.3407,51.9825,0,114.662,88.814,674,ok,,1ece8e4b58
2f06e79da93335a30152c68182bc1c5e36b74778,base,reactivity,3,7,851.5207,44.3807,0,115.67,73.837,675,ok,,1ece8e4b58
2f06e79da93335a30152c68182bc1c5e36b74778,base,reactivity,4,8,852.5442,31.0,0,107.028,40.904,792,ok,,1ece8e4b58
2f06e79da93335a30152c68182bc1c5e36b74778,head,reactivity,0,1,812.4554,0,0,126.339,121.519,9685,outlier,tbt;lcpObs,1ece8e4b58
2f06e79da93335a30152c68182bc1c5e36b74778,head,reactivity,1,2,852.6231,36.8643,0,121.07,75.319,697,ok,,1ece8e4b58
2f06e79da93335a30152c68182bc1c5e36b74778,head,reactivity,2,5,851.4971,42.5976,0,159.286,104.326,781,ok,,1ece8e4b58
2f06e79da93335a30152c68182bc1c5e36b74778,head,reactivity,3,6,850.3299,35,0,99.97,61.696,788,ok,,1ece8e4b58
2f06e79da93335a30152c68182bc1c5e36b74778,head,reactivity,4,9,852.0856,73.6774,0,101.835,38.431,704,outlier,tbt,1ece8e4b58
a5de9ecda29378fbe97c312e9ef7e23b32c89637,base,reactivity,0,0,851.8104,41.0,0,111.419,42.069,784,ok,,1ece8e4b58
a5de9ecda29378fbe97c312e9ef7e23b32c89637,base,reactivity,1,3,851.1752,34.0,0,96.136,52.185,763,ok,,1ece8e4b58
a5de9ecda29378fbe97c312e9ef7e23b32c89637,base,reactivity,2,4,850.9593,39.8269,0,103.451,70.192,679,ok,,1ece8e4b58
a5de9ecda29378fbe97c312e9ef7e23b32c89637,base,reactivity,3,7,850.3483,59.6032,0,106.504,28.839,998,outlier,lcpObs,1ece8e4b58
a5de9ecda29378fbe97c312e9ef7e23b32c89637,base,reactivity,4,8,850.6686,37.0,0,107.777,39.678,690,ok,,1ece8e4b58
a5de9ecda29378fbe97c312e9ef7e23b32c89637,base,reactivity,5,11,850.5055,13.1891,0,112.613,46.676,705,ok,,1ece8e4b58
a5de9ecda29378fbe97c312e9ef7e23b32c89637,base,reactivity,6,12,850.5288,67.2244,0,103.544,55.188,718,ok,,1ece8e4b58
a5de9ecda29378fbe97c312e9ef7e23b32c89637,base,reactivity,7,15,849.2745,45.9635,0,105.104,35.881,678,ok,,1ece8e4b58
a5de9ecda29378fbe97c312e9ef7e23b32c89637,base,reactivity,8,16,850.4184,39.8222,0,112.75,78.983,686,ok,,1ece8e4b58
a5de9ecda29378fbe97c312e9ef7e23b32c89637,base,reactivity,9,19,851.2017,75,0,126.565,74.291,702,outlier,tbt;inp,1ece8e4b58
a5de9ecda29378fbe97c312e9ef7e23b32c89637,base,reactivity,10,20,851.3573,51.7722,0,110.599,68.835,954,outlier,lcpObs,1ece8e4b58
a5de9ecda29378fbe97c312e9ef7e23b32c89637,base,reactivity,11,23,851.7477,38.4331,0,104.243,51.0,714,ok,,1ece8e4b58
a5de9ecda29378fbe97c312e9ef7e23b32c89637,base,reactivity,12,24,850.5,36.891,0,104.68,54.21,696,ok,,1ece8e4b58
a5de9ecda29378fbe97c312e9ef7e23b32c89637,base,reactivity,13,27,850.6098,77.5366,0,110.492,64.419,718,outlier,tbt,1ece8e4b58
a5de9ecda29378fbe97c312e9ef7e23b32c89637,base,reactivity,14,28,849.34,28.0,0,97.895,20.647,739,ok,,1ece8e4b58
a5de9ecda29378fbe97c312e9ef7e23b32c89637,head,reactivity,0,1,851.6757,46.4051,0,103.062,65.675,720,ok,,1ece8e4b58
a5de9ecda29378fbe97c312e9ef7e23b32c89637,head,reactivity,1,2,851.5041,54.0693,0,103.618,54.079,706,ok,,1ece8e4b58
a5de9ecda29378fbe97c312e9ef7e23b32c89637,head,reactivity,2,5,853.7049,89.6067,0,104.548,60.52,700,outlier,tbt,1ece8e4b58
a5de9ecda29378fbe97c312e9ef7e23b32c89637,head,reactivity,3,6,850.4257,35.0,0,104.591,85.316,755,ok,,1ece8e4b58
a5de9ecda29378fbe97c312e9ef7e23b32c89637,head,reactivity,4,9,860.3528,78.3382,0,149.48,124.493,1734,outlier,inp;tbtFlow;lcpObs,1ece8e4b58
a5de9ecda29378fbe97c312e9ef7e23b32c89637,head,reactivity,5,10,851.2532,53.5559,0,105.837,63.049,693,ok,,1ece8e4b58
a5de9ecda29378fbe97c312e9ef7e23b32c89637,head,reactivity,6,13,809.7935,0,0,111.347,43.948,10674,outlier,tbt;lcpObs,1ece8e4b58
a5de9ecda29378fbe97c312e9ef7e23b32c89637,head,reactivity,7,14,851.7822,39.3376,0,104.922,49.545,707,ok,,1ece8e4b58
a5de9ecda29378fbe97c312e9ef7e23b32c89637,head,reactivity,8,17,849.6771,38.0,0,121.614,83.892,768,ok,,1ece8e4b58
a5de9ecda29378fbe97c312e9ef7e23b32c89637,head,reactivity,9,18,850.0373,64.5852,0,108.187,32.644,702,ok,,1ece8e4b58
a5de9ecda29378fbe97c312e9ef7e23b32c89637,head,reactivity,10,21,849.7474,46.9968,0,104.758,42.938,682,ok,,1ece8e4b58
a5de9ecda29378fbe97c312e9ef7e23b32c89637,head,reactivity,11,22,850.6633,44.9045,0,93.614,52.896,681,ok,,1ece8e4b58
a5de9ecda29378fbe97c312e9ef7e23b32c89637,head,reactivity,12,25,889.9499,39.8417,0,108.971,62.911,777,ok,,1ece8e4b58
a5de9ecda29378fbe97c312e9ef7e23b32c89637,head,reactivity,13,26,850.0009,46.3454,0,101.916,40.245,688,ok,,1ece8e4b58
a5de9ecda29378fbe97c312e9ef7e23b32c89637,head,reactivity,14,29,849.3211,34.4919,0,95.911,41.754,663,ok,,1ece8e4b58
84f5304972104c60aad15c0111675eaa9e94f05c,base,reactivity,0,0,849.5012,45.959,0,102.897,19.188,685,outlier,tbtFlow,1ece8e4b58
84f5304972104c60aad15c0111675eaa9e94f05c,base,reactivity,1,3,850.9151,53.0,0,106.009,50.53,957,outlier,lcpObs,1ece8e4b58
84f5304972104c60aad15c0111675eaa9e94f05c,base,reactivity,2,4,849.2583,30.0,0,103.27,34.925,672,ok,,1ece8e4b58
84f5304972104c60aad15c0111675eaa9e94f05c,base,reactivity,3,7,849.0338,40.0,0,100.488,56.457,680,ok,,1ece8e4b58
84f5304972104c60aad15c0111675eaa9e94f05c,base,reactivity,4,8,849.0756,32.0,0,97.066,54.36,699,ok,,1ece8e4b58
84f5304972104c60aad15c0111675eaa9e94f05c,head,reactivity,0,1,849.8964,42.0,0,96.632,43.726,684,ok,,1ece8e4b58
84f5304972104c60aad15c0111675eaa9e94f05c,head,reactivity,1,2,849.1752,0,0,127.813,80.54,1795,outlier,lcpObs,1ece8e4b58
84f5304972104c60aad15c0111675eaa9e94f05c,head,reactivity,2,5,815.9795,0,0,116.035,88.562,9127,outlier,tbtFlow;lcpObs,1ece8e4b58
84f5304972104c60aad15c0111675eaa9e94f05c,head,reactivity,3,6,849.2906,29.0,0,106.779,44.63,681,ok,,1ece8e4b58
84f5304972104c60aad15c0111675eaa9e94f05c,head,reactivity,4,9,848.1437,35.0,0,98.184,35.056,672,ok,,1ece8e4b58
066d5c9072c3dd34d9a9efe92470ed6596f612ef,base,reactivity,0,0,848.2776,39.0,0,123.55,47.155,675,ok,,1ece8e4b58
066d5c9072c3dd34d9a9efe92470ed6596f612ef,base,reactivity,1,3,848.3112,28,0,107.292,42.827,772,ok,,1ece8e4b58
066d5c9072c3dd34d9a9efe92470ed6596f612ef,base,reactivity,2,4,849.8764,29,0,105.741,30.298,667,ok,,1ece8e4b58
066d5c9072c3dd34d9a9efe92470ed6596f612ef,base,reactivity,3,7,888.7608,46.0399,0,102.503,43.103,779,ok,,1ece8e4b58
066d5c9072c3dd34d9a9efe92470ed6596f612ef,base,reactivity,4,8,850.7495,78.5832,0,141.752,67.266,736,outlier,inp,1ece8e4b58
066d5c9072c3dd34d9a9efe92470ed6596f612ef,head,reactivity,0,1,848.4468,36.0,0,98.037,43.725,697,ok,,1ece8e4b58
066d5c9072c3dd34d9a9efe92470ed6596f612ef,head,reactivity,1,2,849.4839,37,0,103.494,33.701,691,ok,,1ece8e4b58
066d5c9072c3dd34d9a9efe92470ed6596f612ef,head,reactivity,2,5,848.5969,30.0,0,89.845,28.874,654,ok,,1ece8e4b58
066d5c9072c3dd34d9a9efe92470ed6596f612ef,head,reactivity,3,6,848.2347,29.0,0,101.291,32.89,673,ok,,1ece8e4b58
066d5c9072c3dd34d9a9efe92470ed6596f612ef,head,reactivity,4,9,848.9565,70.6585,0,113.187,89.356,701,outlier,tbt;tbtFlow,1ece8e4b58
0abb5879fe39dabb0c682665a7df9d7ed37a6c3c,base,reactivity,0,0,850.1315,58.4649,0,98.478,26.876,697,ok,,1ece8e4b58
0abb5879fe39dabb0c682665a7df9d7ed37a6c3c,base,reactivity,1,3,849.7029,49.3147,0,107.188,41.93,700,ok,,1ece8e4b58
0abb5879fe39dabb0c682665a7df9d7ed37a6c3c,base,reactivity,2,4,849.7275,52.9365,0,98.522,45.652,692,ok,,1ece8e4b58
0abb5879fe39dabb0c682665a7df9d7ed37a6c3c,base,reactivity,3,7,888.3535,39.6078,0,102.328,44.772,734,ok,,1ece8e4b58
0abb5879fe39dabb0c682665a7df9d7ed37a6c3c,base,reactivity,4,8,847.8042,34.0,0,94.025,31.531,697,ok,,1ece8e4b58
0abb5879fe39dabb0c682665a7df9d7ed37a6c3c,head,reactivity,0,1,849.144,57.519,0,103.679,47.852,697,ok,,1ece8e4b58
0abb5879fe39dabb0c682665a7df9d7ed37a6c3c,head,reactivity,1,2,849.2052,53.2756,0,100.723,34.214,957,outlier,lcpObs,1ece8e4b58
0abb5879fe39dabb0c682665a7df9d7ed37a6c3c,head,reactivity,2,5,848.6295,44.6155,0,99.968,32.511,726,ok,,1ece8e4b58
0abb5879fe39dabb0c682665a7df9d7ed37a6c3c,head,reactivity,3,6,849.0007,39.9848,0,108.002,45.703,662,ok,,1ece8e4b58
0abb5879fe39dabb0c682665a7df9d7ed37a6c3c,head,reactivity,4,9,849.0652,34,0,105.335,42.122,705,ok,,1ece8e4b58
6717f8d56bb6511555841aa9d175b16f0ff14798,base,reactivity,0,0,849.3726,44.0,0,106.44,42.334,775,ok,,1ece8e4b58
6717f8d56bb6511555841aa9d175b16f0ff14798,base,reactivity,1,3,848.9242,40.0,0,116.833,86.339,758,outlier,tbtFlow,1ece8e4b58
6717f8d56bb6511555841aa9d175b16f0ff14798,base,reactivity,2,4,850.0671,34.0,0,107.059,35.426,774,ok,,1ece8e4b58
6717f8d56bb6511555841aa9d175b16f0ff14798,base,reactivity,3,7,849.5787,42.6441,0,117.729,52.819,807,ok,,1ece8e4b58
6717f8d56bb6511555841aa9d175b16f0ff14798,base,reactivity,4,8,848.993,60.3143,0,100.683,42.477,688,outlier,lcpObs,1ece8e4b58
6717f8d56bb6511555841aa9d175b16f0ff14798,head,reactivity,0,1,848.874,67.546,0,104.387,61.283,718,ok,,1ece8e4b58
6717f8d56bb6511555841aa9d175b16f0ff14798,head,reactivity,1,2,849.711,38.0,0,100.8,60.121,690,ok,,1ece8e4b58
6717f8d56bb6511555841aa9d175b16f0ff14798,head,reactivity,2,5,851.3805,47.6485,0,118.833,86.323,698,ok,,1ece8e4b58
6717f8d56bb6511555841aa9d175b16f0ff14798,head,reactivity,3,6,919.6064,73.1516,0,107.06,36.64,766,outlier,lcp;lcpObs,1ece8e4b58
6717f8d56bb6511555841aa9d175b16f0ff14798,head,reactivity,4,9,848.6935,56.6612,0,106.837,67.22,694,ok,,1ece8e4b58
a9e68d9efac0cf9db2f45ad36c3fa1d517922d08,base,reactivity,0,0,849.7867,35.0,0,123.952,96.26,761,ok,,1ece8e4b58
a9e68d9efac0cf9db2f45ad36c3fa1d517922d08,base,reactivity,1,3,849.4887,75.6681,0,109.55,71.791,684,ok,,1ece8e4b58
a9e68d9efac0cf9db2f45ad36c3fa1d517922d08,base,reactivity,2,4,850.4677,42.4947,0,119.294,64.713,705,ok,,1ece8e4b58
a9e68d9efac0cf9db2f45ad36c3fa1d517922d08,base,reactivity,3,7,849.8913,39.2469,0,106.654,50.139,676,ok,,1ece8e4b58
a9e68d9efac0cf9db2f45ad36c3fa1d517922d08,base,reactivity,4,8,848.059,0,0,136.701,97.097,11839,outlier,lcpObs,1ece8e4b58
a9e68d9efac0cf9db2f45ad36c3fa1d517922d08,base,reactivity,5,11,849.1205,37.0,0,115.711,82.51,680,ok,,1ece8e4b58
a9e68d9efac0cf9db2f45ad36c3fa1d517922d08,base,reactivity,6,12,850.6922,100.5199,0,109.223,79.392,702,outlier,tbt,1ece8e4b58
a9e68d9efac0cf9db2f45ad36c3fa1d517922d08,base,reactivity,7,15,849.8774,43.2826,0,109.032,60.48,677,ok,,1ece8e4b58
a9e68d9efac0cf9db2f45ad36c3fa1d517922d08,base,reactivity,8,16,848.2612,38.5632,0,103.061,61.944,664,ok,,1ece8e4b58
a9e68d9efac0cf9db2f45ad36c3fa1d517922d08,base,reactivity,9,19,850.8791,81.3807,0,135.184,118.919,721,ok,,1ece8e4b58
a9e68d9efac0cf9db2f45ad36c3fa1d517922d08,base,reactivity,10,20,848.6141,54.0597,0,106.517,83.259,686,ok,,1ece8e4b58
a9e68d9efac0cf9db2f45ad36c3fa1d517922d08,base,reactivity,11,23,848.8911,30.6523,0,121.227,74.198,714,ok,,1ece8e4b58
a9e68d9efac0cf9db2f45ad36c3fa1d517922d08,base,reactivity,12,24,849.368,43.7774,0,127.409,78.006,714,ok,,1ece8e4b58
a9e68d9efac0cf9db2f45ad36c3fa1d517922d08,base,reactivity,13,27,850.0518,55.4244,0,115.789,79.259,681,ok,,1ece8e4b58
a9e68d9efac0cf9db2f45ad36c3fa1d517922d08,base,reactivity,14,28,848.6772,58.3986,0,129.867,100.932,710,ok,,1ece8e4b58
a9e68d9efac0cf9db2f45ad36c3fa1d517922d08,head,reactivity,0,1,849.5034,38.0,0,117.04,97.023,760,ok,,1ece8e4b58
a9e68d9efac0cf9db2f45ad36c3fa1d517922d08,head,reactivity,1,2,850.5405,62.3655,0,103.208,34.768,679,ok,,1ece8e4b58
a9e68d9efac0cf9db2f45ad36c3fa1d517922d08,head,reactivity,2,5,848.8734,31.0,0,97.506,50.902,716,ok,,1ece8e4b58
a9e68d9efac0cf9db2f45ad36c3fa1d517922d08,head,reactivity,3,6,848.8554,41.1092,0,103.472,48.705,676,ok,,1ece8e4b58
a9e68d9efac0cf9db2f45ad36c3fa1d517922d08,head,reactivity,4,9,850.177,80.3923,0,113.969,77.994,728,ok,,1ece8e4b58
a9e68d9efac0cf9db2f45ad36c3fa1d517922d08,head,reactivity,5,10,848.1138,36.0,0,102.464,43.652,804,ok,,1ece8e4b58
a9e68d9efac0cf9db2f45ad36c3fa1d517922d08,head,reactivity,6,13,848.1128,41,0,95.371,27.152,744,ok,,1ece8e4b58
a9e68d9efac0cf9db2f45ad36c3fa1d517922d08,head,reactivity,7,14,849.2595,42.0425,0,104.117,37.24,660,ok,,1ece8e4b58
a9e68d9efac0cf9db2f45ad36c3fa1d517922d08,head,reactivity,8,17,848.7156,50.5738,0,114.71,62.403,672,ok,,1ece8e4b58
a9e68d9efac0cf9db2f45ad36c3fa1d517922d08,head,reactivity,9,18,848.6019,69.8673,0,96.482,72.637,736,ok,,1ece8e4b58
a9e68d9efac0cf9db2f45ad36c3fa1d517922d08,head,reactivity,10,21,848.1144,37.4312,0,112.394,66.873,677,ok,,1ece8e4b58
a9e68d9efac0cf9db2f45ad36c3fa1d517922d08,head,reactivity,11,22,850.5777,56.6031,0,107.58,70.324,730,ok,,1ece8e4b58
a9e68d9efac0cf9db2f45ad36c3fa1d517922d08,head,reactivity,12,25,849.5406,67.1788,0,127.644,98.782,706,ok,,1ece8e4b58
a9e68d9efac0cf9db2f45ad36c3fa1d517922d08,head,reactivity,13,26,848.282,51.0,0,93.08,54.048,779,ok,,1ece8e4b58
a9e68d9efac0cf9db2f45ad36c3fa1d517922d08,head,reactivity,14,29,849.1119,48.0,0,123.517,99.515,791,ok,,1ece8e4b58
6944866261b7cf317b791d63a66ae929eac91a0b,base,reactivity,0,0,858.2426,84.0,0,106.53,38.686,738,ok,,1ece8e4b58
6944866261b7cf317b791d63a66ae929eac91a0b,base,reactivity,1,3,851.4954,61.9732,0,122.873,96.215,701,ok,,1ece8e4b58
6944866261b7cf317b791d63a66ae929eac91a0b,base,reactivity,2,4,889.7608,50,0,102.1,70.016,801,ok,,1ece8e4b58
6944866261b7cf317b791d63a66ae929eac91a0b,base,reactivity,3,7,849.47,41,0,108.371,91.436,773,ok,,1ece8e4b58
6944866261b7cf317b791d63a66ae929eac91a0b,base,reactivity,4,8,849.9501,69.3733,0,104.649,46.321,693,ok,,1ece8e4b58
6944866261b7cf317b791d63a66ae929eac91a0b,head,reactivity,0,1,850.2146,49.4862,0,99.525,43.311,762,ok,,1ece8e4b58
6944866261b7cf317b791d63a66ae929eac91a0b,head,reactivity,1,2,849.686,34.0,0,95.729,21.856,762,ok,,1ece8e4b58
6944866261b7cf317b791d63a66ae929eac91a0b,head,reactivity,2,5,849.5802,48,0,102.167,69.475,782,ok,,1ece8e4b58
6944866261b7cf317b791d63a66ae929eac91a0b,head,reactivity,3,6,849.4373,63.8873,0,145.911,176.267,710,outlier,inp;tbtFlow,1ece8e4b58
6944866261b7cf317b791d63a66ae929eac91a0b,head,reactivity,4,9,849.0847,43.2357,0,110.403,54.893,672,outlier,lcpObs,1ece8e4b58
23f16b39ba9dbacc594e5642678c29766309848e,base,reactivity,0,0,849.7263,71.6899,0,135.055,182.012,787,outlier,inp;tbtFlow,1ece8e4b58
23f16b39ba9dbacc594e5642678c29766309848e,base,reactivity,1,3,850.2258,67.9804,0,102.977,61.923,830,ok,,1ece8e4b58
23f16b39ba9dbacc594e5642678c29766309848e,base,reactivity,2,4,849.7047,119.7681,0,101.57,64.717,730,outlier,tbt,1ece8e4b58
23f16b39ba9dbacc594e5642678c29766309848e,base,reactivity,3,7,848.6853,39.0,0,102.812,52.63,741,outlier,tbt,1ece8e4b58
23f16b39ba9dbacc594e5642678c29766309848e,base,reactivity,4,8,848.8446,74.0368,0,123.82,83.616,684,outlier,inp,1ece8e4b58
23f16b39ba9dbacc594e5642678c29766309848e,head,reactivity,0,1,849.8043,86.2681,0,115.589,79.569,714,ok,,1ece8e4b58
23f16b39ba9dbacc594e5642678c29766309848e,head,reactivity,1,2,847.4981,48.7407,0,110.012,56.104,682,ok,,1ece8e4b58
23f16b39ba9dbacc594e5642678c29766309848e,head,reactivity,2,5,849.1528,41.0,0,117.674,64.019,758,ok,,1ece8e4b58
23f16b39ba9dbacc594e5642678c29766309848e,head,reactivity,3,6,848.889,61.656,0,122.984,82.564,693,ok,,1ece8e4b58
23f16b39ba9dbacc594e5642678c29766309848e,head,reactivity,4,9,850.2384,72.2492,0,108.681,33.277,711,ok,,1ece8e4b58
203586be210d2d088c918f36a106f14f0b4f6a86,base,reactivity,0,0,851.2863,55.5769,0,97.578,41.959,690,ok,,1ece8e4b58
203586be210d2d088c918f36a106f14f0b4f6a86,base,reactivity,1,3,851.9667,51.0,0,96.104,31.284,809,outlier,lcpObs,1ece8e4b58
203586be210d2d088c918f36a106f14f0b4f6a86,base,reactivity,2,4,848.5203,59.7849,0,109.009,42.203,680,ok,,1ece8e4b58
203586be210d2d088c918f36a106f14f0b4f6a86,base,reactivity,3,7,848.4096,38.0,0,105.144,40.916,777,outlier,lcpObs,1ece8e4b58
203586be210d2d088c918f36a106f14f0b4f6a86,base,reactivity,4,8,849.5312,55.872,0,110.332,75.918,675,outlier,tbtFlow,1ece8e4b58
203586be210d2d088c918f36a106f14f0b4f6a86,head,reactivity,0,1,850.2082,76.6722,0,108.684,83.421,704,ok,,1ece8e4b58
203586be210d2d088c918f36a106f14f0b4f6a86,head,reactivity,1,2,849.3169,44.7773,0,110.15,74.332,703,ok,,1ece8e4b58
203586be210d2d088c918f36a106f14f0b4f6a86,head,reactivity,2,5,848.2766,73.6781,0,105.062,43.753,676,ok,,1ece8e4b58
203586be210d2d088c918f36a106f14f0b4f6a86,head,reactivity,3,6,884.9586,113.9896,0,102.229,40.704,793,outlier,lcpObs,1ece8e4b58
203586be210d2d088c918f36a106f14f0b4f6a86,head,reactivity,4,9,848.6542,57.6742,0,119.81,73.15,698,ok,,1ece8e4b58
142fa3cc918500c8829c7d0abdd5e3e2ab7a72bc,base,reactivity,0,0,848.9838,39.4374,0,100.036,22.399,681,ok,,1ece8e4b58
142fa3cc918500c8829c7d0abdd5e3e2ab7a72bc,base,reactivity,1,3,848.9274,43.0,0,107.418,36.037,796,ok,,1ece8e4b58
142fa3cc918500c8829c7d0abdd5e3e2ab7a72bc,base,reactivity,2,4,849.4936,38.0,0,118.561,60.712,756,ok,,1ece8e4b58
142fa3cc918500c8829c7d0abdd5e3e2ab7a72bc,base,reactivity,3,7,846.7889,37.0,0,99.26,24.741,689,ok,,1ece8e4b58
142fa3cc918500c8829c7d0abdd5e3e2ab7a72bc,base,reactivity,4,8,848.7204,50.6602,0,101.932,47.002,711,ok,,1ece8e4b58
142fa3cc918500c8829c7d0abdd5e3e2ab7a72bc,head,reactivity,0,1,848.0422,42.0,0,100.876,55.164,1056,ok,,1ece8e4b58
142fa3cc918500c8829c7d0abdd5e3e2ab7a72bc,head,reactivity,1,2,848.9777,37.0,0,100.405,51.699,774,ok,,1ece8e4b58
142fa3cc918500c8829c7d0abdd5e3e2ab7a72bc,head,reactivity,2,5,850.3092,48.7486,0,101.305,54.137,953,ok,,1ece8e4b58
142fa3cc918500c8829c7d0abdd5e3e2ab7a72bc,head,reactivity,3,6,888.8313,73.0,0,93.621,30.554,755,ok,,1ece8e4b58
142fa3cc918500c8829c7d0abdd5e3e2ab7a72bc,head,reactivity,4,9,847.7136,44.0538,0,95.283,23.129,669,ok,,1ece8e4b58
2a72ae9b88ac94a1ddd12a0e29fbcf9bfe67b1c4,base,reactivity,0,0,890.5732,108.6433,0,117.347,96.619,769,ok,,1ece8e4b58
2a72ae9b88ac94a1ddd12a0e29fbcf9bfe67b1c4,base,reactivity,1,3,848.3079,48.7587,0,104.016,60.913,943,outlier,lcpObs,1ece8e4b58
2a72ae9b88ac94a1ddd12a0e29fbcf9bfe67b1c4,base,reactivity,2,4,848.2034,59.8926,0,107.881,37.551,687,ok,,1ece8e4b58
2a72ae9b88ac94a1ddd12a0e29fbcf9bfe67b1c4,base,reactivity,3,7,849.1171,44.6009,0,116.726,102.025,703,ok,,1ece8e4b58
2a72ae9b88ac94a1ddd12a0e29fbcf9bfe67b1c4,base,reactivity,4,8,850.0765,62.9411,0,105.089,36.083,684,ok,,1ece8e4b58
2a72ae9b88ac94a1ddd12a0e29fbcf9bfe67b1c4,head,reactivity,0,1,849.3134,45.0,0,100.325,51.827,760,ok,,1ece8e4b58
2a72ae9b88ac94a1ddd12a0e29fbcf9bfe67b1c4,head,reactivity,1,2,849.6865,62.8341,0,104.658,55.232,673,ok,,1ece8e4b58
2a72ae9b88ac94a1ddd12a0e29fbcf9bfe67b1c4,head,reactivity,2,5,849.8874,99.2958,0,106.39,38.23,727,outlier,tbt,1ece8e4b58
2a72ae9b88ac94a1ddd12a0e29fbcf9bfe67b1c4,head,reactivity,3,6,848.6177,58.5575,0,124.903,105.001,674,outlier,tbtFlow,1ece8e4b58
2a72ae9b88ac94a1ddd12a0e29fbcf9bfe67b1c4,head,reactivity,4,9,849.3397,53.4837,0,105.761,62.101,701,ok,,1ece8e4b58
c3046b456388d67751f0d71f06950fb468a30310,base,reactivity,0,0,849.7149,53.7307,0,119.595,96.985,678,ok,,1ece8e4b58
c3046b456388d67751f0d71f06950fb468a30310,base,reactivity,1,3,851.1752,100.7251,0,118.203,83.294,697,ok,,1ece8e4b58
c3046b456388d67751f0d71f06950fb468a30310,base,reactivity,2,4,849.7049,49.4271,0,123.772,91.338,696,ok,,1ece8e4b58
c3046b456388d67751f0d71f06950fb468a30310,base,reactivity,3,7,849.7943,41.0,0,120.085,93.757,755,ok,,1ece8e4b58
c3046b456388d67751f0d71f06950fb468a30310,base,reactivity,4,8,852.4115,54.2139,0,102.083,59.415,687,ok,,1ece8e4b58
c3046b456388d67751f0d71f06950fb468a30310,base,reactivity,5,11,852.9289,92.8114,0,125.258,84.413,707,ok,,1ece8e4b58
c3046b456388d67751f0d71f06950fb468a30310,base,reactivity,6,12,848.8644,48,0,112.081,55.696,709,ok,,1ece8e4b58
c3046b456388d67751f0d71f06950fb468a30310,base,reactivity,7,15,849.1992,74.9706,0,110.612,59.756,1022,outlier,lcpObs,1ece8e4b58
c3046b456388d67751f0d71f06950fb468a30310,base,reactivity,8,16,850.1493,84.0,0,103.004,51.315,706,ok,,1ece8e4b58
c3046b456388d67751f0d71f06950fb468a30310,base,reactivity,9,19,887.7704,101.0,0,134.628,91.916,742,ok,,1ece8e4b58
c3046b456388d67751f0d71f06950fb468a30310,base,reactivity,10,20,849.252,49.0,0,123.867,98.303,769,ok,,1ece8e4b58
c3046b456388d67751f0d71f06950fb468a30310,base,reactivity,11,23,885.5824,76.1456,0,109.014,70.433,1027,outlier,lcpObs,1ece8e4b58
c3046b456388d67751f0d71f06950fb468a30310,base,reactivity,12,24,849.4167,66.1921,0,107.171,62.931,721,ok,,1ece8e4b58
c3046b456388d67751f0d71f06950fb468a30310,base,reactivity,13,27,848.6421,49.1393,0,120.254,100.254,673,ok,,1ece8e4b58
c3046b456388d67751f0d71f06950fb468a30310,base,reactivity,14,28,849.99,60.125,0,109.016,71.543,697,ok,,1ece8e4b58
c3046b456388d67751f0d71f06950fb468a30310,head,reactivity,0,1,849.3424,80.1141,0,96.886,56.843,676,ok,,1ece8e4b58
c3046b456388d67751f0d71f06950fb468a30310,head,reactivity,1,2,822.5055,36.0,0,113.768,41.454,1200,outlier,lcpObs,1ece8e4b58
c3046b456388d67751f0d71f06950fb468a30310,head,reactivity,2,5,849.0324,61.5412,0,111.402,63.59,679,ok,,1ece8e4b58
c3046b456388d67751f0d71f06950fb468a30310,head,reactivity,3,6,849.198,41.874,0,117.574,77.48,657,ok,,1ece8e4b58
c3046b456388d67751f0d71f06950fb468a30310,head,reactivity,4,9,849.4469,107.9255,0,122.436,56.283,747,ok,,1ece8e4b58
c3046b456388d67751f0d71f06950fb468a30310,head,reactivity,5,10,851.2408,81.7469,0,111.018,69.39,704,ok,,1ece8e4b58
c3046b456388d67751f0d71f06950fb468a30310,head,reactivity,6,13,850.697,71.7833,0,105.762,55.951,744,ok,,1ece8e4b58
c3046b456388d67751f0d71f06950fb468a30310,head,reactivity,7,14,849.5525,78.2309,0,107.331,57.53,688,ok,,1ece8e4b58
c3046b456388d67751f0d71f06950fb468a30310,head,reactivity,8,17,848.8856,42.0,0,111.745,71.436,684,ok,,1ece8e4b58
c3046b456388d67751f0d71f06950fb468a30310,head,reactivity,9,18,848.4413,41.528,0,94.519,30.068,982,ok,,1ece8e4b58
c3046b456388d67751f0d71f06950fb468a30310,head,reactivity,10,21,851.8326,53,0,102.767,31.765,805,ok,,1ece8e4b58
c3046b456388d67751f0d71f06950fb468a30310,head,reactivity,11,22,848.1294,65.5152,0,107.252,41.072,676,ok,,1ece8e4b58
c3046b456388d67751f0d71f06950fb468a30310,head,reactivity,12,25,849.2552,36.0,0,92.862,57.48,736,ok,,1ece8e4b58
c3046b456388d67751f0d71f06950fb468a30310,head,reactivity,13,26,811.2333,33.0362,0,138.266,106.492,9638,outlier,lcpObs,1ece8e4b58
c3046b456388d67751f0d71f06950fb468a30310,head,reactivity,14,29,847.8547,40.0,0,135.781,77.829,764,ok,,1ece8e4b58
1a34602d7a2e427b977959833f2e689f0a158a9f,base,reactivity,0,0,889.7377,45.877,0,103.031,34.517,751,ok,,1ece8e4b58
1a34602d7a2e427b977959833f2e689f0a158a9f,base,reactivity,1,3,849.2097,37.0,0,124.964,91.084,728,outlier,inp;tbtFlow,1ece8e4b58
1a34602d7a2e427b977959833f2e689f0a158a9f,base,reactivity,2,4,850.8369,53.1407,0,101.404,49.359,695,ok,,1ece8e4b58
1a34602d7a2e427b977959833f2e689f0a158a9f,base,reactivity,3,7,848.4328,39.6091,0,97.633,34.575,673,ok,,1ece8e4b58
1a34602d7a2e427b977959833f2e689f0a158a9f,base,reactivity,4,8,848.3139,62.3017,0,97.246,25.333,716,ok,,1ece8e4b58
1a34602d7a2e427b977959833f2e689f0a158a9f,base,reactivity,5,11,848.9035,57.0982,0,100.437,40.94,675,ok,,1ece8e4b58
1a34602d7a2e427b977959833f2e689f0a158a9f,base,reactivity,6,12,848.7895,38.0851,0,104.859,31.565,669,ok,,1ece8e4b58
1a34602d7a2e427b977959833f2e689f0a158a9f,base,reactivity,7,15,848.1591,59.3563,0,93.209,43.022,696,ok,,1ece8e4b58
1a34602d7a2e427b977959833f2e689f0a158a9f,base,reactivity,8,16,848.844,42.0,0,103.215,46.972,693,ok,,1ece8e4b58
1a34602d7a2e427b977959833f2e689f0a158a9f,base,reactivity,9,19,848.8288,73.9429,0,104.674,22.76,705,outlier,tbt,1ece8e4b58
1a34602d7a2e427b977959833f2e689f0a158a9f,base,reactivity,10,20,849.0465,34.0,0,91.401,36.002,695,ok,,1ece8e4b58
1a34602d7a2e427b977959833f2e689f0a158a9f,base,reactivity,11,23,848.6509,35.0,0,98.14,28.539,708,ok,,1ece8e4b58
1a34602d7a2e427b977959833f2e689f0a158a9f,base,reactivity,12,24,849.0985,55.9902,0,108.089,45.984,671,ok,,1ece8e4b58
1a34602d7a2e427b977959833f2e689f0a158a9f,base,reactivity,13,27,848.4444,39,0,103.406,21.995,706,ok,,1ece8e4b58
1a34602d7a2e427b977959833f2e689f0a158a9f,base,reactivity,14,28,848.7519,36.0,0,101.331,42.668,674,ok,,1ece8e4b58
1a34602d7a2e427b977959833f2e689f0a158a9f,head,reactivity,0,1,849.1726,38,0,109.814,53.459,699,ok,,1ece8e4b58
1a34602d7a2e427b977959833f2e689f0a158a9f,head,reactivity,1,2,848.7081,67.6573,0,118.166,103.932,699,outlier,tbtFlow,1ece8e4b58
1a34602d7a2e427b977959833f2e689f0a158a9f,head,reactivity,2,5,848.596,40.0,0,162.118,143.66,696,outlier,inp;tbtFlow,1ece8e4b58
1a34602d7a2e427b977959833f2e689f0a158a9f,head,reactivity,3,6,848.9968,43.4081,0,133.684,83.174,689,ok,,1ece8e4b58
1a34602d7a2e427b977959833f2e689f0a158a9f,head,reactivity,4,9,850.0191,36,0,123.125,79.427,685,ok,,1ece8e4b58
1a34602d7a2e427b977959833f2e689f0a158a9f,head,reactivity,5,10,849.1193,37,0,97.593,32.382,693,ok,,1ece8e4b58
1a34602d7a2e427b977959833f2e689f0a158a9f,head,reactivity,6,13,847.972,35.0,0,105.073,48.612,787,outlier,lcpObs,1ece8e4b58
1a34602d7a2e427b977959833f2e689f0a158a9f,head,reactivity,7,14,848.5869,44.9957,0,121.567,83.18,694,ok,,1ece8e4b58
1a34602d7a2e427b977959833f2e689f0a158a9f,head,reactivity,8,17,848.5266,43.5468,0,95.985,48.971,703,ok,,1ece8e4b58
1a34602d7a2e427b977959833f2e689f0a158a9f,head,reactivity,9,18,849.6592,37.0113,0,101.26,49.314,663,ok,,1ece8e4b58
1a34602d7a2e427b977959833f2e689f0a158a9f,head,reactivity,10,21,849.047,46.5134,0,106.242,50.498,694,ok,,1ece8e4b58
1a34602d7a2e427b977959833f2e689f0a158a9f,head,reactivity,11,22,848.1791,41.9817,0,95.013,24.783,691,ok,,1ece8e4b58
1a34602d7a2e427b977959833f2e689f0a158a9f,head,reactivity,12,25,847.2354,51.0,0,102.628,47.699,722,ok,,1ece8e4b58
1a34602d7a2e427b977959833f2e689f0a158a9f,head,reactivity,13,26,848.607,43.434,0,95.493,43.697,680,ok,,1ece8e4b58
1a34602d7a2e427b977959833f2e689f0a158a9f,head,reactivity,14,29,849.0294,80.0,0,103.243,38.329,675,outlier,tbt,1ece8e4b58
bdae3ed908e3770614890533d0307f4bb9690a19,base,reactivity,0,0,849.0525,42.1035,0,94.482,19.939,684,ok,,1ece8e4b58
bdae3ed908e3770614890533d0307f4bb9690a19,base,reactivity,1,3,848.8549,42.0123,0,107.158,41.923,668,ok,,1ece8e4b58
bdae3ed908e3770614890533d0307f4bb9690a19,base,reactivity,2,4,847.6235,0,0,95.031,34.502,707,outlier,tbt,1ece8e4b58
bdae3ed908e3770614890533d0307f4bb9690a19,base,reactivity,3,7,848.3523,37.0,0,105.349,30.174,670,ok,,1ece8e4b58
bdae3ed908e3770614890533d0307f4bb9690a19,base,reactivity,4,8,848.0002,34,0,101.057,35.984,664,ok,,1ece8e4b58
bdae3ed908e3770614890533d0307f4bb9690a19,head,reactivity,0,1,849.5814,44.0,0,101.821,40.056,706,ok,,1ece8e4b58
bdae3ed908e3770614890533d0307f4bb9690a19,head,reactivity,1,2,848.5445,37.0,0,101.378,39.764,686,ok,,1ece8e4b58
bdae3ed908e3770614890533d0307f4bb9690a19,head,reactivity,2,5,848.4747,32.0,0,89.131,25.241,685,ok,,1ece8e4b58
bdae3ed908e3770614890533d0307f4bb9690a19,head,reactivity,3,6,849.7989,38.7767,0,102.908,44.984,773,outlier,lcpObs,1ece8e4b58
bdae3ed908e3770614890533d0307f4bb9690a19,head,reactivity,4,9,849.3169,40.0663,0,91.789,31.859,694,ok,,1ece8e4b58
df5f1c23c4fd6b1048594182a08cdae2d7c266de,base,reactivity,0,0,849.2933,35.0,0,102.567,23.981,762,outlier,lcpObs,1ece8e4b58
df5f1c23c4fd6b1048594182a08cdae2d7c266de,base,reactivity,1,3,848.7303,60.4409,0,94.35,23.094,681,ok,,1ece8e4b58
df5f1c23c4fd6b1048594182a08cdae2d7c266de,base,reactivity,2,4,849.3125,34.0,0,103.489,33.363,668,ok,,1ece8e4b58
df5f1c23c4fd6b1048594182a08cdae2d7c266de,base,reactivity,3,7,849.2622,37.5436,0,116.742,72.648,686,ok,,1ece8e4b58
df5f1c23c4fd6b1048594182a08cdae2d7c266de,base,reactivity,4,8,848.4062,39.0,0,106.516,44.716,685,ok,,1ece8e4b58
df5f1c23c4fd6b1048594182a08cdae2d7c266de,head,reactivity,0,1,848.5542,39.0,0,99.457,39.066,673,ok,,1ece8e4b58
df5f1c23c4fd6b1048594182a08cdae2d7c266de,head,reactivity,1,2,848.7097,38.0,0,101.06,36.414,677,ok,,1ece8e4b58
df5f1c23c4fd6b1048594182a08cdae2d7c266de,head,reactivity,2,5,848.9642,38.115,0,97.026,41.595,655,ok,,1ece8e4b58
df5f1c23c4fd6b1048594182a08cdae2d7c266de,head,reactivity,3,6,847.7232,49.0,0,103.929,44.645,683,ok,,1ece8e4b58
df5f1c23c4fd6b1048594182a08cdae2d7c266de,head,reactivity,4,9,848.2486,47.6954,0,101.759,47.481,680,ok,,1ece8e4b58
e4641141026871271e5083c99ad4cd3f4a8e9a68,base,reactivity,0,0,849.2258,37.0,0,100.807,29.559,695,ok,,1ece8e4b58
e4641141026871271e5083c99ad4cd3f4a8e9a68,base,reactivity,1,3,849.7726,42.0,0,102.746,37.825,674,ok,,1ece8e4b58
e4641141026871271e5083c99ad4cd3f4a8e9a68,base,reactivity,2,4,848.6392,33.0,0,100.582,25.454,683,ok,,1ece8e4b58
e4641141026871271e5083c99ad4cd3f4a8e9a68,base,reactivity,3,7,847.9609,40.0,0,103.619,54.856,704,ok,,1ece8e4b58
e4641141026871271e5083c99ad4cd3f4a8e9a68,base,reactivity,4,8,848.8465,48.2011,0,107.856,26.616,675,ok,,1ece8e4b58
e4641141026871271e5083c99ad4cd3f4a8e9a68,head,reactivity,0,1,849.9499,48.8994,0,99.56,48.682,674,ok,,1ece8e4b58
e4641141026871271e5083c99ad4cd3f4a8e9a68,head,reactivity,1,2,848.7735,42,0,110.392,68.842,672,ok,,1ece8e4b58
e4641141026871271e5083c99ad4cd3f4a8e9a68,head,reactivity,2,5,847.6043,41.0,0,106.198,33.783,659,ok,,1ece8e4b58
e4641141026871271e5083c99ad4cd3f4a8e9a68,head,reactivity,3,6,847.4561,0,0,107.214,61.343,1832,outlier,tbt;lcpObs,1ece8e4b58
e4641141026871271e5083c99ad4cd3f4a8e9a68,head,reactivity,4,9,848.7801,71.9267,0,89.505,30.439,710,ok,,1ece8e4b58
01e098a967951ea92d09b100b8e7d82c7a3369a2,base,reactivity,0,0,849.4228,33.0,0,93.426,18.429,694,ok,,1ece8e4b58
01e098a967951ea92d09b100b8e7d82c7a3369a2,base,reactivity,1,3,848.5188,38.0,0,99.466,30.437,692,ok,,1ece8e4b58
01e098a967951ea92d09b100b8e7d82c7a3369a2,base,reactivity,2,4,850.1347,46.4618,0,99.017,49.686,673,ok,,1ece8e4b58
01e098a967951ea92d09b100b8e7d82c7a3369a2,base,reactivity,3,7,848.3547,37.4721,0,107.427,61.919,671,ok,,1ece8e4b58
01e098a967951ea92d09b100b8e7d82c7a3369a2,base,reactivity,4,8,849.6223,53.9485,0,95.899,49.137,683,ok,,1ece8e4b58
01e098a967951ea92d09b100b8e7d82c7a3369a2,head,reactivity,0,1,850.0749,37.0,0,119.547,82.409,705,ok,,1ece8e4b58
01e098a967951ea92d09b100b8e7d82c7a3369a2,head,reactivity,1,2,918.6574,118.6644,0,113.985,86.509,1086,outlier,lcp;tbt;lcpObs,1ece8e4b58
01e098a967951ea92d09b100b8e7d82c7a3369a2,head,reactivity,2,5,850.6202,58.7319,0,105.718,55.388,703,ok,,1ece8e4b58
01e098a967951ea92d09b100b8e7d82c7a3369a2,head,reactivity,3,6,849.5187,40.8361,0,96.019,46.788,701,ok,,1ece8e4b58
01e098a967951ea92d09b100b8e7d82c7a3369a2,head,reactivity,4,9,849.3555,44.0,0,108.479,29.968,710,ok,,1ece8e4b58
33ff72af9008c68e05360de34ef3e96e74bf70c9,base,reactivity,0,0,849.5125,55.1021,0,105.714,45.774,693,ok,,1ece8e4b58
33ff72af9008c68e05360de34ef3e96e74bf70c9,base,reactivity,1,3,848.8132,45.0,0,112.808,48.515,763,ok,,1ece8e4b58
33ff72af9008c68e05360de34ef3e96e74bf70c9,base,reactivity,2,4,848.7181,34.0,0,116.773,72.366,781,ok,,1ece8e4b58
33ff72af9008c68e05360de34ef3e96e74bf70c9,base,reactivity,3,7,848.0695,59.2701,0,176.783,205.989,669,outlier,inp;tbtFlow,1ece8e4b58
33ff72af9008c68e05360de34ef3e96e74bf70c9,base,reactivity,4,8,891.9137,82,0,103.788,55.239,828,ok,,1ece8e4b58
33ff72af9008c68e05360de34ef3e96e74bf70c9,base,reactivity,5,11,848.4657,61.1191,0,122.257,62.541,686,ok,,1ece8e4b58
33ff72af9008c68e05360de34ef3e96e74bf70c9,base,reactivity,6,12,848.8391,44.8866,0,98.784,43.19,695,ok,,1ece8e4b58
33ff72af9008c68e05360de34ef3e96e74bf70c9,base,reactivity,7,15,848.2592,51.584,0,108.388,92.853,674,ok,,1ece8e4b58
33ff72af9008c68e05360de34ef3e96e74bf70c9,base,reactivity,8,16,849.1039,87,0,115.122,58.786,722,outlier,tbt,1ece8e4b58
33ff72af9008c68e05360de34ef3e96e74bf70c9,base,reactivity,9,19,849.8058,37.0,0,100.303,43.206,861,outlier,lcpObs,1ece8e4b58
33ff72af9008c68e05360de34ef3e96e74bf70c9,base,reactivity,10,20,849.5025,54.1575,0,102.321,75.946,690,ok,,1ece8e4b58
33ff72af9008c68e05360de34ef3e96e74bf70c9,base,reactivity,11,23,849.4963,36.0,0,108.591,38.755,689,ok,,1ece8e4b58
33ff72af9008c68e05360de34ef3e96e74bf70c9,base,reactivity,12,24,851.0436,96.0,0,92.835,43.287,854,outlier,tbt;lcpObs,1ece8e4b58
33ff72af9008c68e05360de34ef3e96e74bf70c9,base,reactivity,13,27,849.3468,51.9534,0,107.354,64.684,703,ok,,1ece8e4b58
33ff72af9008c68e05360de34ef3e96e74bf70c9,base,reactivity,14,28,850.1642,51,0,106.375,110.791,757,ok,,1ece8e4b58
33ff72af9008c68e05360de34ef3e96e74bf70c9,head,reactivity,0,1,848.8452,40.0476,0,107.764,66.94,688,ok,,1ece8e4b58
33ff72af9008c68e05360de34ef3e96e74bf70c9,head,reactivity,1,2,848.8935,50.9465,0,99.377,42.625,673,ok,,1ece8e4b58
33ff72af9008c68e05360de34ef3e96e74bf70c9,head,reactivity,2,5,848.6804,46.0,0,96.83,30.831,695,ok,,1ece8e4b58
33ff72af9008c68e05360de34ef3e96e74bf70c9,head,reactivity,3,6,848.7239,36.1641,0,97.723,28.755,679,ok,,1ece8e4b58
33ff72af9008c68e05360de34ef3e96e74bf70c9,head,reactivity,4,9,849.0787,41.0,0,105.06,57.826,740,ok,,1ece8e4b58
33ff72af9008c68e05360de34ef3e96e74bf70c9,head,reactivity,5,10,851.7171,66.0143,0,161.154,129.2,708,outlier,inp;tbtFlow,1ece8e4b58
33ff72af9008c68e05360de34ef3e96e74bf70c9,head,reactivity,6,13,848.6035,42,0,121.495,72.088,708,ok,,1ece8e4b58
33ff72af9008c68e05360de34ef3e96e74bf70c9,head,reactivity,7,14,849.2117,73.0706,0,121.362,62.605,687,ok,,1ece8e4b58
33ff72af9008c68e05360de34ef3e96e74bf70c9,head,reactivity,8,17,850.49,79.4284,0,112.149,73.977,710,outlier,tbt,1ece8e4b58
33ff72af9008c68e05360de34ef3e96e74bf70c9,head,reactivity,9,18,849.0412,43.0,0,112.474,61.732,740,ok,,1ece8e4b58
33ff72af9008c68e05360de34ef3e96e74bf70c9,head,reactivity,10,21,851.3352,126.7784,0,106.102,47.438,724,outlier,tbt,1ece8e4b58
33ff72af9008c68e05360de34ef3e96e74bf70c9,head,reactivity,11,22,848.6049,62.9017,0,99.58,44.848,708,ok,,1ece8e4b58
33ff72af9008c68e05360de34ef3e96e74bf70c9,head,reactivity,12,25,849.2173,42.0,0,147.09,74.388,764,outlier,inp,1ece8e4b58
33ff72af9008c68e05360de34ef3e96e74bf70c9,head,reactivity,13,26,848.3241,41.0,0,121.06,85.084,751,ok,,1ece8e4b58
33ff72af9008c68e05360de34ef3e96e74bf70c9,head,reactivity,14,29,850.545,63.867,0,107.971,72.266,698,ok,,1ece8e4b58
7681134fd8505e61a265d161d73d28acb3c74822,base,reactivity,0,0,850.6267,71.0,0,140.63,130.039,698,outlier,tbtFlow,1ece8e4b58
7681134fd8505e61a265d161d73d28acb3c74822,base,reactivity,1,3,848.8414,43.0,0,105.03,72.255,754,ok,,1ece8e4b58
7681134fd8505e61a265d161d73d28acb3c74822,base,reactivity,2,4,849.7376,49.0,0,110.829,79.545,776,ok,,1ece8e4b58
7681134fd8505e61a265d161d73d28acb3c74822,base,reactivity,3,7,849.5761,75.0,0,121.443,92.894,710,ok,,1ece8e4b58
7681134fd8505e61a265d161d73d28acb3c74822,base,reactivity,4,8,849.6039,84.5607,0,112.032,79.971,716,ok,,1ece8e4b58
7681134fd8505e61a265d161d73d28acb3c74822,head,reactivity,0,1,848.82,45.478,0,112.121,79.245,692,ok,,1ece8e4b58
7681134fd8505e61a265d161d73d28acb3c74822,head,reactivity,1,2,849.6569,77.354,0,119.969,78.596,701,ok,,1ece8e4b58
7681134fd8505e61a265d161d73d28acb3c74822,head,reactivity,2,5,849.5154,93,0,121.495,106.259,739,ok,,1ece8e4b58
7681134fd8505e61a265d161d73d28acb3c74822,head,reactivity,3,6,848.0675,44.0,0,121.662,64.861,777,ok,,1ece8e4b58
7681134fd8505e61a265d161d73d28acb3c74822,head,reactivity,4,9,850.3487,79.0915,0,122.811,79.488,714,ok,,1ece8e4b58
b75d188ab16bf83bd1f364a77dfd2315be8f3fa4,base,reactivity,0,0,849.6875,52,0,139.367,133.448,775,ok,,1ece8e4b58
b75d188ab16bf83bd1f364a77dfd2315be8f3fa4,base,reactivity,1,3,850.3785,68.2855,0,135.46,94.651,713,ok,,1ece8e4b58
b75d188ab16bf83bd1f364a77dfd2315be8f3fa4,base,reactivity,2,4,850.5204,82.7466,0,119.206,81.267,740,ok,,1ece8e4b58
b75d188ab16bf83bd1f364a77dfd2315be8f3fa4,base,reactivity,3,7,848.9399,43.4381,0,100.915,42.356,696,ok,,1ece8e4b58
b75d188ab16bf83bd1f364a77dfd2315be8f3fa4,base,reactivity,4,8,848.9227,37,0,103.903,54.176,756,ok,,1ece8e4b58
b75d188ab16bf83bd1f364a77dfd2315be8f3fa4,head,reactivity,0,1,848.964,81.279,0,119.866,52.581,789,ok,,1ece8e4b58
b75d188ab16bf83bd1f364a77dfd2315be8f3fa4,head,reactivity,1,2,849.5106,69.9048,0,150.051,90.807,705,outlier,inp,1ece8e4b58
b75d188ab16bf83bd1f364a77dfd2315be8f3fa4,head,reactivity,2,5,849.1832,49.1269,0,112.557,111.154,686,ok,,1ece8e4b58
b75d188ab16bf83bd1f364a77dfd2315be8f3fa4,head,reactivity,3,6,888.8375,42.0,0,109.106,79.464,876,ok,,1ece8e4b58
b75d188ab16bf83bd1f364a77dfd2315be8f3fa4,head,reactivity,4,9,848.3423,35.0,0,94.161,47.231,779,ok,,1ece8e4b58
2009fe8482af1f87b0305d96ba6508c2016f6c6a,base,reactivity,0,0,849.2513,54.1773,0,106.682,29.267,690,ok,,1ece8e4b58
2009fe8482af1f87b0305d96ba6508c2016f6c6a,base,reactivity,1,3,849.1638,57.7024,0,101.122,53.37,694,ok,,1ece8e4b58
2009fe8482af1f87b0305d96ba6508c2016f6c6a,base,reactivity,2,4,849.522,39.331,0,97.726,37.737,698,ok,,1ece8e4b58
2009fe8482af1f87b0305d96ba6508c2016f6c6a,base,reactivity,3,7,849.2823,52.8079,0,99.041,55.092,689,ok,,1ece8e4b58
2009fe8482af1f87b0305d96ba6508c2016f6c6a,base,reactivity,4,8,849.2169,42.0,0,94.638,59.403,768,outlier,lcpObs,1ece8e4b58
2009fe8482af1f87b0305d96ba6508c2016f6c6a,head,reactivity,0,1,849.183,52.434,0,100.111,61.042,691,ok,,1ece8e4b58
2009fe8482af1f87b0305d96ba6508c2016f6c6a,head,reactivity,1,2,848.704,42.2566,0,118.593,70.651,664,ok,,1ece8e4b58
2009fe8482af1f87b0305d96ba6508c2016f6c6a,head,reactivity,2,5,849.4785,45.4355,0,102.73,60.214,715,ok,,1ece8e4b58
2009fe8482af1f87b0305d96ba6508c2016f6c6a,head,reactivity,3,6,889.4697,43.9217,0,102.787,54.442,754,ok,,1ece8e4b58
2009fe8482af1f87b0305d96ba6508c2016f6c6a,head,reactivity,4,9,849.6222,47.3316,0,95.461,53.472,708,ok,,1ece8e4b58
a187dc97418c9bc840480ab49ebe71344b059882,base,reactivity,0,0,849.1943,62.8193,0,131.987,103.125,686,ok,,1ece8e4b58
a187dc97418c9bc840480ab49ebe71344b059882,base,reactivity,1,3,851.6119,117.8706,0,122.518,110.876,755,ok,,1ece8e4b58
a187dc97418c9bc840480ab49ebe71344b059882,base,reactivity,2,4,849.5657,82.8064,0,93.44,22.093,718,ok,,1ece8e4b58
a187dc97418c9bc840480ab49ebe71344b059882,base,reactivity,3,7,848.904,49.808,0,102.006,28.927,689,ok,,1ece8e4b58
a187dc97418c9bc840480ab49ebe71344b059882,base,reactivity,4,8,849.1163,76.0387,0,107.352,73.33,715,ok,,1ece8e4b58
a187dc97418c9bc840480ab49ebe71344b059882,head,reactivity,0,1,849.6398,83.2133,0,107.391,80.287,679,ok,,1ece8e4b58
a187dc97418c9bc840480ab49ebe71344b059882,head,reactivity,1,2,857.0328,94.5082,0,184.404,221.159,761,outlier,inp;tbtFlow,1ece8e4b58
a187dc97418c9bc840480ab49ebe71344b059882,head,reactivity,2,5,849.2296,51.7544,0,105.185,60.391,700,ok,,1ece8e4b58
a187dc97418c9bc840480ab49ebe71344b059882,head,reactivity,3,6,849.0883,46.9175,0,109.033,62.901,795,outlier,lcpObs,1ece8e4b58
a187dc97418c9bc840480ab49ebe71344b059882,head,reactivity,4,9,849.019,69.8816,0,122.049,47.458,680,ok,,1ece8e4b58
be32491e7a476a5e569ec38d7ca57e9bc942c514,base,reactivity,0,0,850.564,84.5213,0,115.604,70.924,710,ok,,1ece8e4b58
be32491e7a476a5e569ec38d7ca57e9bc942c514,base,reactivity,1,3,850.8293,88.1932,0,104.7,28.631,697,ok,,1ece8e4b58
be32491e7a476a5e569ec38d7ca57e9bc942c514,base,reactivity,2,4,848.6739,41,0,103.537,52.226,860,outlier,lcpObs,1ece8e4b58
be32491e7a476a5e569ec38d7ca57e9bc942c514,base,reactivity,3,7,848.6895,70.0585,0,101.402,63.458,692,ok,,1ece8e4b58
be32491e7a476a5e569ec38d7ca57e9bc942c514,base,reactivity,4,8,849.1416,58.4238,0,105.672,57.896,680,ok,,1ece8e4b58
be32491e7a476a5e569ec38d7ca57e9bc942c514,head,reactivity,0,1,851.4914,125.3916,0,111.333,38.443,791,outlier,tbt,1ece8e4b58
be32491e7a476a5e569ec38d7ca57e9bc942c514,head,reactivity,1,2,851.0541,45,0,106.471,70.373,757,ok,,1ece8e4b58
be32491e7a476a5e569ec38d7ca57e9bc942c514,head,reactivity,2,5,850.7445,105.6075,0,117.002,60.941,745,ok,,1ece8e4b58
be32491e7a476a5e569ec38d7ca57e9bc942c514,head,reactivity,3,6,850.7157,58.8051,0,110.735,59.401,704,ok,,1ece8e4b58
be32491e7a476a5e569ec38d7ca57e9bc942c514,head,reactivity,4,9,849.579,54.224,0,118.178,51.221,675,ok,,1ece8e4b58
1bdb627e282d0634b564881145dc2cc42102462d,base,reactivity,0,0,848.5538,49.0568,0,99.98,51.868,685,ok,,1ece8e4b58
1bdb627e282d0634b564881145dc2cc42102462d,base,reactivity,1,3,890.2604,64.0269,0,119.049,60.166,772,outlier,lcpObs,1ece8e4b58
1bdb627e282d0634b564881145dc2cc42102462d,base,reactivity,2,4,849.1116,75.0008,0,125.263,72.358,698,ok,,1ece8e4b58
1bdb627e282d0634b564881145dc2cc42102462d,base,reactivity,3,7,849.474,74.23,0,136.804,92.395,697,ok,,1ece8e4b58
1bdb627e282d0634b564881145dc2cc42102462d,base,reactivity,4,8,848.0193,63.1549,0,104.508,44.374,703,ok,,1ece8e4b58
1bdb627e282d0634b564881145dc2cc42102462d,head,reactivity,0,1,849.5388,48.1284,0,114.419,68.922,690,ok,,1ece8e4b58
1bdb627e282d0634b564881145dc2cc42102462d,head,reactivity,1,2,849.5004,53.9402,0,110.165,91.964,698,ok,,1ece8e4b58
1bdb627e282d0634b564881145dc2cc42102462d,head,reactivity,2,5,849.5659,49.8164,0,116.024,78.122,724,ok,,1ece8e4b58
1bdb627e282d0634b564881145dc2cc42102462d,head,reactivity,3,6,848.8535,66.1278,0,112.383,53.097,688,ok,,1ece8e4b58
1bdb627e282d0634b564881145dc2cc42102462d,head,reactivity,4,9,849.1339,79.9777,0,137.4,70.323,717,outlier,inp,1ece8e4b58
257fcf15b32896da6fb8bb5ec26d71e5dacedc58,base,reactivity,0,0,848.524,52.8337,0,113.117,54.58,692,ok,,1ece8e4b58
257fcf15b32896da6fb8bb5ec26d71e5dacedc58,base,reactivity,1,3,848.5293,34.0,0,97.033,51.504,682,ok,,1ece8e4b58
257fcf15b32896da6fb8bb5ec26d71e5dacedc58,base,reactivity,2,4,848.7032,40.0,0,105.462,56.89,888,outlier,lcpObs,1ece8e4b58
257fcf15b32896da6fb8bb5ec26d71e5dacedc58,base,reactivity,3,7,849.1501,42.905,0,102.643,54.379,686,ok,,1ece8e4b58
257fcf15b32896da6fb8bb5ec26d71e5dacedc58,base,reactivity,4,8,847.9505,45.6128,0,96.11,46.458,667,ok,,1ece8e4b58
257fcf15b32896da6fb8bb5ec26d71e5dacedc58,head,reactivity,0,1,848.5971,43.5133,0,104.971,59.182,698,ok,,1ece8e4b58
257fcf15b32896da6fb8bb5ec26d71e5dacedc58,head,reactivity,1,2,848.274,51.547,0,93.248,54.579,702,ok,,1ece8e4b58
257fcf15b32896da6fb8bb5ec26d71e5dacedc58,head,reactivity,2,5,848.8166,48.7461,0,105.694,48.898,678,ok,,1ece8e4b58
257fcf15b32896da6fb8bb5ec26d71e5dacedc58,head,reactivity,3,6,848.9962,43.7822,0,96.623,51.175,694,ok,,1ece8e4b58
257fcf15b32896da6fb8bb5ec26d71e5dacedc58,head,reactivity,4,9,848.2029,38.9397,0,103.567,63.878,702,ok,,1ece8e4b58
b0da2e8d94da46520292e9625427d2a9b7b64810,base,reactivity,0,0,848.8398,61.2134,0,149.094,179.636,682,outlier,tbtFlow,1ece8e4b58
b0da2e8d94da46520292e9625427d2a9b7b64810,base,reactivity,1,3,848.5404,37.0,0,107.594,36.242,784,outlier,lcpObs,1ece8e4b58
b0da2e8d94da46520292e9625427d2a9b7b64810,base,reactivity,2,4,849.4239,53.6517,0,106.024,29.446,675,ok,,1ece8e4b58
b0da2e8d94da46520292e9625427d2a9b7b64810,base,reactivity,3,7,849.4449,44.4367,0,96.374,34.673,675,ok,,1ece8e4b58
b0da2e8d94da46520292e9625427d2a9b7b64810,base,reactivity,4,8,847.519,38,0,117.368,78.774,755,outlier,tbtFlow;lcpObs,1ece8e4b58
b0da2e8d94da46520292e9625427d2a9b7b64810,head,reactivity,0,1,850.9146,51.9528,0,125.823,74.385,805,ok,,1ece8e4b58
b0da2e8d94da46520292e9625427d2a9b7b64810,head,reactivity,1,2,848.6055,40.1165,0,106.729,27.965,701,ok,,1ece8e4b58
b0da2e8d94da46520292e9625427d2a9b7b64810,head,reactivity,2,5,849.8131,60.559,0,106.58,28.765,726,ok,,1ece8e4b58
b0da2e8d94da46520292e9625427d2a9b7b64810,head,reactivity,3,6,848.1433,102.6782,0,117.499,84.567,992,outlier,tbt;lcpObs,1ece8e4b58
b0da2e8d94da46520292e9625427d2a9b7b64810,head,reactivity,4,9,850.3134,56.8572,0,105.809,40.321,676,ok,,1ece8e4b58
e67ca4e04d802aa6953443b92dea1482f1b75719,base,reactivity,0,0,849.9121,149.5249,0,100.96,17.586,738,outlier,tbt,1ece8e4b58
e67ca4e04d802aa6953443b92dea1482f1b75719,base,reactivity,1,3,849.5882,36.0,0,95.052,48.919,754,ok,,1ece8e4b58
e67ca4e04d802aa6953443b92dea1482f1b75719,base,reactivity,2,4,848.0562,41.7336,0,121.861,92.348,661,ok,,1ece8e4b58
e67ca4e04d802aa6953443b92dea1482f1b75719,base,reactivity,3,7,848.4398,39.0,0,102.418,41.883,786,ok,,1ece8e4b58
e67ca4e04d802aa6953443b92dea1482f1b75719,base,reactivity,4,8,849.0339,59.3557,0,145.679,97.004,703,outlier,inp,1ece8e4b58
e67ca4e04d802aa6953443b92dea1482f1b75719,head,reactivity,0,1,849.4429,55.3564,0,112.354,75.137,671,ok,,1ece8e4b58
e67ca4e04d802aa6953443b92dea1482f1b75719,head,reactivity,1,2,851.4498,96.8166,0,103.718,60.784,700,ok,,1ece8e4b58
e67ca4e04d802aa6953443b92dea1482f1b75719,head,reactivity,2,5,847.795,73.5983,0,105.641,85.125,676,ok,,1ece8e4b58
e67ca4e04d802aa6953443b92dea1482f1b75719,head,reactivity,3,6,850.9669,83.6557,0,111.716,46.976,714,ok,,1ece8e4b58
e67ca4e04d802aa6953443b92dea1482f1b75719,head,reactivity,4,9,848.7429,69.8777,0,112.316,60.369,678,ok,,1ece8e4b58
40aa88af0094f7bab4aaf786e55c748a6a251d88,base,reactivity,0,0,848.2917,40.3821,0,101.64,40.539,663,ok,,1ece8e4b58
40aa88af0094f7bab4aaf786e55c748a6a251d88,base,reactivity,1,3,847.3227,73.9234,0,92.791,37.837,984,outlier,lcpObs,1ece8e4b58
40aa88af0094f7bab4aaf786e55c748a6a251d88,base,reactivity,2,4,847.6979,55.1071,0,95.676,30.494,653,ok,,1ece8e4b58
40aa88af0094f7bab4aaf786e55c748a6a251d88,base,reactivity,3,7,847.9848,49.7104,0,101.001,42.262,711,ok,,1ece8e4b58
40aa88af0094f7bab4aaf786e55c748a6a251d88,base,reactivity,4,8,848.0393,51.2423,0,99.274,24.775,672,ok,,1ece8e4b58
40aa88af0094f7bab4aaf786e55c748a6a251d88,head,reactivity,0,1,848.5949,64.2321,0,109.698,31.25,696,ok,,1ece8e4b58
40aa88af0094f7bab4aaf786e55c748a6a251d88,head,reactivity,1,2,848.2122,56.8686,0,119.722,77.232,685,outlier,tbtFlow,1ece8e4b58
40aa88af0094f7bab4aaf786e55c748a6a251d88,head,reactivity,2,5,848.6826,50.4848,0,99.364,37.898,685,ok,,1ece8e4b58
40aa88af0094f7bab4aaf786e55c748a6a251d88,head,reactivity,3,6,848.2869,44.8967,0,102.87,33.187,685,ok,,1ece8e4b58
40aa88af0094f7bab4aaf786e55c748a6a251d88,head,reactivity,4,9,888.0145,48.1642,0,98.758,41.98,735,ok,,1ece8e4b58
