sha,base_sha,date,status,k_nf,k_la,k_ld,k_nd,k_ns,k_entropy,k_binary,cat_code_files,cat_code_lines,cat_style_files,cat_style_lines,cat_html_files,cat_html_lines,cat_image_files,cat_font_files,cat_test_files,cat_test_lines,cat_doc_files,cat_doc_lines,cat_config_files,cat_config_lines,cat_json_files,cat_json_lines,cat_pkg_files,cat_pkg_lines,cat_lock_files,cat_lock_lines,cat_other_files,cat_other_lines,cat_only_nonruntime,dep_rt_added,dep_rt_removed,dep_rt_updated,dep_rt_major,dep_dev_added,dep_dev_removed,dep_dev_updated,dep_dev_major,pat_import_static_add,pat_import_static_del,pat_import_dynamic_add,pat_import_dynamic_del,pat_lazy_add,pat_lazy_del,pat_effect_add,pat_effect_del,pat_memo_add,pat_memo_del,pat_state_add,pat_state_del,pat_listener_add,pat_listener_del,pat_timer_add,pat_timer_del,pat_raf_add,pat_raf_del,pat_loop_add,pat_loop_del,pat_array_iter_add,pat_array_iter_del,pat_layout_read_add,pat_layout_read_del,pat_dom_query_add,pat_dom_query_del,pat_dom_write_add,pat_dom_write_del,pat_canvas_add,pat_canvas_del,pat_worker_add,pat_worker_del,pat_async_add,pat_async_del,pat_json_add,pat_json_del,pat_font_add,pat_font_del,pat_image_add,pat_image_del,pat_img_dims_add,pat_img_dims_del,pat_loading_hint_add,pat_loading_hint_del,pat_css_layout_add,pat_css_layout_del,pat_css_anim_add,pat_css_anim_del,pat_css_selector_heavy_add,pat_css_selector_heavy_del,msg_type_feat,msg_type_fix,msg_type_perf,msg_type_refactor,msg_type_chore,msg_type_build,msg_type_deps,msg_type_style,msg_type_docs,msg_type_test,msg_type_ci,msg_type_impr,msg_type_revert,msg_type_other,msg_revert,msg_bot,msg_len,msg_perf_word,k_commits,k_exp,k_age_days,k_ndev,bnd_total_gzip,bnd_js_gzip,bnd_css_gzip,bnd_files,bnd_total_gzip_rel,bnd_js_gzip_rel,y_label,y_lcp_delta,y_lcp_rel,y_lcp_q,y_lcp_label,y_inp_delta,y_inp_rel,y_inp_q,y_inp_label,y_tbt_delta,y_tbt_rel,y_tbt_q,y_tbt_label,y_tbtFlow_delta,y_tbtFlow_rel,y_tbtFlow_q,y_tbtFlow_label,y_cls_delta,y_cls_rel,y_cls_q,y_cls_label,y_lcpObs_delta,y_lcpObs_rel,y_lcpObs_q,y_lcpObs_label
b396e07b9009016e8fa695c68f85a7af88954499,2d1d84a47b35f9e54d43ea172e02edb55dda8c41,2024-09-01T18:18:37+02:00,ok,2.0,2.0,2.0,2.0,1.0,1.0,0.0,1.0,2.0,1.0,2.0,0.0,0.0,0.0,0.0,0.0,0.0,0.0,0.0,0.0,0.0,0.0,0.0,0.0,0.0,0.0,0.0,0.0,0.0,0.0,0,0,0,0,0,0,0,0,0.0,0.0,0.0,0.0,0.0,0.0,0.0,0.0,0.0,0.0,0.0,0.0,0.0,0.0,0.0,0.0,0.0,0.0,0.0,0.0,0.0,0.0,0.0,0.0,0.0,0.0,0.0,0.0,0.0,0.0,0.0,0.0,0.0,0.0,0.0,0.0,0.0,0.0,0.0,0.0,0.0,0.0,0.0,0.0,1.0,1.0,0.0,0.0,0.0,0.0,0.0,1.0,0.0,0.0,0.0,0.0,0.0,0.0,0.0,0.0,0.0,0.0,0.0,0.0,0.0,0.0,78.0,0.0,1.0,57.0,37.97409722222222,4.0,nan,nan,nan,nan,nan,nan,none,-0.316,-0.0003,1,none,-9.182,-0.0718,0.99666,none,-7.5,-0.2344,1,none,12.928,0.1976,1,none,0,0,1,none,-2,-0.0035,1,none
e3d1dee9d017680ec2ee6f2d00a236bfa91c6108,60e75406e0d85daa38efbaae3c7b92edecac04c0,2024-09-02T00:37:49+02:00,identical_build,2.0,4.0,4.0,2.0,2.0,0.8112781244591328,0.0,0.0,0.0,0.0,0.0,0.0,0.0,0.0,0.0,0.0,0.0,1.0,2.0,0.0,0.0,0.0,0.0,0.0,0.0,1.0,6.0,0.0,0.0,0.0,0,0,0,0,0,0,0,0,0.0,0.0,0.0,0.0,0.0,0.0,0.0,0.0,0.0,0.0,0.0,0.0,0.0,0.0,0.0,0.0,0.0,0.0,0.0,0.0,0.0,0.0,0.0,0.0,0.0,0.0,0.0,0.0,0.0,0.0,0.0,0.0,0.0,0.0,0.0,0.0,0.0,0.0,0.0,0.0,0.0,0.0,0.0,0.0,0.0,0.0,0.0,0.0,0.0,0.0,0.0,0.0,0.0,0.0,0.0,0.0,1.0,0.0,0.0,0.0,0.0,0.0,0.0,0.0,0.0,1.0,56.0,0.0,2.0,602.0,0.0,0.0,0,0.0,0.0,0,0.0,0.0,none,,,,none,,,,none,,,,none,,,,none,,,,none,,,,none
f4dd23fc31e218298bacce3ab39c2556fd12e639,e3d1dee9d017680ec2ee6f2d00a236bfa91c6108,2024-09-02T22:23:38Z,ok,98.0,4291.0,3661.0,20.0,6.0,0.8046918739946279,0.0,71.0,6736.0,0.0,0.0,0.0,0.0,0.0,0.0,22.0,1078.0,2.0,21.0,1.0,55.0,0.0,0.0,2.0,62.0,0.0,0.0,0.0,0.0,0.0,1,0,0,0,0,0,0,0,147.0,89.0,0.0,0.0,0.0,0.0,0.0,0.0,0.0,0.0,0.0,0.0,0.0,0.0,0.0,0.0,0.0,0.0,13.0,25.0,33.0,37.0,0.0,0.0,0.0,0.0,0.0,0.0,1.0,1.0,0.0,0.0,4.0,0.0,8.0,0.0,0.0,0.0,0.0,0.0,0.0,0.0,0.0,0.0,3.0,1.0,0.0,0.0,0.0,0.0,0.0,0.0,0.0,0.0,1.0,0.0,0.0,0.0,0.0,0.0,0.0,0.0,0.0,0.0,0.0,0.0,52.0,0.0,1.0,18.0,32.76207986111111,12.0,173,174.0,0.0,0,4.781130618553937e-05,6.304898362501943e-05,none,-22.762,-0.0214,1,none,-0.525,-0.0044,1,none,-1,-0.0286,1,none,-7.955,-0.1114,1,none,0,0,1,none,25,0.0497,1,none
51ea184938d57637faa345de85028aa8a0930ed2,f4dd23fc31e218298bacce3ab39c2556fd12e639,2024-09-05T18:35:36+05:30,ok,7.0,944.0,420.0,4.0,6.0,0.212683788181994,0.0,2.0,18.0,0.0,0.0,0.0,0.0,0.0,0.0,2.0,22.0,0.0,0.0,0.0,0.0,0.0,0.0,1.0,17.0,2.0,1307.0,0.0,0.0,0.0,0,0,0,0,0,0,7,5,0.0,0.0,0.0,0.0,0.0,0.0,0.0,0.0,0.0,0.0,0.0,0.0,0.0,0.0,0.0,0.0,0.0,0.0,0.0,0.0,0.0,0.0,0.0,0.0,0.0,0.0,0.0,0.0,0.0,0.0,0.0,0.0,0.0,0.0,0.0,0.0,0.0,0.0,0.0,0.0,0.0,0.0,0.0,0.0,0.0,0.0,0.0,0.0,0.0,0.0,0.0,0.0,0.0,0.0,0.0,1.0,0.0,0.0,0.0,0.0,0.0,0.0,0.0,0.0,0.0,1.0,77.0,0.0,2.0,491.0,19.862222222222222,8.0,-1773,-1773.0,0.0,0,-0.0004899733706520045,-0.0006424068990080556,none,29.719,0.0287,1,none,-6.564,-0.0481,0.99666,none,-2,-0.08,1,none,-27.545,-0.2453,0.95617,none,0,0,1,none,-32,-0.063,1,none
5a11c70714f7b743af8fd9c08258191afc752b8d,6ff56c36e3a19194d9990beaeab6bcac76fbbbc2,2024-09-08T23:56:00+02:00,ok,1.0,13.0,9.0,1.0,1.0,0.0,0.0,1.0,22.0,0.0,0.0,0.0,0.0,0.0,0.0,0.0,0.0,0.0,0.0,0.0,0.0,0.0,0.0,0.0,0.0,0.0,0.0,0.0,0.0,0.0,0,0,0,0,0,0,0,0,0.0,0.0,0.0,0.0,0.0,0.0,0.0,0.0,0.0,0.0,0.0,0.0,0.0,0.0,0.0,0.0,0.0,0.0,0.0,0.0,1.0,1.0,0.0,0.0,0.0,0.0,0.0,0.0,0.0,0.0,0.0,0.0,0.0,0.0,0.0,0.0,0.0,0.0,0.0,0.0,0.0,0.0,0.0,0.0,0.0,0.0,0.0,0.0,0.0,0.0,0.0,1.0,0.0,0.0,0.0,0.0,0.0,0.0,0.0,0.0,0.0,0.0,0.0,0.0,0.0,0.0,63.0,0.0,1.0,0.0,5.980810185185185,6.0,28,27.0,0.0,0,7.741669341689912e-06,9.78913478550918e-06,none,16.333,0.0153,1,none,0.573,0.0046,0.99666,none,-4,-0.1143,1,none,-6.279,-0.0733,1,none,0,0,1,none,12,0.0244,1,none
6959a363f0ba8d0e8b05442f4c8f3cc4a2e00ca6,5a11c70714f7b743af8fd9c08258191afc752b8d,2024-09-09T17:12:07+02:00,ok,35.0,1424.0,47.0,17.0,4.0,0.6346596229464772,0.0,22.0,976.0,3.0,144.0,0.0,0.0,0.0,0.0,7.0,341.0,0.0,0.0,0.0,0.0,1.0,8.0,0.0,0.0,0.0,0.0,2.0,2.0,0.0,0,0,0,0,0,0,0,0,39.0,4.0,0.0,0.0,0.0,0.0,5.0,0.0,1.0,0.0,0.0,0.0,9.0,1.0,0.0,0.0,0.0,0.0,6.0,0.0,9.0,0.0,2.0,0.0,1.0,0.0,0.0,0.0,0.0,0.0,0.0,0.0,0.0,0.0,0.0,0.0,0.0,0.0,0.0,0.0,1.0,0.0,0.0,0.0,44.0,1.0,1.0,0.0,0.0,0.0,1.0,0.0,0.0,0.0,0.0,0.0,0.0,0.0,0.0,0.0,0.0,0.0,0.0,0.0,0.0,0.0,27.0,0.0,1.0,31.0,59.16218074845679,19.0,3322,2995.0,329.0,0,0.0009184866591333434,0.0010858582104839158,none,-34.009,-0.0315,1,none,-6.625,-0.0519,1,none,-3,-0.0937,1,none,18.175,0.2484,1,none,0,0,1,none,-12,-0.0238,1,none
d1072155640edbda6b047234018bd1446f1b202e,6959a363f0ba8d0e8b05442f4c8f3cc4a2e00ca6,2024-09-09T19:57:22+02:00,ok,4.0,17.0,20.0,3.0,1.0,0.8659289198001897,0.0,2.0,18.0,0.0,0.0,0.0,0.0,0.0,0.0,2.0,19.0,0.0,0.0,0.0,0.0,0.0,0.0,0.0,0.0,0.0,0.0,0.0,0.0,0.0,0,0,0,0,0,0,0,0,1.0,1.0,0.0,0.0,0.0,0.0,0.0,1.0,0.0,0.0,0.0,0.0,0.0,0.0,0.0,0.0,0.0,0.0,0.0,0.0,0.0,0.0,0.0,0.0,0.0,0.0,0.0,0.0,0.0,0.0,0.0,0.0,0.0,0.0,0.0,0.0,0.0,0.0,0.0,0.0,0.0,0.0,0.0,0.0,0.0,0.0,0.0,0.0,0.0,0.0,0.0,1.0,0.0,0.0,0.0,0.0,0.0,0.0,0.0,0.0,0.0,0.0,0.0,0.0,0.0,0.0,53.0,0.0,1.0,117.0,0.11475694444444444,3.0,3,1.0,0.0,0,8.286970037907363e-07,3.6216374002148353e-07,none,1.408,0.0013,1,none,-2.469,-0.0187,0.99666,none,6,0.1538,1,none,-9.066,-0.0867,1,none,0,0,1,none,26,0.052,1,none
72b7c937b1b9cd4d1155563f15ccbbac5c71f8dc,d1072155640edbda6b047234018bd1446f1b202e,2024-09-10T21:26:01+02:00,ok,2.0,127.0,82.0,2.0,2.0,0.2561602662056399,0.0,2.0,209.0,0.0,0.0,0.0,0.0,0.0,0.0,0.0,0.0,0.0,0.0,0.0,0.0,0.0,0.0,0.0,0.0,0.0,0.0,0.0,0.0,0.0,0,0,0,0,0,0,0,0,1.0,0.0,0.0,0.0,0.0,0.0,1.0,0.0,0.0,0.0,1.0,0.0,0.0,0.0,0.0,0.0,0.0,0.0,0.0,0.0,2.0,1.0,0.0,0.0,0.0,0.0,0.0,0.0,0.0,0.0,0.0,0.0,0.0,0.0,1.0,1.0,0.0,0.0,0.0,0.0,0.0,0.0,0.0,0.0,0.0,0.0,0.0,0.0,0.0,0.0,1.0,0.0,0.0,0.0,0.0,0.0,0.0,0.0,0.0,0.0,0.0,0.0,0.0,0.0,0.0,0.0,83.0,0.0,1.0,118.0,63.250983796296296,4.0,169,170.0,0.0,0,4.668322586062875e-05,6.15678135060226e-05,none,-4.001,-0.0039,1,none,-2.554,-0.0244,0.99666,none,10,0.4,1,none,-5.364,-0.1534,1,none,0,0,1,none,7,0.0147,1,none
b46ca0192b4df0c12bd672205529ba6c6b16954b,72b7c937b1b9cd4d1155563f15ccbbac5c71f8dc,2024-09-11T07:57:41+02:00,ok,1.0,4.0,3.0,1.0,1.0,0.0,0.0,1.0,7.0,0.0,0.0,0.0,0.0,0.0,0.0,0.0,0.0,0.0,0.0,0.0,0.0,0.0,0.0,0.0,0.0,0.0,0.0,0.0,0.0,0.0,0,0,0,0,0,0,0,0,0.0,0.0,0.0,0.0,0.0,0.0,0.0,0.0,0.0,0.0,0.0,0.0,0.0,0.0,0.0,0.0,0.0,0.0,0.0,0.0,0.0,0.0,0.0,0.0,0.0,0.0,0.0,0.0,0.0,0.0,0.0,0.0,0.0,0.0,0.0,0.0,0.0,0.0,0.0,0.0,0.0,0.0,0.0,0.0,0.0,0.0,0.0,0.0,0.0,0.0,0.0,1.0,0.0,0.0,0.0,0.0,0.0,0.0,0.0,0.0,0.0,0.0,0.0,0.0,0.0,0.0,98.0,0.0,1.0,58.0,1.614976851851852,6.0,96,94.0,0.0,0,2.651704424451698e-05,3.404128338535493e-05,none,-21.184,-0.0195,1,none,-4.364,-0.0414,1,none,-9.5,-0.2754,1,none,-7.233,-0.1944,1,none,0,0,1,none,-17,-0.0335,1,none
fd39712ba6c566e325fccc751131235242d228c5,b46ca0192b4df0c12bd672205529ba6c6b16954b,2024-09-11T18:01:18+02:00,ok,8.0,164.0,98.0,6.0,2.0,0.7628655808815914,0.0,8.0,262.0,0.0,0.0,0.0,0.0,0.0,0.0,0.0,0.0,0.0,0.0,0.0,0.0,0.0,0.0,0.0,0.0,0.0,0.0,0.0,0.0,0.0,0,0,0,0,0,0,0,0,5.0,4.0,0.0,0.0,0.0,0.0,0.0,0.0,0.0,0.0,0.0,0.0,0.0,0.0,0.0,0.0,0.0,0.0,0.0,0.0,0.0,0.0,2.0,3.0,2.0,3.0,0.0,0.0,0.0,0.0,0.0,0.0,0.0,0.0,0.0,0.0,0.0,0.0,0.0,0.0,0.0,0.0,0.0,0.0,16.0,20.0,0.0,0.0,0.0,0.0,0.0,1.0,0.0,0.0,0.0,0.0,0.0,0.0,0.0,0.0,0.0,0.0,0.0,0.0,0.0,0.0,58.0,0.0,1.0,119.0,23.212649016203702,12.0,91,94.0,0.0,0,2.5135281676738733e-05,3.404012461582641e-05,none,15.583,0.0137,1,none,-0.361,-0.0028,0.99666,none,0.5,0.0054,1,none,-13.958,-0.144,0.95617,none,0,0,1,none,1,0.0019,1,none
813f9b702e2b17cfb3c1e1577b921a599f6ad81c,fd39712ba6c566e325fccc751131235242d228c5,2024-09-11T19:26:01+02:00,ok,9.0,65.0,85.0,6.0,2.0,0.8415159530237629,0.0,7.0,137.0,0.0,0.0,0.0,0.0,0.0,0.0,1.0,11.0,0.0,0.0,0.0,0.0,1.0,2.0,0.0,0.0,0.0,0.0,0.0,0.0,0.0,0,0,0,0,0,0,0,0,8.0,12.0,0.0,0.0,0.0,0.0,0.0,0.0,0.0,0.0,0.0,0.0,1.0,1.0,0.0,0.0,0.0,0.0,0.0,0.0,0.0,0.0,0.0,0.0,0.0,0.0,0.0,0.0,0.0,0.0,0.0,0.0,0.0,0.0,0.0,0.0,0.0,0.0,0.0,0.0,0.0,0.0,0.0,0.0,0.0,2.0,0.0,0.0,0.0,0.0,1.0,0.0,0.0,0.0,0.0,0.0,0.0,0.0,0.0,0.0,0.0,0.0,0.0,0.0,0.0,0.0,58.0,0.0,1.0,120.0,1.9459461805555556,10.0,336,312.0,22.0,0,9.28048612070156e-05,0.00011298039753891034,none,-1.048,-0.001,1,none,0.499,0.004,0.99666,none,7.5,0.283,1,none,4.266,0.0617,1,none,0,0,1,none,-1,-0.002,1,none
01e83cc9a5eff6af3f7c1ecdca12060a2ca68df2,813f9b702e2b17cfb3c1e1577b921a599f6ad81c,2024-09-11T20:19:14+02:00,ok,1.0,7.0,9.0,1.0,1.0,0.0,0.0,1.0,16.0,0.0,0.0,0.0,0.0,0.0,0.0,0.0,0.0,0.0,0.0,0.0,0.0,0.0,0.0,0.0,0.0,0.0,0.0,0.0,0.0,0.0,0,0,0,0,0,0,0,0,0.0,0.0,0.0,0.0,0.0,0.0,0.0,0.0,0.0,0.0,0.0,0.0,0.0,0.0,0.0,0.0,0.0,0.0,0.0,0.0,0.0,0.0,0.0,0.0,0.0,0.0,0.0,0.0,0.0,0.0,0.0,0.0,0.0,0.0,0.0,0.0,0.0,0.0,0.0,0.0,0.0,0.0,0.0,0.0,0.0,0.0,0.0,0.0,0.0,0.0,0.0,1.0,0.0,0.0,0.0,0.0,0.0,0.0,0.0,0.0,0.0,0.0,0.0,0.0,0.0,0.0,48.0,0.0,1.0,121.0,0.03695601851851852,3.0,-47,-47.0,0.0,0,-1.2980427724426072e-05,-1.7017560311863086e-05,none,-0.405,-0.0004,1,none,4.785,0.052,0.99666,none,4,0.1379,1,none,-0.392,-0.0181,1,none,0,0,1,none,18,0.0357,1,none
80f3b75d42c87a8d3e33fef977753af3d658a419,01e83cc9a5eff6af3f7c1ecdca12060a2ca68df2,2024-09-12T12:56:45+02:00,ok,4.0,31.0,275.0,2.0,4.0,0.0851553475738353,0.0,1.0,2.0,0.0,0.0,0.0,0.0,0.0,0.0,0.0,0.0,1.0,2.0,0.0,0.0,0.0,0.0,1.0,2.0,1.0,300.0,0.0,0.0,0.0,0,0,0,0,0,0,1,0,0.0,0.0,0.0,0.0,0.0,0.0,0.0,0.0,0.0,0.0,0.0,0.0,0.0,0.0,0.0,0.0,0.0,0.0,0.0,0.0,0.0,0.0,0.0,0.0,0.0,0.0,0.0,0.0,0.0,0.0,0.0,0.0,0.0,0.0,0.0,0.0,0.0,0.0,0.0,0.0,0.0,0.0,0.0,0.0,0.0,0.0,0.0,0.0,0.0,0.0,0.0,0.0,0.0,0.0,1.0,0.0,0.0,0.0,0.0,0.0,0.0,0.0,0.0,0.0,0.0,0.0,42.0,0.0,2.0,122.0,6.910520833333333,7.0,2046,2045.0,0.0,0,0.0005650702098354806,0.000740457512222075,none,-19.08,-0.0177,1,none,-3.938,-0.0386,0.99666,none,-4,-0.1379,1,none,-0.103,-0.0037,1,none,0,0,1,none,8,0.016,1,none
60e3801691decef03399f9d3012b9032fb39cf20,80f3b75d42c87a8d3e33fef977753af3d658a419,2024-09-12T13:42:39+02:00,ok,1.0,1.0,1.0,1.0,1.0,0.0,0.0,1.0,2.0,0.0,0.0,0.0,0.0,0.0,0.0,0.0,0.0,0.0,0.0,0.0,0.0,0.0,0.0,0.0,0.0,0.0,0.0,0.0,0.0,0.0,0,0,0,0,0,0,0,0,0.0,0.0,0.0,0.0,0.0,0.0,0.0,0.0,0.0,0.0,0.0,0.0,0.0,0.0,0.0,0.0,0.0,0.0,0.0,0.0,0.0,0.0,0.0,0.0,0.0,0.0,0.0,0.0,0.0,0.0,0.0,0.0,0.0,0.0,0.0,0.0,0.0,0.0,0.0,0.0,0.0,0.0,0.0,0.0,0.0,0.0,0.0,0.0,0.0,0.0,0.0,1.0,0.0,0.0,0.0,0.0,0.0,0.0,0.0,0.0,0.0,0.0,0.0,0.0,0.0,0.0,69.0,0.0,1.0,59.0,14.541585648148148,5.0,-17,-16.0,0.0,0,-4.6924577023242845e-06,-5.789024082701998e-06,none,0.275,0.0003,1,none,-6.884,-0.0651,0.99666,none,2,0.0909,1,none,0.054,0.0021,1,none,0,0,1,none,-4,-0.0081,1,none
caf2db934c9f64bdc7055b3f528953f3ba55ee2f,60e3801691decef03399f9d3012b9032fb39cf20,2024-09-12T14:11:08+02:00,ok,2.0,2.0,1.0,2.0,1.0,0.9182958340544896,0.0,1.0,1.0,0.0,0.0,0.0,0.0,0.0,0.0,1.0,2.0,0.0,0.0,0.0,0.0,0.0,0.0,0.0,0.0,0.0,0.0,0.0,0.0,0.0,0,0,0,0,0,0,0,0,0.0,0.0,0.0,0.0,0.0,0.0,0.0,0.0,0.0,0.0,0.0,0.0,0.0,0.0,0.0,0.0,0.0,0.0,0.0,0.0,0.0,0.0,0.0,0.0,0.0,0.0,0.0,0.0,0.0,0.0,0.0,0.0,0.0,0.0,0.0,0.0,0.0,0.0,0.0,0.0,0.0,0.0,0.0,0.0,0.0,0.0,0.0,0.0,0.0,0.0,0.0,1.0,0.0,0.0,0.0,0.0,0.0,0.0,0.0,0.0,0.0,0.0,0.0,0.0,0.0,0.0,78.0,0.0,1.0,60.0,9.574652777777779,4.0,12,11.0,0.0,0,3.3123386270025158e-06,3.979977097040887e-06,none,6.298,0.0059,1,none,1.301,0.0121,0.99666,none,11,0.5,1,none,2.791,0.1963,1,none,0,0,1,none,17,0.0348,1,none
d4900e8f19307e2e8643a394cf50716435cff75c,caf2db934c9f64bdc7055b3f528953f3ba55ee2f,2024-09-12T14:59:38+02:00,ok,1.0,1.0,0.0,1.0,1.0,0.0,0.0,1.0,1.0,0.0,0.0,0.0,0.0,0.0,0.0,0.0,0.0,0.0,0.0,0.0,0.0,0.0,0.0,0.0,0.0,0.0,0.0,0.0,0.0,0.0,0,0,0,0,0,0,0,0,0.0,0.0,0.0,0.0,0.0,0.0,0.0,0.0,0.0,0.0,0.0,0.0,0.0,0.0,0.0,0.0,0.0,0.0,0.0,0.0,0.0,0.0,0.0,0.0,0.0,0.0,0.0,0.0,0.0,0.0,0.0,0.0,0.0,0.0,0.0,0.0,0.0,0.0,0.0,0.0,0.0,0.0,0.0,0.0,0.0,0.0,0.0,0.0,0.0,0.0,0.0,1.0,0.0,0.0,0.0,0.0,0.0,0.0,0.0,0.0,0.0,0.0,0.0,0.0,0.0,0.0,52.0,0.0,1.0,61.0,9.608333333333333,4.0,-32,-29.0,0.0,0,-8.83287374787114e-06,-1.049262513179099e-05,none,31.918,0.0309,1,none,7.725,0.0705,0.99666,none,3,0.1429,1,none,-1.384,-0.0876,1,none,0,0,1,none,0,0,1,none
c1b310c56b72f06212ba9f7e74bdfe3214a6a4dd,d4900e8f19307e2e8643a394cf50716435cff75c,2024-09-12T15:48:47+02:00,ok,2.0,15.0,5.0,2.0,1.0,0.9927744539878083,0.0,2.0,20.0,0.0,0.0,0.0,0.0,0.0,0.0,0.0,0.0,0.0,0.0,0.0,0.0,0.0,0.0,0.0,0.0,0.0,0.0,0.0,0.0,0.0,0,0,0,0,0,0,0,0,1.0,1.0,0.0,0.0,0.0,0.0,0.0,0.0,0.0,0.0,0.0,0.0,0.0,0.0,0.0,0.0,0.0,0.0,0.0,0.0,0.0,0.0,0.0,0.0,0.0,0.0,0.0,0.0,0.0,0.0,0.0,0.0,0.0,0.0,0.0,0.0,0.0,0.0,0.0,0.0,0.0,0.0,0.0,0.0,0.0,0.0,0.0,0.0,0.0,0.0,0.0,1.0,0.0,0.0,0.0,0.0,0.0,0.0,0.0,0.0,0.0,0.0,0.0,0.0,0.0,0.0,30.0,0.0,1.0,62.0,144.02382523148148,2.0,100,99.0,0.0,0,2.7602974275684154e-05,3.582002715809332e-05,none,11.89,0.0113,1,none,11.96,0.1096,0.99666,none,-1,-0.0417,1,none,-3.82,-0.1983,1,none,0,0,1,none,18,0.0368,1,none
c07f5a0c80fd3fdd86724d734082beb3b52f7818,c1b310c56b72f06212ba9f7e74bdfe3214a6a4dd,2024-09-17T10:11:07+02:00,ok,9.0,60.0,38.0,7.0,4.0,0.789998932314726,0.0,7.0,73.0,1.0,0.0,0.0,0.0,0.0,0.0,1.0,25.0,0.0,0.0,0.0,0.0,0.0,0.0,0.0,0.0,0.0,0.0,0.0,0.0,0.0,0,0,0,0,0,0,0,0,15.0,2.0,0.0,0.0,0.0,0.0,1.0,0.0,1.0,0.0,7.0,0.0,33.0,0.0,2.0,0.0,0.0,0.0,0.0,0.0,3.0,0.0,8.0,0.0,2.0,0.0,3.0,0.0,6.0,0.0,0.0,0.0,10.0,0.0,0.0,0.0,0.0,0.0,8.0,0.0,0.0,0.0,0.0,0.0,45.0,0.0,2.0,0.0,2.0,0.0,1.0,0.0,0.0,0.0,0.0,0.0,0.0,0.0,0.0,0.0,0.0,0.0,0.0,0.0,0.0,0.0,39.0,0.0,2.0,19.0,9.837317708333334,6.0,96,95.0,0.0,0,2.649812387762504e-05,3.4371522144667205e-05,none,5.631,0.0053,1,none,3.436,0.032,0.99666,none,-12,-0.3529,1,none,-4.39,-0.2647,1,none,0,0,1,none,16,0.0339,1,none
e0a22edfbd88d499047f00ef81f920465263333a,c07f5a0c80fd3fdd86724d734082beb3b52f7818,2024-09-17T12:20:40+02:00,ok,2.0,55.0,13.0,2.0,1.0,0.8739810481273578,0.0,2.0,68.0,0.0,0.0,0.0,0.0,0.0,0.0,0.0,0.0,0.0,0.0,0.0,0.0,0.0,0.0,0.0,0.0,0.0,0.0,0.0,0.0,0.0,0,0,0,0,0,0,0,0,2.0,1.0,0.0,0.0,0.0,0.0,0.0,0.0,0.0,0.0,0.0,0.0,0.0,0.0,0.0,0.0,0.0,0.0,0.0,0.0,1.0,0.0,0.0,0.0,0.0,0.0,0.0,0.0,0.0,0.0,0.0,0.0,0.0,0.0,0.0,0.0,0.0,0.0,0.0,0.0,0.0,0.0,0.0,0.0,0.0,0.0,0.0,0.0,0.0,0.0,0.0,1.0,0.0,0.0,0.0,0.0,0.0,0.0,0.0,0.0,0.0,0.0,0.0,0.0,0.0,0.0,46.0,0.0,1.0,20.0,2.926707175925926,6.0,33,34.0,0.0,0,9.108488725071033e-06,1.230096406996933e-05,none,-37.134,-0.033,1,none,4.176,0.0339,0.99666,none,8.5,0.2429,1,none,5.87,0.2789,1,none,0,0,1,none,1,0.002,1,none
44a1c8d8573c26ba5cb3d63a8e97ca9699971d2d,e0a22edfbd88d499047f00ef81f920465263333a,2024-09-18T00:20:22+02:00,ok,1.0,10.0,0.0,1.0,1.0,0.0,0.0,1.0,10.0,0.0,0.0,0.0,0.0,0.0,0.0,0.0,0.0,0.0,0.0,0.0,0.0,0.0,0.0,0.0,0.0,0.0,0.0,0.0,0.0,0.0,0,0,0,0,0,0,0,0,0.0,0.0,0.0,0.0,0.0,0.0,0.0,0.0,0.0,0.0,0.0,0.0,0.0,0.0,0.0,0.0,0.0,0.0,0.0,0.0,0.0,0.0,0.0,0.0,0.0,0.0,0.0,0.0,0.0,0.0,0.0,0.0,0.0,0.0,0.0,0.0,0.0,0.0,0.0,0.0,0.0,0.0,0.0,0.0,0.0,0.0,0.0,0.0,0.0,0.0,0.0,1.0,0.0,0.0,0.0,0.0,0.0,0.0,0.0,0.0,0.0,0.0,0.0,0.0,0.0,0.0,45.0,0.0,1.0,124.0,18.07935185185185,6.0,42,40.0,0.0,0,1.1592516423421631e-05,1.4471544421310072e-05,none,-19.822,-0.0183,1,none,-0.049,-0.0004,1,none,-2,-0.0513,1,none,1.602,0.0214,1,none,0,0,1,none,-8,-0.0161,1,none
f3f0ab7c8362750593ccc65a973d06b62925be35,44a1c8d8573c26ba5cb3d63a8e97ca9699971d2d,2024-09-19T08:47:23+02:00,ok,17.0,290.0,85.0,8.0,1.0,0.8241915645114011,0.0,12.0,208.0,0.0,0.0,0.0,0.0,0.0,0.0,5.0,167.0,0.0,0.0,0.0,0.0,0.0,0.0,0.0,0.0,0.0,0.0,0.0,0.0,0.0,0,0,0,0,0,0,0,0,3.0,1.0,0.0,0.0,0.0,0.0,0.0,0.0,0.0,0.0,0.0,0.0,0.0,0.0,0.0,0.0,0.0,0.0,0.0,0.0,8.0,1.0,0.0,0.0,0.0,0.0,0.0,0.0,0.0,0.0,0.0,0.0,0.0,0.0,0.0,0.0,0.0,0.0,0.0,0.0,0.0,0.0,0.0,0.0,0.0,0.0,0.0,0.0,0.0,0.0,0.0,1.0,0.0,0.0,0.0,0.0,0.0,0.0,0.0,0.0,0.0,0.0,0.0,0.0,0.0,0.0,98.0,0.0,1.0,21.0,15.494192708333335,9.0,266,267.0,0.0,0,7.341841957743559e-05,9.659616111660821e-05,none,-24.601,-0.023,1,none,15.957,0.1284,0.99666,none,11,0.5,1,none,-2.75,-0.0536,1,none,0,0,1,none,-1,-0.002,1,none
8ca4cf32605343c1631ed7ef57f0c9d87f4c23b1,f3f0ab7c8362750593ccc65a973d06b62925be35,2024-09-19T15:46:36+02:00,ok,3.0,223.0,69.0,2.0,1.0,0.41133621107967794,0.0,1.0,24.0,0.0,0.0,0.0,0.0,0.0,0.0,2.0,268.0,0.0,0.0,0.0,0.0,0.0,0.0,0.0,0.0,0.0,0.0,0.0,0.0,0.0,0,0,0,0,0,0,0,0,2.0,2.0,0.0,0.0,0.0,0.0,0.0,0.0,0.0,0.0,0.0,0.0,0.0,0.0,0.0,0.0,0.0,0.0,0.0,0.0,2.0,0.0,0.0,0.0,0.0,0.0,0.0,0.0,0.0,0.0,0.0,0.0,0.0,0.0,0.0,0.0,0.0,0.0,0.0,0.0,0.0,0.0,0.0,0.0,0.0,0.0,0.0,0.0,0.0,0.0,1.0,0.0,0.0,0.0,0.0,0.0,0.0,0.0,0.0,0.0,0.0,0.0,0.0,0.0,0.0,0.0,55.0,0.0,1.0,125.0,0.2911226851851852,5.0,50,49.0,0.0,0,1.3799441674589846e-05,1.772567314148126e-05,none,-12.462,-0.0116,1,none,-3.394,-0.0269,0.99666,none,-2.5,-0.0943,1,none,-3.055,-0.0617,1,none,0,0,1,none,1,0.002,1,none
a80cb5896aa79e02d5f0cf21e375cae6d6059f0c,8ca4cf32605343c1631ed7ef57f0c9d87f4c23b1,2024-09-24T17:30:21+02:00,ok,18.0,50.0,203.0,8.0,9.0,0.78997288149766,7.0,7.0,153.0,0.0,0.0,1.0,9.0,0.0,7.0,1.0,20.0,0.0,0.0,0.0,0.0,0.0,0.0,1.0,1.0,1.0,70.0,0.0,0.0,0.0,0,0,0,0,0,1,0,0,7.0,8.0,0.0,1.0,0.0,0.0,0.0,0.0,0.0,0.0,0.0,0.0,0.0,0.0,0.0,1.0,0.0,0.0,0.0,0.0,0.0,0.0,0.0,0.0,0.0,0.0,0.0,0.0,0.0,0.0,0.0,0.0,0.0,5.0,0.0,0.0,12.0,13.0,0.0,0.0,0.0,0.0,1.0,1.0,0.0,0.0,0.0,0.0,0.0,0.0,1.0,0.0,0.0,0.0,0.0,0.0,0.0,0.0,0.0,0.0,0.0,0.0,0.0,0.0,0.0,0.0,48.0,0.0,2.0,18.0,43.23252314814815,5.0,69664,6.0,0.0,7,0.019226220785260192,2.1704521160280293e-06,none,-53.056,-0.0493,0.30541,none,3.746,0.0304,1,none,1.5,0.0625,1,none,1.052,0.014,1,none,0,0,1,none,-2,-0.0041,1,none
3fe1883f3f6bc45592f2aa6c721af6694e61935f,a80cb5896aa79e02d5f0cf21e375cae6d6059f0c,2024-09-24T21:09:15+05:30,ok,4.0,98.0,74.0,3.0,1.0,0.7553237638881118,0.0,1.0,27.0,0.0,0.0,0.0,0.0,0.0,0.0,1.0,89.0,1.0,2.0,0.0,0.0,0.0,0.0,0.0,0.0,0.0,0.0,1.0,54.0,0.0,0,0,0,0,0,0,0,0,0.0,0.0,0.0,0.0,0.0,0.0,0.0,0.0,0.0,0.0,0.0,0.0,0.0,0.0,0.0,0.0,0.0,0.0,0.0,0.0,0.0,0.0,0.0,0.0,0.0,0.0,0.0,0.0,0.0,0.0,0.0,0.0,0.0,0.0,0.0,0.0,0.0,0.0,0.0,0.0,0.0,0.0,0.0,0.0,2.0,0.0,0.0,0.0,0.0,0.0,1.0,0.0,0.0,0.0,0.0,0.0,0.0,0.0,0.0,0.0,0.0,0.0,0.0,0.0,0.0,0.0,85.0,0.0,1.0,493.0,37.83882523148148,5.0,58,57.0,0.0,0,1.5705180191218693e-05,2.0619250349170726e-05,none,-8.938,-0.0084,1,none,-18.04,-0.1276,0.99666,none,3,0.15,1,none,2.606,0.0479,1,none,0,0,1,none,-1,-0.002,1,none
a977dd1bf53091830062071889ebf3542d85a772,3fe1883f3f6bc45592f2aa6c721af6694e61935f,2024-09-28T11:49:18+05:30,ok,1.0,31.0,0.0,1.0,1.0,0.0,0.0,1.0,31.0,0.0,0.0,0.0,0.0,0.0,0.0,0.0,0.0,0.0,0.0,0.0,0.0,0.0,0.0,0.0,0.0,0.0,0.0,0.0,0.0,0.0,0,0,0,0,0,0,0,0,0.0,0.0,0.0,0.0,0.0,0.0,0.0,0.0,0.0,0.0,0.0,0.0,0.0,0.0,0.0,0.0,0.0,0.0,0.0,0.0,0.0,0.0,0.0,0.0,0.0,0.0,0.0,0.0,0.0,0.0,0.0,0.0,0.0,0.0,0.0,0.0,0.0,0.0,0.0,0.0,0.0,0.0,0.0,0.0,0.0,0.0,0.0,0.0,0.0,0.0,1.0,0.0,0.0,0.0,0.0,0.0,0.0,0.0,0.0,0.0,0.0,0.0,0.0,0.0,0.0,0.0,46.0,0.0,1.0,0.0,142.89407407407407,4.0,87,90.0,0.0,0,2.3557400313611278e-05,3.2556039796503046e-05,none,9.064,0.0086,1,none,1.972,0.0157,0.99666,none,6,0.2857,1,none,5.441,0.0966,1,none,0,0,1,none,18,0.0367,1,none
21815fb930f282fdd5ef86c0877b0bd82f3dead1,47ee8a00945793340bb20715b2f383a4c3da2139,2024-10-17T13:11:48+02:00,ok,1.0,6.0,3.0,1.0,1.0,0.0,0.0,1.0,9.0,0.0,0.0,0.0,0.0,0.0,0.0,0.0,0.0,0.0,0.0,0.0,0.0,0.0,0.0,0.0,0.0,0.0,0.0,0.0,0.0,0.0,0,0,0,0,0,0,0,0,0.0,0.0,0.0,0.0,0.0,0.0,0.0,0.0,0.0,0.0,0.0,0.0,0.0,0.0,0.0,0.0,0.0,0.0,0.0,0.0,0.0,0.0,0.0,0.0,0.0,0.0,0.0,0.0,0.0,0.0,0.0,0.0,0.0,0.0,0.0,0.0,0.0,0.0,0.0,0.0,0.0,0.0,0.0,0.0,0.0,0.0,0.0,0.0,0.0,0.0,0.0,1.0,0.0,0.0,0.0,0.0,0.0,0.0,0.0,0.0,0.0,0.0,0.0,0.0,0.0,0.0,46.0,0.0,1.0,0.0,15.655914351851852,6.0,98,97.0,0.0,0,2.6535297089727754e-05,3.508703393024698e-05,none,34.801,0.034,1,none,0.998,0.008,0.99666,none,-7,-0.2121,1,none,-0.528,-0.0096,1,none,0,0,1,none,0,0,1,none
b479f3bd6553be5730e3b60beb8eee5bd9905b37,21815fb930f282fdd5ef86c0877b0bd82f3dead1,2024-10-17T20:14:17+02:00,ok,288.0,3558.0,917.0,32.0,10.0,0.6791094425082879,228.0,46.0,3745.0,1.0,8.0,1.0,2.0,0.0,228.0,5.0,673.0,3.0,6.0,0.0,0.0,1.0,1.0,1.0,1.0,1.0,5.0,1.0,34.0,0.0,1,0,0,0,0,0,0,0,270.0,24.0,5.0,5.0,0.0,0.0,0.0,0.0,0.0,0.0,0.0,0.0,1.0,0.0,4.0,0.0,0.0,0.0,62.0,9.0,19.0,12.0,0.0,1.0,0.0,0.0,0.0,0.0,0.0,0.0,25.0,16.0,29.0,16.0,1.0,1.0,238.0,16.0,0.0,0.0,0.0,0.0,0.0,0.0,5.0,1.0,0.0,0.0,0.0,0.0,1.0,0.0,0.0,0.0,0.0,0.0,0.0,0.0,0.0,0.0,0.0,0.0,0.0,0.0,0.0,0.0,45.0,0.0,1.0,19.0,55.87229410331385,12.0,12715942,48510.0,-59.0,207,3.4429831164175484,0.017546518529825285,regression,-183.262,-0.173,0,improvement,-0.061,-0.0005,0.99666,none,44,2.0952,0.00186,regression,1.444,0.0254,1,none,0,0,1,none,-85,-0.1738,0.00045,improvement
15ca182333c47866f61f5d1167cc1453d4d6d3ac,b479f3bd6553be5730e3b60beb8eee5bd9905b37,2024-10-17T20:47:05+02:00,ok,4.0,0.0,13.0,3.0,1.0,0.8690746665964332,0.0,3.0,7.0,0.0,0.0,0.0,0.0,0.0,0.0,1.0,6.0,0.0,0.0,0.0,0.0,0.0,0.0,0.0,0.0,0.0,0.0,0.0,0.0,0.0,0,0,0,0,0,0,0,0,0.0,0.0,0.0,0.0,0.0,0.0,0.0,0.0,0.0,0.0,0.0,0.0,0.0,0.0,0.0,0.0,0.0,0.0,0.0,0.0,0.0,0.0,0.0,0.0,0.0,0.0,0.0,0.0,0.0,0.0,0.0,0.0,0.0,0.0,0.0,0.0,0.0,0.0,0.0,0.0,0.0,0.0,0.0,0.0,0.0,0.0,0.0,0.0,0.0,0.0,0.0,1.0,0.0,0.0,0.0,0.0,0.0,0.0,0.0,0.0,0.0,0.0,0.0,0.0,0.0,0.0,58.0,0.0,1.0,128.0,0.022777777777777775,4.0,-86,-86.0,0.0,0,-5.240951527658147e-06,-3.057059300907413e-05,none,-37.959,-0.0415,1,none,1.078,0.0086,0.99666,none,4.5,0.0744,1,none,2.787,0.0501,1,none,0,0,1,none,2,0.005,1,none
61623bbeba08fd802d23df46ceb8861c6a9a6180,15ca182333c47866f61f5d1167cc1453d4d6d3ac,2024-10-21T00:11:53+02:00,ok,279.0,13267.0,488.0,29.0,6.0,0.16620362287228393,236.0,34.0,1192.0,1.0,8.0,1.0,2.0,0.0,236.0,2.0,324.0,0.0,0.0,0.0,0.0,0.0,0.0,2.0,4.0,0.0,0.0,3.0,12225.0,0.0,0,0,0,0,0,0,0,0,281.0,32.0,4.0,0.0,0.0,0.0,0.0,0.0,0.0,0.0,0.0,0.0,0.0,0.0,3.0,0.0,0.0,0.0,55.0,4.0,15.0,6.0,0.0,0.0,0.0,0.0,0.0,0.0,0.0,0.0,20.0,0.0,21.0,6.0,0.0,0.0,248.0,11.0,0.0,0.0,0.0,0.0,0.0,1.0,4.0,0.0,0.0,0.0,0.0,0.0,0.0,1.0,0.0,0.0,0.0,0.0,0.0,0.0,0.0,0.0,0.0,0.0,0.0,0.0,0.0,0.0,53.0,0.0,1.0,20.0,44.214023437499996,11.0,-53401,632.0,23.0,5,-0.0032543432480467605,0.0002246651795632893,regression,217.216,0.2462,0.00082,regression,-1.734,-0.0171,0.99666,none,-2,-0.0256,1,none,3.01,0.103,0.95617,none,0,-0.1608,0.0012,none,79,0.1904,0.00045,regression
eb09b48ae63ef2e9025dc3905a45c969eafa1720,61623bbeba08fd802d23df46ceb8861c6a9a6180,2024-10-21T17:08:39+02:00,ok,3.0,325.0,8.0,2.0,1.0,0.5207695067583605,0.0,2.0,62.0,0.0,0.0,0.0,0.0,0.0,0.0,1.0,271.0,0.0,0.0,0.0,0.0,0.0,0.0,0.0,0.0,0.0,0.0,0.0,0.0,0.0,0,0,0,0,0,0,0,0,2.0,1.0,0.0,0.0,0.0,0.0,0.0,0.0,0.0,0.0,0.0,0.0,0.0,0.0,0.0,0.0,0.0,0.0,0.0,0.0,0.0,0.0,0.0,0.0,0.0,0.0,0.0,0.0,0.0,0.0,0.0,0.0,0.0,0.0,0.0,0.0,0.0,0.0,0.0,0.0,0.0,0.0,0.0,0.0,0.0,0.0,0.0,0.0,0.0,0.0,0.0,1.0,0.0,0.0,0.0,0.0,0.0,0.0,0.0,0.0,0.0,0.0,0.0,0.0,0.0,0.0,64.0,0.0,1.0,0.0,132.90722800925926,5.0,102,101.0,0.0,0,6.236340046101227e-06,3.589570626934503e-05,none,-40.194,-0.0366,1,none,-1.319,-0.013,0.99666,none,8.5,0.1141,1,none,-0.608,-0.0207,1,none,0,0,1,none,-8,-0.0162,1,none
e957c8e9ee5264698eb946317780e80e6a2388df,eb09b48ae63ef2e9025dc3905a45c969eafa1720,2024-10-21T22:26:52+02:00,ok,36.0,2199.0,92.0,15.0,4.0,0.6587180240158955,0.0,28.0,1427.0,0.0,0.0,0.0,0.0,0.0,0.0,6.0,854.0,0.0,0.0,0.0,0.0,1.0,8.0,0.0,0.0,0.0,0.0,1.0,2.0,0.0,0,0,0,0,0,0,0,0,17.0,2.0,0.0,0.0,0.0,0.0,0.0,0.0,0.0,0.0,0.0,0.0,1.0,0.0,0.0,0.0,0.0,0.0,0.0,0.0,1.0,0.0,0.0,0.0,0.0,0.0,0.0,0.0,14.0,0.0,0.0,0.0,0.0,0.0,0.0,0.0,0.0,0.0,0.0,0.0,0.0,0.0,0.0,0.0,15.0,0.0,0.0,0.0,0.0,0.0,1.0,0.0,0.0,0.0,0.0,0.0,0.0,0.0,0.0,0.0,0.0,0.0,0.0,0.0,0.0,0.0,28.0,0.0,1.0,32.0,38.400213707010586,18.0,2542,2543.0,0.0,0,0.0001554184072009958,0.0009037574703035885,none,-10.961,-0.0102,1,none,10.968,0.0992,0.99666,none,-6,-0.0811,1,none,1.248,0.0677,1,none,0,0,1,none,-2,-0.0041,1,none
4cedf3d966965e952c43c76bb993bdf627b941b6,e957c8e9ee5264698eb946317780e80e6a2388df,2024-10-21T22:56:22+02:00,ok,3.0,5.0,147.0,3.0,1.0,0.14666272336844638,0.0,1.0,4.0,0.0,0.0,0.0,0.0,0.0,0.0,2.0,148.0,0.0,0.0,0.0,0.0,0.0,0.0,0.0,0.0,0.0,0.0,0.0,0.0,0.0,0,0,0,0,0,0,0,0,0.0,0.0,0.0,0.0,0.0,0.0,0.0,0.0,0.0,0.0,0.0,0.0,0.0,0.0,0.0,0.0,0.0,0.0,0.0,0.0,0.0,0.0,0.0,0.0,0.0,0.0,0.0,0.0,0.0,0.0,0.0,0.0,0.0,0.0,0.0,0.0,0.0,0.0,0.0,0.0,0.0,0.0,0.0,0.0,0.0,0.0,0.0,0.0,0.0,0.0,1.0,0.0,0.0,0.0,0.0,0.0,0.0,0.0,0.0,0.0,0.0,0.0,0.0,0.0,0.0,0.0,64.0,0.0,1.0,129.0,0.02048611111111111,6.0,-35,-37.0,0.0,0,-2.1395747295684522e-06,-1.3137567014906878e-05,none,-39.47,-0.036,1,none,-4.382,-0.0345,0.99666,none,2.5,0.035,1,none,-2.29,-0.1267,1,none,0,0,1,none,18,0.0368,1,none
958e03fcc6976bfa1d909a3a7508be9785eca3af,4cedf3d966965e952c43c76bb993bdf627b941b6,2024-10-23T11:58:43+02:00,ok,1.0,8.0,14.0,1.0,1.0,0.0,0.0,1.0,22.0,0.0,0.0,0.0,0.0,0.0,0.0,0.0,0.0,0.0,0.0,0.0,0.0,0.0,0.0,0.0,0.0,0.0,0.0,0.0,0.0,0.0,0,0,0,0,0,0,0,0,0.0,0.0,0.0,0.0,0.0,0.0,0.0,0.0,0.0,0.0,0.0,0.0,0.0,0.0,0.0,0.0,0.0,0.0,0.0,0.0,0.0,0.0,0.0,0.0,0.0,0.0,0.0,0.0,1.0,0.0,0.0,0.0,0.0,0.0,0.0,0.0,0.0,0.0,0.0,0.0,0.0,0.0,0.0,0.0,0.0,0.0,0.0,0.0,0.0,0.0,0.0,1.0,0.0,0.0,0.0,0.0,0.0,0.0,0.0,0.0,0.0,0.0,0.0,0.0,0.0,0.0,30.0,1.0,1.0,130.0,1.5637847222222223,8.0,-35,-34.0,0.0,0,-2.13957930735827e-06,-1.2072517482070536e-05,none,2.701,0.0026,1,none,-5.253,-0.041,0.99666,none,2.5,0.0373,1,none,-0.339,-0.0148,1,none,0,0,1,none,17,0.0348,1,none
7d52176feaa7a523247e8a0ac7c7a2569b790620,958e03fcc6976bfa1d909a3a7508be9785eca3af,2024-10-24T12:49:33+02:00,ok,4.0,64.0,14.0,3.0,4.0,0.8832838025802785,0.0,1.0,21.0,0.0,0.0,0.0,0.0,0.0,0.0,0.0,0.0,1.0,6.0,0.0,0.0,0.0,0.0,1.0,15.0,1.0,36.0,0.0,0.0,0.0,0,0,0,0,1,0,0,0,1.0,0.0,0.0,0.0,0.0,0.0,0.0,0.0,0.0,0.0,0.0,0.0,0.0,0.0,0.0,0.0,0.0,0.0,0.0,0.0,0.0,0.0,0.0,0.0,0.0,0.0,0.0,0.0,0.0,0.0,0.0,0.0,0.0,0.0,0.0,0.0,0.0,0.0,0.0,0.0,0.0,0.0,0.0,0.0,0.0,0.0,0.0,0.0,0.0,0.0,1.0,0.0,0.0,0.0,0.0,0.0,0.0,0.0,0.0,0.0,0.0,0.0,0.0,0.0,0.0,0.0,45.0,0.0,1.0,13.0,43.22311921296296,4.0,548,0.0,0.0,1,3.349977054491106e-05,0.0,none,0.984,0.0009,1,none,12.004,0.1085,1,none,-4,-0.0513,1,none,0.062,0.0032,1,none,0,0,1,none,3,0.0064,1,none
96ed8a433167f23a5ab54a9d4cca45441c8fd911,7d52176feaa7a523247e8a0ac7c7a2569b790620,2024-10-25T16:29:48Z,ok,2.0,1.0,7.0,2.0,2.0,0.8112781244591328,0.0,0.0,0.0,0.0,0.0,1.0,6.0,0.0,0.0,0.0,0.0,0.0,0.0,0.0,0.0,0.0,0.0,0.0,0.0,0.0,0.0,1.0,2.0,0.0,0,0,0,0,0,0,0,0,0.0,0.0,0.0,0.0,0.0,0.0,0.0,0.0,0.0,0.0,0.0,0.0,0.0,0.0,0.0,0.0,0.0,0.0,0.0,0.0,0.0,0.0,0.0,0.0,0.0,0.0,0.0,0.0,0.0,0.0,0.0,0.0,0.0,0.0,0.0,0.0,0.0,0.0,0.0,0.0,0.0,0.0,0.0,0.0,0.0,0.0,0.0,0.0,0.0,0.0,0.0,0.0,0.0,0.0,1.0,0.0,0.0,0.0,0.0,0.0,0.0,0.0,0.0,0.0,0.0,0.0,41.0,0.0,2.0,0.0,2.617355324074074,8.0,-3,-1.0,0.0,0,-1.8338676102852831e-07,-3.550783302796597e-07,none,-15.46,-0.0139,1,none,-2.202,-0.0198,0.99666,none,5,0.0694,1,none,1.524,0.081,1,none,0,0,1,none,-1,-0.002,1,none
f9815b8b4f612ec1ed4cf2484a61e4ac0befc187,96ed8a433167f23a5ab54a9d4cca45441c8fd911,2024-10-28T10:08:05+01:00,ok,5.0,79.0,23.0,4.0,2.0,0.3536235837660787,0.0,4.0,100.0,0.0,0.0,0.0,0.0,0.0,0.0,1.0,2.0,0.0,0.0,0.0,0.0,0.0,0.0,0.0,0.0,0.0,0.0,0.0,0.0,0.0,0,0,0,0,0,0,0,0,1.0,1.0,0.0,0.0,0.0,0.0,0.0,0.0,0.0,0.0,0.0,0.0,0.0,0.0,0.0,0.0,0.0,0.0,0.0,0.0,0.0,0.0,0.0,0.0,0.0,0.0,2.0,0.0,0.0,0.0,0.0,0.0,0.0,0.0,0.0,0.0,0.0,0.0,0.0,0.0,0.0,0.0,0.0,0.0,0.0,0.0,0.0,0.0,0.0,0.0,0.0,1.0,0.0,0.0,0.0,0.0,0.0,0.0,0.0,0.0,0.0,0.0,0.0,0.0,0.0,0.0,45.0,0.0,1.0,131.0,43.56765914351852,8.0,306,305.0,0.0,0,1.8705453055242337e-05,0.00010829892918989915,none,-16.299,-0.0152,1,none,3.155,0.0293,0.99666,none,-3,-0.0385,1,none,-0.679,-0.0318,1,none,0,0,1,none,33,0.0698,1,none
79b181bcdcbff6166dbfa7b8b11118ddbd6c9833,f9815b8b4f612ec1ed4cf2484a61e4ac0befc187,2024-10-29T22:40:24+01:00,ok,13.0,196.0,94.0,9.0,4.0,0.7924810381202643,0.0,11.0,284.0,0.0,0.0,0.0,0.0,0.0,0.0,2.0,6.0,0.0,0.0,0.0,0.0,0.0,0.0,0.0,0.0,0.0,0.0,0.0,0.0,0.0,0,0,0,0,0,0,0,0,1.0,0.0,2.0,2.0,0.0,0.0,0.0,0.0,0.0,0.0,0.0,0.0,0.0,0.0,0.0,0.0,0.0,0.0,4.0,1.0,2.0,1.0,0.0,0.0,0.0,0.0,0.0,0.0,4.0,3.0,0.0,0.0,4.0,15.0,1.0,1.0,0.0,0.0,0.0,0.0,0.0,0.0,0.0,0.0,0.0,0.0,0.0,0.0,0.0,0.0,0.0,1.0,0.0,0.0,0.0,0.0,0.0,0.0,0.0,0.0,0.0,0.0,0.0,0.0,0.0,0.0,49.0,0.0,1.0,132.0,118.949859006734,14.0,10,13.0,0.0,0,6.112778813010829e-07,4.615520076802254e-06,none,-24.452,-0.0223,1,none,-3.422,-0.0305,0.99666,none,1,0.0145,1,none,1,0.0579,1,none,0,0,1,none,-33,-0.0651,1,none
03028eaa8c72504ecb9b65acfdc20aa2887daffd,79b181bcdcbff6166dbfa7b8b11118ddbd6c9833,2024-10-30T12:40:24+01:00,ok,4.0,267.0,205.0,4.0,1.0,0.5609625041795783,0.0,4.0,472.0,0.0,0.0,0.0,0.0,0.0,0.0,0.0,0.0,0.0,0.0,0.0,0.0,0.0,0.0,0.0,0.0,0.0,0.0,0.0,0.0,0.0,0,0,0,0,0,0,0,0,5.0,6.0,0.0,0.0,0.0,0.0,0.0,0.0,0.0,0.0,0.0,0.0,0.0,0.0,0.0,0.0,0.0,0.0,5.0,4.0,2.0,3.0,0.0,0.0,0.0,0.0,0.0,0.0,0.0,0.0,0.0,0.0,7.0,7.0,0.0,0.0,1.0,0.0,0.0,0.0,0.0,0.0,0.0,0.0,0.0,0.0,0.0,0.0,0.0,0.0,0.0,1.0,0.0,0.0,0.0,0.0,0.0,0.0,0.0,0.0,0.0,0.0,0.0,0.0,0.0,0.0,47.0,0.0,1.0,21.0,5.86365162037037,10.0,150,148.0,0.0,0,9.169162614609949e-06,5.2545678348730756e-05,none,-19.479,-0.0178,1,none,-10.212,-0.0843,1,none,1,0.0149,1,none,-2.97,-0.1793,1,none,0,0,1,none,-1,-0.002,1,none
dfaaff44320a1d18fcb20ffd65391cde39778bfc,03028eaa8c72504ecb9b65acfdc20aa2887daffd,2024-10-30T14:11:13+01:00,ok,2.0,70.0,2.0,1.0,1.0,0.999443333090299,0.0,1.0,37.0,0.0,0.0,0.0,0.0,0.0,0.0,1.0,35.0,0.0,0.0,0.0,0.0,0.0,0.0,0.0,0.0,0.0,0.0,0.0,0.0,0.0,0,0,0,0,0,0,0,0,0.0,0.0,0.0,0.0,0.0,0.0,0.0,0.0,0.0,0.0,0.0,0.0,0.0,0.0,0.0,0.0,0.0,0.0,1.0,0.0,0.0,0.0,0.0,0.0,0.0,0.0,0.0,0.0,0.0,0.0,0.0,0.0,0.0,0.0,0.0,0.0,0.0,0.0,0.0,0.0,0.0,0.0,0.0,0.0,0.0,0.0,0.0,0.0,0.0,0.0,0.0,1.0,0.0,0.0,0.0,0.0,0.0,0.0,0.0,0.0,0.0,0.0,0.0,0.0,0.0,0.0,55.0,0.0,1.0,22.0,12.789537037037038,4.0,104,104.0,0.0,0,6.3572277890075214e-06,3.692205009683163e-05,none,-3.561,-0.0034,1,none,12.499,0.1137,0.99666,none,-5.5,-0.0759,1,none,3.86,0.2325,1,none,0,0,1,none,-15,-0.0306,1,none
2734e646ca8460b1343393416184fa615530abce,dfaaff44320a1d18fcb20ffd65391cde39778bfc,2024-10-30T14:24:12+01:00,ok,11.0,1213.0,1039.0,4.0,1.0,0.5895859710239492,0.0,8.0,946.0,0.0,0.0,0.0,0.0,0.0,0.0,3.0,1306.0,0.0,0.0,0.0,0.0,0.0,0.0,0.0,0.0,0.0,0.0,0.0,0.0,0.0,0,0,0,0,0,0,0,0,11.0,2.0,0.0,0.0,0.0,0.0,0.0,0.0,0.0,0.0,0.0,0.0,0.0,0.0,0.0,0.0,0.0,0.0,5.0,4.0,3.0,1.0,0.0,0.0,0.0,0.0,0.0,0.0,0.0,0.0,0.0,0.0,0.0,0.0,0.0,0.0,0.0,0.0,0.0,0.0,0.0,0.0,0.0,0.0,0.0,0.0,0.0,0.0,0.0,0.0,0.0,0.0,0.0,0.0,1.0,0.0,0.0,0.0,0.0,0.0,0.0,0.0,0.0,0.0,0.0,0.0,66.0,0.0,1.0,23.0,16.853301917989416,11.0,-1,-1.0,0.0,0,-6.112680168191618e-08,-3.550066048978841e-07,none,-26.462,-0.0241,1,none,-6.343,-0.0551,0.99666,none,4,0.0606,1,none,-4.694,-0.2786,1,none,0,0,1,none,17,0.0347,1,none
70e0e8dc2904d4bc3938858760f8da46c63783cf,2734e646ca8460b1343393416184fa615530abce,2024-11-01T23:43:48+02:00,ok,2.0,4.0,9.0,2.0,1.0,0.6193821946787638,0.0,1.0,11.0,0.0,0.0,0.0,0.0,0.0,0.0,1.0,2.0,0.0,0.0,0.0,0.0,0.0,0.0,0.0,0.0,0.0,0.0,0.0,0.0,0.0,0,0,0,0,0,0,0,0,1.0,1.0,0.0,0.0,0.0,0.0,0.0,0.0,0.0,0.0,0.0,0.0,0.0,0.0,0.0,0.0,0.0,0.0,0.0,0.0,0.0,0.0,0.0,0.0,0.0,0.0,0.0,0.0,0.0,0.0,0.0,0.0,0.0,0.0,0.0,0.0,0.0,0.0,0.0,0.0,0.0,0.0,0.0,0.0,2.0,2.0,0.0,0.0,0.0,0.0,0.0,1.0,0.0,0.0,0.0,0.0,0.0,0.0,0.0,0.0,0.0,0.0,0.0,0.0,0.0,0.0,42.0,0.0,1.0,24.0,2.3469444444444445,6.0,25,26.0,0.0,0,1.528170135460057e-06,9.230175004118078e-06,none,-2.525,-0.0024,1,none,-7.959,-0.0677,0.99666,none,1,0.0152,1,none,2.403,0.1516,1,none,0,0,1,none,1,0.0021,1,none
7c0239e693be2bd0274244fc55c943a7566bf531,da33481fa36b12a341de155e5cfbcc6985f5886d,2024-11-04T17:54:00+01:00,ok,1.0,8.0,6.0,1.0,1.0,0.0,0.0,0.0,0.0,0.0,0.0,1.0,14.0,0.0,0.0,0.0,0.0,0.0,0.0,0.0,0.0,0.0,0.0,0.0,0.0,0.0,0.0,0.0,0.0,0.0,0,0,0,0,0,0,0,0,0.0,0.0,0.0,0.0,0.0,0.0,0.0,0.0,0.0,0.0,0.0,0.0,0.0,0.0,0.0,0.0,0.0,0.0,0.0,0.0,0.0,0.0,0.0,0.0,0.0,0.0,0.0,0.0,0.0,0.0,0.0,0.0,0.0,0.0,0.0,0.0,0.0,0.0,0.0,0.0,0.0,0.0,0.0,0.0,0.0,0.0,0.0,0.0,0.0,0.0,0.0,1.0,0.0,0.0,0.0,0.0,0.0,0.0,0.0,0.0,0.0,0.0,0.0,0.0,0.0,0.0,75.0,0.0,1.0,22.0,10.016805555555555,5.0,0,0.0,0.0,0,0.0,0.0,none,37.994,0.0359,1,none,13.177,0.1198,0.99666,none,-14,-0.1687,1,none,3.509,0.217,1,none,0,0,1,none,16,0.0328,1,none
da33481fa36b12a341de155e5cfbcc6985f5886d,70e0e8dc2904d4bc3938858760f8da46c63783cf,2024-11-04T18:57:40+05:30,ok,1.0,1.0,1.0,1.0,1.0,0.0,0.0,0.0,0.0,0.0,0.0,0.0,0.0,0.0,0.0,0.0,0.0,0.0,0.0,0.0,0.0,0.0,0.0,1.0,2.0,0.0,0.0,0.0,0.0,0.0,0,0,0,0,0,0,0,0,0.0,0.0,0.0,0.0,0.0,0.0,0.0,0.0,0.0,0.0,0.0,0.0,0.0,0.0,0.0,0.0,0.0,0.0,0.0,0.0,0.0,0.0,0.0,0.0,0.0,0.0,0.0,0.0,0.0,0.0,0.0,0.0,0.0,0.0,0.0,0.0,0.0,0.0,0.0,0.0,0.0,0.0,0.0,0.0,0.0,0.0,0.0,0.0,0.0,0.0,0.0,0.0,0.0,0.0,1.0,0.0,0.0,0.0,0.0,0.0,0.0,0.0,0.0,0.0,0.0,0.0,39.0,0.0,1.0,494.0,53.10480324074074,6.0,0,0.0,0.0,0,0.0,0.0,none,40.491,0.0383,1,none,11.054,0.1001,0.99666,none,6,0.0896,1,none,-0.166,-0.0103,1,none,0,0,1,none,38,0.0752,1,none
d9ad7c039b804aad2c27fa085c82220b5808eb71,7c0239e693be2bd0274244fc55c943a7566bf531,2024-11-04T22:35:45Z,ok,6.0,272.0,1.0,4.0,5.0,0.4332880290228244,0.0,4.0,255.0,0.0,0.0,0.0,0.0,0.0,0.0,0.0,0.0,0.0,0.0,0.0,0.0,0.0,0.0,0.0,0.0,0.0,0.0,2.0,18.0,0.0,0,0,0,0,0,0,0,0,8.0,0.0,0.0,0.0,0.0,0.0,1.0,0.0,0.0,0.0,1.0,0.0,1.0,0.0,0.0,0.0,0.0,0.0,0.0,0.0,1.0,0.0,0.0,0.0,0.0,0.0,0.0,0.0,0.0,0.0,0.0,0.0,5.0,0.0,3.0,0.0,0.0,0.0,0.0,0.0,0.0,0.0,0.0,0.0,0.0,0.0,0.0,0.0,0.0,0.0,1.0,0.0,0.0,0.0,0.0,0.0,0.0,0.0,0.0,0.0,0.0,0.0,0.0,0.0,0.0,0.0,65.0,0.0,1.0,9.0,50.64918981481482,11.0,3323,3322.0,0.0,0,0.0002031240639972224,0.0011793214747979498,none,-1.115,-0.001,1,none,-4.903,-0.0425,0.99666,none,6,0.0857,1,none,-3.812,-0.196,1,none,0,0,1,none,2,0.0041,1,none
798f5f4dfb3eaefa7cfaef9b6e0c01486a78f0ad,d9ad7c039b804aad2c27fa085c82220b5808eb71,2024-11-06T16:41:41Z,ok,1.0,1.0,1.0,1.0,1.0,0.0,0.0,1.0,2.0,0.0,0.0,0.0,0.0,0.0,0.0,0.0,0.0,0.0,0.0,0.0,0.0,0.0,0.0,0.0,0.0,0.0,0.0,0.0,0.0,0.0,0,0,0,0,0,0,0,0,0.0,0.0,0.0,0.0,0.0,0.0,0.0,0.0,0.0,0.0,0.0,0.0,0.0,0.0,0.0,0.0,0.0,0.0,0.0,0.0,0.0,0.0,0.0,0.0,0.0,0.0,0.0,0.0,0.0,0.0,0.0,0.0,0.0,0.0,0.0,0.0,0.0,0.0,0.0,0.0,0.0,0.0,0.0,0.0,0.0,0.0,0.0,0.0,0.0,0.0,1.0,0.0,0.0,0.0,0.0,0.0,0.0,0.0,0.0,0.0,0.0,0.0,0.0,0.0,0.0,0.0,29.0,0.0,1.0,133.0,15.843622685185185,4.0,33,32.0,0.0,0,2.0167718413181915e-06,1.1346729092587891e-05,none,40.378,0.0381,1,none,-1.033,-0.0093,0.99666,none,23,0.3194,1,none,1.019,0.0564,1,none,0,0,1,none,33,0.0699,1,none
df168a68833bf66b2ab7618f96b48d1a92676197,798f5f4dfb3eaefa7cfaef9b6e0c01486a78f0ad,2024-11-07T21:14:49Z,ok,2.0,219.0,210.0,2.0,2.0,0.12022931048594337,0.0,1.0,422.0,0.0,0.0,0.0,0.0,0.0,0.0,0.0,0.0,0.0,0.0,0.0,0.0,0.0,0.0,0.0,0.0,0.0,0.0,1.0,7.0,0.0,0,0,0,0,0,0,0,0,0.0,0.0,0.0,0.0,0.0,0.0,0.0,0.0,0.0,0.0,0.0,0.0,0.0,0.0,0.0,0.0,0.0,0.0,0.0,0.0,0.0,0.0,0.0,0.0,0.0,0.0,0.0,0.0,0.0,0.0,0.0,0.0,0.0,0.0,0.0,0.0,2.0,2.0,10.0,10.0,0.0,0.0,0.0,0.0,1.0,1.0,0.0,0.0,0.0,0.0,0.0,1.0,0.0,0.0,0.0,0.0,0.0,0.0,0.0,0.0,0.0,0.0,0.0,0.0,0.0,0.0,100.0,1.0,1.0,495.0,8.689004629629629,8.0,-746,-746.0,0.0,0,-4.559117452643848e-05,-0.00026451762056117447,none,-15.903,-0.0148,1,none,-13.175,-0.1079,0.99666,none,1.5,0.021,1,none,-4.318,-0.2047,1,none,0,0,1,none,-36,-0.071,1,none
ef9ea14a75f085fb64255f5a4f11bc14610df9aa,df168a68833bf66b2ab7618f96b48d1a92676197,2024-11-09T13:42:11+05:30,ok,1.0,0.0,74.0,1.0,1.0,0.0,0.0,0.0,0.0,0.0,0.0,0.0,0.0,0.0,0.0,0.0,0.0,0.0,0.0,0.0,0.0,1.0,74.0,0.0,0.0,0.0,0.0,0.0,0.0,0.0,0,0,0,0,0,0,0,0,0.0,0.0,0.0,0.0,0.0,0.0,0.0,0.0,0.0,0.0,0.0,0.0,0.0,0.0,0.0,0.0,0.0,0.0,0.0,0.0,0.0,0.0,0.0,0.0,0.0,0.0,0.0,0.0,0.0,0.0,0.0,0.0,0.0,0.0,0.0,0.0,0.0,0.0,0.0,0.0,0.0,0.0,0.0,0.0,0.0,0.0,0.0,0.0,0.0,0.0,0.0,1.0,0.0,0.0,0.0,0.0,0.0,0.0,0.0,0.0,0.0,0.0,0.0,0.0,0.0,0.0,33.0,0.0,1.0,496.0,402.96190972222223,6.0,-514,0.0,0.0,-1,-3.1414118140308654e-05,0.0,none,40.859,0.0386,1,none,-0.05,-0.0005,0.99666,none,9,0.1304,1,none,-2.37,-0.1221,1,none,0,0,1,none,0,0,1,none
ee091d0dbd089ec79f070aedf8c1f857b7a55839,ef9ea14a75f085fb64255f5a4f11bc14610df9aa,2024-11-09T21:45:37+05:30,ok,3.0,8.0,1.0,2.0,3.0,1.0,0.0,1.0,3.0,0.0,0.0,0.0,0.0,0.0,0.0,0.0,0.0,0.0,0.0,1.0,3.0,0.0,0.0,0.0,0.0,0.0,0.0,1.0,3.0,0.0,0,0,0,0,0,0,0,0,0.0,0.0,0.0,0.0,0.0,0.0,0.0,0.0,0.0,0.0,0.0,0.0,0.0,0.0,0.0,0.0,0.0,0.0,0.0,0.0,0.0,0.0,0.0,0.0,0.0,0.0,0.0,0.0,0.0,0.0,0.0,0.0,0.0,0.0,0.0,0.0,0.0,0.0,0.0,0.0,0.0,0.0,0.0,0.0,0.0,0.0,0.0,0.0,0.0,0.0,0.0,0.0,0.0,0.0,0.0,1.0,0.0,0.0,0.0,0.0,0.0,0.0,0.0,0.0,0.0,0.0,81.0,1.0,1.0,497.0,113.31792438271604,7.0,4,0.0,0.0,0,2.444755254329111e-07,0.0,none,40.574,0.0384,1,none,12.182,0.1125,0.99666,none,-9,-0.1169,1,none,4.216,0.236,0.95617,none,0,0,1,none,-2,-0.0041,1,none
57cf577376e283beae08eb46192cfea7caa48d0c,ee091d0dbd089ec79f070aedf8c1f857b7a55839,2024-11-11T23:56:00+05:30,ok,4.0,12.0,12.0,3.0,4.0,0.603759374819711,0.0,0.0,0.0,0.0,0.0,0.0,0.0,0.0,0.0,0.0,0.0,0.0,0.0,0.0,0.0,0.0,0.0,2.0,20.0,0.0,0.0,2.0,4.0,0.0,0,0,0,0,0,0,0,0,0.0,0.0,0.0,0.0,0.0,0.0,0.0,0.0,0.0,0.0,0.0,0.0,0.0,0.0,0.0,0.0,0.0,0.0,0.0,0.0,0.0,0.0,0.0,0.0,0.0,0.0,0.0,0.0,0.0,0.0,0.0,0.0,0.0,0.0,0.0,0.0,0.0,0.0,0.0,0.0,0.0,0.0,0.0,0.0,0.0,0.0,0.0,0.0,0.0,0.0,0.0,1.0,0.0,0.0,0.0,0.0,0.0,0.0,0.0,0.0,0.0,0.0,0.0,0.0,0.0,0.0,53.0,0.0,3.0,498.0,6.9402835648148145,13.0,0,0.0,0.0,0,0.0,0.0,none,-0.439,-0.0004,1,none,8.906,0.082,0.99666,none,2,0.0286,1,none,2.009,0.1205,1,none,0,0,1,none,-1,-0.002,1,none
98c0a67333046afc1d9fbf90f87dd55923c3773d,57cf577376e283beae08eb46192cfea7caa48d0c,2024-11-19T20:34:35+01:00,ok,1.0,3.0,3.0,1.0,1.0,0.0,0.0,0.0,0.0,0.0,0.0,0.0,0.0,0.0,0.0,0.0,0.0,0.0,0.0,0.0,0.0,0.0,0.0,0.0,0.0,1.0,6.0,0.0,0.0,0.0,0,0,0,0,0,0,0,0,0.0,0.0,0.0,0.0,0.0,0.0,0.0,0.0,0.0,0.0,0.0,0.0,0.0,0.0,0.0,0.0,0.0,0.0,0.0,0.0,0.0,0.0,0.0,0.0,0.0,0.0,0.0,0.0,0.0,0.0,0.0,0.0,0.0,0.0,0.0,0.0,0.0,0.0,0.0,0.0,0.0,0.0,0.0,0.0,0.0,0.0,0.0,0.0,0.0,0.0,0.0,0.0,0.0,0.0,0.0,0.0,1.0,0.0,0.0,0.0,0.0,0.0,0.0,0.0,0.0,1.0,57.0,0.0,1.0,604.0,0.0,0.0,0,0.0,0.0,0,0.0,0.0,none,-16.631,-0.0149,1,none,-13.582,-0.112,0.99666,none,19,0.2639,1,none,-0.47,-0.0212,1,none,0,0,1,none,0,0,1,none
0927431d0d9145589554a77f0d6d3fd7c3e7149e,98c0a67333046afc1d9fbf90f87dd55923c3773d,2024-11-19T20:46:55+01:00,ok,2.0,15.0,15.0,2.0,2.0,0.35335933502142136,0.0,0.0,0.0,0.0,0.0,0.0,0.0,0.0,0.0,0.0,0.0,0.0,0.0,0.0,0.0,0.0,0.0,1.0,2.0,1.0,28.0,0.0,0.0,0.0,0,0,1,0,0,0,0,0,0.0,0.0,0.0,0.0,0.0,0.0,0.0,0.0,0.0,0.0,0.0,0.0,0.0,0.0,0.0,0.0,0.0,0.0,0.0,0.0,0.0,0.0,0.0,0.0,0.0,0.0,0.0,0.0,0.0,0.0,0.0,0.0,0.0,0.0,0.0,0.0,0.0,0.0,0.0,0.0,0.0,0.0,0.0,0.0,0.0,0.0,0.0,0.0,0.0,0.0,0.0,0.0,0.0,0.0,1.0,0.0,0.0,0.0,0.0,0.0,0.0,0.0,0.0,0.0,0.0,0.0,55.0,0.0,1.0,135.0,33.0643287037037,7.0,-122,-121.0,0.0,0,-7.456501702771618e-06,-4.2915684512261473e-05,none,-4.181,-0.0038,1,none,-4.704,-0.042,0.99666,none,3,0.0423,1,none,-3.258,-0.1765,0.94953,none,0,0,1,none,0,0,1,none
2db5bbcb29e263f4a5b2609b626d38d93d4758ee,0927431d0d9145589554a77f0d6d3fd7c3e7149e,2024-11-20T11:46:45+01:00,ok,8.0,17.0,22.0,4.0,1.0,0.9279244762930811,0.0,5.0,28.0,0.0,0.0,0.0,0.0,0.0,0.0,3.0,11.0,0.0,0.0,0.0,0.0,0.0,0.0,0.0,0.0,0.0,0.0,0.0,0.0,0.0,0,0,0,0,0,0,0,0,0.0,0.0,0.0,0.0,0.0,0.0,0.0,0.0,0.0,0.0,0.0,0.0,0.0,0.0,0.0,0.0,0.0,0.0,0.0,0.0,0.0,0.0,0.0,0.0,0.0,0.0,0.0,0.0,0.0,0.0,0.0,0.0,0.0,0.0,0.0,0.0,0.0,0.0,0.0,0.0,0.0,0.0,0.0,0.0,2.0,2.0,0.0,0.0,0.0,0.0,0.0,1.0,0.0,0.0,0.0,0.0,0.0,0.0,0.0,0.0,0.0,0.0,0.0,0.0,0.0,0.0,69.0,0.0,1.0,23.0,38.139374999999994,8.0,43,44.0,0.0,0,2.628130852557092e-06,1.5606373217193542e-05,none,-3.91,-0.0036,1,none,3.56,0.0331,0.99666,none,-6,-0.0789,1,none,-3.498,-0.1888,1,none,0,0,1,none,0,0,1,none
840f1428c49e3dffa6474743ca2677b7697638db,2db5bbcb29e263f4a5b2609b626d38d93d4758ee,2024-11-20T13:10:07+01:00,ok,2.0,25.0,6.0,2.0,2.0,0.345117314944953,0.0,0.0,0.0,0.0,0.0,0.0,0.0,0.0,0.0,0.0,0.0,0.0,0.0,0.0,0.0,0.0,0.0,1.0,2.0,1.0,29.0,0.0,0.0,0.0,0,0,1,0,0,0,0,0,0.0,0.0,0.0,0.0,0.0,0.0,0.0,0.0,0.0,0.0,0.0,0.0,0.0,0.0,0.0,0.0,0.0,0.0,0.0,0.0,0.0,0.0,0.0,0.0,0.0,0.0,0.0,0.0,0.0,0.0,0.0,0.0,0.0,0.0,0.0,0.0,0.0,0.0,0.0,0.0,0.0,0.0,0.0,0.0,0.0,0.0,0.0,0.0,0.0,0.0,0.0,0.0,0.0,0.0,1.0,0.0,0.0,0.0,0.0,0.0,0.0,0.0,0.0,0.0,0.0,0.0,61.0,0.0,1.0,136.0,0.6827777777777778,7.0,0,0.0,0.0,0,0.0,0.0,none,16.545,0.0153,1,none,-9.397,-0.0784,1,none,0,0,1,none,1.305,0.0918,1,none,0,0,1,none,18,0.037,1,none
d21e0008ddb4470e5c8d9f5d5e33c033a7edc1c4,840f1428c49e3dffa6474743ca2677b7697638db,2024-11-21T15:18:18+01:00,ok,2.0,34.0,14.0,1.0,1.0,0.1460942501201363,0.0,2.0,48.0,0.0,0.0,0.0,0.0,0.0,0.0,0.0,0.0,0.0,0.0,0.0,0.0,0.0,0.0,0.0,0.0,0.0,0.0,0.0,0.0,0.0,0,0,0,0,0,0,0,0,0.0,0.0,0.0,0.0,0.0,0.0,0.0,0.0,0.0,0.0,0.0,0.0,6.0,6.0,0.0,0.0,0.0,0.0,0.0,0.0,0.0,0.0,0.0,0.0,0.0,0.0,0.0,0.0,0.0,0.0,0.0,0.0,0.0,0.0,0.0,0.0,0.0,0.0,0.0,0.0,0.0,0.0,0.0,0.0,0.0,0.0,0.0,0.0,0.0,0.0,0.0,1.0,0.0,0.0,0.0,0.0,0.0,0.0,0.0,0.0,0.0,0.0,0.0,0.0,0.0,0.0,74.0,0.0,1.0,24.0,36.03769097222222,7.0,47,46.0,0.0,0,2.872600591596812e-06,1.6315499192205447e-05,none,-6.828,-0.0064,1,none,12.642,0.1151,0.99666,none,4,0.0541,1,none,1.556,0.0957,1,none,0,0,1,none,-1,-0.002,1,none
ab8b3537b386403f7a09288eb5925ce1aae5f21d,d21e0008ddb4470e5c8d9f5d5e33c033a7edc1c4,2024-11-21T15:19:00+01:00,ok,1.0,11.0,5.0,1.0,1.0,0.0,0.0,1.0,16.0,0.0,0.0,0.0,0.0,0.0,0.0,0.0,0.0,0.0,0.0,0.0,0.0,0.0,0.0,0.0,0.0,0.0,0.0,0.0,0.0,0.0,0,0,0,0,0,0,0,0,0.0,0.0,0.0,0.0,0.0,0.0,0.0,0.0,0.0,0.0,0.0,0.0,0.0,0.0,0.0,0.0,0.0,0.0,0.0,0.0,0.0,0.0,0.0,0.0,0.0,0.0,0.0,0.0,0.0,0.0,0.0,0.0,0.0,0.0,0.0,0.0,0.0,0.0,0.0,0.0,0.0,0.0,0.0,0.0,0.0,0.0,0.0,0.0,0.0,0.0,0.0,1.0,0.0,0.0,0.0,0.0,0.0,0.0,0.0,0.0,0.0,0.0,0.0,0.0,0.0,0.0,78.0,1.0,1.0,25.0,0.0004861111111111111,7.0,-21,-20.0,0.0,0,-1.2834987050109256e-06,-7.093579565667217e-06,none,-38.246,-0.0349,1,none,-3.749,-0.0336,0.99666,none,-11,-0.1341,1,none,-3.47,-0.1727,1,none,0,0,1,none,-15,-0.0297,1,none
b2a6a87b10f31babd1ee1a69b02a3f3f24ba492f,ab8b3537b386403f7a09288eb5925ce1aae5f21d,2024-11-21T15:19:20+01:00,ok,2.0,0.0,6.0,2.0,2.0,0.6500224216483541,0.0,0.0,0.0,0.0,0.0,0.0,0.0,0.0,0.0,0.0,0.0,0.0,0.0,0.0,0.0,0.0,0.0,1.0,1.0,1.0,5.0,0.0,0.0,0.0,0,1,0,0,0,0,0,0,0.0,0.0,0.0,0.0,0.0,0.0,0.0,0.0,0.0,0.0,0.0,0.0,0.0,0.0,0.0,0.0,0.0,0.0,0.0,0.0,0.0,0.0,0.0,0.0,0.0,0.0,0.0,0.0,0.0,0.0,0.0,0.0,0.0,0.0,0.0,0.0,0.0,0.0,0.0,0.0,0.0,0.0,0.0,0.0,0.0,0.0,0.0,0.0,0.0,0.0,0.0,0.0,0.0,0.0,1.0,0.0,0.0,0.0,0.0,0.0,0.0,0.0,0.0,0.0,0.0,0.0,33.0,0.0,1.0,26.0,1.0897337962962963,7.0,0,0.0,0.0,0,0.0,0.0,none,-19.729,-0.0179,1,none,2.86,0.0272,0.99666,none,0,0,1,none,1.115,0.0816,1,none,0,0,1,none,16,0.0326,1,none
a758aaf8f658d083277465e2ba7e571e8ddc86d5,b2a6a87b10f31babd1ee1a69b02a3f3f24ba492f,2024-11-26T17:42:25+01:00,ok,5.0,7.0,5.0,5.0,5.0,0.9697238998682473,0.0,2.0,6.0,0.0,0.0,1.0,2.0,0.0,0.0,1.0,2.0,1.0,2.0,0.0,0.0,0.0,0.0,0.0,0.0,0.0,0.0,0.0,0.0,0.0,0,0,0,0,0,0,0,0,0.0,0.0,0.0,0.0,0.0,0.0,0.0,0.0,0.0,0.0,0.0,0.0,0.0,0.0,0.0,0.0,0.0,0.0,0.0,0.0,0.0,0.0,0.0,0.0,0.0,0.0,0.0,0.0,0.0,0.0,0.0,0.0,0.0,0.0,0.0,0.0,0.0,0.0,0.0,0.0,0.0,0.0,0.0,0.0,0.0,0.0,0.0,0.0,0.0,0.0,0.0,1.0,0.0,0.0,0.0,0.0,0.0,0.0,0.0,0.0,0.0,0.0,0.0,0.0,0.0,0.0,54.0,0.0,1.0,137.0,240.91940586419753,7.0,94,83.0,0.0,0,5.745192053519276e-06,2.9438564022315142e-05,none,15.841,0.0147,1,none,-2.375,-0.0213,0.99666,none,10,0.1493,1,none,0.223,0.0131,1,none,0,0,1,none,0,0,1,none
c0b80a03bd1ec92ff450452d1dc77644333d42fe,a758aaf8f658d083277465e2ba7e571e8ddc86d5,2024-11-26T18:53:25+01:00,ok,32.0,1280.0,216.0,16.0,5.0,0.7910895020415276,0.0,23.0,985.0,1.0,87.0,0.0,0.0,0.0,0.0,4.0,331.0,1.0,50.0,0.0,0.0,1.0,21.0,0.0,0.0,1.0,21.0,1.0,1.0,0.0,0,0,0,0,0,0,0,0,37.0,4.0,0.0,0.0,0.0,0.0,2.0,0.0,1.0,0.0,1.0,0.0,13.0,5.0,0.0,0.0,0.0,0.0,1.0,0.0,1.0,1.0,1.0,1.0,0.0,0.0,0.0,0.0,4.0,4.0,0.0,0.0,1.0,0.0,0.0,0.0,0.0,0.0,0.0,0.0,1.0,0.0,0.0,0.0,28.0,4.0,1.0,0.0,0.0,0.0,1.0,0.0,0.0,0.0,0.0,0.0,0.0,0.0,0.0,0.0,0.0,0.0,0.0,0.0,0.0,0.0,44.0,0.0,1.0,33.0,53.65568181818182,17.0,2471,2259.0,213.0,0,0.00015102434046643725,0.0008012019092652138,none,27.577,0.0257,1,none,-6.015,-0.0526,0.99666,none,-7,-0.0886,1,none,-1.175,-0.0761,1,none,0,0,1,none,34,0.0697,1,none
31e2a0cb4afcc6ab52b1508f3895ea5cfb9963bd,c0b80a03bd1ec92ff450452d1dc77644333d42fe,2024-11-26T23:18:20+01:00,ok,1.0,2.0,2.0,1.0,1.0,0.0,0.0,0.0,0.0,1.0,4.0,0.0,0.0,0.0,0.0,0.0,0.0,0.0,0.0,0.0,0.0,0.0,0.0,0.0,0.0,0.0,0.0,0.0,0.0,0.0,0,0,0,0,0,0,0,0,0.0,0.0,0.0,0.0,0.0,0.0,0.0,0.0,0.0,0.0,0.0,0.0,0.0,0.0,0.0,0.0,0.0,0.0,0.0,0.0,0.0,0.0,0.0,0.0,0.0,0.0,0.0,0.0,0.0,0.0,0.0,0.0,0.0,0.0,0.0,0.0,0.0,0.0,0.0,0.0,0.0,0.0,0.0,0.0,1.0,1.0,0.0,0.0,0.0,0.0,0.0,1.0,0.0,0.0,0.0,0.0,0.0,0.0,0.0,0.0,0.0,0.0,0.0,0.0,0.0,0.0,63.0,0.0,1.0,138.0,0.1839699074074074,1.0,20,20.0,0.0,0,1.2221896848168354e-06,7.0877423520602116e-06,none,11.757,0.0109,1,none,-0.595,-0.0054,0.99666,none,7,0.1045,1,none,5.708,0.4062,0.95617,none,0,0,1,none,-4,-0.0081,1,none
b5652b8e36abcc813478c65cdbe248aae774e5db,31e2a0cb4afcc6ab52b1508f3895ea5cfb9963bd,2024-11-27T13:09:44+01:00,ok,2.0,36.0,12.0,2.0,1.0,0.9798687566511528,0.0,2.0,48.0,0.0,0.0,0.0,0.0,0.0,0.0,0.0,0.0,0.0,0.0,0.0,0.0,0.0,0.0,0.0,0.0,0.0,0.0,0.0,0.0,0.0,0,0,0,0,0,0,0,0,0.0,0.0,0.0,0.0,0.0,0.0,0.0,0.0,0.0,0.0,0.0,0.0,0.0,0.0,0.0,0.0,0.0,0.0,0.0,0.0,0.0,0.0,0.0,0.0,0.0,0.0,0.0,0.0,0.0,0.0,0.0,0.0,0.0,0.0,0.0,0.0,0.0,0.0,0.0,0.0,0.0,0.0,0.0,0.0,0.0,0.0,0.0,0.0,0.0,0.0,0.0,1.0,0.0,0.0,0.0,0.0,0.0,0.0,0.0,0.0,0.0,0.0,0.0,0.0,0.0,0.0,53.0,0.0,1.0,34.0,14.682517361111111,8.0,22,21.0,0.0,0,1.3444070101781389e-06,7.442076722140852e-06,none,35.602,0.0335,1,none,-10.392,-0.0865,0.99666,none,-0.5,-0.0069,1,none,-4.091,-0.1975,1,none,0,0,1,none,15,0.0307,1,none
8a1152ce366cae8a8b3fc532b95a665cf0900779,b5652b8e36abcc813478c65cdbe248aae774e5db,2024-12-09T21:57:37+01:00,ok,1.0,17.0,2.0,1.0,1.0,0.0,0.0,1.0,19.0,0.0,0.0,0.0,0.0,0.0,0.0,0.0,0.0,0.0,0.0,0.0,0.0,0.0,0.0,0.0,0.0,0.0,0.0,0.0,0.0,0.0,0,0,0,0,0,0,0,0,1.0,0.0,0.0,0.0,0.0,0.0,0.0,0.0,0.0,0.0,0.0,0.0,0.0,0.0,0.0,0.0,0.0,0.0,0.0,0.0,0.0,0.0,0.0,0.0,0.0,0.0,0.0,0.0,0.0,0.0,0.0,0.0,0.0,0.0,0.0,0.0,0.0,0.0,0.0,0.0,0.0,0.0,0.0,0.0,0.0,0.0,0.0,0.0,0.0,0.0,0.0,1.0,0.0,0.0,0.0,0.0,0.0,0.0,0.0,0.0,0.0,0.0,0.0,0.0,0.0,0.0,54.0,0.0,1.0,25.0,215.5040162037037,1.0,57,57.0,0.0,0,3.4832316616713866e-06,2.019977220327066e-05,none,0.163,0.0001,1,none,11.607,0.1051,0.99666,none,-9,-0.1139,1,none,-0.089,-0.0054,1,none,0,0,1,none,-18,-0.0355,1,none
9b401f6ea3aa99f83c6a18f4a691ea90fa36314c,8a1152ce366cae8a8b3fc532b95a665cf0900779,2024-12-10T13:41:10+01:00,ok,1.0,1.0,1.0,1.0,1.0,0.0,0.0,1.0,2.0,0.0,0.0,0.0,0.0,0.0,0.0,0.0,0.0,0.0,0.0,0.0,0.0,0.0,0.0,0.0,0.0,0.0,0.0,0.0,0.0,0.0,0,0,0,0,0,0,0,0,0.0,0.0,0.0,0.0,0.0,0.0,0.0,0.0,0.0,0.0,0.0,0.0,0.0,0.0,0.0,0.0,0.0,0.0,0.0,0.0,0.0,0.0,0.0,0.0,0.0,0.0,0.0,0.0,0.0,0.0,0.0,0.0,1.0,1.0,0.0,0.0,0.0,0.0,0.0,0.0,0.0,0.0,0.0,0.0,0.0,0.0,0.0,0.0,0.0,0.0,0.0,1.0,0.0,0.0,0.0,0.0,0.0,0.0,0.0,0.0,0.0,0.0,0.0,0.0,0.0,0.0,92.0,0.0,1.0,3.0,41.625532407407405,2.0,-56,-54.0,0.0,0,-3.422110414270298e-06,-1.9136239750151584e-05,none,31.21,0.0288,1,none,0.6,0.0055,0.99666,none,9,0.125,1,none,-1.117,-0.063,1,none,0,0,1,none,2,0.0041,1,none
2af32219740b40633af023b7e8a17cb376f531cf,9b401f6ea3aa99f83c6a18f4a691ea90fa36314c,2024-12-10T20:10:34Z,ok,3.0,78.0,38.0,2.0,1.0,0.448238171993237,0.0,3.0,116.0,0.0,0.0,0.0,0.0,0.0,0.0,0.0,0.0,0.0,0.0,0.0,0.0,0.0,0.0,0.0,0.0,0.0,0.0,0.0,0.0,0.0,0,0,0,0,0,0,0,0,2.0,0.0,0.0,0.0,0.0,0.0,0.0,0.0,0.0,0.0,0.0,0.0,0.0,0.0,0.0,0.0,0.0,0.0,0.0,0.0,0.0,0.0,0.0,0.0,0.0,0.0,0.0,0.0,0.0,0.0,0.0,0.0,4.0,3.0,0.0,0.0,0.0,0.0,0.0,0.0,0.0,0.0,0.0,0.0,0.0,0.0,0.0,0.0,0.0,0.0,0.0,1.0,0.0,0.0,0.0,0.0,0.0,0.0,0.0,0.0,0.0,0.0,0.0,0.0,0.0,0.0,68.0,0.0,1.0,0.0,76.9595563271605,6.0,200,198.0,0.0,0,1.2221864732678792e-05,7.01675551603807e-05,none,-11.151,-0.0102,1,none,8.835,0.0792,0.99666,none,-3,-0.0417,1,none,0.509,0.032,1,none,0,0,1,none,-3,-0.0061,1,none
551bae07a755a60ccc8f952b3770c0b837ab27fe,2af32219740b40633af023b7e8a17cb376f531cf,2024-12-16T18:31:33+08:00,ok,1.0,26.0,3.0,1.0,1.0,0.0,0.0,1.0,29.0,0.0,0.0,0.0,0.0,0.0,0.0,0.0,0.0,0.0,0.0,0.0,0.0,0.0,0.0,0.0,0.0,0.0,0.0,0.0,0.0,0.0,0,0,0,0,0,0,0,0,0.0,0.0,0.0,0.0,0.0,0.0,0.0,0.0,0.0,0.0,0.0,0.0,0.0,0.0,0.0,0.0,0.0,0.0,0.0,0.0,0.0,0.0,0.0,0.0,0.0,0.0,0.0,0.0,0.0,0.0,0.0,0.0,0.0,0.0,0.0,0.0,0.0,0.0,0.0,0.0,0.0,0.0,0.0,0.0,0.0,0.0,0.0,0.0,0.0,0.0,1.0,0.0,0.0,0.0,0.0,0.0,0.0,0.0,0.0,0.0,0.0,0.0,0.0,0.0,0.0,0.0,40.0,0.0,1.0,35.0,18.93181712962963,7.0,75,75.0,0.0,0,4.5831432601975705e-06,2.6576754553041e-05,none,8.999,0.0081,1,none,11.863,0.1085,0.99666,none,5,0.0694,1,none,-3.664,-0.2078,1,none,0,0,1,none,-1,-0.002,1,none
d99e4a23ca0d9a6162e6c78ff52646189bc41d1a,551bae07a755a60ccc8f952b3770c0b837ab27fe,2024-12-17T13:15:30+01:00,ok,6.0,313.0,13.0,4.0,1.0,0.7572292369026253,0.0,4.0,318.0,0.0,0.0,0.0,0.0,0.0,0.0,1.0,6.0,0.0,0.0,0.0,0.0,1.0,2.0,0.0,0.0,0.0,0.0,0.0,0.0,0.0,0,0,0,0,0,0,0,0,11.0,2.0,0.0,0.0,0.0,0.0,0.0,0.0,0.0,0.0,0.0,0.0,0.0,0.0,0.0,0.0,0.0,0.0,0.0,0.0,0.0,0.0,0.0,0.0,0.0,0.0,0.0,0.0,1.0,0.0,0.0,0.0,0.0,0.0,0.0,0.0,0.0,0.0,0.0,0.0,0.0,0.0,0.0,0.0,8.0,0.0,0.0,0.0,0.0,0.0,1.0,0.0,0.0,0.0,0.0,0.0,0.0,0.0,0.0,0.0,0.0,0.0,0.0,0.0,0.0,0.0,37.0,0.0,1.0,36.0,81.52525694444445,7.0,948,950.0,0.0,0,5.793066530435904e-05,0.00033662994447377655,none,2.586,0.0024,1,none,-2.221,-0.02,0.99666,none,2,0.0286,1,none,-0.607,-0.0309,1,none,0,0,1,none,-3,-0.0061,1,none
606ac6c743ad552a484ebae0251411744b18c55c,d99e4a23ca0d9a6162e6c78ff52646189bc41d1a,2024-12-22T22:47:21+01:00,ok,1.0,5.0,1.0,1.0,1.0,0.0,0.0,1.0,6.0,0.0,0.0,0.0,0.0,0.0,0.0,0.0,0.0,0.0,0.0,0.0,0.0,0.0,0.0,0.0,0.0,0.0,0.0,0.0,0.0,0.0,0,0,0,0,0,0,0,0,0.0,0.0,0.0,0.0,0.0,0.0,0.0,0.0,0.0,0.0,0.0,0.0,0.0,0.0,0.0,0.0,0.0,0.0,0.0,0.0,0.0,0.0,0.0,0.0,0.0,0.0,0.0,0.0,0.0,0.0,0.0,0.0,0.0,0.0,0.0,0.0,0.0,0.0,0.0,0.0,0.0,0.0,0.0,0.0,0.0,0.0,0.0,0.0,0.0,0.0,0.0,1.0,0.0,0.0,0.0,0.0,0.0,0.0,0.0,0.0,0.0,0.0,0.0,0.0,0.0,0.0,64.0,0.0,1.0,37.0,6.469305555555556,7.0,18,17.0,0.0,0,1.0998856241160433e-06,6.021877125368397e-06,none,3.187,0.0029,1,none,-9.654,-0.0801,0.99666,none,7,0.1029,1,none,-6.669,-0.31,0.4026,none,0,0,1,none,1,0.002,1,none
873698a1a2063c6c29ef84e4f0ba86edb14d0592,606ac6c743ad552a484ebae0251411744b18c55c,2024-12-22T22:47:39+01:00,ok,2.0,16.0,7.0,2.0,1.0,0.2580186686648155,0.0,2.0,23.0,0.0,0.0,0.0,0.0,0.0,0.0,0.0,0.0,0.0,0.0,0.0,0.0,0.0,0.0,0.0,0.0,0.0,0.0,0.0,0.0,0.0,0,0,0,0,0,0,0,0,0.0,0.0,0.0,0.0,0.0,0.0,0.0,0.0,0.0,0.0,0.0,0.0,1.0,1.0,0.0,0.0,0.0,0.0,0.0,0.0,0.0,0.0,0.0,0.0,0.0,0.0,0.0,0.0,0.0,0.0,0.0,0.0,0.0,0.0,0.0,0.0,0.0,0.0,0.0,0.0,0.0,0.0,0.0,0.0,0.0,0.0,0.0,0.0,0.0,0.0,0.0,1.0,0.0,0.0,0.0,0.0,0.0,0.0,0.0,0.0,0.0,0.0,0.0,0.0,0.0,0.0,49.0,0.0,1.0,139.0,31.01791087962963,7.0,-26,-27.0,0.0,0,-1.5887219318663156e-06,-9.564100193513627e-06,none,-8.179,-0.0074,1,none,5.682,0.0518,0.99666,none,14,0.1867,1,none,-5.119,-0.25,1,none,0,0,1,none,19,0.0389,1,none
1e3399eac865e13a96d615862524f8f5c33d45f2,873698a1a2063c6c29ef84e4f0ba86edb14d0592,2024-12-22T22:55:50+01:00,ok,14.0,247.0,119.0,9.0,1.0,0.6908966617194342,0.0,9.0,160.0,0.0,0.0,0.0,0.0,0.0,0.0,4.0,148.0,0.0,0.0,0.0,0.0,0.0,0.0,0.0,0.0,0.0,0.0,1.0,58.0,0.0,0,0,0,0,0,0,0,0,2.0,1.0,0.0,0.0,0.0,0.0,0.0,0.0,0.0,0.0,0.0,0.0,0.0,0.0,0.0,0.0,0.0,0.0,0.0,0.0,0.0,0.0,0.0,0.0,0.0,0.0,0.0,0.0,0.0,0.0,0.0,0.0,0.0,0.0,0.0,0.0,0.0,0.0,0.0,0.0,0.0,0.0,0.0,0.0,0.0,0.0,0.0,0.0,0.0,0.0,0.0,1.0,0.0,0.0,0.0,0.0,0.0,0.0,0.0,0.0,0.0,0.0,0.0,0.0,0.0,0.0,57.0,0.0,1.0,38.0,67.02091319444443,8.0,219,220.0,0.0,0,1.3381948301684109e-05,7.793045061511921e-05,none,-1.652,-0.0016,1,none,3.544,0.0333,1,none,-5,-0.0694,1,none,-3.017,-0.1619,1,none,0,0,1,none,-14,-0.0287,1,none
56fca30bd0ab54018e8b848f06ee061658596561,1e3399eac865e13a96d615862524f8f5c33d45f2,2024-12-22T23:10:11+01:00,ok,1.0,3.0,1.0,1.0,1.0,0.0,0.0,1.0,4.0,0.0,0.0,0.0,0.0,0.0,0.0,0.0,0.0,0.0,0.0,0.0,0.0,0.0,0.0,0.0,0.0,0.0,0.0,0.0,0.0,0.0,0,0,0,0,0,0,0,0,0.0,0.0,0.0,0.0,0.0,0.0,0.0,0.0,0.0,0.0,0.0,0.0,0.0,0.0,0.0,0.0,0.0,0.0,0.0,0.0,0.0,0.0,0.0,0.0,0.0,0.0,0.0,0.0,0.0,0.0,0.0,0.0,0.0,0.0,0.0,0.0,0.0,0.0,0.0,0.0,0.0,0.0,0.0,0.0,0.0,0.0,0.0,0.0,0.0,0.0,0.0,1.0,0.0,0.0,0.0,0.0,0.0,0.0,0.0,0.0,0.0,0.0,0.0,0.0,0.0,0.0,89.0,0.0,1.0,63.0,25.416979166666668,3.0,3,3.0,0.0,0,1.83311907226577e-07,1.0626051536349951e-06,none,-3.317,-0.003,1,none,-2.403,-0.0219,1,none,8,0.1127,1,none,-2.285,-0.1138,1,none,0,0,1,none,-2,-0.0041,1,none
107eae3916d293e9431d3fda61fe3a7c1398a90d,56fca30bd0ab54018e8b848f06ee061658596561,2024-12-23T11:10:35+01:00,ok,7.0,1064.0,677.0,5.0,1.0,0.38572975046329394,0.0,6.0,1590.0,0.0,0.0,0.0,0.0,0.0,0.0,1.0,151.0,0.0,0.0,0.0,0.0,0.0,0.0,0.0,0.0,0.0,0.0,0.0,0.0,0.0,0,0,0,0,0,0,0,0,8.0,8.0,0.0,0.0,0.0,0.0,0.0,0.0,0.0,0.0,0.0,0.0,0.0,0.0,0.0,0.0,0.0,0.0,3.0,2.0,10.0,8.0,0.0,0.0,0.0,0.0,0.0,0.0,1.0,1.0,0.0,0.0,0.0,0.0,0.0,0.0,0.0,0.0,0.0,0.0,0.0,0.0,0.0,0.0,4.0,12.0,0.0,0.0,0.0,0.0,0.0,0.0,0.0,1.0,0.0,0.0,0.0,0.0,0.0,0.0,0.0,0.0,0.0,0.0,0.0,0.0,54.0,0.0,1.0,39.0,12.232291666666669,7.0,357,356.0,0.0,0,2.1814112961176012e-05,0.00012609567757476925,none,13.791,0.0127,1,none,0.609,0.0056,0.99666,none,3.5,0.0519,1,none,2.362,0.1532,1,none,0,0,1,none,16,0.0316,1,none
36274f1f3e4396e37b52a675bbc1b176b25961cb,107eae3916d293e9431d3fda61fe3a7c1398a90d,2025-01-05T16:53:05+01:00,ok,11.0,229.0,193.0,9.0,3.0,0.6684269019342238,0.0,4.0,276.0,0.0,0.0,0.0,0.0,0.0,0.0,6.0,128.0,1.0,18.0,0.0,0.0,0.0,0.0,0.0,0.0,0.0,0.0,0.0,0.0,0.0,0,0,0,0,0,0,0,0,3.0,1.0,0.0,2.0,0.0,0.0,0.0,0.0,0.0,0.0,0.0,0.0,0.0,0.0,0.0,0.0,0.0,0.0,1.0,1.0,0.0,0.0,0.0,0.0,1.0,0.0,12.0,1.0,0.0,0.0,0.0,0.0,0.0,2.0,2.0,2.0,0.0,0.0,0.0,0.0,0.0,2.0,0.0,0.0,0.0,0.0,0.0,0.0,0.0,0.0,1.0,0.0,0.0,0.0,0.0,0.0,0.0,0.0,0.0,0.0,0.0,0.0,0.0,0.0,0.0,0.0,65.0,0.0,2.0,140.0,57.50918113425926,10.0,11,11.0,0.0,0,6.72128874723671e-07,3.8957235226265395e-06,none,6.111,0.0056,1,none,1.535,0.0142,0.99666,none,-7,-0.0843,1,none,5.395,0.4402,1,none,0,0,1,none,19,0.0375,1,none
c84babf574914fb642bb8ea79ea29e279e8c2a53,36274f1f3e4396e37b52a675bbc1b176b25961cb,2025-01-05T17:10:55+01:00,ok,1.0,43.0,2.0,1.0,1.0,0.0,0.0,1.0,45.0,0.0,0.0,0.0,0.0,0.0,0.0,0.0,0.0,0.0,0.0,0.0,0.0,0.0,0.0,0.0,0.0,0.0,0.0,0.0,0.0,0.0,0,0,0,0,0,0,0,0,1.0,0.0,0.0,0.0,0.0,0.0,0.0,0.0,0.0,0.0,0.0,0.0,0.0,0.0,0.0,0.0,0.0,0.0,0.0,0.0,0.0,0.0,0.0,0.0,0.0,0.0,0.0,0.0,0.0,0.0,0.0,0.0,1.0,1.0,0.0,0.0,0.0,0.0,0.0,0.0,0.0,0.0,0.0,0.0,0.0,0.0,0.0,0.0,0.0,0.0,1.0,0.0,0.0,0.0,0.0,0.0,0.0,0.0,0.0,0.0,0.0,0.0,0.0,0.0,0.0,0.0,43.0,0.0,1.0,141.0,242.30491898148148,2.0,155,157.0,0.0,0,9.470900505440575e-06,5.560238275688655e-05,none,46.152,0.0437,1,none,0.387,0.0035,1,none,-7,-0.0843,1,none,3.952,0.236,1,none,0,0,1,none,20,0.041,1,none
12c39d1034f696dcade2c66115392543a3985d57,d33e42e3a1a955fa95c61310128dfe4ca2e5fdae,2025-01-05T21:12:07Z,ok,2.0,8.0,3.0,1.0,1.0,0.9456603046006401,0.0,2.0,11.0,0.0,0.0,0.0,0.0,0.0,0.0,0.0,0.0,0.0,0.0,0.0,0.0,0.0,0.0,0.0,0.0,0.0,0.0,0.0,0.0,0.0,0,0,0,0,0,0,0,0,2.0,2.0,0.0,0.0,0.0,0.0,0.0,0.0,0.0,0.0,0.0,0.0,0.0,0.0,0.0,0.0,0.0,0.0,0.0,0.0,0.0,0.0,0.0,0.0,0.0,0.0,0.0,0.0,0.0,0.0,0.0,0.0,0.0,0.0,0.0,0.0,0.0,0.0,1.0,0.0,0.0,0.0,0.0,0.0,0.0,0.0,0.0,0.0,0.0,0.0,1.0,0.0,0.0,0.0,0.0,0.0,0.0,0.0,0.0,0.0,0.0,0.0,0.0,0.0,0.0,0.0,40.0,0.0,1.0,0.0,242.51408564814815,2.0,1,1.0,0.0,0,6.110382346176624e-08,3.5416270447141037e-07,none,-15.231,-0.0137,1,none,-2.583,-0.0234,0.99666,none,17.5,0.2518,1,none,-2.112,-0.1039,1,none,0,0,1,none,-1,-0.002,1,none
b63689c23095d7a5fcea35a8d1e892f3ddacc1d0,c84babf574914fb642bb8ea79ea29e279e8c2a53,2025-01-05T21:45:04+01:00,ok,5.0,32.0,12.0,4.0,1.0,0.9014183930703472,0.0,3.0,25.0,0.0,0.0,0.0,0.0,0.0,0.0,2.0,19.0,0.0,0.0,0.0,0.0,0.0,0.0,0.0,0.0,0.0,0.0,0.0,0.0,0.0,0,0,0,0,0,0,0,0,2.0,2.0,0.0,0.0,0.0,0.0,0.0,0.0,0.0,0.0,0.0,0.0,0.0,0.0,0.0,0.0,0.0,0.0,0.0,0.0,0.0,0.0,0.0,0.0,0.0,0.0,0.0,0.0,0.0,0.0,0.0,0.0,0.0,0.0,0.0,0.0,0.0,0.0,0.0,0.0,0.0,0.0,0.0,0.0,0.0,0.0,0.0,0.0,0.0,0.0,1.0,0.0,0.0,0.0,0.0,0.0,0.0,0.0,0.0,0.0,0.0,0.0,0.0,0.0,0.0,0.0,55.0,0.0,1.0,142.0,138.49662808641975,9.0,19,16.0,0.0,0,1.1609380990860668e-06,5.666169814401067e-06,none,-0.891,-0.0008,1,none,1.35,0.0125,0.99666,none,3,0.0435,1,none,0.988,0.054,1,none,0,0,1,none,0,0,1,none
3b9ffd958615103ffd499566248ceb4db84cb530,b63689c23095d7a5fcea35a8d1e892f3ddacc1d0,2025-01-05T21:47:20+01:00,ok,1.0,2.0,1.0,1.0,1.0,0.0,0.0,1.0,3.0,0.0,0.0,0.0,0.0,0.0,0.0,0.0,0.0,0.0,0.0,0.0,0.0,0.0,0.0,0.0,0.0,0.0,0.0,0.0,0.0,0.0,0,0,0,0,0,0,0,0,0.0,0.0,0.0,0.0,0.0,0.0,0.0,0.0,0.0,0.0,0.0,0.0,0.0,0.0,0.0,0.0,0.0,0.0,0.0,0.0,0.0,0.0,0.0,0.0,0.0,0.0,0.0,0.0,0.0,0.0,0.0,0.0,0.0,0.0,0.0,0.0,0.0,0.0,0.0,0.0,0.0,0.0,0.0,0.0,0.0,0.0,0.0,0.0,0.0,0.0,0.0,1.0,0.0,0.0,0.0,0.0,0.0,0.0,0.0,0.0,0.0,0.0,0.0,0.0,0.0,0.0,66.0,0.0,1.0,64.0,13.952430555555555,5.0,33,34.0,0.0,0,2.0163638312232593e-06,1.2040542631843057e-05,none,-4.018,-0.0038,1,none,1.542,0.0142,0.99666,none,-3,-0.04,1,none,17.911,9.2755,1,none,0,0,1,none,37,0.076,1,none
d33e42e3a1a955fa95c61310128dfe4ca2e5fdae,3b9ffd958615103ffd499566248ceb4db84cb530,2025-01-05T21:50:24+01:00,ok,9.0,283.0,173.0,6.0,1.0,0.6978448626870487,0.0,7.0,396.0,1.0,56.0,0.0,0.0,0.0,0.0,0.0,0.0,0.0,0.0,0.0,0.0,1.0,4.0,0.0,0.0,0.0,0.0,0.0,0.0,0.0,0,0,0,0,0,0,0,0,7.0,3.0,0.0,0.0,0.0,2.0,1.0,1.0,5.0,0.0,0.0,0.0,5.0,6.0,1.0,1.0,0.0,0.0,0.0,0.0,2.0,2.0,0.0,0.0,0.0,0.0,0.0,0.0,0.0,0.0,0.0,0.0,0.0,0.0,0.0,0.0,0.0,0.0,0.0,0.0,0.0,0.0,0.0,0.0,4.0,14.0,1.0,1.0,1.0,3.0,1.0,0.0,0.0,0.0,0.0,0.0,0.0,0.0,0.0,0.0,0.0,0.0,0.0,0.0,0.0,0.0,40.0,0.0,1.0,40.0,121.27382844650207,10.0,-539,-266.0,-274.0,0,-3.293387616996984e-05,-9.419840521391714e-05,none,-0.059,-0.0001,1,none,1.501,0.0138,0.99666,none,8,0.1159,1,none,2.547,0.1415,0.95617,none,0,0,1,none,2,0.0041,1,none
f2f821991756b1884b7d1cd00dfb5eec04e82b8e,12c39d1034f696dcade2c66115392543a3985d57,2025-01-05T22:21:39+01:00,ok,1.0,1.0,3.0,1.0,1.0,0.0,0.0,1.0,4.0,0.0,0.0,0.0,0.0,0.0,0.0,0.0,0.0,0.0,0.0,0.0,0.0,0.0,0.0,0.0,0.0,0.0,0.0,0.0,0.0,0.0,0,0,0,0,0,0,0,0,0.0,0.0,0.0,0.0,0.0,0.0,0.0,0.0,0.0,0.0,0.0,0.0,0.0,0.0,0.0,0.0,0.0,0.0,0.0,0.0,0.0,0.0,0.0,0.0,0.0,0.0,0.0,0.0,0.0,0.0,0.0,0.0,0.0,0.0,0.0,0.0,0.0,0.0,1.0,2.0,0.0,0.0,0.0,0.0,0.0,0.0,0.0,0.0,0.0,0.0,1.0,0.0,0.0,0.0,0.0,0.0,0.0,0.0,0.0,0.0,0.0,0.0,0.0,0.0,0.0,0.0,72.0,0.0,1.0,143.0,0.00662037037037037,3.0,-23,-21.0,0.0,0,-1.4053878537460522e-06,-7.437414159844905e-06,none,23.389,0.0218,1,none,-0.676,-0.0061,0.99666,none,-6,-0.0769,1,none,2.054,0.1167,1,none,0,0,1,none,-15,-0.0297,1,none
78ab12c7e656a8b86d2aa65aba760c7eaa60bfa6,f2f821991756b1884b7d1cd00dfb5eec04e82b8e,2025-01-06T21:21:11+01:00,ok,1.0,0.0,1.0,1.0,1.0,0.0,0.0,0.0,0.0,1.0,1.0,0.0,0.0,0.0,0.0,0.0,0.0,0.0,0.0,0.0,0.0,0.0,0.0,0.0,0.0,0.0,0.0,0.0,0.0,0.0,0,0,0,0,0,0,0,0,0.0,0.0,0.0,0.0,0.0,0.0,0.0,0.0,0.0,0.0,0.0,0.0,0.0,0.0,0.0,0.0,0.0,0.0,0.0,0.0,0.0,0.0,0.0,0.0,0.0,0.0,0.0,0.0,0.0,0.0,0.0,0.0,0.0,0.0,0.0,0.0,0.0,0.0,0.0,0.0,0.0,0.0,0.0,0.0,0.0,0.0,0.0,0.0,0.0,0.0,0.0,1.0,0.0,0.0,0.0,0.0,0.0,0.0,0.0,0.0,0.0,0.0,0.0,0.0,0.0,0.0,39.0,0.0,1.0,144.0,371.23086805555556,1.0,35,36.0,-3.0,0,2.138636696097159e-06,1.2749947672089762e-05,none,-23.589,-0.0215,1,none,-0.64,-0.0059,0.99666,none,2,0.029,1,none,3.602,0.2367,1,none,0,0,1,none,15,0.0306,1,none
c92f3bebf5fc4e9a1512be368f05d800ae1b92f7,78ab12c7e656a8b86d2aa65aba760c7eaa60bfa6,2025-01-09T14:26:12+01:00,ok,2.0,9.0,3.0,2.0,2.0,0.9798687566511528,0.0,2.0,12.0,0.0,0.0,0.0,0.0,0.0,0.0,0.0,0.0,0.0,0.0,0.0,0.0,0.0,0.0,0.0,0.0,0.0,0.0,0.0,0.0,0.0,0,0,0,0,0,0,0,0,0.0,0.0,0.0,0.0,0.0,0.0,0.0,0.0,0.0,0.0,0.0,0.0,0.0,0.0,0.0,0.0,0.0,0.0,0.0,0.0,0.0,0.0,0.0,0.0,0.0,0.0,0.0,0.0,0.0,0.0,0.0,0.0,2.0,0.0,0.0,0.0,0.0,0.0,0.0,0.0,0.0,0.0,0.0,0.0,0.0,0.0,0.0,0.0,0.0,0.0,0.0,1.0,0.0,0.0,0.0,0.0,0.0,0.0,0.0,0.0,0.0,0.0,0.0,0.0,0.0,0.0,53.0,0.0,2.0,0.0,9.61083912037037,6.0,-41,-40.0,0.0,0,-2.5052547718840266e-06,-1.4166427903329712e-05,none,-1.159,-0.0011,1,none,-0.373,-0.0034,0.99666,none,0,0,1,none,0.631,0.0353,1,none,0,0,1,none,13,0.0266,1,none
00b5b0a0ca556a527feb3f768fbec5842df86549,c92f3bebf5fc4e9a1512be368f05d800ae1b92f7,2025-01-13T15:03:56Z,ok,9.0,111.0,4.0,7.0,1.0,0.5730439073054997,0.0,6.0,59.0,0.0,0.0,0.0,0.0,0.0,0.0,2.0,53.0,0.0,0.0,0.0,0.0,1.0,3.0,0.0,0.0,0.0,0.0,0.0,0.0,0.0,0,0,0,0,0,0,0,0,4.0,2.0,0.0,0.0,0.0,0.0,0.0,0.0,0.0,0.0,0.0,0.0,0.0,0.0,0.0,0.0,0.0,0.0,0.0,0.0,1.0,0.0,0.0,0.0,0.0,0.0,0.0,0.0,0.0,0.0,0.0,0.0,0.0,0.0,0.0,0.0,0.0,0.0,0.0,0.0,0.0,0.0,0.0,0.0,2.0,0.0,0.0,0.0,0.0,0.0,1.0,0.0,0.0,0.0,0.0,0.0,0.0,0.0,0.0,0.0,0.0,0.0,0.0,0.0,0.0,0.0,58.0,0.0,1.0,41.0,78.5017757936508,9.0,152,152.0,0.0,0,9.287797056745996e-06,5.383318865663882e-05,none,38.977,0.0367,1,none,-0.909,-0.0084,0.99666,none,2,0.027,1,none,0,0,1,none,0,0,1,none,-2,-0.0041,1,none
46f42ef8d79a09976a99dc138878b0f409ba40a9,00b5b0a0ca556a527feb3f768fbec5842df86549,2025-01-14T19:36:47+01:00,ok,4.0,89.0,107.0,3.0,1.0,0.6128869994966865,0.0,1.0,6.0,0.0,0.0,0.0,0.0,0.0,0.0,2.0,134.0,0.0,0.0,0.0,0.0,0.0,0.0,0.0,0.0,0.0,0.0,1.0,56.0,0.0,0,0,0,0,0,0,0,0,0.0,0.0,0.0,0.0,0.0,0.0,0.0,0.0,0.0,0.0,0.0,0.0,0.0,0.0,0.0,0.0,0.0,0.0,0.0,0.0,0.0,0.0,0.0,0.0,0.0,0.0,0.0,0.0,0.0,0.0,0.0,0.0,0.0,0.0,0.0,0.0,0.0,0.0,0.0,0.0,0.0,0.0,0.0,0.0,0.0,0.0,0.0,0.0,0.0,0.0,0.0,1.0,0.0,0.0,0.0,0.0,0.0,0.0,0.0,0.0,0.0,0.0,0.0,0.0,0.0,0.0,61.0,0.0,1.0,145.0,15.885555555555555,7.0,-5,-3.0,0.0,0,-3.055168024464808e-07,-1.0624399500086589e-06,none,-28.518,-0.026,1,none,10.299,0.0948,0.99666,none,9,0.12,1,none,2.39,0.1122,1,none,0,0,1,none,-22,-0.0434,1,none
ae6bee340329850fdeacb4f41a275a435a9edce8,46f42ef8d79a09976a99dc138878b0f409ba40a9,2025-01-14T21:08:25+01:00,ok,3.0,101.0,38.0,3.0,1.0,0.3839319889712187,0.0,2.0,127.0,0.0,0.0,0.0,0.0,0.0,0.0,1.0,12.0,0.0,0.0,0.0,0.0,0.0,0.0,0.0,0.0,0.0,0.0,0.0,0.0,0.0,0,0,0,0,0,0,0,0,1.0,1.0,0.0,0.0,0.0,0.0,0.0,0.0,0.0,0.0,0.0,0.0,0.0,0.0,0.0,0.0,0.0,0.0,0.0,0.0,5.0,2.0,0.0,0.0,0.0,0.0,0.0,0.0,0.0,0.0,0.0,0.0,0.0,0.0,0.0,0.0,0.0,0.0,0.0,0.0,0.0,0.0,0.0,0.0,0.0,0.0,0.0,0.0,0.0,0.0,1.0,0.0,0.0,0.0,0.0,0.0,0.0,0.0,0.0,0.0,0.0,0.0,0.0,0.0,0.0,0.0,58.0,0.0,1.0,146.0,119.5108449074074,5.0,146,144.0,0.0,0,8.921093356981156e-06,5.099717178184827e-05,none,-4.521,-0.0043,1,none,-9.477,-0.0797,0.99666,none,3,0.0341,1,none,3.456,0.2437,1,none,0,0,1,none,0,0,1,none
8551823da9fca1eea03b30be1f27993ebd2951e3,ae6bee340329850fdeacb4f41a275a435a9edce8,2025-01-16T16:59:11+01:00,ok,45.0,179.0,169.0,17.0,10.0,0.9135746713367777,0.0,40.0,309.0,0.0,0.0,0.0,0.0,0.0,0.0,1.0,5.0,0.0,0.0,1.0,16.0,0.0,0.0,2.0,5.0,1.0,13.0,0.0,0.0,0.0,1,0,2,2,0,0,0,0,43.0,65.0,0.0,0.0,0.0,0.0,1.0,1.0,0.0,0.0,0.0,0.0,0.0,0.0,0.0,0.0,0.0,0.0,0.0,0.0,0.0,0.0,0.0,0.0,0.0,0.0,0.0,0.0,0.0,0.0,0.0,0.0,0.0,0.0,0.0,0.0,0.0,0.0,0.0,0.0,0.0,0.0,0.0,0.0,0.0,0.0,0.0,0.0,0.0,0.0,1.0,0.0,0.0,0.0,0.0,0.0,0.0,0.0,0.0,0.0,0.0,0.0,0.0,0.0,0.0,0.0,26.0,0.0,1.0,9.0,199.5358587962963,17.0,571,446.0,127.0,0,3.48897182444447e-05,0.00015794151914244129,none,36.933,0.0349,1,none,0.829,0.0076,0.99666,none,1,0.0143,1,none,-0.184,-0.0116,1,none,0,0,1,none,14,0.0296,1,none
91ebf8b0ea69a7203c9d1ecc9b7622954dbbc322,8551823da9fca1eea03b30be1f27993ebd2951e3,2025-01-17T18:07:03+01:00,ok,33.0,3270.0,1704.0,12.0,3.0,0.5783327131305153,0.0,22.0,4726.0,0.0,0.0,0.0,0.0,0.0,0.0,9.0,227.0,0.0,0.0,0.0,0.0,0.0,0.0,1.0,1.0,1.0,20.0,0.0,0.0,0.0,0,0,0,0,1,0,0,0,28.0,30.0,0.0,0.0,0.0,0.0,0.0,0.0,0.0,0.0,0.0,0.0,0.0,0.0,0.0,0.0,0.0,0.0,11.0,5.0,63.0,22.0,0.0,0.0,0.0,0.0,0.0,0.0,0.0,0.0,0.0,0.0,0.0,0.0,0.0,0.0,0.0,0.0,0.0,0.0,0.0,0.0,0.0,0.0,4.0,4.0,0.0,0.0,0.0,0.0,1.0,0.0,0.0,0.0,0.0,0.0,0.0,0.0,0.0,0.0,0.0,0.0,0.0,0.0,0.0,0.0,54.0,0.0,1.0,27.0,56.25951073232323,12.0,3547,3546.0,0.0,0,0.000216724190941161,0.0012555430135015133,none,12.678,0.0115,1,none,-2.258,-0.0207,0.99666,none,-19,-0.2135,1,none,4.283,0.3018,1,none,0,0,1,none,-17,-0.0326,1,none
fa05ae1230079eeb1b87d900236ceb3260103e90,91ebf8b0ea69a7203c9d1ecc9b7622954dbbc322,2025-01-22T12:43:02+01:00,ok,1.0,134.0,128.0,1.0,1.0,0.0,0.0,1.0,262.0,0.0,0.0,0.0,0.0,0.0,0.0,0.0,0.0,0.0,0.0,0.0,0.0,0.0,0.0,0.0,0.0,0.0,0.0,0.0,0.0,0.0,0,0,0,0,0,0,0,0,0.0,0.0,0.0,0.0,0.0,0.0,1.0,1.0,0.0,0.0,3.0,3.0,4.0,4.0,0.0,0.0,1.0,1.0,0.0,0.0,0.0,0.0,0.0,0.0,0.0,0.0,0.0,0.0,0.0,0.0,0.0,0.0,1.0,1.0,0.0,0.0,0.0,0.0,0.0,0.0,0.0,0.0,0.0,0.0,0.0,0.0,0.0,0.0,0.0,0.0,0.0,0.0,0.0,1.0,0.0,0.0,0.0,0.0,0.0,0.0,0.0,0.0,0.0,0.0,0.0,0.0,39.0,0.0,1.0,147.0,259.1188888888889,3.0,-15,-14.0,0.0,0,-9.163119470401017e-07,-4.950806663219962e-06,none,-37.213,-0.0328,1,none,-5.413,-0.0479,0.99666,none,3.5,0.0479,1,none,8.498,0.8076,1,none,0,0,1,none,1,0.002,1,none
ec06fbc1fcad2a8fa9ebfd971f29b7301c15245e,fa05ae1230079eeb1b87d900236ceb3260103e90,2025-01-22T21:30:15+01:00,ok,1.0,7.0,13.0,1.0,1.0,0.0,0.0,1.0,20.0,0.0,0.0,0.0,0.0,0.0,0.0,0.0,0.0,0.0,0.0,0.0,0.0,0.0,0.0,0.0,0.0,0.0,0.0,0.0,0.0,0.0,0,0,0,0,0,0,0,0,0.0,0.0,0.0,0.0,0.0,0.0,1.0,0.0,0.0,0.0,0.0,0.0,0.0,0.0,0.0,0.0,0.0,0.0,0.0,0.0,0.0,0.0,0.0,0.0,0.0,0.0,0.0,0.0,0.0,0.0,0.0,0.0,0.0,0.0,0.0,0.0,0.0,0.0,0.0,0.0,0.0,0.0,0.0,0.0,0.0,0.0,0.0,0.0,0.0,0.0,0.0,1.0,0.0,0.0,0.0,0.0,0.0,0.0,0.0,0.0,0.0,0.0,0.0,0.0,0.0,0.0,67.0,0.0,1.0,148.0,57.10891203703704,4.0,3,5.0,0.0,0,1.8326255733369106e-07,1.7681539906528308e-06,none,17.656,0.0161,1,none,4.648,0.043,0.46459,none,-1,-0.0139,1,none,-0.815,-0.0432,1,none,0,0,1,none,0,0,1,none
dd1b45a25a171549e82706b156330e22098c85b5,ec06fbc1fcad2a8fa9ebfd971f29b7301c15245e,2025-01-23T07:25:46+08:00,ok,2.0,150.0,44.0,2.0,1.0,0.5954670513561874,0.0,2.0,194.0,0.0,0.0,0.0,0.0,0.0,0.0,0.0,0.0,0.0,0.0,0.0,0.0,0.0,0.0,0.0,0.0,0.0,0.0,0.0,0.0,0.0,0,0,0,0,0,0,0,0,0.0,0.0,0.0,0.0,0.0,0.0,0.0,0.0,0.0,0.0,0.0,0.0,0.0,0.0,0.0,0.0,0.0,0.0,6.0,2.0,4.0,2.0,0.0,0.0,0.0,0.0,0.0,0.0,0.0,0.0,0.0,0.0,0.0,0.0,0.0,0.0,0.0,0.0,0.0,0.0,0.0,0.0,0.0,0.0,0.0,0.0,0.0,0.0,0.0,0.0,0.0,0.0,1.0,0.0,0.0,0.0,0.0,0.0,0.0,0.0,0.0,0.0,0.0,0.0,0.0,0.0,48.0,1.0,1.0,42.0,85.19820601851852,5.0,239,237.0,0.0,0,1.4599914391966406e-05,8.381035096733766e-05,none,14.598,0.0133,1,none,-3.449,-0.0305,0.99666,none,-5.5,-0.0738,1,none,-2.425,-0.1298,1,none,0,0,1,none,-1,-0.002,1,none
0bf234fcc921c47f1f3395e6410023fc7efc11f0,dd1b45a25a171549e82706b156330e22098c85b5,2025-01-23T07:26:12+08:00,ok,2.0,70.0,3.0,2.0,1.0,0.8829589691462253,0.0,2.0,73.0,0.0,0.0,0.0,0.0,0.0,0.0,0.0,0.0,0.0,0.0,0.0,0.0,0.0,0.0,0.0,0.0,0.0,0.0,0.0,0.0,0.0,0,0,0,0,0,0,0,0,2.0,0.0,0.0,0.0,0.0,0.0,0.0,0.0,0.0,0.0,0.0,0.0,0.0,0.0,0.0,0.0,0.0,0.0,2.0,0.0,2.0,0.0,0.0,0.0,0.0,0.0,0.0,0.0,0.0,0.0,0.0,0.0,0.0,0.0,0.0,0.0,0.0,0.0,0.0,0.0,0.0,0.0,0.0,0.0,0.0,0.0,0.0,0.0,0.0,0.0,0.0,1.0,0.0,0.0,0.0,0.0,0.0,0.0,0.0,0.0,0.0,0.0,0.0,0.0,0.0,0.0,42.0,0.0,1.0,43.0,4.674548611111111,6.0,127,126.0,0.0,0,7.758000239215189e-06,4.4553667721574936e-05,none,-0.617,-0.0006,1,none,0.191,0.0016,0.99666,none,-3.5,-0.0467,1,none,5.931,0.3951,0.80519,none,0,0,1,none,13,0.0264,1,none
f87c2cde09ea7bdf91abbf238ab3fd4a0133c2ce,0bf234fcc921c47f1f3395e6410023fc7efc11f0,2025-01-23T16:50:47+01:00,ok,2.0,139.0,12.0,1.0,1.0,0.8868840152617313,0.0,1.0,46.0,0.0,0.0,0.0,0.0,0.0,0.0,1.0,105.0,0.0,0.0,0.0,0.0,0.0,0.0,0.0,0.0,0.0,0.0,0.0,0.0,0.0,0,0,0,0,0,0,0,0,0.0,0.0,0.0,0.0,0.0,0.0,0.0,0.0,0.0,0.0,0.0,0.0,0.0,0.0,0.0,0.0,0.0,0.0,0.0,0.0,1.0,0.0,0.0,0.0,0.0,0.0,0.0,0.0,0.0,0.0,0.0,0.0,0.0,0.0,0.0,0.0,0.0,0.0,0.0,0.0,0.0,0.0,0.0,0.0,0.0,0.0,0.0,0.0,0.0,0.0,1.0,0.0,0.0,0.0,0.0,0.0,0.0,0.0,0.0,0.0,0.0,0.0,0.0,0.0,0.0,0.0,53.0,0.0,1.0,149.0,6.994166666666667,3.0,28,30.0,0.0,0,1.7104119802141985e-06,1.0607543519215212e-05,none,-1.368,-0.0012,1,none,-0.261,-0.0024,1,none,7.5,0.1079,1,none,-1.59,-0.0835,1,none,0,0,1,none,15,0.0306,1,none
8f20b29b7312a6075674177238485e7598bc3276,f87c2cde09ea7bdf91abbf238ab3fd4a0133c2ce,2025-01-24T16:50:07+01:00,ok,1.0,4.0,4.0,1.0,1.0,0.0,0.0,1.0,8.0,0.0,0.0,0.0,0.0,0.0,0.0,0.0,0.0,0.0,0.0,0.0,0.0,0.0,0.0,0.0,0.0,0.0,0.0,0.0,0.0,0.0,0,0,0,0,0,0,0,0,0.0,0.0,0.0,0.0,0.0,0.0,0.0,0.0,0.0,0.0,0.0,0.0,0.0,0.0,0.0,0.0,0.0,0.0,0.0,0.0,0.0,0.0,0.0,0.0,0.0,0.0,0.0,0.0,0.0,0.0,0.0,0.0,0.0,0.0,0.0,0.0,0.0,0.0,0.0,0.0,0.0,0.0,0.0,0.0,0.0,0.0,0.0,0.0,0.0,0.0,0.0,1.0,0.0,0.0,0.0,0.0,0.0,0.0,0.0,0.0,0.0,0.0,0.0,0.0,0.0,0.0,59.0,0.0,1.0,0.0,6.946574074074074,3.0,27,26.0,0.0,0,1.6493230170418438e-06,9.193106867038681e-06,none,-13.666,-0.0123,1,none,-1.665,-0.0148,0.99666,none,7,0.0972,1,none,1.42,0.0874,1,none,0,0,1,none,0,0,1,none
49f1276ef238b51f80254408972f5046feb6b784,8f20b29b7312a6075674177238485e7598bc3276,2025-01-24T20:18:08+01:00,ok,3.0,121.0,122.0,3.0,1.0,0.3427221001261072,0.0,1.0,14.0,0.0,0.0,0.0,0.0,0.0,0.0,2.0,229.0,0.0,0.0,0.0,0.0,0.0,0.0,0.0,0.0,0.0,0.0,0.0,0.0,0.0,0,0,0,0,0,0,0,0,0.0,0.0,0.0,0.0,0.0,0.0,0.0,0.0,0.0,0.0,0.0,0.0,0.0,0.0,0.0,0.0,0.0,0.0,0.0,0.0,1.0,0.0,0.0,0.0,0.0,0.0,0.0,0.0,0.0,0.0,0.0,0.0,0.0,0.0,0.0,0.0,0.0,0.0,0.0,0.0,0.0,0.0,0.0,0.0,0.0,0.0,0.0,0.0,0.0,0.0,0.0,1.0,0.0,0.0,0.0,0.0,0.0,0.0,0.0,0.0,0.0,0.0,0.0,0.0,0.0,0.0,59.0,0.0,1.0,28.0,7.091030092592592,1.0,39,39.0,0.0,0,2.382351539793212e-06,1.3789533531902616e-05,none,45.023,0.0407,1,none,-8.394,-0.0718,0.99666,none,6,0.075,1,none,0.182,0.0095,1,none,0,0,1,none,16,0.0316,1,none
b8da5065fdc77a34d25ea149169f7bb90e46a892,49f1276ef238b51f80254408972f5046feb6b784,2025-01-25T17:00:26+01:00,ok,1.0,40.0,24.0,1.0,1.0,0.0,0.0,1.0,64.0,0.0,0.0,0.0,0.0,0.0,0.0,0.0,0.0,0.0,0.0,0.0,0.0,0.0,0.0,0.0,0.0,0.0,0.0,0.0,0.0,0.0,0,0,0,0,0,0,0,0,0.0,0.0,0.0,0.0,0.0,0.0,0.0,0.0,0.0,0.0,0.0,0.0,0.0,0.0,0.0,0.0,0.0,0.0,0.0,0.0,1.0,0.0,0.0,0.0,0.0,0.0,0.0,0.0,0.0,0.0,0.0,0.0,0.0,0.0,0.0,0.0,0.0,0.0,0.0,0.0,0.0,0.0,0.0,0.0,0.0,0.0,0.0,0.0,0.0,0.0,0.0,1.0,0.0,0.0,0.0,0.0,0.0,0.0,0.0,0.0,0.0,0.0,0.0,0.0,0.0,0.0,57.0,0.0,1.0,0.0,7.953738425925926,5.0,63,62.0,0.0,0,3.8484048575665655e-06,2.1921520250357906e-05,none,0.936,0.0009,1,none,3.732,0.032,0.99666,none,2,0.0278,1,none,-0.651,-0.0364,1,none,0,0,1,none,33,0.0671,1,none
807b3c59f2eae4b152142a54b5044e4cc485e579,b8da5065fdc77a34d25ea149169f7bb90e46a892,2025-01-25T17:00:39+01:00,ok,2.0,15.0,5.0,2.0,1.0,0.28639695711595625,0.0,2.0,20.0,0.0,0.0,0.0,0.0,0.0,0.0,0.0,0.0,0.0,0.0,0.0,0.0,0.0,0.0,0.0,0.0,0.0,0.0,0.0,0.0,0.0,0,0,0,0,0,0,0,0,3.0,1.0,0.0,0.0,0.0,0.0,0.0,0.0,0.0,0.0,0.0,0.0,0.0,0.0,0.0,0.0,0.0,0.0,0.0,0.0,1.0,1.0,0.0,0.0,0.0,0.0,0.0,0.0,0.0,0.0,0.0,0.0,0.0,0.0,0.0,0.0,0.0,0.0,0.0,0.0,0.0,0.0,0.0,0.0,0.0,0.0,0.0,0.0,0.0,0.0,0.0,1.0,0.0,0.0,0.0,0.0,0.0,0.0,0.0,0.0,0.0,0.0,0.0,0.0,0.0,0.0,59.0,0.0,1.0,1.0,262.29778935185186,3.0,33,35.0,0.0,0,2.0158233581637976e-06,1.237478048023341e-05,none,-17.114,-0.0153,1,none,6.352,0.0583,0.99666,none,3.5,0.0483,1,none,-4.482,-0.214,1,none,0,0,1,none,-16,-0.0316,1,none
65f218b100a90b6b5b18c1f1865d443b8991aeb0,807b3c59f2eae4b152142a54b5044e4cc485e579,2025-01-25T17:05:50+01:00,ok,1.0,8.0,0.0,1.0,1.0,0.0,0.0,1.0,8.0,0.0,0.0,0.0,0.0,0.0,0.0,0.0,0.0,0.0,0.0,0.0,0.0,0.0,0.0,0.0,0.0,0.0,0.0,0.0,0.0,0.0,0,0,0,0,0,0,0,0,0.0,0.0,0.0,0.0,0.0,0.0,0.0,0.0,0.0,0.0,0.0,0.0,0.0,0.0,0.0,0.0,0.0,0.0,0.0,0.0,0.0,0.0,0.0,0.0,0.0,0.0,0.0,0.0,0.0,0.0,0.0,0.0,0.0,0.0,0.0,0.0,0.0,0.0,0.0,0.0,0.0,0.0,0.0,0.0,0.0,0.0,0.0,0.0,0.0,0.0,0.0,1.0,0.0,0.0,0.0,0.0,0.0,0.0,0.0,0.0,0.0,0.0,0.0,0.0,0.0,0.0,76.0,0.0,1.0,1.0,1.0109143518518517,4.0,6,5.0,0.0,0,3.66512599023305e-07,1.7678039067052096e-06,none,0.051,0,1,none,2.851,0.0229,0.99666,none,-6,-0.0759,1,none,0.611,0.031,1,none,0,0,1,none,0,0,1,none
7028daa44a3317fe82aad798580fc2f01c216096,65f218b100a90b6b5b18c1f1865d443b8991aeb0,2025-01-28T19:23:35+01:00,ok,1.0,1.0,3.0,1.0,1.0,0.0,0.0,1.0,4.0,0.0,0.0,0.0,0.0,0.0,0.0,0.0,0.0,0.0,0.0,0.0,0.0,0.0,0.0,0.0,0.0,0.0,0.0,0.0,0.0,0.0,0,0,0,0,0,0,0,0,0.0,0.0,0.0,0.0,0.0,0.0,0.0,0.0,0.0,0.0,0.0,0.0,0.0,0.0,0.0,0.0,0.0,0.0,0.0,0.0,0.0,0.0,0.0,0.0,0.0,0.0,0.0,0.0,0.0,0.0,0.0,0.0,0.0,0.0,0.0,0.0,0.0,0.0,0.0,0.0,0.0,0.0,0.0,0.0,0.0,0.0,0.0,0.0,0.0,0.0,0.0,1.0,0.0,0.0,0.0,0.0,0.0,0.0,0.0,0.0,0.0,0.0,0.0,0.0,0.0,0.0,47.0,0.0,1.0,150.0,11.053148148148148,6.0,6,5.0,0.0,0,3.66512464691869e-07,1.7678007815800816e-06,none,-15.047,-0.0135,1,none,-0.353,-0.0032,0.99666,none,-8,-0.1039,1,none,1.443,0.0877,1,none,0,0,1,none,18,0.0368,1,none
52eaf645919361c05d5ff75bd32d0e0e3a54e7e1,7028daa44a3317fe82aad798580fc2f01c216096,2025-01-28T22:10:16+01:00,ok,12.0,122.0,44.0,6.0,1.0,0.794365201905903,0.0,11.0,164.0,0.0,0.0,0.0,0.0,0.0,0.0,1.0,2.0,0.0,0.0,0.0,0.0,0.0,0.0,0.0,0.0,0.0,0.0,0.0,0.0,0.0,0,0,0,0,0,0,0,0,2.0,1.0,0.0,0.0,0.0,0.0,0.0,0.0,1.0,0.0,0.0,0.0,0.0,0.0,0.0,0.0,0.0,0.0,0.0,0.0,4.0,3.0,0.0,0.0,0.0,0.0,0.0,0.0,0.0,0.0,0.0,0.0,0.0,0.0,0.0,0.0,0.0,0.0,0.0,0.0,0.0,0.0,0.0,0.0,0.0,0.0,0.0,0.0,0.0,0.0,1.0,0.0,0.0,0.0,0.0,0.0,0.0,0.0,0.0,0.0,0.0,0.0,0.0,0.0,0.0,0.0,76.0,0.0,1.0,44.0,83.7304114057239,11.0,190,189.0,0.0,0,1.1606223794750163e-05,6.682275141441491e-05,none,-17.133,-0.0154,1,none,-0.109,-0.001,0.99666,none,-2.5,-0.0336,1,none,0.607,0.0348,1,none,0,0,1,none,12,0.0236,1,none
a3e1619635cec683eea806e18c870fd6d963b986,52eaf645919361c05d5ff75bd32d0e0e3a54e7e1,2025-01-29T19:02:54+01:00,ok,5.0,15.0,30.0,4.0,1.0,0.905635959598349,0.0,3.0,33.0,0.0,0.0,0.0,0.0,0.0,0.0,2.0,12.0,0.0,0.0,0.0,0.0,0.0,0.0,0.0,0.0,0.0,0.0,0.0,0.0,0.0,0,0,0,0,0,0,0,0,2.0,2.0,0.0,0.0,0.0,0.0,0.0,0.0,0.0,0.0,0.0,0.0,0.0,0.0,0.0,0.0,0.0,0.0,0.0,0.0,0.0,0.0,0.0,0.0,0.0,0.0,0.0,0.0,0.0,0.0,0.0,0.0,0.0,0.0,0.0,0.0,0.0,0.0,0.0,0.0,0.0,0.0,0.0,0.0,0.0,0.0,0.0,0.0,0.0,0.0,0.0,1.0,0.0,0.0,0.0,0.0,0.0,0.0,0.0,0.0,0.0,0.0,0.0,0.0,0.0,0.0,37.0,0.0,1.0,151.0,23.88738425925926,9.0,-88,-85.0,0.0,0,-5.375451789924657e-06,-3.0050552099349245e-05,none,-24.753,-0.0221,1,none,-0.587,-0.0053,0.99666,none,-10.5,-0.1313,1,none,-0.024,-0.0012,1,none,0,0,1,none,-1,-0.002,1,none
bd1590fc74c6b38df73a34e74cb0cbacccd988a0,d29c3db7f684d16fd1d4620dbd1263f148bc33a3,2025-01-29T21:46:40Z,ok,6.0,136.0,21.0,4.0,1.0,0.6794793332444609,0.0,2.0,91.0,2.0,62.0,0.0,0.0,0.0,0.0,2.0,4.0,0.0,0.0,0.0,0.0,0.0,0.0,0.0,0.0,0.0,0.0,0.0,0.0,0.0,0,0,0,0,0,0,0,0,5.0,0.0,0.0,0.0,0.0,0.0,1.0,0.0,0.0,0.0,0.0,0.0,1.0,1.0,0.0,0.0,0.0,0.0,0.0,0.0,0.0,0.0,1.0,0.0,0.0,0.0,2.0,0.0,0.0,0.0,0.0,0.0,0.0,0.0,0.0,0.0,0.0,0.0,0.0,0.0,0.0,0.0,0.0,0.0,14.0,0.0,1.0,0.0,0.0,0.0,1.0,0.0,0.0,0.0,0.0,0.0,0.0,0.0,0.0,0.0,0.0,0.0,0.0,0.0,0.0,0.0,66.0,0.0,1.0,0.0,73.25721643518519,8.0,422,228.0,193.0,0,2.5777939422697548e-05,8.06098061122032e-05,none,-21.712,-0.0194,0.77398,none,-4.322,-0.0377,0.99666,none,-9,-0.1125,1,none,-1.425,-0.0702,1,none,0,0,1,none,1,0.002,1,none
d29c3db7f684d16fd1d4620dbd1263f148bc33a3,a3e1619635cec683eea806e18c870fd6d963b986,2025-01-29T22:24:26+01:00,ok,4.0,38.0,46.0,3.0,2.0,0.998363672593813,2.0,2.0,84.0,0.0,0.0,0.0,0.0,0.0,2.0,0.0,0.0,0.0,0.0,0.0,0.0,0.0,0.0,0.0,0.0,0.0,0.0,0.0,0.0,0.0,0,0,0,0,0,0,0,0,0.0,0.0,0.0,0.0,0.0,0.0,0.0,0.0,0.0,0.0,0.0,0.0,0.0,0.0,0.0,0.0,0.0,0.0,0.0,0.0,0.0,0.0,0.0,0.0,0.0,0.0,0.0,0.0,0.0,0.0,0.0,0.0,0.0,0.0,0.0,0.0,2.0,0.0,0.0,0.0,0.0,0.0,0.0,0.0,0.0,0.0,0.0,0.0,0.0,0.0,0.0,1.0,0.0,0.0,0.0,0.0,0.0,0.0,0.0,0.0,0.0,0.0,0.0,0.0,0.0,0.0,48.0,0.0,2.0,28.0,22.84359085648148,1.0,-42,-42.0,0.0,0,-2.5655703272000117e-06,-1.4848954315424316e-05,none,14.235,0.0127,1,none,-1.572,-0.0139,0.99666,none,9.5,0.1242,1,none,-1.385,-0.0854,1,none,0,0,1,none,17,0.0336,1,none
84bab403ffaac3aa8b3e00d9513b30f2b8d4f9fd,61e0bb83d091a761d4e8305ac99c486c99ac4f2c,2025-01-30T13:41:41Z,ok,1.0,1.0,1.0,1.0,1.0,0.0,0.0,0.0,0.0,1.0,2.0,0.0,0.0,0.0,0.0,0.0,0.0,0.0,0.0,0.0,0.0,0.0,0.0,0.0,0.0,0.0,0.0,0.0,0.0,0.0,0,0,0,0,0,0,0,0,0.0,0.0,0.0,0.0,0.0,0.0,0.0,0.0,0.0,0.0,0.0,0.0,0.0,0.0,0.0,0.0,0.0,0.0,0.0,0.0,0.0,0.0,0.0,0.0,0.0,0.0,0.0,0.0,0.0,0.0,0.0,0.0,0.0,0.0,0.0,0.0,0.0,0.0,0.0,0.0,0.0,0.0,0.0,0.0,0.0,0.0,0.0,0.0,0.0,0.0,0.0,1.0,0.0,0.0,0.0,0.0,0.0,0.0,0.0,0.0,0.0,0.0,0.0,0.0,0.0,0.0,79.0,0.0,1.0,0.0,188.86511574074075,3.0,23,15.0,6.0,0,1.4049129561744734e-06,5.30263930033442e-06,none,-8.499,-0.0073,1,none,7.279,0.0768,1,none,2.5,0.0228,1,none,7.661,0.2045,1,none,0,0,1,none,2,0.0041,1,none
61e0bb83d091a761d4e8305ac99c486c99ac4f2c,bd1590fc74c6b38df73a34e74cb0cbacccd988a0,2025-01-30T14:41:08+01:00,ok,2.0,46.0,20.0,2.0,1.0,0.19590927087360493,0.0,2.0,66.0,0.0,0.0,0.0,0.0,0.0,0.0,0.0,0.0,0.0,0.0,0.0,0.0,0.0,0.0,0.0,0.0,0.0,0.0,0.0,0.0,0.0,0,0,0,0,0,0,0,0,1.0,1.0,0.0,0.0,0.0,0.0,1.0,0.0,3.0,0.0,1.0,1.0,0.0,0.0,0.0,0.0,0.0,0.0,0.0,0.0,0.0,0.0,0.0,0.0,0.0,0.0,0.0,0.0,0.0,0.0,0.0,0.0,0.0,0.0,0.0,0.0,0.0,0.0,0.0,0.0,0.0,0.0,0.0,0.0,0.0,0.0,0.0,0.0,0.0,0.0,1.0,0.0,0.0,0.0,0.0,0.0,0.0,0.0,0.0,0.0,0.0,0.0,0.0,0.0,0.0,0.0,49.0,1.0,1.0,3.0,39.36446759259259,7.0,112,112.0,0.0,0,6.841362068764363e-06,3.959460778005761e-05,none,-49.811,-0.0442,1,none,14.662,0.137,0.99666,none,-2,-0.0204,1,none,-17.489,-0.6745,0.95617,none,0,0,1,none,-20,-0.0392,1,none
6cdb683410626a16ef08b16b1a773ccfb4cec53e,84bab403ffaac3aa8b3e00d9513b30f2b8d4f9fd,2025-01-31T12:33:54+01:00,ok,2.0,7.0,4.0,1.0,1.0,0.8453509366224364,0.0,0.0,0.0,2.0,11.0,0.0,0.0,0.0,0.0,0.0,0.0,0.0,0.0,0.0,0.0,0.0,0.0,0.0,0.0,0.0,0.0,0.0,0.0,0.0,0,0,0,0,0,0,0,0,0.0,0.0,0.0,0.0,0.0,0.0,0.0,0.0,0.0,0.0,0.0,0.0,0.0,0.0,0.0,0.0,0.0,0.0,0.0,0.0,0.0,0.0,0.0,0.0,0.0,0.0,0.0,0.0,0.0,0.0,0.0,0.0,0.0,0.0,0.0,0.0,0.0,0.0,0.0,0.0,0.0,0.0,0.0,0.0,0.0,0.0,0.0,0.0,0.0,0.0,0.0,1.0,0.0,0.0,0.0,0.0,0.0,0.0,0.0,0.0,0.0,0.0,0.0,0.0,0.0,0.0,61.0,0.0,1.0,152.0,76.68837384259258,9.0,-29,-20.0,-8.0,0,-1.7714094995438315e-06,-7.070148243333292e-06,none,-3.131,-0.0027,1,none,1.869,0.0161,1,none,17,0.2208,1,none,-4.724,-0.0671,1,none,0,0,1,none,-2,-0.004,1,none
9b6edc767a2e66cfaf6fc83f099e31f347c9178a,6cdb683410626a16ef08b16b1a773ccfb4cec53e,2025-01-31T14:19:07+01:00,ok,2.0,52.0,10.0,1.0,1.0,0.9728063221185,0.0,2.0,62.0,0.0,0.0,0.0,0.0,0.0,0.0,0.0,0.0,0.0,0.0,0.0,0.0,0.0,0.0,0.0,0.0,0.0,0.0,0.0,0.0,0.0,0,0,0,0,0,0,0,0,4.0,2.0,0.0,0.0,0.0,0.0,0.0,0.0,0.0,0.0,0.0,0.0,0.0,0.0,0.0,0.0,0.0,0.0,0.0,0.0,2.0,0.0,0.0,0.0,0.0,0.0,0.0,0.0,0.0,0.0,0.0,0.0,0.0,0.0,0.0,0.0,0.0,0.0,0.0,0.0,0.0,0.0,0.0,0.0,0.0,0.0,0.0,0.0,0.0,0.0,0.0,1.0,0.0,0.0,0.0,0.0,0.0,0.0,0.0,0.0,0.0,0.0,0.0,0.0,0.0,0.0,38.0,0.0,1.0,29.0,6.317453703703704,4.0,147,147.0,0.0,0,8.97922957599406e-06,5.196595699551926e-05,none,41.739,0.0395,1,none,8.174,0.0787,0.99666,none,-9,-0.1034,1,none,-4.175,-0.0642,1,none,0,0,1,none,-28,-0.0541,1,none
511433988c9ed80acbbd1ad8c2a90df701fae9ae,9b6edc767a2e66cfaf6fc83f099e31f347c9178a,2025-01-31T16:52:50+01:00,ok,3.0,16.0,14.0,2.0,1.0,0.6215741674447584,0.0,1.0,2.0,2.0,28.0,0.0,0.0,0.0,0.0,0.0,0.0,0.0,0.0,0.0,0.0,0.0,0.0,0.0,0.0,0.0,0.0,0.0,0.0,0.0,0,0,0,0,0,0,0,0,0.0,0.0,0.0,0.0,0.0,0.0,0.0,0.0,0.0,0.0,0.0,0.0,0.0,0.0,0.0,0.0,0.0,0.0,0.0,0.0,0.0,0.0,0.0,0.0,0.0,0.0,1.0,1.0,0.0,0.0,0.0,0.0,0.0,0.0,0.0,0.0,0.0,0.0,0.0,0.0,0.0,0.0,0.0,0.0,4.0,4.0,0.0,0.0,0.0,0.0,1.0,0.0,0.0,0.0,0.0,0.0,0.0,0.0,0.0,0.0,0.0,0.0,0.0,0.0,0.0,0.0,50.0,0.0,1.0,153.0,1.2294598765432099,7.0,37,-18.0,56.0,0,2.260057899018414e-06,-6.362847756141739e-06,none,-8.809,-0.008,1,none,0.783,0.0063,0.99666,none,2,0.0286,1,none,2.068,0.0399,1,none,0,0,1,none,17,0.0337,1,none
86c67bd37fe182f70ad994dd7acb6ee2dc128c39,511433988c9ed80acbbd1ad8c2a90df701fae9ae,2025-02-01T12:27:41+01:00,ok,1.0,1.0,1.0,1.0,1.0,0.0,0.0,1.0,2.0,0.0,0.0,0.0,0.0,0.0,0.0,0.0,0.0,0.0,0.0,0.0,0.0,0.0,0.0,0.0,0.0,0.0,0.0,0.0,0.0,0.0,0,0,0,0,0,0,0,0,1.0,1.0,0.0,0.0,0.0,0.0,0.0,0.0,0.0,0.0,0.0,0.0,0.0,0.0,0.0,0.0,0.0,0.0,0.0,0.0,0.0,0.0,0.0,0.0,0.0,0.0,0.0,0.0,0.0,0.0,0.0,0.0,0.0,0.0,0.0,0.0,0.0,0.0,0.0,0.0,0.0,0.0,0.0,0.0,0.0,0.0,0.0,0.0,0.0,0.0,0.0,1.0,0.0,0.0,0.0,0.0,0.0,0.0,0.0,0.0,0.0,0.0,0.0,0.0,0.0,0.0,51.0,0.0,1.0,154.0,15.811458333333333,4.0,816,711.0,107.0,0,4.984332642144035e-05,0.0002513340855681211,none,0.211,0.0002,1,none,-8.969,-0.0695,0.99666,none,2,0.0286,1,none,-0.891,-0.0157,1,none,0,0,1,none,2,0.004,1,none
302664e500c7f2ee44a1f107d8f4680c0254305b,86c67bd37fe182f70ad994dd7acb6ee2dc128c39,2025-02-01T19:21:03+01:00,ok,8.0,165.0,31.0,5.0,1.0,0.8085944797649058,0.0,8.0,196.0,0.0,0.0,0.0,0.0,0.0,0.0,0.0,0.0,0.0,0.0,0.0,0.0,0.0,0.0,0.0,0.0,0.0,0.0,0.0,0.0,0.0,0,0,0,0,0,0,0,0,3.0,2.0,0.0,0.0,0.0,0.0,0.0,0.0,0.0,0.0,0.0,0.0,0.0,0.0,0.0,0.0,0.0,0.0,1.0,0.0,3.0,1.0,0.0,0.0,0.0,0.0,0.0,0.0,0.0,0.0,0.0,0.0,0.0,0.0,0.0,0.0,0.0,0.0,0.0,0.0,0.0,0.0,0.0,0.0,0.0,0.0,0.0,0.0,0.0,0.0,0.0,1.0,0.0,0.0,0.0,0.0,0.0,0.0,0.0,0.0,0.0,0.0,0.0,0.0,0.0,0.0,40.0,0.0,1.0,30.0,30.02337239583333,13.0,329,327.0,0.0,0,2.009514348024064e-05,0.00011556342470618795,none,32.502,0.0291,1,none,-2.384,-0.0191,0.99666,none,12,0.1765,1,none,3.088,0.0578,0.95617,none,0,0.1138,1,none,21,0.0429,1,none
424e94a403b0c819c3624afb8aad4ae18e32e1dc,302664e500c7f2ee44a1f107d8f4680c0254305b,2025-02-04T19:23:47+01:00,ok,21.0,1883.0,788.0,7.0,2.0,0.6192920932348487,0.0,7.0,403.0,0.0,0.0,0.0,0.0,0.0,0.0,12.0,2262.0,0.0,0.0,0.0,0.0,0.0,0.0,1.0,1.0,1.0,5.0,0.0,0.0,0.0,0,0,0,0,1,0,0,0,4.0,3.0,0.0,0.0,0.0,0.0,0.0,0.0,0.0,0.0,0.0,0.0,0.0,0.0,0.0,0.0,0.0,0.0,4.0,3.0,4.0,4.0,0.0,0.0,0.0,0.0,0.0,0.0,0.0,0.0,0.0,0.0,0.0,0.0,0.0,0.0,0.0,0.0,0.0,0.0,0.0,0.0,0.0,0.0,0.0,0.0,0.0,0.0,0.0,0.0,0.0,1.0,0.0,0.0,0.0,0.0,0.0,0.0,0.0,0.0,0.0,0.0,0.0,0.0,0.0,0.0,63.0,0.0,1.0,155.0,109.14867332175926,10.0,211,210.0,0.0,0,1.2887507814960308e-05,7.420646783573657e-05,none,12.235,0.0111,1,none,0.509,0.0041,0.99666,none,9,0.1429,1,none,1.084,0.0201,1,none,0,0,1,none,-1,-0.002,1,none
4f6437250603028b7fb8d137cf2aae27c354bd52,424e94a403b0c819c3624afb8aad4ae18e32e1dc,2025-02-04T22:05:56+01:00,ok,3.0,211.0,151.0,2.0,2.0,0.2717802857202074,0.0,3.0,362.0,0.0,0.0,0.0,0.0,0.0,0.0,0.0,0.0,0.0,0.0,0.0,0.0,0.0,0.0,0.0,0.0,0.0,0.0,0.0,0.0,0.0,0,0,0,0,0,0,0,0,2.0,2.0,0.0,0.0,0.0,0.0,2.0,1.0,5.0,6.0,2.0,2.0,3.0,3.0,0.0,0.0,0.0,0.0,3.0,1.0,1.0,1.0,0.0,0.0,0.0,0.0,0.0,0.0,0.0,0.0,0.0,0.0,0.0,0.0,0.0,0.0,0.0,0.0,0.0,0.0,0.0,0.0,0.0,0.0,0.0,0.0,0.0,0.0,0.0,0.0,0.0,0.0,1.0,0.0,0.0,0.0,0.0,0.0,0.0,0.0,0.0,0.0,0.0,0.0,0.0,0.0,110.0,1.0,1.0,0.0,38.15017361111111,8.0,88,88.0,0.0,0,5.374815507930754e-06,3.109373630815589e-05,none,24.527,0.0224,1,none,-13.925,-0.1104,0.00003,none,1,0.0156,1,none,-19.839,-0.3892,0.00268,none,0,0,1,none,17,0.0348,0.5679,none
b0c8c5f7a7ed72d8356851deb723894267cdb6be,4f6437250603028b7fb8d137cf2aae27c354bd52,2025-02-06T10:52:03+01:00,ok,1.0,6.0,5.0,1.0,1.0,0.0,0.0,1.0,11.0,0.0,0.0,0.0,0.0,0.0,0.0,0.0,0.0,0.0,0.0,0.0,0.0,0.0,0.0,0.0,0.0,0.0,0.0,0.0,0.0,0.0,0,0,0,0,0,0,0,0,0.0,0.0,0.0,0.0,0.0,0.0,0.0,0.0,0.0,0.0,0.0,0.0,0.0,0.0,0.0,0.0,0.0,0.0,0.0,0.0,0.0,0.0,0.0,0.0,0.0,0.0,0.0,0.0,0.0,0.0,0.0,0.0,0.0,0.0,0.0,0.0,0.0,0.0,0.0,0.0,0.0,0.0,0.0,0.0,0.0,2.0,0.0,0.0,0.0,0.0,1.0,0.0,0.0,0.0,0.0,0.0,0.0,0.0,0.0,0.0,0.0,0.0,0.0,0.0,0.0,0.0,41.0,0.0,1.0,156.0,31.5428125,8.0,25,26.0,0.0,0,1.5269280168875795e-06,9.186500084798463e-06,none,-10.963,-0.0097,1,none,7.036,0.0635,0.99666,none,8,0.129,1,none,-8.48,-0.299,1,none,0,0,1,none,-1,-0.002,1,none
9e49c9254b4740613917cdcff5651d3e2b0c9d7e,b0c8c5f7a7ed72d8356851deb723894267cdb6be,2025-02-06T14:45:49+01:00,ok,3.0,46.0,59.0,2.0,1.0,0.7043771020331075,0.0,3.0,105.0,0.0,0.0,0.0,0.0,0.0,0.0,0.0,0.0,0.0,0.0,0.0,0.0,0.0,0.0,0.0,0.0,0.0,0.0,0.0,0.0,0.0,0,0,0,0,0,0,0,0,0.0,4.0,0.0,0.0,0.0,0.0,0.0,0.0,0.0,0.0,0.0,0.0,0.0,0.0,0.0,0.0,0.0,0.0,2.0,2.0,0.0,0.0,0.0,0.0,0.0,0.0,0.0,0.0,0.0,0.0,0.0,0.0,0.0,0.0,0.0,0.0,0.0,0.0,0.0,0.0,0.0,0.0,0.0,0.0,0.0,0.0,0.0,0.0,0.0,0.0,0.0,1.0,0.0,0.0,0.0,0.0,0.0,0.0,0.0,0.0,0.0,0.0,0.0,0.0,0.0,0.0,51.0,0.0,1.0,31.0,61.883360339506176,6.0,-5,-5.0,0.0,0,-3.0538513707639416e-07,-1.7666184026519062e-06,none,-16.056,-0.0144,1,none,-5.493,-0.0461,0.99666,none,2,0.0308,1,none,-1.068,-0.0357,1,none,0,0,1,none,-1,-0.002,1,none
c8f4a4cb41ea743b58765444ee064aaebca5d8c3,9e49c9254b4740613917cdcff5651d3e2b0c9d7e,2025-02-10T14:20:18Z,ok,4.0,51.0,4.0,3.0,1.0,0.8703283487772938,0.0,4.0,55.0,0.0,0.0,0.0,0.0,0.0,0.0,0.0,0.0,0.0,0.0,0.0,0.0,0.0,0.0,0.0,0.0,0.0,0.0,0.0,0.0,0.0,0,0,0,0,0,0,0,0,0.0,0.0,0.0,0.0,0.0,0.0,0.0,0.0,0.0,0.0,0.0,0.0,1.0,0.0,0.0,0.0,0.0,0.0,0.0,0.0,0.0,0.0,0.0,0.0,0.0,0.0,0.0,0.0,0.0,0.0,0.0,0.0,0.0,0.0,0.0,0.0,0.0,0.0,0.0,0.0,0.0,0.0,0.0,0.0,0.0,0.0,0.0,0.0,0.0,0.0,1.0,0.0,0.0,0.0,0.0,0.0,0.0,0.0,0.0,0.0,0.0,0.0,0.0,0.0,0.0,0.0,37.0,0.0,1.0,157.0,11.876938657407408,11.0,44,44.0,0.0,0,2.6873900269612404e-06,1.5546269407662405e-05,none,13.679,0.0124,1,none,0.845,0.0073,0.99666,none,-4,-0.0556,1,none,0.667,0.0248,1,none,0,0,1,none,-1,-0.002,1,none
c329470b736b5aa6e8223617c07af4d64f8ddc92,c8f4a4cb41ea743b58765444ee064aaebca5d8c3,2025-02-10T15:24:08+01:00,ok,1.0,2.0,2.0,1.0,1.0,0.0,0.0,1.0,4.0,0.0,0.0,0.0,0.0,0.0,0.0,0.0,0.0,0.0,0.0,0.0,0.0,0.0,0.0,0.0,0.0,0.0,0.0,0.0,0.0,0.0,0,0,0,0,0,0,0,0,0.0,0.0,0.0,0.0,0.0,0.0,0.0,0.0,0.0,0.0,0.0,0.0,0.0,0.0,0.0,0.0,0.0,0.0,0.0,0.0,0.0,0.0,0.0,0.0,0.0,0.0,0.0,0.0,0.0,0.0,0.0,0.0,0.0,0.0,0.0,0.0,0.0,0.0,0.0,0.0,0.0,0.0,0.0,0.0,0.0,0.0,0.0,0.0,0.0,0.0,0.0,1.0,0.0,0.0,0.0,0.0,0.0,0.0,0.0,0.0,0.0,0.0,0.0,0.0,0.0,0.0,73.0,0.0,1.0,10.0,23.886863425925927,5.0,41,40.0,0.0,0,2.504152159125799e-06,1.4132752477206521e-05,none,-2.126,-0.0019,1,none,-4.432,-0.0382,0.99666,none,-2.5,-0.0376,1,none,1.772,0.0633,0.95617,none,0,0,1,none,-1,-0.002,1,none
e3060dfb8fbb34e3c6773f566b188a6f3c4c98f0,c329470b736b5aa6e8223617c07af4d64f8ddc92,2025-02-11T14:23:08+01:00,ok,19.0,268.0,267.0,8.0,1.0,0.4748600458599607,0.0,17.0,530.0,0.0,0.0,0.0,0.0,0.0,0.0,2.0,5.0,0.0,0.0,0.0,0.0,0.0,0.0,0.0,0.0,0.0,0.0,0.0,0.0,0.0,0,0,0,0,0,0,0,0,24.0,9.0,0.0,0.0,0.0,0.0,0.0,0.0,0.0,0.0,0.0,0.0,0.0,0.0,0.0,0.0,0.0,0.0,0.0,0.0,4.0,4.0,0.0,0.0,0.0,0.0,0.0,0.0,1.0,1.0,0.0,0.0,0.0,0.0,0.0,0.0,0.0,0.0,0.0,0.0,1.0,1.0,0.0,0.0,0.0,0.0,0.0,0.0,0.0,0.0,1.0,0.0,0.0,0.0,0.0,0.0,0.0,0.0,0.0,0.0,0.0,0.0,0.0,0.0,0.0,0.0,42.0,0.0,1.0,29.0,74.87795789930556,15.0,2,2.0,0.0,0,1.2215345796894956e-07,7.06627637266835e-07,none,-17.789,-0.0159,1,none,3.195,0.0278,0.99666,none,1.5,0.0229,1,none,-16.597,-0.5081,0.95617,none,0,0,1,none,-5,-0.0098,1,none
26f02bebeae1d422a11a0ca9e7a96752c9926881,e3060dfb8fbb34e3c6773f566b188a6f3c4c98f0,2025-02-12T13:02:53+01:00,ok,2.0,9.0,9.0,1.0,1.0,0.5032583347756457,0.0,2.0,18.0,0.0,0.0,0.0,0.0,0.0,0.0,0.0,0.0,0.0,0.0,0.0,0.0,0.0,0.0,0.0,0.0,0.0,0.0,0.0,0.0,0.0,0,0,0,0,0,0,0,0,0.0,0.0,0.0,0.0,0.0,0.0,0.0,0.0,0.0,0.0,0.0,0.0,0.0,0.0,0.0,0.0,0.0,0.0,0.0,0.0,0.0,0.0,0.0,0.0,0.0,0.0,0.0,0.0,0.0,0.0,0.0,0.0,0.0,0.0,0.0,0.0,0.0,0.0,0.0,0.0,0.0,0.0,0.0,0.0,0.0,0.0,0.0,0.0,0.0,0.0,0.0,1.0,0.0,0.0,0.0,0.0,0.0,0.0,0.0,0.0,0.0,0.0,0.0,0.0,0.0,0.0,39.0,0.0,1.0,158.0,18.263078703703705,5.0,-5,-4.0,0.0,0,-3.0538360761871025e-07,-1.4132542758891401e-06,none,-4.365,-0.0039,1,none,-3.105,-0.0258,0.99666,none,-1,-0.0149,1,none,0.02,0.0007,1,none,0,0,1,none,1,0.002,1,none
77dc055d81269a0ae4d15a5c93c5ccc407ca139b,26f02bebeae1d422a11a0ca9e7a96752c9926881,2025-02-12T15:02:35+01:00,ok,5.0,161.0,5.0,3.0,2.0,0.8144849676545587,0.0,5.0,166.0,0.0,0.0,0.0,0.0,0.0,0.0,0.0,0.0,0.0,0.0,0.0,0.0,0.0,0.0,0.0,0.0,0.0,0.0,0.0,0.0,0.0,0,0,0,0,0,0,0,0,0.0,0.0,0.0,0.0,0.0,0.0,0.0,0.0,0.0,0.0,0.0,0.0,0.0,0.0,0.0,0.0,0.0,0.0,0.0,0.0,3.0,1.0,0.0,0.0,0.0,0.0,0.0,0.0,0.0,0.0,0.0,0.0,0.0,0.0,6.0,0.0,0.0,0.0,0.0,0.0,0.0,0.0,0.0,0.0,0.0,0.0,0.0,0.0,0.0,0.0,0.0,0.0,0.0,0.0,1.0,0.0,0.0,0.0,0.0,0.0,0.0,0.0,0.0,0.0,0.0,0.0,71.0,0.0,1.0,32.0,102.7169212962963,8.0,932,932.0,0.0,0,5.692352184363805e-05,0.00032928871165084937,none,20.04,0.0183,1,none,-6.89,-0.0591,0.99666,none,3,0.0455,1,none,0.401,0.0144,1,none,0,0,1,none,-16,-0.0317,1,none
f12b92ce9de0c00d3e97658a07675ef1917e3d6c,77dc055d81269a0ae4d15a5c93c5ccc407ca139b,2025-02-13T12:47:27+01:00,ok,7.0,126.0,120.0,4.0,4.0,0.7233463594748447,0.0,5.0,110.0,0.0,0.0,0.0,0.0,0.0,0.0,0.0,0.0,0.0,0.0,0.0,0.0,0.0,0.0,1.0,4.0,1.0,132.0,0.0,0.0,0.0,1,1,1,1,0,0,0,0,1.0,1.0,0.0,0.0,0.0,0.0,0.0,0.0,0.0,0.0,0.0,0.0,0.0,0.0,0.0,0.0,0.0,0.0,0.0,0.0,2.0,0.0,0.0,0.0,0.0,0.0,0.0,0.0,0.0,0.0,0.0,0.0,0.0,0.0,0.0,6.0,0.0,0.0,0.0,0.0,0.0,0.0,0.0,0.0,0.0,0.0,0.0,0.0,0.0,0.0,0.0,0.0,0.0,0.0,1.0,0.0,0.0,0.0,0.0,0.0,0.0,0.0,0.0,0.0,0.0,0.0,65.0,0.0,1.0,33.0,5.392662037037037,10.0,2596,2596.0,0.0,0,0.00015854619248814735,0.0009169013960141632,none,1.468,0.0013,1,none,-1.275,-0.011,1,none,-1,-0.0159,1,none,-0.108,-0.0045,1,none,0,0,1,none,34,0.0672,1,none
9ee0b8ffcbd3664a47748a93262860321a203821,16b86d7d1671f766580f3a45c79ecb465523cad1,2025-02-13T13:07:44Z,ok,1.0,4.0,2.0,1.0,1.0,0.0,0.0,1.0,6.0,0.0,0.0,0.0,0.0,0.0,0.0,0.0,0.0,0.0,0.0,0.0,0.0,0.0,0.0,0.0,0.0,0.0,0.0,0.0,0.0,0.0,0,0,0,0,0,0,0,0,0.0,0.0,0.0,0.0,0.0,0.0,0.0,0.0,0.0,0.0,0.0,0.0,0.0,0.0,0.0,0.0,0.0,0.0,0.0,0.0,0.0,0.0,0.0,0.0,0.0,0.0,0.0,0.0,0.0,0.0,0.0,0.0,0.0,0.0,0.0,0.0,0.0,0.0,0.0,0.0,0.0,0.0,0.0,0.0,0.0,0.0,0.0,0.0,0.0,0.0,0.0,0.0,0.0,0.0,0.0,0.0,0.0,0.0,0.0,0.0,0.0,0.0,0.0,1.0,0.0,0.0,69.0,0.0,1.0,0.0,15.664907407407407,4.0,76,77.0,0.0,0,4.64664667100476e-06,2.7369233711218328e-05,none,31.102,0.0256,1,none,-1.189,-0.0103,1,none,10,0.1449,1,none,0.388,0.0148,1,none,0,0,1,none,-1,-0.002,1,none
16b86d7d1671f766580f3a45c79ecb465523cad1,f12b92ce9de0c00d3e97658a07675ef1917e3d6c,2025-02-13T13:57:14+01:00,ok,4.0,475.0,404.0,4.0,4.0,0.40927535139094096,0.0,2.0,166.0,0.0,0.0,0.0,0.0,0.0,0.0,0.0,0.0,0.0,0.0,0.0,0.0,0.0,0.0,1.0,2.0,1.0,711.0,0.0,0.0,0.0,0,0,1,1,0,0,0,0,4.0,1.0,0.0,5.0,0.0,0.0,0.0,0.0,0.0,0.0,2.0,2.0,0.0,0.0,0.0,0.0,0.0,0.0,0.0,0.0,0.0,0.0,0.0,0.0,0.0,0.0,0.0,0.0,0.0,0.0,0.0,0.0,7.0,14.0,1.0,1.0,0.0,0.0,0.0,0.0,0.0,0.0,0.0,0.0,0.0,0.0,0.0,0.0,0.0,0.0,0.0,0.0,0.0,0.0,1.0,0.0,0.0,0.0,0.0,0.0,0.0,0.0,0.0,0.0,0.0,0.0,39.0,0.0,1.0,159.0,129.28518904320987,8.0,-20492,-20493.0,0.0,-4,-0.0012513149279147465,-0.0072314512551912204,regression,101.678,0.0916,0.00008,regression,-0.233,-0.002,0.99666,none,14,0.2029,0.55391,none,0.49,0.0166,1,none,0,0,1,none,0,0,1,none
31e8476c78aca31df1342dc26903e42301d2c3fd,9ee0b8ffcbd3664a47748a93262860321a203821,2025-02-25T19:18:42+01:00,ok,58.0,2813.0,2867.0,23.0,9.0,0.10343491521686135,0.0,26.0,106.0,0.0,0.0,0.0,0.0,0.0,0.0,23.0,175.0,0.0,0.0,1.0,1.0,0.0,0.0,7.0,43.0,1.0,5355.0,0.0,0.0,0.0,0,0,12,10,0,0,9,8,18.0,2.0,0.0,0.0,0.0,0.0,0.0,0.0,0.0,0.0,0.0,0.0,0.0,0.0,1.0,1.0,0.0,0.0,0.0,0.0,0.0,0.0,0.0,0.0,0.0,0.0,0.0,0.0,0.0,0.0,0.0,0.0,0.0,0.0,0.0,0.0,0.0,0.0,0.0,0.0,2.0,2.0,0.0,0.0,1.0,1.0,0.0,0.0,0.0,0.0,0.0,0.0,0.0,0.0,1.0,0.0,0.0,0.0,0.0,0.0,0.0,0.0,0.0,0.0,0.0,0.0,34.0,0.0,1.0,160.0,208.05805594135802,12.0,23986,23987.0,0.0,0,0.0014664993310999777,0.008525816122880942,none,8.105,0.0066,1,none,4.531,0.0445,0.99666,none,-22,-0.2,0.88706,none,13.102,0.2422,0.95617,none,0,0,1,none,-1,-0.0017,1,none
0ffeaeaecfc77a952c3468ad81f56f1c7489177a,31e8476c78aca31df1342dc26903e42301d2c3fd,2025-02-25T22:52:06+01:00,ok,44.0,2104.0,1824.0,11.0,4.0,0.7508056954790949,0.0,26.0,3205.0,0.0,0.0,0.0,0.0,0.0,0.0,17.0,691.0,0.0,0.0,0.0,0.0,0.0,0.0,0.0,0.0,0.0,0.0,1.0,32.0,0.0,0,0,0,0,0,0,0,0,38.0,36.0,0.0,0.0,0.0,0.0,0.0,0.0,0.0,0.0,0.0,0.0,0.0,0.0,0.0,0.0,0.0,0.0,4.0,4.0,32.0,12.0,0.0,0.0,0.0,0.0,0.0,0.0,0.0,3.0,0.0,0.0,0.0,0.0,3.0,0.0,0.0,0.0,0.0,0.0,0.0,0.0,0.0,0.0,0.0,0.0,0.0,0.0,0.0,0.0,1.0,0.0,0.0,0.0,0.0,0.0,0.0,0.0,0.0,0.0,0.0,0.0,0.0,0.0,0.0,0.0,41.0,0.0,1.0,34.0,109.90762941919192,10.0,477,477.0,0.0,0,2.91209804576243e-05,0.000168109163112409,none,1.892,0.0015,1,none,-0.308,-0.0038,0.99666,none,2,0.026,1,none,-0.742,-0.0289,1,none,0,0,1,none,-24,-0.0426,1,none
392118bf260529aba49371db78be4439ac2ede9a,0ffeaeaecfc77a952c3468ad81f56f1c7489177a,2025-02-28T15:36:41+01:00,ok,1.0,6.0,2.0,1.0,1.0,0.0,0.0,1.0,8.0,0.0,0.0,0.0,0.0,0.0,0.0,0.0,0.0,0.0,0.0,0.0,0.0,0.0,0.0,0.0,0.0,0.0,0.0,0.0,0.0,0.0,0,0,0,0,0,0,0,0,0.0,0.0,0.0,0.0,0.0,0.0,0.0,0.0,0.0,0.0,0.0,0.0,0.0,0.0,0.0,0.0,0.0,0.0,0.0,0.0,0.0,0.0,0.0,0.0,0.0,0.0,0.0,0.0,0.0,0.0,0.0,0.0,0.0,0.0,0.0,0.0,0.0,0.0,0.0,0.0,0.0,0.0,0.0,0.0,0.0,0.0,0.0,0.0,0.0,0.0,0.0,1.0,0.0,0.0,0.0,0.0,0.0,0.0,0.0,0.0,0.0,0.0,0.0,0.0,0.0,0.0,53.0,0.0,1.0,35.0,2.697627314814815,4.0,45,43.0,0.0,0,2.7471823066807813e-06,1.5151947606679402e-05,none,-52.217,-0.0414,1,none,-0.54,-0.0063,0.99666,none,-2,-0.0263,1,none,3.3,0.1045,1,none,0,0,1,none,-20,-0.0344,1,none
ecef5d12f4af4f70e240fc54fb626c16d005eee3,392118bf260529aba49371db78be4439ac2ede9a,2025-02-28T16:49:09+01:00,ok,232.0,3410.0,2849.0,52.0,37.0,0.6180315629814447,9.0,148.0,1693.0,6.0,12.0,1.0,7.0,9.0,0.0,27.0,283.0,11.0,917.0,11.0,220.0,3.0,35.0,8.0,142.0,4.0,2944.0,4.0,6.0,0.0,8,4,5,5,8,37,1,1,294.0,248.0,3.0,0.0,0.0,0.0,1.0,0.0,1.0,0.0,8.0,0.0,40.0,0.0,4.0,0.0,1.0,0.0,0.0,3.0,5.0,2.0,8.0,0.0,3.0,0.0,3.0,0.0,6.0,1.0,0.0,0.0,16.0,19.0,0.0,14.0,0.0,3.0,9.0,0.0,5.0,0.0,0.0,0.0,152.0,1.0,4.0,0.0,3.0,0.0,0.0,0.0,0.0,0.0,1.0,0.0,0.0,0.0,0.0,0.0,0.0,0.0,0.0,0.0,0.0,0.0,55.0,0.0,1.0,30.0,257.45566302910055,9.0,-28460,-28419.0,-42.0,0,-0.0017374354146845038,-0.010013876154789951,none,-24.89,-0.0197,1,none,-2.411,-0.0291,0.99666,none,-12,-0.16,1,none,-3.032,-0.1117,1,none,0,0,1,none,13,0.0232,1,none
68578556ffd7ab3a70a10f286525ccf913b165fa,ecef5d12f4af4f70e240fc54fb626c16d005eee3,2025-03-01T11:03:02+01:00,ok,1.0,6.0,0.0,1.0,1.0,0.0,0.0,1.0,6.0,0.0,0.0,0.0,0.0,0.0,0.0,0.0,0.0,0.0,0.0,0.0,0.0,0.0,0.0,0.0,0.0,0.0,0.0,0.0,0.0,0.0,0,0,0,0,0,0,0,0,0.0,0.0,0.0,0.0,0.0,0.0,0.0,0.0,0.0,0.0,0.0,0.0,0.0,0.0,0.0,0.0,0.0,0.0,0.0,0.0,0.0,0.0,0.0,0.0,0.0,0.0,0.0,0.0,0.0,0.0,0.0,0.0,0.0,0.0,0.0,0.0,0.0,0.0,0.0,0.0,0.0,0.0,0.0,0.0,0.0,0.0,0.0,0.0,0.0,0.0,0.0,1.0,0.0,0.0,0.0,0.0,0.0,0.0,0.0,0.0,0.0,0.0,0.0,0.0,0.0,0.0,56.0,0.0,1.0,161.0,0.7596412037037037,6.0,64,62.0,0.0,0,3.9138931280904085e-06,2.2067645876927317e-05,none,0.489,0.0004,1,none,-0.249,-0.0027,0.99666,none,14,0.2295,1,none,5.367,0.454,0.95617,none,0,0,1,none,-1,-0.0017,1,none
2523624f157eb725809bc14e1d395e7bdc6e840b,68578556ffd7ab3a70a10f286525ccf913b165fa,2025-03-02T14:24:50+01:00,ok,3.0,210.0,8.0,3.0,2.0,0.1306575826676962,0.0,1.0,4.0,0.0,0.0,0.0,0.0,0.0,0.0,0.0,0.0,0.0,0.0,0.0,0.0,0.0,0.0,1.0,2.0,1.0,212.0,0.0,0.0,0.0,0,0,1,0,0,0,0,0,0.0,0.0,0.0,0.0,0.0,0.0,0.0,0.0,0.0,0.0,0.0,0.0,0.0,0.0,0.0,0.0,0.0,0.0,0.0,0.0,0.0,0.0,0.0,0.0,0.0,0.0,0.0,0.0,0.0,0.0,0.0,0.0,0.0,0.0,0.0,0.0,0.0,0.0,0.0,0.0,0.0,0.0,0.0,0.0,0.0,0.0,0.0,0.0,0.0,0.0,0.0,1.0,0.0,0.0,0.0,0.0,0.0,0.0,0.0,0.0,0.0,0.0,0.0,0.0,0.0,0.0,52.0,0.0,1.0,36.0,110.87659722222222,7.0,6082,6083.0,0.0,0,0.0003719407005926895,0.0021650730262794946,none,-21.953,-0.0177,1,none,-1.809,-0.0192,0.99666,none,9,0.1731,1,none,0.626,0.0754,1,none,0,0,1,none,16,0.0285,1,none
d1112bbf4f39617e2e20c77e68eb6cec643b11e9,2523624f157eb725809bc14e1d395e7bdc6e840b,2025-03-02T18:24:20+01:00,ok,3.0,2.0,4.0,2.0,1.0,0.9206198357143051,0.0,3.0,6.0,0.0,0.0,0.0,0.0,0.0,0.0,0.0,0.0,0.0,0.0,0.0,0.0,0.0,0.0,0.0,0.0,0.0,0.0,0.0,0.0,0.0,0,0,0,0,0,0,0,0,0.0,0.0,0.0,0.0,0.0,0.0,0.0,0.0,0.0,0.0,0.0,0.0,0.0,0.0,0.0,0.0,0.0,0.0,0.0,0.0,0.0,0.0,0.0,0.0,0.0,0.0,0.0,0.0,0.0,0.0,0.0,0.0,0.0,0.0,0.0,0.0,0.0,0.0,0.0,0.0,0.0,0.0,0.0,0.0,0.0,0.0,0.0,0.0,0.0,0.0,0.0,1.0,0.0,0.0,0.0,0.0,0.0,0.0,0.0,0.0,0.0,0.0,0.0,0.0,0.0,0.0,33.0,0.0,1.0,162.0,2.066099537037037,10.0,-10,-10.0,0.0,0,-6.113160344344541e-07,-3.551529857001202e-06,none,18.019,0.0146,1,none,2.009,0.0215,1,none,-5,-0.0862,1,none,-2.299,-0.1989,1,none,0,0,1,none,1,0.0018,1,none
d21c6a1bc698ebbf31695cbe1233fe8c431c9896,d1112bbf4f39617e2e20c77e68eb6cec643b11e9,2025-03-04T14:00:13+01:00,ok,2.0,375.0,366.0,1.0,2.0,0.07710234493562948,0.0,0.0,0.0,0.0,0.0,0.0,0.0,0.0,0.0,0.0,0.0,0.0,0.0,0.0,0.0,0.0,0.0,1.0,7.0,1.0,734.0,0.0,0.0,0.0,0,0,0,0,1,0,3,2,0.0,0.0,0.0,0.0,0.0,0.0,0.0,0.0,0.0,0.0,0.0,0.0,0.0,0.0,0.0,0.0,0.0,0.0,0.0,0.0,0.0,0.0,0.0,0.0,0.0,0.0,0.0,0.0,0.0,0.0,0.0,0.0,0.0,0.0,0.0,0.0,0.0,0.0,0.0,0.0,0.0,0.0,0.0,0.0,0.0,0.0,0.0,0.0,0.0,0.0,0.0,0.0,0.0,0.0,1.0,0.0,0.0,0.0,0.0,0.0,0.0,0.0,0.0,0.0,0.0,0.0,28.0,0.0,1.0,163.0,3.8826851851851854,7.0,3631,3634.0,0.0,0,0.00022196898779635167,0.0012906305337471117,none,-10.353,-0.0085,1,none,-2.512,-0.0266,0.99666,none,-14,-0.2121,1,none,-7.189,-0.4494,0.95617,none,0,0,1,none,-6,-0.0118,1,none
c5d3bb0b6a84a0464f6f6fd5802075373b5ffbe8,d21c6a1bc698ebbf31695cbe1233fe8c431c9896,2025-03-04T17:24:39+01:00,ok,6.0,77.0,38.0,3.0,1.0,0.8290713328795094,0.0,3.0,46.0,0.0,0.0,0.0,0.0,0.0,0.0,3.0,69.0,0.0,0.0,0.0,0.0,0.0,0.0,0.0,0.0,0.0,0.0,0.0,0.0,0.0,0,0,0,0,0,0,0,0,1.0,1.0,0.0,0.0,0.0,0.0,0.0,0.0,0.0,0.0,0.0,0.0,0.0,0.0,0.0,0.0,0.0,0.0,0.0,0.0,0.0,0.0,0.0,0.0,0.0,0.0,0.0,0.0,0.0,0.0,0.0,0.0,0.0,0.0,0.0,0.0,0.0,0.0,0.0,0.0,0.0,0.0,0.0,0.0,0.0,0.0,0.0,0.0,0.0,0.0,0.0,1.0,0.0,0.0,0.0,0.0,0.0,0.0,0.0,0.0,0.0,0.0,0.0,0.0,0.0,0.0,46.0,0.0,1.0,0.0,4.024652777777778,6.0,90,89.0,0.0,0,5.500626704735893e-06,3.15679853808305e-05,none,44.784,0.0382,1,none,0.533,0.0058,0.99666,none,3,0.0429,1,none,-3.621,-0.3084,1,none,0,0,1,none,18,0.0356,1,none
d92384b77d1fdce42a56a94395876f1b1e5c1e55,c5d3bb0b6a84a0464f6f6fd5802075373b5ffbe8,2025-03-04T17:45:52Z,ok,2.0,61.0,62.0,1.0,2.0,0.2811937964320427,0.0,0.0,0.0,0.0,0.0,0.0,0.0,0.0,0.0,0.0,0.0,0.0,0.0,0.0,0.0,0.0,0.0,1.0,6.0,1.0,117.0,0.0,0.0,0.0,0,0,0,0,0,0,3,2,0.0,0.0,0.0,0.0,0.0,0.0,0.0,0.0,0.0,0.0,0.0,0.0,0.0,0.0,0.0,0.0,0.0,0.0,0.0,0.0,0.0,0.0,0.0,0.0,0.0,0.0,0.0,0.0,0.0,0.0,0.0,0.0,0.0,0.0,0.0,0.0,0.0,0.0,0.0,0.0,0.0,0.0,0.0,0.0,0.0,0.0,0.0,0.0,0.0,0.0,0.0,0.0,0.0,0.0,0.0,0.0,0.0,0.0,0.0,0.0,0.0,0.0,1.0,0.0,1.0,0.0,36.0,0.0,1.0,164.0,0.19836805555555556,7.0,-1759,-1758.0,0.0,0,-0.0001075061016894043,-0.0006235367015901605,none,18.208,0.0152,1,none,0.456,0.0048,0.99666,none,-3,-0.0417,1,none,-0.712,-0.0639,1,none,0,0,1,none,17,0.0349,1,none
70c3e921bb7f6e4576620d1fc9fa7d81dab6fcc6,d92384b77d1fdce42a56a94395876f1b1e5c1e55,2025-03-04T21:45:48+01:00,ok,3.0,19.0,7.0,3.0,2.0,0.7816596645276667,0.0,3.0,26.0,0.0,0.0,0.0,0.0,0.0,0.0,0.0,0.0,0.0,0.0,0.0,0.0,0.0,0.0,0.0,0.0,0.0,0.0,0.0,0.0,0.0,0,0,0,0,0,0,0,0,0.0,0.0,0.0,0.0,0.0,0.0,0.0,0.0,0.0,0.0,0.0,0.0,0.0,0.0,0.0,0.0,0.0,0.0,0.0,0.0,0.0,0.0,0.0,0.0,0.0,0.0,0.0,0.0,0.0,0.0,0.0,0.0,0.0,0.0,2.0,6.0,0.0,0.0,0.0,0.0,0.0,0.0,0.0,0.0,0.0,0.0,0.0,0.0,0.0,0.0,0.0,1.0,0.0,0.0,0.0,0.0,0.0,0.0,0.0,0.0,0.0,0.0,0.0,0.0,0.0,0.0,29.0,0.0,1.0,165.0,145.55332561728395,2.0,103,100.0,0.0,0,6.295803883386309e-06,3.549065655230276e-05,none,38.218,0.0326,1,none,0.002,0,1,none,-3,-0.0417,1,none,0.838,0.0726,1,none,0,0,1,none,16,0.0327,1,none
a9e2d2348bdad814449b946eefc9515d8132cf8b,70c3e921bb7f6e4576620d1fc9fa7d81dab6fcc6,2025-03-05T23:06:01+01:00,ok,10.0,208.0,122.0,6.0,2.0,0.8230181401456099,0.0,10.0,330.0,0.0,0.0,0.0,0.0,0.0,0.0,0.0,0.0,0.0,0.0,0.0,0.0,0.0,0.0,0.0,0.0,0.0,0.0,0.0,0.0,0.0,0,0,0,0,0,0,0,0,4.0,1.0,0.0,0.0,0.0,0.0,0.0,0.0,0.0,0.0,0.0,0.0,0.0,0.0,0.0,0.0,0.0,0.0,0.0,1.0,9.0,3.0,0.0,0.0,0.0,0.0,0.0,0.0,0.0,0.0,0.0,0.0,0.0,0.0,1.0,0.0,0.0,0.0,0.0,0.0,0.0,0.0,0.0,0.0,2.0,0.0,0.0,0.0,0.0,0.0,0.0,0.0,0.0,0.0,1.0,0.0,0.0,0.0,0.0,0.0,0.0,0.0,0.0,0.0,0.0,0.0,56.0,0.0,1.0,37.0,7.440033564814816,11.0,96,97.0,0.0,0,5.867896773426936e-06,3.442471509999315e-05,none,37.017,0.0314,1,none,-0.176,-0.0019,0.99666,none,4,0.0615,1,none,-2.329,-0.1742,1,none,0,0,1,none,-19,-0.0373,1,none
4ec812bc18df090b9acc797e9a385156d13a1285,a9e2d2348bdad814449b946eefc9515d8132cf8b,2025-03-08T12:39:54+01:00,ok,2.0,141.0,24.0,1.0,1.0,0.899030771238222,0.0,1.0,52.0,0.0,0.0,0.0,0.0,0.0,0.0,1.0,113.0,0.0,0.0,0.0,0.0,0.0,0.0,0.0,0.0,0.0,0.0,0.0,0.0,0.0,0,0,0,0,0,0,0,0,0.0,0.0,0.0,0.0,0.0,0.0,0.0,0.0,0.0,0.0,0.0,0.0,0.0,0.0,0.0,0.0,0.0,0.0,0.0,0.0,2.0,2.0,0.0,0.0,0.0,0.0,0.0,0.0,0.0,0.0,0.0,0.0,0.0,0.0,0.0,0.0,0.0,0.0,0.0,0.0,0.0,0.0,0.0,0.0,0.0,0.0,0.0,0.0,0.0,0.0,0.0,1.0,0.0,0.0,0.0,0.0,0.0,0.0,0.0,0.0,0.0,0.0,0.0,0.0,0.0,0.0,70.0,0.0,1.0,38.0,2.5651967592592593,3.0,-20,-19.0,0.0,0,-1.2224713211284242e-06,-6.742753314595577e-06,none,-7.313,-0.0061,1,none,5.423,0.0575,0.99666,none,-6,-0.0811,1,none,0.197,0.0172,1,none,0,0,1,none,-17,-0.0324,1,none
d587b8a3de6ce8b4ae1bd7578210977ab99fddb7,4ec812bc18df090b9acc797e9a385156d13a1285,2025-03-10T16:25:33+01:00,ok,5.0,90.0,60.0,2.0,1.0,0.5206728429351424,0.0,4.0,145.0,0.0,0.0,0.0,0.0,0.0,0.0,1.0,5.0,0.0,0.0,0.0,0.0,0.0,0.0,0.0,0.0,0.0,0.0,0.0,0.0,0.0,0,0,0,0,0,0,0,0,2.0,3.0,0.0,0.0,0.0,0.0,0.0,0.0,0.0,0.0,0.0,0.0,0.0,0.0,0.0,0.0,0.0,0.0,0.0,0.0,0.0,1.0,0.0,0.0,0.0,0.0,0.0,0.0,0.0,0.0,0.0,0.0,0.0,0.0,0.0,0.0,0.0,0.0,0.0,0.0,0.0,0.0,0.0,0.0,0.0,0.0,0.0,0.0,0.0,0.0,0.0,1.0,0.0,0.0,0.0,0.0,0.0,0.0,0.0,0.0,0.0,0.0,0.0,0.0,0.0,0.0,57.0,0.0,1.0,39.0,6.711455439814815,8.0,76,76.0,0.0,0,4.645396699152252e-06,2.6971195118497592e-05,none,-28.613,-0.0236,1,none,0.023,0.0002,0.99666,none,2,0.0294,1,none,-4.982,-0.3152,0.94953,none,0,0,1,none,1,0.002,1,none
69bc5bdaab1fe0064a7db085535748f7eab5f181,d587b8a3de6ce8b4ae1bd7578210977ab99fddb7,2025-03-11T13:02:59+01:00,ok,18.0,255.0,387.0,9.0,7.0,0.46059440511120153,0.0,4.0,34.0,2.0,12.0,1.0,3.0,0.0,0.0,0.0,0.0,5.0,24.0,1.0,5.0,1.0,3.0,2.0,7.0,2.0,554.0,0.0,0.0,0.0,0,0,2,0,0,0,0,0,0.0,0.0,0.0,0.0,0.0,0.0,0.0,0.0,0.0,0.0,0.0,0.0,0.0,0.0,0.0,0.0,0.0,0.0,0.0,0.0,0.0,0.0,0.0,0.0,0.0,0.0,0.0,0.0,0.0,0.0,0.0,0.0,0.0,0.0,0.0,0.0,0.0,0.0,0.0,0.0,0.0,0.0,0.0,0.0,0.0,6.0,0.0,0.0,0.0,0.0,0.0,0.0,0.0,0.0,1.0,0.0,0.0,0.0,0.0,0.0,0.0,0.0,0.0,0.0,0.0,0.0,51.0,0.0,1.0,31.0,47.49786616161616,9.0,-280,-256.0,-25.0,0,-1.7114539914102124e-05,-9.084789117558236e-05,none,-20.648,-0.017,1,none,-2.099,-0.0214,0.99666,none,-2,-0.027,1,none,1.6,0.125,1,none,0,0,1,none,12,0.0244,1,none
817d8c553c3389650f8b4503984a6d4a5d2f0c11,69bc5bdaab1fe0064a7db085535748f7eab5f181,2025-03-11T13:44:10+01:00,ok,1.0,21.0,1.0,1.0,1.0,0.0,0.0,0.0,0.0,0.0,0.0,0.0,0.0,0.0,0.0,0.0,0.0,1.0,22.0,0.0,0.0,0.0,0.0,0.0,0.0,0.0,0.0,0.0,0.0,1.0,0,0,0,0,0,0,0,0,0.0,0.0,0.0,0.0,0.0,0.0,0.0,0.0,0.0,0.0,0.0,0.0,0.0,0.0,0.0,0.0,0.0,0.0,0.0,0.0,0.0,0.0,0.0,0.0,0.0,0.0,0.0,0.0,0.0,0.0,0.0,0.0,0.0,0.0,0.0,0.0,0.0,0.0,0.0,0.0,0.0,0.0,0.0,0.0,0.0,0.0,0.0,0.0,0.0,0.0,0.0,0.0,0.0,0.0,0.0,0.0,0.0,0.0,1.0,0.0,0.0,0.0,0.0,0.0,0.0,0.0,30.0,0.0,1.0,32.0,0.0,0.0,0,0.0,0.0,0,0.0,0.0,none,5.4,0.0045,1,none,-1.008,-0.0106,0.99666,none,6,0.0845,1,none,-2.422,-0.1401,1,none,0,0,1,none,-1,-0.002,1,none
82b9a6b464941d1afbb2396e77e1bbfc407a0c60,817d8c553c3389650f8b4503984a6d4a5d2f0c11,2025-03-11T23:18:15+01:00,ok,1.0,11.0,11.0,1.0,1.0,0.0,0.0,0.0,0.0,0.0,0.0,0.0,0.0,0.0,0.0,0.0,0.0,1.0,22.0,0.0,0.0,0.0,0.0,0.0,0.0,0.0,0.0,0.0,0.0,1.0,0,0,0,0,0,0,0,0,0.0,0.0,0.0,0.0,0.0,0.0,0.0,0.0,0.0,0.0,0.0,0.0,0.0,0.0,0.0,0.0,0.0,0.0,0.0,0.0,0.0,0.0,0.0,0.0,0.0,0.0,0.0,0.0,0.0,0.0,0.0,0.0,0.0,0.0,0.0,0.0,0.0,0.0,0.0,0.0,0.0,0.0,0.0,0.0,0.0,0.0,0.0,0.0,0.0,0.0,0.0,0.0,0.0,0.0,0.0,0.0,0.0,0.0,1.0,0.0,0.0,0.0,0.0,0.0,0.0,0.0,31.0,0.0,1.0,33.0,0.0,0.0,0,0.0,0.0,0,0.0,0.0,none,25.236,0.0213,1,none,0.403,0.0043,0.99666,none,-11,-0.1447,1,none,2.198,0.1692,1,none,0,0,1,none,38,0.0751,1,none
21ffaf4d76bf8554c3ba5561ab8ff41ce89b55fa,82b9a6b464941d1afbb2396e77e1bbfc407a0c60,2025-03-12T15:23:31+01:00,ok,421.0,3369.0,2600.0,69.0,27.0,0.894477547047354,0.0,342.0,5038.0,0.0,0.0,0.0,0.0,0.0,0.0,76.0,913.0,0.0,0.0,1.0,15.0,0.0,0.0,1.0,1.0,1.0,2.0,0.0,0.0,0.0,0,0,0,0,1,0,0,0,1476.0,1476.0,0.0,0.0,0.0,0.0,0.0,0.0,0.0,0.0,0.0,0.0,0.0,0.0,0.0,0.0,0.0,0.0,0.0,0.0,0.0,0.0,0.0,0.0,0.0,0.0,0.0,0.0,5.0,5.0,2.0,2.0,0.0,0.0,0.0,0.0,32.0,32.0,0.0,0.0,0.0,0.0,0.0,0.0,0.0,0.0,0.0,0.0,0.0,0.0,0.0,0.0,0.0,1.0,0.0,0.0,0.0,0.0,0.0,0.0,0.0,0.0,0.0,0.0,0.0,0.0,38.0,0.0,1.0,34.0,114.20262577160494,14.0,1075,-589.0,1663.0,0,6.570873317352154e-05,-0.00020904011547248213,none,-12.359,-0.0103,1,none,-0.632,-0.0066,1,none,0,0,1,none,-1.474,-0.1107,1,none,0,0,1,none,1,0.002,1,none
30983d801a12b658d4f6b3ee4bd7471186291c78,21ffaf4d76bf8554c3ba5561ab8ff41ce89b55fa,2025-03-15T12:31:25+01:00,ok,4.0,129.0,110.0,3.0,1.0,0.7668053543874715,0.0,3.0,231.0,0.0,0.0,0.0,0.0,0.0,0.0,1.0,8.0,0.0,0.0,0.0,0.0,0.0,0.0,0.0,0.0,0.0,0.0,0.0,0.0,0.0,0,0,0,0,0,0,0,0,1.0,0.0,0.0,0.0,0.0,0.0,0.0,0.0,0.0,0.0,0.0,0.0,0.0,0.0,0.0,0.0,0.0,0.0,0.0,0.0,2.0,4.0,0.0,0.0,0.0,0.0,0.0,0.0,0.0,0.0,0.0,0.0,0.0,0.0,0.0,0.0,0.0,0.0,0.0,0.0,0.0,0.0,0.0,0.0,0.0,0.0,0.0,0.0,0.0,0.0,0.0,1.0,0.0,0.0,0.0,0.0,0.0,0.0,0.0,0.0,0.0,0.0,0.0,0.0,0.0,0.0,40.0,0.0,1.0,40.0,2.8804861111111113,9.0,168,168.0,0.0,0,1.0268224983899362e-05,5.963681181604031e-05,none,10.556,0.0088,1,none,-1.718,-0.0177,0.99666,none,-4,-0.0563,1,none,-0.175,-0.0123,1,none,0,0,1,none,-10,-0.02,1,none
99d8bff1751b0bcfaacd1b0f32689df63ab42f86,30983d801a12b658d4f6b3ee4bd7471186291c78,2025-03-15T20:05:42+01:00,ok,2.0,18.0,7.0,2.0,1.0,0.6343095546405662,0.0,2.0,25.0,0.0,0.0,0.0,0.0,0.0,0.0,0.0,0.0,0.0,0.0,0.0,0.0,0.0,0.0,0.0,0.0,0.0,0.0,0.0,0.0,0.0,0,0,0,0,0,0,0,0,1.0,1.0,0.0,0.0,0.0,0.0,0.0,0.0,0.0,0.0,0.0,0.0,0.0,0.0,0.0,0.0,0.0,0.0,1.0,0.0,0.0,1.0,0.0,0.0,0.0,0.0,0.0,0.0,0.0,0.0,0.0,0.0,0.0,0.0,0.0,0.0,0.0,0.0,0.0,0.0,0.0,0.0,0.0,0.0,0.0,0.0,0.0,0.0,0.0,0.0,0.0,1.0,0.0,0.0,0.0,0.0,0.0,0.0,0.0,0.0,0.0,0.0,0.0,0.0,0.0,0.0,75.0,0.0,1.0,166.0,3.195960648148148,5.0,14,15.0,0.0,0,8.556766290448063e-07,5.3243978106076205e-06,none,-32.368,-0.0263,1,none,0.403,0.0043,0.99666,none,2,0.029,1,none,-2.177,-0.1376,1,none,0,0,1,none,-33,-0.0631,1,none
58990b41ae3f2339e5bb2616f870d79e3f8d6463,99d8bff1751b0bcfaacd1b0f32689df63ab42f86,2025-03-22T09:06:23Z,ok,1.0,2.0,2.0,1.0,1.0,0.0,0.0,1.0,4.0,0.0,0.0,0.0,0.0,0.0,0.0,0.0,0.0,0.0,0.0,0.0,0.0,0.0,0.0,0.0,0.0,0.0,0.0,0.0,0.0,0.0,0,0,0,0,0,0,0,0,0.0,0.0,0.0,0.0,0.0,0.0,0.0,0.0,0.0,0.0,0.0,0.0,0.0,0.0,0.0,0.0,0.0,0.0,0.0,0.0,0.0,0.0,0.0,0.0,0.0,0.0,0.0,0.0,0.0,0.0,0.0,0.0,0.0,0.0,0.0,0.0,0.0,0.0,0.0,0.0,0.0,0.0,0.0,0.0,0.0,0.0,0.0,0.0,0.0,0.0,0.0,1.0,0.0,0.0,0.0,0.0,0.0,0.0,0.0,0.0,0.0,0.0,0.0,0.0,0.0,0.0,33.0,0.0,1.0,0.0,9.779768518518518,3.0,0,0.0,0.0,0,0.0,0.0,none,20.76,0.0169,1,none,-0.586,-0.0062,0.99666,none,13,0.1912,1,none,-3.631,-0.224,0.95617,none,0,0,1,none,17,0.0348,1,none
77aca48c8437b5bcc356b144c9677616ca80c7ba,58990b41ae3f2339e5bb2616f870d79e3f8d6463,2025-03-23T18:39:33+01:00,ok,29.0,1290.0,1082.0,8.0,1.0,0.673214448415257,0.0,20.0,1972.0,0.0,0.0,0.0,0.0,0.0,0.0,9.0,400.0,0.0,0.0,0.0,0.0,0.0,0.0,0.0,0.0,0.0,0.0,0.0,0.0,0.0,0,0,0,0,0,0,0,0,36.0,25.0,0.0,0.0,0.0,0.0,0.0,0.0,0.0,0.0,0.0,0.0,0.0,0.0,0.0,0.0,0.0,0.0,5.0,5.0,20.0,21.0,0.0,0.0,0.0,0.0,8.0,0.0,0.0,0.0,0.0,0.0,0.0,0.0,0.0,0.0,0.0,0.0,0.0,0.0,0.0,0.0,0.0,0.0,0.0,0.0,0.0,0.0,0.0,0.0,0.0,1.0,0.0,0.0,0.0,0.0,0.0,0.0,0.0,0.0,0.0,0.0,0.0,0.0,0.0,0.0,55.0,0.0,1.0,41.0,10.664716739766083,12.0,-684,-684.0,0.0,0,-4.1805879532446464e-05,-0.00024279124744652116,none,-21.923,-0.0181,1,none,0.464,0.0049,0.99666,none,10,0.1408,1,none,1.348,0.1036,1,none,0,0,1,none,-4,-0.0079,1,none
e1bb59fb8f115cd8e75fcaaeefa03a81b0fdc697,77aca48c8437b5bcc356b144c9677616ca80c7ba,2025-03-24T19:44:00+01:00,ok,16.0,48.0,45.0,9.0,4.0,0.9366591301860421,0.0,16.0,93.0,0.0,0.0,0.0,0.0,0.0,0.0,0.0,0.0,0.0,0.0,0.0,0.0,0.0,0.0,0.0,0.0,0.0,0.0,0.0,0.0,0.0,0,0,0,0,0,0,0,0,11.0,11.0,0.0,0.0,0.0,0.0,0.0,0.0,0.0,0.0,0.0,0.0,0.0,0.0,0.0,0.0,0.0,0.0,0.0,0.0,0.0,0.0,0.0,0.0,0.0,0.0,0.0,0.0,0.0,0.0,0.0,0.0,0.0,0.0,0.0,0.0,0.0,0.0,0.0,0.0,0.0,0.0,0.0,0.0,0.0,0.0,0.0,0.0,0.0,0.0,0.0,0.0,0.0,0.0,1.0,0.0,0.0,0.0,0.0,0.0,0.0,0.0,0.0,0.0,0.0,0.0,45.0,0.0,1.0,0.0,21.506120515046298,11.0,44,42.0,0.0,0,2.6893795363032928e-06,1.4911854960197773e-05,none,39.162,0.0333,1,none,0.037,0.0004,0.99666,none,1,0.0147,1,none,-4.456,-0.3367,1,none,0,0,1,none,-17,-0.0335,1,none
ab89d4c16f53bd1e06cb980c600f0952b7a3d7d3,e1bb59fb8f115cd8e75fcaaeefa03a81b0fdc697,2025-03-25T22:18:55+01:00,ok,2.0,9.0,3.0,2.0,2.0,1.0,0.0,1.0,6.0,0.0,0.0,0.0,0.0,0.0,0.0,0.0,0.0,1.0,6.0,0.0,0.0,0.0,0.0,0.0,0.0,0.0,0.0,0.0,0.0,0.0,0,0,0,0,0,0,0,0,1.0,0.0,0.0,0.0,0.0,0.0,0.0,0.0,0.0,0.0,0.0,0.0,0.0,0.0,0.0,0.0,0.0,0.0,0.0,0.0,0.0,0.0,0.0,0.0,0.0,0.0,0.0,0.0,0.0,0.0,0.0,0.0,0.0,0.0,0.0,0.0,0.0,0.0,0.0,0.0,0.0,0.0,0.0,0.0,0.0,0.0,0.0,0.0,0.0,0.0,1.0,0.0,0.0,0.0,0.0,0.0,0.0,0.0,0.0,0.0,0.0,0.0,0.0,0.0,0.0,0.0,57.0,0.0,2.0,0.0,13.288472222222222,6.0,-58,-56.0,0.0,0,-3.5450816728751436e-06,-1.988217680012696e-05,none,-33.114,-0.027,1,none,-0.1,-0.0011,0.99666,none,-17,-0.1977,1,none,0.143,0.0116,1,none,0,0,1,none,1,0.002,1,none
a18f059188b8dd978a9162cf5c70ac725025910b,ab89d4c16f53bd1e06cb980c600f0952b7a3d7d3,2025-03-26T15:10:43+01:00,ok,1.0,38.0,38.0,1.0,1.0,0.0,0.0,1.0,76.0,0.0,0.0,0.0,0.0,0.0,0.0,0.0,0.0,0.0,0.0,0.0,0.0,0.0,0.0,0.0,0.0,0.0,0.0,0.0,0.0,0.0,0,0,0,0,0,0,0,0,0.0,0.0,0.0,0.0,0.0,0.0,0.0,0.0,0.0,0.0,0.0,0.0,0.0,0.0,0.0,0.0,0.0,0.0,0.0,0.0,10.0,10.0,0.0,0.0,0.0,0.0,0.0,0.0,0.0,0.0,0.0,0.0,0.0,0.0,0.0,0.0,0.0,0.0,0.0,0.0,0.0,0.0,0.0,0.0,0.0,0.0,0.0,0.0,0.0,0.0,0.0,1.0,0.0,0.0,0.0,0.0,0.0,0.0,0.0,0.0,0.0,0.0,0.0,0.0,0.0,0.0,54.0,0.0,1.0,42.0,13.991111111111111,5.0,21,20.0,0.0,0,1.2835686043275698e-06,7.100918610336026e-06,none,-14.966,-0.0121,1,none,-0.438,-0.0046,0.99666,none,2,0.0299,1,none,1.176,0.0891,1,none,0,0,1,none,-17,-0.0334,1,none
432a46ef9ee13afe47530e857a259acde4d0fd59,a18f059188b8dd978a9162cf5c70ac725025910b,2025-03-26T15:24:59+01:00,ok,372.0,3422.0,2422.0,53.0,23.0,0.8769731112898214,0.0,272.0,4665.0,2.0,2.0,0.0,0.0,0.0,0.0,78.0,844.0,4.0,40.0,11.0,154.0,0.0,0.0,5.0,139.0,0.0,0.0,0.0,0.0,0.0,8,5,0,0,1,0,0,0,1137.0,766.0,0.0,0.0,0.0,0.0,0.0,0.0,0.0,0.0,0.0,0.0,9.0,0.0,3.0,0.0,6.0,0.0,139.0,0.0,305.0,0.0,32.0,0.0,5.0,0.0,12.0,0.0,56.0,3.0,0.0,0.0,15.0,0.0,7.0,0.0,0.0,0.0,9.0,0.0,7.0,0.0,0.0,0.0,104.0,1.0,3.0,0.0,2.0,0.0,0.0,0.0,0.0,1.0,0.0,0.0,0.0,0.0,0.0,0.0,0.0,0.0,0.0,0.0,0.0,0.0,67.0,0.0,1.0,35.0,12.770911458333334,15.0,1272,1273.0,0.0,0,7.774748423932583e-05,0.0004519702601438565,none,12.958,0.0107,1,none,1.855,0.0197,0.99666,none,3,0.0423,1,none,0.254,0.0195,1,none,0,0,1,none,3,0.0059,1,none
0cd5a259ae6e6db87fa5af2b0466426d6920bb45,432a46ef9ee13afe47530e857a259acde4d0fd59,2025-03-27T12:00:12+01:00,ok,11.0,45.0,34.0,6.0,6.0,0.9145002398491076,0.0,0.0,0.0,0.0,0.0,0.0,0.0,0.0,0.0,0.0,0.0,0.0,0.0,6.0,23.0,0.0,0.0,5.0,56.0,0.0,0.0,0.0,0.0,0.0,5,8,0,0,0,1,0,0,0.0,0.0,0.0,0.0,0.0,0.0,0.0,0.0,0.0,0.0,0.0,0.0,0.0,0.0,0.0,0.0,0.0,0.0,0.0,0.0,0.0,0.0,0.0,0.0,0.0,0.0,0.0,0.0,0.0,0.0,0.0,0.0,0.0,0.0,0.0,0.0,0.0,0.0,0.0,0.0,0.0,0.0,0.0,0.0,0.0,0.0,0.0,0.0,0.0,0.0,0.0,1.0,0.0,0.0,0.0,0.0,0.0,0.0,0.0,0.0,0.0,0.0,0.0,0.0,0.0,0.0,35.0,0.0,1.0,36.0,3.216112163299663,6.0,0,0.0,0.0,0,0.0,0.0,none,50.998,0.0433,1,none,-0.015,-0.0002,1,none,-10,-0.1163,1,none,1.663,0.128,1,none,0,0,1,none,13,0.0256,1,none
d797c2e2108a97f1eb80eac30c763240282e14a2,0cd5a259ae6e6db87fa5af2b0466426d6920bb45,2025-03-29T19:31:16+01:00,ok,1.0,7.0,1.0,1.0,1.0,0.0,0.0,1.0,8.0,0.0,0.0,0.0,0.0,0.0,0.0,0.0,0.0,0.0,0.0,0.0,0.0,0.0,0.0,0.0,0.0,0.0,0.0,0.0,0.0,0.0,0,0,0,0,0,0,0,0,0.0,0.0,0.0,0.0,0.0,0.0,0.0,0.0,0.0,0.0,0.0,0.0,0.0,0.0,0.0,0.0,0.0,0.0,0.0,0.0,0.0,0.0,0.0,0.0,0.0,0.0,0.0,0.0,0.0,0.0,0.0,0.0,0.0,0.0,0.0,0.0,0.0,0.0,0.0,0.0,0.0,0.0,0.0,0.0,0.0,0.0,0.0,0.0,0.0,0.0,0.0,1.0,0.0,0.0,0.0,0.0,0.0,0.0,0.0,0.0,0.0,0.0,0.0,0.0,0.0,0.0,50.0,0.0,1.0,167.0,3.1710300925925927,5.0,19,19.0,0.0,0,1.1612322018246014e-06,6.742777243481686e-06,none,17.476,0.0147,1,none,0.018,0.0002,0.99666,none,1,0.0125,1,none,-2.431,-0.1713,1,none,0,0,1,none,-1,-0.002,1,none
f2e8404c7bee230c12e78747492fd120a7929a67,d797c2e2108a97f1eb80eac30c763240282e14a2,2025-03-29T19:42:33+01:00,ok,3.0,17.0,2.0,3.0,3.0,0.9283213239079567,0.0,2.0,16.0,0.0,0.0,0.0,0.0,0.0,0.0,0.0,0.0,0.0,0.0,0.0,0.0,0.0,0.0,0.0,0.0,0.0,0.0,1.0,3.0,0.0,0,0,0,0,0,0,0,0,0.0,0.0,0.0,0.0,0.0,0.0,0.0,0.0,0.0,0.0,0.0,0.0,0.0,0.0,0.0,0.0,0.0,0.0,0.0,0.0,0.0,0.0,0.0,0.0,0.0,0.0,0.0,0.0,0.0,0.0,0.0,0.0,0.0,0.0,0.0,0.0,0.0,0.0,0.0,0.0,0.0,0.0,0.0,0.0,0.0,0.0,0.0,0.0,0.0,0.0,1.0,0.0,0.0,0.0,0.0,0.0,0.0,0.0,0.0,0.0,0.0,0.0,0.0,0.0,0.0,0.0,51.0,0.0,1.0,168.0,48.766863425925926,10.0,167,168.0,0.0,0,1.0206608026953268e-05,5.961994414888804e-05,none,41.067,0.0345,1,none,-5.291,-0.0536,0.99666,none,-13,-0.1625,1,none,0.995,0.0779,1,none,0,0,1,none,-50,-0.0896,1,none
83fac6d0db2cceaecb35b66a4dd4e116e607816d,f2e8404c7bee230c12e78747492fd120a7929a67,2025-03-30T19:00:31+02:00,ok,3.0,15.0,27.0,1.0,1.0,0.6454645236511275,0.0,1.0,6.0,2.0,36.0,0.0,0.0,0.0,0.0,0.0,0.0,0.0,0.0,0.0,0.0,0.0,0.0,0.0,0.0,0.0,0.0,0.0,0.0,0.0,0,0,0,0,0,0,0,0,0.0,0.0,0.0,0.0,0.0,0.0,0.0,0.0,0.0,0.0,0.0,0.0,0.0,0.0,0.0,0.0,0.0,0.0,0.0,0.0,0.0,0.0,0.0,0.0,0.0,0.0,0.0,0.0,0.0,0.0,0.0,0.0,0.0,0.0,0.0,0.0,0.0,0.0,0.0,0.0,0.0,0.0,0.0,0.0,3.0,1.0,0.0,0.0,0.0,4.0,1.0,0.0,0.0,0.0,0.0,0.0,0.0,0.0,0.0,0.0,0.0,0.0,0.0,0.0,0.0,0.0,44.0,0.0,1.0,169.0,154.4175,4.0,-102,-62.0,-41.0,0,-6.233912533073351e-06,-2.2001286720413682e-05,none,-15.769,-0.0129,1,none,15.176,0.1591,0.99666,none,2,0.0294,1,none,1.688,0.1435,1,none,0,0,1,none,0,0,1,none
7c58477382883026b65ca770f31b87ff153654f8,83fac6d0db2cceaecb35b66a4dd4e116e607816d,2025-03-30T19:20:13+02:00,ok,3.0,29.0,21.0,3.0,1.0,0.6442544780072552,0.0,0.0,0.0,3.0,50.0,0.0,0.0,0.0,0.0,0.0,0.0,0.0,0.0,0.0,0.0,0.0,0.0,0.0,0.0,0.0,0.0,0.0,0.0,0.0,0,0,0,0,0,0,0,0,0.0,0.0,0.0,0.0,0.0,0.0,0.0,0.0,0.0,0.0,0.0,0.0,0.0,0.0,0.0,0.0,0.0,0.0,0.0,0.0,0.0,0.0,0.0,0.0,0.0,0.0,0.0,0.0,0.0,0.0,0.0,0.0,0.0,0.0,0.0,0.0,0.0,0.0,0.0,0.0,0.0,0.0,0.0,0.0,15.0,15.0,1.0,1.0,1.0,0.0,1.0,0.0,0.0,0.0,0.0,0.0,0.0,0.0,0.0,0.0,0.0,0.0,0.0,0.0,0.0,0.0,44.0,0.0,1.0,170.0,121.43935185185184,7.0,115,58.0,57.0,0,7.028474611988476e-06,2.0582301704604934e-05,none,33.757,0.0278,1,none,-0.638,-0.0067,0.99666,none,3,0.0462,1,none,-0.627,-0.0533,1,none,0,0,1,none,2,0.0036,1,none
57a9e301d44f319e160f618413e8fcbb7d2e1ad4,7c58477382883026b65ca770f31b87ff153654f8,2025-04-02T14:36:13+02:00,ok,12.0,94.0,58.0,4.0,2.0,0.7656592296266904,0.0,8.0,90.0,3.0,50.0,0.0,0.0,0.0,0.0,1.0,12.0,0.0,0.0,0.0,0.0,0.0,0.0,0.0,0.0,0.0,0.0,0.0,0.0,0.0,0,0,0,0,0,0,0,0,4.0,3.0,0.0,0.0,0.0,0.0,0.0,0.0,0.0,0.0,0.0,0.0,0.0,0.0,0.0,0.0,0.0,0.0,0.0,0.0,0.0,0.0,1.0,0.0,0.0,0.0,6.0,0.0,0.0,0.0,0.0,0.0,0.0,0.0,0.0,0.0,0.0,0.0,0.0,0.0,2.0,0.0,0.0,0.0,10.0,10.0,3.0,1.0,2.0,1.0,1.0,0.0,0.0,0.0,0.0,0.0,0.0,0.0,0.0,0.0,0.0,0.0,0.0,0.0,0.0,0.0,48.0,0.0,1.0,171.0,11.079031986531986,10.0,70,55.0,15.0,0,4.27817186870975e-06,1.9517298181378155e-05,none,-35.272,-0.0283,1,none,-0.22,-0.0023,1,none,-8,-0.1096,1,none,-0.435,-0.0316,1,none,0,0,1,none,-1,-0.0018,1,none
c79e892e558ca88de6623fd60517af7bb2086e77,57a9e301d44f319e160f618413e8fcbb7d2e1ad4,2025-04-02T16:23:15+02:00,ok,2.0,39.0,120.0,2.0,2.0,0.0974398258756419,0.0,0.0,0.0,0.0,0.0,0.0,0.0,0.0,0.0,0.0,0.0,0.0,0.0,0.0,0.0,0.0,0.0,1.0,2.0,1.0,157.0,0.0,0.0,0.0,0,0,1,0,0,0,0,0,0.0,0.0,0.0,0.0,0.0,0.0,0.0,0.0,0.0,0.0,0.0,0.0,0.0,0.0,0.0,0.0,0.0,0.0,0.0,0.0,0.0,0.0,0.0,0.0,0.0,0.0,0.0,0.0,0.0,0.0,0.0,0.0,0.0,0.0,0.0,0.0,0.0,0.0,0.0,0.0,0.0,0.0,0.0,0.0,0.0,0.0,0.0,0.0,0.0,0.0,0.0,0.0,0.0,0.0,1.0,0.0,0.0,0.0,0.0,0.0,0.0,0.0,0.0,0.0,0.0,0.0,57.0,0.0,1.0,0.0,6.141006944444444,6.0,-2933,-2933.0,0.0,0,-0.00017925463441680425,-0.0010407839697267774,none,7.65,0.0077,1,none,-9.699,-0.0819,0.99666,none,1,0.0111,1,none,-5.962,-0.0902,0.95617,none,0,0.1916,1,none,1,0.0005,1,none
b3d5ba056771c0c2da26fd88e73b66486cc700c4,c79e892e558ca88de6623fd60517af7bb2086e77,2025-04-06T13:41:11+02:00,ok,5.0,73.0,44.0,4.0,2.0,0.6137499759742812,0.0,2.0,11.0,0.0,0.0,0.0,0.0,0.0,0.0,2.0,28.0,0.0,0.0,0.0,0.0,0.0,0.0,0.0,0.0,0.0,0.0,1.0,78.0,0.0,0,0,0,0,0,0,0,0,1.0,0.0,0.0,0.0,0.0,0.0,0.0,0.0,0.0,0.0,0.0,0.0,0.0,0.0,0.0,0.0,0.0,0.0,0.0,0.0,0.0,0.0,0.0,0.0,0.0,0.0,0.0,0.0,0.0,0.0,0.0,0.0,0.0,0.0,0.0,0.0,0.0,0.0,0.0,0.0,0.0,0.0,0.0,0.0,0.0,0.0,0.0,0.0,0.0,0.0,0.0,1.0,0.0,0.0,0.0,0.0,0.0,0.0,0.0,0.0,0.0,0.0,0.0,0.0,0.0,0.0,45.0,0.0,1.0,43.0,20.449417438271606,6.0,-18,-17.0,0.0,0,-1.1002938640401105e-06,-6.038786772215187e-06,none,13.981,0.0115,1,none,-1.387,-0.0134,0.99666,none,-4,-0.0556,1,none,2.16,0.0422,1,none,0,0,1,none,8,0.0144,1,none
6e47fadb598d3d9e7379cf12796621f6d8fbe7b7,b3d5ba056771c0c2da26fd88e73b66486cc700c4,2025-04-07T00:57:27+02:00,ok,1.0,2.0,2.0,1.0,1.0,0.0,0.0,1.0,4.0,0.0,0.0,0.0,0.0,0.0,0.0,0.0,0.0,0.0,0.0,0.0,0.0,0.0,0.0,0.0,0.0,0.0,0.0,0.0,0.0,0.0,0,0,0,0,0,0,0,0,0.0,0.0,0.0,0.0,0.0,0.0,0.0,0.0,0.0,0.0,0.0,0.0,0.0,0.0,0.0,0.0,0.0,0.0,0.0,0.0,1.0,1.0,0.0,0.0,0.0,0.0,0.0,0.0,0.0,0.0,0.0,0.0,0.0,0.0,0.0,0.0,0.0,0.0,0.0,0.0,0.0,0.0,0.0,0.0,0.0,0.0,0.0,0.0,0.0,0.0,1.0,0.0,0.0,0.0,0.0,0.0,0.0,0.0,0.0,0.0,0.0,0.0,0.0,0.0,0.0,0.0,53.0,0.0,1.0,0.0,11.35587962962963,3.0,-20,-19.0,0.0,0,-1.2225500829866997e-06,-6.749273032249447e-06,none,-6.551,-0.0052,1,none,2.787,0.0298,0.99666,none,-8,-0.0941,1,none,-6.041,-0.1876,1,none,0,0,1,none,-4,-0.0069,1,none
c2caf78e955bc17d595224025595bbbceb77721c,ce267aa0d3bcaa639e72cd41581f030d1a0a3f3b,2025-04-07T10:41:31+02:00,ok,5.0,259.0,12.0,4.0,2.0,0.6011559769821362,0.0,3.0,231.0,0.0,0.0,0.0,0.0,0.0,0.0,2.0,40.0,0.0,0.0,0.0,0.0,0.0,0.0,0.0,0.0,0.0,0.0,0.0,0.0,0.0,0,0,0,0,0,0,0,0,1.0,1.0,0.0,0.0,0.0,0.0,0.0,0.0,0.0,0.0,0.0,0.0,0.0,0.0,0.0,0.0,0.0,0.0,1.0,0.0,12.0,1.0,0.0,0.0,0.0,0.0,0.0,0.0,0.0,0.0,0.0,0.0,0.0,0.0,0.0,0.0,0.0,0.0,0.0,0.0,0.0,0.0,0.0,0.0,0.0,0.0,0.0,0.0,0.0,0.0,0.0,1.0,0.0,0.0,0.0,0.0,0.0,0.0,0.0,0.0,0.0,0.0,0.0,0.0,0.0,0.0,75.0,0.0,1.0,172.0,7.868094135802469,8.0,532,531.0,0.0,0,3.2515419765512486e-05,0.00018847585503615647,none,-25.287,-0.0205,0.68609,none,0.392,0.0042,1,none,-13,-0.1605,0.55357,none,1.201,0.0644,1,none,0,0,1,none,13,0.0231,1,none
e48b63a0aed48bce84e1b9741ffff17dc40341d3,c2caf78e955bc17d595224025595bbbceb77721c,2025-04-07T10:43:07+02:00,ok,1.0,164.0,87.0,1.0,1.0,0.0,0.0,1.0,251.0,0.0,0.0,0.0,0.0,0.0,0.0,0.0,0.0,0.0,0.0,0.0,0.0,0.0,0.0,0.0,0.0,0.0,0.0,0.0,0.0,0.0,0,0,0,0,0,0,0,0,1.0,0.0,0.0,0.0,0.0,0.0,0.0,0.0,0.0,0.0,0.0,0.0,0.0,0.0,0.0,0.0,0.0,0.0,0.0,0.0,0.0,0.0,0.0,0.0,0.0,0.0,0.0,0.0,0.0,0.0,0.0,0.0,0.0,0.0,0.0,0.0,0.0,0.0,0.0,0.0,0.0,0.0,0.0,0.0,0.0,0.0,0.0,0.0,0.0,0.0,0.0,1.0,0.0,0.0,0.0,0.0,0.0,0.0,0.0,0.0,0.0,0.0,0.0,0.0,0.0,0.0,53.0,0.0,1.0,44.0,11.762592592592593,1.0,41,43.0,0.0,0,2.5058061361691724e-06,1.5259763764661793e-05,none,-10.541,-0.0086,1,none,2.596,0.0247,1,none,2,0.0299,1,none,0.15,0.0095,1,none,0,0,1,none,1,0.0018,1,none
ce267aa0d3bcaa639e72cd41581f030d1a0a3f3b,6e47fadb598d3d9e7379cf12796621f6d8fbe7b7,2025-04-07T16:44:25+10:00,ok,33.0,2709.0,146.0,18.0,8.0,0.4511055547879182,0.0,24.0,868.0,0.0,0.0,0.0,0.0,0.0,0.0,6.0,1950.0,0.0,0.0,0.0,0.0,1.0,1.0,1.0,3.0,1.0,33.0,0.0,0.0,0.0,0,0,0,0,0,0,0,0,21.0,0.0,0.0,0.0,0.0,0.0,0.0,0.0,0.0,0.0,0.0,0.0,1.0,0.0,0.0,0.0,0.0,0.0,11.0,1.0,11.0,0.0,2.0,2.0,0.0,0.0,1.0,0.0,0.0,0.0,0.0,0.0,0.0,0.0,0.0,0.0,0.0,0.0,0.0,0.0,0.0,0.0,0.0,0.0,4.0,4.0,0.0,0.0,0.0,0.0,1.0,0.0,0.0,0.0,0.0,0.0,0.0,0.0,0.0,0.0,0.0,0.0,0.0,0.0,0.0,0.0,29.0,0.0,1.0,45.0,15.176017554012347,15.0,2240,2238.0,0.0,0,0.00013692577669313,0.0007949986838828759,none,-44.031,-0.0352,1,none,3.672,0.0399,0.99666,none,1,0.0141,1,none,-6.32,-0.2174,1,none,0,0,1,none,-7,-0.0125,1,none
6fc85022ae6ad14e74271e071afc51a60b7dc3c5,e48b63a0aed48bce84e1b9741ffff17dc40341d3,2025-04-08T00:50:52+10:00,ok,3.0,35.0,15.0,3.0,2.0,0.8590373164768426,0.0,3.0,50.0,0.0,0.0,0.0,0.0,0.0,0.0,0.0,0.0,0.0,0.0,0.0,0.0,0.0,0.0,0.0,0.0,0.0,0.0,0.0,0.0,0.0,0,0,0,0,0,0,0,0,0.0,0.0,0.0,0.0,0.0,0.0,0.0,0.0,0.0,0.0,0.0,0.0,0.0,0.0,0.0,0.0,0.0,0.0,1.0,0.0,1.0,1.0,0.0,0.0,0.0,0.0,0.0,0.0,0.0,0.0,0.0,0.0,0.0,0.0,0.0,0.0,0.0,0.0,0.0,0.0,0.0,0.0,0.0,0.0,0.0,0.0,0.0,0.0,0.0,0.0,0.0,1.0,0.0,0.0,0.0,0.0,0.0,0.0,0.0,0.0,0.0,0.0,0.0,0.0,0.0,0.0,35.0,0.0,1.0,46.0,4.231199845679012,4.0,-4,-5.0,0.0,0,-2.444682787434648e-07,-1.7743640590494164e-06,none,44.094,0.0365,0.79924,none,-0.151,-0.0016,0.99666,none,-9,-0.1098,1,none,1.434,0.0893,1,none,0,0,1,none,17,0.0312,1,none
dff69e91912507bbfcc68b35277cc6031ce5b437,6fc85022ae6ad14e74271e071afc51a60b7dc3c5,2025-04-09T17:04:51+02:00,ok,8.0,49.0,78.0,3.0,3.0,0.8540963478234299,0.0,7.0,121.0,0.0,0.0,0.0,0.0,0.0,0.0,1.0,6.0,0.0,0.0,0.0,0.0,0.0,0.0,0.0,0.0,0.0,0.0,0.0,0.0,0.0,0,0,0,0,0,0,0,0,6.0,4.0,0.0,0.0,0.0,0.0,0.0,0.0,0.0,0.0,0.0,0.0,0.0,0.0,0.0,0.0,0.0,0.0,0.0,0.0,0.0,0.0,0.0,0.0,0.0,0.0,0.0,0.0,0.0,0.0,0.0,0.0,0.0,0.0,0.0,0.0,0.0,0.0,0.0,0.0,0.0,0.0,0.0,0.0,0.0,0.0,0.0,0.0,0.0,0.0,0.0,0.0,0.0,0.0,1.0,0.0,0.0,0.0,0.0,0.0,0.0,0.0,0.0,0.0,0.0,0.0,40.0,0.0,1.0,0.0,10.678878968253969,3.0,22,21.0,0.0,0,1.3445758617952032e-06,7.452342271175831e-06,none,24.856,0.0202,1,none,0.587,0.0063,0.99666,none,-2,-0.0267,1,none,3.184,0.1955,1,none,0,0,1,none,23,0.0413,0.63655,none
01304aac498f9b653bb7019cafc7f8a6eb5936c0,dff69e91912507bbfcc68b35277cc6031ce5b437,2025-04-13T21:21:49+02:00,ok,7.0,161.0,34.0,6.0,3.0,0.6293468476814624,0.0,6.0,98.0,0.0,0.0,0.0,0.0,0.0,0.0,1.0,97.0,0.0,0.0,0.0,0.0,0.0,0.0,0.0,0.0,0.0,0.0,0.0,0.0,0.0,0,0,0,0,0,0,0,0,2.0,0.0,0.0,0.0,0.0,0.0,0.0,0.0,0.0,0.0,0.0,0.0,0.0,0.0,0.0,0.0,0.0,0.0,0.0,0.0,0.0,0.0,0.0,0.0,0.0,0.0,0.0,0.0,0.0,0.0,0.0,0.0,0.0,0.0,0.0,0.0,0.0,0.0,0.0,0.0,0.0,0.0,0.0,0.0,0.0,0.0,0.0,0.0,0.0,0.0,1.0,0.0,0.0,0.0,0.0,0.0,0.0,0.0,0.0,0.0,0.0,0.0,0.0,0.0,0.0,0.0,40.0,0.0,1.0,45.0,8.121905864197531,11.0,-23,-20.0,0.0,0,-1.4056910563639943e-06,-7.097415937318461e-06,none,-16.725,-0.0136,1,none,-11.083,-0.105,0.99666,none,-3,-0.0441,1,none,-0.355,-0.0213,1,none,0,0,1,none,-33,-0.0571,1,none
6fe7de802014d0c967e3b839ccda7711b1028029,01304aac498f9b653bb7019cafc7f8a6eb5936c0,2025-04-14T21:25:18+02:00,ok,2.0,9.0,1.0,2.0,2.0,0.8812908992306927,0.0,2.0,10.0,0.0,0.0,0.0,0.0,0.0,0.0,0.0,0.0,0.0,0.0,0.0,0.0,0.0,0.0,0.0,0.0,0.0,0.0,0.0,0.0,0.0,0,0,0,0,0,0,0,0,0.0,0.0,0.0,0.0,0.0,0.0,0.0,0.0,0.0,0.0,0.0,0.0,0.0,0.0,0.0,0.0,0.0,0.0,0.0,0.0,0.0,0.0,0.0,0.0,0.0,0.0,0.0,0.0,0.0,0.0,0.0,0.0,0.0,0.0,0.0,0.0,0.0,0.0,0.0,0.0,0.0,0.0,0.0,0.0,0.0,0.0,0.0,0.0,0.0,0.0,0.0,1.0,0.0,0.0,0.0,0.0,0.0,0.0,0.0,0.0,0.0,0.0,0.0,0.0,0.0,0.0,67.0,0.0,1.0,0.0,10.105486111111112,6.0,199,199.0,0.0,0,1.2162300584108237e-05,7.061978979434026e-05,none,8.754,0.007,1,none,8.711,0.0876,0.99666,none,6,0.0811,1,none,-0.916,-0.0636,1,none,0,0,1,none,-13,-0.0225,1,none
58f7d33d80198a2a80c6d3eb38b3432e062dfbea,6fe7de802014d0c967e3b839ccda7711b1028029,2025-04-15T16:58:45+02:00,ok,5.0,259.0,120.0,5.0,2.0,0.4998910202583765,0.0,4.0,376.0,0.0,0.0,0.0,0.0,0.0,0.0,1.0,3.0,0.0,0.0,0.0,0.0,0.0,0.0,0.0,0.0,0.0,0.0,0.0,0.0,0.0,0,0,0,0,0,0,0,0,17.0,2.0,0.0,0.0,0.0,0.0,0.0,0.0,0.0,0.0,0.0,0.0,0.0,0.0,0.0,0.0,0.0,0.0,3.0,4.0,4.0,0.0,0.0,0.0,0.0,0.0,0.0,0.0,0.0,0.0,0.0,0.0,0.0,0.0,0.0,0.0,0.0,0.0,0.0,0.0,0.0,0.0,0.0,0.0,0.0,0.0,0.0,0.0,0.0,0.0,0.0,0.0,1.0,0.0,0.0,0.0,0.0,0.0,0.0,0.0,0.0,0.0,0.0,0.0,0.0,0.0,37.0,1.0,1.0,47.0,9.948746141975308,8.0,62,61.0,0.0,0,3.7892133929136207e-06,2.1645743630651225e-05,none,21.27,0.0174,1,none,1.047,0.0105,0.99666,none,2,0.0294,1,none,3.026,0.2258,1,none,0,0,1,none,0,0,1,none
0cf36d6b30fc84085aa903460a04d0d568518f30,58f7d33d80198a2a80c6d3eb38b3432e062dfbea,2025-04-16T10:28:56+02:00,ok,1.0,13.0,9.0,1.0,1.0,0.0,0.0,1.0,22.0,0.0,0.0,0.0,0.0,0.0,0.0,0.0,0.0,0.0,0.0,0.0,0.0,0.0,0.0,0.0,0.0,0.0,0.0,0.0,0.0,0.0,0,0,0,0,0,0,0,0,1.0,1.0,0.0,0.0,0.0,0.0,0.0,0.0,0.0,0.0,0.0,0.0,0.0,0.0,0.0,0.0,0.0,0.0,1.0,1.0,1.0,0.0,0.0,0.0,0.0,0.0,0.0,0.0,0.0,0.0,0.0,0.0,0.0,0.0,0.0,0.0,0.0,0.0,0.0,0.0,0.0,0.0,0.0,0.0,0.0,0.0,0.0,0.0,0.0,0.0,0.0,1.0,0.0,0.0,0.0,0.0,0.0,0.0,0.0,0.0,0.0,0.0,0.0,0.0,0.0,0.0,36.0,0.0,1.0,173.0,0.7292939814814815,1.0,35,35.0,0.0,0,2.139063971274938e-06,1.2419420140822031e-05,none,-25.363,-0.0212,1,none,-10.339,-0.0975,0.99666,none,5,0.0746,1,none,0.206,0.0151,1,none,0,0,1,none,8,0.0136,1,none
a5d69398266a993e590c020d5495e2e1b2f271e3,0cf36d6b30fc84085aa903460a04d0d568518f30,2025-04-17T16:08:07+02:00,ok,13.0,571.0,547.0,7.0,2.0,0.8170153943231088,0.0,8.0,730.0,0.0,0.0,0.0,0.0,0.0,0.0,5.0,388.0,0.0,0.0,0.0,0.0,0.0,0.0,0.0,0.0,0.0,0.0,0.0,0.0,0.0,0,0,0,0,0,0,0,0,4.0,5.0,0.0,0.0,0.0,0.0,0.0,0.0,0.0,0.0,0.0,0.0,0.0,0.0,0.0,0.0,0.0,0.0,3.0,3.0,9.0,18.0,0.0,0.0,0.0,0.0,0.0,0.0,0.0,0.0,0.0,0.0,1.0,1.0,0.0,0.0,0.0,0.0,0.0,0.0,0.0,0.0,0.0,0.0,0.0,0.0,0.0,0.0,0.0,0.0,0.0,1.0,0.0,0.0,0.0,0.0,0.0,0.0,0.0,0.0,0.0,0.0,0.0,0.0,0.0,0.0,55.0,0.0,1.0,174.0,14.801689814814814,10.0,-394,-394.0,0.0,0,-2.4079697197196586e-05,-0.00013980545042548405,none,38.698,0.0331,1,none,-2.695,-0.0271,0.99666,none,-5,-0.0685,1,none,1.752,0.1248,1,none,0,0,1,none,71,0.1162,1,none
b5d60973b7188f58f543da23502d8de65c96b475,a5d69398266a993e590c020d5495e2e1b2f271e3,2025-04-18T11:11:12+02:00,ok,6.0,28.0,24.0,5.0,3.0,0.7544619156692381,0.0,1.0,5.0,0.0,0.0,0.0,0.0,0.0,0.0,5.0,47.0,0.0,0.0,0.0,0.0,0.0,0.0,0.0,0.0,0.0,0.0,0.0,0.0,0.0,0,0,0,0,0,0,0,0,0.0,0.0,0.0,0.0,0.0,0.0,0.0,0.0,0.0,0.0,0.0,0.0,0.0,0.0,0.0,0.0,0.0,0.0,0.0,0.0,0.0,0.0,0.0,0.0,0.0,0.0,0.0,0.0,0.0,0.0,0.0,0.0,0.0,0.0,0.0,0.0,0.0,0.0,0.0,0.0,0.0,0.0,0.0,0.0,0.0,0.0,0.0,0.0,0.0,0.0,0.0,1.0,0.0,0.0,0.0,0.0,0.0,0.0,0.0,0.0,0.0,0.0,0.0,0.0,0.0,0.0,66.0,0.0,1.0,175.0,36.783113425925926,6.0,0,0.0,0.0,0,0.0,0.0,none,-29.865,-0.0248,1,none,0.165,0.0016,0.99666,none,1,0.0154,1,none,-3.228,-0.2125,1,none,0,0,1,none,88,0.1522,1,none
5fc13e43096d666d2b7d1f6d688860de92a0c9c8,b5d60973b7188f58f543da23502d8de65c96b475,2025-04-19T21:50:44Z,ok,11.0,53.0,16.0,9.0,5.0,0.8791425341147027,0.0,10.0,68.0,0.0,0.0,0.0,0.0,0.0,0.0,0.0,0.0,1.0,1.0,0.0,0.0,0.0,0.0,0.0,0.0,0.0,0.0,0.0,0.0,0.0,0,0,0,0,0,0,0,0,2.0,3.0,0.0,0.0,0.0,0.0,0.0,0.0,0.0,0.0,1.0,0.0,1.0,0.0,0.0,0.0,0.0,0.0,0.0,0.0,0.0,0.0,0.0,0.0,0.0,0.0,0.0,0.0,0.0,0.0,0.0,0.0,0.0,0.0,0.0,0.0,0.0,0.0,0.0,0.0,0.0,0.0,0.0,0.0,0.0,0.0,0.0,0.0,0.0,0.0,1.0,0.0,0.0,0.0,0.0,0.0,0.0,0.0,0.0,0.0,0.0,0.0,0.0,0.0,0.0,0.0,42.0,0.0,1.0,0.0,18.323363425925926,10.0,126,125.0,0.0,0,7.700799257398483e-06,4.43607229449274e-05,none,3.925,0.0034,1,none,-6.461,-0.0616,0.99666,none,-1,-0.0143,1,none,-1.079,-0.0951,1,none,0,0,1,none,3,0.0049,1,none
8fb2f70414b91175464676ed0158b14a8f2d4ade,5fc13e43096d666d2b7d1f6d688860de92a0c9c8,2025-04-20T12:28:41+02:00,ok,3.0,60.0,23.0,2.0,1.0,0.4353943332210096,0.0,3.0,83.0,0.0,0.0,0.0,0.0,0.0,0.0,0.0,0.0,0.0,0.0,0.0,0.0,0.0,0.0,0.0,0.0,0.0,0.0,0.0,0.0,0.0,0,0,0,0,0,0,0,0,0.0,0.0,0.0,0.0,0.0,0.0,0.0,0.0,0.0,0.0,0.0,0.0,0.0,0.0,0.0,0.0,0.0,0.0,0.0,0.0,0.0,0.0,0.0,0.0,0.0,0.0,0.0,0.0,0.0,0.0,0.0,0.0,0.0,0.0,0.0,0.0,0.0,0.0,0.0,0.0,0.0,0.0,0.0,0.0,2.0,2.0,0.0,0.0,0.0,0.0,0.0,1.0,0.0,0.0,0.0,0.0,0.0,0.0,0.0,0.0,0.0,0.0,0.0,0.0,0.0,0.0,53.0,0.0,1.0,176.0,8.629537037037037,8.0,195,196.0,0.0,0,1.1917811835963971e-05,6.955452808849607e-05,none,-0.092,-0.0001,1,none,1.236,0.013,0.99666,none,-1,-0.0133,1,none,0.385,0.0307,1,none,0,0,1,none,-16,-0.0277,1,none
19135995942a671192a0182cbe30b580576a4f8a,8fb2f70414b91175464676ed0158b14a8f2d4ade,2025-04-23T13:45:08+02:00,ok,68.0,815.0,928.0,17.0,4.0,0.8285957966510665,0.0,50.0,1620.0,0.0,0.0,0.0,0.0,0.0,0.0,17.0,117.0,1.0,6.0,0.0,0.0,0.0,0.0,0.0,0.0,0.0,0.0,0.0,0.0,0.0,0,0,0,0,0,0,0,0,57.0,58.0,0.0,0.0,0.0,0.0,0.0,0.0,0.0,0.0,0.0,0.0,0.0,0.0,0.0,0.0,0.0,0.0,4.0,1.0,3.0,1.0,0.0,0.0,0.0,0.0,0.0,0.0,0.0,0.0,0.0,0.0,0.0,0.0,0.0,0.0,0.0,0.0,0.0,0.0,0.0,0.0,0.0,0.0,4.0,7.0,0.0,0.0,0.0,0.0,0.0,0.0,0.0,1.0,0.0,0.0,0.0,0.0,0.0,0.0,0.0,0.0,0.0,0.0,0.0,0.0,57.0,0.0,2.0,37.0,21.530471743295017,14.0,264,265.0,0.0,0,1.6134691426165544e-05,9.403402044406058e-05,none,40.812,0.0339,1,none,0.08,0.0008,1,none,1,0.0149,1,none,2.198,0.2174,1,none,0,0,1,none,18,0.0323,1,none
a18b139a60a50f1db73444140443254961655a55,19135995942a671192a0182cbe30b580576a4f8a,2025-04-24T10:05:08+10:00,ok,1.0,0.0,1.0,1.0,1.0,0.0,0.0,1.0,1.0,0.0,0.0,0.0,0.0,0.0,0.0,0.0,0.0,0.0,0.0,0.0,0.0,0.0,0.0,0.0,0.0,0.0,0.0,0.0,0.0,0.0,0,0,0,0,0,0,0,0,0.0,0.0,0.0,0.0,0.0,0.0,0.0,0.0,0.0,0.0,0.0,0.0,0.0,0.0,0.0,0.0,0.0,0.0,0.0,0.0,0.0,0.0,0.0,0.0,0.0,0.0,0.0,0.0,0.0,0.0,0.0,0.0,0.0,0.0,0.0,0.0,0.0,0.0,0.0,0.0,0.0,0.0,0.0,0.0,0.0,0.0,0.0,0.0,0.0,0.0,0.0,1.0,0.0,0.0,0.0,0.0,0.0,0.0,0.0,0.0,0.0,0.0,0.0,0.0,0.0,0.0,66.0,0.0,1.0,0.0,16.384907407407407,4.0,-11,-11.0,0.0,0,-6.722679625874323e-07,-3.902931953445828e-06,none,22.358,0.0184,1,none,-0.753,-0.0078,1,none,4,0.0597,1,none,-0.352,-0.0382,1,none,0,0,1,none,15,0.0267,1,none
2a0d15799c1b0c6a884d738709286a68d4571aa7,a18b139a60a50f1db73444140443254961655a55,2025-04-25T10:46:58+02:00,ok,2.0,77.0,105.0,2.0,2.0,0.465502449081513,0.0,1.0,18.0,0.0,0.0,0.0,0.0,0.0,0.0,1.0,164.0,0.0,0.0,0.0,0.0,0.0,0.0,0.0,0.0,0.0,0.0,0.0,0.0,0.0,0,0,0,0,0,0,0,0,0.0,0.0,0.0,0.0,0.0,0.0,0.0,0.0,0.0,0.0,0.0,0.0,0.0,0.0,0.0,0.0,0.0,0.0,0.0,0.0,0.0,0.0,0.0,0.0,0.0,0.0,0.0,0.0,0.0,0.0,0.0,0.0,0.0,0.0,0.0,0.0,0.0,0.0,0.0,0.0,0.0,0.0,0.0,0.0,0.0,0.0,0.0,0.0,0.0,0.0,0.0,1.0,0.0,0.0,0.0,0.0,0.0,0.0,0.0,0.0,0.0,0.0,0.0,0.0,0.0,0.0,82.0,0.0,1.0,1.0,1.876273148148148,3.0,-17,-17.0,0.0,0,-1.0389602770039221e-06,-6.031827469864812e-06,none,-1.112,-0.0009,1,none,1.632,0.0172,0.99666,none,-4,-0.0571,1,none,2.825,0.3245,1,none,0,0,1,none,-2,-0.0035,1,none
4a60fe3d22492e731ea55afc74fff13294640cae,2a0d15799c1b0c6a884d738709286a68d4571aa7,2025-04-29T18:45:17+02:00,ok,10.0,21.0,14.0,7.0,4.0,0.9323801205446434,0.0,7.0,19.0,0.0,0.0,0.0,0.0,0.0,0.0,2.0,10.0,0.0,0.0,1.0,6.0,0.0,0.0,0.0,0.0,0.0,0.0,0.0,0.0,0.0,0,0,0,0,0,0,0,0,0.0,0.0,0.0,0.0,0.0,0.0,0.0,0.0,0.0,0.0,0.0,0.0,0.0,0.0,0.0,0.0,0.0,0.0,0.0,0.0,0.0,0.0,0.0,0.0,0.0,0.0,0.0,0.0,0.0,0.0,0.0,0.0,0.0,0.0,0.0,0.0,0.0,0.0,0.0,0.0,0.0,0.0,0.0,0.0,0.0,0.0,0.0,0.0,0.0,0.0,0.0,1.0,0.0,0.0,0.0,0.0,0.0,0.0,0.0,0.0,0.0,0.0,0.0,0.0,0.0,0.0,50.0,0.0,1.0,177.0,110.15229600694444,8.0,30,28.0,0.0,0,1.8334612172532367e-06,9.934834581456063e-06,none,-6.839,-0.0055,1,none,-0.46,-0.0048,0.99666,none,3,0.0441,1,none,-2.091,-0.1666,1,none,0,0,1,none,0,0,1,none
195a7438743362c42bfc3324c0b674fa43caa457,4a60fe3d22492e731ea55afc74fff13294640cae,2025-04-30T18:07:31+02:00,ok,18.0,1258.0,47.0,10.0,3.0,0.33051211865208574,0.0,16.0,1283.0,1.0,18.0,0.0,0.0,0.0,0.0,0.0,0.0,0.0,0.0,0.0,0.0,1.0,4.0,0.0,0.0,0.0,0.0,0.0,0.0,0.0,0,0,0,0,0,0,0,0,35.0,4.0,0.0,0.0,0.0,0.0,5.0,0.0,2.0,0.0,2.0,0.0,1.0,0.0,0.0,0.0,0.0,0.0,17.0,0.0,11.0,0.0,4.0,0.0,0.0,0.0,0.0,0.0,0.0,0.0,0.0,0.0,0.0,0.0,0.0,0.0,0.0,0.0,0.0,0.0,0.0,0.0,0.0,0.0,8.0,0.0,1.0,0.0,0.0,0.0,1.0,0.0,0.0,0.0,0.0,0.0,0.0,0.0,0.0,0.0,0.0,0.0,0.0,0.0,0.0,0.0,41.0,0.0,1.0,48.0,23.55581558641975,14.0,3422,3387.0,37.0,0,0.00020913642607115957,0.001201748229665547,none,-5.4,-0.0045,1,none,1.684,0.0177,0.99666,none,-15,-0.1765,1,none,5.791,0.5775,1,none,0,0,1,none,0,0,1,none
192c4e76586ed611fc9cd58adf065603458a2e8a,195a7438743362c42bfc3324c0b674fa43caa457,2025-05-01T12:12:45+02:00,ok,2.0,7.0,1.0,2.0,1.0,0.954434002924965,0.0,1.0,5.0,0.0,0.0,0.0,0.0,0.0,0.0,0.0,0.0,0.0,0.0,0.0,0.0,1.0,3.0,0.0,0.0,0.0,0.0,0.0,0.0,0.0,0,0,0,0,0,0,0,0,0.0,0.0,0.0,0.0,0.0,0.0,0.0,0.0,0.0,0.0,0.0,0.0,0.0,0.0,0.0,0.0,0.0,0.0,0.0,0.0,0.0,0.0,0.0,0.0,0.0,0.0,0.0,0.0,0.0,0.0,0.0,0.0,0.0,0.0,0.0,0.0,0.0,0.0,0.0,0.0,0.0,0.0,0.0,0.0,0.0,0.0,0.0,0.0,0.0,0.0,0.0,0.0,0.0,0.0,0.0,0.0,0.0,0.0,1.0,0.0,0.0,0.0,0.0,0.0,0.0,0.0,59.0,0.0,1.0,0.0,1.2405208333333335,6.0,103,100.0,0.0,0,6.2935557594070174e-06,3.543861128840261e-05,none,9.32,0.0078,1,none,2.006,0.0215,0.99666,none,3,0.0448,1,none,0.409,0.0555,1,none,0,0,1,none,19,0.034,1,none
6e655cdb24d9b91332a9f437bf62389ddab0b868,192c4e76586ed611fc9cd58adf065603458a2e8a,2025-05-02T17:07:17+02:00,ok,3.0,72.0,6.0,1.0,1.0,0.5037580981600392,0.0,3.0,78.0,0.0,0.0,0.0,0.0,0.0,0.0,0.0,0.0,0.0,0.0,0.0,0.0,0.0,0.0,0.0,0.0,0.0,0.0,0.0,0.0,0.0,0,0,0,0,0,0,0,0,3.0,2.0,0.0,0.0,0.0,0.0,0.0,0.0,0.0,0.0,0.0,0.0,0.0,0.0,0.0,0.0,0.0,0.0,0.0,0.0,1.0,0.0,0.0,0.0,0.0,0.0,0.0,0.0,0.0,0.0,0.0,0.0,0.0,0.0,0.0,0.0,0.0,0.0,0.0,0.0,0.0,0.0,0.0,0.0,0.0,0.0,0.0,0.0,0.0,0.0,0.0,1.0,0.0,0.0,0.0,0.0,0.0,0.0,0.0,0.0,0.0,0.0,0.0,0.0,0.0,0.0,90.0,0.0,1.0,0.0,6.746311728395061,4.0,152,154.0,0.0,0,9.287518979839363e-06,5.457352737411677e-05,none,79.017,0.0665,1,none,0.901,0.0096,0.99666,none,20,0.2985,1,none,2.209,0.1815,1,none,0,0,1,none,1,0.0017,1,none
e19fd1332a7c81179adbbd59649d81663dd1f43d,6e655cdb24d9b91332a9f437bf62389ddab0b868,2025-05-05T09:51:20+02:00,ok,5.0,481.0,122.0,3.0,3.0,0.5407787218602407,0.0,5.0,603.0,0.0,0.0,0.0,0.0,0.0,0.0,0.0,0.0,0.0,0.0,0.0,0.0,0.0,0.0,0.0,0.0,0.0,0.0,0.0,0.0,0.0,0,0,0,0,0,0,0,0,12.0,7.0,0.0,0.0,0.0,0.0,0.0,0.0,0.0,0.0,0.0,0.0,0.0,0.0,0.0,0.0,0.0,0.0,6.0,0.0,0.0,0.0,0.0,0.0,0.0,0.0,0.0,0.0,4.0,0.0,0.0,0.0,0.0,0.0,0.0,0.0,0.0,0.0,0.0,0.0,0.0,0.0,0.0,0.0,6.0,6.0,0.0,0.0,0.0,0.0,1.0,0.0,0.0,0.0,0.0,0.0,0.0,0.0,0.0,0.0,0.0,0.0,0.0,0.0,0.0,0.0,45.0,0.0,1.0,46.0,30.002812499999997,7.0,935,934.0,0.0,0,5.7129931550398805e-05,0.00033096683776069396,none,-79.396,-0.0655,1,none,-6.042,-0.0604,0.99666,none,1,0.0104,1,none,-2.569,-0.2039,1,none,0,0,1,none,1,0.0017,1,none
d4f70e9f31addc5f1f5afc39112aef6a18364c91,e19fd1332a7c81179adbbd59649d81663dd1f43d,2025-05-05T11:34:40+02:00,ok,1.0,42.0,0.0,1.0,1.0,0.0,0.0,1.0,42.0,0.0,0.0,0.0,0.0,0.0,0.0,0.0,0.0,0.0,0.0,0.0,0.0,0.0,0.0,0.0,0.0,0.0,0.0,0.0,0.0,0.0,0,0,0,0,0,0,0,0,0.0,0.0,0.0,0.0,0.0,0.0,0.0,0.0,0.0,0.0,0.0,0.0,0.0,0.0,0.0,0.0,0.0,0.0,0.0,0.0,0.0,0.0,0.0,0.0,0.0,0.0,0.0,0.0,0.0,0.0,0.0,0.0,0.0,0.0,0.0,0.0,0.0,0.0,0.0,0.0,0.0,0.0,0.0,0.0,0.0,0.0,0.0,0.0,0.0,0.0,1.0,0.0,0.0,0.0,0.0,0.0,0.0,0.0,0.0,0.0,0.0,0.0,0.0,0.0,0.0,0.0,46.0,0.0,1.0,47.0,4.7271875,5.0,121,123.0,0.0,0,7.39286290571161e-06,4.357114796513883e-05,none,-40.042,-0.0325,1,none,-1.124,-0.0116,0.99666,none,8,0.1159,1,none,-4.933,-0.3666,1,none,0,0,1,none,-36,-0.0623,1,none
cec5232a7a35e33a1439a75dfdc264c5fcd0d895,d4f70e9f31addc5f1f5afc39112aef6a18364c91,2025-05-05T12:15:42+02:00,ok,1.0,5.0,5.0,1.0,1.0,0.0,0.0,1.0,10.0,0.0,0.0,0.0,0.0,0.0,0.0,0.0,0.0,0.0,0.0,0.0,0.0,0.0,0.0,0.0,0.0,0.0,0.0,0.0,0.0,0.0,0,0,0,0,0,0,0,0,0.0,0.0,0.0,0.0,0.0,0.0,0.0,0.0,0.0,0.0,0.0,0.0,0.0,0.0,0.0,0.0,0.0,0.0,0.0,0.0,0.0,0.0,0.0,0.0,0.0,0.0,0.0,0.0,0.0,0.0,0.0,0.0,0.0,0.0,0.0,0.0,0.0,0.0,0.0,0.0,0.0,0.0,0.0,0.0,0.0,0.0,0.0,0.0,0.0,0.0,0.0,1.0,0.0,0.0,0.0,0.0,0.0,0.0,0.0,0.0,0.0,0.0,0.0,0.0,0.0,0.0,99.0,0.0,1.0,2.0,11.937893518518518,1.0,4,3.0,0.0,0,2.4439035542789145e-07,1.0626646244614062e-06,none,1.212,0.001,1,none,0.969,0.0103,0.99666,none,1,0.0118,1,none,-0.364,-0.0327,1,none,0,0,1,none,0,0,1,none
a7c61319dd54e5f8fe48a842e036fae7ff95faab,cec5232a7a35e33a1439a75dfdc264c5fcd0d895,2025-05-06T13:09:00+02:00,ok,1.0,0.0,17.0,1.0,1.0,0.0,0.0,1.0,17.0,0.0,0.0,0.0,0.0,0.0,0.0,0.0,0.0,0.0,0.0,0.0,0.0,0.0,0.0,0.0,0.0,0.0,0.0,0.0,0.0,0.0,0,0,0,0,0,0,0,0,0.0,0.0,0.0,0.0,0.0,0.0,0.0,0.0,0.0,0.0,0.0,0.0,0.0,0.0,0.0,0.0,0.0,0.0,0.0,0.0,0.0,0.0,0.0,0.0,0.0,0.0,0.0,0.0,0.0,0.0,0.0,0.0,0.0,0.0,0.0,0.0,0.0,0.0,0.0,0.0,0.0,0.0,0.0,0.0,0.0,0.0,0.0,0.0,0.0,0.0,0.0,1.0,0.0,0.0,0.0,0.0,0.0,0.0,0.0,0.0,0.0,0.0,0.0,0.0,0.0,0.0,50.0,0.0,1.0,178.0,3.834525462962963,5.0,-27,-27.0,0.0,0,-1.6496344959835066e-06,-9.563971456858519e-06,none,42.52,0.0352,1,none,-4.241,-0.0432,0.99666,none,4,0.0506,1,none,1.986,0.1574,1,none,0,0,1,none,-3,-0.0052,1,none
3dc54a724a4bb1e9dbd69c9fb61959f02be1a1aa,a7c61319dd54e5f8fe48a842e036fae7ff95faab,2025-05-06T19:23:02+02:00,ok,63.0,17756.0,17248.0,12.0,4.0,0.32208126701450557,0.0,52.0,2420.0,0.0,0.0,0.0,0.0,0.0,0.0,11.0,32584.0,0.0,0.0,0.0,0.0,0.0,0.0,0.0,0.0,0.0,0.0,0.0,0.0,0.0,0,0,0,0,0,0,0,0,72.0,58.0,0.0,0.0,0.0,0.0,0.0,0.0,0.0,0.0,0.0,0.0,1.0,0.0,0.0,0.0,0.0,0.0,33.0,5.0,16.0,0.0,0.0,0.0,0.0,0.0,0.0,0.0,2.0,0.0,0.0,0.0,0.0,0.0,1.0,0.0,0.0,0.0,0.0,0.0,0.0,0.0,0.0,0.0,0.0,0.0,0.0,0.0,0.0,0.0,1.0,0.0,0.0,0.0,0.0,0.0,0.0,0.0,0.0,0.0,0.0,0.0,0.0,0.0,0.0,0.0,35.0,0.0,1.0,38.0,28.896266289437587,14.0,955,955.0,0.0,0,5.834827935201028e-05,0.0003382844479835413,none,-3.241,-0.0026,1,none,0.154,0.0016,1,none,6,0.0682,1,none,2.336,0.201,1,none,0,0,1,none,-19,-0.0319,1,none
a306a909a0e948c2145b71209a29475fc3470bf6,3dc54a724a4bb1e9dbd69c9fb61959f02be1a1aa,2025-05-07T13:33:18+02:00,ok,1.0,1.0,1.0,1.0,1.0,0.0,0.0,1.0,2.0,0.0,0.0,0.0,0.0,0.0,0.0,0.0,0.0,0.0,0.0,0.0,0.0,0.0,0.0,0.0,0.0,0.0,0.0,0.0,0.0,0.0,0,0,0,0,0,0,0,0,0.0,0.0,0.0,0.0,0.0,0.0,0.0,0.0,0.0,0.0,0.0,0.0,0.0,0.0,0.0,0.0,0.0,0.0,0.0,0.0,0.0,0.0,0.0,0.0,0.0,0.0,0.0,0.0,0.0,0.0,0.0,0.0,0.0,0.0,0.0,0.0,0.0,0.0,0.0,0.0,0.0,0.0,0.0,0.0,0.0,0.0,0.0,0.0,0.0,0.0,0.0,1.0,0.0,0.0,0.0,0.0,0.0,0.0,0.0,0.0,0.0,0.0,0.0,0.0,0.0,0.0,55.0,0.0,1.0,3.0,41.880775462962966,2.0,-5,-4.0,0.0,0,-3.054705498897557e-07,-1.416419058909931e-06,none,4.307,0.0036,1,none,-1.041,-0.0109,0.99666,none,4,0.0488,1,none,-8.256,-0.4343,1,none,0,0,1,none,15,0.0276,1,none
e058a08b33239ab4024e6958d490a238693beea3,a306a909a0e948c2145b71209a29475fc3470bf6,2025-05-07T14:13:27+02:00,ok,7.0,49.0,18.0,6.0,7.0,0.6823281769831822,0.0,0.0,0.0,0.0,0.0,0.0,0.0,0.0,0.0,0.0,0.0,0.0,0.0,0.0,0.0,0.0,0.0,6.0,25.0,1.0,42.0,0.0,0.0,0.0,0,0,0,0,1,0,0,0,0.0,0.0,0.0,0.0,0.0,0.0,0.0,0.0,0.0,0.0,0.0,0.0,0.0,0.0,0.0,0.0,0.0,0.0,0.0,0.0,0.0,0.0,0.0,0.0,0.0,0.0,0.0,0.0,0.0,0.0,0.0,0.0,0.0,0.0,0.0,0.0,0.0,0.0,0.0,0.0,0.0,0.0,0.0,0.0,0.0,0.0,0.0,0.0,0.0,0.0,0.0,1.0,0.0,0.0,0.0,0.0,0.0,0.0,0.0,0.0,0.0,0.0,0.0,0.0,0.0,0.0,41.0,0.0,1.0,4.0,40.170331790123456,9.0,0,0.0,0.0,0,0.0,0.0,none,-19.495,-0.0161,1,none,1.324,0.0142,0.99666,none,15,0.1786,1,none,0.375,0.0335,1,none,0,0,1,none,-30,-0.0522,1,none
ff2ed5d26a9d0e4af6899d28833542e45dd7f829,e058a08b33239ab4024e6958d490a238693beea3,2025-05-08T16:47:13+02:00,ok,6.0,140.0,95.0,3.0,3.0,0.6461633623059935,0.0,5.0,198.0,0.0,0.0,0.0,0.0,0.0,0.0,1.0,37.0,0.0,0.0,0.0,0.0,0.0,0.0,0.0,0.0,0.0,0.0,0.0,0.0,0.0,0,0,0,0,0,0,0,0,1.0,1.0,0.0,0.0,0.0,0.0,0.0,0.0,0.0,0.0,0.0,0.0,0.0,0.0,0.0,0.0,0.0,0.0,0.0,0.0,2.0,6.0,0.0,0.0,0.0,0.0,0.0,0.0,0.0,0.0,0.0,0.0,0.0,0.0,0.0,0.0,0.0,0.0,0.0,0.0,0.0,0.0,0.0,0.0,0.0,0.0,0.0,0.0,0.0,0.0,0.0,0.0,0.0,1.0,0.0,0.0,0.0,0.0,0.0,0.0,0.0,0.0,0.0,0.0,0.0,0.0,53.0,0.0,1.0,179.0,6.014263888888889,6.0,-26,-28.0,0.0,0,-1.5884473446506133e-06,-9.914947456090062e-06,none,-1.977,-0.0016,1,none,-1.369,-0.0144,0.99666,none,-2,-0.022,1,none,0.433,0.0454,1,none,0,0,1,none,-17,-0.0295,1,none
a30e1b25c60a9c5c6f049daada0443df874a5266,ff2ed5d26a9d0e4af6899d28833542e45dd7f829,2025-05-09T18:32:16+02:00,ok,19.0,501.0,240.0,12.0,4.0,0.7048963116332269,0.0,12.0,383.0,1.0,35.0,0.0,0.0,0.0,0.0,5.0,319.0,0.0,0.0,0.0,0.0,1.0,4.0,0.0,0.0,0.0,0.0,0.0,0.0,0.0,0,0,0,0,0,0,0,0,7.0,6.0,0.0,0.0,0.0,0.0,0.0,0.0,2.0,0.0,0.0,0.0,2.0,1.0,0.0,0.0,0.0,0.0,2.0,0.0,13.0,7.0,0.0,0.0,0.0,0.0,0.0,0.0,0.0,0.0,0.0,0.0,0.0,0.0,0.0,0.0,0.0,0.0,0.0,0.0,1.0,0.0,0.0,0.0,12.0,6.0,0.0,0.0,0.0,0.0,1.0,0.0,0.0,0.0,0.0,0.0,0.0,0.0,0.0,0.0,0.0,0.0,0.0,0.0,0.0,0.0,52.0,0.0,1.0,49.0,30.487536375661374,14.0,739,639.0,100.0,0,4.514863278148752e-05,0.0002262755086684058,none,14.186,0.0118,1,none,-23.984,-0.2012,1,none,-5,-0.0549,1,none,-3.92,-0.2654,1,none,0,0,1,none,20,0.036,1,none
7e41026812d7e18dcc954b18eb4b8f1c0dc7414e,a30e1b25c60a9c5c6f049daada0443df874a5266,2025-05-09T23:01:33+02:00,ok,130.0,520.0,544.0,27.0,10.0,0.9039903894174224,0.0,107.0,903.0,0.0,0.0,0.0,0.0,0.0,0.0,22.0,159.0,1.0,2.0,0.0,0.0,0.0,0.0,0.0,0.0,0.0,0.0,0.0,0.0,0.0,0,0,0,0,0,0,0,0,303.0,303.0,0.0,0.0,0.0,0.0,0.0,0.0,0.0,0.0,0.0,0.0,0.0,0.0,0.0,0.0,0.0,0.0,0.0,0.0,0.0,0.0,0.0,0.0,0.0,0.0,0.0,0.0,0.0,0.0,0.0,0.0,0.0,0.0,0.0,0.0,0.0,0.0,0.0,0.0,0.0,0.0,0.0,0.0,0.0,0.0,0.0,0.0,0.0,0.0,0.0,0.0,0.0,1.0,0.0,0.0,0.0,0.0,0.0,0.0,0.0,0.0,0.0,0.0,0.0,0.0,90.0,0.0,2.0,39.0,12.783218750000001,14.0,180,180.0,0.0,0,1.0996464148044665e-05,6.372516046349433e-05,none,38.404,0.0332,1,none,0.088,0.0009,0.99666,none,-21,-0.2414,1,none,6.419,0.8232,1,none,0,0,1,none,-16,-0.027,1,none
51dbd4831b5ae5bdd0efa30e51e345a7d2ee66df,7e41026812d7e18dcc954b18eb4b8f1c0dc7414e,2025-05-10T20:06:16+02:00,ok,10.0,346.0,344.0,6.0,3.0,0.6437858229527305,0.0,8.0,595.0,0.0,0.0,0.0,0.0,0.0,0.0,2.0,95.0,0.0,0.0,0.0,0.0,0.0,0.0,0.0,0.0,0.0,0.0,0.0,0.0,0.0,0,0,0,0,0,0,0,0,3.0,4.0,0.0,0.0,0.0,0.0,0.0,0.0,0.0,0.0,0.0,0.0,0.0,0.0,0.0,0.0,0.0,0.0,4.0,3.0,2.0,3.0,0.0,0.0,0.0,0.0,0.0,0.0,0.0,0.0,0.0,0.0,0.0,0.0,0.0,0.0,0.0,0.0,0.0,0.0,0.0,0.0,0.0,0.0,0.0,0.0,0.0,0.0,0.0,0.0,0.0,0.0,0.0,1.0,0.0,0.0,0.0,0.0,0.0,0.0,0.0,0.0,0.0,0.0,0.0,0.0,59.0,0.0,1.0,180.0,11.913113425925927,9.0,-100,-100.0,0.0,0,-6.109079570639226e-06,-3.540061101454611e-05,none,-14.753,-0.012,1,none,1.32,0.0139,0.99666,none,5,0.0556,1,none,-1.238,-0.0925,1,none,0,0,1,none,-22,-0.0369,1,none
c4c064982f3aaab0a24b70d5738d11c17da581e6,51dbd4831b5ae5bdd0efa30e51e345a7d2ee66df,2025-05-11T15:07:57+02:00,ok,13.0,196.0,158.0,4.0,1.0,0.3991586263436309,0.0,11.0,342.0,1.0,11.0,0.0,0.0,0.0,0.0,0.0,0.0,0.0,0.0,0.0,0.0,1.0,1.0,0.0,0.0,0.0,0.0,0.0,0.0,0.0,0,0,0,0,0,0,0,0,2.0,1.0,0.0,0.0,0.0,0.0,3.0,2.0,0.0,0.0,2.0,2.0,4.0,4.0,0.0,0.0,0.0,0.0,0.0,0.0,0.0,0.0,0.0,0.0,0.0,1.0,0.0,0.0,0.0,0.0,0.0,0.0,0.0,0.0,0.0,0.0,0.0,0.0,0.0,0.0,0.0,0.0,0.0,0.0,3.0,0.0,0.0,0.0,0.0,0.0,1.0,0.0,0.0,0.0,0.0,0.0,0.0,0.0,0.0,0.0,0.0,0.0,0.0,0.0,0.0,0.0,56.0,0.0,1.0,181.0,34.454697293447296,12.0,143,128.0,18.0,0,8.736037155160205e-06,4.531438625558022e-05,none,70.867,0.0622,1,none,11.807,0.125,0.99666,none,5,0.0568,1,none,1.325,0.1348,1,none,0,0,1,none,-15,-0.0268,1,none
35bb449a4bb66911a2e0d4b3a3a56d54b300f7ec,c4c064982f3aaab0a24b70d5738d11c17da581e6,2025-05-12T15:55:36+02:00,ok,1.0,19.0,2.0,1.0,1.0,0.0,0.0,1.0,21.0,0.0,0.0,0.0,0.0,0.0,0.0,0.0,0.0,0.0,0.0,0.0,0.0,0.0,0.0,0.0,0.0,0.0,0.0,0.0,0.0,0.0,0,0,0,0,0,0,0,0,1.0,1.0,0.0,0.0,0.0,0.0,0.0,0.0,0.0,0.0,0.0,0.0,0.0,0.0,0.0,0.0,0.0,0.0,0.0,0.0,0.0,0.0,0.0,0.0,0.0,0.0,0.0,0.0,0.0,0.0,0.0,0.0,0.0,0.0,0.0,0.0,0.0,0.0,0.0,0.0,0.0,0.0,0.0,0.0,0.0,0.0,0.0,0.0,0.0,0.0,0.0,1.0,0.0,0.0,0.0,0.0,0.0,0.0,0.0,0.0,0.0,0.0,0.0,0.0,0.0,0.0,61.0,0.0,1.0,50.0,2.704201388888889,2.0,14,12.0,0.0,0,8.552688931800308e-07,4.2480312145333645e-06,none,18.344,0.0153,1,none,9.189,0.0976,0.99666,none,-3,-0.0341,1,none,5.87,0.7202,0.4026,none,0,0,1,none,0,0,1,none
298812e1d0cd1494debb9d30e90427d37c500482,35bb449a4bb66911a2e0d4b3a3a56d54b300f7ec,2025-05-12T18:09:37+02:00,ok,2.0,20.0,11.0,2.0,1.0,0.345117314944953,0.0,2.0,31.0,0.0,0.0,0.0,0.0,0.0,0.0,0.0,0.0,0.0,0.0,0.0,0.0,0.0,0.0,0.0,0.0,0.0,0.0,0.0,0.0,0.0,0,0,0,0,0,0,0,0,0.0,0.0,0.0,0.0,0.0,0.0,0.0,0.0,0.0,0.0,0.0,0.0,0.0,0.0,0.0,0.0,0.0,0.0,0.0,0.0,0.0,0.0,0.0,0.0,0.0,0.0,0.0,0.0,0.0,0.0,0.0,0.0,0.0,0.0,0.0,0.0,0.0,0.0,0.0,0.0,0.0,0.0,0.0,0.0,0.0,0.0,0.0,0.0,0.0,0.0,0.0,1.0,0.0,0.0,0.0,0.0,0.0,0.0,0.0,0.0,0.0,0.0,0.0,0.0,0.0,0.0,45.0,0.0,1.0,182.0,2.7972685185185187,7.0,70,72.0,0.0,0,4.276340808478884e-06,2.548807901304494e-05,none,126.793,0.1097,1,none,-1.062,-0.0112,0.99666,none,-2,-0.0217,1,none,-0.216,-0.0212,1,none,0,0,1,none,31,0.052,1,none
4dfb8a3f8eaf7722f5e133e270927e297d7aaa0e,298812e1d0cd1494debb9d30e90427d37c500482,2025-05-13T19:48:26+02:00,ok,1.0,8.0,0.0,1.0,1.0,0.0,0.0,1.0,8.0,0.0,0.0,0.0,0.0,0.0,0.0,0.0,0.0,0.0,0.0,0.0,0.0,0.0,0.0,0.0,0.0,0.0,0.0,0.0,0.0,0.0,0,0,0,0,0,0,0,0,0.0,0.0,0.0,0.0,0.0,0.0,0.0,0.0,0.0,0.0,0.0,0.0,0.0,0.0,0.0,0.0,0.0,0.0,0.0,0.0,0.0,0.0,0.0,0.0,0.0,0.0,0.0,0.0,0.0,0.0,0.0,0.0,0.0,0.0,0.0,0.0,0.0,0.0,0.0,0.0,0.0,0.0,0.0,0.0,0.0,0.0,0.0,0.0,0.0,0.0,1.0,0.0,0.0,0.0,0.0,0.0,0.0,0.0,0.0,0.0,0.0,0.0,0.0,0.0,0.0,0.0,62.0,0.0,1.0,65.0,48.141284722222224,1.0,-3,-5.0,0.0,0,-1.832709652057018e-07,-1.7699603741271441e-06,none,-37.942,-0.0307,1,none,1.27,0.0135,0.99666,none,1,0.0115,1,none,-3.58,-0.2754,1,none,0,0,1,none,-49,-0.0803,1,none
f7dcc893ea0f2d1061db614d3c2c7b43e256e7bc,4dfb8a3f8eaf7722f5e133e270927e297d7aaa0e,2025-05-14T13:38:18+02:00,ok,3.0,10.0,11.0,3.0,2.0,0.5633841440162104,0.0,3.0,21.0,0.0,0.0,0.0,0.0,0.0,0.0,0.0,0.0,0.0,0.0,0.0,0.0,0.0,0.0,0.0,0.0,0.0,0.0,0.0,0.0,0.0,0,0,0,0,0,0,0,0,0.0,1.0,0.0,0.0,0.0,0.0,0.0,0.0,0.0,0.0,0.0,0.0,0.0,0.0,0.0,0.0,0.0,0.0,0.0,0.0,0.0,0.0,0.0,0.0,0.0,0.0,0.0,0.0,0.0,0.0,0.0,0.0,0.0,0.0,0.0,0.0,0.0,0.0,0.0,0.0,1.0,1.0,0.0,0.0,0.0,0.0,0.0,0.0,0.0,0.0,1.0,0.0,0.0,0.0,0.0,0.0,0.0,0.0,0.0,0.0,0.0,0.0,0.0,0.0,0.0,0.0,85.0,0.0,1.0,66.0,19.367318672839506,5.0,22,23.0,0.0,0,1.3439873244890007e-06,8.141832131705109e-06,none,25.549,0.0214,1,none,-4.527,-0.0458,0.99666,none,4,0.0506,1,none,-2.563,-0.1971,1,none,0,0,1,none,33,0.0588,0.94566,none
d92a84903887078449bf4e4bab9fa307169b28b6,0a534f1bc688ad6c71954fef51a69407613efdbc,2025-05-14T16:01:43+02:00,ok,8.0,23.0,12.0,8.0,5.0,0.8567359445502567,0.0,4.0,27.0,0.0,0.0,0.0,0.0,0.0,0.0,0.0,0.0,0.0,0.0,0.0,0.0,0.0,0.0,4.0,8.0,0.0,0.0,0.0,0.0,0.0,0,0,0,0,0,0,0,0,0.0,0.0,0.0,0.0,0.0,0.0,0.0,0.0,0.0,0.0,0.0,0.0,0.0,0.0,0.0,0.0,0.0,0.0,0.0,0.0,0.0,0.0,0.0,0.0,0.0,0.0,0.0,0.0,0.0,0.0,0.0,0.0,0.0,0.0,0.0,0.0,0.0,0.0,0.0,0.0,0.0,0.0,0.0,0.0,0.0,0.0,0.0,0.0,0.0,0.0,0.0,1.0,0.0,0.0,0.0,0.0,0.0,0.0,0.0,0.0,0.0,0.0,0.0,0.0,0.0,0.0,61.0,0.0,1.0,40.0,12.145755208333334,8.0,63,62.0,0.0,0,3.8486822753336305e-06,2.194724448805574e-05,none,79.765,0.0703,1,none,2.44,0.0257,0.99666,none,13,0.1806,1,none,-10.879,-0.5643,0.80519,none,0,0,1,none,-37,-0.0622,1,none
6b5fb30d699eaa4af5c82705a8bbe17c3727f6da,d92a84903887078449bf4e4bab9fa307169b28b6,2025-05-14T16:02:01+02:00,ok,2.0,3.0,3.0,2.0,2.0,0.9182958340544896,0.0,1.0,4.0,0.0,0.0,0.0,0.0,0.0,0.0,1.0,2.0,0.0,0.0,0.0,0.0,0.0,0.0,0.0,0.0,0.0,0.0,0.0,0.0,0.0,0,0,0,0,0,0,0,0,0.0,0.0,0.0,0.0,0.0,0.0,0.0,0.0,0.0,0.0,0.0,0.0,0.0,0.0,0.0,0.0,0.0,0.0,0.0,0.0,0.0,0.0,0.0,0.0,0.0,0.0,0.0,0.0,0.0,0.0,0.0,0.0,0.0,0.0,0.0,0.0,0.0,0.0,0.0,0.0,0.0,0.0,0.0,0.0,0.0,0.0,0.0,0.0,0.0,0.0,0.0,1.0,0.0,0.0,0.0,0.0,0.0,0.0,0.0,0.0,0.0,0.0,0.0,0.0,0.0,0.0,51.0,0.0,1.0,41.0,4.895659722222222,2.0,-2,-3.0,0.0,0,-1.2217991946144068e-07,-1.0619401363106358e-06,none,25.258,0.0212,1,none,18.757,0.1973,0.99666,none,2,0.0225,1,none,-0.497,-0.0338,1,none,0,0,1,none,29,0.0517,1,none
4ca5f53b1f74e7746c5d7b867f415cd9f5655a05,f7dcc893ea0f2d1061db614d3c2c7b43e256e7bc,2025-05-14T22:04:03+10:00,ok,1.0,4.0,1.0,1.0,1.0,0.0,0.0,1.0,5.0,0.0,0.0,0.0,0.0,0.0,0.0,0.0,0.0,0.0,0.0,0.0,0.0,0.0,0.0,0.0,0.0,0.0,0.0,0.0,0.0,0.0,0,0,0,0,0,0,0,0,0.0,0.0,0.0,0.0,0.0,0.0,0.0,0.0,0.0,0.0,0.0,0.0,0.0,0.0,0.0,0.0,0.0,0.0,0.0,0.0,0.0,0.0,0.0,0.0,0.0,0.0,0.0,0.0,0.0,0.0,0.0,0.0,0.0,0.0,0.0,0.0,0.0,0.0,0.0,0.0,0.0,0.0,0.0,0.0,0.0,0.0,0.0,0.0,0.0,0.0,0.0,1.0,0.0,0.0,0.0,0.0,0.0,0.0,0.0,0.0,0.0,0.0,0.0,0.0,0.0,0.0,63.0,0.0,1.0,51.0,1.8294675925925925,6.0,35,34.0,0.0,0,2.138158778937841e-06,1.2035653854595143e-05,none,-103.913,-0.0846,1,none,3.655,0.0384,0.99666,none,-1,-0.0116,1,none,0.069,0.0049,1,none,0,0,1,none,11,0.0189,1,none
0a534f1bc688ad6c71954fef51a69407613efdbc,4ca5f53b1f74e7746c5d7b867f415cd9f5655a05,2025-05-14T22:04:40+10:00,ok,1.0,5.0,6.0,1.0,1.0,0.0,0.0,1.0,11.0,0.0,0.0,0.0,0.0,0.0,0.0,0.0,0.0,0.0,0.0,0.0,0.0,0.0,0.0,0.0,0.0,0.0,0.0,0.0,0.0,0.0,0,0,0,0,0,0,0,0,0.0,0.0,0.0,0.0,0.0,0.0,0.0,0.0,0.0,0.0,0.0,0.0,0.0,0.0,0.0,0.0,0.0,0.0,0.0,0.0,0.0,0.0,0.0,0.0,0.0,0.0,0.0,0.0,0.0,0.0,0.0,0.0,0.0,0.0,0.0,0.0,0.0,0.0,0.0,0.0,0.0,0.0,0.0,0.0,0.0,0.0,0.0,0.0,0.0,0.0,0.0,1.0,0.0,0.0,0.0,0.0,0.0,0.0,0.0,0.0,0.0,0.0,0.0,0.0,0.0,0.0,57.0,0.0,1.0,183.0,1.8298958333333333,5.0,-20,-18.0,0.0,0,-1.2218024041283726e-06,-6.371740058492574e-06,none,-1.924,-0.0016,1,none,-1.011,-0.0107,0.99666,none,3,0.0353,1,none,-0.388,-0.0407,1,none,0,0,1,none,33,0.0587,1,none
95d89a751a01c5dcf528fef6d7e5901a72a31f35,6b5fb30d699eaa4af5c82705a8bbe17c3727f6da,2025-05-15T13:22:26+02:00,ok,7.0,394.0,405.0,5.0,2.0,0.22030617998482144,0.0,5.0,783.0,2.0,16.0,0.0,0.0,0.0,0.0,0.0,0.0,0.0,0.0,0.0,0.0,0.0,0.0,0.0,0.0,0.0,0.0,0.0,0.0,0.0,0,0,0,0,0,0,0,0,5.0,3.0,0.0,0.0,0.0,0.0,0.0,0.0,0.0,0.0,0.0,0.0,12.0,11.0,0.0,0.0,0.0,0.0,0.0,0.0,2.0,2.0,0.0,0.0,0.0,0.0,0.0,0.0,0.0,0.0,0.0,0.0,0.0,0.0,0.0,0.0,0.0,0.0,0.0,0.0,0.0,0.0,0.0,0.0,1.0,5.0,0.0,0.0,0.0,0.0,0.0,0.0,0.0,1.0,0.0,0.0,0.0,0.0,0.0,0.0,0.0,0.0,0.0,0.0,0.0,0.0,76.0,0.0,1.0,184.0,116.39721064814815,10.0,-6,4.0,-9.0,0,-3.665398031681257e-07,1.4159216853715822e-06,none,-24.908,-0.0204,1,none,11.626,0.1224,0.99666,none,-6,-0.0698,1,none,4.839,0.4189,1,none,0,0,1,none,-17,-0.0278,1,none
41a7613dffebd42e1ce41b440be081d4cced9d11,95d89a751a01c5dcf528fef6d7e5901a72a31f35,2025-05-19T20:35:48+02:00,ok,2.0,15.0,51.0,2.0,2.0,0.4394969869215134,0.0,2.0,66.0,0.0,0.0,0.0,0.0,0.0,0.0,0.0,0.0,0.0,0.0,0.0,0.0,0.0,0.0,0.0,0.0,0.0,0.0,0.0,0.0,0.0,0,0,0,0,0,0,0,0,0.0,0.0,0.0,0.0,0.0,0.0,0.0,0.0,0.0,0.0,0.0,0.0,0.0,0.0,0.0,0.0,0.0,0.0,0.0,0.0,0.0,0.0,0.0,0.0,0.0,0.0,0.0,0.0,0.0,0.0,0.0,0.0,0.0,0.0,0.0,0.0,0.0,0.0,0.0,0.0,0.0,0.0,0.0,0.0,0.0,0.0,0.0,0.0,0.0,0.0,0.0,1.0,0.0,0.0,0.0,0.0,0.0,0.0,0.0,0.0,0.0,0.0,0.0,0.0,0.0,0.0,51.0,0.0,1.0,48.0,7.099866898148148,6.0,-146,-146.0,0.0,0,-8.919138479643655e-06,-5.1681068339717364e-05,none,56.262,0.0495,1,none,2.647,0.0278,1,none,4,0.0465,1,none,3.629,0.363,0.95617,none,0,0,1,none,22,0.0395,1,none
712f2675195ace8d507f563ec4306efe319b3c84,41a7613dffebd42e1ce41b440be081d4cced9d11,2025-05-21T21:57:12+10:00,ok,19.0,815.0,81.0,11.0,3.0,0.7620532578754052,0.0,11.0,512.0,1.0,40.0,0.0,0.0,0.0,0.0,7.0,344.0,0.0,0.0,0.0,0.0,0.0,0.0,0.0,0.0,0.0,0.0,0.0,0.0,0.0,0,0,0,0,0,0,0,0,13.0,3.0,0.0,0.0,0.0,0.0,0.0,0.0,0.0,0.0,0.0,0.0,1.0,0.0,0.0,0.0,0.0,0.0,1.0,1.0,14.0,2.0,2.0,0.0,0.0,0.0,0.0,0.0,0.0,0.0,0.0,0.0,0.0,0.0,0.0,0.0,0.0,0.0,0.0,0.0,0.0,0.0,0.0,0.0,10.0,0.0,2.0,0.0,0.0,0.0,1.0,0.0,0.0,0.0,0.0,0.0,0.0,0.0,0.0,0.0,0.0,0.0,0.0,0.0,0.0,0.0,27.0,0.0,1.0,52.0,15.74784837962963,11.0,1113,1030.0,82.0,0,6.799376485569072e-05,0.00036461816159522926,none,-36.752,-0.0296,1,none,22.835,0.2334,0.99666,none,-8,-0.0909,1,none,-0.428,-0.024,1,none,0,0,1,none,-55,-0.0902,0.91259,none
27522110df0207506b25a84fe8b421eb65593d59,712f2675195ace8d507f563ec4306efe319b3c84,2025-05-22T09:47:41+02:00,ok,1.0,2.0,2.0,1.0,1.0,0.0,0.0,1.0,4.0,0.0,0.0,0.0,0.0,0.0,0.0,0.0,0.0,0.0,0.0,0.0,0.0,0.0,0.0,0.0,0.0,0.0,0.0,0.0,0.0,0.0,0,0,0,0,0,0,0,0,0.0,0.0,0.0,0.0,0.0,0.0,0.0,0.0,0.0,0.0,0.0,0.0,0.0,0.0,0.0,0.0,0.0,0.0,0.0,0.0,0.0,0.0,0.0,0.0,0.0,0.0,0.0,0.0,0.0,0.0,0.0,0.0,0.0,0.0,0.0,0.0,0.0,0.0,0.0,0.0,0.0,0.0,0.0,0.0,0.0,0.0,0.0,0.0,0.0,0.0,0.0,1.0,0.0,0.0,0.0,0.0,0.0,0.0,0.0,0.0,0.0,0.0,0.0,0.0,0.0,0.0,43.0,0.0,1.0,0.0,2.5499189814814813,6.0,20,20.0,0.0,0,1.2217276193702716e-06,7.07738376016445e-06,none,79.78,0.0704,1,none,23.245,0.2447,0.99666,none,17,0.2537,1,none,0.129,0.011,1,none,0,0,1,none,-37,-0.0585,1,none
91d36e9b81a5087b0000b8abc1bcdb3fadeb807f,27522110df0207506b25a84fe8b421eb65593d59,2025-05-22T12:34:15+02:00,ok,2.0,21.0,1.0,2.0,2.0,0.5746356978376794,0.0,2.0,22.0,0.0,0.0,0.0,0.0,0.0,0.0,0.0,0.0,0.0,0.0,0.0,0.0,0.0,0.0,0.0,0.0,0.0,0.0,0.0,0.0,0.0,0,0,0,0,0,0,0,0,0.0,0.0,0.0,0.0,0.0,0.0,0.0,0.0,0.0,0.0,0.0,0.0,0.0,0.0,0.0,0.0,0.0,0.0,1.0,1.0,2.0,0.0,0.0,0.0,0.0,0.0,0.0,0.0,0.0,0.0,0.0,0.0,0.0,0.0,0.0,0.0,0.0,0.0,0.0,0.0,0.0,0.0,0.0,0.0,0.0,0.0,0.0,0.0,0.0,0.0,0.0,1.0,0.0,0.0,0.0,0.0,0.0,0.0,0.0,0.0,0.0,0.0,0.0,0.0,0.0,0.0,45.0,0.0,1.0,49.0,20.3184375,3.0,-12,-11.0,0.0,0,-7.330356760522315e-07,-3.892533519136934e-06,none,-0.936,-0.0008,1,none,-1.099,-0.0114,0.99666,none,-6,-0.075,1,none,-5.672,-0.3502,0.95617,none,0,0,1,none,3,0.0052,1,none
4dc205537cf6a0d356a3d284697e4cc345346c18,91d36e9b81a5087b0000b8abc1bcdb3fadeb807f,2025-05-25T22:28:24+02:00,ok,14.0,342.0,131.0,10.0,9.0,0.7094500142374026,0.0,4.0,252.0,0.0,0.0,0.0,0.0,0.0,0.0,4.0,132.0,3.0,82.0,0.0,0.0,0.0,0.0,0.0,0.0,0.0,0.0,3.0,7.0,0.0,0,0,0,0,0,0,0,0,4.0,2.0,0.0,0.0,0.0,0.0,0.0,0.0,0.0,0.0,0.0,0.0,0.0,0.0,0.0,0.0,0.0,0.0,0.0,0.0,3.0,2.0,0.0,0.0,0.0,0.0,0.0,0.0,0.0,0.0,0.0,0.0,0.0,0.0,0.0,0.0,0.0,0.0,0.0,0.0,0.0,0.0,0.0,0.0,0.0,0.0,0.0,0.0,0.0,0.0,1.0,0.0,0.0,0.0,0.0,0.0,0.0,0.0,0.0,0.0,0.0,0.0,0.0,0.0,0.0,0.0,71.0,0.0,4.0,50.0,17.082804232804232,15.0,155,155.0,0.0,0,9.4683844230049e-06,5.4849549455184736e-05,none,4.5,0.0037,1,none,-1.187,-0.01,1,none,5,0.0617,1,none,-2.79,-0.1602,1,none,0,0,1,none,-263,-0.3009,1,none
87c87a9fb1b276988316444b82d0f335a45f03cc,4dc205537cf6a0d356a3d284697e4cc345346c18,2025-05-26T11:14:55+02:00,ok,26.0,555.0,121.0,11.0,3.0,0.7041673462147607,0.0,19.0,661.0,0.0,0.0,0.0,0.0,0.0,0.0,5.0,9.0,0.0,0.0,0.0,0.0,1.0,4.0,0.0,0.0,0.0,0.0,1.0,2.0,0.0,0,0,0,0,0,0,0,0,16.0,7.0,0.0,0.0,0.0,0.0,0.0,0.0,0.0,0.0,0.0,0.0,1.0,0.0,0.0,0.0,0.0,0.0,0.0,0.0,12.0,5.0,0.0,0.0,0.0,0.0,0.0,0.0,0.0,0.0,0.0,0.0,0.0,0.0,0.0,0.0,0.0,0.0,0.0,0.0,0.0,0.0,0.0,0.0,0.0,0.0,0.0,0.0,0.0,0.0,1.0,0.0,0.0,0.0,0.0,0.0,0.0,0.0,0.0,0.0,0.0,0.0,0.0,0.0,0.0,0.0,27.0,0.0,1.0,67.0,21.980353835978836,17.0,942,941.0,0.0,0,5.75427979140919e-05,0.0003329715820608641,none,-107.167,-0.0863,1,none,9.314,0.0966,0.99666,none,19,0.2533,1,none,5.535,0.4724,1,none,0,-0.0006,1,none,-18,-0.0311,1,none
fc3e0620749bcc633201970021e7063347cc3820,87c87a9fb1b276988316444b82d0f335a45f03cc,2025-05-26T16:51:47+02:00,ok,2.0,21.0,17.0,2.0,2.0,1.0,0.0,2.0,38.0,0.0,0.0,0.0,0.0,0.0,0.0,0.0,0.0,0.0,0.0,0.0,0.0,0.0,0.0,0.0,0.0,0.0,0.0,0.0,0.0,0.0,0,0,0,0,0,0,0,0,0.0,0.0,0.0,0.0,0.0,0.0,0.0,0.0,0.0,0.0,0.0,0.0,0.0,0.0,0.0,0.0,0.0,0.0,0.0,0.0,1.0,1.0,0.0,0.0,0.0,0.0,0.0,0.0,0.0,0.0,0.0,0.0,0.0,0.0,0.0,0.0,0.0,0.0,0.0,0.0,0.0,0.0,0.0,0.0,0.0,0.0,0.0,0.0,0.0,0.0,1.0,0.0,0.0,0.0,0.0,0.0,0.0,0.0,0.0,0.0,0.0,0.0,0.0,0.0,0.0,0.0,69.0,0.0,1.0,186.0,0.2339351851851852,7.0,80,81.0,0.0,0,4.886580631084785e-06,2.8652200488997555e-05,none,1.514,0.0012,1,none,0.283,0.0023,0.99666,none,25,0.3289,1,none,-4.877,-0.2862,1,none,0,0,1,none,-34,-0.0557,1,none
db2911c6c4c0fa1cc0fe6e2d5e62195d5fbc6612,fc3e0620749bcc633201970021e7063347cc3820,2025-05-26T21:34:41+02:00,ok,1.0,2.0,0.0,1.0,1.0,0.0,0.0,1.0,2.0,0.0,0.0,0.0,0.0,0.0,0.0,0.0,0.0,0.0,0.0,0.0,0.0,0.0,0.0,0.0,0.0,0.0,0.0,0.0,0.0,0.0,0,0,0,0,0,0,0,0,0.0,0.0,0.0,0.0,0.0,0.0,0.0,0.0,0.0,0.0,0.0,0.0,0.0,0.0,0.0,0.0,0.0,0.0,0.0,0.0,0.0,0.0,0.0,0.0,0.0,0.0,0.0,0.0,0.0,0.0,0.0,0.0,0.0,0.0,0.0,0.0,0.0,0.0,0.0,0.0,0.0,0.0,0.0,0.0,0.0,0.0,0.0,0.0,0.0,0.0,0.0,1.0,0.0,0.0,0.0,0.0,0.0,0.0,0.0,0.0,0.0,0.0,0.0,0.0,0.0,0.0,92.0,0.0,1.0,0.0,0.19645833333333335,4.0,-116,-116.0,0.0,0,-7.085507291170248e-06,-4.1031605301424896e-05,none,1.259,0.001,1,none,-3.1,-0.0299,1,none,6,0.0769,1,none,1.274,0.1148,1,none,0,0,1,none,0,0,1,none
864353be5ff8b15489a63628c2708e453c83c642,db2911c6c4c0fa1cc0fe6e2d5e62195d5fbc6612,2025-05-27T12:39:45+02:00,ok,5.0,138.0,3.0,4.0,3.0,0.8659999332513326,0.0,3.0,87.0,0.0,0.0,0.0,0.0,0.0,0.0,2.0,54.0,0.0,0.0,0.0,0.0,0.0,0.0,0.0,0.0,0.0,0.0,0.0,0.0,0.0,0,0,0,0,0,0,0,0,1.0,0.0,0.0,0.0,0.0,0.0,0.0,0.0,0.0,0.0,0.0,0.0,0.0,0.0,0.0,0.0,0.0,0.0,0.0,0.0,0.0,0.0,0.0,0.0,0.0,0.0,0.0,0.0,0.0,0.0,0.0,0.0,0.0,0.0,0.0,0.0,0.0,0.0,0.0,0.0,0.0,0.0,0.0,0.0,0.0,0.0,0.0,0.0,0.0,0.0,1.0,0.0,0.0,0.0,0.0,0.0,0.0,0.0,0.0,0.0,0.0,0.0,0.0,0.0,0.0,0.0,54.0,0.0,1.0,51.0,21.354440586419752,5.0,272,271.0,0.0,0,1.6614410680134113e-05,9.586225266389173e-05,none,-15.075,-0.0125,1,none,-13.424,-0.1238,0.99666,none,-2,-0.0235,1,none,-7.289,-0.3995,0.80519,none,0,0,1,none,-16,-0.027,1,none
5921ebc416bcd52af8a39e81b4198a34006de2c8,864353be5ff8b15489a63628c2708e453c83c642,2025-05-28T13:38:47+02:00,ok,3.0,12.0,12.0,3.0,2.0,0.6567045482143387,0.0,1.0,2.0,0.0,0.0,0.0,0.0,0.0,0.0,2.0,22.0,0.0,0.0,0.0,0.0,0.0,0.0,0.0,0.0,0.0,0.0,0.0,0.0,0.0,0,0,0,0,0,0,0,0,0.0,0.0,0.0,0.0,0.0,0.0,0.0,0.0,0.0,0.0,0.0,0.0,0.0,0.0,0.0,0.0,0.0,0.0,0.0,0.0,0.0,0.0,0.0,0.0,0.0,0.0,0.0,0.0,0.0,0.0,0.0,0.0,0.0,0.0,0.0,0.0,0.0,0.0,0.0,0.0,0.0,0.0,0.0,0.0,0.0,0.0,0.0,0.0,0.0,0.0,0.0,1.0,0.0,0.0,0.0,0.0,0.0,0.0,0.0,0.0,0.0,0.0,0.0,0.0,0.0,0.0,58.0,0.0,1.0,52.0,2.632210648148148,6.0,3,4.0,0.0,0,1.8324413212586039e-07,1.4148053722989596e-06,none,16.294,0.0134,1,none,19.337,0.1935,0.99666,none,-15,-0.1744,1,none,-11.477,-0.5239,0.4026,none,0,0,1,none,2,0.0034,1,none
7cad3645a0acc5badc7d665b9346a2e02a3bb839,5921ebc416bcd52af8a39e81b4198a34006de2c8,2025-05-28T15:58:42+02:00,ok,1.0,4.0,10.0,1.0,1.0,0.0,0.0,1.0,14.0,0.0,0.0,0.0,0.0,0.0,0.0,0.0,0.0,0.0,0.0,0.0,0.0,0.0,0.0,0.0,0.0,0.0,0.0,0.0,0.0,0.0,0,0,0,0,0,0,0,0,0.0,0.0,0.0,0.0,0.0,0.0,0.0,0.0,0.0,0.0,0.0,0.0,0.0,0.0,0.0,0.0,0.0,0.0,0.0,0.0,0.0,0.0,0.0,0.0,0.0,0.0,0.0,0.0,0.0,0.0,0.0,0.0,0.0,0.0,0.0,0.0,0.0,0.0,0.0,0.0,0.0,0.0,0.0,0.0,0.0,0.0,0.0,0.0,0.0,0.0,0.0,0.0,1.0,0.0,0.0,0.0,0.0,0.0,0.0,0.0,0.0,0.0,0.0,0.0,0.0,0.0,48.0,1.0,1.0,0.0,1.1381597222222222,2.0,24,24.0,0.0,0,1.4659527883796366e-06,8.4888202237653e-06,none,-19.159,-0.0157,1,none,-24.227,-0.2007,0.99666,none,-17,-0.1889,1,none,-5.821,-0.3554,0.95617,none,0,0,1,none,0,0,1,none
56c05b30999957430e6854825d3c6367b5bd3fec,7cad3645a0acc5badc7d665b9346a2e02a3bb839,2025-06-03T15:53:00+02:00,ok,3.0,10.0,0.0,3.0,2.0,0.9602297178607612,0.0,2.0,8.0,0.0,0.0,0.0,0.0,0.0,0.0,0.0,0.0,1.0,2.0,0.0,0.0,0.0,0.0,0.0,0.0,0.0,0.0,0.0,0.0,0.0,0,0,0,0,0,0,0,0,0.0,0.0,0.0,0.0,0.0,0.0,0.0,0.0,0.0,0.0,0.0,0.0,0.0,0.0,0.0,0.0,0.0,0.0,0.0,0.0,0.0,0.0,0.0,0.0,0.0,0.0,0.0,0.0,0.0,0.0,0.0,0.0,0.0,0.0,0.0,0.0,0.0,0.0,0.0,0.0,0.0,0.0,0.0,0.0,0.0,0.0,0.0,0.0,0.0,0.0,0.0,1.0,0.0,0.0,0.0,0.0,0.0,0.0,0.0,0.0,0.0,0.0,0.0,0.0,0.0,0.0,65.0,0.0,2.0,0.0,24.702395833333334,5.0,14,14.0,0.0,0,8.551378729630387e-07,4.951769762513122e-06,none,29.812,0.0249,1,none,-12.258,-0.113,0.99666,none,0,0,1,none,-0.976,-0.0542,1,none,0,-0.0006,1,none,-32,-0.0525,1,none
ca1a4f25e70d90ff2a04851c1951f671b65258a9,56c05b30999957430e6854825d3c6367b5bd3fec,2025-06-07T12:56:32+02:00,ok,52.0,2222.0,2717.0,22.0,5.0,0.7066483594220504,0.0,26.0,2687.0,0.0,0.0,0.0,0.0,0.0,0.0,25.0,2246.0,0.0,0.0,0.0,0.0,0.0,0.0,0.0,0.0,0.0,0.0,1.0,6.0,0.0,0,0,0,0,0,0,0,0,24.0,67.0,0.0,0.0,0.0,0.0,0.0,0.0,0.0,0.0,0.0,0.0,0.0,0.0,0.0,0.0,0.0,0.0,15.0,7.0,16.0,27.0,0.0,0.0,0.0,0.0,0.0,0.0,2.0,4.0,0.0,0.0,0.0,0.0,0.0,0.0,0.0,0.0,0.0,0.0,0.0,0.0,0.0,0.0,0.0,0.0,0.0,0.0,0.0,0.0,1.0,0.0,0.0,0.0,0.0,0.0,0.0,0.0,0.0,0.0,0.0,0.0,0.0,0.0,0.0,0.0,33.0,0.0,1.0,53.0,32.32118484224966,16.0,-513,-514.0,0.0,0,-3.13346681209699e-05,-0.00018179978962156641,none,7.7,0.0063,1,none,-0.37,-0.0039,0.99666,none,17,0.25,1,none,-3.299,-0.2763,0.95617,none,0,0,1,none,-2,-0.0035,1,none
469caadb878709980375569332d53d89c605eee2,ca1a4f25e70d90ff2a04851c1951f671b65258a9,2025-06-07T17:08:35+02:00,ok,3.0,104.0,41.0,3.0,2.0,0.7901475738400033,0.0,2.0,89.0,0.0,0.0,0.0,0.0,0.0,0.0,1.0,56.0,0.0,0.0,0.0,0.0,0.0,0.0,0.0,0.0,0.0,0.0,0.0,0.0,0.0,0,0,0,0,0,0,0,0,0.0,0.0,0.0,0.0,0.0,0.0,0.0,0.0,0.0,0.0,0.0,0.0,0.0,0.0,0.0,0.0,0.0,0.0,0.0,0.0,0.0,0.0,0.0,0.0,0.0,0.0,0.0,0.0,0.0,0.0,0.0,0.0,0.0,0.0,0.0,0.0,0.0,0.0,0.0,0.0,0.0,0.0,0.0,0.0,0.0,0.0,0.0,0.0,0.0,0.0,0.0,1.0,0.0,0.0,0.0,0.0,0.0,0.0,0.0,0.0,0.0,0.0,0.0,0.0,0.0,0.0,71.0,0.0,1.0,0.0,6.210318287037037,7.0,31,31.0,0.0,0,1.893577291243793e-06,1.0966572472063541e-05,none,-2.933,-0.0025,1,none,-1.401,-0.0147,0.99666,none,-12,-0.1429,1,none,-7.81,-0.4875,0.95617,none,0,0,1,none,-38,-0.0637,1,none
08cd4c4f9ae3a02a8592de2c6e93764e6fcb1bb9,469caadb878709980375569332d53d89c605eee2,2025-06-07T17:45:37+02:00,ok,10.0,123.0,120.0,6.0,2.0,0.8539339534869825,0.0,0.0,0.0,0.0,0.0,0.0,0.0,0.0,0.0,10.0,243.0,0.0,0.0,0.0,0.0,0.0,0.0,0.0,0.0,0.0,0.0,0.0,0.0,1.0,0,0,0,0,0,0,0,0,0.0,0.0,0.0,0.0,0.0,0.0,0.0,0.0,0.0,0.0,0.0,0.0,0.0,0.0,0.0,0.0,0.0,0.0,0.0,0.0,0.0,0.0,0.0,0.0,0.0,0.0,0.0,0.0,0.0,0.0,0.0,0.0,0.0,0.0,0.0,0.0,0.0,0.0,0.0,0.0,0.0,0.0,0.0,0.0,0.0,0.0,0.0,0.0,0.0,0.0,0.0,0.0,0.0,0.0,0.0,0.0,0.0,0.0,0.0,1.0,0.0,0.0,0.0,0.0,0.0,0.0,47.0,0.0,1.0,187.0,0.0,0.0,0,0.0,0.0,0,0.0,0.0,none,55.438,0.0485,1,none,4.191,0.0444,0.99666,none,17,0.2329,1,none,-0.974,-0.0658,1,none,0,0,1,none,51,0.0884,1,none
d4e85a94805206176b7ae0af834d8145c1b6d693,08cd4c4f9ae3a02a8592de2c6e93764e6fcb1bb9,2025-06-07T18:05:20+02:00,ok,4.0,39.0,4.0,3.0,2.0,0.5826756221315883,0.0,2.0,10.0,0.0,0.0,0.0,0.0,0.0,0.0,1.0,32.0,0.0,0.0,0.0,0.0,1.0,1.0,0.0,0.0,0.0,0.0,0.0,0.0,0.0,0,0,0,0,0,0,0,0,0.0,0.0,0.0,0.0,0.0,0.0,0.0,0.0,0.0,0.0,0.0,0.0,0.0,0.0,0.0,0.0,0.0,0.0,0.0,0.0,0.0,0.0,0.0,0.0,0.0,0.0,0.0,0.0,0.0,0.0,0.0,0.0,0.0,0.0,0.0,0.0,0.0,0.0,0.0,0.0,0.0,0.0,0.0,0.0,0.0,0.0,0.0,0.0,0.0,0.0,1.0,0.0,0.0,0.0,0.0,0.0,0.0,0.0,0.0,0.0,0.0,0.0,0.0,0.0,0.0,0.0,60.0,0.0,1.0,188.0,13.706238425925925,10.0,-19,-17.0,0.0,0,-1.1605774324740926e-06,-6.01386088807745e-06,none,-79.904,-0.0659,1,none,3.268,0.0344,0.99666,none,1,0.0152,1,none,-1.505,-0.1228,1,none,0,0,1,none,-31,-0.0509,1,none
d108053351a0c92e6a451f364b6c226c18cac3e4,d4e85a94805206176b7ae0af834d8145c1b6d693,2025-06-09T09:55:35+02:00,ok,16.0,1423.0,687.0,8.0,4.0,0.6902243211996685,0.0,8.0,709.0,0.0,0.0,0.0,0.0,0.0,0.0,8.0,1401.0,0.0,0.0,0.0,0.0,0.0,0.0,0.0,0.0,0.0,0.0,0.0,0.0,0.0,0,0,0,0,0,0,0,0,6.0,4.0,0.0,0.0,0.0,0.0,0.0,0.0,0.0,0.0,0.0,0.0,0.0,0.0,0.0,0.0,0.0,0.0,6.0,4.0,5.0,2.0,0.0,0.0,0.0,0.0,0.0,0.0,0.0,2.0,0.0,0.0,0.0,0.0,0.0,0.0,0.0,0.0,0.0,0.0,0.0,0.0,0.0,0.0,0.0,0.0,0.0,0.0,0.0,0.0,1.0,0.0,0.0,0.0,0.0,0.0,0.0,0.0,0.0,0.0,0.0,0.0,0.0,0.0,0.0,0.0,40.0,0.0,1.0,44.0,23.020779803240742,9.0,425,423.0,0.0,0,2.59603148027181e-05,0.00014963990906987653,none,-77.992,-0.0645,1,none,3.105,0.0325,0.99666,none,13,0.1831,1,none,0.471,0.0369,1,none,0,0,1,none,-71,-0.1127,1,none
9e77373c81b9454a958b9481f1b47a745af40bc8,d108053351a0c92e6a451f364b6c226c18cac3e4,2025-06-10T13:43:39+02:00,ok,5.0,40.0,11.0,4.0,3.0,0.5852168677585696,0.0,2.0,35.0,0.0,0.0,0.0,0.0,0.0,0.0,3.0,16.0,0.0,0.0,0.0,0.0,0.0,0.0,0.0,0.0,0.0,0.0,0.0,0.0,0.0,0,0,0,0,0,0,0,0,0.0,0.0,0.0,0.0,0.0,0.0,0.0,0.0,0.0,0.0,0.0,0.0,0.0,0.0,0.0,0.0,0.0,0.0,0.0,0.0,0.0,0.0,0.0,0.0,0.0,0.0,0.0,0.0,0.0,0.0,0.0,0.0,0.0,0.0,0.0,0.0,0.0,0.0,0.0,0.0,0.0,0.0,0.0,0.0,0.0,0.0,0.0,0.0,0.0,0.0,0.0,1.0,0.0,0.0,0.0,0.0,0.0,0.0,0.0,0.0,0.0,0.0,0.0,0.0,0.0,0.0,102.0,0.0,1.0,0.0,8.130833333333333,8.0,164,164.0,0.0,0,1.0017367305157778e-05,5.800773837378135e-05,none,9.729,0.008,1,none,-0.21,-0.0022,0.99666,none,-9,-0.1,1,none,-1.196,-0.0767,1,none,0,0,1,none,69,0.1192,1,none
0d4abd1ddc9b2c0156bb40d5aadfcd982958a2f1,9e77373c81b9454a958b9481f1b47a745af40bc8,2025-06-10T14:28:16+02:00,ok,5.0,2159.0,964.0,4.0,1.0,0.3386770576934794,0.0,1.0,163.0,0.0,0.0,0.0,0.0,0.0,0.0,4.0,2960.0,0.0,0.0,0.0,0.0,0.0,0.0,0.0,0.0,0.0,0.0,0.0,0.0,0.0,0,0,0,0,0,0,0,0,0.0,0.0,0.0,0.0,0.0,0.0,0.0,0.0,0.0,0.0,0.0,0.0,0.0,0.0,0.0,0.0,0.0,0.0,1.0,1.0,1.0,0.0,0.0,0.0,0.0,0.0,0.0,0.0,3.0,2.0,0.0,0.0,3.0,3.0,0.0,0.0,0.0,0.0,0.0,0.0,0.0,0.0,0.0,0.0,0.0,0.0,0.0,0.0,0.0,0.0,0.0,1.0,0.0,0.0,0.0,0.0,0.0,0.0,0.0,0.0,0.0,0.0,0.0,0.0,0.0,0.0,72.0,0.0,1.0,45.0,1.189363425925926,6.0,97,98.0,0.0,0,5.924846920585245e-06,3.466115012062434e-05,none,-65.696,-0.0548,1,none,0.397,0.0042,1,none,3,0.0423,1,none,3.892,0.3157,1,none,0,0,1,none,-86,-0.1297,1,none
a7b64f02b374e44e8eb20159901db4fb557b4ede,0d4abd1ddc9b2c0156bb40d5aadfcd982958a2f1,2025-06-10T21:31:11+02:00,ok,17.0,35.0,344.0,11.0,4.0,0.6143373241515155,0.0,11.0,236.0,0.0,0.0,0.0,0.0,0.0,0.0,4.0,132.0,1.0,10.0,0.0,0.0,1.0,1.0,0.0,0.0,0.0,0.0,0.0,0.0,0.0,0,0,0,0,0,0,0,0,0.0,1.0,0.0,0.0,0.0,0.0,0.0,0.0,0.0,0.0,0.0,0.0,0.0,0.0,0.0,0.0,0.0,0.0,0.0,0.0,0.0,0.0,0.0,0.0,0.0,0.0,0.0,0.0,0.0,4.0,0.0,0.0,0.0,3.0,0.0,0.0,0.0,0.0,0.0,0.0,0.0,0.0,0.0,0.0,0.0,0.0,0.0,0.0,0.0,0.0,0.0,1.0,0.0,0.0,0.0,0.0,0.0,0.0,0.0,0.0,0.0,0.0,0.0,0.0,0.0,0.0,52.0,0.0,1.0,46.0,15.573618827160495,14.0,-766,-766.0,0.0,0,-4.6787689193900644e-05,-0.0002709134770966705,none,11.032,0.0092,1,none,4.42,0.0424,0.99666,none,4,0.05,1,none,-8.875,-0.396,0.95617,none,0,0,1,none,14,0.0243,1,none
18808481fdbe665fe5e37cb07b80148efcc03dc2,a7b64f02b374e44e8eb20159901db4fb557b4ede,2025-06-11T16:52:02+02:00,ok,2.0,5.0,2.0,2.0,2.0,0.863120568566631,0.0,1.0,5.0,0.0,0.0,0.0,0.0,0.0,0.0,1.0,2.0,0.0,0.0,0.0,0.0,0.0,0.0,0.0,0.0,0.0,0.0,0.0,0.0,0.0,0,0,0,0,0,0,0,0,0.0,0.0,0.0,0.0,0.0,0.0,0.0,0.0,0.0,0.0,0.0,0.0,0.0,0.0,0.0,0.0,0.0,0.0,0.0,0.0,0.0,0.0,0.0,0.0,0.0,0.0,0.0,0.0,0.0,0.0,0.0,0.0,0.0,0.0,0.0,0.0,0.0,0.0,0.0,0.0,0.0,0.0,0.0,0.0,0.0,0.0,0.0,0.0,0.0,0.0,0.0,1.0,0.0,0.0,0.0,0.0,0.0,0.0,0.0,0.0,0.0,0.0,0.0,0.0,0.0,0.0,75.0,0.0,1.0,0.0,0.8061458333333333,6.0,3,2.0,0.0,0,1.832501764393782e-07,7.075375746673247e-07,none,-48.759,-0.0408,1,none,-0.895,-0.0094,1,none,10,0.1316,1,none,0.161,0.0107,1,none,0,0,1,none,16,0.0278,1,none
f42e1ab64efc79ad23babb1184f2750394d4045a,18808481fdbe665fe5e37cb07b80148efcc03dc2,2025-06-11T19:15:48+02:00,ok,2.0,5.0,16.0,1.0,1.0,0.863120568566631,0.0,2.0,21.0,0.0,0.0,0.0,0.0,0.0,0.0,0.0,0.0,0.0,0.0,0.0,0.0,0.0,0.0,0.0,0.0,0.0,0.0,0.0,0.0,0.0,0,0,0,0,0,0,0,0,0.0,0.0,0.0,0.0,0.0,0.0,0.0,0.0,0.0,0.0,0.0,0.0,0.0,0.0,0.0,0.0,0.0,0.0,0.0,0.0,0.0,0.0,0.0,0.0,0.0,0.0,0.0,0.0,0.0,0.0,0.0,0.0,0.0,0.0,0.0,0.0,0.0,0.0,0.0,0.0,0.0,0.0,0.0,0.0,0.0,0.0,0.0,0.0,0.0,0.0,0.0,0.0,1.0,0.0,0.0,0.0,0.0,0.0,0.0,0.0,0.0,0.0,0.0,0.0,0.0,0.0,56.0,1.0,1.0,54.0,18.55330439814815,3.0,-56,-57.0,0.0,0,-3.420669333363468e-06,-2.016480661066039e-05,none,-74.219,-0.0615,1,none,-1.401,-0.0147,0.99666,none,-2,-0.0238,1,none,2.442,0.1749,1,none,0,0,1,none,2,0.0035,1,none
9f3fdf55054827507ca324129436d23490789144,f42e1ab64efc79ad23babb1184f2750394d4045a,2025-06-12T10:39:50+02:00,ok,2.0,12.0,10.0,1.0,1.0,0.9760206482366149,0.0,2.0,22.0,0.0,0.0,0.0,0.0,0.0,0.0,0.0,0.0,0.0,0.0,0.0,0.0,0.0,0.0,0.0,0.0,0.0,0.0,0.0,0.0,0.0,0,0,0,0,0,0,0,0,0.0,0.0,0.0,0.0,0.0,0.0,0.0,0.0,0.0,0.0,0.0,0.0,0.0,0.0,0.0,0.0,0.0,0.0,0.0,0.0,0.0,0.0,0.0,0.0,0.0,0.0,0.0,0.0,0.0,0.0,0.0,0.0,0.0,0.0,0.0,0.0,0.0,0.0,0.0,0.0,0.0,0.0,0.0,0.0,0.0,0.0,0.0,0.0,0.0,0.0,0.0,1.0,0.0,0.0,0.0,0.0,0.0,0.0,0.0,0.0,0.0,0.0,0.0,0.0,0.0,0.0,47.0,0.0,1.0,55.0,4.905069444444444,8.0,75,75.0,0.0,0,4.5812692424761355e-06,2.6533175313533688e-05,none,7.481,0.0066,1,none,-2.084,-0.0215,1,none,5,0.0562,1,none,-2.433,-0.1995,1,none,0,0,1,none,-15,-0.0253,1,none
f0458cc216ceabb6f0f202c78aec5729d01883da,9f3fdf55054827507ca324129436d23490789144,2025-06-12T21:08:37+02:00,ok,21.0,609.0,661.0,5.0,3.0,0.6846895014994351,0.0,19.0,1232.0,0.0,0.0,0.0,0.0,0.0,0.0,1.0,36.0,0.0,0.0,0.0,0.0,0.0,0.0,0.0,0.0,0.0,0.0,1.0,2.0,0.0,0,0,0,0,0,0,0,0,38.0,39.0,0.0,0.0,0.0,0.0,0.0,0.0,0.0,0.0,0.0,0.0,0.0,0.0,0.0,0.0,0.0,0.0,5.0,4.0,7.0,0.0,0.0,0.0,0.0,0.0,0.0,0.0,0.0,0.0,0.0,0.0,0.0,0.0,1.0,0.0,0.0,0.0,0.0,0.0,0.0,0.0,0.0,0.0,1.0,0.0,0.0,0.0,0.0,0.0,0.0,1.0,0.0,0.0,0.0,0.0,0.0,0.0,0.0,0.0,0.0,0.0,0.0,0.0,0.0,0.0,69.0,0.0,1.0,56.0,14.832327031893003,14.0,308,309.0,0.0,0,1.8813659498662398e-05,0.00010931378185002079,none,19.605,0.0165,1,none,0.11,0.0012,0.99666,none,-10,-0.1163,1,none,5.937,0.605,0.95617,none,0,0.1916,1,none,32,0.0553,1,none
84e96e939358a559bcef3863670bcf55874cd14b,320af405e9578d67443c6261d42fecb8d46e38ae,2025-06-14T11:01:30Z,ok,6.0,22.0,22.0,3.0,3.0,0.8309040031643032,0.0,6.0,44.0,0.0,0.0,0.0,0.0,0.0,0.0,0.0,0.0,0.0,0.0,0.0,0.0,0.0,0.0,0.0,0.0,0.0,0.0,0.0,0.0,0.0,0,0,0,0,0,0,0,0,4.0,2.0,0.0,0.0,0.0,0.0,0.0,0.0,0.0,0.0,0.0,0.0,0.0,0.0,0.0,0.0,0.0,0.0,0.0,0.0,0.0,0.0,0.0,0.0,0.0,0.0,0.0,0.0,0.0,0.0,0.0,0.0,0.0,0.0,0.0,0.0,0.0,0.0,0.0,0.0,0.0,0.0,0.0,0.0,0.0,0.0,0.0,0.0,0.0,0.0,0.0,1.0,0.0,0.0,0.0,0.0,0.0,0.0,0.0,0.0,0.0,0.0,0.0,0.0,0.0,0.0,90.0,0.0,1.0,69.0,14.758190586419753,8.0,-75,-75.0,0.0,0,-4.5811651442233245e-06,-2.6529665117805863e-05,none,10.686,0.0087,1,none,-4.677,-0.0377,0.99666,none,26.5,0.2585,1,none,-33.675,-0.2365,1,none,0,0,1,none,-11,-0.0187,1,none
60512f13d51a6440809cf6f9d2ce84a76f74038c,f0458cc216ceabb6f0f202c78aec5729d01883da,2025-06-14T12:29:58+02:00,ok,3.0,185.0,1.0,3.0,1.0,0.4825716548661007,0.0,1.0,3.0,0.0,0.0,0.0,0.0,0.0,0.0,2.0,183.0,0.0,0.0,0.0,0.0,0.0,0.0,0.0,0.0,0.0,0.0,0.0,0.0,0.0,0,0,0,0,0,0,0,0,0.0,0.0,0.0,0.0,0.0,0.0,0.0,0.0,0.0,0.0,0.0,0.0,0.0,0.0,0.0,0.0,0.0,0.0,0.0,0.0,0.0,0.0,0.0,0.0,0.0,0.0,0.0,0.0,0.0,0.0,0.0,0.0,0.0,0.0,0.0,0.0,0.0,0.0,0.0,0.0,0.0,0.0,0.0,0.0,0.0,0.0,0.0,0.0,0.0,0.0,0.0,0.0,0.0,0.0,0.0,0.0,0.0,0.0,0.0,0.0,0.0,0.0,0.0,1.0,0.0,0.0,60.0,0.0,1.0,47.0,2.8180092592592594,7.0,-2,-2.0,0.0,0,-1.2216432176323186e-07,-7.074552340014305e-07,none,3.149,0.0026,1,none,0.557,0.0052,1,none,5,0.0658,1,none,7.908,0.1224,1,none,0,0,1,none,-35,-0.0569,1,none
320af405e9578d67443c6261d42fecb8d46e38ae,60512f13d51a6440809cf6f9d2ce84a76f74038c,2025-06-14T12:49:22+02:00,ok,8.0,26.0,27.0,4.0,3.0,0.8949407017402847,0.0,7.0,45.0,0.0,0.0,0.0,0.0,0.0,0.0,1.0,8.0,0.0,0.0,0.0,0.0,0.0,0.0,0.0,0.0,0.0,0.0,0.0,0.0,0.0,0,0,0,0,0,0,0,0,6.0,8.0,0.0,0.0,0.0,0.0,0.0,0.0,0.0,0.0,0.0,0.0,0.0,0.0,0.0,0.0,0.0,0.0,0.0,0.0,0.0,0.0,0.0,0.0,0.0,0.0,0.0,0.0,0.0,0.0,0.0,0.0,0.0,0.0,0.0,0.0,0.0,0.0,0.0,0.0,0.0,0.0,0.0,0.0,0.0,0.0,0.0,0.0,0.0,0.0,0.0,1.0,0.0,0.0,0.0,0.0,0.0,0.0,0.0,0.0,0.0,0.0,0.0,0.0,0.0,0.0,86.0,0.0,1.0,68.0,2.8086392195767194,11.0,-9,-8.0,0.0,0,-5.497395150930984e-07,-2.829822937978771e-06,none,-9.178,-0.0073,1,none,-4.204,-0.0361,1,none,13,0.1566,1,none,-54.841,-0.433,1,none,0,0,1,none,31,0.0518,1,none
93c92d13e9ba6467a63292dabd335df7691cf45c,84e96e939358a559bcef3863670bcf55874cd14b,2025-06-14T13:05:24+02:00,ok,3.0,75.0,201.0,2.0,2.0,0.3934782137141594,0.0,2.0,251.0,0.0,0.0,0.0,0.0,0.0,0.0,1.0,25.0,0.0,0.0,0.0,0.0,0.0,0.0,0.0,0.0,0.0,0.0,0.0,0.0,0.0,0,0,0,0,0,0,0,0,1.0,1.0,0.0,0.0,0.0,0.0,0.0,0.0,0.0,0.0,0.0,0.0,0.0,0.0,0.0,0.0,0.0,0.0,0.0,0.0,0.0,0.0,0.0,0.0,0.0,0.0,0.0,0.0,0.0,0.0,0.0,0.0,0.0,0.0,0.0,0.0,0.0,0.0,0.0,0.0,0.0,0.0,0.0,0.0,1.0,1.0,0.0,0.0,0.0,0.0,1.0,0.0,0.0,0.0,0.0,0.0,0.0,0.0,0.0,0.0,0.0,0.0,0.0,0.0,0.0,0.0,41.0,0.0,1.0,53.0,19.16439236111111,6.0,-516,-518.0,0.0,0,-3.151856058398762e-05,-0.0001832364149477051,none,-18.12,-0.0147,1,none,4.5,0.0417,0.99666,none,1,0.0108,1,none,19.158,0.3378,1,none,0,0,1,none,-1,-0.0017,1,none
058918f8e5406d036fff76bab9bbb2b5281547c9,93c92d13e9ba6467a63292dabd335df7691cf45c,2025-06-15T23:43:14+02:00,ok,7.0,175.0,166.0,6.0,4.0,0.5295706339380151,0.0,2.0,264.0,0.0,0.0,0.0,0.0,0.0,0.0,3.0,61.0,0.0,0.0,0.0,0.0,0.0,0.0,0.0,0.0,0.0,0.0,2.0,16.0,0.0,0,0,0,0,0,0,0,0,0.0,0.0,0.0,0.0,0.0,0.0,0.0,0.0,0.0,0.0,0.0,0.0,0.0,0.0,0.0,0.0,0.0,0.0,0.0,0.0,1.0,2.0,0.0,0.0,0.0,0.0,0.0,0.0,4.0,4.0,0.0,0.0,6.0,4.0,0.0,0.0,0.0,0.0,0.0,0.0,0.0,0.0,0.0,0.0,2.0,2.0,0.0,0.0,0.0,0.0,1.0,0.0,0.0,0.0,0.0,0.0,0.0,0.0,0.0,0.0,0.0,0.0,0.0,0.0,0.0,0.0,50.0,0.0,2.0,48.0,2.0840538194444442,20.0,-130,-129.0,0.0,0,-7.94097291578476e-06,-4.564059763001467e-05,none,11.099,0.0092,1,none,17.162,0.1604,0.99666,none,31,0.4247,1,none,46.125,0.6673,0.95617,none,0,0,1,none,32,0.0558,1,none
958597dfaa8604f5a1c27601e48f2f736788ffcf,058918f8e5406d036fff76bab9bbb2b5281547c9,2025-06-16T12:30:42+02:00,ok,8.0,172.0,105.0,3.0,3.0,0.6144666360088864,0.0,8.0,277.0,0.0,0.0,0.0,0.0,0.0,0.0,0.0,0.0,0.0,0.0,0.0,0.0,0.0,0.0,0.0,0.0,0.0,0.0,0.0,0.0,0.0,0,0,0,0,0,0,0,0,2.0,5.0,0.0,0.0,0.0,0.0,0.0,0.0,0.0,0.0,0.0,0.0,0.0,0.0,0.0,0.0,0.0,0.0,3.0,6.0,0.0,0.0,0.0,0.0,0.0,0.0,0.0,0.0,0.0,0.0,0.0,0.0,0.0,0.0,0.0,0.0,0.0,0.0,0.0,0.0,0.0,0.0,0.0,0.0,0.0,0.0,0.0,0.0,0.0,0.0,0.0,0.0,0.0,0.0,1.0,0.0,0.0,0.0,0.0,0.0,0.0,0.0,0.0,0.0,0.0,0.0,41.0,0.0,1.0,57.0,12.168663194444445,8.0,-27,-28.0,0.0,0,-1.6492920871852449e-06,-9.906938465882274e-06,none,-17.157,-0.0139,1,none,0.434,0.0037,1,none,-26,-0.25,1,none,2.316,0.0251,1,none,0,0,1,none,-18,-0.0303,1,none
0a19c93509866c581b7cb842a03ad0690d17b82d,958597dfaa8604f5a1c27601e48f2f736788ffcf,2025-06-16T12:30:59+02:00,ok,5.0,174.0,138.0,4.0,2.0,0.8870596800361547,0.0,4.0,292.0,0.0,0.0,0.0,0.0,0.0,0.0,1.0,20.0,0.0,0.0,0.0,0.0,0.0,0.0,0.0,0.0,0.0,0.0,0.0,0.0,0.0,0,0,0,0,0,0,0,0,1.0,1.0,0.0,0.0,0.0,0.0,0.0,0.0,0.0,0.0,0.0,0.0,0.0,0.0,0.0,0.0,0.0,0.0,0.0,0.0,1.0,1.0,0.0,0.0,0.0,0.0,0.0,0.0,0.0,0.0,0.0,0.0,0.0,0.0,0.0,0.0,0.0,0.0,0.0,0.0,0.0,0.0,0.0,0.0,0.0,0.0,0.0,0.0,0.0,0.0,0.0,1.0,0.0,0.0,0.0,0.0,0.0,0.0,0.0,0.0,0.0,0.0,0.0,0.0,0.0,0.0,60.0,0.0,1.0,58.0,2.4496875,11.0,53,53.0,0.0,0,3.2375046218432726e-06,1.8752605019895453e-05,none,53.771,0.047,1,none,4.686,0.0445,0.99666,none,20,0.2381,1,none,5.887,0.087,1,none,0,0,1,none,30,0.0522,1,none
8e27de2cdc05ed969f2f547233eeb3ab2ffd2679,0a19c93509866c581b7cb842a03ad0690d17b82d,2025-06-16T14:07:03+02:00,ok,4.0,416.0,37.0,1.0,1.0,0.8708337524900329,0.0,3.0,260.0,0.0,0.0,0.0,0.0,0.0,0.0,1.0,193.0,0.0,0.0,0.0,0.0,0.0,0.0,0.0,0.0,0.0,0.0,0.0,0.0,0.0,0,0,0,0,0,0,0,0,7.0,4.0,0.0,0.0,0.0,0.0,0.0,0.0,0.0,0.0,0.0,0.0,0.0,0.0,0.0,0.0,0.0,0.0,0.0,0.0,0.0,0.0,0.0,0.0,0.0,0.0,0.0,0.0,0.0,0.0,0.0,0.0,0.0,0.0,0.0,0.0,0.0,0.0,0.0,0.0,0.0,0.0,0.0,0.0,0.0,0.0,0.0,0.0,0.0,0.0,0.0,1.0,0.0,0.0,0.0,0.0,0.0,0.0,0.0,0.0,0.0,0.0,0.0,0.0,0.0,0.0,72.0,0.0,1.0,59.0,37.628819444444446,6.0,406,407.0,0.0,0,2.480042681168034e-05,0.00014400315320909436,none,-29.707,-0.0231,1,none,0.03,0.0003,0.99666,none,-20,-0.1639,1,none,-4.979,-0.0576,1,none,0,0,1,none,-32,-0.0532,1,none
c1415004005d74961d43f7bc80cd0a3f2e1ab0cb,8e27de2cdc05ed969f2f547233eeb3ab2ffd2679,2025-06-18T14:45:51+02:00,ok,2.0,2.0,2.0,2.0,2.0,0.0,0.0,2.0,4.0,0.0,0.0,0.0,0.0,0.0,0.0,0.0,0.0,0.0,0.0,0.0,0.0,0.0,0.0,0.0,0.0,0.0,0.0,0.0,0.0,0.0,0,0,0,0,0,0,0,0,6.0,1.0,0.0,0.0,0.0,0.0,0.0,0.0,0.0,0.0,0.0,0.0,0.0,0.0,0.0,0.0,0.0,0.0,0.0,0.0,3.0,0.0,0.0,0.0,0.0,0.0,0.0,0.0,0.0,0.0,0.0,0.0,0.0,0.0,0.0,0.0,0.0,0.0,0.0,0.0,0.0,0.0,0.0,0.0,0.0,0.0,0.0,0.0,0.0,0.0,0.0,0.0,0.0,0.0,1.0,0.0,0.0,0.0,0.0,0.0,0.0,0.0,0.0,0.0,0.0,0.0,62.0,0.0,1.0,60.0,83.93115740740741,3.0,0,0.0,0.0,0,0.0,0.0,none,0.968,0.0008,1,none,-0.069,-0.0006,0.99666,none,5,0.0549,1,none,7.902,0.0994,1,none,0,0,1,none,38,0.0661,1,none
258605d1d59c4f6f45ba4d0783d621dc6e73dbe3,c1415004005d74961d43f7bc80cd0a3f2e1ab0cb,2025-06-30T12:19:15+02:00,ok,17.0,286.0,238.0,10.0,15.0,0.653688675538021,0.0,6.0,376.0,0.0,0.0,0.0,0.0,0.0,0.0,0.0,0.0,1.0,24.0,0.0,0.0,1.0,2.0,7.0,65.0,0.0,0.0,2.0,57.0,0.0,6,0,0,0,0,0,0,0,0.0,0.0,0.0,0.0,0.0,0.0,0.0,0.0,0.0,0.0,0.0,0.0,0.0,0.0,0.0,0.0,0.0,0.0,6.0,0.0,0.0,1.0,0.0,0.0,0.0,0.0,0.0,0.0,0.0,0.0,0.0,0.0,3.0,3.0,1.0,2.0,0.0,0.0,0.0,0.0,0.0,0.0,0.0,0.0,0.0,0.0,0.0,0.0,0.0,0.0,0.0,0.0,0.0,0.0,1.0,0.0,0.0,0.0,0.0,0.0,0.0,0.0,0.0,0.0,0.0,0.0,40.0,0.0,1.0,49.0,185.41649667245372,11.0,0,0.0,0.0,0,0.0,0.0,none,11.53,0.0094,1,none,-5.838,-0.0496,0.99666,none,-36.261,-0.3202,1,none,-9.394,-0.0992,1,none,0,0,1,none,-52,-0.085,1,none
4eadb891f87ffb8d2b2761b7fff843389cec8100,258605d1d59c4f6f45ba4d0783d621dc6e73dbe3,2025-07-03T17:07:26+10:00,ok,1.0,7.0,1.0,1.0,1.0,0.0,0.0,1.0,8.0,0.0,0.0,0.0,0.0,0.0,0.0,0.0,0.0,0.0,0.0,0.0,0.0,0.0,0.0,0.0,0.0,0.0,0.0,0.0,0.0,0.0,0,0,0,0,0,0,0,0,0.0,0.0,0.0,0.0,0.0,0.0,0.0,0.0,0.0,0.0,0.0,0.0,1.0,1.0,0.0,0.0,0.0,0.0,0.0,0.0,0.0,0.0,0.0,0.0,0.0,0.0,0.0,0.0,0.0,0.0,0.0,0.0,0.0,0.0,0.0,0.0,0.0,0.0,0.0,0.0,0.0,0.0,0.0,0.0,0.0,0.0,0.0,0.0,0.0,0.0,0.0,1.0,0.0,0.0,0.0,0.0,0.0,0.0,0.0,0.0,0.0,0.0,0.0,0.0,0.0,0.0,86.0,0.0,1.0,0.0,16.858645833333334,6.0,3,4.0,0.0,0,1.8324984063372192e-07,1.4150606318104215e-06,none,-52.997,-0.0416,1,none,-17.441,-0.1345,0.99666,none,0,0,1,none,-75.067,-0.4362,1,none,0,0,1,none,-56,-0.0924,1,none
cde46793f8db57187616b9c869027c41dfdc9862,4eadb891f87ffb8d2b2761b7fff843389cec8100,2025-07-13T19:19:10+02:00,ok,3.0,186.0,2.0,3.0,2.0,0.45946663117781433,0.0,2.0,35.0,0.0,0.0,0.0,0.0,0.0,0.0,1.0,153.0,0.0,0.0,0.0,0.0,0.0,0.0,0.0,0.0,0.0,0.0,0.0,0.0,0.0,0,0,0,0,0,0,0,0,0.0,0.0,0.0,0.0,0.0,0.0,0.0,0.0,0.0,0.0,0.0,0.0,0.0,0.0,0.0,0.0,0.0,0.0,0.0,0.0,0.0,0.0,0.0,0.0,0.0,0.0,0.0,0.0,0.0,0.0,0.0,0.0,0.0,0.0,0.0,0.0,0.0,0.0,0.0,0.0,0.0,0.0,0.0,0.0,0.0,0.0,0.0,0.0,0.0,0.0,1.0,0.0,0.0,0.0,0.0,0.0,0.0,0.0,0.0,0.0,0.0,0.0,0.0,0.0,0.0,0.0,57.0,0.0,2.0,189.0,33.05908564814815,3.0,206,203.0,0.0,0,1.2583153417654714e-05,7.181422544289566e-05,none,-3.935,-0.0032,1,none,5.037,0.047,0.99666,none,-15,-0.1415,1,none,5.348,0.0636,1,none,0,0,1,none,-35,-0.0592,1,none
0cfa53b7649c5f856bd73b58cb147b04f15e5b39,cde46793f8db57187616b9c869027c41dfdc9862,2025-07-15T12:43:42+02:00,ok,6.0,534.0,9.0,3.0,2.0,0.4469005516347266,0.0,5.0,123.0,0.0,0.0,0.0,0.0,0.0,0.0,1.0,420.0,0.0,0.0,0.0,0.0,0.0,0.0,0.0,0.0,0.0,0.0,0.0,0.0,0.0,0,0,0,0,0,0,0,0,7.0,2.0,0.0,0.0,0.0,0.0,0.0,0.0,0.0,0.0,0.0,0.0,0.0,0.0,0.0,0.0,0.0,0.0,0.0,0.0,3.0,0.0,0.0,0.0,0.0,0.0,0.0,0.0,0.0,0.0,0.0,0.0,0.0,0.0,0.0,0.0,0.0,0.0,0.0,0.0,0.0,0.0,0.0,0.0,0.0,0.0,0.0,0.0,0.0,0.0,0.0,1.0,0.0,0.0,0.0,0.0,0.0,0.0,0.0,0.0,0.0,0.0,0.0,0.0,0.0,0.0,87.0,0.0,1.0,0.0,84.28109490740741,4.0,164,167.0,0.0,0,1.0017530066791882e-05,5.9074455391888265e-05,none,26.585,0.0216,1,none,-1.968,-0.0175,1,none,10,0.1031,1,none,28.921,0.3799,1,none,0,0,1,none,-16,-0.0278,1,none
678dff25eddfc43319299495556ab9f6029bc719,0cfa53b7649c5f856bd73b58cb147b04f15e5b39,2025-07-15T12:59:55+02:00,ok,8.0,95.0,15.0,5.0,1.0,0.48446866026767305,0.0,5.0,28.0,2.0,4.0,0.0,0.0,0.0,0.0,1.0,78.0,0.0,0.0,0.0,0.0,0.0,0.0,0.0,0.0,0.0,0.0,0.0,0.0,0.0,0,0,0,0,0,0,0,0,2.0,0.0,0.0,0.0,0.0,0.0,0.0,0.0,0.0,0.0,0.0,0.0,0.0,0.0,0.0,0.0,0.0,0.0,0.0,0.0,0.0,0.0,0.0,0.0,0.0,0.0,0.0,0.0,0.0,0.0,0.0,0.0,0.0,0.0,0.0,0.0,0.0,0.0,0.0,0.0,0.0,0.0,0.0,0.0,4.0,0.0,0.0,0.0,0.0,0.0,0.0,1.0,0.0,0.0,0.0,0.0,0.0,0.0,0.0,0.0,0.0,0.0,0.0,0.0,0.0,0.0,56.0,0.0,1.0,190.0,254.73313271604937,7.0,63,50.0,12.0,0,3.848158976609607e-06,1.76859179062137e-05,none,-19.717,-0.0158,1,none,1.609,0.0145,0.99666,none,1,0.0103,1,none,20.574,0.2461,0.80519,none,0,0,1,none,-14,-0.025,1,none
e46f03813214da79c1bdb62244d19cb41cb71090,678dff25eddfc43319299495556ab9f6029bc719,2025-07-17T15:22:32+02:00,ok,3.0,27.0,8.0,3.0,2.0,0.8615748287374132,0.0,2.0,31.0,0.0,0.0,0.0,0.0,0.0,0.0,1.0,4.0,0.0,0.0,0.0,0.0,0.0,0.0,0.0,0.0,0.0,0.0,0.0,0.0,0.0,0,0,0,0,0,0,0,0,1.0,0.0,0.0,0.0,0.0,0.0,0.0,0.0,0.0,0.0,0.0,0.0,0.0,0.0,0.0,0.0,0.0,0.0,0.0,0.0,1.0,0.0,0.0,0.0,0.0,0.0,0.0,0.0,0.0,0.0,0.0,0.0,0.0,0.0,0.0,0.0,0.0,0.0,0.0,0.0,0.0,0.0,0.0,0.0,0.0,0.0,0.0,0.0,0.0,0.0,1.0,0.0,0.0,0.0,0.0,0.0,0.0,0.0,0.0,0.0,0.0,0.0,0.0,0.0,0.0,0.0,71.0,0.0,1.0,50.0,22.95638888888889,7.0,38,39.0,0.0,0,2.321102831696589e-06,1.3794771993641671e-05,none,-25.083,-0.0198,1,none,8.313,0.0775,0.99666,none,-8,-0.0769,1,none,6.648,0.0745,1,none,0,0,1,none,-15,-0.0256,1,none
8492b144b05b56634fa020ec278adc7936fbfc4e,e46f03813214da79c1bdb62244d19cb41cb71090,2025-07-17T19:52:16+02:00,ok,1.0,128.0,0.0,1.0,1.0,0.0,0.0,0.0,0.0,0.0,0.0,0.0,0.0,0.0,0.0,1.0,128.0,0.0,0.0,0.0,0.0,0.0,0.0,0.0,0.0,0.0,0.0,0.0,0.0,1.0,0,0,0,0,0,0,0,0,0.0,0.0,0.0,0.0,0.0,0.0,0.0,0.0,0.0,0.0,0.0,0.0,0.0,0.0,0.0,0.0,0.0,0.0,0.0,0.0,0.0,0.0,0.0,0.0,0.0,0.0,0.0,0.0,0.0,0.0,0.0,0.0,0.0,0.0,0.0,0.0,0.0,0.0,0.0,0.0,0.0,0.0,0.0,0.0,0.0,0.0,0.0,0.0,0.0,0.0,0.0,0.0,0.0,0.0,0.0,0.0,0.0,0.0,0.0,1.0,0.0,0.0,0.0,0.0,0.0,0.0,44.0,0.0,1.0,1.0,0.0,0.0,0,0.0,0.0,0,0.0,0.0,none,-4.67,-0.0038,1,none,-11.903,-0.0953,0.99666,none,-17,-0.1683,1,none,-4.308,-0.0476,1,none,0,0,1,none,11,0.0197,1,none
e5e07260c60543c2dd468474c3fc204b17cb25a3,8492b144b05b56634fa020ec278adc7936fbfc4e,2025-07-23T18:49:56+10:00,ok,9.0,113.0,102.0,8.0,3.0,0.6907723501002094,0.0,7.0,125.0,0.0,0.0,0.0,0.0,0.0,0.0,2.0,90.0,0.0,0.0,0.0,0.0,0.0,0.0,0.0,0.0,0.0,0.0,0.0,0.0,0.0,0,0,0,0,0,0,0,0,2.0,3.0,0.0,0.0,0.0,0.0,0.0,0.0,0.0,0.0,0.0,0.0,0.0,0.0,0.0,0.0,0.0,0.0,0.0,0.0,0.0,0.0,0.0,0.0,0.0,0.0,0.0,0.0,0.0,0.0,0.0,0.0,0.0,0.0,0.0,0.0,0.0,0.0,0.0,0.0,0.0,0.0,0.0,0.0,0.0,0.0,0.0,0.0,0.0,0.0,0.0,1.0,0.0,0.0,0.0,0.0,0.0,0.0,0.0,0.0,0.0,0.0,0.0,0.0,0.0,0.0,54.0,0.0,1.0,54.0,53.71502976190476,12.0,-4,-4.0,0.0,0,-2.443260467569199e-07,-1.4148288923622938e-06,none,20.993,0.0173,0.84402,none,3.889,0.0337,0.99666,none,8,0.093,1,none,13.405,0.1495,1,none,0,0,1,none,8,0.0146,1,none
f38f381989f632bf177922ae53ef2281c85b1345,e5e07260c60543c2dd468474c3fc204b17cb25a3,2025-07-23T23:39:16+02:00,ok,1.0,19.0,25.0,1.0,1.0,0.0,0.0,1.0,44.0,0.0,0.0,0.0,0.0,0.0,0.0,0.0,0.0,0.0,0.0,0.0,0.0,0.0,0.0,0.0,0.0,0.0,0.0,0.0,0.0,0.0,0,0,0,0,0,0,0,0,0.0,0.0,0.0,0.0,0.0,0.0,0.0,0.0,0.0,0.0,0.0,0.0,0.0,0.0,0.0,0.0,0.0,0.0,0.0,0.0,0.0,0.0,0.0,0.0,0.0,0.0,0.0,0.0,0.0,0.0,0.0,0.0,0.0,0.0,0.0,0.0,0.0,0.0,0.0,0.0,0.0,0.0,0.0,0.0,0.0,0.0,0.0,0.0,0.0,0.0,0.0,1.0,0.0,0.0,0.0,0.0,0.0,0.0,0.0,0.0,0.0,0.0,0.0,0.0,0.0,0.0,63.0,0.0,1.0,1.0,0.5342592592592592,7.0,54,54.0,0.0,0,3.2984024371040465e-06,1.910021707042993e-05,none,-16.743,-0.0135,1,none,-0.184,-0.0016,0.99666,none,-12,-0.1348,1,none,0.826,0.0089,1,none,0,0,1,none,-26,-0.0468,1,none
416da62138ffab51819057bdcbdc60d537ced284,f38f381989f632bf177922ae53ef2281c85b1345,2025-07-24T09:11:04+02:00,ok,4.0,37.0,29.0,4.0,2.0,0.8757139434511524,0.0,3.0,50.0,0.0,0.0,0.0,0.0,0.0,0.0,1.0,16.0,0.0,0.0,0.0,0.0,0.0,0.0,0.0,0.0,0.0,0.0,0.0,0.0,0.0,0,0,0,0,0,0,0,0,0.0,0.0,0.0,0.0,0.0,0.0,0.0,0.0,0.0,0.0,0.0,0.0,0.0,0.0,0.0,0.0,0.0,0.0,0.0,0.0,0.0,0.0,0.0,0.0,0.0,0.0,0.0,0.0,0.0,0.0,0.0,0.0,0.0,0.0,0.0,0.0,0.0,0.0,0.0,0.0,0.0,0.0,0.0,0.0,0.0,0.0,0.0,0.0,0.0,0.0,0.0,1.0,0.0,0.0,0.0,0.0,0.0,0.0,0.0,0.0,0.0,0.0,0.0,0.0,0.0,0.0,38.0,0.0,1.0,2.0,32.39074845679013,11.0,-9,-10.0,0.0,0,-5.497319262802157e-07,-3.537009677612179e-06,none,13.733,0.0112,1,none,8.202,0.0771,0.99666,none,2,0.0217,1,none,20.521,0.2338,1,none,0,0,1,none,3,0.0054,1,none
d6a934ed196874e50dac498c63e9f2af7c90296d,416da62138ffab51819057bdcbdc60d537ced284,2025-07-24T17:02:21+02:00,ok,25.0,349.0,399.0,11.0,4.0,0.8027527858648135,0.0,17.0,446.0,0.0,0.0,0.0,0.0,0.0,0.0,8.0,302.0,0.0,0.0,0.0,0.0,0.0,0.0,0.0,0.0,0.0,0.0,0.0,0.0,0.0,0,0,0,0,0,0,0,0,3.0,3.0,0.0,0.0,0.0,0.0,0.0,0.0,0.0,0.0,0.0,0.0,0.0,0.0,0.0,0.0,0.0,0.0,0.0,0.0,0.0,0.0,0.0,0.0,0.0,0.0,0.0,0.0,0.0,0.0,0.0,0.0,0.0,0.0,0.0,0.0,0.0,0.0,0.0,0.0,2.0,2.0,0.0,0.0,1.0,1.0,0.0,0.0,0.0,0.0,0.0,0.0,0.0,0.0,1.0,0.0,0.0,0.0,0.0,0.0,0.0,0.0,0.0,0.0,0.0,0.0,42.0,0.0,1.0,61.0,36.550083741830065,15.0,262,263.0,0.0,0,1.6003315984802223e-05,9.302368354686926e-05,none,-50.582,-0.0402,1,none,7.549,0.0659,0.99666,none,-15,-0.15,1,none,18.851,0.2054,1,none,0,0,1,none,-1,-0.0018,1,none
37ad85cbaf5ee47c9e100bb026f4646ab691b8fe,d6a934ed196874e50dac498c63e9f2af7c90296d,2025-07-27T23:52:07+02:00,ok,1.0,7.0,20.0,1.0,1.0,0.0,0.0,1.0,27.0,0.0,0.0,0.0,0.0,0.0,0.0,0.0,0.0,0.0,0.0,0.0,0.0,0.0,0.0,0.0,0.0,0.0,0.0,0.0,0.0,0.0,0,0,0,0,0,0,0,0,0.0,0.0,0.0,0.0,0.0,0.0,1.0,0.0,0.0,0.0,0.0,0.0,0.0,0.0,0.0,0.0,0.0,0.0,0.0,0.0,0.0,0.0,0.0,0.0,0.0,0.0,2.0,2.0,0.0,0.0,0.0,0.0,0.0,0.0,0.0,0.0,0.0,0.0,0.0,0.0,0.0,0.0,0.0,0.0,0.0,0.0,0.0,0.0,0.0,0.0,0.0,1.0,0.0,0.0,0.0,0.0,0.0,0.0,0.0,0.0,0.0,0.0,0.0,0.0,0.0,0.0,57.0,0.0,1.0,3.0,47.09787037037037,4.0,49,49.0,0.0,0,2.9929386803669146e-06,1.7329796640141467e-05,none,56.66,0.0471,1,none,1.748,0.0159,0.99666,none,-13,-0.134,1,none,13.699,0.2113,0.95617,none,0,0,1,none,12,0.0224,1,none
178eca5828364f3e4ee48ef849d51d98cc13b0a3,cb33de25f4ae3f26950ceae335f4b0b43572f894,2025-07-31T12:10:59Z,ok,2.0,30.0,3.0,1.0,1.0,0.32984607020714635,0.0,2.0,33.0,0.0,0.0,0.0,0.0,0.0,0.0,0.0,0.0,0.0,0.0,0.0,0.0,0.0,0.0,0.0,0.0,0.0,0.0,0.0,0.0,0.0,0,0,0,0,0,0,0,0,2.0,1.0,0.0,0.0,0.0,0.0,0.0,0.0,0.0,0.0,0.0,0.0,0.0,0.0,0.0,0.0,0.0,0.0,0.0,0.0,0.0,0.0,0.0,0.0,0.0,0.0,0.0,0.0,0.0,0.0,0.0,0.0,0.0,0.0,0.0,0.0,0.0,0.0,0.0,0.0,0.0,0.0,0.0,0.0,0.0,0.0,0.0,0.0,0.0,0.0,0.0,1.0,0.0,0.0,0.0,0.0,0.0,0.0,0.0,0.0,0.0,0.0,0.0,0.0,0.0,0.0,53.0,0.0,1.0,56.0,43.08115740740741,6.0,83,84.0,0.0,0,5.069663281516081e-06,2.970794963512272e-05,none,28.446,0.0231,1,none,8.946,0.0827,0.99666,none,10,0.1087,1,none,26.04,0.3339,1,none,0,0,1,none,-4,-0.0073,1,none
cb33de25f4ae3f26950ceae335f4b0b43572f894,37ad85cbaf5ee47c9e100bb026f4646ab691b8fe,2025-07-31T13:58:29+02:00,ok,1.0,3.0,10.0,1.0,1.0,0.0,0.0,1.0,13.0,0.0,0.0,0.0,0.0,0.0,0.0,0.0,0.0,0.0,0.0,0.0,0.0,0.0,0.0,0.0,0.0,0.0,0.0,0.0,0.0,0.0,0,0,0,0,0,0,0,0,1.0,1.0,0.0,0.0,0.0,0.0,0.0,0.0,0.0,0.0,0.0,0.0,0.0,0.0,0.0,0.0,0.0,0.0,0.0,0.0,0.0,3.0,0.0,0.0,0.0,0.0,0.0,0.0,0.0,0.0,0.0,0.0,0.0,0.0,0.0,0.0,0.0,0.0,0.0,0.0,0.0,0.0,0.0,0.0,0.0,0.0,0.0,0.0,0.0,0.0,1.0,0.0,0.0,0.0,0.0,0.0,0.0,0.0,0.0,0.0,0.0,0.0,0.0,0.0,0.0,0.0,51.0,0.0,1.0,55.0,77.99570601851852,5.0,-22,-23.0,0.0,0,-1.3437643652991665e-06,-8.134253376334061e-06,none,7.733,0.0062,1,none,9.316,0.0901,0.99666,none,0,0,1,none,10.946,0.1675,0.59048,none,0,0,1,none,-21,-0.0367,1,none
a3763648fe780c0345267fc7b52ee26d8d704c21,178eca5828364f3e4ee48ef849d51d98cc13b0a3,2025-08-01T17:17:42+02:00,ok,1.0,4.0,2.0,1.0,1.0,0.0,0.0,0.0,0.0,0.0,0.0,1.0,6.0,0.0,0.0,0.0,0.0,0.0,0.0,0.0,0.0,0.0,0.0,0.0,0.0,0.0,0.0,0.0,0.0,0.0,0,0,0,0,0,0,0,0,0.0,0.0,0.0,0.0,0.0,0.0,0.0,0.0,0.0,0.0,0.0,0.0,0.0,0.0,0.0,0.0,0.0,0.0,0.0,0.0,0.0,0.0,0.0,0.0,0.0,0.0,0.0,0.0,0.0,0.0,0.0,0.0,0.0,0.0,0.0,0.0,0.0,0.0,0.0,0.0,0.0,0.0,0.0,0.0,0.0,0.0,0.0,0.0,0.0,0.0,0.0,0.0,0.0,0.0,1.0,0.0,0.0,0.0,0.0,0.0,0.0,0.0,0.0,0.0,0.0,0.0,27.0,0.0,1.0,191.0,247.94116898148147,6.0,1,-3.0,0.0,0,6.107997084530832e-08,-1.0609666821096261e-06,none,-56.057,-0.0442,1,none,-1.087,-0.0095,0.99666,none,0,0,1,none,30.426,0.4133,1,none,0,0,1,none,-1,-0.0018,1,none
df25de7e6816cccc72187aca7b1b865da7803fca,a3763648fe780c0345267fc7b52ee26d8d704c21,2025-08-07T15:38:58+02:00,ok,4.0,174.0,27.0,3.0,3.0,0.6138894244712869,0.0,3.0,91.0,0.0,0.0,0.0,0.0,0.0,0.0,1.0,110.0,0.0,0.0,0.0,0.0,0.0,0.0,0.0,0.0,0.0,0.0,0.0,0.0,0.0,0,0,0,0,0,0,0,0,0.0,0.0,0.0,0.0,0.0,0.0,0.0,0.0,0.0,0.0,0.0,0.0,0.0,0.0,0.0,0.0,0.0,0.0,4.0,4.0,0.0,0.0,0.0,0.0,0.0,0.0,0.0,0.0,0.0,0.0,0.0,0.0,0.0,0.0,0.0,0.0,0.0,0.0,0.0,0.0,0.0,0.0,0.0,0.0,0.0,0.0,0.0,0.0,0.0,0.0,1.0,0.0,0.0,0.0,0.0,0.0,0.0,0.0,0.0,0.0,0.0,0.0,0.0,0.0,0.0,0.0,39.0,0.0,1.0,51.0,22.007627314814815,5.0,92,90.0,0.0,0,5.619356974538205e-06,3.182903423283363e-05,none,-24.888,-0.02,1,none,-7.223,-0.0607,0.99666,none,-1,-0.0108,1,none,-24.101,-0.2116,1,none,0,0,1,none,-9,-0.0165,1,none
9036812b6d6d7c38d092405b312114e9fd9fcb49,df25de7e6816cccc72187aca7b1b865da7803fca,2025-08-08T09:30:11+02:00,ok,9.0,238.0,282.0,6.0,2.0,0.6545606778544276,0.0,5.0,148.0,0.0,0.0,0.0,0.0,0.0,0.0,4.0,372.0,0.0,0.0,0.0,0.0,0.0,0.0,0.0,0.0,0.0,0.0,0.0,0.0,0.0,0,0,0,0,0,0,0,0,0.0,0.0,0.0,0.0,0.0,0.0,0.0,0.0,0.0,0.0,0.0,0.0,0.0,0.0,0.0,0.0,0.0,0.0,0.0,0.0,0.0,0.0,0.0,0.0,0.0,0.0,0.0,0.0,0.0,0.0,0.0,0.0,0.0,0.0,0.0,0.0,0.0,0.0,0.0,0.0,0.0,0.0,0.0,0.0,0.0,0.0,0.0,0.0,0.0,0.0,0.0,1.0,0.0,0.0,0.0,0.0,0.0,0.0,0.0,0.0,0.0,0.0,0.0,0.0,0.0,0.0,35.0,0.0,1.0,52.0,36.10752314814815,9.0,-225,-223.0,0.0,0,-1.3742915374425423e-05,-7.88627635846415e-05,none,-49.294,-0.0387,1,none,-6.766,-0.0552,0.99666,none,10,0.1075,1,none,1.874,0.0185,1,none,0,0,1,none,26,0.0468,1,none
cc8e490c7507cfa6810bae0be3fdc873e0317b3d,9036812b6d6d7c38d092405b312114e9fd9fcb49,2025-08-11T11:52:44+02:00,ok,1.0,3.0,2.0,1.0,1.0,0.0,0.0,1.0,5.0,0.0,0.0,0.0,0.0,0.0,0.0,0.0,0.0,0.0,0.0,0.0,0.0,0.0,0.0,0.0,0.0,0.0,0.0,0.0,0.0,0.0,0,0,0,0,0,0,0,0,0.0,0.0,0.0,0.0,0.0,0.0,0.0,0.0,0.0,0.0,0.0,0.0,0.0,0.0,0.0,0.0,0.0,0.0,0.0,0.0,1.0,1.0,0.0,0.0,0.0,0.0,0.0,0.0,0.0,0.0,0.0,0.0,0.0,0.0,0.0,0.0,0.0,0.0,0.0,0.0,0.0,0.0,0.0,0.0,0.0,0.0,0.0,0.0,0.0,0.0,0.0,1.0,0.0,0.0,0.0,0.0,0.0,0.0,0.0,0.0,0.0,0.0,0.0,0.0,0.0,0.0,53.0,0.0,1.0,70.0,17.784988425925928,8.0,48,47.0,0.0,0,2.9318622388787288e-06,1.66226108533624e-05,none,-25.436,-0.0206,1,none,19.886,0.1754,0.99666,none,5,0.0481,1,none,60.745,0.692,1,none,0,0,1,none,-7,-0.0128,1,none
54c148f3902de857c813a0e7fdd598c21fc67214,cc8e490c7507cfa6810bae0be3fdc873e0317b3d,2025-08-12T09:27:04+02:00,ok,14.0,229.0,154.0,11.0,4.0,0.7720154124342647,0.0,8.0,112.0,0.0,0.0,0.0,0.0,0.0,0.0,6.0,271.0,0.0,0.0,0.0,0.0,0.0,0.0,0.0,0.0,0.0,0.0,0.0,0.0,0.0,0,0,0,0,0,0,0,0,0.0,0.0,0.0,0.0,0.0,0.0,0.0,0.0,0.0,0.0,0.0,0.0,0.0,0.0,0.0,0.0,0.0,0.0,0.0,0.0,0.0,1.0,0.0,0.0,0.0,0.0,0.0,0.0,0.0,0.0,0.0,0.0,1.0,1.0,0.0,0.0,0.0,0.0,0.0,0.0,0.0,0.0,0.0,0.0,0.0,0.0,0.0,0.0,0.0,0.0,0.0,1.0,0.0,0.0,0.0,0.0,0.0,0.0,0.0,0.0,0.0,0.0,0.0,0.0,0.0,0.0,43.0,0.0,1.0,53.0,68.4138035300926,17.0,65,67.0,0.0,0,3.970218475014652e-06,2.369566839645046e-05,none,-3.283,-0.0026,1,none,-3.23,-0.0284,0.99666,none,14,0.1505,1,none,-22.992,-0.2372,0.95617,none,0,0,1,none,-2,-0.0037,1,none
dda3affcb081c40e2333cc2019dddadd3a37609f,54c148f3902de857c813a0e7fdd598c21fc67214,2025-08-12T11:56:11+02:00,ok,9.0,102.0,44.0,7.0,3.0,0.7516026728411209,0.0,7.0,102.0,0.0,0.0,0.0,0.0,0.0,0.0,2.0,44.0,0.0,0.0,0.0,0.0,0.0,0.0,0.0,0.0,0.0,0.0,0.0,0.0,0.0,0,0,0,0,0,0,0,0,1.0,1.0,0.0,0.0,0.0,0.0,0.0,0.0,0.0,0.0,0.0,0.0,0.0,0.0,0.0,0.0,0.0,0.0,0.0,0.0,3.0,3.0,0.0,0.0,0.0,0.0,0.0,0.0,0.0,0.0,0.0,0.0,0.0,0.0,0.0,0.0,0.0,0.0,0.0,0.0,0.0,0.0,0.0,0.0,0.0,0.0,0.0,0.0,0.0,0.0,0.0,1.0,0.0,0.0,0.0,0.0,0.0,0.0,0.0,0.0,0.0,0.0,0.0,0.0,0.0,0.0,55.0,0.0,1.0,192.0,2.7726719576719576,15.0,53,53.0,0.0,0,3.237242211683879e-06,1.8743890552654772e-05,none,42.718,0.0347,1,none,20.937,0.1992,0.99666,none,5,0.049,1,none,39.106,0.5068,0.95617,none,0,0,1,none,17,0.0313,1,none
2535d7305485a032b5a860a4538870a0c2d09c5a,dda3affcb081c40e2333cc2019dddadd3a37609f,2025-08-15T15:25:56+02:00,ok,8.0,750.0,152.0,5.0,2.0,0.656790298068888,0.0,6.0,378.0,0.0,0.0,0.0,0.0,0.0,0.0,2.0,524.0,0.0,0.0,0.0,0.0,0.0,0.0,0.0,0.0,0.0,0.0,0.0,0.0,0.0,0,0,0,0,0,0,0,0,1.0,1.0,0.0,0.0,0.0,0.0,0.0,0.0,0.0,0.0,0.0,0.0,0.0,0.0,0.0,0.0,0.0,0.0,1.0,0.0,1.0,0.0,0.0,0.0,0.0,0.0,0.0,0.0,0.0,0.0,0.0,0.0,0.0,0.0,0.0,0.0,0.0,0.0,0.0,0.0,0.0,0.0,0.0,0.0,0.0,0.0,0.0,0.0,0.0,0.0,1.0,0.0,0.0,0.0,0.0,0.0,0.0,0.0,0.0,0.0,0.0,0.0,0.0,0.0,0.0,0.0,30.0,0.0,1.0,54.0,30.96699652777778,12.0,699,698.0,0.0,0,4.269481095574503e-05,0.0002468488750870425,none,159.799,0.1353,1,none,3.26,0.0274,0.99666,none,-29,-0.2283,1,none,1.135,0.0096,1,none,0,0,1,none,35,0.0606,1,none
c6f8ef9ad26fdfc4cc535e161819dda70c4e3a72,2535d7305485a032b5a860a4538870a0c2d09c5a,2025-08-18T11:45:05+02:00,ok,1.0,1.0,1.0,1.0,1.0,0.0,0.0,1.0,2.0,0.0,0.0,0.0,0.0,0.0,0.0,0.0,0.0,0.0,0.0,0.0,0.0,0.0,0.0,0.0,0.0,0.0,0.0,0.0,0.0,0.0,0,0,0,0,0,0,0,0,0.0,0.0,0.0,0.0,0.0,0.0,0.0,0.0,0.0,0.0,0.0,0.0,0.0,0.0,0.0,0.0,0.0,0.0,0.0,0.0,1.0,1.0,0.0,0.0,0.0,0.0,0.0,0.0,0.0,0.0,0.0,0.0,0.0,0.0,0.0,0.0,0.0,0.0,0.0,0.0,0.0,0.0,0.0,0.0,0.0,0.0,0.0,0.0,0.0,0.0,0.0,1.0,0.0,0.0,0.0,0.0,0.0,0.0,0.0,0.0,0.0,0.0,0.0,0.0,0.0,0.0,58.0,0.0,1.0,71.0,2.8466319444444443,9.0,41,42.0,0.0,0,2.5041666890616533e-06,1.4849705074250293e-05,none,-33.116,-0.0269,1,none,2.78,0.0259,0.99666,none,1,0.0111,1,none,-3.971,-0.0577,1,none,0,0,1,none,-3,-0.0054,1,none
b4903a7eab2330ce127509977472f6c50f52327b,c6f8ef9ad26fdfc4cc535e161819dda70c4e3a72,2025-08-20T00:03:02+02:00,ok,10.0,354.0,108.0,5.0,2.0,0.5541706761692079,0.0,9.0,454.0,0.0,0.0,0.0,0.0,0.0,0.0,1.0,8.0,0.0,0.0,0.0,0.0,0.0,0.0,0.0,0.0,0.0,0.0,0.0,0.0,0.0,0,0,0,0,0,0,0,0,2.0,1.0,0.0,0.0,0.0,0.0,0.0,0.0,0.0,0.0,0.0,0.0,3.0,3.0,0.0,0.0,0.0,0.0,0.0,0.0,9.0,3.0,0.0,0.0,0.0,0.0,0.0,0.0,0.0,0.0,0.0,0.0,0.0,0.0,0.0,0.0,0.0,0.0,0.0,0.0,0.0,0.0,0.0,0.0,2.0,2.0,0.0,0.0,0.0,0.0,1.0,0.0,0.0,0.0,0.0,0.0,0.0,0.0,0.0,0.0,0.0,0.0,0.0,0.0,0.0,0.0,63.0,0.0,1.0,57.0,40.14355324074074,17.0,522,522.0,0.0,0,3.188223751985998e-05,0.00018455787957845848,improvement,-253.437,-0.2045,0.00442,improvement,-1.505,-0.0137,0.99666,none,12,0.1304,0.55357,none,-17.06,-0.2496,1,none,0,0,1,none,-87,-0.1593,0.00045,improvement
c78e4aab7f29114f677855b122ac6fa39fe61911,b4903a7eab2330ce127509977472f6c50f52327b,2025-08-20T14:09:20+02:00,ok,2.0,1.0,10.0,1.0,2.0,0.9456603046006401,0.0,1.0,7.0,0.0,0.0,1.0,4.0,0.0,0.0,0.0,0.0,0.0,0.0,0.0,0.0,0.0,0.0,0.0,0.0,0.0,0.0,0.0,0.0,0.0,0,0,0,0,0,0,0,0,0.0,0.0,0.0,0.0,0.0,0.0,0.0,0.0,0.0,0.0,0.0,0.0,0.0,0.0,0.0,1.0,0.0,0.0,0.0,0.0,0.0,0.0,0.0,0.0,0.0,0.0,0.0,0.0,0.0,0.0,0.0,0.0,0.0,0.0,0.0,0.0,0.0,0.0,0.0,0.0,0.0,0.0,0.0,0.0,0.0,0.0,0.0,0.0,0.0,0.0,0.0,0.0,0.0,0.0,1.0,0.0,0.0,0.0,0.0,0.0,0.0,0.0,0.0,0.0,0.0,0.0,43.0,0.0,1.0,193.0,60.74979745370371,9.0,-34,-39.0,0.0,0,-2.076554629418977e-06,-1.378626273152526e-05,none,-21.969,-0.0217,1,none,13.21,0.1145,1,none,-11.045,-0.1051,1,none,13.092,0.1766,1,none,0,0,1,none,-16,-0.0332,1,none
b5ad7ae4e3fe2b201ee639a11345e4e31e2974e6,c78e4aab7f29114f677855b122ac6fa39fe61911,2025-08-21T16:09:19+02:00,ok,5.0,415.0,87.0,4.0,2.0,0.5500771866337886,0.0,1.0,50.0,0.0,0.0,0.0,0.0,0.0,0.0,4.0,452.0,0.0,0.0,0.0,0.0,0.0,0.0,0.0,0.0,0.0,0.0,0.0,0.0,0.0,0,0,0,0,0,0,0,0,0.0,0.0,0.0,0.0,0.0,0.0,0.0,0.0,0.0,0.0,0.0,0.0,0.0,0.0,0.0,0.0,0.0,0.0,0.0,0.0,0.0,0.0,0.0,0.0,0.0,0.0,0.0,0.0,0.0,0.0,0.0,0.0,0.0,0.0,0.0,0.0,0.0,0.0,0.0,0.0,0.0,0.0,0.0,0.0,0.0,0.0,0.0,0.0,0.0,0.0,0.0,1.0,0.0,0.0,0.0,0.0,0.0,0.0,0.0,0.0,0.0,0.0,0.0,0.0,0.0,0.0,63.0,0.0,1.0,55.0,6.0301273148148145,3.0,-21,-21.0,0.0,0,-1.2825805226955372e-06,-7.423474582023031e-06,none,-13.914,-0.0141,1,none,6.21,0.0571,0.99666,none,0,0,1,none,11.726,0.2422,1,none,0,0,1,none,0,0,1,none
f29e9df72d4f87ed492420d90bed5c3e7b3c20f6,b5ad7ae4e3fe2b201ee639a11345e4e31e2974e6,2025-08-21T20:58:04+02:00,ok,2.0,25.0,11.0,2.0,2.0,0.3095434291503252,0.0,0.0,0.0,0.0,0.0,0.0,0.0,0.0,0.0,0.0,0.0,0.0,0.0,0.0,0.0,0.0,0.0,1.0,2.0,1.0,34.0,0.0,0.0,0.0,0,0,1,0,0,0,0,0,0.0,0.0,0.0,0.0,0.0,0.0,0.0,0.0,0.0,0.0,0.0,0.0,0.0,0.0,0.0,0.0,0.0,0.0,0.0,0.0,0.0,0.0,0.0,0.0,0.0,0.0,0.0,0.0,0.0,0.0,0.0,0.0,0.0,0.0,0.0,0.0,0.0,0.0,0.0,0.0,0.0,0.0,0.0,0.0,0.0,0.0,0.0,0.0,0.0,0.0,0.0,0.0,0.0,0.0,1.0,0.0,0.0,0.0,0.0,0.0,0.0,0.0,0.0,0.0,0.0,0.0,50.0,0.0,1.0,194.0,52.360289351851854,7.0,151,152.0,0.0,0,9.222376539251289e-06,5.37322149019935e-05,none,3.826,0.0039,1,none,-11.568,-0.0964,0.99666,none,13,0.134,1,none,-5.192,-0.0788,1,none,0,0,1,none,-14,-0.0295,1,none
531f3e55247a0be184cb4bc1f037f76c97213965,90ec2739aea65222f235dd7a2c0c929dce7bdbee,2025-08-22T15:45:58Z,ok,2.0,34.0,18.0,2.0,2.0,0.4566836315394428,0.0,2.0,52.0,0.0,0.0,0.0,0.0,0.0,0.0,0.0,0.0,0.0,0.0,0.0,0.0,0.0,0.0,0.0,0.0,0.0,0.0,0.0,0.0,0.0,0,0,0,0,0,0,0,0,0.0,0.0,0.0,0.0,0.0,0.0,0.0,0.0,0.0,0.0,0.0,0.0,0.0,0.0,0.0,0.0,0.0,0.0,0.0,0.0,0.0,0.0,0.0,0.0,0.0,0.0,0.0,0.0,0.0,0.0,0.0,0.0,0.0,0.0,0.0,0.0,0.0,0.0,0.0,0.0,0.0,0.0,0.0,0.0,0.0,2.0,0.0,0.0,0.0,0.0,0.0,1.0,0.0,0.0,0.0,0.0,0.0,0.0,0.0,0.0,0.0,0.0,0.0,0.0,0.0,0.0,74.0,0.0,1.0,196.0,40.55108796296296,5.0,161,160.0,0.0,0,9.833080106072672e-06,5.655854675642037e-05,none,13.683,0.014,1,none,-7.756,-0.0638,0.99666,none,1,0.0098,1,none,23.106,0.341,1,none,0,0,1,none,-9,-0.0193,1,none
90ec2739aea65222f235dd7a2c0c929dce7bdbee,f29e9df72d4f87ed492420d90bed5c3e7b3c20f6,2025-08-22T17:37:16+02:00,ok,1.0,2.0,4.0,1.0,1.0,0.0,0.0,1.0,6.0,0.0,0.0,0.0,0.0,0.0,0.0,0.0,0.0,0.0,0.0,0.0,0.0,0.0,0.0,0.0,0.0,0.0,0.0,0.0,0.0,0.0,0,0,0,0,0,0,0,0,0.0,0.0,0.0,0.0,0.0,0.0,0.0,0.0,0.0,0.0,0.0,0.0,0.0,0.0,0.0,0.0,0.0,0.0,0.0,0.0,0.0,0.0,0.0,0.0,0.0,0.0,0.0,0.0,0.0,0.0,0.0,0.0,0.0,0.0,0.0,0.0,0.0,0.0,0.0,0.0,0.0,0.0,0.0,0.0,0.0,0.0,0.0,0.0,0.0,0.0,0.0,1.0,0.0,0.0,0.0,0.0,0.0,0.0,0.0,0.0,0.0,0.0,0.0,0.0,0.0,0.0,78.0,0.0,1.0,195.0,2.7321064814814813,6.0,-68,-68.0,0.0,0,-4.153084908416233e-06,-2.4036804589615746e-05,none,17.728,0.0185,1,none,3.112,0.0286,0.99666,none,-19.941,-0.2241,1,none,25.929,0.5528,1,none,0,0,1,none,12,0.0264,1,none
3085f4af81b514639b6aad954742db6fac78571b,531f3e55247a0be184cb4bc1f037f76c97213965,2025-08-22T18:12:51+02:00,ok,2.0,33.0,7.0,2.0,2.0,0.28639695711595625,0.0,2.0,40.0,0.0,0.0,0.0,0.0,0.0,0.0,0.0,0.0,0.0,0.0,0.0,0.0,0.0,0.0,0.0,0.0,0.0,0.0,0.0,0.0,0.0,0,0,0,0,0,0,0,0,0.0,0.0,0.0,0.0,0.0,0.0,0.0,0.0,0.0,0.0,0.0,0.0,0.0,0.0,0.0,0.0,0.0,0.0,0.0,0.0,0.0,0.0,0.0,0.0,0.0,0.0,0.0,0.0,0.0,0.0,0.0,0.0,0.0,0.0,0.0,0.0,0.0,0.0,0.0,0.0,0.0,0.0,0.0,0.0,0.0,0.0,0.0,0.0,0.0,0.0,0.0,1.0,0.0,0.0,0.0,0.0,0.0,0.0,0.0,0.0,0.0,0.0,0.0,0.0,0.0,0.0,58.0,0.0,1.0,58.0,1.390763888888889,10.0,88,88.0,0.0,0,5.374549942516745e-06,3.110544143746728e-05,none,-5.871,-0.006,1,none,10.347,0.1048,0.99666,none,-6,-0.0619,1,none,14.051,0.2635,1,none,0,0,1,none,-13,-0.0277,1,none
ae89608985dfe5975b5fa0103d5aec64cb4fb83f,3085f4af81b514639b6aad954742db6fac78571b,2025-08-29T12:31:23+02:00,ok,6.0,220.0,13.0,5.0,2.0,0.5149232528728708,0.0,3.0,49.0,0.0,0.0,0.0,0.0,0.0,0.0,3.0,184.0,0.0,0.0,0.0,0.0,0.0,0.0,0.0,0.0,0.0,0.0,0.0,0.0,0.0,0,0,0,0,0,0,0,0,1.0,1.0,0.0,0.0,0.0,0.0,0.0,0.0,0.0,0.0,0.0,0.0,0.0,0.0,0.0,0.0,0.0,0.0,0.0,0.0,0.0,0.0,0.0,0.0,0.0,0.0,0.0,0.0,0.0,0.0,0.0,0.0,0.0,0.0,0.0,0.0,0.0,0.0,0.0,0.0,0.0,0.0,0.0,0.0,0.0,0.0,0.0,0.0,0.0,0.0,0.0,1.0,0.0,0.0,0.0,0.0,0.0,0.0,0.0,0.0,0.0,0.0,0.0,0.0,0.0,0.0,50.0,0.0,1.0,2.0,88.39319058641975,4.0,-18,-18.0,0.0,0,-1.0993338525446403e-06,-6.362278756174503e-06,none,-321.268,-0.2454,1,none,12.347,0.104,0.99666,none,12,0.1212,1,none,62.842,0.7689,1,none,0,0,1,none,-25,-0.0474,1,none
3bdaafe4b5ecde577fe9b5c69a5d1819e37c4ccb,ae89608985dfe5975b5fa0103d5aec64cb4fb83f,2025-09-01T17:31:24+02:00,ok,15.0,892.0,499.0,9.0,3.0,0.6723646650150952,0.0,7.0,770.0,0.0,0.0,0.0,0.0,0.0,0.0,8.0,621.0,0.0,0.0,0.0,0.0,0.0,0.0,0.0,0.0,0.0,0.0,0.0,0.0,0.0,0,0,0,0,0,0,0,0,5.0,1.0,1.0,1.0,0.0,0.0,0.0,0.0,0.0,0.0,0.0,0.0,0.0,0.0,0.0,0.0,0.0,0.0,2.0,2.0,25.0,6.0,0.0,0.0,0.0,0.0,0.0,0.0,0.0,1.0,0.0,0.0,17.0,13.0,0.0,0.0,0.0,0.0,1.0,1.0,0.0,0.0,0.0,0.0,5.0,2.0,0.0,0.0,0.0,0.0,1.0,0.0,0.0,0.0,0.0,0.0,0.0,0.0,0.0,0.0,0.0,0.0,0.0,0.0,0.0,0.0,55.0,0.0,1.0,4.0,112.15653935185185,13.0,355,357.0,0.0,0,2.1681330371317517e-05,0.00012618599816128975,none,5.139,0.0052,1,none,-20.671,-0.1649,0.99666,none,1,0.0099,1,none,-21.658,-0.2477,0.64706,none,0,0,1,none,1,0.0021,1,none
b9d27d308ead33419ebada746933b6081ebe88ad,3bdaafe4b5ecde577fe9b5c69a5d1819e37c4ccb,2025-09-06T22:51:23+02:00,ok,14.0,444.0,260.0,8.0,2.0,0.8350348384951961,0.0,5.0,282.0,0.0,0.0,0.0,0.0,0.0,0.0,9.0,422.0,0.0,0.0,0.0,0.0,0.0,0.0,0.0,0.0,0.0,0.0,0.0,0.0,0.0,0,0,0,0,0,0,0,0,6.0,4.0,0.0,0.0,0.0,0.0,0.0,0.0,0.0,0.0,0.0,0.0,0.0,0.0,0.0,0.0,0.0,0.0,0.0,0.0,7.0,4.0,0.0,0.0,0.0,0.0,0.0,0.0,0.0,0.0,0.0,0.0,8.0,8.0,0.0,0.0,0.0,0.0,0.0,0.0,0.0,0.0,0.0,0.0,0.0,0.0,0.0,0.0,0.0,0.0,0.0,1.0,0.0,0.0,0.0,0.0,0.0,0.0,0.0,0.0,0.0,0.0,0.0,0.0,0.0,0.0,43.0,0.0,1.0,197.0,7.858122685185185,14.0,158,157.0,0.0,0,9.649509655281038e-06,5.548656058955708e-05,none,14.913,0.0153,0.79924,none,0.134,0.0014,1,none,1,0.0106,1,none,-2.042,-0.0475,1,none,0,0,1,none,8,0.0177,1,none
414182f5997be12646f2fe9881f62e277fc4627e,b9d27d308ead33419ebada746933b6081ebe88ad,2025-09-10T17:59:02+02:00,ok,1.0,7.0,1.0,1.0,1.0,0.0,0.0,1.0,8.0,0.0,0.0,0.0,0.0,0.0,0.0,0.0,0.0,0.0,0.0,0.0,0.0,0.0,0.0,0.0,0.0,0.0,0.0,0.0,0.0,0.0,0,0,0,0,0,0,0,0,0.0,0.0,0.0,0.0,0.0,0.0,0.0,0.0,0.0,0.0,0.0,0.0,0.0,0.0,0.0,0.0,0.0,0.0,0.0,0.0,0.0,0.0,0.0,0.0,0.0,0.0,0.0,0.0,0.0,0.0,0.0,0.0,1.0,0.0,0.0,0.0,0.0,0.0,0.0,0.0,0.0,0.0,0.0,0.0,0.0,0.0,0.0,0.0,0.0,0.0,0.0,1.0,0.0,0.0,0.0,0.0,0.0,0.0,0.0,0.0,0.0,0.0,0.0,0.0,0.0,0.0,41.0,0.0,1.0,198.0,3.7969791666666666,6.0,-18,-19.0,0.0,0,-1.0993006188390688e-06,-6.714561516162126e-06,none,-1.501,-0.0015,1,none,1.21,0.0127,0.99666,none,-7,-0.0745,1,none,-10.497,-0.2305,1,none,0,0,1,none,-1,-0.0022,1,none
204e06b77bf7b592e29891160b775df33399ff4d,414182f5997be12646f2fe9881f62e277fc4627e,2025-09-12T10:18:31+10:00,ok,32.0,1527.0,147.0,12.0,3.0,0.7568987262576836,0.0,21.0,1378.0,6.0,162.0,0.0,0.0,0.0,0.0,5.0,134.0,0.0,0.0,0.0,0.0,0.0,0.0,0.0,0.0,0.0,0.0,0.0,0.0,0.0,0,0,0,0,0,0,0,0,15.0,7.0,0.0,0.0,0.0,0.0,1.0,0.0,4.0,1.0,1.0,0.0,22.0,7.0,6.0,0.0,0.0,0.0,0.0,0.0,10.0,0.0,0.0,0.0,5.0,0.0,0.0,0.0,0.0,0.0,0.0,0.0,0.0,0.0,0.0,0.0,0.0,0.0,0.0,0.0,1.0,0.0,0.0,0.0,42.0,4.0,1.0,0.0,0.0,0.0,1.0,0.0,0.0,0.0,0.0,0.0,0.0,0.0,0.0,0.0,0.0,0.0,0.0,0.0,0.0,0.0,40.0,0.0,1.0,59.0,151.96668892450143,23.0,3272,2857.0,415.0,0,0.00019982864327405307,0.0010096647927024243,regression,249.558,0.2555,0,regression,3.166,0.0296,0.99666,none,0,0,1,none,6.597,0.1265,1,none,0,0,1,none,93,0.2081,0.00045,regression
1161f1b8ba860a34602fc4aa211ea9f5b28c30eb,204e06b77bf7b592e29891160b775df33399ff4d,2025-09-14T11:33:43Z,ok,3.0,176.0,4.0,3.0,3.0,0.8439289380438536,0.0,3.0,180.0,0.0,0.0,0.0,0.0,0.0,0.0,0.0,0.0,0.0,0.0,0.0,0.0,0.0,0.0,0.0,0.0,0.0,0.0,0.0,0.0,0.0,0,0,0,0,0,0,0,0,4.0,3.0,0.0,0.0,0.0,0.0,0.0,0.0,0.0,0.0,0.0,0.0,0.0,0.0,0.0,0.0,0.0,0.0,1.0,0.0,2.0,0.0,0.0,0.0,0.0,0.0,0.0,0.0,0.0,0.0,0.0,0.0,0.0,0.0,0.0,0.0,0.0,0.0,0.0,0.0,0.0,0.0,0.0,0.0,0.0,0.0,0.0,0.0,0.0,0.0,0.0,1.0,0.0,0.0,0.0,0.0,0.0,0.0,0.0,0.0,0.0,0.0,0.0,0.0,0.0,0.0,85.0,1.0,1.0,3.0,104.11348765432098,5.0,447,444.0,0.0,0,2.729387461340547e-05,0.00015675148781521965,none,18.477,0.0149,1,none,2.904,0.0271,0.99666,none,-2,-0.0206,1,none,-4.082,-0.0725,1,none,0,0,1,none,-3,-0.0055,1,none
ac0d3059dc71a05d266b0c89715828fa5a2d9532,1161f1b8ba860a34602fc4aa211ea9f5b28c30eb,2025-09-15T10:07:37+02:00,ok,1.0,2.0,2.0,1.0,1.0,0.0,0.0,1.0,4.0,0.0,0.0,0.0,0.0,0.0,0.0,0.0,0.0,0.0,0.0,0.0,0.0,0.0,0.0,0.0,0.0,0.0,0.0,0.0,0.0,0.0,0,0,0,0,0,0,0,0,0.0,0.0,0.0,0.0,0.0,0.0,0.0,0.0,0.0,0.0,0.0,0.0,0.0,0.0,0.0,0.0,0.0,0.0,0.0,0.0,0.0,0.0,0.0,0.0,0.0,0.0,0.0,0.0,0.0,0.0,0.0,0.0,0.0,0.0,0.0,0.0,0.0,0.0,0.0,0.0,0.0,0.0,0.0,0.0,0.0,0.0,0.0,0.0,0.0,0.0,0.0,1.0,0.0,0.0,0.0,0.0,0.0,0.0,0.0,0.0,0.0,0.0,0.0,0.0,0.0,0.0,49.0,0.0,1.0,62.0,0.856875,5.0,-142,-140.0,0.0,0,-8.670300703124752e-06,-4.9418398399126284e-05,none,1.655,0.0013,1,none,-1.037,-0.0091,0.99666,none,12,0.1263,1,none,-24.485,-0.2742,1,none,0,0,1,none,-29,-0.051,1,none
a6a32b9b2948511d8943a3cdfb8376f1eb3eb6d2,ac0d3059dc71a05d266b0c89715828fa5a2d9532,2025-09-17T07:57:10Z,ok,3.0,10.0,17.0,3.0,3.0,0.7400999512755887,0.0,2.0,25.0,0.0,0.0,0.0,0.0,0.0,0.0,1.0,2.0,0.0,0.0,0.0,0.0,0.0,0.0,0.0,0.0,0.0,0.0,0.0,0.0,0.0,0,0,0,0,0,0,0,0,0.0,0.0,0.0,0.0,0.0,0.0,0.0,0.0,0.0,0.0,0.0,0.0,0.0,0.0,0.0,0.0,0.0,0.0,0.0,0.0,0.0,0.0,1.0,1.0,0.0,0.0,0.0,0.0,0.0,0.0,0.0,0.0,0.0,0.0,0.0,0.0,0.0,0.0,0.0,0.0,0.0,0.0,0.0,0.0,0.0,0.0,0.0,0.0,0.0,0.0,0.0,1.0,0.0,0.0,0.0,0.0,0.0,0.0,0.0,0.0,0.0,0.0,0.0,0.0,0.0,0.0,66.0,0.0,1.0,199.0,5.318506944444445,10.0,19,17.0,0.0,0,1.1601207160558143e-06,6.001102084747564e-06,none,-0.996,-0.0008,1,none,6.587,0.0542,0.99666,none,-1,-0.0103,1,none,6.968,0.0825,0.95617,none,0,0,1,none,29,0.0543,1,none
f55ecb96cc8db9a2417d48cd8077833c3822d64e,a6a32b9b2948511d8943a3cdfb8376f1eb3eb6d2,2025-09-19T19:41:03+02:00,ok,1.0,10.0,0.0,1.0,1.0,0.0,0.0,1.0,10.0,0.0,0.0,0.0,0.0,0.0,0.0,0.0,0.0,0.0,0.0,0.0,0.0,0.0,0.0,0.0,0.0,0.0,0.0,0.0,0.0,0.0,0,0,0,0,0,0,0,0,0.0,0.0,0.0,0.0,0.0,0.0,0.0,0.0,0.0,0.0,0.0,0.0,0.0,0.0,0.0,0.0,0.0,0.0,0.0,0.0,0.0,0.0,0.0,0.0,0.0,0.0,0.0,0.0,0.0,0.0,0.0,0.0,0.0,0.0,0.0,0.0,0.0,0.0,0.0,0.0,0.0,0.0,0.0,0.0,0.0,0.0,0.0,0.0,0.0,0.0,0.0,1.0,0.0,0.0,0.0,0.0,0.0,0.0,0.0,0.0,0.0,0.0,0.0,0.0,0.0,0.0,43.0,0.0,1.0,63.0,2.405474537037037,7.0,33,33.0,0.0,0,2.01494416925531e-06,1.1649128256902108e-05,none,-17.604,-0.014,1,none,6.645,0.0584,1,none,-1,-0.0108,1,none,1.339,0.0225,1,none,0,0,1,none,-9,-0.0166,1,none
00ae455873f1d29aea75cf1c1d4dfb61471d074b,06c5ea94d331b9c42f922ea7ea6c40f22a9cfa8c,2025-09-23T22:18:41Z,ok,1.0,4.0,1.0,1.0,1.0,0.0,0.0,1.0,5.0,0.0,0.0,0.0,0.0,0.0,0.0,0.0,0.0,0.0,0.0,0.0,0.0,0.0,0.0,0.0,0.0,0.0,0.0,0.0,0.0,0.0,0,0,0,0,0,0,0,0,0.0,0.0,0.0,0.0,0.0,0.0,0.0,0.0,0.0,0.0,0.0,0.0,0.0,0.0,0.0,0.0,0.0,0.0,0.0,0.0,0.0,0.0,0.0,0.0,0.0,0.0,0.0,0.0,0.0,0.0,0.0,0.0,0.0,0.0,0.0,0.0,0.0,0.0,0.0,0.0,0.0,0.0,0.0,0.0,0.0,0.0,0.0,0.0,0.0,0.0,0.0,1.0,0.0,0.0,0.0,0.0,0.0,0.0,0.0,0.0,0.0,0.0,0.0,0.0,0.0,0.0,86.0,0.0,1.0,5.0,137.05356481481482,7.0,32,31.0,0.0,0,1.9538752337094277e-06,1.094278827893238e-05,none,-13.377,-0.0106,1,none,9.565,0.0868,0.99666,none,1,0.01,1,none,13.863,0.2459,1,none,0,0,1,none,4,0.0071,1,none
06c5ea94d331b9c42f922ea7ea6c40f22a9cfa8c,f55ecb96cc8db9a2417d48cd8077833c3822d64e,2025-09-23T23:47:03+02:00,ok,6.0,147.0,75.0,4.0,2.0,0.522104058766474,0.0,5.0,71.0,0.0,0.0,0.0,0.0,0.0,0.0,1.0,151.0,0.0,0.0,0.0,0.0,0.0,0.0,0.0,0.0,0.0,0.0,0.0,0.0,0.0,0,0,0,0,0,0,0,0,2.0,1.0,0.0,0.0,0.0,0.0,0.0,0.0,0.0,0.0,0.0,0.0,0.0,0.0,0.0,0.0,0.0,0.0,0.0,0.0,2.0,0.0,0.0,0.0,0.0,0.0,0.0,0.0,0.0,0.0,0.0,0.0,1.0,0.0,2.0,0.0,0.0,0.0,0.0,0.0,0.0,0.0,0.0,0.0,1.0,1.0,0.0,0.0,0.0,0.0,0.0,1.0,0.0,0.0,0.0,0.0,0.0,0.0,0.0,0.0,0.0,0.0,0.0,0.0,0.0,0.0,60.0,0.0,1.0,0.0,93.22346527777776,11.0,51,53.0,0.0,0,3.1139983506799323e-06,1.870898804495664e-05,none,11.37,0.0093,1,none,7.424,0.069,0.99666,none,1,0.0103,1,none,-2.612,-0.0434,1,none,0,0,1,none,7,0.0131,1,none
91c7748c3d58a54444193695d3b7d3ced34434ad,f738b74791b837a2530c1502eca61d3d51b3b583,2025-09-24T16:30:50Z,ok,1.0,4.0,1.0,1.0,1.0,0.0,0.0,1.0,5.0,0.0,0.0,0.0,0.0,0.0,0.0,0.0,0.0,0.0,0.0,0.0,0.0,0.0,0.0,0.0,0.0,0.0,0.0,0.0,0.0,0.0,0,0,0,0,0,0,0,0,0.0,0.0,0.0,0.0,0.0,0.0,0.0,0.0,0.0,0.0,0.0,0.0,0.0,0.0,0.0,0.0,0.0,0.0,0.0,0.0,0.0,0.0,0.0,0.0,0.0,0.0,0.0,0.0,0.0,0.0,0.0,0.0,2.0,1.0,0.0,0.0,0.0,0.0,0.0,0.0,0.0,0.0,0.0,0.0,0.0,0.0,0.0,0.0,0.0,0.0,0.0,1.0,0.0,0.0,0.0,0.0,0.0,0.0,0.0,0.0,0.0,0.0,0.0,0.0,0.0,0.0,96.0,0.0,1.0,0.0,0.009155092592592593,8.0,6,7.0,0.0,0,3.6635100236076587e-07,2.4709295142646762e-06,none,-32.147,-0.0253,1,none,5.335,0.0508,0.99666,none,-14,-0.1296,1,none,-11.237,-0.1357,1,none,0,0,1,none,-36,-0.0611,1,none
f738b74791b837a2530c1502eca61d3d51b3b583,00ae455873f1d29aea75cf1c1d4dfb61471d074b,2025-09-24T18:17:39+02:00,ok,2.0,9.0,2.0,2.0,2.0,0.8453509366224364,0.0,2.0,11.0,0.0,0.0,0.0,0.0,0.0,0.0,0.0,0.0,0.0,0.0,0.0,0.0,0.0,0.0,0.0,0.0,0.0,0.0,0.0,0.0,0.0,0,0,0,0,0,0,0,0,0.0,0.0,0.0,0.0,0.0,0.0,0.0,0.0,0.0,0.0,0.0,0.0,0.0,0.0,0.0,0.0,0.0,0.0,0.0,0.0,0.0,0.0,0.0,0.0,0.0,0.0,0.0,0.0,0.0,0.0,0.0,0.0,0.0,0.0,0.0,0.0,0.0,0.0,0.0,0.0,0.0,0.0,0.0,0.0,0.0,0.0,0.0,0.0,0.0,0.0,0.0,1.0,0.0,0.0,0.0,0.0,0.0,0.0,0.0,0.0,0.0,0.0,0.0,0.0,0.0,0.0,61.0,0.0,1.0,200.0,0.77125,10.0,-5,-5.0,0.0,0,-3.052924087638216e-07,-1.7649465380044174e-06,none,11.417,0.0094,1,none,-1.076,-0.0096,0.99666,none,6,0.0638,1,none,-19.54,-0.2858,1,none,0,0,1,none,1,0.0019,1,none
06c40006db969b10b77b6e80266311a555b4cdbe,91c7748c3d58a54444193695d3b7d3ced34434ad,2025-09-24T19:22:32+02:00,ok,1.0,23.0,0.0,1.0,1.0,0.0,0.0,1.0,23.0,0.0,0.0,0.0,0.0,0.0,0.0,0.0,0.0,0.0,0.0,0.0,0.0,0.0,0.0,0.0,0.0,0.0,0.0,0.0,0.0,0.0,0,0,0,0,0,0,0,0,0.0,0.0,0.0,0.0,0.0,0.0,0.0,0.0,0.0,0.0,0.0,0.0,0.0,0.0,0.0,0.0,0.0,0.0,0.0,0.0,1.0,0.0,0.0,0.0,0.0,0.0,0.0,0.0,0.0,0.0,0.0,0.0,0.0,0.0,0.0,0.0,0.0,0.0,0.0,0.0,0.0,0.0,0.0,0.0,0.0,0.0,0.0,0.0,0.0,0.0,0.0,1.0,0.0,0.0,0.0,0.0,0.0,0.0,0.0,0.0,0.0,0.0,0.0,0.0,0.0,0.0,66.0,0.0,1.0,64.0,100.2857986111111,7.0,70,70.0,0.0,0,4.274093461723844e-06,2.4709234087870978e-05,none,17.104,0.0138,1,none,-6.719,-0.064,1,none,4,0.0444,1,none,-6.552,-0.1191,1,none,0,0,1,none,8,0.0149,1,none
e32836f799b65f978cbf4877eab7ffc42c6e6494,06c40006db969b10b77b6e80266311a555b4cdbe,2025-09-24T19:33:20+02:00,ok,3.0,101.0,82.0,3.0,2.0,0.18583587976485544,0.0,1.0,175.0,0.0,0.0,0.0,0.0,0.0,0.0,2.0,8.0,0.0,0.0,0.0,0.0,0.0,0.0,0.0,0.0,0.0,0.0,0.0,0.0,0.0,0,0,0,0,0,0,0,0,0.0,0.0,0.0,0.0,0.0,0.0,0.0,0.0,0.0,0.0,0.0,0.0,0.0,0.0,0.0,0.0,0.0,0.0,0.0,0.0,0.0,0.0,0.0,0.0,0.0,0.0,0.0,0.0,0.0,0.0,0.0,0.0,0.0,0.0,0.0,0.0,0.0,0.0,0.0,0.0,0.0,0.0,0.0,0.0,0.0,0.0,0.0,0.0,0.0,0.0,0.0,1.0,0.0,0.0,0.0,0.0,0.0,0.0,0.0,0.0,0.0,0.0,0.0,0.0,0.0,0.0,68.0,0.0,1.0,65.0,100.29349537037037,3.0,3,2.0,0.0,0,1.8317465116830013e-07,7.059606730487865e-07,none,9.004,0.0073,1,none,9.913,0.1021,0.99666,none,-10,-0.101,1,none,10.817,0.2477,0.95617,none,0,0,1,none,15,0.0276,1,none
a89a03c66ccbd3d44078be78a82d7adfb8f05953,e32836f799b65f978cbf4877eab7ffc42c6e6494,2025-09-24T20:28:41+02:00,ok,2.0,53.0,20.0,2.0,2.0,0.9271587399898308,0.0,2.0,73.0,0.0,0.0,0.0,0.0,0.0,0.0,0.0,0.0,0.0,0.0,0.0,0.0,0.0,0.0,0.0,0.0,0.0,0.0,0.0,0.0,0.0,0,0,0,0,0,0,0,0,0.0,0.0,0.0,0.0,0.0,0.0,0.0,0.0,0.0,0.0,0.0,0.0,0.0,0.0,0.0,0.0,0.0,0.0,4.0,1.0,1.0,1.0,0.0,0.0,0.0,0.0,0.0,0.0,0.0,0.0,0.0,0.0,0.0,0.0,0.0,0.0,0.0,0.0,0.0,0.0,0.0,0.0,0.0,0.0,0.0,0.0,0.0,0.0,0.0,0.0,0.0,1.0,0.0,0.0,0.0,0.0,0.0,0.0,0.0,0.0,0.0,0.0,0.0,0.0,0.0,0.0,52.0,0.0,1.0,66.0,16.27720486111111,8.0,53,54.0,0.0,0,3.2360849112045778e-06,1.9060924716053994e-05,none,6.56,0.0054,1,none,-0.198,-0.0019,0.99666,none,-4,-0.0526,1,none,-6.489,-0.1232,1,none,0,0,1,none,-26,-0.0471,1,none
a8acc8212df612da3e4b5d302d759214d5826552,a89a03c66ccbd3d44078be78a82d7adfb8f05953,2025-09-25T22:26:58+02:00,ok,4.0,57.0,54.0,2.0,1.0,0.604137713354205,0.0,4.0,111.0,0.0,0.0,0.0,0.0,0.0,0.0,0.0,0.0,0.0,0.0,0.0,0.0,0.0,0.0,0.0,0.0,0.0,0.0,0.0,0.0,0.0,0,0,0,0,0,0,0,0,3.0,2.0,0.0,0.0,0.0,0.0,0.0,0.0,0.0,0.0,0.0,0.0,0.0,0.0,0.0,0.0,0.0,0.0,1.0,0.0,1.0,0.0,0.0,0.0,0.0,0.0,0.0,0.0,0.0,0.0,0.0,0.0,6.0,6.0,0.0,0.0,0.0,0.0,0.0,6.0,0.0,0.0,0.0,0.0,0.0,0.0,0.0,0.0,0.0,0.0,1.0,0.0,0.0,0.0,0.0,0.0,0.0,0.0,0.0,0.0,0.0,0.0,0.0,0.0,0.0,0.0,40.0,0.0,1.0,201.0,87.92200520833333,8.0,138,138.0,0.0,0,8.426005143038153e-06,4.8710323588327174e-05,none,-40.225,-0.0331,1,none,10.754,0.1015,0.99666,none,-7,-0.0737,1,none,21.625,0.653,1,none,0,0,1,none,-1,-0.0019,1,none
dcdeb2be5781cb8d1b0834c8251add578e0fc04f,a8acc8212df612da3e4b5d302d759214d5826552,2025-09-26T16:30:23+02:00,ok,1.0,1.0,1.0,1.0,1.0,0.0,0.0,1.0,2.0,0.0,0.0,0.0,0.0,0.0,0.0,0.0,0.0,0.0,0.0,0.0,0.0,0.0,0.0,0.0,0.0,0.0,0.0,0.0,0.0,0.0,0,0,0,0,0,0,0,0,0.0,0.0,0.0,0.0,0.0,0.0,0.0,0.0,0.0,0.0,0.0,0.0,0.0,0.0,0.0,0.0,0.0,0.0,0.0,0.0,0.0,0.0,0.0,0.0,0.0,0.0,0.0,0.0,0.0,0.0,0.0,0.0,0.0,0.0,0.0,0.0,0.0,0.0,0.0,0.0,0.0,0.0,0.0,0.0,0.0,0.0,0.0,0.0,0.0,0.0,0.0,1.0,0.0,0.0,0.0,0.0,0.0,0.0,0.0,0.0,0.0,0.0,0.0,0.0,0.0,0.0,71.0,0.0,1.0,0.0,0.7523726851851852,4.0,-22,-23.0,0.0,0,-1.3432648638668224e-06,-8.11799183471204e-06,none,24.864,0.0212,1,none,4.805,0.0432,1,none,-12,-0.1348,1,none,0.095,0.0027,1,none,0,0,1,none,37,0.0736,1,none
ec070911b8a1e729ebff0e6e90e4c3ac0a6bce1e,dcdeb2be5781cb8d1b0834c8251add578e0fc04f,2025-09-28T22:16:28+02:00,ok,19.0,459.0,183.0,7.0,2.0,0.6662255737260208,0.0,13.0,521.0,5.0,112.0,0.0,0.0,0.0,0.0,0.0,0.0,0.0,0.0,0.0,0.0,1.0,9.0,0.0,0.0,0.0,0.0,0.0,0.0,0.0,0,0,0,0,0,0,0,0,12.0,6.0,0.0,0.0,0.0,0.0,3.0,1.0,2.0,0.0,1.0,0.0,15.0,11.0,0.0,0.0,1.0,0.0,0.0,0.0,6.0,3.0,0.0,0.0,0.0,0.0,2.0,2.0,0.0,0.0,0.0,0.0,0.0,0.0,0.0,0.0,0.0,0.0,0.0,0.0,0.0,0.0,0.0,0.0,34.0,20.0,1.0,1.0,1.0,0.0,1.0,0.0,0.0,0.0,0.0,0.0,0.0,0.0,0.0,0.0,0.0,0.0,0.0,0.0,0.0,0.0,28.0,0.0,1.0,0.0,189.02030579922027,17.0,930,712.0,219.0,0,5.678354552062085e-05,0.0002513068308161472,none,-26.577,-0.0217,1,none,-5.356,-0.0462,1,none,-10,-0.0962,1,none,1.528,0.0398,1,none,0,0,1,none,-1,-0.0019,1,none
f1b097ad06d9cacc764405004b4d2786d5d5d38e,9fcbbe0d27278b7df5ec01012a207002d6c814ef,2025-09-29T11:46:42Z,ok,2.0,23.0,2.0,1.0,1.0,0.9988455359952018,0.0,2.0,25.0,0.0,0.0,0.0,0.0,0.0,0.0,0.0,0.0,0.0,0.0,0.0,0.0,0.0,0.0,0.0,0.0,0.0,0.0,0.0,0.0,0.0,0,0,0,0,0,0,0,0,0.0,0.0,0.0,0.0,0.0,0.0,1.0,0.0,0.0,0.0,0.0,0.0,0.0,0.0,0.0,0.0,0.0,0.0,0.0,0.0,0.0,0.0,0.0,0.0,0.0,0.0,0.0,0.0,0.0,0.0,0.0,0.0,0.0,0.0,0.0,0.0,0.0,0.0,0.0,0.0,0.0,0.0,0.0,0.0,0.0,0.0,0.0,0.0,0.0,0.0,0.0,1.0,0.0,0.0,0.0,0.0,0.0,0.0,0.0,0.0,0.0,0.0,0.0,0.0,0.0,0.0,74.0,0.0,1.0,0.0,0.3578645833333333,9.0,139,138.0,0.0,0,8.486499383721405e-06,4.869540424772128e-05,none,-1.043,-0.0009,1,none,5.75,0.0511,1,none,12,0.1558,1,none,4.085,0.1019,1,none,0,0,1,none,-32,-0.0593,1,none
9fcbbe0d27278b7df5ec01012a207002d6c814ef,ec070911b8a1e729ebff0e6e90e4c3ac0a6bce1e,2025-09-29T12:06:17+02:00,ok,3.0,23.0,3.0,2.0,1.0,0.6373141746897564,0.0,2.0,23.0,0.0,0.0,0.0,0.0,0.0,0.0,0.0,0.0,0.0,0.0,0.0,0.0,1.0,3.0,0.0,0.0,0.0,0.0,0.0,0.0,0.0,0,0,0,0,0,0,0,0,1.0,0.0,0.0,0.0,0.0,0.0,0.0,0.0,0.0,0.0,0.0,0.0,4.0,0.0,0.0,0.0,0.0,0.0,0.0,0.0,0.0,0.0,0.0,0.0,0.0,0.0,0.0,0.0,0.0,0.0,0.0,0.0,0.0,0.0,0.0,0.0,0.0,0.0,0.0,0.0,0.0,0.0,0.0,0.0,2.0,1.0,0.0,0.0,0.0,0.0,0.0,1.0,0.0,0.0,0.0,0.0,0.0,0.0,0.0,0.0,0.0,0.0,0.0,0.0,0.0,0.0,44.0,0.0,1.0,202.0,0.5762615740740741,10.0,42,41.0,0.0,0,2.5642725763136675e-06,1.4467684485913769e-05,none,-17.36,-0.0145,1,none,-6.133,-0.0504,0.99666,none,-4,-0.0417,1,none,4.832,0.1326,1,none,0,0,1,none,-13,-0.025,1,none
7c4194485647fcd3a1aaa75612c0193208d65bae,f1b097ad06d9cacc764405004b4d2786d5d5d38e,2025-09-30T17:09:20+02:00,ok,1.0,24.0,19.0,1.0,1.0,0.0,0.0,1.0,43.0,0.0,0.0,0.0,0.0,0.0,0.0,0.0,0.0,0.0,0.0,0.0,0.0,0.0,0.0,0.0,0.0,0.0,0.0,0.0,0.0,0.0,0,0,0,0,0,0,0,0,0.0,0.0,0.0,0.0,0.0,0.0,0.0,0.0,0.0,0.0,0.0,0.0,0.0,0.0,0.0,0.0,0.0,0.0,0.0,0.0,0.0,0.0,0.0,0.0,0.0,0.0,0.0,0.0,0.0,0.0,0.0,0.0,0.0,0.0,0.0,0.0,0.0,0.0,0.0,0.0,0.0,0.0,0.0,0.0,0.0,0.0,0.0,0.0,0.0,0.0,0.0,1.0,0.0,0.0,0.0,0.0,0.0,0.0,0.0,0.0,0.0,0.0,0.0,0.0,0.0,0.0,60.0,0.0,1.0,0.0,188.03079861111112,1.0,24,24.0,0.0,0,1.4652824225025863e-06,8.468353586224247e-06,none,-26.436,-0.0217,1,none,-4.71,-0.0384,0.99666,none,-5,-0.0526,1,none,-8.676,-0.2084,1,none,0,0,1,none,0,0,1,none
fde796a7a00d43dc2bb434b5ec98fb57afe9e896,7c4194485647fcd3a1aaa75612c0193208d65bae,2025-09-30T18:38:10Z,ok,4.0,24.0,6.0,4.0,2.0,0.6264907875651347,0.0,3.0,27.0,0.0,0.0,0.0,0.0,0.0,0.0,0.0,0.0,0.0,0.0,0.0,0.0,1.0,3.0,0.0,0.0,0.0,0.0,0.0,0.0,0.0,0,0,0,0,0,0,0,0,0.0,0.0,0.0,0.0,0.0,0.0,0.0,0.0,0.0,0.0,0.0,0.0,0.0,0.0,0.0,0.0,0.0,0.0,1.0,0.0,1.0,1.0,0.0,0.0,0.0,0.0,0.0,0.0,0.0,0.0,0.0,0.0,0.0,0.0,0.0,0.0,0.0,0.0,0.0,0.0,0.0,0.0,0.0,0.0,0.0,0.0,0.0,0.0,0.0,0.0,1.0,0.0,0.0,0.0,0.0,0.0,0.0,0.0,0.0,0.0,0.0,0.0,0.0,0.0,0.0,0.0,56.0,0.0,1.0,72.0,44.136495949074074,12.0,61,62.0,0.0,0,3.724254033443435e-06,2.1876394840699268e-05,none,-18.522,-0.0152,1,none,4.579,0.0418,0.99666,none,20,0.274,1,none,3.018,0.0944,1,none,0,0,1,none,-2,-0.0038,1,none
835eb8d2fdf21afd93175367838e6b9ecd9e9271,fde796a7a00d43dc2bb434b5ec98fb57afe9e896,2025-09-30T23:54:43+02:00,ok,4.0,39.0,5.0,3.0,4.0,0.9028521086243382,0.0,2.0,27.0,1.0,14.0,0.0,0.0,0.0,0.0,0.0,0.0,0.0,0.0,0.0,0.0,1.0,3.0,0.0,0.0,0.0,0.0,0.0,0.0,0.0,0,0,0,0,0,0,0,0,1.0,0.0,0.0,0.0,0.0,0.0,0.0,0.0,0.0,0.0,0.0,0.0,0.0,0.0,0.0,0.0,0.0,0.0,0.0,0.0,0.0,0.0,0.0,0.0,0.0,0.0,0.0,0.0,0.0,0.0,0.0,0.0,0.0,0.0,0.0,0.0,0.0,0.0,0.0,0.0,0.0,0.0,0.0,0.0,0.0,0.0,0.0,0.0,0.0,0.0,0.0,1.0,0.0,0.0,0.0,0.0,0.0,0.0,0.0,0.0,0.0,0.0,0.0,0.0,0.0,0.0,71.0,0.0,1.0,0.0,176.25635706018517,13.0,183,168.0,18.0,0,1.1172720490280954e-05,5.927667635675668e-05,none,-28.02,-0.0233,1,none,-3.476,-0.0305,0.99666,none,9,0.0968,1,none,-3.085,-0.0878,1,none,0,0,1,none,0,0,1,none
f3c16a600d4aae624776660c2ee4462b3bcd6a66,835eb8d2fdf21afd93175367838e6b9ecd9e9271,2025-10-02T16:47:26+02:00,ok,2.0,13.0,18.0,2.0,1.0,0.7088356733321961,0.0,2.0,31.0,0.0,0.0,0.0,0.0,0.0,0.0,0.0,0.0,0.0,0.0,0.0,0.0,0.0,0.0,0.0,0.0,0.0,0.0,0.0,0.0,0.0,0,0,0,0,0,0,0,0,2.0,5.0,0.0,0.0,0.0,0.0,0.0,0.0,0.0,0.0,0.0,0.0,1.0,1.0,0.0,0.0,0.0,0.0,0.0,0.0,0.0,0.0,0.0,0.0,0.0,0.0,0.0,0.0,0.0,0.0,0.0,0.0,0.0,0.0,0.0,0.0,0.0,0.0,0.0,0.0,0.0,0.0,0.0,0.0,0.0,0.0,0.0,0.0,0.0,0.0,0.0,1.0,0.0,0.0,0.0,0.0,0.0,0.0,0.0,0.0,0.0,0.0,0.0,0.0,0.0,0.0,73.0,0.0,1.0,0.0,112.31001157407408,6.0,-48,-47.0,0.0,0,-2.9305168949488453e-06,-1.6582372937567365e-05,none,37.262,0.0316,1,none,1.142,0.0105,0.99666,none,3,0.03,1,none,0.581,0.0176,1,none,0,0,1,none,-21,-0.0399,1,none
416e8b3e421971bf2162cb78a2dee7bbc6dabb23,f3c16a600d4aae624776660c2ee4462b3bcd6a66,2025-10-09T23:48:31+02:00,ok,48.0,2400.0,673.0,14.0,5.0,0.6439473443934802,0.0,32.0,2221.0,11.0,310.0,0.0,0.0,0.0,0.0,4.0,540.0,0.0,0.0,0.0,0.0,0.0,0.0,0.0,0.0,0.0,0.0,1.0,2.0,0.0,0,0,0,0,0,0,0,0,32.0,13.0,0.0,0.0,0.0,0.0,3.0,0.0,0.0,0.0,2.0,0.0,38.0,19.0,0.0,0.0,0.0,0.0,0.0,0.0,14.0,8.0,2.0,0.0,0.0,0.0,0.0,0.0,0.0,0.0,0.0,0.0,0.0,0.0,0.0,0.0,0.0,0.0,0.0,0.0,0.0,1.0,0.0,0.0,83.0,29.0,3.0,0.0,0.0,0.0,1.0,0.0,0.0,0.0,0.0,0.0,0.0,0.0,0.0,0.0,0.0,0.0,0.0,0.0,0.0,0.0,31.0,0.0,2.0,60.0,117.28619298696846,28.0,3586,2842.0,739.0,0,0.00021893467461856617,0.0010027209655476084,none,-27.982,-0.0229,1,none,-0.252,-0.0022,0.99666,none,15,0.1875,1,none,-10.034,-0.242,1,none,0,0,1,none,0,0,1,none
19b03b4ca9d9dbbd8d3246d99490dadf57e4c507,416e8b3e421971bf2162cb78a2dee7bbc6dabb23,2025-10-10T18:12:08+02:00,ok,1.0,0.0,16.0,1.0,1.0,0.0,0.0,1.0,16.0,0.0,0.0,0.0,0.0,0.0,0.0,0.0,0.0,0.0,0.0,0.0,0.0,0.0,0.0,0.0,0.0,0.0,0.0,0.0,0.0,0.0,0,0,0,0,0,0,0,0,0.0,0.0,0.0,0.0,0.0,0.0,0.0,0.0,0.0,0.0,0.0,0.0,0.0,0.0,0.0,0.0,0.0,0.0,0.0,0.0,0.0,0.0,0.0,0.0,0.0,0.0,0.0,0.0,0.0,0.0,0.0,0.0,0.0,0.0,0.0,0.0,0.0,0.0,0.0,0.0,0.0,0.0,0.0,0.0,0.0,0.0,0.0,0.0,0.0,0.0,0.0,1.0,0.0,0.0,0.0,0.0,0.0,0.0,0.0,0.0,0.0,0.0,0.0,0.0,0.0,0.0,98.0,0.0,1.0,6.0,28.662233796296295,4.0,-32,-30.0,0.0,0,-1.9532560197977147e-06,-1.057406604561652e-05,none,-55.959,-0.0451,1,none,9.176,0.083,0.99666,none,-5,-0.0543,1,none,9.893,0.3592,1,none,0,0,1,none,0,0,1,none
8608d7b2e000ac5f756c263e2c0d04e3f93485c4,19b03b4ca9d9dbbd8d3246d99490dadf57e4c507,2025-10-12T23:33:02+02:00,ok,1.0,22.0,11.0,1.0,1.0,0.0,0.0,1.0,33.0,0.0,0.0,0.0,0.0,0.0,0.0,0.0,0.0,0.0,0.0,0.0,0.0,0.0,0.0,0.0,0.0,0.0,0.0,0.0,0.0,0.0,0,0,0,0,0,0,0,0,0.0,0.0,0.0,0.0,0.0,0.0,0.0,0.0,0.0,0.0,0.0,0.0,0.0,0.0,0.0,0.0,0.0,0.0,0.0,0.0,0.0,0.0,0.0,0.0,0.0,0.0,0.0,0.0,0.0,0.0,0.0,0.0,0.0,0.0,0.0,0.0,0.0,0.0,0.0,0.0,0.0,0.0,0.0,0.0,0.0,0.0,0.0,0.0,0.0,0.0,0.0,1.0,0.0,0.0,0.0,0.0,0.0,0.0,0.0,0.0,0.0,0.0,0.0,0.0,0.0,0.0,76.0,0.0,1.0,203.0,2.9892476851851852,8.0,25,23.0,0.0,0,1.5259842461048795e-06,8.106869690881535e-06,none,-53.605,-0.0438,1,none,-1.237,-0.0112,1,none,-23,-0.25,1,none,11.41,0.3695,0.95617,none,0,0,1,none,-1,-0.002,1,none
5fffc4743fecb89eeb549c8cf4fb4b9ffd05c703,8608d7b2e000ac5f756c263e2c0d04e3f93485c4,2025-10-14T16:34:49+02:00,ok,19.0,58.0,85.0,10.0,1.0,0.7676385121854891,0.0,14.0,118.0,4.0,21.0,0.0,0.0,0.0,0.0,1.0,4.0,0.0,0.0,0.0,0.0,0.0,0.0,0.0,0.0,0.0,0.0,0.0,0.0,0.0,0,0,0,0,0,0,0,0,1.0,5.0,0.0,0.0,0.0,0.0,0.0,0.0,0.0,0.0,0.0,0.0,3.0,5.0,0.0,0.0,0.0,0.0,0.0,0.0,2.0,0.0,0.0,0.0,0.0,0.0,0.0,0.0,0.0,0.0,0.0,0.0,0.0,0.0,0.0,0.0,0.0,0.0,0.0,0.0,0.0,0.0,0.0,0.0,3.0,1.0,0.0,0.0,1.0,0.0,0.0,1.0,0.0,0.0,0.0,0.0,0.0,0.0,0.0,0.0,0.0,0.0,0.0,0.0,0.0,0.0,39.0,0.0,1.0,204.0,80.31344521604939,13.0,-66,-105.0,44.0,0,-4.028592262148556e-06,-3.700932247209585e-05,none,-48.264,-0.0396,1,none,0.482,0.0044,0.99666,none,1,0.0111,1,none,1.297,0.0426,1,none,0,0,1,none,1,0.0021,1,none
7da176ff7d13aa16b23195a343689df7cd3372be,5fffc4743fecb89eeb549c8cf4fb4b9ffd05c703,2025-10-15T21:16:20+02:00,ok,4.0,24.0,23.0,4.0,2.0,0.8723800750597737,0.0,3.0,33.0,0.0,0.0,0.0,0.0,0.0,0.0,1.0,14.0,0.0,0.0,0.0,0.0,0.0,0.0,0.0,0.0,0.0,0.0,0.0,0.0,0.0,0,0,0,0,0,0,0,0,0.0,0.0,0.0,0.0,0.0,0.0,0.0,0.0,0.0,0.0,0.0,0.0,0.0,0.0,0.0,0.0,0.0,0.0,0.0,0.0,0.0,0.0,0.0,0.0,0.0,0.0,0.0,0.0,0.0,0.0,0.0,0.0,0.0,0.0,0.0,0.0,0.0,0.0,0.0,0.0,0.0,0.0,0.0,0.0,0.0,0.0,0.0,0.0,0.0,0.0,0.0,1.0,0.0,0.0,0.0,0.0,0.0,0.0,0.0,0.0,0.0,0.0,0.0,0.0,0.0,0.0,46.0,0.0,1.0,67.0,56.41927469135803,9.0,18,18.0,0.0,0,1.0987114068462416e-06,6.344690093612378e-06,none,39.332,0.0325,1,none,-8.036,-0.0678,0.99666,none,3,0.0349,1,none,-3.384,-0.093,1,none,0,0,1,none,-17,-0.0336,1,none
725412ebd337c18179a52d968d3b0d29eb9c2fa4,7da176ff7d13aa16b23195a343689df7cd3372be,2025-10-20T11:56:55+02:00,ok,5.0,24.0,7.0,2.0,1.0,0.7756145106326335,0.0,3.0,24.0,2.0,7.0,0.0,0.0,0.0,0.0,0.0,0.0,0.0,0.0,0.0,0.0,0.0,0.0,0.0,0.0,0.0,0.0,0.0,0.0,0.0,0,0,0,0,0,0,0,0,1.0,0.0,0.0,0.0,0.0,0.0,0.0,0.0,0.0,0.0,0.0,0.0,0.0,0.0,0.0,0.0,0.0,0.0,0.0,0.0,0.0,0.0,0.0,0.0,0.0,0.0,0.0,0.0,0.0,0.0,0.0,0.0,0.0,0.0,0.0,0.0,0.0,0.0,0.0,0.0,0.0,0.0,0.0,0.0,0.0,0.0,0.0,0.0,0.0,0.0,0.0,1.0,0.0,0.0,0.0,0.0,0.0,0.0,0.0,0.0,0.0,0.0,0.0,0.0,0.0,0.0,42.0,0.0,1.0,61.0,219.56891666666667,11.0,5,-13.0,17.0,0,3.051972776891146e-07,-4.5822471057822316e-06,none,-16.099,-0.0132,1,none,-0.332,-0.003,0.99666,none,-10,-0.1042,0.55357,none,-5.61,-0.1753,1,none,0,0,1,none,1,0.002,1,none
8013eb5e1628293ee671e431c52184dc576fe293,725412ebd337c18179a52d968d3b0d29eb9c2fa4,2025-10-20T16:09:20+02:00,ok,19.0,188.0,81.0,8.0,2.0,0.6359340898716807,0.0,17.0,203.0,1.0,13.0,0.0,0.0,0.0,0.0,0.0,0.0,0.0,0.0,0.0,0.0,1.0,53.0,0.0,0.0,0.0,0.0,0.0,0.0,0.0,0,0,0,0,0,0,0,0,25.0,10.0,0.0,0.0,0.0,0.0,0.0,0.0,0.0,0.0,0.0,0.0,0.0,0.0,0.0,0.0,0.0,0.0,0.0,0.0,3.0,1.0,0.0,0.0,0.0,0.0,0.0,0.0,0.0,0.0,0.0,0.0,0.0,0.0,0.0,0.0,0.0,0.0,0.0,0.0,0.0,0.0,0.0,0.0,3.0,0.0,0.0,0.0,0.0,0.0,1.0,0.0,0.0,0.0,0.0,0.0,0.0,0.0,0.0,0.0,0.0,0.0,0.0,0.0,0.0,0.0,57.0,0.0,1.0,7.0,113.38700681584362,20.0,445,397.0,47.0,0,2.7162549424395057e-05,0.00013993541821832252,none,-0.39,-0.0003,1,none,0.335,0.003,1,none,-2,-0.0211,1,none,-2.692,-0.0761,1,none,0,0,1,none,2,0.004,1,none
4e0441eeb413ad7234f65cbb8fbb397bc715ff46,8013eb5e1628293ee671e431c52184dc576fe293,2025-10-20T16:57:40+02:00,ok,2.0,14.0,16.0,2.0,1.0,0.8812908992306927,0.0,1.0,21.0,0.0,0.0,0.0,0.0,0.0,0.0,0.0,0.0,0.0,0.0,0.0,0.0,1.0,9.0,0.0,0.0,0.0,0.0,0.0,0.0,0.0,0,0,0,0,0,0,0,0,0.0,0.0,0.0,0.0,0.0,0.0,0.0,0.0,0.0,0.0,0.0,0.0,0.0,0.0,0.0,0.0,0.0,0.0,0.0,0.0,1.0,1.0,0.0,0.0,0.0,0.0,0.0,0.0,0.0,0.0,0.0,0.0,0.0,0.0,0.0,0.0,0.0,0.0,0.0,0.0,0.0,0.0,0.0,0.0,0.0,0.0,0.0,0.0,0.0,0.0,0.0,1.0,0.0,0.0,0.0,0.0,0.0,0.0,0.0,0.0,0.0,0.0,0.0,0.0,0.0,0.0,44.0,0.0,1.0,205.0,0.03356481481481482,10.0,61,61.0,0.0,0,3.7233045169909645e-06,2.1498403479217034e-05,none,-6.275,-0.0051,1,none,-2.025,-0.0179,0.99666,none,0,0,1,none,-0.532,-0.0153,1,none,0,0,1,none,-18,-0.0354,1,none
19b3dc658a56ad50d1e3e8a6ddce8bedc5147f84,4e0441eeb413ad7234f65cbb8fbb397bc715ff46,2025-10-22T23:29:39+02:00,ok,3.0,12.0,11.0,1.0,1.0,0.8075507489866961,0.0,3.0,23.0,0.0,0.0,0.0,0.0,0.0,0.0,0.0,0.0,0.0,0.0,0.0,0.0,0.0,0.0,0.0,0.0,0.0,0.0,0.0,0.0,0.0,0,0,0,0,0,0,0,0,2.0,1.0,0.0,0.0,0.0,0.0,0.0,0.0,0.0,0.0,0.0,0.0,0.0,0.0,0.0,0.0,0.0,0.0,0.0,0.0,0.0,0.0,0.0,0.0,0.0,0.0,0.0,0.0,0.0,0.0,0.0,0.0,0.0,0.0,0.0,0.0,0.0,0.0,0.0,0.0,0.0,0.0,0.0,0.0,0.0,0.0,0.0,0.0,0.0,0.0,0.0,1.0,0.0,0.0,0.0,0.0,0.0,0.0,0.0,0.0,0.0,0.0,0.0,0.0,0.0,0.0,60.0,0.0,1.0,73.0,9.854351851851852,7.0,36,36.0,0.0,0,2.1973518614042288e-06,1.2687309624275899e-05,none,-6.404,-0.0053,1,none,7.162,0.065,0.99666,none,-1,-0.0109,1,none,7.144,0.2538,0.95617,none,0,0,1,none,5,0.0103,1,none
8d8f69662877a3b7a9d11869392efa778235b785,19b3dc658a56ad50d1e3e8a6ddce8bedc5147f84,2025-10-26T23:00:17+01:00,ok,1.0,5.0,2.0,1.0,1.0,0.0,0.0,1.0,7.0,0.0,0.0,0.0,0.0,0.0,0.0,0.0,0.0,0.0,0.0,0.0,0.0,0.0,0.0,0.0,0.0,0.0,0.0,0.0,0.0,0.0,0,0,0,0,0,0,0,0,0.0,0.0,0.0,0.0,0.0,0.0,0.0,0.0,0.0,0.0,0.0,0.0,0.0,0.0,0.0,0.0,0.0,0.0,0.0,0.0,1.0,1.0,0.0,0.0,0.0,0.0,0.0,0.0,0.0,0.0,0.0,0.0,0.0,0.0,0.0,0.0,0.0,0.0,0.0,0.0,0.0,0.0,0.0,0.0,0.0,0.0,0.0,0.0,0.0,0.0,0.0,1.0,0.0,0.0,0.0,0.0,0.0,0.0,0.0,0.0,0.0,0.0,0.0,0.0,0.0,0.0,93.0,0.0,1.0,4.0,170.04078703703703,5.0,-19,-19.0,0.0,0,-1.1597109341148076e-06,-6.6959951253155485e-06,none,-27.132,-0.0224,1,none,3.889,0.0335,1,none,9,0.1098,1,none,-2.89,-0.0729,1,none,0,0,1,none,18,0.0369,1,none
8fd970320e1d754d1c76bc31abc440b9d88aafab,8d8f69662877a3b7a9d11869392efa778235b785,2025-11-03T17:30:35+01:00,ok,3.0,2.0,3.0,2.0,3.0,0.9602297178607612,0.0,0.0,0.0,0.0,0.0,0.0,0.0,0.0,0.0,0.0,0.0,0.0,0.0,0.0,0.0,0.0,0.0,2.0,4.0,0.0,0.0,1.0,1.0,0.0,0,0,0,0,0,0,0,0,0.0,0.0,0.0,0.0,0.0,0.0,0.0,0.0,0.0,0.0,0.0,0.0,0.0,0.0,0.0,0.0,0.0,0.0,0.0,0.0,0.0,0.0,0.0,0.0,0.0,0.0,0.0,0.0,0.0,0.0,0.0,0.0,0.0,0.0,0.0,0.0,0.0,0.0,0.0,0.0,0.0,0.0,0.0,0.0,0.0,0.0,0.0,0.0,0.0,0.0,0.0,0.0,0.0,0.0,1.0,0.0,0.0,0.0,0.0,0.0,0.0,0.0,0.0,0.0,0.0,0.0,52.0,0.0,1.0,68.0,400.9875270061728,13.0,0,0.0,0.0,0,0.0,0.0,none,-5.783,-0.0047,1,none,1.454,0.0132,0.99666,none,7,0.0824,1,none,1.737,0.063,1,none,0,0,1,none,-18,-0.0356,1,none
47cbb5b6fbeba23fbdfb72729159d723f1176746,8fd970320e1d754d1c76bc31abc440b9d88aafab,2025-11-03T23:34:17+01:00,ok,56.0,912.0,906.0,27.0,8.0,0.7619706625045689,0.0,46.0,1490.0,0.0,0.0,0.0,0.0,0.0,0.0,8.0,292.0,2.0,36.0,0.0,0.0,0.0,0.0,0.0,0.0,0.0,0.0,0.0,0.0,0.0,0,0,0,0,0,0,0,0,32.0,27.0,0.0,0.0,0.0,0.0,0.0,0.0,0.0,0.0,0.0,0.0,5.0,5.0,0.0,0.0,0.0,0.0,0.0,0.0,0.0,0.0,0.0,1.0,0.0,0.0,0.0,0.0,0.0,0.0,0.0,0.0,0.0,0.0,0.0,0.0,0.0,0.0,0.0,0.0,0.0,0.0,0.0,0.0,3.0,3.0,0.0,0.0,0.0,0.0,0.0,0.0,0.0,1.0,0.0,0.0,0.0,0.0,0.0,0.0,0.0,0.0,0.0,0.0,0.0,0.0,64.0,0.0,1.0,62.0,64.78014846743295,24.0,510,509.0,0.0,0,3.112911906912459e-05,0.00017938338634952342,none,21.914,0.0183,1,none,0.23,0.0024,1,none,-4,-0.0408,1,none,-14.89,-0.5075,0.03916,none,0.001,1.9734,0.00005,none,4,0.0082,1,none
d1f39823f1218b5663ffcba8b9ca0cf2098b6ea6,47cbb5b6fbeba23fbdfb72729159d723f1176746,2025-11-03T23:36:08+01:00,ok,57.0,13582.0,4220.0,1.0,1.0,0.9760725033241555,0.0,0.0,0.0,0.0,0.0,0.0,0.0,0.0,0.0,0.0,0.0,0.0,0.0,0.0,0.0,57.0,17802.0,0.0,0.0,0.0,0.0,0.0,0.0,0.0,0,0,0,0,0,0,0,0,0.0,0.0,0.0,0.0,0.0,0.0,0.0,0.0,0.0,0.0,0.0,0.0,0.0,0.0,0.0,0.0,0.0,0.0,0.0,0.0,0.0,0.0,0.0,0.0,0.0,0.0,0.0,0.0,0.0,0.0,0.0,0.0,0.0,0.0,0.0,0.0,0.0,0.0,0.0,0.0,0.0,0.0,0.0,0.0,0.0,0.0,0.0,0.0,0.0,0.0,0.0,0.0,0.0,0.0,1.0,0.0,0.0,0.0,0.0,0.0,0.0,0.0,0.0,0.0,0.0,0.0,47.0,0.0,1.0,62.0,692.4651157407408,2.0,76396,76396.0,0.0,3,0.004662874810392945,0.026918890615844147,improvement,-231.769,-0.1936,0.0002,improvement,1.137,0.0124,0.99666,none,0,0,1,none,1.35,0.0921,1,none,0,-0.0771,0.00005,none,-54,-0.11,0.00045,improvement
c99e81678bd13eb34c4f027472e8cd0b4121ba4d,d1f39823f1218b5663ffcba8b9ca0cf2098b6ea6,2025-11-04T11:20:55Z,ok,10.0,155.0,67.0,5.0,3.0,0.728629849190828,0.0,7.0,164.0,3.0,58.0,0.0,0.0,0.0,0.0,0.0,0.0,0.0,0.0,0.0,0.0,0.0,0.0,0.0,0.0,0.0,0.0,0.0,0.0,0.0,0,0,0,0,0,0,0,0,4.0,3.0,0.0,0.0,0.0,0.0,0.0,0.0,0.0,0.0,1.0,0.0,2.0,1.0,0.0,0.0,0.0,0.0,0.0,0.0,0.0,0.0,1.0,1.0,0.0,0.0,0.0,0.0,0.0,0.0,0.0,0.0,0.0,0.0,0.0,0.0,0.0,0.0,0.0,0.0,0.0,0.0,0.0,0.0,7.0,2.0,2.0,0.0,0.0,0.0,0.0,1.0,0.0,0.0,0.0,0.0,0.0,0.0,0.0,0.0,0.0,0.0,0.0,0.0,0.0,0.0,35.0,0.0,1.0,63.0,45.883827546296295,15.0,231,133.0,98.0,0,1.4033783143421619e-05,4.563541830007724e-05,none,6.632,0.0069,1,none,0.871,0.0094,0.99666,none,-3,-0.0333,1,none,-3.238,-0.2119,1,none,0,0,1,none,0,0,1,none
95ddc663392d94cd22a17a982dde5060849038de,5bcd8280c97c97b95f4fd268dbd4ff3d7905f87b,2025-11-06T21:33:11Z,ok,1.0,15.0,1.0,1.0,1.0,0.0,0.0,1.0,16.0,0.0,0.0,0.0,0.0,0.0,0.0,0.0,0.0,0.0,0.0,0.0,0.0,0.0,0.0,0.0,0.0,0.0,0.0,0.0,0.0,0.0,0,0,0,0,0,0,0,0,1.0,0.0,0.0,0.0,0.0,0.0,0.0,0.0,0.0,0.0,0.0,0.0,1.0,0.0,0.0,0.0,0.0,0.0,0.0,0.0,0.0,0.0,0.0,0.0,0.0,0.0,0.0,0.0,0.0,0.0,0.0,0.0,0.0,0.0,0.0,0.0,0.0,0.0,0.0,0.0,0.0,0.0,0.0,0.0,0.0,0.0,0.0,0.0,0.0,0.0,0.0,1.0,0.0,0.0,0.0,0.0,0.0,0.0,0.0,0.0,0.0,0.0,0.0,0.0,0.0,0.0,47.0,0.0,1.0,74.0,2.4251851851851853,6.0,49,50.0,0.0,0,2.960817209719819e-06,1.7152146745534525e-05,none,26.222,0.0268,1,none,2.535,0.0274,0.99666,none,3,0.0357,1,none,-1.891,-0.1538,1,none,0,0,1,none,12,0.0274,1,none
5bcd8280c97c97b95f4fd268dbd4ff3d7905f87b,c99e81678bd13eb34c4f027472e8cd0b4121ba4d,2025-11-06T21:35:14+01:00,ok,16.0,235.0,39.0,5.0,8.0,0.8336911876989987,2.0,9.0,205.0,3.0,67.0,0.0,0.0,4.0,0.0,0.0,0.0,0.0,0.0,0.0,0.0,0.0,0.0,0.0,0.0,0.0,0.0,0.0,0.0,0.0,0,0,0,0,0,0,0,0,9.0,3.0,0.0,0.0,0.0,0.0,0.0,0.0,0.0,0.0,0.0,0.0,0.0,0.0,0.0,0.0,0.0,0.0,0.0,0.0,0.0,0.0,0.0,0.0,0.0,0.0,0.0,0.0,0.0,0.0,0.0,0.0,0.0,0.0,0.0,0.0,0.0,0.0,1.0,0.0,0.0,0.0,0.0,0.0,11.0,1.0,2.0,0.0,0.0,0.0,1.0,0.0,0.0,0.0,0.0,0.0,0.0,0.0,0.0,0.0,0.0,0.0,0.0,0.0,0.0,0.0,66.0,0.0,1.0,206.0,83.51650462962964,14.0,88974,551.0,145.0,4,0.005405299993420617,0.0001890523911867961,none,11.421,0.0118,1,none,-1.849,-0.0195,0.99666,none,-1.5,-0.0168,1,none,-8.14,-0.4493,1,none,0.003,2.851,0.34619,none,2,0.0046,1,none
f2600fe3e835bad81b3c6eb9aeae58e7974ccea1,95ddc663392d94cd22a17a982dde5060849038de,2025-11-06T22:39:39+01:00,ok,5.0,19.0,7.0,3.0,1.0,0.777510393875773,0.0,4.0,24.0,1.0,2.0,0.0,0.0,0.0,0.0,0.0,0.0,0.0,0.0,0.0,0.0,0.0,0.0,0.0,0.0,0.0,0.0,0.0,0.0,0.0,0,0,0,0,0,0,0,0,0.0,0.0,0.0,0.0,0.0,0.0,0.0,0.0,0.0,0.0,0.0,0.0,0.0,0.0,0.0,0.0,0.0,0.0,0.0,0.0,0.0,0.0,0.0,0.0,0.0,0.0,0.0,0.0,0.0,0.0,0.0,0.0,0.0,0.0,0.0,0.0,0.0,0.0,0.0,0.0,0.0,0.0,0.0,0.0,1.0,0.0,0.0,0.0,0.0,0.0,0.0,1.0,0.0,0.0,0.0,0.0,0.0,0.0,0.0,0.0,0.0,0.0,0.0,0.0,0.0,0.0,54.0,0.0,1.0,207.0,51.85290972222223,6.0,-27,-28.0,1.0,0,-1.6314658769243896e-06,-9.605037430487829e-06,none,2.331,0.0024,1,none,11.269,0.1189,1,none,-17,-0.1828,1,none,-3.398,-0.2193,1,none,0,0,1,none,-1,-0.0023,1,none
8fb16669ab913b7618c6e55a4aba18275fabd1bb,f2600fe3e835bad81b3c6eb9aeae58e7974ccea1,2025-11-10T12:08:57+01:00,ok,4.0,197.0,7.0,3.0,3.0,0.07828904167400161,0.0,4.0,204.0,0.0,0.0,0.0,0.0,0.0,0.0,0.0,0.0,0.0,0.0,0.0,0.0,0.0,0.0,0.0,0.0,0.0,0.0,0.0,0.0,0.0,0,0,0,0,0,0,0,0,9.0,2.0,0.0,0.0,0.0,0.0,0.0,0.0,0.0,0.0,0.0,0.0,0.0,0.0,0.0,0.0,0.0,0.0,0.0,0.0,7.0,0.0,0.0,0.0,0.0,0.0,0.0,0.0,0.0,0.0,0.0,0.0,0.0,0.0,0.0,0.0,0.0,0.0,0.0,0.0,0.0,0.0,0.0,0.0,4.0,0.0,0.0,0.0,0.0,0.0,1.0,0.0,0.0,0.0,0.0,0.0,0.0,0.0,0.0,0.0,0.0,0.0,0.0,0.0,0.0,0.0,39.0,0.0,1.0,69.0,39.65624614197531,9.0,406,404.0,0.0,0,2.453245283983384e-05,0.0001385882997857027,none,-153.3,-0.1349,1,none,2.771,0.0306,1,none,6.5,0.0634,1,none,3.435,0.1673,1,none,0,0,1,none,6,0.0134,1,none
dc2f25c14add5156a105ab3675c0b179586dc750,8fb16669ab913b7618c6e55a4aba18275fabd1bb,2025-11-10T22:31:08+01:00,ok,1.0,9.0,0.0,1.0,1.0,0.0,0.0,1.0,9.0,0.0,0.0,0.0,0.0,0.0,0.0,0.0,0.0,0.0,0.0,0.0,0.0,0.0,0.0,0.0,0.0,0.0,0.0,0.0,0.0,0.0,0,0,0,0,0,0,0,0,0.0,0.0,0.0,0.0,0.0,0.0,0.0,0.0,0.0,0.0,0.0,0.0,0.0,0.0,0.0,0.0,0.0,0.0,0.0,0.0,2.0,0.0,0.0,0.0,0.0,0.0,0.0,0.0,0.0,0.0,0.0,0.0,0.0,0.0,0.0,0.0,0.0,0.0,0.0,0.0,0.0,0.0,0.0,0.0,0.0,0.0,0.0,0.0,0.0,0.0,0.0,1.0,0.0,0.0,0.0,0.0,0.0,0.0,0.0,0.0,0.0,0.0,0.0,0.0,0.0,0.0,55.0,0.0,1.0,70.0,6.956145833333333,8.0,6,6.0,0.0,0,3.6253967014811497e-07,2.0579568672820187e-06,none,0.824,0.0008,1,none,-9.078,-0.0945,0.99666,none,15,0.1705,1,none,-14.01,-0.5104,1,none,0,0,1,none,-8,-0.0175,1,none
2b4540225d66ec4f71d622f5405f2b7b0ef3735c,dc2f25c14add5156a105ab3675c0b179586dc750,2025-11-10T22:31:23+01:00,ok,6.0,173.0,49.0,4.0,1.0,0.6614795702932641,0.0,6.0,222.0,0.0,0.0,0.0,0.0,0.0,0.0,0.0,0.0,0.0,0.0,0.0,0.0,0.0,0.0,0.0,0.0,0.0,0.0,0.0,0.0,0.0,0,0,0,0,0,0,0,0,3.0,3.0,0.0,0.0,0.0,0.0,0.0,0.0,0.0,0.0,1.0,0.0,0.0,0.0,2.0,0.0,2.0,0.0,2.0,0.0,0.0,0.0,0.0,0.0,0.0,0.0,0.0,0.0,0.0,0.0,0.0,0.0,0.0,0.0,0.0,0.0,0.0,0.0,0.0,0.0,0.0,0.0,0.0,0.0,0.0,0.0,4.0,0.0,0.0,0.0,1.0,0.0,0.0,0.0,0.0,0.0,0.0,0.0,0.0,0.0,0.0,0.0,0.0,0.0,0.0,0.0,32.0,0.0,1.0,71.0,34.79052083333333,10.0,423,423.0,0.0,0,2.5559037479277088e-05,0.0001450856605633508,none,-0.963,-0.001,1,none,-7.533,-0.0755,1,none,-9.5,-0.0955,1,none,-4.144,-0.1452,1,none,0,0,1,none,-15,-0.0334,0.63655,none
7f66e1fe897873713ba04410534be2d97b9139af,2b4540225d66ec4f71d622f5405f2b7b0ef3735c,2025-11-11T11:29:44+01:00,ok,1.0,6.0,6.0,1.0,1.0,0.0,0.0,1.0,12.0,0.0,0.0,0.0,0.0,0.0,0.0,0.0,0.0,0.0,0.0,0.0,0.0,0.0,0.0,0.0,0.0,0.0,0.0,0.0,0.0,0.0,0,0,0,0,0,0,0,0,0.0,0.0,0.0,0.0,0.0,0.0,0.0,0.0,0.0,0.0,0.0,0.0,0.0,0.0,0.0,0.0,0.0,0.0,0.0,0.0,0.0,0.0,0.0,0.0,0.0,0.0,0.0,0.0,0.0,0.0,0.0,0.0,0.0,0.0,0.0,0.0,0.0,0.0,0.0,0.0,0.0,0.0,0.0,0.0,0.0,0.0,0.0,0.0,0.0,0.0,0.0,1.0,0.0,0.0,0.0,0.0,0.0,0.0,0.0,0.0,0.0,0.0,0.0,0.0,0.0,0.0,24.0,0.0,1.0,208.0,4.579513888888889,1.0,-66,-65.0,0.0,0,-3.987833000671527e-06,-2.2291252706672493e-05,none,-3.147,-0.0032,1,none,-11.175,-0.1062,0.99666,none,24.5,0.3203,1,none,-1.967,-0.095,1,none,0,0,1,none,20,0.0456,1,none
37882c66cbe2b46a1acf8e990638a511c0fe757b,7f66e1fe897873713ba04410534be2d97b9139af,2025-11-18T09:24:02Z,ok,2.0,5.0,2.0,2.0,2.0,0.5916727785823275,0.0,2.0,7.0,0.0,0.0,0.0,0.0,0.0,0.0,0.0,0.0,0.0,0.0,0.0,0.0,0.0,0.0,0.0,0.0,0.0,0.0,0.0,0.0,0.0,0,0,0,0,0,0,0,0,0.0,0.0,0.0,0.0,0.0,0.0,0.0,0.0,0.0,0.0,0.0,0.0,0.0,0.0,0.0,0.0,0.0,0.0,0.0,0.0,0.0,0.0,0.0,0.0,0.0,0.0,0.0,0.0,0.0,0.0,0.0,0.0,0.0,0.0,0.0,0.0,0.0,0.0,0.0,0.0,0.0,0.0,0.0,0.0,0.0,0.0,0.0,0.0,0.0,0.0,0.0,1.0,0.0,0.0,0.0,0.0,0.0,0.0,0.0,0.0,0.0,0.0,0.0,0.0,0.0,0.0,74.0,0.0,1.0,0.0,10.973055555555556,11.0,128,127.0,0.0,0,7.734009994757791e-06,4.355464925303776e-05,none,5.631,0.0058,1,none,12.388,0.1312,0.99666,none,2,0.0213,1,none,10.083,0.9327,1,none,0,0,1,none,1,0.0023,1,none
b660478164a9137f6c48893f38671eedab22b83e,37882c66cbe2b46a1acf8e990638a511c0fe757b,2025-11-22T16:16:30+01:00,ok,1.0,2.0,1.0,1.0,1.0,0.0,0.0,1.0,3.0,0.0,0.0,0.0,0.0,0.0,0.0,0.0,0.0,0.0,0.0,0.0,0.0,0.0,0.0,0.0,0.0,0.0,0.0,0.0,0.0,0.0,0,0,0,0,0,0,0,0,0.0,0.0,0.0,0.0,0.0,0.0,0.0,0.0,0.0,0.0,0.0,0.0,0.0,0.0,0.0,0.0,0.0,0.0,0.0,0.0,0.0,0.0,0.0,0.0,0.0,0.0,0.0,0.0,0.0,0.0,0.0,0.0,0.0,0.0,0.0,0.0,0.0,0.0,0.0,0.0,0.0,0.0,0.0,0.0,0.0,0.0,0.0,0.0,0.0,0.0,0.0,1.0,0.0,0.0,0.0,0.0,0.0,0.0,0.0,0.0,0.0,0.0,0.0,0.0,0.0,0.0,57.0,0.0,1.0,209.0,4.244768518518518,8.0,-73,-72.0,0.0,0,-4.410768462207932e-06,-2.4691324154562202e-05,none,15.625,0.0162,1,none,11.887,0.1245,0.99666,none,-1,-0.0108,1,none,-0.174,-0.0149,1,none,0,0,1,none,1,0.0023,1,none
d7e63e66a78f513d5bdbb292b22863ad866a4651,b660478164a9137f6c48893f38671eedab22b83e,2025-11-24T23:34:42+01:00,ok,1.0,5.0,1.0,1.0,1.0,0.0,0.0,1.0,6.0,0.0,0.0,0.0,0.0,0.0,0.0,0.0,0.0,0.0,0.0,0.0,0.0,0.0,0.0,0.0,0.0,0.0,0.0,0.0,0.0,0.0,0,0,0,0,0,0,0,0,0.0,0.0,0.0,0.0,0.0,0.0,0.0,0.0,0.0,0.0,0.0,0.0,0.0,0.0,0.0,0.0,0.0,0.0,0.0,0.0,0.0,0.0,0.0,0.0,0.0,0.0,0.0,0.0,0.0,0.0,0.0,0.0,0.0,0.0,0.0,0.0,0.0,0.0,0.0,0.0,0.0,0.0,0.0,0.0,0.0,0.0,0.0,0.0,0.0,0.0,0.0,1.0,0.0,0.0,0.0,0.0,0.0,0.0,0.0,0.0,0.0,0.0,0.0,0.0,0.0,0.0,62.0,0.0,1.0,75.0,199.0646875,6.0,89,88.0,0.0,0,5.377535953812646e-06,3.0179030238016525e-05,none,-7.685,-0.0079,1,none,-8.582,-0.0759,0.99666,none,0,0,1,none,-5.533,-0.2414,1,none,0,0,1,none,-1,-0.0023,1,none
c141960ada4869ee6a3bb8a665e75c0c18ad7f19,d7e63e66a78f513d5bdbb292b22863ad866a4651,2025-11-25T15:46:02+01:00,ok,88.0,6787.0,4617.0,22.0,7.0,0.6461725612591092,0.0,58.0,7653.0,0.0,0.0,0.0,0.0,0.0,0.0,27.0,3633.0,0.0,0.0,0.0,0.0,1.0,1.0,1.0,4.0,0.0,0.0,1.0,113.0,0.0,0,0,0,0,0,0,0,0,36.0,39.0,0.0,0.0,0.0,0.0,0.0,0.0,0.0,0.0,0.0,0.0,1.0,1.0,2.0,0.0,0.0,0.0,1.0,4.0,38.0,38.0,0.0,0.0,0.0,0.0,0.0,0.0,0.0,2.0,0.0,0.0,0.0,0.0,5.0,2.0,0.0,0.0,0.0,0.0,0.0,0.0,0.0,0.0,1.0,6.0,0.0,0.0,0.0,0.0,1.0,0.0,0.0,0.0,0.0,0.0,0.0,0.0,0.0,0.0,0.0,0.0,0.0,0.0,0.0,0.0,59.0,0.0,1.0,72.0,110.55334066358024,21.0,6120,6121.0,0.0,0,0.0003697791355143857,0.002099093970548899,none,2.01,0.0021,1,none,-2.982,-0.0278,0.99666,none,-11,-0.11,1,none,-13.007,-0.6086,0.95617,none,0,0,1,none,-1,-0.0023,1,none
019ce4c52cc82fe654d7e92c2672843c8ff57c96,c141960ada4869ee6a3bb8a665e75c0c18ad7f19,2025-11-26T11:00:33Z,ok,6.0,34.0,29.0,5.0,2.0,0.8458148210494797,0.0,4.0,57.0,0.0,0.0,0.0,0.0,0.0,0.0,1.0,4.0,0.0,0.0,0.0,0.0,1.0,2.0,0.0,0.0,0.0,0.0,0.0,0.0,0.0,0,0,0,0,0,0,0,0,0.0,0.0,0.0,0.0,0.0,0.0,0.0,0.0,0.0,0.0,0.0,0.0,0.0,0.0,0.0,0.0,0.0,0.0,0.0,0.0,0.0,0.0,0.0,0.0,0.0,0.0,0.0,0.0,0.0,0.0,0.0,0.0,0.0,0.0,0.0,0.0,0.0,0.0,0.0,0.0,0.0,0.0,0.0,0.0,0.0,0.0,0.0,0.0,0.0,0.0,0.0,1.0,0.0,0.0,0.0,0.0,0.0,0.0,0.0,0.0,0.0,0.0,0.0,0.0,0.0,0.0,36.0,0.0,1.0,73.0,5.17837962962963,15.0,65,64.0,0.0,0,3.925941048069222e-06,2.190174943645772e-05,none,13.968,0.0144,1,none,-14.012,-0.11,0.99666,none,2,0.022,1,none,10.634,0.9971,1,none,0,0,1,none,2,0.0046,1,none
210dc85c8cd43da0f78b84b59b650de7db1a00a8,019ce4c52cc82fe654d7e92c2672843c8ff57c96,2025-11-26T21:02:36+01:00,ok,1.0,21.0,16.0,1.0,1.0,0.0,0.0,1.0,37.0,0.0,0.0,0.0,0.0,0.0,0.0,0.0,0.0,0.0,0.0,0.0,0.0,0.0,0.0,0.0,0.0,0.0,0.0,0.0,0.0,0.0,0,0,0,0,0,0,0,0,0.0,0.0,0.0,0.0,0.0,0.0,0.0,0.0,0.0,0.0,0.0,0.0,0.0,0.0,0.0,0.0,0.0,0.0,0.0,0.0,0.0,0.0,0.0,0.0,0.0,0.0,0.0,0.0,0.0,0.0,0.0,0.0,0.0,0.0,0.0,0.0,0.0,0.0,0.0,0.0,0.0,0.0,0.0,0.0,0.0,0.0,0.0,0.0,0.0,0.0,0.0,1.0,0.0,0.0,0.0,0.0,0.0,0.0,0.0,0.0,0.0,0.0,0.0,0.0,0.0,0.0,70.0,0.0,1.0,210.0,1.219837962962963,7.0,-25,-23.0,0.0,0,-1.5099713981217768e-06,-7.870768820120424e-06,none,1.35,0.0014,1,none,-5.457,-0.0506,0.99666,none,-10,-0.101,1,none,-6.854,-0.3758,1,none,0,0,1,none,0,0,1,none
7497a082700396608054747ede53ca7c74f1042e,210dc85c8cd43da0f78b84b59b650de7db1a00a8,2025-12-01T12:08:55+01:00,ok,1.0,6.0,24.0,1.0,1.0,0.0,0.0,1.0,30.0,0.0,0.0,0.0,0.0,0.0,0.0,0.0,0.0,0.0,0.0,0.0,0.0,0.0,0.0,0.0,0.0,0.0,0.0,0.0,0.0,0.0,0,0,0,0,0,0,0,0,0.0,0.0,0.0,0.0,0.0,0.0,0.0,0.0,0.0,0.0,0.0,0.0,0.0,0.0,0.0,0.0,0.0,0.0,0.0,0.0,0.0,0.0,0.0,0.0,0.0,0.0,0.0,0.0,0.0,0.0,0.0,0.0,0.0,0.0,0.0,0.0,0.0,0.0,0.0,0.0,0.0,0.0,0.0,0.0,0.0,0.0,0.0,0.0,0.0,0.0,0.0,1.0,0.0,0.0,0.0,0.0,0.0,0.0,0.0,0.0,0.0,0.0,0.0,0.0,0.0,0.0,62.0,0.0,1.0,76.0,5.849224537037037,6.0,0,-2.0,0.0,0,0.0,-6.844200669225941e-07,none,-0.758,-0.0008,1,none,-13.056,-0.1182,0.99666,none,14,0.1538,1,none,-2.29,-0.1022,1,none,0,0,1,none,-13,-0.0288,1,none
51ad8951d4d804190647eafcb448d58516047ade,7497a082700396608054747ede53ca7c74f1042e,2025-12-01T12:10:13+01:00,ok,57.0,244.0,188.0,1.0,1.0,0.5483281898668654,0.0,0.0,0.0,0.0,0.0,0.0,0.0,0.0,0.0,0.0,0.0,0.0,0.0,0.0,0.0,57.0,432.0,0.0,0.0,0.0,0.0,0.0,0.0,0.0,0,0,0,0,0,0,0,0,0.0,0.0,0.0,0.0,0.0,0.0,0.0,0.0,0.0,0.0,0.0,0.0,0.0,0.0,0.0,0.0,0.0,0.0,0.0,0.0,0.0,0.0,0.0,0.0,0.0,0.0,0.0,0.0,0.0,0.0,0.0,0.0,0.0,0.0,0.0,0.0,0.0,0.0,0.0,0.0,0.0,0.0,0.0,0.0,0.0,0.0,0.0,0.0,0.0,0.0,0.0,0.0,0.0,0.0,1.0,0.0,0.0,0.0,0.0,0.0,0.0,0.0,0.0,0.0,0.0,0.0,48.0,0.0,1.0,63.0,27.52366898148148,2.0,2816,2818.0,0.0,0,0.00017008343510555924,0.0009643485343134235,regression,243.807,0.2505,0.00094,regression,5.62,0.0535,0.99666,none,2.5,0.0266,1,none,0.548,0.0388,1,none,0.001,0.1318,0.00005,none,54,0.1236,0.00353,regression
451bcac0b7b99f4fafca82adaad37f0b4aeb310e,51ad8951d4d804190647eafcb448d58516047ade,2025-12-01T17:06:08Z,ok,2.0,35.0,32.0,2.0,2.0,0.8395304981054318,0.0,1.0,49.0,0.0,0.0,0.0,0.0,0.0,0.0,0.0,0.0,1.0,18.0,0.0,0.0,0.0,0.0,0.0,0.0,0.0,0.0,0.0,0.0,0.0,0,0,0,0,0,0,0,0,0.0,0.0,0.0,0.0,0.0,0.0,0.0,0.0,0.0,0.0,0.0,0.0,0.0,0.0,0.0,0.0,0.0,0.0,0.0,0.0,0.0,0.0,0.0,0.0,0.0,0.0,0.0,0.0,0.0,0.0,0.0,0.0,0.0,0.0,0.0,0.0,0.0,0.0,0.0,0.0,0.0,0.0,0.0,0.0,2.0,2.0,0.0,0.0,0.0,0.0,0.0,1.0,0.0,0.0,0.0,0.0,0.0,0.0,0.0,0.0,0.0,0.0,0.0,0.0,0.0,0.0,40.0,0.0,2.0,74.0,4.877453703703703,7.0,34,33.0,0.0,0,2.0532149844112673e-06,1.1282058996279656e-05,none,10.413,0.0086,1,none,-15.026,-0.1365,0.99666,none,-0.5,-0.0052,1,none,3.889,0.3642,0.95617,none,0,0,1,none,-1,-0.002,1,none
d080833f4d359e808cd12acdc7dd1c9187c956e5,451bcac0b7b99f4fafca82adaad37f0b4aeb310e,2025-12-01T22:37:42+01:00,ok,13.0,31.0,31.0,10.0,6.0,0.8862411340512183,0.0,8.0,46.0,0.0,0.0,0.0,0.0,0.0,0.0,1.0,2.0,0.0,0.0,0.0,0.0,0.0,0.0,3.0,6.0,1.0,8.0,0.0,0.0,0.0,0,0,0,0,0,0,3,3,0.0,0.0,0.0,0.0,0.0,0.0,0.0,0.0,0.0,0.0,0.0,0.0,0.0,0.0,0.0,0.0,0.0,0.0,0.0,0.0,0.0,0.0,0.0,0.0,0.0,0.0,0.0,0.0,0.0,0.0,0.0,0.0,0.0,0.0,0.0,0.0,0.0,0.0,0.0,0.0,0.0,0.0,0.0,0.0,0.0,0.0,0.0,0.0,0.0,0.0,0.0,0.0,0.0,0.0,1.0,0.0,0.0,0.0,0.0,0.0,0.0,0.0,0.0,0.0,0.0,0.0,37.0,0.0,1.0,211.0,135.52400778619528,14.0,0,0.0,0.0,0,0.0,0.0,none,-14.393,-0.0116,1,none,3.901,0.0411,0.99666,none,-18,-0.1682,1,none,10.309,1.4742,0.95617,none,0,0,1,none,-21,-0.0413,1,none
8d18078f5c719166c30eb373312c130664a56ffe,d080833f4d359e808cd12acdc7dd1c9187c956e5,2025-12-03T12:47:30+01:00,ok,8.0,81.0,65.0,4.0,2.0,0.5981718040322369,0.0,1.0,7.0,0.0,0.0,0.0,0.0,0.0,0.0,7.0,139.0,0.0,0.0,0.0,0.0,0.0,0.0,0.0,0.0,0.0,0.0,0.0,0.0,0.0,0,0,0,0,0,0,0,0,0.0,0.0,0.0,0.0,0.0,0.0,0.0,0.0,0.0,0.0,0.0,0.0,0.0,0.0,0.0,0.0,0.0,0.0,0.0,0.0,0.0,0.0,0.0,0.0,0.0,0.0,0.0,0.0,0.0,0.0,0.0,0.0,0.0,0.0,0.0,0.0,0.0,0.0,0.0,0.0,0.0,0.0,0.0,0.0,0.0,0.0,0.0,0.0,0.0,0.0,0.0,1.0,0.0,0.0,0.0,0.0,0.0,0.0,0.0,0.0,0.0,0.0,0.0,0.0,0.0,0.0,37.0,0.0,1.0,75.0,1.7787268518518518,7.0,-41,-41.0,0.0,0,-2.475930632878064e-06,-1.4016945461432717e-05,none,-20.139,-0.0165,1,none,-9.178,-0.0857,0.99666,none,-24,-0.2243,1,none,-1.686,-0.0984,1,none,0,0,1,none,14,0.0287,1,none
bf4c65f4835f5ce13d0c807797b849ad5d6b0121,8d18078f5c719166c30eb373312c130664a56ffe,2025-12-09T19:36:28+01:00,ok,4.0,36.0,31.0,3.0,2.0,0.7594302588540913,0.0,4.0,67.0,0.0,0.0,0.0,0.0,0.0,0.0,0.0,0.0,0.0,0.0,0.0,0.0,0.0,0.0,0.0,0.0,0.0,0.0,0.0,0.0,0.0,0,0,0,0,0,0,0,0,0.0,0.0,0.0,0.0,0.0,0.0,0.0,0.0,0.0,0.0,0.0,0.0,0.0,0.0,0.0,0.0,0.0,0.0,0.0,0.0,0.0,0.0,0.0,0.0,0.0,0.0,0.0,0.0,0.0,0.0,0.0,0.0,0.0,0.0,0.0,0.0,0.0,0.0,0.0,0.0,0.0,0.0,0.0,0.0,0.0,0.0,0.0,0.0,0.0,0.0,0.0,1.0,0.0,0.0,0.0,0.0,0.0,0.0,0.0,0.0,0.0,0.0,0.0,0.0,0.0,0.0,53.0,0.0,1.0,76.0,11.980164930555556,12.0,83,83.0,0.0,0,5.0122622277911344e-06,2.837616538859962e-05,none,-8.687,-0.0071,1,none,-20.027,-0.1577,0.99666,none,11,0.1158,1,none,-11.101,-0.4122,1,none,0,0,1,none,14,0.0285,1,none
f06484c6ab72ce7c399f0cf73cda46b3fc7b82ab,bf4c65f4835f5ce13d0c807797b849ad5d6b0121,2025-12-15T09:49:46Z,ok,4.0,60.0,11.0,3.0,2.0,0.8419348446417636,0.0,4.0,71.0,0.0,0.0,0.0,0.0,0.0,0.0,0.0,0.0,0.0,0.0,0.0,0.0,0.0,0.0,0.0,0.0,0.0,0.0,0.0,0.0,0.0,0,0,0,0,0,0,0,0,0.0,0.0,0.0,0.0,0.0,0.0,0.0,0.0,0.0,0.0,0.0,0.0,0.0,0.0,0.0,0.0,0.0,0.0,0.0,0.0,0.0,0.0,0.0,0.0,0.0,0.0,0.0,0.0,0.0,0.0,0.0,0.0,0.0,0.0,0.0,0.0,0.0,0.0,0.0,0.0,0.0,0.0,0.0,0.0,0.0,0.0,0.0,0.0,0.0,0.0,0.0,1.0,0.0,0.0,0.0,0.0,0.0,0.0,0.0,0.0,0.0,0.0,0.0,0.0,0.0,0.0,73.0,0.0,1.0,77.0,5.634236111111111,12.0,89,87.0,0.0,0,5.374567498287385e-06,2.9742847443465514e-05,none,2.878,0.0024,1,none,9.049,0.0929,0.99666,none,-5.5,-0.0601,1,none,9.844,0.962,0.95617,none,0,0,1,none,2,0.0041,1,none
859207b8bca11149047efdb8b5b5b3cb6cb87e99,f06484c6ab72ce7c399f0cf73cda46b3fc7b82ab,2025-12-17T16:22:24+01:00,ok,7.0,47.0,27.0,3.0,3.0,0.6390988781862176,0.0,2.0,54.0,0.0,0.0,0.0,0.0,0.0,0.0,0.0,0.0,0.0,0.0,0.0,0.0,0.0,0.0,0.0,0.0,0.0,0.0,5.0,20.0,0.0,0,0,0,0,0,0,0,0,0.0,0.0,0.0,0.0,0.0,0.0,0.0,0.0,0.0,0.0,0.0,0.0,0.0,0.0,0.0,0.0,0.0,0.0,0.0,0.0,0.0,0.0,0.0,0.0,0.0,0.0,0.0,0.0,0.0,0.0,0.0,0.0,0.0,0.0,0.0,0.0,0.0,0.0,0.0,0.0,0.0,0.0,0.0,0.0,0.0,0.0,0.0,0.0,0.0,0.0,0.0,1.0,0.0,0.0,0.0,0.0,0.0,0.0,0.0,0.0,0.0,0.0,0.0,0.0,0.0,0.0,43.0,0.0,2.0,78.0,6.0267427248677246,16.0,47,49.0,0.0,0,2.838239491976871e-06,1.675122044606107e-05,none,29.361,0.0239,1,none,3.419,0.0358,0.99666,none,6,0.0571,1,none,-5.089,-0.2659,0.95617,none,0,0,1,none,-36,-0.0688,1,none
071b17a2179fa19891f8c20d870d50e8fb65a6b5,859207b8bca11149047efdb8b5b5b3cb6cb87e99,2025-12-19T18:23:09+01:00,ok,1.0,2.0,1.0,1.0,1.0,0.0,0.0,1.0,3.0,0.0,0.0,0.0,0.0,0.0,0.0,0.0,0.0,0.0,0.0,0.0,0.0,0.0,0.0,0.0,0.0,0.0,0.0,0.0,0.0,0.0,0,0,0,0,0,0,0,0,0.0,0.0,0.0,0.0,0.0,0.0,0.0,0.0,0.0,0.0,0.0,0.0,0.0,0.0,0.0,0.0,0.0,0.0,0.0,0.0,0.0,0.0,0.0,0.0,0.0,0.0,0.0,0.0,0.0,0.0,0.0,0.0,0.0,0.0,0.0,0.0,0.0,0.0,0.0,0.0,0.0,0.0,0.0,0.0,0.0,0.0,0.0,0.0,0.0,0.0,0.0,1.0,0.0,0.0,0.0,0.0,0.0,0.0,0.0,0.0,0.0,0.0,0.0,0.0,0.0,0.0,84.0,0.0,1.0,77.0,70.81571759259259,2.0,23,22.0,0.0,0,1.3889217667471355e-06,7.520830135556126e-06,none,-20.083,-0.0162,0.54011,none,-0.932,-0.0096,1,none,-10,-0.0952,1,none,8.746,1.018,0.18056,none,0,0,1,none,1,0.002,1,none
7cc31ac64a9ec3f9ce5bc3a09cd3716c2eb07370,071b17a2179fa19891f8c20d870d50e8fb65a6b5,2025-12-20T06:31:02+01:00,ok,1.0,0.0,1.0,1.0,1.0,0.0,0.0,1.0,1.0,0.0,0.0,0.0,0.0,0.0,0.0,0.0,0.0,0.0,0.0,0.0,0.0,0.0,0.0,0.0,0.0,0.0,0.0,0.0,0.0,0.0,0,0,0,0,0,0,0,0,0.0,0.0,0.0,0.0,0.0,0.0,0.0,0.0,0.0,0.0,0.0,0.0,0.0,0.0,0.0,0.0,0.0,0.0,0.0,0.0,0.0,0.0,0.0,0.0,0.0,0.0,0.0,0.0,0.0,0.0,0.0,0.0,0.0,0.0,0.0,0.0,0.0,0.0,0.0,0.0,0.0,0.0,0.0,0.0,0.0,0.0,0.0,0.0,0.0,0.0,0.0,1.0,0.0,0.0,0.0,0.0,0.0,0.0,0.0,0.0,0.0,0.0,0.0,0.0,0.0,0.0,58.0,0.0,1.0,1.0,85.37782407407407,6.0,-50,-49.0,0.0,0,-3.019390951404654e-06,-1.675081386734928e-05,none,-15.614,-0.0126,1,none,5.484,0.0523,1,none,-5,-0.0526,1,none,5.06,0.3822,0.95617,none,0,0,1,none,-2,-0.0039,1,none
d87620b23907cef9a119c758124569b5f44991a4,7cc31ac64a9ec3f9ce5bc3a09cd3716c2eb07370,2025-12-21T22:14:21+01:00,ok,22.0,44.0,45.0,10.0,4.0,0.8888783078734472,0.0,20.0,85.0,0.0,0.0,0.0,0.0,0.0,0.0,2.0,4.0,0.0,0.0,0.0,0.0,0.0,0.0,0.0,0.0,0.0,0.0,0.0,0.0,0.0,0,0,0,0,0,0,0,0,15.0,19.0,0.0,0.0,0.0,0.0,0.0,0.0,0.0,0.0,0.0,0.0,0.0,0.0,0.0,0.0,0.0,0.0,0.0,0.0,0.0,0.0,0.0,0.0,0.0,0.0,0.0,0.0,0.0,0.0,0.0,0.0,0.0,0.0,0.0,0.0,0.0,0.0,0.0,0.0,0.0,0.0,0.0,0.0,0.0,0.0,0.0,0.0,0.0,0.0,0.0,1.0,0.0,0.0,0.0,0.0,0.0,0.0,0.0,0.0,0.0,0.0,0.0,0.0,0.0,0.0,32.0,0.0,1.0,79.0,95.82678849902534,15.0,295,296.0,0.0,0,1.7814460402108e-05,0.00010119028491218666,none,19.192,0.0158,1,none,-0.004,0,1,none,-1,-0.0101,1,none,1.068,0.0701,1,none,0,0,1,none,0,0,1,none
e95222ed323d45adf2183bae835c9fb6708e7029,d87620b23907cef9a119c758124569b5f44991a4,2025-12-28T21:53:25+01:00,ok,12.0,484.0,30.0,9.0,3.0,0.29325579471198926,0.0,9.0,501.0,0.0,0.0,0.0,0.0,0.0,0.0,3.0,13.0,0.0,0.0,0.0,0.0,0.0,0.0,0.0,0.0,0.0,0.0,0.0,0.0,0.0,0,0,0,0,0,0,0,0,14.0,3.0,0.0,0.0,0.0,0.0,0.0,0.0,0.0,0.0,0.0,0.0,0.0,0.0,0.0,0.0,0.0,0.0,5.0,0.0,3.0,0.0,0.0,0.0,0.0,0.0,0.0,0.0,3.0,0.0,0.0,0.0,0.0,0.0,0.0,0.0,0.0,0.0,0.0,0.0,0.0,0.0,0.0,0.0,8.0,0.0,0.0,0.0,0.0,0.0,0.0,1.0,0.0,0.0,0.0,0.0,0.0,0.0,0.0,0.0,0.0,0.0,0.0,0.0,0.0,0.0,56.0,0.0,1.0,64.0,80.1412962962963,19.0,-61,-62.0,0.0,0,-3.683602461757564e-06,-2.1193117842622642e-05,none,-8.226,-0.0067,1,none,0.875,0.0077,0.99666,none,7,0.0729,1,none,0.777,0.0415,1,none,0,0,1,none,-1,-0.002,1,none
0586fc138cc3e1ed893d5204af78a13a352fffc6,e95222ed323d45adf2183bae835c9fb6708e7029,2026-01-02T11:08:27+01:00,ok,6.0,94.0,0.0,3.0,3.0,0.6156877278354431,0.0,3.0,63.0,1.0,25.0,0.0,0.0,0.0,0.0,0.0,0.0,0.0,0.0,0.0,0.0,0.0,0.0,1.0,1.0,1.0,5.0,0.0,0.0,0.0,1,0,0,0,0,0,0,0,4.0,0.0,1.0,0.0,0.0,0.0,1.0,0.0,0.0,0.0,0.0,0.0,0.0,0.0,0.0,0.0,0.0,0.0,0.0,0.0,0.0,0.0,0.0,0.0,0.0,0.0,0.0,0.0,0.0,0.0,0.0,0.0,1.0,0.0,0.0,0.0,0.0,0.0,0.0,0.0,0.0,0.0,0.0,0.0,6.0,0.0,0.0,0.0,0.0,0.0,1.0,0.0,0.0,0.0,0.0,0.0,0.0,0.0,0.0,0.0,0.0,0.0,0.0,0.0,0.0,0.0,56.0,0.0,1.0,0.0,278.34769675925924,8.0,4604,4540.0,65.0,1,0.0002780224295983983,0.001551916035189525,none,-13.401,-0.0109,1,none,0.968,0.0086,0.99666,none,-15,-0.1613,1,none,-3.923,-0.1958,1,none,0,0,1,none,-34,-0.0649,1,none
6c908553a9cbd2e50bfabc49bc6045c5ba97d702,0586fc138cc3e1ed893d5204af78a13a352fffc6,2026-01-04T15:13:38+01:00,ok,12.0,342.0,259.0,9.0,6.0,0.8153915292189231,0.0,11.0,436.0,0.0,0.0,0.0,0.0,0.0,0.0,1.0,165.0,0.0,0.0,0.0,0.0,0.0,0.0,0.0,0.0,0.0,0.0,0.0,0.0,0.0,0,0,0,0,0,0,0,0,7.0,7.0,0.0,0.0,0.0,0.0,0.0,0.0,0.0,0.0,0.0,0.0,0.0,0.0,0.0,0.0,0.0,0.0,0.0,0.0,1.0,0.0,0.0,0.0,0.0,0.0,0.0,0.0,0.0,0.0,0.0,0.0,1.0,3.0,0.0,0.0,0.0,0.0,0.0,0.0,0.0,0.0,0.0,0.0,0.0,0.0,0.0,0.0,0.0,0.0,0.0,1.0,0.0,0.0,0.0,0.0,0.0,0.0,0.0,0.0,0.0,0.0,0.0,0.0,0.0,0.0,65.0,0.0,1.0,213.0,59.79653198653198,22.0,28,28.0,0.0,0,1.69037018442965e-06,9.556457503116088e-06,none,1.203,0.001,1,none,-5.512,-0.0497,1,none,-1,-0.0097,1,none,4.7,0.4887,1,none,0,0,1,none,5,0.0103,1,none
b5fc873323e16f181860a4e731c731b4e40badd1,6c908553a9cbd2e50bfabc49bc6045c5ba97d702,2026-01-04T15:15:46+01:00,ok,8.0,289.0,289.0,1.0,1.0,0.35624542004604426,0.0,0.0,0.0,0.0,0.0,0.0,0.0,0.0,0.0,0.0,0.0,0.0,0.0,0.0,0.0,8.0,578.0,0.0,0.0,0.0,0.0,0.0,0.0,0.0,0,0,0,0,0,0,0,0,0.0,0.0,0.0,0.0,0.0,0.0,0.0,0.0,0.0,0.0,0.0,0.0,0.0,0.0,0.0,0.0,0.0,0.0,0.0,0.0,0.0,0.0,0.0,0.0,0.0,0.0,0.0,0.0,0.0,0.0,0.0,0.0,0.0,0.0,0.0,0.0,0.0,0.0,0.0,0.0,0.0,0.0,0.0,0.0,0.0,0.0,0.0,0.0,0.0,0.0,0.0,0.0,0.0,0.0,1.0,0.0,0.0,0.0,0.0,0.0,0.0,0.0,0.0,0.0,0.0,0.0,48.0,0.0,1.0,64.0,34.12885416666666,2.0,3185,3184.0,0.0,0,0.00019227928345570485,0.0010866953539678031,none,-16.422,-0.0134,1,none,28.511,0.3025,0.99666,none,-7,-0.0686,1,none,14.976,1.022,1,none,0,0,1,none,-1,-0.002,1,none
63e1148280163a36326b7efb5fdfeefebabdb3e4,b5fc873323e16f181860a4e731c731b4e40badd1,2026-01-04T15:16:35+01:00,ok,30.0,1069.0,388.0,20.0,5.0,0.778189353989664,0.0,20.0,905.0,1.0,13.0,0.0,0.0,0.0,0.0,6.0,430.0,0.0,0.0,0.0,0.0,0.0,0.0,1.0,6.0,1.0,10.0,1.0,93.0,0.0,1,0,0,0,1,0,0,0,10.0,9.0,0.0,0.0,0.0,0.0,0.0,0.0,0.0,0.0,0.0,0.0,1.0,1.0,0.0,0.0,1.0,0.0,3.0,1.0,3.0,3.0,0.0,1.0,1.0,0.0,3.0,7.0,0.0,1.0,0.0,0.0,0.0,0.0,0.0,0.0,0.0,0.0,0.0,0.0,0.0,2.0,0.0,0.0,0.0,0.0,1.0,3.0,0.0,0.0,1.0,0.0,0.0,0.0,0.0,0.0,0.0,0.0,0.0,0.0,0.0,0.0,0.0,0.0,0.0,0.0,67.0,0.0,1.0,214.0,128.66220433501684,20.0,4356,4364.0,-7.0,0,0.00026292230537230667,0.0014878111311728479,none,-23.894,-0.0196,1,none,18.258,0.1653,0.99666,none,12,0.1412,1,none,-2.782,-0.1058,1,none,0,0,1,none,-2,-0.0042,1,none
c158187f20e9eb60c7b0dd5256f0030594883867,63e1148280163a36326b7efb5fdfeefebabdb3e4,2026-01-04T17:51:53+01:00,ok,1.0,22.0,5.0,1.0,1.0,0.0,0.0,1.0,27.0,0.0,0.0,0.0,0.0,0.0,0.0,0.0,0.0,0.0,0.0,0.0,0.0,0.0,0.0,0.0,0.0,0.0,0.0,0.0,0.0,0.0,0,0,0,0,0,0,0,0,1.0,1.0,0.0,0.0,0.0,0.0,0.0,0.0,0.0,0.0,0.0,0.0,0.0,0.0,0.0,0.0,0.0,0.0,0.0,0.0,0.0,0.0,0.0,0.0,0.0,0.0,0.0,0.0,0.0,0.0,0.0,0.0,0.0,0.0,0.0,0.0,0.0,0.0,0.0,0.0,0.0,0.0,0.0,0.0,0.0,0.0,0.0,0.0,0.0,0.0,0.0,1.0,0.0,0.0,0.0,0.0,0.0,0.0,0.0,0.0,0.0,0.0,0.0,0.0,0.0,0.0,37.0,0.0,1.0,215.0,157.19506944444444,6.0,21,20.0,0.0,0,1.2671986004334544e-06,6.808436469798456e-06,none,-5.479,-0.0043,1,none,-3.218,-0.028,0.99666,none,-10,-0.1075,1,none,-3.067,-0.1336,1,none,0,0,1,none,19,0.039,1,none
cc6c29c0b9298653301a0d18b9c6511730e0b480,c158187f20e9eb60c7b0dd5256f0030594883867,2026-01-07T12:55:33+01:00,ok,3.0,73.0,1.0,2.0,2.0,0.512132189026103,0.0,1.0,12.0,0.0,0.0,0.0,0.0,0.0,0.0,1.0,60.0,0.0,0.0,0.0,0.0,0.0,0.0,0.0,0.0,0.0,0.0,1.0,2.0,0.0,0,0,0,0,0,0,0,0,0.0,0.0,0.0,0.0,0.0,0.0,0.0,0.0,0.0,0.0,0.0,0.0,0.0,0.0,0.0,0.0,0.0,0.0,0.0,0.0,0.0,0.0,0.0,0.0,0.0,0.0,0.0,0.0,0.0,0.0,0.0,0.0,0.0,0.0,0.0,0.0,0.0,0.0,0.0,0.0,0.0,0.0,0.0,0.0,0.0,0.0,0.0,0.0,0.0,0.0,0.0,1.0,0.0,0.0,0.0,0.0,0.0,0.0,0.0,0.0,0.0,0.0,0.0,0.0,0.0,0.0,50.0,0.0,2.0,217.0,1.9773495370370369,8.0,121,122.0,0.0,0,7.301468397706036e-06,4.153117970337206e-05,none,15.867,0.0128,1,none,0.177,0.0017,0.99666,none,7,0.0729,1,none,1.509,0.0797,1,none,0,0,1,none,2,0.0041,1,none
b9a255407fc5e68893016de56057614da26df50c,cc6c29c0b9298653301a0d18b9c6511730e0b480,2026-01-10T18:15:14+01:00,ok,78.0,526.0,410.0,22.0,6.0,0.7853175758595617,0.0,15.0,381.0,56.0,444.0,0.0,0.0,0.0,0.0,3.0,12.0,0.0,0.0,0.0,0.0,0.0,0.0,2.0,2.0,1.0,5.0,1.0,92.0,0.0,0,2,0,0,0,0,0,0,4.0,19.0,0.0,0.0,0.0,0.0,0.0,0.0,0.0,1.0,0.0,0.0,0.0,0.0,0.0,0.0,0.0,0.0,1.0,0.0,0.0,1.0,0.0,0.0,0.0,0.0,0.0,0.0,2.0,2.0,0.0,0.0,0.0,0.0,0.0,0.0,0.0,0.0,0.0,0.0,0.0,2.0,0.0,0.0,6.0,7.0,7.0,7.0,1.0,1.0,0.0,0.0,0.0,1.0,0.0,0.0,0.0,0.0,0.0,0.0,0.0,0.0,0.0,0.0,0.0,0.0,61.0,0.0,1.0,218.0,362.96775231481485,14.0,-523,-545.0,21.0,0,-3.1559009010911694e-05,-0.00018552092573920727,none,2.565,0.002,1,none,1.177,0.0125,0.99666,none,-1,-0.0104,1,none,1.029,0.0582,1,none,0,0,1,none,2,0.0041,1,none
da592058467be7da090e5ea763852198040807cd,b9a255407fc5e68893016de56057614da26df50c,2026-01-12T15:02:56+01:00,ok,2.0,24.0,6.0,2.0,2.0,0.9709505944546686,0.0,2.0,30.0,0.0,0.0,0.0,0.0,0.0,0.0,0.0,0.0,0.0,0.0,0.0,0.0,0.0,0.0,0.0,0.0,0.0,0.0,0.0,0.0,0.0,0,0,0,0,0,0,0,0,1.0,0.0,0.0,0.0,0.0,0.0,0.0,0.0,0.0,0.0,0.0,0.0,0.0,0.0,0.0,0.0,0.0,0.0,0.0,0.0,1.0,0.0,0.0,0.0,0.0,0.0,0.0,0.0,0.0,0.0,0.0,0.0,0.0,0.0,0.0,0.0,0.0,0.0,0.0,0.0,0.0,0.0,0.0,0.0,0.0,0.0,0.0,0.0,0.0,0.0,0.0,1.0,0.0,0.0,0.0,0.0,0.0,0.0,0.0,0.0,0.0,0.0,0.0,0.0,0.0,0.0,41.0,0.0,1.0,80.0,58.92220486111111,5.0,99,101.0,0.0,0,5.974073606741941e-06,3.4387321768979165e-05,none,9.015,0.0072,1,none,-5.545,-0.0511,0.99666,none,11,0.1196,1,none,-5.24,-0.2684,1,none,0,0,1,none,-1,-0.002,1,none
3b97f5a10cc576cbe7863a2e4772203ebb13b606,da592058467be7da090e5ea763852198040807cd,2026-01-12T15:24:50+01:00,ok,4.0,147.0,6.0,4.0,3.0,0.5764741698416789,0.0,3.0,147.0,0.0,0.0,0.0,0.0,0.0,0.0,0.0,0.0,0.0,0.0,0.0,0.0,0.0,0.0,1.0,6.0,0.0,0.0,0.0,0.0,0.0,0,0,0,0,0,0,0,0,7.0,1.0,0.0,0.0,0.0,0.0,0.0,0.0,0.0,0.0,0.0,0.0,0.0,0.0,0.0,0.0,0.0,0.0,2.0,0.0,4.0,0.0,0.0,0.0,0.0,0.0,0.0,0.0,0.0,0.0,0.0,0.0,0.0,0.0,0.0,0.0,0.0,0.0,0.0,0.0,0.0,0.0,0.0,0.0,0.0,0.0,0.0,0.0,0.0,0.0,1.0,0.0,0.0,0.0,0.0,0.0,0.0,0.0,0.0,0.0,0.0,0.0,0.0,0.0,0.0,0.0,84.0,0.0,1.0,81.0,88.62381172839507,5.0,99,98.0,0.0,0,5.974037917399693e-06,3.336476884683869e-05,none,-69.274,-0.0543,1,none,2.553,0.0238,1,none,-32.5,-0.2529,1,none,1.18,0.0506,1,none,0,0,1,none,-12,-0.0238,1,none
6ebf52279dbf5173c3c4bca0af52c4e222acd6b4,3b97f5a10cc576cbe7863a2e4772203ebb13b606,2026-01-15T15:27:00+01:00,ok,1.0,4.0,1.0,1.0,1.0,0.0,0.0,1.0,5.0,0.0,0.0,0.0,0.0,0.0,0.0,0.0,0.0,0.0,0.0,0.0,0.0,0.0,0.0,0.0,0.0,0.0,0.0,0.0,0.0,0.0,0,0,0,0,0,0,0,0,0.0,0.0,0.0,0.0,0.0,0.0,0.0,0.0,0.0,0.0,0.0,0.0,0.0,0.0,0.0,0.0,0.0,0.0,0.0,0.0,0.0,0.0,0.0,0.0,0.0,0.0,0.0,0.0,0.0,0.0,0.0,0.0,0.0,0.0,0.0,0.0,0.0,0.0,0.0,0.0,0.0,0.0,0.0,0.0,0.0,0.0,0.0,0.0,0.0,0.0,0.0,1.0,0.0,0.0,0.0,0.0,0.0,0.0,0.0,0.0,0.0,0.0,0.0,0.0,0.0,0.0,40.0,0.0,1.0,82.0,31.192523148148148,5.0,14,15.0,0.0,0,8.448083959472127e-07,5.106681991251914e-06,none,-19.28,-0.0153,1,none,-1.238,-0.0128,0.99666,none,3.5,0.0352,1,none,0.677,0.0473,1,none,0,0,1,none,3,0.0061,1,none
a0b98a944f1ddedba090b8a6908ff38b9132177e,6ebf52279dbf5173c3c4bca0af52c4e222acd6b4,2026-01-15T19:15:41+01:00,ok,45.0,5225.0,941.0,15.0,6.0,0.8153609081810353,0.0,30.0,3040.0,5.0,843.0,0.0,0.0,0.0,0.0,5.0,1375.0,0.0,0.0,0.0,0.0,1.0,49.0,1.0,2.0,1.0,851.0,2.0,6.0,0.0,0,0,1,1,0,0,0,0,111.0,25.0,0.0,0.0,0.0,0.0,9.0,0.0,4.0,0.0,7.0,3.0,55.0,6.0,1.0,0.0,0.0,0.0,3.0,0.0,19.0,0.0,1.0,0.0,0.0,1.0,3.0,0.0,0.0,0.0,0.0,0.0,16.0,7.0,7.0,1.0,0.0,0.0,0.0,0.0,1.0,0.0,0.0,0.0,182.0,20.0,13.0,1.0,0.0,2.0,1.0,0.0,0.0,0.0,0.0,0.0,0.0,0.0,0.0,0.0,0.0,0.0,0.0,0.0,0.0,0.0,31.0,0.0,1.0,0.0,227.7733060515873,13.0,-244737,-246721.0,1952.0,-1,-0.014768264123570261,-0.08399461690378004,regression,93.263,0.0747,0.00003,regression,-0.03,-0.0003,0.99666,none,-5.5,-0.0545,1,none,-1.365,-0.0757,1,none,0,0,1,none,1,0.002,1,none
24a69418615196827688d7c495450740ba5c7a40,a0b98a944f1ddedba090b8a6908ff38b9132177e,2026-01-16T09:52:18+01:00,ok,12.0,66.0,49.0,8.0,2.0,0.8050925622567742,0.0,8.0,100.0,0.0,0.0,0.0,0.0,0.0,0.0,1.0,3.0,0.0,0.0,0.0,0.0,1.0,2.0,1.0,2.0,1.0,8.0,0.0,0.0,0.0,0,0,1,0,0,0,0,0,2.0,2.0,0.0,0.0,0.0,0.0,1.0,1.0,0.0,0.0,0.0,0.0,2.0,2.0,0.0,0.0,0.0,0.0,0.0,0.0,0.0,0.0,0.0,0.0,0.0,0.0,0.0,0.0,0.0,0.0,0.0,0.0,2.0,2.0,0.0,0.0,0.0,0.0,0.0,0.0,0.0,0.0,0.0,0.0,0.0,0.0,0.0,0.0,0.0,0.0,0.0,1.0,0.0,0.0,0.0,0.0,0.0,0.0,0.0,0.0,0.0,0.0,0.0,0.0,0.0,0.0,42.0,0.0,1.0,219.0,0.608761574074074,13.0,188,188.0,0.0,0,1.1514611122795855e-05,6.987231948597759e-05,none,42.941,0.0314,1,none,0.974,0.0103,0.99666,none,19,0.2639,1,none,2.649,0.1913,1,none,0,0,1,none,2,0.0041,1,none
5a73b9a3634da128ab69778c59af638d1e779fee,24a69418615196827688d7c495450740ba5c7a40,2026-01-16T15:10:00+01:00,ok,9.0,262.0,109.0,6.0,4.0,0.6799231493401869,0.0,9.0,371.0,0.0,0.0,0.0,0.0,0.0,0.0,0.0,0.0,0.0,0.0,0.0,0.0,0.0,0.0,0.0,0.0,0.0,0.0,0.0,0.0,0.0,0,0,0,0,0,0,0,0,10.0,6.0,0.0,0.0,0.0,0.0,1.0,0.0,12.0,0.0,1.0,0.0,0.0,0.0,0.0,0.0,0.0,0.0,0.0,0.0,2.0,2.0,0.0,0.0,0.0,0.0,0.0,0.0,0.0,0.0,0.0,0.0,10.0,0.0,0.0,2.0,0.0,0.0,0.0,0.0,0.0,0.0,0.0,0.0,0.0,0.0,0.0,0.0,0.0,0.0,0.0,0.0,0.0,1.0,0.0,0.0,0.0,0.0,0.0,0.0,0.0,0.0,0.0,0.0,0.0,0.0,48.0,0.0,1.0,220.0,17.615361689814815,10.0,319,321.0,0.0,0,1.9537865178930708e-05,0.00011929493349586184,none,17.863,0.0128,1,none,17.186,0.1814,0.99666,none,3,0.0323,1,none,2.159,0.1276,1,none,0,0,1,none,-15,-0.0298,1,none
0443511954a8a557866a98a939e2a506acb4858b,5a73b9a3634da128ab69778c59af638d1e779fee,2026-01-17T18:17:04+01:00,ok,4.0,28.0,4.0,3.0,1.0,0.7306258161186103,0.0,2.0,11.0,2.0,21.0,0.0,0.0,0.0,0.0,0.0,0.0,0.0,0.0,0.0,0.0,0.0,0.0,0.0,0.0,0.0,0.0,0.0,0.0,0.0,0,0,0,0,0,0,0,0,0.0,0.0,0.0,0.0,0.0,0.0,0.0,0.0,0.0,0.0,0.0,0.0,0.0,0.0,0.0,0.0,0.0,0.0,0.0,0.0,0.0,0.0,0.0,0.0,0.0,0.0,0.0,0.0,0.0,0.0,0.0,0.0,0.0,0.0,0.0,0.0,0.0,0.0,0.0,0.0,0.0,0.0,0.0,0.0,2.0,0.0,0.0,0.0,0.0,0.0,0.0,1.0,0.0,0.0,0.0,0.0,0.0,0.0,0.0,0.0,0.0,0.0,0.0,0.0,0.0,0.0,40.0,0.0,1.0,221.0,1.8071035879629629,8.0,103,23.0,77.0,0,6.308341053905754e-06,8.546592492152927e-06,none,31.911,0.0232,0.84402,none,2.66,0.0271,1,none,4.5,0.0495,1,none,2.458,0.1629,1,none,0,0,1,none,-2,-0.0041,1,none
9d760336d195b13d4a237a1408743a38f7c0ca9a,0443511954a8a557866a98a939e2a506acb4858b,2026-01-18T21:55:14+01:00,ok,4.0,11.0,10.0,3.0,2.0,0.9693542486434171,0.0,4.0,21.0,0.0,0.0,0.0,0.0,0.0,0.0,0.0,0.0,0.0,0.0,0.0,0.0,0.0,0.0,0.0,0.0,0.0,0.0,0.0,0.0,0.0,0,0,0,0,0,0,0,0,0.0,0.0,0.0,0.0,0.0,0.0,0.0,0.0,0.0,0.0,0.0,0.0,0.0,0.0,0.0,0.0,0.0,0.0,0.0,0.0,0.0,0.0,0.0,0.0,0.0,0.0,0.0,0.0,0.0,0.0,0.0,0.0,0.0,0.0,0.0,0.0,0.0,0.0,0.0,0.0,0.0,0.0,0.0,0.0,0.0,0.0,0.0,0.0,0.0,0.0,1.0,0.0,0.0,0.0,0.0,0.0,0.0,0.0,0.0,0.0,0.0,0.0,0.0,0.0,0.0,0.0,40.0,0.0,1.0,222.0,36.47561053240741,10.0,23,25.0,0.0,0,1.4086497956967831e-06,9.28969505275432e-06,none,30.531,0.0221,1,none,23.235,0.2371,0.99666,none,18,0.2169,0.88706,none,13.111,0.724,0.18056,none,-0.004,-0.9089,0.00009,none,-1,-0.002,1,none
0988ecfef40db7c965fd79c43454d154cf83aced,9d760336d195b13d4a237a1408743a38f7c0ca9a,2026-01-20T12:11:58+01:00,ok,2.0,3.0,3.0,2.0,2.0,0.9182958340544896,0.0,1.0,2.0,0.0,0.0,0.0,0.0,0.0,0.0,0.0,0.0,0.0,0.0,0.0,0.0,0.0,0.0,0.0,0.0,0.0,0.0,1.0,4.0,0.0,0,0,0,0,0,0,0,0,0.0,0.0,0.0,0.0,0.0,0.0,0.0,0.0,0.0,0.0,0.0,0.0,0.0,0.0,0.0,0.0,0.0,0.0,0.0,0.0,0.0,0.0,0.0,0.0,0.0,0.0,0.0,0.0,0.0,0.0,0.0,0.0,0.0,0.0,0.0,0.0,0.0,0.0,0.0,0.0,0.0,0.0,0.0,0.0,0.0,0.0,0.0,0.0,0.0,0.0,0.0,1.0,0.0,0.0,0.0,0.0,0.0,0.0,0.0,0.0,0.0,0.0,0.0,0.0,0.0,0.0,39.0,0.0,2.0,83.0,1.3558564814814815,9.0,0,-1.0,0.0,0,0.0,-3.71584350204873e-07,none,10.17,0.0073,1,none,0.711,0.0059,0.99666,none,24,0.3243,1,none,-8.22,-0.1579,1,none,0,0.0449,1,none,13,0.0264,1,none
60ab14c2f633112613843eec3c049f6da0f566e8,0988ecfef40db7c965fd79c43454d154cf83aced,2026-01-20T12:33:22+01:00,ok,3.0,276.0,91.0,3.0,1.0,0.9317250532009054,0.0,1.0,191.0,0.0,0.0,0.0,0.0,0.0,0.0,2.0,176.0,0.0,0.0,0.0,0.0,0.0,0.0,0.0,0.0,0.0,0.0,0.0,0.0,0.0,0,0,0,0,0,0,0,0,0.0,0.0,0.0,0.0,0.0,0.0,0.0,0.0,0.0,0.0,0.0,0.0,0.0,0.0,0.0,0.0,0.0,0.0,0.0,0.0,0.0,0.0,0.0,0.0,0.0,0.0,0.0,0.0,0.0,0.0,0.0,0.0,0.0,0.0,0.0,0.0,0.0,0.0,0.0,0.0,0.0,0.0,0.0,0.0,0.0,0.0,0.0,0.0,0.0,0.0,0.0,1.0,0.0,0.0,0.0,0.0,0.0,0.0,0.0,0.0,0.0,0.0,0.0,0.0,0.0,0.0,44.0,0.0,1.0,224.0,15.888703703703703,5.0,37,39.0,0.0,0,2.266085609652055e-06,1.4491795042914293e-05,none,-14.599,-0.0103,1,none,-3.317,-0.0264,0.99666,none,13,0.1413,1,none,7.138,0.2175,0.95617,none,0,0,1,none,-4,-0.0081,1,none
9ba0f5dbc9d551aad9277341a82449e04043c5ae,60ab14c2f633112613843eec3c049f6da0f566e8,2026-01-20T12:38:40+01:00,ok,5.0,137.0,146.0,3.0,2.0,0.5090623335709247,0.0,1.0,8.0,0.0,0.0,0.0,0.0,0.0,0.0,4.0,275.0,0.0,0.0,0.0,0.0,0.0,0.0,0.0,0.0,0.0,0.0,0.0,0.0,0.0,0,0,0,0,0,0,0,0,0.0,0.0,0.0,0.0,0.0,0.0,0.0,0.0,0.0,0.0,0.0,0.0,0.0,0.0,0.0,0.0,0.0,0.0,0.0,0.0,0.0,0.0,0.0,0.0,0.0,0.0,0.0,0.0,0.0,0.0,0.0,0.0,0.0,0.0,0.0,0.0,0.0,0.0,0.0,0.0,0.0,0.0,0.0,0.0,0.0,0.0,0.0,0.0,0.0,0.0,0.0,1.0,0.0,0.0,0.0,0.0,0.0,0.0,0.0,0.0,0.0,0.0,0.0,0.0,0.0,0.0,70.0,0.0,1.0,84.0,22.614756944444444,6.0,12,11.0,0.0,0,7.349450187631463e-07,4.08737013774809e-06,none,-35.195,-0.0271,1,none,3.761,0.0314,0.99666,none,18,0.2571,1,none,7.648,0.1906,1,none,0,0.129,1,none,-17,-0.0348,1,none
3c8e893cab216eb1f748ec1245aeb059a1349639,9ba0f5dbc9d551aad9277341a82449e04043c5ae,2026-01-20T20:14:28+01:00,ok,2.0,16.0,4.0,2.0,1.0,0.28639695711595625,0.0,1.0,19.0,0.0,0.0,0.0,0.0,0.0,0.0,0.0,0.0,0.0,0.0,0.0,0.0,1.0,1.0,0.0,0.0,0.0,0.0,0.0,0.0,0.0,0,0,0,0,0,0,0,0,0.0,0.0,0.0,0.0,0.0,0.0,0.0,0.0,0.0,0.0,0.0,0.0,0.0,0.0,0.0,0.0,0.0,0.0,0.0,0.0,0.0,0.0,0.0,0.0,0.0,0.0,0.0,0.0,0.0,0.0,0.0,0.0,0.0,0.0,0.0,0.0,0.0,0.0,0.0,0.0,0.0,0.0,0.0,0.0,0.0,0.0,0.0,0.0,0.0,0.0,0.0,1.0,0.0,0.0,0.0,0.0,0.0,0.0,0.0,0.0,0.0,0.0,0.0,0.0,0.0,0.0,48.0,0.0,1.0,225.0,4.432060185185185,10.0,44,44.0,0.0,0,2.69479642160433e-06,1.634941372488693e-05,none,-5.138,-0.0037,1,none,-14.644,-0.1171,0.99666,none,-5,-0.0521,1,none,-13.31,-0.269,0.80519,none,0,0,1,none,0,0,1,none
84a309d669f69ca7c9a43e997fc694d192459f31,3c8e893cab216eb1f748ec1245aeb059a1349639,2026-01-21T14:07:23+01:00,ok,3.0,57.0,81.0,3.0,1.0,0.28102251311936427,0.0,2.0,132.0,0.0,0.0,0.0,0.0,0.0,0.0,0.0,0.0,0.0,0.0,0.0,0.0,1.0,6.0,0.0,0.0,0.0,0.0,0.0,0.0,0.0,0,0,0,0,0,0,0,0,0.0,0.0,0.0,0.0,0.0,0.0,0.0,0.0,0.0,0.0,0.0,0.0,0.0,0.0,0.0,0.0,0.0,0.0,0.0,0.0,1.0,3.0,0.0,0.0,0.0,0.0,0.0,0.0,0.0,0.0,0.0,0.0,1.0,1.0,0.0,2.0,0.0,0.0,0.0,0.0,0.0,0.0,0.0,0.0,0.0,0.0,0.0,0.0,0.0,0.0,0.0,1.0,0.0,0.0,0.0,0.0,0.0,0.0,0.0,0.0,0.0,0.0,0.0,0.0,0.0,0.0,36.0,0.0,1.0,226.0,3.902708333333333,11.0,21,20.0,0.0,0,1.2861493716731603e-06,7.43143019360362e-06,none,-40.703,-0.0294,1,none,7.691,0.0646,0.99666,none,-5,-0.0526,1,none,18.922,0.6643,0.4026,none,0,0,1,none,0,0,1,none
acf54c6f3846bea889e9acc5b6144bec4ee3016c,84a309d669f69ca7c9a43e997fc694d192459f31,2026-01-21T14:07:36+01:00,ok,5.0,20.0,8.0,4.0,1.0,0.8352383554085065,0.0,5.0,28.0,0.0,0.0,0.0,0.0,0.0,0.0,0.0,0.0,0.0,0.0,0.0,0.0,0.0,0.0,0.0,0.0,0.0,0.0,0.0,0.0,0.0,0,0,0,0,0,0,0,0,0.0,0.0,0.0,0.0,0.0,0.0,0.0,0.0,0.0,0.0,0.0,0.0,0.0,0.0,0.0,0.0,0.0,0.0,0.0,0.0,0.0,0.0,0.0,0.0,0.0,0.0,0.0,0.0,0.0,0.0,0.0,0.0,0.0,0.0,0.0,0.0,0.0,0.0,0.0,0.0,0.0,0.0,0.0,0.0,0.0,0.0,0.0,0.0,0.0,0.0,0.0,1.0,0.0,0.0,0.0,0.0,0.0,0.0,0.0,0.0,0.0,0.0,0.0,0.0,0.0,0.0,46.0,0.0,1.0,227.0,129.43279166666667,6.0,20,21.0,0.0,0,1.224902588090554e-06,7.802943716252268e-06,none,50.11,0.0366,1,none,0.02,0.0002,1,none,16,0.2078,1,none,2.526,0.0666,1,none,0,0,1,none,15,0.0305,1,none
6135548534fcfacc0ffa7bd1d1f7d32ce05f137d,acf54c6f3846bea889e9acc5b6144bec4ee3016c,2026-01-21T14:07:48+01:00,ok,1.0,5.0,10.0,1.0,1.0,0.0,0.0,1.0,15.0,0.0,0.0,0.0,0.0,0.0,0.0,0.0,0.0,0.0,0.0,0.0,0.0,0.0,0.0,0.0,0.0,0.0,0.0,0.0,0.0,0.0,0,0,0,0,0,0,0,0,0.0,0.0,0.0,0.0,0.0,0.0,0.0,1.0,0.0,0.0,0.0,0.0,0.0,0.0,0.0,0.0,0.0,0.0,0.0,0.0,0.0,0.0,0.0,0.0,0.0,0.0,0.0,0.0,0.0,0.0,0.0,0.0,0.0,0.0,0.0,0.0,0.0,0.0,0.0,0.0,0.0,0.0,0.0,0.0,0.0,0.0,0.0,0.0,0.0,0.0,0.0,1.0,0.0,0.0,0.0,0.0,0.0,0.0,0.0,0.0,0.0,0.0,0.0,0.0,0.0,0.0,52.0,0.0,1.0,228.0,5.7861921296296295,1.0,-36,-36.0,0.0,0,-2.2048219578708744e-06,-1.3376370567080084e-05,none,-6.553,-0.0047,1,none,-7.892,-0.0651,1,none,-9,-0.0928,1,none,1.647,0.0521,1,none,0,0.0443,1,none,-1,-0.002,1,none
d5e37cda812094bb103d53f9b122faa941f5b5bf,6135548534fcfacc0ffa7bd1d1f7d32ce05f137d,2026-01-24T12:16:48+01:00,ok,1.0,1.0,0.0,1.0,1.0,0.0,0.0,1.0,1.0,0.0,0.0,0.0,0.0,0.0,0.0,0.0,0.0,0.0,0.0,0.0,0.0,0.0,0.0,0.0,0.0,0.0,0.0,0.0,0.0,0.0,0,0,0,0,0,0,0,0,0.0,0.0,0.0,0.0,0.0,0.0,0.0,0.0,0.0,0.0,0.0,0.0,0.0,0.0,0.0,0.0,0.0,0.0,0.0,0.0,0.0,0.0,0.0,0.0,0.0,0.0,0.0,0.0,0.0,0.0,0.0,0.0,0.0,0.0,0.0,0.0,0.0,0.0,0.0,0.0,0.0,0.0,0.0,0.0,0.0,0.0,0.0,0.0,0.0,0.0,0.0,1.0,0.0,0.0,0.0,0.0,0.0,0.0,0.0,0.0,0.0,0.0,0.0,0.0,0.0,0.0,60.0,0.0,1.0,78.0,19.76730324074074,6.0,12,12.0,0.0,0,7.349422730404862e-07,4.458849832254354e-06,none,-39.202,-0.0275,1,none,1.833,0.0152,0.99666,none,-5,-0.0476,1,none,-13.073,-0.2708,1,none,0,0,1,none,-28,-0.0539,1,none
60759d314d3d4545b22d8c6f35f5afa24efa14e4,d5e37cda812094bb103d53f9b122faa941f5b5bf,2026-01-24T13:00:14+01:00,ok,3.0,27.0,1.0,3.0,3.0,0.7794178205576752,0.0,3.0,28.0,0.0,0.0,0.0,0.0,0.0,0.0,0.0,0.0,0.0,0.0,0.0,0.0,0.0,0.0,0.0,0.0,0.0,0.0,0.0,0.0,0.0,0,0,0,0,0,0,0,0,0.0,0.0,0.0,0.0,0.0,0.0,0.0,0.0,0.0,0.0,0.0,0.0,0.0,0.0,0.0,0.0,0.0,0.0,0.0,0.0,0.0,0.0,0.0,0.0,0.0,0.0,0.0,0.0,0.0,0.0,0.0,0.0,0.0,0.0,0.0,0.0,0.0,0.0,0.0,0.0,0.0,0.0,0.0,0.0,0.0,0.0,0.0,0.0,0.0,0.0,0.0,1.0,0.0,0.0,0.0,0.0,0.0,0.0,0.0,0.0,0.0,0.0,0.0,0.0,0.0,0.0,51.0,0.0,1.0,79.0,19.9053125,11.0,99,98.0,0.0,0,6.063269296431092e-06,3.6413777933176256e-05,none,-52.409,-0.0373,1,none,-1.103,-0.0081,1,none,13,0.1477,1,none,16.524,0.5458,1,none,0,0,1,none,56,0.1148,1,none
28691e14b1199d9e2890fa6410f26c61e62c021e,60759d314d3d4545b22d8c6f35f5afa24efa14e4,2026-01-26T18:52:13+01:00,ok,3.0,24.0,9.0,3.0,2.0,0.3982250716377982,0.0,3.0,33.0,0.0,0.0,0.0,0.0,0.0,0.0,0.0,0.0,0.0,0.0,0.0,0.0,0.0,0.0,0.0,0.0,0.0,0.0,0.0,0.0,0.0,0,0,0,0,0,0,0,0,2.0,1.0,0.0,0.0,0.0,0.0,0.0,0.0,0.0,0.0,0.0,0.0,0.0,0.0,0.0,0.0,0.0,0.0,0.0,0.0,2.0,2.0,0.0,0.0,0.0,0.0,0.0,0.0,0.0,0.0,0.0,0.0,0.0,0.0,0.0,0.0,0.0,0.0,0.0,0.0,0.0,0.0,0.0,0.0,0.0,0.0,0.0,0.0,0.0,0.0,0.0,1.0,0.0,0.0,0.0,0.0,0.0,0.0,0.0,0.0,0.0,0.0,0.0,0.0,0.0,0.0,68.0,0.0,1.0,5.0,104.2333487654321,6.0,66,66.0,0.0,0,4.042155022279624e-06,2.4522671767382393e-05,none,1.184,0.0009,1,none,12.904,0.1168,0.99666,none,10,0.1235,1,none,4.4,0.1596,1,none,0,0,1,none,1,0.002,1,none
dfdd994dbbefc0562c0c5e42f267f23ae8d9d62d,28691e14b1199d9e2890fa6410f26c61e62c021e,2026-01-26T20:50:44+01:00,ok,3.0,217.0,4.0,2.0,1.0,0.44326714996017974,0.0,1.0,35.0,0.0,0.0,0.0,0.0,0.0,0.0,2.0,186.0,0.0,0.0,0.0,0.0,0.0,0.0,0.0,0.0,0.0,0.0,0.0,0.0,0.0,0,0,0,0,0,0,0,0,0.0,0.0,0.0,0.0,0.0,0.0,0.0,0.0,0.0,0.0,0.0,0.0,0.0,0.0,0.0,0.0,0.0,0.0,0.0,0.0,0.0,0.0,0.0,0.0,0.0,0.0,0.0,0.0,0.0,0.0,0.0,0.0,0.0,0.0,0.0,0.0,0.0,0.0,0.0,0.0,0.0,0.0,0.0,0.0,0.0,0.0,0.0,0.0,0.0,0.0,0.0,0.0,1.0,0.0,0.0,0.0,0.0,0.0,0.0,0.0,0.0,0.0,0.0,0.0,0.0,0.0,48.0,1.0,1.0,85.0,35.94193287037037,4.0,106,106.0,0.0,0,6.491919703527501e-06,3.938393128172775e-05,none,45.574,0.0338,1,none,-11.173,-0.0919,0.99666,none,5.428,0.061,1,none,8.835,0.3086,0.95617,none,0,0,1,none,-2,-0.004,1,none
54fa0c908969236908aab47b908fb648ddc01cb8,dfdd994dbbefc0562c0c5e42f267f23ae8d9d62d,2026-01-26T20:52:13+01:00,ok,2.0,1.0,66.0,2.0,2.0,0.8794587736429037,0.0,1.0,20.0,0.0,0.0,0.0,0.0,0.0,0.0,1.0,47.0,0.0,0.0,0.0,0.0,0.0,0.0,0.0,0.0,0.0,0.0,0.0,0.0,0.0,0,0,0,0,0,0,0,0,0.0,1.0,0.0,0.0,0.0,0.0,0.0,0.0,0.0,0.0,0.0,0.0,0.0,0.0,0.0,0.0,0.0,0.0,0.0,0.0,0.0,0.0,0.0,0.0,0.0,0.0,0.0,0.0,0.0,0.0,0.0,0.0,0.0,0.0,0.0,0.0,0.0,0.0,0.0,0.0,0.0,0.0,0.0,0.0,0.0,0.0,0.0,0.0,0.0,0.0,0.0,1.0,0.0,0.0,0.0,0.0,0.0,0.0,0.0,0.0,0.0,0.0,0.0,0.0,0.0,0.0,59.0,0.0,1.0,86.0,14.242557870370371,3.0,-13,-12.0,0.0,0,-7.961736628692041e-07,-4.458382669672112e-06,none,21.466,0.0157,1,none,2.237,0.0186,1,none,5,0.0543,1,none,1.552,0.0444,1,none,0,0,1,none,0,0,1,none
6a891365b968ffa2b54b1d03be06674cb2757ea1,54fa0c908969236908aab47b908fb648ddc01cb8,2026-01-26T20:55:08+01:00,ok,2.0,7.0,4.0,2.0,2.0,0.4394969869215134,0.0,2.0,11.0,0.0,0.0,0.0,0.0,0.0,0.0,0.0,0.0,0.0,0.0,0.0,0.0,0.0,0.0,0.0,0.0,0.0,0.0,0.0,0.0,0.0,0,0,0,0,0,0,0,0,0.0,0.0,0.0,0.0,0.0,0.0,0.0,0.0,0.0,0.0,0.0,0.0,0.0,0.0,0.0,0.0,0.0,0.0,0.0,0.0,0.0,0.0,0.0,0.0,0.0,0.0,0.0,0.0,0.0,0.0,0.0,0.0,0.0,0.0,0.0,0.0,0.0,0.0,0.0,0.0,0.0,0.0,0.0,0.0,0.0,0.0,0.0,0.0,0.0,0.0,0.0,1.0,0.0,0.0,0.0,0.0,0.0,0.0,0.0,0.0,0.0,0.0,0.0,0.0,0.0,0.0,35.0,0.0,1.0,87.0,23.586429398148148,7.0,-17,-19.0,0.0,0,-1.041151003458275e-06,-7.059137365983206e-06,none,62.352,0.047,1,none,13.393,0.1207,0.99666,none,20,0.2198,1,none,12.475,0.3476,0.95617,none,0,0,1,none,18,0.0368,1,none
f5cf81ce42276ef8148b7cd951274025648476b8,6a891365b968ffa2b54b1d03be06674cb2757ea1,2026-01-28T22:35:39+01:00,ok,3.0,133.0,30.0,3.0,2.0,0.6409980160685883,0.0,3.0,163.0,0.0,0.0,0.0,0.0,0.0,0.0,0.0,0.0,0.0,0.0,0.0,0.0,0.0,0.0,0.0,0.0,0.0,0.0,0.0,0.0,0.0,0,0,0,0,0,0,0,0,2.0,1.0,0.0,0.0,0.0,0.0,0.0,0.0,0.0,0.0,0.0,0.0,0.0,0.0,0.0,0.0,0.0,0.0,2.0,0.0,1.0,0.0,0.0,0.0,0.0,0.0,0.0,0.0,0.0,0.0,0.0,0.0,4.0,2.0,0.0,0.0,0.0,0.0,0.0,0.0,0.0,0.0,0.0,0.0,0.0,0.0,0.0,0.0,0.0,0.0,1.0,0.0,0.0,0.0,0.0,0.0,0.0,0.0,0.0,0.0,0.0,0.0,0.0,0.0,0.0,0.0,85.0,0.0,1.0,229.0,15.408209876543209,14.0,247,249.0,0.0,0,1.5127327388314085e-05,9.251250590742508e-05,none,10.179,0.0074,1,none,-16.631,-0.1204,0.99666,none,-10,-0.098,1,none,1.952,0.0445,1,none,0,0.0449,1,none,18,0.0367,1,none
802cde35019354ab3c4749ef1ae7ea71b404e31b,f5cf81ce42276ef8148b7cd951274025648476b8,2026-01-30T16:28:36+01:00,ok,7.0,44.0,19.0,2.0,1.0,0.9139060331681158,0.0,6.0,59.0,1.0,4.0,0.0,0.0,0.0,0.0,0.0,0.0,0.0,0.0,0.0,0.0,0.0,0.0,0.0,0.0,0.0,0.0,0.0,0.0,0.0,0,0,0,0,0,0,0,0,3.0,0.0,0.0,0.0,0.0,0.0,0.0,0.0,0.0,0.0,0.0,0.0,0.0,0.0,0.0,0.0,0.0,0.0,0.0,0.0,0.0,0.0,0.0,0.0,0.0,0.0,0.0,0.0,0.0,0.0,0.0,0.0,0.0,0.0,0.0,0.0,0.0,0.0,0.0,0.0,0.0,0.0,0.0,0.0,0.0,0.0,0.0,0.0,0.0,0.0,1.0,0.0,0.0,0.0,0.0,0.0,0.0,0.0,0.0,0.0,0.0,0.0,0.0,0.0,0.0,0.0,53.0,0.0,1.0,230.0,13.201130401234566,6.0,43,36.0,7.0,0,2.6334625016068713e-06,1.3374064790656878e-05,none,17.08,0.0122,1,none,0.183,0.0016,1,none,-14,-0.1373,1,none,-6.183,-0.1618,1,none,0,0,1,none,-3,-0.0059,1,none
216afc36252b793d88777cf85b8f51028a00e8b3,802cde35019354ab3c4749ef1ae7ea71b404e31b,2026-01-30T22:20:46+01:00,ok,1.0,84.0,8.0,1.0,1.0,0.0,0.0,1.0,92.0,0.0,0.0,0.0,0.0,0.0,0.0,0.0,0.0,0.0,0.0,0.0,0.0,0.0,0.0,0.0,0.0,0.0,0.0,0.0,0.0,0.0,0,0,0,0,0,0,0,0,0.0,0.0,0.0,0.0,0.0,0.0,0.0,0.0,0.0,0.0,0.0,0.0,0.0,0.0,0.0,0.0,0.0,0.0,0.0,0.0,0.0,0.0,0.0,0.0,0.0,0.0,0.0,0.0,0.0,0.0,0.0,0.0,0.0,0.0,0.0,0.0,0.0,0.0,0.0,0.0,0.0,0.0,0.0,0.0,0.0,0.0,0.0,0.0,0.0,0.0,0.0,1.0,0.0,0.0,0.0,0.0,0.0,0.0,0.0,0.0,0.0,0.0,0.0,0.0,0.0,0.0,36.0,0.0,1.0,88.0,10.40423611111111,6.0,210,210.0,0.0,0,1.286106206895538e-05,7.801433457673322e-05,none,50.335,0.0377,1,none,0.044,0.0004,1,none,4,0.0455,1,none,-13.039,-0.232,1,none,0,0,1,none,-83,-0.14,1,none
b552c6071417d731874c43e38d41dc6f76409fc9,216afc36252b793d88777cf85b8f51028a00e8b3,2026-01-31T15:08:28+01:00,ok,16.0,1112.0,90.0,9.0,2.0,0.6358163129978133,0.0,11.0,1147.0,0.0,0.0,0.0,0.0,0.0,0.0,5.0,55.0,0.0,0.0,0.0,0.0,0.0,0.0,0.0,0.0,0.0,0.0,0.0,0.0,0.0,0,0,0,0,0,0,0,0,16.0,1.0,0.0,0.0,0.0,0.0,0.0,0.0,0.0,0.0,0.0,0.0,0.0,0.0,0.0,0.0,0.0,0.0,1.0,0.0,6.0,1.0,0.0,0.0,0.0,0.0,0.0,0.0,0.0,0.0,0.0,0.0,0.0,0.0,0.0,0.0,0.0,0.0,0.0,0.0,0.0,0.0,0.0,0.0,1.0,0.0,0.0,0.0,0.0,0.0,1.0,0.0,0.0,0.0,0.0,0.0,0.0,0.0,0.0,0.0,0.0,0.0,0.0,0.0,0.0,0.0,30.0,0.0,1.0,89.0,21.814300411522634,11.0,2211,2209.0,0.0,0,0.00013540686916413847,0.0008205724839646615,none,-51.313,-0.0369,1,none,5.775,0.0495,0.99666,none,-5,-0.0485,1,none,-6.236,-0.1259,1,none,0,0,1,none,-14,-0.0277,1,none
dfa1ce572bef6976ae82b3c5cfaa581580a447f1,b552c6071417d731874c43e38d41dc6f76409fc9,2026-01-31T16:28:21+01:00,ok,1.0,74.0,20.0,1.0,1.0,0.0,0.0,1.0,94.0,0.0,0.0,0.0,0.0,0.0,0.0,0.0,0.0,0.0,0.0,0.0,0.0,0.0,0.0,0.0,0.0,0.0,0.0,0.0,0.0,0.0,0,0,0,0,0,0,0,0,0.0,0.0,0.0,0.0,0.0,0.0,0.0,0.0,0.0,0.0,0.0,0.0,0.0,0.0,0.0,0.0,0.0,0.0,1.0,0.0,0.0,0.0,0.0,0.0,0.0,0.0,0.0,0.0,5.0,2.0,0.0,0.0,0.0,0.0,0.0,0.0,0.0,0.0,0.0,0.0,0.0,0.0,0.0,0.0,0.0,0.0,0.0,0.0,0.0,0.0,0.0,1.0,0.0,0.0,0.0,0.0,0.0,0.0,0.0,0.0,0.0,0.0,0.0,0.0,0.0,0.0,37.0,0.0,1.0,80.0,7.144525462962963,6.0,194,196.0,0.0,0,1.1879410269333786e-05,7.274800388385262e-05,none,-15.226,-0.0113,1,none,4.748,0.0389,0.99666,none,13,0.1494,1,none,14.968,0.3468,1,none,0,0,1,none,-125,-0.1696,1,none
94364af68fbc88ced8d807e8e9534d23d474479e,dfa1ce572bef6976ae82b3c5cfaa581580a447f1,2026-01-31T17:15:14+01:00,ok,4.0,19.0,4.0,4.0,3.0,0.9251735116075493,0.0,1.0,10.0,1.0,3.0,0.0,0.0,0.0,0.0,1.0,6.0,0.0,0.0,0.0,0.0,1.0,4.0,0.0,0.0,0.0,0.0,0.0,0.0,0.0,0,0,0,0,0,0,0,0,0.0,0.0,0.0,0.0,0.0,0.0,0.0,0.0,0.0,0.0,0.0,0.0,0.0,0.0,0.0,0.0,0.0,0.0,0.0,0.0,0.0,0.0,0.0,0.0,0.0,0.0,0.0,0.0,0.0,0.0,0.0,0.0,0.0,0.0,0.0,0.0,0.0,0.0,0.0,0.0,0.0,0.0,0.0,0.0,0.0,0.0,0.0,0.0,0.0,0.0,0.0,1.0,0.0,0.0,0.0,0.0,0.0,0.0,0.0,0.0,0.0,0.0,0.0,0.0,0.0,0.0,78.0,0.0,1.0,0.0,144.99185570987655,12.0,107,108.0,-2.0,0,6.5519680366831835e-06,4.008271885535631e-05,improvement,-232.204,-0.1669,0.02199,improvement,0.719,0.006,0.99666,none,-6,-0.0594,1,none,2.679,0.0672,1,none,0.001,2.3562,0.00009,none,-39,-0.0766,0.01158,none
f7b537a8b19369ce1f3f19c536afd00c996d3f8e,94364af68fbc88ced8d807e8e9534d23d474479e,2026-01-31T20:24:20+01:00,ok,1.0,2.0,0.0,1.0,1.0,0.0,0.0,1.0,2.0,0.0,0.0,0.0,0.0,0.0,0.0,0.0,0.0,0.0,0.0,0.0,0.0,0.0,0.0,0.0,0.0,0.0,0.0,0.0,0.0,0.0,0,0,0,0,0,0,0,0,0.0,0.0,0.0,0.0,0.0,0.0,0.0,0.0,0.0,0.0,0.0,0.0,0.0,0.0,0.0,0.0,0.0,0.0,0.0,0.0,0.0,0.0,0.0,0.0,0.0,0.0,0.0,0.0,0.0,0.0,0.0,0.0,0.0,0.0,0.0,0.0,0.0,0.0,0.0,0.0,0.0,0.0,0.0,0.0,0.0,0.0,0.0,0.0,0.0,0.0,1.0,0.0,0.0,0.0,0.0,0.0,0.0,0.0,0.0,0.0,0.0,0.0,0.0,0.0,0.0,0.0,57.0,0.0,1.0,231.0,12.936875,6.0,-37,-37.0,0.0,0,-2.265618962814335e-06,-1.373149217527619e-05,none,-3.315,-0.0029,1,none,-6.252,-0.0497,0.99666,none,-8,-0.0808,1,none,7.273,0.1949,1,none,0,0,1,none,-4,-0.0086,1,none
f12ae80ba1e1364952c6c6c440ac4212acd06eab,f7b537a8b19369ce1f3f19c536afd00c996d3f8e,2026-01-31T22:12:24+01:00,ok,57.0,3058.0,258.0,1.0,1.0,0.9869184185032694,0.0,0.0,0.0,0.0,0.0,0.0,0.0,0.0,0.0,0.0,0.0,0.0,0.0,0.0,0.0,57.0,3316.0,0.0,0.0,0.0,0.0,0.0,0.0,0.0,0,0,0,0,0,0,0,0,0.0,0.0,0.0,0.0,0.0,0.0,0.0,0.0,0.0,0.0,0.0,0.0,0.0,0.0,0.0,0.0,0.0,0.0,0.0,0.0,0.0,0.0,0.0,0.0,0.0,0.0,0.0,0.0,0.0,0.0,0.0,0.0,0.0,0.0,0.0,0.0,0.0,0.0,0.0,0.0,0.0,0.0,0.0,0.0,0.0,0.0,0.0,0.0,0.0,0.0,0.0,0.0,0.0,0.0,1.0,0.0,0.0,0.0,0.0,0.0,0.0,0.0,0.0,0.0,0.0,0.0,48.0,0.0,1.0,65.0,56.867668981481486,2.0,15491,15492.0,0.0,0,0.0009485616991592881,0.005749491835031299,none,13.804,0.0121,1,none,-0.284,-0.0023,0.99666,none,-5,-0.0549,1,none,1.337,0.0338,1,none,-0.001,-0.4681,0.00009,none,1,0.0022,1,none
b57f3e009694acaa73e83ab9bab9a1470dd52ab3,f12ae80ba1e1364952c6c6c440ac4212acd06eab,2026-02-01T09:21:30+01:00,ok,1.0,8.0,4.0,1.0,1.0,0.0,0.0,1.0,12.0,0.0,0.0,0.0,0.0,0.0,0.0,0.0,0.0,0.0,0.0,0.0,0.0,0.0,0.0,0.0,0.0,0.0,0.0,0.0,0.0,0.0,0,0,0,0,0,0,0,0,0.0,0.0,0.0,0.0,0.0,0.0,0.0,0.0,0.0,0.0,0.0,0.0,0.0,0.0,0.0,0.0,0.0,0.0,0.0,0.0,0.0,0.0,0.0,0.0,0.0,0.0,0.0,0.0,0.0,0.0,0.0,0.0,0.0,0.0,0.0,0.0,0.0,0.0,0.0,0.0,0.0,0.0,0.0,0.0,0.0,0.0,0.0,0.0,0.0,0.0,0.0,1.0,0.0,0.0,0.0,0.0,0.0,0.0,0.0,0.0,0.0,0.0,0.0,0.0,0.0,0.0,54.0,0.0,1.0,232.0,0.7590509259259259,5.0,45,46.0,0.0,0,2.7528774910788415e-06,1.697422611366606e-05,none,-6.421,-0.0056,1,none,-7.76,-0.0627,0.99666,none,-3,-0.0333,1,none,-2.558,-0.0619,1,none,0,0,1,none,-14,-0.0299,1,none
d29fd62e417b8cb73d1d5dc3e207735046401491,b57f3e009694acaa73e83ab9bab9a1470dd52ab3,2026-02-01T10:45:04+01:00,ok,1.0,14.0,7.0,1.0,1.0,0.0,0.0,1.0,21.0,0.0,0.0,0.0,0.0,0.0,0.0,0.0,0.0,0.0,0.0,0.0,0.0,0.0,0.0,0.0,0.0,0.0,0.0,0.0,0.0,0.0,0,0,0,0,0,0,0,0,0.0,0.0,0.0,0.0,0.0,0.0,0.0,0.0,0.0,0.0,0.0,0.0,0.0,0.0,0.0,0.0,0.0,0.0,0.0,0.0,0.0,0.0,0.0,0.0,0.0,0.0,0.0,0.0,0.0,0.0,0.0,0.0,0.0,0.0,0.0,0.0,0.0,0.0,0.0,0.0,0.0,0.0,0.0,0.0,0.0,0.0,0.0,0.0,0.0,0.0,0.0,1.0,0.0,0.0,0.0,0.0,0.0,0.0,0.0,0.0,0.0,0.0,0.0,0.0,0.0,0.0,46.0,0.0,1.0,233.0,0.05803240740740741,5.0,-14,-14.0,0.0,0,-8.56448417304736e-07,-5.165981128670937e-06,none,-18.01,-0.0156,1,none,3.326,0.0274,1,none,-4,-0.043,1,none,-3.721,-0.0969,1,none,0,0,1,none,-2,-0.0044,1,none
54a98268177c19cee7a49d05ce56e64f7a424db1,d29fd62e417b8cb73d1d5dc3e207735046401491,2026-02-01T11:06:37+01:00,ok,2.0,4.0,5.0,2.0,1.0,0.5032583347756457,0.0,1.0,8.0,1.0,1.0,0.0,0.0,0.0,0.0,0.0,0.0,0.0,0.0,0.0,0.0,0.0,0.0,0.0,0.0,0.0,0.0,0.0,0.0,0.0,0,0,0,0,0,0,0,0,0.0,0.0,0.0,0.0,0.0,0.0,0.0,0.0,0.0,0.0,0.0,0.0,0.0,0.0,0.0,0.0,0.0,0.0,0.0,0.0,1.0,1.0,0.0,0.0,0.0,0.0,0.0,0.0,0.0,0.0,0.0,0.0,0.0,0.0,0.0,0.0,0.0,0.0,0.0,0.0,0.0,0.0,0.0,0.0,0.0,0.0,0.0,0.0,0.0,0.0,0.0,1.0,0.0,0.0,0.0,0.0,0.0,0.0,0.0,0.0,0.0,0.0,0.0,0.0,0.0,0.0,65.0,0.0,1.0,234.0,10.090937499999999,10.0,7,2.0,6.0,0,4.282245754046279e-07,7.380011165956895e-07,none,0.382,0.0003,1,none,21.877,0.1986,0.99666,none,-21,-0.2283,1,none,13.41,0.414,1,none,0,0.0252,1,none,14,0.0308,1,none
f39ac4a653335efaaaf9834bf28e9ffc1452cb59,54a98268177c19cee7a49d05ce56e64f7a424db1,2026-02-02T20:12:56+01:00,ok,1.0,1.0,1.0,1.0,1.0,0.0,0.0,1.0,2.0,0.0,0.0,0.0,0.0,0.0,0.0,0.0,0.0,0.0,0.0,0.0,0.0,0.0,0.0,0.0,0.0,0.0,0.0,0.0,0.0,0.0,0,0,0,0,0,0,0,0,0.0,0.0,0.0,0.0,0.0,0.0,0.0,0.0,0.0,0.0,0.0,0.0,0.0,0.0,0.0,0.0,0.0,0.0,0.0,0.0,0.0,0.0,0.0,0.0,0.0,0.0,0.0,0.0,0.0,0.0,0.0,0.0,0.0,0.0,0.0,0.0,0.0,0.0,0.0,0.0,0.0,0.0,0.0,0.0,0.0,0.0,0.0,0.0,0.0,0.0,0.0,1.0,0.0,0.0,0.0,0.0,0.0,0.0,0.0,0.0,0.0,0.0,0.0,0.0,0.0,0.0,75.0,0.0,1.0,90.0,2.2114351851851852,1.0,6,5.0,0.0,0,3.670494788815024e-07,1.8450014298761081e-06,none,-212.598,-0.1567,1,none,13.175,0.1192,0.99666,none,15,0.2027,1,none,8.127,0.234,1,none,0,0,1,none,-15,-0.0318,1,none
83d3943cd0973aa2fe6dc843a730bcb50e8a26ec,f39ac4a653335efaaaf9834bf28e9ffc1452cb59,2026-02-05T12:00:56+01:00,ok,8.0,161.0,161.0,4.0,2.0,0.29973217353384823,0.0,1.0,2.0,0.0,0.0,0.0,0.0,0.0,0.0,7.0,320.0,0.0,0.0,0.0,0.0,0.0,0.0,0.0,0.0,0.0,0.0,0.0,0.0,0.0,0,0,0,0,0,0,0,0,0.0,0.0,0.0,0.0,0.0,0.0,0.0,0.0,0.0,0.0,0.0,0.0,0.0,0.0,0.0,0.0,0.0,0.0,0.0,0.0,0.0,0.0,0.0,0.0,0.0,0.0,0.0,0.0,0.0,0.0,0.0,0.0,0.0,0.0,0.0,0.0,0.0,0.0,0.0,0.0,0.0,0.0,0.0,0.0,0.0,0.0,0.0,0.0,0.0,0.0,1.0,0.0,0.0,0.0,0.0,0.0,0.0,0.0,0.0,0.0,0.0,0.0,0.0,0.0,0.0,0.0,41.0,0.0,1.0,235.0,4.869768518518518,5.0,2,0.0,0.0,0,1.223497813854106e-07,0.0,none,-159.438,-0.1227,0.81954,none,2.252,0.0202,0.99666,none,-2,-0.0202,1,none,0.618,0.0158,1,none,0,0,1,none,-14,-0.0299,1,none
b43260d97be0cd36faaa630595c299963de2cb6c,83d3943cd0973aa2fe6dc843a730bcb50e8a26ec,2026-02-06T15:01:07+01:00,ok,2.0,10.0,5.0,2.0,2.0,0.35335933502142136,0.0,2.0,15.0,0.0,0.0,0.0,0.0,0.0,0.0,0.0,0.0,0.0,0.0,0.0,0.0,0.0,0.0,0.0,0.0,0.0,0.0,0.0,0.0,0.0,0,0,0,0,0,0,0,0,0.0,0.0,0.0,0.0,0.0,0.0,0.0,0.0,0.0,0.0,0.0,0.0,0.0,0.0,0.0,0.0,0.0,0.0,0.0,0.0,0.0,0.0,0.0,0.0,0.0,0.0,0.0,0.0,0.0,0.0,0.0,0.0,0.0,0.0,0.0,0.0,0.0,0.0,0.0,0.0,0.0,0.0,0.0,0.0,0.0,0.0,0.0,0.0,0.0,0.0,0.0,1.0,0.0,0.0,0.0,0.0,0.0,0.0,0.0,0.0,0.0,0.0,0.0,0.0,0.0,0.0,73.0,0.0,1.0,91.0,3.1514699074074075,7.0,35,37.0,0.0,0,2.1411209122790103e-06,1.3652985391305632e-05,none,-17.862,-0.0151,1,none,1.362,0.0111,1,none,-8,-0.086,1,none,-6.771,-0.13,1,none,0,0,1,none,-11,-0.0235,1,none
063533aede8365bf18b8f08ec949a1e93697c17d,b43260d97be0cd36faaa630595c299963de2cb6c,2026-02-08T22:27:34+01:00,ok,46.0,1260.0,426.0,15.0,4.0,0.5536440901505728,0.0,36.0,583.0,4.0,75.0,0.0,0.0,0.0,0.0,4.0,162.0,0.0,0.0,0.0,0.0,0.0,0.0,1.0,3.0,1.0,863.0,0.0,0.0,0.0,1,2,0,0,0,0,0,0,48.0,22.0,0.0,0.0,0.0,0.0,1.0,1.0,2.0,0.0,2.0,0.0,7.0,7.0,0.0,0.0,0.0,0.0,0.0,0.0,2.0,3.0,2.0,0.0,0.0,0.0,0.0,0.0,0.0,0.0,0.0,0.0,0.0,0.0,0.0,0.0,0.0,0.0,0.0,0.0,0.0,0.0,0.0,0.0,9.0,11.0,6.0,2.0,0.0,0.0,1.0,0.0,0.0,0.0,0.0,0.0,0.0,0.0,0.0,0.0,0.0,0.0,0.0,0.0,0.0,0.0,64.0,0.0,1.0,236.0,220.96507793209875,16.0,6734,6627.0,107.0,0,0.0004119507814860485,0.0024453269974506167,none,38.918,0.0338,1,none,10.807,0.0969,0.99666,none,25,0.2809,1,none,7.547,0.2474,1,none,0,0,1,none,16,0.0353,1,none
3a5ef4020d7515f34c96d179b631911bb8ef8a9f,063533aede8365bf18b8f08ec949a1e93697c17d,2026-02-08T23:30:45+01:00,ok,8.0,211.0,16.0,6.0,2.0,0.5164338983040727,0.0,7.0,223.0,0.0,0.0,0.0,0.0,0.0,0.0,0.0,0.0,0.0,0.0,0.0,0.0,1.0,4.0,0.0,0.0,0.0,0.0,0.0,0.0,0.0,0,0,0,0,0,0,0,0,8.0,1.0,0.0,0.0,0.0,0.0,0.0,0.0,0.0,0.0,0.0,0.0,6.0,0.0,0.0,0.0,0.0,0.0,0.0,0.0,0.0,0.0,0.0,0.0,0.0,0.0,0.0,0.0,0.0,0.0,0.0,0.0,0.0,0.0,0.0,0.0,0.0,0.0,0.0,0.0,0.0,0.0,0.0,0.0,0.0,0.0,0.0,0.0,0.0,0.0,1.0,0.0,0.0,0.0,0.0,0.0,0.0,0.0,0.0,0.0,0.0,0.0,0.0,0.0,0.0,0.0,48.0,0.0,1.0,237.0,17.118338293650794,14.0,592,592.0,0.0,0,3.6200540476515294e-05,0.0002179119179414391,none,13.466,0.0114,1,none,-5.249,-0.0427,0.99666,none,-5,-0.0481,1,none,3.708,0.0925,1,none,0,0,1,none,-18,-0.0381,1,none
1c8e8bb0f3909a3d98d9e5cff0efe032ef1ccd67,3a5ef4020d7515f34c96d179b631911bb8ef8a9f,2026-02-09T13:03:05+01:00,ok,3.0,14.0,3.0,2.0,2.0,0.6853870929104107,0.0,3.0,17.0,0.0,0.0,0.0,0.0,0.0,0.0,0.0,0.0,0.0,0.0,0.0,0.0,0.0,0.0,0.0,0.0,0.0,0.0,0.0,0.0,0.0,0,0,0,0,0,0,0,0,0.0,0.0,0.0,0.0,0.0,0.0,0.0,0.0,0.0,0.0,0.0,0.0,0.0,0.0,0.0,0.0,0.0,0.0,0.0,0.0,0.0,0.0,0.0,0.0,0.0,0.0,0.0,0.0,0.0,0.0,0.0,0.0,0.0,0.0,0.0,0.0,0.0,0.0,0.0,0.0,0.0,0.0,0.0,0.0,0.0,0.0,0.0,0.0,0.0,0.0,0.0,1.0,0.0,0.0,0.0,0.0,0.0,0.0,0.0,0.0,0.0,0.0,0.0,0.0,0.0,0.0,38.0,0.0,1.0,92.0,71.63039737654321,7.0,39,39.0,0.0,0,2.384746573898802e-06,1.4352556190257485e-05,none,-5.859,-0.0049,1,none,-10.704,-0.0801,0.99666,none,-8,-0.0748,1,none,-9.272,-0.1754,1,none,0,0,1,none,0,0,1,none
a70417f23f5985e3ed2a678c3cd25bffb23b1cff,1c8e8bb0f3909a3d98d9e5cff0efe032ef1ccd67,2026-02-11T11:06:27+01:00,ok,15.0,699.0,268.0,10.0,2.0,0.6880405749516855,0.0,8.0,654.0,0.0,0.0,0.0,0.0,0.0,0.0,7.0,313.0,0.0,0.0,0.0,0.0,0.0,0.0,0.0,0.0,0.0,0.0,0.0,0.0,0.0,0,0,0,0,0,0,0,0,6.0,4.0,0.0,0.0,0.0,0.0,0.0,0.0,0.0,0.0,0.0,0.0,0.0,0.0,0.0,0.0,0.0,0.0,0.0,0.0,9.0,0.0,0.0,0.0,0.0,0.0,0.0,0.0,0.0,0.0,0.0,0.0,0.0,0.0,0.0,0.0,0.0,0.0,0.0,0.0,0.0,0.0,0.0,0.0,0.0,0.0,0.0,0.0,0.0,0.0,1.0,0.0,0.0,0.0,0.0,0.0,0.0,0.0,0.0,0.0,0.0,0.0,0.0,0.0,0.0,0.0,78.0,0.0,1.0,93.0,18.958810763888888,10.0,1008,1007.0,0.0,0,6.163637984593107e-05,0.0003705850422750315,none,25.213,0.0215,0.79924,none,5.088,0.042,0.99666,none,-7,-0.0667,1,none,11.101,0.2756,1,none,0,-0.0246,1,none,17,0.0374,0.63655,none
8b3e149db6a46039a8231a0f82bac5a5cfda8ef3,a70417f23f5985e3ed2a678c3cd25bffb23b1cff,2026-02-12T22:03:13+01:00,ok,2.0,3.0,4.0,2.0,2.0,0.863120568566631,0.0,1.0,2.0,0.0,0.0,0.0,0.0,0.0,0.0,1.0,5.0,0.0,0.0,0.0,0.0,0.0,0.0,0.0,0.0,0.0,0.0,0.0,0.0,0.0,0,0,0,0,0,0,0,0,0.0,0.0,0.0,0.0,0.0,0.0,0.0,0.0,0.0,0.0,0.0,0.0,0.0,0.0,0.0,0.0,0.0,0.0,0.0,0.0,0.0,0.0,0.0,0.0,0.0,0.0,0.0,0.0,0.0,0.0,0.0,0.0,0.0,0.0,0.0,0.0,0.0,0.0,0.0,0.0,0.0,0.0,0.0,0.0,0.0,0.0,0.0,0.0,0.0,0.0,0.0,1.0,0.0,0.0,0.0,0.0,0.0,0.0,0.0,0.0,0.0,0.0,0.0,0.0,0.0,0.0,36.0,0.0,1.0,81.0,33.15832175925926,2.0,12,13.0,0.0,0,7.337212028185166e-07,4.7823444671217495e-06,none,-10.409,-0.0088,1,none,-8.482,-0.0633,1,none,0,0,1,none,6.746,0.1451,1,none,0,-0.0246,1,none,0,0,1,none
89a9badc27d30947882be7f2d6230d95141dd18b,8b3e149db6a46039a8231a0f82bac5a5cfda8ef3,2026-02-13T22:33:52+01:00,ok,1.0,4.0,2.0,1.0,1.0,0.0,0.0,1.0,6.0,0.0,0.0,0.0,0.0,0.0,0.0,0.0,0.0,0.0,0.0,0.0,0.0,0.0,0.0,0.0,0.0,0.0,0.0,0.0,0.0,0.0,0,0,0,0,0,0,0,0,0.0,0.0,0.0,0.0,0.0,0.0,0.0,0.0,0.0,0.0,0.0,0.0,0.0,0.0,0.0,0.0,0.0,0.0,0.0,0.0,0.0,0.0,0.0,0.0,0.0,0.0,0.0,0.0,0.0,0.0,0.0,0.0,0.0,0.0,0.0,0.0,0.0,0.0,0.0,0.0,0.0,0.0,0.0,0.0,0.0,0.0,0.0,0.0,0.0,0.0,0.0,1.0,0.0,0.0,0.0,0.0,0.0,0.0,0.0,0.0,0.0,0.0,0.0,0.0,0.0,0.0,61.0,0.0,1.0,6.0,47.02809027777778,7.0,41,42.0,0.0,0,2.5068789369463695e-06,1.5450577465332767e-05,none,4.589,0.0039,1,none,-8.157,-0.0651,0.99666,none,-6,-0.055,1,none,10.192,0.3127,1,none,0,0,1,none,0,0,1,none
46ddd60948b82f804c36b7c6325b6144187185cf,89a9badc27d30947882be7f2d6230d95141dd18b,2026-02-16T22:19:11+01:00,ok,2.0,160.0,3.0,2.0,1.0,0.9999728498609091,0.0,1.0,81.0,0.0,0.0,0.0,0.0,0.0,0.0,1.0,82.0,0.0,0.0,0.0,0.0,0.0,0.0,0.0,0.0,0.0,0.0,0.0,0.0,0.0,0,0,0,0,0,0,0,0,0.0,0.0,0.0,0.0,0.0,0.0,0.0,0.0,0.0,0.0,0.0,0.0,0.0,0.0,0.0,0.0,0.0,0.0,0.0,0.0,0.0,0.0,0.0,0.0,0.0,0.0,0.0,0.0,0.0,0.0,0.0,0.0,0.0,0.0,0.0,0.0,0.0,0.0,0.0,0.0,0.0,0.0,0.0,0.0,0.0,0.0,0.0,0.0,0.0,0.0,1.0,0.0,0.0,0.0,0.0,0.0,0.0,0.0,0.0,0.0,0.0,0.0,0.0,0.0,0.0,0.0,60.0,0.0,1.0,238.0,218.16667824074074,3.0,273,272.0,0.0,0,1.6692103271658354e-05,0.00010005933665809909,none,132.584,0.1133,1,none,-4.161,-0.034,0.99666,none,10,0.101,1,none,7.796,0.2027,1,none,0,0,1,none,14,0.0306,1,none
ffcb67b21f3693821b0202bf54707bcee21a8ba7,46ddd60948b82f804c36b7c6325b6144187185cf,2026-02-16T22:25:28+01:00,ok,2.0,24.0,7.0,2.0,2.0,0.205592508185083,0.0,2.0,31.0,0.0,0.0,0.0,0.0,0.0,0.0,0.0,0.0,0.0,0.0,0.0,0.0,0.0,0.0,0.0,0.0,0.0,0.0,0.0,0.0,0.0,0,0,0,0,0,0,0,0,0.0,0.0,0.0,0.0,0.0,0.0,0.0,0.0,0.0,0.0,0.0,0.0,0.0,0.0,0.0,0.0,0.0,0.0,0.0,0.0,0.0,0.0,0.0,0.0,0.0,0.0,0.0,0.0,0.0,0.0,0.0,0.0,0.0,0.0,0.0,0.0,0.0,0.0,0.0,0.0,0.0,0.0,0.0,0.0,0.0,0.0,0.0,0.0,0.0,0.0,0.0,1.0,0.0,0.0,0.0,0.0,0.0,0.0,0.0,0.0,0.0,0.0,0.0,0.0,0.0,0.0,80.0,0.0,1.0,94.0,9.781788194444445,6.0,82,82.0,0.0,0,5.013661616482767e-06,3.016192909813257e-05,none,-67.199,-0.0538,0.13706,none,5.093,0.0437,0.99666,none,-4,-0.0385,1,none,-3.748,-0.0933,1,none,0,0,1,none,-3,-0.0064,1,none
c1e00c44f57841b18ea14bde30b8d1f5aff95c7e,ffcb67b21f3693821b0202bf54707bcee21a8ba7,2026-02-17T07:57:09+01:00,ok,2.0,16.0,8.0,2.0,1.0,0.41381685030363374,0.0,2.0,24.0,0.0,0.0,0.0,0.0,0.0,0.0,0.0,0.0,0.0,0.0,0.0,0.0,0.0,0.0,0.0,0.0,0.0,0.0,0.0,0.0,0.0,0,0,0,0,0,0,0,0,0.0,0.0,0.0,0.0,0.0,0.0,0.0,0.0,1.0,0.0,0.0,0.0,0.0,0.0,0.0,0.0,0.0,0.0,0.0,0.0,0.0,0.0,0.0,0.0,0.0,0.0,0.0,0.0,0.0,0.0,0.0,0.0,0.0,0.0,0.0,0.0,0.0,0.0,0.0,0.0,0.0,0.0,0.0,0.0,0.0,0.0,0.0,0.0,0.0,0.0,0.0,1.0,0.0,0.0,0.0,0.0,0.0,0.0,0.0,0.0,0.0,0.0,0.0,0.0,0.0,0.0,84.0,0.0,1.0,7.0,5.871417824074074,9.0,-37,-37.0,0.0,0,-2.262250606741727e-06,-1.3609240453577593e-05,none,20.268,0.0173,1,none,0.515,0.0043,0.99666,none,1,0.0104,1,none,8.399,0.2879,1,none,0,0,1,none,-16,-0.0339,1,none
5852d0d41005e67ca00124079b9eee91e4ab716d,c1e00c44f57841b18ea14bde30b8d1f5aff95c7e,2026-02-17T14:10:05+01:00,ok,8.0,314.0,287.0,4.0,2.0,0.5308430517979422,0.0,6.0,355.0,0.0,0.0,0.0,0.0,0.0,0.0,2.0,246.0,0.0,0.0,0.0,0.0,0.0,0.0,0.0,0.0,0.0,0.0,0.0,0.0,0.0,0,0,0,0,0,0,0,0,2.0,1.0,0.0,0.0,0.0,0.0,0.0,0.0,0.0,0.0,0.0,0.0,0.0,0.0,0.0,0.0,0.0,0.0,0.0,0.0,2.0,0.0,0.0,0.0,0.0,0.0,0.0,0.0,0.0,0.0,0.0,0.0,0.0,0.0,0.0,0.0,0.0,0.0,0.0,0.0,0.0,0.0,0.0,0.0,0.0,0.0,0.0,0.0,0.0,0.0,0.0,1.0,0.0,0.0,0.0,0.0,0.0,0.0,0.0,0.0,0.0,0.0,0.0,0.0,0.0,0.0,42.0,0.0,1.0,95.0,5.535434027777778,10.0,-40,-39.0,0.0,0,-2.445681864357959e-06,-1.4345070298200907e-05,none,-18.576,-0.0156,1,none,-3.14,-0.0257,0.99666,none,5,0.0481,1,none,-11.847,-0.27,1,none,0,0.0252,1,none,10,0.022,1,none
4c3d037f9cddcec92472cb2f61c0840097649cc1,5852d0d41005e67ca00124079b9eee91e4ab716d,2026-02-19T11:45:01+01:00,ok,2.0,240.0,91.0,2.0,1.0,0.914214857772751,0.0,1.0,222.0,0.0,0.0,0.0,0.0,0.0,0.0,1.0,109.0,0.0,0.0,0.0,0.0,0.0,0.0,0.0,0.0,0.0,0.0,0.0,0.0,0.0,0,0,0,0,0,0,0,0,1.0,1.0,0.0,0.0,0.0,0.0,0.0,0.0,0.0,0.0,0.0,0.0,0.0,0.0,0.0,0.0,0.0,0.0,0.0,0.0,0.0,0.0,0.0,0.0,0.0,0.0,0.0,0.0,0.0,0.0,0.0,0.0,0.0,0.0,0.0,0.0,0.0,0.0,0.0,0.0,0.0,0.0,0.0,0.0,0.0,0.0,0.0,0.0,0.0,0.0,1.0,0.0,0.0,0.0,0.0,0.0,0.0,0.0,0.0,0.0,0.0,0.0,0.0,0.0,0.0,0.0,73.0,0.0,1.0,239.0,1.8992592592592592,4.0,124,122.0,0.0,0,7.581632321770345e-06,4.487496620584e-05,none,3.678,0.0031,1,none,8.93,0.0703,0.99666,none,20,0.2174,1,none,-2.268,-0.0562,1,none,0,0,1,none,1,0.0022,1,none
eb959128ac1543e7f6ea1c4f1935b9899a3e1b9b,4c3d037f9cddcec92472cb2f61c0840097649cc1,2026-02-20T22:49:46+01:00,ok,12.0,279.0,139.0,7.0,3.0,0.532129164002354,0.0,10.0,392.0,0.0,0.0,0.0,0.0,0.0,0.0,2.0,26.0,0.0,0.0,0.0,0.0,0.0,0.0,0.0,0.0,0.0,0.0,0.0,0.0,0.0,0,0,0,0,0,0,0,0,1.0,2.0,0.0,0.0,0.0,0.0,0.0,0.0,0.0,0.0,0.0,0.0,0.0,1.0,0.0,0.0,0.0,0.0,0.0,0.0,0.0,0.0,0.0,0.0,0.0,0.0,0.0,0.0,0.0,0.0,0.0,0.0,0.0,0.0,0.0,0.0,0.0,0.0,0.0,0.0,0.0,0.0,0.0,0.0,0.0,0.0,0.0,0.0,0.0,0.0,1.0,0.0,0.0,0.0,0.0,0.0,0.0,0.0,0.0,0.0,0.0,0.0,0.0,0.0,0.0,0.0,56.0,0.0,1.0,240.0,104.1538275462963,13.0,164,165.0,0.0,0,1.002724414462441e-05,6.0688829246277845e-05,none,6.775,0.0057,1,none,-13.227,-0.096,0.99666,none,17,0.1735,1,none,7.422,0.171,1,none,0,0,1,none,-13,-0.0278,1,none
7ea3229e17696d2d64f9d0c4a0596b15d8cc81b9,b0404b10b6d775d4a0bc48072947f95e5753e117,2026-02-23T19:22:27Z,ok,2.0,51.0,19.0,2.0,2.0,0.9946937953613058,0.0,2.0,70.0,0.0,0.0,0.0,0.0,0.0,0.0,0.0,0.0,0.0,0.0,0.0,0.0,0.0,0.0,0.0,0.0,0.0,0.0,0.0,0.0,0.0,0,0,0,0,0,0,0,0,0.0,0.0,0.0,0.0,0.0,0.0,0.0,0.0,0.0,0.0,0.0,0.0,0.0,0.0,0.0,0.0,0.0,0.0,0.0,0.0,1.0,0.0,0.0,0.0,0.0,0.0,0.0,0.0,0.0,0.0,0.0,0.0,0.0,0.0,0.0,0.0,0.0,0.0,0.0,0.0,0.0,0.0,0.0,0.0,0.0,0.0,0.0,0.0,0.0,0.0,0.0,1.0,0.0,0.0,0.0,0.0,0.0,0.0,0.0,0.0,0.0,0.0,0.0,0.0,0.0,0.0,79.0,0.0,1.0,96.0,9.322349537037038,5.0,122,122.0,0.0,0,7.458749143313751e-06,4.485332045087146e-05,none,-14.608,-0.0123,1,none,-7.665,-0.0614,0.99666,none,27,0.2812,1,none,3.171,0.0821,1,none,0,0,1,none,-1,-0.0021,1,none
b0404b10b6d775d4a0bc48072947f95e5753e117,eb959128ac1543e7f6ea1c4f1935b9899a3e1b9b,2026-02-23T20:20:37+01:00,ok,2.0,67.0,8.0,2.0,1.0,0.10215803640865039,0.0,2.0,75.0,0.0,0.0,0.0,0.0,0.0,0.0,0.0,0.0,0.0,0.0,0.0,0.0,0.0,0.0,0.0,0.0,0.0,0.0,0.0,0.0,0.0,0,0,0,0,0,0,0,0,0.0,0.0,0.0,0.0,0.0,0.0,0.0,0.0,0.0,0.0,0.0,0.0,0.0,0.0,1.0,0.0,1.0,0.0,4.0,0.0,4.0,0.0,0.0,0.0,0.0,0.0,0.0,0.0,0.0,0.0,0.0,0.0,0.0,0.0,0.0,0.0,0.0,0.0,0.0,0.0,0.0,0.0,0.0,0.0,0.0,0.0,0.0,0.0,0.0,0.0,0.0,0.0,0.0,0.0,1.0,0.0,0.0,0.0,0.0,0.0,0.0,0.0,0.0,0.0,0.0,0.0,69.0,0.0,1.0,241.0,42.20540509259259,3.0,1025,1025.0,0.0,0,6.266964750004661e-05,0.0003769834848132663,none,-4.067,-0.0034,1,none,-14.222,-0.115,0.99666,none,-4,-0.0381,1,none,-8.316,-0.1954,1,none,0,-0.0109,1,none,1,0.0021,1,none
0b3a5e7cc4d6ba5bcc5105f694a59f721ee06fc5,7ea3229e17696d2d64f9d0c4a0596b15d8cc81b9,2026-02-24T13:32:44+01:00,ok,1.0,5.0,2.0,1.0,1.0,0.0,0.0,1.0,7.0,0.0,0.0,0.0,0.0,0.0,0.0,0.0,0.0,0.0,0.0,0.0,0.0,0.0,0.0,0.0,0.0,0.0,0.0,0.0,0.0,0.0,0,0,0,0,0,0,0,0,0.0,0.0,0.0,0.0,0.0,0.0,0.0,0.0,0.0,0.0,0.0,0.0,0.0,0.0,0.0,0.0,0.0,0.0,0.0,0.0,0.0,0.0,0.0,0.0,0.0,0.0,0.0,0.0,0.0,0.0,0.0,0.0,0.0,0.0,0.0,0.0,0.0,0.0,0.0,0.0,0.0,0.0,0.0,0.0,0.0,0.0,0.0,0.0,0.0,0.0,0.0,1.0,0.0,0.0,0.0,0.0,0.0,0.0,0.0,0.0,0.0,0.0,0.0,0.0,0.0,0.0,50.0,0.0,1.0,97.0,0.715474537037037,4.0,7,8.0,0.0,0,4.279578243895854e-07,2.9410694243113944e-06,none,-1.059,-0.0009,1,none,-16.579,-0.1193,0.99666,none,9,0.0957,0.55357,none,-10.969,-0.2152,1,none,0,0,1,none,17,0.0374,0.73003,none
2874f9e48c3bf9e7c4a46015b4bb65b177f18b13,0b3a5e7cc4d6ba5bcc5105f694a59f721ee06fc5,2026-02-24T21:11:46+01:00,ok,3.0,60.0,49.0,3.0,1.0,0.09490065554210642,0.0,3.0,109.0,0.0,0.0,0.0,0.0,0.0,0.0,0.0,0.0,0.0,0.0,0.0,0.0,0.0,0.0,0.0,0.0,0.0,0.0,0.0,0.0,0.0,0,0,0,0,0,0,0,0,0.0,0.0,0.0,0.0,0.0,0.0,0.0,0.0,0.0,0.0,0.0,0.0,0.0,0.0,0.0,0.0,0.0,0.0,0.0,0.0,1.0,0.0,0.0,0.0,0.0,0.0,0.0,0.0,0.0,0.0,0.0,0.0,0.0,0.0,0.0,0.0,0.0,0.0,0.0,0.0,0.0,0.0,0.0,0.0,0.0,0.0,0.0,0.0,0.0,0.0,0.0,1.0,0.0,0.0,0.0,0.0,0.0,0.0,0.0,0.0,0.0,0.0,0.0,0.0,0.0,0.0,60.0,0.0,1.0,242.0,5.270902777777778,6.0,72,72.0,0.0,0,4.4018500242010044e-06,2.646954697002728e-05,none,-2.6,-0.0022,1,none,-2.756,-0.0219,0.99666,none,-16,-0.1441,0.55357,none,-8.547,-0.1574,1,none,0,0,1,none,-3,-0.0064,1,none
cae9d2bcbd3e6c70c579a52574d91ea8898a80bb,2874f9e48c3bf9e7c4a46015b4bb65b177f18b13,2026-02-26T12:55:13+01:00,ok,1.0,1.0,1.0,1.0,1.0,0.0,0.0,1.0,2.0,0.0,0.0,0.0,0.0,0.0,0.0,0.0,0.0,0.0,0.0,0.0,0.0,0.0,0.0,0.0,0.0,0.0,0.0,0.0,0.0,0.0,0,0,0,0,0,0,0,0,0.0,0.0,0.0,0.0,0.0,0.0,0.0,0.0,0.0,0.0,0.0,0.0,0.0,0.0,0.0,0.0,0.0,0.0,0.0,0.0,0.0,0.0,0.0,0.0,0.0,0.0,0.0,0.0,0.0,0.0,0.0,0.0,0.0,0.0,0.0,0.0,0.0,0.0,0.0,0.0,0.0,0.0,0.0,0.0,0.0,0.0,0.0,0.0,0.0,0.0,0.0,1.0,0.0,0.0,0.0,0.0,0.0,0.0,0.0,0.0,0.0,0.0,0.0,0.0,0.0,0.0,80.0,0.0,1.0,82.0,5.587118055555556,3.0,-1,-1.0,0.0,0,-6.113653677781472e-08,-3.6762286599521577e-07,none,3.504,0.003,1,none,-12.954,-0.093,0.99666,none,3,0.0316,1,none,13.295,0.3304,1,none,0,0,1,none,-14,-0.0298,1,none
60b275880da7d1eb7dff3782e8d491188790597a,cae9d2bcbd3e6c70c579a52574d91ea8898a80bb,2026-02-26T16:13:15+01:00,ok,29.0,3103.0,1355.0,10.0,4.0,0.737086166470444,0.0,19.0,2387.0,1.0,90.0,0.0,0.0,0.0,0.0,8.0,1977.0,0.0,0.0,0.0,0.0,1.0,4.0,0.0,0.0,0.0,0.0,0.0,0.0,0.0,0,0,0,0,0,0,0,0,41.0,9.0,0.0,0.0,0.0,0.0,1.0,0.0,1.0,0.0,1.0,0.0,5.0,2.0,0.0,0.0,0.0,0.0,6.0,3.0,59.0,15.0,0.0,0.0,1.0,0.0,1.0,0.0,0.0,0.0,0.0,0.0,1.0,0.0,0.0,0.0,0.0,0.0,0.0,0.0,0.0,0.0,0.0,0.0,45.0,21.0,5.0,0.0,0.0,0.0,1.0,0.0,0.0,0.0,0.0,0.0,0.0,0.0,0.0,0.0,0.0,0.0,0.0,0.0,0.0,0.0,84.0,0.0,1.0,243.0,40.21520299145299,18.0,3971,3806.0,164.0,0,0.00024277320238701508,0.0013991731423458318,none,4.615,0.0039,1,none,20.713,0.1635,0.99666,none,10,0.101,1,none,4.814,0.0874,1,none,0,0,1,none,-13,-0.0277,1,none
437595fa652b77df700c7f4e6d4fcd8d9ff42000,60b275880da7d1eb7dff3782e8d491188790597a,2026-03-03T21:55:40Z,ok,24.0,1161.0,143.0,11.0,3.0,0.6756126931237154,0.0,17.0,479.0,0.0,0.0,0.0,0.0,0.0,0.0,6.0,821.0,0.0,0.0,0.0,0.0,1.0,4.0,0.0,0.0,0.0,0.0,0.0,0.0,0.0,0,0,0,0,0,0,0,0,4.0,0.0,0.0,0.0,0.0,0.0,0.0,0.0,0.0,0.0,0.0,0.0,2.0,0.0,0.0,0.0,0.0,0.0,0.0,0.0,4.0,4.0,0.0,0.0,0.0,0.0,0.0,0.0,0.0,0.0,0.0,0.0,0.0,0.0,0.0,0.0,0.0,0.0,0.0,0.0,0.0,0.0,0.0,0.0,0.0,0.0,0.0,0.0,0.0,0.0,1.0,0.0,0.0,0.0,0.0,0.0,0.0,0.0,0.0,0.0,0.0,0.0,0.0,0.0,0.0,0.0,44.0,0.0,1.0,98.0,42.347745225694446,17.0,443,440.0,0.0,0,2.707691389926447e-05,0.0001615281147025827,none,-1.32,-0.0011,1,none,0.306,0.0025,0.99666,none,-3,-0.0309,1,none,8.431,0.2034,1,none,0,0,1,none,-15,-0.0319,1,none
d1cff91b75d48450430ec1260c498791c066b31f,437595fa652b77df700c7f4e6d4fcd8d9ff42000,2026-03-03T22:11:30Z,ok,1.0,1.0,1.0,1.0,1.0,0.0,0.0,1.0,2.0,0.0,0.0,0.0,0.0,0.0,0.0,0.0,0.0,0.0,0.0,0.0,0.0,0.0,0.0,0.0,0.0,0.0,0.0,0.0,0.0,0.0,0,0,0,0,0,0,0,0,0.0,0.0,0.0,0.0,0.0,0.0,0.0,0.0,0.0,0.0,0.0,0.0,0.0,0.0,0.0,0.0,0.0,0.0,0.0,0.0,0.0,0.0,0.0,0.0,0.0,0.0,0.0,0.0,0.0,0.0,0.0,0.0,0.0,0.0,0.0,0.0,0.0,0.0,0.0,0.0,0.0,0.0,0.0,0.0,0.0,0.0,0.0,0.0,0.0,0.0,0.0,1.0,0.0,0.0,0.0,0.0,0.0,0.0,0.0,0.0,0.0,0.0,0.0,0.0,0.0,0.0,38.0,0.0,1.0,0.0,11.015092592592593,5.0,29,31.0,0.0,0,1.7724813589969075e-06,1.1378551943456672e-05,none,-3.234,-0.0027,1,none,9.025,0.0715,0.99666,none,3,0.0303,1,none,14.498,0.3466,0.95617,none,0,0,1,none,0,0,1,none
47c254216b45b42e48a20de693ffc3ab15cff86f,d1cff91b75d48450430ec1260c498791c066b31f,2026-03-04T16:48:33+01:00,ok,2.0,16.0,0.0,2.0,1.0,0.3372900666170139,0.0,1.0,1.0,1.0,15.0,0.0,0.0,0.0,0.0,0.0,0.0,0.0,0.0,0.0,0.0,0.0,0.0,0.0,0.0,0.0,0.0,0.0,0.0,0.0,0,0,0,0,0,0,0,0,0.0,0.0,0.0,0.0,0.0,0.0,0.0,0.0,0.0,0.0,0.0,0.0,0.0,0.0,0.0,0.0,0.0,0.0,0.0,0.0,0.0,0.0,0.0,0.0,0.0,0.0,0.0,0.0,0.0,0.0,0.0,0.0,0.0,0.0,0.0,0.0,0.0,0.0,0.0,0.0,0.0,0.0,0.0,0.0,0.0,0.0,1.0,0.0,0.0,0.0,0.0,1.0,0.0,0.0,0.0,0.0,0.0,0.0,0.0,0.0,0.0,0.0,0.0,0.0,0.0,0.0,84.0,0.0,1.0,244.0,12.254814814814814,7.0,2,-25.0,26.0,0,1.2223987705602124e-07,-9.176147156036712e-06,none,148.513,0.1269,1,none,-11.081,-0.0815,0.99666,none,8,0.0762,1,none,-3.258,-0.0621,0.95617,none,0,0,1,none,5,0.0107,1,none
c1dbbdf678c71b93f491ce344cc7ba773f654585,47c254216b45b42e48a20de693ffc3ab15cff86f,2026-03-05T18:52:41+01:00,ok,19.0,1490.0,45.0,9.0,4.0,0.8693483885457768,0.0,10.0,974.0,1.0,86.0,0.0,0.0,0.0,0.0,5.0,379.0,0.0,0.0,0.0,0.0,1.0,3.0,1.0,7.0,1.0,86.0,0.0,0.0,0.0,5,0,1,0,0,0,0,0,19.0,2.0,1.0,0.0,0.0,0.0,6.0,0.0,0.0,0.0,5.0,0.0,6.0,2.0,2.0,0.0,0.0,0.0,5.0,0.0,5.0,0.0,0.0,0.0,0.0,0.0,0.0,0.0,0.0,0.0,0.0,0.0,4.0,1.0,0.0,0.0,0.0,0.0,0.0,0.0,0.0,0.0,0.0,0.0,20.0,1.0,1.0,0.0,0.0,0.0,1.0,0.0,0.0,0.0,0.0,0.0,0.0,0.0,0.0,0.0,0.0,0.0,0.0,0.0,0.0,0.0,60.0,0.0,1.0,245.0,64.54612139917695,18.0,98784,98559.0,226.0,2,0.006037671269506808,0.03617600745844085,none,-3.47,-0.003,1,none,-2.39,-0.019,1,none,-5,-0.0505,1,none,27.571,1.2364,0.95617,none,0,0,1,none,-14,-0.0298,1,none
499e9d64a58b5641eb1d41678d922ea3010800ce,c1dbbdf678c71b93f491ce344cc7ba773f654585,2026-03-06T08:41:49Z,ok,1.0,1.0,1.0,1.0,1.0,0.0,0.0,1.0,2.0,0.0,0.0,0.0,0.0,0.0,0.0,0.0,0.0,0.0,0.0,0.0,0.0,0.0,0.0,0.0,0.0,0.0,0.0,0.0,0.0,0.0,0,0,0,0,0,0,0,0,0.0,0.0,0.0,0.0,0.0,0.0,0.0,0.0,0.0,0.0,0.0,0.0,0.0,0.0,0.0,0.0,0.0,0.0,0.0,0.0,0.0,0.0,0.0,0.0,0.0,0.0,0.0,0.0,0.0,0.0,0.0,0.0,0.0,0.0,0.0,0.0,0.0,0.0,0.0,0.0,0.0,0.0,0.0,0.0,0.0,0.0,0.0,0.0,0.0,0.0,0.0,1.0,0.0,0.0,0.0,0.0,0.0,0.0,0.0,0.0,0.0,0.0,0.0,0.0,0.0,0.0,46.0,0.0,1.0,1.0,25.468229166666667,2.0,-3,-3.0,0.0,0,-1.822593710022546e-07,-1.0627033970022554e-06,none,-21.218,-0.0178,1,none,-3.258,-0.0257,0.99666,none,-12,-0.1091,1,none,-16.742,-0.3433,1,none,0,0,1,none,-7,-0.0148,0.63655,none
a0e93b60402f543ffb5c845dafd29d95d2f0ffc6,499e9d64a58b5641eb1d41678d922ea3010800ce,2026-03-06T18:37:28+01:00,ok,6.0,106.0,25.0,5.0,1.0,0.6326427594991955,0.0,4.0,76.0,0.0,0.0,0.0,0.0,0.0,0.0,2.0,55.0,0.0,0.0,0.0,0.0,0.0,0.0,0.0,0.0,0.0,0.0,0.0,0.0,0.0,0,0,0,0,0,0,0,0,0.0,0.0,0.0,0.0,0.0,0.0,0.0,0.0,0.0,0.0,1.0,1.0,0.0,0.0,0.0,0.0,0.0,0.0,0.0,0.0,0.0,0.0,0.0,0.0,0.0,0.0,0.0,0.0,0.0,0.0,0.0,0.0,2.0,2.0,0.0,0.0,0.0,0.0,0.0,0.0,0.0,0.0,0.0,0.0,0.0,0.0,0.0,0.0,0.0,0.0,1.0,0.0,0.0,0.0,0.0,0.0,0.0,0.0,0.0,0.0,0.0,0.0,0.0,0.0,0.0,0.0,54.0,0.0,1.0,246.0,41.97498553240741,7.0,190,190.0,0.0,0,1.1543095600646802e-05,6.730462000165782e-05,none,-91.137,-0.0722,1,none,-11.265,-0.0823,0.99666,none,-11,-0.1,1,none,-4.105,-0.0762,1,none,0,0,1,none,-2,-0.0042,1,none
757dfeb6ad64c2c58db8ce356a54e3f440e433c4,a0e93b60402f543ffb5c845dafd29d95d2f0ffc6,2026-03-06T20:40:36+01:00,ok,4.0,11.0,21.0,3.0,3.0,0.2987273615828189,0.0,4.0,32.0,0.0,0.0,0.0,0.0,0.0,0.0,0.0,0.0,0.0,0.0,0.0,0.0,0.0,0.0,0.0,0.0,0.0,0.0,0.0,0.0,0.0,0,0,0,0,0,0,0,0,0.0,0.0,0.0,0.0,0.0,0.0,0.0,0.0,0.0,0.0,0.0,0.0,0.0,0.0,0.0,0.0,0.0,0.0,0.0,0.0,0.0,0.0,0.0,0.0,0.0,0.0,0.0,0.0,0.0,0.0,0.0,0.0,0.0,0.0,0.0,0.0,0.0,0.0,0.0,0.0,0.0,0.0,0.0,0.0,0.0,0.0,0.0,0.0,0.0,0.0,0.0,1.0,0.0,0.0,0.0,0.0,0.0,0.0,0.0,0.0,0.0,0.0,0.0,0.0,0.0,0.0,72.0,0.0,1.0,247.0,78.48907986111111,11.0,-81,-81.0,0.0,0,-4.920947110997004e-06,-2.8691091168244558e-05,none,121.415,0.1031,1,none,5.278,0.0421,0.99666,none,3,0.0297,1,none,-3.523,-0.0799,1,none,0,0,1,none,-12,-0.0256,1,none
3d8c12fba475bad8ebee4c238466c59f08a5458c,757dfeb6ad64c2c58db8ce356a54e3f440e433c4,2026-03-06T20:44:57+01:00,ok,1.0,0.0,1.0,1.0,1.0,0.0,0.0,1.0,1.0,0.0,0.0,0.0,0.0,0.0,0.0,0.0,0.0,0.0,0.0,0.0,0.0,0.0,0.0,0.0,0.0,0.0,0.0,0.0,0.0,0.0,0,0,0,0,0,0,0,0,0.0,0.0,0.0,0.0,0.0,0.0,0.0,0.0,0.0,0.0,0.0,0.0,0.0,0.0,0.0,0.0,0.0,0.0,0.0,0.0,0.0,0.0,0.0,0.0,0.0,0.0,0.0,0.0,0.0,0.0,0.0,0.0,0.0,0.0,0.0,0.0,0.0,0.0,0.0,0.0,0.0,0.0,0.0,0.0,0.0,0.0,0.0,0.0,0.0,0.0,0.0,1.0,0.0,0.0,0.0,0.0,0.0,0.0,0.0,0.0,0.0,0.0,0.0,0.0,0.0,0.0,84.0,0.0,1.0,248.0,2.1641666666666666,6.0,-11,-9.0,0.0,0,-6.682800567309015e-07,-3.1879904856195063e-06,none,-21.937,-0.0184,1,none,-14.115,-0.1124,0.99666,none,16,0.1649,1,none,-9.278,-0.2057,1,none,0,-0.011,1,none,-2,-0.0042,1,none
fa1f7d9f2258375214b02a442b130185a5a1540c,3d8c12fba475bad8ebee4c238466c59f08a5458c,2026-03-07T12:05:33+01:00,ok,6.0,123.0,5.0,5.0,3.0,0.5625087054373613,0.0,3.0,15.0,0.0,0.0,0.0,0.0,0.0,0.0,3.0,113.0,0.0,0.0,0.0,0.0,0.0,0.0,0.0,0.0,0.0,0.0,0.0,0.0,0.0,0,0,0,0,0,0,0,0,1.0,0.0,1.0,0.0,0.0,0.0,0.0,0.0,0.0,0.0,0.0,0.0,0.0,0.0,0.0,0.0,0.0,0.0,0.0,0.0,0.0,0.0,0.0,0.0,0.0,0.0,0.0,0.0,0.0,0.0,0.0,0.0,1.0,0.0,0.0,0.0,0.0,0.0,0.0,0.0,0.0,0.0,0.0,0.0,0.0,0.0,0.0,0.0,0.0,0.0,1.0,0.0,0.0,0.0,0.0,0.0,0.0,0.0,0.0,0.0,0.0,0.0,0.0,0.0,0.0,0.0,54.0,0.0,1.0,249.0,110.8499074074074,13.0,0,0.0,0.0,0,0.0,0.0,none,-111.45,-0.0857,0.39358,none,1.192,0.0097,0.99666,none,-5,-0.0476,1,none,10.758,0.3187,0.95617,none,0,0,1,none,-2,-0.0042,1,none
21dd1cfacc6beb5d259fdda5c50582a1d9b29894,fa1f7d9f2258375214b02a442b130185a5a1540c,2026-03-08T23:15:18+01:00,ok,46.0,1898.0,580.0,21.0,9.0,0.7389400504175442,0.0,34.0,2116.0,2.0,66.0,0.0,0.0,0.0,0.0,3.0,159.0,1.0,86.0,1.0,23.0,1.0,4.0,3.0,16.0,1.0,8.0,0.0,0.0,0.0,0,0,3,3,0,0,0,0,41.0,30.0,0.0,1.0,0.0,0.0,2.0,1.0,3.0,0.0,1.0,0.0,24.0,25.0,2.0,2.0,0.0,2.0,7.0,0.0,9.0,0.0,1.0,0.0,0.0,0.0,0.0,0.0,0.0,0.0,0.0,0.0,12.0,4.0,0.0,0.0,0.0,0.0,0.0,0.0,2.0,2.0,0.0,0.0,16.0,6.0,4.0,1.0,0.0,0.0,1.0,0.0,0.0,0.0,0.0,0.0,0.0,0.0,0.0,0.0,0.0,0.0,0.0,0.0,0.0,0.0,72.0,0.0,1.0,250.0,105.80270388176639,24.0,635,500.0,132.0,-6,3.857801087401734e-05,0.00017711114716306906,none,3.027,0.0026,1,none,-8.596,-0.0634,1,none,-8,-0.0784,1,none,20.053,0.5445,0.95617,none,0,0.0252,1,none,-3,-0.0064,1,none
e73a5b0116019a057a1dfa4b534e3e87784c6554,21dd1cfacc6beb5d259fdda5c50582a1d9b29894,2026-03-11T09:49:12+01:00,ok,2.0,112.0,15.0,2.0,2.0,0.11684976092365493,0.0,1.0,2.0,0.0,0.0,0.0,0.0,0.0,0.0,0.0,0.0,1.0,125.0,0.0,0.0,0.0,0.0,0.0,0.0,0.0,0.0,0.0,0.0,0.0,0,0,0,0,0,0,0,0,1.0,1.0,0.0,0.0,0.0,0.0,0.0,0.0,0.0,0.0,0.0,0.0,0.0,0.0,0.0,0.0,0.0,0.0,0.0,0.0,0.0,0.0,0.0,0.0,0.0,0.0,0.0,0.0,0.0,0.0,0.0,0.0,0.0,0.0,0.0,0.0,0.0,0.0,0.0,0.0,0.0,0.0,0.0,0.0,0.0,0.0,0.0,0.0,0.0,0.0,0.0,0.0,0.0,0.0,0.0,0.0,0.0,0.0,1.0,0.0,0.0,0.0,0.0,0.0,0.0,0.0,50.0,0.0,1.0,251.0,375.7083680555556,1.0,0,0.0,0.0,0,0.0,0.0,none,-80.542,-0.0646,0.32379,none,1.618,0.0129,0.99666,none,-1,-0.0102,1,none,10.353,0.2571,1,none,0,0,1,none,-14,-0.0298,1,none
92d25446d62296338d2bba053b90330e4a1fb8be,e73a5b0116019a057a1dfa4b534e3e87784c6554,2026-03-11T16:51:03+01:00,ok,7.0,354.0,128.0,5.0,1.0,0.8268484865710698,0.0,4.0,332.0,0.0,0.0,0.0,0.0,0.0,0.0,2.0,127.0,1.0,23.0,0.0,0.0,0.0,0.0,0.0,0.0,0.0,0.0,0.0,0.0,0.0,0,0,0,0,0,0,0,0,2.0,2.0,0.0,0.0,0.0,0.0,1.0,0.0,0.0,0.0,2.0,0.0,1.0,0.0,0.0,0.0,0.0,0.0,1.0,0.0,0.0,0.0,1.0,1.0,0.0,0.0,0.0,0.0,0.0,0.0,0.0,0.0,0.0,0.0,0.0,0.0,0.0,0.0,0.0,0.0,0.0,0.0,0.0,0.0,0.0,0.0,0.0,0.0,0.0,0.0,1.0,0.0,0.0,0.0,0.0,0.0,0.0,0.0,0.0,0.0,0.0,0.0,0.0,0.0,0.0,0.0,88.0,0.0,1.0,252.0,2.733159722222222,7.0,318,318.0,0.0,0,1.9318636548952787e-05,0.00011262274285252867,none,2.734,0.0023,1,none,-11.773,-0.0847,0.99666,none,4,0.0388,1,none,5.594,0.1309,1,none,0,0,1,none,-15,-0.0318,1,none
816c81c12e41537373193140c1858fc10a871dae,92d25446d62296338d2bba053b90330e4a1fb8be,2026-03-11T22:00:31+01:00,ok,21.0,814.0,347.0,12.0,4.0,0.6770217522742901,0.0,13.0,1089.0,2.0,27.0,0.0,0.0,0.0,0.0,2.0,22.0,1.0,2.0,0.0,0.0,1.0,11.0,1.0,2.0,1.0,8.0,0.0,0.0,0.0,0,0,1,0,0,0,0,0,3.0,1.0,0.0,0.0,0.0,0.0,0.0,0.0,16.0,12.0,0.0,0.0,1.0,1.0,0.0,0.0,0.0,0.0,1.0,0.0,7.0,4.0,0.0,0.0,0.0,0.0,0.0,0.0,0.0,0.0,0.0,0.0,0.0,0.0,0.0,0.0,0.0,0.0,0.0,0.0,0.0,0.0,0.0,0.0,5.0,1.0,1.0,1.0,0.0,0.0,1.0,0.0,0.0,0.0,0.0,0.0,0.0,0.0,0.0,0.0,0.0,0.0,0.0,0.0,0.0,0.0,50.0,0.0,1.0,253.0,24.633390480324074,21.0,3603,3621.0,-17.0,0,0.0002188795686705639,0.0012822673858601426,none,41.791,0.0325,1,none,-10.052,-0.0747,0.99666,none,-4,-0.0426,1,none,17.252,0.5061,1,none,0,0,1,none,-12,-0.0255,1,none
b4ce7c713b8874ab328a4711af3a83d131bebcaf,816c81c12e41537373193140c1858fc10a871dae,2026-03-12T16:08:46+01:00,ok,2.0,24.0,30.0,1.0,1.0,0.13303964861069895,0.0,1.0,53.0,1.0,1.0,0.0,0.0,0.0,0.0,0.0,0.0,0.0,0.0,0.0,0.0,0.0,0.0,0.0,0.0,0.0,0.0,0.0,0.0,0.0,0,0,0,0,0,0,0,0,1.0,1.0,0.0,0.0,0.0,0.0,0.0,0.0,0.0,0.0,0.0,0.0,0.0,0.0,0.0,0.0,0.0,0.0,0.0,0.0,0.0,0.0,0.0,0.0,0.0,0.0,0.0,0.0,0.0,0.0,0.0,0.0,0.0,0.0,0.0,0.0,0.0,0.0,0.0,0.0,0.0,0.0,0.0,0.0,0.0,1.0,0.0,0.0,0.0,0.0,0.0,1.0,0.0,0.0,0.0,0.0,0.0,0.0,0.0,0.0,0.0,0.0,0.0,0.0,0.0,0.0,59.0,0.0,1.0,254.0,0.7557291666666667,7.0,-5,-3.0,-1.0,0,-3.036798097263784e-07,-1.0609985764935765e-06,none,-10.077,-0.0087,1,none,-2.474,-0.0196,0.99666,none,2,0.0206,1,none,-11.257,-0.2486,0.95617,none,0,0.0252,1,none,17,0.0374,1,none
c9ba7f839cc3d9ba1d9c72d2dc6500088b7ff9f3,b4ce7c713b8874ab328a4711af3a83d131bebcaf,2026-03-12T17:32:13+01:00,ok,1.0,1.0,1.0,1.0,1.0,0.0,0.0,0.0,0.0,0.0,0.0,0.0,0.0,0.0,0.0,0.0,0.0,0.0,0.0,0.0,0.0,0.0,0.0,1.0,2.0,0.0,0.0,0.0,0.0,0.0,0,0,1,0,0,0,0,0,0.0,0.0,0.0,0.0,0.0,0.0,0.0,0.0,0.0,0.0,0.0,0.0,0.0,0.0,0.0,0.0,0.0,0.0,0.0,0.0,0.0,0.0,0.0,0.0,0.0,0.0,0.0,0.0,0.0,0.0,0.0,0.0,0.0,0.0,0.0,0.0,0.0,0.0,0.0,0.0,0.0,0.0,0.0,0.0,0.0,0.0,0.0,0.0,0.0,0.0,0.0,0.0,0.0,0.0,1.0,0.0,0.0,0.0,0.0,0.0,0.0,0.0,0.0,0.0,0.0,0.0,68.0,0.0,1.0,255.0,0.8136805555555555,6.0,0,0.0,0.0,0,0.0,0.0,none,135.058,0.1137,1,none,1.093,0.0087,0.99666,none,-4,-0.0367,1,none,11.822,0.2974,1,none,0,0,1,none,1,0.0021,1,none
2b0e4c9623e44b3f2f7d02d532f23128e988cb5d,c9ba7f839cc3d9ba1d9c72d2dc6500088b7ff9f3,2026-03-14T13:12:48+01:00,ok,1.0,0.0,4.0,1.0,1.0,0.0,0.0,1.0,4.0,0.0,0.0,0.0,0.0,0.0,0.0,0.0,0.0,0.0,0.0,0.0,0.0,0.0,0.0,0.0,0.0,0.0,0.0,0.0,0.0,0.0,0,0,0,0,0,0,0,0,0.0,0.0,0.0,0.0,0.0,0.0,0.0,0.0,0.0,0.0,0.0,0.0,0.0,0.0,0.0,0.0,0.0,0.0,0.0,0.0,0.0,0.0,0.0,0.0,0.0,0.0,0.0,0.0,0.0,0.0,0.0,0.0,0.0,0.0,0.0,0.0,0.0,0.0,0.0,0.0,0.0,0.0,0.0,0.0,0.0,0.0,0.0,0.0,0.0,0.0,0.0,1.0,0.0,0.0,0.0,0.0,0.0,0.0,0.0,0.0,0.0,0.0,0.0,0.0,0.0,0.0,53.0,0.0,1.0,256.0,5.581597222222222,3.0,15,15.0,0.0,0,9.110397058434997e-07,5.304998511063751e-06,none,-4.441,-0.0038,1,none,2.91,0.0247,0.99666,none,-8,-0.0777,1,none,-5.292,-0.119,1,none,0,-0.0246,1,none,6,0.0128,1,none
e8b4620a96b722646e6db9e98efd0ca2a0184767,2b0e4c9623e44b3f2f7d02d532f23128e988cb5d,2026-03-18T19:14:44+01:00,ok,7.0,680.0,64.0,5.0,2.0,0.7893175425246111,0.0,4.0,606.0,0.0,0.0,0.0,0.0,0.0,0.0,3.0,138.0,0.0,0.0,0.0,0.0,0.0,0.0,0.0,0.0,0.0,0.0,0.0,0.0,0.0,0,0,0,0,0,0,0,0,4.0,0.0,0.0,0.0,0.0,0.0,0.0,0.0,0.0,0.0,0.0,0.0,0.0,0.0,0.0,0.0,0.0,0.0,5.0,2.0,2.0,0.0,1.0,0.0,0.0,0.0,0.0,0.0,0.0,0.0,0.0,0.0,0.0,0.0,0.0,0.0,0.0,0.0,0.0,0.0,0.0,0.0,0.0,0.0,9.0,0.0,0.0,0.0,0.0,0.0,1.0,0.0,0.0,0.0,0.0,0.0,0.0,0.0,0.0,0.0,0.0,0.0,0.0,0.0,0.0,0.0,89.0,0.0,1.0,257.0,153.55666666666667,7.0,1211,1212.0,0.0,0,7.355120524369682e-05,0.0004286416057508708,none,148.169,0.1257,1,none,-10.675,-0.0885,0.99666,none,1,0.0104,1,none,1.142,0.0315,1,none,0,0.0252,1,none,0,0,1,none
81ab857a6fc66254239947524faccf45d5925f69,e8b4620a96b722646e6db9e98efd0ca2a0184767,2026-03-19T16:00:58+01:00,ok,13.0,518.0,104.0,10.0,3.0,0.8297961244674434,0.0,10.0,497.0,0.0,0.0,0.0,0.0,0.0,0.0,3.0,125.0,0.0,0.0,0.0,0.0,0.0,0.0,0.0,0.0,0.0,0.0,0.0,0.0,0.0,0,0,0,0,0,0,0,0,9.0,4.0,0.0,0.0,0.0,0.0,0.0,0.0,0.0,0.0,0.0,0.0,3.0,0.0,0.0,0.0,0.0,0.0,0.0,0.0,1.0,2.0,1.0,0.0,0.0,0.0,1.0,1.0,0.0,0.0,0.0,0.0,0.0,0.0,0.0,0.0,0.0,0.0,0.0,0.0,0.0,0.0,0.0,0.0,0.0,0.0,0.0,0.0,0.0,0.0,1.0,0.0,0.0,0.0,0.0,0.0,0.0,0.0,0.0,0.0,0.0,0.0,0.0,0.0,0.0,0.0,56.0,0.0,1.0,258.0,112.13330118312757,10.0,1027,1025.0,0.0,0,6.237120755577076e-05,0.00036235098978382315,none,82.956,0.0702,1,none,-13.338,-0.1059,0.99666,none,-4,-0.037,1,none,-2.954,-0.1174,1,none,0,0,1,none,0,0,1,none
987173b52f8a889984c3ff98450f24b9e65c70fa,81ab857a6fc66254239947524faccf45d5925f69,2026-03-21T19:26:47+01:00,ok,3.0,30.0,26.0,3.0,2.0,0.8200848629673542,0.0,3.0,56.0,0.0,0.0,0.0,0.0,0.0,0.0,0.0,0.0,0.0,0.0,0.0,0.0,0.0,0.0,0.0,0.0,0.0,0.0,0.0,0.0,0.0,0,0,0,0,0,0,0,0,0.0,0.0,0.0,0.0,0.0,0.0,0.0,0.0,0.0,0.0,0.0,0.0,0.0,0.0,0.0,0.0,0.0,0.0,0.0,0.0,1.0,1.0,0.0,0.0,0.0,0.0,0.0,0.0,0.0,0.0,0.0,0.0,0.0,0.0,1.0,1.0,0.0,0.0,0.0,0.0,0.0,0.0,0.0,0.0,0.0,0.0,0.0,0.0,0.0,0.0,0.0,1.0,0.0,0.0,0.0,0.0,0.0,0.0,0.0,0.0,0.0,0.0,0.0,0.0,0.0,0.0,45.0,0.0,1.0,99.0,9.963703703703704,7.0,-45,-44.0,0.0,0,-2.7327451736987488e-06,-1.5548944898073133e-05,none,-142.18,-0.109,1,none,1.933,0.017,0.99666,none,-12,-0.1154,1,none,0.002,0.0001,1,none,0,0.0252,1,none,-17,-0.0359,0.63655,none
a9ca16eb42c2fd7f06065be7b5238b40e08bf8d3,987173b52f8a889984c3ff98450f24b9e65c70fa,2026-03-21T22:44:27+01:00,ok,1.0,2.0,0.0,1.0,1.0,0.0,0.0,1.0,2.0,0.0,0.0,0.0,0.0,0.0,0.0,0.0,0.0,0.0,0.0,0.0,0.0,0.0,0.0,0.0,0.0,0.0,0.0,0.0,0.0,0.0,0,0,0,0,0,0,0,0,0.0,0.0,0.0,0.0,0.0,0.0,0.0,0.0,0.0,0.0,0.0,0.0,0.0,0.0,0.0,0.0,0.0,0.0,0.0,0.0,0.0,0.0,0.0,0.0,0.0,0.0,0.0,0.0,0.0,0.0,0.0,0.0,0.0,0.0,0.0,0.0,0.0,0.0,0.0,0.0,0.0,0.0,0.0,0.0,0.0,0.0,0.0,0.0,0.0,0.0,0.0,0.0,0.0,0.0,1.0,0.0,0.0,0.0,0.0,0.0,0.0,0.0,0.0,0.0,0.0,0.0,62.0,0.0,1.0,259.0,10.245416666666667,5.0,0,0.0,0.0,0,0.0,0.0,none,-118.769,-0.0921,1,none,-0.067,-0.0006,0.99666,none,-9,-0.0874,1,none,0.318,0.0168,1,none,0,0,1,none,-2,-0.0042,1,none
75789f620d9f61d392027a4d4b317adcedf72056,a9ca16eb42c2fd7f06065be7b5238b40e08bf8d3,2026-03-23T14:54:44Z,ok,3.0,43.0,41.0,3.0,3.0,0.45607255528384383,0.0,1.0,4.0,0.0,0.0,0.0,0.0,0.0,0.0,1.0,72.0,0.0,0.0,0.0,0.0,0.0,0.0,0.0,0.0,1.0,8.0,0.0,0.0,0.0,0,0,0,0,0,0,0,0,0.0,0.0,0.0,0.0,0.0,0.0,0.0,0.0,0.0,0.0,0.0,0.0,0.0,0.0,0.0,0.0,0.0,0.0,0.0,0.0,0.0,0.0,0.0,0.0,0.0,0.0,0.0,0.0,0.0,0.0,0.0,0.0,0.0,0.0,0.0,0.0,0.0,0.0,0.0,0.0,0.0,0.0,0.0,0.0,0.0,0.0,0.0,0.0,0.0,0.0,0.0,1.0,0.0,0.0,0.0,0.0,0.0,0.0,0.0,0.0,0.0,0.0,0.0,0.0,0.0,0.0,72.0,0.0,1.0,100.0,1.8527430555555555,6.0,128,127.0,0.0,0,7.773163069483636e-06,4.488060698370516e-05,none,-117.894,-0.0923,1,none,-0.324,-0.0029,0.99666,none,-7,-0.0686,1,none,3.95,0.1549,1,none,0,0,1,none,-15,-0.0318,1,none
d6f0f34fe91a7fab25106f2b31b074c132815d36,75789f620d9f61d392027a4d4b317adcedf72056,2026-03-23T15:54:59+01:00,ok,7.0,41.0,26.0,2.0,2.0,0.8302668538447168,0.0,7.0,67.0,0.0,0.0,0.0,0.0,0.0,0.0,0.0,0.0,0.0,0.0,0.0,0.0,0.0,0.0,0.0,0.0,0.0,0.0,0.0,0.0,0.0,0,0,0,0,0,0,0,0,0.0,0.0,0.0,0.0,0.0,0.0,0.0,0.0,0.0,0.0,0.0,0.0,0.0,0.0,0.0,0.0,0.0,0.0,0.0,0.0,0.0,1.0,0.0,0.0,0.0,0.0,0.0,0.0,0.0,0.0,0.0,0.0,0.0,0.0,0.0,0.0,0.0,0.0,0.0,0.0,0.0,0.0,0.0,0.0,0.0,0.0,0.0,0.0,0.0,0.0,0.0,1.0,0.0,0.0,0.0,0.0,0.0,0.0,0.0,0.0,0.0,0.0,0.0,0.0,0.0,0.0,48.0,0.0,1.0,101.0,53.35916997354497,9.0,-9,-11.0,0.0,0,-5.465462799297093e-07,-3.887122211475704e-06,none,3.235,0.0028,1,none,-1.852,-0.0161,0.99666,none,-1,-0.0106,1,none,-3.363,-0.1402,0.95617,none,0,0,1,none,-16,-0.034,1,none
1c292e4936795b8e2ac0b46bbccedf612e060a2b,d6f0f34fe91a7fab25106f2b31b074c132815d36,2026-03-24T19:01:08+01:00,ok,2.0,26.0,2.0,2.0,1.0,0.37123232664087563,0.0,1.0,2.0,0.0,0.0,0.0,0.0,0.0,0.0,1.0,26.0,0.0,0.0,0.0,0.0,0.0,0.0,0.0,0.0,0.0,0.0,0.0,0.0,0.0,0,0,0,0,0,0,0,0,0.0,0.0,0.0,0.0,0.0,0.0,0.0,0.0,0.0,0.0,0.0,0.0,0.0,0.0,0.0,0.0,0.0,0.0,0.0,0.0,0.0,0.0,0.0,0.0,0.0,0.0,0.0,0.0,0.0,0.0,0.0,0.0,0.0,0.0,0.0,0.0,0.0,0.0,0.0,0.0,0.0,0.0,0.0,0.0,0.0,0.0,0.0,0.0,0.0,0.0,0.0,1.0,0.0,0.0,0.0,0.0,0.0,0.0,0.0,0.0,0.0,0.0,0.0,0.0,0.0,0.0,68.0,0.0,1.0,0.0,191.26903935185186,3.0,-8,-5.0,0.0,0,-4.85819181015741e-07,-1.7668806005697837e-06,none,21.54,0.0191,1,none,0.574,0.0051,0.99666,none,6,0.0652,1,none,-1.236,-0.0574,1,none,0,0,1,none,14,0.0308,1,none
c1082923eedf62e2df7821fe8c772d839c46438d,1c292e4936795b8e2ac0b46bbccedf612e060a2b,2026-03-24T20:20:28+01:00,ok,3.0,6.0,6.0,3.0,2.0,0.7896900821428475,0.0,0.0,0.0,0.0,0.0,0.0,0.0,0.0,0.0,0.0,0.0,0.0,0.0,0.0,0.0,1.0,2.0,1.0,2.0,1.0,8.0,0.0,0.0,0.0,0,0,1,0,0,0,0,0,0.0,0.0,0.0,0.0,0.0,0.0,0.0,0.0,0.0,0.0,0.0,0.0,0.0,0.0,0.0,0.0,0.0,0.0,0.0,0.0,0.0,0.0,0.0,0.0,0.0,0.0,0.0,0.0,0.0,0.0,0.0,0.0,0.0,0.0,0.0,0.0,0.0,0.0,0.0,0.0,0.0,0.0,0.0,0.0,0.0,0.0,0.0,0.0,0.0,0.0,1.0,0.0,0.0,0.0,0.0,0.0,0.0,0.0,0.0,0.0,0.0,0.0,0.0,0.0,0.0,0.0,54.0,0.0,1.0,260.0,12.523680555555554,11.0,3826,3827.0,0.0,0,0.00023234313619753029,0.0013523728011573795,none,15.914,0.0137,1,none,1.005,0.0089,0.99666,none,-4,-0.0421,1,none,-5.329,-0.2236,1,none,0,0,1,none,-15,-0.0319,1,none
c09e170bdd50f9e08a82deba2c037043b8fce9e0,c1082923eedf62e2df7821fe8c772d839c46438d,2026-03-25T17:14:24+01:00,ok,9.0,856.0,14.0,5.0,1.0,0.6169831254237936,0.0,5.0,163.0,0.0,0.0,0.0,0.0,0.0,0.0,4.0,707.0,0.0,0.0,0.0,0.0,0.0,0.0,0.0,0.0,0.0,0.0,0.0,0.0,0.0,0,0,0,0,0,0,0,0,6.0,0.0,0.0,0.0,0.0,0.0,0.0,0.0,0.0,0.0,0.0,0.0,0.0,0.0,0.0,0.0,0.0,0.0,1.0,0.0,1.0,0.0,0.0,0.0,0.0,0.0,0.0,0.0,0.0,0.0,0.0,0.0,0.0,0.0,0.0,0.0,0.0,0.0,0.0,0.0,0.0,0.0,0.0,0.0,0.0,0.0,0.0,0.0,0.0,0.0,1.0,0.0,0.0,0.0,0.0,0.0,0.0,0.0,0.0,0.0,0.0,0.0,0.0,0.0,0.0,0.0,38.0,0.0,1.0,261.0,22.422401620370373,6.0,320,321.0,0.0,0,1.9428262657968472e-05,0.0001132807371929245,none,135.597,0.1157,1,none,0.304,0.0027,1,none,7,0.0745,1,none,8.881,0.391,1,none,0,-0.0246,1,none,0,0,1,none
4a5c9e990ca2dca3106b7bbe674b21cf58acec7d,c09e170bdd50f9e08a82deba2c037043b8fce9e0,2026-03-25T17:56:48+01:00,ok,1.0,11.0,1.0,1.0,1.0,0.0,0.0,1.0,12.0,0.0,0.0,0.0,0.0,0.0,0.0,0.0,0.0,0.0,0.0,0.0,0.0,0.0,0.0,0.0,0.0,0.0,0.0,0.0,0.0,0.0,0,0,0,0,0,0,0,0,1.0,0.0,0.0,0.0,0.0,0.0,0.0,0.0,0.0,0.0,0.0,0.0,0.0,0.0,0.0,0.0,0.0,0.0,0.0,0.0,1.0,0.0,0.0,0.0,0.0,0.0,0.0,0.0,0.0,0.0,0.0,0.0,0.0,0.0,0.0,0.0,0.0,0.0,0.0,0.0,0.0,0.0,0.0,0.0,0.0,0.0,0.0,0.0,0.0,0.0,0.0,1.0,0.0,0.0,0.0,0.0,0.0,0.0,0.0,0.0,0.0,0.0,0.0,0.0,0.0,0.0,66.0,0.0,1.0,262.0,44.811967592592595,3.0,13,12.0,0.0,0,7.892578365714154e-07,4.234314247514722e-06,none,7.095,0.006,1,none,-2.967,-0.0258,0.99666,none,6,0.0619,1,none,0.923,0.0393,1,none,0,0.0111,1,none,16,0.034,1,none
d9e8a33aa4b48d920ecb9d3fde15cf0e8b72fd5c,4a5c9e990ca2dca3106b7bbe674b21cf58acec7d,2026-04-01T18:41:11+02:00,ok,32.0,1148.0,111.0,16.0,6.0,0.5981482331324525,0.0,14.0,563.0,2.0,7.0,0.0,0.0,0.0,0.0,9.0,668.0,0.0,0.0,0.0,0.0,1.0,3.0,0.0,0.0,0.0,0.0,6.0,18.0,0.0,0,0,0,0,0,0,0,0,7.0,4.0,0.0,0.0,0.0,0.0,0.0,0.0,0.0,0.0,0.0,0.0,1.0,0.0,0.0,0.0,0.0,0.0,1.0,0.0,6.0,3.0,0.0,0.0,0.0,0.0,0.0,0.0,0.0,0.0,0.0,0.0,0.0,0.0,0.0,0.0,1.0,0.0,0.0,0.0,0.0,0.0,1.0,0.0,4.0,2.0,0.0,0.0,0.0,0.0,1.0,0.0,0.0,0.0,0.0,0.0,0.0,0.0,0.0,0.0,0.0,0.0,0.0,0.0,0.0,0.0,54.0,0.0,2.0,263.0,58.2744932568438,28.0,371,323.0,27.0,0,2.2524186635531885e-05,0.00011397314256416988,none,-101.333,-0.0794,0.77398,none,0.542,0.0048,0.99666,none,-5,-0.051,1,none,-1.445,-0.0666,1,none,0,0.0001,0.80265,none,-1,-0.0021,1,none
2e1a529c6781b1534d27ca79198dccd40b97ec7b,d9e8a33aa4b48d920ecb9d3fde15cf0e8b72fd5c,2026-04-25T12:03:50+02:00,ok,8.0,55.0,20.0,6.0,7.0,0.6350064213754155,0.0,5.0,67.0,0.0,0.0,0.0,0.0,0.0,0.0,0.0,0.0,1.0,2.0,0.0,0.0,0.0,0.0,0.0,0.0,0.0,0.0,2.0,6.0,0.0,0,0,0,0,0,0,0,0,0.0,0.0,0.0,0.0,0.0,0.0,0.0,0.0,0.0,0.0,0.0,0.0,0.0,0.0,0.0,0.0,0.0,0.0,0.0,0.0,0.0,0.0,0.0,0.0,0.0,0.0,0.0,0.0,0.0,0.0,0.0,0.0,0.0,0.0,0.0,0.0,0.0,0.0,0.0,0.0,0.0,0.0,0.0,0.0,2.0,0.0,0.0,0.0,0.0,0.0,0.0,1.0,0.0,0.0,0.0,0.0,0.0,0.0,0.0,0.0,0.0,0.0,0.0,0.0,0.0,0.0,62.0,0.0,4.0,102.0,66.65483465608466,18.0,134,136.0,0.0,0,8.13523727026606e-06,4.798322280727256e-05,none,-10.654,-0.009,1,none,-0.245,-0.0021,1,none,-15,-0.1685,1,none,-9.986,-0.3533,1,none,0,-0.0001,1,none,-14,-0.0299,1,none
43fa4b56028478f53dbb65045df1f9f7737c4321,2e1a529c6781b1534d27ca79198dccd40b97ec7b,2026-04-28T18:23:10+02:00,ok,4.0,76.0,8.0,3.0,2.0,0.803681337008211,0.0,2.0,14.0,0.0,0.0,0.0,0.0,0.0,0.0,2.0,70.0,0.0,0.0,0.0,0.0,0.0,0.0,0.0,0.0,0.0,0.0,0.0,0.0,0.0,0,0,0,0,0,0,0,0,0.0,0.0,0.0,0.0,0.0,0.0,0.0,0.0,0.0,0.0,0.0,0.0,0.0,0.0,0.0,0.0,0.0,0.0,0.0,0.0,0.0,1.0,0.0,0.0,0.0,0.0,0.0,0.0,0.0,0.0,0.0,0.0,0.0,0.0,0.0,0.0,0.0,0.0,0.0,0.0,0.0,0.0,0.0,0.0,0.0,0.0,0.0,0.0,0.0,0.0,0.0,1.0,0.0,0.0,0.0,0.0,0.0,0.0,0.0,0.0,0.0,0.0,0.0,0.0,0.0,0.0,44.0,0.0,1.0,265.0,26.987488425925925,3.0,-12,-12.0,0.0,0,-7.285227840643898e-07,-4.233610634829915e-06,none,-58.529,-0.0471,1,none,0.249,0.0022,0.99666,none,7,0.0814,1,none,-0.466,-0.0204,1,none,0,0,1,none,1,0.0021,1,none
278cd357724b17e1119b6c76416520c42958d0e3,43fa4b56028478f53dbb65045df1f9f7737c4321,2026-04-28T21:49:40+02:00,ok,2.0,58.0,25.0,2.0,1.0,0.4574321808988395,0.0,1.0,75.0,1.0,8.0,0.0,0.0,0.0,0.0,0.0,0.0,0.0,0.0,0.0,0.0,0.0,0.0,0.0,0.0,0.0,0.0,0.0,0.0,0.0,0,0,0,0,0,0,0,0,0.0,0.0,0.0,0.0,0.0,0.0,0.0,0.0,0.0,0.0,0.0,0.0,0.0,0.0,0.0,0.0,0.0,0.0,0.0,0.0,0.0,0.0,0.0,0.0,0.0,0.0,0.0,0.0,0.0,0.0,0.0,0.0,0.0,0.0,0.0,0.0,0.0,0.0,0.0,0.0,0.0,0.0,0.0,0.0,4.0,0.0,1.0,0.0,0.0,0.0,1.0,0.0,0.0,0.0,0.0,0.0,0.0,0.0,0.0,0.0,0.0,0.0,0.0,0.0,0.0,0.0,60.0,0.0,1.0,266.0,39.01487847222222,7.0,62,47.0,15.0,0,3.764037126519487e-06,1.6581711853595478e-05,none,-110.213,-0.0858,1,none,-1.833,-0.016,0.99666,none,-1,-0.0108,1,none,-3.771,-0.1634,1,none,0,0.0001,1,none,-2,-0.0042,1,none
3f5fdec04e2fdb7239432a436a6580c4d5e465b0,278cd357724b17e1119b6c76416520c42958d0e3,2026-05-02T15:50:58+02:00,ok,3.0,108.0,67.0,2.0,1.0,0.5984312351810346,0.0,2.0,129.0,0.0,0.0,0.0,0.0,0.0,0.0,1.0,46.0,0.0,0.0,0.0,0.0,0.0,0.0,0.0,0.0,0.0,0.0,0.0,0.0,0.0,0,0,0,0,0,0,0,0,1.0,1.0,0.0,0.0,0.0,0.0,0.0,0.0,0.0,0.0,0.0,0.0,0.0,0.0,0.0,0.0,0.0,0.0,3.0,2.0,1.0,6.0,0.0,0.0,0.0,0.0,0.0,0.0,0.0,0.0,0.0,0.0,0.0,0.0,0.0,0.0,0.0,0.0,0.0,0.0,0.0,0.0,0.0,0.0,0.0,0.0,0.0,0.0,0.0,0.0,0.0,1.0,0.0,0.0,0.0,0.0,0.0,0.0,0.0,0.0,0.0,0.0,0.0,0.0,0.0,0.0,33.0,0.0,1.0,267.0,390.9822337962963,2.0,-67,-66.0,0.0,0,-4.067573197193884e-06,-2.328457097295991e-05,none,-11.162,-0.0095,1,none,0.058,0.0005,1,none,5,0.0526,1,none,2.196,0.0895,1,none,0,-0.055,1,none,-16,-0.034,1,none
2dfcc6f0ce4ce007e0360324e63f02ffc7b7fc1a,3f5fdec04e2fdb7239432a436a6580c4d5e465b0,2026-05-02T16:36:42+02:00,ok,9.0,56.0,142.0,5.0,2.0,0.7025192535763384,0.0,5.0,47.0,0.0,0.0,0.0,0.0,0.0,0.0,4.0,151.0,0.0,0.0,0.0,0.0,0.0,0.0,0.0,0.0,0.0,0.0,0.0,0.0,0.0,0,0,0,0,0,0,0,0,0.0,0.0,0.0,0.0,0.0,0.0,0.0,0.0,0.0,0.0,0.0,0.0,0.0,0.0,0.0,0.0,0.0,0.0,0.0,0.0,0.0,0.0,0.0,0.0,0.0,0.0,0.0,0.0,0.0,0.0,0.0,0.0,0.0,0.0,0.0,0.0,0.0,0.0,0.0,0.0,0.0,0.0,0.0,0.0,0.0,0.0,0.0,0.0,0.0,0.0,0.0,0.0,0.0,0.0,1.0,0.0,0.0,0.0,0.0,0.0,0.0,0.0,0.0,0.0,0.0,0.0,51.0,0.0,1.0,103.0,31.644689814814814,6.0,-12,-14.0,0.0,0,-7.285235359545489e-07,-4.939266427206326e-06,none,25.597,0.0196,1,none,-3.473,-0.0301,0.99666,none,7,0.0778,1,none,-7.711,-0.3259,0.95617,none,0,-0.0001,1,none,0,0,1,none
3004c642dab239b4e060f7da5c3ac12d2dc9691d,2dfcc6f0ce4ce007e0360324e63f02ffc7b7fc1a,2026-05-04T11:37:17+02:00,ok,18.0,508.0,17.0,10.0,13.0,0.531745885876262,0.0,9.0,383.0,0.0,0.0,0.0,0.0,0.0,0.0,1.0,66.0,0.0,0.0,3.0,14.0,0.0,0.0,4.0,52.0,1.0,10.0,0.0,0.0,0.0,1,1,0,0,2,0,0,0,1.0,1.0,0.0,0.0,0.0,0.0,0.0,0.0,0.0,0.0,0.0,0.0,0.0,0.0,0.0,0.0,0.0,0.0,5.0,0.0,1.0,0.0,0.0,0.0,0.0,0.0,0.0,0.0,0.0,0.0,0.0,0.0,0.0,0.0,0.0,0.0,0.0,0.0,0.0,0.0,0.0,0.0,0.0,0.0,0.0,0.0,0.0,0.0,0.0,0.0,0.0,1.0,0.0,0.0,0.0,0.0,0.0,0.0,0.0,0.0,0.0,0.0,0.0,0.0,0.0,0.0,41.0,0.0,1.0,104.0,250.03747299382715,14.0,-36,-34.0,0.0,0,-2.185572200104434e-06,-1.1995420571793474e-05,none,4.604,0.004,1,none,-2.316,-0.0202,0.99666,none,0,0,1,none,9.775,0.7619,0.95617,none,0,0,1,none,13,0.0285,1,none
d2557474e2a9cfccd0a94ab950a2e763ab12823a,3004c642dab239b4e060f7da5c3ac12d2dc9691d,2026-05-05T21:35:32+02:00,ok,21.0,1407.0,264.0,10.0,2.0,0.6432780627803327,0.0,18.0,965.0,0.0,0.0,0.0,0.0,0.0,0.0,3.0,706.0,0.0,0.0,0.0,0.0,0.0,0.0,0.0,0.0,0.0,0.0,0.0,0.0,0.0,0,0,0,0,0,0,0,0,4.0,2.0,0.0,0.0,0.0,0.0,0.0,0.0,0.0,0.0,0.0,0.0,0.0,0.0,0.0,0.0,0.0,0.0,7.0,3.0,9.0,4.0,12.0,10.0,0.0,0.0,1.0,0.0,0.0,0.0,0.0,0.0,0.0,0.0,0.0,0.0,0.0,0.0,0.0,0.0,0.0,0.0,0.0,0.0,8.0,6.0,0.0,0.0,0.0,0.0,0.0,1.0,0.0,0.0,0.0,0.0,0.0,0.0,0.0,0.0,0.0,0.0,0.0,0.0,0.0,0.0,86.0,0.0,1.0,268.0,176.6960648148148,14.0,1018,1017.0,0.0,0,6.180326006732913e-05,0.0003588085017504704,none,1.8,0.0014,1,none,-2.013,-0.0177,0.99666,none,-1,-0.0105,1,none,8.963,0.5488,0.95617,none,0,0,1,none,-2,-0.0042,1,none
7f56cc0cf3458e9ef6e5071b4594740cae36a0aa,974b338b7e5fed5176cfd83b7a120b137751a1db,2026-05-06T14:39:45Z,ok,3.0,31.0,14.0,2.0,2.0,0.9228575934929428,0.0,3.0,45.0,0.0,0.0,0.0,0.0,0.0,0.0,0.0,0.0,0.0,0.0,0.0,0.0,0.0,0.0,0.0,0.0,0.0,0.0,0.0,0.0,0.0,0,0,0,0,0,0,0,0,0.0,0.0,0.0,0.0,0.0,0.0,0.0,0.0,0.0,0.0,0.0,0.0,0.0,0.0,0.0,0.0,0.0,0.0,0.0,0.0,0.0,0.0,0.0,0.0,0.0,0.0,0.0,0.0,0.0,0.0,0.0,0.0,0.0,0.0,0.0,0.0,0.0,0.0,0.0,0.0,0.0,0.0,0.0,0.0,0.0,0.0,0.0,0.0,0.0,0.0,0.0,1.0,0.0,0.0,0.0,0.0,0.0,0.0,0.0,0.0,0.0,0.0,0.0,0.0,0.0,0.0,60.0,0.0,1.0,106.0,18.658541666666668,6.0,112,112.0,0.0,0,6.799114221112294e-06,3.9499331861748106e-05,none,-147.797,-0.1114,1,none,1.132,0.0101,1,none,-15,-0.1376,1,none,-4.318,-0.1755,1,none,0,0,1,none,-38,-0.0752,1,none
974b338b7e5fed5176cfd83b7a120b137751a1db,d2557474e2a9cfccd0a94ab950a2e763ab12823a,2026-05-06T15:27:34+02:00,ok,2.0,357.0,19.0,2.0,2.0,0.6520767924478388,0.0,1.0,63.0,0.0,0.0,0.0,0.0,0.0,0.0,1.0,313.0,0.0,0.0,0.0,0.0,0.0,0.0,0.0,0.0,0.0,0.0,0.0,0.0,0.0,0,0,0,0,0,0,0,0,0.0,0.0,0.0,0.0,0.0,0.0,0.0,0.0,0.0,0.0,0.0,0.0,0.0,0.0,0.0,0.0,0.0,0.0,0.0,0.0,6.0,1.0,0.0,0.0,0.0,0.0,0.0,0.0,0.0,0.0,0.0,0.0,0.0,0.0,0.0,0.0,0.0,0.0,0.0,0.0,0.0,0.0,0.0,0.0,0.0,0.0,0.0,0.0,0.0,0.0,0.0,1.0,0.0,0.0,0.0,0.0,0.0,0.0,0.0,0.0,0.0,0.0,0.0,0.0,0.0,0.0,29.0,0.0,1.0,105.0,7.878055555555555,2.0,93,93.0,0.0,0,5.645724932632236e-06,3.279962812980753e-05,none,-10.117,-0.0086,1,none,2.136,0.0193,0.99666,none,-3,-0.0309,1,none,1.318,0.0666,1,none,0,0,1,none,2,0.0042,1,none
c59fb8dcbc8a63b5db2de5e0bfe49551f35ded7d,7f56cc0cf3458e9ef6e5071b4594740cae36a0aa,2026-05-06T17:42:36+02:00,ok,2.0,46.0,3.0,2.0,2.0,0.7300166301457938,0.0,1.0,10.0,0.0,0.0,0.0,0.0,0.0,0.0,1.0,39.0,0.0,0.0,0.0,0.0,0.0,0.0,0.0,0.0,0.0,0.0,0.0,0.0,0.0,0,0,0,0,0,0,0,0,1.0,1.0,0.0,0.0,0.0,0.0,0.0,0.0,0.0,0.0,0.0,0.0,0.0,0.0,0.0,0.0,0.0,0.0,0.0,0.0,0.0,0.0,0.0,0.0,0.0,0.0,0.0,0.0,0.0,0.0,0.0,0.0,0.0,0.0,0.0,0.0,0.0,0.0,0.0,0.0,0.0,0.0,0.0,0.0,0.0,0.0,0.0,0.0,0.0,0.0,0.0,1.0,0.0,0.0,0.0,0.0,0.0,0.0,0.0,0.0,0.0,0.0,0.0,0.0,0.0,0.0,72.0,0.0,1.0,107.0,60.192395833333336,6.0,0,0.0,0.0,0,0.0,0.0,none,-176.699,-0.1314,1,none,1.748,0.0156,0.99666,none,-6,-0.0632,1,none,4.44,0.2341,1,none,0,0,1,none,1,0.0021,1,none
091b9053a3db8ef702c0b65bc8d351290f685362,c59fb8dcbc8a63b5db2de5e0bfe49551f35ded7d,2026-05-06T22:59:28+02:00,ok,2.0,87.0,2.0,2.0,2.0,0.2126586398816349,0.0,1.0,3.0,0.0,0.0,0.0,0.0,0.0,0.0,0.0,0.0,0.0,0.0,0.0,0.0,0.0,0.0,0.0,0.0,0.0,0.0,1.0,86.0,0.0,0,0,0,0,0,0,0,0,0.0,0.0,0.0,0.0,0.0,0.0,0.0,0.0,0.0,0.0,0.0,0.0,0.0,0.0,0.0,0.0,0.0,0.0,0.0,0.0,0.0,0.0,0.0,0.0,0.0,0.0,0.0,0.0,0.0,0.0,0.0,0.0,0.0,0.0,0.0,0.0,0.0,0.0,0.0,0.0,0.0,0.0,0.0,0.0,0.0,0.0,0.0,0.0,0.0,0.0,0.0,1.0,0.0,0.0,0.0,0.0,0.0,0.0,0.0,0.0,0.0,0.0,0.0,0.0,0.0,0.0,67.0,0.0,2.0,0.0,29.53789351851852,11.0,19,19.0,0.0,0,1.1534133203212123e-06,6.700514846401277e-06,none,-81.629,-0.0656,1,none,4.427,0.0397,0.99666,none,-2,-0.0217,1,none,0.621,0.0253,1,none,0,0,1,none,12,0.0264,1,none
d992c10bc1c3ad87eff4e0a45091810242f01ce7,091b9053a3db8ef702c0b65bc8d351290f685362,2026-05-06T23:03:10+02:00,ok,1.0,1.0,1.0,1.0,1.0,0.0,0.0,1.0,2.0,0.0,0.0,0.0,0.0,0.0,0.0,0.0,0.0,0.0,0.0,0.0,0.0,0.0,0.0,0.0,0.0,0.0,0.0,0.0,0.0,0.0,0,0,0,0,0,0,0,0,1.0,1.0,0.0,0.0,0.0,0.0,0.0,0.0,0.0,0.0,0.0,0.0,0.0,0.0,0.0,0.0,0.0,0.0,0.0,0.0,0.0,0.0,0.0,0.0,0.0,0.0,0.0,0.0,0.0,0.0,0.0,0.0,0.0,0.0,0.0,0.0,0.0,0.0,0.0,0.0,0.0,0.0,0.0,0.0,0.0,0.0,0.0,0.0,0.0,0.0,0.0,1.0,0.0,0.0,0.0,0.0,0.0,0.0,0.0,0.0,0.0,0.0,0.0,0.0,0.0,0.0,61.0,0.0,1.0,0.0,58.94990740740741,6.0,0,0.0,0.0,0,0.0,0.0,none,-2.18,-0.0019,1,none,1.135,0.0101,0.99666,none,-3,-0.0316,1,none,13.275,0.8138,1,none,0,0,1,none,-2,-0.0042,1,none
b2b2815954f6561f0980bef8997750dabec16e87,d992c10bc1c3ad87eff4e0a45091810242f01ce7,2026-05-06T23:10:50+02:00,ok,2.0,30.0,7.0,2.0,1.0,0.8003922080453356,0.0,1.0,9.0,0.0,0.0,0.0,0.0,0.0,0.0,1.0,28.0,0.0,0.0,0.0,0.0,0.0,0.0,0.0,0.0,0.0,0.0,0.0,0.0,0.0,0,0,0,0,0,0,0,0,0.0,0.0,0.0,0.0,0.0,0.0,0.0,0.0,0.0,0.0,0.0,0.0,0.0,0.0,0.0,0.0,0.0,0.0,0.0,0.0,0.0,0.0,0.0,0.0,0.0,0.0,0.0,0.0,0.0,0.0,0.0,0.0,0.0,0.0,0.0,0.0,0.0,0.0,0.0,0.0,0.0,0.0,0.0,0.0,0.0,0.0,0.0,0.0,0.0,0.0,0.0,1.0,0.0,0.0,0.0,0.0,0.0,0.0,0.0,0.0,0.0,0.0,0.0,0.0,0.0,0.0,58.0,0.0,1.0,0.0,74.97296296296297,3.0,26,27.0,0.0,0,1.5783532494195758e-06,9.521720454983069e-06,none,72.114,0.0617,1,none,-0.45,-0.004,0.99666,none,6,0.0698,1,none,-0.952,-0.0418,1,none,0,0,1,none,0,0,1,none
0457ac90634b8556feaa9c0e56be94d3f13fd9bd,b2b2815954f6561f0980bef8997750dabec16e87,2026-05-12T18:44:49+02:00,ok,3.0,183.0,16.0,3.0,2.0,0.7796382515576814,0.0,2.0,120.0,0.0,0.0,0.0,0.0,0.0,0.0,1.0,79.0,0.0,0.0,0.0,0.0,0.0,0.0,0.0,0.0,0.0,0.0,0.0,0.0,0.0,0,0,0,0,0,0,0,0,2.0,2.0,0.0,0.0,0.0,0.0,0.0,0.0,0.0,0.0,0.0,0.0,0.0,0.0,0.0,0.0,0.0,0.0,0.0,0.0,1.0,0.0,0.0,0.0,0.0,0.0,0.0,0.0,0.0,0.0,0.0,0.0,0.0,0.0,0.0,0.0,0.0,0.0,0.0,0.0,0.0,0.0,0.0,0.0,2.0,0.0,0.0,0.0,0.0,0.0,0.0,1.0,0.0,0.0,0.0,0.0,0.0,0.0,0.0,0.0,0.0,0.0,0.0,0.0,0.0,0.0,54.0,0.0,1.0,270.0,35.67528935185185,5.0,178,178.0,0.0,0,1.0805632113998691e-05,6.277222604067006e-05,none,-1.624,-0.0014,1,none,-1.868,-0.0164,0.99666,none,-5,-0.0538,1,none,-6.972,-0.2032,0.4026,none,0,0,1,none,-14,-0.0298,1,none
f6d85bc80fe328e8f472636eb0d541f7bb891aa0,0457ac90634b8556feaa9c0e56be94d3f13fd9bd,2026-05-14T22:45:03+02:00,ok,6.0,165.0,16.0,5.0,2.0,0.8220798840051651,0.0,5.0,116.0,0.0,0.0,0.0,0.0,0.0,0.0,1.0,65.0,0.0,0.0,0.0,0.0,0.0,0.0,0.0,0.0,0.0,0.0,0.0,0.0,0.0,0,0,0,0,0,0,0,0,1.0,1.0,0.0,0.0,0.0,0.0,0.0,0.0,0.0,0.0,0.0,0.0,0.0,0.0,0.0,0.0,0.0,0.0,0.0,0.0,0.0,0.0,0.0,0.0,0.0,0.0,0.0,0.0,0.0,0.0,0.0,0.0,3.0,0.0,0.0,0.0,0.0,0.0,1.0,0.0,0.0,0.0,0.0,0.0,2.0,0.0,0.0,0.0,0.0,0.0,1.0,0.0,0.0,0.0,0.0,0.0,0.0,0.0,0.0,0.0,0.0,0.0,0.0,0.0,0.0,0.0,82.0,1.0,1.0,271.0,47.27520601851852,15.0,318,318.0,0.0,0,1.9304235294589006e-05,0.0001121366007164753,none,-64.786,-0.0522,1,none,-0.972,-0.0086,0.99666,none,8,0.0941,1,none,-2.611,-0.1161,1,none,0,-0.0245,1,none,-4,-0.0084,1,none
b42b1a193d5311d319861cd925ba89ca073ab2d4,f6d85bc80fe328e8f472636eb0d541f7bb891aa0,2026-05-24T16:12:17+02:00,ok,12.0,282.0,171.0,7.0,1.0,0.8423109802464238,0.0,8.0,322.0,0.0,0.0,0.0,0.0,0.0,0.0,4.0,131.0,0.0,0.0,0.0,0.0,0.0,0.0,0.0,0.0,0.0,0.0,0.0,0.0,0.0,0,0,0,0,0,0,0,0,17.0,7.0,0.0,0.0,0.0,0.0,0.0,0.0,0.0,0.0,0.0,0.0,0.0,0.0,1.0,2.0,2.0,3.0,3.0,0.0,2.0,0.0,0.0,0.0,0.0,0.0,2.0,0.0,0.0,0.0,0.0,0.0,0.0,0.0,0.0,0.0,0.0,0.0,0.0,0.0,0.0,0.0,0.0,0.0,0.0,0.0,0.0,0.0,0.0,0.0,0.0,1.0,0.0,0.0,0.0,0.0,0.0,0.0,0.0,0.0,0.0,0.0,0.0,0.0,0.0,0.0,45.0,0.0,1.0,108.0,335.19590470679015,8.0,-86,-88.0,0.0,0,-5.220541470919126e-06,-3.10280327698337e-05,none,-163.547,-0.1232,1,none,3.62,0.0322,0.99666,none,-3,-0.0316,1,none,6.563,0.2597,1,none,0,0,1,none,0,0,1,none
33721492771919e8569964fe0b034a9cf7f25955,b42b1a193d5311d319861cd925ba89ca073ab2d4,2026-06-01T15:43:45+02:00,ok,19.0,72.0,70.0,9.0,5.0,0.8911031045675624,0.0,9.0,104.0,0.0,0.0,0.0,0.0,0.0,0.0,0.0,0.0,0.0,0.0,0.0,0.0,0.0,0.0,0.0,0.0,0.0,0.0,10.0,38.0,0.0,0,0,0,0,0,0,0,0,0.0,0.0,0.0,0.0,0.0,0.0,0.0,0.0,0.0,0.0,0.0,0.0,0.0,0.0,0.0,0.0,0.0,0.0,0.0,0.0,0.0,0.0,0.0,0.0,0.0,0.0,0.0,0.0,0.0,0.0,0.0,0.0,0.0,0.0,0.0,0.0,0.0,0.0,0.0,0.0,0.0,0.0,0.0,0.0,0.0,0.0,0.0,0.0,0.0,0.0,1.0,0.0,0.0,0.0,0.0,0.0,0.0,0.0,0.0,0.0,0.0,0.0,0.0,0.0,0.0,0.0,75.0,0.0,2.0,273.0,41.773066520467836,28.0,-10,-9.0,0.0,0,-6.070428750133322e-07,-3.173419998258145e-06,none,-81.915,-0.0652,1,none,0.346,0.0033,0.99666,none,-12,-0.1379,1,none,-4.433,-0.1847,1,none,0,-0.0001,1,none,2,0.0043,1,none
b6d80e4256e718d14b2dc173315fb524f473320c,33721492771919e8569964fe0b034a9cf7f25955,2026-06-04T19:27:25+02:00,ok,10.0,382.0,866.0,5.0,3.0,0.7547761418255494,0.0,8.0,912.0,0.0,0.0,0.0,0.0,0.0,0.0,2.0,336.0,0.0,0.0,0.0,0.0,0.0,0.0,0.0,0.0,0.0,0.0,0.0,0.0,0.0,0,0,0,0,0,0,0,0,5.0,19.0,0.0,0.0,0.0,0.0,0.0,0.0,0.0,0.0,0.0,0.0,0.0,0.0,0.0,0.0,0.0,0.0,1.0,3.0,9.0,12.0,0.0,0.0,0.0,0.0,0.0,0.0,0.0,0.0,0.0,0.0,0.0,0.0,0.0,0.0,0.0,0.0,0.0,0.0,0.0,0.0,0.0,0.0,0.0,0.0,0.0,0.0,0.0,0.0,0.0,1.0,0.0,0.0,0.0,0.0,0.0,0.0,0.0,0.0,0.0,0.0,0.0,0.0,0.0,0.0,60.0,0.0,1.0,109.0,123.7409910300926,8.0,21,19.0,0.0,0,1.2747908113806768e-06,6.699463478756354e-06,none,-4.257,-0.0036,1,none,0.264,0.0024,0.99666,none,-5,-0.0532,1,none,1.164,0.054,1,none,0,0.0001,1,none,-20,-0.0423,1,none
647a264a485a33bf1bf2cec9adcc8cc2151b253c,b6d80e4256e718d14b2dc173315fb524f473320c,2026-06-06T18:18:06+02:00,ok,15.0,95.0,75.0,8.0,4.0,0.8821088017532003,0.0,11.0,127.0,2.0,6.0,0.0,0.0,0.0,0.0,1.0,30.0,1.0,7.0,0.0,0.0,0.0,0.0,0.0,0.0,0.0,0.0,0.0,0.0,0.0,0,0,0,0,0,0,0,0,2.0,3.0,0.0,0.0,0.0,0.0,0.0,0.0,0.0,0.0,0.0,0.0,3.0,3.0,0.0,0.0,0.0,0.0,0.0,0.0,0.0,0.0,0.0,0.0,0.0,0.0,0.0,0.0,0.0,0.0,0.0,0.0,0.0,0.0,0.0,0.0,0.0,0.0,0.0,0.0,0.0,0.0,0.0,0.0,0.0,0.0,0.0,2.0,1.0,0.0,1.0,0.0,0.0,0.0,0.0,0.0,0.0,0.0,0.0,0.0,0.0,0.0,0.0,0.0,0.0,0.0,68.0,0.0,1.0,274.0,201.05921385327636,14.0,-46,-53.0,8.0,0,-2.7923953604472493e-06,-1.8687851873739232e-05,none,-13.738,-0.0117,1,none,-2.193,-0.0186,0.99666,none,-5,-0.0532,1,none,-1.189,-0.0447,1,none,0,-0.0001,1,none,-12,-0.0254,1,none
61fe15a51d1a74e5edd564b366889ea8789aec1c,647a264a485a33bf1bf2cec9adcc8cc2151b253c,2026-06-07T19:19:44+02:00,ok,2.0,51.0,0.0,2.0,1.0,0.6267511370265895,0.0,1.0,8.0,0.0,0.0,0.0,0.0,0.0,0.0,1.0,43.0,0.0,0.0,0.0,0.0,0.0,0.0,0.0,0.0,0.0,0.0,0.0,0.0,0.0,0,0,0,0,0,0,0,0,0.0,0.0,0.0,0.0,0.0,0.0,0.0,0.0,0.0,0.0,0.0,0.0,0.0,0.0,0.0,0.0,0.0,0.0,0.0,0.0,0.0,0.0,0.0,0.0,0.0,0.0,0.0,0.0,0.0,0.0,0.0,0.0,0.0,0.0,0.0,0.0,0.0,0.0,0.0,0.0,0.0,0.0,0.0,0.0,0.0,0.0,0.0,0.0,0.0,0.0,0.0,1.0,0.0,0.0,0.0,0.0,0.0,0.0,0.0,0.0,0.0,0.0,0.0,0.0,0.0,0.0,88.0,0.0,1.0,0.0,6.149988425925926,6.0,26,26.0,0.0,0,1.5783148284013625e-06,9.167796773922836e-06,none,10.912,0.0094,1,none,9.697,0.0892,0.99666,none,6,0.0674,1,none,1.333,0.055,1,none,0,0,1,none,1,0.0021,1,none
0cf56b19c79a28dda52f0dcb1c5392ed19cb5fcd,61fe15a51d1a74e5edd564b366889ea8789aec1c,2026-06-10T17:12:42+02:00,ok,1.0,109.0,0.0,1.0,1.0,0.0,0.0,0.0,0.0,0.0,0.0,0.0,0.0,0.0,0.0,1.0,109.0,0.0,0.0,0.0,0.0,0.0,0.0,0.0,0.0,0.0,0.0,0.0,0.0,1.0,0,0,0,0,0,0,0,0,0.0,0.0,0.0,0.0,0.0,0.0,0.0,0.0,0.0,0.0,0.0,0.0,0.0,0.0,0.0,0.0,0.0,0.0,0.0,0.0,0.0,0.0,0.0,0.0,0.0,0.0,0.0,0.0,0.0,0.0,0.0,0.0,0.0,0.0,0.0,0.0,0.0,0.0,0.0,0.0,0.0,0.0,0.0,0.0,0.0,0.0,0.0,0.0,0.0,0.0,0.0,0.0,0.0,0.0,0.0,0.0,0.0,0.0,0.0,1.0,0.0,0.0,0.0,0.0,0.0,0.0,52.0,0.0,1.0,1.0,0.0,0.0,0,0.0,0.0,0,0.0,0.0,none,9.082,0.0078,1,none,3.871,0.0366,0.99666,none,-2,-0.0217,1,none,0.466,0.0242,1,none,0,-0.0245,1,none,-1,-0.0021,1,none
a83ac488536dbf4bc4dcf1f472f72ce3b4bd2073,0cf56b19c79a28dda52f0dcb1c5392ed19cb5fcd,2026-06-11T19:17:15+02:00,ok,4.0,59.0,15.0,4.0,1.0,0.7451555076406156,0.0,1.0,15.0,0.0,0.0,0.0,0.0,0.0,0.0,3.0,59.0,0.0,0.0,0.0,0.0,0.0,0.0,0.0,0.0,0.0,0.0,0.0,0.0,0.0,0,0,0,0,0,0,0,0,0.0,0.0,0.0,0.0,0.0,0.0,0.0,0.0,0.0,0.0,0.0,0.0,0.0,0.0,0.0,0.0,0.0,0.0,0.0,0.0,0.0,0.0,0.0,0.0,0.0,0.0,0.0,0.0,0.0,0.0,0.0,0.0,0.0,0.0,0.0,0.0,0.0,0.0,0.0,0.0,0.0,0.0,0.0,0.0,0.0,0.0,0.0,0.0,0.0,0.0,0.0,1.0,0.0,0.0,0.0,0.0,0.0,0.0,0.0,0.0,0.0,0.0,0.0,0.0,0.0,0.0,75.0,0.0,1.0,0.0,94.79302083333333,4.0,-8,-8.0,0.0,0,-4.856345653315682e-07,-2.8208346849832864e-06,none,-5.109,-0.0044,1,none,1.375,0.0128,0.99666,none,2,0.0267,1,none,-12.561,-0.5538,0.59048,none,0,0.0001,1,none,-15,-0.032,1,none
b324a85ab1c53d1a96b351cdb4e9292cd41cab6d,a83ac488536dbf4bc4dcf1f472f72ce3b4bd2073,2026-06-13T20:32:45+02:00,ok,2.0,255.0,3.0,2.0,1.0,0.8541802051521676,0.0,1.0,72.0,0.0,0.0,0.0,0.0,0.0,0.0,1.0,186.0,0.0,0.0,0.0,0.0,0.0,0.0,0.0,0.0,0.0,0.0,0.0,0.0,0.0,0,0,0,0,0,0,0,0,1.0,0.0,0.0,0.0,0.0,0.0,0.0,0.0,0.0,0.0,0.0,0.0,0.0,0.0,0.0,0.0,0.0,0.0,2.0,0.0,1.0,0.0,0.0,0.0,0.0,0.0,0.0,0.0,0.0,0.0,0.0,0.0,0.0,0.0,0.0,0.0,0.0,0.0,0.0,0.0,0.0,0.0,0.0,0.0,0.0,0.0,0.0,0.0,0.0,0.0,0.0,1.0,0.0,0.0,0.0,0.0,0.0,0.0,0.0,0.0,0.0,0.0,0.0,0.0,0.0,0.0,68.0,0.0,1.0,275.0,133.1835300925926,2.0,137,136.0,0.0,0,8.31649597008101e-06,4.795432491593889e-05,none,-11.112,-0.0094,1,none,-0.291,-0.0025,0.99666,none,-3,-0.033,1,none,-2.275,-0.0884,1,none,0,0.011,1,none,17,0.0375,1,none
069982606dd7178c13e6c2293ede756c6767d3bc,b324a85ab1c53d1a96b351cdb4e9292cd41cab6d,2026-06-13T22:39:04+02:00,ok,2.0,28.0,4.0,2.0,1.0,0.5435644431995964,0.0,1.0,4.0,0.0,0.0,0.0,0.0,0.0,0.0,1.0,28.0,0.0,0.0,0.0,0.0,0.0,0.0,0.0,0.0,0.0,0.0,0.0,0.0,0.0,0,0,0,0,0,0,0,0,0.0,0.0,0.0,0.0,0.0,0.0,0.0,0.0,0.0,0.0,0.0,0.0,0.0,0.0,0.0,0.0,0.0,0.0,0.0,0.0,0.0,0.0,0.0,0.0,0.0,0.0,0.0,0.0,0.0,0.0,0.0,0.0,0.0,0.0,0.0,0.0,0.0,0.0,0.0,0.0,0.0,0.0,0.0,0.0,0.0,0.0,0.0,0.0,0.0,0.0,0.0,1.0,0.0,0.0,0.0,0.0,0.0,0.0,0.0,0.0,0.0,0.0,0.0,0.0,0.0,0.0,62.0,0.0,1.0,276.0,9.133090277777777,4.0,-5,-4.0,0.0,0,-3.0351922651645945e-07,-1.4103536884980016e-06,none,3.497,0.003,1,none,-1.446,-0.0121,0.99666,none,2,0.0222,1,none,-14.627,-0.4914,1,none,0,0,1,none,16,0.0352,1,none
1cb9fff569b62d717d70f812f797a2e6235a24fd,069982606dd7178c13e6c2293ede756c6767d3bc,2026-06-15T18:19:08+02:00,ok,4.0,183.0,102.0,4.0,2.0,0.8085656435055402,0.0,3.0,225.0,0.0,0.0,0.0,0.0,0.0,0.0,1.0,60.0,0.0,0.0,0.0,0.0,0.0,0.0,0.0,0.0,0.0,0.0,0.0,0.0,0.0,0,0,0,0,0,0,0,0,0.0,0.0,0.0,0.0,0.0,0.0,0.0,0.0,0.0,0.0,0.0,0.0,0.0,0.0,0.0,0.0,0.0,0.0,0.0,0.0,0.0,0.0,0.0,0.0,0.0,0.0,0.0,0.0,0.0,0.0,0.0,0.0,0.0,0.0,0.0,0.0,0.0,0.0,0.0,0.0,0.0,0.0,0.0,0.0,0.0,0.0,0.0,0.0,0.0,0.0,0.0,1.0,0.0,0.0,0.0,0.0,0.0,0.0,0.0,0.0,0.0,0.0,0.0,0.0,0.0,0.0,36.0,0.0,1.0,110.0,31.680177469135803,5.0,141,140.0,0.0,0,8.559244785659513e-06,4.9362448715941675e-05,none,2.876,0.0025,1,none,-6.482,-0.0547,0.99666,none,7,0.0805,1,none,6.072,0.3144,1,none,0,-0.0313,1,none,17,0.0374,1,none
0642e72cfa2d9a71198200e52f37399384610ee3,1cb9fff569b62d717d70f812f797a2e6235a24fd,2026-06-22T18:22:26+02:00,ok,4.0,64.0,52.0,2.0,4.0,0.5071767186306628,0.0,3.0,109.0,0.0,0.0,0.0,0.0,0.0,0.0,0.0,0.0,0.0,0.0,0.0,0.0,0.0,0.0,0.0,0.0,0.0,0.0,1.0,7.0,0.0,0,0,0,0,0,0,0,0,1.0,0.0,0.0,0.0,0.0,0.0,0.0,0.0,0.0,0.0,0.0,0.0,0.0,0.0,0.0,0.0,0.0,0.0,0.0,0.0,0.0,0.0,0.0,0.0,0.0,0.0,0.0,0.0,0.0,2.0,0.0,0.0,0.0,0.0,0.0,0.0,0.0,0.0,0.0,0.0,0.0,0.0,0.0,0.0,0.0,0.0,0.0,0.0,0.0,0.0,0.0,1.0,0.0,0.0,0.0,0.0,0.0,0.0,0.0,0.0,0.0,0.0,0.0,0.0,0.0,0.0,90.0,0.0,2.0,83.0,10.529163773148149,9.0,-43,-41.0,0.0,0,-2.6102437985918887e-06,-1.4455432139855248e-05,none,-3.545,-0.003,1,none,-4.229,-0.0361,0.99666,none,1,0.0114,1,none,-9.639,-0.3542,0.4026,none,0,0,1,none,-1,-0.0021,1,none
cd514d72d6350082c7f173f7147607c7dc4cb523,0642e72cfa2d9a71198200e52f37399384610ee3,2026-06-24T09:16:22+02:00,ok,48.0,1635.0,225.0,20.0,12.0,0.7506970621845501,0.0,25.0,1018.0,0.0,0.0,0.0,0.0,0.0,0.0,13.0,740.0,1.0,23.0,3.0,12.0,2.0,4.0,2.0,37.0,1.0,5.0,1.0,21.0,0.0,0,0,0,0,0,0,0,0,5.0,0.0,0.0,0.0,0.0,0.0,0.0,0.0,0.0,0.0,0.0,0.0,1.0,0.0,0.0,0.0,0.0,0.0,12.0,0.0,8.0,2.0,0.0,0.0,0.0,0.0,0.0,0.0,0.0,0.0,0.0,0.0,0.0,0.0,0.0,0.0,0.0,0.0,0.0,0.0,0.0,0.0,0.0,0.0,0.0,0.0,0.0,0.0,0.0,0.0,1.0,0.0,0.0,0.0,0.0,0.0,0.0,0.0,0.0,0.0,0.0,0.0,0.0,0.0,0.0,0.0,50.0,0.0,1.0,111.0,95.57466066919191,20.0,398,397.0,0.0,0,2.4159994036487905e-05,0.00013997291506464668,none,-82.791,-0.0663,1,none,6.031,0.0525,0.99666,none,-12,-0.1304,1,none,0.393,0.0135,1,none,0,-0.0246,1,none,-28,-0.058,0.96042,none
070df27e4d18cdc9265c9a9692089fe90b6019da,cd514d72d6350082c7f173f7147607c7dc4cb523,2026-06-24T10:52:56Z,ok,10.0,14.0,7.0,9.0,9.0,0.9457216166175032,0.0,0.0,0.0,0.0,0.0,0.0,0.0,0.0,0.0,0.0,0.0,0.0,0.0,9.0,17.0,0.0,0.0,1.0,4.0,0.0,0.0,0.0,0.0,0.0,0,0,0,0,0,0,0,0,0.0,0.0,0.0,0.0,0.0,0.0,0.0,0.0,0.0,0.0,0.0,0.0,0.0,0.0,0.0,0.0,0.0,0.0,0.0,0.0,0.0,0.0,0.0,0.0,0.0,0.0,0.0,0.0,0.0,0.0,0.0,0.0,0.0,0.0,0.0,0.0,0.0,0.0,0.0,0.0,0.0,0.0,0.0,0.0,0.0,0.0,0.0,0.0,0.0,0.0,0.0,1.0,0.0,0.0,0.0,0.0,0.0,0.0,0.0,0.0,0.0,0.0,0.0,0.0,0.0,0.0,60.0,0.0,1.0,112.0,232.16288773148148,8.0,0,0.0,0.0,0,0.0,0.0,none,-34.248,-0.0249,1,none,3.517,0.0306,0.99666,none,-2,-0.0198,1,none,-1.512,-0.0584,1,none,0,0,1,none,-25,-0.0501,1,none
2a82821ec5970691199e1ffc6a49ac31f311ab59,070df27e4d18cdc9265c9a9692089fe90b6019da,2026-06-24T16:59:10+02:00,ok,8.0,116.0,36.0,4.0,3.0,0.7962087709953397,0.0,7.0,134.0,1.0,18.0,0.0,0.0,0.0,0.0,0.0,0.0,0.0,0.0,0.0,0.0,0.0,0.0,0.0,0.0,0.0,0.0,0.0,0.0,0.0,0,0,0,0,0,0,0,0,1.0,0.0,0.0,0.0,0.0,0.0,0.0,0.0,0.0,0.0,1.0,0.0,4.0,2.0,0.0,0.0,1.0,0.0,0.0,0.0,2.0,1.0,0.0,0.0,0.0,0.0,0.0,0.0,0.0,0.0,0.0,0.0,0.0,0.0,0.0,0.0,0.0,0.0,0.0,0.0,0.0,0.0,0.0,0.0,2.0,0.0,2.0,0.0,0.0,0.0,0.0,1.0,0.0,0.0,0.0,0.0,0.0,0.0,0.0,0.0,0.0,0.0,0.0,0.0,0.0,0.0,62.0,0.0,1.0,278.0,23.09737847222222,15.0,82,25.0,57.0,0,4.9775669555597965e-06,8.813181699604464e-06,none,27.641,0.0242,1,none,3.152,0.0282,0.99666,none,9,0.1023,1,none,-0.565,-0.0246,1,none,0,-0.0245,1,none,18,0.0398,1,none
20f694d110d1e9048a7037ce84a82eb50d84e9dd,2a82821ec5970691199e1ffc6a49ac31f311ab59,2026-06-25T20:06:02+02:00,ok,2.0,83.0,33.0,2.0,1.0,0.9738959645539289,0.0,1.0,69.0,0.0,0.0,0.0,0.0,0.0,0.0,1.0,47.0,0.0,0.0,0.0,0.0,0.0,0.0,0.0,0.0,0.0,0.0,0.0,0.0,0.0,0,0,0,0,0,0,0,0,0.0,0.0,0.0,0.0,0.0,0.0,0.0,0.0,0.0,0.0,0.0,0.0,0.0,0.0,0.0,0.0,0.0,0.0,0.0,0.0,0.0,0.0,0.0,0.0,0.0,0.0,0.0,0.0,0.0,0.0,0.0,0.0,0.0,0.0,0.0,0.0,0.0,0.0,0.0,0.0,0.0,0.0,0.0,0.0,2.0,2.0,0.0,0.0,0.0,0.0,0.0,1.0,0.0,0.0,0.0,0.0,0.0,0.0,0.0,0.0,0.0,0.0,0.0,0.0,0.0,0.0,71.0,0.0,1.0,0.0,1.4511574074074074,5.0,51,54.0,0.0,0,3.0957884287198357e-06,1.9036304700733427e-05,none,-3.994,-0.0034,1,none,1.744,0.0157,1,none,15,0.2055,1,none,-3.223,-0.1419,1,none,0,0,1,none,-1,-0.0021,1,none
e4c70cb6c6493c816da94ec23188321854296e64,20f694d110d1e9048a7037ce84a82eb50d84e9dd,2026-06-26T09:35:32+02:00,ok,5.0,341.0,289.0,5.0,2.0,0.876750146787754,0.0,4.0,473.0,0.0,0.0,0.0,0.0,0.0,0.0,1.0,157.0,0.0,0.0,0.0,0.0,0.0,0.0,0.0,0.0,0.0,0.0,0.0,0.0,0.0,0,0,0,0,0,0,0,0,10.0,1.0,0.0,0.0,0.0,0.0,0.0,0.0,0.0,0.0,0.0,0.0,0.0,0.0,0.0,0.0,0.0,3.0,0.0,0.0,0.0,2.0,0.0,0.0,0.0,0.0,0.0,0.0,0.0,0.0,0.0,0.0,0.0,0.0,0.0,0.0,0.0,0.0,0.0,0.0,0.0,0.0,0.0,0.0,0.0,0.0,0.0,0.0,0.0,0.0,1.0,0.0,0.0,0.0,0.0,0.0,0.0,0.0,0.0,0.0,0.0,0.0,0.0,0.0,0.0,0.0,62.0,0.0,1.0,113.0,48.42351851851851,9.0,-244,-246.0,0.0,0,-1.4811177218466989e-05,-8.671929282179292e-05,none,142.655,0.1209,1,none,7.142,0.0644,0.99666,none,-5,-0.0515,1,none,-1.991,-0.0232,1,none,0,-0.0001,1,none,8,0.0172,1,none
c070c8ffa62c4c88d48f33fd18a7a40d55bb808a,e4c70cb6c6493c816da94ec23188321854296e64,2026-06-26T09:56:12+02:00,ok,1.0,44.0,11.0,1.0,1.0,0.0,0.0,1.0,55.0,0.0,0.0,0.0,0.0,0.0,0.0,0.0,0.0,0.0,0.0,0.0,0.0,0.0,0.0,0.0,0.0,0.0,0.0,0.0,0.0,0.0,0,0,0,0,0,0,0,0,0.0,0.0,0.0,0.0,0.0,0.0,0.0,0.0,0.0,0.0,0.0,0.0,0.0,0.0,0.0,0.0,0.0,0.0,0.0,0.0,0.0,0.0,0.0,0.0,0.0,0.0,0.0,0.0,0.0,0.0,0.0,0.0,0.0,0.0,0.0,0.0,0.0,0.0,0.0,0.0,0.0,0.0,0.0,0.0,0.0,0.0,0.0,0.0,0.0,0.0,0.0,1.0,0.0,0.0,0.0,0.0,0.0,0.0,0.0,0.0,0.0,0.0,0.0,0.0,0.0,0.0,60.0,0.0,1.0,279.0,0.014351851851851852,1.0,92,91.0,0.0,0,5.584624944783538e-06,3.2081870112142e-05,none,-18.84,-0.0141,1,none,4.499,0.0361,0.99666,none,-3,-0.0283,1,none,-6.401,-0.049,1,none,0,0,1,none,4,0.0084,1,none
4ce70b815eccbe684866f83d2dcbcba8fc8a97a6,c070c8ffa62c4c88d48f33fd18a7a40d55bb808a,2026-06-26T22:59:17+02:00,ok,3.0,122.0,15.0,1.0,1.0,0.7378334141626696,0.0,2.0,47.0,0.0,0.0,0.0,0.0,0.0,0.0,1.0,90.0,0.0,0.0,0.0,0.0,0.0,0.0,0.0,0.0,0.0,0.0,0.0,0.0,0.0,0,0,0,0,0,0,0,0,1.0,1.0,0.0,0.0,0.0,0.0,0.0,0.0,0.0,0.0,0.0,0.0,0.0,0.0,0.0,0.0,0.0,0.0,0.0,0.0,0.0,0.0,0.0,0.0,0.0,0.0,0.0,0.0,0.0,0.0,0.0,0.0,0.0,0.0,0.0,0.0,0.0,0.0,0.0,0.0,0.0,0.0,0.0,0.0,0.0,0.0,0.0,0.0,0.0,0.0,0.0,1.0,0.0,0.0,0.0,0.0,0.0,0.0,0.0,0.0,0.0,0.0,0.0,0.0,0.0,0.0,99.0,0.0,1.0,0.0,68.67854745370371,7.0,9,9.0,0.0,0,5.463189544814939e-07,3.1728304185597888e-06,none,194.187,0.1648,0.68609,none,1.061,0.0085,0.99666,none,9,0.09,1,none,44.477,0.5178,1,none,0,0.011,1,none,12,0.0251,1,none
cce5001aaafe0286855984cf1b4e154b6ce86754,4ce70b815eccbe684866f83d2dcbcba8fc8a97a6,2026-06-29T10:04:08+02:00,ok,2.0,47.0,1.0,2.0,1.0,0.5435644431995964,0.0,1.0,6.0,0.0,0.0,0.0,0.0,0.0,0.0,1.0,42.0,0.0,0.0,0.0,0.0,0.0,0.0,0.0,0.0,0.0,0.0,0.0,0.0,0.0,0,0,0,0,0,0,0,0,0.0,0.0,0.0,0.0,0.0,0.0,0.0,0.0,0.0,0.0,0.0,0.0,0.0,0.0,0.0,0.0,0.0,0.0,0.0,0.0,0.0,0.0,0.0,0.0,0.0,0.0,0.0,0.0,0.0,0.0,0.0,0.0,0.0,0.0,0.0,0.0,0.0,0.0,0.0,0.0,0.0,0.0,0.0,0.0,0.0,0.0,0.0,0.0,0.0,0.0,0.0,1.0,0.0,0.0,0.0,0.0,0.0,0.0,0.0,0.0,0.0,0.0,0.0,0.0,0.0,0.0,76.0,0.0,1.0,0.0,4.711782407407408,5.0,19,20.0,0.0,0,1.1533393849253201e-06,7.050711892753031e-06,none,-4.132,-0.0031,1,none,0.825,0.0059,0.99666,none,1,0.0105,1,none,23.265,0.1906,1,none,0,0.0252,1,none,0,0,1,none
51ca8abde450e44f8f0db1b2708e0408915c7ab1,cce5001aaafe0286855984cf1b4e154b6ce86754,2026-07-03T22:57:47+02:00,ok,28.0,2774.0,713.0,14.0,6.0,0.6652163167161594,0.0,20.0,2227.0,0.0,0.0,0.0,0.0,0.0,0.0,7.0,1205.0,1.0,55.0,0.0,0.0,0.0,0.0,0.0,0.0,0.0,0.0,0.0,0.0,0.0,0,0,0,0,0,0,0,0,18.0,23.0,0.0,0.0,0.0,0.0,0.0,0.0,0.0,0.0,0.0,0.0,0.0,1.0,0.0,0.0,0.0,0.0,1.0,0.0,2.0,1.0,18.0,13.0,1.0,3.0,0.0,0.0,0.0,0.0,0.0,0.0,0.0,0.0,0.0,0.0,0.0,0.0,0.0,0.0,0.0,0.0,0.0,0.0,27.0,14.0,8.0,0.0,7.0,0.0,1.0,0.0,0.0,0.0,0.0,0.0,0.0,0.0,0.0,0.0,0.0,0.0,0.0,0.0,0.0,0.0,52.0,0.0,1.0,114.0,137.83679580896685,20.0,1745,1743.0,0.0,0,0.00010592499502698841,0.0006144652090362697,none,-120.245,-0.0926,1,none,-2.891,-0.0197,0.99666,none,1,0.0106,1,none,20.354,0.192,1,none,0,0,1,none,2,0.0043,1,none
5b0f5a4c2da21e62c6b8cc8ed3da0d3715f11d82,51ca8abde450e44f8f0db1b2708e0408915c7ab1,2026-07-05T09:45:59+02:00,ok,2.0,8.0,4.0,1.0,1.0,0.9182958340544896,0.0,1.0,8.0,0.0,0.0,0.0,0.0,0.0,0.0,0.0,0.0,1.0,4.0,0.0,0.0,0.0,0.0,0.0,0.0,0.0,0.0,0.0,0.0,0.0,0,0,0,0,0,0,0,0,0.0,0.0,0.0,0.0,0.0,0.0,0.0,0.0,0.0,0.0,0.0,0.0,0.0,0.0,0.0,0.0,0.0,0.0,0.0,0.0,0.0,0.0,0.0,0.0,0.0,0.0,0.0,0.0,0.0,0.0,0.0,0.0,0.0,0.0,0.0,0.0,0.0,0.0,0.0,0.0,0.0,0.0,0.0,0.0,0.0,0.0,0.0,0.0,0.0,0.0,0.0,1.0,0.0,0.0,0.0,0.0,0.0,0.0,0.0,0.0,0.0,0.0,0.0,0.0,0.0,0.0,61.0,0.0,1.0,280.0,1.4501388888888889,1.0,28,30.0,0.0,0,1.6994760636686856e-06,1.0569498681631198e-05,none,-120.968,-0.0927,1,none,5.872,0.0421,1,none,-9,-0.0857,1,none,-1.82,-0.0149,1,none,0,0,1,none,-2,-0.0042,0.90254,none
9357f98a9b6c4f8af3ada6ccce38e54330f2627c,5b0f5a4c2da21e62c6b8cc8ed3da0d3715f11d82,2026-07-05T18:44:26+02:00,ok,21.0,156.0,148.0,11.0,2.0,0.7805982884346164,0.0,18.0,233.0,0.0,0.0,0.0,0.0,0.0,0.0,2.0,50.0,1.0,21.0,0.0,0.0,0.0,0.0,0.0,0.0,0.0,0.0,0.0,0.0,0.0,0,0,0,0,0,0,0,0,6.0,7.0,0.0,0.0,0.0,0.0,0.0,0.0,0.0,0.0,0.0,0.0,3.0,3.0,0.0,0.0,0.0,0.0,0.0,0.0,0.0,0.0,0.0,0.0,0.0,0.0,0.0,0.0,0.0,0.0,0.0,0.0,0.0,0.0,0.0,0.0,0.0,0.0,0.0,0.0,0.0,0.0,0.0,0.0,0.0,0.0,0.0,0.0,0.0,0.0,0.0,1.0,0.0,0.0,0.0,0.0,0.0,0.0,0.0,0.0,0.0,0.0,0.0,0.0,0.0,0.0,60.0,1.0,1.0,281.0,132.59487268518518,15.0,380,378.0,0.0,0,2.30642788097424e-05,0.00013317427580322058,none,-204.938,-0.1476,1,none,9.136,0.0687,0.99666,none,-25.533,-0.2118,1,none,6.592,0.1658,1,none,0,-0.0109,1,none,-31,-0.0616,1,none
aaa14e9df6ba85a19baa52e8378d7b54f9a542f3,9357f98a9b6c4f8af3ada6ccce38e54330f2627c,2026-07-07T12:55:32+02:00,ok,5.0,478.0,8.0,3.0,1.0,0.6844809639701068,0.0,2.0,232.0,2.0,44.0,0.0,0.0,0.0,0.0,1.0,210.0,0.0,0.0,0.0,0.0,0.0,0.0,0.0,0.0,0.0,0.0,0.0,0.0,0.0,0,0,0,0,0,0,0,0,9.0,0.0,0.0,0.0,0.0,0.0,3.0,0.0,0.0,0.0,1.0,0.0,2.0,0.0,2.0,0.0,0.0,0.0,0.0,0.0,0.0,0.0,5.0,0.0,0.0,0.0,1.0,0.0,0.0,0.0,0.0,0.0,0.0,0.0,0.0,0.0,0.0,0.0,0.0,0.0,0.0,0.0,0.0,0.0,7.0,0.0,3.0,0.0,0.0,0.0,1.0,0.0,0.0,0.0,0.0,0.0,0.0,0.0,0.0,0.0,0.0,0.0,0.0,0.0,0.0,0.0,66.0,0.0,1.0,282.0,35.6933912037037,6.0,825,700.0,128.0,0,5.007260831676284e-05,0.00024658619032790326,none,1.518,0.0013,1,none,2.97,0.0253,0.99666,none,1,0.0112,1,none,30.154,0.7745,0.59048,none,0,0,1,none,-13,-0.0278,1,none
b2a729c400573768c9da323674c732f8668b805d,aaa14e9df6ba85a19baa52e8378d7b54f9a542f3,2026-07-07T14:22:21+02:00,ok,4.0,145.0,2.0,3.0,2.0,0.6785539170122248,0.0,2.0,83.0,0.0,0.0,0.0,0.0,0.0,0.0,1.0,63.0,0.0,0.0,0.0,0.0,1.0,1.0,0.0,0.0,0.0,0.0,0.0,0.0,0.0,0,0,0,0,0,0,0,0,0.0,0.0,0.0,0.0,0.0,0.0,0.0,0.0,0.0,0.0,0.0,0.0,0.0,0.0,0.0,0.0,0.0,0.0,0.0,0.0,0.0,0.0,0.0,0.0,0.0,0.0,0.0,0.0,0.0,0.0,0.0,0.0,0.0,0.0,0.0,0.0,0.0,0.0,0.0,0.0,0.0,0.0,0.0,0.0,0.0,0.0,0.0,0.0,0.0,0.0,1.0,0.0,0.0,0.0,0.0,0.0,0.0,0.0,0.0,0.0,0.0,0.0,0.0,0.0,0.0,0.0,51.0,0.0,1.0,283.0,78.77652777777777,9.0,312,310.0,0.0,0,1.893560189936225e-05,0.00010917553453750426,none,0.921,0.0008,1,none,-17.941,-0.1318,0.99666,none,-5,-0.0526,1,none,-11.248,-0.1658,1,none,0,0,1,none,-13,-0.0277,1,none
dd8296af1802d4920a645591e0de88b9272745fa,b2a729c400573768c9da323674c732f8668b805d,2026-07-07T16:22:31+02:00,ok,82.0,874.0,536.0,20.0,4.0,0.8979686621108159,0.0,60.0,1143.0,0.0,0.0,0.0,0.0,0.0,0.0,22.0,267.0,0.0,0.0,0.0,0.0,0.0,0.0,0.0,0.0,0.0,0.0,0.0,0.0,0.0,0,0,0,0,0,0,0,0,25.0,15.0,0.0,0.0,0.0,0.0,0.0,0.0,0.0,0.0,0.0,0.0,0.0,0.0,0.0,0.0,0.0,0.0,0.0,0.0,10.0,7.0,0.0,0.0,0.0,0.0,0.0,0.0,5.0,3.0,0.0,0.0,0.0,0.0,0.0,0.0,0.0,0.0,0.0,0.0,0.0,0.0,0.0,0.0,0.0,0.0,0.0,0.0,0.0,0.0,0.0,1.0,0.0,0.0,0.0,0.0,0.0,0.0,0.0,0.0,0.0,0.0,0.0,0.0,0.0,0.0,68.0,0.0,1.0,0.0,106.28032793209877,13.0,742,743.0,0.0,0,4.503189283671854e-05,0.00026164053900063877,none,2.158,0.0019,1,none,-0.588,-0.005,1,none,1,0.0109,1,none,-3.26,-0.0543,1,none,0,0.0111,1,none,13,0.0285,1,none
ba0387d186b361d8d9a2390f396cb17527073442,dd8296af1802d4920a645591e0de88b9272745fa,2026-07-07T22:37:30+02:00,ok,59.0,1756.0,632.0,3.0,3.0,0.9092672965505667,0.0,0.0,0.0,0.0,0.0,0.0,0.0,0.0,0.0,1.0,10.0,0.0,0.0,0.0,0.0,57.0,2376.0,0.0,0.0,0.0,0.0,1.0,2.0,0.0,0,0,0,0,0,0,0,0,0.0,0.0,0.0,0.0,0.0,0.0,0.0,0.0,0.0,0.0,0.0,0.0,0.0,0.0,0.0,0.0,0.0,0.0,0.0,0.0,0.0,0.0,0.0,0.0,0.0,0.0,0.0,0.0,0.0,0.0,0.0,0.0,0.0,0.0,0.0,0.0,0.0,0.0,0.0,0.0,0.0,0.0,0.0,0.0,0.0,0.0,0.0,0.0,0.0,0.0,0.0,0.0,0.0,0.0,1.0,0.0,0.0,0.0,0.0,0.0,0.0,0.0,0.0,0.0,0.0,0.0,56.0,0.0,1.0,66.0,153.18764004629628,7.0,8637,8636.0,0.0,0,0.000524154911717493,0.003040291608886692,none,-147.124,-0.1111,1,none,-14.294,-0.1062,1,none,3,0.0316,1,none,-20.872,-0.2974,0.95617,none,0,0.5021,0.59496,none,1,0.0021,1,none
fbff832424d08f7edff2f91c5aaa81d4fb56d6b5,ba0387d186b361d8d9a2390f396cb17527073442,2026-07-08T20:20:01+02:00,ok,2.0,108.0,8.0,2.0,1.0,0.9997855578884436,0.0,1.0,59.0,0.0,0.0,0.0,0.0,0.0,0.0,1.0,57.0,0.0,0.0,0.0,0.0,0.0,0.0,0.0,0.0,0.0,0.0,0.0,0.0,0.0,0,0,0,0,0,0,0,0,0.0,0.0,0.0,0.0,0.0,0.0,0.0,0.0,0.0,0.0,0.0,0.0,0.0,0.0,0.0,0.0,0.0,0.0,0.0,0.0,2.0,1.0,0.0,0.0,0.0,0.0,0.0,0.0,0.0,0.0,0.0,0.0,0.0,0.0,0.0,0.0,0.0,0.0,0.0,0.0,0.0,0.0,0.0,0.0,0.0,0.0,0.0,0.0,0.0,0.0,0.0,1.0,0.0,0.0,0.0,0.0,0.0,0.0,0.0,0.0,0.0,0.0,0.0,0.0,0.0,0.0,55.0,0.0,2.0,116.0,0.3329976851851852,4.0,78,79.0,0.0,0,4.731117835768343e-06,2.7727538675529185e-05,none,-3.911,-0.0033,1,none,2.627,0.0228,0.99666,none,-2,-0.0208,1,none,-2.524,-0.0444,1,none,0,-0.0468,1,none,2,0.0043,1,none
063e0256f5f8654aec1c88a2822caedcd3bab4f3,fbff832424d08f7edff2f91c5aaa81d4fb56d6b5,2026-07-08T23:13:01+02:00,ok,2.0,164.0,166.0,2.0,2.0,0.7279474568380998,0.0,1.0,263.0,0.0,0.0,0.0,0.0,0.0,0.0,1.0,67.0,0.0,0.0,0.0,0.0,0.0,0.0,0.0,0.0,0.0,0.0,0.0,0.0,0.0,0,0,0,0,0,0,0,0,0.0,0.0,0.0,0.0,0.0,0.0,0.0,0.0,0.0,0.0,0.0,0.0,0.0,0.0,0.0,0.0,0.0,0.0,0.0,0.0,0.0,0.0,0.0,0.0,0.0,0.0,0.0,0.0,1.0,4.0,0.0,0.0,0.0,0.0,0.0,0.0,0.0,0.0,0.0,0.0,0.0,0.0,0.0,0.0,0.0,0.0,0.0,0.0,0.0,0.0,0.0,1.0,0.0,0.0,0.0,0.0,0.0,0.0,0.0,0.0,0.0,0.0,0.0,0.0,0.0,0.0,71.0,1.0,1.0,284.0,1.2850694444444444,7.0,-262,-262.0,0.0,0,-1.5891628314465968e-05,-9.195460390729853e-05,none,75.163,0.0597,1,none,1.334,0.0114,0.99666,none,3,0.03,1,none,13.071,0.3133,1,none,0,0.0168,1,none,18,0.0382,1,none
f790bf7abdba43cda99440bdc74ba19cb338ea27,063e0256f5f8654aec1c88a2822caedcd3bab4f3,2026-07-09T11:41:13+02:00,ok,10.0,123.0,17.0,2.0,9.0,0.5503462860949876,6.0,1.0,76.0,1.0,62.0,0.0,0.0,8.0,0.0,0.0,0.0,0.0,0.0,0.0,0.0,0.0,0.0,0.0,0.0,0.0,0.0,0.0,0.0,0.0,0,0,0,0,0,0,0,0,0.0,0.0,0.0,0.0,0.0,0.0,0.0,0.0,0.0,0.0,0.0,0.0,0.0,0.0,0.0,0.0,0.0,0.0,0.0,0.0,0.0,0.0,0.0,0.0,0.0,0.0,0.0,0.0,0.0,0.0,0.0,0.0,0.0,0.0,0.0,0.0,0.0,0.0,1.0,0.0,0.0,0.0,0.0,0.0,19.0,1.0,3.0,0.0,0.0,0.0,1.0,0.0,0.0,0.0,0.0,0.0,0.0,0.0,0.0,0.0,0.0,0.0,0.0,0.0,0.0,0.0,48.0,0.0,1.0,285.0,244.54582175925927,1.0,418472,312.0,178.0,0,0.02538285178710266,0.00010951326268791879,none,88.885,0.0754,1,none,-5.237,-0.044,0.99666,none,-4,-0.0367,1,none,-1.019,-0.0217,1,none,0,0,1,none,-2,-0.0042,1,none
adf963199762e5675811f3fbae779625ca7d0ba3,f790bf7abdba43cda99440bdc74ba19cb338ea27,2026-07-09T13:02:19+02:00,ok,4.0,56.0,10.0,2.0,1.0,0.7567708783070974,0.0,2.0,32.0,0.0,0.0,0.0,0.0,0.0,0.0,2.0,34.0,0.0,0.0,0.0,0.0,0.0,0.0,0.0,0.0,0.0,0.0,0.0,0.0,0.0,0,0,0,0,0,0,0,0,0.0,0.0,0.0,0.0,0.0,0.0,0.0,0.0,0.0,0.0,0.0,0.0,0.0,0.0,0.0,0.0,0.0,0.0,0.0,0.0,0.0,0.0,0.0,0.0,0.0,0.0,0.0,0.0,0.0,0.0,0.0,0.0,0.0,0.0,0.0,0.0,0.0,0.0,0.0,0.0,0.0,0.0,0.0,0.0,0.0,0.0,0.0,0.0,0.0,0.0,0.0,1.0,0.0,0.0,0.0,0.0,0.0,0.0,0.0,0.0,0.0,0.0,0.0,0.0,0.0,0.0,89.0,0.0,1.0,8.0,1.8609722222222222,7.0,37,37.0,0.0,0,2.1887173631185036e-06,1.298572763243512e-05,none,12.951,0.0111,1,none,3.736,0.0328,0.99666,none,21,0.2211,1,none,-11.328,-0.1709,1,none,0,-0.0468,1,none,3,0.0064,0.94566,none
3b9e1c07f5d32ee11c327dc006f2050ffc6eea19,adf963199762e5675811f3fbae779625ca7d0ba3,2026-07-10T11:19:44+02:00,ok,9.0,318.0,32.0,8.0,3.0,0.6781570815413531,0.0,8.0,219.0,0.0,0.0,0.0,0.0,0.0,0.0,1.0,131.0,0.0,0.0,0.0,0.0,0.0,0.0,0.0,0.0,0.0,0.0,0.0,0.0,0.0,0,0,0,0,0,0,0,0,2.0,2.0,0.0,0.0,0.0,0.0,0.0,0.0,0.0,0.0,0.0,0.0,0.0,0.0,0.0,0.0,0.0,0.0,0.0,0.0,2.0,0.0,0.0,0.0,0.0,0.0,0.0,0.0,0.0,0.0,0.0,0.0,0.0,0.0,0.0,0.0,0.0,0.0,0.0,0.0,0.0,0.0,0.0,0.0,5.0,0.0,0.0,0.0,0.0,0.0,0.0,1.0,0.0,0.0,0.0,0.0,0.0,0.0,0.0,0.0,0.0,0.0,0.0,0.0,0.0,0.0,72.0,0.0,1.0,117.0,71.77323350694445,9.0,437,435.0,0.0,0,2.5850470114756566e-05,0.00015266805857820764,none,-171.571,-0.1282,1,none,-4.745,-0.0401,0.99666,none,-3,-0.0291,1,none,5.252,0.108,1,none,0,0,1,none,-3,-0.0063,1,none
ed7c0c1d7d5510c961f09f6904c5c317b665d443,3b9e1c07f5d32ee11c327dc006f2050ffc6eea19,2026-07-11T17:22:35+02:00,ok,2.0,342.0,356.0,1.0,1.0,0.7791583656729475,0.0,2.0,698.0,0.0,0.0,0.0,0.0,0.0,0.0,0.0,0.0,0.0,0.0,0.0,0.0,0.0,0.0,0.0,0.0,0.0,0.0,0.0,0.0,0.0,0,0,0,0,0,0,0,0,13.0,5.0,0.0,0.0,0.0,0.0,0.0,0.0,0.0,0.0,0.0,0.0,0.0,0.0,0.0,0.0,0.0,0.0,1.0,1.0,5.0,20.0,0.0,0.0,0.0,0.0,0.0,0.0,0.0,0.0,0.0,0.0,0.0,0.0,0.0,0.0,0.0,0.0,0.0,0.0,0.0,0.0,0.0,0.0,3.0,6.0,0.0,0.0,0.0,0.0,0.0,0.0,0.0,0.0,1.0,0.0,0.0,0.0,0.0,0.0,0.0,0.0,0.0,0.0,0.0,0.0,52.0,0.0,1.0,118.0,5.943159722222222,6.0,-109,-106.0,0.0,0,-6.447662255124886e-06,-3.719619307491103e-05,none,-161.35,-0.1198,1,none,3.355,0.0296,0.99666,none,-5,-0.0439,1,none,11.972,0.2867,0.95617,none,0,-0.0468,1,none,1,0.0021,1,none
339d3c373314d6b6bd0093949215ca00c1fb0c89,ed7c0c1d7d5510c961f09f6904c5c317b665d443,2026-07-13T00:30:09+02:00,ok,61.0,1127.0,1441.0,12.0,3.0,0.7820455162468204,0.0,50.0,2370.0,7.0,113.0,0.0,0.0,0.0,0.0,3.0,54.0,1.0,31.0,0.0,0.0,0.0,0.0,0.0,0.0,0.0,0.0,0.0,0.0,0.0,0,0,0,0,0,0,0,0,90.0,72.0,0.0,0.0,0.0,0.0,3.0,0.0,0.0,0.0,6.0,2.0,43.0,30.0,0.0,0.0,1.0,1.0,1.0,0.0,9.0,8.0,1.0,0.0,1.0,1.0,0.0,0.0,0.0,0.0,0.0,0.0,1.0,0.0,0.0,0.0,0.0,0.0,0.0,0.0,0.0,0.0,0.0,0.0,30.0,1.0,1.0,0.0,1.0,1.0,1.0,0.0,0.0,0.0,0.0,0.0,0.0,0.0,0.0,0.0,0.0,0.0,0.0,0.0,0.0,0.0,53.0,0.0,1.0,286.0,133.8315713734568,23.0,-3067,-1308.0,-1759.0,0,-0.0001814230058686527,-0.00045900405944874595,none,-163.567,-0.1214,1,none,1.962,0.0173,1,none,-6,-0.0536,1,none,4.888,0.0984,1,none,0,-0.0468,1,none,-14,-0.0288,1,none
d331bb49fce8975819bae1c55c7a43bcd778a8af,339d3c373314d6b6bd0093949215ca00c1fb0c89,2026-07-13T16:52:19+02:00,ok,6.0,828.0,484.0,5.0,2.0,0.7151457953039075,0.0,5.0,1038.0,0.0,0.0,0.0,0.0,0.0,0.0,1.0,274.0,0.0,0.0,0.0,0.0,0.0,0.0,0.0,0.0,0.0,0.0,0.0,0.0,0.0,0,0,0,0,0,0,0,0,9.0,2.0,0.0,0.0,0.0,0.0,0.0,0.0,0.0,0.0,0.0,0.0,0.0,0.0,0.0,0.0,0.0,0.0,5.0,1.0,19.0,11.0,2.0,6.0,0.0,0.0,0.0,0.0,0.0,0.0,0.0,0.0,0.0,0.0,0.0,0.0,0.0,0.0,0.0,0.0,0.0,0.0,0.0,0.0,2.0,4.0,1.0,3.0,0.0,0.0,0.0,1.0,0.0,0.0,0.0,0.0,0.0,0.0,0.0,0.0,0.0,0.0,0.0,0.0,0.0,0.0,57.0,0.0,1.0,1.0,2.653943865740741,9.0,582,581.0,0.0,0,3.443343626288118e-05,0.00020397845762795173,none,-5.766,-0.0049,1,none,1.472,0.0129,0.99666,none,-9,-0.0833,1,none,1.474,0.0287,1,none,0,0,1,none,0,0,1,none
082b2eeb1eac05cb48cf12fbcfadb5cb1bc5ee0a,d331bb49fce8975819bae1c55c7a43bcd778a8af,2026-07-13T17:53:01+02:00,ok,3.0,21.0,5.0,3.0,2.0,0.2953802631540603,0.0,3.0,26.0,0.0,0.0,0.0,0.0,0.0,0.0,0.0,0.0,0.0,0.0,0.0,0.0,0.0,0.0,0.0,0.0,0.0,0.0,0.0,0.0,0.0,0,0,0,0,0,0,0,0,0.0,0.0,0.0,0.0,0.0,0.0,0.0,0.0,0.0,0.0,0.0,0.0,0.0,0.0,0.0,0.0,0.0,0.0,0.0,0.0,0.0,0.0,0.0,0.0,0.0,0.0,0.0,0.0,0.0,0.0,0.0,0.0,0.0,0.0,0.0,0.0,0.0,0.0,0.0,0.0,0.0,0.0,0.0,0.0,0.0,0.0,0.0,0.0,0.0,0.0,0.0,1.0,0.0,0.0,0.0,0.0,0.0,0.0,0.0,0.0,0.0,0.0,0.0,0.0,0.0,0.0,41.0,0.0,1.0,119.0,2.049050925925926,7.0,86,87.0,0.0,0,5.087927070836605e-06,3.05378773226776e-05,none,-84.552,-0.0671,1,none,3.821,0.0363,0.99666,none,2,0.0206,1,none,-2.857,-0.0536,1,none,0,0,1,none,-2,-0.0042,1,none
e9c856d262a14c12bd0bdc3f4ac55c7a86a71577,082b2eeb1eac05cb48cf12fbcfadb5cb1bc5ee0a,2026-07-13T19:38:52+02:00,ok,2.0,119.0,58.0,2.0,1.0,0.9988714849476876,0.0,1.0,92.0,0.0,0.0,0.0,0.0,0.0,0.0,1.0,85.0,0.0,0.0,0.0,0.0,0.0,0.0,0.0,0.0,0.0,0.0,0.0,0.0,0.0,0,0,0,0,0,0,0,0,0.0,0.0,0.0,0.0,0.0,0.0,0.0,0.0,0.0,0.0,0.0,0.0,0.0,0.0,0.0,0.0,0.0,0.0,0.0,0.0,2.0,3.0,0.0,0.0,0.0,0.0,0.0,0.0,0.0,0.0,0.0,0.0,0.0,0.0,0.0,0.0,0.0,0.0,0.0,0.0,0.0,0.0,0.0,0.0,0.0,0.0,0.0,0.0,0.0,0.0,0.0,0.0,0.0,0.0,1.0,0.0,0.0,0.0,0.0,0.0,0.0,0.0,0.0,0.0,0.0,0.0,61.0,0.0,1.0,9.0,6.136354166666667,4.0,-62,-63.0,0.0,0,-3.6680217837897576e-06,-2.2112960019768286e-05,none,4.842,0.0041,1,none,3.012,0.027,0.99666,none,16,0.1633,1,none,-7.264,-0.1223,1,none,0,-0.0165,1,none,0,0,1,none
5776e1cc66842ca229c79fbbf3d2ccf208c24ab0,e9c856d262a14c12bd0bdc3f4ac55c7a86a71577,2026-07-14T13:19:19+02:00,ok,1.0,1.0,0.0,1.0,1.0,0.0,0.0,1.0,1.0,0.0,0.0,0.0,0.0,0.0,0.0,0.0,0.0,0.0,0.0,0.0,0.0,0.0,0.0,0.0,0.0,0.0,0.0,0.0,0.0,0.0,0,0,0,0,0,0,0,0,0.0,0.0,0.0,0.0,0.0,0.0,0.0,0.0,0.0,0.0,0.0,0.0,0.0,0.0,0.0,0.0,0.0,0.0,0.0,0.0,0.0,0.0,0.0,0.0,0.0,0.0,0.0,0.0,0.0,0.0,0.0,0.0,0.0,0.0,0.0,0.0,0.0,0.0,0.0,0.0,0.0,0.0,0.0,0.0,0.0,0.0,0.0,0.0,0.0,0.0,0.0,1.0,0.0,0.0,0.0,0.0,0.0,0.0,0.0,0.0,0.0,0.0,0.0,0.0,0.0,0.0,58.0,0.0,1.0,120.0,6.872777777777777,4.0,15,16.0,0.0,0,8.874278802152214e-07,5.616114035195485e-06,none,2.422,0.0021,1,none,-0.345,-0.003,1,none,-3,-0.028,1,none,0.491,0.0091,1,none,0,-0.0162,1,none,-1,-0.0021,1,none
2423819ee0d5fe46afe536ae919b33dca20d7ac1,5776e1cc66842ca229c79fbbf3d2ccf208c24ab0,2026-07-14T16:50:53+02:00,ok,21.0,2691.0,389.0,11.0,2.0,0.5842573812500277,0.0,16.0,1714.0,1.0,45.0,0.0,0.0,0.0,0.0,3.0,1305.0,1.0,16.0,0.0,0.0,0.0,0.0,0.0,0.0,0.0,0.0,0.0,0.0,0.0,0,0,0,0,0,0,0,0,2.0,1.0,0.0,0.0,0.0,0.0,0.0,0.0,0.0,0.0,6.0,0.0,32.0,15.0,0.0,0.0,0.0,0.0,1.0,1.0,1.0,1.0,0.0,0.0,0.0,0.0,0.0,0.0,0.0,0.0,0.0,0.0,0.0,0.0,0.0,0.0,0.0,0.0,0.0,0.0,2.0,2.0,0.0,0.0,3.0,0.0,0.0,0.0,2.0,0.0,1.0,0.0,0.0,0.0,0.0,0.0,0.0,0.0,0.0,0.0,0.0,0.0,0.0,0.0,0.0,0.0,62.0,0.0,1.0,287.0,46.5931556372549,16.0,2288,2183.0,102.0,0,0.00013536221253796044,0.000766244255361867,none,-104.5,-0.081,1,none,-0.873,-0.0077,0.99666,none,6,0.0625,1,none,-3.986,-0.072,1,none,0,0,1,none,0,0,1,none
acb48c3f454f050353c32819d7a5deded201e9db,2423819ee0d5fe46afe536ae919b33dca20d7ac1,2026-07-14T18:18:21+02:00,ok,2.0,129.0,3.0,2.0,1.0,0.3591016256485496,0.0,1.0,9.0,0.0,0.0,0.0,0.0,0.0,0.0,1.0,123.0,0.0,0.0,0.0,0.0,0.0,0.0,0.0,0.0,0.0,0.0,0.0,0.0,0.0,0,0,0,0,0,0,0,0,0.0,0.0,0.0,0.0,0.0,0.0,0.0,0.0,0.0,0.0,0.0,0.0,0.0,0.0,0.0,0.0,0.0,0.0,0.0,0.0,0.0,0.0,0.0,0.0,0.0,0.0,0.0,0.0,0.0,0.0,0.0,0.0,0.0,0.0,0.0,0.0,0.0,0.0,0.0,0.0,0.0,0.0,0.0,0.0,0.0,0.0,0.0,0.0,0.0,0.0,0.0,1.0,0.0,0.0,0.0,0.0,0.0,0.0,0.0,0.0,0.0,0.0,0.0,0.0,0.0,0.0,82.0,0.0,1.0,288.0,0.06074074074074074,4.0,-32,-31.0,0.0,0,-1.89292156768215e-06,-1.0872828590909473e-05,none,-0.351,-0.0003,1,none,-5.433,-0.0482,0.99666,none,-5,-0.0495,1,none,12.61,0.2343,1,none,0,-0.0165,1,none,0,0,1,none
5ca083436d44a51a0705d43ea22d323839d5fe8e,acb48c3f454f050353c32819d7a5deded201e9db,2026-07-15T11:46:08+02:00,ok,19.0,1282.0,304.0,6.0,1.0,0.6717884756174154,0.0,13.0,948.0,3.0,35.0,0.0,0.0,0.0,0.0,2.0,591.0,1.0,12.0,0.0,0.0,0.0,0.0,0.0,0.0,0.0,0.0,0.0,0.0,0.0,0,0,0,0,0,0,0,0,6.0,5.0,0.0,0.0,0.0,0.0,0.0,0.0,0.0,0.0,0.0,0.0,1.0,1.0,0.0,0.0,0.0,0.0,0.0,0.0,1.0,0.0,0.0,0.0,0.0,0.0,2.0,6.0,1.0,1.0,0.0,0.0,0.0,0.0,0.0,0.0,0.0,0.0,0.0,0.0,1.0,1.0,0.0,0.0,0.0,0.0,0.0,0.0,0.0,0.0,1.0,0.0,0.0,0.0,0.0,0.0,0.0,0.0,0.0,0.0,0.0,0.0,0.0,0.0,0.0,0.0,70.0,0.0,1.0,289.0,26.334187500000002,11.0,1098,1053.0,47.0,0,6.495099423823161e-05,0.0003693294513405817,none,-120.058,-0.0921,1,none,-3.64,-0.0311,0.99666,none,1,0.0097,1,none,0.885,0.014,1,none,0,0.0168,1,none,-1,-0.0021,1,none
374716304a7ded17769aa931b27e166cdc8ca2b2,5ca083436d44a51a0705d43ea22d323839d5fe8e,2026-07-16T13:30:13+02:00,ok,17.0,1476.0,1022.0,6.0,1.0,0.5708468598846979,0.0,12.0,1935.0,0.0,0.0,0.0,0.0,0.0,0.0,4.0,553.0,1.0,10.0,0.0,0.0,0.0,0.0,0.0,0.0,0.0,0.0,0.0,0.0,0.0,0,0,0,0,0,0,0,0,12.0,7.0,0.0,0.0,0.0,0.0,0.0,0.0,0.0,0.0,0.0,0.0,0.0,0.0,0.0,0.0,0.0,0.0,1.0,1.0,0.0,0.0,4.0,6.0,1.0,1.0,0.0,0.0,0.0,0.0,0.0,0.0,0.0,0.0,0.0,0.0,0.0,0.0,0.0,0.0,0.0,0.0,0.0,0.0,19.0,19.0,1.0,1.0,0.0,1.0,0.0,1.0,0.0,0.0,0.0,0.0,0.0,0.0,0.0,0.0,0.0,0.0,0.0,0.0,0.0,0.0,57.0,0.0,1.0,290.0,137.04810606060607,17.0,779,778.0,0.0,0,4.6077903835118944e-05,0.0002727751470286091,none,147.094,0.1242,1,none,-1.072,-0.0093,1,none,7,0.0707,1,none,-2.578,-0.043,1,none,0,0,1,none,17,0.0362,1,none
93dd51060a305108450b18b87b39f1b3b2125995,374716304a7ded17769aa931b27e166cdc8ca2b2,2026-07-16T19:50:19+02:00,ok,15.0,291.0,158.0,10.0,6.0,0.7943996535360843,0.0,6.0,175.0,0.0,0.0,0.0,0.0,0.0,0.0,4.0,242.0,1.0,2.0,0.0,0.0,3.0,18.0,0.0,0.0,0.0,0.0,1.0,12.0,0.0,0,0,0,0,0,0,0,0,0.0,0.0,0.0,0.0,0.0,0.0,0.0,0.0,0.0,0.0,0.0,0.0,1.0,1.0,0.0,0.0,0.0,0.0,0.0,0.0,0.0,0.0,0.0,0.0,0.0,0.0,0.0,0.0,0.0,0.0,0.0,0.0,0.0,0.0,0.0,0.0,0.0,0.0,0.0,0.0,0.0,0.0,0.0,0.0,1.0,1.0,0.0,0.0,0.0,0.0,1.0,0.0,0.0,0.0,0.0,0.0,0.0,0.0,0.0,0.0,0.0,0.0,0.0,0.0,0.0,0.0,84.0,0.0,2.0,292.0,0.8777233796296295,15.0,196,196.0,0.0,0,1.1592879369583951e-05,6.870096293512946e-05,none,106.754,0.0897,1,none,4.119,0.0359,0.99666,none,-1.5,-0.0145,1,none,-6.695,-0.1022,1,none,0,-0.0162,1,none,2,0.0042,1,none
65aa577e39a1ae6315322eae010b69961b99b418,93dd51060a305108450b18b87b39f1b3b2125995,2026-07-16T20:52:06+02:00,ok,2.0,148.0,19.0,2.0,1.0,0.9885633053127398,0.0,1.0,73.0,0.0,0.0,0.0,0.0,0.0,0.0,1.0,94.0,0.0,0.0,0.0,0.0,0.0,0.0,0.0,0.0,0.0,0.0,0.0,0.0,0.0,0,0,0,0,0,0,0,0,0.0,0.0,0.0,0.0,0.0,0.0,0.0,0.0,0.0,0.0,0.0,0.0,0.0,0.0,0.0,0.0,0.0,0.0,1.0,1.0,0.0,0.0,0.0,0.0,0.0,0.0,0.0,0.0,0.0,0.0,0.0,0.0,0.0,0.0,0.0,0.0,0.0,0.0,0.0,0.0,0.0,0.0,0.0,0.0,0.0,0.0,1.0,1.0,0.0,0.0,0.0,1.0,0.0,0.0,0.0,0.0,0.0,0.0,0.0,0.0,0.0,0.0,0.0,0.0,0.0,0.0,67.0,0.0,1.0,293.0,20.469837962962963,1.0,131,132.0,0.0,0,7.748212203540685e-06,4.626481700862909e-05,none,0.069,0.0001,1,none,0.661,0.0056,0.99666,none,-5,-0.051,1,none,-6.464,-0.0976,0.95617,none,0,0.0165,1,none,1,0.0021,1,none
a1d9b16b0dc485566cfc90ece8269443f8726d63,65aa577e39a1ae6315322eae010b69961b99b418,2026-07-17T16:22:43+02:00,ok,3.0,60.0,53.0,2.0,1.0,0.33582835898092733,0.0,2.0,102.0,1.0,11.0,0.0,0.0,0.0,0.0,0.0,0.0,0.0,0.0,0.0,0.0,0.0,0.0,0.0,0.0,0.0,0.0,0.0,0.0,0.0,0,0,0,0,0,0,0,0,1.0,1.0,0.0,0.0,0.0,0.0,0.0,0.0,0.0,0.0,0.0,0.0,1.0,1.0,0.0,0.0,0.0,0.0,0.0,0.0,0.0,0.0,0.0,0.0,0.0,0.0,0.0,0.0,0.0,0.0,0.0,0.0,0.0,0.0,0.0,0.0,0.0,0.0,0.0,0.0,0.0,0.0,0.0,0.0,3.0,1.0,0.0,0.0,0.0,0.0,0.0,1.0,0.0,0.0,0.0,0.0,0.0,0.0,0.0,0.0,0.0,0.0,0.0,0.0,0.0,0.0,66.0,0.0,1.0,294.0,1.3012461419753087,8.0,49,25.0,25.0,0,2.898163788484436e-06,8.761870582264852e-06,none,71.58,0.0607,1,none,0.754,0.0064,0.99666,none,-17,-0.1717,1,none,-1.566,-0.0241,1,none,0,-0.0162,1,none,0,0,1,none
5cf547650b700b35507e83773695098150b810d2,a1d9b16b0dc485566cfc90ece8269443f8726d63,2026-07-18T00:17:39+02:00,ok,1.0,11.0,9.0,1.0,1.0,0.0,0.0,1.0,20.0,0.0,0.0,0.0,0.0,0.0,0.0,0.0,0.0,0.0,0.0,0.0,0.0,0.0,0.0,0.0,0.0,0.0,0.0,0.0,0.0,0.0,0,0,0,0,0,0,0,0,1.0,0.0,0.0,0.0,0.0,0.0,0.0,0.0,0.0,0.0,0.0,0.0,1.0,1.0,0.0,0.0,0.0,0.0,0.0,0.0,0.0,0.0,0.0,0.0,0.0,0.0,0.0,0.0,0.0,0.0,0.0,0.0,0.0,0.0,0.0,0.0,0.0,0.0,0.0,0.0,0.0,0.0,0.0,0.0,0.0,0.0,0.0,0.0,0.0,0.0,0.0,1.0,0.0,0.0,0.0,0.0,0.0,0.0,0.0,0.0,0.0,0.0,0.0,0.0,0.0,0.0,70.0,0.0,1.0,0.0,492.32925925925923,2.0,-33,-33.0,0.0,0,-1.9518189355536596e-06,-1.1565567832581045e-05,none,60.118,0.048,1,none,-0.773,-0.0065,0.99666,none,11,0.1122,1,none,0.919,0.0157,1,none,0,0,1,none,-15,-0.0307,1,none
53732f08f430ded353121c64c230b448282be37a,5cf547650b700b35507e83773695098150b810d2,2026-07-21T22:07:15Z,ok,12.0,314.0,53.0,2.0,1.0,0.8214037709526656,0.0,5.0,164.0,3.0,8.0,0.0,0.0,0.0,0.0,4.0,195.0,0.0,0.0,0.0,0.0,0.0,0.0,0.0,0.0,0.0,0.0,0.0,0.0,0.0,0,0,0,0,0,0,0,0,4.0,0.0,0.0,0.0,0.0,0.0,0.0,0.0,0.0,0.0,0.0,0.0,0.0,0.0,0.0,0.0,0.0,0.0,0.0,0.0,0.0,0.0,7.0,16.0,0.0,0.0,11.0,13.0,0.0,0.0,0.0,0.0,0.0,0.0,0.0,0.0,0.0,0.0,0.0,0.0,0.0,0.0,0.0,0.0,12.0,4.0,0.0,0.0,0.0,0.0,0.0,1.0,0.0,0.0,0.0,0.0,0.0,0.0,0.0,0.0,0.0,0.0,0.0,0.0,0.0,0.0,75.0,0.0,1.0,1.0,379.63447916666667,6.0,80,90.0,-11.0,0,4.731691503413945e-06,3.15428225358747e-05,none,-84.675,-0.0668,1,none,4.157,0.0361,0.99666,none,0,0,1,none,-4.524,-0.0666,1,none,0,0,1,none,-1,-0.0021,1,none
a3b90897b5d770a27d53773db670ddfda983ae85,53732f08f430ded353121c64c230b448282be37a,2026-07-22T13:03:45+02:00,ok,5.0,127.0,57.0,4.0,2.0,0.7938991775222357,0.0,4.0,180.0,0.0,0.0,0.0,0.0,0.0,0.0,1.0,4.0,0.0,0.0,0.0,0.0,0.0,0.0,0.0,0.0,0.0,0.0,0.0,0.0,0.0,0,0,0,0,0,0,0,0,0.0,0.0,0.0,0.0,0.0,0.0,0.0,0.0,0.0,0.0,0.0,0.0,0.0,0.0,0.0,0.0,0.0,0.0,0.0,0.0,0.0,0.0,0.0,0.0,0.0,0.0,0.0,0.0,0.0,0.0,0.0,0.0,0.0,0.0,0.0,0.0,0.0,0.0,0.0,0.0,0.0,0.0,0.0,0.0,0.0,0.0,0.0,0.0,0.0,0.0,0.0,1.0,0.0,0.0,0.0,0.0,0.0,0.0,0.0,0.0,0.0,0.0,0.0,0.0,0.0,0.0,69.0,0.0,1.0,121.0,11.181024305555557,6.0,171,170.0,0.0,0,1.0113942732490415e-05,5.957900772214033e-05,none,82.768,0.0638,1,none,2.398,0.0209,0.99666,none,0,0,1,none,5.948,0.1125,0.95617,none,0,0,1,none,2,0.0042,1,none
91b78903ab1fb8c695d96c94972eadda4998518e,a3b90897b5d770a27d53773db670ddfda983ae85,2026-07-22T22:37:35+02:00,ok,4.0,76.0,30.0,4.0,2.0,0.7636848453656497,0.0,2.0,88.0,0.0,0.0,0.0,0.0,0.0,0.0,2.0,18.0,0.0,0.0,0.0,0.0,0.0,0.0,0.0,0.0,0.0,0.0,0.0,0.0,0.0,0,0,0,0,0,0,0,0,2.0,1.0,0.0,0.0,0.0,0.0,0.0,0.0,0.0,0.0,0.0,0.0,0.0,0.0,0.0,0.0,0.0,0.0,1.0,0.0,2.0,1.0,0.0,0.0,0.0,0.0,0.0,0.0,0.0,0.0,0.0,0.0,0.0,0.0,0.0,0.0,0.0,0.0,0.0,0.0,0.0,0.0,0.0,0.0,0.0,0.0,0.0,0.0,0.0,0.0,0.0,1.0,0.0,0.0,0.0,0.0,0.0,0.0,0.0,0.0,0.0,0.0,0.0,0.0,0.0,0.0,49.0,0.0,1.0,122.0,7.829479166666666,5.0,115,115.0,0.0,0,6.801705560199116e-06,4.030104530398202e-05,none,120.824,0.102,1,none,5.28,0.0467,0.99666,none,23,0.23,1,none,6.52,0.1302,1,none,0,-0.0165,1,none,17,0.0359,1,none
e6ae6bf05755eb3845d9635953bd6477e948a8f6,91b78903ab1fb8c695d96c94972eadda4998518e,2026-07-22T22:39:16+02:00,ok,3.0,23.0,12.0,2.0,2.0,0.9362444227364577,0.0,3.0,35.0,0.0,0.0,0.0,0.0,0.0,0.0,0.0,0.0,0.0,0.0,0.0,0.0,0.0,0.0,0.0,0.0,0.0,0.0,0.0,0.0,0.0,0,0,0,0,0,0,0,0,0.0,0.0,0.0,0.0,0.0,0.0,0.0,0.0,0.0,0.0,0.0,0.0,0.0,0.0,0.0,0.0,0.0,0.0,0.0,0.0,3.0,5.0,0.0,0.0,0.0,0.0,0.0,0.0,0.0,0.0,0.0,0.0,0.0,0.0,0.0,0.0,0.0,0.0,0.0,0.0,0.0,0.0,0.0,0.0,0.0,0.0,0.0,0.0,0.0,0.0,0.0,1.0,0.0,0.0,0.0,0.0,0.0,0.0,0.0,0.0,0.0,0.0,0.0,0.0,0.0,0.0,47.0,0.0,1.0,123.0,118.21450231481481,5.0,-30,-28.0,0.0,0,-1.7743459036474579e-06,-9.812032986653182e-06,none,161.739,0.138,1,none,-9.185,-0.0775,0.99666,none,-23,-0.23,1,none,2.271,0.0402,1,none,0,-0.0308,1,none,-1,-0.0021,1,none
f179f7ffd23cd47a8f013c3fd0051cb07a83d1d6,e6ae6bf05755eb3845d9635953bd6477e948a8f6,2026-07-23T18:42:42+02:00,ok,36.0,3116.0,139.0,14.0,6.0,0.6741752592618863,0.0,27.0,1903.0,1.0,9.0,0.0,0.0,0.0,0.0,7.0,1341.0,0.0,0.0,0.0,0.0,1.0,2.0,0.0,0.0,0.0,0.0,0.0,0.0,0.0,0,0,0,0,0,0,0,0,31.0,1.0,0.0,0.0,0.0,0.0,1.0,0.0,0.0,0.0,0.0,0.0,3.0,0.0,0.0,0.0,0.0,0.0,28.0,1.0,14.0,0.0,0.0,0.0,0.0,0.0,0.0,0.0,0.0,0.0,0.0,0.0,0.0,0.0,0.0,0.0,0.0,0.0,0.0,0.0,0.0,0.0,0.0,0.0,4.0,3.0,0.0,0.0,0.0,0.0,1.0,0.0,0.0,0.0,0.0,0.0,0.0,0.0,0.0,0.0,0.0,0.0,0.0,0.0,0.0,0.0,52.0,0.0,1.0,0.0,52.84042824074074,21.0,4034,4050.0,-18.0,0,0.00023859080251974126,0.0014192544113405786,none,-154.236,-0.115,1,none,0.387,0.0033,0.99666,none,9,0.0763,1,none,2.155,0.0377,1,none,0,-0.027,1,none,-13,-0.0267,1,none
b2e81e38a6fde8b3cb5dfdf2f2fb651323ad309d,f179f7ffd23cd47a8f013c3fd0051cb07a83d1d6,2026-07-24T16:10:00+02:00,ok,3.0,245.0,28.0,3.0,2.0,0.6944711839463259,0.0,2.0,73.0,0.0,0.0,0.0,0.0,0.0,0.0,1.0,200.0,0.0,0.0,0.0,0.0,0.0,0.0,0.0,0.0,0.0,0.0,0.0,0.0,0.0,0,0,0,0,0,0,0,0,1.0,1.0,0.0,0.0,0.0,0.0,0.0,0.0,0.0,0.0,0.0,0.0,0.0,0.0,0.0,0.0,0.0,0.0,0.0,0.0,0.0,0.0,0.0,0.0,0.0,0.0,0.0,0.0,0.0,0.0,0.0,0.0,0.0,0.0,0.0,0.0,0.0,0.0,0.0,0.0,0.0,0.0,0.0,0.0,0.0,0.0,0.0,0.0,0.0,0.0,1.0,0.0,0.0,0.0,0.0,0.0,0.0,0.0,0.0,0.0,0.0,0.0,0.0,0.0,0.0,0.0,59.0,0.0,1.0,295.0,0.8939583333333333,5.0,2,3.0,0.0,0,1.1826172063826087e-07,1.0498096170259524e-06,none,11.067,0.0094,1,none,-3.484,-0.0303,0.99666,none,-1,-0.0098,1,none,-12.302,-0.21,0.95617,none,0,0,1,none,1,0.0021,1,none
7c0b3295760d3492a980f2f6416a36c9ef592103,b2e81e38a6fde8b3cb5dfdf2f2fb651323ad309d,2026-07-27T23:04:03+02:00,ok,1.0,3.0,2.0,1.0,1.0,0.0,0.0,1.0,5.0,0.0,0.0,0.0,0.0,0.0,0.0,0.0,0.0,0.0,0.0,0.0,0.0,0.0,0.0,0.0,0.0,0.0,0.0,0.0,0.0,0.0,0,0,0,0,0,0,0,0,0.0,0.0,0.0,0.0,0.0,0.0,0.0,0.0,0.0,0.0,0.0,0.0,0.0,0.0,0.0,0.0,0.0,0.0,0.0,0.0,0.0,0.0,0.0,0.0,0.0,0.0,0.0,0.0,0.0,0.0,0.0,0.0,0.0,0.0,0.0,0.0,0.0,0.0,0.0,0.0,0.0,0.0,0.0,0.0,0.0,0.0,0.0,0.0,0.0,0.0,0.0,1.0,0.0,0.0,0.0,0.0,0.0,0.0,0.0,0.0,0.0,0.0,0.0,0.0,0.0,0.0,73.0,0.0,1.0,296.0,130.2521412037037,1.0,43,42.0,0.0,0,2.542626693027201e-06,1.4697319208976283e-05,none,27.239,0.0203,1,none,6.213,0.0557,0.99666,none,3,0.0275,1,none,14.295,0.3319,0.95617,none,0,-0.0379,1,none,15,0.0317,1,none
1acf66edabc2ac5bbd4aed0714aed7dca7cc2aab,7c0b3295760d3492a980f2f6416a36c9ef592103,2026-07-28T18:12:33+02:00,ok,22.0,2127.0,175.0,10.0,3.0,0.7062709508134941,0.0,16.0,1177.0,0.0,0.0,0.0,0.0,0.0,0.0,6.0,1125.0,0.0,0.0,0.0,0.0,0.0,0.0,0.0,0.0,0.0,0.0,0.0,0.0,0.0,0,0,0,0,0,0,0,0,21.0,3.0,0.0,0.0,0.0,0.0,0.0,0.0,0.0,0.0,0.0,0.0,0.0,0.0,0.0,0.0,0.0,0.0,2.0,0.0,3.0,1.0,0.0,0.0,0.0,0.0,0.0,0.0,0.0,0.0,0.0,0.0,0.0,0.0,0.0,0.0,0.0,0.0,0.0,0.0,0.0,0.0,0.0,0.0,2.0,2.0,0.0,0.0,0.0,0.0,1.0,0.0,0.0,0.0,0.0,0.0,0.0,0.0,0.0,0.0,0.0,0.0,0.0,0.0,0.0,0.0,58.0,0.0,1.0,297.0,21.063685515873015,11.0,1234,1236.0,0.0,0,7.296728747597519e-05,0.0004325147513425104,none,-8.213,-0.0069,1,none,-3.43,-0.03,0.99666,none,-15,-0.1327,1,none,-5.752,-0.115,1,none,0,0,1,none,0,0,1,none
69d4c346cc82ee5f64b6fa6bb91ad94422fedfb3,1acf66edabc2ac5bbd4aed0714aed7dca7cc2aab,2026-07-30T07:47:42Z,ok,2.0,2.0,0.0,2.0,1.0,1.0,0.0,2.0,2.0,0.0,0.0,0.0,0.0,0.0,0.0,0.0,0.0,0.0,0.0,0.0,0.0,0.0,0.0,0.0,0.0,0.0,0.0,0.0,0.0,0.0,0,0,0,0,0,0,0,0,0.0,0.0,0.0,0.0,0.0,0.0,0.0,0.0,0.0,0.0,0.0,0.0,0.0,0.0,0.0,0.0,0.0,0.0,0.0,0.0,0.0,0.0,0.0,0.0,0.0,0.0,0.0,0.0,0.0,0.0,0.0,0.0,0.0,0.0,0.0,0.0,0.0,0.0,0.0,0.0,0.0,0.0,0.0,0.0,0.0,0.0,0.0,0.0,0.0,0.0,0.0,1.0,0.0,0.0,0.0,0.0,0.0,0.0,0.0,0.0,0.0,0.0,0.0,0.0,0.0,0.0,82.0,0.0,1.0,0.0,183.49727430555555,5.0,-22,-22.0,0.0,0,-1.3007805511076087e-06,-7.69515436129869e-06,none,-3.185,-0.0027,1,none,5.822,0.0543,0.99666,none,-2,-0.0198,1,none,-5.694,-0.1013,1,none,0,0,1,none,-2,-0.0042,1,none
786ab266ff3a9cfffaed16804cf9132b44bc08ae,69d4c346cc82ee5f64b6fa6bb91ad94422fedfb3,2026-07-30T13:30:20+02:00,ok,5.0,492.0,175.0,3.0,1.0,0.6773741820875121,0.0,1.0,141.0,1.0,22.0,0.0,0.0,0.0,0.0,2.0,500.0,0.0,0.0,0.0,0.0,1.0,4.0,0.0,0.0,0.0,0.0,0.0,0.0,0.0,0,0,0,0,0,0,0,0,0.0,1.0,0.0,0.0,0.0,0.0,0.0,0.0,0.0,0.0,0.0,0.0,5.0,5.0,0.0,0.0,0.0,0.0,0.0,0.0,0.0,0.0,0.0,0.0,0.0,0.0,0.0,0.0,0.0,0.0,0.0,0.0,0.0,0.0,0.0,0.0,0.0,0.0,0.0,0.0,0.0,0.0,0.0,0.0,5.0,2.0,1.0,0.0,0.0,0.0,1.0,0.0,0.0,0.0,0.0,0.0,0.0,0.0,0.0,0.0,0.0,0.0,0.0,0.0,0.0,0.0,64.0,0.0,1.0,0.0,136.10135030864197,10.0,166,108.0,54.0,0,9.814993289146154e-06,3.7776503015124595e-05,none,-4.684,-0.0039,1,none,2.718,0.0242,0.99666,none,-5,-0.0495,1,none,-0.06,-0.001,1,none,0,0.0498,1,none,1,0.0021,1,none
39103bd33a3365f4134958fe5e932678fcd12fb8,786ab266ff3a9cfffaed16804cf9132b44bc08ae,2026-08-03T21:48:06+02:00,ok,57.0,2023.0,1407.0,1.0,1.0,0.8202166568677373,0.0,0.0,0.0,0.0,0.0,0.0,0.0,0.0,0.0,0.0,0.0,0.0,0.0,0.0,0.0,57.0,3430.0,0.0,0.0,0.0,0.0,0.0,0.0,0.0,0,0,0,0,0,0,0,0,0.0,0.0,0.0,0.0,0.0,0.0,0.0,0.0,0.0,0.0,0.0,0.0,0.0,0.0,0.0,0.0,0.0,0.0,0.0,0.0,0.0,0.0,0.0,0.0,0.0,0.0,0.0,0.0,0.0,0.0,0.0,0.0,0.0,0.0,0.0,0.0,0.0,0.0,0.0,0.0,0.0,0.0,0.0,0.0,0.0,0.0,0.0,0.0,0.0,0.0,0.0,0.0,0.0,0.0,1.0,0.0,0.0,0.0,0.0,0.0,0.0,0.0,0.0,0.0,0.0,0.0,56.0,0.0,1.0,67.0,26.965694444444445,2.0,17933,17936.0,0.0,0,0.0010603045006742126,0.006273460770583569,none,-104.866,-0.0815,1,none,2.962,0.0259,0.99666,none,-13,-0.1193,1,none,-1.765,-0.0345,1,none,0,0,1,none,-2,-0.0042,1,none
f1aa8f86a9745c6c1623ce8aabbc305522053616,39103bd33a3365f4134958fe5e932678fcd12fb8,2026-08-04T16:25:00+02:00,ok,2.0,22.0,116.0,2.0,2.0,0.9993938680426389,0.0,1.0,71.0,0.0,0.0,0.0,0.0,0.0,0.0,1.0,67.0,0.0,0.0,0.0,0.0,0.0,0.0,0.0,0.0,0.0,0.0,0.0,0.0,0.0,0,0,0,0,0,0,0,0,0.0,0.0,0.0,0.0,0.0,0.0,0.0,0.0,0.0,0.0,0.0,0.0,0.0,0.0,0.0,0.0,0.0,0.0,0.0,0.0,0.0,0.0,0.0,0.0,0.0,0.0,0.0,0.0,0.0,0.0,0.0,0.0,0.0,0.0,0.0,0.0,0.0,0.0,0.0,0.0,0.0,0.0,0.0,0.0,0.0,0.0,0.0,0.0,0.0,0.0,1.0,0.0,0.0,0.0,0.0,0.0,0.0,0.0,0.0,0.0,0.0,0.0,0.0,0.0,0.0,0.0,60.0,0.0,1.0,298.0,6.9253125,5.0,-262,-265.0,0.0,0,-1.5474574181948743e-05,-9.211098922336185e-05,none,74.165,0.0588,1,none,-5.843,-0.0486,0.99666,none,5,0.051,1,none,-1.033,-0.0187,1,none,0,0,1,none,-1,-0.0021,1,none
792ea3a06c60079229f36819d8695af7d563832a,f1aa8f86a9745c6c1623ce8aabbc305522053616,2026-08-04T16:25:16+02:00,ok,32.0,5513.0,16.0,12.0,4.0,0.4373143138532833,0.0,26.0,2458.0,0.0,0.0,0.0,0.0,0.0,0.0,5.0,3066.0,0.0,0.0,0.0,0.0,1.0,5.0,0.0,0.0,0.0,0.0,0.0,0.0,0.0,0,0,0,0,0,0,0,0,24.0,2.0,0.0,0.0,0.0,0.0,0.0,0.0,0.0,0.0,0.0,0.0,3.0,0.0,0.0,0.0,0.0,0.0,63.0,0.0,39.0,0.0,0.0,0.0,0.0,0.0,0.0,0.0,0.0,0.0,0.0,0.0,0.0,0.0,0.0,0.0,0.0,0.0,0.0,0.0,0.0,0.0,0.0,0.0,1.0,0.0,0.0,0.0,0.0,0.0,1.0,0.0,0.0,0.0,0.0,0.0,0.0,0.0,0.0,0.0,0.0,0.0,0.0,0.0,0.0,0.0,34.0,0.0,1.0,299.0,74.19690509259259,22.0,6569,6570.0,0.0,0,0.00038799256051287074,0.002283867724777601,none,2.125,0.0015,1,none,-6.737,-0.0569,0.99666,none,-14.5,-0.1128,1,none,-0.888,-0.0153,1,none,0,0,1,none,-20,-0.0407,1,none
ab0255f21eb40b5408f3e9ed9725474108eda9e6,792ea3a06c60079229f36819d8695af7d563832a,2026-08-04T16:31:37+02:00,ok,2.0,46.0,10.0,2.0,2.0,0.863120568566631,0.0,1.0,16.0,0.0,0.0,0.0,0.0,0.0,0.0,1.0,40.0,0.0,0.0,0.0,0.0,0.0,0.0,0.0,0.0,0.0,0.0,0.0,0.0,0.0,0,0,0,0,0,0,0,0,0.0,0.0,0.0,0.0,0.0,0.0,0.0,0.0,0.0,0.0,0.0,0.0,0.0,0.0,0.0,0.0,0.0,0.0,0.0,0.0,0.0,0.0,0.0,0.0,0.0,0.0,0.0,0.0,0.0,0.0,0.0,0.0,0.0,0.0,0.0,0.0,0.0,0.0,0.0,0.0,0.0,0.0,0.0,0.0,0.0,0.0,0.0,0.0,0.0,0.0,0.0,1.0,0.0,0.0,0.0,0.0,0.0,0.0,0.0,0.0,0.0,0.0,0.0,0.0,0.0,0.0,70.0,0.0,1.0,0.0,22.667685185185185,6.0,-55,-54.0,0.0,0,-3.2472696661440728e-06,-1.8728741577702255e-05,none,-3.068,-0.0026,1,none,0.802,0.0068,0.99666,none,4,0.0412,1,none,-3.625,-0.0551,1,none,0,0,1,none,0,0,1,none
1da120e914e87ae2f308ff6eb41c365401e8f583,ab0255f21eb40b5408f3e9ed9725474108eda9e6,2026-08-04T19:39:21+02:00,ok,2.0,53.0,5.0,2.0,1.0,0.7973265101474423,0.0,1.0,14.0,0.0,0.0,0.0,0.0,0.0,0.0,1.0,44.0,0.0,0.0,0.0,0.0,0.0,0.0,0.0,0.0,0.0,0.0,0.0,0.0,0.0,0,0,0,0,0,0,0,0,0.0,0.0,0.0,0.0,0.0,0.0,0.0,0.0,0.0,0.0,0.0,0.0,0.0,0.0,0.0,0.0,0.0,0.0,0.0,0.0,0.0,0.0,0.0,0.0,0.0,0.0,0.0,0.0,0.0,0.0,0.0,0.0,0.0,0.0,0.0,0.0,0.0,0.0,0.0,0.0,0.0,0.0,0.0,0.0,0.0,0.0,0.0,0.0,0.0,0.0,0.0,1.0,0.0,0.0,0.0,0.0,0.0,0.0,0.0,0.0,0.0,0.0,0.0,0.0,0.0,0.0,61.0,0.0,1.0,300.0,0.1347800925925926,5.0,39,38.0,0.0,0,2.3026168768473705e-06,1.3179731653726829e-05,none,-71.849,-0.0511,1,none,-0.351,-0.003,0.99666,none,2,0.0187,1,none,-5.513,-0.0951,1,none,0,0,1,none,3,0.0064,1,none
c9c96f619cbceb335c5b5bf112be78465d8ab60e,1da120e914e87ae2f308ff6eb41c365401e8f583,2026-08-04T23:32:15+02:00,ok,4.0,95.0,23.0,4.0,2.0,0.8964629965288669,0.0,3.0,83.0,0.0,0.0,0.0,0.0,0.0,0.0,1.0,35.0,0.0,0.0,0.0,0.0,0.0,0.0,0.0,0.0,0.0,0.0,0.0,0.0,0.0,0,0,0,0,0,0,0,0,1.0,1.0,0.0,0.0,0.0,0.0,0.0,0.0,0.0,0.0,0.0,0.0,0.0,0.0,0.0,0.0,0.0,0.0,0.0,0.0,4.0,2.0,0.0,0.0,0.0,0.0,0.0,0.0,0.0,0.0,0.0,0.0,0.0,0.0,0.0,0.0,0.0,0.0,0.0,0.0,0.0,0.0,0.0,0.0,0.0,0.0,0.0,0.0,0.0,0.0,0.0,1.0,0.0,0.0,0.0,0.0,0.0,0.0,0.0,0.0,0.0,0.0,0.0,0.0,0.0,0.0,71.0,0.0,1.0,301.0,39.19221450617284,9.0,100,101.0,0.0,0,5.9041322431156345e-06,3.5029877711043744e-05,none,205.298,0.1741,1,none,4.062,0.0361,0.99666,none,14,0.14,1,none,-1.317,-0.0218,1,none,0,0,1,none,18,0.0382,1,none
46c42a6cb0bfc8c096ac4f232d427e10c2d943d1,c9c96f619cbceb335c5b5bf112be78465d8ab60e,2026-08-04T23:38:15+02:00,ok,1.0,2.0,14.0,1.0,1.0,0.0,0.0,1.0,16.0,0.0,0.0,0.0,0.0,0.0,0.0,0.0,0.0,0.0,0.0,0.0,0.0,0.0,0.0,0.0,0.0,0.0,0.0,0.0,0.0,0.0,0,0,0,0,0,0,0,0,0.0,0.0,0.0,0.0,0.0,0.0,0.0,0.0,0.0,0.0,0.0,0.0,0.0,0.0,0.0,0.0,0.0,0.0,0.0,0.0,0.0,1.0,0.0,0.0,0.0,0.0,0.0,0.0,0.0,0.0,0.0,0.0,0.0,0.0,0.0,0.0,0.0,0.0,0.0,0.0,0.0,0.0,0.0,0.0,0.0,0.0,0.0,0.0,0.0,0.0,0.0,1.0,0.0,0.0,0.0,0.0,0.0,0.0,0.0,0.0,0.0,0.0,0.0,0.0,0.0,0.0,75.0,0.0,1.0,0.0,0.1659027777777778,5.0,5,4.0,0.0,0,2.9520486922719497e-07,1.3872732935324625e-06,none,50.055,0.0391,1,none,-3.749,-0.0318,0.99666,none,-5,-0.0476,1,none,6.513,0.1274,1,none,0,0,1,none,-1,-0.0021,1,none
85270fcc8db26f98d119e2d2752b0c0139e86e16,46c42a6cb0bfc8c096ac4f232d427e10c2d943d1,2026-08-05T00:01:20+02:00,ok,24.0,645.0,563.0,11.0,5.0,0.8565356103657724,0.0,16.0,746.0,3.0,195.0,0.0,0.0,0.0,0.0,4.0,266.0,0.0,0.0,0.0,0.0,1.0,1.0,0.0,0.0,0.0,0.0,0.0,0.0,0.0,0,0,0,0,0,0,0,0,13.0,7.0,1.0,0.0,0.0,0.0,1.0,0.0,1.0,0.0,1.0,1.0,4.0,4.0,0.0,0.0,0.0,0.0,1.0,0.0,5.0,3.0,1.0,1.0,0.0,0.0,0.0,0.0,0.0,0.0,0.0,0.0,2.0,0.0,0.0,0.0,0.0,0.0,0.0,0.0,2.0,4.0,0.0,0.0,29.0,16.0,2.0,1.0,0.0,0.0,1.0,0.0,0.0,0.0,0.0,0.0,0.0,0.0,0.0,0.0,0.0,0.0,0.0,0.0,0.0,0.0,86.0,0.0,1.0,302.0,143.9641544117647,22.0,775,805.0,-30.0,0,4.5756741222602414e-05,0.0002791883630128482,none,9.413,0.0069,1,none,0.163,0.0014,1,none,-5,-0.0472,1,none,-1.519,-0.0275,1,none,0,0,1,none,-14,-0.0287,1,none
5e375b4331febad8dd7d1adf4e3d78df0fbeeb17,85270fcc8db26f98d119e2d2752b0c0139e86e16,2026-08-05T10:52:10+02:00,ok,2.0,50.0,2.0,2.0,2.0,0.1370994788998177,0.0,1.0,1.0,0.0,0.0,0.0,0.0,0.0,0.0,1.0,51.0,0.0,0.0,0.0,0.0,0.0,0.0,0.0,0.0,0.0,0.0,0.0,0.0,0.0,0,0,0,0,0,0,0,0,0.0,0.0,0.0,0.0,0.0,0.0,0.0,0.0,0.0,0.0,0.0,0.0,0.0,0.0,0.0,0.0,0.0,0.0,0.0,0.0,0.0,0.0,0.0,0.0,0.0,0.0,0.0,0.0,0.0,0.0,0.0,0.0,0.0,0.0,0.0,0.0,0.0,0.0,0.0,0.0,0.0,0.0,0.0,0.0,0.0,0.0,0.0,0.0,0.0,0.0,0.0,1.0,0.0,0.0,0.0,0.0,0.0,0.0,0.0,0.0,0.0,0.0,0.0,0.0,0.0,0.0,74.0,0.0,1.0,303.0,0.4519675925925926,6.0,3,3.0,0.0,0,1.7711476505431223e-07,1.0401631253157328e-06,none,-125.332,-0.0903,0.79924,none,0.281,0.0024,0.99666,none,-12,-0.1034,1,none,2.798,0.0489,1,none,0,0,1,none,-17,-0.0348,0.94566,none
e33a1c0e85a9fae8636deb9b9eb7079825de8337,5e375b4331febad8dd7d1adf4e3d78df0fbeeb17,2026-08-05T14:20:18+02:00,ok,4.0,111.0,34.0,2.0,1.0,0.7089391743056265,0.0,2.0,52.0,1.0,14.0,0.0,0.0,0.0,0.0,1.0,79.0,0.0,0.0,0.0,0.0,0.0,0.0,0.0,0.0,0.0,0.0,0.0,0.0,0.0,0,0,0,0,0,0,0,0,0.0,1.0,0.0,0.0,0.0,0.0,0.0,0.0,0.0,0.0,0.0,0.0,0.0,0.0,0.0,0.0,0.0,0.0,0.0,0.0,4.0,5.0,0.0,0.0,0.0,0.0,0.0,0.0,0.0,0.0,0.0,0.0,0.0,0.0,0.0,0.0,0.0,0.0,0.0,0.0,0.0,0.0,0.0,0.0,2.0,0.0,0.0,0.0,0.0,0.0,1.0,0.0,0.0,0.0,0.0,0.0,0.0,0.0,0.0,0.0,0.0,0.0,0.0,0.0,0.0,0.0,63.0,0.0,1.0,304.0,0.5965046296296296,8.0,-19,-48.0,29.0,0,-1.121726646669626e-06,-1.6642592694040495e-05,none,-39.246,-0.0278,1,none,13.402,0.1303,0.99666,none,0,0,1,none,-20.724,-0.3879,1,none,0,0,1,none,-13,-0.0267,1,none
74789584bed7de19e91e35a3c0e708aeadcddf8b,e33a1c0e85a9fae8636deb9b9eb7079825de8337,2026-08-05T18:28:52+02:00,ok,5.0,74.0,15.0,4.0,1.0,0.7418950300229726,0.0,3.0,41.0,2.0,48.0,0.0,0.0,0.0,0.0,0.0,0.0,0.0,0.0,0.0,0.0,0.0,0.0,0.0,0.0,0.0,0.0,0.0,0.0,0.0,0,0,0,0,0,0,0,0,2.0,0.0,0.0,0.0,0.0,0.0,0.0,0.0,0.0,0.0,0.0,0.0,1.0,0.0,0.0,0.0,0.0,0.0,0.0,0.0,0.0,0.0,0.0,0.0,0.0,0.0,0.0,0.0,0.0,0.0,0.0,0.0,0.0,0.0,0.0,0.0,0.0,0.0,0.0,0.0,0.0,0.0,0.0,0.0,11.0,5.0,1.0,0.0,0.0,0.0,1.0,0.0,0.0,0.0,0.0,0.0,0.0,0.0,0.0,0.0,0.0,0.0,0.0,0.0,0.0,0.0,77.0,0.0,1.0,305.0,4.223122685185185,7.0,222,99.0,124.0,0,1.3106504994582055e-05,3.4325918703742354e-05,none,-26.684,-0.0195,1,none,-2.808,-0.0238,0.99666,none,1,0.0097,1,none,-5.72,-0.0904,0.95617,none,0,0,1,none,-2,-0.0042,1,none
1e22618ab2adee8e1947a218aa23dbacd6095c17,74789584bed7de19e91e35a3c0e708aeadcddf8b,2026-08-05T20:00:18+02:00,ok,4.0,47.0,6.0,3.0,1.0,0.8117456498842371,0.0,2.0,9.0,2.0,44.0,0.0,0.0,0.0,0.0,0.0,0.0,0.0,0.0,0.0,0.0,0.0,0.0,0.0,0.0,0.0,0.0,0.0,0.0,0.0,0,0,0,0,0,0,0,0,0.0,0.0,0.0,0.0,0.0,0.0,0.0,0.0,0.0,0.0,0.0,0.0,0.0,0.0,0.0,0.0,0.0,0.0,0.0,0.0,0.0,0.0,0.0,0.0,0.0,0.0,0.0,0.0,0.0,0.0,0.0,0.0,0.0,0.0,0.0,0.0,0.0,0.0,0.0,0.0,0.0,0.0,0.0,0.0,6.0,3.0,0.0,1.0,0.0,0.0,0.0,1.0,0.0,0.0,0.0,0.0,0.0,0.0,0.0,0.0,0.0,0.0,0.0,0.0,0.0,0.0,77.0,0.0,1.0,306.0,0.06349537037037037,6.0,237,82.0,152.0,0,1.3991896271519772e-05,2.843059312111398e-05,none,-10.593,-0.0076,1,none,-3.161,-0.0272,0.99666,none,1,0.0086,1,none,9.071,0.1679,1,none,0,0.0498,1,none,-11,-0.0226,1,none
e4ab626739f5f163c5eca56190f615643218b61c,1e22618ab2adee8e1947a218aa23dbacd6095c17,2026-08-05T20:10:18+02:00,ok,4.0,46.0,25.0,3.0,1.0,0.4827573584869152,0.0,3.0,58.0,0.0,0.0,0.0,0.0,0.0,0.0,1.0,13.0,0.0,0.0,0.0,0.0,0.0,0.0,0.0,0.0,0.0,0.0,0.0,0.0,0.0,0,0,0,0,0,0,0,0,0.0,0.0,0.0,0.0,0.0,0.0,0.0,0.0,0.0,0.0,0.0,0.0,0.0,0.0,0.0,0.0,0.0,0.0,0.0,0.0,0.0,0.0,0.0,0.0,0.0,0.0,0.0,0.0,0.0,0.0,0.0,0.0,0.0,0.0,0.0,0.0,0.0,0.0,0.0,0.0,0.0,0.0,0.0,0.0,0.0,0.0,0.0,0.0,0.0,0.0,1.0,0.0,0.0,0.0,0.0,0.0,0.0,0.0,0.0,0.0,0.0,0.0,0.0,0.0,0.0,0.0,57.0,0.0,1.0,307.0,0.30564814814814817,7.0,22,22.0,0.0,0,1.298807641452107e-06,7.627503251223261e-06,none,29.249,0.0211,1,none,-5.924,-0.0511,0.99666,none,-4,-0.0377,1,none,-2.759,-0.0469,1,none,0,0,1,none,-2,-0.0041,1,none
219571a7187651c79648de08c9a98a3b2f7f607a,e4ab626739f5f163c5eca56190f615643218b61c,2026-08-06T22:01:48+02:00,ok,8.0,237.0,99.0,4.0,2.0,0.8535248714210114,0.0,5.0,225.0,3.0,111.0,0.0,0.0,0.0,0.0,0.0,0.0,0.0,0.0,0.0,0.0,0.0,0.0,0.0,0.0,0.0,0.0,0.0,0.0,0.0,0,0,0,0,0,0,0,0,4.0,1.0,0.0,0.0,0.0,0.0,1.0,0.0,0.0,0.0,1.0,0.0,3.0,2.0,0.0,0.0,0.0,0.0,0.0,0.0,0.0,0.0,0.0,0.0,0.0,0.0,0.0,0.0,0.0,0.0,0.0,0.0,0.0,0.0,0.0,0.0,0.0,0.0,0.0,0.0,0.0,0.0,0.0,0.0,14.0,8.0,2.0,2.0,1.0,0.0,0.0,1.0,0.0,0.0,0.0,0.0,0.0,0.0,0.0,0.0,0.0,0.0,0.0,0.0,0.0,0.0,54.0,0.0,1.0,308.0,6.662123842592593,14.0,127,134.0,-3.0,0,7.497652555828731e-06,4.6458074534699845e-05,none,5.397,0.0039,1,none,6.523,0.0585,0.99666,none,6,0.0583,1,none,2.446,0.0421,1,none,0,0,1,none,13,0.0275,1,none
ea74787447db38be580ceb11f53928b1a291f88f,219571a7187651c79648de08c9a98a3b2f7f607a,2026-08-07T12:53:21+02:00,ok,1.0,1.0,48.0,1.0,1.0,0.0,0.0,1.0,49.0,0.0,0.0,0.0,0.0,0.0,0.0,0.0,0.0,0.0,0.0,0.0,0.0,0.0,0.0,0.0,0.0,0.0,0.0,0.0,0.0,0.0,0,0,0,0,0,0,0,0,0.0,0.0,0.0,0.0,0.0,0.0,0.0,1.0,0.0,0.0,0.0,1.0,0.0,1.0,0.0,0.0,0.0,0.0,0.0,0.0,0.0,0.0,0.0,0.0,0.0,0.0,0.0,0.0,0.0,0.0,0.0,0.0,0.0,0.0,0.0,0.0,0.0,0.0,0.0,0.0,0.0,0.0,0.0,0.0,0.0,0.0,0.0,0.0,0.0,0.0,0.0,1.0,0.0,0.0,0.0,0.0,0.0,0.0,0.0,0.0,0.0,0.0,0.0,0.0,0.0,0.0,51.0,0.0,1.0,309.0,0.6191319444444444,7.0,31,32.0,0.0,0,1.8301219416153317e-06,1.109395015696206e-05,none,6.434,0.0047,1,none,-2.544,-0.0213,0.99666,none,-11,-0.1019,1,none,-1.691,-0.0274,1,none,0,0,1,none,17,0.036,1,none
4872083c044491b6d5c96ae134a75464f96d6831,ea74787447db38be580ceb11f53928b1a291f88f,2026-08-07T14:07:53+02:00,ok,6.0,294.0,17.0,3.0,1.0,0.7643500445947227,0.0,5.0,176.0,0.0,0.0,0.0,0.0,0.0,0.0,1.0,135.0,0.0,0.0,0.0,0.0,0.0,0.0,0.0,0.0,0.0,0.0,0.0,0.0,0.0,0,0,0,0,0,0,0,0,6.0,2.0,0.0,0.0,0.0,0.0,0.0,0.0,0.0,0.0,0.0,0.0,0.0,0.0,0.0,0.0,0.0,0.0,0.0,0.0,3.0,0.0,0.0,0.0,0.0,0.0,0.0,1.0,0.0,0.0,0.0,0.0,0.0,0.0,0.0,0.0,0.0,0.0,0.0,0.0,1.0,0.0,0.0,0.0,0.0,0.0,0.0,0.0,0.0,0.0,1.0,0.0,0.0,0.0,0.0,0.0,0.0,0.0,0.0,0.0,0.0,0.0,0.0,0.0,0.0,0.0,61.0,0.0,1.0,310.0,6.160523148148148,9.0,626,627.0,0.0,0,3.695658834723348e-05,0.00021736967439964195,none,74.502,0.0566,1,none,-0.782,-0.0067,0.99666,none,-8,-0.0777,1,none,-4.973,-0.0759,1,none,0,0,1,none,-3,-0.0064,1,none
cf212b2f3354c09bd6f960b53a9cfb0a3ecbfa58,4872083c044491b6d5c96ae134a75464f96d6831,2026-08-08T23:17:26+02:00,ok,11.0,234.0,47.0,5.0,2.0,0.813748082662247,0.0,7.0,171.0,1.0,10.0,0.0,0.0,0.0,0.0,3.0,100.0,0.0,0.0,0.0,0.0,0.0,0.0,0.0,0.0,0.0,0.0,0.0,0.0,0.0,0,0,0,0,0,0,0,0,5.0,4.0,0.0,0.0,0.0,0.0,1.0,0.0,0.0,0.0,0.0,0.0,0.0,0.0,0.0,0.0,0.0,0.0,0.0,0.0,2.0,0.0,0.0,0.0,0.0,0.0,2.0,0.0,0.0,0.0,0.0,0.0,0.0,0.0,0.0,0.0,0.0,0.0,0.0,0.0,1.0,0.0,0.0,0.0,2.0,2.0,1.0,1.0,0.0,0.0,1.0,0.0,0.0,0.0,0.0,0.0,0.0,0.0,0.0,0.0,0.0,0.0,0.0,0.0,0.0,0.0,56.0,0.0,1.0,311.0,6.472264178240741,15.0,682,660.0,19.0,0,4.026112111637359e-05,0.00022876045799230117,none,-259.871,-0.1812,1,none,0.28,0.0024,1,none,2,0.0211,1,none,-12.074,-0.1846,0.95617,none,0,0.0498,1,none,-16,-0.0327,1,none
c5a50d223feb5fceaebc916ad75f2dcecb399467,cf212b2f3354c09bd6f960b53a9cfb0a3ecbfa58,2026-08-10T13:09:43+02:00,ok,4.0,715.0,60.0,2.0,1.0,0.618839824045064,0.0,2.0,351.0,0.0,0.0,0.0,0.0,0.0,0.0,2.0,424.0,0.0,0.0,0.0,0.0,0.0,0.0,0.0,0.0,0.0,0.0,0.0,0.0,0.0,0,0,0,0,0,0,0,0,3.0,3.0,0.0,0.0,0.0,0.0,0.0,0.0,0.0,0.0,0.0,0.0,0.0,0.0,0.0,0.0,0.0,0.0,4.0,2.0,6.0,3.0,0.0,0.0,0.0,0.0,0.0,0.0,0.0,0.0,0.0,0.0,0.0,0.0,0.0,0.0,0.0,0.0,0.0,0.0,0.0,0.0,0.0,0.0,0.0,0.0,0.0,0.0,0.0,0.0,0.0,1.0,0.0,0.0,0.0,0.0,0.0,0.0,0.0,0.0,0.0,0.0,0.0,0.0,0.0,0.0,85.0,0.0,1.0,0.0,154.7266666666667,4.0,657,658.0,0.0,0,3.8783712092389535e-05,0.00022801508364826906,none,31.299,0.0225,1,none,-1.025,-0.0087,0.99666,none,-9,-0.0804,1,none,-3.421,-0.0578,1,none,0,0,1,none,13,0.0275,1,none
abeeaeba217ab3b5193b78c8d8d63c373b518ced,c5a50d223feb5fceaebc916ad75f2dcecb399467,2026-08-11T15:59:35+02:00,ok,22.0,2043.0,253.0,9.0,3.0,0.7543291903781668,0.0,14.0,1129.0,1.0,296.0,0.0,0.0,0.0,0.0,6.0,867.0,0.0,0.0,0.0,0.0,1.0,4.0,0.0,0.0,0.0,0.0,0.0,0.0,0.0,0,0,0,0,0,0,0,0,21.0,5.0,0.0,0.0,0.0,0.0,1.0,0.0,3.0,0.0,1.0,0.0,16.0,3.0,5.0,0.0,1.0,0.0,3.0,0.0,6.0,2.0,5.0,0.0,2.0,0.0,14.0,0.0,0.0,0.0,0.0,0.0,0.0,0.0,0.0,0.0,0.0,0.0,1.0,1.0,0.0,0.0,0.0,0.0,22.0,28.0,29.0,11.0,3.0,3.0,1.0,0.0,0.0,0.0,0.0,0.0,0.0,0.0,0.0,0.0,0.0,0.0,0.0,0.0,0.0,0.0,50.0,0.0,1.0,312.0,71.29986805555556,17.0,5017,4681.0,336.0,0,0.00029614967641943766,0.0016217253688983492,none,28.095,0.0203,1,none,-2.631,-0.0219,0.99666,none,-14,-0.1167,1,none,0.523,0.0085,1,none,0,-0.0474,1,none,-17,-0.0348,1,none
884225b1c7ba08d2cd506e487f5f699a52bd821b,abeeaeba217ab3b5193b78c8d8d63c373b518ced,2026-08-16T13:20:15Z,ok,3.0,6.0,2.0,2.0,2.0,0.9463946303571862,0.0,2.0,6.0,0.0,0.0,0.0,0.0,0.0,0.0,0.0,0.0,0.0,0.0,0.0,0.0,1.0,2.0,0.0,0.0,0.0,0.0,0.0,0.0,0.0,0,0,0,0,0,0,0,0,1.0,0.0,0.0,0.0,0.0,0.0,0.0,0.0,0.0,0.0,0.0,0.0,0.0,0.0,0.0,0.0,0.0,0.0,0.0,0.0,0.0,0.0,0.0,0.0,0.0,0.0,0.0,0.0,0.0,0.0,0.0,0.0,0.0,0.0,0.0,0.0,0.0,0.0,0.0,0.0,0.0,0.0,0.0,0.0,0.0,0.0,0.0,0.0,0.0,0.0,0.0,1.0,0.0,0.0,0.0,0.0,0.0,0.0,0.0,0.0,0.0,0.0,0.0,0.0,0.0,0.0,69.0,0.0,1.0,0.0,90.90922067901234,11.0,35,34.0,0.0,0,2.0654115848935798e-06,1.176017679004591e-05,none,199.044,0.1686,1,none,0.485,0.0041,0.99666,none,-11,-0.1068,1,none,0.011,0.0002,1,none,0,0,1,none,-2,-0.0042,1,none
e160ff7ba0641fba729c528482de5277ffb19c58,884225b1c7ba08d2cd506e487f5f699a52bd821b,2026-08-16T17:30:01+02:00,ok,57.0,892.0,332.0,1.0,1.0,0.8799736933030764,0.0,0.0,0.0,0.0,0.0,0.0,0.0,0.0,0.0,0.0,0.0,0.0,0.0,0.0,0.0,57.0,1224.0,0.0,0.0,0.0,0.0,0.0,0.0,0.0,0,0,0,0,0,0,0,0,0.0,0.0,0.0,0.0,0.0,0.0,0.0,0.0,0.0,0.0,0.0,0.0,0.0,0.0,0.0,0.0,0.0,0.0,0.0,0.0,0.0,0.0,0.0,0.0,0.0,0.0,0.0,0.0,0.0,0.0,0.0,0.0,0.0,0.0,0.0,0.0,0.0,0.0,0.0,0.0,0.0,0.0,0.0,0.0,0.0,0.0,0.0,0.0,0.0,0.0,0.0,0.0,0.0,0.0,1.0,0.0,0.0,0.0,0.0,0.0,0.0,0.0,0.0,0.0,0.0,0.0,56.0,0.0,1.0,68.0,12.820775462962963,2.0,7655,7655.0,0.0,0,0.00045173408647919454,0.0026477380776556846,none,-81.753,-0.0575,1,none,3.027,0.0258,0.99666,none,7,0.0619,1,none,8.451,0.1349,0.95617,none,0,0,1,none,1,0.002,1,none
4a6f4e7a32ce3d3360d4d209d14105acc144d8c7,e160ff7ba0641fba729c528482de5277ffb19c58,2026-08-25T16:08:37+02:00,ok,7.0,182.0,83.0,5.0,2.0,0.6040436827925436,0.0,6.0,239.0,1.0,26.0,0.0,0.0,0.0,0.0,0.0,0.0,0.0,0.0,0.0,0.0,0.0,0.0,0.0,0.0,0.0,0.0,0.0,0.0,0.0,0,0,0,0,0,0,0,0,2.0,0.0,0.0,0.0,0.0,0.0,0.0,0.0,0.0,0.0,0.0,0.0,2.0,0.0,0.0,0.0,0.0,0.0,0.0,0.0,0.0,0.0,0.0,0.0,0.0,0.0,0.0,0.0,0.0,0.0,0.0,0.0,1.0,1.0,0.0,0.0,0.0,0.0,0.0,0.0,0.0,1.0,0.0,0.0,10.0,7.0,0.0,3.0,0.0,0.0,1.0,0.0,0.0,0.0,0.0,0.0,0.0,0.0,0.0,0.0,0.0,0.0,0.0,0.0,0.0,0.0,33.0,0.0,1.0,313.0,115.18828869047618,11.0,385,309.0,76.0,0,2.2709221979105747e-05,0.00010659575921363377,none,-91.321,-0.0638,1,none,-0.785,-0.0066,0.99666,none,-4,-0.0364,1,none,3.654,0.0587,1,none,0,0,1,none,-17,-0.0348,1,none
e1bb9ff8f8931e783c11d104abb8967ac6605c9a,4a6f4e7a32ce3d3360d4d209d14105acc144d8c7,2026-08-26T15:33:04+02:00,ok,22.0,618.0,255.0,11.0,3.0,0.7537276093354266,0.0,19.0,690.0,0.0,0.0,0.0,0.0,0.0,0.0,2.0,180.0,1.0,3.0,0.0,0.0,0.0,0.0,0.0,0.0,0.0,0.0,0.0,0.0,0.0,0,0,0,0,0,0,0,0,3.0,3.0,0.0,0.0,0.0,0.0,0.0,0.0,1.0,0.0,0.0,1.0,35.0,35.0,8.0,8.0,3.0,3.0,0.0,0.0,0.0,0.0,4.0,4.0,4.0,4.0,3.0,3.0,0.0,0.0,0.0,0.0,3.0,3.0,0.0,0.0,0.0,0.0,0.0,0.0,0.0,0.0,0.0,0.0,3.0,2.0,0.0,0.0,0.0,0.0,1.0,0.0,0.0,0.0,0.0,0.0,0.0,0.0,0.0,0.0,0.0,0.0,0.0,0.0,0.0,0.0,75.0,0.0,1.0,84.0,80.47223927875244,25.0,879,881.0,0.0,0,5.1846630706299746e-05,0.00030388626030531426,none,-187.928,-0.1335,1,none,2.846,0.0251,0.99666,none,-7,-0.0598,1,none,-1.787,-0.0275,1,none,0,0,1,none,-17,-0.0348,1,none
214cd6e6e8ac3ad6b68486aa7aa7241abdf9445f,e1bb9ff8f8931e783c11d104abb8967ac6605c9a,2026-09-03T17:21:13+02:00,ok,26.0,1290.0,205.0,14.0,3.0,0.7184230048262681,0.0,16.0,898.0,0.0,0.0,0.0,0.0,0.0,0.0,10.0,597.0,0.0,0.0,0.0,0.0,0.0,0.0,0.0,0.0,0.0,0.0,0.0,0.0,0.0,0,0,0,0,0,0,0,0,7.0,5.0,0.0,0.0,0.0,0.0,0.0,0.0,0.0,0.0,0.0,0.0,0.0,0.0,0.0,0.0,0.0,0.0,3.0,1.0,3.0,0.0,0.0,0.0,0.0,0.0,0.0,0.0,0.0,0.0,0.0,0.0,0.0,0.0,0.0,0.0,0.0,0.0,0.0,0.0,0.0,0.0,0.0,0.0,1.0,0.0,0.0,0.0,0.0,0.0,1.0,0.0,0.0,0.0,0.0,0.0,0.0,0.0,0.0,0.0,0.0,0.0,0.0,0.0,0.0,0.0,74.0,0.0,1.0,10.0,44.6748900462963,16.0,1752,1750.0,0.0,0,0.00010333400197667566,0.0006034499405515602,improvement,-87.032,-0.0614,0.00392,improvement,-0.644,-0.0055,0.99666,none,-15,-0.1266,0.55357,none,3.497,0.056,1,none,0,0,0.29173,none,-16,-0.0328,0.50695,none
f1a79b73df5b9883f940417861a4f5fb879a3f02,214cd6e6e8ac3ad6b68486aa7aa7241abdf9445f,2026-09-07T11:52:22+02:00,ok,10.0,157.0,85.0,7.0,3.0,0.5433195437140111,0.0,8.0,237.0,2.0,5.0,0.0,0.0,0.0,0.0,0.0,0.0,0.0,0.0,0.0,0.0,0.0,0.0,0.0,0.0,0.0,0.0,0.0,0.0,0.0,0,0,0,0,0,0,0,0,3.0,1.0,0.0,0.0,0.0,0.0,0.0,0.0,0.0,0.0,0.0,0.0,0.0,0.0,0.0,0.0,0.0,0.0,0.0,0.0,0.0,0.0,1.0,1.0,0.0,0.0,0.0,0.0,0.0,0.0,0.0,0.0,0.0,0.0,0.0,0.0,0.0,0.0,0.0,0.0,0.0,0.0,0.0,0.0,0.0,0.0,0.0,1.0,0.0,0.0,0.0,0.0,1.0,0.0,0.0,0.0,0.0,0.0,0.0,0.0,0.0,0.0,0.0,0.0,0.0,0.0,88.0,1.0,1.0,314.0,152.1290185185185,16.0,251,253.0,-2.0,0,1.4802599666758686e-05,8.71890057765301e-05,none,-46.796,-0.0339,1,none,-2.45,-0.0206,1,none,-2,-0.0208,1,none,-4.887,-0.0715,0.95617,none,0,0,1,none,2,0.0041,1,none
2b1c2a9fbf62417168cdae041d00f38cc403f0a5,f1a79b73df5b9883f940417861a4f5fb879a3f02,2026-09-07T17:28:20+02:00,ok,2.0,45.0,9.0,1.0,1.0,0.964078764808229,0.0,1.0,21.0,0.0,0.0,0.0,0.0,0.0,0.0,1.0,33.0,0.0,0.0,0.0,0.0,0.0,0.0,0.0,0.0,0.0,0.0,0.0,0.0,0.0,0,0,0,0,0,0,0,0,2.0,1.0,0.0,0.0,0.0,0.0,0.0,0.0,1.0,0.0,0.0,0.0,1.0,1.0,0.0,0.0,0.0,0.0,0.0,0.0,0.0,0.0,0.0,0.0,0.0,0.0,0.0,0.0,0.0,0.0,0.0,0.0,0.0,0.0,0.0,0.0,0.0,0.0,0.0,0.0,0.0,0.0,0.0,0.0,0.0,0.0,0.0,0.0,0.0,0.0,0.0,1.0,0.0,0.0,0.0,0.0,0.0,0.0,0.0,0.0,0.0,0.0,0.0,0.0,0.0,0.0,62.0,0.0,1.0,315.0,39.31988425925926,5.0,-20,-20.0,0.0,0,-1.1794725540275096e-06,-6.891810633719217e-06,none,-52.219,-0.0361,1,none,-6.254,-0.052,0.99666,none,-12,-0.0992,1,none,-5.552,-0.0807,1,none,0,0,1,none,1,0.0021,1,none
0361bdd9cb832450f1232dd28931199a73b64b1d,2b1c2a9fbf62417168cdae041d00f38cc403f0a5,2026-09-07T22:32:05+02:00,ok,7.0,204.0,204.0,1.0,1.0,0.6308972384484232,0.0,0.0,0.0,0.0,0.0,0.0,0.0,0.0,0.0,0.0,0.0,0.0,0.0,0.0,0.0,7.0,408.0,0.0,0.0,0.0,0.0,0.0,0.0,0.0,0,0,0,0,0,0,0,0,0.0,0.0,0.0,0.0,0.0,0.0,0.0,0.0,0.0,0.0,0.0,0.0,0.0,0.0,0.0,0.0,0.0,0.0,0.0,0.0,0.0,0.0,0.0,0.0,0.0,0.0,0.0,0.0,0.0,0.0,0.0,0.0,0.0,0.0,0.0,0.0,0.0,0.0,0.0,0.0,0.0,0.0,0.0,0.0,0.0,0.0,0.0,0.0,0.0,0.0,0.0,0.0,0.0,0.0,1.0,0.0,0.0,0.0,0.0,0.0,0.0,0.0,0.0,0.0,0.0,0.0,56.0,0.0,1.0,69.0,22.20976851851852,2.0,2407,2406.0,0.0,0,0.00014194968930297336,0.0008290905331713747,none,-34.549,-0.0243,1,none,-21.949,-0.1906,0.99666,none,0,0,1,none,-1.68,-0.0254,1,none,0,0,1,none,-18,-0.0367,1,none
854d00c31b7105290396fe34294fc2a0331ea469,0361bdd9cb832450f1232dd28931199a73b64b1d,2026-09-08T15:26:14+02:00,ok,34.0,1101.0,31.0,17.0,5.0,0.7384289209277384,0.0,11.0,97.0,0.0,0.0,0.0,0.0,0.0,0.0,21.0,1022.0,2.0,13.0,0.0,0.0,0.0,0.0,0.0,0.0,0.0,0.0,0.0,0.0,0.0,0,0,0,0,0,0,0,0,0.0,0.0,0.0,0.0,0.0,0.0,0.0,0.0,0.0,0.0,0.0,0.0,0.0,0.0,0.0,0.0,0.0,0.0,0.0,0.0,0.0,0.0,0.0,0.0,0.0,0.0,0.0,0.0,0.0,0.0,0.0,0.0,1.0,1.0,0.0,0.0,0.0,0.0,0.0,0.0,0.0,0.0,0.0,0.0,0.0,0.0,0.0,0.0,0.0,0.0,1.0,0.0,0.0,0.0,0.0,0.0,0.0,0.0,0.0,0.0,0.0,0.0,0.0,0.0,0.0,0.0,56.0,0.0,1.0,316.0,35.372767255892256,13.0,154,154.0,0.0,0,9.080660381002103e-06,5.302334645489004e-05,none,8.437,0.0064,1,none,-2.26,-0.0195,0.99666,none,14,0.1333,1,none,-9.64,-0.1545,1,none,0,0,1,none,16,0.034,1,none
6574de60b3fae9a645023ef2743d8213f6df1bda,854d00c31b7105290396fe34294fc2a0331ea469,2026-09-09T14:39:59+02:00,ok,6.0,478.0,48.0,3.0,2.0,0.6901146377321621,0.0,5.0,250.0,0.0,0.0,0.0,0.0,0.0,0.0,1.0,276.0,0.0,0.0,0.0,0.0,0.0,0.0,0.0,0.0,0.0,0.0,0.0,0.0,0.0,0,0,0,0,0,0,0,0,2.0,2.0,0.0,0.0,0.0,0.0,0.0,0.0,0.0,0.0,0.0,0.0,0.0,0.0,0.0,0.0,0.0,0.0,0.0,0.0,0.0,0.0,0.0,0.0,0.0,0.0,0.0,0.0,0.0,0.0,0.0,0.0,0.0,0.0,0.0,0.0,0.0,0.0,0.0,0.0,0.0,0.0,0.0,0.0,1.0,0.0,0.0,0.0,0.0,0.0,1.0,0.0,0.0,0.0,0.0,0.0,0.0,0.0,0.0,0.0,0.0,0.0,0.0,0.0,0.0,0.0,83.0,0.0,1.0,317.0,22.217949074074074,11.0,343,344.0,0.0,0,2.0224923556569906e-05,0.00011843548106667677,none,15.048,0.0114,1,none,-27.016,-0.2274,0.99666,none,5,0.0463,1,none,6.273,0.1029,1,none,0,0,1,none,6,0.0127,1,none
afa3a653fc5d2b742adcbd5a6063187b056d2419,6574de60b3fae9a645023ef2743d8213f6df1bda,2026-09-10T16:45:37+02:00,ok,84.0,7862.0,423.0,26.0,5.0,0.7502987812139199,0.0,51.0,3706.0,0.0,0.0,0.0,0.0,0.0,0.0,30.0,4534.0,2.0,40.0,0.0,0.0,1.0,5.0,0.0,0.0,0.0,0.0,0.0,0.0,0.0,0,0,0,0,0,0,0,0,48.0,9.0,0.0,0.0,0.0,0.0,0.0,0.0,0.0,0.0,0.0,0.0,10.0,2.0,0.0,0.0,0.0,0.0,17.0,1.0,25.0,7.0,0.0,0.0,0.0,0.0,5.0,0.0,0.0,0.0,0.0,0.0,0.0,0.0,0.0,0.0,0.0,0.0,0.0,0.0,0.0,0.0,0.0,0.0,20.0,1.0,0.0,0.0,0.0,0.0,1.0,0.0,0.0,0.0,0.0,0.0,0.0,0.0,0.0,0.0,0.0,0.0,0.0,0.0,0.0,0.0,35.0,0.0,1.0,318.0,65.19756087105624,21.0,7579,7579.0,0.0,0,0.00044688511815361856,0.0026090587594182063,none,2.384,0.0017,1,none,-3.177,-0.0271,0.99666,none,8,0.0792,1,none,-7.905,-0.113,1,none,0,0,1,none,0,0,1,none
4e758db17e10715aafcdfb98e6741b292631c300,afa3a653fc5d2b742adcbd5a6063187b056d2419,2026-09-14T16:17:41+02:00,ok,14.0,842.0,127.0,7.0,2.0,0.7394529702892112,0.0,6.0,423.0,0.0,0.0,0.0,0.0,0.0,0.0,6.0,536.0,1.0,5.0,0.0,0.0,1.0,5.0,0.0,0.0,0.0,0.0,0.0,0.0,0.0,0,0,0,0,0,0,0,0,10.0,1.0,0.0,0.0,0.0,0.0,0.0,0.0,0.0,0.0,0.0,0.0,1.0,1.0,0.0,0.0,0.0,0.0,0.0,0.0,0.0,0.0,0.0,0.0,0.0,0.0,0.0,0.0,0.0,0.0,0.0,0.0,0.0,0.0,0.0,0.0,0.0,0.0,0.0,0.0,0.0,0.0,0.0,0.0,0.0,0.0,0.0,0.0,0.0,0.0,1.0,0.0,0.0,0.0,0.0,0.0,0.0,0.0,0.0,0.0,0.0,0.0,0.0,0.0,0.0,0.0,80.0,0.0,1.0,319.0,19.762895447530862,14.0,316,316.0,0.0,0,1.8624174473152458e-05,0.00010849941870406371,none,36.199,0.0263,1,none,0.397,0.0034,0.99666,none,-1,-0.0101,1,none,4.804,0.0751,1,none,0,0,1,none,1,0.0021,1,none
a9186480121afc16ccdec789fc533e6a9ee68c10,4e758db17e10715aafcdfb98e6741b292631c300,2026-09-15T14:12:53+02:00,ok,10.0,2027.0,170.0,6.0,2.0,0.634481993763941,0.0,8.0,809.0,0.0,0.0,0.0,0.0,0.0,0.0,2.0,1388.0,0.0,0.0,0.0,0.0,0.0,0.0,0.0,0.0,0.0,0.0,0.0,0.0,0.0,0,0,0,0,0,0,0,0,6.0,2.0,0.0,0.0,0.0,0.0,0.0,0.0,0.0,0.0,0.0,0.0,0.0,0.0,0.0,0.0,0.0,0.0,5.0,0.0,2.0,1.0,6.0,2.0,0.0,0.0,0.0,0.0,0.0,0.0,0.0,0.0,0.0,0.0,0.0,0.0,0.0,0.0,0.0,0.0,0.0,0.0,0.0,0.0,4.0,2.0,0.0,0.0,0.0,0.0,1.0,0.0,0.0,0.0,0.0,0.0,0.0,0.0,0.0,0.0,0.0,0.0,0.0,0.0,0.0,0.0,96.0,0.0,1.0,320.0,24.31894841269841,11.0,1158,1157.0,0.0,0,6.824807716346846e-05,0.0003972158499080258,none,9.487,0.0071,1,none,-0.222,-0.0019,0.99666,none,-5,-0.0481,1,none,-4.832,-0.066,1,none,0,0,1,none,-2,-0.0042,1,none
c0ad61c6743aef7623e641cd1460d757cc6cacf3,a9186480121afc16ccdec789fc533e6a9ee68c10,2026-09-16T19:50:39+02:00,ok,8.0,693.0,216.0,4.0,1.0,0.7414221054439177,0.0,5.0,554.0,0.0,0.0,0.0,0.0,0.0,0.0,2.0,353.0,1.0,2.0,0.0,0.0,0.0,0.0,0.0,0.0,0.0,0.0,0.0,0.0,0.0,0,0,0,0,0,0,0,0,6.0,0.0,0.0,0.0,0.0,0.0,0.0,0.0,0.0,0.0,0.0,0.0,5.0,5.0,1.0,1.0,0.0,0.0,0.0,0.0,0.0,0.0,2.0,2.0,0.0,0.0,0.0,0.0,0.0,0.0,0.0,0.0,0.0,0.0,0.0,0.0,0.0,0.0,0.0,0.0,0.0,0.0,0.0,0.0,0.0,0.0,0.0,0.0,0.0,0.0,1.0,0.0,0.0,0.0,0.0,0.0,0.0,0.0,0.0,0.0,0.0,0.0,0.0,0.0,0.0,0.0,47.0,0.0,1.0,321.0,2.686377314814815,9.0,234,235.0,0.0,0,1.3790121075495079e-05,8.06470709155433e-05,none,112.493,0.0835,1,none,4.592,0.0406,0.99666,none,-17,-0.1518,1,none,-30.003,-0.444,1,none,0,0.01,1,none,-1,-0.002,1,none
14e1c614d477f8e53f71e2f31b2c74b9e597e59b,c0ad61c6743aef7623e641cd1460d757cc6cacf3,2026-09-19T10:00:47+02:00,ok,6.0,1118.0,38.0,5.0,2.0,0.5282962005664426,0.0,4.0,332.0,0.0,0.0,0.0,0.0,0.0,0.0,1.0,816.0,1.0,8.0,0.0,0.0,0.0,0.0,0.0,0.0,0.0,0.0,0.0,0.0,0.0,0,0,0,0,0,0,0,0,3.0,1.0,0.0,0.0,0.0,0.0,0.0,0.0,0.0,0.0,0.0,0.0,0.0,0.0,0.0,0.0,0.0,0.0,5.0,0.0,4.0,1.0,0.0,0.0,0.0,0.0,0.0,0.0,0.0,0.0,0.0,0.0,0.0,0.0,0.0,0.0,0.0,0.0,0.0,0.0,0.0,0.0,0.0,0.0,0.0,0.0,0.0,0.0,0.0,0.0,1.0,0.0,0.0,0.0,0.0,0.0,0.0,0.0,0.0,0.0,0.0,0.0,0.0,0.0,0.0,0.0,88.0,0.0,1.0,322.0,21.087751736111112,10.0,405,404.0,0.0,0,2.3867188114635343e-05,0.00013863314581255838,none,100.935,0.0779,1,none,-3.492,-0.0303,0.99666,none,15,0.1456,1,none,2.02,0.0286,1,none,0,0,1,none,0,0,1,none
97c68dd371e13c017a8dcca49f8b3995ba7890a8,14e1c614d477f8e53f71e2f31b2c74b9e597e59b,2026-09-19T11:53:31+02:00,ok,4.0,340.0,254.0,3.0,1.0,0.5798342241152123,0.0,4.0,594.0,0.0,0.0,0.0,0.0,0.0,0.0,0.0,0.0,0.0,0.0,0.0,0.0,0.0,0.0,0.0,0.0,0.0,0.0,0.0,0.0,0.0,0,0,0,0,0,0,0,0,8.0,1.0,0.0,0.0,0.0,0.0,0.0,0.0,0.0,0.0,0.0,0.0,0.0,0.0,0.0,0.0,0.0,0.0,0.0,0.0,8.0,8.0,0.0,0.0,0.0,0.0,0.0,0.0,0.0,0.0,0.0,0.0,0.0,0.0,0.0,0.0,0.0,0.0,0.0,0.0,0.0,0.0,0.0,0.0,0.0,0.0,0.0,0.0,0.0,0.0,0.0,0.0,0.0,1.0,0.0,0.0,0.0,0.0,0.0,0.0,0.0,0.0,0.0,0.0,0.0,0.0,76.0,0.0,1.0,323.0,0.07828703703703704,9.0,51,51.0,0.0,0,3.005426031515251e-06,1.7498293058667317e-05,none,39.124,0.0289,1,none,-0.202,-0.0017,1,none,-5,-0.0455,1,none,-1.971,-0.0308,1,none,0,0,1,none,-10,-0.0207,1,none
31df3e6ef245c646b18a055ccf858cd6117c7768,97c68dd371e13c017a8dcca49f8b3995ba7890a8,2026-09-22T10:26:19+02:00,ok,3.0,200.0,3.0,3.0,2.0,0.8066831935166121,0.0,2.0,111.0,0.0,0.0,0.0,0.0,0.0,0.0,1.0,92.0,0.0,0.0,0.0,0.0,0.0,0.0,0.0,0.0,0.0,0.0,0.0,0.0,0.0,0,0,0,0,0,0,0,0,1.0,1.0,0.0,0.0,0.0,0.0,0.0,0.0,0.0,0.0,0.0,0.0,0.0,0.0,0.0,0.0,0.0,0.0,1.0,0.0,1.0,0.0,0.0,0.0,0.0,0.0,0.0,0.0,0.0,0.0,0.0,0.0,0.0,0.0,0.0,0.0,0.0,0.0,0.0,0.0,0.0,0.0,0.0,0.0,0.0,0.0,0.0,0.0,0.0,0.0,0.0,1.0,0.0,0.0,0.0,0.0,0.0,0.0,0.0,0.0,0.0,0.0,0.0,0.0,0.0,0.0,52.0,0.0,1.0,124.0,63.54511574074074,6.0,294,295.0,0.0,0,1.7325345052809595e-05,0.00010121384564236654,none,-56.976,-0.0395,1,none,5.613,0.0499,0.99666,none,8,0.0777,1,none,-2.248,-0.034,1,none,0,0,1,none,-2,-0.0041,1,none
2b9da9610083254edaec68871d593fb6b08e9072,31df3e6ef245c646b18a055ccf858cd6117c7768,2026-09-22T22:02:13+02:00,ok,5.0,596.0,69.0,3.0,2.0,0.6699470623811234,0.0,3.0,222.0,0.0,0.0,0.0,0.0,0.0,0.0,2.0,443.0,0.0,0.0,0.0,0.0,0.0,0.0,0.0,0.0,0.0,0.0,0.0,0.0,0.0,0,0,0,0,0,0,0,0,3.0,2.0,0.0,0.0,0.0,0.0,0.0,0.0,0.0,0.0,0.0,0.0,0.0,0.0,0.0,0.0,0.0,0.0,2.0,0.0,3.0,2.0,0.0,0.0,0.0,0.0,0.0,0.0,0.0,0.0,0.0,0.0,0.0,0.0,0.0,0.0,0.0,0.0,0.0,0.0,0.0,0.0,0.0,0.0,0.0,0.0,0.0,0.0,0.0,0.0,0.0,1.0,0.0,0.0,0.0,0.0,0.0,0.0,0.0,0.0,0.0,0.0,0.0,0.0,0.0,0.0,49.0,0.0,1.0,125.0,12.21986111111111,6.0,301,301.0,0.0,0,1.7737545959248547e-05,0.00010326198079121319,none,4.872,0.0035,1,none,-0.231,-0.002,0.99666,none,2,0.0192,1,none,-2.334,-0.0342,1,none,0,0,1,none,1,0.0021,1,none
4850bf336fe0a8501af49d84deebc7fb56357cc2,2b9da9610083254edaec68871d593fb6b08e9072,2026-09-23T22:10:02+02:00,ok,24.0,1096.0,578.0,10.0,3.0,0.7452092593702138,0.0,17.0,1092.0,0.0,0.0,0.0,0.0,0.0,0.0,7.0,582.0,0.0,0.0,0.0,0.0,0.0,0.0,0.0,0.0,0.0,0.0,0.0,0.0,0.0,0,0,0,0,0,0,0,0,6.0,7.0,0.0,0.0,0.0,0.0,0.0,0.0,0.0,0.0,0.0,0.0,0.0,0.0,0.0,0.0,0.0,0.0,3.0,1.0,10.0,11.0,0.0,0.0,0.0,0.0,0.0,0.0,0.0,0.0,0.0,0.0,0.0,0.0,0.0,0.0,0.0,0.0,0.0,0.0,0.0,0.0,0.0,0.0,0.0,0.0,0.0,0.0,0.0,0.0,0.0,1.0,0.0,0.0,0.0,0.0,0.0,0.0,0.0,0.0,0.0,0.0,0.0,0.0,0.0,0.0,56.0,0.0,1.0,126.0,65.38707720588235,13.0,-13,-15.0,0.0,0,-7.660598255010002e-07,-5.145414560905758e-06,none,31.718,0.0224,1,none,17.539,0.142,0.99666,none,-6,-0.0526,1,none,-3.358,-0.0411,1,none,0,0,1,none,4,0.0082,1,none
dc2c16d9e2073078cb4b8f3dce942133b90eec3d,4850bf336fe0a8501af49d84deebc7fb56357cc2,2026-09-24T13:06:56+02:00,ok,11.0,190.0,65.0,6.0,3.0,0.7969084915824441,0.0,7.0,164.0,0.0,0.0,0.0,0.0,0.0,0.0,4.0,91.0,0.0,0.0,0.0,0.0,0.0,0.0,0.0,0.0,0.0,0.0,0.0,0.0,0.0,0,0,0,0,0,0,0,0,2.0,2.0,0.0,0.0,0.0,0.0,0.0,0.0,0.0,0.0,0.0,0.0,0.0,0.0,0.0,0.0,0.0,0.0,1.0,1.0,1.0,0.0,0.0,0.0,0.0,0.0,0.0,0.0,0.0,0.0,0.0,0.0,0.0,0.0,0.0,0.0,0.0,0.0,0.0,0.0,0.0,0.0,0.0,0.0,0.0,0.0,0.0,0.0,0.0,0.0,0.0,1.0,0.0,0.0,0.0,0.0,0.0,0.0,0.0,0.0,0.0,0.0,0.0,0.0,0.0,0.0,50.0,0.0,1.0,324.0,5.591694775132275,13.0,176,178.0,0.0,0,1.0371279428726357e-05,6.105923363115147e-05,none,-30.291,-0.0208,1,none,1.563,0.0134,0.99666,none,2,0.0183,1,none,9.597,0.152,1,none,0,-0.0099,1,none,-16,-0.0317,1,none
1118751f3e4958a0dc3d71934c093584fdb7c6f5,dc2c16d9e2073078cb4b8f3dce942133b90eec3d,2026-09-24T15:06:17+02:00,ok,31.0,1471.0,476.0,12.0,3.0,0.7996522502486882,0.0,19.0,1099.0,4.0,429.0,0.0,0.0,0.0,0.0,7.0,414.0,0.0,0.0,0.0,0.0,1.0,5.0,0.0,0.0,0.0,0.0,0.0,0.0,0.0,0,0,0,0,0,0,0,0,33.0,11.0,0.0,0.0,0.0,0.0,1.0,0.0,2.0,1.0,1.0,0.0,30.0,10.0,4.0,0.0,1.0,0.0,4.0,0.0,9.0,2.0,10.0,0.0,7.0,0.0,26.0,0.0,0.0,0.0,0.0,0.0,0.0,0.0,0.0,0.0,0.0,0.0,1.0,1.0,0.0,0.0,0.0,0.0,27.0,16.0,25.0,22.0,3.0,2.0,1.0,0.0,0.0,0.0,0.0,0.0,0.0,0.0,0.0,0.0,0.0,0.0,0.0,0.0,0.0,0.0,57.0,0.0,1.0,325.0,66.98878793724279,20.0,1987,1807.0,180.0,0,0.00011708817328719655,0.0006198162846695799,none,32.36,0.0237,1,none,-0.934,-0.0081,0.99666,none,-11,-0.0894,1,none,-2.189,-0.0305,1,none,0,0,1,none,0,0,1,none
e40d1cba95012fdabfea96cc4c854194ff92f7dd,1118751f3e4958a0dc3d71934c093584fdb7c6f5,2026-09-24T22:18:52+02:00,ok,8.0,64.0,62.0,3.0,1.0,0.8264861505786177,0.0,2.0,77.0,6.0,49.0,0.0,0.0,0.0,0.0,0.0,0.0,0.0,0.0,0.0,0.0,0.0,0.0,0.0,0.0,0.0,0.0,0.0,0.0,0.0,0,0,0,0,0,0,0,0,1.0,1.0,0.0,0.0,0.0,0.0,0.0,1.0,0.0,0.0,0.0,0.0,0.0,0.0,0.0,0.0,0.0,0.0,0.0,0.0,0.0,0.0,0.0,2.0,0.0,0.0,0.0,2.0,0.0,0.0,0.0,0.0,0.0,0.0,0.0,0.0,0.0,0.0,0.0,0.0,0.0,0.0,0.0,0.0,10.0,7.0,0.0,0.0,0.0,0.0,1.0,0.0,0.0,0.0,0.0,0.0,0.0,0.0,0.0,0.0,0.0,0.0,0.0,0.0,0.0,0.0,43.0,0.0,1.0,326.0,116.52222222222221,14.0,-138,-192.0,52.0,0,-8.130989534355906e-06,-6.581682970615185e-05,none,47.377,0.0333,1,none,-2.916,-0.0244,0.99666,none,-4,-0.0367,1,none,1.016,0.0156,1,none,0,-0.0033,1,none,-2,-0.0041,1,none
5db42c3ddbbdc44d10120ab2f18e0864d083e268,e40d1cba95012fdabfea96cc4c854194ff92f7dd,2026-09-25T00:42:59+02:00,ok,18.0,380.0,62.0,9.0,3.0,0.8214657246241691,0.0,10.0,189.0,3.0,119.0,0.0,0.0,0.0,0.0,4.0,133.0,0.0,0.0,0.0,0.0,1.0,1.0,0.0,0.0,0.0,0.0,0.0,0.0,0.0,0,0,0,0,0,0,0,0,1.0,0.0,0.0,0.0,0.0,0.0,0.0,0.0,0.0,0.0,0.0,0.0,5.0,4.0,2.0,0.0,0.0,0.0,0.0,0.0,0.0,0.0,0.0,0.0,0.0,0.0,0.0,0.0,0.0,0.0,0.0,0.0,0.0,0.0,0.0,0.0,0.0,0.0,0.0,0.0,0.0,0.0,0.0,0.0,0.0,0.0,8.0,6.0,5.0,4.0,1.0,0.0,0.0,0.0,0.0,0.0,0.0,0.0,0.0,0.0,0.0,0.0,0.0,0.0,0.0,0.0,95.0,0.0,1.0,327.0,50.54054811507937,22.0,640,349.0,292.0,0,3.770924358439087e-05,0.00011964367439779636,none,-7.434,-0.0053,1,none,-0.161,-0.0014,0.99666,none,-1,-0.0081,1,none,12.092,0.2059,1,none,0,0.0033,1,none,-3,-0.0061,1,none
5feb2172d5291e664c9240e9ec4a33ef47f8c37d,5db42c3ddbbdc44d10120ab2f18e0864d083e268,2026-09-26T11:03:47+02:00,ok,7.0,253.0,22.0,2.0,1.0,0.9227357868439722,0.0,4.0,160.0,2.0,53.0,0.0,0.0,0.0,0.0,1.0,62.0,0.0,0.0,0.0,0.0,0.0,0.0,0.0,0.0,0.0,0.0,0.0,0.0,0.0,0,0,0,0,0,0,0,0,3.0,1.0,0.0,0.0,0.0,0.0,0.0,0.0,0.0,0.0,0.0,0.0,5.0,1.0,1.0,1.0,0.0,0.0,0.0,0.0,0.0,0.0,1.0,0.0,1.0,0.0,0.0,0.0,0.0,0.0,0.0,0.0,0.0,0.0,0.0,0.0,0.0,0.0,0.0,0.0,1.0,0.0,0.0,0.0,18.0,0.0,1.0,0.0,0.0,0.0,1.0,0.0,0.0,0.0,0.0,0.0,0.0,0.0,0.0,0.0,0.0,0.0,0.0,0.0,0.0,0.0,60.0,0.0,1.0,328.0,225.2133063271605,8.0,469,339.0,130.0,0,2.763276305359354e-05,0.00011620158610023363,none,81.04,0.0593,1,none,0.157,0.0014,1,none,-4,-0.0388,1,none,0.574,0.0093,1,none,0,0,1,none,-2,-0.0041,1,none
c12a8cd037f562d07c96d1df8a6b74bd06d3069b,5feb2172d5291e664c9240e9ec4a33ef47f8c37d,2026-09-26T11:19:00+02:00,ok,1.0,1.0,1.0,1.0,1.0,0.0,0.0,1.0,2.0,0.0,0.0,0.0,0.0,0.0,0.0,0.0,0.0,0.0,0.0,0.0,0.0,0.0,0.0,0.0,0.0,0.0,0.0,0.0,0.0,0.0,0,0,0,0,0,0,0,0,0.0,0.0,0.0,0.0,0.0,0.0,0.0,0.0,0.0,0.0,0.0,0.0,0.0,0.0,0.0,0.0,0.0,0.0,0.0,0.0,0.0,0.0,0.0,0.0,0.0,0.0,0.0,0.0,0.0,0.0,0.0,0.0,0.0,0.0,0.0,0.0,0.0,0.0,0.0,0.0,0.0,0.0,0.0,0.0,0.0,0.0,0.0,0.0,0.0,0.0,0.0,1.0,0.0,0.0,0.0,0.0,0.0,0.0,0.0,0.0,0.0,0.0,0.0,0.0,0.0,0.0,56.0,0.0,1.0,329.0,66.46649305555556,2.0,-6,-5.0,0.0,0,-3.535010597667188e-07,-1.7136885672638185e-06,none,42.037,0.0305,1,none,-3.852,-0.0328,0.99666,none,-3,-0.0288,1,none,1.048,0.0176,1,none,0,0,1,none,1,0.0021,1,none
c10499eebb6267f24c056a03c5daf436aada0446,c12a8cd037f562d07c96d1df8a6b74bd06d3069b,2026-09-26T12:38:23+02:00,ok,20.0,1970.0,492.0,12.0,3.0,0.6948957374823318,0.0,13.0,1074.0,0.0,0.0,0.0,0.0,0.0,0.0,7.0,1388.0,0.0,0.0,0.0,0.0,0.0,0.0,0.0,0.0,0.0,0.0,0.0,0.0,0.0,0,0,0,0,0,0,0,0,12.0,4.0,0.0,0.0,0.0,0.0,0.0,0.0,0.0,0.0,0.0,0.0,1.0,1.0,0.0,0.0,0.0,0.0,0.0,0.0,0.0,0.0,0.0,0.0,0.0,0.0,0.0,0.0,0.0,0.0,0.0,0.0,0.0,0.0,0.0,0.0,0.0,0.0,0.0,0.0,0.0,0.0,0.0,0.0,0.0,0.0,0.0,0.0,0.0,0.0,1.0,0.0,0.0,0.0,0.0,0.0,0.0,0.0,0.0,0.0,0.0,0.0,0.0,0.0,0.0,0.0,112.0,0.0,1.0,330.0,13.290853587962962,12.0,770,769.0,0.0,0,4.5365985373652814e-05,0.00026356575331479347,none,16.806,0.0126,1,none,2.343,0.0203,0.99666,none,27,0.27,1,none,-6.242,-0.0919,1,none,0,-0.0033,1,none,17,0.0361,1,none
afed9e6e27dd1cd5cc52857a405f7bea5312d813,d29d864884782305950122439f54f8dbb5c1bcb0,2026-09-26T22:38:03Z,ok,2.0,30.0,2.0,1.0,1.0,0.8112781244591328,0.0,1.0,8.0,0.0,0.0,0.0,0.0,0.0,0.0,1.0,24.0,0.0,0.0,0.0,0.0,0.0,0.0,0.0,0.0,0.0,0.0,0.0,0.0,0.0,0,0,0,0,0,0,0,0,1.0,1.0,0.0,0.0,0.0,0.0,0.0,0.0,0.0,0.0,0.0,0.0,0.0,0.0,0.0,0.0,0.0,0.0,0.0,0.0,0.0,0.0,0.0,0.0,0.0,0.0,0.0,0.0,0.0,0.0,0.0,0.0,0.0,0.0,0.0,0.0,0.0,0.0,0.0,0.0,0.0,0.0,0.0,0.0,0.0,0.0,0.0,0.0,0.0,0.0,0.0,1.0,0.0,0.0,0.0,0.0,0.0,0.0,0.0,0.0,0.0,0.0,0.0,0.0,0.0,0.0,68.0,0.0,1.0,0.0,0.0677662037037037,7.0,-46,-44.0,0.0,0,-2.7096265787035485e-06,-1.5065934005730534e-05,none,37.982,0.029,1,none,2.201,0.019,0.99666,none,6,0.0625,1,none,0.385,0.0085,1,none,0,0.0498,1,none,1,0.0021,1,none
f3d99c42e905706c1899bd887cfec59f2e92f425,c10499eebb6267f24c056a03c5daf436aada0446,2026-09-26T23:00:28+02:00,ok,11.0,696.0,46.0,8.0,3.0,0.8224650212299248,0.0,6.0,348.0,1.0,17.0,0.0,0.0,0.0,0.0,4.0,377.0,0.0,0.0,0.0,0.0,0.0,0.0,0.0,0.0,0.0,0.0,0.0,0.0,0.0,0,0,0,0,0,0,0,0,0.0,0.0,0.0,0.0,0.0,0.0,0.0,0.0,0.0,0.0,0.0,0.0,1.0,0.0,0.0,0.0,0.0,0.0,0.0,0.0,1.0,0.0,6.0,0.0,2.0,1.0,5.0,1.0,0.0,0.0,0.0,0.0,0.0,0.0,0.0,0.0,0.0,0.0,0.0,0.0,0.0,0.0,0.0,0.0,10.0,1.0,0.0,0.0,0.0,0.0,0.0,1.0,0.0,0.0,0.0,0.0,0.0,0.0,0.0,0.0,0.0,0.0,0.0,0.0,0.0,0.0,83.0,0.0,1.0,331.0,16.4796378968254,12.0,636,605.0,31.0,0,3.7469425743934535e-05,0.00020730203426685495,none,-14.381,-0.0107,1,none,0.621,0.0053,0.99666,none,-6,-0.0541,1,none,8.306,0.1512,1,none,0,0,1,none,-11,-0.0227,1,none
d29d864884782305950122439f54f8dbb5c1bcb0,f3d99c42e905706c1899bd887cfec59f2e92f425,2026-09-27T00:18:02+02:00,ok,10.0,799.0,27.0,6.0,1.0,0.6507486118119525,0.0,3.0,307.0,4.0,174.0,0.0,0.0,0.0,0.0,2.0,336.0,0.0,0.0,0.0,0.0,1.0,9.0,0.0,0.0,0.0,0.0,0.0,0.0,0.0,0,0,0,0,0,0,0,0,9.0,1.0,0.0,0.0,0.0,0.0,1.0,0.0,0.0,0.0,0.0,0.0,13.0,3.0,0.0,0.0,0.0,0.0,0.0,0.0,3.0,0.0,0.0,0.0,0.0,0.0,0.0,0.0,0.0,0.0,0.0,0.0,2.0,2.0,0.0,0.0,0.0,0.0,1.0,0.0,0.0,0.0,0.0,0.0,26.0,0.0,8.0,0.0,1.0,0.0,1.0,0.0,0.0,0.0,0.0,0.0,0.0,0.0,0.0,0.0,0.0,0.0,0.0,0.0,0.0,0.0,72.0,0.0,1.0,332.0,49.1246662808642,15.0,2034,1444.0,590.0,0,0.00011982697550292425,0.0004946811499075728,none,-28.051,-0.0192,1,none,1.118,0.0095,0.99666,none,5,0.0485,1,none,-7,-0.1011,1,none,0,0.0033,1,none,1,0.0021,1,none
974f054bafad6787e7eb1c781e12df4b93372405,afed9e6e27dd1cd5cc52857a405f7bea5312d813,2026-09-27T07:49:24Z,ok,2.0,13.0,1.0,2.0,1.0,0.5916727785823275,0.0,1.0,2.0,0.0,0.0,0.0,0.0,0.0,0.0,1.0,12.0,0.0,0.0,0.0,0.0,0.0,0.0,0.0,0.0,0.0,0.0,0.0,0.0,0.0,0,0,0,0,0,0,0,0,0.0,0.0,0.0,0.0,0.0,0.0,0.0,0.0,0.0,0.0,0.0,0.0,0.0,0.0,0.0,0.0,0.0,0.0,0.0,0.0,0.0,0.0,0.0,0.0,0.0,0.0,0.0,0.0,0.0,0.0,0.0,0.0,0.0,0.0,0.0,0.0,0.0,0.0,0.0,0.0,0.0,0.0,0.0,0.0,0.0,0.0,0.0,0.0,0.0,0.0,0.0,1.0,0.0,0.0,0.0,0.0,0.0,0.0,0.0,0.0,0.0,0.0,0.0,0.0,0.0,0.0,46.0,0.0,1.0,0.0,81.72700231481481,4.0,46,44.0,0.0,0,2.709633920799639e-06,1.5066160991517751e-05,none,-14.166,-0.01,1,none,0.47,0.004,1,none,3,0.0286,1,none,7.128,0.122,1,none,0,0,1,none,0,0,1,none
84e3f5a40c5fac43cb8b28161b9c239d9e857061,974f054bafad6787e7eb1c781e12df4b93372405,2026-09-27T09:01:38Z,ok,1.0,19.0,2.0,1.0,1.0,0.0,0.0,1.0,21.0,0.0,0.0,0.0,0.0,0.0,0.0,0.0,0.0,0.0,0.0,0.0,0.0,0.0,0.0,0.0,0.0,0.0,0.0,0.0,0.0,0.0,0,0,0,0,0,0,0,0,0.0,0.0,0.0,0.0,0.0,0.0,0.0,0.0,0.0,0.0,0.0,0.0,0.0,0.0,0.0,0.0,0.0,0.0,0.0,0.0,1.0,1.0,0.0,0.0,0.0,0.0,0.0,0.0,0.0,0.0,0.0,0.0,0.0,0.0,0.0,0.0,0.0,0.0,0.0,0.0,0.0,0.0,0.0,0.0,0.0,0.0,0.0,0.0,0.0,0.0,0.0,0.0,1.0,0.0,0.0,0.0,0.0,0.0,0.0,0.0,0.0,0.0,0.0,0.0,0.0,0.0,63.0,1.0,1.0,0.0,3.535833333333333,3.0,-32,-32.0,0.0,0,-1.8849576199676859e-06,-1.0957042913258569e-05,none,-39.173,-0.0279,1,none,-0.339,-0.0029,0.99666,none,-10,-0.0926,1,none,4.694,0.0787,1,none,0,0,1,none,0,0,1,none
74423812ec597e0e33cbe5032011fead2312e7b4,84e3f5a40c5fac43cb8b28161b9c239d9e857061,2026-09-27T18:45:39+02:00,ok,3.0,247.0,5.0,2.0,1.0,0.343613691433198,0.0,2.0,24.0,0.0,0.0,0.0,0.0,0.0,0.0,1.0,228.0,0.0,0.0,0.0,0.0,0.0,0.0,0.0,0.0,0.0,0.0,0.0,0.0,0.0,0,0,0,0,0,0,0,0,1.0,1.0,0.0,0.0,0.0,0.0,0.0,0.0,0.0,0.0,0.0,0.0,0.0,0.0,0.0,0.0,0.0,0.0,0.0,0.0,0.0,0.0,0.0,0.0,0.0,0.0,0.0,0.0,0.0,0.0,0.0,0.0,0.0,0.0,0.0,0.0,0.0,0.0,0.0,0.0,0.0,0.0,0.0,0.0,0.0,0.0,0.0,0.0,0.0,0.0,0.0,0.0,1.0,0.0,0.0,0.0,0.0,0.0,0.0,0.0,0.0,0.0,0.0,0.0,0.0,0.0,61.0,1.0,1.0,333.0,2.090150462962963,5.0,19,20.0,0.0,0,1.1191956964922698e-06,6.848226857102159e-06,none,-40.365,-0.0292,1,none,3.43,0.0294,0.99666,none,9,0.0909,1,none,-6.287,-0.0935,0.80519,none,0,0,1,none,19,0.0403,1,none
02fc9f35057ba2b700aaa1915e66b74725b973a1,74423812ec597e0e33cbe5032011fead2312e7b4,2026-09-27T19:47:29+02:00,ok,4.0,56.0,2.0,3.0,1.0,0.6207013228064394,0.0,2.0,12.0,0.0,0.0,0.0,0.0,0.0,0.0,1.0,42.0,1.0,4.0,0.0,0.0,0.0,0.0,0.0,0.0,0.0,0.0,0.0,0.0,0.0,0,0,0,0,0,0,0,0,0.0,0.0,0.0,0.0,0.0,0.0,0.0,0.0,0.0,0.0,0.0,0.0,0.0,0.0,0.0,0.0,0.0,0.0,0.0,0.0,0.0,0.0,0.0,0.0,0.0,0.0,0.0,0.0,0.0,0.0,0.0,0.0,0.0,0.0,0.0,0.0,0.0,0.0,0.0,0.0,0.0,0.0,0.0,0.0,0.0,0.0,0.0,0.0,0.0,0.0,0.0,1.0,0.0,0.0,0.0,0.0,0.0,0.0,0.0,0.0,0.0,0.0,0.0,0.0,0.0,0.0,77.0,0.0,1.0,334.0,0.839050925925926,4.0,38,38.0,0.0,0,2.2383888877893293e-06,1.3011541922503257e-05,none,-8.462,-0.0061,1,none,3.136,0.0276,0.99666,none,14,0.1308,1,none,0.839,0.0116,1,none,0,0.0033,1,none,2,0.0041,1,none
2d3707b816100ee2734bae2b9efc3f7641ab427b,834e5af631efcde85450b13dd0c926ae7ea450ef,2026-09-28T09:17:05Z,ok,5.0,34.0,2.0,3.0,1.0,0.47735378302068165,0.0,5.0,36.0,0.0,0.0,0.0,0.0,0.0,0.0,0.0,0.0,0.0,0.0,0.0,0.0,0.0,0.0,0.0,0.0,0.0,0.0,0.0,0.0,0.0,0,0,0,0,0,0,0,0,3.0,0.0,0.0,0.0,0.0,0.0,0.0,0.0,0.0,0.0,0.0,0.0,0.0,0.0,0.0,0.0,0.0,0.0,0.0,0.0,0.0,0.0,0.0,0.0,0.0,0.0,0.0,0.0,0.0,0.0,0.0,0.0,0.0,0.0,0.0,0.0,0.0,0.0,0.0,0.0,0.0,0.0,0.0,0.0,0.0,0.0,0.0,0.0,0.0,0.0,1.0,0.0,0.0,0.0,0.0,0.0,0.0,0.0,0.0,0.0,0.0,0.0,0.0,0.0,0.0,0.0,55.0,0.0,1.0,0.0,32.696041666666666,11.0,88,85.0,0.0,0,5.183625516043174e-06,2.9104425995662412e-05,none,-33.339,-0.0236,1,none,1.881,0.016,0.99666,none,-13,-0.1327,1,none,-0.087,-0.0013,1,none,0,0,1,none,16,0.0339,1,none
834e5af631efcde85450b13dd0c926ae7ea450ef,02fc9f35057ba2b700aaa1915e66b74725b973a1,2026-09-28T10:14:30+02:00,ok,8.0,134.0,37.0,6.0,2.0,0.6472229002677059,0.0,4.0,45.0,1.0,3.0,0.0,0.0,0.0,0.0,1.0,106.0,2.0,17.0,0.0,0.0,0.0,0.0,0.0,0.0,0.0,0.0,0.0,0.0,0.0,0,0,0,0,0,0,0,0,2.0,1.0,0.0,0.0,0.0,0.0,0.0,1.0,0.0,0.0,0.0,0.0,0.0,0.0,1.0,1.0,0.0,0.0,0.0,0.0,0.0,0.0,0.0,0.0,1.0,0.0,0.0,0.0,0.0,0.0,0.0,0.0,0.0,0.0,0.0,0.0,0.0,0.0,0.0,0.0,0.0,0.0,0.0,0.0,0.0,0.0,0.0,0.0,1.0,1.0,0.0,1.0,0.0,0.0,0.0,0.0,0.0,0.0,0.0,0.0,0.0,0.0,0.0,0.0,0.0,0.0,70.0,0.0,2.0,335.0,16.195819444444446,10.0,1,-4.0,5.0,0,5.890483887936136e-08,-1.3696181709981983e-06,none,-73.114,-0.0564,1,none,-0.716,-0.0061,0.99666,none,11,0.1279,1,none,0.777,0.0114,1,none,0,0,1,none,6,0.0127,1,none
3d056dbc8a552cf4e66a65e60da93e8e950bde27,2d3707b816100ee2734bae2b9efc3f7641ab427b,2026-09-28T21:06:41+02:00,ok,9.0,685.0,105.0,6.0,2.0,0.7896224621389663,0.0,7.0,520.0,0.0,0.0,0.0,0.0,0.0,0.0,2.0,270.0,0.0,0.0,0.0,0.0,0.0,0.0,0.0,0.0,0.0,0.0,0.0,0.0,0.0,0,0,0,0,0,0,0,0,0.0,0.0,0.0,0.0,0.0,0.0,0.0,0.0,0.0,0.0,0.0,0.0,0.0,0.0,0.0,0.0,0.0,0.0,3.0,0.0,8.0,2.0,4.0,1.0,1.0,1.0,1.0,0.0,0.0,0.0,0.0,0.0,0.0,0.0,0.0,0.0,0.0,0.0,0.0,0.0,0.0,0.0,0.0,0.0,8.0,0.0,0.0,0.0,0.0,0.0,1.0,0.0,0.0,0.0,0.0,0.0,0.0,0.0,0.0,0.0,0.0,0.0,0.0,0.0,0.0,0.0,76.0,0.0,1.0,336.0,49.721111111111114,13.0,1097,1100.0,0.0,0,6.461826948740041e-05,0.0003766345511526216,none,45.212,0.034,1,none,0.084,0.0007,0.99666,none,3,0.0297,1,none,0.865,0.0134,1,none,0,-0.0033,1,none,13,0.0274,1,none
