sha,base_sha,date,status,k_nf,k_la,k_ld,k_nd,k_ns,k_entropy,k_binary,cat_code_files,cat_code_lines,cat_style_files,cat_style_lines,cat_html_files,cat_html_lines,cat_image_files,cat_font_files,cat_test_files,cat_test_lines,cat_doc_files,cat_doc_lines,cat_config_files,cat_config_lines,cat_json_files,cat_json_lines,cat_pkg_files,cat_pkg_lines,cat_lock_files,cat_lock_lines,cat_other_files,cat_other_lines,cat_only_nonruntime,dep_rt_added,dep_rt_removed,dep_rt_updated,dep_rt_major,dep_dev_added,dep_dev_removed,dep_dev_updated,dep_dev_major,pat_import_static_add,pat_import_static_del,pat_import_dynamic_add,pat_import_dynamic_del,pat_lazy_add,pat_lazy_del,pat_effect_add,pat_effect_del,pat_memo_add,pat_memo_del,pat_state_add,pat_state_del,pat_listener_add,pat_listener_del,pat_timer_add,pat_timer_del,pat_raf_add,pat_raf_del,pat_loop_add,pat_loop_del,pat_array_iter_add,pat_array_iter_del,pat_layout_read_add,pat_layout_read_del,pat_dom_query_add,pat_dom_query_del,pat_dom_write_add,pat_dom_write_del,pat_canvas_add,pat_canvas_del,pat_worker_add,pat_worker_del,pat_async_add,pat_async_del,pat_json_add,pat_json_del,pat_font_add,pat_font_del,pat_image_add,pat_image_del,pat_img_dims_add,pat_img_dims_del,pat_loading_hint_add,pat_loading_hint_del,pat_css_layout_add,pat_css_layout_del,pat_css_anim_add,pat_css_anim_del,pat_css_selector_heavy_add,pat_css_selector_heavy_del,msg_type_feat,msg_type_fix,msg_type_perf,msg_type_refactor,msg_type_chore,msg_type_build,msg_type_deps,msg_type_style,msg_type_docs,msg_type_test,msg_type_ci,msg_type_impr,msg_type_revert,msg_type_other,msg_revert,msg_bot,msg_len,msg_perf_word,k_commits,k_exp,k_age_days,k_ndev,bnd_total_gzip,bnd_js_gzip,bnd_css_gzip,bnd_files,bnd_total_gzip_rel,bnd_js_gzip_rel,y_label,y_lcp_delta,y_lcp_rel,y_lcp_q,y_lcp_label,y_inp_delta,y_inp_rel,y_inp_q,y_inp_label,y_tbt_delta,y_tbt_rel,y_tbt_q,y_tbt_label,y_tbtFlow_delta,y_tbtFlow_rel,y_tbtFlow_q,y_tbtFlow_label,y_cls_delta,y_cls_rel,y_cls_q,y_cls_label,y_lcpObs_delta,y_lcpObs_rel,y_lcpObs_q,y_lcpObs_label
07595b54a6a85e1b77ae8c012d8972792c165429,4d4dde003bb939dea2eebcb755889d5b8fd34638,2024-09-05T19:21:15+05:30,ok,4.0,199.0,196.0,3.0,3.0,0.08566413908913104,0.0,2.0,4.0,0.0,0.0,0.0,0.0,0.0,0.0,0.0,0.0,0.0,0.0,0.0,0.0,0.0,0.0,1.0,4.0,1.0,387.0,0.0,0.0,0.0,0,0,0,0,0,0,2,0,0.0,0.0,0.0,0.0,0.0,0.0,0.0,0.0,0.0,0.0,0.0,0.0,0.0,0.0,0.0,0.0,0.0,0.0,0.0,0.0,0.0,0.0,0.0,0.0,0.0,0.0,0.0,0.0,0.0,0.0,0.0,0.0,0.0,0.0,0.0,0.0,0.0,0.0,0.0,0.0,0.0,0.0,0.0,0.0,0.0,0.0,0.0,0.0,0.0,0.0,0.0,0.0,0.0,0.0,0.0,0.0,0.0,0.0,0.0,0.0,0.0,0.0,0.0,1.0,0.0,1.0,58.0,0.0,7.0,1682.0,25.236014660493826,9.0,nan,nan,nan,nan,nan,nan,none,-19.901,-0.0086,0.95683,none,-7.355,-0.0496,1,none,11.023,0.0243,1,none,109.646,0.2457,0.98354,none,0,0,1,none,-38,-0.0466,0.99805,none
4a08f6dad5ab37e4d5dea7032d5c0534bc3de769,07595b54a6a85e1b77ae8c012d8972792c165429,2024-09-09T09:15:51+05:30,ok,1.0,11.0,0.0,1.0,1.0,0.0,0.0,1.0,11.0,0.0,0.0,0.0,0.0,0.0,0.0,0.0,0.0,0.0,0.0,0.0,0.0,0.0,0.0,0.0,0.0,0.0,0.0,0.0,0.0,0.0,0,0,0,0,0,0,0,0,0.0,0.0,0.0,0.0,0.0,0.0,0.0,0.0,0.0,0.0,0.0,0.0,0.0,0.0,0.0,0.0,0.0,0.0,0.0,0.0,0.0,0.0,0.0,0.0,0.0,0.0,0.0,0.0,0.0,0.0,0.0,0.0,0.0,0.0,0.0,0.0,0.0,0.0,1.0,0.0,2.0,0.0,0.0,0.0,0.0,0.0,0.0,0.0,0.0,0.0,0.0,0.0,0.0,0.0,0.0,0.0,0.0,0.0,0.0,0.0,0.0,0.0,0.0,1.0,0.0,0.0,63.0,0.0,2.0,1686.0,4.101516203703704,7.0,525,246.0,276.0,0,0.00011796705685675092,7.599378086668127e-05,none,20.012,0.0086,1,none,-1.512,-0.0107,1,none,81.409,0.1708,0.93625,none,-63.099,-0.1003,1,none,0,0,1,none,9,0.0113,0.99805,none
9ffa715d03e50a84a034dffccc950d170f157b48,4a08f6dad5ab37e4d5dea7032d5c0534bc3de769,2024-09-16T11:31:39+05:30,ok,3.0,113.0,20.0,2.0,3.0,0.193499080950168,0.0,0.0,0.0,0.0,0.0,0.0,0.0,0.0,0.0,1.0,2.0,0.0,0.0,0.0,0.0,0.0,0.0,1.0,4.0,1.0,127.0,0.0,0.0,0.0,0,0,2,0,0,0,0,0,0.0,0.0,0.0,0.0,0.0,0.0,0.0,0.0,0.0,0.0,0.0,0.0,0.0,0.0,0.0,0.0,0.0,0.0,0.0,0.0,0.0,0.0,0.0,0.0,0.0,0.0,0.0,0.0,0.0,0.0,0.0,0.0,0.0,0.0,0.0,0.0,0.0,0.0,0.0,0.0,0.0,0.0,0.0,0.0,0.0,0.0,0.0,0.0,0.0,0.0,0.0,0.0,0.0,0.0,0.0,0.0,0.0,0.0,0.0,0.0,0.0,0.0,0.0,1.0,0.0,0.0,58.0,0.0,6.0,1687.0,11.453935185185186,3.0,45767,45770.0,0.0,2,0.010282593261617822,0.014138093683327089,none,-61.21,-0.0267,1,none,2.3,0.0185,1,none,-20.473,-0.0445,0.93625,none,-111.317,-0.3887,0.76897,none,0,0,1,none,-14,-0.0176,1,none
c06828dbf23d66ff7f579a14c9603119141d5422,9ffa715d03e50a84a034dffccc950d170f157b48,2024-09-16T22:15:28+05:30,ok,2.0,5.0,5.0,1.0,2.0,0.7219280948873623,0.0,0.0,0.0,0.0,0.0,0.0,0.0,0.0,0.0,0.0,0.0,0.0,0.0,0.0,0.0,0.0,0.0,1.0,2.0,1.0,8.0,0.0,0.0,0.0,0,0,1,0,0,0,0,0,0.0,0.0,0.0,0.0,0.0,0.0,0.0,0.0,0.0,0.0,0.0,0.0,0.0,0.0,0.0,0.0,0.0,0.0,0.0,0.0,0.0,0.0,0.0,0.0,0.0,0.0,0.0,0.0,0.0,0.0,0.0,0.0,0.0,0.0,0.0,0.0,0.0,0.0,0.0,0.0,0.0,0.0,0.0,0.0,0.0,0.0,0.0,0.0,0.0,0.0,0.0,0.0,0.0,0.0,0.0,0.0,0.0,0.0,0.0,0.0,0.0,0.0,0.0,1.0,0.0,0.0,58.0,0.0,2.0,1690.0,6.879861111111111,4.0,36,33.0,0.0,0,8.00589411715781e-06,1.0051405323528848e-05,none,-25.504,-0.0106,1,none,0.741,0.0054,1,none,52.258,0.1634,1,none,165.143,0.598,0.76897,none,0,0,1,none,49,0.0693,0.99805,none
f59a2dc6d7cc1ded1201b5c4e6d8b94700fe2c4b,c06828dbf23d66ff7f579a14c9603119141d5422,2024-10-03T15:55:12+05:30,ok,1.0,17.0,9.0,1.0,1.0,0.0,0.0,1.0,26.0,0.0,0.0,0.0,0.0,0.0,0.0,0.0,0.0,0.0,0.0,0.0,0.0,0.0,0.0,0.0,0.0,0.0,0.0,0.0,0.0,0.0,0,0,0,0,0,0,0,0,0.0,0.0,0.0,0.0,0.0,0.0,0.0,0.0,0.0,0.0,0.0,0.0,0.0,0.0,0.0,0.0,0.0,0.0,0.0,0.0,0.0,0.0,0.0,0.0,0.0,0.0,0.0,0.0,0.0,0.0,0.0,0.0,0.0,0.0,0.0,0.0,0.0,0.0,1.0,1.0,2.0,2.0,0.0,0.0,0.0,0.0,0.0,0.0,0.0,0.0,0.0,0.0,0.0,0.0,0.0,0.0,0.0,0.0,0.0,0.0,0.0,0.0,0.0,1.0,0.0,0.0,57.0,0.0,2.0,1692.0,26.795219907407407,7.0,178,87.0,94.0,0,3.9584381782022153e-05,2.649889313818777e-05,none,-16.49,-0.0072,1,none,-0.691,-0.0048,1,none,-104.682,-0.1826,0.93625,none,141.64,0.2645,0.98354,none,0,0.1939,0.05269,none,-138,-0.1785,0.36865,none
d5123c6a2674e81138f821b63cbf86106c4ee7d5,f59a2dc6d7cc1ded1201b5c4e6d8b94700fe2c4b,2024-10-03T21:19:19+05:30,ok,2.0,10.0,10.0,1.0,2.0,0.4689955935892812,0.0,0.0,0.0,0.0,0.0,0.0,0.0,0.0,0.0,0.0,0.0,0.0,0.0,0.0,0.0,0.0,0.0,1.0,2.0,1.0,18.0,0.0,0.0,0.0,0,0,1,0,0,0,0,0,0.0,0.0,0.0,0.0,0.0,0.0,0.0,0.0,0.0,0.0,0.0,0.0,0.0,0.0,0.0,0.0,0.0,0.0,0.0,0.0,0.0,0.0,0.0,0.0,0.0,0.0,0.0,0.0,0.0,0.0,0.0,0.0,0.0,0.0,0.0,0.0,0.0,0.0,0.0,0.0,0.0,0.0,0.0,0.0,0.0,0.0,0.0,0.0,0.0,0.0,0.0,0.0,0.0,0.0,0.0,0.0,0.0,0.0,0.0,0.0,0.0,0.0,0.0,1.0,0.0,0.0,58.0,0.0,4.0,1693.0,16.96181712962963,4.0,9019,9022.0,0.0,-1,0.0020056034144403,0.002747892860808658,none,52.882,0.0228,1,none,9.571,0.0659,0.96929,none,-41.974,-0.0738,1,none,94.237,0.1184,1,none,0,-0.0011,0.05269,none,-12,-0.0174,1,none
cc963db4712fc1ac448ab49547854ecffdf526ab,d5123c6a2674e81138f821b63cbf86106c4ee7d5,2024-10-05T09:49:22+05:30,ok,12.0,95.0,44.0,7.0,9.0,0.7667923158829547,0.0,6.0,100.0,0.0,0.0,0.0,0.0,0.0,0.0,0.0,0.0,1.0,23.0,0.0,0.0,0.0,0.0,0.0,0.0,0.0,0.0,5.0,16.0,0.0,0,0,0,0,0,0,0,0,3.0,0.0,0.0,0.0,0.0,0.0,0.0,0.0,0.0,0.0,0.0,0.0,0.0,0.0,0.0,0.0,0.0,0.0,0.0,0.0,0.0,0.0,0.0,0.0,0.0,0.0,0.0,0.0,0.0,0.0,0.0,0.0,0.0,0.0,0.0,0.0,0.0,0.0,1.0,1.0,0.0,0.0,0.0,0.0,0.0,0.0,0.0,0.0,0.0,0.0,0.0,0.0,0.0,0.0,0.0,0.0,0.0,0.0,0.0,0.0,0.0,0.0,0.0,1.0,0.0,0.0,58.0,0.0,7.0,1696.0,275.71966961279463,18.0,-1287,-1299.0,0.0,0,-0.00028562424543711383,-0.00039456119115563297,none,15.471,0.0065,0.79378,none,0.256,0.0018,1,none,-95.107,-0.1701,0.93625,none,-44.458,-0.082,1,none,0,-0.2197,0.05269,none,264,0.39,0.29373,none
2fe3df56b7d48802843d13f40e0d530032f06853,cc963db4712fc1ac448ab49547854ecffdf526ab,2024-10-22T20:10:23+05:30,ok,3.0,14.0,29.0,2.0,1.0,0.948137195196066,0.0,3.0,43.0,0.0,0.0,0.0,0.0,0.0,0.0,0.0,0.0,0.0,0.0,0.0,0.0,0.0,0.0,0.0,0.0,0.0,0.0,0.0,0.0,0.0,0,0,0,0,0,0,0,0,3.0,1.0,0.0,0.0,0.0,0.0,0.0,0.0,0.0,0.0,0.0,0.0,0.0,0.0,1.0,0.0,0.0,0.0,0.0,0.0,0.0,0.0,0.0,0.0,0.0,0.0,0.0,0.0,0.0,0.0,0.0,0.0,0.0,0.0,0.0,0.0,0.0,0.0,0.0,1.0,0.0,2.0,0.0,0.0,0.0,0.0,0.0,0.0,0.0,0.0,0.0,0.0,0.0,0.0,0.0,0.0,0.0,0.0,0.0,0.0,0.0,0.0,0.0,1.0,0.0,0.0,54.0,0.0,5.0,1700.0,20.660260416666667,7.0,-784,-417.0,-370.0,0,-0.0001740430352483765,-0.00012671051600046917,none,-98.359,-0.041,0.5994,none,15.485,0.0999,1,none,-63.368,-0.105,0.93625,none,-409.095,-0.3821,0.73611,none,0,0,1,none,-229,-0.2363,0.77343,none
765c35265f0e75284d40a9726633545462e421f1,2fe3df56b7d48802843d13f40e0d530032f06853,2024-11-06T11:39:57+05:30,ok,1.0,1.0,1.0,1.0,1.0,0.0,0.0,1.0,2.0,0.0,0.0,0.0,0.0,0.0,0.0,0.0,0.0,0.0,0.0,0.0,0.0,0.0,0.0,0.0,0.0,0.0,0.0,0.0,0.0,0.0,0,0,0,0,0,0,0,0,0.0,0.0,0.0,0.0,0.0,0.0,0.0,0.0,0.0,0.0,0.0,0.0,0.0,0.0,0.0,0.0,0.0,0.0,0.0,0.0,0.0,0.0,0.0,0.0,0.0,0.0,0.0,0.0,0.0,0.0,0.0,0.0,0.0,0.0,0.0,0.0,0.0,0.0,0.0,0.0,0.0,0.0,0.0,0.0,0.0,0.0,0.0,0.0,0.0,0.0,0.0,0.0,0.0,0.0,0.0,0.0,0.0,0.0,0.0,0.0,0.0,0.0,0.0,1.0,0.0,0.0,66.0,0.0,2.0,1701.0,14.959918981481481,1.0,3,3.0,0.0,0,6.660969317577032e-07,9.117019682733793e-07,none,61.288,0.0276,0.9038,none,10.244,0.073,1,none,37.652,0.0797,0.93625,none,291.661,0.8596,0.73611,none,0,0,1,none,18,0.0233,0.87223,none
d8401a8f138cd506086f47b572c9e822c7f6673a,765c35265f0e75284d40a9726633545462e421f1,2024-11-08T15:29:57+05:30,ok,2.0,270.0,108.0,2.0,2.0,0.047624942129031324,0.0,0.0,0.0,0.0,0.0,0.0,0.0,0.0,0.0,1.0,2.0,0.0,0.0,0.0,0.0,0.0,0.0,0.0,0.0,1.0,376.0,0.0,0.0,0.0,0,0,0,0,0,0,0,0,0.0,0.0,0.0,0.0,0.0,0.0,0.0,0.0,0.0,0.0,0.0,0.0,0.0,0.0,0.0,0.0,0.0,0.0,0.0,0.0,0.0,0.0,0.0,0.0,0.0,0.0,0.0,0.0,0.0,0.0,0.0,0.0,0.0,0.0,0.0,0.0,0.0,0.0,0.0,0.0,0.0,0.0,0.0,0.0,0.0,0.0,0.0,0.0,0.0,0.0,0.0,0.0,0.0,0.0,0.0,0.0,0.0,0.0,0.0,0.0,0.0,0.0,0.0,1.0,0.0,1.0,58.0,0.0,8.0,1702.0,0.0,0.0,4822,4828.0,0.0,-1,0.001070639088495803,0.0014672310299305405,none,-0.826,-0.0003,0.95683,none,6.835,0.0357,0.98906,none,-9.299,-0.0165,0.96303,none,-118.748,-0.0721,0.98354,none,0,0,1,none,36,0.0432,0.9038,none
877cbdb6f99bee7885c4c46414af1fc49c1d581c,d8401a8f138cd506086f47b572c9e822c7f6673a,2024-11-12T00:14:29+05:30,ok,21.0,971.0,1312.0,10.0,9.0,0.3480978364665417,0.0,13.0,469.0,0.0,0.0,0.0,0.0,0.0,0.0,2.0,5.0,0.0,0.0,2.0,4.0,0.0,0.0,1.0,33.0,1.0,1759.0,2.0,13.0,0.0,0,0,2,1,1,0,14,7,17.0,16.0,0.0,0.0,0.0,0.0,0.0,0.0,0.0,0.0,21.0,0.0,0.0,0.0,0.0,0.0,0.0,0.0,0.0,0.0,0.0,0.0,1.0,1.0,0.0,0.0,0.0,0.0,0.0,0.0,0.0,0.0,0.0,0.0,0.0,0.0,0.0,0.0,1.0,1.0,0.0,0.0,0.0,0.0,0.0,0.0,0.0,0.0,0.0,0.0,0.0,0.0,0.0,0.0,0.0,0.0,0.0,0.0,0.0,0.0,0.0,0.0,0.0,1.0,0.0,1.0,58.0,0.0,15.0,1707.0,211.46373135288067,18.0,11932,11687.0,11.0,6,0.002646454367736501,0.0035464802238285116,regression,227.909,0.1002,0.00078,regression,19.917,0.143,0.29931,none,-210.823,-0.4056,0.00273,improvement,-138.424,-0.2616,0.34342,none,0,0,1,none,-61,-0.0785,0.8848,none
bb0ab7c7e2afc6eed24ab6c9429a20ebc6ec787a,877cbdb6f99bee7885c4c46414af1fc49c1d581c,2024-11-14T20:44:46+05:30,ok,11.0,340.0,281.0,6.0,8.0,0.44099777133274354,0.0,6.0,180.0,0.0,0.0,0.0,0.0,0.0,0.0,1.0,3.0,0.0,0.0,0.0,0.0,0.0,0.0,1.0,4.0,1.0,419.0,2.0,15.0,0.0,0,0,0,0,0,0,1,0,7.0,4.0,0.0,0.0,0.0,0.0,0.0,0.0,0.0,0.0,0.0,0.0,0.0,0.0,0.0,0.0,0.0,0.0,0.0,0.0,0.0,0.0,0.0,0.0,0.0,0.0,0.0,0.0,0.0,0.0,0.0,0.0,0.0,0.0,0.0,0.0,0.0,0.0,2.0,1.0,0.0,0.0,0.0,0.0,0.0,2.0,0.0,0.0,0.0,0.0,0.0,0.0,0.0,0.0,0.0,0.0,0.0,0.0,0.0,0.0,0.0,0.0,0.0,1.0,0.0,1.0,58.0,0.0,14.0,1719.0,129.19143952546295,14.0,540,527.0,-5.0,0,0.00011945301138829617,0.00015935570703587196,none,0.779,0.0003,0.95683,none,4.558,0.0346,0.96929,none,-9.517,-0.0305,1,none,-4.156,-0.0144,0.98354,none,0,-0.2148,0.05269,none,73,0.1025,0.99805,none
cc562549a9a32de942e7d1109a845919d2c73f63,bb0ab7c7e2afc6eed24ab6c9429a20ebc6ec787a,2025-01-06T12:17:16+05:30,ok,2.0,6.0,6.0,1.0,1.0,0.0,0.0,2.0,12.0,0.0,0.0,0.0,0.0,0.0,0.0,0.0,0.0,0.0,0.0,0.0,0.0,0.0,0.0,0.0,0.0,0.0,0.0,0.0,0.0,0.0,0,0,0,0,0,0,0,0,3.0,1.0,0.0,0.0,0.0,0.0,0.0,0.0,0.0,0.0,1.0,0.0,0.0,0.0,1.0,0.0,0.0,0.0,0.0,0.0,0.0,0.0,0.0,0.0,0.0,0.0,0.0,0.0,0.0,0.0,0.0,0.0,0.0,0.0,0.0,0.0,0.0,0.0,0.0,0.0,0.0,0.0,0.0,0.0,0.0,0.0,0.0,0.0,0.0,0.0,0.0,0.0,0.0,0.0,0.0,0.0,0.0,0.0,0.0,0.0,0.0,0.0,0.0,1.0,0.0,0.0,57.0,0.0,3.0,1732.0,75.67509259259259,3.0,11,14.0,0.0,0,2.433011453290825e-06,4.232683938838926e-06,none,-9.233,-0.0037,1,none,0.567,0.0035,0.98906,none,-43.5,-0.1236,0.93625,none,47.09,0.106,0.98354,none,0,0,1,none,-35,-0.0466,0.99805,none
c5eaf340b40d062ee45f535ebb03db2261f005c7,cc562549a9a32de942e7d1109a845919d2c73f63,2025-02-04T21:00:21+05:30,ok,4.0,494.0,422.0,2.0,4.0,0.0658144982377584,0.0,1.0,2.0,0.0,0.0,0.0,0.0,0.0,0.0,0.0,0.0,0.0,0.0,0.0,0.0,0.0,0.0,1.0,10.0,1.0,902.0,1.0,2.0,0.0,0,0,1,0,0,0,3,0,0.0,0.0,0.0,0.0,0.0,0.0,0.0,0.0,0.0,0.0,0.0,0.0,0.0,0.0,0.0,0.0,0.0,0.0,0.0,0.0,0.0,0.0,0.0,0.0,0.0,0.0,0.0,0.0,0.0,0.0,0.0,0.0,0.0,0.0,0.0,0.0,0.0,0.0,0.0,0.0,0.0,0.0,0.0,0.0,0.0,0.0,0.0,0.0,0.0,0.0,0.0,0.0,0.0,0.0,0.0,0.0,0.0,0.0,0.0,0.0,0.0,0.0,0.0,1.0,0.0,1.0,58.0,0.0,23.0,1733.0,67.36835648148148,5.0,12252,12294.0,12.0,-1,0.00270992579996669,0.003716885435033414,none,-117.466,-0.0467,0.5994,none,1.754,0.0111,0.98906,none,153.573,0.4814,0.93625,none,125.115,0.2948,0.26685,none,0,0,1,none,-77,-0.0957,0.94356,none
77234d95b30f50ab1045274f813ddd9dca19fdb2,c5eaf340b40d062ee45f535ebb03db2261f005c7,2025-02-14T13:45:46+05:30,ok,2.0,95.0,20.0,2.0,1.0,0.17437145292163492,0.0,2.0,115.0,0.0,0.0,0.0,0.0,0.0,0.0,0.0,0.0,0.0,0.0,0.0,0.0,0.0,0.0,0.0,0.0,0.0,0.0,0.0,0.0,0.0,0,0,0,0,0,0,0,0,0.0,0.0,0.0,0.0,0.0,0.0,0.0,0.0,0.0,0.0,0.0,0.0,0.0,0.0,0.0,0.0,0.0,0.0,0.0,0.0,0.0,0.0,0.0,0.0,0.0,0.0,0.0,0.0,0.0,0.0,0.0,0.0,0.0,0.0,0.0,0.0,0.0,0.0,0.0,0.0,0.0,0.0,0.0,0.0,0.0,0.0,0.0,0.0,0.0,0.0,0.0,0.0,0.0,0.0,0.0,0.0,0.0,0.0,0.0,0.0,0.0,0.0,0.0,1.0,0.0,0.0,54.0,0.0,8.0,1744.0,50.84842013888888,5.0,-59,-60.0,10.0,0,-1.3014488655226122e-05,-1.8072822631511412e-05,none,8.536,0.0034,0.72109,none,-3.046,-0.0188,1,none,9.923,0.0333,1,none,-179.323,-0.2469,0.73611,none,0,0,1,none,37,0.0479,1,none
9a70c08a6f6592f00c1307a1f66ca9a45b8d0f41,77234d95b30f50ab1045274f813ddd9dca19fdb2,2025-02-14T13:46:19+05:30,ok,3.0,90.0,114.0,2.0,3.0,0.5905461416100624,0.0,1.0,58.0,0.0,0.0,0.0,0.0,0.0,0.0,0.0,0.0,0.0,0.0,0.0,0.0,0.0,0.0,1.0,2.0,1.0,144.0,0.0,0.0,0.0,0,0,0,0,0,0,1,0,6.0,3.0,0.0,0.0,0.0,0.0,0.0,0.0,0.0,0.0,1.0,1.0,0.0,0.0,0.0,0.0,0.0,0.0,0.0,0.0,1.0,1.0,0.0,0.0,0.0,0.0,0.0,0.0,0.0,0.0,0.0,0.0,0.0,0.0,0.0,0.0,0.0,0.0,0.0,0.0,0.0,0.0,0.0,0.0,0.0,0.0,0.0,0.0,0.0,0.0,0.0,0.0,0.0,0.0,0.0,0.0,0.0,0.0,0.0,0.0,0.0,0.0,0.0,1.0,0.0,1.0,58.0,0.0,6.0,1749.0,25.660862268518517,5.0,-4995,-8784.0,-1615.0,-1,-0.0011018341844331455,-0.002645909052298272,none,-159.131,-0.0648,0.1627,none,-2.532,-0.016,1,none,6.28,0.0136,0.96303,none,-15.332,-0.0242,0.98354,none,0,0,1,none,-38,-0.049,0.99805,none
e0b660d56bc750ea7200caf510f8bc49f632761d,9a70c08a6f6592f00c1307a1f66ca9a45b8d0f41,2025-02-21T22:43:23+05:30,ok,6.0,85.0,64.0,4.0,5.0,0.7074768375734207,0.0,2.0,89.0,0.0,0.0,0.0,0.0,0.0,0.0,0.0,0.0,0.0,0.0,0.0,0.0,0.0,0.0,1.0,4.0,1.0,50.0,2.0,6.0,0.0,0,0,0,0,0,0,1,0,1.0,1.0,0.0,0.0,0.0,0.0,0.0,0.0,0.0,0.0,1.0,0.0,0.0,0.0,0.0,0.0,0.0,0.0,0.0,0.0,0.0,0.0,0.0,0.0,0.0,0.0,0.0,0.0,0.0,0.0,0.0,0.0,0.0,0.0,0.0,0.0,0.0,0.0,0.0,0.0,0.0,0.0,0.0,0.0,0.0,0.0,0.0,0.0,0.0,0.0,0.0,0.0,0.0,0.0,0.0,0.0,0.0,0.0,0.0,0.0,0.0,0.0,0.0,1.0,0.0,1.0,58.0,0.0,12.0,1754.0,62.32841666666667,9.0,113,43.0,67.0,0,2.4953873978519794e-05,1.2986785492733743e-05,none,48.586,0.0199,0.95683,none,-13.078,-0.0729,0.94643,none,-51.002,-0.1401,0.93625,none,17.526,0.0194,0.98354,none,0,0,1,none,69,0.0909,0.84127,none
c20996488d32f998fef5400811b2ced76f2c30ac,e0b660d56bc750ea7200caf510f8bc49f632761d,2025-02-25T07:47:29+01:00,ok,5.0,32.0,8.0,3.0,5.0,0.9151550616058828,0.0,1.0,4.0,0.0,0.0,0.0,0.0,0.0,0.0,0.0,0.0,1.0,3.0,0.0,0.0,0.0,0.0,0.0,0.0,1.0,12.0,2.0,21.0,0.0,0,0,0,0,0,0,0,0,0.0,0.0,0.0,0.0,0.0,0.0,0.0,0.0,0.0,0.0,0.0,0.0,0.0,0.0,0.0,0.0,0.0,0.0,0.0,0.0,0.0,0.0,0.0,0.0,0.0,0.0,0.0,0.0,0.0,0.0,0.0,0.0,0.0,0.0,0.0,0.0,0.0,0.0,0.0,0.0,0.0,0.0,0.0,0.0,0.0,0.0,0.0,0.0,0.0,0.0,0.0,0.0,0.0,0.0,0.0,0.0,0.0,0.0,0.0,0.0,0.0,0.0,0.0,1.0,0.0,1.0,58.0,0.0,9.0,1759.0,491.2457118055555,2.0,708,249.0,0.0,1,0.00015634426477122065,7.520157192426325e-05,none,-2.385,-0.001,1,none,15.861,0.0984,0.74926,none,18.766,0.0633,0.84275,none,81.893,0.1377,0.76897,none,0,0,1,none,-64,-0.0818,0.99805,none
51b187be6af22449b742b5d790e4d0e3d7727cfb,c20996488d32f998fef5400811b2ced76f2c30ac,2025-03-13T21:54:54+05:30,ok,7.0,125.0,118.0,3.0,4.0,0.6779497269539997,0.0,3.0,113.0,0.0,0.0,0.0,0.0,0.0,0.0,1.0,19.0,0.0,0.0,0.0,0.0,0.0,0.0,1.0,2.0,1.0,107.0,1.0,2.0,0.0,0,0,0,0,0,0,1,0,0.0,2.0,0.0,0.0,0.0,0.0,0.0,0.0,0.0,0.0,0.0,0.0,0.0,0.0,1.0,0.0,0.0,0.0,1.0,0.0,0.0,1.0,0.0,0.0,0.0,0.0,0.0,0.0,0.0,0.0,0.0,0.0,1.0,1.0,0.0,0.0,0.0,0.0,0.0,0.0,0.0,0.0,0.0,0.0,0.0,0.0,0.0,0.0,0.0,0.0,0.0,0.0,0.0,0.0,0.0,0.0,0.0,0.0,0.0,0.0,0.0,0.0,0.0,1.0,0.0,1.0,58.0,0.0,15.0,1767.0,64.26827777777778,7.0,396,402.0,0.0,0,8.743312249292145e-05,0.00012140063720234949,none,86.311,0.0356,0.5994,none,6.401,0.041,1,none,23.5,0.0861,0.96303,none,21.253,0.0351,0.98354,none,0,0,1,none,50,0.0649,0.77343,none
e29170a1aa397ff2ad253315cecedeca54a6eb07,51b187be6af22449b742b5d790e4d0e3d7727cfb,2025-03-15T06:02:18+05:30,ok,1.0,4.0,3.0,1.0,1.0,0.0,0.0,1.0,7.0,0.0,0.0,0.0,0.0,0.0,0.0,0.0,0.0,0.0,0.0,0.0,0.0,0.0,0.0,0.0,0.0,0.0,0.0,0.0,0.0,0.0,0,0,0,0,0,0,0,0,0.0,0.0,0.0,0.0,0.0,0.0,0.0,0.0,0.0,0.0,0.0,0.0,0.0,0.0,0.0,0.0,0.0,0.0,0.0,0.0,0.0,0.0,0.0,0.0,0.0,0.0,0.0,0.0,0.0,0.0,0.0,0.0,1.0,0.0,0.0,0.0,0.0,0.0,0.0,0.0,0.0,0.0,0.0,0.0,0.0,0.0,0.0,0.0,0.0,0.0,0.0,0.0,0.0,0.0,0.0,0.0,0.0,0.0,0.0,0.0,0.0,0.0,0.0,1.0,0.0,0.0,58.0,0.0,3.0,1772.0,1.3475925925925927,1.0,71,29.0,36.0,0,1.567477015488439e-05,8.756694341846853e-06,regression,71.407,0.0292,0.06271,none,6.529,0.0395,0.98906,none,39.5,0.1367,0.00744,regression,-108.394,-0.1619,0.73611,none,0,0,1,none,-1,-0.0013,1,none
d92c1e5e4c20d866345dd4f9dae27de2a6e3812f,e29170a1aa397ff2ad253315cecedeca54a6eb07,2025-03-15T06:39:13+05:30,ok,2.0,11.0,32.0,2.0,2.0,0.693127415328288,0.0,2.0,43.0,0.0,0.0,0.0,0.0,0.0,0.0,0.0,0.0,0.0,0.0,0.0,0.0,0.0,0.0,0.0,0.0,0.0,0.0,0.0,0.0,0.0,0,0,0,0,0,0,0,0,1.0,0.0,0.0,0.0,0.0,0.0,0.0,0.0,0.0,0.0,0.0,1.0,0.0,0.0,0.0,0.0,0.0,0.0,0.0,0.0,0.0,0.0,0.0,0.0,2.0,3.0,0.0,0.0,0.0,0.0,0.0,0.0,1.0,1.0,1.0,1.0,0.0,0.0,0.0,0.0,0.0,0.0,0.0,0.0,0.0,0.0,0.0,1.0,0.0,0.0,0.0,0.0,0.0,0.0,0.0,0.0,0.0,0.0,0.0,0.0,0.0,0.0,0.0,1.0,0.0,0.0,58.0,0.0,3.0,1775.0,60.71319444444445,4.0,191,305.0,-105.0,2,4.2166678477752e-05,9.209546162623675e-05,none,11.066,0.0044,0.9038,none,-5.178,-0.0302,0.98906,none,23.912,0.0735,0.99083,none,431.487,0.5644,0.98354,none,0,0,1,none,-9,-0.0113,1,none
e0cbcd21a8b473fd2151ce49c242724e22957ea7,d92c1e5e4c20d866345dd4f9dae27de2a6e3812f,2025-03-15T19:29:41-07:00,ok,5.0,33.0,50.0,4.0,4.0,0.8551038406915243,0.0,2.0,31.0,0.0,0.0,0.0,0.0,0.0,0.0,0.0,0.0,0.0,0.0,0.0,0.0,0.0,0.0,1.0,2.0,1.0,19.0,1.0,31.0,0.0,0,1,0,0,0,1,0,0,0.0,2.0,0.0,0.0,0.0,0.0,0.0,0.0,0.0,0.0,0.0,0.0,0.0,0.0,0.0,0.0,0.0,0.0,0.0,0.0,0.0,0.0,0.0,0.0,0.0,0.0,0.0,0.0,0.0,0.0,0.0,0.0,0.0,0.0,0.0,0.0,0.0,0.0,0.0,0.0,0.0,0.0,0.0,0.0,0.0,0.0,0.0,0.0,0.0,0.0,0.0,0.0,0.0,0.0,0.0,0.0,0.0,0.0,0.0,0.0,0.0,0.0,0.0,1.0,0.0,0.0,58.0,0.0,7.0,1778.0,135.5379542824074,6.0,-229,-238.0,0.0,0,-5.055372890044094e-05,-7.185803750264938e-05,none,185.687,0.079,0.79378,none,-12.683,-0.0789,0.96929,none,-151.211,-0.3279,0.96303,none,58.425,0.1228,0.93625,none,0,0,1,none,4,0.0051,1,none
fe428c7ceabf12fe69acd0cf06573f2fad0fa949,e0cbcd21a8b473fd2151ce49c242724e22957ea7,2025-03-15T19:55:50-07:00,ok,3.0,4.0,9.0,2.0,3.0,0.4878527713892913,0.0,0.0,0.0,0.0,0.0,0.0,0.0,0.0,0.0,0.0,0.0,0.0,0.0,1.0,11.0,0.0,0.0,0.0,0.0,0.0,0.0,2.0,2.0,0.0,0,0,0,0,0,0,0,0,0.0,0.0,0.0,0.0,0.0,0.0,0.0,0.0,0.0,0.0,0.0,0.0,0.0,0.0,0.0,0.0,0.0,0.0,0.0,0.0,0.0,0.0,0.0,0.0,0.0,0.0,0.0,0.0,0.0,0.0,0.0,0.0,0.0,0.0,0.0,0.0,0.0,0.0,0.0,0.0,0.0,0.0,0.0,0.0,0.0,0.0,0.0,0.0,0.0,0.0,0.0,0.0,0.0,0.0,1.0,0.0,0.0,0.0,0.0,0.0,0.0,0.0,0.0,0.0,0.0,0.0,30.0,0.0,3.0,1785.0,280.6338850308642,4.0,-1,11.0,0.0,0,-2.2076980222337268e-07,3.321408470437049e-06,none,205.015,0.0872,0.5994,none,-6.235,-0.0404,0.94643,none,-192.709,-0.3655,0.93625,none,46.904,0.0883,0.98354,none,0,0,1,none,20,0.0255,1,none
9288094c30161331463f135b1e29583573ff09c0,fe428c7ceabf12fe69acd0cf06573f2fad0fa949,2025-03-15T20:00:13-07:00,ok,1.0,2.0,2.0,1.0,1.0,0.0,0.0,0.0,0.0,0.0,0.0,0.0,0.0,0.0,0.0,0.0,0.0,0.0,0.0,1.0,4.0,0.0,0.0,0.0,0.0,0.0,0.0,0.0,0.0,0.0,0,0,0,0,0,0,0,0,0.0,0.0,0.0,0.0,0.0,0.0,0.0,0.0,0.0,0.0,0.0,0.0,0.0,0.0,0.0,0.0,0.0,0.0,0.0,0.0,0.0,0.0,0.0,0.0,0.0,0.0,0.0,0.0,0.0,0.0,0.0,0.0,0.0,0.0,0.0,0.0,0.0,0.0,0.0,0.0,0.0,0.0,0.0,0.0,0.0,0.0,0.0,0.0,0.0,0.0,0.0,0.0,0.0,0.0,1.0,0.0,0.0,0.0,0.0,0.0,0.0,0.0,0.0,0.0,0.0,0.0,20.0,0.0,1.0,1786.0,0.0030439814814814813,2.0,-10,-10.0,0.0,0,-2.20769850962689e-06,-3.019452217017693e-06,none,-148.288,-0.0581,1,none,-13.191,-0.0788,0.98906,none,196.861,0.5704,0.96303,none,-202.381,-0.2857,0.98354,none,0,0,1,none,-8,-0.01,0.84127,none
c677afc04af6fa5734fe351aca8059d6e6392310,9288094c30161331463f135b1e29583573ff09c0,2025-03-15T20:30:41-07:00,ok,3.0,22.0,1.0,2.0,3.0,0.4280272187063688,0.0,1.0,20.0,0.0,0.0,0.0,0.0,0.0,0.0,0.0,0.0,0.0,0.0,0.0,0.0,0.0,0.0,0.0,0.0,0.0,0.0,2.0,3.0,0.0,0,0,0,0,0,0,0,0,3.0,0.0,0.0,0.0,0.0,0.0,0.0,0.0,0.0,0.0,0.0,0.0,0.0,0.0,0.0,0.0,0.0,0.0,0.0,0.0,0.0,0.0,0.0,0.0,0.0,0.0,0.0,0.0,0.0,0.0,0.0,0.0,0.0,0.0,0.0,0.0,0.0,0.0,0.0,0.0,0.0,0.0,0.0,0.0,0.0,0.0,0.0,0.0,0.0,0.0,0.0,0.0,0.0,0.0,1.0,0.0,0.0,0.0,0.0,0.0,0.0,0.0,0.0,0.0,0.0,0.0,40.0,0.0,2.0,1788.0,63.72612268518518,3.0,206,160.0,46.0,0,4.547868970154941e-05,4.83113813461906e-05,none,-195.026,-0.0763,0.99805,none,8.331,0.0583,0.98906,none,172.663,0.5065,0.93625,none,-42.192,-0.0825,0.98354,none,0,0,1,none,-9,-0.0115,1,none
66b4a427b77ee75aedb7c4ed194dd98466180f2b,c677afc04af6fa5734fe351aca8059d6e6392310,2025-03-15T20:35:03-07:00,ok,3.0,91.0,13.0,1.0,3.0,0.4803586373482665,0.0,0.0,0.0,0.0,0.0,0.0,0.0,0.0,0.0,0.0,0.0,0.0,0.0,0.0,0.0,0.0,0.0,1.0,1.0,1.0,84.0,1.0,19.0,0.0,0,0,0,0,1,0,0,0,0.0,0.0,0.0,0.0,0.0,0.0,0.0,0.0,0.0,0.0,0.0,0.0,0.0,0.0,0.0,0.0,0.0,0.0,0.0,0.0,0.0,0.0,0.0,0.0,0.0,0.0,0.0,0.0,0.0,0.0,0.0,0.0,0.0,0.0,0.0,0.0,0.0,0.0,0.0,0.0,0.0,0.0,0.0,0.0,0.0,0.0,0.0,0.0,0.0,0.0,0.0,0.0,0.0,0.0,1.0,0.0,0.0,0.0,0.0,0.0,0.0,0.0,0.0,0.0,0.0,0.0,30.0,0.0,2.0,1790.0,0.5520775462962962,5.0,20,11.0,0.0,0,4.415205969358471e-06,3.321247013519589e-06,none,33.832,0.0134,0.5994,none,1.056,0.0069,0.94643,none,-48.5,-0.1283,0.93625,none,-77.077,-0.1334,0.84468,none,0,0,1,none,6,0.0076,0.8848,none
b5be8ca4fc3033d46abf74f62e33369a20e64cbd,66b4a427b77ee75aedb7c4ed194dd98466180f2b,2025-03-15T20:35:47-07:00,ok,1.0,1.0,6.0,1.0,1.0,0.0,0.0,0.0,0.0,0.0,0.0,0.0,0.0,0.0,0.0,0.0,0.0,0.0,0.0,0.0,0.0,0.0,0.0,0.0,0.0,1.0,7.0,0.0,0.0,0.0,0,0,0,0,0,0,0,0,0.0,0.0,0.0,0.0,0.0,0.0,0.0,0.0,0.0,0.0,0.0,0.0,0.0,0.0,0.0,0.0,0.0,0.0,0.0,0.0,0.0,0.0,0.0,0.0,0.0,0.0,0.0,0.0,0.0,0.0,0.0,0.0,0.0,0.0,0.0,0.0,0.0,0.0,0.0,0.0,0.0,0.0,0.0,0.0,0.0,0.0,0.0,0.0,0.0,0.0,0.0,0.0,0.0,0.0,0.0,0.0,0.0,0.0,0.0,0.0,0.0,0.0,0.0,1.0,0.0,0.0,60.0,0.0,2.0,1791.0,0.0,0.0,-52,-37.0,0.0,0,-1.147948483604205e-05,-1.1171430124214226e-05,none,-15.643,-0.0062,0.5994,none,0.98,0.0064,1,none,5,0.0151,0.93625,none,94.595,0.2024,0.73611,none,0,0,1,none,-2,-0.0025,1,none
18cd3c45915347bbc8793c0ce30f0285111534eb,b5be8ca4fc3033d46abf74f62e33369a20e64cbd,2025-03-16T19:42:04-07:00,ok,1.0,107.0,75.0,1.0,1.0,0.0,0.0,0.0,0.0,0.0,0.0,0.0,0.0,0.0,0.0,0.0,0.0,0.0,0.0,0.0,0.0,0.0,0.0,0.0,0.0,1.0,182.0,0.0,0.0,0.0,0,0,0,0,0,0,0,0,0.0,0.0,0.0,0.0,0.0,0.0,0.0,0.0,0.0,0.0,0.0,0.0,0.0,0.0,0.0,0.0,0.0,0.0,0.0,0.0,0.0,0.0,0.0,0.0,0.0,0.0,0.0,0.0,0.0,0.0,0.0,0.0,0.0,0.0,0.0,0.0,0.0,0.0,0.0,0.0,0.0,0.0,0.0,0.0,0.0,0.0,0.0,0.0,0.0,0.0,0.0,0.0,0.0,0.0,0.0,0.0,0.0,0.0,0.0,0.0,0.0,0.0,0.0,1.0,0.0,1.0,66.0,0.0,2.0,1792.0,0.0,0.0,5508,5505.0,0.0,0,0.0012159563138774436,0.0016621462127070098,none,97.535,0.0412,0.5994,none,-11.63,-0.0728,0.86086,none,9.213,0.0184,1,none,-90.896,-0.1433,0.73611,none,0,0,1,none,-14,-0.0173,0.90992,none
1195ea94b37a2f41f9baea9c665230a6a50c467e,18cd3c45915347bbc8793c0ce30f0285111534eb,2025-03-16T19:43:06-07:00,ok,2.0,8.0,8.0,1.0,2.0,0.5435644431995964,0.0,0.0,0.0,0.0,0.0,0.0,0.0,0.0,0.0,0.0,0.0,0.0,0.0,0.0,0.0,0.0,0.0,1.0,2.0,1.0,14.0,0.0,0.0,0.0,0,0,0,0,0,0,1,0,0.0,0.0,0.0,0.0,0.0,0.0,0.0,0.0,0.0,0.0,0.0,0.0,0.0,0.0,0.0,0.0,0.0,0.0,0.0,0.0,0.0,0.0,0.0,0.0,0.0,0.0,0.0,0.0,0.0,0.0,0.0,0.0,0.0,0.0,0.0,0.0,0.0,0.0,0.0,0.0,0.0,0.0,0.0,0.0,0.0,0.0,0.0,0.0,0.0,0.0,0.0,0.0,0.0,0.0,0.0,0.0,0.0,0.0,0.0,0.0,0.0,0.0,0.0,1.0,0.0,1.0,71.0,0.0,2.0,1793.0,0.9639236111111111,3.0,21,30.0,0.0,0,4.6303686920046325e-06,9.042986741775705e-06,none,52.673,0.0221,0.95683,none,7.009,0.0444,1,none,9.321,0.0182,0.99083,none,185.781,0.3573,0.73611,none,0,0,1,none,-23,-0.0279,0.90018,none
4a8dbfadba2b999074b477bf9e43ceb97dba220a,1195ea94b37a2f41f9baea9c665230a6a50c467e,2025-03-16T19:49:53-07:00,ok,16.0,8552.0,7128.0,5.0,14.0,0.26993603319792236,0.0,0.0,0.0,0.0,0.0,0.0,0.0,0.0,0.0,0.0,0.0,1.0,23.0,0.0,0.0,2.0,5.0,1.0,29.0,2.0,15552.0,10.0,71.0,0.0,0,0,1,0,0,0,1,0,0.0,0.0,0.0,0.0,0.0,0.0,0.0,0.0,0.0,0.0,0.0,0.0,0.0,0.0,0.0,0.0,0.0,0.0,0.0,0.0,0.0,0.0,0.0,0.0,0.0,0.0,0.0,0.0,0.0,0.0,0.0,0.0,0.0,0.0,0.0,0.0,0.0,0.0,0.0,0.0,0.0,0.0,0.0,0.0,0.0,0.0,0.0,0.0,0.0,0.0,0.0,0.0,0.0,0.0,0.0,0.0,0.0,0.0,0.0,0.0,0.0,0.0,0.0,1.0,0.0,0.0,50.0,0.0,8.0,1794.0,548.0945325854701,10.0,-7428,-7437.0,0.0,0,-0.0016378199707758941,-0.002241736141295993,none,34.243,0.0136,1,none,13.824,0.0914,1,none,6.162,0.0189,0.93625,none,-241.524,-0.3245,0.85745,none,0,0,1,none,-31,-0.0384,0.77343,none
afd5aaaada9119eed001cad490d540c9f5fb270b,4a8dbfadba2b999074b477bf9e43ceb97dba220a,2025-03-17T12:09:32-07:00,ok,2.0,55.0,55.0,1.0,2.0,0.9997615248696312,0.0,0.0,0.0,0.0,0.0,0.0,0.0,0.0,0.0,0.0,0.0,0.0,0.0,0.0,0.0,0.0,0.0,1.0,56.0,1.0,54.0,0.0,0.0,0.0,0,0,4,0,0,0,23,0,0.0,0.0,0.0,0.0,0.0,0.0,0.0,0.0,0.0,0.0,0.0,0.0,0.0,0.0,0.0,0.0,0.0,0.0,0.0,0.0,0.0,0.0,0.0,0.0,0.0,0.0,0.0,0.0,0.0,0.0,0.0,0.0,0.0,0.0,0.0,0.0,0.0,0.0,0.0,0.0,0.0,0.0,0.0,0.0,0.0,0.0,0.0,0.0,0.0,0.0,0.0,0.0,0.0,0.0,0.0,0.0,0.0,0.0,0.0,0.0,0.0,0.0,0.0,1.0,0.0,1.0,71.0,0.0,2.0,1802.0,0.6821990740740741,2.0,-22,-16.0,0.0,0,-4.858797814159376e-06,-4.833718570633166e-06,none,-108.617,-0.0428,0.95683,none,-3.935,-0.0221,0.98906,none,141.714,0.3937,0.99083,none,-175.318,-0.2629,0.73611,none,0,0,1,none,6,0.0076,1,none
631cc43f2b3d0a30985cd921363df90f1895ae63,afd5aaaada9119eed001cad490d540c9f5fb270b,2025-03-17T12:44:07-07:00,ok,3.0,11.0,11.0,1.0,3.0,0.6913698302025114,0.0,0.0,0.0,0.0,0.0,0.0,0.0,0.0,0.0,0.0,0.0,0.0,0.0,0.0,0.0,0.0,0.0,1.0,4.0,1.0,16.0,1.0,2.0,0.0,0,0,0,0,0,0,1,0,0.0,0.0,0.0,0.0,0.0,0.0,0.0,0.0,0.0,0.0,0.0,0.0,0.0,0.0,0.0,0.0,0.0,0.0,0.0,0.0,0.0,0.0,0.0,0.0,0.0,0.0,0.0,0.0,0.0,0.0,0.0,0.0,0.0,0.0,0.0,0.0,0.0,0.0,0.0,0.0,0.0,0.0,0.0,0.0,0.0,0.0,0.0,0.0,0.0,0.0,0.0,0.0,0.0,0.0,0.0,0.0,0.0,0.0,0.0,0.0,0.0,0.0,0.0,1.0,0.0,1.0,65.0,0.0,2.0,1803.0,0.42747685185185186,6.0,27,24.0,0.0,0,5.9630990181426185e-06,7.2506129033719885e-06,none,91.545,0.0376,0.72109,none,20.01,0.1322,0.96929,none,-180.853,-0.3611,0.93625,none,-65.801,-0.1252,0.93625,none,0,0,1,none,-40,-0.0469,0.9038,none
93d02aadc019152f212d509381f55a21c32719f7,631cc43f2b3d0a30985cd921363df90f1895ae63,2025-03-18T12:57:23-07:00,ok,31.0,664.0,2086.0,8.0,23.0,0.6528591642212618,0.0,6.0,195.0,0.0,0.0,0.0,0.0,0.0,0.0,14.0,1072.0,1.0,1.0,3.0,24.0,1.0,5.0,1.0,20.0,1.0,1362.0,4.0,71.0,0.0,0,0,0,0,1,4,0,0,1.0,10.0,0.0,0.0,0.0,0.0,0.0,0.0,0.0,0.0,0.0,0.0,0.0,0.0,0.0,0.0,0.0,0.0,0.0,1.0,0.0,17.0,0.0,0.0,0.0,0.0,0.0,0.0,0.0,0.0,0.0,0.0,0.0,4.0,0.0,0.0,0.0,0.0,0.0,3.0,0.0,2.0,0.0,0.0,0.0,0.0,0.0,0.0,0.0,7.0,0.0,0.0,0.0,0.0,0.0,0.0,0.0,0.0,0.0,0.0,0.0,0.0,0.0,1.0,0.0,0.0,48.0,0.0,9.0,1804.0,356.69647238756613,7.0,-45,-42.0,0.0,0,-9.938439099674593e-06,-1.268848058163995e-05,none,152.166,0.0646,0.99805,none,-0.495,-0.0034,0.98906,none,-159,-0.3161,0.93625,none,-8.093,-0.0154,1,none,0,0,1,none,18,0.024,1,none
097f6f0f34c8a58db3dc0807767b94c14eef4183,93d02aadc019152f212d509381f55a21c32719f7,2025-03-24T10:40:44-07:00,ok,100.0,3176.0,1883.0,28.0,27.0,0.8336515905584896,0.0,74.0,3821.0,0.0,0.0,1.0,2.0,2.0,0.0,11.0,510.0,0.0,0.0,5.0,158.0,2.0,29.0,1.0,17.0,1.0,436.0,3.0,68.0,0.0,2,1,0,0,12,2,0,0,261.0,63.0,0.0,0.0,0.0,0.0,2.0,0.0,0.0,0.0,4.0,13.0,2.0,5.0,4.0,1.0,0.0,0.0,0.0,0.0,0.0,1.0,3.0,3.0,1.0,6.0,3.0,1.0,2.0,0.0,0.0,0.0,4.0,2.0,1.0,1.0,0.0,0.0,4.0,3.0,0.0,7.0,0.0,0.0,1.0,13.0,1.0,3.0,13.0,2.0,0.0,0.0,0.0,0.0,0.0,0.0,0.0,0.0,0.0,0.0,0.0,0.0,0.0,1.0,0.0,0.0,54.0,0.0,97.0,1813.0,165.56506761695906,18.0,205377,78053.0,-6946.0,4,0.04535882428422098,0.023580631936646217,regression,-60.672,-0.0248,0.56292,none,3.765,0.0244,1,none,136.339,0.2806,0.03774,regression,227.088,0.4413,0.73611,none,0.021,159.9686,0,regression,-190,-0.2303,0.00379,improvement
37716245f7086df0802a03bf5c3215583f55dce2,097f6f0f34c8a58db3dc0807767b94c14eef4183,2025-03-26T09:36:28-07:00,ok,4.0,20.0,4.0,2.0,1.0,0.9515535841814056,0.0,4.0,24.0,0.0,0.0,0.0,0.0,0.0,0.0,0.0,0.0,0.0,0.0,0.0,0.0,0.0,0.0,0.0,0.0,0.0,0.0,0.0,0.0,0.0,0,0,0,0,0,0,0,0,1.0,1.0,0.0,0.0,0.0,0.0,0.0,0.0,0.0,0.0,0.0,0.0,0.0,0.0,1.0,0.0,0.0,0.0,0.0,0.0,0.0,0.0,0.0,0.0,0.0,0.0,0.0,0.0,0.0,0.0,0.0,0.0,0.0,0.0,0.0,0.0,0.0,0.0,0.0,0.0,0.0,0.0,0.0,0.0,0.0,0.0,0.0,0.0,0.0,0.0,0.0,0.0,0.0,0.0,0.0,0.0,0.0,0.0,0.0,0.0,0.0,0.0,0.0,1.0,0.0,0.0,44.0,0.0,1.0,1910.0,7.338897569444445,3.0,-12,3.0,0.0,0,-2.5352794701941984e-06,8.854520232578731e-07,none,-91.368,-0.0359,0.79378,none,1.557,0.0109,1,none,157.32,0.297,0.96303,none,-195.779,-0.3082,0.85745,none,0,0,1,none,6,0.009,0.99805,none
a5c4036927cde06bf3790774fffbd73f32142eed,8320bb06515438e798ec7cee681b65353683b7ed,2025-04-02T02:19:48-07:00,ok,4.0,80.0,149.0,2.0,1.0,0.574081763394855,0.0,4.0,229.0,0.0,0.0,0.0,0.0,0.0,0.0,0.0,0.0,0.0,0.0,0.0,0.0,0.0,0.0,0.0,0.0,0.0,0.0,0.0,0.0,0.0,0,0,0,0,0,0,0,0,4.0,4.0,0.0,0.0,0.0,0.0,0.0,0.0,0.0,0.0,2.0,2.0,0.0,0.0,1.0,1.0,0.0,0.0,0.0,0.0,0.0,0.0,0.0,0.0,0.0,0.0,0.0,0.0,0.0,0.0,0.0,0.0,0.0,0.0,0.0,0.0,0.0,0.0,0.0,0.0,0.0,0.0,0.0,0.0,0.0,0.0,0.0,0.0,0.0,0.0,0.0,0.0,0.0,0.0,0.0,0.0,0.0,0.0,0.0,0.0,0.0,0.0,0.0,1.0,0.0,0.0,57.0,0.0,5.0,1913.0,27.269185956790125,3.0,-327,-260.0,-67.0,0,-6.90861466219304e-05,-7.673890355454601e-05,none,-5.768,-0.0025,1,none,-5.59,-0.0389,1,none,12.866,0.0199,0.96303,none,65.494,0.1741,0.98354,none,0,0,1,none,4,0.0063,0.98945,none
8fd44b8d5b6325e010abd830c2072988d7601990,a5c4036927cde06bf3790774fffbd73f32142eed,2025-04-02T02:20:17-07:00,ok,2.0,99.0,99.0,1.0,2.0,0.5879303728017198,0.0,0.0,0.0,0.0,0.0,0.0,0.0,0.0,0.0,0.0,0.0,0.0,0.0,0.0,0.0,0.0,0.0,1.0,28.0,1.0,170.0,0.0,0.0,0.0,0,0,0,0,0,0,14,0,0.0,0.0,0.0,0.0,0.0,0.0,0.0,0.0,0.0,0.0,0.0,0.0,0.0,0.0,0.0,0.0,0.0,0.0,0.0,0.0,0.0,0.0,0.0,0.0,0.0,0.0,0.0,0.0,0.0,0.0,0.0,0.0,0.0,0.0,0.0,0.0,0.0,0.0,0.0,0.0,0.0,0.0,0.0,0.0,0.0,0.0,0.0,0.0,0.0,0.0,0.0,0.0,0.0,0.0,0.0,0.0,0.0,0.0,0.0,0.0,0.0,0.0,0.0,1.0,0.0,1.0,71.0,0.0,2.0,1917.0,0.004537037037037037,2.0,403,382.0,0.0,0,8.514874831339979e-05,0.00011275581105668134,none,78.934,0.0345,1,none,-5.528,-0.0383,1,none,-77.5,-0.1099,0.93625,none,86.216,0.2851,1,none,0,0,1,none,-32,-0.0487,0.70939,none
034fccaebbd37bf88489cb6e0b2314ea7f78f1f2,8fd44b8d5b6325e010abd830c2072988d7601990,2025-04-02T02:20:34-07:00,ok,2.0,20.0,20.0,1.0,2.0,0.28639695711595625,0.0,0.0,0.0,0.0,0.0,0.0,0.0,0.0,0.0,0.0,0.0,0.0,0.0,0.0,0.0,0.0,0.0,1.0,2.0,1.0,38.0,0.0,0.0,0.0,0,0,1,0,0,0,0,0,0.0,0.0,0.0,0.0,0.0,0.0,0.0,0.0,0.0,0.0,0.0,0.0,0.0,0.0,0.0,0.0,0.0,0.0,0.0,0.0,0.0,0.0,0.0,0.0,0.0,0.0,0.0,0.0,0.0,0.0,0.0,0.0,0.0,0.0,0.0,0.0,0.0,0.0,0.0,0.0,0.0,0.0,0.0,0.0,0.0,0.0,0.0,0.0,0.0,0.0,0.0,0.0,0.0,0.0,0.0,0.0,0.0,0.0,0.0,0.0,0.0,0.0,0.0,1.0,0.0,1.0,66.0,0.0,2.0,1918.0,0.0038541666666666668,2.0,5658,5664.0,0.0,1,0.00119536128833665,0.0016716673051507067,none,78.371,0.0329,0.95683,none,-0.081,-0.0006,1,none,-221.016,-0.3189,0.93625,none,150.44,0.2651,0.98354,none,0,0,1,none,0,0,0.99805,none
4d1a0ae07b91c9da9f03242a589e6c2c132afafe,12b0a27cf87ac38ab93fc0f45b5dd2570a01aeaa,2025-04-02T02:31:12-07:00,ok,1.0,122.0,108.0,1.0,1.0,0.0,0.0,0.0,0.0,0.0,0.0,0.0,0.0,0.0,0.0,0.0,0.0,0.0,0.0,0.0,0.0,0.0,0.0,0.0,0.0,1.0,230.0,0.0,0.0,0.0,0,0,0,0,0,0,0,0,0.0,0.0,0.0,0.0,0.0,0.0,0.0,0.0,0.0,0.0,0.0,0.0,0.0,0.0,0.0,0.0,0.0,0.0,0.0,0.0,0.0,0.0,0.0,0.0,0.0,0.0,0.0,0.0,0.0,0.0,0.0,0.0,0.0,0.0,0.0,0.0,0.0,0.0,0.0,0.0,0.0,0.0,0.0,0.0,0.0,0.0,0.0,0.0,0.0,0.0,0.0,0.0,0.0,0.0,0.0,0.0,0.0,0.0,0.0,0.0,0.0,0.0,0.0,1.0,0.0,1.0,72.0,0.0,2.0,1919.0,0.0,0.0,17,11.0,0.0,0,3.5873001135274976e-06,3.2411252833406454e-06,none,-185.521,-0.0755,0.72109,none,5.783,0.0418,1,none,157.497,0.3231,0.96303,none,149.069,0.4345,0.76897,none,0,0,1,none,-32,-0.0489,1,none
12b0a27cf87ac38ab93fc0f45b5dd2570a01aeaa,034fccaebbd37bf88489cb6e0b2314ea7f78f1f2,2025-04-02T09:29:16Z,ok,2.0,12.0,12.0,1.0,2.0,0.6500224216483541,0.0,0.0,0.0,0.0,0.0,0.0,0.0,0.0,0.0,0.0,0.0,0.0,0.0,0.0,0.0,0.0,0.0,1.0,4.0,1.0,20.0,0.0,0.0,0.0,0,0,0,0,0,0,2,1,0.0,0.0,0.0,0.0,0.0,0.0,0.0,0.0,0.0,0.0,0.0,0.0,0.0,0.0,0.0,0.0,0.0,0.0,0.0,0.0,0.0,0.0,0.0,0.0,0.0,0.0,0.0,0.0,0.0,0.0,0.0,0.0,0.0,0.0,0.0,0.0,0.0,0.0,0.0,0.0,0.0,0.0,0.0,0.0,0.0,0.0,0.0,0.0,0.0,0.0,0.0,0.0,0.0,0.0,0.0,0.0,0.0,0.0,0.0,0.0,0.0,0.0,0.0,1.0,0.0,1.0,65.0,0.0,2.0,30.0,0.0060416666666666665,2.0,-15,-15.0,0.0,0,-3.1652547871840946e-06,-4.419696761658718e-06,none,68.486,0.0289,0.99805,none,0.806,0.0057,1,none,-182.222,-0.2612,0.93625,none,-90.835,-0.1548,0.73611,none,0,0,1,none,-29,-0.0439,0.45887,none
3be0ad92f5f9425f2f441821a5e5ccf5afcd2426,4d1a0ae07b91c9da9f03242a589e6c2c132afafe,2025-04-02T10:56:07-07:00,ok,1.0,2.0,2.0,1.0,1.0,0.0,0.0,1.0,4.0,0.0,0.0,0.0,0.0,0.0,0.0,0.0,0.0,0.0,0.0,0.0,0.0,0.0,0.0,0.0,0.0,0.0,0.0,0.0,0.0,0.0,0,0,0,0,0,0,0,0,0.0,0.0,0.0,0.0,0.0,0.0,0.0,0.0,0.0,0.0,0.0,0.0,0.0,0.0,0.0,0.0,0.0,0.0,0.0,0.0,0.0,0.0,0.0,0.0,0.0,0.0,0.0,0.0,0.0,0.0,0.0,0.0,0.0,0.0,0.0,0.0,0.0,0.0,0.0,0.0,0.0,0.0,0.0,0.0,0.0,0.0,0.0,0.0,0.0,0.0,0.0,0.0,0.0,0.0,0.0,0.0,0.0,0.0,0.0,0.0,0.0,0.0,0.0,1.0,0.0,0.0,59.0,0.0,2.0,1920.0,0.36050925925925925,2.0,8,8.0,0.0,0,1.6881351740477916e-06,2.357174384350248e-06,none,208.058,0.0895,1,none,15.773,0.102,0.96929,none,29.705,0.0446,0.93625,none,49.62,0.0462,0.98354,none,0,0,1,none,22,0.0333,0.70939,none
a2965bc3ca3d7fe4cd772f47998b03d4ae4f5b48,3be0ad92f5f9425f2f441821a5e5ccf5afcd2426,2025-04-02T12:21:31-07:00,ok,7.0,42.0,16.0,4.0,2.0,0.9138681377884851,0.0,7.0,58.0,0.0,0.0,0.0,0.0,0.0,0.0,0.0,0.0,0.0,0.0,0.0,0.0,0.0,0.0,0.0,0.0,0.0,0.0,0.0,0.0,0.0,0,0,0,0,0,0,0,0,1.0,0.0,0.0,0.0,0.0,0.0,0.0,0.0,0.0,0.0,0.0,0.0,0.0,0.0,0.0,0.0,0.0,0.0,0.0,0.0,0.0,0.0,0.0,0.0,0.0,0.0,0.0,0.0,0.0,0.0,0.0,0.0,0.0,0.0,0.0,0.0,0.0,0.0,0.0,0.0,0.0,0.0,0.0,0.0,0.0,0.0,0.0,0.0,0.0,0.0,0.0,0.0,0.0,0.0,0.0,0.0,0.0,0.0,0.0,0.0,0.0,0.0,0.0,1.0,0.0,0.0,56.0,0.0,3.0,1921.0,8.932833994708995,4.0,114,114.0,0.0,0,2.405588562059437e-05,3.35896558003148e-05,none,104.14,0.0446,1,none,44.951,0.3669,1,none,-3.122,-0.0046,0.93625,none,303.632,1.1126,1,none,0,0,1,none,-29,-0.0435,0.9209,none
8320bb06515438e798ec7cee681b65353683b7ed,37716245f7086df0802a03bf5c3215583f55dce2,2025-04-02T14:43:45+05:30,ok,3.0,54.0,36.0,2.0,3.0,0.34411921038635274,0.0,0.0,0.0,0.0,0.0,0.0,0.0,0.0,0.0,1.0,2.0,0.0,0.0,0.0,0.0,0.0,0.0,1.0,7.0,1.0,81.0,0.0,0.0,0.0,0,0,0,0,1,0,0,0,0.0,0.0,0.0,0.0,0.0,0.0,0.0,0.0,0.0,0.0,0.0,0.0,0.0,0.0,0.0,0.0,0.0,0.0,0.0,0.0,0.0,0.0,0.0,0.0,0.0,0.0,0.0,0.0,0.0,0.0,0.0,0.0,0.0,0.0,0.0,0.0,0.0,0.0,0.0,0.0,0.0,0.0,0.0,0.0,0.0,0.0,0.0,0.0,0.0,0.0,0.0,1.0,0.0,0.0,0.0,0.0,0.0,0.0,0.0,0.0,0.0,0.0,0.0,0.0,0.0,0.0,23.0,0.0,2.0,1912.0,14.551539351851853,2.0,27,9.0,0.0,0,5.704393270168094e-06,2.6563537176998455e-06,none,-2.67,-0.0012,1,none,3.295,0.0239,0.98906,none,32.83,0.0494,0.93625,none,-49.96,-0.0823,1,none,0,0,1,none,8,0.0124,0.98945,none
643a7ca7608120d1af0f92c7cb7fd597658f5cc7,110b95d85493235f9c877f73f7c4dca83bbaee3d,2025-04-03T10:49:37-07:00,ok,4.0,36.0,9.0,4.0,2.0,0.6255983935489569,0.0,3.0,42.0,0.0,0.0,0.0,0.0,0.0,0.0,0.0,0.0,0.0,0.0,1.0,3.0,0.0,0.0,0.0,0.0,0.0,0.0,0.0,0.0,0.0,0,0,0,0,0,0,0,0,3.0,1.0,0.0,0.0,0.0,0.0,0.0,0.0,0.0,0.0,0.0,0.0,0.0,0.0,0.0,0.0,0.0,0.0,0.0,0.0,0.0,0.0,0.0,0.0,0.0,0.0,0.0,0.0,0.0,0.0,0.0,0.0,0.0,0.0,0.0,0.0,0.0,0.0,0.0,0.0,0.0,0.0,0.0,0.0,0.0,0.0,0.0,0.0,0.0,0.0,0.0,0.0,0.0,0.0,0.0,0.0,0.0,0.0,0.0,0.0,0.0,0.0,0.0,1.0,0.0,0.0,66.0,0.0,2.0,1924.0,8.913124999999999,2.0,154,157.0,0.0,0,3.249600552347689e-05,4.625836149347919e-05,none,266.889,0.1098,0.79378,none,-23.052,-0.1279,0.94643,none,-203.059,-0.2204,0.93625,none,-215.912,-0.1466,0.85745,none,0,0,1,none,43,0.0571,1,none
110b95d85493235f9c877f73f7c4dca83bbaee3d,a2965bc3ca3d7fe4cd772f47998b03d4ae4f5b48,2025-04-03T17:03:28Z,ok,1.0,4.0,4.0,1.0,1.0,0.0,0.0,1.0,8.0,0.0,0.0,0.0,0.0,0.0,0.0,0.0,0.0,0.0,0.0,0.0,0.0,0.0,0.0,0.0,0.0,0.0,0.0,0.0,0.0,0.0,0,0,0,0,0,0,0,0,0.0,0.0,0.0,0.0,0.0,0.0,0.0,0.0,0.0,0.0,0.0,0.0,0.0,0.0,0.0,0.0,0.0,0.0,0.0,0.0,0.0,0.0,0.0,0.0,0.0,0.0,0.0,0.0,0.0,0.0,0.0,0.0,0.0,0.0,0.0,0.0,0.0,0.0,0.0,0.0,0.0,0.0,0.0,0.0,0.0,0.0,0.0,0.0,0.0,0.0,0.0,0.0,0.0,0.0,0.0,0.0,0.0,0.0,0.0,0.0,0.0,0.0,0.0,1.0,0.0,0.0,55.0,0.0,2.0,31.0,0.9467129629629629,2.0,-35,-35.0,0.0,0,-7.385401256235652e-06,-1.0312267237396641e-05,none,-28.783,-0.0116,0.99805,none,20.753,0.1332,0.74926,none,2.438,0.0035,1,none,227.805,0.2313,0.85745,none,0,0,1,none,-21,-0.03,1,none
c530984c97ddd91302e4351d3e922521a410e234,643a7ca7608120d1af0f92c7cb7fd597658f5cc7,2025-04-03T23:24:54+05:30,ok,1.0,8.0,8.0,1.0,1.0,0.0,0.0,1.0,16.0,0.0,0.0,0.0,0.0,0.0,0.0,0.0,0.0,0.0,0.0,0.0,0.0,0.0,0.0,0.0,0.0,0.0,0.0,0.0,0.0,0.0,0,0,0,0,0,0,0,0,0.0,0.0,0.0,0.0,0.0,0.0,0.0,0.0,0.0,0.0,0.0,0.0,0.0,0.0,0.0,0.0,0.0,0.0,0.0,0.0,0.0,0.0,0.0,0.0,0.0,0.0,0.0,0.0,0.0,0.0,0.0,0.0,0.0,0.0,0.0,0.0,0.0,0.0,0.0,0.0,0.0,0.0,0.0,0.0,0.0,0.0,0.0,0.0,0.0,0.0,0.0,0.0,0.0,0.0,1.0,0.0,0.0,0.0,0.0,0.0,0.0,0.0,0.0,0.0,0.0,0.0,34.0,0.0,1.0,1926.0,0.0059490740740740745,1.0,-16,-10.0,0.0,0,-3.376098656354936e-06,-2.9462561628313286e-06,none,31.702,0.0137,0.95683,none,-5.614,-0.0327,1,none,-50.442,-0.0678,0.93625,none,-93.201,-0.0751,0.98354,none,0,0,1,none,18,0.0273,0.9038,none
96dddeb34d485c04e5ec7f857c8791003e301c82,c530984c97ddd91302e4351d3e922521a410e234,2025-04-12T09:07:24Z,ok,2.0,103.0,108.0,1.0,2.0,0.2326480456332951,0.0,0.0,0.0,0.0,0.0,0.0,0.0,0.0,0.0,0.0,0.0,0.0,0.0,0.0,0.0,0.0,0.0,1.0,8.0,1.0,203.0,0.0,0.0,0.0,0,0,0,0,0,0,3,0,0.0,0.0,0.0,0.0,0.0,0.0,0.0,0.0,0.0,0.0,0.0,0.0,0.0,0.0,0.0,0.0,0.0,0.0,0.0,0.0,0.0,0.0,0.0,0.0,0.0,0.0,0.0,0.0,0.0,0.0,0.0,0.0,0.0,0.0,0.0,0.0,0.0,0.0,0.0,0.0,0.0,0.0,0.0,0.0,0.0,0.0,0.0,0.0,0.0,0.0,0.0,0.0,0.0,0.0,0.0,0.0,0.0,0.0,0.0,0.0,0.0,0.0,0.0,1.0,0.0,1.0,65.0,0.0,2.0,32.0,9.989166666666666,2.0,544,550.0,0.0,0,0.00011478774185080885,0.00016204456638052543,none,10.649,0.0046,1,none,3.694,0.0231,0.94643,none,30,0.0537,0.93625,none,-22.253,-0.055,1,none,0,0,1,none,6,0.0102,0.87009,none
92f029830fa12517695c382c4011b900e2f99680,96dddeb34d485c04e5ec7f857c8791003e301c82,2025-04-13T08:25:59Z,ok,19.0,699.0,158.0,10.0,8.0,0.6625556790565728,0.0,13.0,503.0,0.0,0.0,1.0,6.0,1.0,0.0,0.0,0.0,0.0,0.0,0.0,0.0,2.0,15.0,1.0,11.0,1.0,318.0,0.0,0.0,0.0,10,0,0,0,1,0,0,0,27.0,8.0,0.0,0.0,0.0,0.0,1.0,0.0,0.0,0.0,4.0,1.0,2.0,0.0,0.0,0.0,0.0,0.0,0.0,0.0,0.0,0.0,1.0,0.0,0.0,0.0,0.0,0.0,0.0,0.0,0.0,0.0,0.0,0.0,0.0,0.0,0.0,0.0,0.0,1.0,0.0,0.0,0.0,0.0,3.0,2.0,0.0,0.0,1.0,0.0,0.0,0.0,0.0,0.0,0.0,0.0,0.0,0.0,0.0,0.0,0.0,0.0,0.0,1.0,0.0,0.0,52.0,0.0,22.0,33.0,91.79935257523148,8.0,218529,218581.0,53.0,0,0.04610582974627647,0.06438931763189322,regression,210.159,0.0897,0.00001,regression,-5.441,-0.0424,1,none,78.485,0.1357,0.93625,none,5.416,0.0167,1,none,0,0,1,none,71,0.1205,0.89012,none
987e09d8bc8114b12f346557d857ed28108cef37,92f029830fa12517695c382c4011b900e2f99680,2025-04-13T12:41:21Z,ok,2.0,158.0,157.0,1.0,2.0,0.2897588101801887,0.0,0.0,0.0,0.0,0.0,0.0,0.0,0.0,0.0,0.0,0.0,0.0,0.0,0.0,0.0,0.0,0.0,1.0,16.0,1.0,299.0,0.0,0.0,0.0,0,0,0,0,0,0,8,0,0.0,0.0,0.0,0.0,0.0,0.0,0.0,0.0,0.0,0.0,0.0,0.0,0.0,0.0,0.0,0.0,0.0,0.0,0.0,0.0,0.0,0.0,0.0,0.0,0.0,0.0,0.0,0.0,0.0,0.0,0.0,0.0,0.0,0.0,0.0,0.0,0.0,0.0,0.0,0.0,0.0,0.0,0.0,0.0,0.0,0.0,0.0,0.0,0.0,0.0,0.0,0.0,0.0,0.0,0.0,0.0,0.0,0.0,0.0,0.0,0.0,0.0,0.0,1.0,0.0,1.0,71.0,0.0,2.0,34.0,0.2570138888888889,2.0,-362,-344.0,0.0,0,-7.300955678963667e-05,-9.520491058072504e-05,none,22.594,0.0092,0.95683,none,7.33,0.0626,0.46491,none,47.416,0.0717,1,none,-46.762,-0.1449,0.73611,none,0,0,1,none,17,0.0257,0.77343,none
df6c1cceee523cf8170231c6ba5e1bcf7fb176f7,987e09d8bc8114b12f346557d857ed28108cef37,2025-04-14T14:31:59Z,ok,4.0,77.0,1.0,2.0,2.0,0.6260586796964154,0.0,3.0,77.0,0.0,0.0,0.0,0.0,0.0,0.0,0.0,0.0,0.0,0.0,0.0,0.0,0.0,0.0,0.0,0.0,0.0,0.0,1.0,1.0,0.0,0,0,0,0,0,0,0,0,3.0,0.0,1.0,0.0,0.0,0.0,0.0,0.0,0.0,0.0,1.0,0.0,0.0,0.0,0.0,0.0,0.0,0.0,0.0,0.0,0.0,0.0,0.0,0.0,0.0,0.0,0.0,0.0,0.0,0.0,0.0,0.0,7.0,0.0,0.0,0.0,0.0,0.0,0.0,0.0,0.0,0.0,0.0,0.0,0.0,0.0,0.0,0.0,0.0,0.0,0.0,0.0,0.0,0.0,0.0,0.0,0.0,0.0,0.0,0.0,0.0,0.0,0.0,1.0,0.0,0.0,52.0,0.0,2.0,35.0,26.296168981481483,3.0,1033,1116.0,-110.0,3,0.00020835463774631683,0.0003088918504863801,regression,454.978,0.186,0,regression,-5.712,-0.0484,0.40585,none,-592.256,-0.8556,0,improvement,-129.341,-0.4213,0.1627,none,0,-0.0002,0,none,-1,-0.0015,0.99805,none
f27f4b336c77655744ec74776d2eb77624a6ba59,bf25d3cc60f162fb0b035a6fa6a16b5640729fe7,2025-04-16T03:10:35-07:00,ok,2.0,9.0,9.0,1.0,2.0,0.5032583347756457,0.0,0.0,0.0,0.0,0.0,0.0,0.0,0.0,0.0,0.0,0.0,0.0,0.0,0.0,0.0,0.0,0.0,1.0,2.0,1.0,16.0,0.0,0.0,0.0,0,0,0,0,0,0,1,0,0.0,0.0,0.0,0.0,0.0,0.0,0.0,0.0,0.0,0.0,0.0,0.0,0.0,0.0,0.0,0.0,0.0,0.0,0.0,0.0,0.0,0.0,0.0,0.0,0.0,0.0,0.0,0.0,0.0,0.0,0.0,0.0,0.0,0.0,0.0,0.0,0.0,0.0,0.0,0.0,0.0,0.0,0.0,0.0,0.0,0.0,0.0,0.0,0.0,0.0,0.0,0.0,0.0,0.0,0.0,0.0,0.0,0.0,0.0,0.0,0.0,0.0,0.0,1.0,0.0,1.0,80.0,0.0,2.0,1950.0,3.0714814814814817,2.0,-10,-4.0,0.0,0,-2.0165734102293107e-06,-1.1068013496335657e-06,none,0.275,0.0001,0.95683,none,-6.246,-0.0542,0.96929,none,-18.111,-0.2524,0.99083,none,-7.214,-0.0422,0.98354,none,0,0,1,none,-18,-0.0265,0.74033,none
bf25d3cc60f162fb0b035a6fa6a16b5640729fe7,df6c1cceee523cf8170231c6ba5e1bcf7fb176f7,2025-04-16T15:39:57+05:30,ok,1.0,1.0,1.0,1.0,1.0,0.0,0.0,1.0,2.0,0.0,0.0,0.0,0.0,0.0,0.0,0.0,0.0,0.0,0.0,0.0,0.0,0.0,0.0,0.0,0.0,0.0,0.0,0.0,0.0,0.0,0,0,0,0,0,0,0,0,0.0,0.0,0.0,0.0,0.0,0.0,0.0,0.0,0.0,0.0,0.0,0.0,0.0,0.0,0.0,0.0,0.0,0.0,0.0,0.0,0.0,0.0,0.0,0.0,0.0,0.0,0.0,0.0,0.0,0.0,0.0,0.0,0.0,0.0,0.0,0.0,0.0,0.0,0.0,0.0,0.0,0.0,0.0,0.0,0.0,0.0,0.0,0.0,0.0,0.0,0.0,1.0,0.0,0.0,0.0,0.0,0.0,0.0,0.0,0.0,0.0,0.0,0.0,0.0,0.0,0.0,21.0,0.0,1.0,1949.0,12.677118055555555,1.0,-19,-13.0,0.0,0,-3.8314747991803065e-06,-3.597091447195666e-06,none,-0.842,-0.0003,0.79378,none,-8.304,-0.0705,0.28738,none,60.89,0.8544,0.93625,none,-153.989,-0.8522,0.73611,none,0,0,1,none,-15,-0.0222,0.99805,none
8aafb909a66188ebeb599b304fe9351a996acade,f27f4b336c77655744ec74776d2eb77624a6ba59,2025-04-16T16:26:15+05:30,ok,1.0,2.0,1.0,1.0,1.0,0.0,0.0,0.0,0.0,0.0,0.0,0.0,0.0,0.0,0.0,0.0,0.0,0.0,0.0,1.0,3.0,0.0,0.0,0.0,0.0,0.0,0.0,0.0,0.0,0.0,0,0,0,0,0,0,0,0,0.0,0.0,0.0,0.0,0.0,0.0,0.0,0.0,0.0,0.0,0.0,0.0,0.0,0.0,0.0,0.0,0.0,0.0,0.0,0.0,0.0,0.0,0.0,0.0,0.0,0.0,0.0,0.0,0.0,0.0,0.0,0.0,0.0,0.0,0.0,0.0,0.0,0.0,0.0,0.0,0.0,0.0,0.0,0.0,0.0,0.0,0.0,0.0,0.0,0.0,0.0,1.0,0.0,0.0,0.0,0.0,0.0,0.0,0.0,0.0,0.0,0.0,0.0,0.0,0.0,0.0,18.0,0.0,2.0,1952.0,30.43166666666667,2.0,803,4.0,0.0,1,0.00016193117138750814,1.1068025746441492e-06,none,0.315,0.0001,1,none,-2.086,-0.0182,0.98906,none,-11.246,-0.0836,0.93625,none,-1.025,-0.0064,0.98354,none,0,0,1,none,-1,-0.0015,0.95916,none
0479af715b1196981ce02c43aafde4132d801890,8aafb909a66188ebeb599b304fe9351a996acade,2025-04-16T16:26:21+05:30,ok,2.0,165.0,165.0,1.0,2.0,0.09454834067208458,0.0,0.0,0.0,0.0,0.0,0.0,0.0,0.0,0.0,0.0,0.0,0.0,0.0,0.0,0.0,0.0,0.0,1.0,4.0,1.0,326.0,0.0,0.0,0.0,0,0,0,0,0,0,2,1,0.0,0.0,0.0,0.0,0.0,0.0,0.0,0.0,0.0,0.0,0.0,0.0,0.0,0.0,0.0,0.0,0.0,0.0,0.0,0.0,0.0,0.0,0.0,0.0,0.0,0.0,0.0,0.0,0.0,0.0,0.0,0.0,0.0,0.0,0.0,0.0,0.0,0.0,0.0,0.0,0.0,0.0,0.0,0.0,0.0,0.0,0.0,0.0,0.0,0.0,0.0,0.0,0.0,0.0,0.0,0.0,0.0,0.0,0.0,0.0,0.0,0.0,0.0,1.0,0.0,1.0,88.0,0.0,5.0,1953.0,1.642986111111111,2.0,-10,-15.0,0.0,0,-2.016250982922354e-06,-4.150505061125872e-06,none,-0.104,0,0.99805,none,2.101,0.0195,0.98906,none,77.069,1.5414,0.93625,none,-6.038,-0.0351,0.98354,none,0,0,1,none,-1,-0.0015,0.95916,none
4350d7e13af83af8df212eecae87156dcf0cb2d2,0479af715b1196981ce02c43aafde4132d801890,2025-04-19T13:52:47Z,ok,2.0,29.0,12.0,2.0,2.0,0.2811937964320427,0.0,1.0,39.0,0.0,0.0,0.0,0.0,0.0,0.0,0.0,0.0,1.0,2.0,0.0,0.0,0.0,0.0,0.0,0.0,0.0,0.0,0.0,0.0,0.0,0,0,0,0,0,0,0,0,0.0,0.0,0.0,0.0,0.0,0.0,0.0,0.0,0.0,0.0,0.0,0.0,0.0,0.0,0.0,0.0,0.0,0.0,0.0,0.0,0.0,0.0,0.0,0.0,0.0,0.0,0.0,0.0,0.0,0.0,0.0,0.0,0.0,0.0,0.0,0.0,0.0,0.0,0.0,0.0,0.0,0.0,0.0,0.0,0.0,0.0,0.0,0.0,0.0,0.0,0.0,0.0,0.0,0.0,0.0,0.0,0.0,0.0,0.0,0.0,0.0,0.0,0.0,1.0,0.0,0.0,56.0,0.0,4.0,37.0,6.2571412037037035,1.0,94,98.0,0.0,0,1.8952797453066622e-05,2.7116745614212275e-05,none,4.511,0.0016,0.5994,none,-6.037,-0.0513,0.94643,none,35,0.3064,0.93625,none,122.152,2.9568,0.76897,none,0,0,1,none,16,0.0242,1,none
9777e1782f95de8abf3a72d6b631b9f408cf12a6,6b42be28417f8a1fa01d4bc10fc0051f15e29af8,2025-05-01T15:59:58Z,ok,2.0,120.0,120.0,1.0,2.0,0.38431154412649704,0.0,0.0,0.0,0.0,0.0,0.0,0.0,0.0,0.0,0.0,0.0,0.0,0.0,0.0,0.0,0.0,0.0,1.0,18.0,1.0,222.0,0.0,0.0,0.0,0,0,3,0,0,0,4,0,0.0,0.0,0.0,0.0,0.0,0.0,0.0,0.0,0.0,0.0,0.0,0.0,0.0,0.0,0.0,0.0,0.0,0.0,0.0,0.0,0.0,0.0,0.0,0.0,0.0,0.0,0.0,0.0,0.0,0.0,0.0,0.0,0.0,0.0,0.0,0.0,0.0,0.0,0.0,0.0,0.0,0.0,0.0,0.0,0.0,0.0,0.0,0.0,0.0,0.0,0.0,0.0,0.0,0.0,0.0,0.0,0.0,0.0,0.0,0.0,0.0,0.0,0.0,1.0,0.0,1.0,71.0,0.0,2.0,38.0,15.241608796296296,2.0,107,90.0,0.0,0,2.1573541885636438e-05,2.4902375769656344e-05,none,8.493,0.0029,0.31548,none,5.192,0.0467,0.96929,none,-17.826,-0.2108,1,none,123.64,2.9771,0.85745,none,0,0,1,none,0,0,1,none
6b42be28417f8a1fa01d4bc10fc0051f15e29af8,4350d7e13af83af8df212eecae87156dcf0cb2d2,2025-05-01T18:43:11+05:30,ok,1.0,15.0,12.0,1.0,1.0,0.0,0.0,1.0,27.0,0.0,0.0,0.0,0.0,0.0,0.0,0.0,0.0,0.0,0.0,0.0,0.0,0.0,0.0,0.0,0.0,0.0,0.0,0.0,0.0,0.0,0,0,0,0,0,0,0,0,0.0,0.0,0.0,0.0,0.0,0.0,0.0,0.0,0.0,0.0,0.0,0.0,0.0,0.0,0.0,0.0,0.0,0.0,0.0,0.0,0.0,0.0,0.0,0.0,0.0,0.0,0.0,0.0,0.0,0.0,0.0,0.0,0.0,0.0,0.0,0.0,0.0,0.0,0.0,0.0,0.0,0.0,0.0,0.0,0.0,0.0,0.0,0.0,0.0,0.0,0.0,0.0,0.0,0.0,0.0,0.0,0.0,0.0,0.0,0.0,0.0,0.0,0.0,1.0,0.0,0.0,50.0,0.0,2.0,1957.0,47.78364583333333,2.0,-5,12.0,0.0,0,-1.0081084176246386e-06,3.320327793827566e-06,none,4.463,0.0015,0.5994,none,6.207,0.0579,0.98906,none,-6,-0.1062,1,none,0.278,0.0016,0.98354,none,0,0,1,none,1,0.0015,0.99805,none
881648a87e5f1f7a7d206e4deacc0ded46de4959,9777e1782f95de8abf3a72d6b631b9f408cf12a6,2025-05-02T00:58:57+05:30,ok,5.0,71.0,71.0,2.0,5.0,0.32672114716424894,0.0,0.0,0.0,0.0,0.0,0.0,0.0,0.0,0.0,0.0,0.0,0.0,0.0,0.0,0.0,0.0,0.0,1.0,10.0,1.0,124.0,3.0,8.0,0.0,0,0,0,0,0,0,4,1,0.0,0.0,0.0,0.0,0.0,0.0,0.0,0.0,0.0,0.0,0.0,0.0,0.0,0.0,0.0,0.0,0.0,0.0,0.0,0.0,0.0,0.0,0.0,0.0,0.0,0.0,0.0,0.0,0.0,0.0,0.0,0.0,0.0,0.0,0.0,0.0,0.0,0.0,0.0,0.0,0.0,0.0,0.0,0.0,0.0,0.0,0.0,0.0,0.0,0.0,0.0,0.0,0.0,0.0,0.0,0.0,0.0,0.0,0.0,0.0,0.0,0.0,0.0,1.0,0.0,1.0,65.0,0.0,2.0,1959.0,33.916105324074074,6.0,90,91.0,0.0,0,1.814557834595392e-05,2.5178441830743875e-05,none,0.874,0.0003,0.99805,none,6.202,0.0566,0.98906,none,3.5,0.0625,1,none,-138.787,-0.8476,0.98354,none,0,0,1,none,1,0.0015,1,none
5ce27dd981c6064849193a0c7ebbcf13760faedd,91fc0895b2db80fd676cbf7e6d27e772bf89dd6b,2025-05-06T05:13:58Z,ok,2.0,6.0,6.0,1.0,2.0,0.6500224216483541,0.0,0.0,0.0,0.0,0.0,0.0,0.0,0.0,0.0,0.0,0.0,0.0,0.0,0.0,0.0,0.0,0.0,1.0,2.0,1.0,10.0,0.0,0.0,0.0,0,0,0,0,0,0,1,1,0.0,0.0,0.0,0.0,0.0,0.0,0.0,0.0,0.0,0.0,0.0,0.0,0.0,0.0,0.0,0.0,0.0,0.0,0.0,0.0,0.0,0.0,0.0,0.0,0.0,0.0,0.0,0.0,0.0,0.0,0.0,0.0,0.0,0.0,0.0,0.0,0.0,0.0,0.0,0.0,0.0,0.0,0.0,0.0,0.0,0.0,0.0,0.0,0.0,0.0,0.0,0.0,0.0,0.0,0.0,0.0,0.0,0.0,0.0,0.0,0.0,0.0,0.0,1.0,0.0,1.0,65.0,0.0,2.0,39.0,0.1449652777777778,2.0,22,18.0,0.0,0,4.4354221685222524e-06,4.9800920819025944e-06,none,0.155,0.0001,1,none,-0.919,-0.0084,1,none,65.302,1.306,0.99083,none,27.783,0.178,0.73611,none,0,0,1,none,1,0.0015,0.90018,none
48c23374a4cd28c91ed42f44af257c4b46d4a5a9,881648a87e5f1f7a7d206e4deacc0ded46de4959,2025-05-06T10:43:31+05:30,ok,2.0,69.0,69.0,1.0,2.0,0.3193373865339728,0.0,0.0,0.0,0.0,0.0,0.0,0.0,0.0,0.0,0.0,0.0,0.0,0.0,0.0,0.0,0.0,0.0,1.0,8.0,1.0,130.0,0.0,0.0,0.0,0,0,1,0,0,0,3,0,0.0,0.0,0.0,0.0,0.0,0.0,0.0,0.0,0.0,0.0,0.0,0.0,0.0,0.0,0.0,0.0,0.0,0.0,0.0,0.0,0.0,0.0,0.0,0.0,0.0,0.0,0.0,0.0,0.0,0.0,0.0,0.0,0.0,0.0,0.0,0.0,0.0,0.0,0.0,0.0,0.0,0.0,0.0,0.0,0.0,0.0,0.0,0.0,0.0,0.0,0.0,0.0,0.0,0.0,0.0,0.0,0.0,0.0,0.0,0.0,0.0,0.0,0.0,1.0,0.0,1.0,71.0,0.0,2.0,1960.0,4.549710648148148,2.0,-15,-18.0,0.0,0,-3.024208181652492e-06,-4.980225737031908e-06,none,0.66,0.0002,1,none,2.003,0.0183,0.98906,none,-46.184,-0.4349,0.93625,none,-21.715,-0.1229,0.73611,none,0,0,1,none,0,0,0.87223,none
91fc0895b2db80fd676cbf7e6d27e772bf89dd6b,48c23374a4cd28c91ed42f44af257c4b46d4a5a9,2025-05-06T10:43:47+05:30,ok,1.0,50.0,18.0,1.0,1.0,0.0,0.0,1.0,68.0,0.0,0.0,0.0,0.0,0.0,0.0,0.0,0.0,0.0,0.0,0.0,0.0,0.0,0.0,0.0,0.0,0.0,0.0,0.0,0.0,0.0,0,0,0,0,0,0,0,0,0.0,0.0,0.0,0.0,0.0,0.0,0.0,0.0,0.0,0.0,2.0,2.0,0.0,0.0,0.0,0.0,0.0,0.0,0.0,0.0,0.0,0.0,0.0,0.0,0.0,0.0,0.0,0.0,0.0,0.0,0.0,0.0,0.0,0.0,0.0,0.0,0.0,0.0,0.0,0.0,0.0,0.0,0.0,0.0,0.0,0.0,0.0,0.0,0.0,0.0,0.0,0.0,0.0,0.0,0.0,0.0,0.0,0.0,0.0,0.0,0.0,0.0,0.0,1.0,0.0,0.0,64.0,0.0,4.0,1961.0,23.036944444444444,2.0,108,115.0,0.0,0,2.1774364758109993e-05,3.1818267337635535e-05,none,-1,-0.0003,1,none,1.319,0.0113,0.84127,none,-38.43,-0.2622,0.93625,none,15.856,0.0996,0.85745,none,0,0,1,none,18,0.0272,0.87223,none
0683cdbaa2dbab2ce087f6581c046155ced43721,5ce27dd981c6064849193a0c7ebbcf13760faedd,2025-05-27T13:53:04Z,ok,7.0,64.0,16.0,5.0,6.0,0.7268286941952266,0.0,2.0,29.0,0.0,0.0,0.0,0.0,0.0,0.0,2.0,41.0,0.0,0.0,0.0,0.0,0.0,0.0,1.0,2.0,0.0,0.0,2.0,8.0,0.0,0,0,0,0,0,0,0,0,0.0,0.0,0.0,0.0,0.0,0.0,0.0,0.0,0.0,0.0,0.0,0.0,0.0,0.0,0.0,0.0,0.0,0.0,0.0,0.0,0.0,0.0,0.0,0.0,0.0,0.0,0.0,0.0,0.0,0.0,0.0,0.0,0.0,0.0,0.0,0.0,0.0,0.0,0.0,0.0,0.0,0.0,0.0,0.0,0.0,0.0,0.0,0.0,0.0,0.0,0.0,0.0,0.0,0.0,0.0,0.0,0.0,0.0,0.0,0.0,0.0,0.0,0.0,1.0,0.0,0.0,58.0,0.0,4.0,40.0,45.4780462962963,6.0,4769,4773.0,0.0,0,0.0009614742955320779,0.0013205478406013264,regression,1.161,0.0004,0.92493,none,20.446,0.1763,0,regression,107.139,1.9132,0.22901,none,58.002,0.3667,0.00319,regression,0.006,0.2711,0.00002,none,71,0.1049,0.00051,regression
99dd67e359d5d18590401fb0d1fa4cd9eff48200,0683cdbaa2dbab2ce087f6581c046155ced43721,2025-06-20T10:24:47+05:30,ok,1.0,12.0,51.0,1.0,1.0,0.0,0.0,1.0,63.0,0.0,0.0,0.0,0.0,0.0,0.0,0.0,0.0,0.0,0.0,0.0,0.0,0.0,0.0,0.0,0.0,0.0,0.0,0.0,0.0,0.0,0,0,0,0,0,0,0,0,0.0,0.0,0.0,0.0,0.0,0.0,0.0,0.0,0.0,0.0,1.0,1.0,0.0,0.0,0.0,0.0,0.0,0.0,0.0,0.0,0.0,0.0,0.0,0.0,0.0,0.0,0.0,0.0,0.0,0.0,0.0,0.0,0.0,0.0,0.0,0.0,0.0,0.0,0.0,0.0,0.0,0.0,0.0,0.0,0.0,0.0,0.0,0.0,0.0,0.0,0.0,0.0,0.0,0.0,0.0,0.0,0.0,0.0,0.0,0.0,0.0,0.0,0.0,1.0,0.0,0.0,72.0,0.0,3.0,1966.0,45.44059027777778,3.0,-131,-135.0,0.0,0,-2.6385436850183088e-05,-3.73012465247672e-05,none,5.937,0.002,0.72109,none,-12.134,-0.0871,0.74926,none,116.212,2.5541,0.93625,none,-2.984,-0.0127,0.98354,none,0.001,0.0303,0.9613,none,19,0.026,0.58563,none
b577f4b2d4dfc8ca2b766ce716357213f9d95876,99dd67e359d5d18590401fb0d1fa4cd9eff48200,2025-07-10T07:03:31Z,ok,5.0,319.0,249.0,3.0,4.0,0.14190956967977347,0.0,2.0,15.0,0.0,0.0,0.0,0.0,0.0,0.0,0.0,0.0,0.0,0.0,0.0,0.0,1.0,3.0,1.0,6.0,1.0,544.0,0.0,0.0,0.0,0,0,3,0,0,0,0,0,0.0,0.0,0.0,0.0,0.0,0.0,0.0,0.0,0.0,0.0,0.0,0.0,0.0,0.0,0.0,0.0,0.0,0.0,0.0,0.0,0.0,0.0,0.0,0.0,0.0,0.0,0.0,0.0,0.0,0.0,0.0,0.0,0.0,0.0,0.0,0.0,0.0,0.0,0.0,0.0,0.0,0.0,0.0,0.0,0.0,0.0,0.0,0.0,0.0,0.0,0.0,0.0,0.0,0.0,0.0,0.0,0.0,0.0,0.0,0.0,0.0,0.0,0.0,1.0,0.0,0.0,52.0,0.0,2.0,41.0,89.79585069444444,6.0,340283,340283.0,0.0,-10,0.06854009554197218,0.0940255818727969,none,-1.753,-0.0006,1,none,17.287,0.1415,0.96929,none,-34.312,-0.2042,1,none,4.272,0.0201,0.98354,none,-0.001,-0.0284,0.96339,none,0,0,1,none
273a2c06c00d0531a41ca996f46b21b0c1f6f8a3,b577f4b2d4dfc8ca2b766ce716357213f9d95876,2025-08-02T13:47:08Z,ok,2.0,6.0,4.0,2.0,2.0,0.0,0.0,2.0,10.0,0.0,0.0,0.0,0.0,0.0,0.0,0.0,0.0,0.0,0.0,0.0,0.0,0.0,0.0,0.0,0.0,0.0,0.0,0.0,0.0,0.0,0,0,0,0,0,0,0,0,0.0,0.0,0.0,0.0,0.0,0.0,0.0,0.0,0.0,0.0,0.0,0.0,0.0,0.0,0.0,0.0,0.0,0.0,0.0,0.0,0.0,0.0,0.0,0.0,0.0,0.0,0.0,0.0,0.0,0.0,0.0,0.0,0.0,0.0,0.0,0.0,0.0,0.0,0.0,0.0,0.0,0.0,0.0,0.0,0.0,0.0,0.0,0.0,0.0,0.0,0.0,0.0,0.0,0.0,0.0,0.0,0.0,0.0,0.0,0.0,0.0,0.0,0.0,1.0,0.0,0.0,68.0,0.0,3.0,42.0,108.15082175925926,1.0,5,14.0,0.0,0,9.425049368408591e-07,3.5359517898230255e-06,none,2.494,0.0009,0.5994,none,3.092,0.0235,1,none,-8.66,-0.0562,0.99083,none,4.05,0.02,0.98354,none,0,-0.0039,1,none,2,0.0027,0.97872,none
1da5a3c19331458d275484b7ec449767f2d60fb2,273a2c06c00d0531a41ca996f46b21b0c1f6f8a3,2025-08-02T13:47:49Z,ok,2.0,25.0,25.0,1.0,2.0,0.24229218908241482,0.0,0.0,0.0,0.0,0.0,0.0,0.0,0.0,0.0,0.0,0.0,0.0,0.0,0.0,0.0,0.0,0.0,1.0,2.0,1.0,48.0,0.0,0.0,0.0,0,0,1,0,0,0,0,0,0.0,0.0,0.0,0.0,0.0,0.0,0.0,0.0,0.0,0.0,0.0,0.0,0.0,0.0,0.0,0.0,0.0,0.0,0.0,0.0,0.0,0.0,0.0,0.0,0.0,0.0,0.0,0.0,0.0,0.0,0.0,0.0,0.0,0.0,0.0,0.0,0.0,0.0,0.0,0.0,0.0,0.0,0.0,0.0,0.0,0.0,0.0,0.0,0.0,0.0,0.0,0.0,0.0,0.0,0.0,0.0,0.0,0.0,0.0,0.0,0.0,0.0,0.0,1.0,0.0,1.0,66.0,0.0,2.0,43.0,25.91730324074074,3.0,108,107.0,0.0,0,2.0358087448164633e-05,2.7024678835685913e-05,none,-0.422,-0.0001,1,none,-0.666,-0.0048,0.98906,none,-3,-0.048,0.99083,none,0.281,0.0014,1,none,0,0,1,none,-17,-0.0227,1,none
19b82c3d44b0e3a56a5a38209adf35062286b656,1da5a3c19331458d275484b7ec449767f2d60fb2,2025-08-02T19:40:47Z,ok,3.0,4.0,0.0,2.0,2.0,0.9463946303571862,0.0,1.0,2.0,0.0,0.0,0.0,0.0,0.0,0.0,0.0,0.0,0.0,0.0,0.0,0.0,0.0,0.0,0.0,0.0,0.0,0.0,2.0,2.0,0.0,0,0,0,0,0,0,0,0,0.0,0.0,0.0,0.0,0.0,0.0,0.0,0.0,0.0,0.0,0.0,0.0,0.0,0.0,0.0,0.0,0.0,0.0,0.0,0.0,0.0,0.0,0.0,0.0,0.0,0.0,0.0,0.0,0.0,0.0,0.0,0.0,0.0,0.0,0.0,0.0,0.0,0.0,0.0,0.0,0.0,0.0,0.0,0.0,0.0,0.0,0.0,0.0,0.0,0.0,0.0,0.0,0.0,0.0,0.0,0.0,0.0,0.0,0.0,0.0,0.0,0.0,0.0,1.0,0.0,0.0,65.0,0.0,3.0,44.0,35.18057098765433,2.0,45,24.0,0.0,0,8.482363752032233e-06,6.061446397492986e-06,none,0.692,0.0002,0.58242,none,-0.025,-0.0002,1,none,8.445,0.0633,0.99083,none,-1.072,-0.0048,0.98354,none,0.001,0.0292,1,none,0,0,0.99805,none
2275404e9dfa9a2bcdc1ecd9e84268ca47de8339,19b82c3d44b0e3a56a5a38209adf35062286b656,2025-08-04T07:19:03Z,ok,6.0,53.0,189.0,4.0,5.0,0.35831516803107294,0.0,2.0,223.0,0.0,0.0,0.0,0.0,0.0,0.0,2.0,6.0,0.0,0.0,0.0,0.0,0.0,0.0,1.0,1.0,1.0,12.0,0.0,0.0,0.0,1,0,0,0,0,0,0,0,2.0,0.0,0.0,0.0,0.0,0.0,0.0,0.0,0.0,0.0,0.0,0.0,0.0,0.0,0.0,0.0,0.0,0.0,1.0,0.0,5.0,0.0,0.0,0.0,0.0,0.0,0.0,0.0,0.0,0.0,0.0,0.0,0.0,0.0,0.0,0.0,0.0,0.0,0.0,0.0,0.0,0.0,0.0,0.0,0.0,0.0,0.0,0.0,0.0,0.0,0.0,0.0,0.0,0.0,0.0,0.0,0.0,0.0,0.0,0.0,0.0,0.0,0.0,1.0,0.0,0.0,54.0,0.0,10.0,45.0,61.48209104938271,5.0,3788,3801.0,0.0,0,0.0007140204743674567,0.0009599757543613737,improvement,23.174,0.008,0.00002,none,2.443,0.0177,0.74926,none,-12.787,-0.1676,0.99083,none,-18.603,-0.0812,0.93171,none,-0.027,-0.9671,0.00006,improvement,19,0.026,0.72497,none
ce50b65cde16da7d1a52fc2724b78ae0e92bee27,2275404e9dfa9a2bcdc1ecd9e84268ca47de8339,2025-08-11T19:49:24+05:30,ok,8.0,126.0,89.0,3.0,2.0,0.8261150302433649,0.0,7.0,209.0,0.0,0.0,0.0,0.0,0.0,0.0,0.0,0.0,0.0,0.0,0.0,0.0,1.0,6.0,0.0,0.0,0.0,0.0,0.0,0.0,0.0,0,0,0,0,0,0,0,0,9.0,5.0,0.0,0.0,0.0,0.0,0.0,0.0,0.0,0.0,0.0,0.0,0.0,0.0,0.0,0.0,0.0,0.0,0.0,0.0,0.0,0.0,0.0,0.0,0.0,0.0,0.0,0.0,0.0,0.0,0.0,0.0,0.0,0.0,0.0,0.0,0.0,0.0,1.0,0.0,0.0,0.0,0.0,0.0,0.0,0.0,0.0,0.0,0.0,0.0,0.0,0.0,0.0,0.0,0.0,0.0,0.0,0.0,0.0,0.0,0.0,0.0,0.0,1.0,0.0,0.0,53.0,0.0,8.0,1981.0,118.07893187830688,3.0,328,235.0,106.0,0,6.178236859285758e-05,5.929438171855808e-05,none,-2.412,-0.0008,0.79378,none,-0.054,-0.0004,1,none,14.536,0.2351,1,none,-14.63,-0.0658,0.21032,none,0,0,1,none,-16,-0.0209,0.87009,none
5a7ee057c35a276a2583d268eb7c42dbffedee0e,ce50b65cde16da7d1a52fc2724b78ae0e92bee27,2025-08-20T11:51:41+05:30,ok,3.0,30.0,29.0,2.0,3.0,0.43066273101046737,0.0,0.0,0.0,0.0,0.0,0.0,0.0,0.0,0.0,1.0,2.0,0.0,0.0,0.0,0.0,0.0,0.0,1.0,6.0,1.0,51.0,0.0,0.0,0.0,0,0,3,0,0,0,0,0,0.0,0.0,0.0,0.0,0.0,0.0,0.0,0.0,0.0,0.0,0.0,0.0,0.0,0.0,0.0,0.0,0.0,0.0,0.0,0.0,0.0,0.0,0.0,0.0,0.0,0.0,0.0,0.0,0.0,0.0,0.0,0.0,0.0,0.0,0.0,0.0,0.0,0.0,0.0,0.0,0.0,0.0,0.0,0.0,0.0,0.0,0.0,0.0,0.0,0.0,0.0,0.0,0.0,0.0,0.0,0.0,0.0,0.0,0.0,0.0,0.0,0.0,0.0,1.0,0.0,0.0,59.0,0.0,3.0,1989.0,17.688854166666665,3.0,2028,2015.0,0.0,0,0.00038197226519724124,0.0005083876391411554,regression,13.604,0.0047,0.00023,none,2.565,0.0186,0.7091,none,-26.518,-0.1585,0.93625,none,39.804,0.1833,0.00006,regression,0,-0.0936,1,none,1,0.0014,0.90992,none
5817555d918a2d745fc82d48d07d48960f1ef7cf,5a7ee057c35a276a2583d268eb7c42dbffedee0e,2025-08-20T11:59:49+05:30,ok,1.0,62.0,9.0,1.0,1.0,0.0,0.0,0.0,0.0,0.0,0.0,0.0,0.0,0.0,0.0,0.0,0.0,0.0,0.0,0.0,0.0,0.0,0.0,0.0,0.0,1.0,71.0,0.0,0.0,0.0,0,0,0,0,0,0,0,0,0.0,0.0,0.0,0.0,0.0,0.0,0.0,0.0,0.0,0.0,0.0,0.0,0.0,0.0,0.0,0.0,0.0,0.0,0.0,0.0,0.0,0.0,0.0,0.0,0.0,0.0,0.0,0.0,0.0,0.0,0.0,0.0,0.0,0.0,0.0,0.0,0.0,0.0,0.0,0.0,0.0,0.0,0.0,0.0,0.0,0.0,0.0,0.0,0.0,0.0,0.0,0.0,0.0,0.0,1.0,0.0,0.0,0.0,0.0,0.0,0.0,0.0,0.0,0.0,0.0,0.0,25.0,0.0,1.0,1992.0,0.0,0.0,-38,-6.0,-23.0,0,-7.154538406126996e-06,-1.5130401364156986e-06,none,-3.985,-0.0014,0.99805,none,0.535,0.0038,1,none,-102.305,-0.5279,0.93625,none,2.129,0.0077,0.93625,none,0,0,1,none,16,0.0218,0.78536,none
0e203d3ebda1a38dcebead9c73903f57ce045a41,7172054b9150ad2302bcb553f057c4782e6502a9,2025-09-03T12:31:15Z,ok,6.0,101.0,112.0,3.0,4.0,0.5389292443610879,0.0,2.0,133.0,1.0,3.0,0.0,0.0,2.0,0.0,0.0,0.0,0.0,0.0,0.0,0.0,0.0,0.0,0.0,0.0,0.0,0.0,1.0,68.0,0.0,0,0,0,0,0,0,0,0,7.0,4.0,0.0,0.0,0.0,0.0,0.0,0.0,0.0,0.0,0.0,0.0,1.0,1.0,0.0,0.0,0.0,0.0,0.0,0.0,0.0,0.0,0.0,0.0,0.0,0.0,0.0,0.0,0.0,0.0,0.0,0.0,0.0,0.0,0.0,0.0,0.0,0.0,0.0,1.0,0.0,0.0,0.0,0.0,0.0,0.0,0.0,0.0,0.0,0.0,0.0,0.0,0.0,0.0,0.0,0.0,0.0,0.0,0.0,0.0,0.0,0.0,0.0,1.0,0.0,0.0,54.0,0.0,5.0,46.0,43.36725694444444,4.0,1472,504.0,16.0,2,0.0002794194832447967,0.00012748575081139368,none,-41.439,-0.014,0.5994,none,-2.519,-0.0181,0.98906,none,77.598,0.8868,0.99083,none,-8.932,-0.0311,0.76897,none,0,0,1,none,0,0,0.87223,none
e943ffad49ec95efbe47ec6a89e74fa1ab3043eb,0e203d3ebda1a38dcebead9c73903f57ce045a41,2025-09-03T12:37:03Z,ok,1.0,2.0,0.0,1.0,1.0,0.0,0.0,1.0,2.0,0.0,0.0,0.0,0.0,0.0,0.0,0.0,0.0,0.0,0.0,0.0,0.0,0.0,0.0,0.0,0.0,0.0,0.0,0.0,0.0,0.0,0,0,0,0,0,0,0,0,0.0,0.0,0.0,0.0,0.0,0.0,0.0,0.0,0.0,0.0,0.0,0.0,0.0,0.0,0.0,0.0,0.0,0.0,0.0,0.0,0.0,0.0,1.0,0.0,0.0,0.0,1.0,0.0,0.0,0.0,0.0,0.0,0.0,0.0,0.0,0.0,0.0,0.0,0.0,0.0,0.0,0.0,0.0,0.0,0.0,0.0,0.0,0.0,0.0,0.0,0.0,0.0,0.0,0.0,0.0,0.0,0.0,0.0,0.0,0.0,0.0,0.0,0.0,1.0,0.0,0.0,50.0,0.0,2.0,47.0,0.05379629629629629,1.0,44,37.0,0.0,0,8.34987969531289e-06,9.357879979878029e-06,none,-0.867,-0.0003,1,none,4.93,0.0346,0.96929,none,-5.855,-0.0338,0.96303,none,32.76,0.1297,0.73611,none,0,0.4953,1,none,-2,-0.0027,0.78536,none
7172054b9150ad2302bcb553f057c4782e6502a9,5817555d918a2d745fc82d48d07d48960f1ef7cf,2025-09-03T17:13:43+05:30,ok,48.0,1944.0,1786.0,19.0,17.0,0.27359356489020414,0.0,32.0,132.0,1.0,116.0,0.0,0.0,0.0,0.0,3.0,30.0,0.0,0.0,6.0,346.0,1.0,9.0,1.0,68.0,1.0,2995.0,3.0,34.0,0.0,0,0,1,0,9,7,22,13,13.0,19.0,0.0,0.0,0.0,0.0,0.0,0.0,0.0,0.0,0.0,0.0,0.0,0.0,0.0,0.0,0.0,0.0,0.0,0.0,0.0,0.0,0.0,0.0,0.0,0.0,0.0,0.0,0.0,0.0,0.0,0.0,0.0,1.0,0.0,0.0,0.0,0.0,0.0,0.0,0.0,0.0,0.0,0.0,0.0,0.0,0.0,0.0,8.0,7.0,0.0,0.0,0.0,0.0,0.0,0.0,0.0,0.0,0.0,0.0,0.0,0.0,0.0,1.0,0.0,0.0,57.0,0.0,16.0,1995.0,208.13514095568783,10.0,-43211,-12137.0,-31079.0,-4,-0.00813570976164673,-0.0030606326534729365,none,15.986,0.0054,0.12619,none,-0.417,-0.003,1,none,69.294,0.6777,0.93625,none,18.165,0.0696,0.98354,none,0,0.0227,1,none,1,0.0013,0.84127,none
e41499eda3dda7c74f2ba6a51149653d3a6de1c3,e943ffad49ec95efbe47ec6a89e74fa1ab3043eb,2025-09-18T20:08:22+05:30,ok,2.0,47.0,21.0,1.0,2.0,0.19143325481419343,0.0,0.0,0.0,0.0,0.0,0.0,0.0,0.0,0.0,0.0,0.0,0.0,0.0,0.0,0.0,0.0,0.0,1.0,2.0,1.0,66.0,0.0,0.0,0.0,0,0,1,0,0,0,0,0,0.0,0.0,0.0,0.0,0.0,0.0,0.0,0.0,0.0,0.0,0.0,0.0,0.0,0.0,0.0,0.0,0.0,0.0,0.0,0.0,0.0,0.0,0.0,0.0,0.0,0.0,0.0,0.0,0.0,0.0,0.0,0.0,0.0,0.0,0.0,0.0,0.0,0.0,0.0,0.0,0.0,0.0,0.0,0.0,0.0,0.0,0.0,0.0,0.0,0.0,0.0,0.0,0.0,0.0,0.0,0.0,0.0,0.0,0.0,0.0,0.0,0.0,0.0,1.0,0.0,1.0,66.0,0.0,2.0,2008.0,15.131030092592592,3.0,8322,8329.0,0.0,1,0.0015792526958025696,0.0021065149456590466,none,-6.469,-0.0022,0.31548,none,-1.898,-0.0135,0.98906,none,121.649,1.9647,0.93625,none,-21.695,-0.0768,0.85745,none,0,0.3498,1,none,19,0.0248,0.84127,none
01cd13c712c235ae362aaeda72ac9e7b3c365b9b,e41499eda3dda7c74f2ba6a51149653d3a6de1c3,2025-09-18T20:21:25+05:30,ok,1.0,2.0,2.0,1.0,1.0,0.0,0.0,1.0,4.0,0.0,0.0,0.0,0.0,0.0,0.0,0.0,0.0,0.0,0.0,0.0,0.0,0.0,0.0,0.0,0.0,0.0,0.0,0.0,0.0,0.0,0,0,0,0,0,0,0,0,0.0,0.0,0.0,0.0,0.0,0.0,0.0,0.0,0.0,0.0,0.0,0.0,0.0,0.0,0.0,0.0,0.0,0.0,0.0,0.0,0.0,0.0,2.0,2.0,0.0,0.0,1.0,1.0,0.0,0.0,0.0,0.0,0.0,0.0,0.0,0.0,0.0,0.0,0.0,0.0,0.0,0.0,0.0,0.0,0.0,0.0,0.0,0.0,0.0,0.0,0.0,0.0,0.0,0.0,0.0,0.0,0.0,0.0,0.0,0.0,0.0,0.0,0.0,1.0,0.0,0.0,78.0,0.0,2.0,2009.0,15.093310185185185,3.0,-33,-22.0,0.0,0,-6.2524832305557716e-06,-5.552396578411323e-06,none,2.037,0.0007,1,none,-0.501,-0.0036,0.98906,none,-2.59,-0.0133,1,none,31.926,0.121,0.73611,none,0,0.3498,1,none,18,0.024,0.87223,none
ea6ae3d7e26e63ab6b2aa98a770cffd735255692,01cd13c712c235ae362aaeda72ac9e7b3c365b9b,2025-10-08T19:57:20+05:30,ok,2.0,32.0,2.0,2.0,2.0,0.8739810481273578,0.0,1.0,24.0,0.0,0.0,0.0,0.0,0.0,0.0,0.0,0.0,0.0,0.0,0.0,0.0,1.0,10.0,0.0,0.0,0.0,0.0,0.0,0.0,0.0,0,0,0,0,0,0,0,0,1.0,0.0,0.0,0.0,0.0,0.0,1.0,0.0,0.0,0.0,1.0,0.0,0.0,0.0,0.0,0.0,0.0,0.0,0.0,0.0,0.0,0.0,0.0,0.0,0.0,0.0,0.0,0.0,0.0,0.0,0.0,0.0,0.0,0.0,0.0,0.0,0.0,0.0,0.0,0.0,0.0,0.0,0.0,0.0,0.0,0.0,0.0,0.0,0.0,0.0,1.0,0.0,0.0,0.0,0.0,0.0,0.0,0.0,0.0,0.0,0.0,0.0,0.0,0.0,0.0,0.0,28.0,0.0,1.0,2010.0,134.8629050925926,2.0,19,17.0,0.0,0,3.5999370958360097e-06,4.290512087760658e-06,improvement,-2.23,-0.0008,0.9038,none,-15.459,-0.1112,0.00308,none,12.1,0.0725,0.96303,none,-57.179,-0.2129,0.00007,improvement,0,0,1,none,0,0,1,none
ef6aa4b09d4e63a2e87759773d59d05d165ca40c,ea6ae3d7e26e63ab6b2aa98a770cffd735255692,2025-10-15T15:25:43+05:30,ok,3.0,22.0,1.0,2.0,3.0,0.5095831638663089,0.0,1.0,3.0,0.0,0.0,0.0,0.0,0.0,0.0,0.0,0.0,0.0,0.0,0.0,0.0,0.0,0.0,1.0,1.0,1.0,19.0,0.0,0.0,0.0,1,0,0,0,0,0,0,0,1.0,0.0,0.0,0.0,0.0,0.0,0.0,0.0,0.0,0.0,0.0,0.0,0.0,0.0,0.0,0.0,0.0,0.0,0.0,0.0,0.0,0.0,0.0,0.0,0.0,0.0,0.0,0.0,0.0,0.0,0.0,0.0,0.0,0.0,0.0,0.0,0.0,0.0,0.0,0.0,0.0,0.0,0.0,0.0,0.0,0.0,0.0,0.0,0.0,0.0,1.0,0.0,0.0,0.0,0.0,0.0,0.0,0.0,0.0,0.0,0.0,0.0,0.0,0.0,0.0,0.0,26.0,0.0,1.0,2011.0,106.46277199074075,4.0,4407,4399.0,0.0,0,0.000834992929938466,0.001110228335025975,none,42.875,0.0147,0.58242,none,1.127,0.0091,0.98906,none,-9.32,-0.0494,0.93625,none,2.347,0.0105,1,none,0,-0.2591,1,none,16,0.0213,1,none
b1367c21783145e8f2b84c398b9f06158f8412e6,ef6aa4b09d4e63a2e87759773d59d05d165ca40c,2025-10-15T15:57:41+05:30,ok,1.0,16.0,13.0,1.0,1.0,0.0,0.0,1.0,29.0,0.0,0.0,0.0,0.0,0.0,0.0,0.0,0.0,0.0,0.0,0.0,0.0,0.0,0.0,0.0,0.0,0.0,0.0,0.0,0.0,0.0,0,0,0,0,0,0,0,0,0.0,0.0,1.0,1.0,0.0,0.0,0.0,0.0,0.0,0.0,0.0,0.0,0.0,0.0,0.0,0.0,0.0,0.0,0.0,0.0,0.0,0.0,0.0,0.0,0.0,0.0,0.0,0.0,0.0,0.0,0.0,0.0,1.0,1.0,0.0,0.0,0.0,0.0,0.0,0.0,0.0,0.0,0.0,0.0,0.0,0.0,0.0,0.0,0.0,0.0,0.0,1.0,0.0,0.0,0.0,0.0,0.0,0.0,0.0,0.0,0.0,0.0,0.0,0.0,0.0,0.0,62.0,0.0,1.0,2012.0,185.0950347222222,1.0,-1793,-1788.0,0.0,-1,-0.0003394357302203436,-0.0004507585373742609,none,-0.974,-0.0003,1,none,6.047,0.0515,0.74926,none,-0.209,-0.0012,1,none,13.691,0.0613,0.98354,none,0,0,1,none,17,0.0226,0.77343,none
48c560c9799ac2f185e395cc58db139ecee02515,b1367c21783145e8f2b84c398b9f06158f8412e6,2025-10-15T15:58:04+05:30,ok,1.0,5.0,1.0,1.0,1.0,0.0,0.0,1.0,6.0,0.0,0.0,0.0,0.0,0.0,0.0,0.0,0.0,0.0,0.0,0.0,0.0,0.0,0.0,0.0,0.0,0.0,0.0,0.0,0.0,0.0,0,0,0,0,0,0,0,0,0.0,0.0,0.0,0.0,0.0,0.0,0.0,0.0,0.0,0.0,0.0,0.0,0.0,0.0,0.0,0.0,0.0,0.0,0.0,0.0,0.0,0.0,0.0,0.0,0.0,0.0,0.0,0.0,0.0,0.0,0.0,0.0,0.0,0.0,0.0,0.0,0.0,0.0,0.0,0.0,0.0,0.0,0.0,0.0,0.0,0.0,0.0,0.0,0.0,0.0,0.0,1.0,0.0,0.0,0.0,0.0,0.0,0.0,0.0,0.0,0.0,0.0,0.0,0.0,0.0,0.0,25.0,0.0,1.0,2013.0,42.594594907407405,1.0,3,6.0,0.0,0,5.681276954108349e-07,1.5132946720173404e-06,none,-2.808,-0.001,0.9038,none,-3.289,-0.0268,0.98906,none,-7.876,-0.0422,0.93625,none,11.875,0.0543,0.73611,none,0,-0.2591,1,none,-1,-0.0013,0.8848,none
739ef6dfe249619af8d2a1bb860fa2aea1d8075c,48c560c9799ac2f185e395cc58db139ecee02515,2025-10-15T15:59:05+05:30,ok,1.0,1.0,2.0,1.0,1.0,0.0,0.0,1.0,3.0,0.0,0.0,0.0,0.0,0.0,0.0,0.0,0.0,0.0,0.0,0.0,0.0,0.0,0.0,0.0,0.0,0.0,0.0,0.0,0.0,0.0,0,0,0,0,0,0,0,0,0.0,0.0,0.0,0.0,0.0,0.0,0.0,0.0,0.0,0.0,0.0,0.0,0.0,0.0,0.0,0.0,0.0,0.0,0.0,0.0,0.0,0.0,0.0,0.0,0.0,0.0,0.0,0.0,0.0,0.0,0.0,0.0,0.0,0.0,0.0,0.0,0.0,0.0,0.0,0.0,0.0,0.0,0.0,0.0,0.0,0.0,0.0,0.0,0.0,0.0,0.0,0.0,0.0,0.0,1.0,0.0,0.0,0.0,0.0,0.0,0.0,0.0,0.0,0.0,0.0,0.0,30.0,0.0,1.0,2014.0,0.0009722222222222222,1.0,13,5.0,0.0,0,2.4618852814484065e-06,1.2610769849667012e-06,none,3.663,0.0012,0.79378,none,-9.105,-0.0724,0.84127,none,19.479,0.1109,0.93625,none,17.979,0.079,0.73611,none,0,0.1078,1,none,0,0,1,none
5dd2fe4bd01cf0054b5158257a558888bdf41ae8,739ef6dfe249619af8d2a1bb860fa2aea1d8075c,2026-01-28T00:32:32+05:30,ok,2.0,330.0,349.0,1.0,2.0,0.19165171189119226,0.0,0.0,0.0,0.0,0.0,0.0,0.0,0.0,0.0,0.0,0.0,0.0,0.0,0.0,0.0,0.0,0.0,1.0,20.0,1.0,659.0,0.0,0.0,0.0,0,0,0,0,0,0,10,1,0.0,0.0,0.0,0.0,0.0,0.0,0.0,0.0,0.0,0.0,0.0,0.0,0.0,0.0,0.0,0.0,0.0,0.0,0.0,0.0,0.0,0.0,0.0,0.0,0.0,0.0,0.0,0.0,0.0,0.0,0.0,0.0,0.0,0.0,0.0,0.0,0.0,0.0,0.0,0.0,0.0,0.0,0.0,0.0,0.0,0.0,0.0,0.0,0.0,0.0,0.0,0.0,0.0,0.0,1.0,0.0,0.0,0.0,0.0,0.0,0.0,0.0,0.0,0.0,0.0,0.0,26.0,0.0,1.0,2015.0,104.37973379629629,3.0,-11,-3.0,-1.0,0,-2.0831285712635446e-06,-7.566452367921269e-07,none,5.237,0.0018,0.31548,none,3.572,0.0297,1,none,11.854,0.0671,0.96303,none,-6.835,-0.03,1,none,0,0.3498,1,none,17,0.0226,0.77343,none
7f551dbbe6b72cfa9c837ef9af06c07a78daf0a9,5dd2fe4bd01cf0054b5158257a558888bdf41ae8,2026-01-28T00:32:44+05:30,ok,2.0,3.0,2.0,2.0,2.0,0.7219280948873623,0.0,1.0,4.0,0.0,0.0,0.0,0.0,0.0,0.0,0.0,0.0,0.0,0.0,0.0,0.0,0.0,0.0,0.0,0.0,0.0,0.0,1.0,1.0,0.0,0,0,0,0,0,0,0,0,0.0,0.0,0.0,0.0,0.0,0.0,0.0,0.0,0.0,0.0,0.0,0.0,0.0,0.0,0.0,0.0,0.0,0.0,0.0,0.0,0.0,0.0,1.0,1.0,0.0,0.0,1.0,1.0,0.0,0.0,0.0,0.0,0.0,0.0,0.0,0.0,0.0,0.0,0.0,0.0,0.0,0.0,0.0,0.0,0.0,0.0,0.0,0.0,0.0,0.0,0.0,1.0,0.0,0.0,0.0,0.0,0.0,0.0,0.0,0.0,0.0,0.0,0.0,0.0,0.0,0.0,16.0,0.0,1.0,2016.0,144.31241319444445,6.0,13,6.0,0.0,0,2.4618843490058153e-06,1.5132916186091489e-06,none,4.6,0.0016,1,none,-1.479,-0.0123,0.96929,none,-101.475,-0.5406,0.93625,none,-6.511,-0.0291,1,none,0,0.4953,1,none,19,0.0247,0.99805,none
61e194517db827b5c7db07fc685180f5af43343f,7f551dbbe6b72cfa9c837ef9af06c07a78daf0a9,2026-01-28T12:01:29+05:30,ok,3.0,7.0,48.0,2.0,1.0,0.2242888613409797,0.0,3.0,55.0,0.0,0.0,0.0,0.0,0.0,0.0,0.0,0.0,0.0,0.0,0.0,0.0,0.0,0.0,0.0,0.0,0.0,0.0,0.0,0.0,0.0,0,0,0,0,0,0,0,0,0.0,4.0,0.0,0.0,0.0,0.0,0.0,0.0,0.0,0.0,0.0,0.0,0.0,0.0,0.0,1.0,0.0,0.0,0.0,0.0,0.0,0.0,0.0,0.0,0.0,0.0,0.0,0.0,0.0,0.0,0.0,0.0,0.0,0.0,0.0,0.0,0.0,0.0,0.0,0.0,0.0,0.0,0.0,0.0,0.0,0.0,0.0,0.0,0.0,1.0,0.0,0.0,0.0,0.0,0.0,0.0,0.0,0.0,0.0,0.0,0.0,0.0,0.0,1.0,0.0,0.0,62.0,0.0,4.0,2017.0,133.01420524691358,2.0,-332,-298.0,-29.0,0,-6.287258397419497e-05,-7.516003665186754e-05,none,2.23,0.0008,0.95683,none,-1.744,-0.015,0.84127,none,2,0.037,0.99083,none,9.786,0.0449,0.93625,none,0,-0.1454,1,none,17,0.0226,1,none
c05fa21dcc3c571c5e2a3a105352ec11868037bc,61e194517db827b5c7db07fc685180f5af43343f,2026-01-28T12:01:52+05:30,ok,7.0,11.0,4.0,4.0,4.0,0.8901366706634252,0.0,5.0,13.0,0.0,0.0,0.0,0.0,0.0,0.0,0.0,0.0,0.0,0.0,0.0,0.0,0.0,0.0,0.0,0.0,0.0,0.0,2.0,2.0,0.0,0,0,0,0,0,0,0,0,3.0,0.0,0.0,0.0,0.0,0.0,0.0,0.0,0.0,0.0,0.0,0.0,0.0,0.0,0.0,0.0,0.0,0.0,0.0,0.0,0.0,0.0,0.0,0.0,0.0,0.0,0.0,0.0,0.0,0.0,0.0,0.0,0.0,0.0,0.0,0.0,0.0,0.0,0.0,0.0,0.0,0.0,0.0,0.0,0.0,0.0,0.0,0.0,0.0,0.0,0.0,0.0,0.0,0.0,0.0,0.0,0.0,0.0,0.0,0.0,0.0,0.0,0.0,1.0,0.0,0.0,59.0,0.0,2.0,2021.0,269.6687863756614,4.0,38,29.0,0.0,0,7.196712087389296e-06,7.314781533960134e-06,none,9.827,0.0033,0.5994,none,-15.017,-0.1211,0.98906,none,134.701,2.6156,0.93625,none,187.413,6.6955,0.73611,none,0,0,1,none,35,0.0477,0.78536,none
7414ac0926337e18929e47e5bd0d26e0ce4b11bd,c05fa21dcc3c571c5e2a3a105352ec11868037bc,2026-01-28T12:02:01+05:30,ok,3.0,35.0,24.0,2.0,1.0,0.6069248265179753,0.0,3.0,59.0,0.0,0.0,0.0,0.0,0.0,0.0,0.0,0.0,0.0,0.0,0.0,0.0,0.0,0.0,0.0,0.0,0.0,0.0,0.0,0.0,0.0,0,0,0,0,0,0,0,0,0.0,0.0,0.0,0.0,0.0,0.0,0.0,0.0,0.0,0.0,0.0,0.0,0.0,0.0,0.0,0.0,0.0,0.0,0.0,0.0,0.0,0.0,0.0,0.0,0.0,0.0,0.0,0.0,0.0,0.0,0.0,0.0,0.0,0.0,0.0,0.0,0.0,0.0,0.0,0.0,0.0,0.0,0.0,0.0,0.0,0.0,0.0,0.0,0.0,0.0,0.0,0.0,0.0,0.0,0.0,0.0,0.0,0.0,0.0,0.0,0.0,0.0,0.0,1.0,0.0,0.0,60.0,0.0,2.0,2023.0,176.47888888888892,1.0,174,166.0,0.0,0,3.2953128719655426e-05,4.1870512162122626e-05,none,0.969,0.0003,0.99805,none,1.607,0.0137,1,none,-123.122,-0.7112,0.93625,none,15.364,0.0757,0.73611,none,0,0,1,none,1,0.0013,0.36865,none
f3d580b8eb225de36796086d2d96bef32c3d60bf,7414ac0926337e18929e47e5bd0d26e0ce4b11bd,2026-01-29T14:22:08+05:30,ok,2.0,7.0,13.0,1.0,2.0,0.4689955935892812,0.0,0.0,0.0,0.0,0.0,0.0,0.0,0.0,0.0,0.0,0.0,0.0,0.0,0.0,0.0,0.0,0.0,1.0,2.0,1.0,18.0,0.0,0.0,0.0,0,0,1,0,0,0,0,0,0.0,0.0,0.0,0.0,0.0,0.0,0.0,0.0,0.0,0.0,0.0,0.0,0.0,0.0,0.0,0.0,0.0,0.0,0.0,0.0,0.0,0.0,0.0,0.0,0.0,0.0,0.0,0.0,0.0,0.0,0.0,0.0,0.0,0.0,0.0,0.0,0.0,0.0,0.0,0.0,0.0,0.0,0.0,0.0,0.0,0.0,0.0,0.0,0.0,0.0,0.0,1.0,0.0,0.0,0.0,0.0,0.0,0.0,0.0,0.0,0.0,0.0,0.0,0.0,0.0,0.0,21.0,0.0,1.0,2025.0,1.576111111111111,3.0,123,127.0,0.0,0,2.3293685460630736e-05,3.203212292264116e-05,none,-0.725,-0.0002,1,none,-1.779,-0.0142,0.98906,none,-5.343,-0.029,1,none,-12.59,-0.0532,0.98354,none,0,0.3454,1,none,0,0,0.84127,none
629d9639d2165e1b9a569b15c7432f57098384cf,f3d580b8eb225de36796086d2d96bef32c3d60bf,2026-02-02T15:33:56+05:30,ok,3.0,86.0,0.0,2.0,2.0,0.31360078293446886,0.0,2.0,85.0,0.0,0.0,0.0,0.0,0.0,0.0,0.0,0.0,0.0,0.0,0.0,0.0,1.0,1.0,0.0,0.0,0.0,0.0,0.0,0.0,0.0,0,0,0,0,0,0,0,0,4.0,0.0,0.0,0.0,0.0,0.0,0.0,0.0,0.0,0.0,0.0,0.0,0.0,0.0,0.0,0.0,0.0,0.0,0.0,0.0,0.0,0.0,0.0,0.0,0.0,0.0,0.0,0.0,0.0,0.0,0.0,0.0,0.0,0.0,0.0,0.0,0.0,0.0,0.0,0.0,0.0,0.0,0.0,0.0,0.0,0.0,0.0,0.0,0.0,0.0,0.0,0.0,0.0,0.0,0.0,0.0,0.0,0.0,0.0,0.0,0.0,0.0,0.0,1.0,0.0,0.0,51.0,0.0,2.0,2026.0,243.87502893518518,3.0,385,405.0,0.0,0,7.290943095798827e-05,0.00010214641136957657,none,3.363,0.0011,0.72109,none,14.767,0.1281,0.74926,none,-121.606,-0.6715,0.93625,none,-7.732,-0.0361,1,none,0,0,1,none,17,0.0232,0.87223,none
49629cfb61431d45985e7df24387bdff905609b6,629d9639d2165e1b9a569b15c7432f57098384cf,2026-02-13T19:30:59+05:30,ok,1.0,1.0,1.0,1.0,1.0,0.0,0.0,0.0,0.0,0.0,0.0,1.0,2.0,0.0,0.0,0.0,0.0,0.0,0.0,0.0,0.0,0.0,0.0,0.0,0.0,0.0,0.0,0.0,0.0,0.0,0,0,0,0,0,0,0,0,0.0,0.0,0.0,0.0,0.0,0.0,0.0,0.0,0.0,0.0,0.0,0.0,0.0,0.0,0.0,0.0,0.0,0.0,0.0,0.0,0.0,0.0,0.0,0.0,0.0,0.0,0.0,0.0,0.0,0.0,0.0,0.0,0.0,0.0,0.0,0.0,0.0,0.0,0.0,0.0,0.0,0.0,0.0,0.0,0.0,0.0,0.0,0.0,0.0,0.0,0.0,0.0,0.0,0.0,0.0,0.0,0.0,0.0,0.0,0.0,0.0,0.0,0.0,1.0,0.0,0.0,17.0,0.0,1.0,48.0,306.3870486111111,3.0,6,2.0,0.0,0,1.1361680347076612e-06,5.043752026957846e-07,none,2.067,0.0007,1,none,-2.933,-0.0241,0.98906,none,-75.374,-0.463,1,none,-4.003,-0.0164,0.98354,none,0,0,1,none,-16,-0.0209,1,none
4bfe42458eafd489e2f8001cf841cefd92cbcd56,49629cfb61431d45985e7df24387bdff905609b6,2026-02-16T16:46:25+05:30,ok,1.0,14.0,53.0,1.0,1.0,0.0,0.0,1.0,67.0,0.0,0.0,0.0,0.0,0.0,0.0,0.0,0.0,0.0,0.0,0.0,0.0,0.0,0.0,0.0,0.0,0.0,0.0,0.0,0.0,0.0,0,0,0,0,0,0,0,0,0.0,0.0,0.0,0.0,0.0,0.0,0.0,0.0,0.0,0.0,0.0,0.0,0.0,0.0,0.0,0.0,0.0,0.0,0.0,0.0,0.0,0.0,0.0,0.0,0.0,0.0,0.0,0.0,0.0,0.0,0.0,0.0,0.0,0.0,0.0,0.0,0.0,0.0,0.0,0.0,0.0,0.0,0.0,0.0,0.0,0.0,0.0,0.0,0.0,0.0,0.0,0.0,0.0,0.0,0.0,0.0,0.0,0.0,0.0,0.0,0.0,0.0,0.0,1.0,0.0,0.0,51.0,0.0,3.0,2028.0,14.050960648148148,1.0,-101,-116.0,0.0,0,-1.912547352116063e-05,-2.9253747001490933e-05,none,-7.71,-0.0026,0.9038,none,5.331,0.0451,0.98906,none,-10.328,-0.0572,0.99083,none,8.985,0.0424,0.98354,none,0,-0.1599,1,none,16,0.0213,1,none
8d7db5501a6c6023cb1bde884391bd64241edb84,4bfe42458eafd489e2f8001cf841cefd92cbcd56,2026-02-16T20:44:51+05:30,ok,8.0,405.0,7.0,4.0,2.0,0.657132143734383,0.0,6.0,394.0,0.0,0.0,0.0,0.0,2.0,0.0,0.0,0.0,0.0,0.0,0.0,0.0,0.0,0.0,0.0,0.0,0.0,0.0,0.0,0.0,0.0,0,0,0,0,0,0,0,0,9.0,3.0,0.0,0.0,0.0,0.0,2.0,0.0,0.0,0.0,6.0,0.0,3.0,0.0,0.0,0.0,0.0,0.0,1.0,0.0,0.0,0.0,4.0,0.0,0.0,0.0,7.0,0.0,0.0,0.0,0.0,0.0,0.0,0.0,0.0,0.0,0.0,0.0,2.0,0.0,1.0,0.0,0.0,0.0,6.0,0.0,2.0,0.0,0.0,0.0,0.0,0.0,0.0,0.0,0.0,0.0,0.0,0.0,0.0,0.0,0.0,0.0,0.0,1.0,0.0,0.0,74.0,0.0,7.0,2031.0,81.1215133101852,1.0,3971,2348.0,783.0,2,0.0007519674050250586,0.0005921535120150672,none,-3.428,-0.0012,1,none,-7.945,-0.0647,1,none,-63.359,-0.3835,0.93625,none,-3.158,-0.0147,0.98354,none,0,0.3454,1,none,18,0.0246,0.894,none
94f7dafc7279a5e006771c6e7bd56d47cb2753ee,8d7db5501a6c6023cb1bde884391bd64241edb84,2026-02-16T21:11:50+05:30,ok,1.0,45.0,4.0,1.0,1.0,0.0,0.0,1.0,49.0,0.0,0.0,0.0,0.0,0.0,0.0,0.0,0.0,0.0,0.0,0.0,0.0,0.0,0.0,0.0,0.0,0.0,0.0,0.0,0.0,0.0,0,0,0,0,0,0,0,0,0.0,0.0,0.0,0.0,0.0,0.0,0.0,0.0,0.0,0.0,0.0,0.0,0.0,0.0,0.0,0.0,0.0,0.0,0.0,0.0,2.0,0.0,1.0,0.0,2.0,0.0,4.0,0.0,0.0,0.0,0.0,0.0,0.0,0.0,0.0,0.0,0.0,0.0,0.0,0.0,2.0,0.0,0.0,0.0,0.0,0.0,0.0,0.0,0.0,0.0,0.0,0.0,0.0,0.0,0.0,0.0,0.0,0.0,0.0,0.0,0.0,0.0,0.0,1.0,0.0,0.0,77.0,0.0,5.0,2032.0,19.86048611111111,4.0,247,263.0,0.0,0,4.67379467660463e-05,6.628799335406156e-05,none,-28.596,-0.0097,1,none,6.77,0.058,0.98906,none,-5.528,-0.0318,0.93625,none,18.344,0.087,0.85745,none,0,0,1,none,1,0.0013,0.99805,none
6079e5e1ba973dc43fae1c2cbb4b275b0b5ff348,94f7dafc7279a5e006771c6e7bd56d47cb2753ee,2026-03-03T10:33:43-08:00,ok,12.0,230.0,21.0,10.0,4.0,0.5673414216818989,0.0,11.0,245.0,0.0,0.0,0.0,0.0,0.0,0.0,1.0,6.0,0.0,0.0,0.0,0.0,0.0,0.0,0.0,0.0,0.0,0.0,0.0,0.0,0.0,0,0,0,0,0,0,0,0,20.0,2.0,0.0,0.0,0.0,0.0,0.0,0.0,0.0,0.0,2.0,1.0,1.0,0.0,0.0,0.0,0.0,0.0,1.0,0.0,0.0,0.0,0.0,0.0,0.0,0.0,0.0,0.0,0.0,0.0,0.0,0.0,0.0,1.0,0.0,0.0,0.0,0.0,0.0,0.0,0.0,0.0,0.0,0.0,0.0,0.0,0.0,0.0,0.0,0.0,0.0,0.0,0.0,0.0,0.0,0.0,0.0,0.0,0.0,0.0,0.0,0.0,0.0,1.0,0.0,0.0,51.0,0.0,5.0,2033.0,193.0683744855967,3.0,3831,3504.0,324.0,0,0.0007248773517359971,0.0008831092502417587,none,-0.878,-0.0003,1,none,-0.048,-0.0004,1,none,26.808,0.1662,0.93625,none,7.571,0.0345,1,none,0,0,1,none,18,0.024,0.70939,none
44d15c0f5e6c97b80a97ebc71a5f4b2a91f8e256,82f7371fed2165d0edfbd79f04ae26adb781192a,2026-03-03T14:09:58-08:00,ok,1.0,2.0,0.0,1.0,1.0,0.0,0.0,1.0,2.0,0.0,0.0,0.0,0.0,0.0,0.0,0.0,0.0,0.0,0.0,0.0,0.0,0.0,0.0,0.0,0.0,0.0,0.0,0.0,0.0,0.0,0,0,0,0,0,0,0,0,0.0,0.0,0.0,0.0,0.0,0.0,0.0,0.0,0.0,0.0,0.0,0.0,0.0,0.0,0.0,0.0,0.0,0.0,0.0,0.0,0.0,0.0,0.0,0.0,0.0,0.0,0.0,0.0,0.0,0.0,0.0,0.0,0.0,0.0,0.0,0.0,0.0,0.0,0.0,0.0,0.0,0.0,0.0,0.0,0.0,0.0,0.0,0.0,0.0,0.0,0.0,0.0,0.0,0.0,0.0,0.0,0.0,0.0,0.0,0.0,0.0,0.0,0.0,1.0,0.0,0.0,79.0,0.0,2.0,2043.0,0.0760300925925926,1.0,-46,-38.0,0.0,0,-8.697146636350177e-06,-9.568120231991664e-06,none,-1.963,-0.0007,0.95683,none,5.55,0.0505,1,none,-17.424,-0.0903,0.97725,none,184.309,6.7163,0.27935,none,0,0,1,none,-16,-0.0204,1,none
a85bc09092ac7080bff7e565c52f679193a4ca2e,6079e5e1ba973dc43fae1c2cbb4b275b0b5ff348,2026-03-04T01:10:12+05:30,ok,7.0,28.0,10.0,4.0,2.0,0.9695496997636438,0.0,7.0,38.0,0.0,0.0,0.0,0.0,0.0,0.0,0.0,0.0,0.0,0.0,0.0,0.0,0.0,0.0,0.0,0.0,0.0,0.0,0.0,0.0,0.0,0,0,0,0,0,0,0,0,6.0,3.0,0.0,0.0,0.0,0.0,0.0,0.0,0.0,0.0,0.0,0.0,0.0,0.0,0.0,0.0,0.0,0.0,0.0,0.0,0.0,0.0,0.0,0.0,0.0,0.0,0.0,0.0,0.0,0.0,0.0,0.0,0.0,0.0,0.0,0.0,0.0,0.0,0.0,0.0,0.0,0.0,0.0,0.0,0.0,0.0,0.0,0.0,0.0,0.0,0.0,1.0,0.0,0.0,0.0,0.0,0.0,0.0,0.0,0.0,0.0,0.0,0.0,0.0,0.0,0.0,29.0,0.0,1.0,2038.0,28.237508267195768,3.0,126,116.0,0.0,0,2.3823646027511016e-05,2.9209556661881505e-05,none,0.346,0.0001,1,none,-2.876,-0.0222,0.98906,none,18.983,0.0968,1,none,-16.192,-0.0681,0.98354,none,0,0,1,none,1,0.0013,0.90018,none
e56451e0270c8cb2ab003d4d734f9f63d1d13476,a85bc09092ac7080bff7e565c52f679193a4ca2e,2026-03-04T01:43:34+05:30,ok,8.0,43.0,34.0,4.0,5.0,0.9099099723554458,0.0,4.0,55.0,0.0,0.0,0.0,0.0,0.0,0.0,4.0,22.0,0.0,0.0,0.0,0.0,0.0,0.0,0.0,0.0,0.0,0.0,0.0,0.0,0.0,0,0,0,0,0,0,0,0,6.0,2.0,0.0,0.0,0.0,0.0,0.0,0.0,0.0,0.0,0.0,0.0,0.0,0.0,0.0,0.0,0.0,0.0,0.0,0.0,0.0,0.0,0.0,0.0,0.0,0.0,0.0,0.0,0.0,0.0,0.0,0.0,0.0,0.0,0.0,0.0,0.0,0.0,0.0,0.0,0.0,0.0,0.0,0.0,0.0,0.0,0.0,0.0,0.0,0.0,0.0,0.0,0.0,0.0,1.0,0.0,0.0,0.0,0.0,0.0,0.0,0.0,0.0,0.0,0.0,0.0,25.0,0.0,3.0,2041.0,9.987237654320987,4.0,-9,-8.0,0.0,0,-1.701648462494439e-06,-2.014393344041513e-06,none,2.194,0.0007,1,none,-13.631,-0.1096,0.00008,none,11.757,0.0611,0.93625,none,-18.76,-0.0821,0.02799,none,0,-0.1017,0.24582,none,0,0,1,none
82f7371fed2165d0edfbd79f04ae26adb781192a,e56451e0270c8cb2ab003d4d734f9f63d1d13476,2026-03-04T01:50:29+05:30,ok,1.0,20.0,0.0,1.0,1.0,0.0,0.0,1.0,20.0,0.0,0.0,0.0,0.0,0.0,0.0,0.0,0.0,0.0,0.0,0.0,0.0,0.0,0.0,0.0,0.0,0.0,0.0,0.0,0.0,0.0,0,0,0,0,0,0,0,0,0.0,0.0,0.0,0.0,0.0,0.0,0.0,0.0,0.0,0.0,0.0,0.0,0.0,0.0,0.0,0.0,0.0,0.0,0.0,0.0,0.0,0.0,0.0,0.0,0.0,0.0,0.0,0.0,0.0,0.0,0.0,0.0,0.0,0.0,0.0,0.0,0.0,0.0,0.0,0.0,0.0,0.0,0.0,0.0,0.0,0.0,0.0,0.0,0.0,0.0,0.0,1.0,0.0,0.0,0.0,0.0,0.0,0.0,0.0,0.0,0.0,0.0,0.0,0.0,0.0,0.0,94.0,0.0,1.0,2042.0,0.08655092592592592,1.0,111,111.0,0.0,0,2.0987033416651225e-05,2.7949763950394457e-05,none,-7.711,-0.0026,0.79378,none,4.229,0.0389,0.96929,none,-1.893,-0.0103,0.96303,none,15.93,1.0146,0.85745,none,0,0,1,none,0,0,1,none
340911f2713c3b10f53cf51a3560dbcd85041bea,44d15c0f5e6c97b80a97ebc71a5f4b2a91f8e256,2026-03-05T23:28:34+05:30,ok,2.0,1.0,3.0,2.0,1.0,0.8112781244591328,0.0,2.0,4.0,0.0,0.0,0.0,0.0,0.0,0.0,0.0,0.0,0.0,0.0,0.0,0.0,0.0,0.0,0.0,0.0,0.0,0.0,0.0,0.0,0.0,0,0,0,0,0,0,0,0,1.0,1.0,0.0,0.0,0.0,0.0,0.0,0.0,0.0,0.0,0.0,0.0,0.0,0.0,0.0,0.0,0.0,0.0,0.0,0.0,0.0,0.0,0.0,0.0,0.0,0.0,0.0,0.0,0.0,0.0,0.0,0.0,0.0,0.0,0.0,0.0,0.0,0.0,0.0,0.0,0.0,0.0,0.0,0.0,0.0,0.0,0.0,0.0,0.0,0.0,0.0,0.0,0.0,0.0,1.0,0.0,0.0,0.0,0.0,0.0,0.0,0.0,0.0,0.0,0.0,0.0,27.0,0.0,1.0,2044.0,71.62113425925925,1.0,-9,-1.0,0.0,0,-1.7016304455719323e-06,-2.5179504688927363e-07,none,-29.147,-0.0099,1,none,-4.837,-0.0426,0.98906,none,-4.43,-0.0215,0.93625,none,8.321,0.3594,0.76897,none,0,0,1,none,0,0,0.99805,none
15cdb7b64a33326862cbcfba59696b2e9146ac21,340911f2713c3b10f53cf51a3560dbcd85041bea,2026-03-12T13:35:42+09:00,ok,1.0,0.0,22.0,1.0,1.0,0.0,0.0,1.0,22.0,0.0,0.0,0.0,0.0,0.0,0.0,0.0,0.0,0.0,0.0,0.0,0.0,0.0,0.0,0.0,0.0,0.0,0.0,0.0,0.0,0.0,0,0,0,0,0,0,0,0,0.0,0.0,0.0,0.0,0.0,0.0,0.0,0.0,0.0,0.0,0.0,0.0,0.0,0.0,0.0,0.0,0.0,0.0,0.0,1.0,0.0,0.0,0.0,0.0,0.0,0.0,0.0,0.0,0.0,0.0,0.0,0.0,0.0,0.0,0.0,0.0,0.0,0.0,0.0,0.0,0.0,0.0,0.0,0.0,0.0,0.0,0.0,0.0,0.0,0.0,0.0,0.0,0.0,0.0,1.0,0.0,0.0,0.0,0.0,0.0,0.0,0.0,0.0,0.0,0.0,0.0,56.0,0.0,1.0,2045.0,8.273287037037036,2.0,-45,-57.0,0.0,0,-8.508166705615164e-06,-1.4352321286532009e-05,none,1.424,0.0005,0.72109,none,-1.539,-0.0134,0.98906,none,-17.682,-0.0879,0.96303,none,181.594,6.9364,0.73611,none,0,0,1,none,0,0,1,none
d16a1776e681b93009192df4733f663c4a2bf7fb,15cdb7b64a33326862cbcfba59696b2e9146ac21,2026-03-16T07:40:41-07:00,ok,7.0,132.0,63.0,6.0,3.0,0.6031097452924751,0.0,6.0,193.0,0.0,0.0,0.0,0.0,0.0,0.0,0.0,0.0,0.0,0.0,0.0,0.0,0.0,0.0,0.0,0.0,0.0,0.0,1.0,2.0,0.0,0,0,0,0,0,0,0,0,4.0,0.0,0.0,0.0,0.0,0.0,0.0,0.0,0.0,0.0,0.0,0.0,0.0,0.0,0.0,0.0,0.0,0.0,0.0,0.0,0.0,0.0,0.0,0.0,0.0,0.0,0.0,0.0,0.0,0.0,0.0,0.0,0.0,0.0,0.0,0.0,0.0,0.0,0.0,0.0,0.0,0.0,0.0,0.0,0.0,0.0,0.0,0.0,0.0,0.0,0.0,0.0,0.0,0.0,0.0,0.0,0.0,0.0,0.0,0.0,0.0,0.0,0.0,1.0,0.0,0.0,66.0,0.0,4.0,2046.0,145.16133432539684,8.0,717,740.0,-16.0,0,0.00013556460958243265,0.00018633105589780597,none,0.119,0,1,none,8.485,0.0795,0.46491,none,21.899,0.3479,0.93625,none,12.102,0.0603,0.73611,none,0,0,1,none,-35,-0.0446,0.47142,none
8a436791de458970c33d7d31bde7051afd40b29a,d16a1776e681b93009192df4733f663c4a2bf7fb,2026-03-16T07:41:08-07:00,ok,2.0,118.0,94.0,1.0,2.0,0.07701687574298335,0.0,0.0,0.0,0.0,0.0,0.0,0.0,0.0,0.0,0.0,0.0,0.0,0.0,0.0,0.0,0.0,0.0,1.0,2.0,1.0,210.0,0.0,0.0,0.0,0,0,1,0,0,0,0,0,0.0,0.0,0.0,0.0,0.0,0.0,0.0,0.0,0.0,0.0,0.0,0.0,0.0,0.0,0.0,0.0,0.0,0.0,0.0,0.0,0.0,0.0,0.0,0.0,0.0,0.0,0.0,0.0,0.0,0.0,0.0,0.0,0.0,0.0,0.0,0.0,0.0,0.0,0.0,0.0,0.0,0.0,0.0,0.0,0.0,0.0,0.0,0.0,0.0,0.0,0.0,0.0,0.0,0.0,0.0,0.0,0.0,0.0,0.0,0.0,0.0,0.0,0.0,1.0,0.0,1.0,66.0,0.0,2.0,2050.0,46.24236111111111,3.0,58361,58359.0,0.0,0,0.011032934143056668,0.014691984171859887,none,-46.748,-0.0158,0.12619,none,3.145,0.029,0.94643,none,-11,-0.2157,0.96303,none,-10.079,-0.0493,0.98354,none,0,0,1,none,35,0.0477,0.36865,none
ab760f35fa417acae564a2f4aed729daf45f7dd3,8a436791de458970c33d7d31bde7051afd40b29a,2026-03-18T22:05:07+09:00,ok,6.0,129.0,15.0,2.0,2.0,0.8493945963879633,0.0,4.0,46.0,0.0,0.0,0.0,0.0,0.0,0.0,2.0,98.0,0.0,0.0,0.0,0.0,0.0,0.0,0.0,0.0,0.0,0.0,0.0,0.0,0.0,0,0,0,0,0,0,0,0,2.0,2.0,0.0,0.0,0.0,0.0,0.0,0.0,0.0,0.0,0.0,0.0,0.0,0.0,0.0,0.0,0.0,0.0,0.0,0.0,0.0,0.0,0.0,0.0,0.0,0.0,0.0,0.0,0.0,0.0,0.0,0.0,1.0,1.0,0.0,0.0,0.0,0.0,0.0,0.0,0.0,0.0,0.0,0.0,0.0,0.0,0.0,0.0,0.0,0.0,1.0,0.0,0.0,0.0,0.0,0.0,0.0,0.0,0.0,0.0,0.0,0.0,0.0,0.0,0.0,0.0,66.0,0.0,1.0,2051.0,419.56102237654324,2.0,-39,-32.0,0.0,0,-7.292351688057877e-06,-7.939412359432084e-06,none,-4.408,-0.0015,0.79378,none,-8.098,-0.0707,1,none,82.539,2.2613,0.93625,none,3.919,0.0203,0.98354,none,0,0,1,none,-19,-0.0253,0.58563,none
c675dc02e9c94b38aa178f07c80337faebd49c45,ab760f35fa417acae564a2f4aed729daf45f7dd3,2026-03-25T17:03:04+09:00,ok,1.0,3.0,1.0,1.0,1.0,0.0,0.0,1.0,4.0,0.0,0.0,0.0,0.0,0.0,0.0,0.0,0.0,0.0,0.0,0.0,0.0,0.0,0.0,0.0,0.0,0.0,0.0,0.0,0.0,0.0,0,0,0,0,0,0,0,0,0.0,0.0,0.0,0.0,0.0,0.0,0.0,0.0,0.0,0.0,0.0,0.0,0.0,0.0,0.0,0.0,0.0,0.0,0.0,0.0,0.0,0.0,0.0,0.0,0.0,0.0,0.0,0.0,0.0,0.0,0.0,0.0,0.0,0.0,0.0,0.0,0.0,0.0,0.0,0.0,0.0,0.0,0.0,0.0,0.0,0.0,0.0,0.0,0.0,0.0,0.0,1.0,0.0,0.0,0.0,0.0,0.0,0.0,0.0,0.0,0.0,0.0,0.0,0.0,0.0,0.0,24.0,0.0,1.0,2052.0,8.731840277777778,2.0,76,65.0,0.0,0,1.4210840253326927e-05,1.61270593944711e-05,none,6.398,0.0022,0.79378,none,0.227,0.002,1,none,23.487,0.5985,0.93625,none,169.603,7.6598,0.76897,none,0,0,1,none,19,0.0253,0.8848,none
29e92a9702565f3e074d290c1b283c9783f8ffc2,0e0da3b1e9985c156451326ee5000fd22a6e4a79,2026-04-01T15:13:59Z,ok,9.0,25.0,3.0,3.0,7.0,0.8851813502184858,0.0,3.0,10.0,0.0,0.0,0.0,0.0,0.0,0.0,0.0,0.0,1.0,2.0,1.0,4.0,0.0,0.0,1.0,1.0,1.0,9.0,2.0,2.0,0.0,0,0,0,0,1,0,0,0,3.0,0.0,0.0,0.0,0.0,0.0,0.0,0.0,0.0,0.0,0.0,0.0,0.0,0.0,0.0,0.0,0.0,0.0,0.0,0.0,0.0,0.0,0.0,0.0,0.0,0.0,0.0,0.0,0.0,0.0,0.0,0.0,0.0,0.0,0.0,0.0,0.0,0.0,2.0,2.0,0.0,0.0,0.0,0.0,0.0,0.0,0.0,0.0,0.0,0.0,0.0,0.0,0.0,0.0,0.0,0.0,0.0,0.0,0.0,0.0,0.0,0.0,0.0,1.0,0.0,0.0,57.0,0.0,3.0,49.0,151.85095238095238,8.0,664,620.0,0.0,2,0.00012415621918882984,0.00015382504584358523,none,0.442,0.0002,1,none,-1.246,-0.0107,0.96929,none,-85.306,-0.6778,0.93625,none,-162.875,-0.8878,0.93625,none,0,0,1,none,1,0.0013,1,none
0e0da3b1e9985c156451326ee5000fd22a6e4a79,c675dc02e9c94b38aa178f07c80337faebd49c45,2026-04-01T20:43:15+05:30,ok,1.0,1.0,1.0,1.0,1.0,0.0,0.0,1.0,2.0,0.0,0.0,0.0,0.0,0.0,0.0,0.0,0.0,0.0,0.0,0.0,0.0,0.0,0.0,0.0,0.0,0.0,0.0,0.0,0.0,0.0,0,0,0,0,0,0,0,0,0.0,0.0,0.0,0.0,0.0,0.0,0.0,0.0,0.0,0.0,0.0,0.0,0.0,0.0,0.0,0.0,0.0,0.0,0.0,0.0,0.0,0.0,0.0,0.0,0.0,0.0,0.0,0.0,0.0,0.0,0.0,0.0,0.0,0.0,0.0,0.0,0.0,0.0,0.0,0.0,0.0,0.0,0.0,0.0,0.0,0.0,0.0,0.0,0.0,0.0,0.0,0.0,0.0,0.0,1.0,0.0,0.0,0.0,0.0,0.0,0.0,0.0,0.0,0.0,0.0,0.0,37.0,0.0,1.0,2053.0,28.814618055555556,1.0,-5,-5.0,0.0,0,-9.349104150142125e-07,-1.2405230243554367e-06,none,-4.375,-0.0015,0.79378,none,-3.46,-0.0311,0.98906,none,-78.826,-0.5268,0.99083,none,2.042,0.1027,1,none,0,0,1,none,17,0.0227,0.99805,none
f9f1e27bc3623aa81e610dbf7c43d29e03f7d36a,29e92a9702565f3e074d290c1b283c9783f8ffc2,2026-04-01T22:20:22+05:30,ok,2.0,48.0,4.0,2.0,2.0,0.9117517586347537,0.0,2.0,52.0,0.0,0.0,0.0,0.0,0.0,0.0,0.0,0.0,0.0,0.0,0.0,0.0,0.0,0.0,0.0,0.0,0.0,0.0,0.0,0.0,0.0,0,0,0,0,0,0,0,0,3.0,0.0,0.0,0.0,0.0,0.0,0.0,0.0,0.0,0.0,0.0,0.0,0.0,0.0,0.0,0.0,0.0,0.0,0.0,0.0,0.0,0.0,0.0,0.0,0.0,0.0,0.0,0.0,0.0,0.0,0.0,0.0,0.0,0.0,0.0,0.0,0.0,0.0,0.0,0.0,0.0,0.0,0.0,0.0,0.0,0.0,1.0,0.0,0.0,0.0,0.0,0.0,0.0,0.0,0.0,0.0,0.0,0.0,0.0,0.0,0.0,0.0,0.0,1.0,0.0,0.0,58.0,0.0,3.0,2056.0,38.575758101851854,2.0,394,390.0,4.0,0,7.36618640003814e-05,9.67460339707574e-05,none,5.126,0.0018,0.99805,none,11.48,0.1064,0.01106,none,11.719,0.2211,0.93625,none,11.8,0.0654,0.85745,none,0,0,0.43628,none,1,0.0013,0.89406,none
679e444bf1571fb06522042e7fafb3b43c42ae54,f9f1e27bc3623aa81e610dbf7c43d29e03f7d36a,2026-04-02T17:34:24+05:30,ok,1.0,0.0,1.0,1.0,1.0,0.0,0.0,0.0,0.0,0.0,0.0,1.0,1.0,0.0,0.0,0.0,0.0,0.0,0.0,0.0,0.0,0.0,0.0,0.0,0.0,0.0,0.0,0.0,0.0,0.0,0,0,0,0,0,0,0,0,0.0,0.0,0.0,0.0,0.0,0.0,0.0,0.0,0.0,0.0,0.0,0.0,0.0,0.0,0.0,0.0,0.0,0.0,0.0,0.0,0.0,0.0,0.0,0.0,0.0,0.0,0.0,0.0,0.0,0.0,0.0,0.0,0.0,0.0,0.0,0.0,0.0,0.0,0.0,0.0,0.0,0.0,0.0,0.0,0.0,0.0,0.0,0.0,0.0,0.0,0.0,0.0,0.0,0.0,1.0,0.0,0.0,0.0,0.0,0.0,0.0,0.0,0.0,0.0,0.0,0.0,23.0,0.0,1.0,2059.0,47.91903935185185,4.0,-94,14.0,0.0,0,-1.757285584518987e-05,3.4725985926550076e-06,none,2.098,0.0007,0.99805,none,0.782,0.0066,0.94643,none,109,2.2708,0.93625,none,-130.848,-0.7278,1,none,0,0,1,none,-1,-0.0013,1,none
e3562168adcbc05479e8755128b1b94fd872517e,4925de94a9cd618115b76015ac9f4065514c40d7,2026-04-10T12:42:42Z,ok,2.0,25.0,35.0,1.0,2.0,0.21084230031853213,0.0,0.0,0.0,0.0,0.0,0.0,0.0,0.0,0.0,0.0,0.0,0.0,0.0,0.0,0.0,0.0,0.0,1.0,2.0,1.0,58.0,0.0,0.0,0.0,0,0,1,0,0,0,0,0,0.0,0.0,0.0,0.0,0.0,0.0,0.0,0.0,0.0,0.0,0.0,0.0,0.0,0.0,0.0,0.0,0.0,0.0,0.0,0.0,0.0,0.0,0.0,0.0,0.0,0.0,0.0,0.0,0.0,0.0,0.0,0.0,0.0,0.0,0.0,0.0,0.0,0.0,0.0,0.0,0.0,0.0,0.0,0.0,0.0,0.0,0.0,0.0,0.0,0.0,0.0,0.0,0.0,0.0,0.0,0.0,0.0,0.0,0.0,0.0,0.0,0.0,0.0,1.0,0.0,1.0,66.0,0.0,2.0,3.0,10.866770833333334,3.0,19331,19316.0,0.0,4,0.003612409451502782,0.004788552295894652,none,49.121,0.0169,0,none,2.662,0.0225,0.76329,none,-14.979,-0.1107,0.93625,none,42.958,0.2122,0.29312,none,0,0,1,none,1,0.0013,0.90992,none
4925de94a9cd618115b76015ac9f4065514c40d7,679e444bf1571fb06522042e7fafb3b43c42ae54,2026-04-10T21:35:24+09:00,ok,4.0,129.0,20.0,3.0,2.0,0.5836748255665639,0.0,3.0,109.0,0.0,0.0,0.0,0.0,0.0,0.0,1.0,40.0,0.0,0.0,0.0,0.0,0.0,0.0,0.0,0.0,0.0,0.0,0.0,0.0,0.0,0,0,0,0,0,0,0,0,3.0,3.0,0.0,0.0,0.0,0.0,0.0,0.0,0.0,0.0,0.0,0.0,0.0,0.0,0.0,0.0,0.0,0.0,2.0,0.0,3.0,0.0,0.0,0.0,0.0,0.0,0.0,0.0,0.0,0.0,0.0,0.0,0.0,0.0,2.0,1.0,0.0,0.0,0.0,0.0,0.0,0.0,0.0,0.0,0.0,0.0,0.0,0.0,0.0,0.0,0.0,0.0,0.0,0.0,0.0,0.0,0.0,0.0,0.0,0.0,0.0,0.0,0.0,1.0,0.0,0.0,22.0,0.0,6.0,2.0,135.20592592592592,3.0,2211,2210.0,0.0,0,0.000413343266533497,0.0005481725885428953,none,-3.648,-0.0013,0.5994,none,-5.988,-0.0493,0.74926,none,83.304,1.5514,0.96303,none,0.768,0.0041,0.85745,none,0,0,1,none,0,0,0.95916,none
29eb7b01fcaddb9cac2fdb08d841563daf91c8f1,e3562168adcbc05479e8755128b1b94fd872517e,2026-04-23T14:16:34+05:30,ok,3.0,124.0,36.0,3.0,2.0,0.5925826587051997,0.0,3.0,160.0,0.0,0.0,0.0,0.0,0.0,0.0,0.0,0.0,0.0,0.0,0.0,0.0,0.0,0.0,0.0,0.0,0.0,0.0,0.0,0.0,0.0,0,0,0,0,0,0,0,0,9.0,3.0,0.0,0.0,0.0,0.0,1.0,0.0,0.0,0.0,1.0,0.0,0.0,0.0,1.0,0.0,0.0,0.0,0.0,0.0,0.0,0.0,0.0,0.0,0.0,0.0,0.0,0.0,0.0,0.0,0.0,0.0,0.0,0.0,0.0,0.0,0.0,0.0,0.0,0.0,0.0,0.0,0.0,0.0,0.0,0.0,0.0,1.0,0.0,0.0,0.0,0.0,0.0,0.0,0.0,0.0,0.0,0.0,0.0,0.0,0.0,0.0,0.0,1.0,0.0,0.0,64.0,0.0,2.0,2060.0,17.262997685185184,4.0,279,288.0,6.0,0,5.194943513833725e-05,7.105666942093502e-05,none,2.8,0.0009,0.9038,none,-6.362,-0.0528,0.10516,none,-4.281,-0.0366,0.93625,none,-7.834,-0.0315,0.73611,none,0,0,1,none,18,0.024,0.87223,none
1bd6355ea86c6eab7454cb750e3c13e2fbb0a8e2,29eb7b01fcaddb9cac2fdb08d841563daf91c8f1,2026-04-23T14:32:44+05:30,ok,16.0,578.0,155.0,7.0,4.0,0.7716886695426127,0.0,13.0,708.0,0.0,0.0,0.0,0.0,0.0,0.0,0.0,0.0,0.0,0.0,0.0,0.0,1.0,3.0,1.0,2.0,1.0,20.0,0.0,0.0,0.0,0,0,0,0,2,0,0,0,52.0,14.0,0.0,0.0,0.0,0.0,0.0,0.0,0.0,0.0,0.0,0.0,0.0,0.0,0.0,0.0,0.0,0.0,0.0,0.0,0.0,0.0,0.0,0.0,0.0,0.0,0.0,0.0,0.0,0.0,0.0,0.0,0.0,0.0,0.0,0.0,0.0,0.0,3.0,0.0,0.0,0.0,0.0,0.0,0.0,0.0,0.0,0.0,0.0,0.0,0.0,0.0,0.0,0.0,0.0,0.0,0.0,0.0,0.0,0.0,0.0,0.0,0.0,1.0,0.0,0.0,70.0,0.0,6.0,2062.0,41.55728298611111,5.0,9213,9066.0,143.0,0,0.001715359439764687,0.002236645810877855,none,-1.943,-0.0007,1,none,1.175,0.01,0.74926,none,88.755,0.6603,1,none,-14.109,-0.0567,0.73611,none,0,0,1,none,0,0,1,none
1fabea49cfa4bfcdd096a4c86744e90281c85edb,1bd6355ea86c6eab7454cb750e3c13e2fbb0a8e2,2026-04-23T14:40:49+05:30,ok,2.0,6.0,10.0,1.0,2.0,0.5435644431995964,0.0,0.0,0.0,0.0,0.0,0.0,0.0,0.0,0.0,0.0,0.0,0.0,0.0,0.0,0.0,0.0,0.0,1.0,2.0,1.0,14.0,0.0,0.0,0.0,0,0,1,0,0,0,0,0,0.0,0.0,0.0,0.0,0.0,0.0,0.0,0.0,0.0,0.0,0.0,0.0,0.0,0.0,0.0,0.0,0.0,0.0,0.0,0.0,0.0,0.0,0.0,0.0,0.0,0.0,0.0,0.0,0.0,0.0,0.0,0.0,0.0,0.0,0.0,0.0,0.0,0.0,0.0,0.0,0.0,0.0,0.0,0.0,0.0,0.0,0.0,0.0,0.0,0.0,0.0,0.0,0.0,0.0,1.0,0.0,0.0,0.0,0.0,0.0,0.0,0.0,0.0,0.0,0.0,0.0,30.0,0.0,1.0,2068.0,0.8255439814814814,3.0,1973,1979.0,0.0,0,0.0003667218763074806,0.00048714361776629265,none,-14.164,-0.0048,0.95683,none,2.637,0.0228,0.98906,none,-57.259,-0.3347,0.93625,none,11.561,0.0484,1,none,0,0.0567,0.05269,none,2,0.0027,1,none
7b43e33971f9550966aa5e804b6a1c959f609118,1fabea49cfa4bfcdd096a4c86744e90281c85edb,2026-05-18T20:17:21+05:30,ok,2.0,496.0,372.0,1.0,2.0,0.023508255539705453,0.0,0.0,0.0,0.0,0.0,0.0,0.0,0.0,0.0,0.0,0.0,0.0,0.0,0.0,0.0,0.0,0.0,1.0,2.0,1.0,866.0,0.0,0.0,0.0,0,0,1,0,0,0,0,0,0.0,0.0,0.0,0.0,0.0,0.0,0.0,0.0,0.0,0.0,0.0,0.0,0.0,0.0,0.0,0.0,0.0,0.0,0.0,0.0,0.0,0.0,0.0,0.0,0.0,0.0,0.0,0.0,0.0,0.0,0.0,0.0,0.0,0.0,0.0,0.0,0.0,0.0,0.0,0.0,0.0,0.0,0.0,0.0,0.0,0.0,0.0,0.0,0.0,0.0,0.0,0.0,0.0,0.0,0.0,0.0,0.0,0.0,0.0,0.0,0.0,0.0,0.0,1.0,0.0,0.0,63.0,0.0,2.0,2069.0,25.233703703703704,2.0,-295401,-295413.0,0.0,0,-0.05488611077666743,-0.07268240907225504,none,-1.222,-0.0004,1,none,2.174,0.0184,0.98906,none,11.5,0.0913,0.96303,none,13.537,0.0555,0.76897,none,0,0,1,none,0,0,1,none
2ff56f67bce26a6136af2a9872f8d0fafa7da03e,7b43e33971f9550966aa5e804b6a1c959f609118,2026-05-29T16:02:47+05:30,ok,10.0,140.0,469.0,5.0,2.0,0.87260276818331,0.0,9.0,549.0,0.0,0.0,0.0,0.0,0.0,0.0,0.0,0.0,0.0,0.0,0.0,0.0,0.0,0.0,0.0,0.0,0.0,0.0,1.0,60.0,0.0,0,0,0,0,0,0,0,0,10.0,49.0,0.0,0.0,0.0,0.0,0.0,0.0,0.0,0.0,0.0,0.0,0.0,0.0,0.0,0.0,0.0,0.0,0.0,0.0,0.0,0.0,0.0,0.0,0.0,0.0,0.0,0.0,0.0,0.0,0.0,0.0,0.0,0.0,0.0,0.0,0.0,0.0,0.0,3.0,0.0,0.0,0.0,0.0,0.0,0.0,0.0,0.0,0.0,0.0,0.0,0.0,0.0,0.0,0.0,0.0,0.0,0.0,0.0,0.0,0.0,0.0,0.0,1.0,0.0,0.0,70.0,0.0,6.0,2073.0,33.19668055555555,3.0,-4679,-4330.0,-342.0,0,-0.0009198550486162757,-0.0011488388370142608,none,6.144,0.0021,0.72109,none,7.138,0.0639,0.74926,none,70.537,0.7232,0.93625,none,212.222,7.2037,0.85745,none,0,0,1,none,1,0.0013,0.87223,none
52abdccc3aec8db643ef07fa454b5ecebc6507c6,2ff56f67bce26a6136af2a9872f8d0fafa7da03e,2026-06-08T08:22:51Z,ok,1.0,2.0,1.0,1.0,1.0,0.0,0.0,0.0,0.0,0.0,0.0,1.0,3.0,0.0,0.0,0.0,0.0,0.0,0.0,0.0,0.0,0.0,0.0,0.0,0.0,0.0,0.0,0.0,0.0,0.0,0,0,0,0,0,0,0,0,0.0,0.0,0.0,0.0,0.0,0.0,0.0,0.0,0.0,0.0,0.0,0.0,0.0,0.0,0.0,0.0,0.0,0.0,0.0,0.0,0.0,0.0,0.0,0.0,0.0,0.0,0.0,0.0,0.0,0.0,0.0,0.0,0.0,0.0,0.0,0.0,0.0,0.0,1.0,0.0,0.0,0.0,0.0,0.0,0.0,0.0,0.0,0.0,0.0,0.0,0.0,0.0,0.0,0.0,0.0,0.0,0.0,0.0,0.0,0.0,0.0,0.0,0.0,1.0,0.0,0.0,68.0,0.0,3.0,50.0,66.84614583333334,4.0,81,-1.0,0.0,0,1.5938631938027452e-05,-2.6562590893865715e-07,none,-0.659,-0.0002,0.99805,none,2.734,0.0233,0.96929,none,102.885,0.9845,0.93625,none,21.927,0.0969,0.73611,none,0,0,1,none,-1,-0.0013,0.65018,none
a58cde95168381e67512e001292c17d2d429164c,52abdccc3aec8db643ef07fa454b5ecebc6507c6,2026-06-08T11:41:55Z,ok,5.0,591.0,579.0,2.0,5.0,0.05897303481450975,0.0,0.0,0.0,0.0,0.0,0.0,0.0,0.0,0.0,0.0,0.0,0.0,0.0,0.0,0.0,0.0,0.0,1.0,12.0,1.0,1152.0,3.0,6.0,0.0,0,0,3,1,0,0,2,1,0.0,0.0,0.0,0.0,0.0,0.0,0.0,0.0,0.0,0.0,0.0,0.0,0.0,0.0,0.0,0.0,0.0,0.0,0.0,0.0,0.0,0.0,0.0,0.0,0.0,0.0,0.0,0.0,0.0,0.0,0.0,0.0,0.0,0.0,0.0,0.0,0.0,0.0,0.0,0.0,0.0,0.0,0.0,0.0,0.0,0.0,0.0,0.0,0.0,0.0,0.0,0.0,0.0,0.0,0.0,0.0,0.0,0.0,0.0,0.0,0.0,0.0,0.0,1.0,0.0,0.0,58.0,0.0,5.0,51.0,201.87755787037037,7.0,52496,52502.0,0.0,-2,0.010329643041333724,0.01394589517548846,none,0.843,0.0003,0.99805,none,6.127,0.0531,0.00009,none,40.165,0.2015,0.29072,none,45.408,0.1811,0.15701,none,0,0,1,none,0,0,0.99805,none
da899944407884666e5cfef9d5439c30f1fe52e8,a58cde95168381e67512e001292c17d2d429164c,2026-06-08T12:21:54Z,ok,13.0,2294.0,3259.0,5.0,4.0,0.07975540062551202,0.0,11.0,71.0,0.0,0.0,0.0,0.0,0.0,0.0,0.0,0.0,0.0,0.0,0.0,0.0,0.0,0.0,1.0,129.0,1.0,5353.0,0.0,0.0,0.0,0,0,17,3,0,1,47,23,2.0,0.0,0.0,0.0,0.0,0.0,2.0,0.0,0.0,0.0,0.0,0.0,0.0,0.0,0.0,0.0,0.0,0.0,0.0,0.0,0.0,0.0,0.0,0.0,0.0,0.0,0.0,0.0,0.0,0.0,0.0,0.0,0.0,0.0,0.0,0.0,0.0,0.0,0.0,0.0,0.0,0.0,0.0,0.0,0.0,0.0,0.0,0.0,0.0,0.0,0.0,0.0,0.0,0.0,0.0,0.0,0.0,0.0,0.0,0.0,0.0,0.0,0.0,1.0,0.0,0.0,62.0,0.0,2.0,52.0,219.95021894290122,6.0,1262172,1990767.0,6161.0,27,0.24581849031535072,0.5215262834427593,regression,190.426,0.0646,0.00002,regression,-6.092,-0.0498,0.00088,none,266.733,1.2028,0.93625,none,174.079,1.5934,0.86713,none,0,0,1,none,-19,-0.0253,0.03302,none
ebced635c9cb6288c45f3ca81926bc9e0e8b9726,6438d0074df85ada655521393b2d7dd015056139,2026-06-08T13:16:56Z,ok,1.0,17.0,4.0,1.0,1.0,0.0,0.0,1.0,21.0,0.0,0.0,0.0,0.0,0.0,0.0,0.0,0.0,0.0,0.0,0.0,0.0,0.0,0.0,0.0,0.0,0.0,0.0,0.0,0.0,0.0,0,0,0,0,0,0,0,0,0.0,0.0,0.0,0.0,0.0,0.0,0.0,0.0,0.0,0.0,0.0,0.0,0.0,0.0,0.0,0.0,0.0,0.0,0.0,0.0,0.0,0.0,0.0,0.0,0.0,0.0,0.0,0.0,0.0,0.0,0.0,0.0,0.0,0.0,0.0,0.0,0.0,0.0,0.0,0.0,0.0,0.0,0.0,0.0,0.0,0.0,0.0,0.0,0.0,0.0,0.0,0.0,0.0,0.0,0.0,0.0,0.0,0.0,0.0,0.0,0.0,0.0,0.0,1.0,0.0,0.0,53.0,0.0,3.0,53.0,0.041180555555555554,2.0,80,70.0,0.0,0,1.2506368477323061e-05,1.2052416302855872e-05,none,8.735,0.0028,1,none,-0.509,-0.0041,1,none,29.545,0.0673,0.84275,none,-7.63,-0.0717,0.73611,none,0,0,1,none,17,0.0238,0.58563,none
459c22cf09b4f3e752cd806bcbba4adcc80b283b,ebced635c9cb6288c45f3ca81926bc9e0e8b9726,2026-06-08T15:01:44Z,ok,27.0,851.0,445.0,12.0,8.0,0.6650190967232179,0.0,19.0,604.0,0.0,0.0,0.0,0.0,0.0,0.0,3.0,607.0,0.0,0.0,1.0,1.0,0.0,0.0,1.0,3.0,1.0,77.0,2.0,4.0,0.0,0,0,0,0,1,0,0,0,14.0,19.0,0.0,0.0,0.0,0.0,1.0,0.0,0.0,0.0,3.0,6.0,0.0,0.0,1.0,1.0,0.0,0.0,1.0,2.0,10.0,9.0,0.0,0.0,0.0,0.0,0.0,0.0,0.0,0.0,0.0,0.0,0.0,0.0,3.0,8.0,0.0,0.0,0.0,0.0,0.0,0.0,0.0,0.0,0.0,0.0,0.0,0.0,0.0,0.0,0.0,0.0,0.0,0.0,0.0,0.0,0.0,0.0,0.0,0.0,0.0,0.0,0.0,1.0,0.0,0.0,70.0,0.0,8.0,54.0,226.61052662037036,15.0,507,495.0,12.0,0,7.925811899379395e-05,8.522677381020841e-05,none,-199.632,-0.0595,0.99805,none,8.081,0.0661,0.84127,none,359.447,3.4233,0.93625,none,15.111,0.1687,0.98354,none,0,0,1,none,1,0.0014,0.72497,none
130711a9d08ae90c7908edf2e7430c4485ad2621,da899944407884666e5cfef9d5439c30f1fe52e8,2026-06-08T18:02:07+05:30,ok,2.0,2.0,2.0,1.0,2.0,1.0,0.0,0.0,0.0,0.0,0.0,0.0,0.0,0.0,0.0,0.0,0.0,0.0,0.0,0.0,0.0,0.0,0.0,1.0,2.0,1.0,2.0,0.0,0.0,0.0,0,0,0,0,0,0,1,0,0.0,0.0,0.0,0.0,0.0,0.0,0.0,0.0,0.0,0.0,0.0,0.0,0.0,0.0,0.0,0.0,0.0,0.0,0.0,0.0,0.0,0.0,0.0,0.0,0.0,0.0,0.0,0.0,0.0,0.0,0.0,0.0,0.0,0.0,0.0,0.0,0.0,0.0,0.0,0.0,0.0,0.0,0.0,0.0,0.0,0.0,0.0,0.0,0.0,0.0,0.0,0.0,0.0,0.0,0.0,0.0,0.0,0.0,0.0,0.0,0.0,0.0,0.0,1.0,0.0,1.0,71.0,0.0,2.0,2081.0,0.01005787037037037,3.0,24,9.0,0.0,0,3.7519105431969185e-06,1.5495971822124838e-06,none,-210.856,-0.0629,0.42028,none,1.344,0.0117,1,none,364.987,3.0416,0.93625,none,-2.626,-0.009,1,none,0,0,1,none,0,0,1,none
6438d0074df85ada655521393b2d7dd015056139,130711a9d08ae90c7908edf2e7430c4485ad2621,2026-06-08T18:02:54+05:30,ok,1.0,1.0,1.0,1.0,1.0,0.0,0.0,0.0,0.0,0.0,0.0,0.0,0.0,0.0,0.0,0.0,0.0,0.0,0.0,0.0,0.0,0.0,0.0,1.0,2.0,0.0,0.0,0.0,0.0,0.0,0,0,0,0,0,0,0,0,0.0,0.0,0.0,0.0,0.0,0.0,0.0,0.0,0.0,0.0,0.0,0.0,0.0,0.0,0.0,0.0,0.0,0.0,0.0,0.0,0.0,0.0,0.0,0.0,0.0,0.0,0.0,0.0,0.0,0.0,0.0,0.0,0.0,0.0,0.0,0.0,0.0,0.0,0.0,0.0,0.0,0.0,0.0,0.0,0.0,0.0,0.0,0.0,0.0,0.0,0.0,0.0,0.0,0.0,0.0,0.0,0.0,0.0,0.0,0.0,0.0,0.0,0.0,1.0,0.0,1.0,65.0,0.0,2.0,2082.0,0.003923611111111111,3.0,-24,-6.0,0.0,0,-3.7518964664170093e-06,-1.0330631873098517e-06,none,182.609,0.0579,0.99805,none,-1.07,-0.0087,0.98906,none,-12.836,-0.0269,0.93625,none,22.087,0.0692,0.98354,none,0,0,1,none,4,0.0054,1,none
219d8af74f5160f1156c89486694558944c5e958,459c22cf09b4f3e752cd806bcbba4adcc80b283b,2026-06-09T19:40:49+05:30,ok,1.0,4.0,5.0,1.0,1.0,0.0,0.0,1.0,9.0,0.0,0.0,0.0,0.0,0.0,0.0,0.0,0.0,0.0,0.0,0.0,0.0,0.0,0.0,0.0,0.0,0.0,0.0,0.0,0.0,0.0,0,0,0,0,0,0,0,0,1.0,0.0,0.0,0.0,0.0,0.0,0.0,0.0,0.0,0.0,0.0,0.0,0.0,0.0,0.0,0.0,0.0,0.0,0.0,0.0,0.0,0.0,0.0,0.0,0.0,0.0,0.0,0.0,0.0,0.0,0.0,0.0,0.0,0.0,0.0,0.0,0.0,0.0,0.0,0.0,0.0,0.0,0.0,0.0,0.0,0.0,0.0,0.0,0.0,0.0,0.0,0.0,0.0,0.0,0.0,0.0,0.0,0.0,0.0,0.0,0.0,0.0,0.0,1.0,0.0,0.0,56.0,0.0,2.0,2092.0,0.9666550925925926,4.0,-96,-61.0,0.0,-1,-1.5006265115685798e-05,-1.0501798303839061e-05,none,-18.103,-0.0058,0.72109,none,1.972,0.0159,0.98906,none,0.783,0.0016,0.96303,none,5.923,0.0565,0.98354,none,0,0,1,none,0,0,1,none
ca96ca8771cf2ab47234f85ae4975fbfac393301,219d8af74f5160f1156c89486694558944c5e958,2026-06-10T00:23:48+05:30,ok,2.0,100.0,0.0,1.0,1.0,0.9953784388202257,0.0,1.0,46.0,0.0,0.0,0.0,0.0,0.0,0.0,1.0,54.0,0.0,0.0,0.0,0.0,0.0,0.0,0.0,0.0,0.0,0.0,0.0,0.0,0.0,0,0,0,0,0,0,0,0,0.0,0.0,0.0,0.0,0.0,0.0,0.0,0.0,0.0,0.0,1.0,0.0,0.0,0.0,0.0,0.0,0.0,0.0,0.0,0.0,0.0,0.0,0.0,0.0,0.0,0.0,0.0,0.0,0.0,0.0,0.0,0.0,0.0,0.0,2.0,0.0,0.0,0.0,0.0,0.0,0.0,0.0,0.0,0.0,0.0,0.0,0.0,0.0,0.0,0.0,1.0,0.0,0.0,0.0,0.0,0.0,0.0,0.0,0.0,0.0,0.0,0.0,0.0,0.0,0.0,0.0,60.0,0.0,1.0,2094.0,0.0,0.0,38,29.0,0.0,0,5.940069079877047e-06,4.9927106424620056e-06,none,3.584,0.0011,0.95683,none,0.626,0.0051,1,none,-341.5,-0.7597,1,none,7.571,0.0572,0.93625,none,0,0,1,none,2,0.0027,0.99805,none
b3c8bd6c283f9fc9b31d07fc7e52bf97746507ac,ca96ca8771cf2ab47234f85ae4975fbfac393301,2026-06-10T00:34:07+05:30,ok,23.0,236.0,200.0,6.0,2.0,0.7284941720470727,0.0,21.0,424.0,0.0,0.0,0.0,0.0,0.0,0.0,2.0,12.0,0.0,0.0,0.0,0.0,0.0,0.0,0.0,0.0,0.0,0.0,0.0,0.0,0.0,0,0,0,0,0,0,0,0,30.0,21.0,0.0,0.0,0.0,0.0,4.0,0.0,0.0,0.0,6.0,0.0,0.0,0.0,2.0,1.0,0.0,0.0,3.0,0.0,3.0,0.0,0.0,0.0,0.0,0.0,0.0,0.0,0.0,0.0,0.0,0.0,3.0,1.0,4.0,0.0,0.0,0.0,2.0,2.0,0.0,0.0,0.0,0.0,1.0,0.0,0.0,0.0,0.0,0.0,0.0,0.0,0.0,1.0,0.0,0.0,0.0,0.0,0.0,0.0,0.0,0.0,0.0,0.0,0.0,0.0,57.0,0.0,1.0,2095.0,62.606324074074074,9.0,-215,-209.0,0.0,0,-3.360808594916269e-05,-3.5981769466352485e-05,regression,207.25,0.0664,0.5363,none,36.264,0.2944,0,regression,-325.164,-0.6966,0.93625,none,1849.132,13.4324,0,regression,0,0,1,none,1,0.0014,1,none
81aaafc085adafebff404ebcfd1991245c44b61b,b3c8bd6c283f9fc9b31d07fc7e52bf97746507ac,2026-06-10T00:35:00+05:30,ok,4.0,18.0,24.0,2.0,2.0,0.824119356497944,0.0,4.0,42.0,0.0,0.0,0.0,0.0,0.0,0.0,0.0,0.0,0.0,0.0,0.0,0.0,0.0,0.0,0.0,0.0,0.0,0.0,0.0,0.0,0.0,0,0,0,0,0,0,0,0,3.0,5.0,0.0,0.0,0.0,0.0,0.0,0.0,0.0,0.0,1.0,1.0,0.0,0.0,0.0,0.0,0.0,0.0,0.0,0.0,0.0,0.0,0.0,0.0,0.0,0.0,0.0,0.0,0.0,0.0,0.0,0.0,1.0,1.0,0.0,0.0,0.0,0.0,0.0,0.0,0.0,0.0,0.0,0.0,0.0,0.0,0.0,0.0,0.0,0.0,0.0,0.0,0.0,1.0,0.0,0.0,0.0,0.0,0.0,0.0,0.0,0.0,0.0,0.0,0.0,0.0,58.0,0.0,1.0,2096.0,438.14517746913583,2.0,-120,-108.0,0.0,0,-1.8758631901711023e-05,-1.8594119299869427e-05,none,-110.792,-0.0346,1,none,4.954,0.0304,0.10516,none,-58.421,-0.1066,0.96303,none,54.157,0.0287,0.76897,none,0,0,1,none,17,0.0238,1,none
a49503a1f09bf03817b1a53c3d5ed8a8d805b39a,81aaafc085adafebff404ebcfd1991245c44b61b,2026-06-10T00:35:41+05:30,ok,3.0,6.0,11.0,1.0,1.0,0.6450756427253816,0.0,2.0,15.0,0.0,0.0,0.0,0.0,0.0,0.0,1.0,2.0,0.0,0.0,0.0,0.0,0.0,0.0,0.0,0.0,0.0,0.0,0.0,0.0,0.0,0,0,0,0,0,0,0,0,4.0,1.0,0.0,0.0,0.0,0.0,0.0,0.0,0.0,0.0,0.0,0.0,0.0,0.0,0.0,0.0,0.0,0.0,1.0,0.0,0.0,0.0,0.0,0.0,0.0,0.0,0.0,0.0,0.0,0.0,0.0,0.0,0.0,0.0,0.0,0.0,0.0,0.0,0.0,0.0,0.0,0.0,0.0,0.0,0.0,0.0,0.0,0.0,0.0,0.0,0.0,0.0,0.0,1.0,0.0,0.0,0.0,0.0,0.0,0.0,0.0,0.0,0.0,0.0,0.0,0.0,60.0,0.0,1.0,2097.0,0.00047453703703703704,2.0,12343,12343.0,0.0,0,0.0019295178081378036,0.0021251063155756193,none,-225.487,-0.0679,0.9038,none,14.544,0.094,0.84127,none,287.768,1.4534,0.93625,none,-58.814,-0.03,0.73611,none,0,0,1,none,19,0.026,0.36865,none
ed06c07c069591d1e4eab66f9d6ce43324ec55b8,a49503a1f09bf03817b1a53c3d5ed8a8d805b39a,2026-06-10T00:36:58+05:30,ok,2.0,9.0,14.0,2.0,1.0,0.4262286569981449,0.0,2.0,23.0,0.0,0.0,0.0,0.0,0.0,0.0,0.0,0.0,0.0,0.0,0.0,0.0,0.0,0.0,0.0,0.0,0.0,0.0,0.0,0.0,0.0,0,0,0,0,0,0,0,0,8.0,1.0,0.0,0.0,0.0,0.0,0.0,0.0,0.0,0.0,0.0,0.0,0.0,0.0,0.0,0.0,0.0,0.0,0.0,0.0,2.0,0.0,0.0,0.0,0.0,0.0,0.0,0.0,0.0,0.0,0.0,0.0,0.0,0.0,0.0,0.0,0.0,0.0,0.0,0.0,0.0,0.0,0.0,0.0,0.0,0.0,0.0,0.0,0.0,0.0,0.0,0.0,0.0,1.0,0.0,0.0,0.0,0.0,0.0,0.0,0.0,0.0,0.0,0.0,0.0,0.0,63.0,0.0,1.0,2098.0,1.1969097222222222,2.0,-22118,-22108.0,0.0,0,-0.0034509347230686515,-0.003798284106084625,none,-32.86,-0.0098,0.72109,none,-14.005,-0.0837,0.98906,none,-26.642,-0.16,0.93625,none,-29.702,-0.0152,0.73611,none,0,0,1,none,2,0.0027,1,none
c9cfaa10e734948cc70ff37a7871f1ecc25d445b,ed06c07c069591d1e4eab66f9d6ce43324ec55b8,2026-06-10T00:37:53+05:30,ok,4.0,1.0,301.0,3.0,3.0,0.3787113150669139,0.0,2.0,293.0,0.0,0.0,0.0,0.0,0.0,0.0,0.0,0.0,0.0,0.0,0.0,0.0,0.0,0.0,1.0,1.0,1.0,8.0,0.0,0.0,0.0,0,0,0,0,0,1,0,0,1.0,2.0,0.0,0.0,0.0,0.0,0.0,0.0,0.0,0.0,0.0,1.0,0.0,1.0,0.0,0.0,0.0,0.0,0.0,1.0,0.0,1.0,0.0,0.0,0.0,0.0,0.0,0.0,0.0,0.0,0.0,0.0,0.0,0.0,0.0,3.0,0.0,0.0,0.0,0.0,0.0,0.0,0.0,0.0,0.0,0.0,0.0,0.0,0.0,0.0,0.0,0.0,0.0,1.0,0.0,0.0,0.0,0.0,0.0,0.0,0.0,0.0,0.0,0.0,0.0,0.0,77.0,0.0,1.0,2099.0,93.72431712962963,3.0,-155,-144.0,0.0,0,-2.4267436544567537e-05,-2.4834372841543768e-05,none,3.285,0.001,1,none,-0.588,-0.0038,1,none,-21.312,-0.0451,0.99083,none,8.305,0.0043,0.76897,none,0,0,1,none,-18,-0.0246,0.36865,none
337e9f86ace66b02c648104077b3a30edbe14e12,c9cfaa10e734948cc70ff37a7871f1ecc25d445b,2026-06-10T00:38:55+05:30,ok,1.0,5.0,5.0,1.0,1.0,0.0,0.0,1.0,10.0,0.0,0.0,0.0,0.0,0.0,0.0,0.0,0.0,0.0,0.0,0.0,0.0,0.0,0.0,0.0,0.0,0.0,0.0,0.0,0.0,0.0,0,0,0,0,0,0,0,0,1.0,1.0,0.0,0.0,0.0,0.0,0.0,0.0,0.0,0.0,0.0,0.0,0.0,0.0,0.0,0.0,0.0,0.0,0.0,0.0,0.0,0.0,0.0,0.0,0.0,0.0,0.0,0.0,0.0,0.0,0.0,0.0,0.0,0.0,0.0,0.0,0.0,0.0,0.0,0.0,0.0,0.0,0.0,0.0,0.0,0.0,0.0,0.0,0.0,0.0,0.0,0.0,0.0,1.0,0.0,0.0,0.0,0.0,0.0,0.0,0.0,0.0,0.0,0.0,0.0,0.0,61.0,0.0,1.0,2100.0,1.285613425925926,1.0,70,42.0,0.0,0,1.0959753436861252e-05,7.243538634189399e-06,none,-111.258,-0.0335,0.9038,none,0.138,0.0009,0.98906,none,297.769,1.7545,0.99083,none,-36.819,-0.0192,1,none,0,0,1,none,-16,-0.0219,0.70939,none
6a9a306ed7e8045d486a74381d6af619063fe7d7,337e9f86ace66b02c648104077b3a30edbe14e12,2026-06-10T00:44:16+05:30,ok,1.0,8.0,6.0,1.0,1.0,0.0,0.0,1.0,14.0,0.0,0.0,0.0,0.0,0.0,0.0,0.0,0.0,0.0,0.0,0.0,0.0,0.0,0.0,0.0,0.0,0.0,0.0,0.0,0.0,0.0,0,0,0,0,0,0,0,0,1.0,0.0,0.0,0.0,0.0,0.0,0.0,0.0,0.0,0.0,2.0,2.0,0.0,0.0,0.0,0.0,0.0,0.0,1.0,1.0,0.0,0.0,0.0,0.0,0.0,0.0,0.0,0.0,0.0,0.0,0.0,0.0,0.0,0.0,1.0,1.0,0.0,0.0,0.0,0.0,0.0,0.0,0.0,0.0,0.0,0.0,0.0,0.0,0.0,0.0,0.0,1.0,0.0,0.0,0.0,0.0,0.0,0.0,0.0,0.0,0.0,0.0,0.0,0.0,0.0,0.0,60.0,0.0,1.0,2101.0,0.007048611111111111,1.0,-32,-35.0,0.0,0,-5.010118090049045e-06,-6.0362384714312594e-06,improvement,-219.191,-0.0659,0.5363,none,-40.038,-0.245,0,improvement,296.05,1.8355,0.95869,none,-1763.19,-0.9415,0,improvement,0,0,1,none,16,0.0224,1,none
9cd92e1fd6c76039cb1bd27187c6002e8ba1b86b,6a9a306ed7e8045d486a74381d6af619063fe7d7,2026-06-10T18:35:50Z,ok,6.0,191.0,57.0,3.0,2.0,0.6186836310619303,0.0,3.0,146.0,0.0,0.0,0.0,0.0,0.0,0.0,2.0,100.0,0.0,0.0,1.0,2.0,0.0,0.0,0.0,0.0,0.0,0.0,0.0,0.0,0.0,0,0,0,0,0,0,0,0,0.0,0.0,0.0,0.0,0.0,0.0,0.0,0.0,0.0,0.0,7.0,6.0,0.0,0.0,0.0,0.0,0.0,0.0,1.0,1.0,0.0,0.0,0.0,0.0,0.0,0.0,0.0,0.0,0.0,0.0,0.0,0.0,0.0,0.0,2.0,2.0,0.0,0.0,0.0,0.0,0.0,0.0,0.0,0.0,0.0,0.0,0.0,0.0,0.0,0.0,0.0,0.0,0.0,0.0,0.0,0.0,0.0,0.0,0.0,0.0,0.0,0.0,0.0,1.0,0.0,0.0,67.0,0.0,5.0,55.0,70.81336805555556,1.0,37,33.0,0.0,0,5.7929780651234066e-06,5.691344913093163e-06,none,-104.452,-0.0314,0.99805,none,1.127,0.0092,0.84127,none,325.833,2.5341,0.93625,none,16.752,0.1827,0.73611,none,0,0,1,none,17,0.0238,0.87223,none
7f08e5b970e43b9c0394a2e715fcd8ae764df768,9cd92e1fd6c76039cb1bd27187c6002e8ba1b86b,2026-06-10T18:43:03Z,ok,3.0,87.0,27.0,2.0,1.0,0.8595690302988149,0.0,2.0,91.0,0.0,0.0,0.0,0.0,0.0,0.0,1.0,23.0,0.0,0.0,0.0,0.0,0.0,0.0,0.0,0.0,0.0,0.0,0.0,0.0,0.0,0,0,0,0,0,0,0,0,5.0,2.0,0.0,0.0,0.0,0.0,0.0,0.0,0.0,0.0,0.0,0.0,0.0,0.0,0.0,0.0,0.0,0.0,1.0,1.0,2.0,3.0,0.0,0.0,0.0,0.0,0.0,0.0,0.0,0.0,0.0,0.0,0.0,0.0,0.0,0.0,0.0,0.0,0.0,0.0,0.0,0.0,0.0,0.0,0.0,0.0,0.0,0.0,0.0,0.0,0.0,0.0,0.0,0.0,0.0,0.0,0.0,0.0,0.0,0.0,0.0,0.0,0.0,1.0,0.0,0.0,63.0,0.0,2.0,56.0,35.17398726851852,3.0,508,487.0,28.0,0,7.953556241662857e-05,8.398997570154481e-05,none,-161.969,-0.0485,0.99805,none,2.365,0.0194,0.84127,none,390.393,3.272,0.93625,none,-4.271,-0.0421,1,none,0,0,1,none,0,0,1,none
335f4bbfde01a31cbddc54e770a7d42a2b6456fc,7f08e5b970e43b9c0394a2e715fcd8ae764df768,2026-06-19T19:23:27Z,ok,2.0,430.0,424.0,1.0,2.0,0.1966184499236407,0.0,0.0,0.0,0.0,0.0,0.0,0.0,0.0,0.0,0.0,0.0,0.0,0.0,0.0,0.0,0.0,0.0,1.0,26.0,1.0,828.0,0.0,0.0,0.0,0,0,1,0,0,0,11,0,0.0,0.0,0.0,0.0,0.0,0.0,0.0,0.0,0.0,0.0,0.0,0.0,0.0,0.0,0.0,0.0,0.0,0.0,0.0,0.0,0.0,0.0,0.0,0.0,0.0,0.0,0.0,0.0,0.0,0.0,0.0,0.0,0.0,0.0,0.0,0.0,0.0,0.0,0.0,0.0,0.0,0.0,0.0,0.0,0.0,0.0,0.0,0.0,0.0,0.0,0.0,0.0,0.0,0.0,0.0,0.0,0.0,0.0,0.0,0.0,0.0,0.0,0.0,1.0,0.0,1.0,71.0,0.0,2.0,57.0,10.010810185185186,3.0,31,39.0,-5.0,0,4.853162101250112e-06,6.725531739508774e-06,none,-158.592,-0.048,0.99805,none,-0.571,-0.0046,0.96929,none,34.042,0.0778,0.84275,none,-12.317,-0.1135,0.59622,none,0,0,1,none,17,0.0238,0.87223,none
9fac30c8d73cd7be11d1d926cc6978dfc08f9400,335f4bbfde01a31cbddc54e770a7d42a2b6456fc,2026-07-12T16:49:12+02:00,ok,2.0,19.0,19.0,1.0,2.0,0.2974722489192896,0.0,0.0,0.0,0.0,0.0,0.0,0.0,0.0,0.0,0.0,0.0,0.0,0.0,0.0,0.0,0.0,0.0,1.0,2.0,1.0,36.0,0.0,0.0,0.0,0,0,1,0,0,0,0,0,0.0,0.0,0.0,0.0,0.0,0.0,0.0,0.0,0.0,0.0,0.0,0.0,0.0,0.0,0.0,0.0,0.0,0.0,0.0,0.0,0.0,0.0,0.0,0.0,0.0,0.0,0.0,0.0,0.0,0.0,0.0,0.0,0.0,0.0,0.0,0.0,0.0,0.0,0.0,0.0,0.0,0.0,0.0,0.0,0.0,0.0,0.0,0.0,0.0,0.0,0.0,0.0,0.0,0.0,0.0,0.0,0.0,0.0,0.0,0.0,0.0,0.0,0.0,1.0,0.0,1.0,66.0,0.0,2.0,2107.0,23.20474537037037,3.0,67795,67728.0,0.0,19,0.01061350089916133,0.011679583337141568,none,-13.251,-0.0042,0.9038,none,0.743,0.006,0.98906,none,40.084,0.089,0.58624,none,9.413,0.0901,0.76897,none,0,0,1,none,16,0.0224,0.87223,none
e67de3a20b058f92518203caaf28dff9a1768dfd,37ad5812eff2e5d4f33018ac859536428b7985be,2026-07-12T18:01:33Z,ok,4.0,122.0,11.0,2.0,2.0,0.8314955973866948,0.0,2.0,73.0,0.0,0.0,0.0,0.0,0.0,0.0,2.0,60.0,0.0,0.0,0.0,0.0,0.0,0.0,0.0,0.0,0.0,0.0,0.0,0.0,0.0,0,0,0,0,0,0,0,0,1.0,0.0,0.0,0.0,0.0,0.0,0.0,0.0,0.0,0.0,2.0,0.0,0.0,0.0,0.0,0.0,0.0,0.0,0.0,0.0,1.0,0.0,0.0,0.0,0.0,0.0,0.0,0.0,0.0,0.0,0.0,0.0,0.0,0.0,0.0,0.0,0.0,0.0,0.0,0.0,0.0,0.0,0.0,0.0,0.0,0.0,0.0,0.0,0.0,0.0,0.0,0.0,0.0,0.0,0.0,0.0,0.0,0.0,0.0,0.0,0.0,0.0,0.0,1.0,0.0,0.0,66.0,0.0,8.0,58.0,32.955243055555556,1.0,614,563.0,36.0,0,9.499435448860703e-05,9.583459935435056e-05,none,9.259,0.0028,1,none,3.384,0.0278,0.74926,none,11.25,0.0228,1,none,17.895,0.1892,0.93625,none,0,0,1,none,2,0.0027,0.84127,none
c23fa1b343d2a5dfc06193d03f3ee0c6640fc122,9fac30c8d73cd7be11d1d926cc6978dfc08f9400,2026-07-12T18:15:20+02:00,ok,3.0,17.0,14.0,1.0,3.0,0.8037238950015809,0.0,0.0,0.0,0.0,0.0,0.0,0.0,0.0,0.0,0.0,0.0,0.0,0.0,0.0,0.0,1.0,7.0,1.0,4.0,1.0,20.0,0.0,0.0,0.0,0,0,2,0,0,0,0,0,0.0,0.0,0.0,0.0,0.0,0.0,0.0,0.0,0.0,0.0,0.0,0.0,0.0,0.0,0.0,0.0,0.0,0.0,0.0,0.0,0.0,0.0,0.0,0.0,0.0,0.0,0.0,0.0,0.0,0.0,0.0,0.0,0.0,0.0,0.0,0.0,0.0,0.0,0.0,0.0,0.0,0.0,0.0,0.0,0.0,0.0,0.0,0.0,0.0,0.0,0.0,0.0,0.0,0.0,0.0,0.0,0.0,0.0,0.0,0.0,0.0,0.0,0.0,1.0,0.0,0.0,65.0,0.0,2.0,2108.0,244.55592592592595,3.0,7922,7922.0,0.0,0,0.0012271869782480257,0.0013503643102906046,none,-45.65,-0.0142,1,none,0.604,0.0049,1,none,-18.981,-0.0379,1,none,7.904,0.067,0.98354,none,0,0.1306,0.05269,none,18,0.0246,0.29373,none
37ad5812eff2e5d4f33018ac859536428b7985be,c23fa1b343d2a5dfc06193d03f3ee0c6640fc122,2026-07-12T19:52:22+02:00,ok,2.0,414.0,372.0,1.0,2.0,0.2793291390183922,0.0,0.0,0.0,0.0,0.0,0.0,0.0,0.0,0.0,0.0,0.0,0.0,0.0,0.0,0.0,0.0,0.0,1.0,38.0,1.0,748.0,0.0,0.0,0.0,0,0,4,0,0,0,14,0,0.0,0.0,0.0,0.0,0.0,0.0,0.0,0.0,0.0,0.0,0.0,0.0,0.0,0.0,0.0,0.0,0.0,0.0,0.0,0.0,0.0,0.0,0.0,0.0,0.0,0.0,0.0,0.0,0.0,0.0,0.0,0.0,0.0,0.0,0.0,0.0,0.0,0.0,0.0,0.0,0.0,0.0,0.0,0.0,0.0,0.0,0.0,0.0,0.0,0.0,0.0,0.0,0.0,0.0,0.0,0.0,0.0,0.0,0.0,0.0,0.0,0.0,0.0,1.0,0.0,1.0,71.0,0.0,3.0,2110.0,0.12322916666666667,3.0,206,218.0,0.0,0,3.1872085870206964e-05,3.7109623359452496e-05,none,-107.383,-0.0327,0.42028,none,4.304,0.0344,1,none,21.208,0.0443,0.93625,none,-283.06,-0.6584,0.73611,none,0,0,1,none,0,0,0.99805,none
61b23314cdbb987866effda5f62ce52f4a5b38a4,e67de3a20b058f92518203caaf28dff9a1768dfd,2026-08-06T20:12:20+02:00,ok,3.0,82.0,15.0,1.0,3.0,0.6319550606926688,0.0,0.0,0.0,0.0,0.0,0.0,0.0,0.0,0.0,0.0,0.0,1.0,67.0,0.0,0.0,0.0,0.0,1.0,2.0,1.0,28.0,0.0,0.0,0.0,0,0,1,0,0,0,0,0,0.0,0.0,0.0,0.0,0.0,0.0,0.0,0.0,0.0,0.0,0.0,0.0,0.0,0.0,0.0,0.0,0.0,0.0,0.0,0.0,0.0,0.0,0.0,0.0,0.0,0.0,0.0,0.0,0.0,0.0,0.0,0.0,0.0,0.0,0.0,0.0,0.0,0.0,0.0,0.0,0.0,0.0,0.0,0.0,0.0,0.0,0.0,0.0,0.0,0.0,0.0,0.0,0.0,0.0,0.0,0.0,0.0,0.0,0.0,0.0,0.0,0.0,0.0,1.0,0.0,1.0,72.0,0.0,3.0,2116.0,25.04689814814815,3.0,238,238.0,0.0,0,3.681841836737851e-05,4.0508790407518434e-05,regression,49.493,0.0152,0.21772,none,17.486,0.1411,0.00001,none,13.505,0.0267,0.93625,none,809.864,6.9105,0.00001,regression,0,0,1,none,1,0.0013,0.5207,none
10ef944db6a46500e1684873b27cfed790d1035d,61b23314cdbb987866effda5f62ce52f4a5b38a4,2026-08-14T15:01:21+02:00,ok,26.0,1730.0,206.0,11.0,7.0,0.9014036934221148,0.0,19.0,1460.0,0.0,0.0,0.0,0.0,0.0,0.0,4.0,450.0,0.0,0.0,1.0,18.0,0.0,0.0,1.0,5.0,0.0,0.0,1.0,3.0,0.0,0,0,0,0,0,0,0,0,98.0,14.0,0.0,0.0,0.0,0.0,3.0,1.0,0.0,0.0,17.0,0.0,5.0,1.0,1.0,0.0,0.0,0.0,7.0,2.0,4.0,2.0,1.0,0.0,3.0,2.0,8.0,3.0,0.0,0.0,0.0,0.0,9.0,3.0,5.0,1.0,0.0,0.0,1.0,0.0,3.0,0.0,1.0,0.0,5.0,3.0,3.0,3.0,1.0,0.0,0.0,0.0,0.0,0.0,0.0,0.0,0.0,0.0,0.0,0.0,0.0,0.0,0.0,1.0,0.0,0.0,49.0,0.0,6.0,2117.0,131.58846275252526,9.0,13047,11304.0,738.0,11,0.0020182866329001604,0.0019239194037075275,none,172.898,0.052,0.5363,none,-8.359,-0.0545,0.46491,none,-327.451,-0.6491,0.80266,none,-372.391,-0.2879,0.74034,none,0,0,1,none,1,0.0013,0.8848,none
a9fa4eddf689b06a2794dc1d630d0efd9eb90ca3,10ef944db6a46500e1684873b27cfed790d1035d,2026-08-25T14:29:39+02:00,ok,2.0,38.0,25.0,1.0,2.0,0.3411538931451762,0.0,0.0,0.0,0.0,0.0,0.0,0.0,0.0,0.0,0.0,0.0,0.0,0.0,0.0,0.0,0.0,0.0,1.0,4.0,1.0,59.0,0.0,0.0,0.0,0,0,2,0,0,0,0,0,0.0,0.0,0.0,0.0,0.0,0.0,0.0,0.0,0.0,0.0,0.0,0.0,0.0,0.0,0.0,0.0,0.0,0.0,0.0,0.0,0.0,0.0,0.0,0.0,0.0,0.0,0.0,0.0,0.0,0.0,0.0,0.0,0.0,0.0,0.0,0.0,0.0,0.0,0.0,0.0,0.0,0.0,0.0,0.0,0.0,0.0,0.0,0.0,0.0,0.0,0.0,0.0,0.0,0.0,0.0,0.0,0.0,0.0,0.0,0.0,0.0,0.0,0.0,1.0,0.0,1.0,66.0,0.0,2.0,2120.0,18.153715277777778,5.0,463,424.0,0.0,-2,7.147884480923871e-05,7.202542633446638e-05,none,208.015,0.0612,0.22693,none,-6.001,-0.0502,0.38921,none,-285.423,-0.582,0.96303,none,44.025,0.472,0.89381,none,0,0,1,none,-1,-0.0013,0.90992,none
756a7bfdc24825fc22ab48493985a0f2b768b49b,a9fa4eddf689b06a2794dc1d630d0efd9eb90ca3,2026-08-25T14:41:54+02:00,ok,2.0,19.0,19.0,1.0,2.0,0.4854607607459134,0.0,0.0,0.0,0.0,0.0,0.0,0.0,0.0,0.0,0.0,0.0,0.0,0.0,0.0,0.0,0.0,0.0,1.0,4.0,1.0,34.0,0.0,0.0,0.0,0,0,2,0,0,0,0,0,0.0,0.0,0.0,0.0,0.0,0.0,0.0,0.0,0.0,0.0,0.0,0.0,0.0,0.0,0.0,0.0,0.0,0.0,0.0,0.0,0.0,0.0,0.0,0.0,0.0,0.0,0.0,0.0,0.0,0.0,0.0,0.0,0.0,0.0,0.0,0.0,0.0,0.0,0.0,0.0,0.0,0.0,0.0,0.0,0.0,0.0,0.0,0.0,0.0,0.0,0.0,0.0,0.0,0.0,0.0,0.0,0.0,0.0,0.0,0.0,0.0,0.0,0.0,1.0,0.0,1.0,72.0,0.0,2.0,2121.0,5.8321875,5.0,939248,939228.0,0.0,93,0.14499257784616754,0.15953637990268435,none,196.821,0.0568,0.9038,none,-4.702,-0.0406,0.74926,none,-319.935,-0.6177,0.93625,none,31.474,0.34,0.98354,none,0,0,1,none,1,0.0013,0.84127,none
52e0da7e30a566e627f63a44e7c1be856a69e10b,756a7bfdc24825fc22ab48493985a0f2b768b49b,2026-09-10T17:24:59Z,ok,1.0,99.0,34.0,1.0,1.0,0.0,0.0,0.0,0.0,0.0,0.0,0.0,0.0,0.0,0.0,0.0,0.0,0.0,0.0,0.0,0.0,0.0,0.0,0.0,0.0,1.0,133.0,0.0,0.0,0.0,0,0,0,0,0,0,0,0,0.0,0.0,0.0,0.0,0.0,0.0,0.0,0.0,0.0,0.0,0.0,0.0,0.0,0.0,0.0,0.0,0.0,0.0,0.0,0.0,0.0,0.0,0.0,0.0,0.0,0.0,0.0,0.0,0.0,0.0,0.0,0.0,0.0,0.0,0.0,0.0,0.0,0.0,0.0,0.0,0.0,0.0,0.0,0.0,0.0,0.0,0.0,0.0,0.0,0.0,0.0,0.0,0.0,0.0,0.0,0.0,0.0,0.0,0.0,0.0,0.0,0.0,0.0,1.0,0.0,1.0,80.0,0.0,2.0,164.0,0.0,0.0,942,950.0,0.0,1,0.00012700292511195671,0.00013916432846180056,none,1.858,0.0005,1,none,1.097,0.0093,1,none,-20,-0.0844,0.96303,none,2.306,0.0293,0.74034,none,0,0,1,none,0,0,0.87223,none
f351b22513bd8b0c3dd9d06f81e1670eb506395a,52e0da7e30a566e627f63a44e7c1be856a69e10b,2026-09-11T00:16:11Z,ok,1.0,234.0,182.0,1.0,1.0,0.0,0.0,0.0,0.0,0.0,0.0,0.0,0.0,0.0,0.0,0.0,0.0,0.0,0.0,0.0,0.0,0.0,0.0,0.0,0.0,1.0,416.0,0.0,0.0,0.0,0,0,0,0,0,0,0,0,0.0,0.0,0.0,0.0,0.0,0.0,0.0,0.0,0.0,0.0,0.0,0.0,0.0,0.0,0.0,0.0,0.0,0.0,0.0,0.0,0.0,0.0,0.0,0.0,0.0,0.0,0.0,0.0,0.0,0.0,0.0,0.0,0.0,0.0,0.0,0.0,0.0,0.0,0.0,0.0,0.0,0.0,0.0,0.0,0.0,0.0,0.0,0.0,0.0,0.0,0.0,0.0,0.0,0.0,0.0,0.0,0.0,0.0,0.0,0.0,0.0,0.0,0.0,1.0,0.0,1.0,74.0,0.0,2.0,166.0,0.0,0.0,-19,-11.0,0.0,0,-2.5613048311331724e-06,-1.611152219904116e-06,none,-85.058,-0.0236,1,none,3.551,0.0298,0.74926,none,311.902,1.3358,0.93625,none,-34.585,-0.2811,0.89381,none,0,0,1,none,-1,-0.0013,1,none
79b139cf0efeb271cb9dd43b2834a99e2d0ce291,f351b22513bd8b0c3dd9d06f81e1670eb506395a,2026-09-11T04:40:52Z,ok,2.0,620.0,656.0,1.0,2.0,0.23126005095201999,0.0,0.0,0.0,0.0,0.0,0.0,0.0,0.0,0.0,0.0,0.0,0.0,0.0,0.0,0.0,0.0,0.0,1.0,48.0,1.0,1228.0,0.0,0.0,0.0,0,0,7,0,0,0,17,0,0.0,0.0,0.0,0.0,0.0,0.0,0.0,0.0,0.0,0.0,0.0,0.0,0.0,0.0,0.0,0.0,0.0,0.0,0.0,0.0,0.0,0.0,0.0,0.0,0.0,0.0,0.0,0.0,0.0,0.0,0.0,0.0,0.0,0.0,0.0,0.0,0.0,0.0,0.0,0.0,0.0,0.0,0.0,0.0,0.0,0.0,0.0,0.0,0.0,0.0,0.0,0.0,0.0,0.0,0.0,0.0,0.0,0.0,0.0,0.0,0.0,0.0,0.0,1.0,0.0,1.0,71.0,0.0,2.0,168.0,16.672800925925927,5.0,1356,1304.0,59.0,0,0.00018279674983065014,0.00019099507997259865,none,146.604,0.0419,0.58242,none,0.811,0.0067,0.98906,none,-339.398,-0.6186,0.79854,none,-253.398,-0.6923,1,none,0,0,1,none,1,0.0013,0.84938,none
4036e45fd6a07e8741b2b5d32db7b07c8e78ecad,79b139cf0efeb271cb9dd43b2834a99e2d0ce291,2026-09-14T05:04:06Z,ok,2.0,4.0,4.0,1.0,2.0,1.0,0.0,0.0,0.0,0.0,0.0,0.0,0.0,0.0,0.0,0.0,0.0,0.0,0.0,0.0,0.0,0.0,0.0,1.0,4.0,1.0,4.0,0.0,0.0,0.0,0,0,0,0,0,0,2,0,0.0,0.0,0.0,0.0,0.0,0.0,0.0,0.0,0.0,0.0,0.0,0.0,0.0,0.0,0.0,0.0,0.0,0.0,0.0,0.0,0.0,0.0,0.0,0.0,0.0,0.0,0.0,0.0,0.0,0.0,0.0,0.0,0.0,0.0,0.0,0.0,0.0,0.0,0.0,0.0,0.0,0.0,0.0,0.0,0.0,0.0,0.0,0.0,0.0,0.0,0.0,0.0,0.0,0.0,0.0,0.0,0.0,0.0,0.0,0.0,0.0,0.0,0.0,1.0,0.0,1.0,71.0,0.0,2.0,170.0,3.1945833333333336,4.0,0,-8.0,0.0,0,0.0,-1.171525201337589e-06,none,13.14,0.0036,1,none,0.909,0.0076,0.98906,none,23.578,0.1193,0.93625,none,42.806,0.3263,0.98354,none,0,0,1,none,0,0,1,none
66a4516adf77cb77ce169437c9d66c4029ad8ea5,4036e45fd6a07e8741b2b5d32db7b07c8e78ecad,2026-09-14T23:55:29+05:30,ok,14.0,611.0,189.0,4.0,7.0,0.7135897407647454,0.0,4.0,149.0,0.0,0.0,0.0,0.0,0.0,0.0,7.0,308.0,1.0,3.0,0.0,0.0,0.0,0.0,1.0,9.0,1.0,331.0,0.0,0.0,0.0,0,1,4,4,0,0,0,0,2.0,2.0,0.0,0.0,0.0,0.0,0.0,0.0,0.0,0.0,0.0,0.0,0.0,0.0,0.0,0.0,0.0,0.0,1.0,0.0,1.0,0.0,0.0,0.0,0.0,0.0,0.0,0.0,0.0,0.0,0.0,0.0,0.0,0.0,2.0,2.0,0.0,0.0,0.0,0.0,0.0,0.0,0.0,0.0,0.0,0.0,0.0,0.0,0.0,0.0,0.0,0.0,0.0,0.0,0.0,0.0,0.0,0.0,0.0,0.0,0.0,0.0,0.0,1.0,0.0,0.0,63.0,0.0,6.0,2122.0,54.40350462962963,7.0,-843868,-843792.0,0.0,-94,-0.11373756289397395,-0.12356559384608806,regression,85.523,0.0236,0.79378,none,10.299,0.0887,0.00011,none,524.5,2.6225,0.01901,regression,637.3,6.035,0,regression,0,-0.0063,0,none,-1,-0.0013,0.84127,none
8754416d847d2947c0492bc045cddbab717a51ea,66a4516adf77cb77ce169437c9d66c4029ad8ea5,2026-09-19T02:54:23Z,ok,2.0,15.0,22.0,1.0,2.0,0.49418293484978865,0.0,0.0,0.0,0.0,0.0,0.0,0.0,0.0,0.0,0.0,0.0,0.0,0.0,0.0,0.0,0.0,0.0,1.0,4.0,1.0,33.0,0.0,0.0,0.0,0,0,2,0,0,0,0,0,0.0,0.0,0.0,0.0,0.0,0.0,0.0,0.0,0.0,0.0,0.0,0.0,0.0,0.0,0.0,0.0,0.0,0.0,0.0,0.0,0.0,0.0,0.0,0.0,0.0,0.0,0.0,0.0,0.0,0.0,0.0,0.0,0.0,0.0,0.0,0.0,0.0,0.0,0.0,0.0,0.0,0.0,0.0,0.0,0.0,0.0,0.0,0.0,0.0,0.0,0.0,0.0,0.0,0.0,0.0,0.0,0.0,0.0,0.0,0.0,0.0,0.0,0.0,1.0,0.0,1.0,72.0,0.0,2.0,172.0,4.357546296296296,4.0,15,1.0,0.0,0,2.281173490391621e-06,1.6708702978576938e-07,none,123.417,0.034,1,none,-9.572,-0.0681,0.84127,none,-37,-0.0519,0.93625,none,-25.382,-0.0318,0.93625,none,0,0,1,none,1,0.0013,1,none
77f9a7c32d8716f034db4d45f9b06362a2cae15d,8754416d847d2947c0492bc045cddbab717a51ea,2026-09-21T04:57:17Z,ok,2.0,178.0,231.0,1.0,2.0,0.21517961993619816,0.0,0.0,0.0,0.0,0.0,0.0,0.0,0.0,0.0,0.0,0.0,0.0,0.0,0.0,0.0,0.0,0.0,1.0,14.0,1.0,395.0,0.0,0.0,0.0,0,0,2,0,0,0,5,0,0.0,0.0,0.0,0.0,0.0,0.0,0.0,0.0,0.0,0.0,0.0,0.0,0.0,0.0,0.0,0.0,0.0,0.0,0.0,0.0,0.0,0.0,0.0,0.0,0.0,0.0,0.0,0.0,0.0,0.0,0.0,0.0,0.0,0.0,0.0,0.0,0.0,0.0,0.0,0.0,0.0,0.0,0.0,0.0,0.0,0.0,0.0,0.0,0.0,0.0,0.0,0.0,0.0,0.0,0.0,0.0,0.0,0.0,0.0,0.0,0.0,0.0,0.0,1.0,0.0,1.0,71.0,0.0,2.0,174.0,2.314386574074074,4.0,49,46.0,0.0,0,7.451816403059929e-06,7.686002085914131e-06,none,-75.805,-0.0201,0.95683,none,6.271,0.0472,0.96929,none,-113.613,-0.1432,0.93625,none,-19.45,-0.0249,0.98354,none,0,0,1,none,17,0.0221,1,none
11141860ee0fe3d70bb29946f2f1ae5ce48d4220,77f9a7c32d8716f034db4d45f9b06362a2cae15d,2026-09-21T22:09:12+05:30,ok,2.0,37.0,12.0,2.0,2.0,0.7300166301457938,0.0,2.0,49.0,0.0,0.0,0.0,0.0,0.0,0.0,0.0,0.0,0.0,0.0,0.0,0.0,0.0,0.0,0.0,0.0,0.0,0.0,0.0,0.0,0.0,0,0,0,0,0,0,0,0,3.0,1.0,0.0,0.0,0.0,0.0,0.0,0.0,0.0,0.0,0.0,0.0,0.0,0.0,0.0,0.0,0.0,0.0,0.0,0.0,0.0,0.0,0.0,0.0,0.0,0.0,0.0,0.0,0.0,0.0,0.0,0.0,0.0,0.0,0.0,0.0,0.0,0.0,0.0,0.0,0.0,0.0,0.0,0.0,0.0,0.0,0.0,0.0,0.0,0.0,0.0,0.0,0.0,0.0,0.0,0.0,0.0,0.0,0.0,0.0,0.0,0.0,0.0,1.0,0.0,0.0,62.0,0.0,4.0,2128.0,42.84544560185185,3.0,140,152.0,0.0,0,2.1290745354017192e-05,2.539702908227167e-05,none,131.023,0.0363,0.42028,none,5.364,0.0425,1,none,13.963,0.021,0.99083,none,-1.369,-0.0018,0.86713,none,0,0.0828,0,none,18,0.024,0.87223,none
1ab7e2e0740a4380172df93bb707538521c14b15,11141860ee0fe3d70bb29946f2f1ae5ce48d4220,2026-09-22T13:43:11+05:30,ok,4.0,13.0,17.0,4.0,3.0,0.7083428103021028,0.0,2.0,18.0,0.0,0.0,0.0,0.0,0.0,0.0,1.0,10.0,0.0,0.0,0.0,0.0,0.0,0.0,0.0,0.0,0.0,0.0,1.0,2.0,0.0,0,0,0,0,0,0,0,0,1.0,3.0,0.0,0.0,0.0,0.0,0.0,0.0,0.0,0.0,0.0,0.0,0.0,0.0,0.0,0.0,0.0,0.0,0.0,0.0,0.0,0.0,0.0,0.0,0.0,0.0,0.0,0.0,0.0,0.0,0.0,0.0,0.0,0.0,0.0,0.0,0.0,0.0,0.0,0.0,0.0,0.0,0.0,0.0,0.0,0.0,0.0,0.0,0.0,0.0,0.0,0.0,0.0,0.0,0.0,0.0,0.0,0.0,0.0,0.0,0.0,0.0,0.0,1.0,0.0,0.0,69.0,0.0,6.0,2130.0,17.46912422839506,7.0,-122,-127.0,0.0,0,-1.8552968801966372e-05,-2.121934723272979e-05,none,66.559,0.0175,1,none,0.668,0.0048,1,none,-218.5,-0.3041,0.93625,none,30.663,0.0422,1,none,0,0,1,none,1,0.0013,0.99805,none
