sha,base_sha,date,status,k_nf,k_la,k_ld,k_nd,k_ns,k_entropy,k_binary,cat_code_files,cat_code_lines,cat_style_files,cat_style_lines,cat_html_files,cat_html_lines,cat_image_files,cat_font_files,cat_test_files,cat_test_lines,cat_doc_files,cat_doc_lines,cat_config_files,cat_config_lines,cat_json_files,cat_json_lines,cat_pkg_files,cat_pkg_lines,cat_lock_files,cat_lock_lines,cat_other_files,cat_other_lines,cat_only_nonruntime,dep_rt_added,dep_rt_removed,dep_rt_updated,dep_rt_major,dep_dev_added,dep_dev_removed,dep_dev_updated,dep_dev_major,pat_import_static_add,pat_import_static_del,pat_import_dynamic_add,pat_import_dynamic_del,pat_lazy_add,pat_lazy_del,pat_effect_add,pat_effect_del,pat_memo_add,pat_memo_del,pat_state_add,pat_state_del,pat_listener_add,pat_listener_del,pat_timer_add,pat_timer_del,pat_raf_add,pat_raf_del,pat_loop_add,pat_loop_del,pat_array_iter_add,pat_array_iter_del,pat_layout_read_add,pat_layout_read_del,pat_dom_query_add,pat_dom_query_del,pat_dom_write_add,pat_dom_write_del,pat_canvas_add,pat_canvas_del,pat_worker_add,pat_worker_del,pat_async_add,pat_async_del,pat_json_add,pat_json_del,pat_font_add,pat_font_del,pat_image_add,pat_image_del,pat_img_dims_add,pat_img_dims_del,pat_loading_hint_add,pat_loading_hint_del,pat_css_layout_add,pat_css_layout_del,pat_css_anim_add,pat_css_anim_del,pat_css_selector_heavy_add,pat_css_selector_heavy_del,msg_type_feat,msg_type_fix,msg_type_perf,msg_type_refactor,msg_type_chore,msg_type_build,msg_type_deps,msg_type_style,msg_type_docs,msg_type_test,msg_type_ci,msg_type_impr,msg_type_revert,msg_type_other,msg_revert,msg_bot,msg_len,msg_perf_word,k_commits,k_exp,k_age_days,k_ndev,bnd_total_gzip,bnd_js_gzip,bnd_css_gzip,bnd_files,bnd_total_gzip_rel,bnd_js_gzip_rel,y_label,y_lcp_delta,y_lcp_rel,y_lcp_q,y_lcp_label,y_inp_delta,y_inp_rel,y_inp_q,y_inp_label,y_tbt_delta,y_tbt_rel,y_tbt_q,y_tbt_label,y_tbtFlow_delta,y_tbtFlow_rel,y_tbtFlow_q,y_tbtFlow_label,y_cls_delta,y_cls_rel,y_cls_q,y_cls_label,y_lcpObs_delta,y_lcpObs_rel,y_lcpObs_q,y_lcpObs_label
177eb590fd2006458d3fa10589b9db7dfcb7dabd,88bb7a081f39e74d14abfe480c43729f90d01c9f,2025-09-01T11:51:07+02:00,ok,2.0,23.0,4.0,1.0,1.0,0.876716288999464,0.0,2.0,27.0,0.0,0.0,0.0,0.0,0.0,0.0,0.0,0.0,0.0,0.0,0.0,0.0,0.0,0.0,0.0,0.0,0.0,0.0,0.0,0.0,0.0,0,0,0,0,0,0,0,0,1.0,0.0,0.0,0.0,0.0,0.0,0.0,0.0,0.0,0.0,0.0,0.0,0.0,0.0,0.0,0.0,0.0,0.0,0.0,0.0,0.0,0.0,0.0,0.0,0.0,0.0,0.0,0.0,0.0,0.0,0.0,0.0,0.0,0.0,0.0,0.0,0.0,0.0,0.0,0.0,0.0,0.0,0.0,0.0,0.0,0.0,0.0,0.0,0.0,0.0,0.0,1.0,0.0,0.0,0.0,0.0,0.0,0.0,0.0,0.0,0.0,0.0,0.0,0.0,0.0,0.0,87.0,0.0,1.0,0.0,18.791817129629628,6.0,nan,nan,nan,nan,nan,nan,none,-39.709,-0.0202,0.9399,none,-0.162,-0.0025,0.91515,none,7.881,0.037,1,none,1.93,0.0359,0.99531,none,0,0,1,none,-139,-0.1028,0.94857,none
4d46c62982559853823907c1a4bae26ed8947bd5,12f78e18cb0df2ee721927d44d9cfb9c29958292,2025-09-01T14:25:58+02:00,ok,1.0,24.0,0.0,1.0,1.0,0.0,0.0,0.0,0.0,0.0,0.0,0.0,0.0,0.0,0.0,0.0,0.0,0.0,0.0,1.0,24.0,0.0,0.0,0.0,0.0,0.0,0.0,0.0,0.0,0.0,0,0,0,0,0,0,0,0,0.0,0.0,0.0,0.0,0.0,0.0,0.0,0.0,0.0,0.0,0.0,0.0,0.0,0.0,0.0,0.0,0.0,0.0,0.0,0.0,0.0,0.0,0.0,0.0,0.0,0.0,0.0,0.0,0.0,0.0,0.0,0.0,0.0,0.0,0.0,0.0,0.0,0.0,0.0,0.0,0.0,0.0,0.0,0.0,0.0,0.0,0.0,0.0,0.0,0.0,0.0,0.0,0.0,0.0,1.0,0.0,0.0,0.0,0.0,0.0,0.0,0.0,0.0,0.0,0.0,0.0,84.0,0.0,1.0,2798.0,11.740775462962963,3.0,nan,nan,nan,nan,nan,nan,none,-5.582,-0.0029,0.99751,none,-0.27,-0.0041,0.81373,none,32.23,0.1453,0.93785,none,-0.99,-0.0193,0.99531,none,0,0,1,none,39,0.0318,1,none
8a3fa873886ef9bcebf1f3fef93b405794fd4f84,01d8363e19e45516a6a3853aeda73bed5e6b92f9,2025-09-04T19:32:21+02:00,ok,1.0,8.0,3.0,1.0,1.0,0.0,0.0,0.0,0.0,0.0,0.0,0.0,0.0,0.0,0.0,1.0,11.0,0.0,0.0,0.0,0.0,0.0,0.0,0.0,0.0,0.0,0.0,0.0,0.0,1.0,0,0,0,0,0,0,0,0,0.0,0.0,0.0,0.0,0.0,0.0,0.0,0.0,0.0,0.0,0.0,0.0,0.0,0.0,0.0,0.0,0.0,0.0,0.0,0.0,0.0,0.0,0.0,0.0,0.0,0.0,0.0,0.0,0.0,0.0,0.0,0.0,0.0,0.0,0.0,0.0,0.0,0.0,0.0,0.0,0.0,0.0,0.0,0.0,0.0,0.0,0.0,0.0,0.0,0.0,0.0,1.0,0.0,0.0,0.0,0.0,0.0,0.0,0.0,0.0,0.0,0.0,0.0,0.0,0.0,0.0,87.0,1.0,1.0,2801.0,0.0,0.0,nan,nan,nan,nan,nan,nan,none,-0.441,-0.0002,1,none,0.077,0.0012,0.97135,none,-0.683,-0.003,1,none,-0.803,-0.0198,1,none,0,0,1,none,29,0.0236,1,none
ed9aa8769a578f8bf39f18cc2911be5b553e1d4d,892b7d020b4f5be157ade62246224c2df5425af7,2025-09-07T21:38:12+02:00,ok,1.0,4.0,1.0,1.0,1.0,0.0,0.0,1.0,5.0,0.0,0.0,0.0,0.0,0.0,0.0,0.0,0.0,0.0,0.0,0.0,0.0,0.0,0.0,0.0,0.0,0.0,0.0,0.0,0.0,0.0,0,0,0,0,0,0,0,0,0.0,0.0,0.0,0.0,0.0,0.0,0.0,0.0,0.0,0.0,0.0,0.0,0.0,0.0,0.0,0.0,0.0,0.0,0.0,0.0,0.0,0.0,0.0,0.0,0.0,0.0,0.0,0.0,0.0,0.0,0.0,0.0,0.0,0.0,0.0,0.0,0.0,0.0,0.0,0.0,0.0,0.0,0.0,0.0,0.0,0.0,0.0,0.0,0.0,0.0,0.0,0.0,0.0,0.0,0.0,0.0,0.0,0.0,0.0,0.0,0.0,1.0,0.0,0.0,0.0,0.0,67.0,0.0,1.0,2806.0,11.976215277777778,6.0,nan,nan,nan,nan,nan,nan,none,5.717,0.003,0.99751,none,0.014,0.0002,0.9881,none,3.564,0.0158,0.9881,none,3.365,0.0641,1,none,0,0,1,none,-49,-0.0383,1,none
29e77003905bb29e1aa9caf83364b952381ae66f,bfebb36b9192e63252271a147f134b4f4f5b67be,2025-09-08T23:40:37+02:00,ok,1.0,64.0,0.0,1.0,1.0,0.0,0.0,1.0,64.0,0.0,0.0,0.0,0.0,0.0,0.0,0.0,0.0,0.0,0.0,0.0,0.0,0.0,0.0,0.0,0.0,0.0,0.0,0.0,0.0,0.0,0,0,0,0,0,0,0,0,1.0,0.0,0.0,0.0,0.0,0.0,0.0,0.0,0.0,0.0,0.0,0.0,0.0,0.0,0.0,0.0,0.0,0.0,0.0,0.0,0.0,0.0,0.0,0.0,0.0,0.0,0.0,0.0,0.0,0.0,0.0,0.0,1.0,0.0,0.0,0.0,0.0,0.0,0.0,0.0,0.0,0.0,0.0,0.0,0.0,0.0,0.0,0.0,0.0,0.0,0.0,0.0,0.0,0.0,1.0,0.0,0.0,0.0,0.0,0.0,0.0,0.0,0.0,0.0,0.0,0.0,58.0,0.0,1.0,2809.0,0.0,0.0,nan,nan,nan,nan,nan,nan,none,-16.022,-0.0082,0.99751,none,-2.218,-0.0325,0.91515,none,5.205,0.0249,1,none,-13.393,-0.2742,0.99531,none,0,0,1,none,-42,-0.032,1,none
1512e46dfcaf0693778a41430b9f3a6250ab7228,b25bcb13e95ee3f23c7c3497c929909760b87705,2025-09-11T12:18:34+02:00,ok,1.0,10.0,3.0,1.0,1.0,0.0,0.0,1.0,13.0,0.0,0.0,0.0,0.0,0.0,0.0,0.0,0.0,0.0,0.0,0.0,0.0,0.0,0.0,0.0,0.0,0.0,0.0,0.0,0.0,0.0,0,0,0,0,0,0,0,0,0.0,0.0,0.0,0.0,0.0,0.0,0.0,0.0,0.0,0.0,0.0,0.0,0.0,0.0,0.0,0.0,0.0,0.0,0.0,0.0,0.0,0.0,0.0,0.0,0.0,0.0,0.0,0.0,0.0,0.0,0.0,0.0,0.0,0.0,0.0,0.0,0.0,0.0,0.0,0.0,0.0,0.0,0.0,0.0,0.0,0.0,0.0,0.0,0.0,0.0,0.0,0.0,0.0,0.0,1.0,0.0,0.0,0.0,0.0,0.0,0.0,0.0,0.0,0.0,0.0,0.0,28.0,0.0,1.0,2813.0,2.5263541666666667,1.0,nan,nan,nan,nan,nan,nan,none,-8.967,-0.0047,0.9609,none,0.015,0.0002,0.91515,none,-5.485,-0.0264,0.9881,none,3.778,0.1348,0.99531,none,0,0,1,none,12,0.0096,1,none
10130d73481ce1277a13845c0b1810aa77d47c11,05c1b9e5338b735e963c12fed2a887dcff82a1aa,2025-09-12T18:12:19+02:00,ok,1.0,1.0,1.0,1.0,1.0,0.0,0.0,0.0,0.0,0.0,0.0,0.0,0.0,0.0,0.0,0.0,0.0,0.0,0.0,0.0,0.0,1.0,2.0,0.0,0.0,0.0,0.0,0.0,0.0,0.0,0,0,0,0,0,0,0,0,0.0,0.0,0.0,0.0,0.0,0.0,0.0,0.0,0.0,0.0,0.0,0.0,0.0,0.0,0.0,0.0,0.0,0.0,0.0,0.0,0.0,0.0,0.0,0.0,0.0,0.0,0.0,0.0,0.0,0.0,0.0,0.0,0.0,0.0,0.0,0.0,0.0,0.0,0.0,0.0,0.0,0.0,0.0,0.0,0.0,0.0,0.0,0.0,0.0,0.0,0.0,1.0,0.0,0.0,0.0,0.0,0.0,0.0,0.0,0.0,0.0,0.0,0.0,0.0,0.0,0.0,23.0,0.0,1.0,2817.0,522.1314004629629,2.0,nan,nan,nan,nan,nan,nan,none,-11.299,-0.0059,0.9399,none,0.193,0.0029,0.91515,none,7.757,0.0393,0.96339,none,19.693,1.0291,0.99531,none,0,0,1,none,13,0.0106,1,none
344e467f877c5e4b57a4a55d3c503a51140188a5,8810b1c51ab798b90544c94bcb1b702a636fdf09,2025-09-19T18:14:27+02:00,ok,5.0,122.0,97.0,5.0,3.0,0.46948879689985795,0.0,5.0,219.0,0.0,0.0,0.0,0.0,0.0,0.0,0.0,0.0,0.0,0.0,0.0,0.0,0.0,0.0,0.0,0.0,0.0,0.0,0.0,0.0,0.0,0,0,0,0,0,0,0,0,4.0,3.0,0.0,0.0,0.0,0.0,0.0,0.0,0.0,0.0,0.0,0.0,0.0,0.0,0.0,0.0,0.0,0.0,0.0,0.0,1.0,3.0,0.0,0.0,2.0,2.0,0.0,0.0,0.0,0.0,0.0,0.0,0.0,0.0,0.0,0.0,0.0,0.0,0.0,0.0,0.0,0.0,0.0,0.0,0.0,0.0,0.0,0.0,0.0,0.0,0.0,1.0,0.0,0.0,0.0,0.0,0.0,0.0,0.0,0.0,0.0,0.0,0.0,0.0,0.0,0.0,48.0,0.0,1.0,387.0,32.34324074074074,7.0,nan,nan,nan,nan,nan,nan,none,3.849,0.002,0.99751,none,-0.073,-0.0011,0.91515,none,-0.831,-0.0041,1,none,11.82,0.8604,0.99531,none,0,0,1,none,-34,-0.0268,1,none
8629779a7bc9483647b4a16329a0be71593ca207,0b67868d56588b2fd7c5dac23828ef90736793ad,2025-09-20T15:56:40+02:00,ok,1.0,11.0,4.0,1.0,1.0,0.0,0.0,0.0,0.0,0.0,0.0,0.0,0.0,0.0,0.0,1.0,15.0,0.0,0.0,0.0,0.0,0.0,0.0,0.0,0.0,0.0,0.0,0.0,0.0,1.0,0,0,0,0,0,0,0,0,0.0,0.0,0.0,0.0,0.0,0.0,0.0,0.0,0.0,0.0,0.0,0.0,0.0,0.0,0.0,0.0,0.0,0.0,0.0,0.0,0.0,0.0,0.0,0.0,0.0,0.0,0.0,0.0,0.0,0.0,0.0,0.0,0.0,0.0,0.0,0.0,0.0,0.0,0.0,0.0,0.0,0.0,0.0,0.0,0.0,0.0,0.0,0.0,0.0,0.0,0.0,1.0,0.0,0.0,0.0,0.0,0.0,0.0,0.0,0.0,0.0,0.0,0.0,0.0,0.0,0.0,41.0,0.0,1.0,2820.0,0.0,0.0,nan,nan,nan,nan,nan,nan,none,4.949,0.0026,0.99751,none,0.135,0.002,0.91515,none,2.823,0.0141,1,none,9.144,0.668,0.99531,none,0,0,1,none,9,0.0072,1,none
1bf03e8dc26b0742a59032b1bd9b9ce28dccb019,02e92d0f3b191eec7916f1759e48a1a2b5d766b0,2025-09-22T13:13:01+02:00,ok,2.0,23.0,27.0,1.0,1.0,0.6800770457282799,0.0,0.0,0.0,0.0,0.0,0.0,0.0,0.0,0.0,2.0,50.0,0.0,0.0,0.0,0.0,0.0,0.0,0.0,0.0,0.0,0.0,0.0,0.0,1.0,0,0,0,0,0,0,0,0,0.0,0.0,0.0,0.0,0.0,0.0,0.0,0.0,0.0,0.0,0.0,0.0,0.0,0.0,0.0,0.0,0.0,0.0,0.0,0.0,0.0,0.0,0.0,0.0,0.0,0.0,0.0,0.0,0.0,0.0,0.0,0.0,0.0,0.0,0.0,0.0,0.0,0.0,0.0,0.0,0.0,0.0,0.0,0.0,0.0,0.0,0.0,0.0,0.0,0.0,0.0,0.0,0.0,1.0,0.0,0.0,0.0,0.0,0.0,0.0,0.0,0.0,0.0,0.0,0.0,0.0,31.0,0.0,1.0,2824.0,0.0,0.0,nan,nan,nan,nan,nan,nan,none,2.544,0.0013,0.9609,none,0.925,0.0142,0.81373,none,4.705,0.0232,0.9881,none,-0.974,-0.0497,0.99531,none,0,0,1,none,11,0.0088,1,none
3d819115eb1399bb5ba36357f7be648eff6642cd,df81d7ce97ee326ddd62a69eeba1e88ebd800593,2025-09-23T16:56:48+02:00,ok,1.0,24.0,0.0,1.0,1.0,0.0,0.0,0.0,0.0,0.0,0.0,0.0,0.0,0.0,0.0,0.0,0.0,0.0,0.0,0.0,0.0,1.0,24.0,0.0,0.0,0.0,0.0,0.0,0.0,0.0,0,0,0,0,0,0,0,0,0.0,0.0,0.0,0.0,0.0,0.0,0.0,0.0,0.0,0.0,0.0,0.0,0.0,0.0,0.0,0.0,0.0,0.0,0.0,0.0,0.0,0.0,0.0,0.0,0.0,0.0,0.0,0.0,0.0,0.0,0.0,0.0,0.0,0.0,0.0,0.0,0.0,0.0,0.0,0.0,0.0,0.0,0.0,0.0,0.0,0.0,0.0,0.0,0.0,0.0,0.0,0.0,0.0,0.0,0.0,0.0,0.0,0.0,0.0,0.0,0.0,1.0,0.0,0.0,0.0,0.0,56.0,0.0,1.0,1.0,33.765787037037036,7.0,nan,nan,nan,nan,nan,nan,none,49.903,0.0261,0.9399,none,0.177,0.0027,0.91515,none,0.707,0.0035,1,none,-1.336,-0.0748,1,none,0,0,1,none,61,0.0475,1,none
9e5e4831a845a6f2c626a402226a60652520245e,505049338ffd11fc2e61173bcf360d6c2bd3dfa3,2025-09-24T14:35:46+02:00,ok,1.0,4.0,0.0,1.0,1.0,0.0,0.0,1.0,4.0,0.0,0.0,0.0,0.0,0.0,0.0,0.0,0.0,0.0,0.0,0.0,0.0,0.0,0.0,0.0,0.0,0.0,0.0,0.0,0.0,0.0,0,0,0,0,0,0,0,0,0.0,0.0,0.0,0.0,0.0,0.0,0.0,0.0,0.0,0.0,0.0,0.0,0.0,0.0,0.0,0.0,0.0,0.0,0.0,0.0,0.0,0.0,0.0,0.0,0.0,0.0,0.0,0.0,0.0,0.0,0.0,0.0,0.0,0.0,0.0,0.0,0.0,0.0,0.0,0.0,0.0,0.0,0.0,0.0,0.0,0.0,0.0,0.0,0.0,0.0,0.0,0.0,0.0,0.0,0.0,0.0,0.0,0.0,0.0,0.0,0.0,1.0,0.0,0.0,0.0,0.0,55.0,0.0,1.0,2829.0,0.912962962962963,2.0,nan,nan,nan,nan,nan,nan,none,-22.161,-0.0114,0.99751,none,0.121,0.0018,0.81373,none,-2.459,-0.0122,0.81773,none,1.853,0.1149,1,none,0,0,1,none,0,0,1,none
8699351be98897073bea5d38cd8cffcef244bf69,a15d84e0ce4f20f18df27b1c59192af1e518a278,2025-10-12T16:20:06+02:00,ok,2.0,29.0,42.0,2.0,2.0,0.7698205808588191,0.0,0.0,0.0,0.0,0.0,0.0,0.0,0.0,0.0,2.0,71.0,0.0,0.0,0.0,0.0,0.0,0.0,0.0,0.0,0.0,0.0,0.0,0.0,1.0,0,0,0,0,0,0,0,0,0.0,0.0,0.0,0.0,0.0,0.0,0.0,0.0,0.0,0.0,0.0,0.0,0.0,0.0,0.0,0.0,0.0,0.0,0.0,0.0,0.0,0.0,0.0,0.0,0.0,0.0,0.0,0.0,0.0,0.0,0.0,0.0,0.0,0.0,0.0,0.0,0.0,0.0,0.0,0.0,0.0,0.0,0.0,0.0,0.0,0.0,0.0,0.0,0.0,0.0,0.0,1.0,0.0,0.0,0.0,0.0,0.0,0.0,0.0,0.0,0.0,0.0,0.0,0.0,0.0,0.0,45.0,0.0,1.0,2833.0,0.0,0.0,nan,nan,nan,nan,nan,nan,none,-0.331,-0.0002,1,none,-0.085,-0.0013,0.9881,none,2.734,0.0136,0.96339,none,-5.605,-0.29,0.99531,none,0,0,1,none,57,0.0463,1,none
79f557f5d6f02b84556df7c57b11a32af26941fa,820ac7148e1fae3fef94c49a2ab8fb46b06059a8,2025-10-15T10:38:56+02:00,ok,1.0,30.0,30.0,1.0,1.0,0.0,0.0,0.0,0.0,0.0,0.0,0.0,0.0,0.0,0.0,0.0,0.0,0.0,0.0,0.0,0.0,1.0,60.0,0.0,0.0,0.0,0.0,0.0,0.0,0.0,0,0,0,0,0,0,0,0,0.0,0.0,0.0,0.0,0.0,0.0,0.0,0.0,0.0,0.0,0.0,0.0,0.0,0.0,0.0,0.0,0.0,0.0,0.0,0.0,0.0,0.0,0.0,0.0,0.0,0.0,0.0,0.0,0.0,0.0,0.0,0.0,0.0,0.0,0.0,0.0,0.0,0.0,0.0,0.0,0.0,0.0,0.0,0.0,0.0,0.0,0.0,0.0,0.0,0.0,0.0,0.0,0.0,0.0,0.0,0.0,0.0,1.0,0.0,0.0,0.0,0.0,0.0,0.0,0.0,0.0,80.0,0.0,1.0,0.0,85.79762731481482,5.0,nan,nan,nan,nan,nan,nan,none,-9.036,-0.0046,0.99751,none,-0.074,-0.0011,0.91515,none,-2.058,-0.0102,1,none,-0.632,-0.0386,1,none,0,0,1,none,-58,-0.0432,1,none
0311da26db4cdff94abd1f86be3f10c9c487cd35,154b88eecf8390da5ec43cf400aa661ffca3f790,2025-10-15T10:45:45+02:00,ok,1.0,6.0,0.0,1.0,1.0,0.0,0.0,0.0,0.0,0.0,0.0,0.0,0.0,0.0,0.0,0.0,0.0,0.0,0.0,0.0,0.0,1.0,6.0,0.0,0.0,0.0,0.0,0.0,0.0,0.0,0,0,0,0,0,0,0,0,0.0,0.0,0.0,0.0,0.0,0.0,0.0,0.0,0.0,0.0,0.0,0.0,0.0,0.0,0.0,0.0,0.0,0.0,0.0,0.0,0.0,0.0,0.0,0.0,0.0,0.0,0.0,0.0,0.0,0.0,0.0,0.0,0.0,0.0,0.0,0.0,0.0,0.0,0.0,0.0,0.0,0.0,0.0,0.0,0.0,0.0,0.0,0.0,0.0,0.0,0.0,0.0,0.0,0.0,0.0,0.0,0.0,0.0,0.0,0.0,0.0,1.0,0.0,0.0,0.0,0.0,48.0,0.0,1.0,0.0,203.8769212962963,1.0,nan,nan,nan,nan,nan,nan,none,26.037,0.0137,0.99751,none,-0.103,-0.0016,0.91515,none,-1.265,-0.0063,0.9881,none,-3.803,-0.2024,0.99531,none,0,0,1,none,-86,-0.064,1,none
be106b8f1c7f72781a36b2d191cfc749abb0060f,acbd1de113fb4288be48dbaaf50acdb4f0b27c96,2025-10-15T12:56:10+02:00,ok,1.0,8.0,8.0,1.0,1.0,0.0,0.0,1.0,16.0,0.0,0.0,0.0,0.0,0.0,0.0,0.0,0.0,0.0,0.0,0.0,0.0,0.0,0.0,0.0,0.0,0.0,0.0,0.0,0.0,0.0,0,0,0,0,0,0,0,0,0.0,0.0,0.0,0.0,0.0,0.0,0.0,0.0,0.0,0.0,0.0,0.0,0.0,0.0,0.0,0.0,0.0,0.0,0.0,0.0,0.0,0.0,0.0,0.0,0.0,0.0,0.0,0.0,0.0,0.0,0.0,0.0,0.0,0.0,0.0,0.0,0.0,0.0,0.0,0.0,0.0,0.0,0.0,0.0,0.0,0.0,0.0,0.0,0.0,0.0,0.0,1.0,0.0,0.0,0.0,0.0,0.0,0.0,0.0,0.0,0.0,0.0,0.0,0.0,0.0,0.0,50.0,0.0,1.0,2834.0,35.041666666666664,3.0,nan,nan,nan,nan,nan,nan,none,1.771,0.0009,1,none,-0.143,-0.0022,0.81373,none,-4.391,-0.0216,0.93785,none,-1.748,-0.1068,0.99531,none,0,0,1,none,17,0.0137,1,none
c42217c37b6609645d5d0ceacc5db73773baadc0,9ae232925d13bf21f57a9369a6a57b61fbeb3562,2025-10-17T15:08:23+02:00,ok,1.0,36.0,0.0,1.0,1.0,0.0,0.0,0.0,0.0,0.0,0.0,0.0,0.0,0.0,0.0,0.0,0.0,0.0,0.0,0.0,0.0,1.0,36.0,0.0,0.0,0.0,0.0,0.0,0.0,0.0,0,0,0,0,0,0,0,0,0.0,0.0,0.0,0.0,0.0,0.0,0.0,0.0,0.0,0.0,0.0,0.0,0.0,0.0,0.0,0.0,0.0,0.0,0.0,0.0,0.0,0.0,0.0,0.0,0.0,0.0,0.0,0.0,0.0,0.0,0.0,0.0,0.0,0.0,0.0,0.0,0.0,0.0,0.0,0.0,0.0,0.0,0.0,0.0,0.0,0.0,0.0,0.0,0.0,0.0,0.0,0.0,0.0,0.0,0.0,0.0,0.0,0.0,0.0,0.0,0.0,1.0,0.0,0.0,0.0,0.0,56.0,0.0,1.0,0.0,2.172789351851852,17.0,nan,nan,nan,nan,nan,nan,none,11.144,0.0058,0.9399,none,0.07,0.0011,0.91515,none,0.686,0.0034,1,none,-4.56,-0.2621,0.99531,none,0,0,1,none,-5,-0.0039,1,none
4268572be48cb874e2b1507b544dfb199d4734cf,c4ffa5febb0d2491bd59a7c27224513588a7ea10,2025-10-21T13:05:07+02:00,ok,5.0,18.0,16.0,5.0,5.0,0.6198529663261149,0.0,0.0,0.0,0.0,0.0,0.0,0.0,0.0,0.0,0.0,0.0,0.0,0.0,0.0,0.0,0.0,0.0,4.0,10.0,1.0,24.0,0.0,0.0,0.0,4,0,0,0,0,4,0,0,0.0,0.0,0.0,0.0,0.0,0.0,0.0,0.0,0.0,0.0,0.0,0.0,0.0,0.0,0.0,0.0,0.0,0.0,0.0,0.0,0.0,0.0,0.0,0.0,0.0,0.0,0.0,0.0,0.0,0.0,0.0,0.0,0.0,0.0,0.0,0.0,0.0,0.0,0.0,0.0,0.0,0.0,0.0,0.0,0.0,0.0,0.0,0.0,0.0,0.0,0.0,0.0,0.0,0.0,0.0,1.0,0.0,0.0,0.0,0.0,0.0,0.0,0.0,0.0,0.0,0.0,68.0,0.0,1.0,397.0,22.315376157407407,7.0,nan,nan,nan,nan,nan,nan,none,13.916,0.0073,0.9609,none,0.364,0.0055,0.91515,none,1.272,0.0064,1,none,-24.49,-0.6242,0.99531,none,0,0,1,none,-2,-0.0015,1,none
c95b6bd3627a03098481f018cab0888ff6ea0cff,1cf4b079cdf8bb9e03dfd8db8a6bdeda483b9e34,2025-10-22T09:47:53+02:00,ok,3.0,78.0,31.0,3.0,2.0,0.9976581093317807,0.0,2.0,69.0,0.0,0.0,0.0,0.0,0.0,0.0,1.0,40.0,0.0,0.0,0.0,0.0,0.0,0.0,0.0,0.0,0.0,0.0,0.0,0.0,0.0,0,0,0,0,0,0,0,0,1.0,0.0,0.0,0.0,0.0,0.0,0.0,0.0,0.0,0.0,0.0,0.0,0.0,0.0,0.0,0.0,0.0,0.0,1.0,0.0,4.0,0.0,0.0,0.0,0.0,0.0,0.0,0.0,0.0,0.0,0.0,0.0,0.0,0.0,0.0,0.0,0.0,0.0,0.0,0.0,0.0,0.0,0.0,0.0,0.0,0.0,0.0,0.0,0.0,0.0,0.0,0.0,0.0,0.0,0.0,0.0,0.0,0.0,0.0,0.0,0.0,1.0,0.0,0.0,0.0,0.0,64.0,0.0,1.0,2844.0,18.629513888888887,9.0,nan,nan,nan,nan,nan,nan,none,-13.746,-0.0071,0.99751,none,0.233,0.0035,0.91515,none,1.305,0.0066,0.96339,none,-1.547,-0.0925,0.99531,none,0,0,1,none,-68,-0.0505,1,none
be59c40668c1b204539fd112ce61d82e8a09e740,42d6dc8a72c8872de897f8165d8dafbb999a86dc,2025-10-27T12:32:44+01:00,ok,1.0,6.0,0.0,1.0,1.0,0.0,0.0,0.0,0.0,0.0,0.0,0.0,0.0,0.0,0.0,0.0,0.0,0.0,0.0,0.0,0.0,1.0,6.0,0.0,0.0,0.0,0.0,0.0,0.0,0.0,0,0,0,0,0,0,0,0,0.0,0.0,0.0,0.0,0.0,0.0,0.0,0.0,0.0,0.0,0.0,0.0,0.0,0.0,0.0,0.0,0.0,0.0,0.0,0.0,0.0,0.0,0.0,0.0,0.0,0.0,0.0,0.0,0.0,0.0,0.0,0.0,0.0,0.0,0.0,0.0,0.0,0.0,0.0,0.0,0.0,0.0,0.0,0.0,0.0,0.0,0.0,0.0,0.0,0.0,0.0,0.0,0.0,0.0,0.0,0.0,0.0,0.0,0.0,0.0,0.0,1.0,0.0,0.0,0.0,0.0,54.0,0.0,1.0,0.0,9.93357638888889,17.0,nan,nan,nan,nan,nan,nan,none,-22.03,-0.0114,0.32937,none,-0.06,-0.0009,0.91515,none,-2.222,-0.011,0.35931,none,-0.659,-0.0451,0.99531,none,0,0,1,none,-12,-0.0097,1,none
7f8e205723dc1241e3052178f171314de6729042,7e6a73aac2db88add1baeb6516ac50696aab1fa3,2025-10-27T17:36:45+01:00,ok,2.0,3.0,3.0,2.0,2.0,0.9182958340544896,0.0,1.0,2.0,0.0,0.0,0.0,0.0,0.0,0.0,0.0,0.0,0.0,0.0,1.0,4.0,0.0,0.0,0.0,0.0,0.0,0.0,0.0,0.0,0.0,0,0,0,0,0,0,0,0,0.0,0.0,0.0,0.0,0.0,0.0,0.0,0.0,0.0,0.0,0.0,0.0,0.0,0.0,0.0,0.0,0.0,0.0,0.0,0.0,0.0,0.0,0.0,0.0,0.0,0.0,0.0,0.0,0.0,0.0,0.0,0.0,0.0,0.0,0.0,0.0,0.0,0.0,0.0,0.0,0.0,0.0,0.0,0.0,0.0,0.0,0.0,0.0,0.0,0.0,0.0,1.0,0.0,0.0,0.0,0.0,0.0,0.0,0.0,0.0,0.0,0.0,0.0,0.0,0.0,0.0,40.0,0.0,1.0,2847.0,33.937401620370366,4.0,nan,nan,nan,nan,nan,nan,none,-3.295,-0.0017,0.99751,none,0.357,0.0054,0.91515,none,-1.881,-0.0087,1,none,0.148,0.0089,1,none,0,0,1,none,-14,-0.0111,1,none
caae0d404ed01716f6c0a1219eb1890a4e306cfa,b9c4e4616ea11615ab1db1bc16f7708111cc2b33,2025-10-28T17:32:54+01:00,ok,1.0,1.0,1.0,1.0,1.0,0.0,0.0,0.0,0.0,0.0,0.0,1.0,2.0,0.0,0.0,0.0,0.0,0.0,0.0,0.0,0.0,0.0,0.0,0.0,0.0,0.0,0.0,0.0,0.0,0.0,0,0,0,0,0,0,0,0,0.0,0.0,0.0,0.0,0.0,0.0,0.0,0.0,0.0,0.0,0.0,0.0,0.0,0.0,0.0,0.0,0.0,0.0,0.0,0.0,0.0,0.0,0.0,0.0,0.0,0.0,0.0,0.0,0.0,0.0,0.0,0.0,0.0,0.0,0.0,0.0,0.0,0.0,0.0,0.0,0.0,0.0,0.0,0.0,0.0,0.0,0.0,0.0,0.0,0.0,0.0,1.0,0.0,0.0,0.0,0.0,0.0,0.0,0.0,0.0,0.0,0.0,0.0,0.0,0.0,0.0,72.0,0.0,1.0,402.0,0.20599537037037038,1.0,nan,nan,nan,nan,nan,nan,none,47.375,0.0244,0.9399,none,-0.272,-0.0041,0.9881,none,-10.303,-0.0545,0.96339,none,-2.953,-0.1524,0.99531,none,0,0,1,none,-9,-0.0071,1,none
586a19ad3e17f1aa6e0682a50b215bee8022d275,08165adc2c47b3e75f527d3ec94f6c6b0887a6d0,2025-10-31T14:18:59+01:00,ok,12.0,91.0,86.0,11.0,11.0,0.3295554880736415,0.0,1.0,7.0,0.0,0.0,0.0,0.0,0.0,0.0,0.0,0.0,0.0,0.0,0.0,0.0,0.0,0.0,9.0,18.0,1.0,148.0,1.0,4.0,0.0,0,0,0,0,0,0,9,0,0.0,0.0,0.0,0.0,0.0,0.0,0.0,0.0,0.0,0.0,0.0,0.0,0.0,0.0,0.0,0.0,0.0,0.0,0.0,0.0,0.0,0.0,0.0,0.0,0.0,0.0,0.0,0.0,0.0,0.0,0.0,0.0,0.0,0.0,0.0,0.0,0.0,0.0,0.0,0.0,0.0,0.0,0.0,0.0,0.0,0.0,0.0,0.0,0.0,0.0,0.0,0.0,0.0,0.0,1.0,0.0,0.0,0.0,0.0,0.0,0.0,0.0,0.0,0.0,0.0,0.0,21.0,0.0,1.0,2851.0,24.952446338383837,7.0,nan,nan,nan,nan,nan,nan,none,41.711,0.0214,0.9399,none,0.345,0.0052,0.91515,none,-3.974,-0.022,1,none,3.377,0.1923,0.99531,none,0,0,1,none,65,0.0528,1,none
2f5cb164cbb9ad2c6ab1242053f1f23fdb34f6f2,9d64a57dafadd3c7aa26ab2ddcb3b152aa74f05e,2025-10-31T19:12:25+01:00,ok,2.0,2.0,0.0,2.0,1.0,1.0,0.0,1.0,1.0,0.0,0.0,1.0,1.0,0.0,0.0,0.0,0.0,0.0,0.0,0.0,0.0,0.0,0.0,0.0,0.0,0.0,0.0,0.0,0.0,0.0,0,0,0,0,0,0,0,0,0.0,0.0,0.0,0.0,0.0,0.0,0.0,0.0,0.0,0.0,0.0,0.0,0.0,0.0,0.0,0.0,0.0,0.0,0.0,0.0,0.0,0.0,0.0,0.0,0.0,0.0,0.0,0.0,0.0,0.0,0.0,0.0,0.0,0.0,0.0,0.0,0.0,0.0,0.0,0.0,0.0,0.0,0.0,0.0,0.0,0.0,0.0,0.0,0.0,0.0,0.0,1.0,0.0,0.0,0.0,0.0,0.0,0.0,0.0,0.0,0.0,0.0,0.0,0.0,0.0,0.0,41.0,0.0,1.0,2854.0,0.010219907407407407,3.0,nan,nan,nan,nan,nan,nan,none,27.37,0.014,0.9399,none,5.033,0.0752,0.91515,none,-3.16,-0.0177,0.9881,none,-11.537,-0.3169,0.99958,none,0,0,1,none,32,0.0255,1,none
52b7d963b9116ee0c368b39721c5e8c9673e38c5,70dfd2aa6c0e28eb11e3173af104924dd636050f,2025-11-07T16:12:52+01:00,ok,1.0,4.0,4.0,1.0,1.0,0.0,0.0,1.0,8.0,0.0,0.0,0.0,0.0,0.0,0.0,0.0,0.0,0.0,0.0,0.0,0.0,0.0,0.0,0.0,0.0,0.0,0.0,0.0,0.0,0.0,0,0,0,0,0,0,0,0,0.0,0.0,0.0,0.0,0.0,0.0,0.0,0.0,0.0,0.0,0.0,0.0,0.0,0.0,0.0,0.0,0.0,0.0,0.0,0.0,0.0,0.0,0.0,0.0,0.0,0.0,0.0,0.0,0.0,0.0,0.0,0.0,0.0,0.0,0.0,0.0,0.0,0.0,0.0,0.0,0.0,0.0,0.0,0.0,0.0,0.0,0.0,0.0,0.0,0.0,0.0,0.0,0.0,0.0,1.0,0.0,0.0,0.0,0.0,0.0,0.0,0.0,0.0,0.0,0.0,0.0,37.0,0.0,1.0,2856.0,78.8030787037037,2.0,nan,nan,nan,nan,nan,nan,none,-8.809,-0.0052,0.9399,none,0.015,0.0002,1,none,3.878,0.0222,0.9881,none,-0.043,-0.002,0.99531,none,0,0,1,none,17,0.0137,1,none
9cb19e3ea9e9630fb657f31a6f04ca0c6eacbaa0,8aa1f51c2cc2dd51dfcc3d034e6ce4aa1b69f316,2025-11-12T12:11:00+01:00,ok,3.0,19.0,0.0,3.0,3.0,0.7365705641335478,0.0,2.0,7.0,1.0,12.0,0.0,0.0,0.0,0.0,0.0,0.0,0.0,0.0,0.0,0.0,0.0,0.0,0.0,0.0,0.0,0.0,0.0,0.0,0.0,0,0,0,0,0,0,0,0,0.0,0.0,0.0,0.0,0.0,0.0,0.0,0.0,0.0,0.0,0.0,0.0,0.0,0.0,0.0,0.0,0.0,0.0,0.0,0.0,0.0,0.0,0.0,0.0,0.0,0.0,0.0,0.0,0.0,0.0,0.0,0.0,0.0,0.0,0.0,0.0,0.0,0.0,0.0,0.0,0.0,0.0,0.0,0.0,0.0,0.0,0.0,0.0,0.0,0.0,1.0,0.0,0.0,0.0,0.0,0.0,0.0,0.0,0.0,0.0,0.0,0.0,0.0,0.0,0.0,0.0,59.0,0.0,1.0,0.0,113.92715277777778,2.0,nan,nan,nan,nan,nan,nan,none,-5.374,-0.0031,0.9399,none,0.05,0.0008,0.9881,none,-7.296,-0.0399,0.93785,none,1.958,0.0932,1,none,0,0,1,none,-6,-0.0048,1,none
05e1b828ae4badae4ae86218414e31af37667474,318da6e61d0e9b2ce1376936f8935da2ba8c665c,2025-11-12T12:33:46+01:00,ok,4.0,1207.0,86.0,3.0,3.0,0.39152582959412374,0.0,2.0,3.0,0.0,0.0,0.0,0.0,0.0,0.0,0.0,0.0,0.0,0.0,0.0,0.0,2.0,1290.0,0.0,0.0,0.0,0.0,0.0,0.0,0.0,0,0,0,0,0,0,0,0,0.0,0.0,0.0,0.0,0.0,0.0,0.0,0.0,0.0,0.0,0.0,0.0,0.0,0.0,0.0,0.0,0.0,0.0,0.0,0.0,0.0,0.0,0.0,0.0,0.0,0.0,0.0,0.0,0.0,0.0,0.0,0.0,0.0,0.0,0.0,0.0,0.0,0.0,0.0,0.0,0.0,0.0,0.0,0.0,0.0,0.0,0.0,0.0,0.0,0.0,0.0,0.0,0.0,0.0,0.0,0.0,0.0,0.0,0.0,0.0,0.0,1.0,0.0,0.0,0.0,0.0,107.0,0.0,1.0,0.0,328.9392168209876,13.0,nan,nan,nan,nan,nan,nan,none,6.062,0.0036,0.9609,none,-0.218,-0.0033,0.91515,none,1.683,0.0094,1,none,1.296,0.0731,0.99531,none,0,0,1,none,-13,-0.0102,1,none
b1b57dcc95032e157e368c3a898806f71d1ea6bb,f44e491c5d4ab4b41afc4ac0dfc1cd24296a20cb,2025-11-12T12:43:37+01:00,ok,1.0,678.0,0.0,1.0,1.0,0.0,0.0,0.0,0.0,0.0,0.0,0.0,0.0,0.0,0.0,0.0,0.0,0.0,0.0,0.0,0.0,1.0,678.0,0.0,0.0,0.0,0.0,0.0,0.0,0.0,0,0,0,0,0,0,0,0,0.0,0.0,0.0,0.0,0.0,0.0,0.0,0.0,0.0,0.0,0.0,0.0,0.0,0.0,0.0,0.0,0.0,0.0,0.0,0.0,0.0,0.0,0.0,0.0,0.0,0.0,0.0,0.0,0.0,0.0,0.0,0.0,0.0,0.0,0.0,0.0,0.0,0.0,0.0,0.0,0.0,0.0,0.0,0.0,0.0,0.0,0.0,0.0,0.0,0.0,0.0,0.0,0.0,0.0,0.0,0.0,0.0,0.0,0.0,0.0,0.0,1.0,0.0,0.0,0.0,0.0,61.0,0.0,1.0,0.0,109.97826388888889,8.0,nan,nan,nan,nan,nan,nan,none,51.423,0.0303,0.9609,none,1.247,0.0189,0.91515,none,8.853,0.0507,0.93785,none,-4.638,-0.1998,1,none,0,0,1,none,101,0.0813,1,none
60fffb15f8826324ccdbfff44896119266ad0233,d74051e878fe0cfbb73b618b02a5cbaab7528921,2025-11-12T14:44:52+01:00,ok,1.0,1.0,1.0,1.0,1.0,0.0,0.0,0.0,0.0,0.0,0.0,0.0,0.0,0.0,0.0,0.0,0.0,0.0,0.0,0.0,0.0,0.0,0.0,1.0,2.0,0.0,0.0,0.0,0.0,0.0,0,0,0,0,0,0,0,0,0.0,0.0,0.0,0.0,0.0,0.0,0.0,0.0,0.0,0.0,0.0,0.0,0.0,0.0,0.0,0.0,0.0,0.0,0.0,0.0,0.0,0.0,0.0,0.0,0.0,0.0,0.0,0.0,0.0,0.0,0.0,0.0,0.0,0.0,0.0,0.0,0.0,0.0,0.0,0.0,0.0,0.0,0.0,0.0,0.0,0.0,0.0,0.0,0.0,0.0,0.0,0.0,0.0,0.0,1.0,0.0,0.0,0.0,0.0,0.0,0.0,0.0,0.0,0.0,0.0,0.0,23.0,0.0,1.0,2861.0,0.08497685185185185,3.0,nan,nan,nan,nan,nan,nan,none,0.477,0.0003,1,none,-0.011,-0.0002,1,none,-8.262,-0.0448,0.48755,none,-3.029,-0.1499,0.99531,none,0,0,1,none,3,0.0024,1,none
0e4b9c4687d5901995e06f163109311d7b3e4824,05afcc51f9d47a87819144669f464093befe47d3,2025-11-13T17:12:37+01:00,ok,8.0,62.0,47.0,4.0,1.0,0.8974539109914207,0.0,8.0,109.0,0.0,0.0,0.0,0.0,0.0,0.0,0.0,0.0,0.0,0.0,0.0,0.0,0.0,0.0,0.0,0.0,0.0,0.0,0.0,0.0,0.0,0,0,0,0,0,0,0,0,6.0,0.0,0.0,0.0,0.0,0.0,0.0,0.0,0.0,0.0,0.0,0.0,0.0,0.0,0.0,0.0,0.0,0.0,0.0,0.0,0.0,0.0,0.0,0.0,0.0,0.0,0.0,0.0,0.0,0.0,0.0,0.0,1.0,4.0,0.0,0.0,0.0,0.0,0.0,0.0,0.0,0.0,0.0,0.0,0.0,0.0,0.0,0.0,0.0,0.0,0.0,0.0,0.0,0.0,0.0,0.0,0.0,0.0,0.0,0.0,0.0,1.0,0.0,0.0,0.0,0.0,72.0,0.0,1.0,419.0,31.326970899470897,4.0,nan,nan,nan,nan,nan,nan,none,12.115,0.0071,0.9399,none,-0.036,-0.0005,0.81373,none,-3.633,-0.0205,0.93785,none,-17.313,-0.5025,0.99531,none,0,0,1,none,35,0.0277,1,none
4cc1c095616ce54a33c8fe226a29dad55742f25f,253608727658271d4443bebd5780d90b51a5f64b,2025-11-17T13:02:15+01:00,ok,3.0,4.0,2.0,2.0,2.0,0.0,0.0,2.0,0.0,0.0,0.0,0.0,0.0,0.0,0.0,0.0,0.0,0.0,0.0,1.0,6.0,0.0,0.0,0.0,0.0,0.0,0.0,0.0,0.0,0.0,0,0,0,0,0,0,0,0,1.0,0.0,0.0,0.0,0.0,0.0,0.0,0.0,0.0,0.0,0.0,0.0,0.0,0.0,0.0,0.0,0.0,0.0,0.0,0.0,0.0,0.0,0.0,0.0,0.0,0.0,0.0,0.0,0.0,0.0,0.0,0.0,0.0,0.0,0.0,0.0,0.0,0.0,0.0,0.0,0.0,0.0,0.0,0.0,0.0,0.0,0.0,0.0,0.0,0.0,0.0,0.0,0.0,0.0,1.0,0.0,0.0,0.0,0.0,0.0,0.0,0.0,0.0,0.0,0.0,0.0,17.0,0.0,1.0,2863.0,4.838414351851852,3.0,nan,nan,nan,nan,nan,nan,none,3.881,0.0023,1,none,-0.441,-0.0067,0.97135,none,-5.67,-0.0289,0.93785,none,-2.846,-0.1279,0.99958,none,0,0,1,none,-9,-0.0071,1,none
6c3adc0e9648a40a32aef70b638080defc99a364,36574b409666ef7cb5ef26efe51c50cb88e6140b,2025-11-19T12:55:16+01:00,ok,1.0,2.0,2.0,1.0,1.0,0.0,0.0,1.0,4.0,0.0,0.0,0.0,0.0,0.0,0.0,0.0,0.0,0.0,0.0,0.0,0.0,0.0,0.0,0.0,0.0,0.0,0.0,0.0,0.0,0.0,0,0,0,0,0,0,0,0,0.0,0.0,0.0,0.0,0.0,0.0,0.0,0.0,0.0,0.0,0.0,0.0,0.0,0.0,0.0,0.0,0.0,0.0,0.0,0.0,0.0,0.0,0.0,0.0,0.0,0.0,0.0,0.0,0.0,0.0,0.0,0.0,0.0,0.0,0.0,0.0,0.0,0.0,0.0,0.0,0.0,0.0,0.0,0.0,0.0,0.0,0.0,0.0,0.0,0.0,0.0,0.0,0.0,0.0,1.0,0.0,0.0,0.0,0.0,0.0,0.0,0.0,0.0,0.0,0.0,0.0,79.0,0.0,1.0,2868.0,95.99269675925926,5.0,nan,nan,nan,nan,nan,nan,none,5.854,0.0035,0.9609,none,5.98,0.0903,0.91515,none,3.534,0.0184,0.9881,none,0.148,0.0074,1,none,0,0,1,none,18,0.0144,1,none
04d9ed24184a429fe96385e464a9b131896f0abc,bd5b91e669c716e47484d6dc22bb71875a46ff03,2025-11-22T19:48:15+01:00,ok,1.0,1.0,1.0,1.0,1.0,0.0,0.0,0.0,0.0,0.0,0.0,0.0,0.0,0.0,0.0,1.0,2.0,0.0,0.0,0.0,0.0,0.0,0.0,0.0,0.0,0.0,0.0,0.0,0.0,1.0,0,0,0,0,0,0,0,0,0.0,0.0,0.0,0.0,0.0,0.0,0.0,0.0,0.0,0.0,0.0,0.0,0.0,0.0,0.0,0.0,0.0,0.0,0.0,0.0,0.0,0.0,0.0,0.0,0.0,0.0,0.0,0.0,0.0,0.0,0.0,0.0,0.0,0.0,0.0,0.0,0.0,0.0,0.0,0.0,0.0,0.0,0.0,0.0,0.0,0.0,0.0,0.0,0.0,0.0,0.0,0.0,0.0,0.0,1.0,0.0,0.0,0.0,0.0,0.0,0.0,0.0,0.0,0.0,0.0,0.0,24.0,0.0,1.0,2873.0,0.0,0.0,nan,nan,nan,nan,nan,nan,none,-37.064,-0.0216,0.49405,none,0.878,0.0132,0.9881,none,-0.572,-0.003,1,none,0.509,0.0225,1,none,0,0,1,none,-109,-0.0815,0.94857,none
4e7bda023844b7a7b7e18a76dfc0bddb21dd330b,f86f2535616c60fddd8360b0831c5a8b58eb5280,2025-11-23T19:24:35+01:00,ok,2.0,20.0,12.0,2.0,1.0,0.6962122601251458,0.0,2.0,32.0,0.0,0.0,0.0,0.0,0.0,0.0,0.0,0.0,0.0,0.0,0.0,0.0,0.0,0.0,0.0,0.0,0.0,0.0,0.0,0.0,0.0,0,0,0,0,0,0,0,0,1.0,1.0,0.0,0.0,0.0,0.0,0.0,0.0,0.0,0.0,0.0,0.0,0.0,0.0,0.0,0.0,0.0,0.0,0.0,0.0,0.0,0.0,0.0,0.0,0.0,0.0,0.0,0.0,0.0,0.0,0.0,0.0,0.0,0.0,0.0,0.0,0.0,0.0,0.0,0.0,0.0,0.0,0.0,0.0,0.0,0.0,0.0,0.0,0.0,0.0,0.0,1.0,0.0,0.0,0.0,0.0,0.0,0.0,0.0,0.0,0.0,0.0,0.0,0.0,0.0,0.0,36.0,0.0,1.0,2877.0,0.14702546296296296,1.0,nan,nan,nan,nan,nan,nan,none,4.747,0.0028,0.99751,none,0.056,0.0008,0.97135,none,-2.03,-0.0105,1,none,0.388,0.0197,1,none,0,0,1,none,6,0.0049,1,none
f4f4057dd9d72387c54366bce9b67af58d6264e5,dfa716a41a777af8fc0016d1404e4e62e26a78b6,2025-11-23T21:40:43+01:00,ok,4.0,28.0,4.0,3.0,1.0,0.7388965194464355,0.0,3.0,13.0,0.0,0.0,0.0,0.0,0.0,0.0,1.0,19.0,0.0,0.0,0.0,0.0,0.0,0.0,0.0,0.0,0.0,0.0,0.0,0.0,0.0,0,0,0,0,0,0,0,0,0.0,0.0,0.0,0.0,0.0,0.0,0.0,0.0,0.0,0.0,0.0,0.0,0.0,0.0,0.0,0.0,0.0,0.0,0.0,0.0,0.0,0.0,0.0,0.0,0.0,0.0,0.0,0.0,0.0,0.0,0.0,0.0,0.0,0.0,0.0,0.0,0.0,0.0,0.0,0.0,0.0,0.0,0.0,0.0,0.0,0.0,0.0,0.0,0.0,0.0,0.0,1.0,0.0,0.0,0.0,0.0,0.0,0.0,0.0,0.0,0.0,0.0,0.0,0.0,0.0,0.0,34.0,0.0,1.0,2881.0,0.2415625,1.0,nan,nan,nan,nan,nan,nan,none,1.782,0.0011,0.99751,none,0.047,0.0007,0.91515,none,-0.867,-0.0045,1,none,1.095,0.0537,1,none,0,0,1,none,-83,-0.0641,1,none
43e0bc783f01ec3d64e7663ceaff919953702129,54b9220a2f5530cc4c2e19c62f4a76b6e09d7248,2025-11-25T10:37:54+01:00,ok,1.0,1.0,1.0,1.0,1.0,0.0,0.0,1.0,2.0,0.0,0.0,0.0,0.0,0.0,0.0,0.0,0.0,0.0,0.0,0.0,0.0,0.0,0.0,0.0,0.0,0.0,0.0,0.0,0.0,0.0,0,0,0,0,0,0,0,0,0.0,0.0,0.0,0.0,0.0,0.0,0.0,0.0,0.0,0.0,0.0,0.0,0.0,0.0,0.0,0.0,0.0,0.0,0.0,0.0,0.0,0.0,0.0,0.0,0.0,0.0,0.0,0.0,0.0,0.0,0.0,0.0,0.0,0.0,0.0,0.0,0.0,0.0,0.0,0.0,0.0,0.0,0.0,0.0,0.0,0.0,0.0,0.0,0.0,0.0,0.0,0.0,0.0,1.0,0.0,0.0,0.0,0.0,0.0,0.0,0.0,0.0,0.0,0.0,0.0,0.0,33.0,0.0,1.0,2887.0,0.0008101851851851852,1.0,nan,nan,nan,nan,nan,nan,none,-38.407,-0.0224,0.9399,none,-0.111,-0.0017,0.91515,none,5.288,0.0279,1,none,-16.539,-0.46,0.99531,none,0,0,1,none,-34,-0.0264,1,none
0faccf7cb1da6785dacd44f731a87e55e4a8fbf8,a552272cd4ca52f858e0cfd0600ef1854491dc1a,2025-11-26T13:17:33+01:00,ok,1.0,1.0,1.0,1.0,1.0,0.0,0.0,0.0,0.0,0.0,0.0,0.0,0.0,0.0,0.0,0.0,0.0,0.0,0.0,0.0,0.0,0.0,0.0,1.0,2.0,0.0,0.0,0.0,0.0,0.0,0,0,0,0,0,0,0,0,0.0,0.0,0.0,0.0,0.0,0.0,0.0,0.0,0.0,0.0,0.0,0.0,0.0,0.0,0.0,0.0,0.0,0.0,0.0,0.0,0.0,0.0,0.0,0.0,0.0,0.0,0.0,0.0,0.0,0.0,0.0,0.0,0.0,0.0,0.0,0.0,0.0,0.0,0.0,0.0,0.0,0.0,0.0,0.0,0.0,0.0,0.0,0.0,0.0,0.0,0.0,0.0,0.0,0.0,1.0,0.0,0.0,0.0,0.0,0.0,0.0,0.0,0.0,0.0,0.0,0.0,23.0,0.0,1.0,2892.0,6.037905092592593,2.0,nan,nan,nan,nan,nan,nan,none,2.917,0.0017,0.99751,none,0.019,0.0003,0.9881,none,1.628,0.0084,0.96339,none,-3.439,-0.1688,0.99531,none,0,0,1,none,0,0,1,none
e8339f0a1f4de6f00b21906092bbb4683ec61378,ddd5eb40d7911185138b2006c5c604823987face,2025-11-26T22:40:10+01:00,ok,3.0,33.0,0.0,3.0,3.0,0.6199536009817165,0.0,2.0,9.0,0.0,0.0,0.0,0.0,0.0,0.0,1.0,24.0,0.0,0.0,0.0,0.0,0.0,0.0,0.0,0.0,0.0,0.0,0.0,0.0,0.0,0,0,0,0,0,0,0,0,0.0,0.0,0.0,0.0,0.0,0.0,0.0,0.0,0.0,0.0,0.0,0.0,0.0,0.0,0.0,0.0,0.0,0.0,0.0,0.0,0.0,0.0,0.0,0.0,0.0,0.0,0.0,0.0,0.0,0.0,0.0,0.0,0.0,0.0,0.0,0.0,0.0,0.0,0.0,0.0,0.0,0.0,0.0,0.0,0.0,0.0,0.0,0.0,0.0,0.0,1.0,0.0,0.0,0.0,0.0,0.0,0.0,0.0,0.0,0.0,0.0,0.0,0.0,0.0,0.0,0.0,53.0,0.0,1.0,7.0,3.2072800925925926,8.0,nan,nan,nan,nan,nan,nan,none,-8.563,-0.0051,0.9609,none,-0.067,-0.001,0.9881,none,-0.628,-0.0033,1,none,-12.089,-0.3564,0.99958,none,0,0,1,none,20,0.0166,1,none
0a4043de458f238a91132863dd69dd0bf9dc8cbd,b7ddb26000783e2b139330a0a7a71f6cb09c45ec,2025-11-26T23:03:52+01:00,ok,5.0,93.0,81.0,4.0,1.0,0.6992105992565407,0.0,5.0,174.0,0.0,0.0,0.0,0.0,0.0,0.0,0.0,0.0,0.0,0.0,0.0,0.0,0.0,0.0,0.0,0.0,0.0,0.0,0.0,0.0,0.0,0,0,0,0,0,0,0,0,6.0,6.0,0.0,0.0,0.0,0.0,0.0,0.0,0.0,0.0,0.0,0.0,0.0,0.0,0.0,0.0,0.0,0.0,0.0,0.0,1.0,0.0,0.0,0.0,1.0,0.0,0.0,0.0,0.0,0.0,0.0,0.0,0.0,3.0,0.0,0.0,0.0,0.0,0.0,0.0,0.0,0.0,0.0,0.0,0.0,0.0,0.0,0.0,2.0,0.0,0.0,0.0,0.0,0.0,0.0,0.0,0.0,0.0,0.0,0.0,0.0,1.0,0.0,0.0,0.0,0.0,64.0,0.0,1.0,422.0,90.55844039351852,3.0,nan,nan,nan,nan,nan,nan,none,10.013,0.006,0.9399,none,0.016,0.0002,1,none,5.32,0.0279,1,none,-4.02,-0.184,0.99531,none,0,0,1,none,43,0.0364,0.94857,none
5f305735def6ec5fa318483751a496b9ed32a5cc,d18408700baaf2f189fa7de72060091fff0bd1ba,2025-11-27T12:48:53+01:00,ok,5.0,24.0,25.0,4.0,4.0,0.7142915283766612,0.0,0.0,0.0,0.0,0.0,2.0,26.0,0.0,0.0,1.0,3.0,0.0,0.0,0.0,0.0,0.0,0.0,1.0,2.0,1.0,18.0,0.0,0.0,0.0,0,0,0,0,0,0,1,0,0.0,0.0,0.0,0.0,0.0,0.0,0.0,0.0,0.0,0.0,0.0,0.0,0.0,0.0,0.0,0.0,0.0,0.0,0.0,0.0,0.0,0.0,0.0,0.0,0.0,0.0,0.0,0.0,0.0,0.0,0.0,0.0,0.0,0.0,0.0,0.0,0.0,0.0,0.0,0.0,0.0,0.0,0.0,0.0,0.0,0.0,0.0,0.0,0.0,0.0,0.0,0.0,0.0,0.0,1.0,0.0,0.0,0.0,0.0,0.0,0.0,0.0,0.0,0.0,0.0,0.0,30.0,0.0,1.0,2897.0,10.349556327160494,4.0,nan,nan,nan,nan,nan,nan,none,9.128,0.0055,0.99751,none,-0.055,-0.0008,0.91515,none,2.123,0.0114,1,none,-0.366,-0.0193,0.99531,none,0,0,1,none,27,0.0224,1,none
34e971bc42713fddfb75c2ff44bc119069198905,2886c72833f2cbc8d305ddfcd881d7bb3960ddaa,2025-11-28T21:43:15+01:00,ok,1.0,11.0,0.0,1.0,1.0,0.0,0.0,1.0,11.0,0.0,0.0,0.0,0.0,0.0,0.0,0.0,0.0,0.0,0.0,0.0,0.0,0.0,0.0,0.0,0.0,0.0,0.0,0.0,0.0,0.0,0,0,0,0,0,0,0,0,1.0,0.0,0.0,0.0,0.0,0.0,0.0,0.0,0.0,0.0,0.0,0.0,0.0,0.0,0.0,0.0,0.0,0.0,0.0,0.0,0.0,0.0,0.0,0.0,0.0,0.0,0.0,0.0,0.0,0.0,0.0,0.0,0.0,0.0,0.0,0.0,0.0,0.0,0.0,0.0,0.0,0.0,0.0,0.0,0.0,0.0,0.0,0.0,0.0,0.0,0.0,0.0,0.0,0.0,1.0,0.0,0.0,0.0,0.0,0.0,0.0,0.0,0.0,0.0,0.0,0.0,34.0,0.0,1.0,2903.0,1.8910416666666667,1.0,nan,nan,nan,nan,nan,nan,none,2.569,0.0015,1,none,-0.133,-0.002,0.86211,none,-0.853,-0.0045,1,none,6.527,0.3653,1,none,0,0,1,none,-38,-0.0303,1,none
ad3b7b37d154a8efe852c0b6b9cfb4e9e164dcea,8c035c1687607df7cb1b7dc530d7ed5bcd1470f3,2025-12-02T10:26:46+01:00,ok,2.0,7.0,10.0,2.0,1.0,0.7871265862012691,0.0,2.0,17.0,0.0,0.0,0.0,0.0,0.0,0.0,0.0,0.0,0.0,0.0,0.0,0.0,0.0,0.0,0.0,0.0,0.0,0.0,0.0,0.0,0.0,0,0,0,0,0,0,0,0,0.0,0.0,0.0,0.0,0.0,0.0,0.0,0.0,0.0,0.0,0.0,0.0,0.0,0.0,0.0,0.0,0.0,0.0,0.0,0.0,0.0,0.0,0.0,0.0,1.0,1.0,0.0,0.0,0.0,0.0,0.0,0.0,0.0,0.0,0.0,0.0,0.0,0.0,0.0,0.0,0.0,0.0,0.0,0.0,0.0,0.0,0.0,0.0,0.0,0.0,0.0,1.0,0.0,0.0,0.0,0.0,0.0,0.0,0.0,0.0,0.0,0.0,0.0,0.0,0.0,0.0,49.0,0.0,1.0,2908.0,8.773541666666667,1.0,nan,nan,nan,nan,nan,nan,none,10.683,0.0064,0.99751,none,-0.084,-0.0013,0.86211,none,0.73,0.0039,1,none,-21.154,-0.5223,0.99531,none,0,0,1,none,-228,-0.1544,0.94857,none
71c0f43d961fadad1d726bda3de78fce17fe884d,883d21fac69ae6c8a001d72efd9d6387cc1d028f,2025-12-03T16:35:59+01:00,ok,2.0,6.0,6.0,2.0,2.0,0.6500224216483541,0.0,0.0,0.0,0.0,0.0,0.0,0.0,0.0,0.0,0.0,0.0,0.0,0.0,0.0,0.0,0.0,0.0,1.0,2.0,1.0,10.0,0.0,0.0,0.0,0,0,1,0,0,0,0,0,0.0,0.0,0.0,0.0,0.0,0.0,0.0,0.0,0.0,0.0,0.0,0.0,0.0,0.0,0.0,0.0,0.0,0.0,0.0,0.0,0.0,0.0,0.0,0.0,0.0,0.0,0.0,0.0,0.0,0.0,0.0,0.0,0.0,0.0,0.0,0.0,0.0,0.0,0.0,0.0,0.0,0.0,0.0,0.0,0.0,0.0,0.0,0.0,0.0,0.0,0.0,0.0,0.0,0.0,0.0,0.0,1.0,0.0,0.0,0.0,0.0,0.0,0.0,0.0,0.0,1.0,69.0,0.0,1.0,50.0,9.126504629629629,3.0,nan,nan,nan,nan,nan,nan,none,15.099,0.009,0.9399,none,-0.03,-0.0005,0.91515,none,-1.203,-0.0063,0.96339,none,0.416,0.0222,1,none,0,0,1,none,54,0.0439,1,none
741ab7cb05654d6960e8d7ad550d6ed2468ce7f0,6475b421316c9bd99124e8aa8a1cc3dd7fd2c546,2025-12-04T17:16:11+01:00,ok,1.0,59.0,70.0,1.0,1.0,0.0,0.0,0.0,0.0,0.0,0.0,0.0,0.0,0.0,0.0,1.0,129.0,0.0,0.0,0.0,0.0,0.0,0.0,0.0,0.0,0.0,0.0,0.0,0.0,1.0,0,0,0,0,0,0,0,0,0.0,0.0,0.0,0.0,0.0,0.0,0.0,0.0,0.0,0.0,0.0,0.0,0.0,0.0,0.0,0.0,0.0,0.0,0.0,0.0,0.0,0.0,0.0,0.0,0.0,0.0,0.0,0.0,0.0,0.0,0.0,0.0,0.0,0.0,0.0,0.0,0.0,0.0,0.0,0.0,0.0,0.0,0.0,0.0,0.0,0.0,0.0,0.0,0.0,0.0,0.0,0.0,0.0,1.0,0.0,0.0,0.0,0.0,0.0,0.0,0.0,0.0,0.0,0.0,0.0,0.0,35.0,0.0,1.0,2913.0,0.0,0.0,nan,nan,nan,nan,nan,nan,none,7.003,0.0042,0.9399,none,-0.07,-0.0011,0.91515,none,-5.642,-0.029,0.9881,none,0.134,0.0075,0.99958,none,0,0,1,none,2,0.0016,1,none
2f9195ee561873d099fc371672388e1cde28f852,088ca5dc0d2320b683380cd19c0b3cc78a047d52,2025-12-04T19:00:03+01:00,ok,2.0,17.0,1.0,2.0,1.0,0.9182958340544896,0.0,1.0,12.0,0.0,0.0,0.0,0.0,0.0,0.0,1.0,6.0,0.0,0.0,0.0,0.0,0.0,0.0,0.0,0.0,0.0,0.0,0.0,0.0,0.0,0,0,0,0,0,0,0,0,0.0,0.0,0.0,0.0,0.0,0.0,0.0,0.0,0.0,0.0,0.0,0.0,0.0,0.0,0.0,0.0,0.0,0.0,1.0,0.0,0.0,0.0,0.0,0.0,0.0,0.0,0.0,0.0,0.0,0.0,0.0,0.0,0.0,0.0,0.0,0.0,0.0,0.0,0.0,0.0,0.0,0.0,0.0,0.0,0.0,0.0,0.0,0.0,0.0,0.0,0.0,1.0,0.0,0.0,0.0,0.0,0.0,0.0,0.0,0.0,0.0,0.0,0.0,0.0,0.0,0.0,69.0,0.0,1.0,2918.0,7.777708333333333,1.0,nan,nan,nan,nan,nan,nan,none,-15.742,-0.0093,0.9399,none,0.007,0.0001,0.97135,none,7.396,0.0389,1,none,-18.701,-0.4337,0.99958,none,0,0,1,none,-97,-0.074,0.94857,none
943c1deb9bdf33bde775e4129ea891a10bf9d4fd,12f5c5ecd063be11654fab4026a0600c7249d348,2025-12-05T19:05:32+01:00,ok,1.0,17.0,24.0,1.0,1.0,0.0,0.0,0.0,0.0,0.0,0.0,0.0,0.0,0.0,0.0,1.0,41.0,0.0,0.0,0.0,0.0,0.0,0.0,0.0,0.0,0.0,0.0,0.0,0.0,1.0,0,0,0,0,0,0,0,0,0.0,0.0,0.0,0.0,0.0,0.0,0.0,0.0,0.0,0.0,0.0,0.0,0.0,0.0,0.0,0.0,0.0,0.0,0.0,0.0,0.0,0.0,0.0,0.0,0.0,0.0,0.0,0.0,0.0,0.0,0.0,0.0,0.0,0.0,0.0,0.0,0.0,0.0,0.0,0.0,0.0,0.0,0.0,0.0,0.0,0.0,0.0,0.0,0.0,0.0,0.0,1.0,0.0,0.0,0.0,0.0,0.0,0.0,0.0,0.0,0.0,0.0,0.0,0.0,0.0,0.0,76.0,0.0,1.0,2923.0,0.0,0.0,nan,nan,nan,nan,nan,nan,none,-21.934,-0.0129,0.86458,none,-0.12,-0.0018,0.97135,none,1.935,0.0103,1,none,5.534,0.229,1,none,0,0,1,none,1,0.0008,1,none
fb9f339157f932a16d013b05d7ac912bb152d9af,713e6b2f8e282ed1d0654c244e19ba1c4becac22,2025-12-09T19:25:10+01:00,ok,1.0,2.0,0.0,1.0,1.0,0.0,0.0,1.0,2.0,0.0,0.0,0.0,0.0,0.0,0.0,0.0,0.0,0.0,0.0,0.0,0.0,0.0,0.0,0.0,0.0,0.0,0.0,0.0,0.0,0.0,0,0,0,0,0,0,0,0,0.0,0.0,0.0,0.0,0.0,0.0,0.0,0.0,0.0,0.0,0.0,0.0,0.0,0.0,0.0,0.0,0.0,0.0,0.0,0.0,0.0,0.0,0.0,0.0,0.0,0.0,2.0,0.0,0.0,0.0,0.0,0.0,0.0,0.0,0.0,0.0,0.0,0.0,0.0,0.0,0.0,0.0,0.0,0.0,0.0,0.0,0.0,0.0,0.0,0.0,0.0,0.0,0.0,0.0,1.0,0.0,0.0,0.0,0.0,0.0,0.0,0.0,0.0,0.0,0.0,0.0,23.0,0.0,1.0,2926.0,7.146087962962963,2.0,nan,nan,nan,nan,nan,nan,none,16.12,0.0097,0.99751,none,0.86,0.0132,0.81373,none,1.894,0.0101,1,none,0.863,0.0376,0.99958,none,0,0,1,none,10,0.0082,1,none
d997ae8746d2130a2084dfdb78ba5eb3dcf57c19,1d3abf3f4342bb2767c28573a9e30b19ecfdb298,2025-12-10T14:35:22+01:00,ok,3.0,31.0,2.0,3.0,3.0,0.3299626496797608,0.0,1.0,30.0,0.0,0.0,0.0,0.0,0.0,0.0,0.0,0.0,0.0,0.0,0.0,0.0,0.0,0.0,2.0,3.0,0.0,0.0,0.0,0.0,0.0,0,0,0,0,0,0,0,0,0.0,0.0,0.0,0.0,0.0,0.0,0.0,0.0,0.0,0.0,0.0,0.0,0.0,0.0,0.0,0.0,0.0,0.0,0.0,0.0,0.0,0.0,0.0,0.0,0.0,0.0,0.0,0.0,0.0,0.0,0.0,0.0,0.0,0.0,0.0,0.0,0.0,0.0,0.0,0.0,0.0,0.0,0.0,0.0,0.0,0.0,0.0,0.0,0.0,0.0,0.0,0.0,0.0,0.0,1.0,0.0,0.0,0.0,0.0,0.0,0.0,0.0,0.0,0.0,0.0,0.0,44.0,0.0,1.0,2931.0,6.097476851851852,5.0,nan,nan,nan,nan,nan,nan,none,-4.907,-0.0029,0.9399,none,0.057,0.0009,0.91515,none,1.463,0.0078,1,none,1.914,0.0759,1,none,0,0,1,none,-39,-0.0311,1,none
6d8ef91155a4b62bda70238ee85636c3beccc54e,5d3bcb7ca28b94ab52dfeeb8c79fa0520bff2737,2025-12-10T20:00:38+01:00,ok,1.0,1.0,1.0,1.0,1.0,0.0,0.0,1.0,2.0,0.0,0.0,0.0,0.0,0.0,0.0,0.0,0.0,0.0,0.0,0.0,0.0,0.0,0.0,0.0,0.0,0.0,0.0,0.0,0.0,0.0,0,0,0,0,0,0,0,0,0.0,0.0,0.0,0.0,0.0,0.0,0.0,0.0,0.0,0.0,0.0,0.0,0.0,0.0,0.0,0.0,0.0,0.0,0.0,0.0,0.0,0.0,0.0,0.0,0.0,0.0,0.0,0.0,0.0,0.0,0.0,0.0,0.0,0.0,0.0,0.0,0.0,0.0,0.0,0.0,0.0,0.0,0.0,0.0,0.0,0.0,0.0,0.0,0.0,0.0,0.0,1.0,0.0,0.0,0.0,0.0,0.0,0.0,0.0,0.0,0.0,0.0,0.0,0.0,0.0,0.0,63.0,0.0,1.0,13.0,13.819780092592593,7.0,nan,nan,nan,nan,nan,nan,none,-5.902,-0.0035,0.99751,none,4.807,0.073,0.86211,none,21.592,0.1147,0.93785,none,-9.66,-0.2599,1,none,0,0,1,none,38,0.0304,1,none
d1011bd1f53917ae9d9a513a90d4c84d0ba68136,3482242660c25a028967fdfb9e59d6e84e26542c,2025-12-10T20:53:20+01:00,ok,1.0,6.0,0.0,1.0,1.0,0.0,0.0,0.0,0.0,0.0,0.0,0.0,0.0,0.0,0.0,0.0,0.0,0.0,0.0,0.0,0.0,1.0,6.0,0.0,0.0,0.0,0.0,0.0,0.0,0.0,0,0,0,0,0,0,0,0,0.0,0.0,0.0,0.0,0.0,0.0,0.0,0.0,0.0,0.0,0.0,0.0,0.0,0.0,0.0,0.0,0.0,0.0,0.0,0.0,0.0,0.0,0.0,0.0,0.0,0.0,0.0,0.0,0.0,0.0,0.0,0.0,0.0,0.0,0.0,0.0,0.0,0.0,0.0,0.0,0.0,0.0,0.0,0.0,0.0,0.0,0.0,0.0,0.0,0.0,0.0,0.0,0.0,0.0,0.0,0.0,0.0,0.0,0.0,0.0,0.0,1.0,0.0,0.0,0.0,0.0,58.0,0.0,1.0,0.0,0.029965277777777778,18.0,nan,nan,nan,nan,nan,nan,none,-4.571,-0.0027,0.99751,none,4.662,0.0707,0.86211,none,-3.437,-0.018,1,none,2.768,0.0787,0.99531,none,0,-0.1333,1,none,-30,-0.0234,1,none
3d902bb15f826a484dc3db08bc19eb12f2c65319,38cc8e12da9934bc49b32352adf455deefae8ccb,2025-12-10T22:53:19+01:00,ok,1.0,3.0,1.0,1.0,1.0,0.0,0.0,0.0,0.0,0.0,0.0,0.0,0.0,0.0,0.0,1.0,4.0,0.0,0.0,0.0,0.0,0.0,0.0,0.0,0.0,0.0,0.0,0.0,0.0,1.0,0,0,0,0,0,0,0,0,0.0,0.0,0.0,0.0,0.0,0.0,0.0,0.0,0.0,0.0,0.0,0.0,0.0,0.0,0.0,0.0,0.0,0.0,0.0,0.0,0.0,0.0,0.0,0.0,0.0,0.0,0.0,0.0,0.0,0.0,0.0,0.0,0.0,0.0,0.0,0.0,0.0,0.0,0.0,0.0,0.0,0.0,0.0,0.0,0.0,0.0,0.0,0.0,0.0,0.0,0.0,1.0,0.0,0.0,0.0,0.0,0.0,0.0,0.0,0.0,0.0,0.0,0.0,0.0,0.0,0.0,84.0,0.0,1.0,17.0,0.0,0.0,nan,nan,nan,nan,nan,nan,none,-7.697,-0.0046,0.99751,none,0.133,0.002,0.91515,none,-1.553,-0.0082,0.93785,none,-8.443,-0.2225,0.99958,none,0,0,1,none,-100,-0.0767,1,none
c7927bcd8628e846c6db930898774f2c68b03d96,40b53c4d69ec54ce4f46a5211b4b8d60b279f17a,2025-12-11T15:40:20+01:00,ok,39.0,418.0,1752.0,15.0,2.0,0.5799994366210247,0.0,28.0,1389.0,0.0,0.0,0.0,0.0,0.0,0.0,11.0,781.0,0.0,0.0,0.0,0.0,0.0,0.0,0.0,0.0,0.0,0.0,0.0,0.0,0.0,0,0,0,0,0,0,0,0,26.0,29.0,0.0,0.0,0.0,0.0,0.0,0.0,0.0,0.0,0.0,0.0,0.0,0.0,0.0,0.0,0.0,0.0,0.0,0.0,1.0,1.0,0.0,0.0,0.0,0.0,0.0,0.0,0.0,0.0,0.0,0.0,13.0,13.0,0.0,0.0,0.0,0.0,0.0,0.0,0.0,0.0,0.0,0.0,0.0,0.0,0.0,0.0,0.0,0.0,0.0,0.0,0.0,1.0,0.0,0.0,0.0,0.0,0.0,0.0,0.0,0.0,0.0,0.0,0.0,0.0,59.0,0.0,1.0,432.0,54.38677827380952,28.0,nan,nan,nan,nan,nan,nan,none,-2.105,-0.0013,0.99751,none,-3.624,-0.0452,0.91515,none,1.726,0.0091,1,none,-11.005,-0.2471,0.99531,none,0,0,1,none,18,0.0148,1,none
b9dd15005a96972d5c3249ebcf87b1c854bdf1ee,d43fcba221d26adf335033b7e21def3eda9904a7,2025-12-11T23:44:13+01:00,ok,1.0,1.0,1.0,1.0,1.0,0.0,0.0,1.0,2.0,0.0,0.0,0.0,0.0,0.0,0.0,0.0,0.0,0.0,0.0,0.0,0.0,0.0,0.0,0.0,0.0,0.0,0.0,0.0,0.0,0.0,0,0,0,0,0,0,0,0,0.0,0.0,0.0,0.0,0.0,0.0,0.0,0.0,0.0,0.0,0.0,0.0,0.0,0.0,0.0,0.0,0.0,0.0,0.0,0.0,0.0,0.0,0.0,0.0,0.0,0.0,0.0,0.0,0.0,0.0,0.0,0.0,0.0,1.0,0.0,0.0,0.0,0.0,0.0,0.0,0.0,0.0,0.0,0.0,0.0,0.0,0.0,0.0,0.0,0.0,0.0,1.0,0.0,0.0,0.0,0.0,0.0,0.0,0.0,0.0,0.0,0.0,0.0,0.0,0.0,0.0,54.0,0.0,1.0,2942.0,14.975046296296297,1.0,nan,nan,nan,nan,nan,nan,none,0.82,0.0005,1,none,-15.882,-0.1847,1,none,-3.583,-0.0185,0.9881,none,4.822,0.1289,0.99958,none,0,0,1,none,-3,-0.0025,1,none
e0b5c465cd26c0d33b17ef9cc0f966ffba1d2baf,2b380bb931fb749c9eacf18f2eff5849990ebf89,2025-12-12T16:55:33+01:00,ok,17.0,253.0,97.0,10.0,2.0,0.7561677737395512,0.0,9.0,194.0,0.0,0.0,0.0,0.0,0.0,0.0,8.0,156.0,0.0,0.0,0.0,0.0,0.0,0.0,0.0,0.0,0.0,0.0,0.0,0.0,0.0,0,0,0,0,0,0,0,0,0.0,0.0,0.0,0.0,0.0,0.0,0.0,0.0,0.0,0.0,0.0,0.0,0.0,0.0,0.0,0.0,0.0,0.0,0.0,0.0,0.0,0.0,0.0,0.0,0.0,0.0,0.0,0.0,0.0,0.0,0.0,0.0,0.0,0.0,0.0,0.0,0.0,0.0,0.0,0.0,0.0,0.0,0.0,0.0,0.0,0.0,0.0,0.0,0.0,0.0,0.0,0.0,0.0,1.0,0.0,0.0,0.0,0.0,0.0,0.0,0.0,0.0,0.0,0.0,0.0,0.0,59.0,0.0,1.0,2944.0,0.6430928497942386,13.0,nan,nan,nan,nan,nan,nan,none,21.05,0.0126,0.9399,none,0.074,0.0011,0.97135,none,0.803,0.0042,1,none,-4.518,-0.1406,1,none,0,0,1,none,26,0.0206,1,none
331ca1a26faeb3d78f631014b027a6b2a1ead78e,b1aa14c6b75dea6df924d9f6a8230b896fa3e793,2025-12-14T00:36:27+01:00,ok,1.0,5.0,1.0,1.0,1.0,0.0,0.0,0.0,0.0,0.0,0.0,0.0,0.0,0.0,0.0,0.0,0.0,0.0,0.0,1.0,6.0,0.0,0.0,0.0,0.0,0.0,0.0,0.0,0.0,0.0,0,0,0,0,0,0,0,0,0.0,0.0,0.0,0.0,0.0,0.0,0.0,0.0,0.0,0.0,0.0,0.0,0.0,0.0,0.0,0.0,0.0,0.0,0.0,0.0,0.0,0.0,0.0,0.0,0.0,0.0,0.0,0.0,0.0,0.0,0.0,0.0,0.0,0.0,0.0,0.0,0.0,0.0,0.0,0.0,0.0,0.0,0.0,0.0,0.0,0.0,0.0,0.0,0.0,0.0,0.0,0.0,0.0,0.0,0.0,1.0,0.0,0.0,0.0,0.0,0.0,0.0,0.0,0.0,0.0,0.0,43.0,0.0,1.0,438.0,0.03388888888888889,1.0,nan,nan,nan,nan,nan,nan,none,-1.747,-0.001,0.99751,none,0.074,0.0011,0.91515,none,-7.863,-0.0436,0.93785,none,-7.765,-0.2247,0.99531,none,0,-0.1333,1,none,-72,-0.0559,1,none
469a2f6332b8a63ce2b08d4f79dabf9af03263c8,69684eddafcc15d65134caf11e09be3543bb6a2d,2025-12-14T20:22:44+01:00,ok,1.0,5.0,1.0,1.0,1.0,0.0,0.0,1.0,6.0,0.0,0.0,0.0,0.0,0.0,0.0,0.0,0.0,0.0,0.0,0.0,0.0,0.0,0.0,0.0,0.0,0.0,0.0,0.0,0.0,0.0,0,0,0,0,0,0,0,0,0.0,0.0,0.0,0.0,0.0,0.0,0.0,0.0,0.0,0.0,0.0,0.0,0.0,0.0,1.0,0.0,0.0,0.0,0.0,0.0,0.0,0.0,0.0,0.0,0.0,0.0,0.0,0.0,0.0,0.0,0.0,0.0,0.0,0.0,0.0,0.0,0.0,0.0,0.0,0.0,0.0,0.0,0.0,0.0,0.0,0.0,0.0,0.0,0.0,0.0,0.0,1.0,0.0,0.0,0.0,0.0,0.0,0.0,0.0,0.0,0.0,0.0,0.0,0.0,0.0,0.0,42.0,0.0,1.0,2948.0,0.0034027777777777776,3.0,nan,nan,nan,nan,nan,nan,none,8.566,0.0051,0.9399,none,-0.085,-0.0013,0.91515,none,0.264,0.0015,1,none,-11.05,-0.2164,0.99531,none,0,0.1539,1,none,113,0.0919,1,none
89e7e68f705d788fed7d7366c608aa436467f044,91d64dc92040b9c4b8f063033ba6a8e1efb8ab44,2025-12-15T15:23:26+01:00,ok,1.0,12.0,4.0,1.0,1.0,0.0,0.0,1.0,16.0,0.0,0.0,0.0,0.0,0.0,0.0,0.0,0.0,0.0,0.0,0.0,0.0,0.0,0.0,0.0,0.0,0.0,0.0,0.0,0.0,0.0,0,0,0,0,0,0,0,0,0.0,0.0,0.0,0.0,0.0,0.0,0.0,0.0,0.0,0.0,0.0,0.0,0.0,0.0,0.0,0.0,0.0,0.0,0.0,0.0,0.0,0.0,0.0,0.0,0.0,0.0,0.0,0.0,0.0,0.0,0.0,0.0,0.0,0.0,0.0,0.0,0.0,0.0,0.0,0.0,0.0,0.0,0.0,0.0,0.0,0.0,0.0,0.0,0.0,0.0,0.0,1.0,0.0,0.0,0.0,0.0,0.0,0.0,0.0,0.0,0.0,0.0,0.0,0.0,0.0,0.0,56.0,0.0,1.0,2950.0,0.7856828703703703,2.0,nan,nan,nan,nan,nan,nan,none,25.282,0.0152,0.79048,none,-0.004,-0.0001,1,none,9.889,0.0526,1,none,-8.012,-0.2194,0.99531,none,0,-0.1333,1,none,36,0.0302,1,none
36b59ae8eefd155c7fd31afefaf9285b62ccebc1,65aadb7e89c65ede641cde472c6140697a70bfdb,2025-12-16T12:30:25+01:00,ok,3.0,38.0,3.0,3.0,1.0,0.46372916159332606,0.0,2.0,39.0,0.0,0.0,1.0,2.0,0.0,0.0,0.0,0.0,0.0,0.0,0.0,0.0,0.0,0.0,0.0,0.0,0.0,0.0,0.0,0.0,0.0,0,0,0,0,0,0,0,0,1.0,1.0,0.0,0.0,0.0,0.0,0.0,0.0,0.0,0.0,0.0,0.0,0.0,0.0,0.0,0.0,0.0,0.0,0.0,0.0,0.0,0.0,0.0,0.0,2.0,0.0,2.0,0.0,0.0,0.0,0.0,0.0,0.0,0.0,0.0,0.0,0.0,0.0,0.0,0.0,0.0,0.0,0.0,0.0,0.0,0.0,0.0,0.0,0.0,0.0,0.0,0.0,0.0,0.0,0.0,0.0,0.0,0.0,0.0,0.0,0.0,1.0,0.0,0.0,0.0,0.0,72.0,0.0,1.0,440.0,4.256118827160494,8.0,nan,nan,nan,nan,nan,nan,none,-4.654,-0.0028,0.99751,none,-0.491,-0.0074,0.86211,none,2.5,0.0125,1,none,-10.791,-0.2897,0.53795,none,0,0,1,none,-32,-0.0259,1,none
97b9085f7e252a080b950aff7979d9c58fa886ce,96169a149ee47db36aa11b66eca1f272877feab4,2025-12-17T19:19:43+01:00,ok,1.0,8.0,5.0,1.0,1.0,0.0,0.0,1.0,13.0,0.0,0.0,0.0,0.0,0.0,0.0,0.0,0.0,0.0,0.0,0.0,0.0,0.0,0.0,0.0,0.0,0.0,0.0,0.0,0.0,0.0,0,0,0,0,0,0,0,0,1.0,0.0,0.0,0.0,0.0,0.0,0.0,0.0,0.0,0.0,0.0,0.0,1.0,0.0,0.0,0.0,0.0,0.0,0.0,0.0,0.0,0.0,0.0,0.0,0.0,0.0,0.0,0.0,0.0,0.0,0.0,0.0,0.0,0.0,0.0,0.0,0.0,0.0,0.0,0.0,0.0,0.0,0.0,0.0,0.0,0.0,0.0,0.0,0.0,0.0,0.0,0.0,0.0,1.0,0.0,0.0,0.0,0.0,0.0,0.0,0.0,0.0,0.0,0.0,0.0,0.0,86.0,0.0,1.0,0.0,277.3229398148148,4.0,nan,nan,nan,nan,nan,nan,none,12.473,0.0075,0.99751,none,-0.066,-0.001,1,none,0,0,1,none,8.581,0.3012,1,none,0,0,1,none,39,0.0321,1,none
d6a6dad5528abdabb06f7a8949d57f0510d1635c,c222098a05f1155e37a073e71c4f5a066ebdc7fb,2025-12-18T09:51:07+01:00,ok,1.0,9.0,8.0,1.0,1.0,0.0,0.0,0.0,0.0,0.0,0.0,0.0,0.0,0.0,0.0,1.0,17.0,0.0,0.0,0.0,0.0,0.0,0.0,0.0,0.0,0.0,0.0,0.0,0.0,1.0,0,0,0,0,0,0,0,0,0.0,0.0,0.0,0.0,0.0,0.0,0.0,0.0,0.0,0.0,0.0,0.0,0.0,0.0,0.0,0.0,0.0,0.0,0.0,0.0,0.0,0.0,0.0,0.0,0.0,0.0,0.0,0.0,0.0,0.0,0.0,0.0,0.0,0.0,0.0,0.0,0.0,0.0,0.0,0.0,0.0,0.0,0.0,0.0,0.0,0.0,0.0,0.0,0.0,0.0,0.0,0.0,0.0,1.0,0.0,0.0,0.0,0.0,0.0,0.0,0.0,0.0,0.0,0.0,0.0,0.0,83.0,0.0,1.0,1.0,0.0,0.0,nan,nan,nan,nan,nan,nan,none,-4.814,-0.0029,1,none,-1.584,-0.0234,0.97135,none,0,0,1,none,3.168,0.1026,0.99531,none,0,0,1,none,-68,-0.0527,1,none
8a2a3e4d233c9be3f6611ee982cf18ae501b5509,484ab1bd5f1f7c598bd615da316567e5ca99174b,2025-12-18T19:27:24+01:00,ok,25.0,227.0,109.0,10.0,2.0,0.7583588133450226,0.0,23.0,328.0,1.0,6.0,0.0,0.0,0.0,0.0,1.0,2.0,0.0,0.0,0.0,0.0,0.0,0.0,0.0,0.0,0.0,0.0,0.0,0.0,0.0,0,0,0,0,0,0,0,0,2.0,1.0,0.0,0.0,0.0,0.0,0.0,0.0,0.0,0.0,0.0,0.0,0.0,0.0,0.0,0.0,0.0,0.0,0.0,0.0,1.0,0.0,0.0,0.0,1.0,0.0,0.0,0.0,0.0,0.0,0.0,0.0,8.0,3.0,1.0,0.0,0.0,0.0,0.0,0.0,0.0,0.0,0.0,0.0,1.0,2.0,0.0,0.0,0.0,0.0,0.0,0.0,0.0,0.0,0.0,0.0,0.0,0.0,0.0,0.0,0.0,1.0,0.0,0.0,0.0,0.0,64.0,0.0,1.0,442.0,13.59382667824074,16.0,nan,nan,nan,nan,nan,nan,none,4.494,0.0027,0.99751,none,-17.008,-0.2049,0.91515,none,-7.3,-0.0333,0.96339,none,-1.797,-0.0533,1,none,0,0,1,none,-101,-0.0764,0.94857,none
47712857f9eb37cffae8f22fcaaf81511bb14148,65e490c96160ea33bddbf5be443a4fd364e94f59,2025-12-19T19:42:51+01:00,ok,1.0,1.0,1.0,1.0,1.0,0.0,0.0,0.0,0.0,0.0,0.0,1.0,2.0,0.0,0.0,0.0,0.0,0.0,0.0,0.0,0.0,0.0,0.0,0.0,0.0,0.0,0.0,0.0,0.0,0.0,0,0,0,0,0,0,0,0,0.0,0.0,0.0,0.0,0.0,0.0,0.0,0.0,0.0,0.0,0.0,0.0,0.0,0.0,0.0,0.0,0.0,0.0,0.0,0.0,0.0,0.0,0.0,0.0,0.0,0.0,0.0,0.0,0.0,0.0,0.0,0.0,0.0,0.0,0.0,0.0,0.0,0.0,0.0,0.0,0.0,0.0,0.0,0.0,0.0,0.0,0.0,0.0,0.0,0.0,0.0,1.0,0.0,0.0,0.0,0.0,0.0,0.0,0.0,0.0,0.0,0.0,0.0,0.0,0.0,0.0,76.0,0.0,1.0,26.0,9.099293981481482,6.0,nan,nan,nan,nan,nan,nan,none,28.518,0.017,0.86458,none,2.743,0.0415,0.91515,none,-27,-0.1017,0.93785,none,-1.034,-0.0139,0.99958,none,0,0,1,none,54,0.0398,1,none
bd3cd75c9470161bd813010c2367f64c69ca2a61,1e2109bf6088adc0638232bfd6d5132d62d2ac9d,2025-12-20T13:41:11+01:00,ok,11.0,387.0,92.0,6.0,7.0,0.6736892014773451,0.0,2.0,86.0,0.0,0.0,0.0,0.0,0.0,0.0,4.0,162.0,0.0,0.0,2.0,73.0,1.0,1.0,1.0,2.0,1.0,155.0,0.0,0.0,0.0,0,0,0,0,2,0,0,0,1.0,1.0,0.0,0.0,0.0,0.0,0.0,0.0,0.0,0.0,0.0,0.0,0.0,0.0,0.0,0.0,0.0,0.0,1.0,0.0,0.0,0.0,0.0,0.0,0.0,0.0,0.0,0.0,0.0,0.0,0.0,0.0,0.0,0.0,0.0,0.0,0.0,0.0,0.0,0.0,0.0,0.0,0.0,0.0,0.0,0.0,0.0,0.0,0.0,0.0,0.0,0.0,0.0,1.0,0.0,0.0,0.0,0.0,0.0,0.0,0.0,0.0,0.0,0.0,0.0,0.0,110.0,0.0,2.0,445.0,6.851369598765431,3.0,nan,nan,nan,nan,nan,nan,none,-13.608,-0.0069,0.99751,none,10.472,0.1558,1,none,-26.344,-0.1207,1,none,5.19,0.111,0.99531,none,0,0,1,none,-19,-0.0149,1,none
5f506281102e11a2e22a872ef6e38ea66b6a1114,2cba7576bd3ef37283fd01889c76122f865fa66a,2025-12-20T18:09:49+01:00,ok,1.0,0.0,5.0,1.0,1.0,0.0,0.0,0.0,0.0,0.0,0.0,0.0,0.0,0.0,0.0,1.0,5.0,0.0,0.0,0.0,0.0,0.0,0.0,0.0,0.0,0.0,0.0,0.0,0.0,1.0,0,0,0,0,0,0,0,0,0.0,0.0,0.0,0.0,0.0,0.0,0.0,0.0,0.0,0.0,0.0,0.0,0.0,0.0,0.0,0.0,0.0,0.0,0.0,0.0,0.0,0.0,0.0,0.0,0.0,0.0,0.0,0.0,0.0,0.0,0.0,0.0,0.0,0.0,0.0,0.0,0.0,0.0,0.0,0.0,0.0,0.0,0.0,0.0,0.0,0.0,0.0,0.0,0.0,0.0,0.0,0.0,0.0,0.0,1.0,0.0,0.0,0.0,0.0,0.0,0.0,0.0,0.0,0.0,0.0,0.0,30.0,0.0,1.0,2966.0,0.0,0.0,nan,nan,nan,nan,nan,nan,none,15.453,0.0079,0.99751,none,-0.212,-0.0032,0.91515,none,0.579,0.0026,1,none,-8.96,-0.1997,0.99531,none,0,-0.1333,1,none,-83,-0.0622,1,none
ef5ef0c4273e41b9cb6f8eaf46a53022f0fc97bb,d11bdaa710328dc52bab918a87ed30dd3f90c0ed,2025-12-21T10:54:24+01:00,ok,1.0,12.0,0.0,1.0,1.0,0.0,0.0,1.0,12.0,0.0,0.0,0.0,0.0,0.0,0.0,0.0,0.0,0.0,0.0,0.0,0.0,0.0,0.0,0.0,0.0,0.0,0.0,0.0,0.0,0.0,0,0,0,0,0,0,0,0,1.0,0.0,0.0,0.0,0.0,0.0,0.0,0.0,0.0,0.0,0.0,0.0,0.0,0.0,0.0,0.0,0.0,0.0,0.0,0.0,0.0,0.0,0.0,0.0,0.0,0.0,0.0,0.0,0.0,0.0,0.0,0.0,0.0,0.0,0.0,0.0,0.0,0.0,0.0,0.0,0.0,0.0,0.0,0.0,1.0,0.0,0.0,0.0,0.0,0.0,1.0,0.0,0.0,0.0,0.0,0.0,0.0,0.0,0.0,0.0,0.0,0.0,0.0,0.0,0.0,0.0,49.0,0.0,1.0,447.0,9.801435185185186,3.0,nan,nan,nan,nan,nan,nan,none,6.005,0.0031,0.99751,none,-0.024,-0.0004,0.97135,none,3.69,0.0162,1,none,2.227,0.0476,1,none,0,0,1,none,-26,-0.0194,1,none
765ca9569feee597d0d42c7ef809349e460fdaad,5d169e933a43f96c07a4d526ebaaa6427c678c62,2025-12-22T22:44:52+01:00,ok,3.0,10.0,4.0,2.0,1.0,0.8699155297736259,0.0,3.0,14.0,0.0,0.0,0.0,0.0,0.0,0.0,0.0,0.0,0.0,0.0,0.0,0.0,0.0,0.0,0.0,0.0,0.0,0.0,0.0,0.0,0.0,0,0,0,0,0,0,0,0,0.0,0.0,0.0,0.0,0.0,0.0,0.0,0.0,0.0,0.0,0.0,0.0,0.0,0.0,0.0,0.0,0.0,0.0,0.0,0.0,0.0,0.0,0.0,0.0,0.0,0.0,0.0,0.0,0.0,0.0,0.0,0.0,1.0,1.0,0.0,0.0,0.0,0.0,0.0,0.0,0.0,0.0,0.0,0.0,0.0,0.0,0.0,0.0,0.0,0.0,0.0,0.0,0.0,1.0,0.0,0.0,0.0,0.0,0.0,0.0,0.0,0.0,0.0,0.0,0.0,0.0,50.0,0.0,1.0,2973.0,7.295860339506173,7.0,nan,nan,nan,nan,nan,nan,none,15.027,0.0077,0.99751,none,-2.368,-0.0345,0.91515,none,4.883,0.021,1,none,-8.232,-0.1786,0.99531,none,0,0,1,none,-58,-0.0438,0.94857,none
f5054e65d38f9bacd5403754d6d7b4e56c06cab2,a51424a0581c66a5d70db126ea25e5f2ffe0da2c,2026-01-03T22:31:51+01:00,ok,7.0,20.0,14.0,5.0,3.0,0.8654091092186412,0.0,4.0,16.0,0.0,0.0,0.0,0.0,0.0,0.0,3.0,18.0,0.0,0.0,0.0,0.0,0.0,0.0,0.0,0.0,0.0,0.0,0.0,0.0,0.0,0,0,0,0,0,0,0,0,3.0,1.0,0.0,0.0,0.0,0.0,0.0,0.0,0.0,0.0,0.0,0.0,0.0,0.0,0.0,0.0,0.0,0.0,0.0,0.0,0.0,0.0,0.0,0.0,0.0,0.0,0.0,0.0,0.0,0.0,0.0,0.0,0.0,0.0,0.0,0.0,0.0,0.0,0.0,0.0,0.0,0.0,0.0,0.0,0.0,0.0,0.0,0.0,0.0,0.0,0.0,0.0,0.0,1.0,0.0,0.0,0.0,0.0,0.0,0.0,0.0,0.0,0.0,0.0,0.0,0.0,51.0,0.0,1.0,2978.0,44.688793402777776,4.0,nan,nan,nan,nan,nan,nan,none,15.282,0.0078,1,none,-7.783,-0.1054,0.81373,none,-10.18,-0.0399,0.99666,none,-14.392,-0.2535,0.99531,none,0,0,1,none,-41,-0.031,1,none
332b908330786bf43c2a4672aeaf8c86357621e3,38771f652d93dc319f2c7756b483f9a45e66616e,2026-01-05T15:08:26+01:00,ok,5.0,57.0,39.0,4.0,2.0,0.671838107489237,0.0,2.0,32.0,1.0,8.0,0.0,0.0,0.0,0.0,2.0,56.0,0.0,0.0,0.0,0.0,0.0,0.0,0.0,0.0,0.0,0.0,0.0,0.0,0.0,0,0,0,0,0,0,0,0,0.0,0.0,0.0,0.0,0.0,0.0,0.0,0.0,0.0,0.0,0.0,0.0,0.0,0.0,0.0,0.0,0.0,0.0,0.0,0.0,0.0,0.0,0.0,0.0,0.0,0.0,0.0,0.0,0.0,0.0,0.0,0.0,0.0,0.0,0.0,0.0,0.0,0.0,0.0,0.0,0.0,0.0,0.0,0.0,0.0,0.0,0.0,0.0,0.0,0.0,0.0,1.0,0.0,0.0,0.0,0.0,0.0,0.0,0.0,0.0,0.0,0.0,0.0,0.0,0.0,0.0,88.0,0.0,1.0,29.0,21.48226851851852,9.0,nan,nan,nan,nan,nan,nan,none,-4.717,-0.0019,1,none,6.055,0.0785,0.86211,none,18.114,0.0535,1,none,4.456,0.0408,0.99531,none,0,0,1,none,16,0.0164,1,none
ace96b3a6145a00f07b3a09bb7da5bb0a8651055,2dc99e9e7047f610c9cd942fd10cd7ab75f640e9,2026-01-06T15:30:37+01:00,ok,4.0,15.0,12.0,2.0,2.0,0.8412501702815549,0.0,0.0,0.0,0.0,0.0,0.0,0.0,0.0,0.0,4.0,27.0,0.0,0.0,0.0,0.0,0.0,0.0,0.0,0.0,0.0,0.0,0.0,0.0,1.0,0,0,0,0,0,0,0,0,0.0,0.0,0.0,0.0,0.0,0.0,0.0,0.0,0.0,0.0,0.0,0.0,0.0,0.0,0.0,0.0,0.0,0.0,0.0,0.0,0.0,0.0,0.0,0.0,0.0,0.0,0.0,0.0,0.0,0.0,0.0,0.0,0.0,0.0,0.0,0.0,0.0,0.0,0.0,0.0,0.0,0.0,0.0,0.0,0.0,0.0,0.0,0.0,0.0,0.0,0.0,0.0,0.0,0.0,0.0,0.0,0.0,0.0,0.0,0.0,0.0,1.0,0.0,0.0,0.0,0.0,93.0,0.0,2.0,31.0,0.0,0.0,nan,nan,nan,nan,nan,nan,none,68.456,0.0277,0.9399,none,-9.822,-0.121,0.86211,none,0.801,0.0022,1,none,4.633,0.0396,0.99531,none,0,0,1,none,21,0.0208,1,none
8c9ca7de1ce3faebb6931ca5e7177e2178e08990,fe2f151072c9ad52a648a78c86ba4cc6090b6846,2026-01-06T16:00:04+01:00,ok,3.0,52.0,54.0,3.0,1.0,0.23078903978940363,0.0,2.0,6.0,0.0,0.0,1.0,100.0,0.0,0.0,0.0,0.0,0.0,0.0,0.0,0.0,0.0,0.0,0.0,0.0,0.0,0.0,0.0,0.0,0.0,0,0,0,0,0,0,0,0,1.0,1.0,0.0,0.0,0.0,0.0,0.0,0.0,0.0,0.0,0.0,0.0,0.0,2.0,0.0,0.0,0.0,0.0,0.0,0.0,0.0,0.0,0.0,0.0,0.0,1.0,0.0,0.0,0.0,0.0,0.0,0.0,0.0,0.0,0.0,0.0,0.0,0.0,0.0,0.0,0.0,0.0,0.0,0.0,0.0,0.0,0.0,0.0,0.0,0.0,0.0,0.0,0.0,1.0,0.0,0.0,0.0,0.0,0.0,0.0,0.0,0.0,0.0,0.0,0.0,0.0,65.0,0.0,1.0,33.0,20.182820216049382,4.0,nan,nan,nan,nan,nan,nan,none,-20.399,-0.0082,0.99751,none,17.277,0.2182,0.91515,none,-26.765,-0.0757,0.96339,none,0.422,0.0043,1,none,0,0,1,none,-47,-0.0475,0.94857,none
4da82d0f2b7bccedfcbc45ff3d74ee6bd000edb9,0c168af84157ee7fea66fb331c44ffad6325d243,2026-01-06T16:42:02+01:00,ok,4.0,37.0,14.0,4.0,4.0,0.7066118773693397,0.0,2.0,11.0,0.0,0.0,0.0,0.0,0.0,0.0,1.0,32.0,0.0,0.0,0.0,0.0,1.0,8.0,0.0,0.0,0.0,0.0,0.0,0.0,0.0,0,0,0,0,0,0,0,0,0.0,0.0,0.0,0.0,0.0,0.0,0.0,0.0,0.0,0.0,0.0,0.0,0.0,0.0,0.0,0.0,0.0,0.0,0.0,0.0,0.0,0.0,0.0,0.0,0.0,0.0,0.0,0.0,0.0,0.0,0.0,0.0,0.0,0.0,0.0,0.0,0.0,0.0,0.0,0.0,0.0,0.0,0.0,0.0,0.0,0.0,0.0,0.0,0.0,0.0,1.0,0.0,0.0,0.0,0.0,0.0,0.0,0.0,0.0,0.0,0.0,0.0,0.0,0.0,0.0,0.0,88.0,0.0,1.0,0.0,21.254984567901236,17.0,nan,nan,nan,nan,nan,nan,none,43.737,0.0175,0.49405,none,3.91,0.0551,0.97135,none,33.5,0.0942,0.81773,none,-3.824,-0.0489,0.99531,none,0,0,1,none,22,0.0217,0.94857,none
33d56058707465307ec2288fa1023848e4c87e50,a7d8bd23d8d3fb59a624028e99a7afd48ca70bad,2026-01-07T11:54:24+01:00,ok,1.0,9.0,8.0,1.0,1.0,0.0,0.0,1.0,17.0,0.0,0.0,0.0,0.0,0.0,0.0,0.0,0.0,0.0,0.0,0.0,0.0,0.0,0.0,0.0,0.0,0.0,0.0,0.0,0.0,0.0,0,0,0,0,0,0,0,0,1.0,1.0,0.0,0.0,0.0,0.0,0.0,0.0,0.0,0.0,0.0,0.0,0.0,0.0,0.0,0.0,0.0,0.0,0.0,0.0,0.0,0.0,0.0,0.0,0.0,2.0,0.0,0.0,0.0,0.0,0.0,0.0,0.0,0.0,0.0,0.0,0.0,0.0,0.0,0.0,0.0,0.0,0.0,0.0,0.0,0.0,0.0,0.0,0.0,0.0,0.0,0.0,0.0,1.0,0.0,0.0,0.0,0.0,0.0,0.0,0.0,0.0,0.0,0.0,0.0,0.0,63.0,0.0,1.0,1.0,22.568148148148147,2.0,nan,nan,nan,nan,nan,nan,none,-2.678,-0.0011,0.99751,none,12.879,0.1893,0.81373,none,-0.5,-0.0015,1,none,-6.509,-0.0903,1,none,0,0,1,none,12,0.0125,1,none
5e70e3398cbab83a1b1f33fc3465ceca1104778a,c1c6c7dac0cd23b0a1d17959a6a578d0246c4aff,2026-01-07T21:47:05+01:00,ok,1.0,88.0,54.0,1.0,1.0,0.0,0.0,0.0,0.0,0.0,0.0,0.0,0.0,0.0,0.0,1.0,142.0,0.0,0.0,0.0,0.0,0.0,0.0,0.0,0.0,0.0,0.0,0.0,0.0,1.0,0,0,0,0,0,0,0,0,0.0,0.0,0.0,0.0,0.0,0.0,0.0,0.0,0.0,0.0,0.0,0.0,0.0,0.0,0.0,0.0,0.0,0.0,0.0,0.0,0.0,0.0,0.0,0.0,0.0,0.0,0.0,0.0,0.0,0.0,0.0,0.0,0.0,0.0,0.0,0.0,0.0,0.0,0.0,0.0,0.0,0.0,0.0,0.0,0.0,0.0,0.0,0.0,0.0,0.0,0.0,0.0,0.0,0.0,0.0,0.0,0.0,0.0,0.0,0.0,0.0,1.0,0.0,0.0,0.0,0.0,75.0,0.0,1.0,2989.0,0.0,0.0,nan,nan,nan,nan,nan,nan,none,43.63,0.0174,0.86458,none,1.918,0.0251,0.97135,none,30.5,0.0793,0.69167,none,1.226,0.0117,1,none,0,0,1,none,45,0.0439,0.94857,none
f3fa9646d939d04ad13d53d2ab50ac7bfed61163,3e02ae8385d51167a09e168fcb5c51ba83d58e58,2026-01-10T22:21:13+01:00,ok,3.0,3.0,3.0,3.0,3.0,1.0,0.0,1.0,2.0,0.0,0.0,1.0,2.0,0.0,0.0,1.0,2.0,0.0,0.0,0.0,0.0,0.0,0.0,0.0,0.0,0.0,0.0,0.0,0.0,0.0,0,0,0,0,0,0,0,0,0.0,0.0,0.0,0.0,0.0,0.0,0.0,0.0,0.0,0.0,0.0,0.0,0.0,0.0,0.0,0.0,0.0,0.0,0.0,0.0,0.0,0.0,0.0,0.0,0.0,0.0,0.0,0.0,0.0,0.0,0.0,0.0,0.0,0.0,0.0,0.0,0.0,0.0,0.0,0.0,0.0,0.0,0.0,0.0,0.0,0.0,0.0,0.0,0.0,0.0,0.0,0.0,0.0,0.0,0.0,0.0,0.0,0.0,1.0,0.0,0.0,0.0,0.0,0.0,0.0,0.0,71.0,0.0,2.0,0.0,22.202262731481483,4.0,nan,nan,nan,nan,nan,nan,none,-25.844,-0.0101,0.99751,none,2.601,0.0353,1,none,-56.978,-0.135,0.93785,none,32.345,0.3721,0.99531,none,0,0,1,none,-40,-0.0382,1,none
9799c38698e777fe863f7e3fe55eb08374398bc7,21b0975066bab52d03f7e21532852f1230f9bc59,2026-01-11T15:13:47+01:00,ok,24.0,82.0,101.0,12.0,2.0,0.8886122283178912,0.0,19.0,108.0,0.0,0.0,0.0,0.0,0.0,0.0,5.0,75.0,0.0,0.0,0.0,0.0,0.0,0.0,0.0,0.0,0.0,0.0,0.0,0.0,0.0,0,0,0,0,0,0,0,0,18.0,18.0,0.0,0.0,0.0,0.0,0.0,0.0,0.0,0.0,0.0,0.0,0.0,0.0,0.0,0.0,0.0,0.0,0.0,0.0,0.0,0.0,0.0,0.0,0.0,0.0,0.0,0.0,0.0,0.0,0.0,0.0,0.0,0.0,0.0,0.0,0.0,0.0,0.0,0.0,0.0,0.0,0.0,0.0,0.0,0.0,0.0,0.0,0.0,0.0,0.0,0.0,0.0,1.0,0.0,0.0,0.0,0.0,0.0,0.0,0.0,0.0,0.0,0.0,0.0,0.0,59.0,0.0,1.0,2992.0,44.79158179012345,17.0,nan,nan,nan,nan,nan,nan,none,112.05,0.0603,0.99751,none,-0.136,-0.0021,0.86211,none,-15.576,-0.0699,0.99457,none,9.325,0.2053,0.99531,none,0,0,1,none,-31,-0.0239,1,none
12e0035bfd89173a31c3229835b044995571d11b,2beb0534b3692637c6c6d8b219c0a23ee51419e0,2026-01-13T09:54:42+01:00,ok,7.0,47.0,48.0,5.0,1.0,0.9081827799343568,0.0,2.0,8.0,1.0,17.0,4.0,70.0,0.0,0.0,0.0,0.0,0.0,0.0,0.0,0.0,0.0,0.0,0.0,0.0,0.0,0.0,0.0,0.0,0.0,0,0,0,0,0,0,0,0,0.0,0.0,0.0,0.0,0.0,0.0,0.0,0.0,0.0,0.0,0.0,0.0,0.0,0.0,0.0,0.0,0.0,0.0,0.0,0.0,0.0,0.0,0.0,0.0,0.0,0.0,0.0,0.0,0.0,0.0,0.0,0.0,0.0,0.0,0.0,0.0,0.0,0.0,0.0,0.0,0.0,0.0,0.0,0.0,1.0,4.0,0.0,0.0,0.0,0.0,0.0,0.0,0.0,1.0,0.0,0.0,0.0,0.0,0.0,0.0,0.0,0.0,0.0,0.0,0.0,0.0,54.0,0.0,1.0,2996.0,22.477251984126987,16.0,nan,nan,nan,nan,nan,nan,none,-23.129,-0.0117,1,none,-0.767,-0.0107,0.91515,none,9.5,0.0409,1,none,36.632,1.2234,1,none,0,0,1,none,-2,-0.0016,1,none
68fe2caf83cb26557bd981a6fd98bcbbf1d0ce5b,560768eb38db38e8597056a42e54cb4e74afb935,2026-01-13T17:24:42+01:00,ok,1.0,3.0,1.0,1.0,1.0,0.0,0.0,1.0,4.0,0.0,0.0,0.0,0.0,0.0,0.0,0.0,0.0,0.0,0.0,0.0,0.0,0.0,0.0,0.0,0.0,0.0,0.0,0.0,0.0,0.0,0,0,0,0,0,0,0,0,1.0,1.0,0.0,0.0,0.0,0.0,0.0,0.0,0.0,0.0,0.0,0.0,0.0,0.0,0.0,0.0,0.0,0.0,0.0,0.0,0.0,0.0,0.0,0.0,0.0,0.0,0.0,0.0,0.0,0.0,0.0,0.0,0.0,0.0,0.0,0.0,0.0,0.0,0.0,0.0,0.0,0.0,0.0,0.0,0.0,0.0,0.0,0.0,0.0,0.0,0.0,0.0,0.0,0.0,1.0,0.0,0.0,0.0,0.0,0.0,0.0,0.0,0.0,0.0,0.0,0.0,39.0,0.0,1.0,2998.0,1.7977777777777777,1.0,nan,nan,nan,nan,nan,nan,none,13.367,0.0069,0.99751,none,0.152,0.0023,0.86211,none,5.781,0.0266,1,none,4.081,0.0728,1,none,0,0,1,none,2,0.0015,1,none
9fadc4a493226b2941ad47a0e140672140dbcff4,c3b5863aa5ece1a93f65c13fbaa76b95f1cabb5b,2026-01-13T22:06:22+01:00,ok,15.0,36.0,40.0,5.0,1.0,0.9615279489731308,0.0,15.0,76.0,0.0,0.0,0.0,0.0,0.0,0.0,0.0,0.0,0.0,0.0,0.0,0.0,0.0,0.0,0.0,0.0,0.0,0.0,0.0,0.0,0.0,0,0,0,0,0,0,0,0,13.0,13.0,0.0,0.0,0.0,0.0,0.0,0.0,0.0,0.0,0.0,0.0,0.0,1.0,0.0,0.0,0.0,0.0,0.0,0.0,0.0,0.0,0.0,0.0,0.0,0.0,0.0,0.0,0.0,0.0,0.0,0.0,0.0,0.0,0.0,0.0,0.0,0.0,0.0,0.0,0.0,0.0,0.0,0.0,0.0,0.0,0.0,0.0,0.0,0.0,0.0,1.0,0.0,0.0,0.0,0.0,0.0,0.0,0.0,0.0,0.0,0.0,0.0,0.0,0.0,0.0,57.0,0.0,1.0,455.0,55.044138888888895,13.0,nan,nan,nan,nan,nan,nan,none,-12.506,-0.0066,0.86458,none,11.658,0.1691,0.91515,none,16.016,0.0881,1,none,7.199,0.2576,1,none,0,0,1,none,4,0.0034,1,none
6c92206acef2f6093a3bbf981832ccd52a056202,3534f8fc3131389aacf3193a0ccfd477cc806367,2026-01-14T16:19:51+01:00,ok,40.0,1007.0,754.0,14.0,3.0,0.8734134684652377,0.0,23.0,958.0,12.0,379.0,3.0,233.0,0.0,0.0,2.0,191.0,0.0,0.0,0.0,0.0,0.0,0.0,0.0,0.0,0.0,0.0,0.0,0.0,0.0,0,0,0,0,0,0,0,0,43.0,21.0,0.0,0.0,0.0,0.0,0.0,0.0,0.0,0.0,0.0,0.0,6.0,1.0,0.0,0.0,0.0,0.0,1.0,0.0,0.0,0.0,0.0,0.0,0.0,3.0,0.0,4.0,0.0,0.0,0.0,0.0,2.0,4.0,0.0,0.0,0.0,0.0,0.0,0.0,0.0,0.0,0.0,0.0,48.0,36.0,4.0,2.0,0.0,0.0,0.0,0.0,0.0,1.0,0.0,0.0,0.0,0.0,0.0,0.0,0.0,0.0,0.0,0.0,0.0,0.0,66.0,0.0,1.0,459.0,11.458033050411522,17.0,nan,nan,nan,nan,nan,nan,improvement,-248.312,-0.1294,0,improvement,0.037,0.0006,0.9881,none,-6.762,-0.037,0.96339,none,1.287,0.0558,0.99531,none,0,0,1,none,0,0,1,none
a795b9dab30893ae4fcabcd97704622ca4045d91,c31dd1e05f23d10ed80f072f6f32acf3d033df0e,2026-01-14T22:08:54+01:00,ok,25.0,948.0,871.0,10.0,1.0,0.7043965391253381,0.0,16.0,1190.0,7.0,300.0,2.0,329.0,0.0,0.0,0.0,0.0,0.0,0.0,0.0,0.0,0.0,0.0,0.0,0.0,0.0,0.0,0.0,0.0,0.0,0,0,0,0,0,0,0,0,30.0,21.0,0.0,0.0,3.0,3.0,0.0,0.0,0.0,0.0,0.0,0.0,2.0,0.0,0.0,0.0,0.0,0.0,2.0,5.0,1.0,1.0,0.0,0.0,0.0,3.0,0.0,2.0,0.0,0.0,0.0,0.0,13.0,12.0,0.0,0.0,0.0,0.0,0.0,0.0,0.0,0.0,0.0,0.0,40.0,36.0,1.0,1.0,0.0,0.0,0.0,0.0,0.0,1.0,0.0,0.0,0.0,0.0,0.0,0.0,0.0,0.0,0.0,0.0,0.0,0.0,70.0,0.0,1.0,461.0,110.75238715277779,19.0,nan,nan,nan,nan,nan,nan,none,10.587,0.0064,0.24599,none,-0.021,-0.0003,0.9881,none,2.5,0.0116,1,none,-8.779,-0.3032,0.99531,none,0,0,1,none,34,0.0281,1,none
a6cd53caf08b5ef76b68d8b8191823950e213bcc,ea3a545f714667dac299f3365736aa9c1a42fcf5,2026-01-15T15:58:36+01:00,ok,24.0,639.0,524.0,2.0,1.0,0.8482455546449807,0.0,24.0,1163.0,0.0,0.0,0.0,0.0,0.0,0.0,0.0,0.0,0.0,0.0,0.0,0.0,0.0,0.0,0.0,0.0,0.0,0.0,0.0,0.0,0.0,0,0,0,0,0,0,0,0,12.0,9.0,0.0,0.0,0.0,0.0,0.0,0.0,0.0,0.0,0.0,0.0,0.0,0.0,0.0,0.0,0.0,0.0,2.0,1.0,1.0,47.0,0.0,0.0,0.0,2.0,0.0,0.0,0.0,0.0,0.0,0.0,0.0,0.0,0.0,0.0,0.0,0.0,0.0,0.0,0.0,0.0,0.0,0.0,0.0,0.0,0.0,0.0,12.0,11.0,0.0,0.0,0.0,1.0,0.0,0.0,0.0,0.0,0.0,0.0,0.0,0.0,0.0,0.0,0.0,0.0,63.0,0.0,1.0,0.0,14.14588493441358,14.0,nan,nan,nan,nan,nan,nan,none,3.898,0.0023,0.9399,none,-0.052,-0.0008,0.91515,none,-5.541,-0.0303,0.99666,none,0.694,0.0218,0.99531,none,0,0,1,none,84,0.0687,1,none
f858cbf3a7f8f4ac485b0f455215752ff8d5729a,089989f4de576efcd87acd4398ae7b8fa062be66,2026-01-18T17:57:10+01:00,ok,45.0,882.0,869.0,15.0,8.0,0.691700153463079,0.0,16.0,587.0,14.0,631.0,7.0,23.0,0.0,0.0,2.0,26.0,0.0,0.0,1.0,2.0,1.0,6.0,1.0,4.0,1.0,469.0,2.0,3.0,0.0,2,0,0,0,2,0,0,0,7.0,9.0,0.0,0.0,0.0,0.0,0.0,0.0,0.0,0.0,0.0,0.0,2.0,2.0,0.0,0.0,0.0,0.0,0.0,0.0,0.0,0.0,0.0,0.0,0.0,0.0,1.0,1.0,0.0,0.0,0.0,0.0,0.0,0.0,0.0,0.0,0.0,0.0,0.0,0.0,0.0,0.0,0.0,0.0,7.0,113.0,4.0,7.0,1.0,1.0,0.0,0.0,0.0,0.0,1.0,0.0,0.0,0.0,0.0,0.0,0.0,0.0,0.0,0.0,0.0,0.0,37.0,0.0,41.0,3019.0,25.66826428799489,15.0,nan,nan,nan,nan,nan,nan,regression,1069.728,0.5521,0.00366,regression,0.016,0.0002,0.9881,none,-1.173,-0.0063,1,none,30.241,0.8995,0.00331,regression,0,0,1,none,130,0.1059,0.94857,none
1b1746bbc0216b58f6979bbb03c55459ed15b771,49c828abd639337863d8f629a1b62ee6fdbda58a,2026-01-19T14:17:24+01:00,ok,33.0,944.0,650.0,17.0,13.0,0.22007592548528573,0.0,18.0,121.0,0.0,0.0,0.0,0.0,0.0,0.0,4.0,12.0,0.0,0.0,0.0,0.0,1.0,27.0,9.0,38.0,1.0,1396.0,0.0,0.0,0.0,0,0,0,0,0,0,19,1,29.0,29.0,0.0,0.0,0.0,0.0,0.0,0.0,0.0,0.0,0.0,0.0,0.0,0.0,0.0,0.0,0.0,0.0,0.0,0.0,0.0,0.0,0.0,0.0,0.0,0.0,0.0,0.0,0.0,0.0,0.0,0.0,0.0,0.0,0.0,0.0,0.0,0.0,0.0,0.0,0.0,0.0,0.0,0.0,0.0,0.0,0.0,0.0,0.0,0.0,0.0,0.0,0.0,0.0,1.0,0.0,0.0,0.0,0.0,0.0,0.0,0.0,0.0,0.0,0.0,0.0,18.0,0.0,1.0,3066.0,3.1405716765873017,4.0,nan,nan,nan,nan,nan,nan,none,16.045,0.0053,1,none,0.022,0.0003,1,none,54.109,0.3042,0.9881,none,1.259,0.0202,0.99958,none,0,0,1,none,11,0.0081,1,none
d63cd5d7b56a93fc80175b7e3ddeb6da3636bff5,ece90183ce91c7da8ed2e672a857e92032f601e6,2026-01-20T18:02:39+01:00,ok,1.0,4.0,0.0,1.0,1.0,0.0,0.0,0.0,0.0,0.0,0.0,0.0,0.0,0.0,0.0,0.0,0.0,0.0,0.0,0.0,0.0,1.0,4.0,0.0,0.0,0.0,0.0,0.0,0.0,0.0,0,0,0,0,0,0,0,0,0.0,0.0,0.0,0.0,0.0,0.0,0.0,0.0,0.0,0.0,0.0,0.0,0.0,0.0,0.0,0.0,0.0,0.0,0.0,0.0,0.0,0.0,0.0,0.0,0.0,0.0,0.0,0.0,0.0,0.0,0.0,0.0,0.0,0.0,0.0,0.0,0.0,0.0,0.0,0.0,0.0,0.0,0.0,0.0,0.0,0.0,0.0,0.0,0.0,0.0,0.0,1.0,0.0,0.0,0.0,0.0,0.0,0.0,0.0,0.0,0.0,0.0,0.0,0.0,0.0,0.0,27.0,0.0,1.0,3068.0,0.030694444444444444,4.0,nan,nan,nan,nan,nan,nan,none,-0.165,-0.0001,0.99751,none,-0.03,-0.0005,1,none,-0.244,-0.0027,1,none,-0.844,-0.0128,0.99958,none,0,0,1,none,-102,-0.0934,0.94857,none
dfe74968fdc5b8c95dbaa2b915c75f8969edbee9,54dff131e37311b9732567e5231c3014ca2a48b6,2026-01-20T23:36:21+01:00,ok,5.0,371.0,368.0,5.0,1.0,0.15773033680451456,0.0,3.0,723.0,0.0,0.0,2.0,16.0,0.0,0.0,0.0,0.0,0.0,0.0,0.0,0.0,0.0,0.0,0.0,0.0,0.0,0.0,0.0,0.0,0.0,0,0,0,0,0,0,0,0,0.0,0.0,0.0,0.0,0.0,0.0,0.0,0.0,0.0,0.0,0.0,0.0,2.0,2.0,0.0,0.0,0.0,0.0,0.0,0.0,0.0,0.0,0.0,0.0,0.0,0.0,0.0,0.0,0.0,0.0,0.0,0.0,0.0,0.0,0.0,0.0,0.0,0.0,0.0,0.0,0.0,0.0,0.0,0.0,3.0,3.0,1.0,1.0,0.0,0.0,0.0,0.0,0.0,1.0,0.0,0.0,0.0,0.0,0.0,0.0,0.0,0.0,0.0,0.0,0.0,0.0,59.0,0.0,1.0,3073.0,2.033974537037037,8.0,nan,nan,nan,nan,nan,nan,none,4.855,0.0032,0.9609,none,-3.887,-0.0555,0.97135,none,0.099,0.0011,1,none,-12.997,-0.1955,0.99958,none,0,0,1,none,-19,-0.0189,1,none
f4a756dcfb5dcd1e121226bbc52de652f7194e0a,22d028249690329f6184c05492112ba47bedc6fb,2026-01-21T11:30:59+01:00,ok,4.0,54.0,23.0,2.0,1.0,0.6420969574296492,0.0,4.0,77.0,0.0,0.0,0.0,0.0,0.0,0.0,0.0,0.0,0.0,0.0,0.0,0.0,0.0,0.0,0.0,0.0,0.0,0.0,0.0,0.0,0.0,0,0,0,0,0,0,0,0,1.0,0.0,0.0,0.0,0.0,0.0,0.0,0.0,0.0,0.0,0.0,0.0,0.0,0.0,0.0,0.0,0.0,0.0,3.0,1.0,0.0,5.0,0.0,0.0,0.0,0.0,1.0,1.0,0.0,0.0,0.0,0.0,0.0,0.0,0.0,0.0,0.0,0.0,0.0,0.0,0.0,0.0,0.0,0.0,0.0,0.0,0.0,0.0,0.0,0.0,0.0,0.0,0.0,1.0,0.0,0.0,0.0,0.0,0.0,0.0,0.0,0.0,0.0,0.0,0.0,0.0,55.0,0.0,1.0,3077.0,13.205390625,7.0,nan,nan,nan,nan,nan,nan,none,-5.905,-0.0032,0.9609,none,0.003,0,1,none,85.554,0.9356,1,none,-7.894,-0.1088,0.99958,none,0,0,1,none,-87,-0.0805,1,none
3d2190e3f8edb2220180a7eb48af658d0730f5e4,5a53b1bad19941a20cf9a27422a3f592b46a4a91,2026-01-21T12:27:49+01:00,ok,1.0,5.0,4.0,1.0,1.0,0.0,0.0,1.0,9.0,0.0,0.0,0.0,0.0,0.0,0.0,0.0,0.0,0.0,0.0,0.0,0.0,0.0,0.0,0.0,0.0,0.0,0.0,0.0,0.0,0.0,0,0,0,0,0,0,0,0,1.0,0.0,0.0,0.0,0.0,0.0,0.0,0.0,0.0,0.0,0.0,0.0,0.0,0.0,0.0,0.0,0.0,0.0,0.0,0.0,0.0,1.0,0.0,0.0,0.0,0.0,0.0,0.0,0.0,0.0,0.0,0.0,0.0,0.0,0.0,0.0,0.0,0.0,0.0,0.0,0.0,0.0,0.0,0.0,0.0,0.0,0.0,0.0,0.0,0.0,0.0,0.0,0.0,1.0,0.0,0.0,0.0,0.0,0.0,0.0,0.0,0.0,0.0,0.0,0.0,0.0,39.0,0.0,1.0,3082.0,42.57365740740741,5.0,nan,nan,nan,nan,nan,nan,none,9.172,0.0049,0.9609,none,-0.12,-0.0018,0.97135,none,-8.139,-0.0453,1,none,-0.108,-0.0017,0.99958,none,0,0,1,none,21,0.0216,1,none
f40e9f5f26c0e3df59707d565600fe368911db9f,af801335e4b8e7a02031a00bb6388abe56dc00e4,2026-01-21T16:04:13+01:00,ok,2.0,2.0,1.0,2.0,1.0,0.9182958340544896,0.0,2.0,3.0,0.0,0.0,0.0,0.0,0.0,0.0,0.0,0.0,0.0,0.0,0.0,0.0,0.0,0.0,0.0,0.0,0.0,0.0,0.0,0.0,0.0,0,0,0,0,0,0,0,0,0.0,0.0,0.0,0.0,0.0,0.0,0.0,0.0,0.0,0.0,0.0,0.0,0.0,0.0,0.0,0.0,0.0,0.0,0.0,0.0,0.0,0.0,0.0,0.0,0.0,0.0,0.0,0.0,0.0,0.0,0.0,0.0,0.0,0.0,0.0,0.0,0.0,0.0,0.0,0.0,0.0,0.0,0.0,0.0,0.0,0.0,0.0,0.0,0.0,0.0,0.0,1.0,0.0,0.0,0.0,0.0,0.0,0.0,0.0,0.0,0.0,0.0,0.0,0.0,0.0,0.0,69.0,0.0,1.0,468.0,0.15074652777777778,2.0,nan,nan,nan,nan,nan,nan,none,-13.477,-0.0072,0.9609,none,0.012,0.0002,0.97135,none,-0.832,-0.0091,0.24702,none,-0.305,-0.005,1,none,0,0,1,none,-39,-0.0384,1,none
ddf905679a0a33dfe602d030f8c85e7f0c4b5482,10845c3eb3d97cd2772d47395b524eea79f0a9f6,2026-01-21T17:02:45+01:00,ok,1.0,70.0,57.0,1.0,1.0,0.0,0.0,1.0,127.0,0.0,0.0,0.0,0.0,0.0,0.0,0.0,0.0,0.0,0.0,0.0,0.0,0.0,0.0,0.0,0.0,0.0,0.0,0.0,0.0,0.0,0,0,0,0,0,0,0,0,0.0,0.0,0.0,0.0,0.0,0.0,0.0,0.0,0.0,0.0,0.0,0.0,0.0,0.0,0.0,0.0,0.0,0.0,0.0,0.0,1.0,1.0,0.0,0.0,0.0,0.0,0.0,0.0,0.0,0.0,0.0,0.0,0.0,0.0,0.0,0.0,0.0,0.0,0.0,0.0,0.0,0.0,0.0,0.0,0.0,0.0,0.0,0.0,0.0,0.0,0.0,0.0,0.0,1.0,0.0,0.0,0.0,0.0,0.0,0.0,0.0,0.0,0.0,0.0,0.0,0.0,37.0,0.0,1.0,3090.0,1.0333680555555556,5.0,nan,nan,nan,nan,nan,nan,none,-7.933,-0.0043,0.9399,none,-0.113,-0.0017,0.9881,none,-0.445,-0.0049,0.24702,none,-1.874,-0.0266,1,none,0,0,1,none,-102,-0.093,1,none
48f2a0c2cc62393a56a1594abab5524d898267a2,2f0a523c531cd3d704e1f7be693d9037f54b886e,2026-01-21T22:34:41+01:00,ok,1.0,4.0,0.0,1.0,1.0,0.0,0.0,1.0,4.0,0.0,0.0,0.0,0.0,0.0,0.0,0.0,0.0,0.0,0.0,0.0,0.0,0.0,0.0,0.0,0.0,0.0,0.0,0.0,0.0,0.0,0,0,0,0,0,0,0,0,0.0,0.0,0.0,0.0,0.0,0.0,0.0,0.0,0.0,0.0,0.0,0.0,0.0,0.0,0.0,0.0,0.0,0.0,0.0,0.0,0.0,0.0,0.0,0.0,0.0,0.0,0.0,0.0,0.0,0.0,0.0,0.0,0.0,0.0,0.0,0.0,0.0,0.0,0.0,0.0,0.0,0.0,0.0,0.0,0.0,0.0,0.0,0.0,0.0,0.0,0.0,0.0,0.0,0.0,1.0,0.0,0.0,0.0,0.0,0.0,0.0,0.0,0.0,0.0,0.0,0.0,33.0,0.0,1.0,3093.0,0.05503472222222222,4.0,nan,nan,nan,nan,nan,nan,none,-11.259,-0.0062,0.99751,none,0.013,0.0002,1,none,-100.694,-0.6625,1,none,5.617,0.0932,0.99531,none,0,0,1,none,-4,-0.0038,1,none
d84d0c549b080e09276c8e0076af86a7fc7d24f7,f0ae3b3b649588dde91d3e9fb2634a2cf77433ce,2026-01-22T18:02:29+01:00,ok,1.0,4.0,4.0,1.0,1.0,0.0,0.0,1.0,8.0,0.0,0.0,0.0,0.0,0.0,0.0,0.0,0.0,0.0,0.0,0.0,0.0,0.0,0.0,0.0,0.0,0.0,0.0,0.0,0.0,0.0,0,0,0,0,0,0,0,0,0.0,0.0,0.0,0.0,0.0,0.0,0.0,0.0,0.0,0.0,0.0,0.0,0.0,0.0,0.0,0.0,0.0,0.0,0.0,0.0,0.0,0.0,0.0,0.0,0.0,0.0,0.0,0.0,0.0,0.0,0.0,0.0,0.0,0.0,0.0,0.0,0.0,0.0,0.0,0.0,0.0,0.0,0.0,0.0,0.0,0.0,0.0,0.0,0.0,0.0,0.0,1.0,0.0,0.0,0.0,0.0,0.0,0.0,0.0,0.0,0.0,0.0,0.0,0.0,0.0,0.0,66.0,0.0,1.0,43.0,0.11814814814814815,5.0,nan,nan,nan,nan,nan,nan,none,-11.032,-0.0061,0.9399,none,5.059,0.0764,0.9881,none,-0.11,-0.0021,1,none,-9.842,-0.1355,0.99531,none,0,0,1,none,-39,-0.0392,0.94857,none
2f9cdb2d91bfef0fa0fbf6c46d07ac4bc76c517e,8c40ca5578bda5fe5790fa8881422db4591b8be3,2026-01-22T22:04:52+01:00,ok,1.0,2.0,2.0,1.0,1.0,0.0,0.0,0.0,0.0,0.0,0.0,0.0,0.0,0.0,0.0,1.0,4.0,0.0,0.0,0.0,0.0,0.0,0.0,0.0,0.0,0.0,0.0,0.0,0.0,1.0,0,0,0,0,0,0,0,0,0.0,0.0,0.0,0.0,0.0,0.0,0.0,0.0,0.0,0.0,0.0,0.0,0.0,0.0,0.0,0.0,0.0,0.0,0.0,0.0,0.0,0.0,0.0,0.0,0.0,0.0,0.0,0.0,0.0,0.0,0.0,0.0,0.0,0.0,0.0,0.0,0.0,0.0,0.0,0.0,0.0,0.0,0.0,0.0,0.0,0.0,0.0,0.0,0.0,0.0,0.0,1.0,0.0,0.0,0.0,0.0,0.0,0.0,0.0,0.0,0.0,0.0,0.0,0.0,0.0,0.0,79.0,0.0,1.0,53.0,0.0,0.0,nan,nan,nan,nan,nan,nan,none,-0.191,-0.0001,1,none,2.585,0.0372,0.9881,none,-102.651,-0.6666,1,none,-2.332,-0.0355,0.99531,none,0,0,1,none,-9,-0.0092,1,none
0bf1c739bc836b6616ace6f3c75706a3ce11acd9,28652738af94662f592fd056c7f8fee038e9f5e0,2026-01-24T16:02:58+01:00,ok,1.0,45.0,9.0,1.0,1.0,0.0,0.0,1.0,54.0,0.0,0.0,0.0,0.0,0.0,0.0,0.0,0.0,0.0,0.0,0.0,0.0,0.0,0.0,0.0,0.0,0.0,0.0,0.0,0.0,0.0,0,0,0,0,0,0,0,0,0.0,0.0,0.0,0.0,0.0,0.0,0.0,0.0,0.0,0.0,0.0,0.0,0.0,0.0,0.0,0.0,0.0,0.0,0.0,0.0,0.0,0.0,0.0,0.0,0.0,0.0,0.0,0.0,0.0,0.0,0.0,0.0,1.0,0.0,0.0,0.0,0.0,0.0,0.0,0.0,0.0,0.0,0.0,0.0,0.0,0.0,0.0,0.0,0.0,0.0,0.0,0.0,0.0,0.0,1.0,0.0,0.0,0.0,0.0,0.0,0.0,0.0,0.0,0.0,0.0,0.0,43.0,0.0,1.0,3102.0,12.125625,2.0,nan,nan,nan,nan,nan,nan,none,-42.387,-0.0231,0.99751,none,0.047,0.0007,0.91515,none,-0.32,-0.0062,1,none,-0.354,-0.0059,0.99958,none,0,0,1,none,-79,-0.0742,1,none
fe4b85ee31970bbdd9935f7fddfac40437da3dc7,d6128ce8b36651dfc9779f1e2e24ceb8c4cbb2f5,2026-01-27T20:17:06+01:00,ok,11.0,147.0,101.0,9.0,3.0,0.6769851696742958,0.0,6.0,18.0,3.0,204.0,1.0,16.0,0.0,0.0,1.0,10.0,0.0,0.0,0.0,0.0,0.0,0.0,0.0,0.0,0.0,0.0,0.0,0.0,0.0,0,0,0,0,0,0,0,0,0.0,0.0,0.0,0.0,0.0,0.0,0.0,0.0,0.0,0.0,0.0,0.0,0.0,0.0,0.0,0.0,0.0,0.0,0.0,0.0,0.0,0.0,0.0,0.0,0.0,0.0,0.0,0.0,0.0,0.0,0.0,0.0,0.0,0.0,0.0,0.0,0.0,0.0,0.0,0.0,1.0,0.0,0.0,0.0,5.0,6.0,10.0,10.0,2.0,3.0,1.0,0.0,0.0,0.0,0.0,0.0,0.0,0.0,0.0,0.0,0.0,0.0,0.0,0.0,0.0,0.0,70.0,0.0,1.0,471.0,23.566525462962964,18.0,nan,nan,nan,nan,nan,nan,none,11.437,0.0059,0.99751,none,-0.02,-0.0003,1,none,0.257,0.0015,1,none,17.522,0.3357,0.99531,none,0,0,1,none,49,0.0482,1,none
39c95c63befe397a5cb507302399b1519480d143,1be66e604b08b7b02885db670d795c19a64f8dae,2026-02-02T16:54:47+01:00,ok,4.0,42.0,11.0,3.0,2.0,0.8176940724127908,0.0,4.0,53.0,0.0,0.0,0.0,0.0,0.0,0.0,0.0,0.0,0.0,0.0,0.0,0.0,0.0,0.0,0.0,0.0,0.0,0.0,0.0,0.0,0.0,0,0,0,0,0,0,0,0,2.0,0.0,0.0,0.0,0.0,0.0,0.0,0.0,0.0,0.0,0.0,0.0,0.0,0.0,0.0,0.0,0.0,0.0,0.0,0.0,0.0,0.0,0.0,0.0,0.0,0.0,0.0,0.0,0.0,0.0,0.0,0.0,4.0,2.0,0.0,0.0,0.0,0.0,0.0,0.0,0.0,0.0,0.0,0.0,0.0,0.0,0.0,0.0,0.0,0.0,0.0,1.0,0.0,0.0,0.0,0.0,0.0,0.0,0.0,0.0,0.0,0.0,0.0,0.0,0.0,0.0,62.0,0.0,2.0,475.0,3.08359375,5.0,nan,nan,nan,nan,nan,nan,none,2.422,0.0012,1,none,-6.066,-0.0842,0.91515,none,0.159,0.0009,1,none,-1.204,-0.0173,1,none,0,0,1,none,0,0,1,none
3dc783fdfb4b8751e9f101caf7c5e1aedfdd3fcb,c59f121e1ad2a826566ca21282aa10242b02f01c,2026-02-03T19:18:50+01:00,ok,17.0,911.0,631.0,15.0,5.0,0.5528205617372125,0.0,11.0,1231.0,0.0,0.0,1.0,1.0,0.0,0.0,2.0,233.0,0.0,0.0,0.0,0.0,1.0,13.0,1.0,3.0,1.0,61.0,0.0,0.0,0.0,2,0,0,0,1,0,0,0,19.0,10.0,0.0,0.0,0.0,3.0,0.0,0.0,0.0,0.0,0.0,0.0,2.0,2.0,0.0,1.0,0.0,0.0,2.0,2.0,1.0,1.0,0.0,0.0,0.0,2.0,0.0,0.0,0.0,0.0,0.0,0.0,4.0,12.0,0.0,0.0,0.0,0.0,0.0,0.0,0.0,0.0,0.0,0.0,3.0,3.0,1.0,1.0,0.0,0.0,0.0,0.0,0.0,0.0,0.0,0.0,0.0,0.0,0.0,0.0,0.0,1.0,0.0,0.0,0.0,0.0,55.0,0.0,1.0,478.0,13.564542824074076,8.0,nan,nan,nan,nan,nan,nan,regression,51.04,0.0264,0.00559,none,-0.029,-0.0004,0.9881,none,40.037,0.2337,0,regression,-0.765,-0.0131,0.99958,none,0,0,1,none,-16,-0.0156,1,none
6fbe7fba236d9c14b284b7a86a2035590bcb869c,ac18f0f39ffba09b7df4d60dd3ba05f132d7e117,2026-02-12T15:59:53+01:00,ok,8.0,90.0,74.0,5.0,2.0,0.8279345747839161,0.0,6.0,145.0,0.0,0.0,0.0,0.0,0.0,0.0,2.0,19.0,0.0,0.0,0.0,0.0,0.0,0.0,0.0,0.0,0.0,0.0,0.0,0.0,0.0,0,0,0,0,0,0,0,0,10.0,8.0,0.0,0.0,0.0,0.0,0.0,0.0,0.0,0.0,0.0,0.0,0.0,0.0,0.0,0.0,0.0,0.0,0.0,2.0,0.0,0.0,0.0,0.0,0.0,0.0,0.0,0.0,0.0,0.0,0.0,0.0,8.0,5.0,1.0,1.0,0.0,0.0,0.0,0.0,0.0,0.0,0.0,0.0,0.0,0.0,0.0,0.0,0.0,0.0,0.0,0.0,0.0,1.0,0.0,0.0,0.0,0.0,0.0,0.0,0.0,0.0,0.0,0.0,0.0,0.0,55.0,0.0,1.0,481.0,47.280372685185185,9.0,nan,nan,nan,nan,nan,nan,none,-0.383,-0.0002,0.99751,none,0.978,0.0151,0.91515,none,12.17,0.0509,0.93785,none,-11.118,-0.1663,0.99531,none,0,0,1,none,-111,-0.1025,1,none
629c82e112a2db2122c789dc6abe970b82c3f8c5,bcf1424b280ef64d9ed9e685881c935ef950c150,2026-02-14T19:28:39+01:00,ok,1.0,2.0,1.0,1.0,1.0,0.0,0.0,0.0,0.0,0.0,0.0,0.0,0.0,0.0,0.0,1.0,3.0,0.0,0.0,0.0,0.0,0.0,0.0,0.0,0.0,0.0,0.0,0.0,0.0,1.0,0,0,0,0,0,0,0,0,0.0,0.0,0.0,0.0,0.0,0.0,0.0,0.0,0.0,0.0,0.0,0.0,0.0,0.0,0.0,0.0,0.0,0.0,0.0,0.0,0.0,0.0,0.0,0.0,0.0,0.0,0.0,0.0,0.0,0.0,0.0,0.0,0.0,0.0,0.0,0.0,0.0,0.0,0.0,0.0,0.0,0.0,0.0,0.0,0.0,0.0,0.0,0.0,0.0,0.0,0.0,1.0,0.0,0.0,0.0,0.0,0.0,0.0,0.0,0.0,0.0,0.0,0.0,0.0,0.0,0.0,59.0,0.0,1.0,3113.0,0.0,0.0,nan,nan,nan,nan,nan,nan,none,29.375,0.0148,0.86458,none,-0.026,-0.0004,0.91515,none,0.083,0.0004,0.96339,none,-11.962,-0.1673,1,none,0,0,1,none,87,0.0885,1,none
fe24e91e9204fadb87fe3716cc9f7f1df7eeca81,8ad931506e46ef483069b812b72b82804fc27746,2026-02-26T21:35:00+01:00,ok,1.0,56.0,0.0,1.0,1.0,0.0,0.0,1.0,56.0,0.0,0.0,0.0,0.0,0.0,0.0,0.0,0.0,0.0,0.0,0.0,0.0,0.0,0.0,0.0,0.0,0.0,0.0,0.0,0.0,0.0,0,0,0,0,0,0,0,0,3.0,0.0,0.0,0.0,0.0,0.0,0.0,0.0,0.0,0.0,0.0,0.0,1.0,0.0,0.0,0.0,0.0,0.0,0.0,0.0,0.0,0.0,0.0,0.0,0.0,0.0,0.0,0.0,0.0,0.0,0.0,0.0,0.0,0.0,0.0,0.0,0.0,0.0,0.0,0.0,0.0,0.0,0.0,0.0,0.0,0.0,0.0,0.0,0.0,0.0,0.0,0.0,0.0,0.0,1.0,0.0,0.0,0.0,0.0,0.0,0.0,0.0,0.0,0.0,0.0,0.0,53.0,0.0,1.0,487.0,0.0,0.0,nan,nan,nan,nan,nan,nan,none,-10.69,-0.0053,0.9609,none,-0.243,-0.0037,0.91515,none,-0.135,-0.0006,0.93785,none,-0.709,-0.0146,0.99531,none,0,0,1,none,-84,-0.0785,1,none
772210494b9b4d3447b076891d5629184f6497c3,bb4e4a8f214be011076cc6d3b8875cd899954bdd,2026-02-27T13:45:01+01:00,ok,1.0,1.0,1.0,1.0,1.0,0.0,0.0,1.0,2.0,0.0,0.0,0.0,0.0,0.0,0.0,0.0,0.0,0.0,0.0,0.0,0.0,0.0,0.0,0.0,0.0,0.0,0.0,0.0,0.0,0.0,0,0,0,0,0,0,0,0,0.0,0.0,0.0,0.0,0.0,0.0,0.0,0.0,0.0,0.0,0.0,0.0,0.0,0.0,0.0,0.0,0.0,0.0,0.0,0.0,0.0,0.0,0.0,0.0,0.0,0.0,0.0,0.0,0.0,0.0,0.0,0.0,0.0,0.0,0.0,0.0,0.0,0.0,0.0,0.0,0.0,0.0,0.0,0.0,0.0,0.0,0.0,0.0,0.0,0.0,0.0,1.0,0.0,0.0,0.0,0.0,0.0,0.0,0.0,0.0,0.0,0.0,0.0,0.0,0.0,0.0,81.0,0.0,1.0,46.0,40.67673611111111,4.0,nan,nan,nan,nan,nan,nan,none,10.807,0.0054,0.99751,none,-0.116,-0.0018,0.91515,none,-0.096,-0.0005,0.9881,none,-0.86,-0.0176,1,none,0,0,1,none,-17,-0.0164,1,none
c13d59f91bebf54dfb3624c8d82bf20eb380aaba,26adcb3a9031db3ca98ea8c8ace753364a43b6e4,2026-02-27T13:49:39+01:00,ok,3.0,4.0,0.0,3.0,3.0,0.8112781244591328,1.0,2.0,4.0,0.0,0.0,0.0,0.0,0.0,1.0,0.0,0.0,0.0,0.0,0.0,0.0,0.0,0.0,0.0,0.0,0.0,0.0,0.0,0.0,0.0,0,0,0,0,0,0,0,0,0.0,0.0,0.0,0.0,0.0,0.0,0.0,0.0,0.0,0.0,0.0,0.0,0.0,0.0,0.0,0.0,0.0,0.0,0.0,0.0,0.0,0.0,0.0,0.0,0.0,0.0,0.0,0.0,0.0,0.0,0.0,0.0,0.0,0.0,0.0,0.0,1.0,0.0,0.0,0.0,0.0,0.0,0.0,0.0,0.0,0.0,0.0,0.0,0.0,0.0,1.0,0.0,0.0,0.0,0.0,0.0,0.0,0.0,0.0,0.0,0.0,0.0,0.0,0.0,0.0,0.0,47.0,0.0,1.0,1.0,149.7730960648148,3.0,nan,nan,nan,nan,nan,nan,none,44.725,0.0226,0.9399,none,0.121,0.0018,0.86211,none,-0.011,-0.0001,1,none,2.368,0.0509,0.99531,none,0,0,1,none,45,0.0447,1,none
57e6a2e3bffb4c5c86502d69ea9df768257cca30,0c1f9f10d01c55b68dbe3a32c18911763374786c,2026-02-27T14:08:29+01:00,ok,2.0,492.0,665.0,2.0,2.0,0.018353708804594547,0.0,0.0,0.0,0.0,0.0,0.0,0.0,0.0,0.0,0.0,0.0,0.0,0.0,0.0,0.0,0.0,0.0,1.0,2.0,1.0,1155.0,0.0,0.0,0.0,0,0,0,0,0,0,1,0,0.0,0.0,0.0,0.0,0.0,0.0,0.0,0.0,0.0,0.0,0.0,0.0,0.0,0.0,0.0,0.0,0.0,0.0,0.0,0.0,0.0,0.0,0.0,0.0,0.0,0.0,0.0,0.0,0.0,0.0,0.0,0.0,0.0,0.0,0.0,0.0,0.0,0.0,0.0,0.0,0.0,0.0,0.0,0.0,0.0,0.0,0.0,0.0,0.0,0.0,0.0,0.0,0.0,0.0,1.0,0.0,0.0,0.0,0.0,0.0,0.0,0.0,0.0,0.0,0.0,0.0,53.0,0.0,1.0,492.0,0.007858796296296296,3.0,nan,nan,nan,nan,nan,nan,none,-4.173,-0.0021,0.9399,none,0.027,0.0004,0.91515,none,0.117,0.0006,1,none,-1.188,-0.0243,0.99531,none,0,0,1,none,-59,-0.0568,0.94857,none
6eceeb4cb996324c3894bd1c80506cee9d15a75e,4d0b4cce4c5450d07abc1b4f74cff7907db3acfc,2026-02-27T14:43:13+01:00,ok,3.0,16.0,16.0,3.0,2.0,0.9320201587042914,0.0,2.0,16.0,0.0,0.0,0.0,0.0,0.0,0.0,1.0,16.0,0.0,0.0,0.0,0.0,0.0,0.0,0.0,0.0,0.0,0.0,0.0,0.0,0.0,0,0,0,0,0,0,0,0,0.0,0.0,0.0,0.0,0.0,0.0,0.0,0.0,0.0,0.0,0.0,0.0,0.0,0.0,0.0,0.0,0.0,0.0,0.0,0.0,1.0,1.0,0.0,0.0,0.0,0.0,0.0,0.0,0.0,0.0,0.0,0.0,0.0,0.0,0.0,0.0,0.0,0.0,1.0,1.0,0.0,0.0,0.0,0.0,0.0,0.0,0.0,0.0,0.0,0.0,0.0,1.0,0.0,0.0,0.0,0.0,0.0,0.0,0.0,0.0,0.0,0.0,0.0,0.0,0.0,0.0,92.0,0.0,1.0,50.0,49.90560763888889,6.0,nan,nan,nan,nan,nan,nan,none,9.496,0.0048,1,none,0.908,0.014,0.86211,none,-0.132,-0.0006,0.69167,none,2.266,0.0471,0.99958,none,0,0,1,none,10,0.0103,1,none
6e59ca30e60a9f259c98cb4db18b3ad04421f72e,5e78c9e43684be9b8cceff1dda1b72966001bf5a,2026-02-27T15:26:28+01:00,ok,1.0,0.0,12.0,1.0,1.0,0.0,0.0,0.0,0.0,1.0,12.0,0.0,0.0,0.0,0.0,0.0,0.0,0.0,0.0,0.0,0.0,0.0,0.0,0.0,0.0,0.0,0.0,0.0,0.0,0.0,0,0,0,0,0,0,0,0,0.0,0.0,0.0,0.0,0.0,0.0,0.0,0.0,0.0,0.0,0.0,0.0,0.0,0.0,0.0,0.0,0.0,0.0,0.0,0.0,0.0,0.0,0.0,0.0,0.0,0.0,0.0,0.0,0.0,0.0,0.0,0.0,0.0,0.0,0.0,0.0,0.0,0.0,0.0,0.0,0.0,0.0,0.0,0.0,0.0,0.0,0.0,0.0,0.0,0.0,0.0,1.0,0.0,0.0,0.0,0.0,0.0,0.0,0.0,0.0,0.0,0.0,0.0,0.0,0.0,0.0,71.0,0.0,1.0,51.0,37.96650462962963,5.0,nan,nan,nan,nan,nan,nan,none,-35.579,-0.0176,0.9399,none,0.037,0.0006,0.9881,none,0.019,0.0001,1,none,0.267,0.0056,1,none,0,0,1,none,-46,-0.043,1,none
944f9c74ad238d00fdb53e026a18ab82fe7b97e2,b58b48adb573cd57ccdbbc753cf81bb1047549f9,2026-02-27T15:48:51+01:00,ok,1.0,1.0,1.0,1.0,1.0,0.0,0.0,0.0,0.0,0.0,0.0,0.0,0.0,0.0,0.0,0.0,0.0,0.0,0.0,0.0,0.0,1.0,2.0,0.0,0.0,0.0,0.0,0.0,0.0,0.0,0,0,0,0,0,0,0,0,0.0,0.0,0.0,0.0,0.0,0.0,0.0,0.0,0.0,0.0,0.0,0.0,0.0,0.0,0.0,0.0,0.0,0.0,0.0,0.0,0.0,0.0,0.0,0.0,0.0,0.0,0.0,0.0,0.0,0.0,0.0,0.0,0.0,0.0,0.0,0.0,0.0,0.0,0.0,0.0,0.0,0.0,0.0,0.0,0.0,0.0,0.0,0.0,0.0,0.0,0.0,1.0,0.0,0.0,0.0,0.0,0.0,0.0,0.0,0.0,0.0,0.0,0.0,0.0,0.0,0.0,83.0,0.0,1.0,0.0,1037.7184953703704,7.0,nan,nan,nan,nan,nan,nan,none,-3.16,-0.0016,0.99751,none,-1.016,-0.0154,0.81373,none,0.119,0.0006,1,none,1.645,0.0346,0.99531,none,0,0,1,none,101,0.1055,0.94857,none
e79545d7caad9976947b102fc2d199a798d0e31b,0217730e91d8d112a81829318cda8135b1c6f958,2026-02-27T17:16:27+01:00,ok,3.0,163.0,11.0,3.0,2.0,0.08927071580698738,0.0,2.0,172.0,0.0,0.0,0.0,0.0,0.0,0.0,0.0,0.0,0.0,0.0,0.0,0.0,0.0,0.0,0.0,0.0,0.0,0.0,1.0,2.0,0.0,0,0,0,0,0,0,0,0,0.0,0.0,0.0,0.0,0.0,0.0,0.0,0.0,0.0,0.0,0.0,0.0,0.0,0.0,0.0,0.0,0.0,0.0,4.0,0.0,0.0,0.0,0.0,0.0,0.0,0.0,0.0,0.0,0.0,0.0,0.0,0.0,0.0,0.0,0.0,0.0,0.0,0.0,0.0,0.0,0.0,0.0,0.0,0.0,0.0,0.0,0.0,0.0,0.0,0.0,0.0,0.0,0.0,0.0,1.0,0.0,0.0,0.0,0.0,0.0,0.0,0.0,0.0,0.0,0.0,0.0,68.0,0.0,1.0,3122.0,1.038545524691358,2.0,nan,nan,nan,nan,nan,nan,none,9.85,0.005,0.99751,none,0.205,0.0031,1,none,-0.114,-0.0005,1,none,0.213,0.0044,1,none,0,0,1,none,-7,-0.0073,1,none
658390a2ac1c4a24bb31cedcf7eab29f2d929b95,2fd6a660898593dee5cae5ddfe65e191e6726604,2026-02-28T14:57:48+01:00,ok,3.0,117.0,28.0,2.0,1.0,0.7942457995388348,0.0,0.0,0.0,1.0,78.0,0.0,0.0,0.0,0.0,2.0,67.0,0.0,0.0,0.0,0.0,0.0,0.0,0.0,0.0,0.0,0.0,0.0,0.0,0.0,0,0,0,0,0,0,0,0,0.0,0.0,0.0,0.0,0.0,0.0,0.0,0.0,0.0,0.0,0.0,0.0,0.0,0.0,0.0,0.0,0.0,0.0,0.0,0.0,0.0,0.0,0.0,0.0,0.0,0.0,0.0,0.0,0.0,0.0,0.0,0.0,0.0,0.0,0.0,0.0,0.0,0.0,0.0,0.0,1.0,1.0,0.0,0.0,8.0,6.0,5.0,5.0,6.0,2.0,0.0,0.0,0.0,0.0,0.0,0.0,0.0,0.0,0.0,0.0,0.0,1.0,0.0,0.0,0.0,0.0,73.0,0.0,1.0,56.0,31.77826388888889,4.0,nan,nan,nan,nan,nan,nan,none,-7.85,-0.0038,0.99751,none,0.046,0.0007,0.9881,none,-0.115,-0.0005,0.93785,none,-2.491,-0.0501,0.99531,none,0,0,1,none,-23,-0.0232,1,none
a6c1e6b5d2ff8d443fbc127379854d0eacbd85f6,39d522abbc511509661a5d496241b18caafa5ee3,2026-02-28T15:32:43+01:00,ok,2.0,85.0,55.0,2.0,1.0,0.39712541869775186,0.0,2.0,140.0,0.0,0.0,0.0,0.0,0.0,0.0,0.0,0.0,0.0,0.0,0.0,0.0,0.0,0.0,0.0,0.0,0.0,0.0,0.0,0.0,0.0,0,0,0,0,0,0,0,0,1.0,0.0,0.0,0.0,0.0,0.0,0.0,0.0,0.0,0.0,0.0,0.0,0.0,0.0,0.0,0.0,0.0,0.0,0.0,0.0,2.0,0.0,0.0,0.0,0.0,0.0,0.0,0.0,0.0,0.0,0.0,0.0,0.0,0.0,0.0,0.0,0.0,0.0,0.0,0.0,0.0,0.0,0.0,0.0,3.0,3.0,1.0,1.0,0.0,0.0,0.0,0.0,0.0,0.0,0.0,0.0,0.0,0.0,0.0,0.0,0.0,1.0,0.0,0.0,0.0,0.0,54.0,1.0,1.0,496.0,7.789971064814814,2.0,nan,nan,nan,nan,nan,nan,none,-7.416,-0.0035,0.99751,none,-0.047,-0.0007,0.97135,none,-0.099,-0.0005,1,none,-0.758,-0.0153,1,none,0,0,1,none,-17,-0.016,1,none
751b715e5aea0134faf0d7c4a7c48666abd4a1e2,0f3bc7a43439de50e2b4f45cce67f1d06827f3cb,2026-02-28T16:30:55+01:00,ok,1.0,5.0,2.0,1.0,1.0,0.0,0.0,1.0,7.0,0.0,0.0,0.0,0.0,0.0,0.0,0.0,0.0,0.0,0.0,0.0,0.0,0.0,0.0,0.0,0.0,0.0,0.0,0.0,0.0,0.0,0,0,0,0,0,0,0,0,0.0,0.0,0.0,0.0,0.0,0.0,0.0,0.0,0.0,0.0,0.0,0.0,0.0,0.0,0.0,0.0,0.0,0.0,0.0,0.0,0.0,0.0,0.0,0.0,0.0,0.0,0.0,0.0,0.0,0.0,0.0,0.0,0.0,0.0,0.0,0.0,0.0,0.0,0.0,0.0,0.0,0.0,0.0,0.0,0.0,0.0,0.0,0.0,0.0,0.0,0.0,1.0,0.0,0.0,0.0,0.0,0.0,0.0,0.0,0.0,0.0,0.0,0.0,0.0,0.0,0.0,86.0,0.0,1.0,58.0,1.0313657407407408,5.0,nan,nan,nan,nan,nan,nan,none,5.304,0.0026,0.99751,none,-0.056,-0.0008,0.9881,none,0.026,0.0001,0.9881,none,-0.636,-0.0131,0.99531,none,0,0,1,none,11,0.0113,1,none
0bf2ba3197698888bb9b65d0c4e6bc90a72c89de,9cd127516a99af314643545a3936f800022d1286,2026-02-28T17:26:19+01:00,ok,17.0,64.0,64.0,10.0,1.0,0.8691716258136584,0.0,14.0,108.0,0.0,0.0,0.0,0.0,0.0,0.0,3.0,20.0,0.0,0.0,0.0,0.0,0.0,0.0,0.0,0.0,0.0,0.0,0.0,0.0,0.0,0,0,0,0,0,0,0,0,0.0,0.0,0.0,0.0,0.0,0.0,0.0,0.0,0.0,0.0,0.0,0.0,0.0,0.0,0.0,0.0,0.0,0.0,0.0,0.0,0.0,0.0,0.0,0.0,0.0,0.0,0.0,0.0,0.0,0.0,0.0,0.0,0.0,0.0,0.0,0.0,0.0,0.0,0.0,0.0,0.0,0.0,0.0,0.0,0.0,0.0,0.0,0.0,0.0,0.0,0.0,0.0,0.0,1.0,0.0,0.0,0.0,0.0,0.0,0.0,0.0,0.0,0.0,0.0,0.0,0.0,57.0,0.0,1.0,57.0,24.69961144179894,16.0,nan,nan,nan,nan,nan,nan,none,-25.284,-0.0121,0.9399,none,0.056,0.0008,0.91515,none,0.185,0.0009,0.93785,none,0.704,0.0151,0.99531,none,0,0,1,none,-89,-0.0835,1,none
c9e6f71ce845cf252ea90e4140cad0de0d16c2d7,a0551e99ec8c75ded7ce6725a9f67b28c48148a4,2026-02-28T17:35:30+01:00,ok,4.0,1009.0,1.0,3.0,3.0,0.021623710926330895,0.0,2.0,3.0,0.0,0.0,0.0,0.0,0.0,0.0,0.0,0.0,0.0,0.0,0.0,0.0,2.0,1007.0,0.0,0.0,0.0,0.0,0.0,0.0,0.0,0,0,0,0,0,0,0,0,0.0,0.0,0.0,0.0,0.0,0.0,0.0,0.0,0.0,0.0,0.0,0.0,0.0,0.0,0.0,0.0,0.0,0.0,0.0,0.0,0.0,0.0,0.0,0.0,0.0,0.0,0.0,0.0,0.0,0.0,0.0,0.0,0.0,0.0,0.0,0.0,0.0,0.0,0.0,0.0,0.0,0.0,0.0,0.0,0.0,0.0,0.0,0.0,0.0,0.0,1.0,0.0,0.0,0.0,0.0,0.0,0.0,0.0,0.0,0.0,0.0,0.0,0.0,0.0,0.0,0.0,52.0,0.0,1.0,0.0,346.9890316358024,18.0,nan,nan,nan,nan,nan,nan,none,13.069,0.0063,0.99751,none,-0.693,-0.0105,1,none,0.01,0,1,none,-0.763,-0.0157,0.99958,none,0,0,1,none,-27,-0.0261,1,none
e6da5b1e4aaaa780c5e375eac7a36c2962e2d59e,2d5aa803091abbbfed557be748fab776f52535c9,2026-02-28T17:58:57+01:00,ok,2.0,6.0,6.0,2.0,2.0,0.6500224216483541,0.0,0.0,0.0,0.0,0.0,0.0,0.0,0.0,0.0,0.0,0.0,0.0,0.0,0.0,0.0,0.0,0.0,1.0,2.0,1.0,10.0,0.0,0.0,0.0,0,0,1,0,0,0,0,0,0.0,0.0,0.0,0.0,0.0,0.0,0.0,0.0,0.0,0.0,0.0,0.0,0.0,0.0,0.0,0.0,0.0,0.0,0.0,0.0,0.0,0.0,0.0,0.0,0.0,0.0,0.0,0.0,0.0,0.0,0.0,0.0,0.0,0.0,0.0,0.0,0.0,0.0,0.0,0.0,0.0,0.0,0.0,0.0,0.0,0.0,0.0,0.0,0.0,0.0,0.0,0.0,0.0,0.0,0.0,0.0,1.0,0.0,0.0,0.0,0.0,0.0,0.0,0.0,0.0,1.0,75.0,0.0,1.0,54.0,0.00015046296296296297,4.0,nan,nan,nan,nan,nan,nan,none,10.351,0.005,1,none,0.941,0.0145,0.91515,none,0.253,0.0012,0.96339,none,0.426,0.0086,0.99531,none,0,0,1,none,8,0.0076,1,none
410e41aa9fbdeda6b23b8457e8e91979e4049867,35b4125cc986e6ad26b845640cc66c6f8a1e4096,2026-03-01T12:04:04+01:00,ok,1.0,1.0,1.0,1.0,1.0,0.0,0.0,1.0,2.0,0.0,0.0,0.0,0.0,0.0,0.0,0.0,0.0,0.0,0.0,0.0,0.0,0.0,0.0,0.0,0.0,0.0,0.0,0.0,0.0,0.0,0,0,0,0,0,0,0,0,0.0,0.0,0.0,0.0,0.0,0.0,0.0,0.0,0.0,0.0,0.0,0.0,0.0,0.0,0.0,0.0,0.0,0.0,0.0,0.0,0.0,0.0,0.0,0.0,0.0,0.0,0.0,0.0,0.0,0.0,0.0,0.0,0.0,0.0,0.0,0.0,0.0,0.0,0.0,0.0,0.0,0.0,0.0,0.0,0.0,0.0,0.0,0.0,0.0,0.0,0.0,1.0,0.0,0.0,0.0,0.0,0.0,0.0,0.0,0.0,0.0,0.0,0.0,0.0,0.0,0.0,22.0,0.0,1.0,3129.0,0.7302430555555556,1.0,nan,nan,nan,nan,nan,nan,none,20.032,0.0097,0.9399,none,0.917,0.0141,0.97135,none,-0.002,0,1,none,-0.549,-0.0124,0.99531,none,0,0,1,none,-29,-0.0288,1,none
5f2bb94186493f3a3522153773b10a324a306d12,620d2d47cbcf59606b358f70bc4966768613f7c4,2026-03-03T21:25:42+01:00,ok,2.0,79.0,0.0,2.0,2.0,0.9803775087156907,0.0,1.0,33.0,0.0,0.0,0.0,0.0,0.0,0.0,1.0,46.0,0.0,0.0,0.0,0.0,0.0,0.0,0.0,0.0,0.0,0.0,0.0,0.0,0.0,0,0,0,0,0,0,0,0,1.0,0.0,0.0,0.0,0.0,0.0,0.0,0.0,0.0,0.0,0.0,0.0,0.0,0.0,0.0,0.0,0.0,0.0,0.0,0.0,0.0,0.0,0.0,0.0,0.0,0.0,0.0,0.0,0.0,0.0,0.0,0.0,0.0,0.0,0.0,0.0,0.0,0.0,0.0,0.0,0.0,0.0,0.0,0.0,0.0,0.0,0.0,0.0,0.0,0.0,1.0,0.0,0.0,0.0,0.0,0.0,0.0,0.0,0.0,0.0,0.0,0.0,0.0,0.0,0.0,0.0,60.0,0.0,1.0,3135.0,0.0,0.0,nan,nan,nan,nan,nan,nan,none,27.831,0.0134,0.9399,none,-0.01,-0.0002,0.9881,none,-0.466,-0.0022,0.81773,none,1.681,0.0375,0.99531,none,0,0,1,none,58,0.0586,1,none
41d40d0ca4c5c514f01a757d2d931b6ecd575958,a465cc4d2565c826394db3284f77d875a994c596,2026-03-04T22:58:50+01:00,ok,2.0,10.0,6.0,2.0,2.0,0.8112781244591328,0.0,1.0,12.0,0.0,0.0,0.0,0.0,0.0,0.0,0.0,0.0,1.0,4.0,0.0,0.0,0.0,0.0,0.0,0.0,0.0,0.0,0.0,0.0,0.0,0,0,0,0,0,0,0,0,0.0,0.0,0.0,0.0,0.0,0.0,0.0,0.0,0.0,0.0,0.0,0.0,0.0,0.0,0.0,0.0,0.0,0.0,0.0,0.0,0.0,0.0,0.0,0.0,0.0,0.0,0.0,0.0,0.0,0.0,0.0,0.0,0.0,0.0,0.0,0.0,0.0,0.0,0.0,0.0,0.0,0.0,0.0,0.0,0.0,0.0,0.0,0.0,0.0,0.0,0.0,0.0,0.0,0.0,1.0,0.0,0.0,0.0,0.0,0.0,0.0,0.0,0.0,0.0,0.0,0.0,29.0,0.0,2.0,3141.0,0.05099537037037037,2.0,nan,nan,nan,nan,nan,nan,none,14.893,0.0071,0.99751,none,0.173,0.0026,0.81373,none,-0.05,-0.0002,1,none,-0.881,-0.02,0.99958,none,0,0,1,none,39,0.0391,1,none
e1f74eaee244243651b411085b7490f4a79ce742,939b9f9e2e36bc3c1d2dabbb6771e5bf7358f511,2026-03-05T15:27:14+01:00,ok,1.0,14.0,0.0,1.0,1.0,0.0,0.0,1.0,14.0,0.0,0.0,0.0,0.0,0.0,0.0,0.0,0.0,0.0,0.0,0.0,0.0,0.0,0.0,0.0,0.0,0.0,0.0,0.0,0.0,0.0,0,0,0,0,0,0,0,0,1.0,0.0,0.0,0.0,0.0,0.0,0.0,0.0,0.0,0.0,0.0,0.0,0.0,0.0,0.0,0.0,0.0,0.0,0.0,0.0,0.0,0.0,0.0,0.0,0.0,0.0,0.0,0.0,0.0,0.0,0.0,0.0,0.0,0.0,0.0,0.0,0.0,0.0,0.0,0.0,0.0,0.0,0.0,0.0,0.0,0.0,0.0,0.0,0.0,0.0,0.0,0.0,0.0,0.0,1.0,0.0,0.0,0.0,0.0,0.0,0.0,0.0,0.0,0.0,0.0,0.0,22.0,0.0,1.0,3150.0,0.0,0.0,nan,nan,nan,nan,nan,nan,none,-17.33,-0.0082,1,none,-0.104,-0.0016,0.97135,none,0.13,0.0006,1,none,1.47,0.0332,0.99531,none,0,0,1,none,-74,-0.0686,1,none
91327e399d769354c75513e4905589d5248c9b6e,aca98384d9a8b501895ea7000b3031b1b07c84d7,2026-03-05T21:36:04+01:00,ok,114.0,1650.0,1429.0,42.0,7.0,0.8413505735839842,0.0,86.0,2073.0,5.0,184.0,1.0,7.0,0.0,0.0,18.0,779.0,2.0,31.0,0.0,0.0,0.0,0.0,0.0,0.0,0.0,0.0,2.0,5.0,0.0,0,0,0,0,0,0,0,0,109.0,88.0,0.0,0.0,0.0,0.0,0.0,0.0,0.0,0.0,0.0,0.0,2.0,0.0,1.0,1.0,0.0,0.0,3.0,1.0,5.0,3.0,0.0,1.0,0.0,0.0,1.0,0.0,0.0,0.0,0.0,0.0,2.0,0.0,0.0,0.0,0.0,0.0,0.0,0.0,0.0,0.0,0.0,0.0,2.0,23.0,0.0,4.0,0.0,2.0,0.0,0.0,0.0,1.0,0.0,0.0,0.0,0.0,0.0,0.0,0.0,0.0,0.0,0.0,0.0,0.0,47.0,0.0,3.0,3158.0,21.173505747126434,23.0,nan,nan,nan,nan,nan,nan,none,15.113,0.0072,0.99751,none,-0.126,-0.0019,0.97135,none,0.077,0.0004,1,none,-1.171,-0.0255,1,none,0,-1,0.99024,none,77,0.0791,1,none
ef010c4f85eb2a5606e994dbd628a955280ca407,b05563d29b35938e92a542589796d1c2585e7a5e,2026-03-08T14:15:46+01:00,ok,51.0,4420.0,1384.0,5.0,8.0,0.6996657410576952,0.0,37.0,3184.0,2.0,34.0,1.0,6.0,0.0,0.0,0.0,0.0,0.0,0.0,3.0,72.0,2.0,13.0,3.0,38.0,1.0,2451.0,2.0,6.0,0.0,0,0,0,0,16,0,0,0,111.0,0.0,0.0,0.0,0.0,0.0,0.0,0.0,0.0,0.0,0.0,0.0,42.0,0.0,1.0,0.0,0.0,0.0,0.0,0.0,6.0,0.0,0.0,0.0,0.0,0.0,1.0,0.0,0.0,0.0,0.0,0.0,0.0,0.0,1.0,0.0,0.0,0.0,0.0,0.0,0.0,0.0,0.0,0.0,52.0,0.0,3.0,0.0,0.0,0.0,0.0,0.0,0.0,0.0,1.0,0.0,0.0,0.0,0.0,0.0,0.0,0.0,0.0,0.0,0.0,0.0,47.0,0.0,1.0,3161.0,2.1370833333333334,5.0,nan,nan,nan,nan,nan,nan,none,-7.468,-0.0034,0.99751,none,0.034,0.0005,0.91515,none,-0.173,-0.0007,0.96339,none,0.318,0.0079,0.99531,none,0,0,1,none,76,0.0747,1,none
9b7417c4310ee60bb6925a3746fa70f3c376f0a1,999b58c0c661f0c12d1cd4ceeb9c1a8e21f7c18a,2026-03-09T13:54:02+01:00,ok,1.0,288.0,0.0,1.0,1.0,0.0,0.0,0.0,0.0,0.0,0.0,0.0,0.0,0.0,0.0,0.0,0.0,0.0,0.0,0.0,0.0,1.0,288.0,0.0,0.0,0.0,0.0,0.0,0.0,0.0,0,0,0,0,0,0,0,0,0.0,0.0,0.0,0.0,0.0,0.0,0.0,0.0,0.0,0.0,0.0,0.0,0.0,0.0,0.0,0.0,0.0,0.0,0.0,0.0,0.0,0.0,0.0,0.0,0.0,0.0,0.0,0.0,0.0,0.0,0.0,0.0,0.0,0.0,0.0,0.0,0.0,0.0,0.0,0.0,0.0,0.0,0.0,0.0,0.0,0.0,0.0,0.0,0.0,0.0,0.0,0.0,0.0,0.0,0.0,0.0,0.0,0.0,0.0,0.0,0.0,1.0,0.0,0.0,0.0,0.0,58.0,0.0,1.0,4.0,102.59905092592592,3.0,nan,nan,nan,nan,nan,nan,none,0.942,0.0004,0.99751,none,-0.226,-0.0034,0.91515,none,-0.059,-0.0002,1,none,-0.779,-0.0184,1,none,0,0,1,none,58,0.0572,1,none
6154bbfd0554d56a5795b18b9164cb79ec740b1e,5d608d536eeadf2640c7272ecf65aa19da0a5500,2026-03-09T14:18:32+01:00,ok,1.0,30.0,0.0,1.0,1.0,0.0,0.0,0.0,0.0,0.0,0.0,0.0,0.0,0.0,0.0,0.0,0.0,0.0,0.0,0.0,0.0,1.0,30.0,0.0,0.0,0.0,0.0,0.0,0.0,0.0,0,0,0,0,0,0,0,0,0.0,0.0,0.0,0.0,0.0,0.0,0.0,0.0,0.0,0.0,0.0,0.0,0.0,0.0,0.0,0.0,0.0,0.0,0.0,0.0,0.0,0.0,0.0,0.0,0.0,0.0,0.0,0.0,0.0,0.0,0.0,0.0,0.0,0.0,0.0,0.0,0.0,0.0,0.0,0.0,0.0,0.0,0.0,0.0,0.0,0.0,0.0,0.0,0.0,0.0,0.0,0.0,0.0,0.0,0.0,0.0,0.0,0.0,0.0,0.0,0.0,1.0,0.0,0.0,0.0,0.0,52.0,0.0,1.0,0.0,10.020590277777778,9.0,nan,nan,nan,nan,nan,nan,none,-0.423,-0.0002,1,none,-0.23,-0.0035,0.91515,none,-0.38,-0.0015,0.24702,none,-0.202,-0.0051,1,none,0,0,1,none,-12,-0.0114,1,none
47e725cb5db8e5449bba506fe3e883aac8358583,ca6a4ef0dec20f4f2fd8b82c3236bb98eb6ac63c,2026-03-09T17:39:17+01:00,ok,1.0,33.0,15.0,1.0,1.0,0.0,0.0,1.0,48.0,0.0,0.0,0.0,0.0,0.0,0.0,0.0,0.0,0.0,0.0,0.0,0.0,0.0,0.0,0.0,0.0,0.0,0.0,0.0,0.0,0.0,0,0,0,0,0,0,0,0,0.0,0.0,0.0,0.0,0.0,0.0,0.0,0.0,0.0,0.0,0.0,0.0,0.0,0.0,0.0,0.0,0.0,0.0,0.0,0.0,1.0,0.0,0.0,0.0,0.0,0.0,0.0,0.0,0.0,0.0,0.0,0.0,0.0,0.0,0.0,0.0,0.0,0.0,0.0,0.0,0.0,0.0,0.0,0.0,0.0,0.0,0.0,0.0,0.0,0.0,0.0,1.0,0.0,0.0,0.0,0.0,0.0,0.0,0.0,0.0,0.0,0.0,0.0,0.0,0.0,0.0,64.0,0.0,1.0,506.0,0.13760416666666667,2.0,nan,nan,nan,nan,nan,nan,none,27.074,0.0123,0.99751,none,-0.001,0,0.9881,none,0.219,0.0009,0.69167,none,0.48,0.0122,0.99531,none,0,0,1,none,25,0.0235,1,none
e57686d46a93494f312c1733c65feb1ab6cce6dd,e16f3c177a33728118008ff2a6c6ffc54a92586f,2026-03-10T19:50:31+01:00,ok,2.0,4.0,15.0,1.0,1.0,0.2974722489192896,0.0,0.0,0.0,0.0,0.0,0.0,0.0,0.0,0.0,2.0,19.0,0.0,0.0,0.0,0.0,0.0,0.0,0.0,0.0,0.0,0.0,0.0,0.0,1.0,0,0,0,0,0,0,0,0,0.0,0.0,0.0,0.0,0.0,0.0,0.0,0.0,0.0,0.0,0.0,0.0,0.0,0.0,0.0,0.0,0.0,0.0,0.0,0.0,0.0,0.0,0.0,0.0,0.0,0.0,0.0,0.0,0.0,0.0,0.0,0.0,0.0,0.0,0.0,0.0,0.0,0.0,0.0,0.0,0.0,0.0,0.0,0.0,0.0,0.0,0.0,0.0,0.0,0.0,0.0,1.0,0.0,0.0,0.0,0.0,0.0,0.0,0.0,0.0,0.0,0.0,0.0,0.0,0.0,0.0,74.0,0.0,1.0,61.0,0.0,0.0,nan,nan,nan,nan,nan,nan,none,31.366,0.0144,0.9399,none,0.022,0.0003,0.9881,none,0.181,0.0007,0.93785,none,-2.251,-0.0541,0.99531,none,0,0,1,none,52,0.0519,1,none
2f2de3b21791f0e588a3f15e68bf4a619441d252,ea2fff88824c2d39a6720bd79220d105aaadb34f,2026-03-10T21:00:40+01:00,ok,1.0,61.0,35.0,1.0,1.0,0.0,0.0,1.0,96.0,0.0,0.0,0.0,0.0,0.0,0.0,0.0,0.0,0.0,0.0,0.0,0.0,0.0,0.0,0.0,0.0,0.0,0.0,0.0,0.0,0.0,0,0,0,0,0,0,0,0,0.0,0.0,0.0,0.0,0.0,0.0,0.0,0.0,0.0,0.0,0.0,0.0,0.0,0.0,0.0,0.0,0.0,0.0,0.0,0.0,1.0,1.0,0.0,0.0,0.0,0.0,0.0,0.0,0.0,0.0,0.0,0.0,0.0,0.0,0.0,0.0,0.0,0.0,0.0,0.0,0.0,0.0,0.0,0.0,0.0,0.0,0.0,0.0,0.0,0.0,0.0,1.0,0.0,0.0,0.0,0.0,0.0,0.0,0.0,0.0,0.0,0.0,0.0,0.0,0.0,0.0,101.0,0.0,1.0,62.0,4.975416666666667,5.0,nan,nan,nan,nan,nan,nan,none,-26.276,-0.0119,0.9609,none,-0.047,-0.0007,0.97135,none,0.24,0.001,0.93785,none,-0.415,-0.0103,0.99531,none,0,0,1,none,-98,-0.0879,1,none
49589c447340eca2b73866a7306e128fbeef2e84,02310c737e7be267eff74132fbb81e750f72187e,2026-03-14T23:11:14+01:00,ok,2.0,286.0,1.0,2.0,2.0,0.08378124917919594,0.0,1.0,284.0,0.0,0.0,0.0,0.0,0.0,0.0,0.0,0.0,0.0,0.0,0.0,0.0,0.0,0.0,1.0,3.0,0.0,0.0,0.0,0.0,0.0,0,0,0,0,0,0,0,0,2.0,0.0,0.0,0.0,0.0,0.0,0.0,0.0,0.0,0.0,0.0,0.0,0.0,0.0,0.0,0.0,0.0,0.0,9.0,0.0,2.0,0.0,0.0,0.0,0.0,0.0,0.0,0.0,0.0,0.0,0.0,0.0,0.0,0.0,0.0,0.0,0.0,0.0,0.0,0.0,0.0,0.0,0.0,0.0,0.0,0.0,0.0,0.0,0.0,0.0,0.0,0.0,0.0,0.0,1.0,0.0,0.0,0.0,0.0,0.0,0.0,0.0,0.0,0.0,0.0,0.0,42.0,0.0,1.0,3173.0,0.002650462962962963,4.0,nan,nan,nan,nan,nan,nan,none,-19.231,-0.0087,0.9399,none,-0.008,-0.0001,0.91515,none,0.076,0.0003,1,none,2.808,0.0717,0.99531,none,0,0,1,none,13,0.0127,1,none
0a7785b9326912299c1af1618c09e8cbd621c427,aece24e7082d98798061c2bf89f410a3da342627,2026-03-15T13:23:38+01:00,ok,2.0,9.0,3.0,1.0,1.0,0.6500224216483541,0.0,2.0,12.0,0.0,0.0,0.0,0.0,0.0,0.0,0.0,0.0,0.0,0.0,0.0,0.0,0.0,0.0,0.0,0.0,0.0,0.0,0.0,0.0,0.0,0,0,0,0,0,0,0,0,0.0,0.0,0.0,0.0,0.0,0.0,0.0,0.0,0.0,0.0,0.0,0.0,0.0,0.0,0.0,0.0,0.0,0.0,0.0,0.0,0.0,0.0,0.0,0.0,0.0,0.0,0.0,0.0,0.0,0.0,0.0,0.0,0.0,0.0,0.0,0.0,0.0,0.0,0.0,0.0,0.0,0.0,0.0,0.0,0.0,0.0,0.0,0.0,0.0,0.0,0.0,1.0,0.0,0.0,0.0,0.0,0.0,0.0,0.0,0.0,0.0,0.0,0.0,0.0,0.0,0.0,86.0,0.0,1.0,509.0,7.832719907407407,2.0,nan,nan,nan,nan,nan,nan,none,14.783,0.0084,0.9399,none,-1.436,-0.0141,1,none,-33.455,-0.1344,0.96339,none,-8.62,-0.0712,1,none,0,0,1,none,7,0.0065,1,none
01c986f9a22c1b0a619be5e178d51645db31aa5a,50f95c5de9b5152d83591d1796983100c94c1ebd,2026-03-15T16:58:44+01:00,ok,4.0,19.0,7.0,3.0,1.0,0.9382356667135864,0.0,3.0,21.0,0.0,0.0,0.0,0.0,0.0,0.0,1.0,5.0,0.0,0.0,0.0,0.0,0.0,0.0,0.0,0.0,0.0,0.0,0.0,0.0,0.0,0,0,0,0,0,0,0,0,3.0,4.0,0.0,0.0,0.0,0.0,0.0,0.0,0.0,0.0,0.0,0.0,0.0,0.0,0.0,0.0,0.0,0.0,0.0,0.0,0.0,0.0,0.0,0.0,0.0,0.0,0.0,0.0,0.0,0.0,0.0,0.0,0.0,0.0,0.0,0.0,0.0,0.0,0.0,0.0,0.0,0.0,0.0,0.0,0.0,0.0,0.0,0.0,0.0,0.0,0.0,0.0,0.0,0.0,1.0,0.0,0.0,0.0,0.0,0.0,0.0,0.0,0.0,0.0,0.0,0.0,53.0,0.0,1.0,3179.0,2.1551118827160494,3.0,nan,nan,nan,nan,nan,nan,none,8.84,0.005,0.99751,none,-21.343,-0.2237,0.91515,none,-0.507,-0.0022,0.9881,none,-25.818,-0.3293,1,none,0,0,1,none,-8,-0.0073,1,none
9ab31b9f7cbaca4874dcc2fee60185af40ba0b97,fe00866b6a293ffe95b487573c9ea76eeace739b,2026-03-16T08:44:43+01:00,ok,15.0,8.0,87.0,9.0,1.0,0.8660785352920755,0.0,12.0,58.0,0.0,0.0,0.0,0.0,0.0,0.0,3.0,37.0,0.0,0.0,0.0,0.0,0.0,0.0,0.0,0.0,0.0,0.0,0.0,0.0,0.0,0,0,0,0,0,0,0,0,0.0,12.0,0.0,0.0,0.0,0.0,0.0,0.0,0.0,0.0,0.0,0.0,0.0,0.0,0.0,0.0,0.0,0.0,0.0,0.0,0.0,0.0,0.0,0.0,0.0,0.0,0.0,0.0,0.0,0.0,0.0,0.0,0.0,0.0,0.0,0.0,0.0,0.0,0.0,0.0,0.0,0.0,0.0,0.0,0.0,0.0,0.0,0.0,0.0,0.0,0.0,1.0,0.0,0.0,0.0,0.0,0.0,0.0,0.0,0.0,0.0,0.0,0.0,0.0,0.0,0.0,102.0,0.0,1.0,66.0,40.79643518518519,14.0,nan,nan,nan,nan,nan,nan,none,50.269,0.0288,0.99751,none,24.656,0.3601,0.86211,none,0.682,0.0029,1,none,11.64,0.2639,0.99531,none,0,0,1,none,-2,-0.0019,1,none
83c5ff1a6355813a7a3bada9972639fe9288831e,6161fdb5f23819227ca595451fd39cab6d633297,2026-03-17T09:37:57+01:00,ok,2.0,74.0,0.0,1.0,1.0,0.7775398641607599,0.0,2.0,74.0,0.0,0.0,0.0,0.0,0.0,0.0,0.0,0.0,0.0,0.0,0.0,0.0,0.0,0.0,0.0,0.0,0.0,0.0,0.0,0.0,0.0,0,0,0,0,0,0,0,0,0.0,0.0,0.0,0.0,0.0,0.0,0.0,0.0,0.0,0.0,0.0,0.0,0.0,0.0,0.0,0.0,0.0,0.0,1.0,0.0,4.0,0.0,0.0,0.0,0.0,0.0,0.0,0.0,0.0,0.0,0.0,0.0,2.0,0.0,1.0,0.0,0.0,0.0,0.0,0.0,0.0,0.0,0.0,0.0,0.0,0.0,0.0,0.0,0.0,0.0,0.0,0.0,0.0,0.0,1.0,0.0,0.0,0.0,0.0,0.0,0.0,0.0,0.0,0.0,0.0,0.0,58.0,0.0,1.0,3181.0,16.720636574074074,4.0,nan,nan,nan,nan,nan,nan,none,-15.079,-0.0086,0.9399,none,-3.055,-0.0449,0.91515,none,0.111,0.0005,0.9881,none,2.784,0.0679,0.99531,none,0,0,1,none,-20,-0.0201,1,none
abd8fb87c1b7b09bc8e3520e54bf697787687c3d,bfac84904fcf6940a5c9db6288a9233200d53912,2026-03-17T14:53:16+01:00,ok,1.0,1.0,1.0,1.0,1.0,0.0,0.0,1.0,2.0,0.0,0.0,0.0,0.0,0.0,0.0,0.0,0.0,0.0,0.0,0.0,0.0,0.0,0.0,0.0,0.0,0.0,0.0,0.0,0.0,0.0,0,0,0,0,0,0,0,0,0.0,0.0,0.0,0.0,0.0,0.0,0.0,0.0,0.0,0.0,0.0,0.0,0.0,0.0,0.0,0.0,0.0,0.0,0.0,0.0,0.0,0.0,0.0,0.0,0.0,0.0,0.0,0.0,0.0,0.0,0.0,0.0,0.0,0.0,0.0,0.0,0.0,0.0,0.0,0.0,0.0,0.0,0.0,0.0,0.0,0.0,0.0,0.0,0.0,0.0,0.0,0.0,0.0,0.0,1.0,0.0,0.0,0.0,0.0,0.0,0.0,0.0,0.0,0.0,0.0,0.0,33.0,0.0,1.0,3186.0,0.2189699074074074,4.0,nan,nan,nan,nan,nan,nan,none,-13.637,-0.0077,0.9399,none,0.252,0.0038,0.91515,none,0.175,0.0008,1,none,5.85,0.1375,0.99531,none,0,0,1,none,-116,-0.1048,0.94857,none
cb26361cc7ea7b208f8226f188d758f421c88479,457e8a4e6afe2d00f0a1e48278f138a331d4a790,2026-03-17T15:16:18+01:00,ok,1.0,1.0,1.0,1.0,1.0,0.0,0.0,1.0,2.0,0.0,0.0,0.0,0.0,0.0,0.0,0.0,0.0,0.0,0.0,0.0,0.0,0.0,0.0,0.0,0.0,0.0,0.0,0.0,0.0,0.0,0,0,0,0,0,0,0,0,0.0,0.0,0.0,0.0,0.0,0.0,0.0,0.0,0.0,0.0,0.0,0.0,0.0,0.0,0.0,0.0,0.0,0.0,0.0,0.0,1.0,1.0,0.0,0.0,0.0,0.0,0.0,0.0,0.0,0.0,0.0,0.0,0.0,0.0,1.0,0.0,0.0,0.0,0.0,0.0,0.0,0.0,0.0,0.0,0.0,0.0,0.0,0.0,0.0,0.0,0.0,0.0,0.0,0.0,1.0,0.0,0.0,0.0,0.0,0.0,0.0,0.0,0.0,0.0,0.0,0.0,23.0,0.0,1.0,3191.0,0.002800925925925926,1.0,nan,nan,nan,nan,nan,nan,none,-10.159,-0.0058,0.99751,none,-0.014,-0.0002,0.91515,none,0.318,0.0014,0.93785,none,0.995,0.0255,1,none,0,0,1,none,-57,-0.0528,1,none
fd2e610ae21884f64cc03cf7c6782e37dc7290f6,86613e3c933372dbcb196dd331bba94c0ef4bcc8,2026-03-17T19:10:01+01:00,ok,3.0,179.0,41.0,1.0,1.0,0.7868042653874104,0.0,2.0,75.0,0.0,0.0,0.0,0.0,0.0,0.0,0.0,0.0,0.0,0.0,0.0,0.0,1.0,145.0,0.0,0.0,0.0,0.0,0.0,0.0,0.0,0,0,0,0,0,0,0,0,2.0,0.0,0.0,0.0,0.0,0.0,0.0,0.0,0.0,0.0,0.0,0.0,0.0,0.0,0.0,0.0,0.0,0.0,2.0,0.0,0.0,1.0,0.0,0.0,0.0,0.0,0.0,0.0,0.0,0.0,0.0,0.0,1.0,3.0,3.0,2.0,0.0,0.0,0.0,0.0,0.0,0.0,0.0,0.0,0.0,0.0,0.0,0.0,0.0,0.0,0.0,0.0,1.0,0.0,0.0,0.0,0.0,0.0,0.0,0.0,0.0,0.0,0.0,0.0,0.0,0.0,65.0,1.0,1.0,3.0,8.20337962962963,4.0,nan,nan,nan,nan,nan,nan,none,3.059,0.0017,1,none,0.077,0.0012,0.81373,none,-1.125,-0.0048,0.81773,none,-1.071,-0.0258,0.99958,none,0,0,1,none,-166,-0.1431,1,none
a4a4463bbb632b25b80f43a3c83e1a3d8345d656,6e45d24f5e35b5a30b5900eaad8fd390b791ac8b,2026-03-17T19:47:28+01:00,ok,1.0,4915.0,4872.0,1.0,1.0,0.0,0.0,0.0,0.0,0.0,0.0,0.0,0.0,0.0,0.0,0.0,0.0,0.0,0.0,0.0,0.0,1.0,9787.0,0.0,0.0,0.0,0.0,0.0,0.0,0.0,0,0,0,0,0,0,0,0,0.0,0.0,0.0,0.0,0.0,0.0,0.0,0.0,0.0,0.0,0.0,0.0,0.0,0.0,0.0,0.0,0.0,0.0,0.0,0.0,0.0,0.0,0.0,0.0,0.0,0.0,0.0,0.0,0.0,0.0,0.0,0.0,0.0,0.0,0.0,0.0,0.0,0.0,0.0,0.0,0.0,0.0,0.0,0.0,0.0,0.0,0.0,0.0,0.0,0.0,0.0,0.0,0.0,0.0,0.0,0.0,0.0,0.0,0.0,0.0,0.0,1.0,0.0,0.0,0.0,0.0,69.0,0.0,1.0,4.0,1055.8842013888889,5.0,nan,nan,nan,nan,nan,nan,none,1.374,0.0008,1,none,0.97,0.0149,0.86211,none,-0.345,-0.0015,1,none,2.685,0.0637,0.99531,none,0,0,1,none,-100,-0.0893,1,none
e7006130f626facbf914f1ac7f87001cbb508bca,ab52ae4028a76bfd306a5e642fc81bff4e6239b9,2026-03-17T20:49:03+01:00,ok,1.0,60.0,0.0,1.0,1.0,0.0,0.0,0.0,0.0,0.0,0.0,0.0,0.0,0.0,0.0,0.0,0.0,0.0,0.0,0.0,0.0,1.0,60.0,0.0,0.0,0.0,0.0,0.0,0.0,0.0,0,0,0,0,0,0,0,0,0.0,0.0,0.0,0.0,0.0,0.0,0.0,0.0,0.0,0.0,0.0,0.0,0.0,0.0,0.0,0.0,0.0,0.0,0.0,0.0,0.0,0.0,0.0,0.0,0.0,0.0,0.0,0.0,0.0,0.0,0.0,0.0,0.0,0.0,0.0,0.0,0.0,0.0,0.0,0.0,0.0,0.0,0.0,0.0,0.0,0.0,0.0,0.0,0.0,0.0,0.0,0.0,0.0,0.0,0.0,0.0,0.0,0.0,0.0,0.0,0.0,1.0,0.0,0.0,0.0,0.0,57.0,0.0,1.0,0.0,7.022592592592592,19.0,nan,nan,nan,nan,nan,nan,none,-3.309,-0.0018,1,none,-0.172,-0.0026,1,none,0.249,0.0011,1,none,-0.136,-0.003,1,none,0,0,1,none,0,0,1,none
4c8764fd944f370353bb14247a2af5be67e7c21e,e26e963fd80a63518be8e9d3a2b64ae6dae92736,2026-03-17T21:19:00+01:00,ok,1.0,1.0,1.0,1.0,1.0,0.0,0.0,1.0,2.0,0.0,0.0,0.0,0.0,0.0,0.0,0.0,0.0,0.0,0.0,0.0,0.0,0.0,0.0,0.0,0.0,0.0,0.0,0.0,0.0,0.0,0,0,0,0,0,0,0,0,0.0,0.0,0.0,0.0,0.0,0.0,0.0,0.0,0.0,0.0,0.0,0.0,0.0,0.0,0.0,0.0,0.0,0.0,0.0,0.0,0.0,0.0,0.0,0.0,0.0,0.0,0.0,0.0,0.0,0.0,0.0,0.0,0.0,0.0,0.0,0.0,0.0,0.0,0.0,0.0,0.0,0.0,0.0,0.0,0.0,0.0,0.0,0.0,0.0,0.0,0.0,1.0,0.0,0.0,0.0,0.0,0.0,0.0,0.0,0.0,0.0,0.0,0.0,0.0,0.0,0.0,83.0,0.0,1.0,74.0,0.0008912037037037037,6.0,nan,nan,nan,nan,nan,nan,none,-3.69,-0.002,0.99751,none,-0.033,-0.0005,0.91515,none,0.021,0.0001,1,none,0.009,0.0002,1,none,0,0,1,none,11,0.0101,1,none
f3f0e9ed60e2244601756e273b55874ef4471c44,e7a2cd9c9171953b19d1401e5303ef2fb169e142,2026-03-18T11:49:23+01:00,ok,119.0,675.0,607.0,27.0,2.0,0.6278694478775856,0.0,82.0,1137.0,0.0,0.0,0.0,0.0,0.0,0.0,37.0,145.0,0.0,0.0,0.0,0.0,0.0,0.0,0.0,0.0,0.0,0.0,0.0,0.0,0.0,0,0,0,0,0,0,0,0,172.0,97.0,0.0,0.0,0.0,0.0,0.0,0.0,0.0,0.0,0.0,0.0,0.0,0.0,0.0,0.0,0.0,0.0,7.0,5.0,6.0,5.0,0.0,0.0,0.0,0.0,0.0,0.0,0.0,0.0,0.0,0.0,9.0,9.0,5.0,5.0,0.0,0.0,0.0,0.0,0.0,0.0,0.0,0.0,0.0,0.0,0.0,0.0,0.0,0.0,0.0,0.0,0.0,1.0,0.0,0.0,0.0,0.0,0.0,0.0,0.0,0.0,0.0,0.0,0.0,0.0,40.0,0.0,1.0,3195.0,29.37403381642512,17.0,nan,nan,nan,nan,nan,nan,none,11.954,0.0067,0.99751,none,0.131,0.002,0.91515,none,-0.171,-0.0007,1,none,1.313,0.0324,1,none,0,0,1,none,15,0.0151,1,none
f95cbaa25a2ca71f59a06359a8c9b5e0f3d3647c,e89ec7cb4f92bbf8d7f0daa4bbe880a5757d9f5a,2026-03-18T22:47:49+01:00,ok,1.0,44.0,7.0,1.0,1.0,0.0,0.0,1.0,51.0,0.0,0.0,0.0,0.0,0.0,0.0,0.0,0.0,0.0,0.0,0.0,0.0,0.0,0.0,0.0,0.0,0.0,0.0,0.0,0.0,0.0,0,0,0,0,0,0,0,0,0.0,0.0,0.0,0.0,0.0,0.0,0.0,0.0,0.0,0.0,0.0,0.0,0.0,0.0,0.0,0.0,0.0,0.0,3.0,0.0,0.0,0.0,0.0,0.0,0.0,0.0,0.0,0.0,0.0,0.0,0.0,0.0,0.0,0.0,0.0,0.0,0.0,0.0,0.0,0.0,0.0,0.0,0.0,0.0,0.0,0.0,0.0,0.0,0.0,0.0,0.0,0.0,0.0,0.0,0.0,0.0,0.0,0.0,0.0,0.0,0.0,1.0,0.0,0.0,0.0,0.0,78.0,0.0,1.0,3199.0,0.006423611111111111,1.0,nan,nan,nan,nan,nan,nan,none,7.822,0.0044,1,none,-0.075,-0.0011,0.91515,none,-0.192,-0.0008,0.96339,none,0.455,0.0113,0.99958,none,0,0,1,none,27,0.0271,1,none
1cbeb68fab5f8e7c207bc445aa16791805964eb0,b67443eb72dd2e68030317381f01b3a0537ca774,2026-03-19T15:38:39+01:00,ok,8.0,468.0,35.0,6.0,2.0,0.5028502826294023,0.0,7.0,502.0,0.0,0.0,0.0,0.0,0.0,0.0,0.0,0.0,0.0,0.0,0.0,0.0,0.0,0.0,0.0,0.0,0.0,0.0,1.0,1.0,0.0,0,0,0,0,0,0,0,0,19.0,1.0,0.0,0.0,0.0,0.0,0.0,0.0,0.0,0.0,0.0,0.0,8.0,1.0,0.0,0.0,0.0,0.0,0.0,0.0,2.0,0.0,0.0,0.0,0.0,0.0,1.0,0.0,0.0,0.0,0.0,0.0,3.0,0.0,0.0,0.0,0.0,0.0,0.0,0.0,0.0,0.0,0.0,0.0,0.0,0.0,0.0,0.0,1.0,1.0,0.0,0.0,0.0,0.0,0.0,0.0,0.0,0.0,0.0,0.0,0.0,1.0,0.0,0.0,0.0,0.0,48.0,0.0,1.0,3204.0,4.353923611111111,3.0,nan,nan,nan,nan,nan,nan,none,12.659,0.0071,0.9399,none,0.029,0.0004,0.97135,none,-0.008,0,1,none,-2.985,-0.0698,0.99531,none,0,0,1,none,49,0.0496,0.94857,none
ac1c0402eed29ddcc58f60c6dc844d08099d9ac6,13d09343e365494726c9512e631aff7aac9e1a3f,2026-03-22T17:15:44+01:00,ok,1.0,5.0,38.0,1.0,1.0,0.0,0.0,0.0,0.0,0.0,0.0,0.0,0.0,0.0,0.0,0.0,0.0,0.0,0.0,0.0,0.0,1.0,43.0,0.0,0.0,0.0,0.0,0.0,0.0,0.0,0,0,0,0,0,0,0,0,0.0,0.0,0.0,0.0,0.0,0.0,0.0,0.0,0.0,0.0,0.0,0.0,0.0,0.0,0.0,0.0,0.0,0.0,0.0,0.0,0.0,0.0,0.0,0.0,0.0,0.0,0.0,0.0,0.0,0.0,0.0,0.0,0.0,0.0,0.0,0.0,0.0,0.0,0.0,0.0,0.0,0.0,0.0,0.0,0.0,0.0,0.0,0.0,0.0,0.0,0.0,1.0,0.0,0.0,0.0,0.0,0.0,0.0,0.0,0.0,0.0,0.0,0.0,0.0,0.0,0.0,54.0,0.0,1.0,66.0,23.071782407407408,8.0,nan,nan,nan,nan,nan,nan,none,31.093,0.017,0.99751,none,1.239,0.0176,0.97135,none,0.5,0.0021,1,none,24.884,0.6051,0.99531,none,0,0,1,none,84,0.0888,1,none
803e3d1144e7d17541b91b9ed90fbe2e7affe66b,e37252b1304b26cada86e0c054970f253b154b3b,2026-03-22T17:49:02+01:00,ok,4.0,6.0,10.0,2.0,2.0,0.5931390622295665,0.0,0.0,0.0,0.0,0.0,0.0,0.0,0.0,0.0,0.0,0.0,1.0,12.0,0.0,0.0,3.0,4.0,0.0,0.0,0.0,0.0,0.0,0.0,0.0,0,0,0,0,0,0,0,0,0.0,0.0,0.0,0.0,0.0,0.0,0.0,0.0,0.0,0.0,0.0,0.0,0.0,0.0,0.0,0.0,0.0,0.0,0.0,0.0,0.0,0.0,0.0,0.0,0.0,0.0,0.0,0.0,0.0,0.0,0.0,0.0,0.0,0.0,0.0,0.0,0.0,0.0,0.0,0.0,0.0,0.0,0.0,0.0,0.0,0.0,0.0,0.0,0.0,0.0,0.0,1.0,0.0,0.0,0.0,0.0,0.0,0.0,0.0,0.0,0.0,0.0,0.0,0.0,0.0,0.0,65.0,0.0,2.0,10.0,413.9320601851852,4.0,nan,nan,nan,nan,nan,nan,none,-1.988,-0.0011,0.99751,none,23.767,0.3374,0.91515,none,2,0.0084,1,none,25.622,0.6031,0.99531,none,0,0,1,none,-10,-0.0105,1,none
04b130ac8364aa0fdf9b7425f20d5191cb874229,12fbad378c1af90954ce25d11eddb9d7479cdd38,2026-03-23T17:00:31+01:00,ok,2.0,109.0,125.0,2.0,2.0,0.0709989466364099,0.0,0.0,0.0,0.0,0.0,0.0,0.0,0.0,0.0,0.0,0.0,0.0,0.0,0.0,0.0,0.0,0.0,1.0,2.0,1.0,232.0,0.0,0.0,0.0,0,0,0,0,0,0,1,0,0.0,0.0,0.0,0.0,0.0,0.0,0.0,0.0,0.0,0.0,0.0,0.0,0.0,0.0,0.0,0.0,0.0,0.0,0.0,0.0,0.0,0.0,0.0,0.0,0.0,0.0,0.0,0.0,0.0,0.0,0.0,0.0,0.0,0.0,0.0,0.0,0.0,0.0,0.0,0.0,0.0,0.0,0.0,0.0,0.0,0.0,0.0,0.0,0.0,0.0,0.0,0.0,0.0,0.0,1.0,0.0,0.0,0.0,0.0,0.0,0.0,0.0,0.0,0.0,0.0,0.0,70.0,0.0,1.0,513.0,6.304409722222222,3.0,nan,nan,nan,nan,nan,nan,none,28.795,0.0158,0.9399,none,16.427,0.2266,0.97135,none,-2,-0.0084,0.93785,none,5.906,0.118,1,none,0,0,1,none,49,0.0509,1,none
4d936d75e7509c52f8854c911b6819efbc9a3a84,e7cd1a0b3562c7485d281215f83253eada4bf2c6,2026-03-24T20:28:25+01:00,ok,36.0,1152.0,1406.0,17.0,3.0,0.7604261831064231,0.0,18.0,1253.0,9.0,206.0,2.0,248.0,0.0,0.0,7.0,851.0,0.0,0.0,0.0,0.0,0.0,0.0,0.0,0.0,0.0,0.0,0.0,0.0,0.0,0,0,0,0,0,0,0,0,54.0,50.0,0.0,0.0,0.0,0.0,0.0,0.0,0.0,0.0,0.0,0.0,15.0,0.0,0.0,0.0,0.0,0.0,1.0,2.0,2.0,3.0,0.0,3.0,0.0,0.0,0.0,0.0,0.0,0.0,0.0,0.0,1.0,2.0,1.0,1.0,0.0,0.0,0.0,0.0,0.0,0.0,0.0,0.0,0.0,49.0,1.0,2.0,0.0,6.0,0.0,0.0,0.0,1.0,0.0,0.0,0.0,0.0,0.0,0.0,0.0,0.0,0.0,0.0,0.0,0.0,45.0,0.0,1.0,3212.0,9.18126712962963,24.0,nan,nan,nan,nan,nan,nan,none,-31.771,-0.0172,1,none,1.653,0.0231,1,none,0.286,0.0011,0.9881,none,7.09,0.2099,0.53795,none,0,0,1,none,20,0.0178,1,none
504eb4add66bb7d4e0ffea16d23813ceae63e76f,93b61c1df50e4d9ee6f0ed6288a19b6688d70920,2026-03-25T23:16:07+01:00,ok,3.0,212.0,101.0,3.0,2.0,0.22803059651735647,0.0,2.0,299.0,0.0,0.0,0.0,0.0,0.0,0.0,1.0,14.0,0.0,0.0,0.0,0.0,0.0,0.0,0.0,0.0,0.0,0.0,0.0,0.0,0.0,0,0,0,0,0,0,0,0,1.0,0.0,0.0,0.0,0.0,0.0,0.0,0.0,0.0,0.0,0.0,0.0,0.0,0.0,0.0,0.0,0.0,0.0,0.0,0.0,0.0,0.0,0.0,0.0,0.0,0.0,0.0,0.0,0.0,0.0,0.0,0.0,0.0,0.0,0.0,0.0,0.0,0.0,0.0,0.0,0.0,0.0,0.0,0.0,0.0,0.0,0.0,0.0,0.0,0.0,0.0,0.0,0.0,1.0,0.0,0.0,0.0,0.0,0.0,0.0,0.0,0.0,0.0,0.0,0.0,0.0,47.0,0.0,1.0,3216.0,7.458240740740741,3.0,nan,nan,nan,nan,nan,nan,none,4.831,0.0027,1,none,-2.396,-0.0254,1,none,-0.142,-0.0006,1,none,-1.221,-0.0206,0.99531,none,0,0,1,none,59,0.0552,1,none
1e305aca4ecb5eaf20297f1786d63666df82d048,051da1edaf34195c0e941de138e8ec784a4bccb7,2026-03-28T10:46:21+01:00,ok,2.0,16.0,12.0,2.0,1.0,0.49123734182433315,0.0,2.0,28.0,0.0,0.0,0.0,0.0,0.0,0.0,0.0,0.0,0.0,0.0,0.0,0.0,0.0,0.0,0.0,0.0,0.0,0.0,0.0,0.0,0.0,0,0,0,0,0,0,0,0,1.0,1.0,0.0,0.0,0.0,0.0,0.0,0.0,0.0,0.0,0.0,0.0,0.0,0.0,0.0,0.0,0.0,0.0,0.0,0.0,0.0,0.0,0.0,0.0,0.0,0.0,0.0,0.0,0.0,0.0,0.0,0.0,1.0,1.0,0.0,0.0,0.0,0.0,0.0,0.0,0.0,0.0,0.0,0.0,2.0,2.0,0.0,0.0,0.0,0.0,0.0,1.0,0.0,0.0,0.0,0.0,0.0,0.0,0.0,0.0,0.0,0.0,0.0,0.0,0.0,0.0,90.0,0.0,1.0,69.0,6.71203125,2.0,nan,nan,nan,nan,nan,nan,none,-55.707,-0.0297,0.9609,none,6.098,0.0641,0.86211,none,-0.064,-0.0003,1,none,-5.175,-0.0855,0.99531,none,0,0,1,none,-329,-0.2312,1,none
75ba4aa3dad770077fff196006ff96f7d0979de2,11deba4754ee75428dc331f2948844a66f976aa3,2026-03-30T16:27:12+02:00,ok,38.0,58.0,62.0,24.0,3.0,0.969016957147725,0.0,32.0,100.0,0.0,0.0,0.0,0.0,0.0,0.0,5.0,18.0,0.0,0.0,0.0,0.0,1.0,2.0,0.0,0.0,0.0,0.0,0.0,0.0,0.0,0,0,0,0,0,0,0,0,33.0,32.0,0.0,0.0,0.0,0.0,0.0,0.0,0.0,0.0,0.0,0.0,0.0,0.0,0.0,0.0,0.0,0.0,0.0,0.0,0.0,0.0,0.0,0.0,0.0,0.0,0.0,0.0,0.0,0.0,0.0,0.0,0.0,0.0,0.0,0.0,0.0,0.0,0.0,0.0,0.0,0.0,0.0,0.0,0.0,0.0,0.0,0.0,0.0,0.0,0.0,0.0,0.0,1.0,0.0,0.0,0.0,0.0,0.0,0.0,0.0,0.0,0.0,0.0,0.0,0.0,104.0,0.0,1.0,1.0,35.25631790123457,18.0,nan,nan,nan,nan,nan,nan,none,-12.593,-0.0069,0.99751,none,-0.409,-0.005,1,none,-0.371,-0.0015,0.96339,none,0.786,0.0134,1,none,0,0,1,none,-72,-0.0618,1,none
82bf09564c2fdaaeb8273c638ec1eb7e7e6eb3cb,11f8b4cc4a24ce47a4f4a3222f16aa89d9d69223,2026-03-30T22:11:51+02:00,ok,1.0,1.0,5.0,1.0,1.0,0.0,0.0,1.0,6.0,0.0,0.0,0.0,0.0,0.0,0.0,0.0,0.0,0.0,0.0,0.0,0.0,0.0,0.0,0.0,0.0,0.0,0.0,0.0,0.0,0.0,0,0,0,0,0,0,0,0,0.0,0.0,0.0,0.0,0.0,0.0,0.0,0.0,0.0,0.0,0.0,0.0,0.0,0.0,0.0,0.0,0.0,0.0,0.0,0.0,0.0,0.0,0.0,0.0,0.0,0.0,0.0,0.0,0.0,0.0,0.0,0.0,0.0,0.0,0.0,0.0,0.0,0.0,0.0,0.0,0.0,0.0,0.0,0.0,0.0,0.0,0.0,0.0,0.0,0.0,0.0,1.0,0.0,0.0,0.0,0.0,0.0,0.0,0.0,0.0,0.0,0.0,0.0,0.0,0.0,0.0,85.0,0.0,1.0,72.0,6.346585648148148,2.0,nan,nan,nan,nan,nan,nan,none,32.733,0.0181,0.9399,none,3.18,0.0347,0.86211,none,-0.035,-0.0001,1,none,0.372,0.0063,1,none,0,0,1,none,78,0.0715,1,none
d54fed24bb4154514ba07f9299d0fcd0c669f86d,e8f8bf8e57232ef2ac8743c3feacdb45dd6e91c2,2026-04-02T21:05:27+02:00,ok,2.0,3.0,3.0,2.0,1.0,0.9182958340544896,0.0,1.0,4.0,0.0,0.0,0.0,0.0,0.0,0.0,1.0,2.0,0.0,0.0,0.0,0.0,0.0,0.0,0.0,0.0,0.0,0.0,0.0,0.0,0.0,0,0,0,0,0,0,0,0,0.0,0.0,0.0,0.0,0.0,0.0,0.0,0.0,0.0,0.0,0.0,0.0,0.0,0.0,0.0,0.0,0.0,0.0,0.0,0.0,0.0,0.0,0.0,0.0,0.0,0.0,0.0,0.0,0.0,0.0,0.0,0.0,0.0,0.0,0.0,0.0,0.0,0.0,0.0,0.0,0.0,0.0,0.0,0.0,0.0,0.0,0.0,0.0,0.0,0.0,0.0,1.0,0.0,0.0,0.0,0.0,0.0,0.0,0.0,0.0,0.0,0.0,0.0,0.0,0.0,0.0,97.0,0.0,1.0,83.0,2.95525462962963,2.0,nan,nan,nan,nan,nan,nan,none,0.846,0.0005,0.99751,none,2.807,0.03,1,none,0.062,0.0002,0.96339,none,0.817,0.0134,0.99958,none,0,0,1,none,-11,-0.0101,1,none
2cce2f393ed87ad7a2999c0aa0456d3e3af425cd,ab085e2cb73e0e806f8790408c9042ef87d8ece4,2026-04-07T11:28:11+02:00,ok,21.0,276.0,283.0,17.0,13.0,0.25895506554000614,0.0,9.0,27.0,0.0,0.0,0.0,0.0,0.0,0.0,2.0,10.0,0.0,0.0,0.0,0.0,0.0,0.0,9.0,38.0,1.0,484.0,0.0,0.0,0.0,0,0,0,0,0,0,19,10,0.0,0.0,0.0,0.0,0.0,0.0,0.0,0.0,0.0,0.0,0.0,0.0,0.0,0.0,0.0,0.0,0.0,0.0,0.0,0.0,1.0,1.0,0.0,0.0,0.0,0.0,0.0,0.0,0.0,0.0,0.0,0.0,0.0,0.0,0.0,0.0,0.0,0.0,0.0,0.0,0.0,0.0,0.0,0.0,0.0,0.0,0.0,0.0,0.0,0.0,0.0,0.0,0.0,0.0,1.0,0.0,0.0,0.0,0.0,0.0,0.0,0.0,0.0,0.0,0.0,0.0,15.0,0.0,1.0,3230.0,15.85616383744856,6.0,nan,nan,nan,nan,nan,nan,none,3.396,0.0019,0.99751,none,8.844,0.0917,0.91515,none,0.383,0.0015,0.96339,none,-7.327,-0.0579,0.99958,none,0,0,1,none,86,0.0797,1,none
83e90e1e305740784a1fe47c0b20d1cd2205396b,78fbef524b2a1f8576b5c8d298f355bfde3758d0,2026-04-07T13:18:02+02:00,ok,3.0,147.0,209.0,3.0,3.0,0.11953787247879753,0.0,0.0,0.0,0.0,0.0,0.0,0.0,0.0,0.0,1.0,7.0,0.0,0.0,0.0,0.0,0.0,0.0,1.0,2.0,1.0,347.0,0.0,0.0,0.0,0,0,0,0,0,0,1,1,0.0,0.0,0.0,0.0,0.0,0.0,0.0,0.0,0.0,0.0,0.0,0.0,0.0,0.0,0.0,0.0,0.0,0.0,0.0,0.0,0.0,0.0,0.0,0.0,0.0,0.0,0.0,0.0,0.0,0.0,0.0,0.0,0.0,0.0,0.0,0.0,0.0,0.0,0.0,0.0,0.0,0.0,0.0,0.0,0.0,0.0,0.0,0.0,0.0,0.0,0.0,0.0,0.0,0.0,1.0,0.0,0.0,0.0,0.0,0.0,0.0,0.0,0.0,0.0,0.0,0.0,26.0,0.0,1.0,3232.0,0.0027546296296296294,3.0,nan,nan,nan,nan,nan,nan,regression,-440.066,-0.1953,0,improvement,36.265,0.539,0.81373,none,80.159,0.4685,0,regression,24.015,0.2421,0,none,0,0,1,none,-68,-0.0587,0.94857,none
f986572a1ca9dc58fa8403b71c97d72e8be8827c,7c48be1618f96ae4343e9636feeaa493fac5bb31,2026-04-07T13:47:06+02:00,ok,4.0,29.0,25.0,4.0,3.0,0.8814659037074597,0.0,2.0,26.0,0.0,0.0,0.0,0.0,0.0,0.0,2.0,28.0,0.0,0.0,0.0,0.0,0.0,0.0,0.0,0.0,0.0,0.0,0.0,0.0,0.0,0,0,0,0,0,0,0,0,1.0,1.0,0.0,0.0,0.0,0.0,0.0,0.0,0.0,0.0,0.0,0.0,0.0,0.0,0.0,0.0,0.0,0.0,0.0,0.0,1.0,1.0,0.0,0.0,0.0,0.0,0.0,0.0,0.0,0.0,0.0,0.0,0.0,0.0,0.0,0.0,0.0,0.0,0.0,0.0,0.0,0.0,0.0,0.0,0.0,0.0,0.0,0.0,0.0,0.0,0.0,0.0,0.0,0.0,0.0,0.0,0.0,0.0,0.0,0.0,0.0,1.0,0.0,0.0,0.0,0.0,105.0,0.0,1.0,84.0,39.86480324074074,3.0,nan,nan,nan,nan,nan,nan,none,8.34,0.0046,0.99751,none,-3.4,-0.033,1,none,-0.064,-0.0003,1,none,3.847,0.0317,0.99531,none,0,0,1,none,7,0.0063,1,none
edc7d22bd77ba9cf578c90a2ff392489f63323cf,bdb99ab823f15cbb5e9e6ac704123f0735ccfcf7,2026-04-07T14:00:02+02:00,ok,6.0,55.0,29.0,4.0,1.0,0.7671245293799901,0.0,6.0,84.0,0.0,0.0,0.0,0.0,0.0,0.0,0.0,0.0,0.0,0.0,0.0,0.0,0.0,0.0,0.0,0.0,0.0,0.0,0.0,0.0,0.0,0,0,0,0,0,0,0,0,3.0,0.0,0.0,0.0,0.0,0.0,0.0,0.0,0.0,0.0,0.0,0.0,0.0,0.0,0.0,0.0,0.0,0.0,0.0,0.0,2.0,0.0,0.0,0.0,0.0,0.0,0.0,0.0,0.0,0.0,0.0,0.0,1.0,1.0,0.0,0.0,0.0,0.0,0.0,0.0,0.0,0.0,0.0,0.0,4.0,4.0,0.0,0.0,0.0,0.0,0.0,0.0,0.0,0.0,0.0,0.0,0.0,0.0,0.0,0.0,0.0,1.0,0.0,0.0,0.0,0.0,77.0,0.0,1.0,76.0,15.59890625,11.0,nan,nan,nan,nan,nan,nan,none,15.499,0.0086,0.9609,none,-2.704,-0.0264,1,none,0.067,0.0003,0.96339,none,4.578,0.0375,0.99531,none,0,0,1,none,58,0.0541,1,none
4d835ed396bec30af4368563100137eee9bbe13a,1be6f5af3512549d27526c7021091682047d9c6e,2026-04-08T10:11:48+02:00,ok,3.0,45.0,6.0,2.0,1.0,0.9083807015622491,0.0,3.0,51.0,0.0,0.0,0.0,0.0,0.0,0.0,0.0,0.0,0.0,0.0,0.0,0.0,0.0,0.0,0.0,0.0,0.0,0.0,0.0,0.0,0.0,0,0,0,0,0,0,0,0,10.0,3.0,0.0,0.0,0.0,0.0,0.0,0.0,0.0,0.0,0.0,0.0,0.0,0.0,0.0,0.0,0.0,0.0,0.0,0.0,0.0,0.0,0.0,0.0,0.0,0.0,0.0,0.0,0.0,0.0,0.0,0.0,0.0,0.0,0.0,0.0,0.0,0.0,0.0,0.0,0.0,0.0,0.0,0.0,0.0,0.0,0.0,0.0,0.0,0.0,0.0,1.0,0.0,0.0,0.0,0.0,0.0,0.0,0.0,0.0,0.0,0.0,0.0,0.0,0.0,0.0,80.0,0.0,1.0,85.0,9.57769675925926,2.0,nan,nan,nan,nan,nan,nan,none,-8.611,-0.0047,0.9609,none,1.877,0.019,0.91515,none,-0.096,-0.0004,1,none,4.089,0.034,0.99531,none,0,0,1,none,-55,-0.0485,1,none
b0083066286b5d3b778316e51f6495958d3cfd13,b33fb21cc10347de4151b4f7f0ef3943a9d801b0,2026-04-08T10:47:32+02:00,ok,1.0,18.0,0.0,1.0,1.0,0.0,0.0,0.0,0.0,0.0,0.0,0.0,0.0,0.0,0.0,0.0,0.0,0.0,0.0,0.0,0.0,1.0,18.0,0.0,0.0,0.0,0.0,0.0,0.0,0.0,0,0,0,0,0,0,0,0,0.0,0.0,0.0,0.0,0.0,0.0,0.0,0.0,0.0,0.0,0.0,0.0,0.0,0.0,0.0,0.0,0.0,0.0,0.0,0.0,0.0,0.0,0.0,0.0,0.0,0.0,0.0,0.0,0.0,0.0,0.0,0.0,0.0,0.0,0.0,0.0,0.0,0.0,0.0,0.0,0.0,0.0,0.0,0.0,0.0,0.0,0.0,0.0,0.0,0.0,0.0,0.0,0.0,0.0,0.0,0.0,0.0,0.0,0.0,0.0,0.0,1.0,0.0,0.0,0.0,0.0,55.0,0.0,1.0,0.0,0.023946759259259258,19.0,nan,nan,nan,nan,nan,nan,none,-1.122,-0.0006,0.99751,none,-5.67,-0.0532,0.86211,none,-0.171,-0.0007,0.96339,none,-3.602,-0.0297,1,none,0,0,1,none,-2,-0.0018,1,none
a8875f860f042288063db6a1174beaaa32e47549,de19ff91bbea944ec1f7beab31b93f22ff6555ad,2026-04-09T22:42:26+02:00,ok,1.0,2.0,2.0,1.0,1.0,0.0,0.0,1.0,4.0,0.0,0.0,0.0,0.0,0.0,0.0,0.0,0.0,0.0,0.0,0.0,0.0,0.0,0.0,0.0,0.0,0.0,0.0,0.0,0.0,0.0,0,0,0,0,0,0,0,0,0.0,0.0,0.0,0.0,0.0,0.0,0.0,0.0,0.0,0.0,0.0,0.0,0.0,0.0,0.0,0.0,0.0,0.0,0.0,0.0,0.0,0.0,0.0,0.0,0.0,0.0,0.0,0.0,0.0,0.0,0.0,0.0,0.0,0.0,0.0,0.0,0.0,0.0,0.0,0.0,0.0,0.0,0.0,0.0,0.0,2.0,0.0,0.0,0.0,0.0,0.0,1.0,0.0,0.0,0.0,0.0,0.0,0.0,0.0,0.0,0.0,0.0,0.0,0.0,0.0,0.0,60.0,0.0,1.0,3239.0,21.967465277777777,4.0,nan,nan,nan,nan,nan,nan,none,23.038,0.0129,0.9399,none,5.62,0.0567,0.91515,none,0.057,0.0002,0.9881,none,2.355,0.0193,0.99531,none,0,0,1,none,58,0.0541,1,none
ddc0d2e0e386200ddf0be0a8a985850d7f78f96f,f13e4cf71d375ec6a30db84165199111816a1882,2026-04-28T21:32:25+02:00,ok,2.0,61.0,1.0,2.0,2.0,0.205592508185083,0.0,1.0,2.0,0.0,0.0,0.0,0.0,0.0,0.0,0.0,0.0,0.0,0.0,0.0,0.0,1.0,60.0,0.0,0.0,0.0,0.0,0.0,0.0,0.0,0,0,0,0,0,0,0,0,0.0,0.0,0.0,0.0,0.0,0.0,0.0,0.0,0.0,0.0,0.0,0.0,0.0,0.0,0.0,0.0,0.0,0.0,0.0,0.0,0.0,0.0,0.0,0.0,0.0,0.0,0.0,0.0,0.0,0.0,0.0,0.0,0.0,0.0,0.0,0.0,0.0,0.0,0.0,0.0,0.0,0.0,0.0,0.0,0.0,0.0,0.0,0.0,0.0,0.0,0.0,0.0,0.0,0.0,0.0,0.0,0.0,0.0,0.0,0.0,0.0,1.0,0.0,0.0,0.0,0.0,51.0,0.0,2.0,0.0,346.1308969907407,11.0,nan,nan,nan,nan,nan,nan,none,-26.529,-0.0144,0.9609,none,-2.296,-0.0229,0.97135,none,-0.108,-0.0004,1,none,-1.097,-0.0092,1,none,0,0,1,none,-33,-0.0287,1,none
74ae09e25ef81b1f72b87b45d39ce3589cc224f9,0767da48a2d1e6eae4c913a7df7999d83a44de15,2026-04-29T10:38:58+02:00,ok,2.0,228.0,170.0,2.0,2.0,0.04560647594182623,0.0,0.0,0.0,0.0,0.0,0.0,0.0,0.0,0.0,0.0,0.0,0.0,0.0,0.0,0.0,0.0,0.0,1.0,2.0,1.0,396.0,0.0,0.0,0.0,0,0,1,0,0,0,0,0,0.0,0.0,0.0,0.0,0.0,0.0,0.0,0.0,0.0,0.0,0.0,0.0,0.0,0.0,0.0,0.0,0.0,0.0,0.0,0.0,0.0,0.0,0.0,0.0,0.0,0.0,0.0,0.0,0.0,0.0,0.0,0.0,0.0,0.0,0.0,0.0,0.0,0.0,0.0,0.0,0.0,0.0,0.0,0.0,0.0,0.0,0.0,0.0,0.0,0.0,0.0,0.0,0.0,0.0,0.0,0.0,1.0,0.0,0.0,0.0,0.0,0.0,0.0,0.0,0.0,1.0,56.0,0.0,1.0,64.0,13.510300925925925,4.0,nan,nan,nan,nan,nan,nan,none,-24.436,-0.0134,1,none,8.483,0.0897,0.91515,none,-0.123,-0.0005,1,none,0.674,0.0054,1,none,0,0,1,none,33,0.0292,1,none
1f7eb06616d1a5f3d89e62a236d21ab4c62a5db6,bb7affe147cbc2116b54519c959945816f3ca8bb,2026-04-30T08:48:18+02:00,ok,1.0,34.0,39.0,1.0,1.0,0.0,0.0,1.0,73.0,0.0,0.0,0.0,0.0,0.0,0.0,0.0,0.0,0.0,0.0,0.0,0.0,0.0,0.0,0.0,0.0,0.0,0.0,0.0,0.0,0.0,0,0,0,0,0,0,0,0,0.0,0.0,0.0,0.0,0.0,0.0,0.0,0.0,0.0,0.0,0.0,0.0,0.0,0.0,0.0,0.0,0.0,0.0,0.0,0.0,0.0,0.0,0.0,0.0,0.0,0.0,0.0,0.0,0.0,0.0,0.0,0.0,0.0,0.0,1.0,1.0,0.0,0.0,0.0,0.0,0.0,0.0,0.0,0.0,0.0,0.0,0.0,0.0,0.0,0.0,0.0,0.0,0.0,0.0,1.0,0.0,0.0,0.0,0.0,0.0,0.0,0.0,0.0,0.0,0.0,0.0,49.0,0.0,1.0,11.0,22.888969907407407,3.0,nan,nan,nan,nan,nan,nan,none,-12.695,-0.007,0.9399,none,-5.565,-0.0537,0.86211,none,-0.098,-0.0004,1,none,1.444,0.0122,0.99958,none,0,0,1,none,-126,-0.1077,0.94857,none
515caf01eead68e161ec391e4e18d8c93cf2d998,3962e6e2261786428e12aed7e5f60cd3e9314613,2026-04-30T09:18:56+02:00,ok,1.0,3.0,0.0,1.0,1.0,0.0,0.0,0.0,0.0,1.0,3.0,0.0,0.0,0.0,0.0,0.0,0.0,0.0,0.0,0.0,0.0,0.0,0.0,0.0,0.0,0.0,0.0,0.0,0.0,0.0,0,0,0,0,0,0,0,0,0.0,0.0,0.0,0.0,0.0,0.0,0.0,0.0,0.0,0.0,0.0,0.0,0.0,0.0,0.0,0.0,0.0,0.0,0.0,0.0,0.0,0.0,0.0,0.0,0.0,0.0,0.0,0.0,0.0,0.0,0.0,0.0,0.0,0.0,0.0,0.0,0.0,0.0,0.0,0.0,0.0,0.0,0.0,0.0,0.0,0.0,0.0,0.0,0.0,0.0,0.0,1.0,0.0,0.0,0.0,0.0,0.0,0.0,0.0,0.0,0.0,0.0,0.0,0.0,0.0,0.0,65.0,0.0,1.0,0.0,99.66960648148148,4.0,nan,nan,nan,nan,nan,nan,none,-0.496,-0.0003,0.99751,none,2.181,0.0221,0.91515,none,0.033,0.0001,1,none,-7.013,-0.0553,0.9881,none,0,0,1,none,-54,-0.0468,1,none
e698a6fa8c1ae66583633b4987a78eb411de2663,c984a1b71226d10c4e7e9cbf6b261c5cd0e6f455,2026-05-03T10:12:40+02:00,ok,6.0,12.0,2.0,2.0,1.0,0.7984806893213606,0.0,6.0,14.0,0.0,0.0,0.0,0.0,0.0,0.0,0.0,0.0,0.0,0.0,0.0,0.0,0.0,0.0,0.0,0.0,0.0,0.0,0.0,0.0,0.0,0,0,0,0,0,0,0,0,0.0,0.0,0.0,0.0,0.0,0.0,0.0,0.0,0.0,0.0,0.0,0.0,0.0,0.0,0.0,0.0,0.0,0.0,0.0,0.0,0.0,0.0,0.0,0.0,0.0,0.0,0.0,0.0,0.0,0.0,0.0,0.0,0.0,0.0,0.0,0.0,0.0,0.0,0.0,0.0,0.0,0.0,0.0,0.0,0.0,0.0,0.0,0.0,0.0,0.0,0.0,0.0,0.0,0.0,0.0,0.0,0.0,0.0,0.0,0.0,0.0,1.0,0.0,0.0,0.0,0.0,70.0,0.0,1.0,3248.0,27.85333526234568,4.0,nan,nan,nan,nan,nan,nan,none,-14.364,-0.008,0.99751,none,4.837,0.0485,0.9881,none,-0.258,-0.001,1,none,-0.402,-0.0034,0.99531,none,0,0,1,none,36,0.0335,1,none
2f00391a84b3375d13aa6d5a03221d6b99515c9d,513234c6834a1d7b836ebc81c70c46602a9c5e0a,2026-05-05T09:25:58+02:00,ok,79.0,5413.0,5900.0,30.0,7.0,0.7211484417453811,0.0,57.0,7910.0,9.0,968.0,3.0,439.0,0.0,0.0,7.0,143.0,0.0,0.0,0.0,0.0,1.0,2.0,1.0,20.0,1.0,1831.0,0.0,0.0,0.0,0,0,9,2,0,0,1,0,204.0,106.0,0.0,0.0,0.0,0.0,0.0,0.0,0.0,0.0,0.0,0.0,24.0,0.0,0.0,2.0,1.0,0.0,8.0,25.0,79.0,82.0,0.0,1.0,0.0,8.0,0.0,5.0,2.0,1.0,0.0,0.0,33.0,28.0,0.0,2.0,0.0,0.0,0.0,0.0,1.0,2.0,0.0,0.0,78.0,216.0,9.0,17.0,1.0,8.0,0.0,0.0,0.0,1.0,0.0,0.0,0.0,0.0,0.0,0.0,0.0,0.0,0.0,0.0,0.0,0.0,95.0,0.0,1.0,517.0,42.21098257797271,17.0,nan,nan,nan,nan,nan,nan,none,19.417,0.0107,0.99751,none,2.142,0.0208,0.91515,none,0.138,0.0005,0.9881,none,-11.298,-0.0934,0.79048,none,0,0,1,none,-8,-0.0073,1,none
d77d15ed71e986b7cd990a0df9bf0931b85499b1,ba8c39c63a19ef62eeeebe369f17a64b7c48c3f0,2026-05-05T18:57:35+02:00,ok,80.0,270.0,552.0,24.0,4.0,0.39024475794954466,76.0,3.0,821.0,0.0,0.0,0.0,0.0,0.0,0.0,0.0,0.0,0.0,0.0,0.0,0.0,0.0,0.0,0.0,0.0,0.0,0.0,77.0,1.0,0.0,0,0,0,0,0,0,0,0,4.0,2.0,3.0,2.0,0.0,0.0,0.0,0.0,0.0,0.0,0.0,0.0,0.0,0.0,0.0,0.0,0.0,0.0,0.0,0.0,14.0,0.0,0.0,0.0,0.0,0.0,0.0,0.0,0.0,0.0,0.0,0.0,20.0,9.0,0.0,0.0,0.0,0.0,0.0,0.0,0.0,0.0,0.0,0.0,0.0,0.0,0.0,0.0,0.0,0.0,0.0,0.0,0.0,1.0,0.0,0.0,0.0,0.0,0.0,0.0,0.0,0.0,0.0,0.0,0.0,0.0,53.0,1.0,1.0,521.0,61.890661168981474,10.0,nan,nan,nan,nan,nan,nan,regression,0.644,0.0004,0.99751,none,2.965,0.0309,0.91515,none,143.126,0.5694,0,regression,-0.924,-0.0084,1,none,0,0,1,none,60,0.0584,0.94857,none
8717447e16d3c7cbd80b1780ac6695b202c126ea,5c9576605cf5c018eb5b9ddf844739be261e7dff,2026-05-11T10:47:48+02:00,ok,1.0,11.0,7.0,1.0,1.0,0.0,0.0,1.0,18.0,0.0,0.0,0.0,0.0,0.0,0.0,0.0,0.0,0.0,0.0,0.0,0.0,0.0,0.0,0.0,0.0,0.0,0.0,0.0,0.0,0.0,0,0,0,0,0,0,0,0,0.0,0.0,0.0,0.0,0.0,0.0,0.0,0.0,0.0,0.0,0.0,0.0,0.0,0.0,0.0,0.0,0.0,0.0,0.0,0.0,1.0,1.0,0.0,0.0,0.0,0.0,0.0,0.0,0.0,0.0,0.0,0.0,1.0,1.0,0.0,0.0,0.0,0.0,0.0,0.0,0.0,0.0,0.0,0.0,0.0,0.0,0.0,0.0,0.0,0.0,0.0,1.0,0.0,0.0,0.0,0.0,0.0,0.0,0.0,0.0,0.0,0.0,0.0,0.0,0.0,0.0,72.0,0.0,1.0,524.0,0.0004398148148148148,2.0,nan,nan,nan,nan,nan,nan,none,-6.646,-0.0037,1,none,0.552,0.0058,0.91515,none,-2.124,-0.0053,1,none,0.408,0.0038,0.99958,none,0,0,1,none,77,0.0714,1,none
e2f5e2c63a955681ab6abfe147d5a240a58627bd,964fcf02e3009b2d91e000f7c1bc50a8f902e6ff,2026-05-12T13:58:58+02:00,ok,1.0,6.0,1.0,1.0,1.0,0.0,0.0,0.0,0.0,1.0,7.0,0.0,0.0,0.0,0.0,0.0,0.0,0.0,0.0,0.0,0.0,0.0,0.0,0.0,0.0,0.0,0.0,0.0,0.0,0.0,0,0,0,0,0,0,0,0,0.0,0.0,0.0,0.0,0.0,0.0,0.0,0.0,0.0,0.0,0.0,0.0,0.0,0.0,0.0,0.0,0.0,0.0,0.0,0.0,0.0,0.0,0.0,0.0,0.0,0.0,0.0,0.0,0.0,0.0,0.0,0.0,0.0,0.0,0.0,0.0,0.0,0.0,0.0,0.0,0.0,0.0,0.0,0.0,0.0,0.0,0.0,0.0,1.0,1.0,0.0,1.0,0.0,0.0,0.0,0.0,0.0,0.0,0.0,0.0,0.0,0.0,0.0,0.0,0.0,0.0,75.0,0.0,1.0,0.0,110.9800925925926,3.0,nan,nan,nan,nan,nan,nan,none,-19.789,-0.0108,0.9399,none,-2.047,-0.0205,1,none,2.508,0.0064,0.93785,none,3.176,0.0285,0.99531,none,0,0,1,none,-55,-0.0488,1,none
50ca6f6b89899b142b07772d32d499b6891712eb,1171ed5072e43f4e6df679699479bfab47721aef,2026-05-13T10:13:47+02:00,ok,12.0,496.0,405.0,11.0,11.0,0.14289899128106212,0.0,1.0,14.0,0.0,0.0,0.0,0.0,0.0,0.0,0.0,0.0,0.0,0.0,0.0,0.0,0.0,0.0,9.0,38.0,1.0,848.0,1.0,1.0,0.0,0,0,0,0,0,0,19,10,0.0,0.0,0.0,0.0,0.0,0.0,0.0,0.0,0.0,0.0,0.0,0.0,0.0,0.0,0.0,0.0,0.0,0.0,0.0,0.0,0.0,0.0,0.0,0.0,0.0,0.0,0.0,0.0,0.0,0.0,0.0,0.0,0.0,0.0,0.0,0.0,0.0,0.0,0.0,0.0,0.0,0.0,0.0,0.0,0.0,0.0,0.0,0.0,0.0,0.0,0.0,0.0,0.0,0.0,1.0,0.0,0.0,0.0,0.0,0.0,0.0,0.0,0.0,0.0,0.0,0.0,15.0,0.0,1.0,3260.0,25.762581018518517,6.0,nan,nan,nan,nan,nan,nan,none,4.888,0.0027,0.99751,none,-9.233,-0.0924,0.91515,none,-0.538,-0.0015,1,none,-1.004,-0.0092,1,none,0,0,1,none,-14,-0.0127,1,none
a10c7922a83fa5cf0785d2df74000cb7646b3dc2,0ba7f6254e85adf37d0e799c458ea4917470af60,2026-05-15T17:49:26+02:00,ok,2.0,432.0,395.0,2.0,2.0,0.02450469808920462,0.0,0.0,0.0,0.0,0.0,0.0,0.0,0.0,0.0,0.0,0.0,0.0,0.0,0.0,0.0,0.0,0.0,1.0,2.0,1.0,825.0,0.0,0.0,0.0,0,0,1,0,0,0,0,0,0.0,0.0,0.0,0.0,0.0,0.0,0.0,0.0,0.0,0.0,0.0,0.0,0.0,0.0,0.0,0.0,0.0,0.0,0.0,0.0,0.0,0.0,0.0,0.0,0.0,0.0,0.0,0.0,0.0,0.0,0.0,0.0,0.0,0.0,0.0,0.0,0.0,0.0,0.0,0.0,0.0,0.0,0.0,0.0,0.0,0.0,0.0,0.0,0.0,0.0,0.0,0.0,0.0,0.0,1.0,0.0,0.0,0.0,0.0,0.0,0.0,0.0,0.0,0.0,0.0,0.0,28.0,0.0,1.0,3263.0,2.316423611111111,4.0,nan,nan,nan,nan,nan,nan,none,10.182,0.0056,0.9399,none,-4.082,-0.0411,1,none,-2.943,-0.0083,0.9881,none,0.764,0.0072,0.99531,none,0,0,1,none,15,0.0141,1,none
55a241bee645102bd7f403c3a0207313fe698123,1cefe7cf40c1ed42cb68dc0e837a07bcfc5d7325,2026-05-19T10:41:08+02:00,ok,2.0,40.0,22.0,2.0,1.0,0.205592508185083,0.0,2.0,62.0,0.0,0.0,0.0,0.0,0.0,0.0,0.0,0.0,0.0,0.0,0.0,0.0,0.0,0.0,0.0,0.0,0.0,0.0,0.0,0.0,0.0,0,0,0,0,0,0,0,0,4.0,3.0,0.0,0.0,0.0,0.0,0.0,0.0,0.0,0.0,0.0,0.0,0.0,0.0,0.0,0.0,0.0,0.0,1.0,1.0,2.0,1.0,0.0,0.0,0.0,0.0,0.0,0.0,0.0,0.0,0.0,0.0,2.0,0.0,0.0,0.0,0.0,0.0,0.0,0.0,0.0,0.0,0.0,0.0,0.0,0.0,0.0,0.0,0.0,0.0,0.0,1.0,0.0,0.0,0.0,0.0,0.0,0.0,0.0,0.0,0.0,0.0,0.0,0.0,0.0,0.0,68.0,0.0,1.0,531.0,3.367505787037037,2.0,nan,nan,nan,nan,nan,nan,none,-17.129,-0.0074,0.99751,none,-4.48,-0.034,0.9881,none,3.048,0.0082,1,none,1.803,0.0102,0.99958,none,0,0,1,none,-20,-0.0133,1,none
bd34682af7fc425b8b89d980299fd537465afdbd,1c73ad9907e30a045c84aa09793c8af8b2261a29,2026-05-19T11:27:32+02:00,ok,4.0,212.0,0.0,4.0,3.0,0.46755679437962894,0.0,2.0,2.0,0.0,0.0,0.0,0.0,0.0,0.0,0.0,0.0,0.0,0.0,0.0,0.0,2.0,210.0,0.0,0.0,0.0,0.0,0.0,0.0,0.0,0,0,0,0,0,0,0,0,0.0,0.0,0.0,0.0,0.0,0.0,0.0,0.0,0.0,0.0,0.0,0.0,0.0,0.0,0.0,0.0,0.0,0.0,0.0,0.0,0.0,0.0,0.0,0.0,0.0,0.0,0.0,0.0,0.0,0.0,0.0,0.0,0.0,0.0,0.0,0.0,0.0,0.0,0.0,0.0,0.0,0.0,0.0,0.0,0.0,0.0,0.0,0.0,0.0,0.0,1.0,0.0,0.0,0.0,0.0,0.0,0.0,0.0,0.0,0.0,0.0,0.0,0.0,0.0,0.0,1.0,45.0,0.0,2.0,0.0,0.848113425925926,16.0,nan,nan,nan,nan,nan,nan,none,-2.757,-0.0012,0.99751,none,9.835,0.0747,0.91515,none,-3.126,-0.0086,1,none,-4.7,-0.0256,0.99531,none,0,0,1,none,9,0.006,1,none
ebd791017a5afde83ddfbeaaeddd02a9eafb643b,196a579625709b65b5745b1690cbd16458aa8b59,2026-05-19T17:04:06+02:00,ok,1.0,13.0,11.0,1.0,1.0,0.0,0.0,0.0,0.0,0.0,0.0,0.0,0.0,0.0,0.0,1.0,24.0,0.0,0.0,0.0,0.0,0.0,0.0,0.0,0.0,0.0,0.0,0.0,0.0,1.0,0,0,0,0,0,0,0,0,0.0,0.0,0.0,0.0,0.0,0.0,0.0,0.0,0.0,0.0,0.0,0.0,0.0,0.0,0.0,0.0,0.0,0.0,0.0,0.0,0.0,0.0,0.0,0.0,0.0,0.0,0.0,0.0,0.0,0.0,0.0,0.0,0.0,0.0,0.0,0.0,0.0,0.0,0.0,0.0,0.0,0.0,0.0,0.0,0.0,0.0,0.0,0.0,0.0,0.0,0.0,1.0,0.0,0.0,0.0,0.0,0.0,0.0,0.0,0.0,0.0,0.0,0.0,0.0,0.0,0.0,52.0,0.0,1.0,14.0,0.0,0.0,nan,nan,nan,nan,nan,nan,none,-3.407,-0.0015,1,none,3.952,0.0289,0.9881,none,7.082,0.0197,1,none,5.814,0.0333,0.99531,none,0,0,1,none,-59,-0.0375,0.94857,none
0297cd35051c156b6b3db823d01472984ec8befe,2700acfae4d2e4997d794b328005c87e07d522d6,2026-05-19T21:04:24+02:00,ok,1.0,1.0,1.0,1.0,1.0,0.0,0.0,1.0,2.0,0.0,0.0,0.0,0.0,0.0,0.0,0.0,0.0,0.0,0.0,0.0,0.0,0.0,0.0,0.0,0.0,0.0,0.0,0.0,0.0,0.0,0,0,0,0,0,0,0,0,0.0,0.0,0.0,0.0,0.0,0.0,0.0,0.0,0.0,0.0,0.0,0.0,0.0,0.0,0.0,0.0,0.0,0.0,0.0,0.0,0.0,0.0,0.0,0.0,0.0,0.0,0.0,0.0,0.0,0.0,0.0,0.0,0.0,0.0,0.0,0.0,0.0,0.0,0.0,0.0,0.0,0.0,0.0,0.0,0.0,0.0,0.0,0.0,0.0,0.0,0.0,1.0,0.0,0.0,0.0,0.0,0.0,0.0,0.0,0.0,0.0,0.0,0.0,0.0,0.0,0.0,78.0,0.0,1.0,89.0,1.1904166666666667,1.0,nan,nan,nan,nan,nan,nan,none,21.256,0.0093,0.99751,none,10.037,0.0763,0.91515,none,-0.761,-0.0021,1,none,5.945,0.0335,0.99531,none,0,0,1,none,-34,-0.0225,1,none
dfc44c81d52dc82b96f4155e52c448a4a9d87b94,e7eedfc78af61d71948dbd40e4357c83596d71c3,2026-05-19T21:58:00+02:00,ok,2.0,83.0,16.0,2.0,2.0,0.1425733302598987,0.0,0.0,0.0,0.0,0.0,0.0,0.0,0.0,0.0,0.0,0.0,0.0,0.0,0.0,0.0,0.0,0.0,1.0,2.0,1.0,97.0,0.0,0.0,0.0,0,0,0,0,0,0,1,0,0.0,0.0,0.0,0.0,0.0,0.0,0.0,0.0,0.0,0.0,0.0,0.0,0.0,0.0,0.0,0.0,0.0,0.0,0.0,0.0,0.0,0.0,0.0,0.0,0.0,0.0,0.0,0.0,0.0,0.0,0.0,0.0,0.0,0.0,0.0,0.0,0.0,0.0,0.0,0.0,0.0,0.0,0.0,0.0,0.0,0.0,0.0,0.0,0.0,0.0,0.0,0.0,0.0,0.0,0.0,0.0,1.0,0.0,0.0,0.0,0.0,0.0,0.0,0.0,0.0,1.0,66.0,0.0,1.0,75.0,0.022175925925925925,2.0,nan,nan,nan,nan,nan,nan,none,-9.453,-0.0041,0.9399,none,13.816,0.1041,0.91515,none,-13.679,-0.0372,0.93785,none,6.595,0.0379,0.99531,none,0,0,1,none,-69,-0.0442,1,none
ea615a951f65f6b729c18f43c3cec845aaecf00b,f870bc9d9c4b2cc09b4b5456f6356ccff72241fe,2026-05-20T12:31:20+02:00,ok,2.0,13.0,13.0,2.0,2.0,0.39124356362925566,0.0,0.0,0.0,0.0,0.0,0.0,0.0,0.0,0.0,0.0,0.0,0.0,0.0,0.0,0.0,0.0,0.0,1.0,2.0,1.0,24.0,0.0,0.0,0.0,0,0,0,0,0,0,1,0,0.0,0.0,0.0,0.0,0.0,0.0,0.0,0.0,0.0,0.0,0.0,0.0,0.0,0.0,0.0,0.0,0.0,0.0,0.0,0.0,0.0,0.0,0.0,0.0,0.0,0.0,0.0,0.0,0.0,0.0,0.0,0.0,0.0,0.0,0.0,0.0,0.0,0.0,0.0,0.0,0.0,0.0,0.0,0.0,0.0,0.0,0.0,0.0,0.0,0.0,0.0,0.0,0.0,0.0,0.0,0.0,1.0,0.0,0.0,0.0,0.0,0.0,0.0,0.0,0.0,1.0,59.0,0.0,1.0,77.0,0.6031018518518518,5.0,nan,nan,nan,nan,nan,nan,none,6.599,0.0029,1,none,2.153,0.0164,0.81373,none,0.556,0.0015,1,none,8.749,0.0508,0.99531,none,0,0,1,none,-82,-0.0528,0.94857,none
a05b7da83fd1ec71e19d3ab694997fe080781f39,3529d4425df6a96b50f28626c18e1756da06eef7,2026-05-20T15:22:55+02:00,ok,2.0,38.0,36.0,2.0,1.0,0.9994730201859836,0.0,2.0,74.0,0.0,0.0,0.0,0.0,0.0,0.0,0.0,0.0,0.0,0.0,0.0,0.0,0.0,0.0,0.0,0.0,0.0,0.0,0.0,0.0,0.0,0,0,0,0,0,0,0,0,2.0,2.0,0.0,0.0,0.0,0.0,0.0,0.0,0.0,0.0,0.0,0.0,0.0,0.0,0.0,0.0,0.0,0.0,0.0,0.0,0.0,0.0,0.0,0.0,0.0,0.0,0.0,0.0,0.0,0.0,0.0,0.0,0.0,0.0,0.0,0.0,0.0,0.0,0.0,0.0,0.0,0.0,0.0,0.0,4.0,4.0,2.0,2.0,0.0,0.0,0.0,1.0,0.0,0.0,0.0,0.0,0.0,0.0,0.0,0.0,0.0,0.0,0.0,0.0,0.0,0.0,50.0,0.0,1.0,3273.0,1.953275462962963,6.0,nan,nan,nan,nan,nan,nan,none,5.764,0.0025,1,none,9.942,0.0741,0.86211,none,-1.249,-0.0035,1,none,7.496,0.0435,0.99531,none,0,0,1,none,-16,-0.0108,1,none
06d5d2f3776f8c046b772247cdb2009a7562c288,cdbd13d662d1cf46bddcdfad439c0252c0c15b55,2026-05-26T17:45:24+02:00,ok,1.0,1.0,1.0,1.0,1.0,0.0,0.0,0.0,0.0,0.0,0.0,0.0,0.0,0.0,0.0,1.0,2.0,0.0,0.0,0.0,0.0,0.0,0.0,0.0,0.0,0.0,0.0,0.0,0.0,1.0,0,0,0,0,0,0,0,0,0.0,0.0,0.0,0.0,0.0,0.0,0.0,0.0,0.0,0.0,0.0,0.0,0.0,0.0,0.0,0.0,0.0,0.0,0.0,0.0,0.0,0.0,0.0,0.0,0.0,0.0,0.0,0.0,0.0,0.0,0.0,0.0,0.0,0.0,0.0,0.0,0.0,0.0,0.0,0.0,0.0,0.0,0.0,0.0,0.0,0.0,0.0,0.0,0.0,0.0,0.0,1.0,0.0,0.0,0.0,0.0,0.0,0.0,0.0,0.0,0.0,0.0,0.0,0.0,0.0,0.0,69.0,0.0,1.0,3275.0,0.0,0.0,nan,nan,nan,nan,nan,nan,none,-12.561,-0.0071,1,none,0.581,0.006,0.91515,none,4.149,0.0117,0.93785,none,-0.763,-0.0076,1,none,0,0,1,none,-63,-0.056,1,none
18e10146b615738b18b843469c5941e08b660875,823f27d00c381ba0208b2e8e79d386d11d92b6da,2026-05-27T12:31:00+02:00,ok,3.0,192.0,181.0,2.0,3.0,0.25741697220284404,0.0,0.0,0.0,0.0,0.0,0.0,0.0,0.0,0.0,0.0,0.0,1.0,22.0,0.0,0.0,0.0,0.0,1.0,4.0,1.0,347.0,0.0,0.0,0.0,0,0,1,0,0,0,1,0,0.0,0.0,0.0,0.0,0.0,0.0,0.0,0.0,0.0,0.0,0.0,0.0,0.0,0.0,0.0,0.0,0.0,0.0,0.0,0.0,0.0,0.0,0.0,0.0,0.0,0.0,0.0,0.0,0.0,0.0,0.0,0.0,0.0,0.0,0.0,0.0,0.0,0.0,0.0,0.0,0.0,0.0,0.0,0.0,0.0,0.0,0.0,0.0,0.0,0.0,0.0,0.0,0.0,0.0,0.0,0.0,1.0,0.0,0.0,0.0,0.0,0.0,0.0,0.0,0.0,1.0,46.0,0.0,2.0,80.0,8.066539351851851,4.0,nan,nan,nan,nan,nan,nan,none,-3.382,-0.0019,0.9609,none,-1.673,-0.017,0.91515,none,3.101,0.0087,0.81773,none,-2.438,-0.0236,1,none,0,0,1,none,2,0.0019,1,none
29f892476a42655747c1511fb2ce4f44d2935945,45bb17f53e563452a7b478b2f307b6bcc6ed62f4,2026-05-28T18:39:44+02:00,ok,10.0,396.0,371.0,9.0,1.0,0.20828114584503554,0.0,10.0,767.0,0.0,0.0,0.0,0.0,0.0,0.0,0.0,0.0,0.0,0.0,0.0,0.0,0.0,0.0,0.0,0.0,0.0,0.0,0.0,0.0,0.0,0,0,0,0,0,0,0,0,60.0,3.0,0.0,0.0,0.0,0.0,0.0,0.0,0.0,0.0,0.0,0.0,11.0,2.0,0.0,0.0,0.0,0.0,0.0,0.0,1.0,0.0,0.0,0.0,0.0,0.0,0.0,0.0,0.0,0.0,0.0,0.0,2.0,0.0,0.0,0.0,0.0,0.0,0.0,0.0,0.0,0.0,0.0,0.0,3.0,3.0,1.0,1.0,0.0,0.0,0.0,0.0,0.0,1.0,0.0,0.0,0.0,0.0,0.0,0.0,0.0,0.0,0.0,0.0,0.0,0.0,46.0,0.0,1.0,539.0,18.64699074074074,6.0,nan,nan,nan,nan,nan,nan,none,1.847,0.001,0.99751,none,-5.98,-0.0597,0.86211,none,11.018,0.031,0.35931,none,-0.889,-0.009,0.99531,none,0,0,1,none,-12,-0.0114,1,none
bc1673823adb3dc660c653b996f31f1e6949e3c4,2ba2617b5c5912c9cb3a87e6c733ac5510b1b073,2026-05-29T17:45:16+02:00,ok,1.0,1.0,1.0,1.0,1.0,0.0,0.0,1.0,2.0,0.0,0.0,0.0,0.0,0.0,0.0,0.0,0.0,0.0,0.0,0.0,0.0,0.0,0.0,0.0,0.0,0.0,0.0,0.0,0.0,0.0,0,0,0,0,0,0,0,0,0.0,0.0,0.0,0.0,0.0,0.0,0.0,0.0,0.0,0.0,0.0,0.0,0.0,0.0,0.0,0.0,0.0,0.0,0.0,0.0,0.0,0.0,0.0,0.0,0.0,0.0,0.0,0.0,0.0,0.0,0.0,0.0,0.0,0.0,0.0,0.0,0.0,0.0,0.0,0.0,0.0,0.0,0.0,0.0,0.0,0.0,0.0,0.0,0.0,0.0,0.0,0.0,0.0,0.0,1.0,0.0,0.0,0.0,0.0,0.0,0.0,0.0,0.0,0.0,0.0,0.0,25.0,0.0,1.0,3281.0,0.08321759259259259,2.0,nan,nan,nan,nan,nan,nan,none,5.342,0.003,0.9399,none,-4.699,-0.0474,0.91515,none,-2.151,-0.0059,0.93785,none,-3.792,-0.0374,1,none,0,0,1,none,57,0.0542,1,none
3462738b897c999efabeec03cfc23be269ad488e,3e1b4b1aae354773cb170212278925939e44154f,2026-06-01T23:01:28+02:00,ok,18.0,470.0,145.0,6.0,2.0,0.6847307834886461,0.0,4.0,96.0,0.0,0.0,0.0,0.0,0.0,0.0,14.0,519.0,0.0,0.0,0.0,0.0,0.0,0.0,0.0,0.0,0.0,0.0,0.0,0.0,0.0,0,0,0,0,0,0,0,0,0.0,0.0,0.0,0.0,0.0,0.0,0.0,0.0,0.0,0.0,0.0,0.0,0.0,0.0,0.0,0.0,0.0,0.0,0.0,0.0,0.0,0.0,0.0,0.0,0.0,0.0,0.0,0.0,0.0,0.0,0.0,0.0,0.0,0.0,0.0,0.0,0.0,0.0,0.0,0.0,0.0,0.0,0.0,0.0,0.0,0.0,0.0,0.0,0.0,0.0,0.0,0.0,0.0,1.0,0.0,0.0,0.0,0.0,0.0,0.0,0.0,0.0,0.0,0.0,0.0,0.0,49.0,0.0,1.0,3286.0,10.758454861111112,3.0,nan,nan,nan,nan,nan,nan,none,2.228,0.0013,0.99751,none,-0.872,-0.0087,0.91515,none,2.478,0.0069,0.93785,none,-0.947,-0.0094,1,none,0,0,1,none,-3,-0.0028,1,none
3699619c281d26db35b1153d9ea3c43e211db105,a15f377d7e1b0dbfc4ce1bbf73c3919815108be4,2026-06-02T08:59:53+02:00,ok,10.0,255.0,313.0,9.0,10.0,0.17019157846944344,0.0,0.0,0.0,0.0,0.0,0.0,0.0,0.0,0.0,0.0,0.0,0.0,0.0,0.0,0.0,0.0,0.0,9.0,38.0,1.0,530.0,0.0,0.0,0.0,0,0,0,0,0,0,19,10,0.0,0.0,0.0,0.0,0.0,0.0,0.0,0.0,0.0,0.0,0.0,0.0,0.0,0.0,0.0,0.0,0.0,0.0,0.0,0.0,0.0,0.0,0.0,0.0,0.0,0.0,0.0,0.0,0.0,0.0,0.0,0.0,0.0,0.0,0.0,0.0,0.0,0.0,0.0,0.0,0.0,0.0,0.0,0.0,0.0,0.0,0.0,0.0,0.0,0.0,0.0,0.0,0.0,0.0,1.0,0.0,0.0,0.0,0.0,0.0,0.0,0.0,0.0,0.0,0.0,0.0,15.0,0.0,1.0,3288.0,16.001464763374486,6.0,nan,nan,nan,nan,nan,nan,none,-3.055,-0.0017,0.99751,none,-0.164,-0.0017,1,none,8.175,0.0229,0.81773,none,1.855,0.0185,0.99531,none,0,0,1,none,-1,-0.0009,1,none
385b9565ec6c79f3e12871d6c1ce698b5ca9c056,c30230e0e62c6df0d20b4fd86935c56bcbc33dcf,2026-06-02T11:23:41+02:00,ok,2.0,243.0,172.0,2.0,2.0,0.04402978600240539,0.0,0.0,0.0,0.0,0.0,0.0,0.0,0.0,0.0,0.0,0.0,0.0,0.0,0.0,0.0,0.0,0.0,1.0,2.0,1.0,413.0,0.0,0.0,0.0,0,0,0,0,0,0,1,0,0.0,0.0,0.0,0.0,0.0,0.0,0.0,0.0,0.0,0.0,0.0,0.0,0.0,0.0,0.0,0.0,0.0,0.0,0.0,0.0,0.0,0.0,0.0,0.0,0.0,0.0,0.0,0.0,0.0,0.0,0.0,0.0,0.0,0.0,0.0,0.0,0.0,0.0,0.0,0.0,0.0,0.0,0.0,0.0,0.0,0.0,0.0,0.0,0.0,0.0,0.0,0.0,0.0,0.0,0.0,0.0,1.0,0.0,0.0,0.0,0.0,0.0,0.0,0.0,0.0,1.0,68.0,0.0,1.0,84.0,0.09986111111111111,5.0,nan,nan,nan,nan,nan,nan,none,8.469,0.0048,0.9399,none,3.799,0.0404,0.91515,none,-0.217,-0.0006,1,none,2.794,0.0282,1,none,0,0,1,none,19,0.0179,1,none
8b6e863162168d84a9467559c2b66a6f242f88b6,5952c58cccc43f7789d2dedc06c55ca65741fcaf,2026-06-02T18:31:38+02:00,ok,4.0,12.0,18.0,4.0,3.0,0.5194602975157968,0.0,2.0,4.0,0.0,0.0,0.0,0.0,0.0,0.0,0.0,0.0,0.0,0.0,0.0,0.0,0.0,0.0,1.0,2.0,1.0,24.0,0.0,0.0,0.0,0,0,1,1,0,0,0,0,2.0,2.0,0.0,0.0,0.0,0.0,0.0,0.0,0.0,0.0,0.0,0.0,0.0,0.0,0.0,0.0,0.0,0.0,0.0,0.0,0.0,0.0,0.0,0.0,0.0,0.0,0.0,0.0,0.0,0.0,0.0,0.0,0.0,0.0,0.0,0.0,0.0,0.0,0.0,0.0,0.0,0.0,0.0,0.0,0.0,0.0,0.0,0.0,0.0,0.0,0.0,0.0,0.0,0.0,0.0,0.0,1.0,0.0,0.0,0.0,0.0,0.0,0.0,0.0,0.0,1.0,57.0,0.0,1.0,85.0,118.97189814814816,6.0,nan,nan,nan,nan,nan,nan,none,-17.915,-0.0101,0.9399,none,-3.93,-0.0392,0.97135,none,6.46,0.018,0.56463,none,-2.003,-0.0195,0.99531,none,0,0,1,none,-71,-0.0634,0.94857,none
4a1e6f7ee1ac4bc652763bc38d1bd5dc0ae0dea7,ef971b70d7981ffa7497788ba633c97fa9db15ef,2026-06-02T19:07:51+02:00,ok,1.0,48.0,4.0,1.0,1.0,0.0,0.0,0.0,0.0,0.0,0.0,0.0,0.0,0.0,0.0,1.0,52.0,0.0,0.0,0.0,0.0,0.0,0.0,0.0,0.0,0.0,0.0,0.0,0.0,1.0,0,0,0,0,0,0,0,0,0.0,0.0,0.0,0.0,0.0,0.0,0.0,0.0,0.0,0.0,0.0,0.0,0.0,0.0,0.0,0.0,0.0,0.0,0.0,0.0,0.0,0.0,0.0,0.0,0.0,0.0,0.0,0.0,0.0,0.0,0.0,0.0,0.0,0.0,0.0,0.0,0.0,0.0,0.0,0.0,0.0,0.0,0.0,0.0,0.0,0.0,0.0,0.0,0.0,0.0,0.0,0.0,0.0,0.0,1.0,0.0,0.0,0.0,0.0,0.0,0.0,0.0,0.0,0.0,0.0,0.0,22.0,0.0,1.0,3294.0,0.0,0.0,nan,nan,nan,nan,nan,nan,none,24.229,0.0138,0.9399,none,-1.155,-0.0115,0.91515,none,5.485,0.0154,0.93785,none,-1.323,-0.0129,1,none,0,0,1,none,50,0.0479,1,none
8a3be3265a81bcf828ef326f9a6089838398a919,554135c9573074d872d52968dd35a11089566269,2026-06-02T20:18:44+02:00,ok,3.0,1109.0,0.0,3.0,3.0,0.013149323634921793,0.0,2.0,2.0,0.0,0.0,0.0,0.0,0.0,0.0,0.0,0.0,0.0,0.0,0.0,0.0,1.0,1107.0,0.0,0.0,0.0,0.0,0.0,0.0,0.0,0,0,0,0,0,0,0,0,0.0,0.0,0.0,0.0,0.0,0.0,0.0,0.0,0.0,0.0,0.0,0.0,0.0,0.0,0.0,0.0,0.0,0.0,0.0,0.0,0.0,0.0,0.0,0.0,0.0,0.0,0.0,0.0,0.0,0.0,0.0,0.0,0.0,0.0,0.0,0.0,0.0,0.0,0.0,0.0,0.0,0.0,0.0,0.0,0.0,0.0,0.0,0.0,0.0,0.0,1.0,0.0,0.0,0.0,0.0,0.0,0.0,0.0,0.0,0.0,0.0,0.0,0.0,0.0,0.0,0.0,62.0,0.0,1.0,0.0,13.9234375,17.0,nan,nan,nan,nan,nan,nan,none,-9.217,-0.0052,0.9399,none,-4.157,-0.0421,0.86211,none,-5.03,-0.0139,0.35931,none,0.581,0.0057,1,none,0,0,1,none,19,0.018,1,none
26c38e743f6808c527d738df77ba2e1fb0350f0b,b907b460afa88cebb90548a31d82c9744effdaf8,2026-06-03T09:34:09+02:00,ok,3.0,5.0,0.0,3.0,3.0,0.7219280948873623,1.0,2.0,5.0,0.0,0.0,0.0,0.0,0.0,1.0,0.0,0.0,0.0,0.0,0.0,0.0,0.0,0.0,0.0,0.0,0.0,0.0,0.0,0.0,0.0,0,0,0,0,0,0,0,0,0.0,0.0,0.0,0.0,0.0,0.0,0.0,0.0,0.0,0.0,0.0,0.0,0.0,0.0,0.0,0.0,0.0,0.0,0.0,0.0,0.0,0.0,0.0,0.0,0.0,0.0,0.0,0.0,0.0,0.0,0.0,0.0,0.0,0.0,0.0,0.0,1.0,0.0,0.0,0.0,0.0,0.0,0.0,0.0,1.0,0.0,0.0,0.0,0.0,0.0,1.0,0.0,0.0,0.0,0.0,0.0,0.0,0.0,0.0,0.0,0.0,0.0,0.0,0.0,0.0,0.0,50.0,0.0,1.0,1.0,79.0087037037037,5.0,nan,nan,nan,nan,nan,nan,none,20.57,0.0117,0.99751,none,2.264,0.0241,0.91515,none,6.504,0.0185,0.56463,none,-3.278,-0.0319,1,none,0,0,1,none,-64,-0.0555,1,none
f55e792cf501b44af06b40bc57d330f2840a1f87,109a57828049c50c1e94a010f6a443cf91d90cdf,2026-06-03T17:31:13+02:00,ok,2.0,41.0,1.0,2.0,2.0,0.5916727785823275,0.0,0.0,0.0,0.0,0.0,0.0,0.0,0.0,0.0,2.0,42.0,0.0,0.0,0.0,0.0,0.0,0.0,0.0,0.0,0.0,0.0,0.0,0.0,1.0,0,0,0,0,0,0,0,0,0.0,0.0,0.0,0.0,0.0,0.0,0.0,0.0,0.0,0.0,0.0,0.0,0.0,0.0,0.0,0.0,0.0,0.0,0.0,0.0,0.0,0.0,0.0,0.0,0.0,0.0,0.0,0.0,0.0,0.0,0.0,0.0,0.0,0.0,0.0,0.0,0.0,0.0,0.0,0.0,0.0,0.0,0.0,0.0,0.0,0.0,0.0,0.0,0.0,0.0,0.0,0.0,0.0,0.0,1.0,0.0,0.0,0.0,0.0,0.0,0.0,0.0,0.0,0.0,0.0,0.0,72.0,0.0,1.0,3299.0,0.0,0.0,nan,nan,nan,nan,nan,nan,none,14.308,0.0081,0.9399,none,1.307,0.0134,0.9881,none,0.373,0.001,1,none,-2.043,-0.0199,1,none,0,0,1,none,27,0.0257,1,none
6dc74286bc4d91f420015be07b43f488f8fedf89,c58edd94d4821ea91a484d250216548469436798,2026-06-04T16:12:02+02:00,ok,1.0,3.0,1.0,1.0,1.0,0.0,0.0,0.0,0.0,0.0,0.0,0.0,0.0,0.0,0.0,1.0,4.0,0.0,0.0,0.0,0.0,0.0,0.0,0.0,0.0,0.0,0.0,0.0,0.0,1.0,0,0,0,0,0,0,0,0,0.0,0.0,0.0,0.0,0.0,0.0,0.0,0.0,0.0,0.0,0.0,0.0,0.0,0.0,0.0,0.0,0.0,0.0,0.0,0.0,0.0,0.0,0.0,0.0,0.0,0.0,0.0,0.0,0.0,0.0,0.0,0.0,0.0,0.0,0.0,0.0,0.0,0.0,0.0,0.0,0.0,0.0,0.0,0.0,0.0,0.0,0.0,0.0,0.0,0.0,0.0,0.0,0.0,0.0,1.0,0.0,0.0,0.0,0.0,0.0,0.0,0.0,0.0,0.0,0.0,0.0,18.0,0.0,1.0,3303.0,0.0,0.0,nan,nan,nan,nan,nan,nan,none,-9.908,-0.0056,0.9609,none,-1.393,-0.0138,0.91515,none,8.153,0.0254,1,none,-8.133,-0.0747,0.99531,none,0,0,1,none,-29,-0.0269,0.94857,none
eee69580b6878384da57f0d495ab19d26ce8b96f,8f4a19d5f623247e6ec8133b40e34bf4b2f2884e,2026-06-04T18:42:21+02:00,ok,2.0,21.0,13.0,2.0,2.0,0.3227569588973982,0.0,1.0,2.0,0.0,0.0,0.0,0.0,0.0,0.0,1.0,32.0,0.0,0.0,0.0,0.0,0.0,0.0,0.0,0.0,0.0,0.0,0.0,0.0,0.0,0,0,0,0,0,0,0,0,0.0,0.0,0.0,0.0,0.0,0.0,0.0,0.0,0.0,0.0,0.0,0.0,0.0,0.0,0.0,0.0,0.0,0.0,0.0,0.0,0.0,0.0,0.0,0.0,0.0,0.0,0.0,0.0,0.0,0.0,0.0,0.0,0.0,0.0,0.0,0.0,0.0,0.0,0.0,0.0,0.0,0.0,0.0,0.0,0.0,0.0,0.0,0.0,0.0,0.0,0.0,0.0,0.0,0.0,1.0,0.0,0.0,0.0,0.0,0.0,0.0,0.0,0.0,0.0,0.0,0.0,78.0,0.0,1.0,3308.0,0.021608796296296296,2.0,nan,nan,nan,nan,nan,nan,none,-11.313,-0.0064,0.79048,none,-6.7,-0.0649,0.86211,none,-0.655,-0.002,0.96339,none,-3.458,-0.0328,0.99531,none,0,0,1,none,-30,-0.0281,1,none
2516e29b80b937183b1c79af1ce0d1779d547ff7,a904757c1b7082a56fd1d8c3494b8651ce5e3509,2026-06-05T10:15:36+02:00,ok,2.0,2.0,2.0,2.0,1.0,1.0,0.0,2.0,4.0,0.0,0.0,0.0,0.0,0.0,0.0,0.0,0.0,0.0,0.0,0.0,0.0,0.0,0.0,0.0,0.0,0.0,0.0,0.0,0.0,0.0,0,0,0,0,0,0,0,0,0.0,0.0,0.0,0.0,0.0,0.0,0.0,0.0,0.0,0.0,0.0,0.0,0.0,0.0,0.0,0.0,0.0,0.0,0.0,0.0,0.0,0.0,0.0,0.0,0.0,0.0,0.0,0.0,0.0,0.0,0.0,0.0,0.0,0.0,0.0,0.0,0.0,0.0,0.0,0.0,0.0,0.0,0.0,0.0,0.0,0.0,0.0,0.0,0.0,0.0,0.0,0.0,0.0,0.0,0.0,0.0,0.0,0.0,0.0,0.0,0.0,1.0,0.0,0.0,0.0,0.0,47.0,0.0,1.0,7.0,19.466469907407408,2.0,nan,nan,nan,nan,nan,nan,none,-6.96,-0.004,0.99751,none,-3.413,-0.0338,0.91515,none,1.572,0.0049,1,none,-0.648,-0.0063,0.99531,none,0,0,1,none,-54,-0.0493,1,none
6516f68456e8568f6ef19adbc0e0950734d06dfa,1b508b117f62d8adbf4977ba65f5412800dd2b68,2026-06-07T14:23:21+02:00,ok,8.0,67.0,85.0,3.0,2.0,0.9559043887332613,0.0,2.0,16.0,0.0,0.0,0.0,0.0,0.0,0.0,6.0,136.0,0.0,0.0,0.0,0.0,0.0,0.0,0.0,0.0,0.0,0.0,0.0,0.0,0.0,0,0,0,0,0,0,0,0,0.0,0.0,0.0,0.0,0.0,0.0,0.0,0.0,0.0,0.0,0.0,0.0,0.0,0.0,0.0,0.0,0.0,0.0,0.0,0.0,0.0,0.0,0.0,0.0,0.0,0.0,0.0,0.0,0.0,0.0,0.0,0.0,0.0,0.0,0.0,0.0,0.0,0.0,0.0,0.0,0.0,0.0,0.0,0.0,0.0,0.0,0.0,0.0,0.0,0.0,0.0,0.0,0.0,0.0,1.0,0.0,0.0,0.0,0.0,0.0,0.0,0.0,0.0,0.0,0.0,0.0,34.0,0.0,1.0,3319.0,6.9570138888888895,3.0,nan,nan,nan,nan,nan,nan,none,-0.044,0,0.99751,none,-5.822,-0.0592,0.9881,none,1.962,0.0061,1,none,-1.873,-0.0184,0.99531,none,0,0,1,none,-14,-0.0131,1,none
a895995083b74bf908e8c7b106b02492eb7448e0,bea433ef54da2a749fd7f351e68be4a188aac4b2,2026-06-07T16:23:12+02:00,ok,1.0,4.0,0.0,1.0,1.0,0.0,0.0,1.0,4.0,0.0,0.0,0.0,0.0,0.0,0.0,0.0,0.0,0.0,0.0,0.0,0.0,0.0,0.0,0.0,0.0,0.0,0.0,0.0,0.0,0.0,0,0,0,0,0,0,0,0,1.0,0.0,0.0,0.0,0.0,0.0,0.0,0.0,0.0,0.0,0.0,0.0,0.0,0.0,0.0,0.0,0.0,0.0,0.0,0.0,0.0,0.0,0.0,0.0,0.0,0.0,0.0,0.0,0.0,0.0,0.0,0.0,0.0,0.0,0.0,0.0,0.0,0.0,0.0,0.0,0.0,0.0,0.0,0.0,0.0,0.0,0.0,0.0,0.0,0.0,0.0,0.0,0.0,0.0,1.0,0.0,0.0,0.0,0.0,0.0,0.0,0.0,0.0,0.0,0.0,0.0,74.0,0.0,1.0,3324.0,9.026226851851852,2.0,nan,nan,nan,nan,nan,nan,none,35.376,0.0202,0.9399,none,0.064,0.0006,0.9881,none,-30.995,-0.0892,1,none,-2.976,-0.0292,1,none,0,0,1,none,63,0.0592,1,none
19c0b10299d9000a888e87086fd2805d58e9f3fb,966514a0b64c29e392916e8bc3f192ae92ac65c8,2026-06-08T13:13:56+02:00,ok,2.0,37.0,31.0,2.0,2.0,0.9774178175281716,0.0,0.0,0.0,0.0,0.0,0.0,0.0,0.0,0.0,2.0,68.0,0.0,0.0,0.0,0.0,0.0,0.0,0.0,0.0,0.0,0.0,0.0,0.0,1.0,0,0,0,0,0,0,0,0,0.0,0.0,0.0,0.0,0.0,0.0,0.0,0.0,0.0,0.0,0.0,0.0,0.0,0.0,0.0,0.0,0.0,0.0,0.0,0.0,0.0,0.0,0.0,0.0,0.0,0.0,0.0,0.0,0.0,0.0,0.0,0.0,0.0,0.0,0.0,0.0,0.0,0.0,0.0,0.0,0.0,0.0,0.0,0.0,0.0,0.0,0.0,0.0,0.0,0.0,0.0,0.0,0.0,0.0,1.0,0.0,0.0,0.0,0.0,0.0,0.0,0.0,0.0,0.0,0.0,0.0,49.0,0.0,1.0,3329.0,0.0,0.0,nan,nan,nan,nan,nan,nan,none,5.18,0.0029,0.9399,none,0.912,0.0091,0.9881,none,4.386,0.0138,1,none,-1.725,-0.0168,0.99531,none,0,0,1,none,-22,-0.0206,1,none
13f73d1e01273a3d78048b7a56fc3f8da6136320,109347bc6e0d9e7d97190d291485477d6b17c981,2026-06-08T17:50:18+02:00,ok,31.0,1497.0,2327.0,16.0,2.0,0.7644814593469553,0.0,27.0,3504.0,2.0,210.0,1.0,49.0,0.0,0.0,1.0,61.0,0.0,0.0,0.0,0.0,0.0,0.0,0.0,0.0,0.0,0.0,0.0,0.0,0.0,0,0,0,0,0,0,0,0,93.0,55.0,0.0,0.0,0.0,0.0,0.0,0.0,0.0,0.0,0.0,0.0,2.0,1.0,1.0,1.0,0.0,0.0,2.0,1.0,5.0,12.0,0.0,0.0,0.0,1.0,0.0,2.0,0.0,0.0,0.0,0.0,33.0,44.0,1.0,1.0,0.0,0.0,0.0,0.0,0.0,0.0,0.0,0.0,4.0,40.0,1.0,2.0,2.0,1.0,0.0,0.0,0.0,1.0,0.0,0.0,0.0,0.0,0.0,0.0,0.0,0.0,0.0,0.0,0.0,0.0,51.0,0.0,1.0,546.0,21.656759259259257,16.0,nan,nan,nan,nan,nan,nan,regression,5.961,0.0034,0.9399,none,-3.308,-0.0329,0.91515,none,36.03,0.1125,0.04964,regression,1.432,0.0144,0.99531,none,0,0,1,none,6,0.0055,1,none
7aba9d05854c0c5806bffd59ce24a9f77ba378c3,1dbddc45bd46541e51b1c619296e8b4a53511263,2026-06-09T22:04:33+02:00,ok,2.0,25.0,4.0,2.0,2.0,0.9784493292686189,0.0,1.0,12.0,0.0,0.0,0.0,0.0,0.0,0.0,1.0,17.0,0.0,0.0,0.0,0.0,0.0,0.0,0.0,0.0,0.0,0.0,0.0,0.0,0.0,0,0,0,0,0,0,0,0,0.0,0.0,0.0,0.0,0.0,0.0,0.0,0.0,0.0,0.0,0.0,0.0,0.0,0.0,0.0,0.0,0.0,0.0,0.0,0.0,0.0,0.0,0.0,0.0,0.0,0.0,0.0,0.0,0.0,0.0,0.0,0.0,0.0,0.0,0.0,0.0,0.0,0.0,0.0,0.0,0.0,0.0,0.0,0.0,0.0,0.0,0.0,0.0,0.0,0.0,0.0,0.0,0.0,0.0,1.0,0.0,0.0,0.0,0.0,0.0,0.0,0.0,0.0,0.0,0.0,0.0,59.0,0.0,1.0,3337.0,0.11085648148148149,5.0,nan,nan,nan,nan,nan,nan,none,7.934,0.0045,0.9609,none,-0.983,-0.0104,0.91515,none,-1.076,-0.003,1,none,1.679,0.0167,0.99958,none,0,0,1,none,27,0.0263,1,none
6f16874dcad10ccbbc1627081dc2408179d4eac4,06eb5b78b0998ff3b4a73160ec3abf30125ffe88,2026-06-10T12:44:08+02:00,ok,2.0,2.0,2.0,2.0,2.0,1.0,0.0,1.0,2.0,0.0,0.0,0.0,0.0,0.0,0.0,1.0,2.0,0.0,0.0,0.0,0.0,0.0,0.0,0.0,0.0,0.0,0.0,0.0,0.0,0.0,0,0,0,0,0,0,0,0,0.0,0.0,0.0,0.0,0.0,0.0,0.0,0.0,0.0,0.0,0.0,0.0,0.0,0.0,0.0,0.0,0.0,0.0,0.0,0.0,0.0,0.0,0.0,0.0,0.0,0.0,0.0,0.0,0.0,0.0,0.0,0.0,0.0,0.0,0.0,0.0,0.0,0.0,0.0,0.0,0.0,0.0,0.0,0.0,0.0,0.0,0.0,0.0,0.0,0.0,0.0,0.0,0.0,0.0,1.0,0.0,0.0,0.0,0.0,0.0,0.0,0.0,0.0,0.0,0.0,0.0,19.0,0.0,1.0,3343.0,0.5721527777777777,1.0,nan,nan,nan,nan,nan,nan,none,-24.478,-0.0137,1,none,5.875,0.0612,0.86211,none,2.574,0.0072,1,none,6.718,0.0682,0.99531,none,0,0,1,none,-25,-0.0225,1,none
242461964f7c0777e9732ca55b1eaeff3eaa2d60,3decd114ab8daf6a68f9783cc5dd62c3ac41d1c9,2026-06-10T19:30:08+02:00,ok,1.0,16.0,6.0,1.0,1.0,0.0,0.0,1.0,22.0,0.0,0.0,0.0,0.0,0.0,0.0,0.0,0.0,0.0,0.0,0.0,0.0,0.0,0.0,0.0,0.0,0.0,0.0,0.0,0.0,0.0,0,0,0,0,0,0,0,0,0.0,0.0,0.0,0.0,0.0,0.0,0.0,0.0,0.0,0.0,0.0,0.0,0.0,0.0,0.0,0.0,0.0,0.0,0.0,0.0,0.0,0.0,0.0,0.0,0.0,0.0,0.0,0.0,0.0,0.0,0.0,0.0,0.0,0.0,0.0,0.0,0.0,0.0,0.0,0.0,0.0,0.0,0.0,0.0,0.0,0.0,0.0,0.0,0.0,0.0,0.0,0.0,0.0,0.0,1.0,0.0,0.0,0.0,0.0,0.0,0.0,0.0,0.0,0.0,0.0,0.0,21.0,0.0,1.0,3348.0,0.031261574074074074,1.0,nan,nan,nan,nan,nan,nan,none,-40.648,-0.0226,0.9609,none,3.588,0.0371,1,none,1.647,0.0046,1,none,2.291,0.023,0.99531,none,0,0,1,none,-78,-0.0694,1,none
281648fa4b6fdc88016b4ed55f72b1492bda3fe8,771e28eddc5808ee00668d21a0fe2ec20c1d4daf,2026-06-10T23:57:36+02:00,ok,1.0,287.0,255.0,1.0,1.0,0.0,0.0,1.0,542.0,0.0,0.0,0.0,0.0,0.0,0.0,0.0,0.0,0.0,0.0,0.0,0.0,0.0,0.0,0.0,0.0,0.0,0.0,0.0,0.0,0.0,0,0,0,0,0,0,0,0,0.0,0.0,0.0,0.0,0.0,0.0,0.0,0.0,0.0,0.0,0.0,0.0,16.0,17.0,0.0,0.0,0.0,2.0,0.0,0.0,3.0,2.0,0.0,0.0,0.0,0.0,0.0,0.0,0.0,0.0,0.0,0.0,0.0,0.0,0.0,0.0,0.0,0.0,0.0,0.0,0.0,0.0,0.0,0.0,0.0,0.0,0.0,0.0,0.0,0.0,0.0,0.0,0.0,0.0,1.0,0.0,0.0,0.0,0.0,0.0,0.0,0.0,0.0,0.0,0.0,0.0,76.0,0.0,1.0,3353.0,0.01871527777777778,1.0,nan,nan,nan,nan,nan,nan,none,1.556,0.0009,0.99751,none,11.521,0.1212,0.91515,none,-2.123,-0.0059,1,none,7.338,0.0734,0.9881,none,0,0,1,none,31,0.0297,1,none
8a0b3dd4f97f095cad99ff21c8a8e5d763b89bd0,4dbef36c99972943308315d777a1e797f018e328,2026-06-11T14:15:57+02:00,ok,3.0,251.0,325.0,3.0,3.0,0.04209527847229054,0.0,0.0,0.0,0.0,0.0,0.0,0.0,0.0,0.0,0.0,0.0,0.0,0.0,0.0,0.0,0.0,0.0,2.0,4.0,1.0,572.0,0.0,0.0,0.0,0,0,0,0,0,0,2,0,0.0,0.0,0.0,0.0,0.0,0.0,0.0,0.0,0.0,0.0,0.0,0.0,0.0,0.0,0.0,0.0,0.0,0.0,0.0,0.0,0.0,0.0,0.0,0.0,0.0,0.0,0.0,0.0,0.0,0.0,0.0,0.0,0.0,0.0,0.0,0.0,0.0,0.0,0.0,0.0,0.0,0.0,0.0,0.0,0.0,0.0,0.0,0.0,0.0,0.0,0.0,0.0,0.0,0.0,0.0,0.0,1.0,0.0,0.0,0.0,0.0,0.0,0.0,0.0,0.0,1.0,60.0,0.0,1.0,89.0,11.913136574074073,5.0,nan,nan,nan,nan,nan,nan,none,21.778,0.0123,0.99751,none,1.48,0.0148,1,none,3.031,0.0084,0.9881,none,2.554,0.0244,1,none,0,0,1,none,-24,-0.0211,1,none
271e328eb4ea9b5422220809d06edfd6644ad475,a4ea5d52fb59b4f48a516a61aaa1ae5463cb6108,2026-06-12T17:37:48+02:00,ok,2.0,1.0,40.0,2.0,2.0,0.1654270339962668,0.0,0.0,0.0,0.0,0.0,0.0,0.0,0.0,0.0,1.0,1.0,0.0,0.0,0.0,0.0,0.0,0.0,0.0,0.0,0.0,0.0,1.0,40.0,0.0,0,0,0,0,0,0,0,0,0.0,0.0,0.0,0.0,0.0,0.0,0.0,0.0,0.0,0.0,0.0,0.0,0.0,0.0,0.0,0.0,0.0,0.0,0.0,0.0,0.0,0.0,0.0,0.0,0.0,0.0,0.0,0.0,0.0,0.0,0.0,0.0,0.0,0.0,0.0,0.0,0.0,0.0,0.0,0.0,0.0,0.0,0.0,0.0,0.0,0.0,0.0,0.0,0.0,0.0,0.0,0.0,0.0,0.0,1.0,0.0,0.0,0.0,0.0,0.0,0.0,0.0,0.0,0.0,0.0,0.0,30.0,0.0,2.0,3356.0,0.015034722222222222,2.0,nan,nan,nan,nan,nan,nan,none,-0.328,-0.0002,0.99751,none,3.616,0.038,0.91515,none,20.322,0.0647,0.93785,none,1.223,0.0122,0.99531,none,0,0,1,none,15,0.0136,1,none
b7d6edf999b6b95242fe9db5a0cd40573b4f3864,80cdc57a783fdcbc516b7d92ec27de142545d1ca,2026-06-12T23:16:24+02:00,ok,2.0,89.0,21.0,2.0,2.0,0.13110652958234503,0.0,0.0,0.0,0.0,0.0,0.0,0.0,0.0,0.0,0.0,0.0,0.0,0.0,0.0,0.0,0.0,0.0,1.0,2.0,1.0,108.0,0.0,0.0,0.0,0,0,1,0,0,0,0,0,0.0,0.0,0.0,0.0,0.0,0.0,0.0,0.0,0.0,0.0,0.0,0.0,0.0,0.0,0.0,0.0,0.0,0.0,0.0,0.0,0.0,0.0,0.0,0.0,0.0,0.0,0.0,0.0,0.0,0.0,0.0,0.0,0.0,0.0,0.0,0.0,0.0,0.0,0.0,0.0,0.0,0.0,0.0,0.0,0.0,0.0,0.0,0.0,0.0,0.0,0.0,0.0,0.0,0.0,0.0,0.0,1.0,0.0,0.0,0.0,0.0,0.0,0.0,0.0,0.0,1.0,60.0,0.0,1.0,93.0,0.01957175925925926,5.0,nan,nan,nan,nan,nan,nan,none,5.357,0.003,0.99751,none,0.258,0.0026,1,none,2.346,0.0074,1,none,-6.487,-0.0618,0.99531,none,0,0,1,none,1,0.0009,1,none
70f84ab9ccbeeec96f0ef76cc57a712c6f7b531a,5086bb6111275e2e3df206e53897167d47728d53,2026-06-13T00:03:35+02:00,ok,4.0,26.0,3.0,3.0,1.0,0.9748750419148657,0.0,0.0,0.0,1.0,5.0,1.0,6.0,0.0,0.0,2.0,18.0,0.0,0.0,0.0,0.0,0.0,0.0,0.0,0.0,0.0,0.0,0.0,0.0,0.0,0,0,0,0,0,0,0,0,0.0,0.0,0.0,0.0,0.0,0.0,0.0,0.0,0.0,0.0,0.0,0.0,0.0,0.0,0.0,0.0,0.0,0.0,0.0,0.0,0.0,0.0,0.0,0.0,0.0,0.0,0.0,0.0,0.0,0.0,0.0,0.0,0.0,0.0,0.0,0.0,0.0,0.0,0.0,0.0,0.0,0.0,0.0,0.0,1.0,0.0,0.0,0.0,0.0,0.0,0.0,0.0,0.0,0.0,1.0,0.0,0.0,0.0,0.0,0.0,0.0,0.0,0.0,0.0,0.0,0.0,61.0,0.0,1.0,3360.0,0.0,9.0,nan,nan,nan,nan,nan,nan,none,-19.678,-0.0109,0.99751,none,7.123,0.0782,0.9881,none,2.299,0.0072,1,none,-1.478,-0.0149,1,none,0,0,1,none,-11,-0.0103,1,none
d2933a8b067432d6a60b358caed2b5bd28c1e3ad,b751e7dbb1e10cfd2c930d366604bc3eeac4945c,2026-06-13T12:59:45+02:00,ok,3.0,16.0,10.0,2.0,2.0,0.4878527713892913,0.0,1.0,2.0,0.0,0.0,0.0,0.0,0.0,0.0,2.0,24.0,0.0,0.0,0.0,0.0,0.0,0.0,0.0,0.0,0.0,0.0,0.0,0.0,0.0,0,0,0,0,0,0,0,0,0.0,0.0,0.0,0.0,0.0,0.0,0.0,0.0,0.0,0.0,0.0,0.0,0.0,0.0,0.0,0.0,0.0,0.0,0.0,0.0,0.0,0.0,0.0,0.0,0.0,0.0,0.0,0.0,0.0,0.0,0.0,0.0,0.0,0.0,0.0,0.0,0.0,0.0,0.0,0.0,0.0,0.0,0.0,0.0,0.0,0.0,0.0,0.0,0.0,0.0,0.0,0.0,0.0,0.0,0.0,0.0,0.0,0.0,0.0,0.0,0.0,0.0,1.0,0.0,1.0,0.0,44.0,0.0,1.0,3365.0,0.02011574074074074,1.0,nan,nan,nan,nan,nan,nan,none,15.905,0.0089,0.9399,none,1.251,0.0128,1,none,-2.793,-0.0088,0.9881,none,-2.941,-0.0291,0.99531,none,0,0,1,none,25,0.0223,1,none
1ef904d3781864555656f64e307e21e3d3183525,6a346d9d96197d7d922e51d3b1e925da545637bb,2026-06-13T13:55:19+02:00,ok,2.0,12.0,8.0,2.0,1.0,0.9709505944546686,0.0,0.0,0.0,0.0,0.0,0.0,0.0,0.0,0.0,2.0,20.0,0.0,0.0,0.0,0.0,0.0,0.0,0.0,0.0,0.0,0.0,0.0,0.0,1.0,0,0,0,0,0,0,0,0,0.0,0.0,0.0,0.0,0.0,0.0,0.0,0.0,0.0,0.0,0.0,0.0,0.0,0.0,0.0,0.0,0.0,0.0,0.0,0.0,0.0,0.0,0.0,0.0,0.0,0.0,0.0,0.0,0.0,0.0,0.0,0.0,0.0,0.0,0.0,0.0,0.0,0.0,0.0,0.0,0.0,0.0,0.0,0.0,0.0,0.0,0.0,0.0,0.0,0.0,0.0,0.0,0.0,1.0,0.0,0.0,0.0,0.0,0.0,0.0,0.0,0.0,0.0,0.0,0.0,0.0,22.0,0.0,1.0,3370.0,0.0,0.0,nan,nan,nan,nan,nan,nan,none,1.357,0.0008,0.99751,none,-1.033,-0.0105,0.91515,none,0.941,0.003,0.96339,none,1.577,0.0163,0.99531,none,0,0,1,none,-4,-0.0038,1,none
443b03af2ff59721390492d46c22052f96f899c5,8adc639b8a8bacba5568abd78ea119f73b60a93e,2026-06-13T21:45:10+02:00,ok,2.0,2.0,2.0,2.0,2.0,1.0,0.0,1.0,2.0,0.0,0.0,0.0,0.0,0.0,0.0,1.0,2.0,0.0,0.0,0.0,0.0,0.0,0.0,0.0,0.0,0.0,0.0,0.0,0.0,0.0,0,0,0,0,0,0,0,0,0.0,0.0,0.0,0.0,0.0,0.0,0.0,0.0,0.0,0.0,0.0,0.0,0.0,0.0,0.0,0.0,0.0,0.0,0.0,0.0,0.0,0.0,0.0,0.0,0.0,0.0,0.0,0.0,0.0,0.0,0.0,0.0,0.0,0.0,0.0,0.0,0.0,0.0,0.0,0.0,0.0,0.0,0.0,0.0,0.0,0.0,0.0,0.0,0.0,0.0,0.0,0.0,0.0,0.0,1.0,0.0,0.0,0.0,0.0,0.0,0.0,0.0,0.0,0.0,0.0,0.0,19.0,0.0,1.0,3376.0,0.2107175925925926,1.0,nan,nan,nan,nan,nan,nan,none,-13.251,-0.0073,0.99751,none,2.391,0.0247,0.81373,none,-4.804,-0.0149,0.9881,none,-0.743,-0.0076,1,none,0,0,1,none,-3,-0.0028,1,none
77d4efb4daaef57caa7238c7d529855aaba0e313,d538f735c82fc9f759ec522dee6a93697a925811,2026-06-14T18:08:26+02:00,ok,2.0,7.0,1.0,2.0,1.0,0.954434002924965,0.0,1.0,3.0,0.0,0.0,0.0,0.0,0.0,0.0,1.0,5.0,0.0,0.0,0.0,0.0,0.0,0.0,0.0,0.0,0.0,0.0,0.0,0.0,0.0,0,0,0,0,0,0,0,0,0.0,0.0,0.0,0.0,0.0,0.0,0.0,0.0,0.0,0.0,0.0,0.0,0.0,0.0,0.0,0.0,0.0,0.0,0.0,0.0,0.0,0.0,0.0,0.0,0.0,0.0,0.0,0.0,0.0,0.0,0.0,0.0,0.0,0.0,0.0,0.0,0.0,0.0,0.0,0.0,0.0,0.0,0.0,0.0,0.0,0.0,0.0,0.0,0.0,0.0,0.0,0.0,0.0,0.0,1.0,0.0,0.0,0.0,0.0,0.0,0.0,0.0,0.0,0.0,0.0,0.0,42.0,0.0,1.0,3381.0,1.1984606481481481,3.0,nan,nan,nan,nan,nan,nan,none,1.982,0.0011,0.9399,none,0.848,0.0085,0.97135,none,2.567,0.0081,0.93785,none,6.361,0.0641,0.99531,none,0,0,1,none,33,0.031,1,none
e3ebff10ae60527406a6aec23d1ec5662c7de09b,de7dec302b3bae68f1cd07d0ca57f3de02f9ad23,2026-06-15T16:32:33+02:00,ok,2.0,277.0,49.0,2.0,1.0,0.4120457519499515,0.0,0.0,0.0,0.0,0.0,0.0,0.0,0.0,0.0,2.0,326.0,0.0,0.0,0.0,0.0,0.0,0.0,0.0,0.0,0.0,0.0,0.0,0.0,1.0,0,0,0,0,0,0,0,0,0.0,0.0,0.0,0.0,0.0,0.0,0.0,0.0,0.0,0.0,0.0,0.0,0.0,0.0,0.0,0.0,0.0,0.0,0.0,0.0,0.0,0.0,0.0,0.0,0.0,0.0,0.0,0.0,0.0,0.0,0.0,0.0,0.0,0.0,0.0,0.0,0.0,0.0,0.0,0.0,0.0,0.0,0.0,0.0,0.0,0.0,0.0,0.0,0.0,0.0,0.0,0.0,0.0,0.0,1.0,0.0,0.0,0.0,0.0,0.0,0.0,0.0,0.0,0.0,0.0,0.0,66.0,1.0,1.0,3386.0,0.0,0.0,nan,nan,nan,nan,nan,nan,none,-3.986,-0.0022,0.99751,none,5.421,0.0561,0.86211,none,0.958,0.003,1,none,-0.832,-0.0084,0.99531,none,0,0,1,none,-6,-0.0057,1,none
54100d2d47cb383d6e46175f0613f931f1a4a562,adfe322d30de18aaa9cdafd4bed0384cc6289ee6,2026-06-16T17:54:30+02:00,ok,5.0,54.0,53.0,4.0,1.0,0.5264299128766196,0.0,5.0,107.0,0.0,0.0,0.0,0.0,0.0,0.0,0.0,0.0,0.0,0.0,0.0,0.0,0.0,0.0,0.0,0.0,0.0,0.0,0.0,0.0,0.0,0,0,0,0,0,0,0,0,9.0,2.0,1.0,1.0,1.0,1.0,0.0,0.0,0.0,0.0,0.0,0.0,38.0,0.0,0.0,0.0,4.0,0.0,16.0,0.0,19.0,0.0,7.0,0.0,2.0,0.0,0.0,0.0,13.0,0.0,0.0,0.0,1.0,1.0,3.0,1.0,0.0,0.0,0.0,0.0,0.0,0.0,0.0,0.0,21.0,1.0,2.0,0.0,0.0,0.0,0.0,0.0,0.0,0.0,1.0,0.0,0.0,0.0,0.0,0.0,0.0,0.0,0.0,0.0,0.0,0.0,60.0,0.0,1.0,3397.0,5.964849537037037,5.0,nan,nan,nan,nan,nan,nan,none,41.17,0.023,0.9399,none,-0.406,-0.0041,0.91515,none,0.425,0.0013,1,none,0.925,0.009,0.99958,none,0,0,1,none,64,0.0604,1,none
6607138ac4af862cc7a79d7456481f3972685640,c95786acf47be3bd7c850dddf662bf5beba68054,2026-06-17T00:20:25+02:00,ok,6.0,50.0,3.0,5.0,1.0,0.851585928662491,0.0,6.0,53.0,0.0,0.0,0.0,0.0,0.0,0.0,0.0,0.0,0.0,0.0,0.0,0.0,0.0,0.0,0.0,0.0,0.0,0.0,0.0,0.0,0.0,0,0,0,0,0,0,0,0,8.0,0.0,0.0,0.0,0.0,0.0,0.0,0.0,0.0,0.0,0.0,0.0,0.0,0.0,1.0,0.0,0.0,0.0,0.0,0.0,0.0,0.0,0.0,0.0,0.0,0.0,0.0,0.0,0.0,0.0,0.0,0.0,0.0,0.0,0.0,0.0,0.0,0.0,0.0,0.0,0.0,0.0,0.0,0.0,0.0,0.0,0.0,0.0,0.0,0.0,0.0,0.0,0.0,0.0,0.0,0.0,0.0,0.0,0.0,0.0,0.0,1.0,0.0,0.0,0.0,0.0,45.0,0.0,1.0,3402.0,40.37028240740741,3.0,nan,nan,nan,nan,nan,nan,none,5.068,0.0028,1,none,-6.063,-0.0593,0.91515,none,1.189,0.0037,1,none,-5.57,-0.0543,0.99531,none,0,0,1,none,17,0.0159,1,none
667ee5dfbc6704584633465376391e879c970d5a,8b651cb980ce03aab6ab92d9bc243cb4af6b89df,2026-06-17T17:45:10+02:00,ok,2.0,3.0,3.0,2.0,2.0,0.9182958340544896,0.0,2.0,6.0,0.0,0.0,0.0,0.0,0.0,0.0,0.0,0.0,0.0,0.0,0.0,0.0,0.0,0.0,0.0,0.0,0.0,0.0,0.0,0.0,0.0,0,0,0,0,0,0,0,0,1.0,1.0,0.0,0.0,0.0,0.0,0.0,0.0,0.0,0.0,0.0,0.0,0.0,0.0,0.0,0.0,0.0,0.0,0.0,0.0,0.0,0.0,0.0,0.0,0.0,0.0,0.0,0.0,0.0,0.0,0.0,0.0,0.0,0.0,0.0,0.0,0.0,0.0,0.0,0.0,0.0,0.0,0.0,0.0,0.0,0.0,0.0,0.0,0.0,0.0,0.0,1.0,0.0,0.0,0.0,0.0,0.0,0.0,0.0,0.0,0.0,0.0,0.0,0.0,0.0,0.0,65.0,0.0,2.0,554.0,6.156226851851852,3.0,nan,nan,nan,nan,nan,nan,none,11.689,0.0065,0.9399,none,0.881,0.009,0.91515,none,-2.029,-0.0059,1,none,1.943,0.0197,0.99531,none,0,0,1,none,73,0.0691,1,none
180f8cbf59cf650735c23dd188e0840e2b11da67,bd079bb5fb5a0b0300bcfa13cf4dd0cec88b964b,2026-06-19T10:10:17+02:00,ok,2.0,34.0,20.0,2.0,2.0,0.228538143953528,0.0,1.0,2.0,0.0,0.0,0.0,0.0,0.0,0.0,1.0,52.0,0.0,0.0,0.0,0.0,0.0,0.0,0.0,0.0,0.0,0.0,0.0,0.0,0.0,0,0,0,0,0,0,0,0,0.0,0.0,0.0,0.0,0.0,0.0,0.0,0.0,0.0,0.0,0.0,0.0,0.0,0.0,0.0,0.0,0.0,0.0,0.0,0.0,0.0,0.0,0.0,0.0,0.0,0.0,0.0,0.0,0.0,0.0,0.0,0.0,0.0,0.0,0.0,0.0,0.0,0.0,0.0,0.0,0.0,0.0,0.0,0.0,0.0,0.0,0.0,0.0,0.0,0.0,0.0,0.0,0.0,0.0,1.0,0.0,0.0,0.0,0.0,0.0,0.0,0.0,0.0,0.0,0.0,0.0,42.0,0.0,1.0,3409.0,1.8778587962962963,1.0,nan,nan,nan,nan,nan,nan,none,45.993,0.0257,1,none,1.923,0.0192,0.91515,none,0.505,0.0015,1,none,0.239,0.0024,0.99958,none,0,0,1,none,103,0.0982,1,none
aa676d3221a08243042b5387ec2efef1033d1a9a,3fc9c8d2a41e98258d2790365c0fbcfaab313712,2026-06-21T11:49:27+02:00,ok,1.0,1.0,1.0,1.0,1.0,0.0,0.0,0.0,0.0,0.0,0.0,0.0,0.0,0.0,0.0,1.0,2.0,0.0,0.0,0.0,0.0,0.0,0.0,0.0,0.0,0.0,0.0,0.0,0.0,1.0,0,0,0,0,0,0,0,0,0.0,0.0,0.0,0.0,0.0,0.0,0.0,0.0,0.0,0.0,0.0,0.0,0.0,0.0,0.0,0.0,0.0,0.0,0.0,0.0,0.0,0.0,0.0,0.0,0.0,0.0,0.0,0.0,0.0,0.0,0.0,0.0,0.0,0.0,0.0,0.0,0.0,0.0,0.0,0.0,0.0,0.0,0.0,0.0,0.0,0.0,0.0,0.0,0.0,0.0,0.0,1.0,0.0,0.0,0.0,0.0,0.0,0.0,0.0,0.0,0.0,0.0,0.0,0.0,0.0,0.0,50.0,0.0,1.0,3414.0,0.0,0.0,nan,nan,nan,nan,nan,nan,none,-7.696,-0.0043,0.99751,none,4.309,0.0473,0.91515,none,1.123,0.0032,1,none,0.764,0.008,1,none,0,0,1,none,3,0.0028,1,none
994616b06030512198a68ae66c6f954651707cd7,0bd1b211b8ecf3eb6d39bc6b9b3e522bea3fed31,2026-06-21T18:20:29+02:00,ok,3.0,60.0,58.0,3.0,2.0,0.9940569211838113,0.0,2.0,73.0,0.0,0.0,0.0,0.0,0.0,0.0,1.0,45.0,0.0,0.0,0.0,0.0,0.0,0.0,0.0,0.0,0.0,0.0,0.0,0.0,0.0,0,0,0,0,0,0,0,0,0.0,0.0,0.0,0.0,0.0,0.0,0.0,0.0,0.0,0.0,0.0,0.0,0.0,0.0,0.0,0.0,0.0,0.0,0.0,0.0,0.0,0.0,0.0,0.0,0.0,0.0,0.0,0.0,0.0,0.0,0.0,0.0,0.0,0.0,0.0,0.0,0.0,0.0,0.0,0.0,0.0,0.0,0.0,0.0,0.0,0.0,0.0,0.0,0.0,0.0,0.0,0.0,0.0,1.0,0.0,0.0,0.0,0.0,0.0,0.0,0.0,0.0,0.0,0.0,0.0,0.0,78.0,0.0,1.0,97.0,0.07255787037037037,4.0,nan,nan,nan,nan,nan,nan,none,6.779,0.0038,0.9609,none,-3.821,-0.0384,0.9881,none,-1.932,-0.0054,0.9881,none,-5.678,-0.0545,0.99958,none,0,0,1,none,33,0.0313,1,none
2c94bff61574ece6cac8e5c5f8882c20a567a84c,3a7a7102cd5022230dd54be2f52cc28b098429e7,2026-06-24T11:42:22+02:00,ok,4.0,8.0,63.0,3.0,2.0,0.6877936103134616,0.0,3.0,34.0,0.0,0.0,0.0,0.0,0.0,0.0,1.0,37.0,0.0,0.0,0.0,0.0,0.0,0.0,0.0,0.0,0.0,0.0,0.0,0.0,0.0,0,0,0,0,0,0,0,0,1.0,1.0,0.0,0.0,0.0,0.0,0.0,0.0,0.0,0.0,0.0,0.0,0.0,0.0,0.0,0.0,0.0,0.0,0.0,0.0,0.0,1.0,0.0,0.0,0.0,0.0,0.0,0.0,0.0,0.0,0.0,0.0,0.0,0.0,0.0,0.0,0.0,0.0,0.0,0.0,0.0,0.0,0.0,0.0,0.0,0.0,0.0,0.0,0.0,0.0,0.0,0.0,0.0,1.0,0.0,0.0,0.0,0.0,0.0,0.0,0.0,0.0,0.0,0.0,0.0,0.0,70.0,0.0,1.0,98.0,42.18332561728395,10.0,nan,nan,nan,nan,nan,nan,none,-40.806,-0.0223,0.9609,none,-2.117,-0.0214,0.91515,none,-1.784,-0.005,0.9881,none,-1.655,-0.0163,0.99531,none,0,0,1,none,-69,-0.0618,1,none
28db631f22937dfe1af120ddb1fc2dbb0991c24d,7adf5e19f1b1bda035922ad89369c599d6ed66ac,2026-06-26T10:29:39+02:00,ok,53.0,1318.0,1344.0,17.0,1.0,0.7398104944993921,0.0,46.0,2129.0,5.0,244.0,2.0,289.0,0.0,0.0,0.0,0.0,0.0,0.0,0.0,0.0,0.0,0.0,0.0,0.0,0.0,0.0,0.0,0.0,0.0,0,0,0,0,0,0,0,0,120.0,74.0,0.0,0.0,0.0,0.0,0.0,0.0,0.0,0.0,0.0,0.0,12.0,1.0,0.0,0.0,0.0,0.0,0.0,1.0,7.0,5.0,0.0,0.0,0.0,0.0,0.0,0.0,0.0,0.0,0.0,0.0,24.0,12.0,0.0,0.0,0.0,0.0,0.0,0.0,0.0,2.0,0.0,0.0,0.0,55.0,0.0,0.0,0.0,0.0,0.0,0.0,0.0,1.0,0.0,0.0,0.0,0.0,0.0,0.0,0.0,0.0,0.0,0.0,0.0,0.0,50.0,0.0,1.0,558.0,22.49723544973545,8.0,nan,nan,nan,nan,nan,nan,improvement,-0.48,-0.0003,0.9399,none,1.045,0.0108,0.91515,none,-39.938,-0.1109,0,improvement,-1.169,-0.0118,0.99531,none,0,0,1,none,6,0.0057,1,none
00fbfb0531141cbb93642ea94d02ef82f7c17157,3ca07c6553502b8a153a3834316568550889158b,2026-07-04T13:51:43+02:00,ok,1.0,10.0,3.0,1.0,1.0,0.0,0.0,1.0,13.0,0.0,0.0,0.0,0.0,0.0,0.0,0.0,0.0,0.0,0.0,0.0,0.0,0.0,0.0,0.0,0.0,0.0,0.0,0.0,0.0,0.0,0,0,0,0,0,0,0,0,0.0,0.0,0.0,0.0,0.0,0.0,0.0,0.0,0.0,0.0,0.0,0.0,0.0,0.0,0.0,0.0,0.0,0.0,0.0,0.0,0.0,0.0,0.0,0.0,0.0,0.0,0.0,0.0,0.0,0.0,0.0,0.0,0.0,0.0,0.0,0.0,0.0,0.0,0.0,0.0,0.0,0.0,0.0,0.0,0.0,0.0,0.0,0.0,0.0,0.0,0.0,1.0,0.0,0.0,0.0,0.0,0.0,0.0,0.0,0.0,0.0,0.0,0.0,0.0,0.0,0.0,63.0,0.0,1.0,0.0,6.913796296296296,2.0,nan,nan,nan,nan,nan,nan,none,-4.233,-0.0024,0.9609,none,5.691,0.0598,0.91515,none,0.344,0.0011,1,none,-1.347,-0.014,0.99958,none,0,0,1,none,-16,-0.0153,1,none
c6ebe215d88d384e76b34b426430653722834111,875a512f34f189fe77ba9e83db69198aa6211254,2026-07-05T13:01:45+02:00,ok,1.0,6.0,0.0,1.0,1.0,0.0,0.0,0.0,0.0,0.0,0.0,0.0,0.0,0.0,0.0,1.0,6.0,0.0,0.0,0.0,0.0,0.0,0.0,0.0,0.0,0.0,0.0,0.0,0.0,1.0,0,0,0,0,0,0,0,0,0.0,0.0,0.0,0.0,0.0,0.0,0.0,0.0,0.0,0.0,0.0,0.0,0.0,0.0,0.0,0.0,0.0,0.0,0.0,0.0,0.0,0.0,0.0,0.0,0.0,0.0,0.0,0.0,0.0,0.0,0.0,0.0,0.0,0.0,0.0,0.0,0.0,0.0,0.0,0.0,0.0,0.0,0.0,0.0,0.0,0.0,0.0,0.0,0.0,0.0,0.0,1.0,0.0,0.0,0.0,0.0,0.0,0.0,0.0,0.0,0.0,0.0,0.0,0.0,0.0,0.0,58.0,0.0,1.0,100.0,0.0,0.0,nan,nan,nan,nan,nan,nan,none,1.96,0.0011,0.99751,none,0.99,0.0102,1,none,-0.429,-0.0013,1,none,-2.168,-0.0228,1,none,0,0,1,none,-16,-0.0149,1,none
f02b64ea529199cacf86912f556b2350a566ed6d,c477efa929d3807bb13bc1efa93e912faf08a14e,2026-07-05T15:57:49+02:00,ok,3.0,525.0,0.0,3.0,3.0,0.02517978675192756,0.0,2.0,2.0,0.0,0.0,0.0,0.0,0.0,0.0,0.0,0.0,0.0,0.0,0.0,0.0,1.0,523.0,0.0,0.0,0.0,0.0,0.0,0.0,0.0,0,0,0,0,0,0,0,0,0.0,0.0,0.0,0.0,0.0,0.0,0.0,0.0,0.0,0.0,0.0,0.0,0.0,0.0,0.0,0.0,0.0,0.0,0.0,0.0,0.0,0.0,0.0,0.0,0.0,0.0,0.0,0.0,0.0,0.0,0.0,0.0,0.0,0.0,0.0,0.0,0.0,0.0,0.0,0.0,0.0,0.0,0.0,0.0,0.0,0.0,0.0,0.0,0.0,0.0,1.0,0.0,0.0,0.0,0.0,0.0,0.0,0.0,0.0,0.0,0.0,0.0,0.0,0.0,0.0,0.0,47.0,0.0,1.0,0.0,32.81880787037037,17.0,nan,nan,nan,nan,nan,nan,none,1.3,0.0007,0.9609,none,-1.032,-0.0104,0.91515,none,-1.319,-0.0042,0.81773,none,-1.957,-0.0206,0.99531,none,0,0,1,none,4,0.0037,1,none
3aec4df381f10d973308877a1e48cfd0c678ea1a,4b9211e3bf3e8dbad0e4f3c26809cec25f454a92,2026-07-06T12:52:25+02:00,ok,2.0,108.0,91.0,2.0,2.0,0.08112608570492466,0.0,0.0,0.0,0.0,0.0,0.0,0.0,0.0,0.0,0.0,0.0,0.0,0.0,0.0,0.0,1.0,197.0,1.0,2.0,0.0,0.0,0.0,0.0,0.0,0,0,0,0,0,0,0,0,0.0,0.0,0.0,0.0,0.0,0.0,0.0,0.0,0.0,0.0,0.0,0.0,0.0,0.0,0.0,0.0,0.0,0.0,0.0,0.0,0.0,0.0,0.0,0.0,0.0,0.0,0.0,0.0,0.0,0.0,0.0,0.0,0.0,0.0,0.0,0.0,0.0,0.0,0.0,0.0,0.0,0.0,0.0,0.0,0.0,0.0,0.0,0.0,0.0,0.0,0.0,0.0,0.0,0.0,1.0,0.0,0.0,0.0,0.0,0.0,0.0,0.0,0.0,0.0,0.0,0.0,23.0,0.0,1.0,3430.0,31.423078703703702,5.0,nan,nan,nan,nan,nan,nan,none,-2.019,-0.0011,0.99751,none,0.972,0.0098,0.9881,none,0.332,0.001,0.69167,none,3.796,0.0399,0.99531,none,0,0,1,none,8,0.0075,1,none
4b011487f73c48257e29530d8c5d128b6434fad8,9637ad15b2fa2d2beb711c99b0cd72e2906105ed,2026-07-07T18:50:18+02:00,ok,14.0,27.0,14.0,2.0,2.0,0.9983635195153884,0.0,13.0,39.0,0.0,0.0,0.0,0.0,0.0,0.0,1.0,2.0,0.0,0.0,0.0,0.0,0.0,0.0,0.0,0.0,0.0,0.0,0.0,0.0,0.0,0,0,0,0,0,0,0,0,13.0,13.0,0.0,0.0,0.0,0.0,0.0,0.0,0.0,0.0,0.0,0.0,0.0,0.0,0.0,0.0,0.0,0.0,0.0,0.0,0.0,0.0,0.0,0.0,0.0,0.0,0.0,0.0,0.0,0.0,0.0,0.0,0.0,0.0,0.0,0.0,0.0,0.0,0.0,0.0,0.0,0.0,0.0,0.0,0.0,0.0,0.0,0.0,0.0,0.0,0.0,0.0,0.0,0.0,1.0,0.0,0.0,0.0,0.0,0.0,0.0,0.0,0.0,0.0,0.0,0.0,21.0,0.0,1.0,3433.0,108.22385505698006,3.0,nan,nan,nan,nan,nan,nan,none,0.626,0.0003,1,none,5.445,0.0588,0.91515,none,6.523,0.0187,0.69167,none,7.913,0.0961,0.99531,none,0,0,1,none,-12,-0.0113,1,none
428e0f87b71f38e21660abafda0e4088f1b2006a,5687eeea5cd96159c7e7d113d570747be9ac9c5d,2026-07-08T21:28:23+02:00,ok,1.0,4.0,3.0,1.0,1.0,0.0,0.0,1.0,7.0,0.0,0.0,0.0,0.0,0.0,0.0,0.0,0.0,0.0,0.0,0.0,0.0,0.0,0.0,0.0,0.0,0.0,0.0,0.0,0.0,0.0,0,0,0,0,0,0,0,0,0.0,0.0,0.0,0.0,0.0,0.0,0.0,0.0,0.0,0.0,0.0,0.0,0.0,0.0,0.0,0.0,0.0,0.0,0.0,0.0,0.0,0.0,0.0,0.0,0.0,0.0,0.0,0.0,0.0,0.0,0.0,0.0,0.0,0.0,0.0,0.0,0.0,0.0,0.0,0.0,0.0,0.0,0.0,0.0,0.0,0.0,0.0,0.0,0.0,0.0,0.0,1.0,0.0,0.0,0.0,0.0,0.0,0.0,0.0,0.0,0.0,0.0,0.0,0.0,0.0,0.0,66.0,0.0,1.0,16.0,3.3717824074074074,2.0,nan,nan,nan,nan,nan,nan,none,0.61,0.0003,0.99751,none,-9.589,-0.0928,0.81373,none,3.995,0.0127,0.81773,none,-3.153,-0.0352,0.99531,none,0,0,1,none,101,0.102,1,none
a8d473d79275078f83cd59bc7804da844f1ffd14,7c2a6a496d4c056453c6338ebf217d6959f5f08b,2026-07-09T13:41:40+02:00,ok,3.0,16.0,9.0,3.0,1.0,0.4821022921402597,0.0,3.0,25.0,0.0,0.0,0.0,0.0,0.0,0.0,0.0,0.0,0.0,0.0,0.0,0.0,0.0,0.0,0.0,0.0,0.0,0.0,0.0,0.0,0.0,0,0,0,0,0,0,0,0,0.0,1.0,0.0,0.0,0.0,0.0,0.0,0.0,0.0,0.0,0.0,0.0,0.0,0.0,0.0,0.0,0.0,0.0,0.0,0.0,0.0,0.0,0.0,0.0,0.0,0.0,0.0,0.0,0.0,0.0,0.0,0.0,0.0,0.0,0.0,0.0,0.0,0.0,0.0,0.0,0.0,0.0,0.0,0.0,0.0,0.0,0.0,0.0,0.0,0.0,0.0,0.0,0.0,1.0,0.0,0.0,0.0,0.0,0.0,0.0,0.0,0.0,0.0,0.0,0.0,0.0,64.0,0.0,1.0,572.0,63.827970679012346,5.0,nan,nan,nan,nan,nan,nan,none,-6.523,-0.0036,0.99751,none,4.182,0.0409,0.97135,none,-3.468,-0.0105,1,none,-2.012,-0.024,0.99531,none,0,0,1,none,-17,-0.0168,1,none
37bb96cafbb03ffffe80960f2c28ddd2a088497a,f4cc210c18e825561f45bf4c3f5ac0f24c1bc8bc,2026-07-09T14:28:51+02:00,ok,6.0,24.0,7.0,4.0,4.0,0.5433180536316572,0.0,3.0,27.0,0.0,0.0,0.0,0.0,0.0,0.0,0.0,0.0,1.0,2.0,0.0,0.0,2.0,2.0,0.0,0.0,0.0,0.0,0.0,0.0,0.0,0,0,0,0,0,0,0,0,3.0,0.0,0.0,0.0,0.0,0.0,0.0,0.0,0.0,0.0,0.0,0.0,0.0,0.0,0.0,0.0,0.0,0.0,0.0,0.0,1.0,0.0,0.0,0.0,0.0,0.0,0.0,0.0,0.0,0.0,0.0,0.0,1.0,0.0,0.0,0.0,0.0,0.0,0.0,0.0,0.0,0.0,0.0,0.0,0.0,0.0,0.0,0.0,0.0,0.0,1.0,0.0,0.0,0.0,0.0,0.0,0.0,0.0,0.0,0.0,0.0,0.0,0.0,0.0,0.0,0.0,76.0,0.0,1.0,576.0,18.970270833333334,21.0,nan,nan,nan,nan,nan,nan,none,30.344,0.017,0.9399,none,-8.163,-0.076,0.91515,none,4.074,0.0128,1,none,-2.596,-0.0308,0.99531,none,0,0,1,none,66,0.0663,1,none
90d038a8143aef3f9725fbf66dd0e3718590dba2,f1b6029738b4843fd810fb7893d32db483bd0cd5,2026-07-14T11:43:24+02:00,ok,2.0,19.0,2.0,2.0,2.0,0.9182958340544896,0.0,1.0,7.0,0.0,0.0,0.0,0.0,0.0,0.0,1.0,14.0,0.0,0.0,0.0,0.0,0.0,0.0,0.0,0.0,0.0,0.0,0.0,0.0,0.0,0,0,0,0,0,0,0,0,0.0,0.0,0.0,0.0,0.0,0.0,0.0,0.0,0.0,0.0,0.0,0.0,0.0,0.0,0.0,0.0,0.0,0.0,0.0,0.0,0.0,0.0,0.0,0.0,0.0,0.0,0.0,0.0,0.0,0.0,0.0,0.0,0.0,0.0,0.0,0.0,0.0,0.0,0.0,0.0,0.0,0.0,0.0,0.0,0.0,0.0,0.0,0.0,0.0,0.0,0.0,1.0,0.0,0.0,0.0,0.0,0.0,0.0,0.0,0.0,0.0,0.0,0.0,0.0,0.0,0.0,68.0,0.0,1.0,580.0,4.916018518518518,4.0,nan,nan,nan,nan,nan,nan,none,-4.513,-0.0025,0.99751,none,-6.027,-0.0585,0.91515,none,0.957,0.003,1,none,-1.445,-0.0169,1,none,0,0,1,none,-10,-0.0102,1,none
25542572da565fad716f9d879b81c49df3a3e124,7713c8d7ab9cc652943cdbd655eaef462610e480,2026-07-15T23:19:12+02:00,ok,8.0,201.0,209.0,6.0,1.0,0.691514143548405,0.0,6.0,313.0,1.0,68.0,1.0,29.0,0.0,0.0,0.0,0.0,0.0,0.0,0.0,0.0,0.0,0.0,0.0,0.0,0.0,0.0,0.0,0.0,0.0,0,0,0,0,0,0,0,0,18.0,8.0,0.0,0.0,0.0,0.0,0.0,0.0,0.0,0.0,0.0,0.0,1.0,1.0,0.0,0.0,0.0,0.0,0.0,0.0,5.0,4.0,0.0,0.0,0.0,0.0,0.0,0.0,0.0,0.0,0.0,0.0,0.0,0.0,0.0,0.0,0.0,0.0,0.0,0.0,0.0,1.0,0.0,0.0,0.0,7.0,0.0,1.0,0.0,0.0,0.0,0.0,0.0,1.0,0.0,0.0,0.0,0.0,0.0,0.0,0.0,0.0,0.0,0.0,0.0,0.0,55.0,0.0,1.0,9.0,15.289095293209876,9.0,nan,nan,nan,nan,nan,nan,none,15.079,0.0084,0.99751,none,-1.23,-0.0115,0.9881,none,13.75,0.0434,1,none,-0.558,-0.0069,1,none,0,0,1,none,12,0.0119,1,none
09565a0150ea8655126390324e561b0439436449,1875f9a9dc77bfb05ecedc4b0abd80e5c37cbb22,2026-07-16T01:07:35+02:00,ok,9.0,48.0,58.0,8.0,1.0,0.8855354078066291,0.0,4.0,29.0,1.0,17.0,1.0,2.0,0.0,0.0,3.0,58.0,0.0,0.0,0.0,0.0,0.0,0.0,0.0,0.0,0.0,0.0,0.0,0.0,0.0,0,0,0,0,0,0,0,0,2.0,2.0,0.0,0.0,0.0,0.0,0.0,0.0,0.0,0.0,0.0,0.0,0.0,0.0,0.0,0.0,0.0,0.0,0.0,0.0,0.0,0.0,0.0,0.0,0.0,1.0,0.0,0.0,0.0,0.0,0.0,0.0,0.0,0.0,0.0,0.0,0.0,0.0,0.0,0.0,0.0,0.0,0.0,0.0,0.0,4.0,0.0,1.0,0.0,0.0,0.0,0.0,0.0,0.0,1.0,0.0,0.0,0.0,0.0,0.0,0.0,0.0,0.0,0.0,0.0,0.0,40.0,0.0,1.0,3444.0,38.05240740740741,7.0,nan,nan,nan,nan,nan,nan,none,-8.856,-0.0049,0.9399,none,-3.417,-0.0318,0.91515,none,-13.039,-0.0378,0.93785,none,-7.236,-0.0836,0.99531,none,0,0,1,none,-76,-0.0741,1,none
9d17dacd2e83c1d1de2925de04d2020c00272be9,34111a5fbe4c3e2dcc106e62e490e0ae95615c34,2026-07-18T00:00:06+02:00,ok,3.0,6.0,11.0,2.0,3.0,0.735719021475792,0.0,0.0,0.0,0.0,0.0,0.0,0.0,0.0,0.0,0.0,0.0,0.0,0.0,0.0,0.0,1.0,5.0,1.0,1.0,1.0,11.0,0.0,0.0,0.0,0,1,0,0,0,0,0,0,0.0,0.0,0.0,0.0,0.0,0.0,0.0,0.0,0.0,0.0,0.0,0.0,0.0,0.0,0.0,0.0,0.0,0.0,0.0,0.0,0.0,0.0,0.0,0.0,0.0,0.0,0.0,0.0,0.0,0.0,0.0,0.0,0.0,0.0,0.0,0.0,0.0,0.0,0.0,0.0,0.0,0.0,0.0,0.0,0.0,0.0,0.0,0.0,0.0,0.0,0.0,0.0,0.0,0.0,1.0,0.0,0.0,0.0,0.0,0.0,0.0,0.0,0.0,0.0,0.0,0.0,31.0,0.0,2.0,3449.0,0.9975520833333333,4.0,nan,nan,nan,nan,nan,nan,none,-34.73,-0.019,0.9399,none,1.614,0.0133,0.91515,none,3.885,0.0121,1,none,-29.009,-0.0713,0.99531,none,0,0,1,none,-90,-0.0834,0.94857,none
b5968f02527b02c30280cd023d7dad3b0ce15cf2,8bd768e25e053dadb104d1d2b8e891a50de5f3ab,2026-07-20T11:10:42+02:00,ok,18.0,146.0,142.0,9.0,1.0,0.6593666454339102,0.0,12.0,88.0,0.0,0.0,0.0,0.0,0.0,0.0,6.0,200.0,0.0,0.0,0.0,0.0,0.0,0.0,0.0,0.0,0.0,0.0,0.0,0.0,0.0,0,0,0,0,0,0,0,0,4.0,4.0,0.0,0.0,0.0,0.0,0.0,0.0,0.0,0.0,0.0,0.0,0.0,0.0,0.0,0.0,0.0,0.0,0.0,0.0,0.0,0.0,0.0,0.0,0.0,0.0,0.0,0.0,0.0,0.0,0.0,0.0,0.0,0.0,0.0,0.0,0.0,0.0,0.0,0.0,0.0,0.0,0.0,0.0,0.0,0.0,0.0,0.0,0.0,0.0,0.0,0.0,0.0,1.0,0.0,0.0,0.0,0.0,0.0,0.0,0.0,0.0,0.0,0.0,0.0,0.0,68.0,0.0,1.0,3454.0,51.63634259259259,17.0,nan,nan,nan,nan,nan,nan,none,20.645,0.0113,0.9609,none,1.011,0.0085,1,none,0.376,0.0012,1,none,28.794,0.0779,0.99531,none,0,-1,1,none,49,0.047,1,none
7be5afdfa4ea7b8681706db896b967b5164c4d84,f66eee249ee794479ace3539c6347953a2e8f8c1,2026-07-21T15:35:22+02:00,ok,2.0,3.0,8.0,2.0,1.0,0.6840384356390417,0.0,0.0,0.0,0.0,0.0,1.0,2.0,0.0,0.0,1.0,9.0,0.0,0.0,0.0,0.0,0.0,0.0,0.0,0.0,0.0,0.0,0.0,0.0,0.0,0,0,0,0,0,0,0,0,0.0,0.0,0.0,0.0,0.0,0.0,0.0,0.0,0.0,0.0,0.0,0.0,0.0,0.0,0.0,0.0,0.0,0.0,0.0,0.0,0.0,0.0,0.0,0.0,0.0,0.0,0.0,0.0,0.0,0.0,0.0,0.0,0.0,0.0,0.0,0.0,0.0,0.0,0.0,0.0,0.0,0.0,0.0,0.0,0.0,0.0,0.0,0.0,0.0,0.0,0.0,1.0,0.0,0.0,0.0,0.0,0.0,0.0,0.0,0.0,0.0,0.0,0.0,0.0,0.0,0.0,30.0,0.0,1.0,3458.0,0.9232638888888889,2.0,nan,nan,nan,nan,nan,nan,none,-4.141,-0.0023,0.9399,none,-20.554,-0.1434,0.81373,none,8.157,0.0249,0.93785,none,-41.801,-0.1072,0.99531,none,0,0,1,none,-5,-0.0048,1,none
94b97b8e19bb738d3a292127bd3eb1a8c951ae97,71a98fbb4c60d02d04e159d58bc0c9605bdc627e,2026-07-28T19:17:29+01:00,ok,4.0,85.0,80.0,2.0,2.0,0.8686011074374832,0.0,1.0,14.0,0.0,0.0,0.0,0.0,0.0,0.0,0.0,0.0,0.0,0.0,0.0,0.0,0.0,0.0,0.0,0.0,0.0,0.0,3.0,151.0,0.0,0,0,0,0,0,0,0,0,0.0,0.0,0.0,0.0,0.0,0.0,0.0,0.0,0.0,0.0,0.0,0.0,0.0,0.0,0.0,0.0,0.0,0.0,0.0,0.0,0.0,0.0,0.0,0.0,0.0,0.0,3.0,3.0,0.0,0.0,0.0,0.0,0.0,0.0,0.0,0.0,0.0,0.0,0.0,0.0,0.0,0.0,0.0,0.0,0.0,0.0,0.0,0.0,0.0,0.0,0.0,0.0,0.0,0.0,1.0,0.0,0.0,0.0,0.0,0.0,0.0,0.0,0.0,0.0,0.0,0.0,31.0,0.0,3.0,3462.0,2.0812413194444446,7.0,nan,nan,nan,nan,nan,nan,none,18.16,0.0099,0.99751,none,8.844,0.0794,0.86211,none,7.069,0.0218,1,none,65.139,0.1714,0.99531,none,0,0,1,none,-50,-0.0459,1,none
f8a0fafe1ce877f3f8abc485578efbf9923b51fe,b9edfbebdb30fef2e7e32f9a7b04981742c52b42,2026-08-04T23:17:20+01:00,ok,2.0,29.0,1.0,2.0,2.0,0.8812908992306927,0.0,1.0,9.0,0.0,0.0,0.0,0.0,0.0,0.0,1.0,21.0,0.0,0.0,0.0,0.0,0.0,0.0,0.0,0.0,0.0,0.0,0.0,0.0,0.0,0,0,0,0,0,0,0,0,0.0,0.0,0.0,0.0,0.0,0.0,0.0,0.0,0.0,0.0,0.0,0.0,0.0,0.0,0.0,0.0,0.0,0.0,0.0,0.0,0.0,0.0,0.0,0.0,0.0,0.0,0.0,0.0,0.0,0.0,0.0,0.0,0.0,0.0,0.0,0.0,0.0,0.0,0.0,0.0,0.0,0.0,0.0,0.0,0.0,0.0,0.0,0.0,0.0,0.0,0.0,1.0,0.0,0.0,0.0,0.0,0.0,0.0,0.0,0.0,0.0,0.0,0.0,0.0,0.0,0.0,76.0,0.0,1.0,3467.0,1.2101967592592593,2.0,nan,nan,nan,nan,nan,nan,none,23.91,0.0132,0.9399,none,-1.615,-0.0129,1,none,-3.908,-0.0116,1,none,47.779,0.1062,0.99531,none,0,0,1,none,-26,-0.0248,1,none
20b9530d720f04a4710853534c6f885d3cfe0d4c,89535b85e90549283e26cfcfb8081a94fd12694b,2026-08-13T12:14:24+01:00,ok,1.0,1.0,1.0,1.0,1.0,0.0,0.0,0.0,0.0,0.0,0.0,0.0,0.0,0.0,0.0,0.0,0.0,0.0,0.0,0.0,0.0,1.0,2.0,0.0,0.0,0.0,0.0,0.0,0.0,0.0,0,0,0,0,0,0,0,0,0.0,0.0,0.0,0.0,0.0,0.0,0.0,0.0,0.0,0.0,0.0,0.0,0.0,0.0,0.0,0.0,0.0,0.0,0.0,0.0,0.0,0.0,0.0,0.0,0.0,0.0,0.0,0.0,0.0,0.0,0.0,0.0,0.0,0.0,0.0,0.0,0.0,0.0,0.0,0.0,0.0,0.0,0.0,0.0,0.0,0.0,0.0,0.0,0.0,0.0,0.0,1.0,0.0,0.0,0.0,0.0,0.0,0.0,0.0,0.0,0.0,0.0,0.0,0.0,0.0,0.0,61.0,0.0,1.0,1.0,62.957627314814815,20.0,nan,nan,nan,nan,nan,nan,none,19.962,0.0111,0.99751,none,-13.986,-0.1092,0.86211,none,14.11,0.0442,1,none,-48.882,-0.1097,0.99531,none,0,0,1,none,-64,-0.0608,1,none
223f8a4571f1743734f712335fe423953121e18f,8f1998b3cd555739f9dd3c93c2e157ad1d625902,2026-08-14T13:23:18+02:00,ok,1.0,27.0,25.0,1.0,1.0,0.0,0.0,1.0,52.0,0.0,0.0,0.0,0.0,0.0,0.0,0.0,0.0,0.0,0.0,0.0,0.0,0.0,0.0,0.0,0.0,0.0,0.0,0.0,0.0,0.0,0,0,0,0,0,0,0,0,0.0,0.0,0.0,0.0,0.0,0.0,0.0,0.0,0.0,0.0,0.0,0.0,0.0,0.0,0.0,0.0,0.0,0.0,0.0,0.0,0.0,0.0,0.0,0.0,0.0,0.0,0.0,0.0,0.0,0.0,0.0,0.0,0.0,0.0,0.0,0.0,0.0,0.0,0.0,0.0,0.0,0.0,0.0,0.0,0.0,0.0,0.0,0.0,0.0,0.0,0.0,1.0,0.0,0.0,0.0,0.0,0.0,0.0,0.0,0.0,0.0,0.0,0.0,0.0,0.0,0.0,79.0,0.0,1.0,591.0,29.586180555555554,4.0,nan,nan,nan,nan,nan,nan,none,-21.49,-0.0118,0.9399,none,-3.579,-0.0293,0.91515,none,4.664,0.0145,1,none,-28.391,-0.0667,0.99531,none,0,0,1,none,-16,-0.0155,1,none
c3048ffa886be7fed8e428932257b607658edd88,e9f47f899195860a0d2a8a186bf056f2d91d971a,2026-08-14T13:45:06+02:00,ok,1.0,172.0,254.0,1.0,1.0,0.0,0.0,0.0,0.0,0.0,0.0,0.0,0.0,0.0,0.0,0.0,0.0,0.0,0.0,0.0,0.0,0.0,0.0,0.0,0.0,1.0,426.0,0.0,0.0,0.0,0,0,0,0,0,0,0,0,0.0,0.0,0.0,0.0,0.0,0.0,0.0,0.0,0.0,0.0,0.0,0.0,0.0,0.0,0.0,0.0,0.0,0.0,0.0,0.0,0.0,0.0,0.0,0.0,0.0,0.0,0.0,0.0,0.0,0.0,0.0,0.0,0.0,0.0,0.0,0.0,0.0,0.0,0.0,0.0,0.0,0.0,0.0,0.0,0.0,0.0,0.0,0.0,0.0,0.0,0.0,0.0,0.0,0.0,1.0,0.0,0.0,0.0,0.0,0.0,0.0,0.0,0.0,0.0,0.0,0.0,27.0,0.0,1.0,3470.0,0.0,0.0,nan,nan,nan,nan,nan,nan,none,13.543,0.0075,0.99751,none,3.976,0.0325,0.9881,none,-16,-0.0441,0.69167,none,7.149,0.0186,1,none,0,0,1,none,-44,-0.0423,1,none
685d4ad331ebc670cb958fbdc8688e6ee001dd9e,041d5ddd8d1bc526a21c59ac1fb325b02dcfe1eb,2026-08-14T14:11:18+02:00,ok,2.0,132.0,44.0,2.0,2.0,0.08970338978684994,0.0,0.0,0.0,0.0,0.0,0.0,0.0,0.0,0.0,0.0,0.0,0.0,0.0,0.0,0.0,0.0,0.0,1.0,2.0,1.0,174.0,0.0,0.0,0.0,0,0,0,0,0,0,1,0,0.0,0.0,0.0,0.0,0.0,0.0,0.0,0.0,0.0,0.0,0.0,0.0,0.0,0.0,0.0,0.0,0.0,0.0,0.0,0.0,0.0,0.0,0.0,0.0,0.0,0.0,0.0,0.0,0.0,0.0,0.0,0.0,0.0,0.0,0.0,0.0,0.0,0.0,0.0,0.0,0.0,0.0,0.0,0.0,0.0,0.0,0.0,0.0,0.0,0.0,0.0,0.0,0.0,0.0,0.0,0.0,1.0,0.0,0.0,0.0,0.0,0.0,0.0,0.0,0.0,1.0,66.0,0.0,1.0,100.0,63.99424768518519,2.0,nan,nan,nan,nan,nan,nan,none,-7.649,-0.0042,1,none,4.984,0.0417,0.97135,none,9.5,0.0273,1,none,57.624,0.1493,0.99531,none,0,0,1,none,-21,-0.0204,1,none
12969bd01faea1dd34f2ba003e67cb26ae02e028,aa2ab37266aef676653bfb48d227a6c82518d5ba,2026-09-23T10:29:28+02:00,ok,2.0,78.0,15.0,2.0,1.0,0.5547781633412736,0.0,2.0,93.0,0.0,0.0,0.0,0.0,0.0,0.0,0.0,0.0,0.0,0.0,0.0,0.0,0.0,0.0,0.0,0.0,0.0,0.0,0.0,0.0,0.0,0,0,0,0,0,0,0,0,1.0,1.0,0.0,0.0,0.0,0.0,0.0,0.0,0.0,0.0,0.0,0.0,3.0,0.0,0.0,0.0,0.0,0.0,0.0,0.0,1.0,1.0,0.0,0.0,0.0,0.0,0.0,0.0,0.0,0.0,0.0,0.0,0.0,0.0,0.0,0.0,0.0,0.0,0.0,0.0,0.0,0.0,0.0,0.0,0.0,0.0,0.0,0.0,0.0,0.0,0.0,0.0,0.0,0.0,0.0,0.0,0.0,0.0,0.0,0.0,0.0,1.0,0.0,0.0,0.0,0.0,65.0,0.0,1.0,3477.0,84.23482638888888,3.0,nan,nan,nan,nan,nan,nan,none,11.218,0.0061,0.9399,none,-18.787,-0.1435,0.86211,none,14.5,0.0414,0.81773,none,-1.565,-0.0038,0.99531,none,0,0,1,none,78,0.0794,1,none
07407cf30aa6daefb15cdd248ba03454f2ed41ca,7dae3f0c02fdf3e3c118dca7e30c6b0d182183fc,2026-10-01T01:06:59+02:00,ok,1.0,1.0,1.0,1.0,1.0,0.0,0.0,1.0,2.0,0.0,0.0,0.0,0.0,0.0,0.0,0.0,0.0,0.0,0.0,0.0,0.0,0.0,0.0,0.0,0.0,0.0,0.0,0.0,0.0,0.0,0,0,0,0,0,0,0,0,0.0,0.0,0.0,0.0,0.0,0.0,0.0,0.0,0.0,0.0,0.0,0.0,0.0,0.0,0.0,0.0,0.0,0.0,0.0,0.0,0.0,0.0,0.0,0.0,0.0,0.0,0.0,0.0,0.0,0.0,0.0,0.0,0.0,0.0,0.0,0.0,0.0,0.0,0.0,0.0,0.0,0.0,0.0,0.0,0.0,0.0,0.0,0.0,0.0,0.0,0.0,1.0,0.0,0.0,0.0,0.0,0.0,0.0,0.0,0.0,0.0,0.0,0.0,0.0,0.0,0.0,26.0,0.0,1.0,3483.0,85.26362268518518,2.0,nan,nan,nan,nan,nan,nan,none,-11.857,-0.0064,0.99751,none,-7.961,-0.0647,0.91515,none,-3.715,-0.0104,1,none,-9.517,-0.0241,0.99531,none,0,0,1,none,-44,-0.0417,1,none
86f479c2d206b7e0146778db53c4b6d939da26cd,bcf4e74754c93a1b7573b4938b543d491580e3d7,2026-10-02T13:59:26+02:00,ok,1.0,2.0,1.0,1.0,1.0,0.0,0.0,1.0,3.0,0.0,0.0,0.0,0.0,0.0,0.0,0.0,0.0,0.0,0.0,0.0,0.0,0.0,0.0,0.0,0.0,0.0,0.0,0.0,0.0,0.0,0,0,0,0,0,0,0,0,0.0,0.0,0.0,0.0,0.0,0.0,0.0,0.0,0.0,0.0,0.0,0.0,0.0,0.0,0.0,0.0,0.0,0.0,0.0,0.0,0.0,0.0,0.0,0.0,0.0,0.0,0.0,0.0,0.0,0.0,0.0,0.0,2.0,1.0,0.0,0.0,0.0,0.0,0.0,0.0,0.0,0.0,0.0,0.0,0.0,0.0,0.0,0.0,0.0,0.0,0.0,0.0,1.0,0.0,0.0,0.0,0.0,0.0,0.0,0.0,0.0,0.0,0.0,0.0,0.0,0.0,59.0,1.0,1.0,3488.0,136.89530092592594,2.0,nan,nan,nan,nan,nan,nan,none,-6.902,-0.0038,0.9399,none,2.36,0.0198,1,none,4.5,0.0127,1,none,-11.205,-0.028,1,none,0,0,1,none,5,0.0049,1,none
