sha,base_sha,date,status,k_nf,k_la,k_ld,k_nd,k_ns,k_entropy,k_binary,cat_code_files,cat_code_lines,cat_style_files,cat_style_lines,cat_html_files,cat_html_lines,cat_image_files,cat_font_files,cat_test_files,cat_test_lines,cat_doc_files,cat_doc_lines,cat_config_files,cat_config_lines,cat_json_files,cat_json_lines,cat_pkg_files,cat_pkg_lines,cat_lock_files,cat_lock_lines,cat_other_files,cat_other_lines,cat_only_nonruntime,dep_rt_added,dep_rt_removed,dep_rt_updated,dep_rt_major,dep_dev_added,dep_dev_removed,dep_dev_updated,dep_dev_major,pat_import_static_add,pat_import_static_del,pat_import_dynamic_add,pat_import_dynamic_del,pat_lazy_add,pat_lazy_del,pat_effect_add,pat_effect_del,pat_memo_add,pat_memo_del,pat_state_add,pat_state_del,pat_listener_add,pat_listener_del,pat_timer_add,pat_timer_del,pat_raf_add,pat_raf_del,pat_loop_add,pat_loop_del,pat_array_iter_add,pat_array_iter_del,pat_layout_read_add,pat_layout_read_del,pat_dom_query_add,pat_dom_query_del,pat_dom_write_add,pat_dom_write_del,pat_canvas_add,pat_canvas_del,pat_worker_add,pat_worker_del,pat_async_add,pat_async_del,pat_json_add,pat_json_del,pat_font_add,pat_font_del,pat_image_add,pat_image_del,pat_img_dims_add,pat_img_dims_del,pat_loading_hint_add,pat_loading_hint_del,pat_css_layout_add,pat_css_layout_del,pat_css_anim_add,pat_css_anim_del,pat_css_selector_heavy_add,pat_css_selector_heavy_del,msg_type_feat,msg_type_fix,msg_type_perf,msg_type_refactor,msg_type_chore,msg_type_build,msg_type_deps,msg_type_style,msg_type_docs,msg_type_test,msg_type_ci,msg_type_impr,msg_type_revert,msg_type_other,msg_revert,msg_bot,msg_len,msg_perf_word,k_commits,k_exp,k_age_days,k_ndev,bnd_total_gzip,bnd_js_gzip,bnd_css_gzip,bnd_files,bnd_total_gzip_rel,bnd_js_gzip_rel,y_label,y_lcp_delta,y_lcp_rel,y_lcp_q,y_lcp_label,y_inp_delta,y_inp_rel,y_inp_q,y_inp_label,y_tbt_delta,y_tbt_rel,y_tbt_q,y_tbt_label,y_tbtFlow_delta,y_tbtFlow_rel,y_tbtFlow_q,y_tbtFlow_label,y_cls_delta,y_cls_rel,y_cls_q,y_cls_label,y_lcpObs_delta,y_lcpObs_rel,y_lcpObs_q,y_lcpObs_label
c8d996e65401591336703e3bf78e7804d5190a00,059bdf25f42d3ab3368c3a2e43cc8b503af8ddaa,2024-09-02T10:34:58+08:00,ok,2.0,4.0,7.0,2.0,1.0,0.0,1.0,0.0,0.0,0.0,0.0,0.0,0.0,1.0,0.0,0.0,0.0,1.0,11.0,0.0,0.0,0.0,0.0,0.0,0.0,0.0,0.0,0.0,0.0,0.0,0,0,0,0,0,0,0,0,0.0,0.0,0.0,0.0,0.0,0.0,0.0,0.0,0.0,0.0,0.0,0.0,0.0,0.0,0.0,0.0,0.0,0.0,0.0,0.0,0.0,0.0,0.0,0.0,0.0,0.0,0.0,0.0,0.0,0.0,0.0,0.0,0.0,0.0,0.0,0.0,0.0,0.0,0.0,0.0,0.0,0.0,0.0,0.0,0.0,0.0,0.0,0.0,0.0,0.0,0.0,0.0,0.0,0.0,1.0,0.0,0.0,0.0,0.0,0.0,0.0,0.0,0.0,0.0,0.0,0.0,51.0,0.0,1.0,1.0,0.0,0.0,nan,nan,nan,nan,nan,nan,none,-51.99,-0.053,0.96971,none,-5.233,-0.0489,0.92551,none,-3.333,-0.013,1,none,-8.529,-0.1462,0.99244,none,0,0,1,none,1,0.0013,1,none
253615a516cb61efecfd4d134dc4ef2bc5706586,c8d996e65401591336703e3bf78e7804d5190a00,2024-09-02T18:08:30+08:00,ok,1.0,1.0,1.0,1.0,1.0,0.0,0.0,0.0,0.0,0.0,0.0,0.0,0.0,0.0,0.0,0.0,0.0,1.0,2.0,0.0,0.0,0.0,0.0,0.0,0.0,0.0,0.0,0.0,0.0,1.0,0,0,0,0,0,0,0,0,0.0,0.0,0.0,0.0,0.0,0.0,0.0,0.0,0.0,0.0,0.0,0.0,0.0,0.0,0.0,0.0,0.0,0.0,0.0,0.0,0.0,0.0,0.0,0.0,0.0,0.0,0.0,0.0,0.0,0.0,0.0,0.0,0.0,0.0,0.0,0.0,0.0,0.0,0.0,0.0,0.0,0.0,0.0,0.0,0.0,0.0,0.0,0.0,0.0,0.0,0.0,1.0,0.0,0.0,0.0,0.0,0.0,0.0,0.0,0.0,0.0,0.0,0.0,0.0,0.0,0.0,44.0,0.0,1.0,0.0,0.0,0.0,-112,-12.0,20.0,0,-1.3754443637053145e-05,-4.51282205566566e-06,none,-41.664,-0.0431,1,none,-2.191,-0.0212,0.98474,none,24.052,0.1057,1,none,3.883,0.0792,0.9836,none,0,0,1,none,-6,-0.0081,1,none
c69984f021bf024c9e768eaa1f9a290b7d48520e,253615a516cb61efecfd4d134dc4ef2bc5706586,2024-09-03T12:33:16+02:00,ok,1.0,65.0,65.0,1.0,1.0,0.0,0.0,0.0,0.0,0.0,0.0,0.0,0.0,0.0,0.0,0.0,0.0,0.0,0.0,0.0,0.0,0.0,0.0,0.0,0.0,1.0,130.0,0.0,0.0,0.0,0,0,0,0,0,0,0,0,0.0,0.0,0.0,0.0,0.0,0.0,0.0,0.0,0.0,0.0,0.0,0.0,0.0,0.0,0.0,0.0,0.0,0.0,0.0,0.0,0.0,0.0,0.0,0.0,0.0,0.0,0.0,0.0,0.0,0.0,0.0,0.0,0.0,0.0,0.0,0.0,0.0,0.0,0.0,0.0,0.0,0.0,0.0,0.0,0.0,0.0,0.0,0.0,0.0,0.0,0.0,0.0,0.0,0.0,0.0,0.0,1.0,0.0,0.0,0.0,0.0,0.0,0.0,0.0,0.0,1.0,61.0,0.0,1.0,64.0,0.0,0.0,-245,57.0,110.0,0,-3.0088259303320478e-05,2.1436001501272247e-05,none,-9.806,-0.0103,0.96971,none,1.591,0.0158,0.98474,none,-14,-0.0534,1,none,1.868,0.0372,1,none,0,0,1,none,-3,-0.0039,1,none
bfcf01f4a29a0ae4921b3835ea619ba1e56afd7f,2584dd15d40333b7468c5c3989aaa9db95a6597c,2024-09-03T17:20:56+02:00,ok,1.0,1.0,1.0,1.0,1.0,0.0,0.0,0.0,0.0,0.0,0.0,0.0,0.0,0.0,0.0,0.0,0.0,1.0,2.0,0.0,0.0,0.0,0.0,0.0,0.0,0.0,0.0,0.0,0.0,1.0,0,0,0,0,0,0,0,0,0.0,0.0,0.0,0.0,0.0,0.0,0.0,0.0,0.0,0.0,0.0,0.0,0.0,0.0,0.0,0.0,0.0,0.0,0.0,0.0,0.0,0.0,0.0,0.0,0.0,0.0,0.0,0.0,0.0,0.0,0.0,0.0,0.0,0.0,0.0,0.0,0.0,0.0,0.0,0.0,0.0,0.0,0.0,0.0,0.0,0.0,0.0,0.0,0.0,0.0,0.0,1.0,0.0,0.0,0.0,0.0,0.0,0.0,0.0,0.0,0.0,0.0,0.0,0.0,0.0,0.0,35.0,0.0,1.0,0.0,0.0,0.0,41,-2.0,-3.0,0,4.996049465276481e-06,-7.455250789045105e-07,none,32.299,0.0346,0.96971,none,-0.76,-0.007,0.98474,none,-10.856,-0.0423,1,none,5.632,0.0803,0.9836,none,0,0,1,none,44,0.0563,0.98645,none
290f9978457da3195573a6a5d288322bedef68bc,c69984f021bf024c9e768eaa1f9a290b7d48520e,2024-09-03T21:15:28+08:00,ok,1.0,3.0,1.0,1.0,1.0,0.0,0.0,0.0,0.0,0.0,0.0,0.0,0.0,0.0,0.0,0.0,0.0,1.0,4.0,0.0,0.0,0.0,0.0,0.0,0.0,0.0,0.0,0.0,0.0,1.0,0,0,0,0,0,0,0,0,0.0,0.0,0.0,0.0,0.0,0.0,0.0,0.0,0.0,0.0,0.0,0.0,0.0,0.0,0.0,0.0,0.0,0.0,0.0,0.0,0.0,0.0,0.0,0.0,0.0,0.0,0.0,0.0,0.0,0.0,0.0,0.0,0.0,0.0,0.0,0.0,0.0,0.0,0.0,0.0,0.0,0.0,0.0,0.0,0.0,0.0,0.0,0.0,0.0,0.0,0.0,0.0,0.0,0.0,0.0,0.0,0.0,0.0,0.0,0.0,0.0,0.0,0.0,1.0,0.0,0.0,36.0,0.0,1.0,2.0,0.0,0.0,284,184.0,-27.0,0,3.48788683919589e-05,6.919543385348995e-05,none,-1.862,-0.002,0.96971,none,-8.273,-0.0772,0.92551,none,3.861,0.0158,1,none,-2.742,-0.0766,0.9836,none,0,0,1,none,7,0.0091,1,none
60cebdc815cd503ed2c2d076f4e1e886addc4478,e5653324357830a714593b39f20c583895ccce94,2024-09-03T21:15:28+08:00,ok,1.0,1.0,1.0,1.0,1.0,0.0,0.0,0.0,0.0,0.0,0.0,0.0,0.0,0.0,0.0,0.0,0.0,1.0,2.0,0.0,0.0,0.0,0.0,0.0,0.0,0.0,0.0,0.0,0.0,1.0,0,0,0,0,0,0,0,0,0.0,0.0,0.0,0.0,0.0,0.0,0.0,0.0,0.0,0.0,0.0,0.0,0.0,0.0,0.0,0.0,0.0,0.0,0.0,0.0,0.0,0.0,0.0,0.0,0.0,0.0,0.0,0.0,0.0,0.0,0.0,0.0,0.0,0.0,0.0,0.0,0.0,0.0,0.0,0.0,0.0,0.0,0.0,0.0,0.0,0.0,0.0,0.0,0.0,0.0,0.0,0.0,0.0,0.0,0.0,0.0,0.0,0.0,0.0,0.0,0.0,0.0,0.0,1.0,0.0,0.0,29.0,0.0,1.0,639.0,0.0,0.0,-217,0.0,37.0,0,-2.643646555907216e-05,0.0,none,-10.43,-0.0138,0.84151,none,15.675,0.1426,0.8604,none,1.25,0.005,1,none,41.326,0.6868,0.59921,none,0,0,1,none,34,0.0794,0.98645,none
ad9a9c5c39c522188e4d12a58a54e061b934a418,290f9978457da3195573a6a5d288322bedef68bc,2024-09-03T21:15:28+08:00,ok,3.0,93.0,8.0,3.0,2.0,0.9353278450341961,0.0,0.0,0.0,0.0,0.0,0.0,0.0,0.0,0.0,0.0,0.0,3.0,101.0,0.0,0.0,0.0,0.0,0.0,0.0,0.0,0.0,0.0,0.0,1.0,0,0,0,0,0,0,0,0,0.0,0.0,0.0,0.0,0.0,0.0,0.0,0.0,0.0,0.0,0.0,0.0,0.0,0.0,0.0,0.0,0.0,0.0,0.0,0.0,0.0,0.0,0.0,0.0,0.0,0.0,0.0,0.0,0.0,0.0,0.0,0.0,0.0,0.0,0.0,0.0,0.0,0.0,0.0,0.0,0.0,0.0,0.0,0.0,0.0,0.0,0.0,0.0,0.0,0.0,0.0,0.0,0.0,0.0,0.0,0.0,0.0,0.0,0.0,0.0,0.0,0.0,0.0,1.0,0.0,0.0,31.0,0.0,1.0,3.0,0.0,0.0,4065,2700.0,-29.0,0,0.0004992170949617758,0.0010152975254191017,none,-1.477,-0.0016,1,none,-1.837,-0.0209,0.98474,none,4.5,0.0195,1,none,3.215,0.1788,0.9836,none,0,0,1,none,-23,-0.0304,0.98645,none
e5653324357830a714593b39f20c583895ccce94,ad9a9c5c39c522188e4d12a58a54e061b934a418,2024-09-03T21:15:28+08:00,ok,23.0,846.0,97.0,9.0,3.0,0.8267402309050025,0.0,1.0,5.0,0.0,0.0,0.0,0.0,0.0,0.0,0.0,0.0,22.0,938.0,0.0,0.0,0.0,0.0,0.0,0.0,0.0,0.0,0.0,0.0,0.0,0,0,0,0,0,0,0,0,0.0,0.0,0.0,0.0,0.0,0.0,0.0,0.0,0.0,0.0,0.0,0.0,0.0,0.0,0.0,0.0,0.0,0.0,0.0,0.0,0.0,0.0,0.0,0.0,0.0,0.0,0.0,0.0,0.0,0.0,0.0,0.0,0.0,0.0,0.0,0.0,0.0,0.0,0.0,0.0,0.0,0.0,0.0,0.0,0.0,0.0,0.0,0.0,0.0,0.0,0.0,0.0,0.0,0.0,0.0,0.0,0.0,0.0,0.0,0.0,0.0,0.0,0.0,1.0,0.0,0.0,13.0,0.0,14.0,17.0,0.0,10.0,61544,20520.0,39.0,6,0.007554363269572219,0.007708434838368922,none,7.118,0.0095,0.96971,none,-2.149,-0.0202,0.98474,none,0,0,1,none,3.124,0.078,0.9836,none,0,0,1,none,-9,-0.0204,1,none
2584dd15d40333b7468c5c3989aaa9db95a6597c,60cebdc815cd503ed2c2d076f4e1e886addc4478,2024-09-03T21:19:28+08:00,ok,2.0,101.0,192.0,1.0,2.0,0.05892502921299665,0.0,0.0,0.0,0.0,0.0,0.0,0.0,0.0,0.0,0.0,0.0,0.0,0.0,0.0,0.0,0.0,0.0,1.0,2.0,1.0,291.0,0.0,0.0,0.0,0,0,1,0,0,0,0,0,0.0,0.0,0.0,0.0,0.0,0.0,0.0,0.0,0.0,0.0,0.0,0.0,0.0,0.0,0.0,0.0,0.0,0.0,0.0,0.0,0.0,0.0,0.0,0.0,0.0,0.0,0.0,0.0,0.0,0.0,0.0,0.0,0.0,0.0,0.0,0.0,0.0,0.0,0.0,0.0,0.0,0.0,0.0,0.0,0.0,0.0,0.0,0.0,0.0,0.0,0.0,0.0,0.0,0.0,0.0,0.0,0.0,0.0,0.0,0.0,0.0,0.0,0.0,1.0,0.0,0.0,15.0,0.0,1.0,18.0,19.9796875,5.0,-1658,134.0,-45.0,0,-0.00020199455613706488,4.995267543174582e-05,none,11.653,0.0122,1,none,-7.074,-0.0504,0.8604,none,-29.82,-0.1096,1,none,41.344,0.3564,0.9836,none,0,0,1,none,-94,-0.1097,1,none
7f5558934b13e824a1a571377a72b5f07fcd31d5,bfcf01f4a29a0ae4921b3835ea619ba1e56afd7f,2024-09-04T11:46:57+08:00,ok,7.0,23.0,18.0,1.0,1.0,0.939264114800665,0.0,0.0,0.0,0.0,0.0,0.0,0.0,0.0,0.0,0.0,0.0,7.0,41.0,0.0,0.0,0.0,0.0,0.0,0.0,0.0,0.0,0.0,0.0,1.0,0,0,0,0,0,0,0,0,0.0,0.0,0.0,0.0,0.0,0.0,0.0,0.0,0.0,0.0,0.0,0.0,0.0,0.0,0.0,0.0,0.0,0.0,0.0,0.0,0.0,0.0,0.0,0.0,0.0,0.0,0.0,0.0,0.0,0.0,0.0,0.0,0.0,0.0,0.0,0.0,0.0,0.0,0.0,0.0,0.0,0.0,0.0,0.0,0.0,0.0,0.0,0.0,0.0,0.0,0.0,0.0,0.0,0.0,0.0,0.0,0.0,0.0,1.0,0.0,0.0,0.0,0.0,0.0,0.0,0.0,42.0,0.0,1.0,22.0,0.0,0.0,362,-40.0,10.0,0,4.4111240750500365e-05,-1.4910512694251363e-05,none,-23.549,-0.0248,0.95873,none,-1.144,-0.011,1,none,0.732,0.0031,1,none,-1.919,-0.0307,0.9836,none,0,0,1,none,65,0.0869,0.98645,none
6d4e543c06a0d4ca2d5b9d0b68b7171ac6352462,7f5558934b13e824a1a571377a72b5f07fcd31d5,2024-09-04T11:55:55+08:00,ok,3.0,79.0,17.0,3.0,2.0,0.31366684285007645,0.0,3.0,96.0,0.0,0.0,0.0,0.0,0.0,0.0,0.0,0.0,0.0,0.0,0.0,0.0,0.0,0.0,0.0,0.0,0.0,0.0,0.0,0.0,0.0,0,0,0,0,0,0,0,0,1.0,0.0,0.0,0.0,0.0,0.0,0.0,0.0,0.0,0.0,0.0,0.0,0.0,0.0,0.0,0.0,0.0,0.0,0.0,0.0,0.0,0.0,0.0,0.0,0.0,0.0,0.0,0.0,0.0,0.0,0.0,0.0,0.0,0.0,0.0,0.0,0.0,0.0,0.0,0.0,0.0,0.0,0.0,0.0,10.0,1.0,0.0,0.0,0.0,0.0,1.0,0.0,0.0,0.0,0.0,0.0,0.0,0.0,0.0,0.0,0.0,0.0,0.0,0.0,0.0,0.0,38.0,0.0,1.0,6.0,73.92769675925926,9.0,41315,378.0,238.0,0,0.0050341865313851646,0.00014090644594802639,none,-3.195,-0.0034,0.96971,none,6.638,0.0643,0.8604,none,23.06,0.0966,1,none,-11.119,-0.173,0.9836,none,-0.001,-0.1917,1,none,21,0.0273,1,none
f5e512d39322f70abeef61ee56dcfecb01bc3187,6d4e543c06a0d4ca2d5b9d0b68b7171ac6352462,2024-09-10T09:23:06-07:00,ok,1.0,1.0,1.0,1.0,1.0,0.0,0.0,0.0,0.0,0.0,0.0,0.0,0.0,0.0,0.0,0.0,0.0,1.0,2.0,0.0,0.0,0.0,0.0,0.0,0.0,0.0,0.0,0.0,0.0,1.0,0,0,0,0,0,0,0,0,0.0,0.0,0.0,0.0,0.0,0.0,0.0,0.0,0.0,0.0,0.0,0.0,0.0,0.0,0.0,0.0,0.0,0.0,0.0,0.0,0.0,0.0,0.0,0.0,0.0,0.0,0.0,0.0,0.0,0.0,0.0,0.0,0.0,0.0,0.0,0.0,0.0,0.0,0.0,0.0,0.0,0.0,0.0,0.0,0.0,0.0,0.0,0.0,0.0,0.0,0.0,1.0,0.0,0.0,0.0,0.0,0.0,0.0,0.0,0.0,0.0,0.0,0.0,0.0,0.0,0.0,42.0,0.0,1.0,0.0,0.0,0.0,129,-2.0,61.0,0,1.563977215882928e-05,-7.454317149141132e-07,none,3.622,0.0039,0.96971,none,-4.406,-0.0399,0.8604,none,12.97,0.0553,1,none,-0.475,-0.0087,0.99244,none,0,0,1,none,-2,-0.0026,1,none
5162a1e88181543c0cfade2a8d62e3a3ae7a497c,f5e512d39322f70abeef61ee56dcfecb01bc3187,2024-09-10T09:23:26-07:00,ok,1.0,1.0,1.0,1.0,1.0,0.0,0.0,0.0,0.0,0.0,0.0,0.0,0.0,0.0,0.0,0.0,0.0,1.0,2.0,0.0,0.0,0.0,0.0,0.0,0.0,0.0,0.0,0.0,0.0,1.0,0,0,0,0,0,0,0,0,0.0,0.0,0.0,0.0,0.0,0.0,0.0,0.0,0.0,0.0,0.0,0.0,0.0,0.0,0.0,0.0,0.0,0.0,0.0,0.0,0.0,0.0,0.0,0.0,0.0,0.0,0.0,0.0,0.0,0.0,0.0,0.0,0.0,0.0,0.0,0.0,0.0,0.0,0.0,0.0,0.0,0.0,0.0,0.0,0.0,0.0,0.0,0.0,0.0,0.0,0.0,1.0,0.0,0.0,0.0,0.0,0.0,0.0,0.0,0.0,0.0,0.0,0.0,0.0,0.0,0.0,43.0,0.0,1.0,1.0,0.0,0.0,-374,-4.0,-145.0,0,-4.5342506259751216e-05,-1.490864541165938e-06,none,18.342,0.02,0.84151,none,4.716,0.0442,0.98474,none,-12.986,-0.0526,1,none,11.822,0.2308,0.9836,none,0,0,1,none,34,0.044,1,none
6fcf44cf809b6cf51b4c306bfebe531ef96c045d,eb0871f56d1d3de0a107994a0088e4979012690b,2024-09-11T10:15:17-07:00,ok,1.0,2.0,2.0,1.0,1.0,0.0,0.0,0.0,0.0,0.0,0.0,0.0,0.0,0.0,0.0,0.0,0.0,1.0,4.0,0.0,0.0,0.0,0.0,0.0,0.0,0.0,0.0,0.0,0.0,1.0,0,0,0,0,0,0,0,0,0.0,0.0,0.0,0.0,0.0,0.0,0.0,0.0,0.0,0.0,0.0,0.0,0.0,0.0,0.0,0.0,0.0,0.0,0.0,0.0,0.0,0.0,0.0,0.0,0.0,0.0,0.0,0.0,0.0,0.0,0.0,0.0,0.0,0.0,0.0,0.0,0.0,0.0,0.0,0.0,0.0,0.0,0.0,0.0,0.0,0.0,0.0,0.0,0.0,0.0,0.0,0.0,0.0,0.0,0.0,0.0,0.0,0.0,1.0,0.0,0.0,0.0,0.0,0.0,0.0,0.0,67.0,0.0,1.0,3.0,0.0,0.0,-54,24.0,-32.0,0,-6.580023997591224e-06,8.946461022319557e-06,none,-10.482,-0.0112,0.96971,none,4.168,0.039,0.98474,none,-16.487,-0.0596,1,none,11.4,0.1642,1,none,0,0,1,none,-39,-0.0474,0.98645,none
9dea184998f3d512fc00bf1ebaa2768c6d93de6b,5162a1e88181543c0cfade2a8d62e3a3ae7a497c,2024-09-11T17:52:28+08:00,ok,3.0,17.0,79.0,3.0,2.0,0.31366684285007645,0.0,3.0,96.0,0.0,0.0,0.0,0.0,0.0,0.0,0.0,0.0,0.0,0.0,0.0,0.0,0.0,0.0,0.0,0.0,0.0,0.0,0.0,0.0,0.0,0,0,0,0,0,0,0,0,0.0,1.0,0.0,0.0,0.0,0.0,0.0,0.0,0.0,0.0,0.0,0.0,0.0,0.0,0.0,0.0,0.0,0.0,0.0,0.0,0.0,0.0,0.0,0.0,0.0,0.0,0.0,0.0,0.0,0.0,0.0,0.0,0.0,0.0,0.0,0.0,0.0,0.0,0.0,0.0,0.0,0.0,0.0,0.0,1.0,10.0,0.0,0.0,0.0,0.0,0.0,0.0,0.0,0.0,0.0,0.0,0.0,0.0,0.0,0.0,0.0,0.0,0.0,1.0,1.0,0.0,47.0,0.0,1.0,19.0,7.247604166666666,9.0,-41269,-378.0,-132.0,0,-0.005003542089271319,-0.00014088690918347837,none,18.108,0.0195,0.96971,none,-1.25,-0.0105,0.98474,none,-10.837,-0.0459,1,none,35.218,0.5856,0.9836,none,0.001,0.2371,0.20017,none,19,0.0238,1,none
eb0871f56d1d3de0a107994a0088e4979012690b,9dea184998f3d512fc00bf1ebaa2768c6d93de6b,2024-09-11T17:53:02+08:00,ok,1.0,1.0,1.0,1.0,1.0,0.0,0.0,0.0,0.0,0.0,0.0,0.0,0.0,0.0,0.0,0.0,0.0,0.0,0.0,0.0,0.0,0.0,0.0,1.0,2.0,0.0,0.0,0.0,0.0,0.0,0,0,0,0,0,0,0,0,0.0,0.0,0.0,0.0,0.0,0.0,0.0,0.0,0.0,0.0,0.0,0.0,0.0,0.0,0.0,0.0,0.0,0.0,0.0,0.0,0.0,0.0,0.0,0.0,0.0,0.0,0.0,0.0,0.0,0.0,0.0,0.0,0.0,0.0,0.0,0.0,0.0,0.0,0.0,0.0,0.0,0.0,0.0,0.0,0.0,0.0,0.0,0.0,0.0,0.0,0.0,0.0,0.0,0.0,0.0,0.0,0.0,0.0,0.0,0.0,0.0,0.0,0.0,1.0,0.0,0.0,12.0,0.0,1.0,20.0,7.856643518518519,5.0,-31,0.0,-36.0,0,-3.7774069149454687e-06,0.0,none,-12.353,-0.0133,0.96971,none,-1.033,-0.0098,1,none,-8.5,-0.0334,1,none,-9.226,-0.1599,0.99244,none,0,0,1,none,-12,-0.016,1,none
cf2bcd128e52a950f46c95a7c6e28dacd29ac8b6,558d2e74bd1ef6977f1bb9afc8b1ca67990613b1,2024-09-14T07:10:33Z,ok,1.0,89.0,84.0,1.0,1.0,0.0,0.0,0.0,0.0,0.0,0.0,0.0,0.0,0.0,0.0,0.0,0.0,0.0,0.0,0.0,0.0,0.0,0.0,0.0,0.0,1.0,173.0,0.0,0.0,0.0,0,0,0,0,0,0,0,0,0.0,0.0,0.0,0.0,0.0,0.0,0.0,0.0,0.0,0.0,0.0,0.0,0.0,0.0,0.0,0.0,0.0,0.0,0.0,0.0,0.0,0.0,0.0,0.0,0.0,0.0,0.0,0.0,0.0,0.0,0.0,0.0,0.0,0.0,0.0,0.0,0.0,0.0,0.0,0.0,0.0,0.0,0.0,0.0,0.0,0.0,0.0,0.0,0.0,0.0,0.0,0.0,0.0,0.0,0.0,0.0,1.0,0.0,0.0,0.0,0.0,0.0,0.0,0.0,0.0,1.0,41.0,0.0,1.0,65.0,0.0,0.0,671,502.0,51.0,0,8.175864676889462e-05,0.00018714974663950633,none,-26.912,-0.0282,0.95873,none,-0.344,-0.0028,0.98474,none,0.222,0.0009,1,none,-9.029,-0.0894,0.9836,none,0,0,1,none,4,0.0051,1,none
9c3535f9b300a0db1f22f95ab0e015c0b261b6ba,cf2bcd128e52a950f46c95a7c6e28dacd29ac8b6,2024-09-14T07:10:51Z,ok,1.0,4.0,4.0,1.0,1.0,0.0,0.0,0.0,0.0,0.0,0.0,0.0,0.0,0.0,0.0,0.0,0.0,0.0,0.0,0.0,0.0,0.0,0.0,0.0,0.0,1.0,8.0,0.0,0.0,0.0,0,0,0,0,0,0,0,0,0.0,0.0,0.0,0.0,0.0,0.0,0.0,0.0,0.0,0.0,0.0,0.0,0.0,0.0,0.0,0.0,0.0,0.0,0.0,0.0,0.0,0.0,0.0,0.0,0.0,0.0,0.0,0.0,0.0,0.0,0.0,0.0,0.0,0.0,0.0,0.0,0.0,0.0,0.0,0.0,0.0,0.0,0.0,0.0,0.0,0.0,0.0,0.0,0.0,0.0,0.0,0.0,0.0,0.0,0.0,0.0,1.0,0.0,0.0,0.0,0.0,0.0,0.0,0.0,0.0,1.0,47.0,0.0,1.0,66.0,0.0,0.0,6616,5795.0,15.0,0,0.0008060670434323446,0.002160019620954762,none,31.178,0.0333,0.96971,none,-8.083,-0.0666,0.98474,none,-18.403,-0.0712,1,none,6.443,0.0669,0.9836,none,0,0,1,none,-20,-0.0258,0.98645,none
558d2e74bd1ef6977f1bb9afc8b1ca67990613b1,6fcf44cf809b6cf51b4c306bfebe531ef96c045d,2024-09-14T12:38:17+05:30,ok,2.0,10.0,72.0,1.0,2.0,0.1654270339962668,0.0,0.0,0.0,0.0,0.0,0.0,0.0,0.0,0.0,0.0,0.0,0.0,0.0,0.0,0.0,0.0,0.0,1.0,2.0,1.0,80.0,0.0,0.0,0.0,0,0,1,0,0,0,0,0,0.0,0.0,0.0,0.0,0.0,0.0,0.0,0.0,0.0,0.0,0.0,0.0,0.0,0.0,0.0,0.0,0.0,0.0,0.0,0.0,0.0,0.0,0.0,0.0,0.0,0.0,0.0,0.0,0.0,0.0,0.0,0.0,0.0,0.0,0.0,0.0,0.0,0.0,0.0,0.0,0.0,0.0,0.0,0.0,0.0,0.0,0.0,0.0,0.0,0.0,0.0,0.0,0.0,0.0,0.0,0.0,1.0,0.0,0.0,0.0,0.0,0.0,0.0,0.0,0.0,0.0,38.0,0.0,1.0,1.0,2.8855902777777778,5.0,480,-305.0,-28.0,0,5.848948706303936e-05,-0.00011369359167002467,none,1.293,0.0014,0.96971,none,-2.817,-0.0263,1,none,1,0.004,1,none,4.077,0.0494,0.9836,none,0,0,1,none,-10,-0.0132,1,none
b3b1b89ed786dcc3f6e87e4fe0ff0cbb106d1ba2,1fb260a42f0028c9d87021255bce2b7fc640f500,2024-09-16T14:12:57+02:00,ok,1.0,0.0,4.0,1.0,1.0,0.0,0.0,0.0,0.0,0.0,0.0,0.0,0.0,0.0,0.0,0.0,0.0,1.0,4.0,0.0,0.0,0.0,0.0,0.0,0.0,0.0,0.0,0.0,0.0,1.0,0,0,0,0,0,0,0,0,0.0,0.0,0.0,0.0,0.0,0.0,0.0,0.0,0.0,0.0,0.0,0.0,0.0,0.0,0.0,0.0,0.0,0.0,0.0,0.0,0.0,0.0,0.0,0.0,0.0,0.0,0.0,0.0,0.0,0.0,0.0,0.0,0.0,0.0,0.0,0.0,0.0,0.0,0.0,0.0,0.0,0.0,0.0,0.0,0.0,0.0,0.0,0.0,0.0,0.0,0.0,0.0,0.0,0.0,0.0,0.0,0.0,0.0,1.0,0.0,0.0,0.0,0.0,0.0,0.0,0.0,44.0,0.0,1.0,0.0,0.0,0.0,-336,-246.0,15.0,0,-3.7942255951683246e-05,-9.147154286836167e-05,none,16.589,0.0181,0.84151,none,-53.636,-0.3248,0.8604,none,-22.726,-0.0743,1,none,-76.083,-0.4965,0.9836,none,0,0,1,none,31,0.0383,1,none
ac7a921f0124c62b993fa2059e7a21db6877f9de,b3b1b89ed786dcc3f6e87e4fe0ff0cbb106d1ba2,2024-09-16T14:15:14+02:00,ok,1.0,77.0,23.0,1.0,1.0,0.0,0.0,0.0,0.0,0.0,0.0,0.0,0.0,0.0,0.0,0.0,0.0,1.0,100.0,0.0,0.0,0.0,0.0,0.0,0.0,0.0,0.0,0.0,0.0,1.0,0,0,0,0,0,0,0,0,0.0,0.0,0.0,0.0,0.0,0.0,0.0,0.0,0.0,0.0,0.0,0.0,0.0,0.0,0.0,0.0,0.0,0.0,0.0,0.0,0.0,0.0,0.0,0.0,0.0,0.0,0.0,0.0,0.0,0.0,0.0,0.0,0.0,0.0,0.0,0.0,0.0,0.0,0.0,0.0,0.0,0.0,0.0,0.0,0.0,0.0,0.0,0.0,0.0,0.0,0.0,0.0,0.0,0.0,0.0,0.0,0.0,0.0,0.0,0.0,0.0,0.0,0.0,1.0,0.0,0.0,72.0,0.0,1.0,83.0,0.0,0.0,429,358.0,-61.0,0,4.844596851621856e-05,0.00013312930090382896,none,-25.294,-0.0263,1,none,18.687,0.1195,0.98474,none,52,0.1962,1,none,22.729,0.1466,0.99244,none,0,0,1,none,-25,-0.0293,1,none
a961225c9dbfde52c510ce19549a74eb34993bea,ac7a921f0124c62b993fa2059e7a21db6877f9de,2024-09-16T14:16:01+02:00,ok,1.0,1.0,1.0,1.0,1.0,0.0,0.0,0.0,0.0,0.0,0.0,0.0,0.0,0.0,0.0,0.0,0.0,1.0,2.0,0.0,0.0,0.0,0.0,0.0,0.0,0.0,0.0,0.0,0.0,1.0,0,0,0,0,0,0,0,0,0.0,0.0,0.0,0.0,0.0,0.0,0.0,0.0,0.0,0.0,0.0,0.0,0.0,0.0,0.0,0.0,0.0,0.0,0.0,0.0,0.0,0.0,0.0,0.0,0.0,0.0,0.0,0.0,0.0,0.0,0.0,0.0,0.0,0.0,0.0,0.0,0.0,0.0,0.0,0.0,0.0,0.0,0.0,0.0,0.0,0.0,0.0,0.0,0.0,0.0,0.0,0.0,0.0,0.0,0.0,0.0,0.0,0.0,0.0,0.0,0.0,0.0,0.0,1.0,0.0,0.0,51.0,0.0,1.0,0.0,0.0,0.0,588,292.0,88.0,0,6.63982506093564e-05,0.00010857145619234697,none,-10.489,-0.012,0.96971,none,-16.012,-0.102,1,none,18.997,0.0646,1,none,36.407,0.251,0.99244,none,0,0,1,none,38,0.068,1,none
17bd49164dcd2420929a279d01cfedca7cc177b9,9c3535f9b300a0db1f22f95ab0e015c0b261b6ba,2024-09-16T16:13:40+08:00,ok,11.0,48.0,17.0,4.0,3.0,0.4850330584228124,8.0,3.0,65.0,0.0,0.0,0.0,0.0,8.0,0.0,0.0,0.0,0.0,0.0,0.0,0.0,0.0,0.0,0.0,0.0,0.0,0.0,0.0,0.0,0.0,0,0,0,0,0,0,0,0,1.0,0.0,0.0,0.0,0.0,0.0,0.0,0.0,0.0,0.0,0.0,0.0,1.0,1.0,0.0,0.0,0.0,0.0,0.0,0.0,0.0,0.0,0.0,0.0,0.0,0.0,0.0,0.0,0.0,0.0,0.0,0.0,0.0,0.0,0.0,0.0,0.0,0.0,5.0,0.0,0.0,0.0,0.0,0.0,5.0,0.0,0.0,0.0,0.0,0.0,0.0,0.0,0.0,0.0,0.0,0.0,0.0,0.0,0.0,0.0,0.0,0.0,0.0,1.0,0.0,0.0,48.0,0.0,1.0,2.0,47.98365740740741,10.0,640885,428.0,210.0,8,0.0780199820558363,0.000159188229295023,none,-14.551,-0.0153,0.96971,none,14.519,0.1215,0.80046,none,-1.322,-0.0054,1,none,8.446,0.0881,0.9836,none,-0.001,-0.1917,0.00003,none,36,0.0485,0.98645,none
f3b6dcfcbf1509eb69e305264a3d72bf592d4edf,17bd49164dcd2420929a279d01cfedca7cc177b9,2024-09-16T16:14:55+08:00,ok,1.0,2.0,4.0,1.0,1.0,0.0,0.0,0.0,0.0,0.0,0.0,0.0,0.0,0.0,0.0,0.0,0.0,1.0,6.0,0.0,0.0,0.0,0.0,0.0,0.0,0.0,0.0,0.0,0.0,1.0,0,0,0,0,0,0,0,0,0.0,0.0,0.0,0.0,0.0,0.0,0.0,0.0,0.0,0.0,0.0,0.0,0.0,0.0,0.0,0.0,0.0,0.0,0.0,0.0,0.0,0.0,0.0,0.0,0.0,0.0,0.0,0.0,0.0,0.0,0.0,0.0,0.0,0.0,0.0,0.0,0.0,0.0,0.0,0.0,0.0,0.0,0.0,0.0,0.0,0.0,0.0,0.0,0.0,0.0,0.0,0.0,0.0,0.0,0.0,0.0,0.0,0.0,1.0,0.0,0.0,0.0,0.0,0.0,0.0,0.0,55.0,0.0,1.0,0.0,0.0,0.0,13,108.0,-71.0,0,1.468054844270436e-06,4.016259902590822e-05,none,28.83,0.0308,0.96971,none,-5.706,-0.0409,0.98474,none,26.556,0.1066,1,none,-18.576,-0.1666,1,none,0,0,1,none,-31,-0.0384,1,none
e20eb77a4ef3e0c32c081be7190cb861400c37ff,f3b6dcfcbf1509eb69e305264a3d72bf592d4edf,2024-09-16T16:16:29+08:00,ok,1.0,6.0,1.0,1.0,1.0,0.0,0.0,0.0,0.0,0.0,0.0,0.0,0.0,0.0,0.0,0.0,0.0,1.0,7.0,0.0,0.0,0.0,0.0,0.0,0.0,0.0,0.0,0.0,0.0,1.0,0,0,0,0,0,0,0,0,0.0,0.0,0.0,0.0,0.0,0.0,0.0,0.0,0.0,0.0,0.0,0.0,0.0,0.0,0.0,0.0,0.0,0.0,0.0,0.0,0.0,0.0,0.0,0.0,0.0,0.0,0.0,0.0,0.0,0.0,0.0,0.0,0.0,0.0,0.0,0.0,0.0,0.0,0.0,0.0,0.0,0.0,0.0,0.0,0.0,0.0,0.0,0.0,0.0,0.0,0.0,0.0,0.0,0.0,0.0,0.0,0.0,0.0,1.0,0.0,0.0,0.0,0.0,0.0,0.0,0.0,53.0,0.0,1.0,1.0,0.0,0.0,330,260.0,-34.0,0,3.726595287686381e-05,9.668385532079146e-05,none,-0.548,-0.0006,1,none,2.723,0.0201,1,none,12.407,0.0493,1,none,7.072,0.0686,0.99244,none,0,0,1,none,16,0.0205,1,none
27dd9857502466cc86b45c36745e6e2f015aaf37,e20eb77a4ef3e0c32c081be7190cb861400c37ff,2024-09-16T16:17:42+08:00,ok,1.0,1.0,14.0,1.0,1.0,0.0,0.0,0.0,0.0,0.0,0.0,0.0,0.0,0.0,0.0,0.0,0.0,1.0,15.0,0.0,0.0,0.0,0.0,0.0,0.0,0.0,0.0,0.0,0.0,1.0,0,0,0,0,0,0,0,0,0.0,0.0,0.0,0.0,0.0,0.0,0.0,0.0,0.0,0.0,0.0,0.0,0.0,0.0,0.0,0.0,0.0,0.0,0.0,0.0,0.0,0.0,0.0,0.0,0.0,0.0,0.0,0.0,0.0,0.0,0.0,0.0,0.0,0.0,0.0,0.0,0.0,0.0,0.0,0.0,0.0,0.0,0.0,0.0,0.0,0.0,0.0,0.0,0.0,0.0,0.0,0.0,0.0,0.0,0.0,0.0,0.0,0.0,1.0,0.0,0.0,0.0,0.0,0.0,0.0,0.0,57.0,0.0,1.0,23.0,0.0,0.0,-226,-136.0,27.0,0,-2.552058031541179e-05,-5.0568204423453684e-05,none,-15.613,-0.0167,0.96971,none,8.967,0.0744,0.8604,none,-4,-0.0158,1,none,34.644,0.3654,0.9836,none,0,0,1,none,10,0.0128,1,none
1128a40b4a4e1d61be39311166ea9e65ab85344f,27dd9857502466cc86b45c36745e6e2f015aaf37,2024-09-16T16:19:08+08:00,ok,2.0,6.0,6.0,1.0,1.0,0.6500224216483541,0.0,0.0,0.0,0.0,0.0,0.0,0.0,0.0,0.0,0.0,0.0,2.0,12.0,0.0,0.0,0.0,0.0,0.0,0.0,0.0,0.0,0.0,0.0,1.0,0,0,0,0,0,0,0,0,0.0,0.0,0.0,0.0,0.0,0.0,0.0,0.0,0.0,0.0,0.0,0.0,0.0,0.0,0.0,0.0,0.0,0.0,0.0,0.0,0.0,0.0,0.0,0.0,0.0,0.0,0.0,0.0,0.0,0.0,0.0,0.0,0.0,0.0,0.0,0.0,0.0,0.0,0.0,0.0,0.0,0.0,0.0,0.0,0.0,0.0,0.0,0.0,0.0,0.0,0.0,0.0,0.0,0.0,0.0,0.0,0.0,0.0,1.0,0.0,0.0,0.0,0.0,0.0,0.0,0.0,41.0,0.0,1.0,24.0,0.0,0.0,166,38.0,-2.0,0,1.8745683411154268e-05,1.4130065768019274e-05,none,7.784,0.0084,0.96971,none,8.148,0.0629,0.8604,none,-8,-0.0313,1,none,29.567,0.3094,0.68481,none,0,0,1,none,2,0.0026,1,none
481de31849dbaa5f96a61820571cae5071f9ea56,1128a40b4a4e1d61be39311166ea9e65ab85344f,2024-09-16T16:20:22+08:00,ok,1.0,3.0,0.0,1.0,1.0,0.0,0.0,0.0,0.0,0.0,0.0,0.0,0.0,0.0,0.0,0.0,0.0,1.0,3.0,0.0,0.0,0.0,0.0,0.0,0.0,0.0,0.0,0.0,0.0,1.0,0,0,0,0,0,0,0,0,0.0,0.0,0.0,0.0,0.0,0.0,0.0,0.0,0.0,0.0,0.0,0.0,0.0,0.0,0.0,0.0,0.0,0.0,0.0,0.0,0.0,0.0,0.0,0.0,0.0,0.0,0.0,0.0,0.0,0.0,0.0,0.0,0.0,0.0,0.0,0.0,0.0,0.0,0.0,0.0,0.0,0.0,0.0,0.0,0.0,0.0,0.0,0.0,0.0,0.0,0.0,0.0,0.0,0.0,0.0,0.0,0.0,0.0,0.0,0.0,0.0,0.0,0.0,1.0,0.0,0.0,65.0,0.0,1.0,82.0,0.0,0.0,282,22.0,132.0,0,3.184447969169123e-05,8.180448801731577e-06,none,0.355,0.0004,1,none,9.303,0.0714,0.98474,none,10.5,0.0441,1,none,2.301,0.0236,0.9836,none,0,0,1,none,7,0.0091,0.98645,none
1fb260a42f0028c9d87021255bce2b7fc640f500,481de31849dbaa5f96a61820571cae5071f9ea56,2024-09-16T16:24:05+08:00,ok,1.0,1.0,1.0,1.0,1.0,0.0,0.0,0.0,0.0,0.0,0.0,0.0,0.0,0.0,0.0,0.0,0.0,1.0,2.0,0.0,0.0,0.0,0.0,0.0,0.0,0.0,0.0,0.0,0.0,1.0,0,0,0,0,0,0,0,0,0.0,0.0,0.0,0.0,0.0,0.0,0.0,0.0,0.0,0.0,0.0,0.0,0.0,0.0,0.0,0.0,0.0,0.0,0.0,0.0,0.0,0.0,0.0,0.0,0.0,0.0,0.0,0.0,0.0,0.0,0.0,0.0,0.0,0.0,0.0,0.0,0.0,0.0,0.0,0.0,0.0,0.0,0.0,0.0,0.0,0.0,0.0,0.0,0.0,0.0,0.0,1.0,0.0,0.0,0.0,0.0,0.0,0.0,0.0,0.0,0.0,0.0,0.0,0.0,0.0,0.0,43.0,0.0,1.0,0.0,0.0,0.0,-258,0.0,-71.0,0,-2.9133383469853724e-05,0.0,none,-3.454,-0.0037,0.96971,none,-1.762,-0.0136,0.98474,none,-1.006,-0.0042,1,none,14.839,0.1668,0.99244,none,0,0,1,none,17,0.0219,1,none
5094e8454738b054ad15eafb0e00ad0dfe013764,a961225c9dbfde52c510ce19549a74eb34993bea,2024-09-23T10:15:54+08:00,ok,59.0,4879.0,292.0,9.0,8.0,0.7082348303020577,1.0,28.0,2135.0,0.0,0.0,0.0,0.0,23.0,0.0,0.0,0.0,3.0,35.0,0.0,0.0,2.0,2062.0,1.0,2.0,1.0,10.0,1.0,3.0,0.0,0,0,1,0,0,0,0,0,62.0,1.0,0.0,0.0,0.0,0.0,3.0,1.0,12.0,1.0,3.0,1.0,2.0,0.0,0.0,0.0,0.0,0.0,1.0,1.0,6.0,3.0,0.0,0.0,0.0,0.0,0.0,0.0,0.0,0.0,0.0,0.0,2.0,0.0,0.0,0.0,0.0,0.0,5.0,0.0,12.0,0.0,1.0,0.0,213.0,35.0,9.0,4.0,3.0,0.0,0.0,0.0,0.0,0.0,0.0,0.0,0.0,0.0,0.0,0.0,0.0,0.0,0.0,1.0,0.0,0.0,50.0,0.0,1.0,0.0,430.0455928497942,19.0,716441,38881.0,1964.0,65,0.08089671884567756,0.014455166157638307,none,-23.636,-0.0236,0.99545,none,-7.031,-0.0436,0.8604,none,-0.849,-0.0025,1,none,6.902,0.0363,1,none,0,0,1,none,2,0.0033,1,none
699ca8e9c5d7e842fb08165fb4dc90bc3daabffe,5094e8454738b054ad15eafb0e00ad0dfe013764,2024-09-26T17:04:50+02:00,ok,1.0,4.0,4.0,1.0,1.0,0.0,0.0,0.0,0.0,0.0,0.0,0.0,0.0,0.0,0.0,0.0,0.0,0.0,0.0,0.0,0.0,0.0,0.0,0.0,0.0,1.0,8.0,0.0,0.0,0.0,0,0,0,0,0,0,0,0,0.0,0.0,0.0,0.0,0.0,0.0,0.0,0.0,0.0,0.0,0.0,0.0,0.0,0.0,0.0,0.0,0.0,0.0,0.0,0.0,0.0,0.0,0.0,0.0,0.0,0.0,0.0,0.0,0.0,0.0,0.0,0.0,0.0,0.0,0.0,0.0,0.0,0.0,0.0,0.0,0.0,0.0,0.0,0.0,0.0,0.0,0.0,0.0,0.0,0.0,0.0,0.0,0.0,0.0,0.0,0.0,1.0,0.0,0.0,0.0,0.0,0.0,0.0,0.0,0.0,1.0,55.0,0.0,1.0,67.0,0.0,0.0,-16,42.0,-153.0,0,-1.6714225602767207e-06,1.539224948930715e-05,none,-25.514,-0.0277,0.96971,none,-17.858,-0.1152,0.8604,none,-11.442,-0.0342,1,none,-26.69,-0.1399,0.9836,none,0,0,1,none,-33,-0.0574,0.98645,none
808ad464a3454397f232217d8fcaf9be862586f7,699ca8e9c5d7e842fb08165fb4dc90bc3daabffe,2024-09-26T17:05:02+02:00,ok,1.0,114.0,109.0,1.0,1.0,0.0,0.0,0.0,0.0,0.0,0.0,0.0,0.0,0.0,0.0,0.0,0.0,0.0,0.0,0.0,0.0,0.0,0.0,0.0,0.0,1.0,223.0,0.0,0.0,0.0,0,0,0,0,0,0,0,0,0.0,0.0,0.0,0.0,0.0,0.0,0.0,0.0,0.0,0.0,0.0,0.0,0.0,0.0,0.0,0.0,0.0,0.0,0.0,0.0,0.0,0.0,0.0,0.0,0.0,0.0,0.0,0.0,0.0,0.0,0.0,0.0,0.0,0.0,0.0,0.0,0.0,0.0,0.0,0.0,0.0,0.0,0.0,0.0,0.0,0.0,0.0,0.0,0.0,0.0,0.0,0.0,0.0,0.0,0.0,0.0,1.0,0.0,0.0,0.0,0.0,0.0,0.0,0.0,0.0,1.0,49.0,0.0,1.0,68.0,0.0,0.0,8497,7675.0,133.0,0,0.0008876313270239812,0.002812707059216737,none,-19.77,-0.0204,0.96971,none,2.145,0.0149,0.98474,none,-37.243,-0.1107,1,none,16.031,0.0962,0.9836,none,0,0,1,none,-27,-0.0462,1,none
e61a1c0e4e7f95d793833d6043f07a926ab6f72f,808ad464a3454397f232217d8fcaf9be862586f7,2024-09-26T17:15:58+02:00,ok,1.0,2.0,0.0,1.0,1.0,0.0,0.0,0.0,0.0,0.0,0.0,0.0,0.0,0.0,0.0,0.0,0.0,1.0,2.0,0.0,0.0,0.0,0.0,0.0,0.0,0.0,0.0,0.0,0.0,1.0,0,0,0,0,0,0,0,0,0.0,0.0,0.0,0.0,0.0,0.0,0.0,0.0,0.0,0.0,0.0,0.0,0.0,0.0,0.0,0.0,0.0,0.0,0.0,0.0,0.0,0.0,0.0,0.0,0.0,0.0,0.0,0.0,0.0,0.0,0.0,0.0,0.0,0.0,0.0,0.0,0.0,0.0,0.0,0.0,0.0,0.0,0.0,0.0,0.0,0.0,0.0,0.0,0.0,0.0,0.0,1.0,0.0,0.0,0.0,0.0,0.0,0.0,0.0,0.0,0.0,0.0,0.0,0.0,0.0,0.0,68.0,0.0,1.0,1.0,0.0,0.0,12,42.0,60.0,0,1.2524572951201655e-06,1.534884077880018e-05,none,-6.193,-0.0062,0.96971,none,10.173,0.0627,0.8604,none,-25.047,-0.0637,1,none,8.772,0.0397,0.99244,none,0,0,1,none,1,0.0016,1,none
6b3dda5e6a368609cf2c0ea75c44d7276840ebbb,e61a1c0e4e7f95d793833d6043f07a926ab6f72f,2024-09-26T17:17:12+02:00,ok,1.0,1.0,1.0,1.0,1.0,0.0,0.0,0.0,0.0,0.0,0.0,0.0,0.0,0.0,0.0,0.0,0.0,1.0,2.0,0.0,0.0,0.0,0.0,0.0,0.0,0.0,0.0,0.0,0.0,1.0,0,0,0,0,0,0,0,0,0.0,0.0,0.0,0.0,0.0,0.0,0.0,0.0,0.0,0.0,0.0,0.0,0.0,0.0,0.0,0.0,0.0,0.0,0.0,0.0,0.0,0.0,0.0,0.0,0.0,0.0,0.0,0.0,0.0,0.0,0.0,0.0,0.0,0.0,0.0,0.0,0.0,0.0,0.0,0.0,0.0,0.0,0.0,0.0,0.0,0.0,0.0,0.0,0.0,0.0,0.0,0.0,0.0,0.0,0.0,0.0,0.0,0.0,0.0,0.0,0.0,0.0,0.0,1.0,0.0,0.0,33.0,0.0,1.0,0.0,0.0,0.0,-141,-4.0,-15.0,0,-1.4716354786056034e-05,-1.4617719233812246e-06,none,34.007,0.0347,0.96971,none,-3.292,-0.0188,0.98474,none,-4.048,-0.0096,1,none,4.282,0.0177,1,none,0,0,1,none,-22,-0.0331,0.98645,none
15bae507bfb2856a2f2a2dbde7be1baa61d1ec49,6b3dda5e6a368609cf2c0ea75c44d7276840ebbb,2024-09-26T17:18:39+02:00,ok,1.0,1.0,1.0,1.0,1.0,0.0,0.0,0.0,0.0,0.0,0.0,0.0,0.0,0.0,0.0,0.0,0.0,1.0,2.0,0.0,0.0,0.0,0.0,0.0,0.0,0.0,0.0,0.0,0.0,1.0,0,0,0,0,0,0,0,0,0.0,0.0,0.0,0.0,0.0,0.0,0.0,0.0,0.0,0.0,0.0,0.0,0.0,0.0,0.0,0.0,0.0,0.0,0.0,0.0,0.0,0.0,0.0,0.0,0.0,0.0,0.0,0.0,0.0,0.0,0.0,0.0,0.0,0.0,0.0,0.0,0.0,0.0,0.0,0.0,0.0,0.0,0.0,0.0,0.0,0.0,0.0,0.0,0.0,0.0,0.0,0.0,0.0,0.0,0.0,0.0,0.0,0.0,0.0,0.0,0.0,0.0,0.0,1.0,0.0,0.0,59.0,0.0,1.0,0.0,0.0,0.0,-185,-6.0,-214.0,0,-1.9308976607540143e-05,-2.192661090242256e-06,none,42.256,0.0453,1,none,2.455,0.0154,0.98474,none,60.168,0.2045,1,none,81.105,0.4309,0.9836,none,0,0,1,none,-55,-0.0838,1,none
2ec007be666b0826926a2564ecd3e42d08ce226e,15bae507bfb2856a2f2a2dbde7be1baa61d1ec49,2024-09-26T17:20:19+02:00,ok,2.0,3.0,3.0,1.0,1.0,0.9182958340544896,0.0,0.0,0.0,0.0,0.0,0.0,0.0,0.0,0.0,0.0,0.0,2.0,6.0,0.0,0.0,0.0,0.0,0.0,0.0,0.0,0.0,0.0,0.0,1.0,0,0,0,0,0,0,0,0,0.0,0.0,0.0,0.0,0.0,0.0,0.0,0.0,0.0,0.0,0.0,0.0,0.0,0.0,0.0,0.0,0.0,0.0,0.0,0.0,0.0,0.0,0.0,0.0,0.0,0.0,0.0,0.0,0.0,0.0,0.0,0.0,0.0,0.0,0.0,0.0,0.0,0.0,0.0,0.0,0.0,0.0,0.0,0.0,0.0,0.0,0.0,0.0,0.0,0.0,0.0,0.0,0.0,0.0,0.0,0.0,0.0,0.0,1.0,0.0,0.0,0.0,0.0,0.0,0.0,0.0,48.0,0.0,1.0,2.0,0.0,0.0,275,30.0,67.0,0,2.8703087022227985e-05,1.0963329490077273e-05,none,-3.168,-0.0032,0.96971,none,-1.041,-0.0057,0.98474,none,3.485,0.009,1,none,28.972,0.1059,0.9836,none,0,0,1,none,-9,-0.0144,0.98645,none
fd16694c3d2978312951f8aaae1e1e3d155c348c,2ec007be666b0826926a2564ecd3e42d08ce226e,2024-09-26T17:21:31+02:00,ok,1.0,4.0,0.0,1.0,1.0,0.0,0.0,0.0,0.0,0.0,0.0,0.0,0.0,0.0,0.0,0.0,0.0,1.0,4.0,0.0,0.0,0.0,0.0,0.0,0.0,0.0,0.0,0.0,0.0,1.0,0,0,0,0,0,0,0,0,0.0,0.0,0.0,0.0,0.0,0.0,0.0,0.0,0.0,0.0,0.0,0.0,0.0,0.0,0.0,0.0,0.0,0.0,0.0,0.0,0.0,0.0,0.0,0.0,0.0,0.0,0.0,0.0,0.0,0.0,0.0,0.0,0.0,0.0,0.0,0.0,0.0,0.0,0.0,0.0,0.0,0.0,0.0,0.0,0.0,0.0,0.0,0.0,0.0,0.0,0.0,0.0,0.0,0.0,0.0,0.0,0.0,0.0,0.0,0.0,0.0,0.0,0.0,1.0,0.0,0.0,52.0,0.0,1.0,0.0,0.0,0.0,697,280.0,26.0,0,7.274719067466601e-05,0.00010232328677014718,none,-1.138,-0.0012,0.96971,none,9.093,0.0523,0.98474,none,-9.491,-0.0273,1,none,5.158,0.0229,0.9836,none,0,0,1,none,-6,-0.0103,0.98645,none
9ff4a358f24362e72d443942ae30ad0d4feda602,fd16694c3d2978312951f8aaae1e1e3d155c348c,2024-09-27T18:14:05+02:00,ok,1.0,1.0,1.0,1.0,1.0,0.0,0.0,0.0,0.0,0.0,0.0,0.0,0.0,0.0,0.0,0.0,0.0,1.0,2.0,0.0,0.0,0.0,0.0,0.0,0.0,0.0,0.0,0.0,0.0,1.0,0,0,0,0,0,0,0,0,0.0,0.0,0.0,0.0,0.0,0.0,0.0,0.0,0.0,0.0,0.0,0.0,0.0,0.0,0.0,0.0,0.0,0.0,0.0,0.0,0.0,0.0,0.0,0.0,0.0,0.0,0.0,0.0,0.0,0.0,0.0,0.0,0.0,0.0,0.0,0.0,0.0,0.0,0.0,0.0,0.0,0.0,0.0,0.0,0.0,0.0,0.0,0.0,0.0,0.0,0.0,0.0,0.0,0.0,0.0,0.0,0.0,0.0,1.0,0.0,0.0,0.0,0.0,0.0,0.0,0.0,61.0,0.0,1.0,0.0,0.0,0.0,-189,10.0,-91.0,0,-1.9724847766442773e-05,3.654029206655449e-06,none,13.817,0.0142,0.84151,none,0.503,0.0028,0.98474,none,18.249,0.0538,1,none,-7.446,-0.0318,0.9836,none,0,0,1,none,-3,-0.0052,1,none
b1a6899dec1f956f44e9acff1c7892fa14bf54c1,9ff4a358f24362e72d443942ae30ad0d4feda602,2024-09-27T18:14:35+02:00,ok,1.0,80.0,80.0,1.0,1.0,0.0,0.0,0.0,0.0,0.0,0.0,0.0,0.0,0.0,0.0,0.0,0.0,0.0,0.0,0.0,0.0,0.0,0.0,0.0,0.0,1.0,160.0,0.0,0.0,0.0,0,0,0,0,0,0,0,0,0.0,0.0,0.0,0.0,0.0,0.0,0.0,0.0,0.0,0.0,0.0,0.0,0.0,0.0,0.0,0.0,0.0,0.0,0.0,0.0,0.0,0.0,0.0,0.0,0.0,0.0,0.0,0.0,0.0,0.0,0.0,0.0,0.0,0.0,0.0,0.0,0.0,0.0,0.0,0.0,0.0,0.0,0.0,0.0,0.0,0.0,0.0,0.0,0.0,0.0,0.0,0.0,0.0,0.0,0.0,0.0,1.0,0.0,0.0,0.0,0.0,0.0,0.0,0.0,0.0,1.0,49.0,0.0,1.0,69.0,0.0,0.0,-157,138.0,17.0,0,-1.6385514203527288e-05,5.042541879589216e-05,none,-1.081,-0.0011,1,none,1.96,0.0113,0.98474,none,13.118,0.0368,1,none,4.653,0.0191,0.9836,none,0,0,1,none,-2,-0.0034,1,none
4567e55ee0641e0a9501f89621c1e641cb6cec25,b1a6899dec1f956f44e9acff1c7892fa14bf54c1,2024-09-27T18:20:22+02:00,ok,1.0,109.0,0.0,1.0,1.0,0.0,0.0,0.0,0.0,0.0,0.0,0.0,0.0,0.0,0.0,0.0,0.0,1.0,109.0,0.0,0.0,0.0,0.0,0.0,0.0,0.0,0.0,0.0,0.0,1.0,0,0,0,0,0,0,0,0,0.0,0.0,0.0,0.0,0.0,0.0,0.0,0.0,0.0,0.0,0.0,0.0,0.0,0.0,0.0,0.0,0.0,0.0,0.0,0.0,0.0,0.0,0.0,0.0,0.0,0.0,0.0,0.0,0.0,0.0,0.0,0.0,0.0,0.0,0.0,0.0,0.0,0.0,0.0,0.0,0.0,0.0,0.0,0.0,0.0,0.0,0.0,0.0,0.0,0.0,1.0,0.0,0.0,0.0,0.0,0.0,0.0,0.0,0.0,0.0,0.0,0.0,0.0,0.0,0.0,0.0,54.0,0.0,1.0,2.0,0.0,0.0,1702,1188.0,-84.0,0,0.00017763440855726105,0.0004340751951237425,none,-9.115,-0.0094,0.96971,none,3.61,0.0212,0.8604,none,7.347,0.0213,1,none,5.501,0.0251,0.9836,none,0,0,1,none,-21,-0.0345,1,none
e45d0e2f9b6df70fb3c5e792441ed641b85cafcc,4567e55ee0641e0a9501f89621c1e641cb6cec25,2024-09-28T14:40:47Z,ok,1.0,83.0,98.0,1.0,1.0,0.0,0.0,0.0,0.0,0.0,0.0,0.0,0.0,0.0,0.0,0.0,0.0,0.0,0.0,0.0,0.0,0.0,0.0,0.0,0.0,1.0,181.0,0.0,0.0,0.0,0,0,0,0,0,0,0,0,0.0,0.0,0.0,0.0,0.0,0.0,0.0,0.0,0.0,0.0,0.0,0.0,0.0,0.0,0.0,0.0,0.0,0.0,0.0,0.0,0.0,0.0,0.0,0.0,0.0,0.0,0.0,0.0,0.0,0.0,0.0,0.0,0.0,0.0,0.0,0.0,0.0,0.0,0.0,0.0,0.0,0.0,0.0,0.0,0.0,0.0,0.0,0.0,0.0,0.0,0.0,0.0,0.0,0.0,0.0,0.0,1.0,0.0,0.0,0.0,0.0,0.0,0.0,0.0,0.0,1.0,42.0,0.0,1.0,70.0,0.0,0.0,212,-32.0,63.0,0,2.2122095392353622e-05,-1.168718802968984e-05,none,-14.347,-0.0146,0.82224,none,-3.098,-0.0177,0.86801,none,-22.979,-0.0605,1,none,-10.576,-0.0407,0.9836,none,0,0,1,none,9,0.0156,1,none
b15177c4bcfe7e37958ff3a19a13dd9d8756cd18,e45d0e2f9b6df70fb3c5e792441ed641b85cafcc,2024-09-28T20:11:44+05:30,ok,1.0,1.0,2.0,1.0,1.0,0.0,0.0,0.0,0.0,0.0,0.0,0.0,0.0,0.0,0.0,0.0,0.0,0.0,0.0,0.0,0.0,1.0,3.0,0.0,0.0,0.0,0.0,0.0,0.0,0.0,0,0,0,0,0,0,0,0,0.0,0.0,0.0,0.0,0.0,0.0,0.0,0.0,0.0,0.0,0.0,0.0,0.0,0.0,0.0,0.0,0.0,0.0,0.0,0.0,0.0,0.0,0.0,0.0,0.0,0.0,0.0,0.0,0.0,0.0,0.0,0.0,0.0,0.0,0.0,0.0,0.0,0.0,0.0,0.0,0.0,0.0,0.0,0.0,0.0,0.0,0.0,0.0,0.0,0.0,0.0,0.0,0.0,0.0,0.0,0.0,0.0,0.0,1.0,0.0,0.0,0.0,0.0,0.0,0.0,0.0,47.0,0.0,1.0,1.0,5.517939814814815,1.0,-204,5.0,68.0,0,-2.1286828430562837e-05,1.8261444721328528e-06,none,-17.228,-0.0175,0.95873,none,-0.191,-0.001,0.98474,none,-2.261,-0.0065,1,none,-24.969,-0.0756,0.9836,none,0,0,1,none,-19,-0.0321,0.98645,none
622e7e5cad19d5f3e9c16816b0ad3ce5ef44aaca,b15177c4bcfe7e37958ff3a19a13dd9d8756cd18,2024-09-28T20:14:40+05:30,ok,1.0,1.0,2.0,1.0,1.0,0.0,0.0,0.0,0.0,0.0,0.0,0.0,0.0,0.0,0.0,0.0,0.0,1.0,3.0,0.0,0.0,0.0,0.0,0.0,0.0,0.0,0.0,0.0,0.0,1.0,0,0,0,0,0,0,0,0,0.0,0.0,0.0,0.0,0.0,0.0,0.0,0.0,0.0,0.0,0.0,0.0,0.0,0.0,0.0,0.0,0.0,0.0,0.0,0.0,0.0,0.0,0.0,0.0,0.0,0.0,0.0,0.0,0.0,0.0,0.0,0.0,0.0,0.0,0.0,0.0,0.0,0.0,0.0,0.0,0.0,0.0,0.0,0.0,0.0,0.0,0.0,0.0,0.0,0.0,0.0,0.0,0.0,0.0,0.0,0.0,0.0,0.0,1.0,0.0,0.0,0.0,0.0,0.0,0.0,0.0,43.0,0.0,1.0,15.0,0.0,0.0,24,0.0,47.0,0,2.504386066973336e-06,0.0,none,-4.047,-0.0042,1,none,-10.702,-0.0528,0.98474,none,-10.906,-0.0292,1,none,1.222,0.0039,1,none,0,0,1,none,-15,-0.0248,1,none
cfcf01ee9ece8d873eb4d97c2b9b7e2a59c6f000,622e7e5cad19d5f3e9c16816b0ad3ce5ef44aaca,2024-09-28T20:15:58+05:30,ok,1.0,1.0,3.0,1.0,1.0,0.0,0.0,0.0,0.0,0.0,0.0,0.0,0.0,0.0,0.0,0.0,0.0,1.0,4.0,0.0,0.0,0.0,0.0,0.0,0.0,0.0,0.0,0.0,0.0,1.0,0,0,0,0,0,0,0,0,0.0,0.0,0.0,0.0,0.0,0.0,0.0,0.0,0.0,0.0,0.0,0.0,0.0,0.0,0.0,0.0,0.0,0.0,0.0,0.0,0.0,0.0,0.0,0.0,0.0,0.0,0.0,0.0,0.0,0.0,0.0,0.0,0.0,0.0,0.0,0.0,0.0,0.0,0.0,0.0,0.0,0.0,0.0,0.0,0.0,0.0,0.0,0.0,0.0,0.0,0.0,0.0,0.0,0.0,0.0,0.0,0.0,0.0,1.0,0.0,0.0,0.0,0.0,0.0,0.0,0.0,43.0,0.0,1.0,0.0,0.0,0.0,-200,-2.0,95.0,0,-2.086983162532892e-05,-7.304564549341238e-07,none,5.265,0.0054,0.96971,none,6.242,0.0339,0.8604,none,2.098,0.0063,1,none,-20.3,-0.0597,1,none,0,0,1,none,6,0.0108,1,none
d1b5bc861a9239f10a286412f10774978e15d0f2,cfcf01ee9ece8d873eb4d97c2b9b7e2a59c6f000,2024-09-30T09:00:40+08:00,ok,11.0,17.0,48.0,4.0,3.0,0.4850330584228124,8.0,3.0,65.0,0.0,0.0,0.0,0.0,8.0,0.0,0.0,0.0,0.0,0.0,0.0,0.0,0.0,0.0,0.0,0.0,0.0,0.0,0.0,0.0,0.0,0,0,0,0,0,0,0,0,0.0,1.0,0.0,0.0,0.0,0.0,0.0,0.0,0.0,0.0,0.0,0.0,1.0,1.0,0.0,0.0,0.0,0.0,0.0,0.0,0.0,0.0,0.0,0.0,0.0,0.0,0.0,0.0,0.0,0.0,0.0,0.0,0.0,0.0,0.0,0.0,0.0,0.0,0.0,5.0,0.0,0.0,0.0,0.0,0.0,5.0,0.0,0.0,0.0,0.0,0.0,0.0,0.0,0.0,0.0,0.0,0.0,0.0,0.0,0.0,0.0,0.0,0.0,1.0,1.0,0.0,57.0,0.0,1.0,21.0,13.699305555555556,9.0,-644489,-354.0,-516.0,-8,-0.06725328813668272,-0.00012929088696470286,none,7.012,0.0072,0.96971,none,-26.554,-0.1398,0.8604,none,33.523,0.0908,1,none,14.923,0.0462,0.9836,none,0.001,0.2371,0.2409,none,-19,-0.0319,1,none
391b3cab70a5a49ad65baaab9eea1a9d63e93a9f,d1b5bc861a9239f10a286412f10774978e15d0f2,2024-10-09T14:50:59+08:00,ok,2.0,1.0,95.0,2.0,2.0,0.8112781244591328,0.0,1.0,72.0,0.0,0.0,0.0,0.0,1.0,0.0,0.0,0.0,0.0,0.0,0.0,0.0,0.0,0.0,0.0,0.0,0.0,0.0,0.0,0.0,0.0,0,0,0,0,0,0,0,0,0.0,0.0,0.0,0.0,0.0,0.0,0.0,0.0,0.0,0.0,0.0,0.0,0.0,0.0,0.0,0.0,0.0,0.0,0.0,0.0,0.0,0.0,0.0,0.0,0.0,0.0,0.0,0.0,0.0,0.0,0.0,0.0,0.0,0.0,0.0,0.0,0.0,0.0,0.0,1.0,0.0,1.0,0.0,0.0,1.0,9.0,0.0,7.0,0.0,0.0,0.0,0.0,0.0,0.0,0.0,0.0,0.0,0.0,0.0,0.0,0.0,0.0,0.0,1.0,1.0,0.0,39.0,0.0,1.0,22.0,68.66155092592592,2.0,-15388,-268.0,-129.0,-1,-0.001721537408533536,-9.789389324743997e-05,improvement,-110.663,-0.1242,0.04201,improvement,1.369,0.013,0.98474,none,-53.599,-0.19,0.00009,improvement,-3.539,-0.0515,0.9836,none,0.001,0.3795,0.02477,none,-64,-0.1441,0.01415,improvement
132227d4eb83a2c01955be51b571acde139541ec,391b3cab70a5a49ad65baaab9eea1a9d63e93a9f,2024-10-12T08:54:29Z,ok,1.0,479.0,77.0,1.0,1.0,0.0,0.0,0.0,0.0,0.0,0.0,0.0,0.0,0.0,0.0,0.0,0.0,0.0,0.0,0.0,0.0,0.0,0.0,0.0,0.0,1.0,556.0,0.0,0.0,0.0,0,0,0,0,0,0,0,0,0.0,0.0,0.0,0.0,0.0,0.0,0.0,0.0,0.0,0.0,0.0,0.0,0.0,0.0,0.0,0.0,0.0,0.0,0.0,0.0,0.0,0.0,0.0,0.0,0.0,0.0,0.0,0.0,0.0,0.0,0.0,0.0,0.0,0.0,0.0,0.0,0.0,0.0,0.0,0.0,0.0,0.0,0.0,0.0,0.0,0.0,0.0,0.0,0.0,0.0,0.0,0.0,0.0,0.0,0.0,0.0,1.0,0.0,0.0,0.0,0.0,0.0,0.0,0.0,0.0,1.0,47.0,0.0,1.0,71.0,0.0,0.0,1401,1030.0,-48.0,0,0.0001570076163823159,0.00037627082732091517,none,-58.247,-0.0651,0.96971,none,-4.548,-0.038,0.98474,none,-26.5,-0.1079,1,none,19.514,0.1479,1,none,0,0,1,none,13,0.0327,1,none
42cf8e00c475fcc64c03e8a6cb52b8b15e7eacdc,132227d4eb83a2c01955be51b571acde139541ec,2024-10-12T08:56:47Z,ok,1.0,82.0,177.0,1.0,1.0,0.0,0.0,0.0,0.0,0.0,0.0,0.0,0.0,0.0,0.0,0.0,0.0,0.0,0.0,0.0,0.0,0.0,0.0,0.0,0.0,1.0,259.0,0.0,0.0,0.0,0,0,0,0,0,0,0,0,0.0,0.0,0.0,0.0,0.0,0.0,0.0,0.0,0.0,0.0,0.0,0.0,0.0,0.0,0.0,0.0,0.0,0.0,0.0,0.0,0.0,0.0,0.0,0.0,0.0,0.0,0.0,0.0,0.0,0.0,0.0,0.0,0.0,0.0,0.0,0.0,0.0,0.0,0.0,0.0,0.0,0.0,0.0,0.0,0.0,0.0,0.0,0.0,0.0,0.0,0.0,0.0,0.0,0.0,0.0,0.0,1.0,0.0,0.0,0.0,0.0,0.0,0.0,0.0,0.0,1.0,43.0,0.0,1.0,72.0,0.0,0.0,3751,3958.0,78.0,0,0.0004203020101327408,0.0014453590026365568,none,-72.175,-0.0786,0.68481,none,-6.069,-0.0466,0.98474,none,-22.5,-0.0827,1,none,10.008,0.0618,0.9836,none,-0.107,-0.966,1,none,-26,-0.0598,0.98645,none
cf3a17a9006822a5d3d4ab77a55a353509e42e7b,42cf8e00c475fcc64c03e8a6cb52b8b15e7eacdc,2024-10-12T14:42:25+05:30,ok,1.0,331.0,513.0,1.0,1.0,0.0,0.0,0.0,0.0,0.0,0.0,0.0,0.0,0.0,0.0,0.0,0.0,0.0,0.0,0.0,0.0,0.0,0.0,0.0,0.0,1.0,844.0,0.0,0.0,0.0,0,0,0,0,0,0,0,0,0.0,0.0,0.0,0.0,0.0,0.0,0.0,0.0,0.0,0.0,0.0,0.0,0.0,0.0,0.0,0.0,0.0,0.0,0.0,0.0,0.0,0.0,0.0,0.0,0.0,0.0,0.0,0.0,0.0,0.0,0.0,0.0,0.0,0.0,0.0,0.0,0.0,0.0,0.0,0.0,0.0,0.0,0.0,0.0,0.0,0.0,0.0,0.0,0.0,0.0,0.0,0.0,0.0,0.0,0.0,0.0,1.0,0.0,0.0,0.0,0.0,0.0,0.0,0.0,0.0,0.0,16.0,0.0,1.0,12.0,0.0,0.0,-112,-34.0,-71.0,0,-1.2544401019411789e-05,-1.2397999108802652e-05,none,-86.209,-0.0945,1,none,8.345,0.0742,0.98474,none,-11,-0.0421,1,none,-1.714,-0.0134,1,none,0,0,1,none,8,0.0202,1,none
646093a2d42de7a24e2c77f1f125ddc3b82b3d32,cf3a17a9006822a5d3d4ab77a55a353509e42e7b,2024-10-12T14:44:29+05:30,ok,2.0,30.0,30.0,1.0,2.0,0.8366407419411672,0.0,0.0,0.0,0.0,0.0,0.0,0.0,0.0,0.0,0.0,0.0,0.0,0.0,0.0,0.0,0.0,0.0,1.0,16.0,1.0,44.0,0.0,0.0,0.0,0,0,3,0,0,0,4,1,0.0,0.0,0.0,0.0,0.0,0.0,0.0,0.0,0.0,0.0,0.0,0.0,0.0,0.0,0.0,0.0,0.0,0.0,0.0,0.0,0.0,0.0,0.0,0.0,0.0,0.0,0.0,0.0,0.0,0.0,0.0,0.0,0.0,0.0,0.0,0.0,0.0,0.0,0.0,0.0,0.0,0.0,0.0,0.0,0.0,0.0,0.0,0.0,0.0,0.0,0.0,0.0,0.0,0.0,0.0,0.0,1.0,0.0,0.0,0.0,0.0,0.0,0.0,0.0,0.0,0.0,38.0,0.0,1.0,13.0,19.29068287037037,7.0,437,9.0,10.0,0,4.894617869230595e-05,3.281863982053309e-06,none,-6.674,-0.0084,0.96971,none,3.797,0.0326,0.98474,none,-0.5,-0.0021,1,none,1.739,0.0142,0.9836,none,0,0,1,none,-14,-0.0358,0.98645,none
a681541956462672a0848e3fabfa5d0936d3d903,646093a2d42de7a24e2c77f1f125ddc3b82b3d32,2024-10-14T09:01:25+02:00,ok,1.0,2.0,2.0,1.0,1.0,0.0,0.0,0.0,0.0,0.0,0.0,0.0,0.0,0.0,0.0,0.0,0.0,1.0,4.0,0.0,0.0,0.0,0.0,0.0,0.0,0.0,0.0,0.0,0.0,1.0,0,0,0,0,0,0,0,0,0.0,0.0,0.0,0.0,0.0,0.0,0.0,0.0,0.0,0.0,0.0,0.0,0.0,0.0,0.0,0.0,0.0,0.0,0.0,0.0,0.0,0.0,0.0,0.0,0.0,0.0,0.0,0.0,0.0,0.0,0.0,0.0,0.0,0.0,0.0,0.0,0.0,0.0,0.0,0.0,0.0,0.0,0.0,0.0,0.0,0.0,0.0,0.0,0.0,0.0,0.0,0.0,0.0,0.0,0.0,0.0,0.0,0.0,1.0,0.0,0.0,0.0,0.0,0.0,0.0,0.0,42.0,0.0,1.0,0.0,0.0,0.0,177,44.0,0.0,0,1.9823912140421394e-05,1.6044615700458693e-05,none,36.852,0.0446,0.96971,none,-3.881,-0.0301,0.98474,none,-0.5,-0.002,1,none,-31.023,-0.1856,0.9836,none,-0.107,-0.966,1,none,13,0.0335,0.98645,none
756b51d4d0c69b16dc09d3b7063f610dbc987ebf,a681541956462672a0848e3fabfa5d0936d3d903,2024-10-14T09:10:59+02:00,ok,1.0,1.0,1.0,1.0,1.0,0.0,0.0,0.0,0.0,0.0,0.0,0.0,0.0,0.0,0.0,0.0,0.0,1.0,2.0,0.0,0.0,0.0,0.0,0.0,0.0,0.0,0.0,0.0,0.0,1.0,0,0,0,0,0,0,0,0,0.0,0.0,0.0,0.0,0.0,0.0,0.0,0.0,0.0,0.0,0.0,0.0,0.0,0.0,0.0,0.0,0.0,0.0,0.0,0.0,0.0,0.0,0.0,0.0,0.0,0.0,0.0,0.0,0.0,0.0,0.0,0.0,0.0,0.0,0.0,0.0,0.0,0.0,0.0,0.0,0.0,0.0,0.0,0.0,0.0,0.0,0.0,0.0,0.0,0.0,0.0,0.0,0.0,0.0,0.0,0.0,0.0,0.0,0.0,0.0,0.0,0.0,0.0,1.0,0.0,0.0,40.0,0.0,1.0,0.0,0.0,0.0,-104,14.0,0.0,0,-1.1647717472964977e-05,5.105023087466913e-06,none,-83.8,-0.0909,0.96971,none,16.312,0.1423,0.98474,none,-31.5,-0.1135,1,none,-24.819,-0.1893,0.9836,none,0.107,28.3811,1,none,-47,-0.1049,1,none
08feb3426189f7f97af09280c4185f89450e53cc,756b51d4d0c69b16dc09d3b7063f610dbc987ebf,2024-10-14T09:11:56+02:00,ok,1.0,1.0,1.0,1.0,1.0,0.0,0.0,0.0,0.0,0.0,0.0,0.0,0.0,0.0,0.0,0.0,0.0,1.0,2.0,0.0,0.0,0.0,0.0,0.0,0.0,0.0,0.0,0.0,0.0,1.0,0,0,0,0,0,0,0,0,0.0,0.0,0.0,0.0,0.0,0.0,0.0,0.0,0.0,0.0,0.0,0.0,0.0,0.0,0.0,0.0,0.0,0.0,0.0,0.0,0.0,0.0,0.0,0.0,0.0,0.0,0.0,0.0,0.0,0.0,0.0,0.0,0.0,0.0,0.0,0.0,0.0,0.0,0.0,0.0,0.0,0.0,0.0,0.0,0.0,0.0,0.0,0.0,0.0,0.0,0.0,0.0,0.0,0.0,0.0,0.0,0.0,0.0,1.0,0.0,0.0,0.0,0.0,0.0,0.0,0.0,53.0,0.0,1.0,0.0,0.0,0.0,-124,-12.0,0.0,0,-1.3887824902303631e-05,-4.375711736862199e-06,none,-84.575,-0.0907,0.95873,none,4.856,0.0392,0.98474,none,-16,-0.0629,1,none,3.301,0.0255,0.9836,none,0,0,1,none,7,0.0171,1,none
96b9b7c3c3d1f20d609a94642fcabb3eba2df306,08feb3426189f7f97af09280c4185f89450e53cc,2024-10-14T09:12:36+02:00,ok,1.0,2.0,0.0,1.0,1.0,0.0,0.0,0.0,0.0,0.0,0.0,0.0,0.0,0.0,0.0,0.0,0.0,1.0,2.0,0.0,0.0,0.0,0.0,0.0,0.0,0.0,0.0,0.0,0.0,1.0,0,0,0,0,0,0,0,0,0.0,0.0,0.0,0.0,0.0,0.0,0.0,0.0,0.0,0.0,0.0,0.0,0.0,0.0,0.0,0.0,0.0,0.0,0.0,0.0,0.0,0.0,0.0,0.0,0.0,0.0,0.0,0.0,0.0,0.0,0.0,0.0,0.0,0.0,0.0,0.0,0.0,0.0,0.0,0.0,0.0,0.0,0.0,0.0,0.0,0.0,0.0,0.0,0.0,0.0,0.0,0.0,0.0,0.0,0.0,0.0,0.0,0.0,1.0,0.0,0.0,0.0,0.0,0.0,0.0,0.0,43.0,0.0,1.0,1.0,0.0,0.0,60,30.0,0.0,0,6.72000860161101e-06,1.0939327209497961e-05,none,-20.693,-0.0239,0.96971,none,-2.667,-0.0211,0.98474,none,-7,-0.0267,1,none,-21.029,-0.1188,0.9836,none,-0.107,-0.966,1,none,0,0,1,none
a62b914bc6bcb433bddb02a69f1ce708c34c8a22,96b9b7c3c3d1f20d609a94642fcabb3eba2df306,2024-10-14T09:17:30+02:00,ok,1.0,1.0,1.0,1.0,1.0,0.0,0.0,0.0,0.0,0.0,0.0,0.0,0.0,0.0,0.0,0.0,0.0,1.0,2.0,0.0,0.0,0.0,0.0,0.0,0.0,0.0,0.0,0.0,0.0,1.0,0,0,0,0,0,0,0,0,0.0,0.0,0.0,0.0,0.0,0.0,0.0,0.0,0.0,0.0,0.0,0.0,0.0,0.0,0.0,0.0,0.0,0.0,0.0,0.0,0.0,0.0,0.0,0.0,0.0,0.0,0.0,0.0,0.0,0.0,0.0,0.0,0.0,0.0,0.0,0.0,0.0,0.0,0.0,0.0,0.0,0.0,0.0,0.0,0.0,0.0,0.0,0.0,0.0,0.0,0.0,0.0,0.0,0.0,0.0,0.0,0.0,0.0,0.0,0.0,0.0,0.0,0.0,1.0,0.0,0.0,33.0,0.0,1.0,0.0,0.0,0.0,-43,2.0,0.0,0,-4.815973801102522e-06,7.292805027951498e-07,none,5.184,0.0068,0.96971,none,-9.285,-0.0851,0.92551,none,3.5,0.0155,1,none,3.999,0.0816,1,none,-0.107,-0.966,1,none,7,0.0191,0.98645,none
017ce157b0c76f81639ab4ad78866f57d081df40,a62b914bc6bcb433bddb02a69f1ce708c34c8a22,2024-10-15T12:41:10+02:00,ok,1.0,1.0,1.0,1.0,1.0,0.0,0.0,0.0,0.0,0.0,0.0,0.0,0.0,0.0,0.0,0.0,0.0,1.0,2.0,0.0,0.0,0.0,0.0,0.0,0.0,0.0,0.0,0.0,0.0,1.0,0,0,0,0,0,0,0,0,0.0,0.0,0.0,0.0,0.0,0.0,0.0,0.0,0.0,0.0,0.0,0.0,0.0,0.0,0.0,0.0,0.0,0.0,0.0,0.0,0.0,0.0,0.0,0.0,0.0,0.0,0.0,0.0,0.0,0.0,0.0,0.0,0.0,0.0,0.0,0.0,0.0,0.0,0.0,0.0,0.0,0.0,0.0,0.0,0.0,0.0,0.0,0.0,0.0,0.0,0.0,0.0,0.0,0.0,0.0,0.0,0.0,0.0,1.0,0.0,0.0,0.0,0.0,0.0,0.0,0.0,48.0,0.0,1.0,1.0,0.0,0.0,25,-8.0,0.0,0,2.79999825280109e-06,-2.9171198837819438e-06,none,4.988,0.0065,0.96971,none,0.933,0.0088,0.98474,none,7.5,0.0336,1,none,5.41,0.0639,0.9836,none,0.107,28.3811,0.28652,none,2,0.0054,1,none
a9c6189c96b875b0d1840ebe9b697ca0dd5413c7,017ce157b0c76f81639ab4ad78866f57d081df40,2024-10-15T12:41:20+02:00,ok,1.0,7.0,7.0,1.0,1.0,0.0,0.0,0.0,0.0,0.0,0.0,0.0,0.0,0.0,0.0,0.0,0.0,0.0,0.0,0.0,0.0,0.0,0.0,0.0,0.0,1.0,14.0,0.0,0.0,0.0,0,0,0,0,0,0,0,0,0.0,0.0,0.0,0.0,0.0,0.0,0.0,0.0,0.0,0.0,0.0,0.0,0.0,0.0,0.0,0.0,0.0,0.0,0.0,0.0,0.0,0.0,0.0,0.0,0.0,0.0,0.0,0.0,0.0,0.0,0.0,0.0,0.0,0.0,0.0,0.0,0.0,0.0,0.0,0.0,0.0,0.0,0.0,0.0,0.0,0.0,0.0,0.0,0.0,0.0,0.0,0.0,0.0,0.0,0.0,0.0,1.0,0.0,0.0,0.0,0.0,0.0,0.0,0.0,0.0,1.0,55.0,0.0,1.0,73.0,0.0,0.0,-1624,-484.0,-9.0,0,-0.0001818873772176204,-0.00017648626780040862,none,20.056,0.026,0.96971,none,-1.008,-0.0094,0.98474,none,1.5,0.0067,1,none,14.651,0.1602,0.9836,none,0,0,1,none,15,0.0408,1,none
17041a2929a99e2d25852ae969b47b41ac5e07ce,a9c6189c96b875b0d1840ebe9b697ca0dd5413c7,2024-10-15T12:41:52+02:00,ok,1.0,1.0,1.0,1.0,1.0,0.0,0.0,0.0,0.0,0.0,0.0,0.0,0.0,0.0,0.0,0.0,0.0,1.0,2.0,0.0,0.0,0.0,0.0,0.0,0.0,0.0,0.0,0.0,0.0,1.0,0,0,0,0,0,0,0,0,0.0,0.0,0.0,0.0,0.0,0.0,0.0,0.0,0.0,0.0,0.0,0.0,0.0,0.0,0.0,0.0,0.0,0.0,0.0,0.0,0.0,0.0,0.0,0.0,0.0,0.0,0.0,0.0,0.0,0.0,0.0,0.0,0.0,0.0,0.0,0.0,0.0,0.0,0.0,0.0,0.0,0.0,0.0,0.0,0.0,0.0,0.0,0.0,0.0,0.0,0.0,0.0,0.0,0.0,0.0,0.0,0.0,0.0,1.0,0.0,0.0,0.0,0.0,0.0,0.0,0.0,77.0,0.0,1.0,0.0,0.0,0.0,101,8.0,0.0,0,1.1314019145112713e-05,2.91764331737504e-06,none,-34.522,-0.0437,0.96971,none,-4.676,-0.0422,0.98474,none,-4,-0.0174,1,none,-6.033,-0.0619,1,none,0,0,1,none,-12,-0.031,0.98645,none
78d61f2dae1858153e35e0bc93052387c88d7a19,17041a2929a99e2d25852ae969b47b41ac5e07ce,2024-10-18T15:14:41+02:00,ok,2.0,21.0,0.0,1.0,1.0,0.9182958340544896,0.0,0.0,0.0,0.0,0.0,0.0,0.0,0.0,0.0,0.0,0.0,2.0,21.0,0.0,0.0,0.0,0.0,0.0,0.0,0.0,0.0,0.0,0.0,1.0,0,0,0,0,0,0,0,0,0.0,0.0,0.0,0.0,0.0,0.0,0.0,0.0,0.0,0.0,0.0,0.0,0.0,0.0,0.0,0.0,0.0,0.0,0.0,0.0,0.0,0.0,0.0,0.0,0.0,0.0,0.0,0.0,0.0,0.0,0.0,0.0,0.0,0.0,0.0,0.0,0.0,0.0,0.0,0.0,0.0,0.0,0.0,0.0,0.0,0.0,0.0,0.0,0.0,0.0,0.0,0.0,0.0,0.0,0.0,0.0,0.0,0.0,0.0,0.0,0.0,0.0,0.0,1.0,0.0,0.0,69.0,0.0,1.0,0.0,0.0,0.0,1293,652.0,0.0,0,0.00014484021033083722,0.00023778723658772399,none,-21.171,-0.027,1,none,21.77,0.2007,0.8604,none,7.5,0.0333,0.39947,none,30.164,0.2923,0.9836,none,0.107,28.3811,1,none,-8,-0.0215,0.98645,none
b66b1d2fbf2cad70f98a7cba9e941d3c99bf80eb,78d61f2dae1858153e35e0bc93052387c88d7a19,2024-10-29T08:54:06+01:00,ok,1.0,20.0,0.0,1.0,1.0,0.0,0.0,0.0,0.0,0.0,0.0,0.0,0.0,0.0,0.0,0.0,0.0,1.0,20.0,0.0,0.0,0.0,0.0,0.0,0.0,0.0,0.0,0.0,0.0,1.0,0,0,0,0,0,0,0,0,0.0,0.0,0.0,0.0,0.0,0.0,0.0,0.0,0.0,0.0,0.0,0.0,0.0,0.0,0.0,0.0,0.0,0.0,0.0,0.0,0.0,0.0,0.0,0.0,0.0,0.0,0.0,0.0,0.0,0.0,0.0,0.0,0.0,0.0,0.0,0.0,0.0,0.0,0.0,0.0,0.0,0.0,0.0,0.0,0.0,0.0,0.0,0.0,0.0,0.0,0.0,0.0,0.0,0.0,0.0,0.0,0.0,0.0,0.0,0.0,0.0,0.0,0.0,1.0,0.0,0.0,32.0,0.0,1.0,0.0,0.0,0.0,428,136.0,0.0,0,4.7937070722411656e-05,4.9588000287318706e-05,none,20.417,0.0269,0.95873,none,-2.323,-0.0213,1,none,8,0.0351,1,none,9.977,0.1094,0.9836,none,0,0,1,none,1,0.0027,1,none
7c7e701c48b0887495a732019ce07ea68c9b2318,b66b1d2fbf2cad70f98a7cba9e941d3c99bf80eb,2024-10-29T09:01:14+01:00,ok,1.0,1.0,1.0,1.0,1.0,0.0,0.0,0.0,0.0,0.0,0.0,0.0,0.0,0.0,0.0,0.0,0.0,1.0,2.0,0.0,0.0,0.0,0.0,0.0,0.0,0.0,0.0,0.0,0.0,1.0,0,0,0,0,0,0,0,0,0.0,0.0,0.0,0.0,0.0,0.0,0.0,0.0,0.0,0.0,0.0,0.0,0.0,0.0,0.0,0.0,0.0,0.0,0.0,0.0,0.0,0.0,0.0,0.0,0.0,0.0,0.0,0.0,0.0,0.0,0.0,0.0,0.0,0.0,0.0,0.0,0.0,0.0,0.0,0.0,0.0,0.0,0.0,0.0,0.0,0.0,0.0,0.0,0.0,0.0,0.0,0.0,0.0,0.0,0.0,0.0,0.0,0.0,1.0,0.0,0.0,0.0,0.0,0.0,0.0,0.0,29.0,0.0,1.0,0.0,0.0,0.0,-129,18.0,0.0,0,-1.4447630140668399e-05,6.562792249342353e-06,none,7.382,0.0095,0.96971,none,3.288,0.0316,0.8604,none,-6,-0.0256,1,none,2.873,0.0323,0.9836,none,0,0,1,none,-8,-0.021,1,none
cf84ce10597785e6dfa2f2fb6db5d6a0b4810b32,7c7e701c48b0887495a732019ce07ea68c9b2318,2024-10-29T09:18:34+01:00,ok,1.0,3.0,1.0,1.0,1.0,0.0,0.0,1.0,4.0,0.0,0.0,0.0,0.0,0.0,0.0,0.0,0.0,0.0,0.0,0.0,0.0,0.0,0.0,0.0,0.0,0.0,0.0,0.0,0.0,0.0,0,0,0,0,0,0,0,0,0.0,0.0,0.0,0.0,0.0,0.0,0.0,0.0,0.0,0.0,0.0,0.0,0.0,0.0,0.0,0.0,0.0,0.0,0.0,0.0,0.0,0.0,0.0,0.0,0.0,0.0,0.0,0.0,0.0,0.0,0.0,0.0,1.0,1.0,0.0,0.0,0.0,0.0,0.0,0.0,0.0,0.0,0.0,0.0,0.0,0.0,0.0,0.0,0.0,0.0,0.0,1.0,0.0,0.0,0.0,0.0,0.0,0.0,0.0,0.0,0.0,0.0,0.0,0.0,0.0,0.0,38.0,0.0,1.0,0.0,790.8697800925926,2.0,-610,-633.0,0.0,0,-6.831923810385667e-05,-0.0002307900128082988,none,1.544,0.002,0.96971,none,0.285,0.0026,0.98474,none,-1.5,-0.0066,1,none,-0.501,-0.0047,0.99244,none,0,0,1,none,17,0.0463,0.98645,none
e419207bd88c642d4be604a773789126a076b391,cf84ce10597785e6dfa2f2fb6db5d6a0b4810b32,2024-10-29T09:18:47+01:00,ok,1.0,4.0,0.0,1.0,1.0,0.0,0.0,0.0,0.0,0.0,0.0,0.0,0.0,0.0,0.0,0.0,0.0,1.0,4.0,0.0,0.0,0.0,0.0,0.0,0.0,0.0,0.0,0.0,0.0,1.0,0,0,0,0,0,0,0,0,0.0,0.0,0.0,0.0,0.0,0.0,0.0,0.0,0.0,0.0,0.0,0.0,0.0,0.0,0.0,0.0,0.0,0.0,0.0,0.0,0.0,0.0,0.0,0.0,0.0,0.0,0.0,0.0,0.0,0.0,0.0,0.0,0.0,0.0,0.0,0.0,0.0,0.0,0.0,0.0,0.0,0.0,0.0,0.0,0.0,0.0,0.0,0.0,0.0,0.0,0.0,0.0,0.0,0.0,0.0,0.0,0.0,0.0,0.0,0.0,0.0,0.0,0.0,1.0,0.0,0.0,68.0,0.0,1.0,0.0,0.0,0.0,379,284.0,0.0,0,4.245042680599964e-05,0.00010356950097005237,none,20.462,0.0264,0.96971,none,-2.172,-0.0194,0.98474,none,-6,-0.0257,1,none,3.904,0.0385,1,none,0,0,1,none,3,0.008,1,none
2d1235ba12e473422ab75ee8f1e381308fdd27ee,e419207bd88c642d4be604a773789126a076b391,2024-10-29T09:19:13+01:00,ok,1.0,1.0,1.0,1.0,1.0,0.0,0.0,0.0,0.0,0.0,0.0,0.0,0.0,0.0,0.0,0.0,0.0,1.0,2.0,0.0,0.0,0.0,0.0,0.0,0.0,0.0,0.0,0.0,0.0,1.0,0,0,0,0,0,0,0,0,0.0,0.0,0.0,0.0,0.0,0.0,0.0,0.0,0.0,0.0,0.0,0.0,0.0,0.0,0.0,0.0,0.0,0.0,0.0,0.0,0.0,0.0,0.0,0.0,0.0,0.0,0.0,0.0,0.0,0.0,0.0,0.0,0.0,0.0,0.0,0.0,0.0,0.0,0.0,0.0,0.0,0.0,0.0,0.0,0.0,0.0,0.0,0.0,0.0,0.0,0.0,0.0,0.0,0.0,0.0,0.0,0.0,0.0,0.0,0.0,0.0,0.0,0.0,1.0,0.0,0.0,25.0,0.0,1.0,0.0,0.0,0.0,-17,22.0,0.0,0,-1.9040280272925618e-06,8.02215866079542e-06,none,6.295,0.0081,0.96971,none,5.137,0.0491,0.98474,none,12,0.0523,1,none,5.04,0.0464,0.9836,none,-0.107,-0.966,1,none,-23,-0.0596,0.98645,none
929aff014b0595dda64f31361e8b37b5d6eb750c,2d1235ba12e473422ab75ee8f1e381308fdd27ee,2024-10-30T18:04:36+01:00,ok,1.0,1.0,1.0,1.0,1.0,0.0,0.0,0.0,0.0,0.0,0.0,0.0,0.0,0.0,0.0,0.0,0.0,0.0,0.0,0.0,0.0,1.0,2.0,0.0,0.0,0.0,0.0,0.0,0.0,0.0,0,0,0,0,0,0,0,0,0.0,0.0,0.0,0.0,0.0,0.0,0.0,0.0,0.0,0.0,0.0,0.0,0.0,0.0,0.0,0.0,0.0,0.0,0.0,0.0,0.0,0.0,0.0,0.0,0.0,0.0,0.0,0.0,0.0,0.0,0.0,0.0,0.0,0.0,0.0,0.0,0.0,0.0,0.0,0.0,0.0,0.0,0.0,0.0,0.0,0.0,0.0,0.0,0.0,0.0,0.0,0.0,0.0,0.0,0.0,0.0,0.0,0.0,0.0,0.0,0.0,0.0,0.0,1.0,0.0,0.0,21.0,0.0,1.0,203.0,62.38305555555556,16.0,-101,10.0,0.0,0,-1.1312188053814206e-05,3.6464065028555008e-06,none,-35.63,-0.045,0.96971,none,5.454,0.051,0.89721,none,-3,-0.013,1,none,2.232,0.025,1,none,-0.107,-0.966,1,none,7,0.0189,1,none
18eaa5eb8d516878299fb9bad3b248c6fcc091f1,929aff014b0595dda64f31361e8b37b5d6eb750c,2024-11-02T09:00:41+08:00,ok,3.0,27.0,5.0,2.0,2.0,0.9567630866762651,0.0,2.0,17.0,0.0,0.0,0.0,0.0,0.0,0.0,0.0,0.0,1.0,15.0,0.0,0.0,0.0,0.0,0.0,0.0,0.0,0.0,0.0,0.0,0.0,0,0,0,0,0,0,0,0,0.0,0.0,0.0,0.0,0.0,0.0,0.0,0.0,0.0,0.0,0.0,0.0,1.0,0.0,0.0,0.0,0.0,0.0,0.0,0.0,0.0,0.0,0.0,0.0,0.0,0.0,0.0,0.0,0.0,0.0,0.0,0.0,0.0,0.0,0.0,0.0,0.0,0.0,0.0,0.0,0.0,0.0,0.0,0.0,0.0,0.0,0.0,0.0,0.0,0.0,0.0,0.0,0.0,0.0,0.0,0.0,0.0,0.0,0.0,0.0,0.0,0.0,0.0,1.0,0.0,0.0,32.0,0.0,2.0,24.0,0.9758796296296296,12.0,1982,1088.0,9.0,0,0.0002219902015182696,0.0003967275808806477,none,-75.082,-0.0883,0.95873,none,-30.136,-0.2046,0.8604,none,-10,-0.04,1,none,-12.646,-0.0909,0.9836,none,0,0,1,none,-29,-0.0695,1,none
f7a57b844f9e6a1715d3593ffc7d459056db005b,18eaa5eb8d516878299fb9bad3b248c6fcc091f1,2024-11-02T09:00:47+08:00,ok,2.0,60.0,60.0,1.0,2.0,0.1222915970693747,0.0,0.0,0.0,0.0,0.0,0.0,0.0,0.0,0.0,0.0,0.0,0.0,0.0,0.0,0.0,0.0,0.0,1.0,2.0,1.0,118.0,0.0,0.0,0.0,0,0,1,0,0,0,0,0,0.0,0.0,0.0,0.0,0.0,0.0,0.0,0.0,0.0,0.0,0.0,0.0,0.0,0.0,0.0,0.0,0.0,0.0,0.0,0.0,0.0,0.0,0.0,0.0,0.0,0.0,0.0,0.0,0.0,0.0,0.0,0.0,0.0,0.0,0.0,0.0,0.0,0.0,0.0,0.0,0.0,0.0,0.0,0.0,0.0,0.0,0.0,0.0,0.0,0.0,0.0,0.0,0.0,0.0,0.0,0.0,0.0,0.0,0.0,0.0,0.0,0.0,0.0,1.0,0.0,0.0,14.0,0.0,1.0,25.0,20.657152777777778,7.0,-573,90.0,2.0,0,-6.416354919160647e-05,3.280452440000525e-05,none,59.881,0.0664,0.96971,none,-19.041,-0.0956,0.92551,none,-37.5,-0.1234,1,none,-106.089,-0.2462,0.9836,none,0,0,1,none,-1242,-0.4445,1,none
58c4b8992527c252b18b834e4712ebe682e43db2,f7a57b844f9e6a1715d3593ffc7d459056db005b,2024-11-08T13:32:57+08:00,ok,3.0,79.0,17.0,3.0,2.0,0.31366684285007645,0.0,3.0,96.0,0.0,0.0,0.0,0.0,0.0,0.0,0.0,0.0,0.0,0.0,0.0,0.0,0.0,0.0,0.0,0.0,0.0,0.0,0.0,0.0,0.0,0,0,0,0,0,0,0,0,1.0,0.0,0.0,0.0,0.0,0.0,0.0,0.0,0.0,0.0,0.0,0.0,0.0,0.0,0.0,0.0,0.0,0.0,0.0,0.0,0.0,0.0,0.0,0.0,0.0,0.0,0.0,0.0,0.0,0.0,0.0,0.0,0.0,0.0,0.0,0.0,0.0,0.0,0.0,0.0,0.0,0.0,0.0,0.0,10.0,1.0,0.0,0.0,0.0,0.0,0.0,0.0,0.0,0.0,0.0,0.0,0.0,0.0,0.0,0.0,0.0,0.0,0.0,1.0,0.0,0.0,41.0,0.0,1.0,7.0,39.18908564814815,8.0,43444,361.0,259.0,0,0.0048650961602314784,0.0001315782759528126,none,76.307,0.1042,0.96971,none,24.149,0.1984,0.8604,none,143.75,1.6715,1,none,26.881,0.1959,0.9836,none,0.003,0.027,1,none,-2529.5,-0.8604,0.98645,none
597abd1ca9d03cf2710d0bdea4c5b923ec3bf6c2,58c4b8992527c252b18b834e4712ebe682e43db2,2024-11-11T10:07:50+08:00,ok,4.0,65.0,20.0,4.0,3.0,0.7447794568367186,0.0,4.0,85.0,0.0,0.0,0.0,0.0,0.0,0.0,0.0,0.0,0.0,0.0,0.0,0.0,0.0,0.0,0.0,0.0,0.0,0.0,0.0,0.0,0.0,0,0,0,0,0,0,0,0,0.0,0.0,0.0,0.0,0.0,0.0,0.0,0.0,1.0,1.0,0.0,0.0,0.0,0.0,0.0,0.0,0.0,0.0,0.0,0.0,0.0,0.0,0.0,0.0,0.0,0.0,0.0,0.0,0.0,0.0,0.0,0.0,0.0,0.0,0.0,0.0,0.0,0.0,0.0,0.0,0.0,0.0,0.0,0.0,6.0,0.0,0.0,0.0,0.0,0.0,0.0,0.0,0.0,0.0,0.0,0.0,0.0,0.0,0.0,0.0,0.0,0.0,0.0,1.0,0.0,0.0,40.0,0.0,1.0,0.0,48.99439814814815,3.0,953,134.0,62.0,0,0.00010620544010341936,4.883426416056998e-05,none,-85.04,-0.1097,0.96971,none,16.984,0.1657,0.98474,none,-50.957,-0.331,1,none,36.664,0.9894,1,none,0,0,1,none,-2015,-0.3747,1,none
f7a80d4eac57d45f170cd8ae50e88613b703017f,597abd1ca9d03cf2710d0bdea4c5b923ec3bf6c2,2024-11-11T21:50:02+08:00,ok,2.0,44.0,44.0,1.0,1.0,1.0,0.0,0.0,0.0,0.0,0.0,0.0,0.0,0.0,0.0,0.0,0.0,0.0,0.0,0.0,0.0,2.0,88.0,0.0,0.0,0.0,0.0,0.0,0.0,0.0,0,0,0,0,0,0,0,0,0.0,0.0,0.0,0.0,0.0,0.0,0.0,0.0,0.0,0.0,0.0,0.0,0.0,0.0,0.0,0.0,0.0,0.0,0.0,0.0,0.0,0.0,0.0,0.0,0.0,0.0,0.0,0.0,0.0,0.0,0.0,0.0,0.0,0.0,0.0,0.0,0.0,0.0,0.0,0.0,0.0,0.0,0.0,0.0,0.0,0.0,0.0,0.0,0.0,0.0,0.0,0.0,0.0,0.0,0.0,0.0,0.0,0.0,0.0,0.0,0.0,0.0,0.0,1.0,0.0,0.0,34.0,0.0,1.0,26.0,46.06859953703704,18.0,210,24.0,0.0,0,2.340060226464343e-05,8.746008267164314e-06,none,25.682,0.0336,0.96971,none,-16.511,-0.1183,0.8604,none,-14.25,-0.0608,1,none,-57.027,-0.3882,0.9836,none,-0.053,-0.9488,1,none,-13671,-0.9712,1,none
dcf9415318cb6c4105b51dd83852304988f065c2,f7a80d4eac57d45f170cd8ae50e88613b703017f,2024-11-14T00:22:10+08:00,ok,1.0,120.0,0.0,1.0,1.0,0.0,0.0,0.0,0.0,0.0,0.0,0.0,0.0,0.0,0.0,0.0,0.0,0.0,0.0,0.0,0.0,1.0,120.0,0.0,0.0,0.0,0.0,0.0,0.0,0.0,0,0,0,0,0,0,0,0,0.0,0.0,0.0,0.0,0.0,0.0,0.0,0.0,0.0,0.0,0.0,0.0,0.0,0.0,0.0,0.0,0.0,0.0,0.0,0.0,0.0,0.0,0.0,0.0,0.0,0.0,0.0,0.0,0.0,0.0,0.0,0.0,0.0,0.0,0.0,0.0,0.0,0.0,0.0,0.0,0.0,0.0,0.0,0.0,0.0,0.0,0.0,0.0,0.0,0.0,0.0,0.0,0.0,0.0,0.0,0.0,0.0,0.0,0.0,0.0,0.0,0.0,0.0,1.0,0.0,0.0,16.0,0.0,1.0,27.0,0.0,0.0,1113,0.0,0.0,1,0.00012402028985313457,0.0,none,-1.886,-0.0023,0.96971,none,-1.317,-0.0095,0.98474,none,-2,-0.0088,1,none,6.959,0.0598,0.99244,none,0,0,1,none,-2,-0.0028,1,none
901fa8ee0d7638dcf4a11a6fb7446eb735be2bba,dcf9415318cb6c4105b51dd83852304988f065c2,2024-11-15T21:39:21+08:00,ok,3.0,17.0,79.0,3.0,2.0,0.31366684285007645,0.0,3.0,96.0,0.0,0.0,0.0,0.0,0.0,0.0,0.0,0.0,0.0,0.0,0.0,0.0,0.0,0.0,0.0,0.0,0.0,0.0,0.0,0.0,0.0,0,0,0,0,0,0,0,0,0.0,1.0,0.0,0.0,0.0,0.0,0.0,0.0,0.0,0.0,0.0,0.0,0.0,0.0,0.0,0.0,0.0,0.0,0.0,0.0,0.0,0.0,0.0,0.0,0.0,0.0,0.0,0.0,0.0,0.0,0.0,0.0,0.0,0.0,0.0,0.0,0.0,0.0,0.0,0.0,0.0,0.0,0.0,0.0,1.0,10.0,0.0,0.0,0.0,0.0,0.0,0.0,0.0,0.0,0.0,0.0,0.0,0.0,0.0,0.0,0.0,0.0,0.0,1.0,1.0,0.0,50.0,0.0,1.0,28.0,7.337777777777778,8.0,-45087,-336.0,-262.0,0,-0.005023368742138975,-0.00012244304485241786,none,-34.934,-0.0386,0.96971,none,-14.861,-0.1024,0.80046,none,8,0.0346,1,none,-0.196,-0.0015,0.99244,none,0.001,0.0081,0.03217,none,20,0.0281,0.98645,none
8061bb2ae936a6ea2522dbb58cb740625c1b0685,901fa8ee0d7638dcf4a11a6fb7446eb735be2bba,2024-11-19T10:21:21+01:00,ok,1.0,20.0,7.0,1.0,1.0,0.0,0.0,0.0,0.0,0.0,0.0,0.0,0.0,0.0,0.0,0.0,0.0,0.0,0.0,0.0,0.0,0.0,0.0,0.0,0.0,1.0,27.0,0.0,0.0,0.0,0,0,0,0,0,0,0,0,0.0,0.0,0.0,0.0,0.0,0.0,0.0,0.0,0.0,0.0,0.0,0.0,0.0,0.0,0.0,0.0,0.0,0.0,0.0,0.0,0.0,0.0,0.0,0.0,0.0,0.0,0.0,0.0,0.0,0.0,0.0,0.0,0.0,0.0,0.0,0.0,0.0,0.0,0.0,0.0,0.0,0.0,0.0,0.0,0.0,0.0,0.0,0.0,0.0,0.0,0.0,0.0,0.0,0.0,0.0,0.0,1.0,0.0,0.0,0.0,0.0,0.0,0.0,0.0,0.0,1.0,55.0,0.0,1.0,74.0,0.0,0.0,2414,-12.0,96.0,1,0.00027031372965312503,-4.373501392413506e-06,none,-2.083,-0.0026,0.96971,none,4.082,0.0342,0.98474,none,12.123,0.0532,1,none,34.226,0.3217,0.9836,none,0,0,1,none,18,0.0259,1,none
b266b8191d62a21d71e2f619f2543cff4fcbd086,8061bb2ae936a6ea2522dbb58cb740625c1b0685,2024-11-19T10:21:56+01:00,ok,1.0,2.0,2.0,1.0,1.0,0.0,0.0,0.0,0.0,0.0,0.0,0.0,0.0,0.0,0.0,0.0,0.0,1.0,4.0,0.0,0.0,0.0,0.0,0.0,0.0,0.0,0.0,0.0,0.0,1.0,0,0,0,0,0,0,0,0,0.0,0.0,0.0,0.0,0.0,0.0,0.0,0.0,0.0,0.0,0.0,0.0,0.0,0.0,0.0,0.0,0.0,0.0,0.0,0.0,0.0,0.0,0.0,0.0,0.0,0.0,0.0,0.0,0.0,0.0,0.0,0.0,0.0,0.0,0.0,0.0,0.0,0.0,0.0,0.0,0.0,0.0,0.0,0.0,0.0,0.0,0.0,0.0,0.0,0.0,0.0,0.0,0.0,0.0,0.0,0.0,0.0,0.0,0.0,0.0,0.0,0.0,0.0,1.0,0.0,0.0,35.0,0.0,1.0,2.0,0.0,0.0,-191,0.0,0.0,0,-2.138192620481557e-05,0.0,none,0.313,0.0003,1,none,-2.383,-0.0189,1,none,-21.5,-0.0951,1,none,-5.487,-0.0451,0.99244,none,0,0,1,none,-86,-0.1129,0.98645,none
6e1090cb895c206e4634811ca236740b8f940f60,b266b8191d62a21d71e2f619f2543cff4fcbd086,2024-11-19T10:23:15+01:00,ok,1.0,1.0,1.0,1.0,1.0,0.0,0.0,0.0,0.0,0.0,0.0,0.0,0.0,0.0,0.0,0.0,0.0,1.0,2.0,0.0,0.0,0.0,0.0,0.0,0.0,0.0,0.0,0.0,0.0,1.0,0,0,0,0,0,0,0,0,0.0,0.0,0.0,0.0,0.0,0.0,0.0,0.0,0.0,0.0,0.0,0.0,0.0,0.0,0.0,0.0,0.0,0.0,0.0,0.0,0.0,0.0,0.0,0.0,0.0,0.0,0.0,0.0,0.0,0.0,0.0,0.0,0.0,0.0,0.0,0.0,0.0,0.0,0.0,0.0,0.0,0.0,0.0,0.0,0.0,0.0,0.0,0.0,0.0,0.0,0.0,0.0,0.0,0.0,0.0,0.0,0.0,0.0,1.0,0.0,0.0,0.0,0.0,0.0,0.0,0.0,58.0,0.0,1.0,0.0,0.0,0.0,87,20.0,0.0,0,9.739619664493613e-06,7.289200866685983e-06,none,113.161,0.139,0.95873,none,-20.819,-0.1375,0.8604,none,-8.238,-0.0354,1,none,-62.769,-0.3419,0.9836,none,0.107,28.3811,1,none,-102,-0.1273,0.98645,none
1cea4314f762939ab2c52ecfb20cafb6eb40e16d,6e1090cb895c206e4634811ca236740b8f940f60,2024-11-19T10:28:38+01:00,ok,1.0,259.0,11.0,1.0,1.0,0.0,0.0,0.0,0.0,0.0,0.0,0.0,0.0,0.0,0.0,0.0,0.0,1.0,270.0,0.0,0.0,0.0,0.0,0.0,0.0,0.0,0.0,0.0,0.0,1.0,0,0,0,0,0,0,0,0,0.0,0.0,0.0,0.0,0.0,0.0,0.0,0.0,0.0,0.0,0.0,0.0,0.0,0.0,0.0,0.0,0.0,0.0,0.0,0.0,0.0,0.0,0.0,0.0,0.0,0.0,0.0,0.0,0.0,0.0,0.0,0.0,0.0,0.0,0.0,0.0,0.0,0.0,0.0,0.0,0.0,0.0,0.0,0.0,0.0,0.0,0.0,0.0,0.0,0.0,0.0,0.0,0.0,0.0,0.0,0.0,0.0,0.0,0.0,0.0,0.0,0.0,0.0,1.0,0.0,0.0,76.0,0.0,1.0,0.0,0.0,0.0,9355,6138.0,0.0,0,0.0010472787879642759,0.002237039439756105,none,-14.594,-0.016,0.95873,none,-2.854,-0.0233,0.98474,none,21.569,0.1109,1,none,-4.116,-0.0392,0.9836,none,0,0,1,none,3,0.0044,1,none
0d6ad767e5ef074af3f83c16c3cd384e184abf74,0773ed439c142d140ac6eebbe858b250a73be441,2024-11-19T10:47:08+01:00,ok,1.0,1.0,1.0,1.0,1.0,0.0,0.0,0.0,0.0,0.0,0.0,0.0,0.0,0.0,0.0,0.0,0.0,1.0,2.0,0.0,0.0,0.0,0.0,0.0,0.0,0.0,0.0,0.0,0.0,1.0,0,0,0,0,0,0,0,0,0.0,0.0,0.0,0.0,0.0,0.0,0.0,0.0,0.0,0.0,0.0,0.0,0.0,0.0,0.0,0.0,0.0,0.0,0.0,0.0,0.0,0.0,0.0,0.0,0.0,0.0,0.0,0.0,0.0,0.0,0.0,0.0,0.0,0.0,0.0,0.0,0.0,0.0,0.0,0.0,0.0,0.0,0.0,0.0,0.0,0.0,0.0,0.0,0.0,0.0,0.0,1.0,0.0,0.0,0.0,0.0,0.0,0.0,0.0,0.0,0.0,0.0,0.0,0.0,0.0,0.0,48.0,0.0,1.0,3.0,0.0,0.0,54,-4.0,0.0,0,6.038897883243277e-06,-1.4545756039306996e-06,,,,,,,,,,,,,,,,,,,,,,,,,
b1b555574175a8accf045aaba1d282b78ed36f72,0d6ad767e5ef074af3f83c16c3cd384e184abf74,2024-11-19T10:52:53+01:00,ok,1.0,112.0,73.0,1.0,1.0,0.0,0.0,0.0,0.0,0.0,0.0,0.0,0.0,0.0,0.0,0.0,0.0,0.0,0.0,0.0,0.0,0.0,0.0,0.0,0.0,1.0,185.0,0.0,0.0,0.0,0,0,0,0,0,0,0,0,0.0,0.0,0.0,0.0,0.0,0.0,0.0,0.0,0.0,0.0,0.0,0.0,0.0,0.0,0.0,0.0,0.0,0.0,0.0,0.0,0.0,0.0,0.0,0.0,0.0,0.0,0.0,0.0,0.0,0.0,0.0,0.0,0.0,0.0,0.0,0.0,0.0,0.0,0.0,0.0,0.0,0.0,0.0,0.0,0.0,0.0,0.0,0.0,0.0,0.0,0.0,0.0,0.0,0.0,0.0,0.0,1.0,0.0,0.0,0.0,0.0,0.0,0.0,0.0,0.0,1.0,51.0,0.0,1.0,75.0,0.0,0.0,520,456.0,0.0,0,5.815199881280458e-05,0.00016582186004853198,none,15.495,0.0171,0.96971,none,-11.745,-0.1008,0.98474,none,-22.092,-0.109,1,none,-43.29,-0.3983,0.99244,none,0,0,1,none,43,0.0646,0.98645,none
ce19be89b28ce7ebc9aa257663c37b847466fc66,b1b555574175a8accf045aaba1d282b78ed36f72,2024-11-19T10:53:04+01:00,ok,4.0,5.0,5.0,2.0,1.0,0.9609640474436811,0.0,2.0,4.0,0.0,0.0,1.0,2.0,0.0,0.0,0.0,0.0,1.0,4.0,0.0,0.0,0.0,0.0,0.0,0.0,0.0,0.0,0.0,0.0,0.0,0,0,0,0,0,0,0,0,0.0,0.0,0.0,0.0,0.0,0.0,0.0,0.0,0.0,0.0,0.0,0.0,0.0,0.0,0.0,0.0,0.0,0.0,0.0,0.0,0.0,0.0,0.0,0.0,0.0,0.0,0.0,0.0,0.0,0.0,0.0,0.0,0.0,0.0,0.0,0.0,0.0,0.0,0.0,0.0,0.0,0.0,0.0,0.0,0.0,0.0,0.0,0.0,0.0,0.0,0.0,1.0,0.0,0.0,0.0,0.0,0.0,0.0,0.0,0.0,0.0,0.0,0.0,0.0,0.0,0.0,69.0,0.0,1.0,0.0,118.92886574074073,3.0,7,3.0,0.0,0,7.827698490025779e-07,1.0907524191979697e-06,none,-10.102,-0.0123,0.96971,none,3.276,0.0274,0.98474,none,-3.5,-0.019,1,none,5.624,0.0497,0.9836,none,-0.107,-0.966,1,none,8,0.0119,1,none
797839be5633dfd0288ca997b27bb497af94e0ff,ce19be89b28ce7ebc9aa257663c37b847466fc66,2024-11-19T13:14:30+01:00,ok,1.0,2.0,0.0,1.0,1.0,0.0,0.0,0.0,0.0,0.0,0.0,0.0,0.0,0.0,0.0,0.0,0.0,1.0,2.0,0.0,0.0,0.0,0.0,0.0,0.0,0.0,0.0,0.0,0.0,1.0,0,0,0,0,0,0,0,0,0.0,0.0,0.0,0.0,0.0,0.0,0.0,0.0,0.0,0.0,0.0,0.0,0.0,0.0,0.0,0.0,0.0,0.0,0.0,0.0,0.0,0.0,0.0,0.0,0.0,0.0,0.0,0.0,0.0,0.0,0.0,0.0,0.0,0.0,0.0,0.0,0.0,0.0,0.0,0.0,0.0,0.0,0.0,0.0,0.0,0.0,0.0,0.0,0.0,0.0,0.0,0.0,0.0,0.0,0.0,0.0,0.0,0.0,1.0,0.0,0.0,0.0,0.0,0.0,0.0,0.0,62.0,0.0,1.0,1.0,0.0,0.0,962,628.0,0.0,0,0.00010757485789942757,0.00022833059069996415,none,-100.593,-0.1103,0.96971,none,2.571,0.0209,0.98474,none,-4.5,-0.0247,1,none,-0.048,-0.0004,0.9836,none,0,0,1,none,-8,-0.0119,1,none
ab958c8e0d26ee8abae55357d46b1a4e06d01c6a,797839be5633dfd0288ca997b27bb497af94e0ff,2024-11-20T21:35:02+08:00,ok,4.0,397.0,0.0,3.0,2.0,0.6292848241566513,0.0,2.0,255.0,0.0,0.0,0.0,0.0,2.0,0.0,0.0,0.0,0.0,0.0,0.0,0.0,0.0,0.0,0.0,0.0,0.0,0.0,0.0,0.0,0.0,0,0,0,0,0,0,0,0,3.0,0.0,0.0,0.0,0.0,0.0,1.0,0.0,0.0,0.0,0.0,0.0,1.0,0.0,1.0,0.0,0.0,0.0,0.0,0.0,0.0,0.0,0.0,0.0,0.0,0.0,0.0,0.0,0.0,0.0,0.0,0.0,0.0,0.0,0.0,0.0,0.0,0.0,4.0,0.0,0.0,0.0,0.0,0.0,61.0,0.0,6.0,0.0,0.0,0.0,0.0,0.0,0.0,0.0,0.0,0.0,0.0,0.0,0.0,0.0,0.0,0.0,0.0,1.0,0.0,0.0,47.0,0.0,1.0,6.0,122.74561342592592,12.0,51771,642.0,633.0,2,0.005788626736610384,0.00023336747816996278,improvement,-179.284,-0.1964,0,improvement,2.723,0.0232,0.98474,none,13.589,0.0749,0.11912,none,-6.689,-0.0608,0.9836,none,0.051,0.46,1,none,117,0.1762,0.0016,regression
8ce9c233b96cc734155a9dae616d7ec8726b5a25,ab958c8e0d26ee8abae55357d46b1a4e06d01c6a,2024-11-26T00:00:49+05:30,ok,1.0,1.0,1.0,1.0,1.0,0.0,0.0,0.0,0.0,0.0,0.0,0.0,0.0,0.0,0.0,0.0,0.0,1.0,2.0,0.0,0.0,0.0,0.0,0.0,0.0,0.0,0.0,0.0,0.0,1.0,0,0,0,0,0,0,0,0,0.0,0.0,0.0,0.0,0.0,0.0,0.0,0.0,0.0,0.0,0.0,0.0,0.0,0.0,0.0,0.0,0.0,0.0,0.0,0.0,0.0,0.0,0.0,0.0,0.0,0.0,0.0,0.0,0.0,0.0,0.0,0.0,0.0,0.0,0.0,0.0,0.0,0.0,0.0,0.0,0.0,0.0,0.0,0.0,0.0,0.0,0.0,0.0,0.0,0.0,0.0,0.0,0.0,0.0,0.0,0.0,0.0,0.0,1.0,0.0,0.0,0.0,0.0,0.0,0.0,0.0,32.0,0.0,1.0,16.0,0.0,0.0,108,6.0,0.0,0,1.2006212547981772e-05,2.1804956121159964e-06,none,-3.635,-0.0049,0.96971,none,12.403,0.114,0.8604,none,-8.154,-0.036,1,none,21.944,0.2648,0.9836,none,0.079,0.972,1,none,18,0.0228,1,none
5936eef341f8c0c62b36d80ad2007b36c10602ee,8ce9c233b96cc734155a9dae616d7ec8726b5a25,2024-11-26T00:01:07+05:30,ok,1.0,9.0,9.0,1.0,1.0,0.0,0.0,0.0,0.0,0.0,0.0,0.0,0.0,0.0,0.0,0.0,0.0,1.0,18.0,0.0,0.0,0.0,0.0,0.0,0.0,0.0,0.0,0.0,0.0,1.0,0,0,0,0,0,0,0,0,0.0,0.0,0.0,0.0,0.0,0.0,0.0,0.0,0.0,0.0,0.0,0.0,0.0,0.0,0.0,0.0,0.0,0.0,0.0,0.0,0.0,0.0,0.0,0.0,0.0,0.0,0.0,0.0,0.0,0.0,0.0,0.0,0.0,0.0,0.0,0.0,0.0,0.0,0.0,0.0,0.0,0.0,0.0,0.0,0.0,0.0,0.0,0.0,0.0,0.0,0.0,0.0,0.0,0.0,0.0,0.0,0.0,0.0,1.0,0.0,0.0,0.0,0.0,0.0,0.0,0.0,41.0,0.0,1.0,1.0,0.0,0.0,81,-6.0,0.0,0,9.004551300429518e-06,-2.1804908575652495e-06,none,24.977,0.0339,0.84151,none,-10.348,-0.0785,0.98474,none,12.149,0.0563,1,none,-2.808,-0.0241,1,none,0,-0.0006,1,none,81,0.1019,0.47937,none
ac1682b2c348d5f2e69ab9d6bad4b39266b266eb,5936eef341f8c0c62b36d80ad2007b36c10602ee,2024-11-26T00:01:48+05:30,ok,1.0,1.0,1.0,1.0,1.0,0.0,0.0,0.0,0.0,0.0,0.0,0.0,0.0,0.0,0.0,0.0,0.0,1.0,2.0,0.0,0.0,0.0,0.0,0.0,0.0,0.0,0.0,0.0,0.0,1.0,0,0,0,0,0,0,0,0,0.0,0.0,0.0,0.0,0.0,0.0,0.0,0.0,0.0,0.0,0.0,0.0,0.0,0.0,0.0,0.0,0.0,0.0,0.0,0.0,0.0,0.0,0.0,0.0,0.0,0.0,0.0,0.0,0.0,0.0,0.0,0.0,0.0,0.0,0.0,0.0,0.0,0.0,0.0,0.0,0.0,0.0,0.0,0.0,0.0,0.0,0.0,0.0,0.0,0.0,0.0,0.0,0.0,0.0,0.0,0.0,0.0,0.0,1.0,0.0,0.0,0.0,0.0,0.0,0.0,0.0,41.0,0.0,1.0,0.0,0.0,0.0,-84,2.0,0.0,0,-9.337969116223476e-06,7.268318707053322e-07,none,-14.36,-0.019,0.96971,none,-3.022,-0.0268,1,none,-38.347,-0.1546,1,none,-4.483,-0.042,0.99244,none,0,0.0001,1,none,-23,-0.0277,1,none
d600fe17c1cf08b0209c3dc661e7ea23c99205c6,ac1682b2c348d5f2e69ab9d6bad4b39266b266eb,2024-11-26T00:04:57+05:30,ok,1.0,1.0,1.0,1.0,1.0,0.0,0.0,0.0,0.0,0.0,0.0,0.0,0.0,0.0,0.0,0.0,0.0,1.0,2.0,0.0,0.0,0.0,0.0,0.0,0.0,0.0,0.0,0.0,0.0,1.0,0,0,0,0,0,0,0,0,0.0,0.0,0.0,0.0,0.0,0.0,0.0,0.0,0.0,0.0,0.0,0.0,0.0,0.0,0.0,0.0,0.0,0.0,0.0,0.0,0.0,0.0,0.0,0.0,0.0,0.0,0.0,0.0,0.0,0.0,0.0,0.0,0.0,0.0,0.0,0.0,0.0,0.0,0.0,0.0,0.0,0.0,0.0,0.0,0.0,0.0,0.0,0.0,0.0,0.0,0.0,0.0,0.0,0.0,0.0,0.0,0.0,0.0,1.0,0.0,0.0,0.0,0.0,0.0,0.0,0.0,45.0,0.0,1.0,3.0,0.0,0.0,-236,-34.0,0.0,0,-2.623549155083771e-05,-1.2356132821159514e-05,none,101.77,0.1309,0.96971,none,-2.702,-0.0226,0.98474,none,-8,-0.0338,1,none,5.119,0.0499,1,none,0,0.0013,1,none,0,0,1,none
4e94b6811a9dee9d8e38579a960aa2a53cd00257,d600fe17c1cf08b0209c3dc661e7ea23c99205c6,2024-11-26T00:08:26+05:30,ok,1.0,1.0,1.0,1.0,1.0,0.0,0.0,0.0,0.0,0.0,0.0,0.0,0.0,0.0,0.0,0.0,0.0,1.0,2.0,0.0,0.0,0.0,0.0,0.0,0.0,0.0,0.0,0.0,0.0,1.0,0,0,0,0,0,0,0,0,0.0,0.0,0.0,0.0,0.0,0.0,0.0,0.0,0.0,0.0,0.0,0.0,0.0,0.0,0.0,0.0,0.0,0.0,0.0,0.0,0.0,0.0,0.0,0.0,0.0,0.0,0.0,0.0,0.0,0.0,0.0,0.0,0.0,0.0,0.0,0.0,0.0,0.0,0.0,0.0,0.0,0.0,0.0,0.0,0.0,0.0,0.0,0.0,0.0,0.0,0.0,0.0,0.0,0.0,0.0,0.0,0.0,0.0,1.0,0.0,0.0,0.0,0.0,0.0,0.0,0.0,22.0,0.0,1.0,0.0,0.0,0.0,-3,-4.0,0.0,0,-3.335107610582163e-07,-1.4536806467134462e-06,none,-32.691,-0.0425,0.96971,none,-9.685,-0.0795,0.98474,none,-8.889,-0.0439,1,none,-3.265,-0.0326,0.9836,none,0,0,1,none,-40,-0.0472,1,none
524de31999da67a2d68eb84a5768ee00a296e884,4e94b6811a9dee9d8e38579a960aa2a53cd00257,2024-11-26T00:10:47+05:30,ok,1.0,6.0,2.0,1.0,1.0,0.0,0.0,0.0,0.0,0.0,0.0,0.0,0.0,0.0,0.0,0.0,0.0,1.0,8.0,0.0,0.0,0.0,0.0,0.0,0.0,0.0,0.0,0.0,0.0,1.0,0,0,0,0,0,0,0,0,0.0,0.0,0.0,0.0,0.0,0.0,0.0,0.0,0.0,0.0,0.0,0.0,0.0,0.0,0.0,0.0,0.0,0.0,0.0,0.0,0.0,0.0,0.0,0.0,0.0,0.0,0.0,0.0,0.0,0.0,0.0,0.0,0.0,0.0,0.0,0.0,0.0,0.0,0.0,0.0,0.0,0.0,0.0,0.0,0.0,0.0,0.0,0.0,0.0,0.0,0.0,0.0,0.0,0.0,0.0,0.0,0.0,0.0,1.0,0.0,0.0,0.0,0.0,0.0,0.0,0.0,55.0,0.0,1.0,0.0,0.0,0.0,111,36.0,0.0,0,1.2339902274644203e-05,1.3083144839135465e-05,none,259.97,0.3376,0.95873,none,-2.663,-0.0267,0.98474,none,-5.141,-0.0234,1,none,-7.72,-0.187,0.9836,none,0,0,1,none,2.5,0.0053,1,none
129c27cfc7fcb056a2e2ae4e092e99712eb84045,524de31999da67a2d68eb84a5768ee00a296e884,2024-11-26T00:16:16+05:30,ok,1.0,3.0,3.0,1.0,1.0,0.0,0.0,0.0,0.0,0.0,0.0,0.0,0.0,0.0,0.0,0.0,0.0,1.0,6.0,0.0,0.0,0.0,0.0,0.0,0.0,0.0,0.0,0.0,0.0,1.0,0,0,0,0,0,0,0,0,0.0,0.0,0.0,0.0,0.0,0.0,0.0,0.0,0.0,0.0,0.0,0.0,0.0,0.0,0.0,0.0,0.0,0.0,0.0,0.0,0.0,0.0,0.0,0.0,0.0,0.0,0.0,0.0,0.0,0.0,0.0,0.0,0.0,0.0,0.0,0.0,0.0,0.0,0.0,0.0,0.0,0.0,0.0,0.0,0.0,0.0,0.0,0.0,0.0,0.0,0.0,0.0,0.0,0.0,0.0,0.0,0.0,0.0,1.0,0.0,0.0,0.0,0.0,0.0,0.0,0.0,56.0,0.0,1.0,0.0,0.0,0.0,165,30.0,0.0,0,1.8342871626579156e-05,1.0902478060579982e-05,none,-3.483,-0.0033,0.96971,none,6.286,0.0658,0.98474,none,1.807,0.0077,1,none,9.826,0.1945,0.9836,none,-0.005,-0.0896,1,none,-16,-0.0332,0.98645,none
d0a13f7c2d345c9c50bb8bd113e7f7c1105bf9b1,129c27cfc7fcb056a2e2ae4e092e99712eb84045,2024-11-28T15:48:39+08:00,ok,1.0,1.0,1.0,1.0,1.0,0.0,0.0,1.0,2.0,0.0,0.0,0.0,0.0,0.0,0.0,0.0,0.0,0.0,0.0,0.0,0.0,0.0,0.0,0.0,0.0,0.0,0.0,0.0,0.0,0.0,0,0,0,0,0,0,0,0,0.0,0.0,0.0,0.0,0.0,0.0,0.0,0.0,0.0,0.0,0.0,0.0,0.0,0.0,0.0,0.0,0.0,0.0,0.0,0.0,0.0,0.0,0.0,0.0,0.0,0.0,0.0,0.0,0.0,0.0,0.0,0.0,0.0,0.0,0.0,0.0,0.0,0.0,0.0,0.0,0.0,0.0,0.0,0.0,0.0,0.0,0.0,0.0,0.0,0.0,0.0,0.0,0.0,0.0,0.0,0.0,0.0,0.0,0.0,0.0,0.0,0.0,0.0,1.0,0.0,0.0,42.0,0.0,1.0,29.0,26.283310185185186,5.0,-50,16.0,0.0,0,-5.558343991457937e-06,5.814591572185611e-06,none,10.731,0.0106,0.96971,none,-0.1,-0.001,1,none,-9.08,-0.041,1,none,1.187,0.0265,0.9836,none,0.015,0.2767,1,none,15,0.033,0.98645,none
f9c82f488e0625a07b55afd4bd8bac71d353df5b,d0a13f7c2d345c9c50bb8bd113e7f7c1105bf9b1,2024-11-28T15:49:05+08:00,ok,2.0,94.0,39.0,2.0,2.0,0.571898932609725,0.0,0.0,0.0,0.0,0.0,0.0,0.0,1.0,0.0,0.0,0.0,1.0,115.0,0.0,0.0,0.0,0.0,0.0,0.0,0.0,0.0,0.0,0.0,0.0,0,0,0,0,0,0,0,0,0.0,0.0,0.0,0.0,0.0,0.0,0.0,0.0,0.0,0.0,0.0,0.0,0.0,0.0,0.0,0.0,0.0,0.0,0.0,0.0,0.0,0.0,0.0,0.0,0.0,0.0,0.0,0.0,0.0,0.0,0.0,0.0,0.0,0.0,0.0,0.0,0.0,0.0,0.0,0.0,0.0,0.0,0.0,0.0,0.0,0.0,0.0,0.0,0.0,0.0,0.0,0.0,0.0,0.0,0.0,0.0,0.0,0.0,0.0,0.0,0.0,0.0,0.0,1.0,0.0,0.0,30.0,0.0,1.0,30.0,0.0,0.0,6810,380.0,76.0,1,0.0007570506595845559,0.00013809574686904236,none,-287.648,-0.2815,0.95873,none,3.846,0.0392,0.98474,none,6.025,0.028,1,none,-9.292,-0.2073,0.9836,none,-0.027,-0.3328,1,none,13,0.0292,0.98645,none
c66267e02eb35bc13408b43297c9d301f92a512b,f9c82f488e0625a07b55afd4bd8bac71d353df5b,2024-12-06T10:16:54+08:00,ok,4.0,0.0,397.0,3.0,2.0,0.6292848241566513,0.0,2.0,255.0,0.0,0.0,0.0,0.0,2.0,0.0,0.0,0.0,0.0,0.0,0.0,0.0,0.0,0.0,0.0,0.0,0.0,0.0,0.0,0.0,0.0,0,0,0,0,0,0,0,0,0.0,3.0,0.0,0.0,0.0,0.0,0.0,1.0,0.0,0.0,0.0,0.0,0.0,1.0,0.0,1.0,0.0,0.0,0.0,0.0,0.0,0.0,0.0,0.0,0.0,0.0,0.0,0.0,0.0,0.0,0.0,0.0,0.0,0.0,0.0,0.0,0.0,0.0,0.0,4.0,0.0,0.0,0.0,0.0,0.0,61.0,0.0,6.0,0.0,0.0,0.0,0.0,0.0,0.0,0.0,0.0,0.0,0.0,0.0,0.0,0.0,0.0,0.0,1.0,1.0,0.0,56.0,0.0,1.0,31.0,15.529074074074074,12.0,-51999,-584.0,-638.0,-2,-0.0057762258192262045,-0.0002122020541449529,improvement,-3.338,-0.0045,0.07184,none,-0.747,-0.008,1,none,-47.259,-0.2107,0.08134,none,-12.427,-0.3069,0.68481,none,-0.078,-0.954,0.00222,improvement,-117,-0.2549,0.0005,improvement
e63d3eabbba6052a1a3e8bc72322d8a9bd0435ab,c66267e02eb35bc13408b43297c9d301f92a512b,2024-12-08T18:57:44+08:00,ok,7.0,34.0,8.0,2.0,2.0,0.907205059585318,0.0,0.0,0.0,0.0,0.0,0.0,0.0,0.0,0.0,0.0,0.0,7.0,42.0,0.0,0.0,0.0,0.0,0.0,0.0,0.0,0.0,0.0,0.0,1.0,0,0,0,0,0,0,0,0,0.0,0.0,0.0,0.0,0.0,0.0,0.0,0.0,0.0,0.0,0.0,0.0,0.0,0.0,0.0,0.0,0.0,0.0,0.0,0.0,0.0,0.0,0.0,0.0,0.0,0.0,0.0,0.0,0.0,0.0,0.0,0.0,0.0,0.0,0.0,0.0,0.0,0.0,0.0,0.0,0.0,0.0,0.0,0.0,0.0,0.0,0.0,0.0,0.0,0.0,0.0,0.0,0.0,0.0,0.0,0.0,0.0,0.0,0.0,0.0,0.0,0.0,0.0,1.0,0.0,0.0,81.0,0.0,1.0,21.0,0.0,0.0,2320,1536.0,0.0,0,0.0002592107524195424,0.0005582389306235486,none,0.123,0.0002,1,none,-3.626,-0.0385,0.92551,none,-3,-0.0168,1,none,9.868,0.276,0.9836,none,0,0,1,none,0,0,1,none
dd5e8c8f0807538dc7e62e5f93cc5646480cb86e,e63d3eabbba6052a1a3e8bc72322d8a9bd0435ab,2024-12-09T12:21:48+01:00,ok,1.0,2.0,0.0,1.0,1.0,0.0,0.0,0.0,0.0,0.0,0.0,0.0,0.0,0.0,0.0,0.0,0.0,1.0,2.0,0.0,0.0,0.0,0.0,0.0,0.0,0.0,0.0,0.0,0.0,1.0,0,0,0,0,0,0,0,0,0.0,0.0,0.0,0.0,0.0,0.0,0.0,0.0,0.0,0.0,0.0,0.0,0.0,0.0,0.0,0.0,0.0,0.0,0.0,0.0,0.0,0.0,0.0,0.0,0.0,0.0,0.0,0.0,0.0,0.0,0.0,0.0,0.0,0.0,0.0,0.0,0.0,0.0,0.0,0.0,0.0,0.0,0.0,0.0,0.0,0.0,0.0,0.0,0.0,0.0,0.0,0.0,0.0,0.0,0.0,0.0,0.0,0.0,1.0,0.0,0.0,0.0,0.0,0.0,0.0,0.0,73.0,0.0,1.0,0.0,0.0,0.0,102,124.0,0.0,0,1.1393381517656503e-05,4.504102001928046e-05,none,14.761,0.0197,0.96971,none,-2.974,-0.0261,0.92551,none,4.5,0.0246,1,none,-0.308,-0.0032,1,none,0,0,1,none,8,0.0222,1,none
2b8fe6e0ae4e8c675770c78a90fd136faf3c8217,dd5e8c8f0807538dc7e62e5f93cc5646480cb86e,2024-12-09T12:22:30+01:00,ok,1.0,1.0,1.0,1.0,1.0,0.0,0.0,0.0,0.0,0.0,0.0,0.0,0.0,0.0,0.0,0.0,0.0,1.0,2.0,0.0,0.0,0.0,0.0,0.0,0.0,0.0,0.0,0.0,0.0,1.0,0,0,0,0,0,0,0,0,0.0,0.0,0.0,0.0,0.0,0.0,0.0,0.0,0.0,0.0,0.0,0.0,0.0,0.0,0.0,0.0,0.0,0.0,0.0,0.0,0.0,0.0,0.0,0.0,0.0,0.0,0.0,0.0,0.0,0.0,0.0,0.0,0.0,0.0,0.0,0.0,0.0,0.0,0.0,0.0,0.0,0.0,0.0,0.0,0.0,0.0,0.0,0.0,0.0,0.0,0.0,0.0,0.0,0.0,0.0,0.0,0.0,0.0,1.0,0.0,0.0,0.0,0.0,0.0,0.0,0.0,110.0,0.0,1.0,0.0,0.0,0.0,-38,44.0,0.0,0,-4.244544754703291e-06,1.598157759963969e-05,none,4.933,0.0067,0.95873,none,5.003,0.0542,0.8604,none,0,0,1,none,-18.533,-0.4269,0.9836,none,0,0,1,none,0,0,1,none
7d15b57975031eaa1c4b0de2398bbabb31327742,2b8fe6e0ae4e8c675770c78a90fd136faf3c8217,2024-12-09T12:22:40+01:00,ok,1.0,4.0,4.0,1.0,1.0,0.0,0.0,1.0,8.0,0.0,0.0,0.0,0.0,0.0,0.0,0.0,0.0,0.0,0.0,0.0,0.0,0.0,0.0,0.0,0.0,0.0,0.0,0.0,0.0,0.0,0,0,0,0,0,0,0,0,0.0,0.0,0.0,0.0,0.0,0.0,0.0,0.0,0.0,0.0,0.0,0.0,0.0,0.0,0.0,0.0,0.0,0.0,0.0,0.0,0.0,0.0,0.0,0.0,0.0,0.0,0.0,0.0,0.0,0.0,0.0,0.0,0.0,0.0,0.0,0.0,0.0,0.0,0.0,0.0,0.0,0.0,0.0,0.0,0.0,0.0,0.0,0.0,0.0,0.0,0.0,0.0,0.0,0.0,0.0,0.0,0.0,0.0,1.0,0.0,0.0,0.0,0.0,0.0,0.0,0.0,78.0,0.0,1.0,0.0,77.37969907407407,11.0,335,0.0,0.0,0,3.741917179644417e-05,0.0,none,-5.157,-0.007,0.84151,none,-3.799,-0.0391,0.98474,none,2,0.0112,1,none,-8.176,-0.2289,0.9836,none,0,0,1,none,7,0.0206,1,none
c1af45940e6c73efb9ee4dcffc6ce4437ff2e31e,7d15b57975031eaa1c4b0de2398bbabb31327742,2024-12-09T12:23:08+01:00,ok,1.0,2.0,2.0,1.0,1.0,0.0,0.0,0.0,0.0,0.0,0.0,0.0,0.0,0.0,0.0,0.0,0.0,1.0,4.0,0.0,0.0,0.0,0.0,0.0,0.0,0.0,0.0,0.0,0.0,1.0,0,0,0,0,0,0,0,0,0.0,0.0,0.0,0.0,0.0,0.0,0.0,0.0,0.0,0.0,0.0,0.0,0.0,0.0,0.0,0.0,0.0,0.0,0.0,0.0,0.0,0.0,0.0,0.0,0.0,0.0,0.0,0.0,0.0,0.0,0.0,0.0,0.0,0.0,0.0,0.0,0.0,0.0,0.0,0.0,0.0,0.0,0.0,0.0,0.0,0.0,0.0,0.0,0.0,0.0,0.0,0.0,0.0,0.0,0.0,0.0,0.0,0.0,1.0,0.0,0.0,0.0,0.0,0.0,0.0,0.0,68.0,0.0,1.0,0.0,0.0,0.0,-1,8.0,0.0,0,-1.116948407594579e-07,2.9056949441634395e-06,none,-6.716,-0.0091,0.84151,none,-1.728,-0.0173,0.98474,none,-3,-0.0168,1,none,-27.133,-0.4426,0.9836,none,0,0,1,none,3,0.0087,1,none
c71433f5ca9303ef7f9f12b6e7bb708713adebc6,c1af45940e6c73efb9ee4dcffc6ce4437ff2e31e,2024-12-09T12:25:40+01:00,ok,1.0,4.0,4.0,1.0,1.0,0.0,0.0,0.0,0.0,0.0,0.0,0.0,0.0,0.0,0.0,0.0,0.0,1.0,8.0,0.0,0.0,0.0,0.0,0.0,0.0,0.0,0.0,0.0,0.0,1.0,0,0,0,0,0,0,0,0,0.0,0.0,0.0,0.0,0.0,0.0,0.0,0.0,0.0,0.0,0.0,0.0,0.0,0.0,0.0,0.0,0.0,0.0,0.0,0.0,0.0,0.0,0.0,0.0,0.0,0.0,0.0,0.0,0.0,0.0,0.0,0.0,0.0,0.0,0.0,0.0,0.0,0.0,0.0,0.0,0.0,0.0,0.0,0.0,0.0,0.0,0.0,0.0,0.0,0.0,0.0,0.0,0.0,0.0,0.0,0.0,0.0,0.0,0.0,0.0,0.0,0.0,0.0,1.0,0.0,0.0,26.0,0.0,1.0,0.0,0.0,0.0,-361,-10.0,0.0,0,-4.0321842017906025e-05,-3.63210812640608e-06,none,-0.08,-0.0001,0.99545,none,2.688,0.0258,0.89721,none,3.5,0.0189,1,none,7.175,0.1406,0.9836,none,0,0,1,none,4,0.0113,1,none
fe96839c9fe1ce82150e5a4396235cb3d1fb76e2,c71433f5ca9303ef7f9f12b6e7bb708713adebc6,2024-12-09T12:26:03+01:00,ok,1.0,1.0,1.0,1.0,1.0,0.0,0.0,0.0,0.0,0.0,0.0,0.0,0.0,0.0,0.0,0.0,0.0,1.0,2.0,0.0,0.0,0.0,0.0,0.0,0.0,0.0,0.0,0.0,0.0,1.0,0,0,0,0,0,0,0,0,0.0,0.0,0.0,0.0,0.0,0.0,0.0,0.0,0.0,0.0,0.0,0.0,0.0,0.0,0.0,0.0,0.0,0.0,0.0,0.0,0.0,0.0,0.0,0.0,0.0,0.0,0.0,0.0,0.0,0.0,0.0,0.0,0.0,0.0,0.0,0.0,0.0,0.0,0.0,0.0,0.0,0.0,0.0,0.0,0.0,0.0,0.0,0.0,0.0,0.0,0.0,1.0,0.0,0.0,0.0,0.0,0.0,0.0,0.0,0.0,0.0,0.0,0.0,0.0,0.0,0.0,47.0,0.0,1.0,0.0,0.0,0.0,-52,0.0,0.0,0,-5.80836657226954e-06,0.0,none,-2.352,-0.003,0.96971,none,-4.587,-0.04,1,none,-3,-0.0153,1,none,-16.402,-0.1916,0.9836,none,-0.107,-0.966,1,none,-13,-0.0338,0.98645,none
669f8721b43e6a89bf17524ae6a4f451a139d501,fe96839c9fe1ce82150e5a4396235cb3d1fb76e2,2024-12-13T08:42:59-08:00,ok,1.0,1.0,1.0,1.0,1.0,0.0,0.0,0.0,0.0,0.0,0.0,0.0,0.0,0.0,0.0,0.0,0.0,1.0,2.0,0.0,0.0,0.0,0.0,0.0,0.0,0.0,0.0,0.0,0.0,1.0,0,0,0,0,0,0,0,0,0.0,0.0,0.0,0.0,0.0,0.0,0.0,0.0,0.0,0.0,0.0,0.0,0.0,0.0,0.0,0.0,0.0,0.0,0.0,0.0,0.0,0.0,0.0,0.0,0.0,0.0,0.0,0.0,0.0,0.0,0.0,0.0,0.0,0.0,0.0,0.0,0.0,0.0,0.0,0.0,0.0,0.0,0.0,0.0,0.0,0.0,0.0,0.0,0.0,0.0,0.0,0.0,0.0,0.0,0.0,0.0,0.0,0.0,1.0,0.0,0.0,0.0,0.0,0.0,0.0,0.0,31.0,0.0,1.0,0.0,0.0,0.0,5,2.0,0.0,0,5.585000297680516e-07,7.264242637326875e-07,none,-11.625,-0.015,0.84151,none,6.297,0.0576,0.8604,none,-1.5,-0.0078,1,none,-0.187,-0.0024,1,none,0,0,1,none,-14,-0.0359,0.68224,none
a10d1cc3da8197c35d64f7f087563c3153703272,669f8721b43e6a89bf17524ae6a4f451a139d501,2024-12-13T08:45:46-08:00,ok,1.0,24.0,30.0,1.0,1.0,0.0,0.0,0.0,0.0,0.0,0.0,0.0,0.0,0.0,0.0,0.0,0.0,1.0,54.0,0.0,0.0,0.0,0.0,0.0,0.0,0.0,0.0,0.0,0.0,1.0,0,0,0,0,0,0,0,0,0.0,0.0,0.0,0.0,0.0,0.0,0.0,0.0,0.0,0.0,0.0,0.0,0.0,0.0,0.0,0.0,0.0,0.0,0.0,0.0,0.0,0.0,0.0,0.0,0.0,0.0,0.0,0.0,0.0,0.0,0.0,0.0,0.0,0.0,0.0,0.0,0.0,0.0,0.0,0.0,0.0,0.0,0.0,0.0,0.0,0.0,0.0,0.0,0.0,0.0,0.0,1.0,0.0,0.0,0.0,0.0,0.0,0.0,0.0,0.0,0.0,0.0,0.0,0.0,0.0,0.0,53.0,0.0,1.0,25.0,0.0,0.0,94,12.0,0.0,0,1.049979469550372e-05,4.35854241624516e-06,none,-64.102,-0.0745,0.59132,none,2.645,0.0229,0.8604,none,-9.5,-0.0466,1,none,11.534,0.0935,0.9836,none,0,0,1,none,-8,-0.0201,0.98645,none
52797e0dc584d5ac603f86ab72dbba7efb7e0e73,a10d1cc3da8197c35d64f7f087563c3153703272,2025-01-01T10:50:37+01:00,ok,1.0,1.0,1.0,1.0,1.0,0.0,0.0,0.0,0.0,0.0,0.0,0.0,0.0,0.0,0.0,0.0,0.0,1.0,2.0,0.0,0.0,0.0,0.0,0.0,0.0,0.0,0.0,0.0,0.0,1.0,0,0,0,0,0,0,0,0,0.0,0.0,0.0,0.0,0.0,0.0,0.0,0.0,0.0,0.0,0.0,0.0,0.0,0.0,0.0,0.0,0.0,0.0,0.0,0.0,0.0,0.0,0.0,0.0,0.0,0.0,0.0,0.0,0.0,0.0,0.0,0.0,0.0,0.0,0.0,0.0,0.0,0.0,0.0,0.0,0.0,0.0,0.0,0.0,0.0,0.0,0.0,0.0,0.0,0.0,0.0,0.0,0.0,0.0,0.0,0.0,0.0,0.0,1.0,0.0,0.0,0.0,0.0,0.0,0.0,0.0,37.0,0.0,1.0,2.0,0.0,0.0,29,-2.0,0.0,0,3.2392643518958072e-06,-7.264205699059939e-07,none,-105.139,-0.118,0.96971,none,-8.58,-0.0686,0.98474,none,-7,-0.0341,1,none,-12.302,-0.0818,0.9836,none,0,0,1,none,-47,-0.1101,0.98645,none
5de2d1196f1fe86c03887c4b170da9c62c945311,52797e0dc584d5ac603f86ab72dbba7efb7e0e73,2025-01-01T10:52:12+01:00,ok,1.0,1.0,1.0,1.0,1.0,0.0,0.0,0.0,0.0,0.0,0.0,0.0,0.0,0.0,0.0,0.0,0.0,1.0,2.0,0.0,0.0,0.0,0.0,0.0,0.0,0.0,0.0,0.0,0.0,1.0,0,0,0,0,0,0,0,0,0.0,0.0,0.0,0.0,0.0,0.0,0.0,0.0,0.0,0.0,0.0,0.0,0.0,0.0,0.0,0.0,0.0,0.0,0.0,0.0,0.0,0.0,0.0,0.0,0.0,0.0,0.0,0.0,0.0,0.0,0.0,0.0,0.0,0.0,0.0,0.0,0.0,0.0,0.0,0.0,0.0,0.0,0.0,0.0,0.0,0.0,0.0,0.0,0.0,0.0,0.0,0.0,0.0,0.0,0.0,0.0,0.0,0.0,0.0,0.0,0.0,0.0,0.0,1.0,0.0,0.0,55.0,0.0,1.0,0.0,0.0,0.0,-7,10.0,0.0,0,-7.818888625404753e-07,3.632105487966108e-06,none,25.514,0.0314,0.95873,none,-12.9,-0.0995,0.98474,none,16.471,0.084,1,none,6.177,0.0641,0.99244,none,0.107,28.3811,1,none,12,0.0304,0.98645,none
b5ff5db25c787e4d0e274f599eab9f17e938b69e,5de2d1196f1fe86c03887c4b170da9c62c945311,2025-01-05T10:24:58+01:00,ok,1.0,8.0,8.0,1.0,1.0,0.0,0.0,0.0,0.0,0.0,0.0,0.0,0.0,0.0,0.0,0.0,0.0,1.0,16.0,0.0,0.0,0.0,0.0,0.0,0.0,0.0,0.0,0.0,0.0,1.0,0,0,0,0,0,0,0,0,0.0,0.0,0.0,0.0,0.0,0.0,0.0,0.0,0.0,0.0,0.0,0.0,0.0,0.0,0.0,0.0,0.0,0.0,0.0,0.0,0.0,0.0,0.0,0.0,0.0,0.0,0.0,0.0,0.0,0.0,0.0,0.0,0.0,0.0,0.0,0.0,0.0,0.0,0.0,0.0,0.0,0.0,0.0,0.0,0.0,0.0,0.0,0.0,0.0,0.0,0.0,0.0,0.0,0.0,0.0,0.0,0.0,0.0,0.0,0.0,0.0,0.0,0.0,1.0,0.0,0.0,23.0,0.0,1.0,4.0,0.0,0.0,135,-2.0,0.0,0,1.5079296996472114e-05,-7.264184591647495e-07,none,6.701,0.0081,0.96971,none,-2.123,-0.018,0.98474,none,-16.5,-0.0791,1,none,-1.414,-0.0158,0.9836,none,0.107,28.3811,1,none,0,0,1,none
48e2de2e7eb96887e223b2e6ceba894746fb22be,b5ff5db25c787e4d0e274f599eab9f17e938b69e,2025-01-05T10:25:39+01:00,ok,1.0,4.0,4.0,1.0,1.0,0.0,0.0,0.0,0.0,0.0,0.0,0.0,0.0,0.0,0.0,0.0,0.0,0.0,0.0,0.0,0.0,0.0,0.0,0.0,0.0,1.0,8.0,0.0,0.0,0.0,0,0,0,0,0,0,0,0,0.0,0.0,0.0,0.0,0.0,0.0,0.0,0.0,0.0,0.0,0.0,0.0,0.0,0.0,0.0,0.0,0.0,0.0,0.0,0.0,0.0,0.0,0.0,0.0,0.0,0.0,0.0,0.0,0.0,0.0,0.0,0.0,0.0,0.0,0.0,0.0,0.0,0.0,0.0,0.0,0.0,0.0,0.0,0.0,0.0,0.0,0.0,0.0,0.0,0.0,0.0,0.0,0.0,0.0,0.0,0.0,1.0,0.0,0.0,0.0,0.0,0.0,0.0,0.0,0.0,1.0,55.0,0.0,1.0,76.0,0.0,0.0,14037,14140.0,0.0,0,0.0015678881494932259,0.005135782237021798,none,1.308,0.0017,0.96971,none,4.912,0.0437,0.98474,none,0,0,1,none,-18.178,-0.2009,1,none,0.107,28.3811,1,none,3,0.0078,1,none
185a5f335cded671de842ce28f5f128c614ce275,48e2de2e7eb96887e223b2e6ceba894746fb22be,2025-01-21T09:55:52+01:00,ok,1.0,15.0,0.0,1.0,1.0,0.0,0.0,0.0,0.0,0.0,0.0,0.0,0.0,0.0,0.0,0.0,0.0,1.0,15.0,0.0,0.0,0.0,0.0,0.0,0.0,0.0,0.0,0.0,0.0,1.0,0,0,0,0,0,0,0,0,0.0,0.0,0.0,0.0,0.0,0.0,0.0,0.0,0.0,0.0,0.0,0.0,0.0,0.0,0.0,0.0,0.0,0.0,0.0,0.0,0.0,0.0,0.0,0.0,0.0,0.0,0.0,0.0,0.0,0.0,0.0,0.0,0.0,0.0,0.0,0.0,0.0,0.0,0.0,0.0,0.0,0.0,0.0,0.0,0.0,0.0,0.0,0.0,0.0,0.0,0.0,0.0,0.0,0.0,0.0,0.0,0.0,0.0,1.0,0.0,0.0,0.0,0.0,0.0,0.0,0.0,50.0,0.0,1.0,0.0,0.0,0.0,30,128.0,0.0,0,3.3456587401319794e-06,4.625326844385215e-05,none,2.589,0.0033,1,none,-0.168,-0.0014,1,none,-2,-0.0103,1,none,3.494,0.0392,0.9836,none,0,0,1,none,-1,-0.0026,1,none
d6b50e88d0f48aff49a4f7074b6f71e6e088dd3f,185a5f335cded671de842ce28f5f128c614ce275,2025-01-21T09:56:59+01:00,ok,1.0,1.0,1.0,1.0,1.0,0.0,0.0,0.0,0.0,0.0,0.0,0.0,0.0,0.0,0.0,0.0,0.0,1.0,2.0,0.0,0.0,0.0,0.0,0.0,0.0,0.0,0.0,0.0,0.0,1.0,0,0,0,0,0,0,0,0,0.0,0.0,0.0,0.0,0.0,0.0,0.0,0.0,0.0,0.0,0.0,0.0,0.0,0.0,0.0,0.0,0.0,0.0,0.0,0.0,0.0,0.0,0.0,0.0,0.0,0.0,0.0,0.0,0.0,0.0,0.0,0.0,0.0,0.0,0.0,0.0,0.0,0.0,0.0,0.0,0.0,0.0,0.0,0.0,0.0,0.0,0.0,0.0,0.0,0.0,0.0,0.0,0.0,0.0,0.0,0.0,0.0,0.0,1.0,0.0,0.0,0.0,0.0,0.0,0.0,0.0,52.0,0.0,1.0,0.0,0.0,0.0,-74,-20.0,0.0,0,-8.252597281951325e-06,-7.226738934056007e-06,none,7.382,0.0095,0.96971,none,-7.479,-0.064,0.8604,none,0.5,0.0026,1,none,-18.098,-0.1999,0.9836,none,0,0,1,none,10,0.0267,1,none
27b5615160b47e1ff5c71ff621db0b2ff34a5462,d6b50e88d0f48aff49a4f7074b6f71e6e088dd3f,2025-01-21T10:00:06+01:00,ok,1.0,1.0,1.0,1.0,1.0,0.0,0.0,0.0,0.0,0.0,0.0,0.0,0.0,0.0,0.0,0.0,0.0,1.0,2.0,0.0,0.0,0.0,0.0,0.0,0.0,0.0,0.0,0.0,0.0,1.0,0,0,0,0,0,0,0,0,0.0,0.0,0.0,0.0,0.0,0.0,0.0,0.0,0.0,0.0,0.0,0.0,0.0,0.0,0.0,0.0,0.0,0.0,0.0,0.0,0.0,0.0,0.0,0.0,0.0,0.0,0.0,0.0,0.0,0.0,0.0,0.0,0.0,0.0,0.0,0.0,0.0,0.0,0.0,0.0,0.0,0.0,0.0,0.0,0.0,0.0,0.0,0.0,0.0,0.0,0.0,0.0,0.0,0.0,0.0,0.0,0.0,0.0,0.0,0.0,0.0,0.0,0.0,1.0,0.0,0.0,65.0,0.0,1.0,0.0,0.0,0.0,-225,-8.0,0.0,0,-2.5092563679350493e-05,-2.890716464075621e-06,none,-6.758,-0.009,0.96971,none,5.627,0.0553,0.98474,none,-3.5,-0.0188,1,none,18.273,0.3977,0.9836,none,-0.107,-0.966,1,none,6,0.0173,1,none
7c4dade245902569226acb78f957cbb9ce24ed4d,27b5615160b47e1ff5c71ff621db0b2ff34a5462,2025-01-21T10:01:48+01:00,ok,1.0,6.0,0.0,1.0,1.0,0.0,0.0,0.0,0.0,0.0,0.0,0.0,0.0,0.0,0.0,0.0,0.0,1.0,6.0,0.0,0.0,0.0,0.0,0.0,0.0,0.0,0.0,0.0,0.0,1.0,0,0,0,0,0,0,0,0,0.0,0.0,0.0,0.0,0.0,0.0,0.0,0.0,0.0,0.0,0.0,0.0,0.0,0.0,0.0,0.0,0.0,0.0,0.0,0.0,0.0,0.0,0.0,0.0,0.0,0.0,0.0,0.0,0.0,0.0,0.0,0.0,0.0,0.0,0.0,0.0,0.0,0.0,0.0,0.0,0.0,0.0,0.0,0.0,0.0,0.0,0.0,0.0,0.0,0.0,0.0,0.0,0.0,0.0,0.0,0.0,0.0,0.0,0.0,0.0,0.0,0.0,0.0,1.0,0.0,0.0,31.0,0.0,1.0,0.0,0.0,0.0,1232,710.0,0.0,0,0.00013739917415512613,0.0002565518278053039,none,-0.689,-0.0009,0.96971,none,1.753,0.0173,1,none,4,0.0222,1,none,-4.304,-0.1196,0.99244,none,0,0,1,none,-2,-0.0057,1,none
a06db6c023a33d8073c6fa1f6e5d4827e4c5e58e,7c4dade245902569226acb78f957cbb9ce24ed4d,2025-01-21T10:02:44+01:00,ok,1.0,7.0,15.0,1.0,1.0,0.0,0.0,0.0,0.0,0.0,0.0,0.0,0.0,0.0,0.0,0.0,0.0,1.0,22.0,0.0,0.0,0.0,0.0,0.0,0.0,0.0,0.0,0.0,0.0,1.0,0,0,0,0,0,0,0,0,0.0,0.0,0.0,0.0,0.0,0.0,0.0,0.0,0.0,0.0,0.0,0.0,0.0,0.0,0.0,0.0,0.0,0.0,0.0,0.0,0.0,0.0,0.0,0.0,0.0,0.0,0.0,0.0,0.0,0.0,0.0,0.0,0.0,0.0,0.0,0.0,0.0,0.0,0.0,0.0,0.0,0.0,0.0,0.0,0.0,0.0,0.0,0.0,0.0,0.0,0.0,0.0,0.0,0.0,0.0,0.0,0.0,0.0,0.0,0.0,0.0,0.0,0.0,1.0,0.0,0.0,67.0,0.0,1.0,0.0,0.0,0.0,-385,-148.0,0.0,0,-4.293134319237691e-05,-5.346469271167864e-05,none,-6.672,-0.009,0.96971,none,1.416,0.014,0.98474,none,-2,-0.011,1,none,5.8,0.1739,0.9836,none,0,0,1,none,-13,-0.0366,0.98645,none
a0d627173965f2b7137bacc5077fac424de82375,a06db6c023a33d8073c6fa1f6e5d4827e4c5e58e,2025-01-21T10:05:33+01:00,ok,1.0,1.0,1.0,1.0,1.0,0.0,0.0,0.0,0.0,0.0,0.0,0.0,0.0,0.0,0.0,0.0,0.0,1.0,2.0,0.0,0.0,0.0,0.0,0.0,0.0,0.0,0.0,0.0,0.0,1.0,0,0,0,0,0,0,0,0,0.0,0.0,0.0,0.0,0.0,0.0,0.0,0.0,0.0,0.0,0.0,0.0,0.0,0.0,0.0,0.0,0.0,0.0,0.0,0.0,0.0,0.0,0.0,0.0,0.0,0.0,0.0,0.0,0.0,0.0,0.0,0.0,0.0,0.0,0.0,0.0,0.0,0.0,0.0,0.0,0.0,0.0,0.0,0.0,0.0,0.0,0.0,0.0,0.0,0.0,0.0,0.0,0.0,0.0,0.0,0.0,0.0,0.0,1.0,0.0,0.0,0.0,0.0,0.0,0.0,0.0,49.0,1.0,1.0,0.0,0.0,0.0,115,6.0,0.0,0,1.2824198526622255e-05,2.167603432616796e-06,none,1.001,0.0014,0.96971,none,2.292,0.0242,0.98474,none,4,0.0223,1,none,-12.232,-0.3523,0.9836,none,0,0,1,none,1,0.0029,1,none
b74ed4159a71feeb6b91ba356adebc3fdd662ed3,a0d627173965f2b7137bacc5077fac424de82375,2025-01-21T10:06:52+01:00,ok,1.0,1.0,1.0,1.0,1.0,0.0,0.0,0.0,0.0,0.0,0.0,0.0,0.0,0.0,0.0,0.0,0.0,1.0,2.0,0.0,0.0,0.0,0.0,0.0,0.0,0.0,0.0,0.0,0.0,1.0,0,0,0,0,0,0,0,0,0.0,0.0,0.0,0.0,0.0,0.0,0.0,0.0,0.0,0.0,0.0,0.0,0.0,0.0,0.0,0.0,0.0,0.0,0.0,0.0,0.0,0.0,0.0,0.0,0.0,0.0,0.0,0.0,0.0,0.0,0.0,0.0,0.0,0.0,0.0,0.0,0.0,0.0,0.0,0.0,0.0,0.0,0.0,0.0,0.0,0.0,0.0,0.0,0.0,0.0,0.0,1.0,0.0,0.0,0.0,0.0,0.0,0.0,0.0,0.0,0.0,0.0,0.0,0.0,0.0,0.0,34.0,0.0,1.0,2.0,0.0,0.0,47,-2.0,0.0,0,5.241126967192887e-06,-7.225329113741131e-07,none,-5.246,-0.0071,1,none,-5.492,-0.0546,1,none,-2,-0.0113,1,none,2.624,0.0513,0.99244,none,0,0,1,none,9,0.0262,0.98645,none
a8c26ae30fc1715157927ba3cd0cc0cb8e3006a6,b74ed4159a71feeb6b91ba356adebc3fdd662ed3,2025-01-21T10:07:01+01:00,ok,1.0,566.0,253.0,1.0,1.0,0.0,0.0,0.0,0.0,0.0,0.0,0.0,0.0,0.0,0.0,0.0,0.0,0.0,0.0,0.0,0.0,0.0,0.0,0.0,0.0,1.0,819.0,0.0,0.0,0.0,0,0,0,0,0,0,0,0,0.0,0.0,0.0,0.0,0.0,0.0,0.0,0.0,0.0,0.0,0.0,0.0,0.0,0.0,0.0,0.0,0.0,0.0,0.0,0.0,0.0,0.0,0.0,0.0,0.0,0.0,0.0,0.0,0.0,0.0,0.0,0.0,0.0,0.0,0.0,0.0,0.0,0.0,0.0,0.0,0.0,0.0,0.0,0.0,0.0,0.0,0.0,0.0,0.0,0.0,0.0,0.0,0.0,0.0,0.0,0.0,1.0,0.0,0.0,0.0,0.0,0.0,0.0,0.0,0.0,1.0,55.0,0.0,1.0,77.0,0.0,0.0,944,-164.0,24.0,0,0.00010526804097959942,-5.9247741541120463e-05,none,-14.375,-0.0193,0.84151,none,-0.031,-0.0003,0.98474,none,-15,-0.0789,1,none,-1.166,-0.021,0.99244,none,0,0,1,none,-13,-0.0365,0.98645,none
cfeb41f3f1069a0511521931c6c8f1c17b038790,a8c26ae30fc1715157927ba3cd0cc0cb8e3006a6,2025-01-22T13:30:28+05:30,ok,4.0,367.0,632.0,2.0,4.0,0.06927265743683222,0.0,1.0,2.0,0.0,0.0,0.0,0.0,0.0,0.0,0.0,0.0,0.0,0.0,0.0,0.0,0.0,0.0,1.0,14.0,1.0,982.0,1.0,1.0,0.0,0,0,4,1,0,0,3,0,0.0,0.0,0.0,0.0,0.0,0.0,0.0,0.0,0.0,0.0,0.0,0.0,0.0,0.0,0.0,0.0,0.0,0.0,0.0,0.0,0.0,0.0,0.0,0.0,0.0,0.0,0.0,0.0,0.0,0.0,0.0,0.0,0.0,0.0,0.0,0.0,0.0,0.0,0.0,0.0,0.0,0.0,0.0,0.0,0.0,0.0,0.0,0.0,0.0,0.0,0.0,0.0,0.0,0.0,0.0,0.0,1.0,0.0,0.0,0.0,0.0,0.0,0.0,0.0,0.0,0.0,47.0,0.0,1.0,14.0,85.84631172839507,15.0,-452747,-452723.0,26.0,0,-0.050481751297425846,-0.16356344255554986,regression,5.537,0.0075,0.96971,none,-7.24,-0.0711,0.8604,none,38,0.2111,0.03455,regression,-17.396,-0.2772,0.88304,none,0.011,2.932,0.01377,regression,-2,-0.0057,1,none
3c712262af703142cbd36f76dd0a516d1133f615,3735fb4ffd02c28add7a9a44c51636b8d5fa0455,2025-01-22T16:23:11+05:30,ok,2.0,631.0,365.0,1.0,2.0,0.10661864154013403,0.0,0.0,0.0,0.0,0.0,0.0,0.0,0.0,0.0,0.0,0.0,0.0,0.0,0.0,0.0,0.0,0.0,1.0,14.0,1.0,982.0,0.0,0.0,0.0,0,0,4,1,0,0,3,0,0.0,0.0,0.0,0.0,0.0,0.0,0.0,0.0,0.0,0.0,0.0,0.0,0.0,0.0,0.0,0.0,0.0,0.0,0.0,0.0,0.0,0.0,0.0,0.0,0.0,0.0,0.0,0.0,0.0,0.0,0.0,0.0,0.0,0.0,0.0,0.0,0.0,0.0,0.0,0.0,0.0,0.0,0.0,0.0,0.0,0.0,0.0,0.0,0.0,0.0,0.0,0.0,0.0,0.0,0.0,0.0,0.0,0.0,0.0,0.0,0.0,0.0,0.0,1.0,1.0,0.0,56.0,0.0,1.0,15.0,0.11994212962962963,7.0,450867,452692.0,-26.0,0,0.052656043047276065,0.19550752309141423,none,-0.355,-0.0005,1,none,-1.17,-0.0114,0.98474,none,-35,-0.1651,0.39496,none,0.428,0.0138,0.99244,none,0,0,1,none,3,0.0086,1,none
3735fb4ffd02c28add7a9a44c51636b8d5fa0455,cfeb41f3f1069a0511521931c6c8f1c17b038790,2025-01-22T18:37:30+08:00,ok,3.0,86.0,18.0,3.0,2.0,0.2953802631540603,0.0,3.0,104.0,0.0,0.0,0.0,0.0,0.0,0.0,0.0,0.0,0.0,0.0,0.0,0.0,0.0,0.0,0.0,0.0,0.0,0.0,0.0,0.0,0.0,0,0,0,0,0,0,0,0,1.0,0.0,0.0,0.0,0.0,0.0,0.0,0.0,0.0,0.0,0.0,0.0,0.0,0.0,0.0,0.0,0.0,0.0,0.0,0.0,0.0,0.0,0.0,0.0,0.0,0.0,0.0,0.0,0.0,0.0,0.0,0.0,0.0,0.0,0.0,0.0,0.0,0.0,0.0,0.0,0.0,0.0,0.0,0.0,10.0,1.0,0.0,0.0,0.0,0.0,1.0,0.0,0.0,0.0,0.0,0.0,0.0,0.0,0.0,0.0,0.0,0.0,0.0,0.0,0.0,0.0,34.0,0.0,1.0,2.0,61.03168981481482,8.0,46712,320.0,281.0,0,0.005485345384058139,0.00013821992604370081,none,-4.087,-0.0055,0.96971,none,2.616,0.0262,0.98474,none,40.268,0.2278,1,none,5.761,0.23,1,none,-0.003,-0.1709,1,none,2,0.0058,1,none
3f4d2237fb8f623711cb1e82dc8d2dd95e0e6432,3c712262af703142cbd36f76dd0a516d1133f615,2025-01-23T21:26:14+05:30,ok,1.0,211.0,228.0,1.0,1.0,0.0,0.0,0.0,0.0,0.0,0.0,0.0,0.0,0.0,0.0,0.0,0.0,0.0,0.0,0.0,0.0,0.0,0.0,0.0,0.0,1.0,439.0,0.0,0.0,0.0,0,0,0,0,0,0,0,0,0.0,0.0,0.0,0.0,0.0,0.0,0.0,0.0,0.0,0.0,0.0,0.0,0.0,0.0,0.0,0.0,0.0,0.0,0.0,0.0,0.0,0.0,0.0,0.0,0.0,0.0,0.0,0.0,0.0,0.0,0.0,0.0,0.0,0.0,0.0,0.0,0.0,0.0,0.0,0.0,0.0,0.0,0.0,0.0,0.0,0.0,0.0,0.0,0.0,0.0,0.0,0.0,0.0,0.0,0.0,0.0,1.0,0.0,0.0,0.0,0.0,0.0,0.0,0.0,0.0,1.0,55.0,0.0,1.0,78.0,0.0,0.0,-458354,-457782.0,-5.0,0,-0.05085273416350839,-0.1653739320986517,none,-6.066,-0.0082,0.95873,none,-5.754,-0.053,0.8604,none,36,0.2011,1,none,-8.707,-0.2712,0.9836,none,0,0,1,none,-11,-0.0311,0.68224,none
9f3814a10dab0c11da43872926d3c1b5a755af5a,3f4d2237fb8f623711cb1e82dc8d2dd95e0e6432,2025-01-25T10:41:32+08:00,ok,1.0,1.0,0.0,1.0,1.0,0.0,0.0,0.0,0.0,0.0,0.0,0.0,0.0,0.0,0.0,0.0,0.0,1.0,1.0,0.0,0.0,0.0,0.0,0.0,0.0,0.0,0.0,0.0,0.0,1.0,0,0,0,0,0,0,0,0,0.0,0.0,0.0,0.0,0.0,0.0,0.0,0.0,0.0,0.0,0.0,0.0,0.0,0.0,0.0,0.0,0.0,0.0,0.0,0.0,0.0,0.0,0.0,0.0,0.0,0.0,0.0,0.0,0.0,0.0,0.0,0.0,0.0,0.0,0.0,0.0,0.0,0.0,0.0,0.0,0.0,0.0,0.0,0.0,0.0,0.0,0.0,0.0,0.0,0.0,0.0,0.0,0.0,0.0,0.0,0.0,0.0,0.0,0.0,0.0,0.0,0.0,0.0,1.0,0.0,0.0,58.0,0.0,1.0,0.0,0.0,0.0,257,23.0,0.0,0,3.0040890678510337e-05,9.955068016920154e-06,none,-4.279,-0.0057,0.96971,none,-7.827,-0.0708,0.98474,none,9,0.0425,1,none,-28.187,-0.4954,0.9836,none,0,0,1,none,11,0.0318,1,none
dfe4c91a2bbdd1638540fb840ab11a5b0961cf0a,9f3814a10dab0c11da43872926d3c1b5a755af5a,2025-01-28T10:39:16+08:00,ok,1.0,1.0,2.0,1.0,1.0,0.0,0.0,0.0,0.0,0.0,0.0,0.0,0.0,0.0,0.0,0.0,0.0,1.0,3.0,0.0,0.0,0.0,0.0,0.0,0.0,0.0,0.0,0.0,0.0,1.0,0,0,0,0,0,0,0,0,0.0,0.0,0.0,0.0,0.0,0.0,0.0,0.0,0.0,0.0,0.0,0.0,0.0,0.0,0.0,0.0,0.0,0.0,0.0,0.0,0.0,0.0,0.0,0.0,0.0,0.0,0.0,0.0,0.0,0.0,0.0,0.0,0.0,0.0,0.0,0.0,0.0,0.0,0.0,0.0,0.0,0.0,0.0,0.0,0.0,0.0,0.0,0.0,0.0,0.0,0.0,0.0,0.0,0.0,0.0,0.0,0.0,0.0,0.0,0.0,0.0,0.0,0.0,1.0,0.0,0.0,33.0,0.0,1.0,22.0,0.0,0.0,-196,-14.0,0.0,0,-2.2909874307779902e-05,-6.059546295799349e-06,none,5.976,0.0081,0.96971,none,7.369,0.0669,0.98474,none,3,0.0139,1,none,-13.248,-0.1577,0.9836,none,0,0,1,none,0,0,1,none
9ecc38547fd760ee304a80e7ce112bc5984b4a8b,dfe4c91a2bbdd1638540fb840ab11a5b0961cf0a,2025-01-30T09:00:59+08:00,ok,3.0,18.0,86.0,3.0,2.0,0.2953802631540603,0.0,3.0,104.0,0.0,0.0,0.0,0.0,0.0,0.0,0.0,0.0,0.0,0.0,0.0,0.0,0.0,0.0,0.0,0.0,0.0,0.0,0.0,0.0,0.0,0,0,0,0,0,0,0,0,0.0,1.0,0.0,0.0,0.0,0.0,0.0,0.0,0.0,0.0,0.0,0.0,0.0,0.0,0.0,0.0,0.0,0.0,0.0,0.0,0.0,0.0,0.0,0.0,0.0,0.0,0.0,0.0,0.0,0.0,0.0,0.0,0.0,0.0,0.0,0.0,0.0,0.0,0.0,0.0,0.0,0.0,0.0,0.0,1.0,10.0,0.0,0.0,0.0,0.0,0.0,0.0,0.0,0.0,0.0,0.0,0.0,0.0,0.0,0.0,0.0,0.0,0.0,1.0,1.0,0.0,43.0,0.0,1.0,32.0,7.599641203703704,9.0,-45957,-460.0,-280.0,0,-0.005371904159254393,-0.00019910058474976086,none,5.448,0.0073,0.96971,none,-5.394,-0.0437,0.98474,none,52.5,0.3017,1,none,8.775,0.0871,1,none,0.003,0.2062,1,none,-2991,-0.8784,1,none
c0e81eff66599bda3169e6a66554ba1f8d4ab486,9ecc38547fd760ee304a80e7ce112bc5984b4a8b,2025-02-03T12:47:09+01:00,ok,1.0,8.0,8.0,1.0,1.0,0.0,0.0,0.0,0.0,0.0,0.0,0.0,0.0,0.0,0.0,0.0,0.0,1.0,16.0,0.0,0.0,0.0,0.0,0.0,0.0,0.0,0.0,0.0,0.0,1.0,0,0,0,0,0,0,0,0,0.0,0.0,0.0,0.0,0.0,0.0,0.0,0.0,0.0,0.0,0.0,0.0,0.0,0.0,0.0,0.0,0.0,0.0,0.0,0.0,0.0,0.0,0.0,0.0,0.0,0.0,0.0,0.0,0.0,0.0,0.0,0.0,0.0,0.0,0.0,0.0,0.0,0.0,0.0,0.0,0.0,0.0,0.0,0.0,0.0,0.0,0.0,0.0,0.0,0.0,0.0,0.0,0.0,0.0,0.0,0.0,0.0,0.0,0.0,0.0,0.0,0.0,0.0,1.0,0.0,0.0,50.0,0.0,1.0,5.0,0.0,0.0,116,62.0,0.0,0,1.3632448046858015e-05,2.684064019255995e-05,none,-63.846,-0.0706,0.95873,none,-20.316,-0.1247,0.98474,none,-40.5,-0.1769,1,none,-44.856,-0.1938,0.9836,none,-0.107,-0.8783,1,none,5015,11.8558,0.98645,none
7119fae1205bc9adf5b229be3c8d56acac027a77,c0e81eff66599bda3169e6a66554ba1f8d4ab486,2025-02-03T12:48:00+01:00,ok,1.0,8.0,4.0,1.0,1.0,0.0,0.0,0.0,0.0,0.0,0.0,0.0,0.0,0.0,0.0,0.0,0.0,1.0,12.0,0.0,0.0,0.0,0.0,0.0,0.0,0.0,0.0,0.0,0.0,1.0,0,0,0,0,0,0,0,0,0.0,0.0,0.0,0.0,0.0,0.0,0.0,0.0,0.0,0.0,0.0,0.0,0.0,0.0,0.0,0.0,0.0,0.0,0.0,0.0,0.0,0.0,0.0,0.0,0.0,0.0,0.0,0.0,0.0,0.0,0.0,0.0,0.0,0.0,0.0,0.0,0.0,0.0,0.0,0.0,0.0,0.0,0.0,0.0,0.0,0.0,0.0,0.0,0.0,0.0,0.0,0.0,0.0,0.0,0.0,0.0,0.0,0.0,0.0,0.0,0.0,0.0,0.0,1.0,0.0,0.0,61.0,0.0,1.0,0.0,0.0,0.0,-122,74.0,0.0,0,-1.4337379216394065e-05,3.2034742977464856e-05,none,-88.241,-0.1025,0.96971,none,-12.027,-0.0925,0.92551,none,71.5,0.4689,1,none,-2.782,-0.0229,1,none,0.092,6.2179,1,none,-3069,-0.8919,0.98645,none
6f14d3e0ab79909523d211d0b7b0fe5329b2fbbf,7119fae1205bc9adf5b229be3c8d56acac027a77,2025-02-05T11:57:51+08:00,ok,4.0,52.0,52.0,2.0,2.0,0.5605250078474537,0.0,4.0,104.0,0.0,0.0,0.0,0.0,0.0,0.0,0.0,0.0,0.0,0.0,0.0,0.0,0.0,0.0,0.0,0.0,0.0,0.0,0.0,0.0,0.0,0,0,0,0,0,0,0,0,0.0,0.0,0.0,0.0,0.0,0.0,0.0,0.0,0.0,0.0,0.0,0.0,0.0,0.0,0.0,0.0,0.0,0.0,0.0,0.0,0.0,0.0,0.0,0.0,0.0,0.0,0.0,0.0,0.0,0.0,0.0,0.0,0.0,0.0,0.0,0.0,0.0,0.0,0.0,0.0,0.0,0.0,0.0,0.0,0.0,0.0,0.0,0.0,0.0,0.0,0.0,0.0,0.0,0.0,0.0,0.0,0.0,0.0,0.0,0.0,0.0,0.0,0.0,1.0,0.0,0.0,38.0,0.0,1.0,33.0,154.04230034722224,20.0,-410,-7.0,-16.0,0,-4.818368655501214e-05,-3.030216452690096e-06,improvement,-8.622,-0.0095,0.96971,none,-21.171,-0.1742,0.42525,none,-87.561,-0.4508,0.00001,improvement,-44.484,-0.4115,0.35838,none,-0.015,-0.1217,1,none,-19,-0.0272,0.98645,none
2c0b19ef28683899d2ae9c3116bb939f8089360e,6f14d3e0ab79909523d211d0b7b0fe5329b2fbbf,2025-02-18T13:28:41+01:00,ok,1.0,4.0,4.0,1.0,1.0,0.0,0.0,0.0,0.0,0.0,0.0,0.0,0.0,0.0,0.0,0.0,0.0,0.0,0.0,0.0,0.0,0.0,0.0,0.0,0.0,1.0,8.0,0.0,0.0,0.0,0,0,0,0,0,0,0,0,0.0,0.0,0.0,0.0,0.0,0.0,0.0,0.0,0.0,0.0,0.0,0.0,0.0,0.0,0.0,0.0,0.0,0.0,0.0,0.0,0.0,0.0,0.0,0.0,0.0,0.0,0.0,0.0,0.0,0.0,0.0,0.0,0.0,0.0,0.0,0.0,0.0,0.0,0.0,0.0,0.0,0.0,0.0,0.0,0.0,0.0,0.0,0.0,0.0,0.0,0.0,0.0,0.0,0.0,0.0,0.0,1.0,0.0,0.0,0.0,0.0,0.0,0.0,0.0,0.0,1.0,55.0,0.0,1.0,79.0,0.0,0.0,287,24.0,0.0,0,3.373020583417385e-05,1.0389345034044586e-05,none,-7.418,-0.0095,0.96971,none,-0.724,-0.0077,0.98474,none,-1.864,-0.0149,1,none,-1.959,-0.0521,0.9836,none,0,0,1,none,2,0.006,1,none
2e0dbe0175532da9fb0fa27817a9355a24dd825e,2c0b19ef28683899d2ae9c3116bb939f8089360e,2025-02-18T13:30:57+01:00,ok,2.0,7.0,7.0,2.0,2.0,0.5916727785823275,0.0,0.0,0.0,0.0,0.0,0.0,0.0,0.0,0.0,0.0,0.0,1.0,12.0,0.0,0.0,0.0,0.0,0.0,0.0,0.0,0.0,1.0,2.0,0.0,0,0,0,0,0,0,0,0,0.0,0.0,0.0,0.0,0.0,0.0,0.0,0.0,0.0,0.0,0.0,0.0,0.0,0.0,0.0,0.0,0.0,0.0,0.0,0.0,0.0,0.0,0.0,0.0,0.0,0.0,0.0,0.0,0.0,0.0,0.0,0.0,0.0,0.0,0.0,0.0,0.0,0.0,0.0,0.0,0.0,0.0,0.0,0.0,0.0,0.0,0.0,0.0,0.0,0.0,0.0,0.0,0.0,0.0,0.0,0.0,0.0,0.0,1.0,0.0,0.0,0.0,0.0,0.0,0.0,0.0,56.0,0.0,2.0,0.0,0.0012152777777777778,4.0,-104,-102.0,0.0,0,-1.2222380094631778e-05,-4.4154257660871925e-05,none,-38.047,-0.0471,0.96971,none,2.636,0.0291,0.98474,none,2.923,0.0236,1,none,3.977,0.1426,0.9836,none,0,0,1,none,6,0.0179,1,none
2b7d5e0a96ea05c9370c747750d0efd0dcb93a74,2e0dbe0175532da9fb0fa27817a9355a24dd825e,2025-02-18T13:31:15+01:00,ok,1.0,14.0,0.0,1.0,1.0,0.0,0.0,0.0,0.0,0.0,0.0,0.0,0.0,0.0,0.0,0.0,0.0,1.0,14.0,0.0,0.0,0.0,0.0,0.0,0.0,0.0,0.0,0.0,0.0,1.0,0,0,0,0,0,0,0,0,0.0,0.0,0.0,0.0,0.0,0.0,0.0,0.0,0.0,0.0,0.0,0.0,0.0,0.0,0.0,0.0,0.0,0.0,0.0,0.0,0.0,0.0,0.0,0.0,0.0,0.0,0.0,0.0,0.0,0.0,0.0,0.0,0.0,0.0,0.0,0.0,0.0,0.0,0.0,0.0,0.0,0.0,0.0,0.0,0.0,0.0,0.0,0.0,0.0,0.0,0.0,0.0,0.0,0.0,0.0,0.0,0.0,0.0,1.0,0.0,0.0,0.0,0.0,0.0,0.0,0.0,86.0,0.0,1.0,1.0,0.0,0.0,83,98.0,0.0,0,9.754518722035821e-06,4.2424591371097856e-05,none,1.142,0.0015,1,none,1.184,0.013,0.98474,none,36,0.4045,1,none,2.675,0.1139,0.9836,none,-0.107,-1,1,none,-9,-0.0265,1,none
7cabdc93564a12e3b224cae47bdf3c636c0cc35e,2b7d5e0a96ea05c9370c747750d0efd0dcb93a74,2025-02-18T13:31:57+01:00,ok,1.0,2.0,0.0,1.0,1.0,0.0,0.0,0.0,0.0,0.0,0.0,0.0,0.0,0.0,0.0,0.0,0.0,1.0,2.0,0.0,0.0,0.0,0.0,0.0,0.0,0.0,0.0,0.0,0.0,1.0,0,0,0,0,0,0,0,0,0.0,0.0,0.0,0.0,0.0,0.0,0.0,0.0,0.0,0.0,0.0,0.0,0.0,0.0,0.0,0.0,0.0,0.0,0.0,0.0,0.0,0.0,0.0,0.0,0.0,0.0,0.0,0.0,0.0,0.0,0.0,0.0,0.0,0.0,0.0,0.0,0.0,0.0,0.0,0.0,0.0,0.0,0.0,0.0,0.0,0.0,0.0,0.0,0.0,0.0,0.0,0.0,0.0,0.0,0.0,0.0,0.0,0.0,1.0,0.0,0.0,0.0,0.0,0.0,0.0,0.0,75.0,0.0,1.0,0.0,0.0,0.0,46,36.0,0.0,0,5.406066076230233e-06,1.5583882629122208e-05,none,-38.937,-0.0482,0.96971,none,7.49,0.0859,0.98474,none,-3.952,-0.0299,1,none,4.516,0.1814,1,none,0,0,1,none,-11,-0.0321,1,none
f3e9cfb41c21e3c78d1a6ef2a7da2b187b79b755,7cabdc93564a12e3b224cae47bdf3c636c0cc35e,2025-02-25T08:25:31+08:00,ok,1.0,1.0,1.0,1.0,1.0,0.0,0.0,0.0,0.0,0.0,0.0,0.0,0.0,0.0,0.0,0.0,0.0,0.0,0.0,0.0,0.0,1.0,2.0,0.0,0.0,0.0,0.0,0.0,0.0,0.0,0,0,0,0,0,0,0,0,0.0,0.0,0.0,0.0,0.0,0.0,0.0,0.0,0.0,0.0,0.0,0.0,0.0,0.0,0.0,0.0,0.0,0.0,0.0,0.0,0.0,0.0,0.0,0.0,0.0,0.0,0.0,0.0,0.0,0.0,0.0,0.0,0.0,0.0,0.0,0.0,0.0,0.0,0.0,0.0,0.0,0.0,0.0,0.0,0.0,0.0,0.0,0.0,0.0,0.0,0.0,0.0,0.0,0.0,0.0,0.0,0.0,0.0,0.0,0.0,0.0,0.0,0.0,1.0,0.0,0.0,20.0,0.0,1.0,34.0,154.9233449074074,5.0,-37,74.0,0.0,0,-4.348333988717366e-06,3.203303731632408e-05,none,114.065,0.1487,0.95873,none,3.953,0.0465,0.80046,none,-0.438,-0.0036,1,none,0.065,0.0038,1,none,0,0,1,none,1,0.003,0.98645,none
b6b270fd3d615edc2c5b7436123c5599dd1a850a,f3e9cfb41c21e3c78d1a6ef2a7da2b187b79b755,2025-02-25T21:17:44+08:00,ok,1.0,1.0,0.0,1.0,1.0,0.0,0.0,0.0,0.0,0.0,0.0,0.0,0.0,0.0,0.0,0.0,0.0,1.0,1.0,0.0,0.0,0.0,0.0,0.0,0.0,0.0,0.0,0.0,0.0,1.0,0,0,0,0,0,0,0,0,0.0,0.0,0.0,0.0,0.0,0.0,0.0,0.0,0.0,0.0,0.0,0.0,0.0,0.0,0.0,0.0,0.0,0.0,0.0,0.0,0.0,0.0,0.0,0.0,0.0,0.0,0.0,0.0,0.0,0.0,0.0,0.0,0.0,0.0,0.0,0.0,0.0,0.0,0.0,0.0,0.0,0.0,0.0,0.0,0.0,0.0,0.0,0.0,0.0,0.0,0.0,0.0,0.0,0.0,0.0,0.0,0.0,0.0,0.0,0.0,0.0,0.0,0.0,1.0,0.0,0.0,55.0,0.0,1.0,0.0,0.0,0.0,128,20.0,0.0,0,1.5042950561930593e-05,8.657300333435922e-06,none,38.8,0.0505,0.96971,none,0.728,0.0085,0.92551,none,-1.008,-0.0085,1,none,1.137,0.0733,0.99244,none,0.107,0,1,none,0,0,1,none
72587ebe1d8f61e69b1d35e34fce92d23ce05a9a,b6b270fd3d615edc2c5b7436123c5599dd1a850a,2025-02-28T11:02:14+08:00,ok,3.0,26.0,18.0,3.0,3.0,0.5551024592198531,0.0,3.0,44.0,0.0,0.0,0.0,0.0,0.0,0.0,0.0,0.0,0.0,0.0,0.0,0.0,0.0,0.0,0.0,0.0,0.0,0.0,0.0,0.0,0.0,0,0,0,0,0,0,0,0,1.0,1.0,0.0,0.0,0.0,0.0,0.0,0.0,0.0,0.0,0.0,0.0,1.0,0.0,1.0,0.0,0.0,0.0,1.0,0.0,1.0,0.0,0.0,0.0,1.0,0.0,2.0,0.0,0.0,0.0,0.0,0.0,1.0,0.0,1.0,0.0,0.0,0.0,1.0,0.0,0.0,0.0,0.0,0.0,0.0,0.0,0.0,0.0,0.0,0.0,0.0,0.0,0.0,0.0,0.0,0.0,0.0,0.0,0.0,0.0,0.0,0.0,0.0,1.0,0.0,0.0,23.0,1.0,1.0,35.0,22.961377314814815,11.0,18580,3464.0,0.0,1,0.002183545445539051,0.0014994314367228246,improvement,-1.41,-0.0018,0.0106,none,-0.412,-0.0048,0.98474,none,-115.961,-0.9699,0.00023,improvement,3.692,0.2472,0.68481,none,0,0,1,none,-17,-0.0507,0.3424,none
d770157ed40bb493862bd8f07bf3d2c250b842f3,72587ebe1d8f61e69b1d35e34fce92d23ce05a9a,2025-03-19T16:34:41-07:00,ok,1.0,21.0,0.0,1.0,1.0,0.0,0.0,0.0,0.0,0.0,0.0,0.0,0.0,0.0,0.0,0.0,0.0,0.0,0.0,0.0,0.0,1.0,21.0,0.0,0.0,0.0,0.0,0.0,0.0,0.0,0,0,0,0,0,0,0,0,0.0,0.0,0.0,0.0,0.0,0.0,0.0,0.0,0.0,0.0,0.0,0.0,0.0,0.0,0.0,0.0,0.0,0.0,0.0,0.0,0.0,0.0,0.0,0.0,0.0,0.0,0.0,0.0,0.0,0.0,0.0,0.0,0.0,0.0,0.0,0.0,0.0,0.0,0.0,0.0,0.0,0.0,0.0,0.0,0.0,0.0,0.0,0.0,0.0,0.0,0.0,0.0,0.0,0.0,0.0,0.0,0.0,0.0,1.0,0.0,0.0,0.0,0.0,0.0,0.0,0.0,36.0,0.0,1.0,0.0,243.7242476851852,11.0,913,562.0,0.0,0,0.00010706315447923274,0.00024290381570775128,none,39.354,0.0541,0.96971,none,1.334,0.0155,0.8604,none,0,0,1,none,4.25,0.2749,0.88304,none,0,0,1,none,0,0,1,none
c707b2b850e91dd8b551172af08dc32e23c284fb,d770157ed40bb493862bd8f07bf3d2c250b842f3,2025-03-22T18:12:28-07:00,ok,3.0,83.0,17.0,3.0,2.0,0.30422119765160494,0.0,3.0,100.0,0.0,0.0,0.0,0.0,0.0,0.0,0.0,0.0,0.0,0.0,0.0,0.0,0.0,0.0,0.0,0.0,0.0,0.0,0.0,0.0,0.0,0,0,0,0,0,0,0,0,1.0,0.0,0.0,0.0,0.0,0.0,0.0,0.0,0.0,0.0,0.0,0.0,0.0,0.0,0.0,0.0,0.0,0.0,0.0,0.0,0.0,0.0,0.0,0.0,0.0,0.0,0.0,0.0,0.0,0.0,0.0,0.0,0.0,0.0,0.0,0.0,0.0,0.0,0.0,0.0,0.0,0.0,0.0,0.0,9.0,1.0,0.0,0.0,0.0,0.0,0.0,0.0,0.0,0.0,0.0,0.0,0.0,0.0,0.0,0.0,0.0,0.0,0.0,1.0,0.0,0.0,37.0,0.0,1.0,1.0,52.007974537037036,9.0,41942,354.0,296.0,0,0.004917811736758362,0.00015296631500258184,none,39.396,0.0541,0.96971,none,1.097,0.0128,0.89721,none,0.962,0,1,none,-1.655,-0.095,0.9836,none,0,0,1,none,3,0.0095,0.68224,none
0cafdc5176731e4e933b4a3696b415b42aeb01d2,c707b2b850e91dd8b551172af08dc32e23c284fb,2025-03-31T14:28:11-07:00,ok,1.0,1.0,1.0,1.0,1.0,0.0,0.0,0.0,0.0,0.0,0.0,0.0,0.0,0.0,0.0,0.0,0.0,1.0,2.0,0.0,0.0,0.0,0.0,0.0,0.0,0.0,0.0,0.0,0.0,1.0,0,0,0,0,0,0,0,0,0.0,0.0,0.0,0.0,0.0,0.0,0.0,0.0,0.0,0.0,0.0,0.0,0.0,0.0,0.0,0.0,0.0,0.0,0.0,0.0,0.0,0.0,0.0,0.0,0.0,0.0,0.0,0.0,0.0,0.0,0.0,0.0,0.0,0.0,0.0,0.0,0.0,0.0,0.0,0.0,0.0,0.0,0.0,0.0,0.0,0.0,0.0,0.0,0.0,0.0,0.0,0.0,0.0,0.0,0.0,0.0,0.0,0.0,1.0,0.0,0.0,0.0,0.0,0.0,0.0,0.0,61.0,0.0,1.0,0.0,0.0,0.0,49,7.0,0.0,0,5.717264692553508e-06,3.024295026028379e-06,none,-0.459,-0.0006,0.96971,none,0.894,0.0088,1,none,0,0,1,none,-2.787,-0.1484,0.9836,none,0,0,1,none,-2,-0.0063,0.98645,none
2e07b40b2b55dfaa629143e9ffc56404027342ca,0cafdc5176731e4e933b4a3696b415b42aeb01d2,2025-03-31T14:30:23-07:00,ok,1.0,1.0,1.0,1.0,1.0,0.0,0.0,0.0,0.0,0.0,0.0,0.0,0.0,0.0,0.0,0.0,0.0,1.0,2.0,0.0,0.0,0.0,0.0,0.0,0.0,0.0,0.0,0.0,0.0,1.0,0,0,0,0,0,0,0,0,0.0,0.0,0.0,0.0,0.0,0.0,0.0,0.0,0.0,0.0,0.0,0.0,0.0,0.0,0.0,0.0,0.0,0.0,0.0,0.0,0.0,0.0,0.0,0.0,0.0,0.0,0.0,0.0,0.0,0.0,0.0,0.0,0.0,0.0,0.0,0.0,0.0,0.0,0.0,0.0,0.0,0.0,0.0,0.0,0.0,0.0,0.0,0.0,0.0,0.0,0.0,0.0,0.0,0.0,0.0,0.0,0.0,0.0,1.0,0.0,0.0,0.0,0.0,0.0,0.0,0.0,37.0,0.0,1.0,0.0,0.0,0.0,-77,2.0,0.0,0,-8.984221723124721e-06,8.640816799130388e-07,none,0.233,0.0003,0.96971,none,14.895,0.1702,1,none,0,0,1,none,-0.924,-0.0581,1,none,-0.107,-1,1,none,0,0,1,none
323abd5458cde3e27a29285b222ea913073c0b01,2e07b40b2b55dfaa629143e9ffc56404027342ca,2025-03-31T14:32:52-07:00,ok,1.0,4.0,4.0,1.0,1.0,0.0,0.0,0.0,0.0,0.0,0.0,0.0,0.0,0.0,0.0,0.0,0.0,1.0,8.0,0.0,0.0,0.0,0.0,0.0,0.0,0.0,0.0,0.0,0.0,1.0,0,0,0,0,0,0,0,0,0.0,0.0,0.0,0.0,0.0,0.0,0.0,0.0,0.0,0.0,0.0,0.0,0.0,0.0,0.0,0.0,0.0,0.0,0.0,0.0,0.0,0.0,0.0,0.0,0.0,0.0,0.0,0.0,0.0,0.0,0.0,0.0,0.0,0.0,0.0,0.0,0.0,0.0,0.0,0.0,0.0,0.0,0.0,0.0,0.0,0.0,0.0,0.0,0.0,0.0,0.0,0.0,0.0,0.0,0.0,0.0,0.0,0.0,1.0,0.0,0.0,0.0,0.0,0.0,0.0,0.0,31.0,0.0,1.0,4.0,0.0,0.0,96,14.0,0.0,0,1.1201208236995164e-05,6.048566532935741e-06,none,-0.341,-0.0004,1,none,-14.527,-0.143,0.98474,none,8.467,0,1,none,2.65,0.2038,0.9836,none,0,0,1,none,0,0,1,none
99bc0a9e8efc26e59578ebe87ce087c885456e98,323abd5458cde3e27a29285b222ea913073c0b01,2025-03-31T14:33:32-07:00,ok,1.0,1.0,1.0,1.0,1.0,0.0,0.0,0.0,0.0,0.0,0.0,0.0,0.0,0.0,0.0,0.0,0.0,1.0,2.0,0.0,0.0,0.0,0.0,0.0,0.0,0.0,0.0,0.0,0.0,1.0,0,0,0,0,0,0,0,0,0.0,0.0,0.0,0.0,0.0,0.0,0.0,0.0,0.0,0.0,0.0,0.0,0.0,0.0,0.0,0.0,0.0,0.0,0.0,0.0,0.0,0.0,0.0,0.0,0.0,0.0,0.0,0.0,0.0,0.0,0.0,0.0,0.0,0.0,0.0,0.0,0.0,0.0,0.0,0.0,0.0,0.0,0.0,0.0,0.0,0.0,0.0,0.0,0.0,0.0,0.0,0.0,0.0,0.0,0.0,0.0,0.0,0.0,1.0,0.0,0.0,0.0,0.0,0.0,0.0,0.0,25.0,0.0,1.0,0.0,0.0,0.0,-125,-1.0,0.0,0,-1.4584743191841879e-05,-4.32037853428566e-07,none,-0.505,-0.0007,0.96971,none,0.069,0.0007,0.98474,none,32.289,14.119,1,none,-0.09,-0.005,0.9836,none,-0.107,-1,1,none,17,0.0535,0.98645,none
0ebd87805a0d539fdf76f70ddd8b21c808eb36eb,99bc0a9e8efc26e59578ebe87ce087c885456e98,2025-03-31T14:34:45-07:00,ok,1.0,1.0,1.0,1.0,1.0,0.0,0.0,0.0,0.0,0.0,0.0,0.0,0.0,0.0,0.0,0.0,0.0,1.0,2.0,0.0,0.0,0.0,0.0,0.0,0.0,0.0,0.0,0.0,0.0,1.0,0,0,0,0,0,0,0,0,0.0,0.0,0.0,0.0,0.0,0.0,0.0,0.0,0.0,0.0,0.0,0.0,0.0,0.0,0.0,0.0,0.0,0.0,0.0,0.0,0.0,0.0,0.0,0.0,0.0,0.0,0.0,0.0,0.0,0.0,0.0,0.0,0.0,0.0,0.0,0.0,0.0,0.0,0.0,0.0,0.0,0.0,0.0,0.0,0.0,0.0,0.0,0.0,0.0,0.0,0.0,0.0,0.0,0.0,0.0,0.0,0.0,0.0,1.0,0.0,0.0,0.0,0.0,0.0,0.0,0.0,45.0,0.0,1.0,1.0,0.0,0.0,-56,-5.0,0.0,0,-6.534060247535871e-06,-2.160190200426767e-06,none,0.504,0.0007,0.96971,none,-0.313,-0.0035,1,none,39.953,295.2901,1,none,1.087,0.0855,0.9836,none,0,0,1,none,-1,-0.0031,0.98645,none
fab4e32ef0a9cdba0ea121f690c5ecca97d6648e,0ebd87805a0d539fdf76f70ddd8b21c808eb36eb,2025-04-01T13:47:51+02:00,ok,2.0,4.0,2.0,2.0,2.0,0.9182958340544896,0.0,0.0,0.0,0.0,0.0,0.0,0.0,0.0,0.0,0.0,0.0,2.0,6.0,0.0,0.0,0.0,0.0,0.0,0.0,0.0,0.0,0.0,0.0,1.0,0,0,0,0,0,0,0,0,0.0,0.0,0.0,0.0,0.0,0.0,0.0,0.0,0.0,0.0,0.0,0.0,0.0,0.0,0.0,0.0,0.0,0.0,0.0,0.0,0.0,0.0,0.0,0.0,0.0,0.0,0.0,0.0,0.0,0.0,0.0,0.0,0.0,0.0,0.0,0.0,0.0,0.0,0.0,0.0,0.0,0.0,0.0,0.0,0.0,0.0,0.0,0.0,0.0,0.0,0.0,0.0,0.0,0.0,0.0,0.0,0.0,0.0,1.0,0.0,0.0,0.0,0.0,0.0,0.0,0.0,75.0,0.0,1.0,26.0,0.0,0.0,106,28.0,0.0,0,1.2368123425470796e-05,1.2097091254407877e-05,none,-39.2,-0.0511,0.96971,none,-0.144,-0.0014,1,none,-33.125,-0.9627,1,none,0.361,0.0211,0.9836,none,0,0,1,none,1,0.0032,1,none
23118c9ce31d36f411f8079968b821130eee038c,fab4e32ef0a9cdba0ea121f690c5ecca97d6648e,2025-04-01T13:48:00+02:00,ok,1.0,4.0,4.0,1.0,1.0,0.0,0.0,0.0,0.0,0.0,0.0,0.0,0.0,0.0,0.0,0.0,0.0,0.0,0.0,0.0,0.0,0.0,0.0,0.0,0.0,1.0,8.0,0.0,0.0,0.0,0,0,0,0,0,0,0,0,0.0,0.0,0.0,0.0,0.0,0.0,0.0,0.0,0.0,0.0,0.0,0.0,0.0,0.0,0.0,0.0,0.0,0.0,0.0,0.0,0.0,0.0,0.0,0.0,0.0,0.0,0.0,0.0,0.0,0.0,0.0,0.0,0.0,0.0,0.0,0.0,0.0,0.0,0.0,0.0,0.0,0.0,0.0,0.0,0.0,0.0,0.0,0.0,0.0,0.0,0.0,0.0,0.0,0.0,0.0,0.0,1.0,0.0,0.0,0.0,0.0,0.0,0.0,0.0,0.0,1.0,55.0,0.0,1.0,80.0,0.0,0.0,5448,5198.0,59.0,0,0.0006356670098972933,0.0022457114170102055,none,0.609,0.0008,0.96971,none,0.163,0.0016,0.8604,none,0.884,0.2083,1,none,3.081,0.1638,0.9836,none,0,0,1,none,-1,-0.0031,1,none
0f8ba7e11a9999f1b784008a5943cee32d40761c,23118c9ce31d36f411f8079968b821130eee038c,2025-04-01T13:48:21+02:00,ok,1.0,8.0,2.0,1.0,1.0,0.0,0.0,0.0,0.0,0.0,0.0,0.0,0.0,0.0,0.0,0.0,0.0,1.0,10.0,0.0,0.0,0.0,0.0,0.0,0.0,0.0,0.0,0.0,0.0,1.0,0,0,0,0,0,0,0,0,0.0,0.0,0.0,0.0,0.0,0.0,0.0,0.0,0.0,0.0,0.0,0.0,0.0,0.0,0.0,0.0,0.0,0.0,0.0,0.0,0.0,0.0,0.0,0.0,0.0,0.0,0.0,0.0,0.0,0.0,0.0,0.0,0.0,0.0,0.0,0.0,0.0,0.0,0.0,0.0,0.0,0.0,0.0,0.0,0.0,0.0,0.0,0.0,0.0,0.0,0.0,0.0,0.0,0.0,0.0,0.0,0.0,0.0,1.0,0.0,0.0,0.0,0.0,0.0,0.0,0.0,60.0,0.0,1.0,1.0,0.0,0.0,178,117.0,0.0,0,2.0755662360410884e-05,5.043468664972291e-05,none,-0.047,-0.0001,0.96971,none,0.179,0.0017,0.98474,none,0.508,0.2495,1,none,3.417,0.1792,0.9836,none,0,0,1,none,-2,-0.0063,1,none
f3f519458bb1399a324f3fba73b24bf373d09870,0f8ba7e11a9999f1b784008a5943cee32d40761c,2025-04-01T13:48:46+02:00,ok,1.0,10.0,8.0,1.0,1.0,0.0,0.0,0.0,0.0,0.0,0.0,0.0,0.0,0.0,0.0,0.0,0.0,1.0,18.0,0.0,0.0,0.0,0.0,0.0,0.0,0.0,0.0,0.0,0.0,1.0,0,0,0,0,0,0,0,0,0.0,0.0,0.0,0.0,0.0,0.0,0.0,0.0,0.0,0.0,0.0,0.0,0.0,0.0,0.0,0.0,0.0,0.0,0.0,0.0,0.0,0.0,0.0,0.0,0.0,0.0,0.0,0.0,0.0,0.0,0.0,0.0,0.0,0.0,0.0,0.0,0.0,0.0,0.0,0.0,0.0,0.0,0.0,0.0,0.0,0.0,0.0,0.0,0.0,0.0,0.0,0.0,0.0,0.0,0.0,0.0,0.0,0.0,1.0,0.0,0.0,0.0,0.0,0.0,0.0,0.0,54.0,0.0,1.0,6.0,0.0,0.0,-141,7.0,0.0,0,-1.6440941863080535e-05,3.0173077080573754e-06,none,-1.114,-0.0014,0.96971,none,14.092,0.1576,1,none,-1.213,-1,1,none,-1.447,-0.0978,0.9836,none,0,0,1,none,-1,-0.0031,1,none
c9186a6f0c029ac6a5edaf6216ca08ac5a069be7,f3f519458bb1399a324f3fba73b24bf373d09870,2025-04-01T13:49:19+02:00,ok,2.0,6.0,1.0,2.0,2.0,0.863120568566631,0.0,1.0,5.0,0.0,0.0,0.0,0.0,0.0,0.0,0.0,0.0,1.0,2.0,0.0,0.0,0.0,0.0,0.0,0.0,0.0,0.0,0.0,0.0,0.0,0,0,0,0,0,0,0,0,0.0,0.0,0.0,0.0,0.0,0.0,0.0,0.0,0.0,0.0,0.0,0.0,0.0,0.0,0.0,0.0,0.0,0.0,0.0,0.0,0.0,0.0,0.0,0.0,0.0,0.0,0.0,0.0,0.0,0.0,0.0,0.0,0.0,0.0,0.0,0.0,0.0,0.0,0.0,0.0,0.0,0.0,0.0,0.0,0.0,0.0,0.0,0.0,0.0,0.0,1.0,0.0,0.0,0.0,0.0,0.0,0.0,0.0,0.0,0.0,0.0,0.0,0.0,0.0,0.0,0.0,49.0,0.0,1.0,1.0,32.366030092592595,10.0,8923,-1.0,0.0,0,0.0010404605405077653,-4.3104265770557715e-07,none,39.885,0.0548,0.95873,none,0.941,0.0091,0.8604,none,2.635,0,1,none,3.258,0.1914,0.68481,none,0,0,1,none,0,0,1,none
f2de15385040034ffa044ad2f0a37990d1beedbc,c9186a6f0c029ac6a5edaf6216ca08ac5a069be7,2025-04-01T13:50:14+02:00,ok,1.0,1.0,1.0,1.0,1.0,0.0,0.0,0.0,0.0,0.0,0.0,0.0,0.0,0.0,0.0,0.0,0.0,1.0,2.0,0.0,0.0,0.0,0.0,0.0,0.0,0.0,0.0,0.0,0.0,1.0,0,0,0,0,0,0,0,0,0.0,0.0,0.0,0.0,0.0,0.0,0.0,0.0,0.0,0.0,0.0,0.0,0.0,0.0,0.0,0.0,0.0,0.0,0.0,0.0,0.0,0.0,0.0,0.0,0.0,0.0,0.0,0.0,0.0,0.0,0.0,0.0,0.0,0.0,0.0,0.0,0.0,0.0,0.0,0.0,0.0,0.0,0.0,0.0,0.0,0.0,0.0,0.0,0.0,0.0,0.0,0.0,0.0,0.0,0.0,0.0,0.0,0.0,0.0,0.0,0.0,0.0,0.0,1.0,0.0,0.0,58.0,0.0,1.0,0.0,0.0,0.0,-76,-6.0,0.0,0,-8.852719060241938e-06,-2.58625706102058e-06,none,39.665,0.0545,0.96971,none,2.284,0.0226,1,none,0,0,1,none,3.499,0.2397,0.9836,none,0,0,1,none,-1,-0.0031,1,none
b70003ec17ae9a0921e5d188548ba63b834dca03,f2de15385040034ffa044ad2f0a37990d1beedbc,2025-04-01T13:50:32+02:00,ok,1.0,13.0,10.0,1.0,1.0,0.0,0.0,0.0,0.0,0.0,0.0,0.0,0.0,0.0,0.0,0.0,0.0,1.0,23.0,0.0,0.0,0.0,0.0,0.0,0.0,0.0,0.0,0.0,0.0,1.0,0,0,0,0,0,0,0,0,0.0,0.0,0.0,0.0,0.0,0.0,0.0,0.0,0.0,0.0,0.0,0.0,0.0,0.0,0.0,0.0,0.0,0.0,0.0,0.0,0.0,0.0,0.0,0.0,0.0,0.0,0.0,0.0,0.0,0.0,0.0,0.0,0.0,0.0,0.0,0.0,0.0,0.0,0.0,0.0,0.0,0.0,0.0,0.0,0.0,0.0,0.0,0.0,0.0,0.0,0.0,0.0,0.0,0.0,0.0,0.0,0.0,0.0,1.0,0.0,0.0,0.0,0.0,0.0,0.0,0.0,84.0,0.0,1.0,0.0,0.0,0.0,165,113.0,0.0,0,1.9219889160646472e-05,4.8707967287211916e-05,none,0.563,0.0007,1,none,-1.968,-0.019,0.98474,none,-4.352,-1,1,none,3.626,0.231,0.9836,none,0,0,1,none,0,0,1,none
b68ab1fc9c3bf79e7c2d3a1124cd1fb240ab6955,b70003ec17ae9a0921e5d188548ba63b834dca03,2025-04-10T23:27:22-07:00,ok,1.0,2.0,6.0,1.0,1.0,0.0,0.0,0.0,0.0,0.0,0.0,0.0,0.0,0.0,0.0,0.0,0.0,1.0,8.0,0.0,0.0,0.0,0.0,0.0,0.0,0.0,0.0,0.0,0.0,1.0,0,0,0,0,0,0,0,0,0.0,0.0,0.0,0.0,0.0,0.0,0.0,0.0,0.0,0.0,0.0,0.0,0.0,0.0,0.0,0.0,0.0,0.0,0.0,0.0,0.0,0.0,0.0,0.0,0.0,0.0,0.0,0.0,0.0,0.0,0.0,0.0,0.0,0.0,0.0,0.0,0.0,0.0,0.0,0.0,0.0,0.0,0.0,0.0,0.0,0.0,0.0,0.0,0.0,0.0,0.0,0.0,0.0,0.0,0.0,0.0,0.0,0.0,1.0,0.0,0.0,0.0,0.0,0.0,0.0,0.0,32.0,0.0,1.0,17.0,0.0,0.0,28,-14.0,0.0,0,3.2614942629151096e-06,-6.0343214965806945e-06,none,-0.09,-0.0001,0.96971,none,-7.532,-0.0717,0.8604,none,4.606,2.213,1,none,9.309,0.1992,1,none,0,0,1,none,-5,-0.0152,1,none
e35e97c7635618a58b88f6f294dda028bb82168b,b68ab1fc9c3bf79e7c2d3a1124cd1fb240ab6955,2025-04-10T23:29:40-07:00,ok,1.0,107.0,107.0,1.0,1.0,0.0,0.0,0.0,0.0,0.0,0.0,0.0,0.0,0.0,0.0,0.0,0.0,1.0,214.0,0.0,0.0,0.0,0.0,0.0,0.0,0.0,0.0,0.0,0.0,1.0,0,0,0,0,0,0,0,0,0.0,0.0,0.0,0.0,0.0,0.0,0.0,0.0,0.0,0.0,0.0,0.0,0.0,0.0,0.0,0.0,0.0,0.0,0.0,0.0,0.0,0.0,0.0,0.0,0.0,0.0,0.0,0.0,0.0,0.0,0.0,0.0,0.0,0.0,0.0,0.0,0.0,0.0,0.0,0.0,0.0,0.0,0.0,0.0,0.0,0.0,0.0,0.0,0.0,0.0,0.0,0.0,0.0,0.0,0.0,0.0,0.0,0.0,1.0,0.0,0.0,0.0,0.0,0.0,0.0,0.0,46.0,0.0,1.0,0.0,0.0,0.0,56,32.0,0.0,0,6.522967251209952e-06,1.3792818079625939e-05,none,0.33,0.0004,1,none,11.808,0.123,0.98474,none,-0.581,-0.0976,1,none,-2.118,-0.0432,0.99244,none,0,0,1,none,17,0.0545,0.98645,none
2859a4562f7f01323110202c3bc9e68ea2f914e7,e35e97c7635618a58b88f6f294dda028bb82168b,2025-04-10T23:31:30-07:00,ok,1.0,12.0,0.0,1.0,1.0,0.0,0.0,0.0,0.0,0.0,0.0,0.0,0.0,0.0,0.0,0.0,0.0,1.0,12.0,0.0,0.0,0.0,0.0,0.0,0.0,0.0,0.0,0.0,0.0,1.0,0,0,0,0,0,0,0,0,0.0,0.0,0.0,0.0,0.0,0.0,0.0,0.0,0.0,0.0,0.0,0.0,0.0,0.0,0.0,0.0,0.0,0.0,0.0,0.0,0.0,0.0,0.0,0.0,0.0,0.0,0.0,0.0,0.0,0.0,0.0,0.0,0.0,0.0,0.0,0.0,0.0,0.0,0.0,0.0,0.0,0.0,0.0,0.0,0.0,0.0,0.0,0.0,0.0,0.0,0.0,0.0,0.0,0.0,0.0,0.0,0.0,0.0,1.0,0.0,0.0,0.0,0.0,0.0,0.0,0.0,57.0,0.0,1.0,1.0,0.0,0.0,343,186.0,0.0,0,3.995291380211263e-05,8.016964932243715e-05,none,-0.52,-0.0007,0.96971,none,-1.492,-0.0161,0.8604,none,-0.24,-0.2086,1,none,-5.353,-0.1137,0.9836,none,0,0,1,none,7,0.0223,1,none
c281d13cc68577a903ba9fa63320cdfaa656a97d,2859a4562f7f01323110202c3bc9e68ea2f914e7,2025-04-10T23:31:48-07:00,ok,1.0,1.0,1.0,1.0,1.0,0.0,0.0,1.0,2.0,0.0,0.0,0.0,0.0,0.0,0.0,0.0,0.0,0.0,0.0,0.0,0.0,0.0,0.0,0.0,0.0,0.0,0.0,0.0,0.0,0.0,0,0,0,0,0,0,0,0,0.0,0.0,0.0,0.0,0.0,0.0,0.0,0.0,0.0,0.0,0.0,0.0,0.0,0.0,0.0,0.0,0.0,0.0,0.0,0.0,0.0,0.0,0.0,0.0,0.0,0.0,0.0,0.0,0.0,0.0,0.0,0.0,0.0,0.0,0.0,0.0,0.0,0.0,0.0,0.0,0.0,0.0,0.0,0.0,0.0,0.0,0.0,0.0,0.0,0.0,0.0,1.0,0.0,0.0,0.0,0.0,0.0,0.0,0.0,0.0,0.0,0.0,0.0,0.0,0.0,0.0,68.0,0.0,1.0,0.0,9.779502314814815,10.0,-2004,0.0,0.0,0,-0.00023341819396982034,0.0,none,-0.343,-0.0004,0.96971,none,0.797,0.0078,0.98474,none,5.398,0,1,none,1.777,0.0404,0.9836,none,-0.107,-1,1,none,-2,-0.0062,0.98645,none
96ec3f9105bebeb285e764aa23e584f737ab1be4,c281d13cc68577a903ba9fa63320cdfaa656a97d,2025-04-10T23:39:50-07:00,ok,4.0,134.0,2.0,3.0,4.0,0.5107518283785973,0.0,1.0,29.0,0.0,0.0,0.0,0.0,0.0,0.0,0.0,0.0,0.0,0.0,0.0,0.0,0.0,0.0,1.0,1.0,1.0,101.0,1.0,5.0,0.0,0,0,0,0,1,0,0,0,2.0,1.0,0.0,0.0,0.0,0.0,0.0,0.0,0.0,0.0,0.0,0.0,0.0,0.0,0.0,0.0,0.0,0.0,0.0,0.0,0.0,0.0,0.0,0.0,0.0,0.0,0.0,0.0,0.0,0.0,0.0,0.0,0.0,0.0,0.0,0.0,0.0,0.0,0.0,0.0,0.0,0.0,0.0,0.0,0.0,0.0,0.0,0.0,0.0,0.0,1.0,0.0,0.0,0.0,0.0,0.0,0.0,0.0,0.0,0.0,0.0,0.0,0.0,0.0,0.0,0.0,67.0,0.0,1.0,0.0,359.9608526234568,13.0,1340461,0.0,0.0,96,0.1561681818896725,0.0,none,-0.442,-0.0006,0.96971,none,-17.089,-0.1647,0.8604,none,10.964,0,1,none,-1.858,-0.0523,0.9836,none,0,0,1,none,-1,-0.0031,1,none
7adfb64cf35de348a4c86a6eaf0f95053fa63838,96ec3f9105bebeb285e764aa23e584f737ab1be4,2025-04-16T14:24:37+05:30,ok,1.0,2.0,2.0,1.0,1.0,0.0,0.0,0.0,0.0,0.0,0.0,0.0,0.0,0.0,0.0,0.0,0.0,1.0,4.0,0.0,0.0,0.0,0.0,0.0,0.0,0.0,0.0,0.0,0.0,1.0,0,0,0,0,0,0,0,0,0.0,0.0,0.0,0.0,0.0,0.0,0.0,0.0,0.0,0.0,0.0,0.0,0.0,0.0,0.0,0.0,0.0,0.0,0.0,0.0,0.0,0.0,0.0,0.0,0.0,0.0,0.0,0.0,0.0,0.0,0.0,0.0,0.0,0.0,0.0,0.0,0.0,0.0,0.0,0.0,0.0,0.0,0.0,0.0,0.0,0.0,0.0,0.0,0.0,0.0,0.0,1.0,0.0,0.0,0.0,0.0,0.0,0.0,0.0,0.0,0.0,0.0,0.0,0.0,0.0,0.0,64.0,0.0,1.0,27.0,0.0,0.0,-62,-4.0,0.0,0,-6.247540031112749e-06,-1.7239402723653237e-06,none,0.595,0.0008,0.84151,none,0.634,0.0061,0.8604,none,6.987,41.342,1,none,4.829,0.138,0.9836,none,0,0,1,none,0,0,1,none
5a1e8c27b355548329a17e0d8c306b1736607ad9,7adfb64cf35de348a4c86a6eaf0f95053fa63838,2025-04-16T14:33:52+05:30,ok,1.0,1.0,1.0,1.0,1.0,0.0,0.0,0.0,0.0,0.0,0.0,0.0,0.0,0.0,0.0,0.0,0.0,1.0,2.0,0.0,0.0,0.0,0.0,0.0,0.0,0.0,0.0,0.0,0.0,1.0,0,0,0,0,0,0,0,0,0.0,0.0,0.0,0.0,0.0,0.0,0.0,0.0,0.0,0.0,0.0,0.0,0.0,0.0,0.0,0.0,0.0,0.0,0.0,0.0,0.0,0.0,0.0,0.0,0.0,0.0,0.0,0.0,0.0,0.0,0.0,0.0,0.0,0.0,0.0,0.0,0.0,0.0,0.0,0.0,0.0,0.0,0.0,0.0,0.0,0.0,0.0,0.0,0.0,0.0,0.0,0.0,0.0,0.0,1.0,0.0,0.0,0.0,0.0,0.0,0.0,0.0,0.0,0.0,0.0,0.0,60.0,0.0,1.0,0.0,0.0,0.0,-87,13.0,0.0,0,-8.766764169207014e-06,5.602815544106657e-06,none,39.026,0.0535,0.96971,none,-0.384,-0.0037,0.8604,none,0.017,0.0082,1,none,-2.989,-0.0764,0.9836,none,0,0,1,none,1,0.0032,0.98645,none
cfeabfbb64ff3e6ccd0dcf56947cadaf5986dace,5a1e8c27b355548329a17e0d8c306b1736607ad9,2025-04-25T17:44:28+05:30,ok,1.0,1.0,1.0,1.0,1.0,0.0,0.0,0.0,0.0,0.0,0.0,0.0,0.0,0.0,0.0,0.0,0.0,1.0,2.0,0.0,0.0,0.0,0.0,0.0,0.0,0.0,0.0,0.0,0.0,1.0,0,0,0,0,0,0,0,0,0.0,0.0,0.0,0.0,0.0,0.0,0.0,0.0,0.0,0.0,0.0,0.0,0.0,0.0,0.0,0.0,0.0,0.0,0.0,0.0,0.0,0.0,0.0,0.0,0.0,0.0,0.0,0.0,0.0,0.0,0.0,0.0,0.0,0.0,0.0,0.0,0.0,0.0,0.0,0.0,0.0,0.0,0.0,0.0,0.0,0.0,0.0,0.0,0.0,0.0,0.0,0.0,0.0,0.0,0.0,0.0,0.0,0.0,1.0,0.0,0.0,0.0,0.0,0.0,0.0,0.0,24.0,0.0,1.0,0.0,0.0,0.0,-142,0.0,0.0,0,-1.4309096847091278e-05,0.0,none,0.438,0.0006,0.95873,none,-0.072,-0.0007,0.98474,none,0.3,0,1,none,-3.575,-0.0932,0.9836,none,0,0,1,none,1,0.0031,1,none
854be522a9c75ecad05ded8e0fd22c94e32237ce,cfeabfbb64ff3e6ccd0dcf56947cadaf5986dace,2025-05-02T09:15:38-07:00,ok,1.0,1.0,1.0,1.0,1.0,0.0,0.0,0.0,0.0,0.0,0.0,0.0,0.0,0.0,0.0,0.0,0.0,1.0,2.0,0.0,0.0,0.0,0.0,0.0,0.0,0.0,0.0,0.0,0.0,1.0,0,0,0,0,0,0,0,0,0.0,0.0,0.0,0.0,0.0,0.0,0.0,0.0,0.0,0.0,0.0,0.0,0.0,0.0,0.0,0.0,0.0,0.0,0.0,0.0,0.0,0.0,0.0,0.0,0.0,0.0,0.0,0.0,0.0,0.0,0.0,0.0,0.0,0.0,0.0,0.0,0.0,0.0,0.0,0.0,0.0,0.0,0.0,0.0,0.0,0.0,0.0,0.0,0.0,0.0,0.0,0.0,0.0,0.0,0.0,0.0,0.0,0.0,1.0,0.0,0.0,0.0,0.0,0.0,0.0,0.0,50.0,0.0,1.0,0.0,0.0,0.0,101,8.0,0.0,0,1.017774268751861e-05,3.4478671709172403e-06,none,-38.652,-0.0503,0.96971,none,16.929,0.1964,0.98474,none,-1.209,-1,1,none,5.185,0.1708,0.9836,none,0,0,1,none,-14,-0.042,0.98645,none
0022e621dab105448ae4a3ea0f498e811166e9f4,854be522a9c75ecad05ded8e0fd22c94e32237ce,2025-05-07T21:40:38+02:00,ok,6.0,0.0,271.0,3.0,2.0,0.6682369172443512,0.0,3.0,203.0,1.0,1.0,1.0,65.0,0.0,0.0,0.0,0.0,1.0,2.0,0.0,0.0,0.0,0.0,0.0,0.0,0.0,0.0,0.0,0.0,0.0,0,0,0,0,0,0,0,0,0.0,1.0,0.0,0.0,0.0,0.0,0.0,1.0,0.0,2.0,0.0,3.0,0.0,4.0,0.0,0.0,0.0,0.0,0.0,0.0,0.0,6.0,0.0,0.0,0.0,0.0,0.0,0.0,0.0,0.0,0.0,0.0,0.0,0.0,0.0,4.0,0.0,0.0,0.0,0.0,0.0,0.0,0.0,0.0,0.0,0.0,0.0,0.0,0.0,0.0,0.0,1.0,0.0,0.0,0.0,0.0,0.0,0.0,0.0,0.0,0.0,0.0,0.0,0.0,0.0,0.0,37.0,0.0,1.0,204.0,880.6429629629631,15.0,-3220,-1647.0,0.0,0,-0.0003244752268202758,-0.0007098272064226648,none,0.585,0.0008,1,none,4.211,0.0438,0.98474,none,1.703,0,0.90416,none,1.045,0.0491,0.99244,none,0,0,1,none,-11,-0.0326,0.98645,none
988045599fae83e0d8d6f462d6f5681cef47e48b,0022e621dab105448ae4a3ea0f498e811166e9f4,2025-05-07T21:48:13+02:00,ok,1.0,1.0,1.0,1.0,1.0,0.0,0.0,0.0,0.0,0.0,0.0,0.0,0.0,0.0,0.0,0.0,0.0,1.0,2.0,0.0,0.0,0.0,0.0,0.0,0.0,0.0,0.0,0.0,0.0,1.0,0,0,0,0,0,0,0,0,0.0,0.0,0.0,0.0,0.0,0.0,0.0,0.0,0.0,0.0,0.0,0.0,0.0,0.0,0.0,0.0,0.0,0.0,0.0,0.0,0.0,0.0,0.0,0.0,0.0,0.0,0.0,0.0,0.0,0.0,0.0,0.0,0.0,0.0,0.0,0.0,0.0,0.0,0.0,0.0,0.0,0.0,0.0,0.0,0.0,0.0,0.0,0.0,0.0,0.0,0.0,0.0,0.0,0.0,0.0,0.0,0.0,0.0,0.0,0.0,0.0,0.0,0.0,1.0,0.0,0.0,49.0,0.0,1.0,0.0,0.0,0.0,223,-1.0,0.0,0,2.2478714773938724e-05,-4.312880503882455e-07,none,39.004,0.0535,0.96971,none,-6.342,-0.0629,0.8604,none,0,0,1,none,-1.203,-0.0636,1,none,0,0,1,none,4,0.0126,1,none
d1b3d3b89520fc4f450cc5dd5e41478826157ca3,988045599fae83e0d8d6f462d6f5681cef47e48b,2025-05-14T11:44:56-07:00,ok,1.0,1.0,1.0,1.0,1.0,0.0,0.0,0.0,0.0,0.0,0.0,0.0,0.0,0.0,0.0,0.0,0.0,1.0,2.0,0.0,0.0,0.0,0.0,0.0,0.0,0.0,0.0,0.0,0.0,1.0,0,0,0,0,0,0,0,0,0.0,0.0,0.0,0.0,0.0,0.0,0.0,0.0,0.0,0.0,0.0,0.0,0.0,0.0,0.0,0.0,0.0,0.0,0.0,0.0,0.0,0.0,0.0,0.0,0.0,0.0,0.0,0.0,0.0,0.0,0.0,0.0,0.0,0.0,0.0,0.0,0.0,0.0,0.0,0.0,0.0,0.0,0.0,0.0,0.0,0.0,0.0,0.0,0.0,0.0,0.0,0.0,0.0,0.0,0.0,0.0,0.0,0.0,1.0,0.0,0.0,0.0,0.0,0.0,0.0,0.0,63.0,0.0,1.0,6.0,0.0,0.0,120,0.0,0.0,0,1.2095897484849637e-05,0.0,none,39.782,0.0547,1,none,-0.316,-0.0033,0.98474,none,36.135,30.598,1,none,-1.57,-0.073,0.99244,none,0,0,1,none,7,0.0224,0.98645,none
7d7d50ede8b5ef49791625021b28590e0ef2b76a,d1b3d3b89520fc4f450cc5dd5e41478826157ca3,2025-05-15T06:32:56-07:00,ok,1.0,1.0,1.0,1.0,1.0,0.0,0.0,1.0,2.0,0.0,0.0,0.0,0.0,0.0,0.0,0.0,0.0,0.0,0.0,0.0,0.0,0.0,0.0,0.0,0.0,0.0,0.0,0.0,0.0,0.0,0,0,0,0,0,0,0,0,0.0,0.0,0.0,0.0,0.0,0.0,0.0,0.0,0.0,0.0,0.0,0.0,0.0,0.0,0.0,0.0,0.0,0.0,0.0,0.0,0.0,0.0,0.0,0.0,0.0,0.0,0.0,0.0,0.0,0.0,0.0,0.0,0.0,0.0,0.0,0.0,0.0,0.0,0.0,0.0,0.0,0.0,0.0,0.0,0.0,0.0,0.0,0.0,0.0,0.0,0.0,0.0,0.0,0.0,0.0,0.0,0.0,0.0,1.0,0.0,0.0,0.0,0.0,0.0,0.0,0.0,53.0,0.0,1.0,0.0,1338.4143171296296,1.0,1,-3.0,0.0,0,1.0079792646569508e-07,-1.2938647091931244e-06,none,-0.086,-0.0001,0.96971,none,-8.73,-0.0847,0.92551,none,1.146,0.4228,1,none,2.653,0.1212,1,none,0,0,1,none,14,0.0439,1,none
0e5f89fa1004e48d499fe752008e26bac3a55bca,7d7d50ede8b5ef49791625021b28590e0ef2b76a,2025-05-28T10:42:26-07:00,ok,1.0,1.0,1.0,1.0,1.0,0.0,0.0,0.0,0.0,0.0,0.0,0.0,0.0,0.0,0.0,0.0,0.0,1.0,2.0,0.0,0.0,0.0,0.0,0.0,0.0,0.0,0.0,0.0,0.0,1.0,0,0,0,0,0,0,0,0,0.0,0.0,0.0,0.0,0.0,0.0,0.0,0.0,0.0,0.0,0.0,0.0,0.0,0.0,0.0,0.0,0.0,0.0,0.0,0.0,0.0,0.0,0.0,0.0,0.0,0.0,0.0,0.0,0.0,0.0,0.0,0.0,0.0,0.0,0.0,0.0,0.0,0.0,0.0,0.0,0.0,0.0,0.0,0.0,0.0,0.0,0.0,0.0,0.0,0.0,0.0,0.0,0.0,0.0,0.0,0.0,0.0,0.0,1.0,0.0,0.0,0.0,0.0,0.0,0.0,0.0,50.0,0.0,1.0,0.0,0.0,0.0,302,2.0,0.0,0,3.0440970724253187e-05,8.625775888541174e-07,none,-0.474,-0.0006,0.96971,none,-4.727,-0.0457,0.8604,none,-4.149,-0.9807,1,none,-6.575,-0.3235,0.9836,none,0,0,1,none,-1,-0.0031,0.98645,none
0b6356439afff5daa2c873f339f6c5ae37d60abe,0e5f89fa1004e48d499fe752008e26bac3a55bca,2025-05-28T16:33:42-07:00,ok,6.0,77.0,0.0,5.0,2.0,0.5097746523005351,0.0,1.0,59.0,0.0,0.0,0.0,0.0,0.0,0.0,0.0,0.0,5.0,18.0,0.0,0.0,0.0,0.0,0.0,0.0,0.0,0.0,0.0,0.0,0.0,0,0,0,0,0,0,0,0,0.0,0.0,0.0,0.0,0.0,0.0,0.0,0.0,0.0,0.0,0.0,0.0,0.0,0.0,0.0,0.0,0.0,0.0,0.0,0.0,0.0,0.0,0.0,0.0,0.0,0.0,0.0,0.0,0.0,0.0,0.0,0.0,0.0,0.0,0.0,0.0,0.0,0.0,0.0,0.0,0.0,0.0,0.0,0.0,18.0,0.0,0.0,0.0,0.0,0.0,0.0,0.0,0.0,0.0,0.0,0.0,0.0,0.0,0.0,0.0,0.0,0.0,0.0,1.0,0.0,0.0,81.0,0.0,1.0,0.0,0.0,0.0,3153,1922.0,0.0,0,0.0003178061557832758,0.0008289363478668906,none,0.43,0.0006,0.96971,none,3.328,0.0334,0.98474,none,4.054,3.4856,1,none,-3.344,-0.1778,1,none,0,0,1,none,-16,-0.0479,1,none
54d0d235ba1cff658d3370372125fd9a6f88df57,0b6356439afff5daa2c873f339f6c5ae37d60abe,2025-05-29T00:14:04-07:00,ok,2.0,3.0,1.0,2.0,1.0,1.0,0.0,2.0,4.0,0.0,0.0,0.0,0.0,0.0,0.0,0.0,0.0,0.0,0.0,0.0,0.0,0.0,0.0,0.0,0.0,0.0,0.0,0.0,0.0,0.0,0,0,0,0,0,0,0,0,1.0,0.0,0.0,0.0,0.0,0.0,0.0,0.0,0.0,0.0,0.0,0.0,0.0,0.0,0.0,0.0,0.0,0.0,0.0,0.0,0.0,0.0,0.0,0.0,0.0,0.0,0.0,0.0,0.0,0.0,0.0,0.0,0.0,0.0,0.0,0.0,0.0,0.0,0.0,0.0,0.0,0.0,0.0,0.0,0.0,0.0,0.0,0.0,0.0,0.0,0.0,0.0,0.0,0.0,0.0,0.0,0.0,0.0,0.0,0.0,0.0,0.0,0.0,1.0,0.0,0.0,70.0,0.0,1.0,1.0,33.7854050925926,9.0,1709,164.0,41.0,0,0.0001722036678675916,7.067271808997499e-05,none,39.718,0.0546,0.96971,none,-0.069,-0.0007,1,none,0.412,0.1693,1,none,0.945,0.0517,0.9836,none,0,0,1,none,1,0.0032,0.98645,none
fcee6236c1e2c3ecf0cc85945eb1db120f43af10,54d0d235ba1cff658d3370372125fd9a6f88df57,2025-05-29T15:15:19+08:00,ok,3.0,17.0,83.0,3.0,2.0,0.30422119765160494,0.0,3.0,100.0,0.0,0.0,0.0,0.0,0.0,0.0,0.0,0.0,0.0,0.0,0.0,0.0,0.0,0.0,0.0,0.0,0.0,0.0,0.0,0.0,0.0,0,0,0,0,0,0,0,0,0.0,1.0,0.0,0.0,0.0,0.0,0.0,0.0,0.0,0.0,0.0,0.0,0.0,0.0,0.0,0.0,0.0,0.0,0.0,0.0,0.0,0.0,0.0,0.0,0.0,0.0,0.0,0.0,0.0,0.0,0.0,0.0,0.0,0.0,0.0,0.0,0.0,0.0,0.0,0.0,0.0,0.0,0.0,0.0,1.0,9.0,0.0,0.0,0.0,0.0,0.0,0.0,0.0,0.0,0.0,0.0,0.0,0.0,0.0,0.0,0.0,0.0,0.0,1.0,0.0,0.0,25.0,0.0,1.0,36.0,44.83494212962963,10.0,-42850,-405.0,-267.0,0,-0.004316943656279002,-0.0001745148057499397,none,-39.1,-0.0509,0.84151,none,-17.375,-0.1681,0.8604,none,-2.442,-0.8727,1,none,-2.778,-0.1419,0.9836,none,0,0,1,none,0,0,1,none
4e0fa3e29102ef5bb6d96d1334452b503985bce0,fcee6236c1e2c3ecf0cc85945eb1db120f43af10,2025-06-10T12:50:33+02:00,ok,1.0,8.0,1.0,1.0,1.0,0.0,0.0,0.0,0.0,0.0,0.0,0.0,0.0,0.0,0.0,0.0,0.0,1.0,9.0,0.0,0.0,0.0,0.0,0.0,0.0,0.0,0.0,0.0,0.0,1.0,0,0,0,0,0,0,0,0,0.0,0.0,0.0,0.0,0.0,0.0,0.0,0.0,0.0,0.0,0.0,0.0,0.0,0.0,0.0,0.0,0.0,0.0,0.0,0.0,0.0,0.0,0.0,0.0,0.0,0.0,0.0,0.0,0.0,0.0,0.0,0.0,0.0,0.0,0.0,0.0,0.0,0.0,0.0,0.0,0.0,0.0,0.0,0.0,0.0,0.0,0.0,0.0,0.0,0.0,0.0,0.0,0.0,0.0,0.0,0.0,0.0,0.0,1.0,0.0,0.0,0.0,0.0,0.0,0.0,0.0,75.0,0.0,1.0,0.0,0.0,0.0,269,21.0,0.0,0,2.7218031814540175e-05,9.050495299129643e-06,none,39.494,0.0542,0.95873,none,0.127,0.0015,1,none,-1.285,-0.2706,1,none,2.513,0.134,0.9836,none,0.107,0,1,none,16,0.0503,0.98645,none
ef5373469541ad01aedbc91ab491e32e96c3a635,4e0fa3e29102ef5bb6d96d1334452b503985bce0,2025-06-10T12:50:42+02:00,ok,1.0,118.0,103.0,1.0,1.0,0.0,0.0,0.0,0.0,0.0,0.0,0.0,0.0,0.0,0.0,0.0,0.0,0.0,0.0,0.0,0.0,0.0,0.0,0.0,0.0,1.0,221.0,0.0,0.0,0.0,0,0,0,0,0,0,0,0,0.0,0.0,0.0,0.0,0.0,0.0,0.0,0.0,0.0,0.0,0.0,0.0,0.0,0.0,0.0,0.0,0.0,0.0,0.0,0.0,0.0,0.0,0.0,0.0,0.0,0.0,0.0,0.0,0.0,0.0,0.0,0.0,0.0,0.0,0.0,0.0,0.0,0.0,0.0,0.0,0.0,0.0,0.0,0.0,0.0,0.0,0.0,0.0,0.0,0.0,0.0,0.0,0.0,0.0,0.0,0.0,1.0,0.0,0.0,0.0,0.0,0.0,0.0,0.0,0.0,1.0,51.0,0.0,1.0,81.0,0.0,0.0,-4829,-5767.0,4.0,0,-0.0004885959044756053,-0.0024854159052826834,none,-39.157,-0.051,0.96971,none,-1.479,-0.0171,0.8604,none,0.529,0.165,1,none,0.689,0.0303,1,none,0,0,1,none,-1,-0.0031,1,none
c80de28a4af9030e4d0342bb68a33c18fc16b907,ef5373469541ad01aedbc91ab491e32e96c3a635,2025-06-10T12:52:46+02:00,ok,1.0,4.0,0.0,1.0,1.0,0.0,0.0,0.0,0.0,0.0,0.0,0.0,0.0,0.0,0.0,0.0,0.0,1.0,4.0,0.0,0.0,0.0,0.0,0.0,0.0,0.0,0.0,0.0,0.0,1.0,0,0,0,0,0,0,0,0,0.0,0.0,0.0,0.0,0.0,0.0,0.0,0.0,0.0,0.0,0.0,0.0,0.0,0.0,0.0,0.0,0.0,0.0,0.0,0.0,0.0,0.0,0.0,0.0,0.0,0.0,0.0,0.0,0.0,0.0,0.0,0.0,0.0,0.0,0.0,0.0,0.0,0.0,0.0,0.0,0.0,0.0,0.0,0.0,0.0,0.0,0.0,0.0,0.0,0.0,0.0,0.0,0.0,0.0,0.0,0.0,0.0,0.0,1.0,0.0,0.0,0.0,0.0,0.0,0.0,0.0,79.0,0.0,1.0,0.0,0.0,0.0,674,141.0,0.0,0,6.822833289838614e-05,6.091846905406579e-05,none,-39.655,-0.0517,0.84151,none,17.072,0.1986,0.8604,none,-2.054,-0.4962,1,none,5.781,0.317,0.68481,none,0,0,1,none,0,0,1,none
dbbb83310bf3881a3ac5598a4846049d02de9cc0,c80de28a4af9030e4d0342bb68a33c18fc16b907,2025-06-26T06:14:22-07:00,ok,1.0,1.0,1.0,1.0,1.0,0.0,0.0,0.0,0.0,0.0,0.0,0.0,0.0,0.0,0.0,0.0,0.0,1.0,2.0,0.0,0.0,0.0,0.0,0.0,0.0,0.0,0.0,0.0,0.0,1.0,0,0,0,0,0,0,0,0,0.0,0.0,0.0,0.0,0.0,0.0,0.0,0.0,0.0,0.0,0.0,0.0,0.0,0.0,0.0,0.0,0.0,0.0,0.0,0.0,0.0,0.0,0.0,0.0,0.0,0.0,0.0,0.0,0.0,0.0,0.0,0.0,0.0,0.0,0.0,0.0,0.0,0.0,0.0,0.0,0.0,0.0,0.0,0.0,0.0,0.0,0.0,0.0,0.0,0.0,0.0,0.0,0.0,0.0,0.0,0.0,0.0,0.0,1.0,0.0,0.0,0.0,0.0,0.0,0.0,0.0,27.0,0.0,1.0,5.0,0.0,0.0,94,1.0,0.0,0,9.51487498871374e-06,4.3201956184576036e-07,none,0.001,0,0.96971,none,-0.897,-0.0103,0.8604,none,-19.022,-0.6263,1,none,-4.367,-0.2225,0.9836,none,0,0,1,none,0,0,1,none
a3c31debcb81a93806eee63c882ba7ec0c8bc15d,dbbb83310bf3881a3ac5598a4846049d02de9cc0,2025-06-27T07:27:23-07:00,ok,15.0,349.0,178.0,10.0,7.0,0.6238464764704945,0.0,2.0,11.0,2.0,17.0,0.0,0.0,0.0,0.0,0.0,0.0,9.0,281.0,0.0,0.0,0.0,0.0,1.0,1.0,1.0,217.0,0.0,0.0,0.0,0,0,0,0,1,0,0,0,3.0,0.0,0.0,0.0,0.0,0.0,0.0,0.0,0.0,0.0,0.0,0.0,0.0,0.0,0.0,0.0,0.0,0.0,0.0,0.0,0.0,0.0,0.0,0.0,0.0,0.0,0.0,0.0,0.0,0.0,0.0,0.0,0.0,0.0,0.0,0.0,0.0,0.0,0.0,0.0,0.0,0.0,0.0,0.0,0.0,0.0,0.0,0.0,0.0,0.0,1.0,0.0,0.0,0.0,0.0,0.0,0.0,0.0,0.0,0.0,0.0,0.0,0.0,0.0,0.0,0.0,45.0,0.0,1.0,0.0,171.71604166666665,23.0,14364,-2225.0,16701.0,0,0.0014539400418771982,-0.0009612431098309897,none,-34.691,-0.0452,0.96971,none,-2.884,-0.0323,0.98474,none,-10.464,-1,0.23968,none,7.894,0.4007,0.9836,none,0,0,1,none,-17,-0.0507,0.98645,none
7648af482716e9f6bb9a856135231e58a95a3ae8,9a3038b6a5a0a9b693a1241d0fb4c2368f22903c,2025-07-09T07:15:55Z,ok,1.0,4.0,4.0,1.0,1.0,0.0,0.0,0.0,0.0,0.0,0.0,0.0,0.0,0.0,0.0,0.0,0.0,0.0,0.0,0.0,0.0,0.0,0.0,0.0,0.0,1.0,8.0,0.0,0.0,0.0,0,0,0,0,0,0,0,0,0.0,0.0,0.0,0.0,0.0,0.0,0.0,0.0,0.0,0.0,0.0,0.0,0.0,0.0,0.0,0.0,0.0,0.0,0.0,0.0,0.0,0.0,0.0,0.0,0.0,0.0,0.0,0.0,0.0,0.0,0.0,0.0,0.0,0.0,0.0,0.0,0.0,0.0,0.0,0.0,0.0,0.0,0.0,0.0,0.0,0.0,0.0,0.0,0.0,0.0,0.0,0.0,0.0,0.0,0.0,0.0,1.0,0.0,0.0,0.0,0.0,0.0,0.0,0.0,0.0,1.0,47.0,0.0,1.0,82.0,0.0,0.0,-5990,-5470.0,62.0,0,-0.0006053380712069583,-0.0023649544022091356,none,-1.187,-0.0015,0.84151,none,2.265,0.0223,0.92551,none,0,0,1,none,1.166,0.045,0.9836,none,0,0,1,none,2,0.0063,1,none
c3a649dbae505b5adf474be9bd4918ab3cff2f5f,7648af482716e9f6bb9a856135231e58a95a3ae8,2025-07-09T07:15:58Z,ok,1.0,92.0,133.0,1.0,1.0,0.0,0.0,0.0,0.0,0.0,0.0,0.0,0.0,0.0,0.0,0.0,0.0,0.0,0.0,0.0,0.0,0.0,0.0,0.0,0.0,1.0,225.0,0.0,0.0,0.0,0,0,0,0,0,0,0,0,0.0,0.0,0.0,0.0,0.0,0.0,0.0,0.0,0.0,0.0,0.0,0.0,0.0,0.0,0.0,0.0,0.0,0.0,0.0,0.0,0.0,0.0,0.0,0.0,0.0,0.0,0.0,0.0,0.0,0.0,0.0,0.0,0.0,0.0,0.0,0.0,0.0,0.0,0.0,0.0,0.0,0.0,0.0,0.0,0.0,0.0,0.0,0.0,0.0,0.0,0.0,0.0,0.0,0.0,0.0,0.0,1.0,0.0,0.0,0.0,0.0,0.0,0.0,0.0,0.0,1.0,43.0,0.0,1.0,83.0,0.0,0.0,1220,928.0,0.0,0,0.00012336557050964239,0.0004021719016186986,none,-27.718,-0.0357,0.96971,none,-0.236,-0.0027,0.98474,none,0,0,1,none,-1.917,-0.0773,1,none,0.107,0,1,none,-18,-0.0536,0.98645,none
9a3038b6a5a0a9b693a1241d0fb4c2368f22903c,a3c31debcb81a93806eee63c882ba7ec0c8bc15d,2025-07-09T12:44:42+05:30,ok,14.0,91.0,125.0,10.0,4.0,0.883860264964087,0.0,0.0,0.0,0.0,0.0,0.0,0.0,0.0,0.0,0.0,0.0,14.0,216.0,0.0,0.0,0.0,0.0,0.0,0.0,0.0,0.0,0.0,0.0,1.0,0,0,0,0,0,0,0,0,0.0,0.0,0.0,0.0,0.0,0.0,0.0,0.0,0.0,0.0,0.0,0.0,0.0,0.0,0.0,0.0,0.0,0.0,0.0,0.0,0.0,0.0,0.0,0.0,0.0,0.0,0.0,0.0,0.0,0.0,0.0,0.0,0.0,0.0,0.0,0.0,0.0,0.0,0.0,0.0,0.0,0.0,0.0,0.0,0.0,0.0,0.0,0.0,0.0,0.0,1.0,0.0,0.0,0.0,0.0,0.0,0.0,0.0,0.0,0.0,0.0,0.0,0.0,0.0,0.0,0.0,61.0,0.0,1.0,28.0,0.0,0.0,1571,455.0,342.0,0,0.00015878749825899767,0.00019675794794000916,none,40.309,0.0525,0.96971,none,1.454,0.017,0.8604,none,0,0,1,none,7.448,0.3184,0.9836,none,0,0,1,none,15,0.0472,1,none
328948b91996c353d5f41570336c620f0bdb3871,c3a649dbae505b5adf474be9bd4918ab3cff2f5f,2025-07-09T12:47:01+05:30,ok,1.0,1.0,1.0,1.0,1.0,0.0,0.0,0.0,0.0,0.0,0.0,0.0,0.0,0.0,0.0,0.0,0.0,0.0,0.0,0.0,0.0,1.0,2.0,0.0,0.0,0.0,0.0,0.0,0.0,0.0,0,0,0,0,0,0,0,0,0.0,0.0,0.0,0.0,0.0,0.0,0.0,0.0,0.0,0.0,0.0,0.0,0.0,0.0,0.0,0.0,0.0,0.0,0.0,0.0,0.0,0.0,0.0,0.0,0.0,0.0,0.0,0.0,0.0,0.0,0.0,0.0,0.0,0.0,0.0,0.0,0.0,0.0,0.0,0.0,0.0,0.0,0.0,0.0,0.0,0.0,0.0,0.0,0.0,0.0,0.0,0.0,0.0,0.0,0.0,0.0,0.0,0.0,1.0,0.0,0.0,0.0,0.0,0.0,0.0,0.0,67.0,0.0,1.0,0.0,111.32106481481482,12.0,-261,-11.0,0.0,0,-2.6388887063348596e-05,-4.765207401320136e-06,none,-32.924,-0.0429,0.95873,none,-2.572,-0.0292,0.8604,none,0,0,1,none,3.135,0.1242,0.9836,none,0,0,1,none,-2,-0.0063,0.98645,none
81d3626c5f30e64541d8979baaf900e9a9d054b0,328948b91996c353d5f41570336c620f0bdb3871,2025-07-15T11:22:29-07:00,ok,1.0,4.0,0.0,1.0,1.0,0.0,0.0,0.0,0.0,0.0,0.0,0.0,0.0,0.0,0.0,0.0,0.0,1.0,4.0,0.0,0.0,0.0,0.0,0.0,0.0,0.0,0.0,0.0,0.0,1.0,0,0,0,0,0,0,0,0,0.0,0.0,0.0,0.0,0.0,0.0,0.0,0.0,0.0,0.0,0.0,0.0,0.0,0.0,0.0,0.0,0.0,0.0,0.0,0.0,0.0,0.0,0.0,0.0,0.0,0.0,0.0,0.0,0.0,0.0,0.0,0.0,0.0,0.0,0.0,0.0,0.0,0.0,0.0,0.0,0.0,0.0,0.0,0.0,0.0,0.0,0.0,0.0,0.0,0.0,0.0,0.0,0.0,0.0,0.0,0.0,0.0,0.0,1.0,0.0,0.0,0.0,0.0,0.0,0.0,0.0,55.0,0.0,1.0,84.0,0.0,0.0,932,128.0,0.0,0,9.42340681231425e-05,5.5449950354966323e-05,none,-2.707,-0.0037,0.96971,none,-0.664,-0.0077,0.98474,none,0,0,1,none,5.115,0.2307,1,none,0,0,1,none,0,0,1,none
ce81e35610eaacb795db37f8eeac9b9d82045cd8,81d3626c5f30e64541d8979baaf900e9a9d054b0,2025-07-17T05:53:49-07:00,ok,3.0,166.0,25.0,3.0,2.0,0.18470662026053883,0.0,3.0,191.0,0.0,0.0,0.0,0.0,0.0,0.0,0.0,0.0,0.0,0.0,0.0,0.0,0.0,0.0,0.0,0.0,0.0,0.0,0.0,0.0,0.0,0,0,0,0,0,0,0,0,1.0,0.0,0.0,0.0,0.0,0.0,0.0,0.0,0.0,0.0,0.0,0.0,0.0,0.0,0.0,0.0,0.0,0.0,0.0,0.0,0.0,0.0,0.0,0.0,0.0,0.0,0.0,0.0,0.0,0.0,0.0,0.0,0.0,0.0,0.0,0.0,0.0,0.0,0.0,0.0,3.0,0.0,0.0,0.0,31.0,2.0,6.0,0.0,0.0,0.0,0.0,0.0,0.0,0.0,1.0,0.0,0.0,0.0,0.0,0.0,0.0,0.0,0.0,0.0,0.0,0.0,37.0,0.0,1.0,2.0,39.46838734567901,11.0,172268,1504.0,545.0,0,0.017416292748360714,0.000651500790984338,regression,225.363,0.3072,0.00004,regression,-1.98,-0.0227,0.80046,none,0,0,1,none,0.878,0.0359,0.9836,none,0,0,1,none,161,0.5063,0.0005,regression
098dce7261d25ec1c20c8c8ddf5be09577f97c58,ce81e35610eaacb795db37f8eeac9b9d82045cd8,2025-07-22T09:32:33+02:00,ok,1.0,1.0,1.0,1.0,1.0,0.0,0.0,0.0,0.0,0.0,0.0,0.0,0.0,0.0,0.0,0.0,0.0,1.0,2.0,0.0,0.0,0.0,0.0,0.0,0.0,0.0,0.0,0.0,0.0,1.0,0,0,0,0,0,0,0,0,0.0,0.0,0.0,0.0,0.0,0.0,0.0,0.0,0.0,0.0,0.0,0.0,0.0,0.0,0.0,0.0,0.0,0.0,0.0,0.0,0.0,0.0,0.0,0.0,0.0,0.0,0.0,0.0,0.0,0.0,0.0,0.0,0.0,0.0,0.0,0.0,0.0,0.0,0.0,0.0,0.0,0.0,0.0,0.0,0.0,0.0,0.0,0.0,0.0,0.0,0.0,0.0,0.0,0.0,0.0,0.0,0.0,0.0,0.0,0.0,0.0,0.0,0.0,1.0,0.0,0.0,44.0,0.0,1.0,1.0,0.0,0.0,43,9.0,-1.0,0,4.272881728819872e-06,3.896070163894685e-06,none,50.99,0.0555,0.07184,none,-0.529,-0.0061,0.86801,none,0,0,1,none,-2.15,-0.0857,0.9836,none,0,0,1,none,-1,-0.0022,0.98645,none
6ca6619f81a2038adee9cac845b56cead161c104,098dce7261d25ec1c20c8c8ddf5be09577f97c58,2025-07-22T09:36:31+02:00,ok,1.0,4.0,4.0,1.0,1.0,0.0,0.0,0.0,0.0,0.0,0.0,0.0,0.0,0.0,0.0,0.0,0.0,0.0,0.0,0.0,0.0,0.0,0.0,0.0,0.0,1.0,8.0,0.0,0.0,0.0,0,0,0,0,0,0,0,0,0.0,0.0,0.0,0.0,0.0,0.0,0.0,0.0,0.0,0.0,0.0,0.0,0.0,0.0,0.0,0.0,0.0,0.0,0.0,0.0,0.0,0.0,0.0,0.0,0.0,0.0,0.0,0.0,0.0,0.0,0.0,0.0,0.0,0.0,0.0,0.0,0.0,0.0,0.0,0.0,0.0,0.0,0.0,0.0,0.0,0.0,0.0,0.0,0.0,0.0,0.0,0.0,0.0,0.0,0.0,0.0,1.0,0.0,0.0,0.0,0.0,0.0,0.0,0.0,0.0,1.0,55.0,0.0,1.0,84.0,0.0,0.0,219,246.0,3.0,0,2.1761793028654318e-05,0.00010649216957882347,none,1.848,0.0019,0.96971,none,0.07,0.0008,0.98474,none,0,0,1,none,-4.834,-0.2007,0.9836,none,0,0,1,none,1,0.0022,0.37446,none
549b33047167d679caa44202b2a9f3e0c7ae1873,6ca6619f81a2038adee9cac845b56cead161c104,2025-08-07T10:31:02-07:00,ok,1.0,1.0,1.0,1.0,1.0,0.0,0.0,0.0,0.0,0.0,0.0,0.0,0.0,0.0,0.0,0.0,0.0,1.0,2.0,0.0,0.0,0.0,0.0,0.0,0.0,0.0,0.0,0.0,0.0,1.0,0,0,0,0,0,0,0,0,0.0,0.0,0.0,0.0,0.0,0.0,0.0,0.0,0.0,0.0,0.0,0.0,0.0,0.0,0.0,0.0,0.0,0.0,0.0,0.0,0.0,0.0,0.0,0.0,0.0,0.0,0.0,0.0,0.0,0.0,0.0,0.0,0.0,0.0,0.0,0.0,0.0,0.0,0.0,0.0,0.0,0.0,0.0,0.0,0.0,0.0,0.0,0.0,0.0,0.0,0.0,0.0,0.0,0.0,0.0,0.0,0.0,0.0,1.0,0.0,0.0,0.0,0.0,0.0,0.0,0.0,61.0,0.0,1.0,0.0,0.0,0.0,-597,-15.0,0.0,0,-5.9321953057554815e-05,-6.49273354903637e-06,none,7.816,0.0081,0.96971,none,0.153,0.0018,0.98474,none,0,0,1,none,-0.049,-0.0027,0.99244,none,0,0,1,none,-1,-0.0022,0.98645,none
b67757e2d56f900d807672441a04ad91083d3939,549b33047167d679caa44202b2a9f3e0c7ae1873,2025-08-14T08:10:13-07:00,ok,1.0,1.0,1.0,1.0,1.0,0.0,0.0,0.0,0.0,0.0,0.0,0.0,0.0,0.0,0.0,0.0,0.0,1.0,2.0,0.0,0.0,0.0,0.0,0.0,0.0,0.0,0.0,0.0,0.0,1.0,0,0,0,0,0,0,0,0,0.0,0.0,0.0,0.0,0.0,0.0,0.0,0.0,0.0,0.0,0.0,0.0,0.0,0.0,0.0,0.0,0.0,0.0,0.0,0.0,0.0,0.0,0.0,0.0,0.0,0.0,0.0,0.0,0.0,0.0,0.0,0.0,0.0,0.0,0.0,0.0,0.0,0.0,0.0,0.0,0.0,0.0,0.0,0.0,0.0,0.0,0.0,0.0,0.0,0.0,0.0,0.0,0.0,0.0,0.0,0.0,0.0,0.0,1.0,0.0,0.0,0.0,0.0,0.0,0.0,0.0,46.0,0.0,1.0,0.0,0.0,0.0,550,4.0,2.0,0,5.4654957786001194e-05,1.7314068546397374e-06,none,-14.859,-0.0154,0.96971,none,-0.133,-0.0016,1,none,0,0,1,none,4.079,0.2396,0.99244,none,0,0,1,none,-16,-0.0335,1,none
21003878f0678162a4e328be9839915cd780a49d,b67757e2d56f900d807672441a04ad91083d3939,2025-08-14T08:17:04-07:00,ok,1.0,19.0,4.0,1.0,1.0,0.0,0.0,0.0,0.0,0.0,0.0,0.0,0.0,0.0,0.0,0.0,0.0,1.0,23.0,0.0,0.0,0.0,0.0,0.0,0.0,0.0,0.0,0.0,0.0,1.0,0,0,0,0,0,0,0,0,0.0,0.0,0.0,0.0,0.0,0.0,0.0,0.0,0.0,0.0,0.0,0.0,0.0,0.0,0.0,0.0,0.0,0.0,0.0,0.0,0.0,0.0,0.0,0.0,0.0,0.0,0.0,0.0,0.0,0.0,0.0,0.0,0.0,0.0,0.0,0.0,0.0,0.0,0.0,0.0,0.0,0.0,0.0,0.0,0.0,0.0,0.0,0.0,0.0,0.0,0.0,0.0,0.0,0.0,0.0,0.0,0.0,0.0,1.0,0.0,0.0,0.0,0.0,0.0,0.0,0.0,68.0,0.0,1.0,1.0,0.0,0.0,2090,562.0,-2.0,0,0.00020767748898241112,0.00024326224189097004,none,12.423,0.013,0.95873,none,0.628,0.0074,0.98474,none,0,0,1,none,-2.214,-0.0891,0.9836,none,0,0,1,none,-1,-0.0022,1,none
d4527e03df68dc07e071aa61f8b9703a74300e29,21003878f0678162a4e328be9839915cd780a49d,2025-08-21T07:26:23-07:00,ok,1.0,1.0,1.0,1.0,1.0,0.0,0.0,0.0,0.0,0.0,0.0,0.0,0.0,0.0,0.0,0.0,0.0,1.0,2.0,0.0,0.0,0.0,0.0,0.0,0.0,0.0,0.0,0.0,0.0,1.0,0,0,0,0,0,0,0,0,0.0,0.0,0.0,0.0,0.0,0.0,0.0,0.0,0.0,0.0,0.0,0.0,0.0,0.0,0.0,0.0,0.0,0.0,0.0,0.0,0.0,0.0,0.0,0.0,0.0,0.0,0.0,0.0,0.0,0.0,0.0,0.0,0.0,0.0,0.0,0.0,0.0,0.0,0.0,0.0,0.0,0.0,0.0,0.0,0.0,0.0,0.0,0.0,0.0,0.0,0.0,0.0,0.0,0.0,0.0,0.0,0.0,0.0,1.0,0.0,0.0,0.0,0.0,0.0,0.0,0.0,70.0,0.0,1.0,0.0,0.0,0.0,25,65.0,0.0,0,2.4836646889741483e-06,2.8128470079530005e-05,none,5.982,0.0064,0.96971,none,-0.322,-0.0038,0.98474,none,0,0,1,none,-3.244,-0.1569,1,none,0,0,1,none,1,0.0022,1,none
bd7378a41171268ab244b869c9fcce5d337fd6ed,694478fb806b4ab0618020b52723c660895b3fc5,2025-08-25T01:59:15-07:00,ok,1.0,1.0,1.0,1.0,1.0,0.0,0.0,1.0,2.0,0.0,0.0,0.0,0.0,0.0,0.0,0.0,0.0,0.0,0.0,0.0,0.0,0.0,0.0,0.0,0.0,0.0,0.0,0.0,0.0,0.0,0,0,0,0,0,0,0,0,0.0,0.0,0.0,0.0,0.0,0.0,0.0,0.0,0.0,0.0,0.0,0.0,0.0,0.0,0.0,0.0,0.0,0.0,0.0,0.0,0.0,0.0,0.0,0.0,0.0,0.0,0.0,0.0,0.0,0.0,0.0,0.0,0.0,0.0,0.0,0.0,0.0,0.0,0.0,0.0,0.0,0.0,0.0,0.0,0.0,0.0,0.0,0.0,0.0,0.0,0.0,0.0,0.0,0.0,0.0,0.0,0.0,0.0,0.0,0.0,0.0,0.0,0.0,1.0,0.0,0.0,42.0,0.0,1.0,0.0,58.77212962962963,13.0,366,-1.0,1.0,0,3.631007854683494e-05,-4.3015655547836634e-07,improvement,-147.039,-0.154,0.00119,improvement,-0.161,-0.0019,0.98474,none,0,0,1,none,-2.754,-0.1139,0.9836,none,0,0,1,none,15,0.0325,0.98645,none
9e823483159ad0ee1b6fb8663d1f0455c9d9eda9,d4527e03df68dc07e071aa61f8b9703a74300e29,2025-08-25T05:54:56Z,ok,1.0,400.0,375.0,1.0,1.0,0.0,0.0,0.0,0.0,0.0,0.0,0.0,0.0,0.0,0.0,0.0,0.0,0.0,0.0,0.0,0.0,0.0,0.0,0.0,0.0,1.0,775.0,0.0,0.0,0.0,0,0,0,0,0,0,0,0,0.0,0.0,0.0,0.0,0.0,0.0,0.0,0.0,0.0,0.0,0.0,0.0,0.0,0.0,0.0,0.0,0.0,0.0,0.0,0.0,0.0,0.0,0.0,0.0,0.0,0.0,0.0,0.0,0.0,0.0,0.0,0.0,0.0,0.0,0.0,0.0,0.0,0.0,0.0,0.0,0.0,0.0,0.0,0.0,0.0,0.0,0.0,0.0,0.0,0.0,0.0,0.0,0.0,0.0,0.0,0.0,1.0,0.0,0.0,0.0,0.0,0.0,0.0,0.0,0.0,1.0,47.0,0.0,1.0,85.0,0.0,0.0,-2702,-1358.0,1.0,0,-0.00026843381288474356,-0.0005876521220602789,none,-25.255,-0.0264,0.96971,none,-0.078,-0.0009,0.98474,none,0,0,1,none,1.71,0.0912,0.99244,none,0,0,1,none,-1,-0.0022,1,none
6379bf1714ed00b178f5ee3274168a1969c8d807,9e823483159ad0ee1b6fb8663d1f0455c9d9eda9,2025-08-25T05:55:09Z,ok,1.0,4.0,4.0,1.0,1.0,0.0,0.0,0.0,0.0,0.0,0.0,0.0,0.0,0.0,0.0,0.0,0.0,0.0,0.0,0.0,0.0,0.0,0.0,0.0,0.0,1.0,8.0,0.0,0.0,0.0,0,0,0,0,0,0,0,0,0.0,0.0,0.0,0.0,0.0,0.0,0.0,0.0,0.0,0.0,0.0,0.0,0.0,0.0,0.0,0.0,0.0,0.0,0.0,0.0,0.0,0.0,0.0,0.0,0.0,0.0,0.0,0.0,0.0,0.0,0.0,0.0,0.0,0.0,0.0,0.0,0.0,0.0,0.0,0.0,0.0,0.0,0.0,0.0,0.0,0.0,0.0,0.0,0.0,0.0,0.0,0.0,0.0,0.0,0.0,0.0,1.0,0.0,0.0,0.0,0.0,0.0,0.0,0.0,0.0,1.0,47.0,0.0,1.0,86.0,0.0,0.0,13812,14106.0,1.0,0,0.0013725400955213179,0.00610772827233904,none,-13.185,-0.0138,0.96971,none,-0.245,-0.0029,1,none,0,0,1,none,1.263,0.0558,0.9836,none,0,0,1,none,-2,-0.0043,0.98645,none
694478fb806b4ab0618020b52723c660895b3fc5,6379bf1714ed00b178f5ee3274168a1969c8d807,2025-08-25T06:16:48Z,ok,1.0,101.0,77.0,1.0,1.0,0.0,0.0,0.0,0.0,0.0,0.0,0.0,0.0,0.0,0.0,0.0,0.0,0.0,0.0,0.0,0.0,0.0,0.0,0.0,0.0,1.0,178.0,0.0,0.0,0.0,0,0,0,0,0,0,0,0,0.0,0.0,0.0,0.0,0.0,0.0,0.0,0.0,0.0,0.0,0.0,0.0,0.0,0.0,0.0,0.0,0.0,0.0,0.0,0.0,0.0,0.0,0.0,0.0,0.0,0.0,0.0,0.0,0.0,0.0,0.0,0.0,0.0,0.0,0.0,0.0,0.0,0.0,0.0,0.0,0.0,0.0,0.0,0.0,0.0,0.0,0.0,0.0,0.0,0.0,0.0,0.0,0.0,0.0,0.0,0.0,1.0,0.0,0.0,0.0,0.0,0.0,0.0,0.0,0.0,1.0,43.0,0.0,1.0,87.0,0.0,0.0,2940,1096.0,-1.0,0,0.00029175621961741036,0.00047167395623846903,none,-11.969,-0.0123,1,none,-0.249,-0.0029,1,none,0,0,1,none,1.481,0.0692,0.9836,none,0,0,1,none,1,0.0022,1,none
4f510848efd044a603472e20b06b5d6491b79ff8,bd7378a41171268ab244b869c9fcce5d337fd6ed,2025-09-02T09:59:38+02:00,ok,1.0,1.0,1.0,1.0,1.0,0.0,0.0,0.0,0.0,0.0,0.0,0.0,0.0,0.0,0.0,0.0,0.0,1.0,2.0,0.0,0.0,0.0,0.0,0.0,0.0,0.0,0.0,0.0,0.0,1.0,0,0,0,0,0,0,0,0,0.0,0.0,0.0,0.0,0.0,0.0,0.0,0.0,0.0,0.0,0.0,0.0,0.0,0.0,0.0,0.0,0.0,0.0,0.0,0.0,0.0,0.0,0.0,0.0,0.0,0.0,0.0,0.0,0.0,0.0,0.0,0.0,0.0,0.0,0.0,0.0,0.0,0.0,0.0,0.0,0.0,0.0,0.0,0.0,0.0,0.0,0.0,0.0,0.0,0.0,0.0,0.0,0.0,0.0,0.0,0.0,0.0,0.0,1.0,0.0,0.0,0.0,0.0,0.0,0.0,0.0,41.0,0.0,1.0,3.0,0.0,0.0,197,22.0,-1.0,0,1.9543239765195415e-05,9.463448291288379e-06,none,0.222,0.0003,0.96971,none,0.027,0.0003,0.98474,none,0,0,1,none,2.805,0.1269,0.9836,none,0,0,1,none,1,0.0022,0.98645,none
69a165e3182e332d3970e29de96324061c9af043,4f510848efd044a603472e20b06b5d6491b79ff8,2025-09-02T10:01:14+02:00,ok,1.0,14.0,7.0,1.0,1.0,0.0,0.0,0.0,0.0,0.0,0.0,0.0,0.0,0.0,0.0,0.0,0.0,0.0,0.0,0.0,0.0,1.0,21.0,0.0,0.0,0.0,0.0,0.0,0.0,0.0,0,0,0,0,0,0,0,0,0.0,0.0,0.0,0.0,0.0,0.0,0.0,0.0,0.0,0.0,0.0,0.0,0.0,0.0,0.0,0.0,0.0,0.0,0.0,0.0,0.0,0.0,0.0,0.0,0.0,0.0,0.0,0.0,0.0,0.0,0.0,0.0,0.0,0.0,0.0,0.0,0.0,0.0,0.0,0.0,0.0,0.0,0.0,0.0,0.0,0.0,0.0,0.0,0.0,0.0,0.0,0.0,0.0,0.0,0.0,0.0,0.0,0.0,0.0,0.0,0.0,0.0,0.0,1.0,0.0,0.0,22.0,0.0,1.0,0.0,55.030706018518515,13.0,-15,85.0,0.0,0,-1.4880348604902837e-06,3.656297693177263e-05,none,0.201,0.0002,1,none,-0.249,-0.0029,0.98474,none,0,0,1,none,5.069,0.2321,0.9836,none,0,0,1,none,1,0.0022,1,none
3aa316a4f7e7d70368d462424f03843def66fee0,69a165e3182e332d3970e29de96324061c9af043,2025-09-02T10:10:14+02:00,ok,1.0,72.0,72.0,1.0,1.0,0.0,0.0,0.0,0.0,0.0,0.0,0.0,0.0,0.0,0.0,0.0,0.0,0.0,0.0,0.0,0.0,0.0,0.0,0.0,0.0,1.0,144.0,0.0,0.0,0.0,0,0,0,0,0,0,0,0,0.0,0.0,0.0,0.0,0.0,0.0,0.0,0.0,0.0,0.0,0.0,0.0,0.0,0.0,0.0,0.0,0.0,0.0,0.0,0.0,0.0,0.0,0.0,0.0,0.0,0.0,0.0,0.0,0.0,0.0,0.0,0.0,0.0,0.0,0.0,0.0,0.0,0.0,0.0,0.0,0.0,0.0,0.0,0.0,0.0,0.0,0.0,0.0,0.0,0.0,0.0,0.0,0.0,0.0,0.0,0.0,1.0,0.0,0.0,0.0,0.0,0.0,0.0,0.0,0.0,1.0,51.0,0.0,1.0,88.0,0.0,0.0,196,463.0,2.0,0,1.944368444328664e-05,0.00019915340446938093,none,-0.186,-0.0002,0.96971,none,0.073,0.0008,0.98474,none,0,0,1,none,4.662,0.1926,0.9836,none,0,0,1,none,0,0,1,none
595576c1c6fe48cd7cb8ac30fa1075da101bf4d4,3aa316a4f7e7d70368d462424f03843def66fee0,2025-09-02T10:10:19+02:00,ok,3.0,48.0,1.0,2.0,1.0,0.508106403139957,0.0,0.0,0.0,0.0,0.0,0.0,0.0,0.0,0.0,0.0,0.0,3.0,49.0,0.0,0.0,0.0,0.0,0.0,0.0,0.0,0.0,0.0,0.0,1.0,0,0,0,0,0,0,0,0,0.0,0.0,0.0,0.0,0.0,0.0,0.0,0.0,0.0,0.0,0.0,0.0,0.0,0.0,0.0,0.0,0.0,0.0,0.0,0.0,0.0,0.0,0.0,0.0,0.0,0.0,0.0,0.0,0.0,0.0,0.0,0.0,0.0,0.0,0.0,0.0,0.0,0.0,0.0,0.0,0.0,0.0,0.0,0.0,0.0,0.0,0.0,0.0,0.0,0.0,0.0,0.0,0.0,0.0,0.0,0.0,0.0,0.0,1.0,0.0,0.0,0.0,0.0,0.0,0.0,0.0,72.0,0.0,1.0,0.0,0.0,0.0,3684,794.0,25.0,0,0.00036545479976866435,0.0003414607294358071,none,0.067,0.0001,0.96971,none,-2.305,-0.0264,0.8604,none,0,0,1,none,3.268,0.1528,0.9836,none,0,0,1,none,-15,-0.0314,1,none
4e8c0623d6ab692eb58a293300fc61f06e79b77a,595576c1c6fe48cd7cb8ac30fa1075da101bf4d4,2025-09-10T00:36:51-07:00,ok,1.0,1.0,0.0,1.0,1.0,0.0,0.0,1.0,1.0,0.0,0.0,0.0,0.0,0.0,0.0,0.0,0.0,0.0,0.0,0.0,0.0,0.0,0.0,0.0,0.0,0.0,0.0,0.0,0.0,0.0,0,0,0,0,0,0,0,0,0.0,0.0,0.0,0.0,0.0,0.0,0.0,0.0,0.0,0.0,0.0,0.0,0.0,0.0,0.0,0.0,0.0,0.0,0.0,0.0,0.0,0.0,0.0,0.0,0.0,0.0,0.0,0.0,0.0,0.0,0.0,0.0,0.0,0.0,0.0,0.0,0.0,0.0,0.0,0.0,0.0,0.0,0.0,0.0,0.0,0.0,0.0,0.0,0.0,0.0,1.0,0.0,0.0,0.0,0.0,0.0,0.0,0.0,0.0,0.0,0.0,0.0,0.0,0.0,0.0,0.0,51.0,0.0,1.0,0.0,15.942777777777778,13.0,5105,-1.0,2.0,0,0.0005062337655640852,-4.2990450101414474e-07,none,0.326,0.0004,0.96971,none,-0.642,-0.0074,0.8604,none,0,0,1,none,5.251,0.2469,0.9836,none,0,0,1,none,17,0.0368,0.98645,none
6a5c7189fa60d5e78732cf47bbb4880b734f337b,4e8c0623d6ab692eb58a293300fc61f06e79b77a,2025-09-11T09:15:01+08:00,ok,2.0,3.0,8.0,1.0,2.0,0.6840384356390417,0.0,0.0,0.0,0.0,0.0,0.0,0.0,0.0,0.0,0.0,0.0,0.0,0.0,0.0,0.0,0.0,0.0,1.0,2.0,1.0,9.0,0.0,0.0,0.0,0,0,1,0,0,0,0,0,0.0,0.0,0.0,0.0,0.0,0.0,0.0,0.0,0.0,0.0,0.0,0.0,0.0,0.0,0.0,0.0,0.0,0.0,0.0,0.0,0.0,0.0,0.0,0.0,0.0,0.0,0.0,0.0,0.0,0.0,0.0,0.0,0.0,0.0,0.0,0.0,0.0,0.0,0.0,0.0,0.0,0.0,0.0,0.0,0.0,0.0,0.0,0.0,0.0,0.0,0.0,0.0,0.0,0.0,1.0,0.0,0.0,0.0,0.0,0.0,0.0,0.0,0.0,0.0,0.0,0.0,21.0,0.0,1.0,37.0,75.44974537037037,9.0,-112,26.0,-1.0,0,-1.1100782317722429e-05,1.1177521831634708e-05,none,0.282,0.0003,0.96971,none,-0.596,-0.0069,0.98474,none,0,0,1,none,3.279,0.1266,0.9836,none,0,0,1,none,0,0,1,none
ca686dd0c269a8995f7ef93eb7822b4e07a916e2,6a5c7189fa60d5e78732cf47bbb4880b734f337b,2025-09-11T09:15:12+08:00,ok,2.0,13.0,13.0,2.0,2.0,0.39124356362925566,0.0,1.0,2.0,0.0,0.0,0.0,0.0,0.0,0.0,0.0,0.0,0.0,0.0,0.0,0.0,1.0,24.0,0.0,0.0,0.0,0.0,0.0,0.0,0.0,0,0,0,0,0,0,0,0,1.0,1.0,0.0,0.0,0.0,0.0,0.0,0.0,0.0,0.0,0.0,0.0,0.0,0.0,0.0,0.0,0.0,0.0,0.0,0.0,0.0,0.0,0.0,0.0,0.0,0.0,0.0,0.0,0.0,0.0,0.0,0.0,0.0,0.0,0.0,0.0,0.0,0.0,0.0,0.0,0.0,0.0,0.0,0.0,0.0,0.0,0.0,0.0,0.0,0.0,0.0,0.0,0.0,0.0,0.0,0.0,0.0,0.0,0.0,0.0,0.0,0.0,0.0,1.0,0.0,0.0,30.0,0.0,1.0,38.0,766.1656944444444,6.0,70,-103.0,-2.0,0,6.938065966536518e-06,-4.4279687703530726e-05,none,0.045,0.0001,0.96971,none,0.453,0.0053,0.98474,none,0,0,1,none,0.823,0.0399,0.99244,none,0,0,1,none,2,0.0043,0.98645,none
332cd2eb53a8ecdde8ac97117bee651c46ff07ad,ca686dd0c269a8995f7ef93eb7822b4e07a916e2,2025-09-11T09:17:12+08:00,ok,20.0,3.0,3538.0,3.0,2.0,0.5810361151151391,0.0,17.0,1480.0,0.0,0.0,0.0,0.0,0.0,0.0,0.0,0.0,2.0,34.0,0.0,0.0,1.0,2027.0,0.0,0.0,0.0,0.0,0.0,0.0,0.0,0,0,0,0,0,0,0,0,0.0,56.0,0.0,0.0,0.0,0.0,0.0,2.0,0.0,10.0,0.0,2.0,0.0,2.0,0.0,0.0,0.0,0.0,0.0,0.0,0.0,3.0,0.0,0.0,0.0,0.0,0.0,0.0,0.0,0.0,0.0,0.0,0.0,2.0,0.0,0.0,0.0,0.0,0.0,5.0,0.0,12.0,0.0,1.0,0.0,178.0,0.0,5.0,0.0,3.0,0.0,0.0,0.0,0.0,0.0,0.0,0.0,0.0,0.0,0.0,0.0,0.0,0.0,1.0,0.0,0.0,25.0,0.0,1.0,39.0,327.6409239969136,16.0,-251366,-36571.0,-1661.0,-39,-0.024914025569767368,-0.015722564724293,none,0.133,0.0002,0.96971,none,0.694,0.0081,0.8604,none,0,0,1,none,-4.829,-0.2041,0.9836,none,0,0,1,none,0,0,1,none
df8c418389378a331ca0f7d5e5a28f070880eb0a,332cd2eb53a8ecdde8ac97117bee651c46ff07ad,2025-09-11T09:17:50+08:00,ok,2.0,17.0,18.0,2.0,2.0,0.8224042259549891,0.0,2.0,35.0,0.0,0.0,0.0,0.0,0.0,0.0,0.0,0.0,0.0,0.0,0.0,0.0,0.0,0.0,0.0,0.0,0.0,0.0,0.0,0.0,0.0,0,0,0,0,0,0,0,0,2.0,2.0,0.0,0.0,0.0,0.0,0.0,0.0,0.0,0.0,0.0,0.0,0.0,0.0,0.0,0.0,0.0,0.0,0.0,0.0,0.0,0.0,0.0,0.0,0.0,1.0,0.0,1.0,0.0,0.0,0.0,0.0,0.0,0.0,0.0,0.0,0.0,0.0,0.0,0.0,0.0,0.0,0.0,0.0,0.0,0.0,0.0,0.0,0.0,0.0,0.0,0.0,0.0,0.0,0.0,0.0,0.0,0.0,0.0,0.0,0.0,0.0,0.0,1.0,0.0,0.0,21.0,1.0,1.0,40.0,97.46396990740742,14.0,-14012,1.0,0.0,0,-0.0014242774246844192,4.367863184547898e-07,regression,-0.23,-0.0003,0.96971,none,0.065,0.0008,1,none,50.504,0,0.0001,regression,-0.181,-0.0089,1,none,0,0,1,none,17,0.0367,0.14714,none
1ce86510d14b06ecb81e778200dfb06f71e76b24,df8c418389378a331ca0f7d5e5a28f070880eb0a,2025-09-12T16:48:19+08:00,ok,3.0,1.0,1.0,2.0,2.0,0.0,2.0,0.0,0.0,0.0,0.0,0.0,0.0,2.0,0.0,0.0,0.0,0.0,0.0,0.0,0.0,1.0,2.0,0.0,0.0,0.0,0.0,0.0,0.0,0.0,0,0,0,0,0,0,0,0,0.0,0.0,0.0,0.0,0.0,0.0,0.0,0.0,0.0,0.0,0.0,0.0,0.0,0.0,0.0,0.0,0.0,0.0,0.0,0.0,0.0,0.0,0.0,0.0,0.0,0.0,0.0,0.0,0.0,0.0,0.0,0.0,0.0,0.0,0.0,0.0,0.0,0.0,0.0,0.0,0.0,0.0,0.0,0.0,0.0,0.0,0.0,0.0,0.0,0.0,0.0,0.0,0.0,0.0,0.0,0.0,0.0,0.0,0.0,0.0,0.0,0.0,0.0,1.0,0.0,0.0,28.0,0.0,1.0,41.0,620.0221875,6.0,23581893,-33.0,0.0,0,2.4004470091945618,-1.4413942213195309e-05,none,-0.675,-0.0008,0.84151,none,-0.53,-0.0061,0.98474,none,-0.075,-0.0014,1,none,-4.283,-0.2316,1,none,0,0,1,none,-1,-0.0021,1,none
75734bc37516646073f50bb4a988a3d07ab163f5,1ce86510d14b06ecb81e778200dfb06f71e76b24,2025-09-12T18:01:04+08:00,ok,2.0,0.0,0.0,1.0,1.0,0.0,2.0,0.0,0.0,0.0,0.0,0.0,0.0,2.0,0.0,0.0,0.0,0.0,0.0,0.0,0.0,0.0,0.0,0.0,0.0,0.0,0.0,0.0,0.0,0.0,0,0,0,0,0,0,0,0,0.0,0.0,0.0,0.0,0.0,0.0,0.0,0.0,0.0,0.0,0.0,0.0,0.0,0.0,0.0,0.0,0.0,0.0,0.0,0.0,0.0,0.0,0.0,0.0,0.0,0.0,0.0,0.0,0.0,0.0,0.0,0.0,0.0,0.0,0.0,0.0,0.0,0.0,0.0,0.0,0.0,0.0,0.0,0.0,0.0,0.0,0.0,0.0,0.0,0.0,0.0,0.0,0.0,0.0,0.0,0.0,0.0,0.0,0.0,0.0,0.0,0.0,0.0,1.0,0.0,0.0,18.0,0.0,1.0,42.0,0.050520833333333334,2.0,-23483894,6.0,1.0,0,-0.7029874286696833,2.620754541440026e-06,none,0.463,0.0006,0.96971,none,-1.438,-0.0165,0.8604,none,-0.203,-0.0038,1,none,1.826,0.1219,1,none,0,0,1,none,1,0.0021,1,none
01c244f7a4274c504452928f4ac075c986e185db,75734bc37516646073f50bb4a988a3d07ab163f5,2025-09-23T03:26:23-07:00,ok,1.0,4.0,11.0,1.0,1.0,0.0,0.0,0.0,0.0,0.0,0.0,0.0,0.0,0.0,0.0,0.0,0.0,0.0,0.0,0.0,0.0,1.0,15.0,0.0,0.0,0.0,0.0,0.0,0.0,0.0,0,0,0,0,0,0,0,0,0.0,0.0,0.0,0.0,0.0,0.0,0.0,0.0,0.0,0.0,0.0,0.0,0.0,0.0,0.0,0.0,0.0,0.0,0.0,0.0,0.0,0.0,0.0,0.0,0.0,0.0,0.0,0.0,0.0,0.0,0.0,0.0,0.0,0.0,0.0,0.0,0.0,0.0,0.0,0.0,0.0,0.0,0.0,0.0,0.0,0.0,0.0,0.0,0.0,0.0,1.0,0.0,0.0,0.0,0.0,0.0,0.0,0.0,0.0,0.0,0.0,0.0,0.0,0.0,0.0,0.0,65.0,0.0,1.0,1.0,21.10079861111111,14.0,-100,-84.0,-1.0,0,-1.0078655845952986e-05,-3.669046742345124e-05,none,-0.155,-0.0002,0.96971,none,-0.296,-0.0034,0.98474,none,21.647,0.4057,1,none,8.31,0.6863,0.9836,none,0,0,1,none,2,0.0042,0.98645,none
253ce23e561fe65bb39a1f748921b5eb8d3663e8,01c244f7a4274c504452928f4ac075c986e185db,2025-09-24T10:04:29+08:00,ok,3.0,25.0,166.0,3.0,2.0,0.18470662026053883,0.0,3.0,191.0,0.0,0.0,0.0,0.0,0.0,0.0,0.0,0.0,0.0,0.0,0.0,0.0,0.0,0.0,0.0,0.0,0.0,0.0,0.0,0.0,0.0,0,0,0,0,0,0,0,0,0.0,1.0,0.0,0.0,0.0,0.0,0.0,0.0,0.0,0.0,0.0,0.0,0.0,0.0,0.0,0.0,0.0,0.0,0.0,0.0,0.0,0.0,0.0,0.0,0.0,0.0,0.0,0.0,0.0,0.0,0.0,0.0,0.0,0.0,0.0,0.0,0.0,0.0,0.0,0.0,0.0,3.0,0.0,0.0,1.0,30.0,0.0,6.0,0.0,0.0,0.0,0.0,0.0,0.0,0.0,0.0,0.0,0.0,0.0,0.0,0.0,0.0,0.0,1.0,1.0,0.0,46.0,0.0,1.0,43.0,68.54907407407407,12.0,-156952,-1610.0,-542.0,0,-0.015818811355695676,-0.0007032597618788655,none,-0.126,-0.0002,0.96971,none,-0.064,-0.0007,0.98474,none,-29,-0.358,1,none,2.019,0.1533,0.99244,none,0,0,1,none,-145,-0.3027,0.37446,none
118a00660ae5387ef3ec480fd4287dcd1c18dc02,253ce23e561fe65bb39a1f748921b5eb8d3663e8,2025-09-25T06:56:01-07:00,ok,1.0,0.0,1.0,1.0,1.0,0.0,0.0,1.0,1.0,0.0,0.0,0.0,0.0,0.0,0.0,0.0,0.0,0.0,0.0,0.0,0.0,0.0,0.0,0.0,0.0,0.0,0.0,0.0,0.0,0.0,0,0,0,0,0,0,0,0,0.0,0.0,0.0,0.0,0.0,0.0,0.0,0.0,0.0,0.0,0.0,0.0,0.0,0.0,0.0,0.0,0.0,0.0,0.0,0.0,0.0,0.0,0.0,0.0,0.0,0.0,0.0,0.0,0.0,0.0,0.0,0.0,0.0,0.0,0.0,0.0,0.0,0.0,0.0,0.0,0.0,0.0,0.0,0.0,0.0,0.0,0.0,0.0,0.0,0.0,0.0,0.0,0.0,0.0,0.0,0.0,0.0,0.0,1.0,0.0,0.0,0.0,0.0,0.0,0.0,0.0,30.0,0.0,1.0,18.0,14.526516203703704,13.0,-2945,4.0,0.0,0,-0.00030159020475977957,1.7484588428087418e-06,none,-0.117,-0.0001,0.96971,none,0.05,0.0006,0.8604,none,-4,-0.0714,1,none,6.41,0.5237,0.9836,none,0,0,1,none,0,0,1,none
abf53b9fe9f3133c1a6095625e9c16e6921ab863,118a00660ae5387ef3ec480fd4287dcd1c18dc02,2025-09-25T06:58:54-07:00,ok,1.0,1.0,1.0,1.0,1.0,0.0,0.0,0.0,0.0,0.0,0.0,0.0,0.0,0.0,0.0,0.0,0.0,1.0,2.0,0.0,0.0,0.0,0.0,0.0,0.0,0.0,0.0,0.0,0.0,1.0,0,0,0,0,0,0,0,0,0.0,0.0,0.0,0.0,0.0,0.0,0.0,0.0,0.0,0.0,0.0,0.0,0.0,0.0,0.0,0.0,0.0,0.0,0.0,0.0,0.0,0.0,0.0,0.0,0.0,0.0,0.0,0.0,0.0,0.0,0.0,0.0,0.0,0.0,0.0,0.0,0.0,0.0,0.0,0.0,0.0,0.0,0.0,0.0,0.0,0.0,0.0,0.0,0.0,0.0,0.0,0.0,0.0,0.0,0.0,0.0,0.0,0.0,1.0,0.0,0.0,0.0,0.0,0.0,0.0,0.0,41.0,0.0,1.0,0.0,0.0,0.0,55,0.0,4.0,0,5.634113883470749e-06,0.0,none,0.155,0.0002,0.96971,none,-1.385,-0.0159,0.98474,none,3,0.0536,1,none,-0.253,-0.0143,0.99244,none,0,0,1,none,0,0,1,none
7989b5292f57ad6b9aa83d535d429a3fd1fbddc8,abf53b9fe9f3133c1a6095625e9c16e6921ab863,2025-09-25T06:59:32-07:00,ok,1.0,1.0,1.0,1.0,1.0,0.0,0.0,0.0,0.0,0.0,0.0,0.0,0.0,0.0,0.0,0.0,0.0,1.0,2.0,0.0,0.0,0.0,0.0,0.0,0.0,0.0,0.0,0.0,0.0,1.0,0,0,0,0,0,0,0,0,0.0,0.0,0.0,0.0,0.0,0.0,0.0,0.0,0.0,0.0,0.0,0.0,0.0,0.0,0.0,0.0,0.0,0.0,0.0,0.0,0.0,0.0,0.0,0.0,0.0,0.0,0.0,0.0,0.0,0.0,0.0,0.0,0.0,0.0,0.0,0.0,0.0,0.0,0.0,0.0,0.0,0.0,0.0,0.0,0.0,0.0,0.0,0.0,0.0,0.0,0.0,0.0,0.0,0.0,0.0,0.0,0.0,0.0,1.0,0.0,0.0,0.0,0.0,0.0,0.0,0.0,51.0,0.0,1.0,0.0,0.0,0.0,7,-1.0,-4.0,0,7.170649996885889e-07,-4.371139464264405e-07,none,0.836,0.001,0.95873,none,-0.607,-0.007,0.8604,none,1,0.0192,1,none,-0.32,-0.0187,0.9836,none,0,0,1,none,0,0,1,none
2b0b149963444f6ab5229ecc4e0bb708d805ae30,7989b5292f57ad6b9aa83d535d429a3fd1fbddc8,2025-09-29T18:38:25Z,ok,1.0,89.0,108.0,1.0,1.0,0.0,0.0,0.0,0.0,0.0,0.0,0.0,0.0,0.0,0.0,0.0,0.0,0.0,0.0,0.0,0.0,0.0,0.0,0.0,0.0,1.0,197.0,0.0,0.0,0.0,0,0,0,0,0,0,0,0,0.0,0.0,0.0,0.0,0.0,0.0,0.0,0.0,0.0,0.0,0.0,0.0,0.0,0.0,0.0,0.0,0.0,0.0,0.0,0.0,0.0,0.0,0.0,0.0,0.0,0.0,0.0,0.0,0.0,0.0,0.0,0.0,0.0,0.0,0.0,0.0,0.0,0.0,0.0,0.0,0.0,0.0,0.0,0.0,0.0,0.0,0.0,0.0,0.0,0.0,0.0,0.0,0.0,0.0,0.0,0.0,1.0,0.0,0.0,0.0,0.0,0.0,0.0,0.0,0.0,1.0,43.0,0.0,1.0,89.0,0.0,0.0,-2152,292.0,-6.0,0,-0.0002204461104015018,0.00012763732814857683,none,-0.003,0,0.96971,none,0.249,0.0029,0.98474,none,3,0.0566,1,none,6.919,0.5403,0.9836,none,0,0,1,none,0,0,1,none
39406bf0161b77c5afc7a6088484cd92f35cee5c,2b0b149963444f6ab5229ecc4e0bb708d805ae30,2025-09-29T18:38:32Z,ok,1.0,4.0,4.0,1.0,1.0,0.0,0.0,0.0,0.0,0.0,0.0,0.0,0.0,0.0,0.0,0.0,0.0,0.0,0.0,0.0,0.0,0.0,0.0,0.0,0.0,1.0,8.0,0.0,0.0,0.0,0,0,0,0,0,0,0,0,0.0,0.0,0.0,0.0,0.0,0.0,0.0,0.0,0.0,0.0,0.0,0.0,0.0,0.0,0.0,0.0,0.0,0.0,0.0,0.0,0.0,0.0,0.0,0.0,0.0,0.0,0.0,0.0,0.0,0.0,0.0,0.0,0.0,0.0,0.0,0.0,0.0,0.0,0.0,0.0,0.0,0.0,0.0,0.0,0.0,0.0,0.0,0.0,0.0,0.0,0.0,0.0,0.0,0.0,0.0,0.0,1.0,0.0,0.0,0.0,0.0,0.0,0.0,0.0,0.0,1.0,47.0,0.0,1.0,90.0,0.0,0.0,-5671,-5734.0,-2.0,0,-0.0005810527618653976,-0.002506092593434335,none,0.38,0.0005,0.95873,none,-2,-0.0229,0.80046,none,-20.811,-0.2981,0.11912,none,-2.465,-0.1124,0.9836,none,0,0,1,none,1,0.003,1,none
31b4521ad0607a74e284fa7c62502b56a7710e86,39406bf0161b77c5afc7a6088484cd92f35cee5c,2025-09-30T14:15:10+02:00,ok,1.0,2.0,2.0,1.0,1.0,0.0,0.0,1.0,4.0,0.0,0.0,0.0,0.0,0.0,0.0,0.0,0.0,0.0,0.0,0.0,0.0,0.0,0.0,0.0,0.0,0.0,0.0,0.0,0.0,0.0,0,0,0,0,0,0,0,0,0.0,0.0,0.0,0.0,0.0,0.0,0.0,0.0,0.0,0.0,0.0,0.0,0.0,0.0,0.0,0.0,0.0,0.0,0.0,0.0,0.0,0.0,0.0,0.0,0.0,0.0,0.0,0.0,0.0,0.0,0.0,0.0,0.0,0.0,0.0,0.0,0.0,0.0,0.0,0.0,0.0,0.0,0.0,0.0,0.0,0.0,0.0,0.0,0.0,0.0,0.0,1.0,0.0,0.0,0.0,0.0,0.0,0.0,0.0,0.0,0.0,0.0,0.0,0.0,0.0,0.0,46.0,0.0,1.0,0.0,4.929965277777778,14.0,70,3.0,-2.0,0,7.176395808984847e-06,1.31446923922902e-06,none,0.511,0.0006,0.96971,none,-0.166,-0.0019,1,none,-0.011,-0.0002,1,none,-8.52,-0.3737,0.9836,none,0,0,1,none,0,0,1,none
ac9c758342293101156f90063d82e6267f6792b1,31b4521ad0607a74e284fa7c62502b56a7710e86,2025-11-08T10:10:52+01:00,ok,7.0,9.0,9.0,5.0,4.0,0.9409583900892994,0.0,2.0,4.0,0.0,0.0,0.0,0.0,0.0,0.0,0.0,0.0,4.0,12.0,0.0,0.0,1.0,2.0,0.0,0.0,0.0,0.0,0.0,0.0,0.0,0,0,0,0,0,0,0,0,0.0,0.0,0.0,0.0,0.0,0.0,0.0,0.0,0.0,0.0,0.0,0.0,0.0,0.0,0.0,0.0,0.0,0.0,0.0,0.0,0.0,0.0,0.0,0.0,0.0,0.0,0.0,0.0,0.0,0.0,0.0,0.0,0.0,0.0,0.0,0.0,0.0,0.0,0.0,0.0,0.0,0.0,0.0,0.0,0.0,0.0,0.0,0.0,0.0,0.0,0.0,0.0,0.0,0.0,1.0,0.0,0.0,0.0,0.0,0.0,0.0,0.0,0.0,0.0,0.0,0.0,44.0,0.0,1.0,29.0,562.0861458333334,12.0,98,-21.0,3.0,0,1.0046882032176677e-05,-9.201272579813371e-06,none,0.24,0.0003,0.96971,none,-1.16,-0.0133,0.98474,none,0,0,1,none,-3.075,-0.1563,0.9836,none,0,0,1,none,1,0.003,1,none
328b03d4989dc4f52fd2bef2440596e87393aa1b,ac9c758342293101156f90063d82e6267f6792b1,2025-11-08T10:13:53+01:00,ok,1.0,2.0,2.0,1.0,1.0,0.0,0.0,0.0,0.0,0.0,0.0,0.0,0.0,0.0,0.0,0.0,0.0,1.0,4.0,0.0,0.0,0.0,0.0,0.0,0.0,0.0,0.0,0.0,0.0,1.0,0,0,0,0,0,0,0,0,0.0,0.0,0.0,0.0,0.0,0.0,0.0,0.0,0.0,0.0,0.0,0.0,0.0,0.0,0.0,0.0,0.0,0.0,0.0,0.0,0.0,0.0,0.0,0.0,0.0,0.0,0.0,0.0,0.0,0.0,0.0,0.0,0.0,0.0,0.0,0.0,0.0,0.0,0.0,0.0,0.0,0.0,0.0,0.0,0.0,0.0,0.0,0.0,0.0,0.0,0.0,0.0,0.0,0.0,0.0,0.0,0.0,0.0,1.0,0.0,0.0,0.0,0.0,0.0,0.0,0.0,30.0,0.0,1.0,6.0,0.0,0.0,159,-1.0,-1.0,0,1.630038973309188e-05,-4.381598687623561e-07,none,0.273,0.0003,0.96971,none,0.422,0.0049,0.98474,none,-4,-0.0714,1,none,0.72,0.0438,0.99244,none,0,0,1,none,1,0.003,0.98645,none
f828958be70ec45495ff16ed4aad0bc55952c4bf,328b03d4989dc4f52fd2bef2440596e87393aa1b,2025-11-08T10:15:47+01:00,ok,2.0,2.0,2.0,2.0,2.0,1.0,0.0,0.0,0.0,0.0,0.0,0.0,0.0,0.0,0.0,0.0,0.0,2.0,4.0,0.0,0.0,0.0,0.0,0.0,0.0,0.0,0.0,0.0,0.0,1.0,0,0,0,0,0,0,0,0,0.0,0.0,0.0,0.0,0.0,0.0,0.0,0.0,0.0,0.0,0.0,0.0,0.0,0.0,0.0,0.0,0.0,0.0,0.0,0.0,0.0,0.0,0.0,0.0,0.0,0.0,0.0,0.0,0.0,0.0,0.0,0.0,0.0,0.0,0.0,0.0,0.0,0.0,0.0,0.0,0.0,0.0,0.0,0.0,0.0,0.0,0.0,0.0,0.0,0.0,0.0,0.0,0.0,0.0,0.0,0.0,0.0,0.0,1.0,0.0,0.0,0.0,0.0,0.0,0.0,0.0,57.0,0.0,2.0,0.0,0.0,0.0,268,44.0,0.0,0,2.7474422901284705e-05,1.9279042672846477e-05,none,-0.014,0,1,none,-1.064,-0.0122,1,none,3.872,0.0774,1,none,-6.837,-0.3211,0.68481,none,0,0,1,none,-1,-0.003,1,none
dc58e0fa595a1f8c3e6a91d9bed8b33a8e3bcf03,f828958be70ec45495ff16ed4aad0bc55952c4bf,2025-11-08T10:16:25+01:00,ok,1.0,1.0,1.0,1.0,1.0,0.0,0.0,0.0,0.0,0.0,0.0,0.0,0.0,0.0,0.0,0.0,0.0,1.0,2.0,0.0,0.0,0.0,0.0,0.0,0.0,0.0,0.0,0.0,0.0,1.0,0,0,0,0,0,0,0,0,0.0,0.0,0.0,0.0,0.0,0.0,0.0,0.0,0.0,0.0,0.0,0.0,0.0,0.0,0.0,0.0,0.0,0.0,0.0,0.0,0.0,0.0,0.0,0.0,0.0,0.0,0.0,0.0,0.0,0.0,0.0,0.0,0.0,0.0,0.0,0.0,0.0,0.0,0.0,0.0,0.0,0.0,0.0,0.0,0.0,0.0,0.0,0.0,0.0,0.0,0.0,0.0,0.0,0.0,0.0,0.0,0.0,0.0,0.0,0.0,0.0,0.0,0.0,1.0,0.0,0.0,50.0,0.0,1.0,0.0,0.0,0.0,97,1.0,1.0,0,9.94382762528582e-06,4.38151613602855e-07,none,1.303,0.0016,0.53263,none,0.29,0.0034,1,none,7,0.14,1,none,1.387,0.0756,0.9836,none,0,0,1,none,2,0.006,1,none
f80ca3089fc51f63f4a6231fee72aaaa4b0e6969,dc58e0fa595a1f8c3e6a91d9bed8b33a8e3bcf03,2025-11-08T10:17:16+01:00,ok,1.0,1.0,1.0,1.0,1.0,0.0,0.0,0.0,0.0,0.0,0.0,0.0,0.0,0.0,0.0,0.0,0.0,1.0,2.0,0.0,0.0,0.0,0.0,0.0,0.0,0.0,0.0,0.0,0.0,1.0,0,0,0,0,0,0,0,0,0.0,0.0,0.0,0.0,0.0,0.0,0.0,0.0,0.0,0.0,0.0,0.0,0.0,0.0,0.0,0.0,0.0,0.0,0.0,0.0,0.0,0.0,0.0,0.0,0.0,0.0,0.0,0.0,0.0,0.0,0.0,0.0,0.0,0.0,0.0,0.0,0.0,0.0,0.0,0.0,0.0,0.0,0.0,0.0,0.0,0.0,0.0,0.0,0.0,0.0,0.0,0.0,0.0,0.0,0.0,0.0,0.0,0.0,0.0,0.0,0.0,0.0,0.0,1.0,0.0,0.0,62.0,0.0,1.0,0.0,0.0,0.0,166,1.0,-1.0,0,1.7017102803393416e-05,4.381514216261026e-07,none,-0.561,-0.0007,0.96971,none,0.333,0.0039,0.98474,none,1,0.0189,1,none,0.035,0.002,0.9836,none,0,0,1,none,1,0.003,0.65446,none
3360c2147f4edf185b307a36703f91683c63199b,f80ca3089fc51f63f4a6231fee72aaaa4b0e6969,2025-11-08T10:17:25+01:00,ok,1.0,91.0,91.0,1.0,1.0,0.0,0.0,0.0,0.0,0.0,0.0,0.0,0.0,0.0,0.0,0.0,0.0,0.0,0.0,0.0,0.0,0.0,0.0,0.0,0.0,1.0,182.0,0.0,0.0,0.0,0,0,0,0,0,0,0,0,0.0,0.0,0.0,0.0,0.0,0.0,0.0,0.0,0.0,0.0,0.0,0.0,0.0,0.0,0.0,0.0,0.0,0.0,0.0,0.0,0.0,0.0,0.0,0.0,0.0,0.0,0.0,0.0,0.0,0.0,0.0,0.0,0.0,0.0,0.0,0.0,0.0,0.0,0.0,0.0,0.0,0.0,0.0,0.0,0.0,0.0,0.0,0.0,0.0,0.0,0.0,0.0,0.0,0.0,0.0,0.0,1.0,0.0,0.0,0.0,0.0,0.0,0.0,0.0,0.0,1.0,51.0,0.0,1.0,91.0,0.0,0.0,1167,688.0,13.0,0,0.0001196302472009905,0.00030144804599886867,none,0.304,0.0004,0.96971,none,0.172,0.002,0.92551,none,-1,-0.0196,1,none,3.146,0.179,0.9836,none,0,0,1,none,0,0,1,none
9667c7be8d5b8181f19b562fa764a2f29bf50bd8,3360c2147f4edf185b307a36703f91683c63199b,2025-11-14T12:14:19+08:00,ok,4.0,0.0,22.0,2.0,2.0,0.0,3.0,0.0,0.0,0.0,0.0,0.0,0.0,3.0,0.0,0.0,0.0,0.0,0.0,0.0,0.0,1.0,22.0,0.0,0.0,0.0,0.0,0.0,0.0,0.0,0,0,0,0,0,0,0,0,0.0,0.0,0.0,0.0,0.0,0.0,0.0,0.0,0.0,0.0,0.0,0.0,0.0,0.0,0.0,0.0,0.0,0.0,0.0,0.0,0.0,0.0,0.0,0.0,0.0,0.0,0.0,0.0,0.0,0.0,0.0,0.0,0.0,0.0,0.0,0.0,0.0,0.0,0.0,0.0,0.0,0.0,0.0,0.0,0.0,0.0,0.0,0.0,0.0,0.0,0.0,0.0,0.0,0.0,0.0,0.0,0.0,0.0,0.0,0.0,0.0,0.0,0.0,1.0,0.0,0.0,23.0,0.0,1.0,44.0,991.8405295138889,6.0,-203794,-1401.0,0.0,-6,-0.020888612142503888,-0.0006136648846585969,none,-0.395,-0.0005,0.96971,none,-2.199,-0.025,0.8604,none,-4,-0.0741,1,none,-0.728,-0.0351,0.9836,none,0,0,1,none,-1,-0.003,0.98645,none
bf12a6b554eb338b35af026daaf3340d29158ed0,9667c7be8d5b8181f19b562fa764a2f29bf50bd8,2025-11-19T16:58:05+01:00,ok,1.0,17.0,3.0,1.0,1.0,0.0,0.0,0.0,0.0,0.0,0.0,0.0,0.0,0.0,0.0,0.0,0.0,0.0,0.0,0.0,0.0,1.0,20.0,0.0,0.0,0.0,0.0,0.0,0.0,0.0,0,0,0,0,0,0,0,0,0.0,0.0,0.0,0.0,0.0,0.0,0.0,0.0,0.0,0.0,0.0,0.0,0.0,0.0,0.0,0.0,0.0,0.0,0.0,0.0,0.0,0.0,0.0,0.0,0.0,0.0,0.0,0.0,0.0,0.0,0.0,0.0,0.0,0.0,0.0,0.0,0.0,0.0,0.0,0.0,0.0,0.0,0.0,0.0,0.0,0.0,0.0,0.0,0.0,0.0,0.0,0.0,0.0,0.0,0.0,0.0,0.0,0.0,0.0,0.0,0.0,0.0,0.0,1.0,0.0,0.0,23.0,0.0,1.0,1.0,57.23034722222222,14.0,-92,111.0,0.0,0,-9.631056220139146e-06,4.864998483522995e-05,none,-0.275,-0.0003,0.96971,none,-3.225,-0.0361,0.98474,none,22.553,0.4337,1,none,3.685,0.2043,0.9836,none,0,0,1,none,-1,-0.003,1,none
348ce6ec0270804ee2ed96275451db884650044b,bf12a6b554eb338b35af026daaf3340d29158ed0,2025-12-11T17:15:45+08:00,ok,1.0,1.0,1.0,1.0,1.0,0.0,0.0,1.0,2.0,0.0,0.0,0.0,0.0,0.0,0.0,0.0,0.0,0.0,0.0,0.0,0.0,0.0,0.0,0.0,0.0,0.0,0.0,0.0,0.0,0.0,0,0,0,0,0,0,0,0,0.0,0.0,0.0,0.0,0.0,0.0,0.0,0.0,0.0,0.0,0.0,0.0,0.0,0.0,0.0,0.0,0.0,0.0,0.0,0.0,0.0,0.0,0.0,0.0,0.0,0.0,0.0,0.0,0.0,0.0,0.0,0.0,0.0,0.0,0.0,0.0,0.0,0.0,0.0,0.0,0.0,0.0,0.0,0.0,0.0,0.0,0.0,0.0,0.0,0.0,0.0,0.0,0.0,0.0,0.0,0.0,0.0,0.0,0.0,0.0,0.0,0.0,0.0,1.0,0.0,0.0,18.0,0.0,1.0,45.0,71.87540509259259,14.0,-46,15.0,0.0,0,-4.81557448913821e-06,6.574002449911579e-06,none,-0.615,-0.0008,0.95873,none,1.289,0.0151,0.92551,none,3,0.06,1,none,2.385,0.1583,0.9836,none,0,0,1,none,-1,-0.003,1,none
06a919c13b9526abda4c55d0f69955fb8673a833,348ce6ec0270804ee2ed96275451db884650044b,2026-01-26T09:04:18-08:00,ok,1.0,1.0,1.0,1.0,1.0,0.0,0.0,0.0,0.0,0.0,0.0,0.0,0.0,0.0,0.0,0.0,0.0,1.0,2.0,0.0,0.0,0.0,0.0,0.0,0.0,0.0,0.0,0.0,0.0,1.0,0,0,0,0,0,0,0,0,0.0,0.0,0.0,0.0,0.0,0.0,0.0,0.0,0.0,0.0,0.0,0.0,0.0,0.0,0.0,0.0,0.0,0.0,0.0,0.0,0.0,0.0,0.0,0.0,0.0,0.0,0.0,0.0,0.0,0.0,0.0,0.0,0.0,0.0,0.0,0.0,0.0,0.0,0.0,0.0,0.0,0.0,0.0,0.0,0.0,0.0,0.0,0.0,0.0,0.0,0.0,0.0,0.0,0.0,0.0,0.0,0.0,0.0,1.0,0.0,0.0,0.0,0.0,0.0,0.0,0.0,43.0,0.0,1.0,0.0,0.0,0.0,144,-10.0,0.0,0,1.5074914473414917e-05,-4.382639488458319e-06,none,0.756,0.0009,0.96971,none,-1.481,-0.0169,0.98474,none,1,0.0189,1,none,1.115,0.0632,0.9836,none,0,0,1,none,1,0.003,1,none
dcf363038ab2f5b4571028669cf893d084b6b207,06a919c13b9526abda4c55d0f69955fb8673a833,2026-01-26T09:08:42-08:00,ok,1.0,1.0,1.0,1.0,1.0,0.0,0.0,0.0,0.0,0.0,0.0,0.0,0.0,0.0,0.0,0.0,0.0,1.0,2.0,0.0,0.0,0.0,0.0,0.0,0.0,0.0,0.0,0.0,0.0,1.0,0,0,0,0,0,0,0,0,0.0,0.0,0.0,0.0,0.0,0.0,0.0,0.0,0.0,0.0,0.0,0.0,0.0,0.0,0.0,0.0,0.0,0.0,0.0,0.0,0.0,0.0,0.0,0.0,0.0,0.0,0.0,0.0,0.0,0.0,0.0,0.0,0.0,0.0,0.0,0.0,0.0,0.0,0.0,0.0,0.0,0.0,0.0,0.0,0.0,0.0,0.0,0.0,0.0,0.0,0.0,0.0,0.0,0.0,0.0,0.0,0.0,0.0,1.0,0.0,0.0,0.0,0.0,0.0,0.0,0.0,48.0,0.0,1.0,0.0,0.0,0.0,69,5.0,1.0,0,7.223287628068104e-06,2.1913293480356925e-06,none,-3.894,-0.0048,0.95873,none,1.7,0.0199,0.98474,none,3,0.06,1,none,5.121,0.3114,0.59921,none,0,0,1,none,-18,-0.051,1,none
9f08829e970d0f518edc3eab8c5d77ab81d364b1,dcf363038ab2f5b4571028669cf893d084b6b207,2026-01-30T08:42:02+08:00,ok,4.0,223.0,335.0,2.0,3.0,0.14143000530046657,0.0,2.0,6.0,0.0,0.0,0.0,0.0,0.0,0.0,0.0,0.0,0.0,0.0,0.0,0.0,0.0,0.0,1.0,16.0,1.0,536.0,0.0,0.0,0.0,0,0,3,0,0,0,4,2,0.0,0.0,0.0,0.0,0.0,0.0,0.0,0.0,0.0,0.0,0.0,0.0,0.0,0.0,0.0,0.0,0.0,0.0,0.0,0.0,0.0,0.0,0.0,0.0,0.0,0.0,0.0,0.0,0.0,0.0,0.0,0.0,0.0,0.0,0.0,0.0,0.0,0.0,0.0,0.0,0.0,0.0,0.0,0.0,0.0,0.0,0.0,0.0,0.0,0.0,0.0,0.0,0.0,0.0,0.0,0.0,0.0,0.0,0.0,0.0,0.0,0.0,0.0,1.0,0.0,0.0,9.0,0.0,1.0,46.0,532.6009567901234,8.0,1442,646.0,498.0,0,0.00015095515250134362,0.0002831191313589499,none,-0.606,-0.0007,0.95873,none,-1.384,-0.016,0.8604,none,-19,-0.2754,1,none,-3.486,-0.166,0.9836,none,0,0,1,none,1,0.003,1,none
a7d6bc5007de1496fcc9f631a8710c5c5129fb0c,9f08829e970d0f518edc3eab8c5d77ab81d364b1,2026-01-30T08:46:04+08:00,ok,2.0,816.0,598.0,1.0,2.0,0.06068755172843929,0.0,0.0,0.0,0.0,0.0,0.0,0.0,0.0,0.0,0.0,0.0,0.0,0.0,0.0,0.0,0.0,0.0,1.0,10.0,1.0,1404.0,0.0,0.0,0.0,0,0,1,1,1,0,0,0,0.0,0.0,0.0,0.0,0.0,0.0,0.0,0.0,0.0,0.0,0.0,0.0,0.0,0.0,0.0,0.0,0.0,0.0,0.0,0.0,0.0,0.0,0.0,0.0,0.0,0.0,0.0,0.0,0.0,0.0,0.0,0.0,0.0,0.0,0.0,0.0,0.0,0.0,0.0,0.0,0.0,0.0,0.0,0.0,0.0,0.0,0.0,0.0,0.0,0.0,0.0,0.0,0.0,0.0,0.0,0.0,0.0,0.0,0.0,0.0,0.0,0.0,0.0,1.0,0.0,0.0,10.0,0.0,1.0,47.0,0.002800925925925926,7.0,-30479,-47772.0,-579.0,9,-0.0031901994861181994,-0.020930865315060523,none,0.178,0.0002,0.96971,none,0.108,0.0013,0.98474,none,-12.281,-0.2408,0.23968,none,-0.713,-0.0443,0.99244,none,0,0,1,none,1,0.003,1,none
f0b3801a4f7cc621a765682abf9a0ab88c1f7903,a7d6bc5007de1496fcc9f631a8710c5c5129fb0c,2026-02-10T11:43:50+01:00,ok,2.0,6.0,1.0,2.0,2.0,0.863120568566631,0.0,0.0,0.0,0.0,0.0,0.0,0.0,0.0,0.0,0.0,0.0,1.0,5.0,0.0,0.0,0.0,0.0,0.0,0.0,0.0,0.0,1.0,2.0,0.0,0,0,0,0,0,0,0,0,0.0,0.0,0.0,0.0,0.0,0.0,0.0,0.0,0.0,0.0,0.0,0.0,0.0,0.0,0.0,0.0,0.0,0.0,0.0,0.0,0.0,0.0,0.0,0.0,0.0,0.0,0.0,0.0,0.0,0.0,0.0,0.0,0.0,0.0,0.0,0.0,0.0,0.0,0.0,0.0,0.0,0.0,0.0,0.0,0.0,0.0,0.0,0.0,0.0,0.0,0.0,0.0,0.0,0.0,0.0,0.0,0.0,0.0,1.0,0.0,0.0,0.0,0.0,0.0,0.0,0.0,53.0,0.0,2.0,0.0,11.409479166666667,5.0,143,39.0,-4.0,0,1.5015536880521163e-05,1.7452795781256502e-05,none,38.244,0.0473,0.96971,none,-0.412,-0.0047,0.98474,none,2.736,0.0717,1,none,1.073,0.0584,1,none,0,0,1,none,-2,-0.0059,1,none
62f92b7092126be6b7b1ae8d2e60340d3fdf7976,f0b3801a4f7cc621a765682abf9a0ab88c1f7903,2026-02-10T11:45:53+01:00,ok,2.0,3.0,3.0,2.0,1.0,0.9182958340544896,0.0,0.0,0.0,0.0,0.0,0.0,0.0,0.0,0.0,0.0,0.0,2.0,6.0,0.0,0.0,0.0,0.0,0.0,0.0,0.0,0.0,0.0,0.0,1.0,0,0,0,0,0,0,0,0,0.0,0.0,0.0,0.0,0.0,0.0,0.0,0.0,0.0,0.0,0.0,0.0,0.0,0.0,0.0,0.0,0.0,0.0,0.0,0.0,0.0,0.0,0.0,0.0,0.0,0.0,0.0,0.0,0.0,0.0,0.0,0.0,0.0,0.0,0.0,0.0,0.0,0.0,0.0,0.0,0.0,0.0,0.0,0.0,0.0,0.0,0.0,0.0,0.0,0.0,0.0,0.0,0.0,0.0,0.0,0.0,0.0,0.0,1.0,0.0,0.0,0.0,0.0,0.0,0.0,0.0,102.0,0.0,1.0,0.0,0.0,0.0,-235,-1.0,1.0,0,-2.4675511770114114e-05,-4.474997740126141e-07,none,39.738,0.0492,0.95873,none,-0.716,-0.0082,0.98474,none,-0.417,-0.0104,1,none,-3.171,-0.1536,0.9836,none,0,0,1,none,17,0.0507,0.68224,none
7f0576d2e32bf8ea9bccf0ab41b57ecb4254fd22,4610ff099114e7a75d3b1b7f4aa3b2ceed5d9d15,2026-02-10T12:39:17+01:00,ok,12.0,15.0,15.0,7.0,3.0,0.9782223928152854,0.0,0.0,0.0,0.0,0.0,0.0,0.0,0.0,0.0,0.0,0.0,12.0,30.0,0.0,0.0,0.0,0.0,0.0,0.0,0.0,0.0,0.0,0.0,1.0,0,0,0,0,0,0,0,0,0.0,0.0,0.0,0.0,0.0,0.0,0.0,0.0,0.0,0.0,0.0,0.0,0.0,0.0,0.0,0.0,0.0,0.0,0.0,0.0,0.0,0.0,0.0,0.0,0.0,0.0,0.0,0.0,0.0,0.0,0.0,0.0,0.0,0.0,0.0,0.0,0.0,0.0,0.0,0.0,0.0,0.0,0.0,0.0,0.0,0.0,0.0,0.0,0.0,0.0,0.0,0.0,0.0,0.0,0.0,0.0,0.0,0.0,1.0,0.0,0.0,0.0,0.0,0.0,0.0,0.0,35.0,0.0,1.0,30.0,0.0,0.0,-471,-25.0,3.0,0,-4.9456970860288785e-05,-1.1187454299249188e-05,none,36.3,0.0448,0.96971,none,-0.051,-0.0006,1,none,-8.158,-0.17,1,none,4.123,0.2655,0.9836,none,0,0,1,none,3,0.0085,1,none
0bb67cab97bc88910a5c7886c45002d58a5aed12,7f0576d2e32bf8ea9bccf0ab41b57ecb4254fd22,2026-02-10T12:39:32+01:00,ok,1.0,118.0,117.0,1.0,1.0,0.0,0.0,0.0,0.0,0.0,0.0,0.0,0.0,0.0,0.0,0.0,0.0,0.0,0.0,0.0,0.0,0.0,0.0,0.0,0.0,1.0,235.0,0.0,0.0,0.0,0,0,0,0,0,0,0,0,0.0,0.0,0.0,0.0,0.0,0.0,0.0,0.0,0.0,0.0,0.0,0.0,0.0,0.0,0.0,0.0,0.0,0.0,0.0,0.0,0.0,0.0,0.0,0.0,0.0,0.0,0.0,0.0,0.0,0.0,0.0,0.0,0.0,0.0,0.0,0.0,0.0,0.0,0.0,0.0,0.0,0.0,0.0,0.0,0.0,0.0,0.0,0.0,0.0,0.0,0.0,0.0,0.0,0.0,0.0,0.0,1.0,0.0,0.0,0.0,0.0,0.0,0.0,0.0,0.0,1.0,73.0,0.0,1.0,92.0,0.0,0.0,-814,-136.0,11.0,0,-8.547763358006686e-05,-6.0860432261220135e-05,none,1.17,0.0014,0.96971,none,-0.405,-0.0047,0.98474,none,1.202,0.0295,1,none,1.005,0.0581,0.68481,none,0,0,1,none,18,0.0537,0.98645,none
75cdcac3f52d44479971504fef5d03c5a08d096c,0bb67cab97bc88910a5c7886c45002d58a5aed12,2026-02-10T12:42:52+01:00,ok,1.0,27.0,0.0,1.0,1.0,0.0,0.0,0.0,0.0,0.0,0.0,0.0,0.0,0.0,0.0,0.0,0.0,1.0,27.0,0.0,0.0,0.0,0.0,0.0,0.0,0.0,0.0,0.0,0.0,1.0,0,0,0,0,0,0,0,0,0.0,0.0,0.0,0.0,0.0,0.0,0.0,0.0,0.0,0.0,0.0,0.0,0.0,0.0,0.0,0.0,0.0,0.0,0.0,0.0,0.0,0.0,0.0,0.0,0.0,0.0,0.0,0.0,0.0,0.0,0.0,0.0,0.0,0.0,0.0,0.0,0.0,0.0,0.0,0.0,0.0,0.0,0.0,0.0,0.0,0.0,0.0,0.0,0.0,0.0,0.0,0.0,0.0,0.0,0.0,0.0,0.0,0.0,1.0,0.0,0.0,0.0,0.0,0.0,0.0,0.0,62.0,0.0,1.0,0.0,0.0,0.0,1829,451.0,-3.0,0,0.00019207857053216477,0.00020183621729391783,none,-38.998,-0.046,0.95873,none,-15.341,-0.1507,1,none,-2.133,-0.0559,1,none,1.667,0.0878,0.9836,none,0,0,1,none,-16,-0.0453,1,none
e4b729992e84252dc02a350adcc4b7dd48d17028,75cdcac3f52d44479971504fef5d03c5a08d096c,2026-02-10T12:43:00+01:00,ok,1.0,93.0,112.0,1.0,1.0,0.0,0.0,0.0,0.0,0.0,0.0,0.0,0.0,0.0,0.0,0.0,0.0,0.0,0.0,0.0,0.0,0.0,0.0,0.0,0.0,1.0,205.0,0.0,0.0,0.0,0,0,0,0,0,0,0,0,0.0,0.0,0.0,0.0,0.0,0.0,0.0,0.0,0.0,0.0,0.0,0.0,0.0,0.0,0.0,0.0,0.0,0.0,0.0,0.0,0.0,0.0,0.0,0.0,0.0,0.0,0.0,0.0,0.0,0.0,0.0,0.0,0.0,0.0,0.0,0.0,0.0,0.0,0.0,0.0,0.0,0.0,0.0,0.0,0.0,0.0,0.0,0.0,0.0,0.0,0.0,0.0,0.0,0.0,0.0,0.0,1.0,0.0,0.0,0.0,0.0,0.0,0.0,0.0,0.0,1.0,51.0,0.0,1.0,93.0,0.0,0.0,994,417.0,4.0,0,0.00010436819756122812,0.0001865825240633289,none,-39.506,-0.0466,0.96971,none,-0.467,-0.0053,0.98474,none,-1.102,-0.0268,1,none,5.538,0.3799,1,none,0,0,1,none,19,0.0565,0.98645,none
4610ff099114e7a75d3b1b7f4aa3b2ceed5d9d15,62f92b7092126be6b7b1ae8d2e60340d3fdf7976,2026-02-10T18:49:39+08:00,ok,1.0,3.0,1.0,1.0,1.0,0.0,0.0,1.0,4.0,0.0,0.0,0.0,0.0,0.0,0.0,0.0,0.0,0.0,0.0,0.0,0.0,0.0,0.0,0.0,0.0,0.0,0.0,0.0,0.0,0.0,0,0,0,0,0,0,0,0,0.0,0.0,0.0,0.0,0.0,0.0,0.0,0.0,0.0,0.0,0.0,0.0,0.0,0.0,0.0,0.0,0.0,0.0,0.0,0.0,0.0,0.0,0.0,0.0,0.0,0.0,0.0,0.0,0.0,0.0,0.0,0.0,0.0,0.0,0.0,0.0,0.0,0.0,0.0,0.0,0.0,0.0,0.0,0.0,0.0,0.0,0.0,0.0,0.0,0.0,0.0,0.0,0.0,0.0,0.0,0.0,0.0,0.0,0.0,0.0,0.0,0.0,0.0,1.0,0.0,0.0,69.0,0.0,1.0,0.0,1096.8301736111111,2.0,53,9.0,5.0,0,5.5652527459534574e-06,4.027499768418763e-06,none,0.091,0.0001,0.96971,none,-0.121,-0.0014,0.98474,none,-0.024,-0.0006,1,none,-1.644,-0.0877,0.9836,none,0,0,1,none,1,0.0028,1,none
3c48153e34e41fe31bb89712753cbc9d2194bb25,e4b729992e84252dc02a350adcc4b7dd48d17028,2026-02-22T08:41:29-08:00,ok,2.0,2.0,2.0,2.0,1.0,1.0,0.0,0.0,0.0,0.0,0.0,0.0,0.0,0.0,0.0,0.0,0.0,2.0,4.0,0.0,0.0,0.0,0.0,0.0,0.0,0.0,0.0,0.0,0.0,1.0,0,0,0,0,0,0,0,0,0.0,0.0,0.0,0.0,0.0,0.0,0.0,0.0,0.0,0.0,0.0,0.0,0.0,0.0,0.0,0.0,0.0,0.0,0.0,0.0,0.0,0.0,0.0,0.0,0.0,0.0,0.0,0.0,0.0,0.0,0.0,0.0,0.0,0.0,0.0,0.0,0.0,0.0,0.0,0.0,0.0,0.0,0.0,0.0,0.0,0.0,0.0,0.0,0.0,0.0,0.0,0.0,0.0,0.0,0.0,0.0,0.0,0.0,1.0,0.0,0.0,0.0,0.0,0.0,0.0,0.0,33.0,0.0,1.0,31.0,0.0,0.0,160,24.0,-4.0,0,1.679795669654743e-05,1.0736559281688395e-05,none,-0.77,-0.0009,0.96971,none,1.263,0.0147,0.8604,none,-0.906,-0.0229,1,none,0.95,0.0505,1,none,0,0,1,none,1,0.0028,1,none
67abccbebdc871db4fad2c1c39a81808996a81ae,3c48153e34e41fe31bb89712753cbc9d2194bb25,2026-02-22T08:52:45-08:00,ok,1.0,1.0,1.0,1.0,1.0,0.0,0.0,0.0,0.0,0.0,0.0,0.0,0.0,0.0,0.0,0.0,0.0,1.0,2.0,0.0,0.0,0.0,0.0,0.0,0.0,0.0,0.0,0.0,0.0,1.0,0,0,0,0,0,0,0,0,0.0,0.0,0.0,0.0,0.0,0.0,0.0,0.0,0.0,0.0,0.0,0.0,0.0,0.0,0.0,0.0,0.0,0.0,0.0,0.0,0.0,0.0,0.0,0.0,0.0,0.0,0.0,0.0,0.0,0.0,0.0,0.0,0.0,0.0,0.0,0.0,0.0,0.0,0.0,0.0,0.0,0.0,0.0,0.0,0.0,0.0,0.0,0.0,0.0,0.0,0.0,0.0,0.0,0.0,0.0,0.0,0.0,0.0,1.0,0.0,0.0,0.0,0.0,0.0,0.0,0.0,93.0,0.0,1.0,0.0,0.0,0.0,-247,-27.0,-1.0,0,-2.5931410055591905e-05,-1.2078499510373418e-05,none,-1.196,-0.0015,0.96971,none,2.736,0.0321,0.8604,none,-11,-0.2245,1,none,-0.513,-0.0269,0.9836,none,0,0,1,none,16,0.0475,1,none
c75d9a858f458274b3c4bfec443ac5a727113ddb,67abccbebdc871db4fad2c1c39a81808996a81ae,2026-02-22T08:55:42-08:00,ok,1.0,1.0,1.0,1.0,1.0,0.0,0.0,0.0,0.0,0.0,0.0,0.0,0.0,0.0,0.0,0.0,0.0,1.0,2.0,0.0,0.0,0.0,0.0,0.0,0.0,0.0,0.0,0.0,0.0,1.0,0,0,0,0,0,0,0,0,0.0,0.0,0.0,0.0,0.0,0.0,0.0,0.0,0.0,0.0,0.0,0.0,0.0,0.0,0.0,0.0,0.0,0.0,0.0,0.0,0.0,0.0,0.0,0.0,0.0,0.0,0.0,0.0,0.0,0.0,0.0,0.0,0.0,0.0,0.0,0.0,0.0,0.0,0.0,0.0,0.0,0.0,0.0,0.0,0.0,0.0,0.0,0.0,0.0,0.0,0.0,0.0,0.0,0.0,0.0,0.0,0.0,0.0,1.0,0.0,0.0,0.0,0.0,0.0,0.0,0.0,66.0,0.0,1.0,0.0,0.0,0.0,-39,-7.0,3.0,0,-4.09453934385112e-06,-3.131500659851925e-06,none,40.048,0.0496,0.96971,none,-0.606,-0.007,0.98474,none,3.644,0.1009,1,none,-0.513,-0.0277,0.99244,none,0,0,1,none,17,0.0506,0.98645,none
cacd027fa650882257f79eb63f0ba94946eab75d,c75d9a858f458274b3c4bfec443ac5a727113ddb,2026-02-22T12:28:43-05:00,ok,1.0,1.0,3.0,1.0,1.0,0.0,0.0,0.0,0.0,0.0,0.0,0.0,0.0,0.0,0.0,0.0,0.0,0.0,0.0,0.0,0.0,1.0,4.0,0.0,0.0,0.0,0.0,0.0,0.0,0.0,0,0,0,0,0,0,0,0,0.0,0.0,0.0,0.0,0.0,0.0,0.0,0.0,0.0,0.0,0.0,0.0,0.0,0.0,0.0,0.0,0.0,0.0,0.0,0.0,0.0,0.0,0.0,0.0,0.0,0.0,0.0,0.0,0.0,0.0,0.0,0.0,0.0,0.0,0.0,0.0,0.0,0.0,0.0,0.0,0.0,0.0,0.0,0.0,0.0,0.0,0.0,0.0,0.0,0.0,0.0,0.0,0.0,0.0,1.0,0.0,0.0,0.0,0.0,0.0,0.0,0.0,0.0,0.0,0.0,0.0,31.0,0.0,1.0,85.0,468.1518634259259,16.0,77,-26.0,4.0,0,8.084123600160506e-06,-1.1631324588664916e-05,none,-38.669,-0.0457,0.96971,none,1.877,0.022,0.98474,none,-6.869,-0.1602,1,none,-0.786,-0.0417,0.9836,none,0,0,1,none,-13,-0.0371,1,none
04de0400be86582019b6f2c5d8599cf177949671,cacd027fa650882257f79eb63f0ba94946eab75d,2026-02-27T09:07:43-08:00,ok,2.0,4.0,4.0,2.0,2.0,1.0,0.0,0.0,0.0,0.0,0.0,0.0,0.0,0.0,0.0,0.0,0.0,2.0,8.0,0.0,0.0,0.0,0.0,0.0,0.0,0.0,0.0,0.0,0.0,1.0,0,0,0,0,0,0,0,0,0.0,0.0,0.0,0.0,0.0,0.0,0.0,0.0,0.0,0.0,0.0,0.0,0.0,0.0,0.0,0.0,0.0,0.0,0.0,0.0,0.0,0.0,0.0,0.0,0.0,0.0,0.0,0.0,0.0,0.0,0.0,0.0,0.0,0.0,0.0,0.0,0.0,0.0,0.0,0.0,0.0,0.0,0.0,0.0,0.0,0.0,0.0,0.0,0.0,0.0,0.0,0.0,0.0,0.0,0.0,0.0,0.0,0.0,0.0,0.0,0.0,0.0,0.0,1.0,0.0,0.0,59.0,0.0,1.0,86.0,0.0,0.0,277,34.0,-5.0,0,2.908161213759403e-05,1.521037060962718e-05,none,-0.672,-0.0008,0.95873,none,-0.864,-0.01,0.98474,none,-8.241,-0.1951,1,none,0.022,0.0015,0.9836,none,0,0,1,none,2,0.0057,1,none
2951ff0ad155374d60455236c1e069c9ddbbb0c0,04de0400be86582019b6f2c5d8599cf177949671,2026-02-27T09:20:28-08:00,ok,1.0,82.0,82.0,1.0,1.0,0.0,0.0,0.0,0.0,0.0,0.0,0.0,0.0,0.0,0.0,0.0,0.0,0.0,0.0,0.0,0.0,0.0,0.0,0.0,0.0,1.0,164.0,0.0,0.0,0.0,0,0,0,0,0,0,0,0,0.0,0.0,0.0,0.0,0.0,0.0,0.0,0.0,0.0,0.0,0.0,0.0,0.0,0.0,0.0,0.0,0.0,0.0,0.0,0.0,0.0,0.0,0.0,0.0,0.0,0.0,0.0,0.0,0.0,0.0,0.0,0.0,0.0,0.0,0.0,0.0,0.0,0.0,0.0,0.0,0.0,0.0,0.0,0.0,0.0,0.0,0.0,0.0,0.0,0.0,0.0,0.0,0.0,0.0,0.0,0.0,1.0,0.0,0.0,0.0,0.0,0.0,0.0,0.0,0.0,1.0,51.0,0.0,1.0,94.0,0.0,0.0,-1530,-291.0,0.0,0,-0.00016062661597724602,-0.000130180897765049,none,39.198,0.0485,0.95873,none,0.086,0.001,0.98474,none,-0.066,-0.0016,1,none,2.694,0.1777,0.9836,none,0,0,1,none,1,0.003,1,none
c368cd34cc330ef48b74e009e5f3c6cf7b23525e,2951ff0ad155374d60455236c1e069c9ddbbb0c0,2026-03-06T19:37:50-08:00,ok,1.0,18.0,0.0,1.0,1.0,0.0,0.0,0.0,0.0,0.0,0.0,0.0,0.0,0.0,0.0,0.0,0.0,0.0,0.0,0.0,0.0,1.0,18.0,0.0,0.0,0.0,0.0,0.0,0.0,0.0,0,0,0,0,0,0,0,0,0.0,0.0,0.0,0.0,0.0,0.0,0.0,0.0,0.0,0.0,0.0,0.0,0.0,0.0,0.0,0.0,0.0,0.0,0.0,0.0,0.0,0.0,0.0,0.0,0.0,0.0,0.0,0.0,0.0,0.0,0.0,0.0,0.0,0.0,0.0,0.0,0.0,0.0,0.0,0.0,0.0,0.0,0.0,0.0,0.0,0.0,0.0,0.0,0.0,0.0,0.0,0.0,0.0,0.0,0.0,0.0,0.0,0.0,1.0,0.0,0.0,0.0,0.0,0.0,0.0,0.0,50.0,0.0,1.0,1.0,12.422997685185186,17.0,227,78.0,-2.0,0,2.3835359198863126e-05,3.489839198947679e-05,none,-0.433,-0.0005,0.96971,none,-0.051,-0.0006,0.98474,none,-1.925,-0.0468,1,none,-4.709,-0.2801,0.68481,none,0,0,1,none,5,0.0143,1,none
d5c0f96c988c638d32d0a2bf54d53d41751393f0,c368cd34cc330ef48b74e009e5f3c6cf7b23525e,2026-03-06T19:40:33-08:00,ok,1.0,42.0,0.0,1.0,1.0,0.0,0.0,0.0,0.0,0.0,0.0,0.0,0.0,0.0,0.0,0.0,0.0,0.0,0.0,0.0,0.0,1.0,42.0,0.0,0.0,0.0,0.0,0.0,0.0,0.0,0,0,0,0,0,0,0,0,0.0,0.0,0.0,0.0,0.0,0.0,0.0,0.0,0.0,0.0,0.0,0.0,0.0,0.0,0.0,0.0,0.0,0.0,0.0,0.0,0.0,0.0,0.0,0.0,0.0,0.0,0.0,0.0,0.0,0.0,0.0,0.0,0.0,0.0,0.0,0.0,0.0,0.0,0.0,0.0,0.0,0.0,0.0,0.0,0.0,0.0,0.0,0.0,0.0,0.0,0.0,0.0,0.0,0.0,0.0,0.0,0.0,0.0,1.0,0.0,0.0,0.0,0.0,0.0,0.0,0.0,52.0,0.0,1.0,0.0,0.0018865740740740742,17.0,-66,237.0,2.0,0,-6.929939259082394e-06,0.00010603372140780569,none,-0.319,-0.0004,1,none,-1.631,-0.0186,0.8604,none,6.457,0.1814,1,none,-1.038,-0.0511,0.99244,none,0,0,1,none,17,0.0506,1,none
76f5cb690f2573f1550c15ca4e9b1f3909c8a60c,d5c0f96c988c638d32d0a2bf54d53d41751393f0,2026-03-06T19:41:30-08:00,ok,2.0,2.0,2.0,1.0,2.0,1.0,0.0,0.0,0.0,0.0,0.0,0.0,0.0,0.0,0.0,0.0,0.0,1.0,2.0,0.0,0.0,0.0,0.0,1.0,2.0,0.0,0.0,0.0,0.0,0.0,0,0,0,0,0,0,0,0,0.0,0.0,0.0,0.0,0.0,0.0,0.0,0.0,0.0,0.0,0.0,0.0,0.0,0.0,0.0,0.0,0.0,0.0,0.0,0.0,0.0,0.0,0.0,0.0,0.0,0.0,0.0,0.0,0.0,0.0,0.0,0.0,0.0,0.0,0.0,0.0,0.0,0.0,0.0,0.0,0.0,0.0,0.0,0.0,0.0,0.0,0.0,0.0,0.0,0.0,0.0,0.0,0.0,0.0,0.0,0.0,0.0,0.0,1.0,0.0,0.0,0.0,0.0,0.0,0.0,0.0,55.0,0.0,1.0,0.0,36.121828703703706,7.0,146,7.0,5.0,0,1.532997186950162e-05,3.1314656377565285e-06,none,-0.607,-0.0008,0.96971,none,-0.536,-0.0062,0.98474,none,-11.659,-0.2257,1,none,-3.407,-0.1601,0.9836,none,0,0,1,none,-16,-0.0453,1,none
a23bdbe28511959a00d5ff3e272222e7ea7f5724,76f5cb690f2573f1550c15ca4e9b1f3909c8a60c,2026-03-07T15:21:35+05:30,ok,1.0,24.0,0.0,1.0,1.0,0.0,0.0,0.0,0.0,0.0,0.0,0.0,0.0,0.0,0.0,0.0,0.0,0.0,0.0,0.0,0.0,1.0,24.0,0.0,0.0,0.0,0.0,0.0,0.0,0.0,0,0,0,0,0,0,0,0,0.0,0.0,0.0,0.0,0.0,0.0,0.0,0.0,0.0,0.0,0.0,0.0,0.0,0.0,0.0,0.0,0.0,0.0,0.0,0.0,0.0,0.0,0.0,0.0,0.0,0.0,0.0,0.0,0.0,0.0,0.0,0.0,0.0,0.0,0.0,0.0,0.0,0.0,0.0,0.0,0.0,0.0,0.0,0.0,0.0,0.0,0.0,0.0,0.0,0.0,0.0,0.0,0.0,0.0,0.0,0.0,0.0,0.0,1.0,0.0,0.0,0.0,0.0,0.0,0.0,0.0,49.0,0.0,1.0,0.0,0.25766203703703705,17.0,210,176.0,-8.0,0,2.204962151824664e-05,7.873374662585633e-05,none,39.154,0.0484,0.96971,none,15.699,0.1535,0.8604,none,7.281,0.1245,1,none,1.252,0.0266,1,none,0,0,1,none,18,0.0507,0.98645,none
1fa271090056bc97934808305eeb69e1f9f0c141,a23bdbe28511959a00d5ff3e272222e7ea7f5724,2026-03-07T15:25:39+05:30,ok,1.0,3.0,2.0,1.0,1.0,0.0,0.0,0.0,0.0,0.0,0.0,0.0,0.0,0.0,0.0,0.0,0.0,0.0,0.0,0.0,0.0,1.0,5.0,0.0,0.0,0.0,0.0,0.0,0.0,0.0,0,0,0,0,0,0,0,0,0.0,0.0,0.0,0.0,0.0,0.0,0.0,0.0,0.0,0.0,0.0,0.0,0.0,0.0,0.0,0.0,0.0,0.0,0.0,0.0,0.0,0.0,0.0,0.0,0.0,0.0,0.0,0.0,0.0,0.0,0.0,0.0,0.0,0.0,0.0,0.0,0.0,0.0,0.0,0.0,0.0,0.0,0.0,0.0,0.0,0.0,0.0,0.0,0.0,0.0,0.0,0.0,0.0,0.0,1.0,0.0,0.0,0.0,0.0,0.0,0.0,0.0,0.0,0.0,0.0,0.0,23.0,0.0,1.0,1.0,0.002824074074074074,17.0,-129,10.0,7.0,0,-1.3544468853653904e-05,4.47315614267221e-06,none,-0.824,-0.001,0.96971,none,1.246,0.0122,0.98474,none,14.174,0.3516,1,none,3.469,0.1755,0.9836,none,0,0,1,none,0,0,1,none
4e071677b0c41c04f9dd6e3a92194866cfc10e98,1fa271090056bc97934808305eeb69e1f9f0c141,2026-03-07T15:26:27+05:30,ok,1.0,14.0,9.0,1.0,1.0,0.0,0.0,0.0,0.0,0.0,0.0,0.0,0.0,0.0,0.0,0.0,0.0,0.0,0.0,0.0,0.0,1.0,23.0,0.0,0.0,0.0,0.0,0.0,0.0,0.0,0,0,0,0,0,0,0,0,0.0,0.0,0.0,0.0,0.0,0.0,0.0,0.0,0.0,0.0,0.0,0.0,0.0,0.0,0.0,0.0,0.0,0.0,0.0,0.0,0.0,0.0,0.0,0.0,0.0,0.0,0.0,0.0,0.0,0.0,0.0,0.0,0.0,0.0,0.0,0.0,0.0,0.0,0.0,0.0,0.0,0.0,0.0,0.0,0.0,0.0,0.0,0.0,0.0,0.0,0.0,0.0,0.0,0.0,0.0,0.0,0.0,0.0,1.0,0.0,0.0,0.0,0.0,0.0,0.0,0.0,51.0,0.0,1.0,0.0,0.0005555555555555556,17.0,126,13.0,-4.0,0,1.322966039461767e-05,5.815076973726587e-06,none,0.045,0.0001,0.96971,none,17.321,0.2031,0.98474,none,-5.967,-0.1434,1,none,-0.972,-0.044,0.9836,none,0,0,1,none,1,0.0028,0.98645,none
5802689686dad75cade124471f36c8eaf68f009c,4e071677b0c41c04f9dd6e3a92194866cfc10e98,2026-03-07T15:27:43+05:30,ok,1.0,5.0,1.0,1.0,1.0,0.0,0.0,0.0,0.0,0.0,0.0,0.0,0.0,0.0,0.0,0.0,0.0,0.0,0.0,0.0,0.0,0.0,0.0,1.0,6.0,0.0,0.0,0.0,0.0,0.0,0,0,0,0,0,0,0,0,0.0,0.0,0.0,0.0,0.0,0.0,0.0,0.0,0.0,0.0,0.0,0.0,0.0,0.0,0.0,0.0,0.0,0.0,0.0,0.0,0.0,0.0,0.0,0.0,0.0,0.0,0.0,0.0,0.0,0.0,0.0,0.0,0.0,0.0,0.0,0.0,0.0,0.0,0.0,0.0,0.0,0.0,0.0,0.0,0.0,0.0,0.0,0.0,0.0,0.0,0.0,0.0,0.0,0.0,1.0,0.0,0.0,0.0,0.0,0.0,0.0,0.0,0.0,0.0,0.0,0.0,34.0,0.0,1.0,2.0,0.2612615740740741,8.0,78,27.0,-3.0,0,8.189681421392708e-06,1.2077397329821644e-05,none,-1.529,-0.0019,0.96971,none,-0.97,-0.0111,0.8604,none,-7.075,-0.1438,1,none,-5.25,-0.2198,0.88304,none,0,0,1,none,0,0,1,none
1e91ed7d09072c69ff61bc54ee1acb1f27b2f6f4,5802689686dad75cade124471f36c8eaf68f009c,2026-03-07T18:57:30+05:30,ok,1.0,2.0,2.0,1.0,1.0,0.0,0.0,0.0,0.0,0.0,0.0,0.0,0.0,0.0,0.0,0.0,0.0,0.0,0.0,0.0,0.0,1.0,4.0,0.0,0.0,0.0,0.0,0.0,0.0,0.0,0,0,0,0,0,0,0,0,0.0,0.0,0.0,0.0,0.0,0.0,0.0,0.0,0.0,0.0,0.0,0.0,0.0,0.0,0.0,0.0,0.0,0.0,0.0,0.0,0.0,0.0,0.0,0.0,0.0,0.0,0.0,0.0,0.0,0.0,0.0,0.0,0.0,0.0,0.0,0.0,0.0,0.0,0.0,0.0,0.0,0.0,0.0,0.0,0.0,0.0,0.0,0.0,0.0,0.0,0.0,0.0,0.0,0.0,0.0,0.0,0.0,0.0,1.0,0.0,0.0,0.0,0.0,0.0,0.0,0.0,45.0,0.0,1.0,4.0,0.1465625,18.0,-110,-13.0,2.0,0,-1.154945613611055e-05,-5.814972929064487e-06,none,-0.676,-0.0008,0.96971,none,16.665,0.1936,0.98474,none,-0.833,-0.0219,1,none,4.781,0.2975,0.9836,none,0,0,1,none,1,0.003,0.98645,none
ebab64ad9fd3bf6cdeb3f8bed388ae018440ddd6,1e91ed7d09072c69ff61bc54ee1acb1f27b2f6f4,2026-03-13T08:34:18+01:00,ok,1.0,5.0,13.0,1.0,1.0,0.0,0.0,0.0,0.0,0.0,0.0,0.0,0.0,0.0,0.0,0.0,0.0,0.0,0.0,0.0,0.0,1.0,18.0,0.0,0.0,0.0,0.0,0.0,0.0,0.0,0,0,0,0,0,0,0,0,0.0,0.0,0.0,0.0,0.0,0.0,0.0,0.0,0.0,0.0,0.0,0.0,0.0,0.0,0.0,0.0,0.0,0.0,0.0,0.0,0.0,0.0,0.0,0.0,0.0,0.0,0.0,0.0,0.0,0.0,0.0,0.0,0.0,0.0,0.0,0.0,0.0,0.0,0.0,0.0,0.0,0.0,0.0,0.0,0.0,0.0,0.0,0.0,0.0,0.0,0.0,0.0,0.0,0.0,0.0,0.0,0.0,0.0,1.0,0.0,0.0,0.0,0.0,0.0,0.0,0.0,34.0,0.0,1.0,40.0,5.754722222222222,18.0,-111,-61.0,-4.0,0,-1.1654585796020809e-05,-2.7285800871803703e-05,none,0.105,0.0001,0.96971,none,1.751,0.0205,0.98474,none,8,0.2424,0.7805,none,6.319,0.3324,0.9836,none,0,0,1,none,-1,-0.003,0.98645,none
2abab33eb4b163e51db0c73c0fc889b6b6c731f2,ebab64ad9fd3bf6cdeb3f8bed388ae018440ddd6,2026-03-16T13:38:31+01:00,ok,1.0,1.0,1.0,1.0,1.0,0.0,0.0,1.0,2.0,0.0,0.0,0.0,0.0,0.0,0.0,0.0,0.0,0.0,0.0,0.0,0.0,0.0,0.0,0.0,0.0,0.0,0.0,0.0,0.0,0.0,0,0,0,0,0,0,0,0,0.0,0.0,0.0,0.0,0.0,0.0,0.0,0.0,0.0,0.0,0.0,0.0,0.0,0.0,0.0,0.0,0.0,0.0,0.0,0.0,0.0,0.0,0.0,0.0,0.0,0.0,0.0,0.0,0.0,0.0,0.0,0.0,0.0,0.0,0.0,0.0,0.0,0.0,0.0,0.0,0.0,0.0,0.0,0.0,0.0,0.0,0.0,0.0,0.0,0.0,0.0,0.0,0.0,0.0,0.0,0.0,0.0,0.0,1.0,0.0,0.0,0.0,0.0,0.0,0.0,0.0,54.0,0.0,1.0,41.0,95.14081018518519,13.0,-63,9.0,3.0,0,-6.614842004498723e-06,4.025883748580876e-06,none,38.896,0.0481,0.96971,none,-1.375,-0.0158,0.98474,none,4.981,0.1358,1,none,-1.7,-0.0874,1,none,0,0,1,none,0,0,1,none
43e1197e4be4cce08f3b818fe123bed3808d7769,2abab33eb4b163e51db0c73c0fc889b6b6c731f2,2026-03-17T23:58:52+05:30,ok,1.0,8.0,14.0,1.0,1.0,0.0,0.0,1.0,22.0,0.0,0.0,0.0,0.0,0.0,0.0,0.0,0.0,0.0,0.0,0.0,0.0,0.0,0.0,0.0,0.0,0.0,0.0,0.0,0.0,0.0,0,0,0,0,0,0,0,0,0.0,0.0,0.0,0.0,0.0,0.0,0.0,0.0,0.0,0.0,0.0,0.0,0.0,0.0,0.0,0.0,0.0,0.0,0.0,0.0,0.0,0.0,0.0,0.0,0.0,0.0,0.0,0.0,0.0,0.0,0.0,0.0,0.0,0.0,0.0,0.0,0.0,0.0,0.0,0.0,0.0,0.0,0.0,0.0,0.0,0.0,0.0,0.0,0.0,0.0,0.0,0.0,0.0,0.0,0.0,0.0,0.0,0.0,1.0,0.0,0.0,0.0,0.0,0.0,0.0,0.0,43.0,0.0,1.0,42.0,1.243298611111111,13.0,-46,-8.0,-4.0,0,-4.829916587340536e-06,-3.578548925249928e-06,none,-0.101,-0.0001,1,none,12.724,0.1429,0.98474,none,4.558,0.1266,1,none,-0.765,-0.0378,0.99244,none,0,0,1,none,1,0.003,1,none
9b7a34485d89683d215e6f040def122cad069c0f,43e1197e4be4cce08f3b818fe123bed3808d7769,2026-03-17T23:59:56+05:30,ok,1.0,139.0,139.0,1.0,1.0,0.0,0.0,0.0,0.0,0.0,0.0,0.0,0.0,0.0,0.0,0.0,0.0,0.0,0.0,0.0,0.0,0.0,0.0,0.0,0.0,1.0,278.0,0.0,0.0,0.0,0,0,0,0,0,0,0,0,0.0,0.0,0.0,0.0,0.0,0.0,0.0,0.0,0.0,0.0,0.0,0.0,0.0,0.0,0.0,0.0,0.0,0.0,0.0,0.0,0.0,0.0,0.0,0.0,0.0,0.0,0.0,0.0,0.0,0.0,0.0,0.0,0.0,0.0,0.0,0.0,0.0,0.0,0.0,0.0,0.0,0.0,0.0,0.0,0.0,0.0,0.0,0.0,0.0,0.0,0.0,0.0,0.0,0.0,0.0,0.0,1.0,0.0,0.0,0.0,0.0,0.0,0.0,0.0,0.0,1.0,51.0,0.0,1.0,95.0,0.0,0.0,149,285.0,2.0,0,1.564480537862109e-05,0.0001274862616778534,none,-38.464,-0.0454,0.96971,none,1.512,0.0176,0.8604,none,-1.597,-0.0411,1,none,-0.211,-0.0103,0.9836,none,0,0,1,none,-16,-0.0453,0.68224,none
fcec1ef7ded8604dd53f29b317af185aa26153db,9b7a34485d89683d215e6f040def122cad069c0f,2026-03-18T00:02:32+05:30,ok,1.0,1.0,1.0,1.0,1.0,0.0,0.0,0.0,0.0,0.0,0.0,0.0,0.0,0.0,0.0,0.0,0.0,1.0,2.0,0.0,0.0,0.0,0.0,0.0,0.0,0.0,0.0,0.0,0.0,1.0,0,0,0,0,0,0,0,0,0.0,0.0,0.0,0.0,0.0,0.0,0.0,0.0,0.0,0.0,0.0,0.0,0.0,0.0,0.0,0.0,0.0,0.0,0.0,0.0,0.0,0.0,0.0,0.0,0.0,0.0,0.0,0.0,0.0,0.0,0.0,0.0,0.0,0.0,0.0,0.0,0.0,0.0,0.0,0.0,0.0,0.0,0.0,0.0,0.0,0.0,0.0,0.0,0.0,0.0,0.0,0.0,0.0,0.0,0.0,0.0,0.0,0.0,1.0,0.0,0.0,0.0,0.0,0.0,0.0,0.0,59.0,0.0,1.0,0.0,0.0,0.0,85,0.0,2.0,0,8.92474934841455e-06,0.0,none,39.524,0.0489,0.57386,none,-0.912,-0.0105,1,none,-12.256,-0.2313,1,none,-1.069,-0.0484,0.9836,none,0,0,1,none,-1,-0.0028,1,none
fd70b0a03e2b4f8a6699e3212d40561134626e62,fcec1ef7ded8604dd53f29b317af185aa26153db,2026-03-18T10:36:42+05:30,ok,1.0,1.0,1.0,1.0,1.0,0.0,0.0,0.0,0.0,0.0,0.0,0.0,0.0,0.0,0.0,0.0,0.0,1.0,2.0,0.0,0.0,0.0,0.0,0.0,0.0,0.0,0.0,0.0,0.0,1.0,0,0,0,0,0,0,0,0,0.0,0.0,0.0,0.0,0.0,0.0,0.0,0.0,0.0,0.0,0.0,0.0,0.0,0.0,0.0,0.0,0.0,0.0,0.0,0.0,0.0,0.0,0.0,0.0,0.0,0.0,0.0,0.0,0.0,0.0,0.0,0.0,0.0,0.0,0.0,0.0,0.0,0.0,0.0,0.0,0.0,0.0,0.0,0.0,0.0,0.0,0.0,0.0,0.0,0.0,0.0,0.0,0.0,0.0,0.0,0.0,0.0,0.0,1.0,0.0,0.0,0.0,0.0,0.0,0.0,0.0,47.0,0.0,1.0,1.0,0.0,0.0,256,14.0,1.0,0,2.687900520801725e-05,6.261684751008579e-06,none,38.266,0.0473,0.96971,none,16.559,0.1898,0.8604,none,0.738,0.0183,1,none,5.309,0.259,0.9836,none,0,0,1,none,1,0.0028,1,none
d4fd2e1c1667d56725725081e29babdf6e17bfba,fd70b0a03e2b4f8a6699e3212d40561134626e62,2026-03-19T13:46:14+05:30,ok,1.0,2.0,2.0,1.0,1.0,0.0,0.0,0.0,0.0,0.0,0.0,0.0,0.0,0.0,0.0,0.0,0.0,1.0,4.0,0.0,0.0,0.0,0.0,0.0,0.0,0.0,0.0,0.0,0.0,1.0,0,0,0,0,0,0,0,0,0.0,0.0,0.0,0.0,0.0,0.0,0.0,0.0,0.0,0.0,0.0,0.0,0.0,0.0,0.0,0.0,0.0,0.0,0.0,0.0,0.0,0.0,0.0,0.0,0.0,0.0,0.0,0.0,0.0,0.0,0.0,0.0,0.0,0.0,0.0,0.0,0.0,0.0,0.0,0.0,0.0,0.0,0.0,0.0,0.0,0.0,0.0,0.0,0.0,0.0,0.0,0.0,0.0,0.0,0.0,0.0,0.0,0.0,1.0,0.0,0.0,0.0,0.0,0.0,0.0,0.0,70.0,0.0,1.0,16.0,0.0,0.0,593,92.0,2.0,0,6.226102214329526e-05,4.1147956422525106e-05,none,-0.843,-0.001,0.95873,none,-14.965,-0.1466,0.98474,none,-17.326,-0.3122,1,none,0.073,0.0029,0.9836,none,0,0,1,none,-1,-0.0028,0.98645,none
77bc26feed68bae570ad9ce7ef91e0b889021a56,d4fd2e1c1667d56725725081e29babdf6e17bfba,2026-03-20T03:07:40+05:30,ok,1.0,109.0,157.0,1.0,1.0,0.0,0.0,0.0,0.0,0.0,0.0,0.0,0.0,0.0,0.0,0.0,0.0,0.0,0.0,0.0,0.0,0.0,0.0,0.0,0.0,1.0,266.0,0.0,0.0,0.0,0,0,0,0,0,0,0,0,0.0,0.0,0.0,0.0,0.0,0.0,0.0,0.0,0.0,0.0,0.0,0.0,0.0,0.0,0.0,0.0,0.0,0.0,0.0,0.0,0.0,0.0,0.0,0.0,0.0,0.0,0.0,0.0,0.0,0.0,0.0,0.0,0.0,0.0,0.0,0.0,0.0,0.0,0.0,0.0,0.0,0.0,0.0,0.0,0.0,0.0,0.0,0.0,0.0,0.0,0.0,0.0,0.0,0.0,0.0,0.0,1.0,0.0,0.0,0.0,0.0,0.0,0.0,0.0,0.0,1.0,73.0,0.0,1.0,96.0,0.0,0.0,45082,45.0,40.0,0,0.004733012906756748,2.0125889676134184e-05,none,-0.194,-0.0002,0.96971,none,15.826,0.1823,0.98474,none,-0.858,-0.0193,1,none,-0.059,-0.0022,0.99244,none,0,0,1,none,1,0.0028,1,none
c1c8f9617144a0ef8a526b7347c07b0b2771c3c5,77bc26feed68bae570ad9ce7ef91e0b889021a56,2026-03-31T19:43:26+05:30,ok,5.0,532.0,699.0,5.0,4.0,0.2662287210885535,0.0,4.0,162.0,0.0,0.0,0.0,0.0,0.0,0.0,0.0,0.0,0.0,0.0,0.0,0.0,0.0,0.0,0.0,0.0,1.0,1069.0,0.0,0.0,0.0,0,0,0,0,0,0,0,0,1.0,0.0,0.0,0.0,0.0,0.0,0.0,0.0,0.0,0.0,0.0,0.0,0.0,0.0,0.0,0.0,0.0,0.0,0.0,0.0,0.0,0.0,0.0,0.0,0.0,0.0,0.0,0.0,0.0,0.0,0.0,0.0,1.0,0.0,0.0,0.0,0.0,0.0,0.0,0.0,2.0,0.0,0.0,0.0,30.0,1.0,7.0,0.0,0.0,0.0,0.0,0.0,0.0,0.0,0.0,0.0,1.0,0.0,0.0,0.0,0.0,0.0,0.0,0.0,0.0,1.0,51.0,0.0,3.0,97.0,6.063443287037037,15.0,46003,6774.0,501.0,0,0.0048069543315827756,0.0030295562867318046,none,-38.303,-0.045,1,none,15.575,0.154,0.98474,none,-3.892,-0.0699,1,none,33.331,0.5402,0.9836,none,0,0,1,none,1047,2.8764,0.98645,none
037a76daf60b0638e2837e8daa3174262e37af65,c1c8f9617144a0ef8a526b7347c07b0b2771c3c5,2026-04-08T01:10:10+05:30,ok,2.0,1071.0,446.0,1.0,2.0,0.12889336007616709,0.0,0.0,0.0,0.0,0.0,0.0,0.0,0.0,0.0,0.0,0.0,0.0,0.0,0.0,0.0,0.0,0.0,1.0,27.0,1.0,1490.0,0.0,0.0,0.0,0,0,3,0,0,0,5,3,0.0,0.0,0.0,0.0,0.0,0.0,0.0,0.0,0.0,0.0,0.0,0.0,0.0,0.0,0.0,0.0,0.0,0.0,0.0,0.0,0.0,0.0,0.0,0.0,0.0,0.0,0.0,0.0,0.0,0.0,0.0,0.0,0.0,0.0,0.0,0.0,0.0,0.0,0.0,0.0,0.0,0.0,0.0,0.0,0.0,0.0,0.0,0.0,0.0,0.0,0.0,0.0,0.0,0.0,0.0,0.0,1.0,0.0,0.0,0.0,0.0,0.0,0.0,0.0,0.0,0.0,16.0,0.0,1.0,17.0,31.40447916666667,9.0,-51476,9022.0,68.0,0,-0.005353107955661008,0.004022748908146044,none,31.919,0.0374,0.96971,none,3.997,0.0297,1,none,1.561,0.0161,1,none,-3.792,-0.0276,0.9836,none,0,0,1,none,9,0.0202,1,none
b2ffdeb173dc654053fb2cfe9f47d068012d7aaa,037a76daf60b0638e2837e8daa3174262e37af65,2026-05-07T22:51:48+05:30,ok,1.0,129.0,102.0,1.0,1.0,0.0,0.0,0.0,0.0,0.0,0.0,0.0,0.0,0.0,0.0,0.0,0.0,0.0,0.0,0.0,0.0,0.0,0.0,0.0,0.0,1.0,231.0,0.0,0.0,0.0,0,0,0,0,0,0,0,0,0.0,0.0,0.0,0.0,0.0,0.0,0.0,0.0,0.0,0.0,0.0,0.0,0.0,0.0,0.0,0.0,0.0,0.0,0.0,0.0,0.0,0.0,0.0,0.0,0.0,0.0,0.0,0.0,0.0,0.0,0.0,0.0,0.0,0.0,0.0,0.0,0.0,0.0,0.0,0.0,0.0,0.0,0.0,0.0,0.0,0.0,0.0,0.0,0.0,0.0,0.0,0.0,0.0,0.0,0.0,0.0,1.0,0.0,0.0,0.0,0.0,0.0,0.0,0.0,0.0,1.0,51.0,0.0,1.0,98.0,0.0,0.0,1304,1166.0,-14.0,0,0.0001363357875169113,0.0005178155643989809,none,0.005,0,1,none,2.714,0.0238,0.98474,none,4.219,0.0625,1,none,-7.064,-0.0922,0.9836,none,0,0,1,none,14,0.0359,1,none
cccdebc775b648793aade100a0c11bda2db3bc3a,b2ffdeb173dc654053fb2cfe9f47d068012d7aaa,2026-05-07T22:57:43+05:30,ok,1.0,4.0,4.0,1.0,1.0,0.0,0.0,0.0,0.0,0.0,0.0,0.0,0.0,0.0,0.0,0.0,0.0,0.0,0.0,0.0,0.0,0.0,0.0,0.0,0.0,1.0,8.0,0.0,0.0,0.0,0,0,0,0,0,0,0,0,0.0,0.0,0.0,0.0,0.0,0.0,0.0,0.0,0.0,0.0,0.0,0.0,0.0,0.0,0.0,0.0,0.0,0.0,0.0,0.0,0.0,0.0,0.0,0.0,0.0,0.0,0.0,0.0,0.0,0.0,0.0,0.0,0.0,0.0,0.0,0.0,0.0,0.0,0.0,0.0,0.0,0.0,0.0,0.0,0.0,0.0,0.0,0.0,0.0,0.0,0.0,0.0,0.0,0.0,0.0,0.0,1.0,0.0,0.0,0.0,0.0,0.0,0.0,0.0,0.0,1.0,55.0,0.0,1.0,99.0,0.0,0.0,29075,28752.0,5.0,0,0.0030394345595888073,0.012762030650711761,none,0.865,0.0011,0.96971,none,-1.19,-0.0112,0.98474,none,3.303,0.0472,1,none,-4.138,-0.0926,1,none,0,0,1,none,-11,-0.0271,1,none
e5a057e27aed9c22ee62acb5ef889e8c41866771,cccdebc775b648793aade100a0c11bda2db3bc3a,2026-05-16T13:20:28-07:00,ok,5.0,24.0,52.0,1.0,1.0,0.8002480641796568,0.0,0.0,0.0,0.0,0.0,0.0,0.0,0.0,0.0,0.0,0.0,5.0,76.0,0.0,0.0,0.0,0.0,0.0,0.0,0.0,0.0,0.0,0.0,1.0,0,0,0,0,0,0,0,0,0.0,0.0,0.0,0.0,0.0,0.0,0.0,0.0,0.0,0.0,0.0,0.0,0.0,0.0,0.0,0.0,0.0,0.0,0.0,0.0,0.0,0.0,0.0,0.0,0.0,0.0,0.0,0.0,0.0,0.0,0.0,0.0,0.0,0.0,0.0,0.0,0.0,0.0,0.0,0.0,0.0,0.0,0.0,0.0,0.0,0.0,0.0,0.0,0.0,0.0,0.0,0.0,0.0,0.0,0.0,0.0,0.0,0.0,1.0,0.0,0.0,0.0,0.0,0.0,0.0,0.0,52.0,0.0,1.0,87.0,0.0,0.0,-2936,-759.0,-3.0,0,-0.0003059927364244644,-0.00033264889763486195,none,-0.172,-0.0002,0.96971,none,2.792,0.0287,0.98474,none,2.137,0.0324,1,none,-5.698,-0.1789,0.9836,none,0,0,1,none,-2,-0.0053,1,none
ec44a2fbf8ccee586c3c68abd1183424e9be620d,e5a057e27aed9c22ee62acb5ef889e8c41866771,2026-05-20T09:04:02-04:00,ok,4.0,748.0,511.0,4.0,3.0,0.29607010656934546,0.0,3.0,160.0,0.0,0.0,0.0,0.0,0.0,0.0,0.0,0.0,0.0,0.0,0.0,0.0,0.0,0.0,0.0,0.0,1.0,1099.0,0.0,0.0,0.0,0,0,0,0,0,0,0,0,0.0,1.0,0.0,0.0,0.0,0.0,0.0,0.0,0.0,0.0,0.0,0.0,0.0,0.0,0.0,0.0,0.0,0.0,0.0,0.0,0.0,0.0,0.0,0.0,0.0,0.0,0.0,0.0,0.0,0.0,0.0,0.0,0.0,0.0,0.0,0.0,0.0,0.0,0.0,0.0,0.0,2.0,0.0,0.0,1.0,30.0,0.0,7.0,0.0,0.0,0.0,0.0,0.0,0.0,0.0,0.0,0.0,0.0,0.0,0.0,0.0,0.0,0.0,1.0,1.0,0.0,42.0,0.0,1.0,49.0,58.03629629629629,12.0,-78571,-34728.0,-903.0,0,-0.008191251454457711,-0.015225395299979044,none,-11.573,-0.0141,1,none,-22.181,-0.1864,0.98474,none,-16.656,-0.2075,1,none,-26.061,-0.4262,0.9836,none,0,0,1,none,31,0.0597,1,none
207853229d1f1bc5ec182a7dd0c12127ae2e2ed2,ec44a2fbf8ccee586c3c68abd1183424e9be620d,2026-06-02T11:18:42+02:00,ok,1.0,1.0,1.0,1.0,1.0,0.0,0.0,0.0,0.0,0.0,0.0,0.0,0.0,0.0,0.0,0.0,0.0,1.0,2.0,0.0,0.0,0.0,0.0,0.0,0.0,0.0,0.0,0.0,0.0,1.0,0,0,0,0,0,0,0,0,0.0,0.0,0.0,0.0,0.0,0.0,0.0,0.0,0.0,0.0,0.0,0.0,0.0,0.0,0.0,0.0,0.0,0.0,0.0,0.0,0.0,0.0,0.0,0.0,0.0,0.0,0.0,0.0,0.0,0.0,0.0,0.0,0.0,0.0,0.0,0.0,0.0,0.0,0.0,0.0,0.0,0.0,0.0,0.0,0.0,0.0,0.0,0.0,0.0,0.0,0.0,0.0,0.0,0.0,0.0,0.0,0.0,0.0,1.0,0.0,0.0,0.0,0.0,0.0,0.0,0.0,47.0,0.0,1.0,1.0,0.0,0.0,51,-4.0,1.0,0,5.360807577280771e-06,-1.780786911928512e-06,none,-1.416,-0.0017,0.95873,none,-2.872,-0.0256,0.98474,none,-30.22,-0.4018,0.7805,none,-0.351,-0.0047,1,none,0,0,1,none,-26,-0.0346,1,none
2278428482306ef1fdcf3acbee00fd3a37e9f058,207853229d1f1bc5ec182a7dd0c12127ae2e2ed2,2026-06-02T11:19:05+02:00,ok,1.0,1.0,1.0,1.0,1.0,0.0,0.0,0.0,0.0,0.0,0.0,0.0,0.0,0.0,0.0,0.0,0.0,0.0,0.0,0.0,0.0,1.0,2.0,0.0,0.0,0.0,0.0,0.0,0.0,0.0,0,0,0,0,0,0,0,0,0.0,0.0,0.0,0.0,0.0,0.0,0.0,0.0,0.0,0.0,0.0,0.0,0.0,0.0,0.0,0.0,0.0,0.0,0.0,0.0,0.0,0.0,0.0,0.0,0.0,0.0,0.0,0.0,0.0,0.0,0.0,0.0,0.0,0.0,0.0,0.0,0.0,0.0,0.0,0.0,0.0,0.0,0.0,0.0,0.0,0.0,0.0,0.0,0.0,0.0,0.0,0.0,0.0,0.0,0.0,0.0,0.0,0.0,1.0,0.0,0.0,0.0,0.0,0.0,0.0,0.0,40.0,0.0,1.0,2.0,194.72291666666666,14.0,74,-4.0,0.0,0,7.778384982335183e-06,-1.780790083136185e-06,none,0.192,0.0002,0.96971,none,5.198,0.0509,0.86801,none,-6.786,-0.1586,1,none,10.942,0.3211,0.9836,none,0,0,1,none,-32,-0.0437,1,none
af725599bb1cc7bdd174b5a4f16055a18348026b,2278428482306ef1fdcf3acbee00fd3a37e9f058,2026-06-02T11:21:04+02:00,ok,1.0,1.0,1.0,1.0,1.0,0.0,0.0,0.0,0.0,0.0,0.0,0.0,0.0,0.0,0.0,0.0,0.0,1.0,2.0,0.0,0.0,0.0,0.0,0.0,0.0,0.0,0.0,0.0,0.0,1.0,0,0,0,0,0,0,0,0,0.0,0.0,0.0,0.0,0.0,0.0,0.0,0.0,0.0,0.0,0.0,0.0,0.0,0.0,0.0,0.0,0.0,0.0,0.0,0.0,0.0,0.0,0.0,0.0,0.0,0.0,0.0,0.0,0.0,0.0,0.0,0.0,0.0,0.0,0.0,0.0,0.0,0.0,0.0,0.0,0.0,0.0,0.0,0.0,0.0,0.0,0.0,0.0,0.0,0.0,0.0,0.0,0.0,0.0,0.0,0.0,0.0,0.0,0.0,0.0,0.0,0.0,0.0,1.0,0.0,0.0,60.0,0.0,1.0,0.0,0.0,0.0,-232,2.0,0.0,0,-2.4386098368265194e-05,8.903966271775762e-07,none,0.213,0.0003,0.96971,none,3.008,0.0285,0.98474,none,-0.618,-0.0152,1,none,-1.695,-0.0395,0.9836,none,0,0,1,none,29,0.0419,1,none
ef3d01df6c56f3849fa205fb354f1ba9b75937ee,af725599bb1cc7bdd174b5a4f16055a18348026b,2026-06-02T11:22:06+02:00,ok,1.0,28.0,0.0,1.0,1.0,0.0,0.0,0.0,0.0,0.0,0.0,0.0,0.0,0.0,0.0,0.0,0.0,1.0,28.0,0.0,0.0,0.0,0.0,0.0,0.0,0.0,0.0,0.0,0.0,1.0,0,0,0,0,0,0,0,0,0.0,0.0,0.0,0.0,0.0,0.0,0.0,0.0,0.0,0.0,0.0,0.0,0.0,0.0,0.0,0.0,0.0,0.0,0.0,0.0,0.0,0.0,0.0,0.0,0.0,0.0,0.0,0.0,0.0,0.0,0.0,0.0,0.0,0.0,0.0,0.0,0.0,0.0,0.0,0.0,0.0,0.0,0.0,0.0,0.0,0.0,0.0,0.0,0.0,0.0,0.0,0.0,0.0,0.0,0.0,0.0,0.0,0.0,1.0,0.0,0.0,0.0,0.0,0.0,0.0,0.0,45.0,0.0,1.0,0.0,0.0,0.0,1589,294.0,0.0,0,0.00016702782448098128,0.00013088818765270288,none,-1.053,-0.0012,0.95873,none,-5.635,-0.0519,0.8604,none,-2.89,-0.057,1,none,7.703,0.2218,0.9836,none,0,0,1,none,-11,-0.0153,0.98645,none
40556f6a63d94f7e5fd96a17300ec21b82e4d897,ef3d01df6c56f3849fa205fb354f1ba9b75937ee,2026-06-02T11:25:52+02:00,ok,1.0,8.0,8.0,1.0,1.0,0.0,0.0,0.0,0.0,0.0,0.0,0.0,0.0,0.0,0.0,0.0,0.0,0.0,0.0,0.0,0.0,0.0,0.0,0.0,0.0,1.0,16.0,0.0,0.0,0.0,0,0,0,0,0,0,0,0,0.0,0.0,0.0,0.0,0.0,0.0,0.0,0.0,0.0,0.0,0.0,0.0,0.0,0.0,0.0,0.0,0.0,0.0,0.0,0.0,0.0,0.0,0.0,0.0,0.0,0.0,0.0,0.0,0.0,0.0,0.0,0.0,0.0,0.0,0.0,0.0,0.0,0.0,0.0,0.0,0.0,0.0,0.0,0.0,0.0,0.0,0.0,0.0,0.0,0.0,0.0,0.0,0.0,0.0,0.0,0.0,1.0,0.0,0.0,0.0,0.0,0.0,0.0,0.0,0.0,1.0,55.0,0.0,1.0,100.0,0.0,0.0,28343,28755.0,3.0,0,0.0029787785021798273,0.012799990741095203,none,-0.271,-0.0003,0.96971,none,-4.737,-0.0423,0.8604,none,-5.288,-0.0893,1,none,-11.389,-0.205,0.99244,none,0,0,1,none,-100,-0.1248,0.98645,none
0c0d00eff54c9ade3d4daed52749c7c18ff5223e,40556f6a63d94f7e5fd96a17300ec21b82e4d897,2026-06-02T11:26:00+02:00,ok,1.0,99.0,136.0,1.0,1.0,0.0,0.0,0.0,0.0,0.0,0.0,0.0,0.0,0.0,0.0,0.0,0.0,0.0,0.0,0.0,0.0,0.0,0.0,0.0,0.0,1.0,235.0,0.0,0.0,0.0,0,0,0,0,0,0,0,0,0.0,0.0,0.0,0.0,0.0,0.0,0.0,0.0,0.0,0.0,0.0,0.0,0.0,0.0,0.0,0.0,0.0,0.0,0.0,0.0,0.0,0.0,0.0,0.0,0.0,0.0,0.0,0.0,0.0,0.0,0.0,0.0,0.0,0.0,0.0,0.0,0.0,0.0,0.0,0.0,0.0,0.0,0.0,0.0,0.0,0.0,0.0,0.0,0.0,0.0,0.0,0.0,0.0,0.0,0.0,0.0,1.0,0.0,0.0,0.0,0.0,0.0,0.0,0.0,0.0,1.0,51.0,0.0,1.0,101.0,0.0,0.0,2018,-289.0,11.0,0,0.00021145687605263452,-0.00012701951133967787,none,0.398,0.0005,0.96971,none,6.532,0.0609,0.8604,none,17,0.3269,1,none,11.109,0.2516,0.9836,none,0,0,1,none,-18,-0.025,1,none
0d10a2b3b29e9272a8b81013282e02cf7d710ed4,0c0d00eff54c9ade3d4daed52749c7c18ff5223e,2026-06-08T08:00:30-07:00,ok,1.0,25.0,0.0,1.0,1.0,0.0,0.0,0.0,0.0,0.0,0.0,0.0,0.0,0.0,0.0,0.0,0.0,0.0,0.0,0.0,0.0,1.0,25.0,0.0,0.0,0.0,0.0,0.0,0.0,0.0,0,0,0,0,0,0,0,0,0.0,0.0,0.0,0.0,0.0,0.0,0.0,0.0,0.0,0.0,0.0,0.0,0.0,0.0,0.0,0.0,0.0,0.0,0.0,0.0,0.0,0.0,0.0,0.0,0.0,0.0,0.0,0.0,0.0,0.0,0.0,0.0,0.0,0.0,0.0,0.0,0.0,0.0,0.0,0.0,0.0,0.0,0.0,0.0,0.0,0.0,0.0,0.0,0.0,0.0,0.0,0.0,0.0,0.0,0.0,0.0,0.0,0.0,1.0,0.0,0.0,0.0,0.0,0.0,0.0,0.0,48.0,0.0,1.0,0.0,87.3098611111111,18.0,4,108.0,-10.0,0,4.1905286718590807e-07,4.747352911182302e-05,none,-0.011,0,0.96971,none,10.007,0.0878,0.98474,none,-26.684,-0.3032,1,none,-7.861,-0.091,1,none,0,0,1,none,-55,-0.0717,1,none
6d2a58729dd21cf238e33f1156d42afbb5f2a43a,0d10a2b3b29e9272a8b81013282e02cf7d710ed4,2026-06-11T08:49:52-07:00,ok,1.0,0.0,1.0,1.0,1.0,0.0,0.0,1.0,1.0,0.0,0.0,0.0,0.0,0.0,0.0,0.0,0.0,0.0,0.0,0.0,0.0,0.0,0.0,0.0,0.0,0.0,0.0,0.0,0.0,0.0,0,0,0,0,0,0,0,0,0.0,0.0,0.0,0.0,0.0,0.0,0.0,0.0,0.0,0.0,0.0,0.0,0.0,0.0,0.0,0.0,0.0,0.0,0.0,0.0,0.0,0.0,0.0,0.0,0.0,0.0,0.0,0.0,0.0,0.0,0.0,0.0,0.0,0.0,0.0,0.0,0.0,0.0,0.0,0.0,0.0,0.0,0.0,0.0,0.0,0.0,0.0,0.0,0.0,0.0,0.0,1.0,0.0,0.0,0.0,0.0,0.0,0.0,0.0,0.0,0.0,0.0,0.0,0.0,0.0,0.0,70.0,0.0,1.0,2.0,1498.1382060185185,2.0,16,-2.0,1.0,0,1.6762107663227048e-06,-8.790976941267483e-07,none,-2.443,-0.0029,0.96971,none,9.092,0.0857,0.92551,none,-16.782,-0.2147,1,none,-4.954,-0.1,0.9836,none,0,0,1,none,27,0.0371,1,none
31dd2ae059a2f8d66a7356452b0f79f7ca6a394a,6d2a58729dd21cf238e33f1156d42afbb5f2a43a,2026-06-11T09:30:50-07:00,ok,1.0,1.0,1.0,1.0,1.0,0.0,0.0,0.0,0.0,0.0,0.0,0.0,0.0,0.0,0.0,0.0,0.0,1.0,2.0,0.0,0.0,0.0,0.0,0.0,0.0,0.0,0.0,0.0,0.0,1.0,0,0,0,0,0,0,0,0,0.0,0.0,0.0,0.0,0.0,0.0,0.0,0.0,0.0,0.0,0.0,0.0,0.0,0.0,0.0,0.0,0.0,0.0,0.0,0.0,0.0,0.0,0.0,0.0,0.0,0.0,0.0,0.0,0.0,0.0,0.0,0.0,0.0,0.0,0.0,0.0,0.0,0.0,0.0,0.0,0.0,0.0,0.0,0.0,0.0,0.0,0.0,0.0,0.0,0.0,0.0,0.0,0.0,0.0,0.0,0.0,0.0,0.0,1.0,0.0,0.0,0.0,0.0,0.0,0.0,0.0,42.0,0.0,1.0,0.0,0.0,0.0,69,21.0,-6.0,0,7.2286468130310505e-06,9.230533902871927e-06,none,-1.368,-0.0016,0.2996,none,16.656,0.1537,0.98474,none,10.079,0.16,1,none,24.423,0.3998,0.9836,none,0,0,1,none,-114,-0.1404,0.98645,none
2f06e79da93335a30152c68182bc1c5e36b74778,31dd2ae059a2f8d66a7356452b0f79f7ca6a394a,2026-06-11T09:33:25-07:00,ok,1.0,24.0,0.0,1.0,1.0,0.0,0.0,0.0,0.0,0.0,0.0,0.0,0.0,0.0,0.0,0.0,0.0,1.0,24.0,0.0,0.0,0.0,0.0,0.0,0.0,0.0,0.0,0.0,0.0,1.0,0,0,0,0,0,0,0,0,0.0,0.0,0.0,0.0,0.0,0.0,0.0,0.0,0.0,0.0,0.0,0.0,0.0,0.0,0.0,0.0,0.0,0.0,0.0,0.0,0.0,0.0,0.0,0.0,0.0,0.0,0.0,0.0,0.0,0.0,0.0,0.0,0.0,0.0,0.0,0.0,0.0,0.0,0.0,0.0,0.0,0.0,0.0,0.0,0.0,0.0,0.0,0.0,0.0,0.0,0.0,0.0,0.0,0.0,0.0,0.0,0.0,0.0,1.0,0.0,0.0,0.0,0.0,0.0,0.0,0.0,57.0,0.0,1.0,0.0,0.0,0.0,2755,625.0,0.0,0,0.00028861997120295546,0.00027471573514590045,none,-1.047,-0.0012,0.84151,none,5.4,0.0467,0.98474,none,-7.516,-0.1694,1,none,-2.072,-0.0268,0.99244,none,0,0,1,none,83,0.1189,0.98645,none
a5de9ecda29378fbe97c312e9ef7e23b32c89637,2f06e79da93335a30152c68182bc1c5e36b74778,2026-06-11T09:51:50-07:00,ok,1.0,13.0,9.0,1.0,1.0,0.0,0.0,1.0,22.0,0.0,0.0,0.0,0.0,0.0,0.0,0.0,0.0,0.0,0.0,0.0,0.0,0.0,0.0,0.0,0.0,0.0,0.0,0.0,0.0,0.0,0,0,0,0,0,0,0,0,0.0,0.0,0.0,0.0,0.0,0.0,0.0,0.0,0.0,0.0,0.0,0.0,0.0,0.0,0.0,0.0,0.0,0.0,0.0,0.0,0.0,0.0,0.0,0.0,0.0,0.0,0.0,0.0,0.0,0.0,0.0,0.0,0.0,0.0,0.0,0.0,0.0,0.0,0.0,0.0,0.0,0.0,0.0,0.0,0.0,0.0,0.0,0.0,0.0,0.0,0.0,0.0,0.0,0.0,0.0,0.0,0.0,0.0,1.0,0.0,0.0,0.0,0.0,0.0,0.0,0.0,51.0,0.0,1.0,6.0,491.5374884259259,9.0,99,19.0,15.0,0,1.0368469212820581e-05,8.34906472898057e-06,none,0.054,0.0001,0.96971,none,-1.746,-0.0164,0.98474,none,6.518,0.1637,1,none,1.894,0.0363,0.9836,none,0,0,1,none,-8,-0.0112,1,none
84f5304972104c60aad15c0111675eaa9e94f05c,a5de9ecda29378fbe97c312e9ef7e23b32c89637,2026-06-12T09:59:34-07:00,ok,1.0,108.0,87.0,1.0,1.0,0.0,0.0,0.0,0.0,0.0,0.0,0.0,0.0,0.0,0.0,0.0,0.0,0.0,0.0,0.0,0.0,0.0,0.0,0.0,0.0,1.0,195.0,0.0,0.0,0.0,0,0,0,0,0,0,0,0,0.0,0.0,0.0,0.0,0.0,0.0,0.0,0.0,0.0,0.0,0.0,0.0,0.0,0.0,0.0,0.0,0.0,0.0,0.0,0.0,0.0,0.0,0.0,0.0,0.0,0.0,0.0,0.0,0.0,0.0,0.0,0.0,0.0,0.0,0.0,0.0,0.0,0.0,0.0,0.0,0.0,0.0,0.0,0.0,0.0,0.0,0.0,0.0,0.0,0.0,0.0,0.0,0.0,0.0,0.0,0.0,1.0,0.0,0.0,0.0,0.0,0.0,0.0,0.0,0.0,1.0,51.0,0.0,1.0,102.0,0.0,0.0,1116,1418.0,4.0,0,0.00011687971380808141,0.000623098681166381,none,-0.083,-0.0001,0.96971,none,3.882,0.0377,0.98474,none,-11,-0.275,1,none,-5.9,-0.1168,0.9836,none,0,0,1,none,-1,-0.0015,1,none
066d5c9072c3dd34d9a9efe92470ed6596f612ef,84f5304972104c60aad15c0111675eaa9e94f05c,2026-06-17T09:24:10-07:00,ok,2.0,6.0,0.0,2.0,2.0,0.6500224216483541,0.0,1.0,5.0,0.0,0.0,0.0,0.0,0.0,0.0,0.0,0.0,1.0,1.0,0.0,0.0,0.0,0.0,0.0,0.0,0.0,0.0,0.0,0.0,0.0,0,0,0,0,0,0,0,0,0.0,0.0,0.0,0.0,0.0,0.0,0.0,0.0,0.0,0.0,0.0,0.0,0.0,0.0,0.0,0.0,0.0,0.0,0.0,0.0,0.0,0.0,0.0,0.0,0.0,0.0,0.0,0.0,0.0,0.0,0.0,0.0,0.0,0.0,0.0,0.0,0.0,0.0,0.0,0.0,0.0,0.0,0.0,0.0,0.0,0.0,0.0,0.0,0.0,0.0,0.0,0.0,0.0,0.0,0.0,0.0,0.0,0.0,1.0,0.0,0.0,0.0,0.0,0.0,0.0,0.0,24.0,0.0,1.0,0.0,91.91340277777778,13.0,6098,10.0,17.0,0,0.0006385745524794558,4.391471586520114e-06,none,-1.28,-0.0015,0.96971,none,-6.001,-0.0559,0.8604,none,-3,-0.0769,1,none,-9.402,-0.2181,0.9836,none,0,0,1,none,-45,-0.0611,0.98645,none
0abb5879fe39dabb0c682665a7df9d7ed37a6c3c,066d5c9072c3dd34d9a9efe92470ed6596f612ef,2026-07-03T10:18:39-07:00,ok,3.0,43.0,4.0,3.0,2.0,0.5554835496668347,0.0,0.0,0.0,0.0,0.0,0.0,0.0,0.0,0.0,0.0,0.0,3.0,47.0,0.0,0.0,0.0,0.0,0.0,0.0,0.0,0.0,0.0,0.0,1.0,0,0,0,0,0,0,0,0,0.0,0.0,0.0,0.0,0.0,0.0,0.0,0.0,0.0,0.0,0.0,0.0,0.0,0.0,0.0,0.0,0.0,0.0,0.0,0.0,0.0,0.0,0.0,0.0,0.0,0.0,0.0,0.0,0.0,0.0,0.0,0.0,0.0,0.0,0.0,0.0,0.0,0.0,0.0,0.0,0.0,0.0,0.0,0.0,0.0,0.0,0.0,0.0,0.0,0.0,0.0,0.0,0.0,0.0,0.0,0.0,0.0,0.0,1.0,0.0,0.0,0.0,0.0,0.0,0.0,0.0,71.0,0.0,1.0,88.0,0.0,0.0,1601,368.0,-21.0,0,0.0001675476260144428,0.0001616054446982216,none,-0.662,-0.0008,0.95873,none,5.157,0.0523,0.8604,none,-4.699,-0.0953,1,none,0.192,0.0046,0.9836,none,0,0,1,none,8,0.0115,1,none
6717f8d56bb6511555841aa9d175b16f0ff14798,0abb5879fe39dabb0c682665a7df9d7ed37a6c3c,2026-07-03T10:19:01-07:00,ok,5.0,8.0,8.0,2.0,1.0,0.9283832117695864,0.0,0.0,0.0,0.0,0.0,0.0,0.0,0.0,0.0,0.0,0.0,5.0,16.0,0.0,0.0,0.0,0.0,0.0,0.0,0.0,0.0,0.0,0.0,1.0,0,0,0,0,0,0,0,0,0.0,0.0,0.0,0.0,0.0,0.0,0.0,0.0,0.0,0.0,0.0,0.0,0.0,0.0,0.0,0.0,0.0,0.0,0.0,0.0,0.0,0.0,0.0,0.0,0.0,0.0,0.0,0.0,0.0,0.0,0.0,0.0,0.0,0.0,0.0,0.0,0.0,0.0,0.0,0.0,0.0,0.0,0.0,0.0,0.0,0.0,0.0,0.0,0.0,0.0,0.0,0.0,0.0,0.0,0.0,0.0,0.0,0.0,1.0,0.0,0.0,0.0,0.0,0.0,0.0,0.0,56.0,0.0,1.0,89.0,0.0,0.0,1604,298.0,-1.0,0,0.0001678334614929456,0.00013084413346277243,none,0.338,0.0004,0.96971,none,-0.222,-0.0021,1,none,14.017,0.3287,1,none,18.806,0.4427,0.9836,none,0,0,1,none,-76,-0.0982,0.98645,none
a9e68d9efac0cf9db2f45ad36c3fa1d517922d08,6717f8d56bb6511555841aa9d175b16f0ff14798,2026-07-07T11:22:01+05:30,ok,1.0,103.0,103.0,1.0,1.0,0.0,0.0,0.0,0.0,0.0,0.0,0.0,0.0,0.0,0.0,0.0,0.0,0.0,0.0,0.0,0.0,0.0,0.0,0.0,0.0,1.0,206.0,0.0,0.0,0.0,0,0,0,0,0,0,0,0,0.0,0.0,0.0,0.0,0.0,0.0,0.0,0.0,0.0,0.0,0.0,0.0,0.0,0.0,0.0,0.0,0.0,0.0,0.0,0.0,0.0,0.0,0.0,0.0,0.0,0.0,0.0,0.0,0.0,0.0,0.0,0.0,0.0,0.0,0.0,0.0,0.0,0.0,0.0,0.0,0.0,0.0,0.0,0.0,0.0,0.0,0.0,0.0,0.0,0.0,0.0,0.0,0.0,0.0,0.0,0.0,1.0,0.0,0.0,0.0,0.0,0.0,0.0,0.0,0.0,1.0,51.0,0.0,1.0,103.0,0.0,0.0,-953,106.0,5.0,0,-9.969978125679683e-05,4.653578404235283e-05,none,-0.615,-0.0007,0.96971,none,-11.672,-0.1008,0.80046,none,4.717,0.109,1,none,-16.856,-0.2127,0.69304,none,0,0,1,none,26,0.037,0.98645,none
6944866261b7cf317b791d63a66ae929eac91a0b,a9e68d9efac0cf9db2f45ad36c3fa1d517922d08,2026-07-07T11:24:01+05:30,ok,1.0,10.0,0.0,1.0,1.0,0.0,0.0,0.0,0.0,0.0,0.0,0.0,0.0,0.0,0.0,0.0,0.0,1.0,10.0,0.0,0.0,0.0,0.0,0.0,0.0,0.0,0.0,0.0,0.0,1.0,0,0,0,0,0,0,0,0,0.0,0.0,0.0,0.0,0.0,0.0,0.0,0.0,0.0,0.0,0.0,0.0,0.0,0.0,0.0,0.0,0.0,0.0,0.0,0.0,0.0,0.0,0.0,0.0,0.0,0.0,0.0,0.0,0.0,0.0,0.0,0.0,0.0,0.0,0.0,0.0,0.0,0.0,0.0,0.0,0.0,0.0,0.0,0.0,0.0,0.0,0.0,0.0,0.0,0.0,0.0,0.0,0.0,0.0,0.0,0.0,0.0,0.0,1.0,0.0,0.0,0.0,0.0,0.0,0.0,0.0,33.0,0.0,1.0,0.0,0.0,0.0,681,84.0,-2.0,0,7.125112369613583e-05,3.687569772990571e-05,none,-1.915,-0.0022,0.84151,none,-4.363,-0.041,0.98474,none,-13.973,-0.2255,1,none,-15.123,-0.216,0.9836,none,0,0,1,none,24,0.0325,1,none
23f16b39ba9dbacc594e5642678c29766309848e,6944866261b7cf317b791d63a66ae929eac91a0b,2026-07-07T11:28:02+05:30,ok,1.0,1.0,1.0,1.0,1.0,0.0,0.0,0.0,0.0,0.0,0.0,0.0,0.0,0.0,0.0,0.0,0.0,1.0,2.0,0.0,0.0,0.0,0.0,0.0,0.0,0.0,0.0,0.0,0.0,1.0,0,0,0,0,0,0,0,0,0.0,0.0,0.0,0.0,0.0,0.0,0.0,0.0,0.0,0.0,0.0,0.0,0.0,0.0,0.0,0.0,0.0,0.0,0.0,0.0,0.0,0.0,0.0,0.0,0.0,0.0,0.0,0.0,0.0,0.0,0.0,0.0,0.0,0.0,0.0,0.0,0.0,0.0,0.0,0.0,0.0,0.0,0.0,0.0,0.0,0.0,0.0,0.0,0.0,0.0,0.0,0.0,0.0,0.0,0.0,0.0,0.0,0.0,1.0,0.0,0.0,0.0,0.0,0.0,0.0,0.0,55.0,0.0,1.0,0.0,0.0,0.0,-74,-10.0,1.0,0,-7.74186123759929e-06,-4.389802138448214e-06,none,-0.552,-0.0006,1,none,12.612,0.1225,0.98474,none,-10.034,-0.14,1,none,-0.698,-0.0108,0.9836,none,0,0,1,none,-30,-0.0405,0.98645,none
203586be210d2d088c918f36a106f14f0b4f6a86,23f16b39ba9dbacc594e5642678c29766309848e,2026-07-07T11:28:39+05:30,ok,1.0,0.0,1.0,1.0,1.0,0.0,0.0,0.0,0.0,0.0,0.0,0.0,0.0,0.0,0.0,0.0,0.0,1.0,1.0,0.0,0.0,0.0,0.0,0.0,0.0,0.0,0.0,0.0,0.0,1.0,0,0,0,0,0,0,0,0,0.0,0.0,0.0,0.0,0.0,0.0,0.0,0.0,0.0,0.0,0.0,0.0,0.0,0.0,0.0,0.0,0.0,0.0,0.0,0.0,0.0,0.0,0.0,0.0,0.0,0.0,0.0,0.0,0.0,0.0,0.0,0.0,0.0,0.0,0.0,0.0,0.0,0.0,0.0,0.0,0.0,0.0,0.0,0.0,0.0,0.0,0.0,0.0,0.0,0.0,0.0,0.0,0.0,0.0,0.0,0.0,0.0,0.0,1.0,0.0,0.0,0.0,0.0,0.0,0.0,0.0,65.0,0.0,1.0,19.0,0.0,0.0,-188,-10.0,4.0,0,-1.9668664605432464e-05,-4.389821408895622e-06,none,-0.214,-0.0003,1,none,3.54,0.0337,0.98474,none,18.101,0.3257,1,none,31.191,0.7434,0.9836,none,0,0,1,none,13,0.0188,1,none
142fa3cc918500c8829c7d0abdd5e3e2ab7a72bc,c3046b456388d67751f0d71f06950fb468a30310,2026-07-07T11:30:43+05:30,ok,1.0,1.0,1.0,1.0,1.0,0.0,0.0,0.0,0.0,0.0,0.0,0.0,0.0,0.0,0.0,0.0,0.0,1.0,2.0,0.0,0.0,0.0,0.0,0.0,0.0,0.0,0.0,0.0,0.0,1.0,0,0,0,0,0,0,0,0,0.0,0.0,0.0,0.0,0.0,0.0,0.0,0.0,0.0,0.0,0.0,0.0,0.0,0.0,0.0,0.0,0.0,0.0,0.0,0.0,0.0,0.0,0.0,0.0,0.0,0.0,0.0,0.0,0.0,0.0,0.0,0.0,0.0,0.0,0.0,0.0,0.0,0.0,0.0,0.0,0.0,0.0,0.0,0.0,0.0,0.0,0.0,0.0,0.0,0.0,0.0,1.0,0.0,0.0,0.0,0.0,0.0,0.0,0.0,0.0,0.0,0.0,0.0,0.0,0.0,0.0,73.0,0.0,1.0,2.0,0.0,0.0,-134,3.0,-3.0,0,-1.401911202525951e-05,1.3169487351365874e-06,none,0.05,0.0001,0.96971,none,-1.527,-0.015,0.8604,none,4.616,0.1171,1,none,15.662,0.4346,0.9836,none,0,0,1,none,63,0.0886,1,none
2a72ae9b88ac94a1ddd12a0e29fbcf9bfe67b1c4,203586be210d2d088c918f36a106f14f0b4f6a86,2026-07-07T11:30:43+05:30,ok,1.0,1.0,1.0,1.0,1.0,0.0,0.0,0.0,0.0,0.0,0.0,0.0,0.0,0.0,0.0,0.0,0.0,1.0,2.0,0.0,0.0,0.0,0.0,0.0,0.0,0.0,0.0,0.0,0.0,1.0,0,0,0,0,0,0,0,0,0.0,0.0,0.0,0.0,0.0,0.0,0.0,0.0,0.0,0.0,0.0,0.0,0.0,0.0,0.0,0.0,0.0,0.0,0.0,0.0,0.0,0.0,0.0,0.0,0.0,0.0,0.0,0.0,0.0,0.0,0.0,0.0,0.0,0.0,0.0,0.0,0.0,0.0,0.0,0.0,0.0,0.0,0.0,0.0,0.0,0.0,0.0,0.0,0.0,0.0,0.0,1.0,0.0,0.0,0.0,0.0,0.0,0.0,0.0,0.0,0.0,0.0,0.0,0.0,0.0,0.0,65.0,0.0,1.0,0.0,0.0,0.0,77,-2.0,-1.0,0,8.05594129332174e-06,-8.779681359024436e-07,none,0.223,0.0003,0.96971,none,-2.12,-0.0197,0.98474,none,-1.335,-0.0223,1,none,-5.681,-0.0933,0.99244,none,0,0,1,none,-2,-0.0028,1,none
c3046b456388d67751f0d71f06950fb468a30310,2a72ae9b88ac94a1ddd12a0e29fbcf9bfe67b1c4,2026-07-07T11:30:43+05:30,ok,1.0,1.0,1.0,1.0,1.0,0.0,0.0,0.0,0.0,0.0,0.0,0.0,0.0,0.0,0.0,0.0,0.0,1.0,2.0,0.0,0.0,0.0,0.0,0.0,0.0,0.0,0.0,0.0,0.0,1.0,0,0,0,0,0,0,0,0,0.0,0.0,0.0,0.0,0.0,0.0,0.0,0.0,0.0,0.0,0.0,0.0,0.0,0.0,0.0,0.0,0.0,0.0,0.0,0.0,0.0,0.0,0.0,0.0,0.0,0.0,0.0,0.0,0.0,0.0,0.0,0.0,0.0,0.0,0.0,0.0,0.0,0.0,0.0,0.0,0.0,0.0,0.0,0.0,0.0,0.0,0.0,0.0,0.0,0.0,0.0,1.0,0.0,0.0,0.0,0.0,0.0,0.0,0.0,0.0,0.0,0.0,0.0,0.0,0.0,0.0,72.0,0.0,1.0,1.0,0.0,0.0,140,8.0,-3.0,0,1.4647047992098963e-05,3.5118756269246725e-06,none,-0.596,-0.0007,0.56032,none,-7.185,-0.0608,0.8604,none,-7.125,-0.1185,1,none,-25.814,-0.3099,0.68481,none,0,0,1,none,29,0.041,1,none
1a34602d7a2e427b977959833f2e689f0a158a9f,142fa3cc918500c8829c7d0abdd5e3e2ab7a72bc,2026-07-07T11:38:33+05:30,ok,1.0,1.0,1.0,1.0,1.0,0.0,0.0,0.0,0.0,0.0,0.0,0.0,0.0,0.0,0.0,0.0,0.0,1.0,2.0,0.0,0.0,0.0,0.0,0.0,0.0,0.0,0.0,0.0,0.0,1.0,0,0,0,0,0,0,0,0,0.0,0.0,0.0,0.0,0.0,0.0,0.0,0.0,0.0,0.0,0.0,0.0,0.0,0.0,0.0,0.0,0.0,0.0,0.0,0.0,0.0,0.0,0.0,0.0,0.0,0.0,0.0,0.0,0.0,0.0,0.0,0.0,0.0,0.0,0.0,0.0,0.0,0.0,0.0,0.0,0.0,0.0,0.0,0.0,0.0,0.0,0.0,0.0,0.0,0.0,0.0,1.0,0.0,0.0,0.0,0.0,0.0,0.0,0.0,0.0,0.0,0.0,0.0,0.0,0.0,0.0,60.0,0.0,1.0,0.0,0.0,0.0,48,4.0,4.0,0,5.021841873498548e-06,1.7559293343798673e-06,none,-0.121,-0.0001,0.96971,none,3.669,0.0362,0.8604,none,1.408,0.0335,1,none,13.312,0.3698,0.59921,none,0,0,1,none,-1,-0.0014,1,none
bdae3ed908e3770614890533d0307f4bb9690a19,1a34602d7a2e427b977959833f2e689f0a158a9f,2026-07-07T11:40:58+05:30,ok,1.0,1.0,1.0,1.0,1.0,0.0,0.0,0.0,0.0,0.0,0.0,0.0,0.0,0.0,0.0,0.0,0.0,1.0,2.0,0.0,0.0,0.0,0.0,0.0,0.0,0.0,0.0,0.0,0.0,1.0,0,0,0,0,0,0,0,0,0.0,0.0,0.0,0.0,0.0,0.0,0.0,0.0,0.0,0.0,0.0,0.0,0.0,0.0,0.0,0.0,0.0,0.0,0.0,0.0,0.0,0.0,0.0,0.0,0.0,0.0,0.0,0.0,0.0,0.0,0.0,0.0,0.0,0.0,0.0,0.0,0.0,0.0,0.0,0.0,0.0,0.0,0.0,0.0,0.0,0.0,0.0,0.0,0.0,0.0,0.0,0.0,0.0,0.0,0.0,0.0,0.0,0.0,1.0,0.0,0.0,0.0,0.0,0.0,0.0,0.0,44.0,0.0,1.0,0.0,0.0,0.0,-9,0.0,-1.0,0,-9.415906227617606e-07,0.0,none,0.965,0.0011,0.84151,none,0.321,0.0032,0.98474,none,1.777,0.048,1,none,5.262,0.1525,0.9836,none,0,0,1,none,24,0.0358,0.98645,none
df5f1c23c4fd6b1048594182a08cdae2d7c266de,bdae3ed908e3770614890533d0307f4bb9690a19,2026-07-09T07:55:08-07:00,ok,2.0,109.0,55.0,2.0,1.0,0.9262122127346664,0.0,0.0,0.0,0.0,0.0,0.0,0.0,1.0,0.0,0.0,0.0,1.0,56.0,0.0,0.0,0.0,0.0,0.0,0.0,0.0,0.0,0.0,0.0,0.0,0,0,0,0,0,0,0,0,0.0,0.0,0.0,0.0,0.0,0.0,0.0,0.0,0.0,0.0,0.0,0.0,0.0,0.0,0.0,0.0,0.0,0.0,0.0,0.0,0.0,0.0,0.0,0.0,0.0,0.0,0.0,0.0,0.0,0.0,0.0,0.0,0.0,0.0,0.0,0.0,0.0,0.0,0.0,0.0,0.0,0.0,0.0,0.0,0.0,0.0,0.0,0.0,0.0,0.0,0.0,0.0,0.0,0.0,0.0,0.0,0.0,0.0,1.0,0.0,0.0,0.0,0.0,0.0,0.0,0.0,42.0,0.0,1.0,3.0,1603.3999768518518,1.0,-74493,1726.0,-2.0,-1,-0.007793552922935443,0.0007576821773485514,none,-0.708,-0.0008,0.84151,none,-2.429,-0.0235,0.92551,none,1.456,0.0388,1,none,8.232,0.2467,0.9836,none,0,0,1,none,-8,-0.0117,0.98645,none
e4641141026871271e5083c99ad4cd3f4a8e9a68,df5f1c23c4fd6b1048594182a08cdae2d7c266de,2026-07-09T10:05:56-07:00,ok,4.0,22.0,18.0,4.0,1.0,0.7977309221191609,0.0,0.0,0.0,0.0,0.0,0.0,0.0,0.0,0.0,0.0,0.0,4.0,40.0,0.0,0.0,0.0,0.0,0.0,0.0,0.0,0.0,0.0,0.0,1.0,0,0,0,0,0,0,0,0,0.0,0.0,0.0,0.0,0.0,0.0,0.0,0.0,0.0,0.0,0.0,0.0,0.0,0.0,0.0,0.0,0.0,0.0,0.0,0.0,0.0,0.0,0.0,0.0,0.0,0.0,0.0,0.0,0.0,0.0,0.0,0.0,0.0,0.0,0.0,0.0,0.0,0.0,0.0,0.0,0.0,0.0,0.0,0.0,0.0,0.0,0.0,0.0,0.0,0.0,0.0,0.0,0.0,0.0,0.0,0.0,0.0,0.0,1.0,0.0,0.0,0.0,0.0,0.0,0.0,0.0,60.0,0.0,1.0,0.0,0.0,0.0,-1358,-246.0,1.0,0,-0.00014319166848028722,-0.00010790770469784527,none,-0.073,-0.0001,0.96971,none,3.452,0.0336,1,none,2,0.05,1,none,19.123,0.6469,0.9836,none,0,0,1,none,-9,-0.0132,1,none
01e098a967951ea92d09b100b8e7d82c7a3369a2,e4641141026871271e5083c99ad4cd3f4a8e9a68,2026-07-22T09:18:55-07:00,ok,1.0,1.0,1.0,1.0,1.0,0.0,0.0,0.0,0.0,0.0,0.0,0.0,0.0,0.0,0.0,0.0,0.0,1.0,2.0,0.0,0.0,0.0,0.0,0.0,0.0,0.0,0.0,0.0,0.0,1.0,0,0,0,0,0,0,0,0,0.0,0.0,0.0,0.0,0.0,0.0,0.0,0.0,0.0,0.0,0.0,0.0,0.0,0.0,0.0,0.0,0.0,0.0,0.0,0.0,0.0,0.0,0.0,0.0,0.0,0.0,0.0,0.0,0.0,0.0,0.0,0.0,0.0,0.0,0.0,0.0,0.0,0.0,0.0,0.0,0.0,0.0,0.0,0.0,0.0,0.0,0.0,0.0,0.0,0.0,0.0,0.0,0.0,0.0,1.0,0.0,0.0,0.0,0.0,0.0,0.0,0.0,0.0,0.0,0.0,0.0,42.0,0.0,1.0,7.0,0.0,0.0,70,0.0,5.0,0,7.382070890237675e-06,0.0,none,0.652,0.0008,0.95873,none,9.462,0.0956,0.8604,none,6,0.1579,1,none,6.251,0.1272,0.9836,none,0,0,1,none,22,0.0322,0.3424,none
33ff72af9008c68e05360de34ef3e96e74bf70c9,01e098a967951ea92d09b100b8e7d82c7a3369a2,2026-07-25T06:56:58-04:00,ok,1.0,5.0,0.0,1.0,1.0,0.0,0.0,0.0,0.0,0.0,0.0,0.0,0.0,0.0,0.0,0.0,0.0,1.0,5.0,0.0,0.0,0.0,0.0,0.0,0.0,0.0,0.0,0.0,0.0,1.0,0,0,0,0,0,0,0,0,0.0,0.0,0.0,0.0,0.0,0.0,0.0,0.0,0.0,0.0,0.0,0.0,0.0,0.0,0.0,0.0,0.0,0.0,0.0,0.0,0.0,0.0,0.0,0.0,0.0,0.0,0.0,0.0,0.0,0.0,0.0,0.0,0.0,0.0,0.0,0.0,0.0,0.0,0.0,0.0,0.0,0.0,0.0,0.0,0.0,0.0,0.0,0.0,0.0,0.0,1.0,0.0,0.0,0.0,0.0,0.0,0.0,0.0,0.0,0.0,0.0,0.0,0.0,0.0,0.0,0.0,42.0,0.0,1.0,0.0,0.0,0.0,156,0.0,-4.0,1,1.6451350824634506e-05,0.0,none,-0.306,-0.0004,0.96971,none,0.617,0.0057,0.98474,none,-5.953,-0.1146,1,none,3.819,0.065,1,none,0,0,1,none,5,0.0071,1,none
7681134fd8505e61a265d161d73d28acb3c74822,33ff72af9008c68e05360de34ef3e96e74bf70c9,2026-07-27T08:46:49-07:00,ok,2.0,2.0,0.0,2.0,2.0,1.0,0.0,0.0,0.0,0.0,0.0,0.0,0.0,0.0,0.0,0.0,0.0,2.0,2.0,0.0,0.0,0.0,0.0,0.0,0.0,0.0,0.0,0.0,0.0,1.0,0,0,0,0,0,0,0,0,0.0,0.0,0.0,0.0,0.0,0.0,0.0,0.0,0.0,0.0,0.0,0.0,0.0,0.0,0.0,0.0,0.0,0.0,0.0,0.0,0.0,0.0,0.0,0.0,0.0,0.0,0.0,0.0,0.0,0.0,0.0,0.0,0.0,0.0,0.0,0.0,0.0,0.0,0.0,0.0,0.0,0.0,0.0,0.0,0.0,0.0,0.0,0.0,0.0,0.0,0.0,0.0,0.0,0.0,0.0,0.0,0.0,0.0,1.0,0.0,0.0,0.0,0.0,0.0,0.0,0.0,71.0,0.0,1.0,1.0,0.0,0.0,695,148.0,-1.0,0,7.329167132429086e-05,6.492708863424992e-05,none,-0.089,-0.0001,0.96971,none,9.463,0.0845,0.92551,none,6.354,0.0895,1,none,-0.726,-0.0091,0.9836,none,0,0,1,none,-2,-0.0028,1,none
b75d188ab16bf83bd1f364a77dfd2315be8f3fa4,7681134fd8505e61a265d161d73d28acb3c74822,2026-07-31T17:29:57+08:00,ok,1.0,12.0,5.0,1.0,1.0,0.0,0.0,0.0,0.0,0.0,0.0,0.0,0.0,0.0,0.0,0.0,0.0,0.0,0.0,0.0,0.0,1.0,17.0,0.0,0.0,0.0,0.0,0.0,0.0,0.0,0,0,0,0,0,0,0,0,0.0,0.0,0.0,0.0,0.0,0.0,0.0,0.0,0.0,0.0,0.0,0.0,0.0,0.0,0.0,0.0,0.0,0.0,0.0,0.0,0.0,0.0,0.0,0.0,0.0,0.0,0.0,0.0,0.0,0.0,0.0,0.0,0.0,0.0,0.0,0.0,0.0,0.0,0.0,0.0,0.0,0.0,0.0,0.0,0.0,0.0,0.0,0.0,0.0,0.0,0.0,0.0,0.0,0.0,0.0,0.0,0.0,0.0,1.0,0.0,0.0,0.0,0.0,0.0,0.0,0.0,44.0,0.0,1.0,0.0,59.0075462962963,14.0,288,10.0,2.0,0,3.036899915694393e-05,4.386680633857805e-06,none,-0.504,-0.0006,0.96971,none,-6.649,-0.0558,1,none,-2.873,-0.0553,1,none,-1.803,-0.0222,0.99244,none,0,0,1,none,39,0.0527,1,none
2009fe8482af1f87b0305d96ba6508c2016f6c6a,b75d188ab16bf83bd1f364a77dfd2315be8f3fa4,2026-09-15T05:25:46-07:00,ok,1.0,0.0,2.0,1.0,1.0,0.0,0.0,0.0,0.0,0.0,0.0,0.0,0.0,0.0,0.0,0.0,0.0,1.0,2.0,0.0,0.0,0.0,0.0,0.0,0.0,0.0,0.0,0.0,0.0,1.0,0,0,0,0,0,0,0,0,0.0,0.0,0.0,0.0,0.0,0.0,0.0,0.0,0.0,0.0,0.0,0.0,0.0,0.0,0.0,0.0,0.0,0.0,0.0,0.0,0.0,0.0,0.0,0.0,0.0,0.0,0.0,0.0,0.0,0.0,0.0,0.0,0.0,0.0,0.0,0.0,0.0,0.0,0.0,0.0,0.0,0.0,0.0,0.0,0.0,0.0,0.0,0.0,0.0,0.0,0.0,1.0,0.0,0.0,0.0,0.0,0.0,0.0,0.0,0.0,0.0,0.0,0.0,0.0,0.0,0.0,94.0,0.0,1.0,0.0,0.0,0.0,-124,-406.0,-1.0,0,-1.3075144224640258e-05,-0.0001780984524735945,none,0.227,0.0003,0.96971,none,3.689,0.0372,0.98474,none,-7.372,-0.1396,1,none,6.844,0.1282,0.9836,none,0,0,1,none,14,0.0202,1,none
a187dc97418c9bc840480ab49ebe71344b059882,2009fe8482af1f87b0305d96ba6508c2016f6c6a,2026-09-15T05:34:48-07:00,ok,1.0,1.0,1.0,1.0,1.0,0.0,0.0,0.0,0.0,0.0,0.0,0.0,0.0,0.0,0.0,0.0,0.0,1.0,2.0,0.0,0.0,0.0,0.0,0.0,0.0,0.0,0.0,0.0,0.0,1.0,0,0,0,0,0,0,0,0,0.0,0.0,0.0,0.0,0.0,0.0,0.0,0.0,0.0,0.0,0.0,0.0,0.0,0.0,0.0,0.0,0.0,0.0,0.0,0.0,0.0,0.0,0.0,0.0,0.0,0.0,0.0,0.0,0.0,0.0,0.0,0.0,0.0,0.0,0.0,0.0,0.0,0.0,0.0,0.0,0.0,0.0,0.0,0.0,0.0,0.0,0.0,0.0,0.0,0.0,0.0,0.0,0.0,0.0,0.0,0.0,0.0,0.0,1.0,0.0,0.0,0.0,0.0,0.0,0.0,0.0,80.0,0.0,1.0,0.0,0.0,0.0,48,21.0,19.0,0,5.061412330169845e-06,9.2136298542667e-06,none,0.035,0,0.96971,none,1.681,0.0157,0.98474,none,-6.157,-0.081,1,none,-10.429,-0.1422,0.99244,none,0,0,1,none,-15,-0.021,1,none
be32491e7a476a5e569ec38d7ca57e9bc942c514,a187dc97418c9bc840480ab49ebe71344b059882,2026-09-15T05:36:11-07:00,ok,2.0,5.0,3.0,1.0,1.0,1.0,0.0,0.0,0.0,0.0,0.0,0.0,0.0,0.0,0.0,0.0,0.0,2.0,8.0,0.0,0.0,0.0,0.0,0.0,0.0,0.0,0.0,0.0,0.0,1.0,0,0,0,0,0,0,0,0,0.0,0.0,0.0,0.0,0.0,0.0,0.0,0.0,0.0,0.0,0.0,0.0,0.0,0.0,0.0,0.0,0.0,0.0,0.0,0.0,0.0,0.0,0.0,0.0,0.0,0.0,0.0,0.0,0.0,0.0,0.0,0.0,0.0,0.0,0.0,0.0,0.0,0.0,0.0,0.0,0.0,0.0,0.0,0.0,0.0,0.0,0.0,0.0,0.0,0.0,0.0,0.0,0.0,0.0,0.0,0.0,0.0,0.0,1.0,0.0,0.0,0.0,0.0,0.0,0.0,0.0,71.0,0.0,1.0,1.0,0.0,0.0,41,5.0,-18.0,0,4.323267816845708e-06,2.193701181922323e-06,none,1.603,0.0019,0.84151,none,6.633,0.0634,0.8604,none,-11.253,-0.1606,1,none,1.505,0.026,1,none,0,0,1,none,48,0.0689,1,none
1bdb627e282d0634b564881145dc2cc42102462d,257fcf15b32896da6fb8bb5ec26d71e5dacedc58,2026-09-15T05:38:03-07:00,ok,1.0,2.0,2.0,1.0,1.0,0.0,0.0,0.0,0.0,0.0,0.0,0.0,0.0,0.0,0.0,0.0,0.0,1.0,4.0,0.0,0.0,0.0,0.0,0.0,0.0,0.0,0.0,0.0,0.0,1.0,0,0,0,0,0,0,0,0,0.0,0.0,0.0,0.0,0.0,0.0,0.0,0.0,0.0,0.0,0.0,0.0,0.0,0.0,0.0,0.0,0.0,0.0,0.0,0.0,0.0,0.0,0.0,0.0,0.0,0.0,0.0,0.0,0.0,0.0,0.0,0.0,0.0,0.0,0.0,0.0,0.0,0.0,0.0,0.0,0.0,0.0,0.0,0.0,0.0,0.0,0.0,0.0,0.0,0.0,0.0,0.0,0.0,0.0,0.0,0.0,0.0,0.0,1.0,0.0,0.0,0.0,0.0,0.0,0.0,0.0,66.0,0.0,1.0,0.0,0.0,0.0,-165,-2.0,-14.0,0,-1.7398525996877546e-05,-8.774823977031021e-07,none,0.389,0.0005,0.96971,none,-4.63,-0.0389,1,none,-10.087,-0.1575,1,none,10.157,0.1688,0.9836,none,0,0,1,none,0,0,1,none
257fcf15b32896da6fb8bb5ec26d71e5dacedc58,be32491e7a476a5e569ec38d7ca57e9bc942c514,2026-09-15T14:37:10+02:00,ok,1.0,1.0,1.0,1.0,1.0,0.0,0.0,0.0,0.0,0.0,0.0,0.0,0.0,0.0,0.0,0.0,0.0,0.0,0.0,0.0,0.0,1.0,2.0,0.0,0.0,0.0,0.0,0.0,0.0,0.0,0,0,0,0,0,0,0,0,0.0,0.0,0.0,0.0,0.0,0.0,0.0,0.0,0.0,0.0,0.0,0.0,0.0,0.0,0.0,0.0,0.0,0.0,0.0,0.0,0.0,0.0,0.0,0.0,0.0,0.0,0.0,0.0,0.0,0.0,0.0,0.0,0.0,0.0,0.0,0.0,0.0,0.0,0.0,0.0,0.0,0.0,0.0,0.0,0.0,0.0,0.0,0.0,0.0,0.0,0.0,0.0,0.0,0.0,1.0,0.0,0.0,0.0,0.0,0.0,0.0,0.0,0.0,0.0,0.0,0.0,46.0,0.0,1.0,32.0,98.90046296296296,18.0,-46,-10.0,12.0,0,-4.8504746294870056e-06,-4.387392739216008e-06,none,0.068,0.0001,1,none,0.924,0.009,0.98474,none,0.877,0.0204,1,none,0.2,0.0037,0.9836,none,0,0,1,none,12,0.0175,1,none
b0da2e8d94da46520292e9625427d2a9b7b64810,1bdb627e282d0634b564881145dc2cc42102462d,2026-09-15T14:45:44+02:00,ok,1.0,1.0,1.0,1.0,1.0,0.0,0.0,0.0,0.0,0.0,0.0,0.0,0.0,0.0,0.0,0.0,0.0,1.0,2.0,0.0,0.0,0.0,0.0,0.0,0.0,0.0,0.0,0.0,0.0,1.0,0,0,0,0,0,0,0,0,0.0,0.0,0.0,0.0,0.0,0.0,0.0,0.0,0.0,0.0,0.0,0.0,0.0,0.0,0.0,0.0,0.0,0.0,0.0,0.0,0.0,0.0,0.0,0.0,0.0,0.0,0.0,0.0,0.0,0.0,0.0,0.0,0.0,0.0,0.0,0.0,0.0,0.0,0.0,0.0,0.0,0.0,0.0,0.0,0.0,0.0,0.0,0.0,0.0,0.0,0.0,0.0,0.0,0.0,0.0,0.0,0.0,0.0,1.0,0.0,0.0,0.0,0.0,0.0,0.0,0.0,43.0,0.0,1.0,0.0,0.0,0.0,-222,6.0,2.0,0,-2.3409333174599775e-05,2.632449503037408e-06,none,0.973,0.0011,0.96971,none,-0.865,-0.008,1,none,12.421,0.2795,1,none,4.079,0.1125,0.9836,none,0,0,1,none,44,0.0645,0.98645,none
e67ca4e04d802aa6953443b92dea1482f1b75719,b0da2e8d94da46520292e9625427d2a9b7b64810,2026-09-15T14:46:39+02:00,ok,1.0,173.0,168.0,1.0,1.0,0.0,0.0,0.0,0.0,0.0,0.0,0.0,0.0,0.0,0.0,0.0,0.0,0.0,0.0,0.0,0.0,0.0,0.0,0.0,0.0,1.0,341.0,0.0,0.0,0.0,0,0,0,0,0,0,0,0,0.0,0.0,0.0,0.0,0.0,0.0,0.0,0.0,0.0,0.0,0.0,0.0,0.0,0.0,0.0,0.0,0.0,0.0,0.0,0.0,0.0,0.0,0.0,0.0,0.0,0.0,0.0,0.0,0.0,0.0,0.0,0.0,0.0,0.0,0.0,0.0,0.0,0.0,0.0,0.0,0.0,0.0,0.0,0.0,0.0,0.0,0.0,0.0,0.0,0.0,0.0,0.0,0.0,0.0,0.0,0.0,1.0,0.0,0.0,0.0,0.0,0.0,0.0,0.0,0.0,1.0,51.0,0.0,1.0,104.0,0.0,0.0,3124,2299.0,2.0,0,0.00032942553522422605,0.0010086642459894738,none,0.409,0.0005,0.96971,none,9.298,0.0908,0.98474,none,31.865,0.7635,1,none,11.865,0.2425,0.99244,none,0,0,1,none,-60,-0.0813,0.98645,none
40aa88af0094f7bab4aaf786e55c748a6a251d88,e67ca4e04d802aa6953443b92dea1482f1b75719,2026-09-15T14:47:19+02:00,ok,1.0,4.0,0.0,1.0,1.0,0.0,0.0,0.0,0.0,0.0,0.0,0.0,0.0,0.0,0.0,0.0,0.0,1.0,4.0,0.0,0.0,0.0,0.0,0.0,0.0,0.0,0.0,0.0,0.0,1.0,0,0,0,0,0,0,0,0,0.0,0.0,0.0,0.0,0.0,0.0,0.0,0.0,0.0,0.0,0.0,0.0,0.0,0.0,0.0,0.0,0.0,0.0,0.0,0.0,0.0,0.0,0.0,0.0,0.0,0.0,0.0,0.0,0.0,0.0,0.0,0.0,0.0,0.0,0.0,0.0,0.0,0.0,0.0,0.0,0.0,0.0,0.0,0.0,0.0,0.0,0.0,0.0,0.0,0.0,0.0,0.0,0.0,0.0,0.0,0.0,0.0,0.0,1.0,0.0,0.0,0.0,0.0,0.0,0.0,0.0,72.0,0.0,1.0,0.0,0.0,0.0,807,199.0,-1.0,0,8.507005735324177e-05,8.722136827097006e-05,none,0.61,0.0007,0.68481,none,3.596,0.0362,0.8604,none,-0.757,-0.0148,1,none,0.061,0.0016,0.9836,none,0,0,1,none,13,0.0193,1,none
