doc	sent	tok	start	end	text	pos
P01	1	1	0	5	Merge	NOUN
P01	1	2	6	10	pull	NOUN
P01	1	3	11	18	request	NOUN
P01	1	4	19	24	#1980	NOUN
P01	1	5	25	29	from	ADP
P01	1	6	30	62	mermaid-js/chore/update-all-deps	NOUN
P01	2	1	64	69	chore	NOUN
P01	2	2	69	70	:	.
P01	2	3	71	77	update	ADJ
P01	2	4	78	81	all	DET
P01	2	5	82	94	dependencies	NOUN
P01	2	6	95	97	to	PRT
P01	2	7	98	104	latest	ADJ
P01	2	8	105	113	versions	NOUN
P01	3	1	115	116	#	.
P01	3	2	116	117	#	.
P01	3	3	118	125	Summary	NOUN
P01	4	1	126	127	-	.
P01	4	2	128	132	Bump	NOUN
P01	4	3	133	136	the	DET
P01	4	4	137	141	full	ADJ
P01	4	5	142	152	dependency	NOUN
P01	4	6	153	157	tree	NOUN
P01	4	7	158	160	to	PRT
P01	4	8	161	167	latest	ADJ
P01	4	9	168	176	versions	NOUN
P01	4	10	176	177	,	.
P01	4	11	178	187	including	VERB
P01	4	12	188	192	Vite	NOUN
P01	4	13	193	194	8	NUM
P01	4	14	194	195	,	.
P01	4	15	196	202	Vitest	NOUN
P01	4	16	203	204	4	NUM
P01	4	17	204	205	,	.
P01	4	18	206	212	ESLint	NOUN
P01	4	19	213	215	10	NUM
P01	4	20	215	216	,	.
P01	4	21	217	227	TypeScript	NOUN
P01	4	22	228	229	6	NUM
P01	4	23	229	230	,	.
P01	4	24	231	237	Svelte	NOUN
P01	4	25	238	242	5.56	NUM
P01	4	26	242	243	,	.
P01	4	27	244	247	and	CONJ
P01	4	28	248	249	`	.
P01	4	29	249	262	@sveltejs/kit	ADJ
P01	4	30	262	263	`	.
P01	4	31	264	268	2.63	NUM
P01	5	1	269	270	-	.
P01	5	2	271	278	Migrate	NOUN
P01	5	3	279	280	`	.
P01	5	4	280	292	mode-watcher	ADJ
P01	5	5	292	293	`	.
P01	5	6	294	297	0.x	NUM
P01	5	7	298	299	→	NOUN
P01	5	8	300	303	1.x	NUM
P01	5	9	304	305	(	.
P01	5	10	305	306	`	.
P01	5	11	306	307	$	.
P01	5	12	307	311	mode	NOUN
P01	5	13	311	312	`	.
P01	5	14	313	318	store	NOUN
P01	5	15	319	320	→	NOUN
P01	5	16	321	322	`	.
P01	5	17	322	334	mode.current	ADJ
P01	5	18	334	335	`	.
P01	5	19	336	340	rune	NOUN
P01	5	20	340	341	)	.
P01	5	21	342	348	across	ADP
P01	5	22	349	355	layout	NOUN
P01	5	23	355	356	,	.
P01	5	24	357	364	editors	NOUN
P01	5	25	364	365	,	.
P01	5	26	366	369	and	CONJ
P01	5	27	370	375	theme	NOUN
P01	5	28	376	386	components	NOUN
P01	6	1	387	388	-	.
P01	6	2	389	392	Fix	NOUN
P01	6	3	393	399	ESLint	NOUN
P01	6	4	400	401	`	.
P01	6	5	401	437	svelte/no-navigation-without-resolve	ADJ
P01	6	6	437	438	`	.
P01	6	7	439	449	violations	NOUN
P01	6	8	450	453	and	CONJ
P01	6	9	454	461	upgrade	ADJ
P01	6	10	462	472	Playwright	NOUN
P01	6	11	473	475	CI	NOUN
P01	6	12	476	481	image	NOUN
P01	6	13	482	484	to	PRT
P01	6	14	485	486	`	.
P01	6	15	486	499	v1.60.0-jammy	ADJ
P01	6	16	499	500	`	.
P01	6	17	501	504	for	ADP
P01	6	18	505	509	Node	NOUN
P01	6	19	510	512	24	NUM
P01	6	20	513	526	compatibility	NOUN
P01	7	1	528	529	#	.
P01	7	2	529	530	#	.
P01	7	3	531	538	Notable	ADJ
P01	7	4	539	544	bumps	NOUN
P01	8	1	545	546	|	ADJ
P01	8	2	547	554	Package	NOUN
P01	8	3	555	556	|	NOUN
P01	8	4	557	563	Before	ADP
P01	8	5	564	565	|	NOUN
P01	8	6	566	571	After	ADP
P01	8	7	572	573	|	NOUN
P01	9	1	574	575	|	X
P01	9	2	575	576	-	.
P01	9	3	576	577	-	.
P01	9	4	577	578	-	.
P01	9	5	578	579	-	.
P01	9	6	579	580	-	.
P01	9	7	580	581	-	.
P01	9	8	581	582	-	.
P01	9	9	582	583	-	.
P01	9	10	583	584	-	.
P01	9	11	584	585	|	X
P01	9	12	585	586	-	.
P01	9	13	586	587	-	.
P01	9	14	587	588	-	.
P01	9	15	588	589	-	.
P01	9	16	589	590	-	.
P01	9	17	590	591	-	.
P01	9	18	591	592	-	.
P01	9	19	592	593	-	.
P01	9	20	593	594	|	X
P01	9	21	594	595	-	.
P01	9	22	595	596	-	.
P01	9	23	596	597	-	.
P01	9	24	597	598	-	.
P01	9	25	598	599	-	.
P01	9	26	599	600	-	.
P01	9	27	600	601	-	.
P01	9	28	601	602	|	NOUN
P01	10	1	603	604	|	ADJ
P01	10	2	605	609	vite	NOUN
P01	10	3	610	611	|	VERB
P01	10	4	612	615	7.x	NUM
P01	10	5	616	617	|	ADJ
P01	10	6	618	624	8.0.16	NUM
P01	10	7	625	626	|	NOUN
P01	11	1	627	628	|	ADJ
P01	11	2	629	635	vitest	ADJ
P01	11	3	636	637	|	.
P01	11	4	638	641	3.x	NUM
P01	11	5	642	643	|	.
P01	11	6	644	649	4.1.8	NUM
P01	11	7	650	651	|	NOUN
P01	12	1	652	653	|	ADJ
P01	12	2	654	660	eslint	NOUN
P01	12	3	661	662	|	.
P01	12	4	663	666	9.x	NUM
P01	12	5	667	668	|	.
P01	12	6	669	675	10.4.1	NUM
P01	12	7	676	677	|	NOUN
P01	13	1	678	679	|	ADJ
P01	13	2	680	690	typescript	NOUN
P01	13	3	691	692	|	VERB
P01	13	4	693	696	5.9	NUM
P01	13	5	697	698	|	ADJ
P01	13	6	699	704	6.0.3	NUM
P01	13	7	705	706	|	NOUN
P01	14	1	707	708	|	ADJ
P01	14	2	709	721	mode-watcher	ADJ
P01	14	3	722	723	|	NOUN
P01	14	4	724	727	0.5	NUM
P01	14	5	728	729	|	NOUN
P01	14	6	730	735	1.1.0	NUM
P01	14	7	736	737	|	NOUN
P01	15	1	738	739	|	ADJ
P01	15	2	740	753	monaco-editor	NOUN
P01	15	3	754	755	|	NOUN
P01	15	4	756	760	0.52	NUM
P01	15	5	761	762	|	NOUN
P01	15	6	763	769	0.55.1	NUM
P01	15	7	770	771	|	NOUN
P01	16	1	772	773	|	ADJ
P01	16	2	774	778	uuid	ADJ
P01	16	3	779	780	|	NOUN
P01	16	4	781	782	9	NUM
P01	16	5	783	784	|	NOUN
P01	16	6	785	791	14.0.0	NUM
P01	16	7	792	793	|	NOUN
P01	17	1	794	795	|	NOUN
P01	17	2	796	801	husky	NOUN
P01	17	3	802	803	|	VERB
P01	17	4	804	805	8	NUM
P01	17	5	806	807	|	ADJ
P01	17	6	808	813	9.1.7	NUM
P01	17	7	814	815	|	NOUN
P01	18	1	817	818	#	.
P01	18	2	818	819	#	.
P01	18	3	820	824	Test	NOUN
P01	18	4	825	829	plan	NOUN
P01	19	1	830	831	-	.
P01	19	2	832	833	[	NOUN
P01	19	3	833	834	x	.
P01	19	4	834	835	]	ADJ
P01	19	5	836	837	`	.
P01	19	6	837	841	pnpm	NOUN
P01	19	7	842	847	build	NOUN
P01	19	8	847	848	`	.
P01	20	1	849	850	-	.
P01	20	2	851	852	[	NOUN
P01	20	3	852	853	x	.
P01	20	4	853	854	]	ADJ
P01	20	5	855	856	`	.
P01	20	6	856	860	pnpm	NOUN
P01	20	7	861	865	lint	NOUN
P01	20	8	865	866	`	.
P01	21	1	867	868	-	.
P01	21	2	869	870	[	NOUN
P01	21	3	870	871	x	.
P01	21	4	871	872	]	ADJ
P01	21	5	873	874	`	.
P01	21	6	874	878	pnpm	ADJ
P01	21	7	879	883	test	NOUN
P01	21	8	883	884	:	.
P01	21	9	884	888	unit	NOUN
P01	21	10	889	892	run	VERB
P01	21	11	892	893	`	.
P01	21	12	894	895	(	.
P01	21	13	895	897	20	NUM
P01	21	14	898	903	tests	NOUN
P01	21	15	903	904	)	.
P01	22	1	905	906	-	.
P01	22	2	907	908	[	NOUN
P01	22	3	908	909	x	.
P01	22	4	909	910	]	ADJ
P01	22	5	911	912	`	.
P01	22	6	912	914	CI	ADJ
P01	22	7	914	915	=	NOUN
P01	22	8	915	919	true	ADJ
P01	22	9	920	924	pnpm	ADJ
P01	22	10	925	929	test	NOUN
P01	22	11	929	930	:	.
P01	22	12	930	933	e2e	NOUN
P01	22	13	933	934	`	.
P01	22	14	935	936	(	.
P01	22	15	936	938	23	NUM
P01	22	16	939	945	passed	VERB
P01	22	17	945	946	,	.
P01	22	18	947	948	7	NUM
P01	22	19	949	956	skipped	VERB
P01	22	20	956	957	)	.
P01	23	1	958	959	-	.
P01	23	2	960	961	[	NOUN
P01	23	3	962	963	]	NOUN
P01	23	4	964	966	CI	NOUN
P01	23	5	967	973	passes	VERB
P01	23	6	974	976	on	ADP
P01	23	7	977	983	GitHub	NOUN
P01	23	8	984	991	Actions	NOUN
P01	24	1	993	997	Made	VERB
P01	24	2	998	1002	with	ADP
P01	24	3	1003	1009	Cursor	NOUN
P02	1	1	0	4	feat	NOUN
P02	1	2	4	5	:	.
P02	1	3	6	17	transparent	ADJ
P02	1	4	18	22	link	NOUN
P02	1	5	23	33	background	NOUN
P02	1	6	33	34	,	.
P02	1	7	35	40	scale	ADJ
P02	1	8	41	45	link	VERB
P02	1	9	46	50	icon	NOUN
P02	1	10	51	55	when	ADV
P02	1	11	56	63	zooming	VERB
P02	1	12	64	66	to	PRT
P02	1	13	67	72	below	VERB
P02	1	14	73	76	100	NUM
P02	1	15	76	77	%	NOUN
P02	1	16	78	79	(	.
P02	1	17	79	84	#9520	NUM
P02	1	18	84	85	)	.
P02	2	1	86	87	*	NOUN
P02	2	2	88	90	Do	VERB
P02	2	3	91	94	not	ADV
P02	2	4	95	98	set	VERB
P02	2	5	99	103	link	NOUN
P02	2	6	104	114	background	ADP
P02	2	7	115	120	color	NOUN
P02	2	8	120	121	,	.
P02	2	9	122	133	dynamically	ADV
P02	2	10	134	139	scale	ADJ
P02	2	11	140	144	down	PRT
P02	2	12	145	149	link	VERB
P02	2	13	150	154	icon	ADJ
P02	2	14	155	159	size	NOUN
P02	2	15	160	164	with	ADP
P02	2	16	165	169	zoom	NOUN
P02	2	17	169	170	.	.
P02	3	1	172	173	*	ADV
P02	3	2	174	181	removed	VERB
P02	3	3	182	193	unnecessary	ADJ
P02	3	4	194	200	change	NOUN
P02	4	1	202	203	*	NOUN
P02	4	2	204	207	use	NOUN
P02	4	3	208	214	canvas	NOUN
P02	4	4	215	217	bg	NOUN
P02	4	5	218	223	color	NOUN
P02	4	6	224	225	&	CONJ
P02	4	7	226	232	reduce	VERB
P02	4	8	233	237	size	NOUN
P02	4	9	238	241	and	CONJ
P02	4	10	242	248	stroke	VERB
P02	4	11	249	254	width	NOUN
P02	5	1	256	257	-	.
P02	5	2	257	258	-	.
P02	5	3	258	259	-	.
P02	5	4	259	260	-	.
P02	5	5	260	261	-	.
P02	5	6	261	262	-	.
P02	5	7	262	263	-	.
P02	5	8	263	264	-	.
P02	5	9	264	265	-	.
P02	6	1	267	281	Co-authored-by	NOUN
P02	6	2	281	282	:	.
P02	6	3	283	289	dwelle	NOUN
P02	6	4	290	291	<	VERB
P02	6	5	291	298	5153846	NUM
P02	6	6	298	299	+	NOUN
P02	6	7	299	330	dwelle@users.noreply.github.com	NOUN
P02	6	8	330	331	>	NOUN
P02	7	1	333	337	feat	NOUN
P02	7	2	337	338	:	.
P02	7	3	339	350	transparent	ADJ
P02	7	4	351	355	link	NOUN
P02	7	5	356	366	background	NOUN
P02	7	6	366	367	,	.
P02	7	7	368	373	scale	ADJ
P02	7	8	374	378	link	VERB
P02	7	9	379	383	icon	NOUN
P02	7	10	384	388	when	ADV
P02	7	11	389	396	zooming	VERB
P02	7	12	397	399	to	PRT
P02	7	13	400	405	below	VERB
P02	7	14	406	409	100	NUM
P02	7	15	409	410	%	NOUN
P02	8	1	412	424	Functionally	ADV
P02	8	2	424	425	,	.
P02	8	3	426	429	the	DET
P02	8	4	430	435	icons	NOUN
P02	8	5	436	439	are	VERB
P02	8	6	440	444	fine	ADJ
P02	8	7	444	445	—	NOUN
P02	8	8	445	448	but	CONJ
P02	8	9	449	457	visually	ADV
P02	8	10	457	458	,	.
P02	8	11	459	463	they	PRON
P02	8	12	463	464	’	VERB
P02	8	13	464	466	re	VERB
P02	8	14	467	468	a	DET
P02	8	15	469	472	bit	NOUN
P02	8	16	473	484	distracting	VERB
P02	8	17	484	485	.	.
P02	8	18	486	488	At	ADP
P02	8	19	489	492	low	ADJ
P02	8	20	493	497	zoom	NOUN
P02	8	21	498	504	levels	NOUN
P02	8	22	505	507	or	CONJ
P02	8	23	508	512	with	ADP
P02	8	24	513	522	non-white	ADJ
P02	8	25	523	534	backgrounds	NOUN
P02	8	26	534	535	,	.
P02	8	27	536	539	the	DET
P02	8	28	540	545	icons	NOUN
P02	8	29	546	552	remain	VERB
P02	8	30	553	563	relatively	ADV
P02	8	31	564	569	large	ADJ
P02	8	32	570	573	and	CONJ
P02	8	33	574	579	stand	VERB
P02	8	34	580	583	out	PRT
P02	8	35	584	587	too	ADV
P02	8	36	588	592	much	ADJ
P02	8	37	592	593	.	.
P02	9	1	595	599	This	DET
P02	9	2	600	602	PR	NOUN
P02	9	3	603	613	implements	VERB
P02	9	4	614	617	two	NUM
P02	9	5	618	623	minor	ADJ
P02	9	6	624	630	visual	ADJ
P02	9	7	631	643	improvements	NOUN
P02	9	8	643	644	:	.
P02	10	1	648	649	–	NOUN
P02	10	2	650	654	Made	VERB
P02	10	3	655	658	the	DET
P02	10	4	659	663	icon	NOUN
P02	10	5	664	674	background	NOUN
P02	10	6	675	686	transparent	NOUN
P02	11	1	690	691	–	NOUN
P02	11	2	692	701	Gradually	NOUN
P02	11	3	702	709	reduced	VERB
P02	11	4	710	714	icon	ADJ
P02	11	5	715	719	size	NOUN
P02	11	6	720	724	when	ADV
P02	11	7	725	732	zooming	VERB
P02	11	8	733	738	below	ADP
P02	11	9	739	742	100	NUM
P02	11	10	742	743	%	NOUN
P02	12	1	745	751	sample	NOUN
P02	12	2	751	752	:	.
P02	12	3	753	758	https	NOUN
P02	12	4	758	759	:	.
P02	12	5	759	760	/	ADJ
P02	12	6	760	761	/	ADJ
P02	12	7	761	809	excalidraw-79ex37zp9-excalidraw.vercel.app/#json	ADJ
P02	12	8	809	810	=	NOUN
P02	12	9	810	831	HThLaW9fjg39IzWjMma4e	NOUN
P02	12	10	831	832	,	.
P02	12	11	832	854	2WBzrLbSFLWoevVWy_bzzQ	NUM
P02	13	1	856	868	Before/after	NOUN
P02	13	2	869	873	with	ADP
P02	13	3	874	875	a	DET
P02	13	4	876	885	non-white	ADJ
P02	13	5	886	891	scene	NOUN
P02	13	6	892	897	color	NOUN
P02	13	7	897	898	:	.
P02	14	1	900	901	[	ADJ
P02	14	2	901	912	изображение	NOUN
P02	14	3	912	913	]	NOUN
P02	15	1	915	921	Before	ADP
P02	15	2	922	923	/	NOUN
P02	15	3	924	929	after	ADP
P02	15	4	930	937	zooming	VERB
P02	15	5	938	940	to	PRT
P02	15	6	941	943	10	NUM
P02	15	7	943	944	%	NOUN
P02	15	8	944	945	:	.
P02	16	1	947	948	[	ADJ
P02	16	2	948	959	изображение	NOUN
P02	16	3	959	960	]	NOUN
P07	1	1	0	5	Merge	NOUN
P07	1	2	6	10	pull	NOUN
P07	1	3	11	18	request	NOUN
P07	1	4	19	24	#1793	NOUN
P07	1	5	25	29	from	ADP
P07	1	6	30	57	mermaid-js/sidv/updateDeps2	NOUN
P07	2	1	59	64	Merge	NOUN
P07	2	2	65	69	pull	NOUN
P07	2	3	70	77	request	NOUN
P07	2	4	78	83	#1786	NOUN
P07	2	5	84	88	from	ADP
P07	2	6	89	106	aschaber1/develop	NOUN
P07	3	1	108	113	Merge	NOUN
P07	3	2	114	118	pull	NOUN
P07	3	3	119	126	request	NOUN
P07	3	4	127	132	#1761	NOUN
P07	3	5	133	137	from	ADP
P07	3	6	138	155	aschaber1/develop	NOUN
P07	4	1	157	163	Update	NOUN
P07	4	2	164	168	Deps	NOUN
P07	5	1	170	171	#	.
P07	5	2	171	172	#	.
P07	5	3	173	174	:	.
P07	5	4	174	187	bookmark_tabs	NOUN
P07	5	5	187	188	:	.
P07	5	6	189	196	Summary	ADJ
P07	6	1	197	204	Updates	NOUN
P07	6	2	205	211	eslint	VERB
P07	6	3	212	214	to	PRT
P07	6	4	215	217	v9	VERB
P07	6	5	217	218	,	.
P07	6	6	219	225	svelte	NOUN
P07	6	7	225	226	,	.
P07	6	8	227	230	and	CONJ
P07	6	9	231	236	fixes	VERB
P07	6	10	237	241	some	DET
P07	6	11	242	248	issues	NOUN
P07	6	12	249	254	found	VERB
P07	6	13	255	261	during	ADP
P07	6	14	262	269	linting	NOUN
P07	6	15	269	270	.	.
P07	7	1	273	274	#	.
P07	7	2	274	275	#	.
P07	7	3	275	276	#	.
P07	7	4	277	278	:	.
P07	7	5	278	287	clipboard	NOUN
P07	7	6	287	288	:	.
P07	7	7	289	294	Tasks	NOUN
P07	8	1	296	300	Make	NOUN
P07	8	2	301	305	sure	NOUN
P07	8	3	306	309	you	PRON
P07	9	1	311	312	-	.
P07	9	2	313	314	[	NOUN
P07	9	3	315	316	]	NOUN
P07	9	4	317	318	:	.
P07	9	5	318	322	book	NOUN
P07	9	6	322	323	:	.
P07	9	7	324	328	have	VERB
P07	9	8	329	333	read	VERB
P07	9	9	334	337	the	DET
P07	9	10	338	350	contribution	NOUN
P07	9	11	351	361	guidelines	NOUN
P07	10	1	362	363	-	.
P07	10	2	364	365	[	NOUN
P07	10	3	366	367	]	NOUN
P07	10	4	368	369	:	.
P07	10	5	369	377	computer	NOUN
P07	10	6	377	378	:	.
P07	10	7	379	383	have	VERB
P07	10	8	384	389	added	VERB
P07	10	9	390	398	unit/e2e	ADJ
P07	10	10	399	404	tests	NOUN
P07	10	11	405	406	(	.
P07	10	12	406	408	if	ADP
P07	10	13	409	420	appropriate	NOUN
P07	10	14	420	421	)	.
P07	11	1	422	423	-	.
P07	11	2	424	425	[	NOUN
P07	11	3	426	427	]	NOUN
P07	11	4	428	429	:	.
P07	11	5	429	437	bookmark	NOUN
P07	11	6	437	438	:	.
P07	11	7	439	447	targeted	VERB
P07	11	8	448	449	`	.
P07	11	9	449	456	develop	VERB
P07	11	10	456	457	`	.
P07	11	11	458	464	branch	NOUN
P07	12	1	466	468	ci	NOUN
P07	12	2	468	469	(	.
P07	12	3	469	483	docker-publish	ADJ
P07	12	4	483	484	)	.
P07	12	5	484	485	:	.
P07	12	6	486	487	:	.
P07	12	7	487	505	contruction_worker	NOUN
P07	12	8	505	506	:	.
P07	12	9	507	510	fix	NOUN
P07	12	10	511	517	quotes	NOUN
P07	13	1	519	520	#	.
P07	13	2	520	521	#	.
P07	13	3	522	523	:	.
P07	13	4	523	536	bookmark_tabs	NOUN
P07	13	5	536	537	:	.
P07	13	6	538	545	Summary	ADJ
P07	14	1	547	550	Fix	NOUN
P07	14	2	551	560	quotation	NOUN
P07	14	3	561	566	issue	NOUN
P07	14	4	567	577	introduced	VERB
P07	14	5	578	585	through	ADP
P07	14	6	586	591	#1761	NOUN
P07	15	1	593	595	ci	NOUN
P07	15	2	595	596	(	.
P07	15	3	596	610	docker-publish	ADJ
P07	15	4	610	611	)	.
P07	15	5	611	612	:	.
P07	15	6	613	616	add	VERB
P07	15	7	617	622	arm64	ADJ
P07	15	8	623	629	builds	NOUN
P07	15	9	630	633	and	CONJ
P07	15	10	634	646	attestations	NOUN
P07	16	1	648	649	#	.
P07	16	2	649	650	#	.
P07	16	3	651	652	:	.
P07	16	4	652	665	bookmark_tabs	NOUN
P07	16	5	665	666	:	.
P07	16	6	667	674	Summary	ADJ
P07	17	1	676	679	add	VERB
P07	17	2	680	685	arm64	ADJ
P07	17	3	686	692	builds	NOUN
P07	17	4	693	696	and	CONJ
P07	17	5	697	709	attestations	NOUN
P07	17	6	709	710	.	.
P07	17	7	711	716	these	DET
P07	17	8	717	723	builds	NOUN
P07	17	9	724	726	do	VERB
P07	17	10	727	731	take	VERB
P07	17	11	732	733	a	DET
P07	17	12	734	738	good	ADJ
P07	17	13	739	742	bit	NOUN
P07	17	14	743	749	longer	ADV
P07	17	15	749	750	,	.
P07	17	16	751	757	during	ADP
P07	17	17	758	760	my	PRON
P07	17	18	761	766	tests	NOUN
P07	17	19	767	771	they	PRON
P07	17	20	772	776	were	VERB
P07	17	21	777	783	around	ADV
P07	17	22	784	786	15	NUM
P07	17	23	787	791	mins	NOUN
P07	17	24	791	792	.	.
P07	17	25	793	797	hope	NOUN
P07	17	26	798	804	that's	ADP
P07	17	27	805	809	okay	NOUN
P07	17	28	809	810	.	.
P07	17	29	811	818	There's	VERB
P07	17	30	819	820	a	DET
P07	17	31	821	825	more	ADV
P07	17	32	826	833	complex	ADJ
P07	17	33	834	842	solution	NOUN
P07	17	34	843	847	with	ADP
P07	17	35	848	856	building	VERB
P07	17	36	857	861	them	PRON
P07	17	37	862	864	in	ADP
P07	17	38	865	866	a	DET
P07	17	39	867	873	matrix	NOUN
P07	17	40	874	879	using	VERB
P07	17	41	880	889	different	ADJ
P07	17	42	890	897	runners	NOUN
P07	17	43	897	898	.	.
P07	17	44	899	900	I	PRON
P07	17	45	901	905	have	VERB
P07	17	46	906	910	done	VERB
P07	17	47	911	915	this	DET
P07	17	48	916	919	for	ADP
P07	17	49	920	924	this	DET
P07	17	50	925	932	project	NOUN
P07	17	51	932	933	:	.
P07	17	52	934	939	https	NOUN
P07	17	53	939	940	:	.
P07	17	54	940	941	/	ADJ
P07	17	55	941	942	/	NOUN
P07	17	56	942	979	github.com/lukevella/rallly/pull/1783	NOUN
P07	17	57	980	987	because	ADP
P07	17	58	988	991	the	DET
P07	17	59	992	995	run	NOUN
P07	17	60	996	1000	time	NOUN
P07	17	61	1001	1009	exceeded	VERB
P07	17	62	1010	1020	acceptable	ADJ
P07	17	63	1021	1028	amounts	NOUN
P07	17	64	1029	1038	otherwise	ADV
P07	17	65	1039	1042	and	CONJ
P07	17	66	1043	1046	got	VERB
P07	17	67	1047	1052	timed	VERB
P07	17	68	1053	1056	out	PRT
P07	17	69	1056	1057	.	.
P07	18	1	1059	1060	#	.
P07	18	2	1060	1061	#	.
P07	18	3	1062	1063	:	.
P07	18	4	1063	1077	straight_ruler	NOUN
P07	18	5	1077	1078	:	.
P07	18	6	1079	1085	Design	NOUN
P07	18	7	1086	1095	Decisions	NOUN
P07	19	1	1097	1105	Describe	NOUN
P07	19	2	1106	1109	the	DET
P07	19	3	1110	1113	way	NOUN
P07	19	4	1114	1118	your	PRON
P07	19	5	1119	1133	implementation	NOUN
P07	19	6	1134	1139	works	VERB
P07	19	7	1140	1142	or	CONJ
P07	19	8	1143	1147	what	PRON
P07	19	9	1148	1154	design	NOUN
P07	19	10	1155	1164	decisions	NOUN
P07	19	11	1165	1168	you	PRON
P07	19	12	1169	1173	made	VERB
P07	19	13	1174	1176	if	ADP
P07	19	14	1177	1187	applicable	ADJ
P07	19	15	1187	1188	:	.
P07	20	1	1190	1191	-	.
P07	20	2	1192	1199	usually	ADV
P07	20	3	1200	1207	running	VERB
P07	20	4	1208	1210	on	ADP
P07	20	5	1211	1212	`	.
P07	20	6	1212	1217	arm64	ADJ
P07	20	7	1217	1218	`	.
P07	20	8	1219	1221	is	VERB
P07	20	9	1222	1229	cheaper	ADJ
P07	21	1	1230	1231	-	.
P07	21	2	1232	1238	adding	VERB
P07	21	3	1239	1251	attestations	NOUN
P07	21	4	1252	1261	increases	NOUN
P07	21	5	1262	1270	security	NOUN
P07	21	6	1271	1273	by	ADP
P07	21	7	1274	1283	providing	VERB
P07	21	8	1284	1294	provenance	NOUN
P07	21	9	1294	1295	.	.
P07	22	1	1297	1298	#	.
P07	22	2	1298	1299	#	.
P07	22	3	1299	1300	#	.
P07	22	4	1301	1302	:	.
P07	22	5	1302	1311	clipboard	NOUN
P07	22	6	1311	1312	:	.
P07	22	7	1313	1318	Tasks	NOUN
P07	23	1	1320	1324	Make	NOUN
P07	23	2	1325	1329	sure	NOUN
P07	23	3	1330	1333	you	PRON
P07	24	1	1335	1336	-	.
P07	24	2	1337	1338	[	NOUN
P07	24	3	1338	1339	X	ADJ
P07	24	4	1339	1340	]	NOUN
P07	24	5	1341	1342	:	.
P07	24	6	1342	1346	book	NOUN
P07	24	7	1346	1347	:	.
P07	24	8	1348	1352	have	VERB
P07	24	9	1353	1357	read	VERB
P07	24	10	1358	1361	the	DET
P07	24	11	1362	1374	contribution	NOUN
P07	24	12	1375	1385	guidelines	NOUN
P07	25	1	1386	1387	-	.
P07	25	2	1388	1389	[	NOUN
P07	25	3	1389	1390	X	ADJ
P07	25	4	1390	1391	]	NOUN
P07	25	5	1392	1393	:	.
P07	25	6	1393	1401	computer	NOUN
P07	25	7	1401	1402	:	.
P07	25	8	1403	1407	have	VERB
P07	25	9	1408	1413	added	VERB
P07	25	10	1414	1422	unit/e2e	ADJ
P07	25	11	1423	1428	tests	NOUN
P07	25	12	1429	1430	(	.
P07	25	13	1430	1432	if	ADP
P07	25	14	1433	1444	appropriate	NOUN
P07	25	15	1444	1445	)	.
P07	26	1	1446	1447	-	.
P07	26	2	1448	1449	[	NOUN
P07	26	3	1449	1450	X	ADJ
P07	26	4	1450	1451	]	NOUN
P07	26	5	1452	1453	:	.
P07	26	6	1453	1461	bookmark	NOUN
P07	26	7	1461	1462	:	.
P07	26	8	1463	1471	targeted	VERB
P07	26	9	1472	1473	`	.
P07	26	10	1473	1480	develop	VERB
P07	26	11	1480	1481	`	.
P07	26	12	1482	1488	branch	NOUN
P08	1	1	0	5	Merge	NOUN
P08	1	2	6	10	pull	NOUN
P08	1	3	11	18	request	NOUN
P08	1	4	19	24	#2040	NOUN
P08	1	5	25	29	from	ADP
P08	1	6	30	72	mermaid-js/renovate/patch-mermaid-packages	NOUN
P08	2	1	74	77	fix	NOUN
P08	2	2	77	78	(	.
P08	2	3	78	82	deps	NOUN
P08	2	4	82	83	)	.
P08	2	5	83	84	:	.
P08	2	6	85	91	update	NOUN
P08	2	7	92	99	mermaid	NOUN
P08	2	8	100	108	packages	NOUN
P08	2	9	109	111	to	PRT
P08	2	10	112	113	^	VERB
P08	2	11	113	118	1.0.1	NUM
P08	3	1	120	124	This	DET
P08	3	2	125	127	PR	NOUN
P08	3	3	128	136	contains	VERB
P08	3	4	137	140	the	DET
P08	3	5	141	150	following	ADJ
P08	3	6	151	158	updates	NOUN
P08	3	7	158	159	:	.
P08	4	1	161	162	|	ADJ
P08	4	2	163	170	Package	NOUN
P08	4	3	171	172	|	NOUN
P08	4	4	173	179	Change	NOUN
P08	4	5	180	181	|	NOUN
P08	4	6	182	185	Age	NOUN
P08	4	7	186	187	|	NOUN
P08	4	8	188	198	Confidence	NOUN
P08	4	9	199	200	|	NOUN
P08	5	1	201	202	|	X
P08	5	2	202	203	-	.
P08	5	3	203	204	-	.
P08	5	4	204	205	-	.
P08	5	5	205	206	|	X
P08	5	6	206	207	-	.
P08	5	7	207	208	-	.
P08	5	8	208	209	-	.
P08	5	9	209	210	|	X
P08	5	10	210	211	-	.
P08	5	11	211	212	-	.
P08	5	12	212	213	-	.
P08	5	13	213	214	|	X
P08	5	14	214	215	-	.
P08	5	15	215	216	-	.
P08	5	16	216	217	-	.
P08	5	17	217	218	|	NOUN
P08	6	1	219	220	|	ADJ
P08	6	2	221	249	@mermaid-js/layout-tidy-tree	ADJ
P08	6	3	250	251	|	NOUN
P08	6	4	252	253	`	.
P08	6	5	253	254	^	ADV
P08	6	6	254	259	1.0.0	NUM
P08	6	7	259	260	`	.
P08	6	8	261	262	→	ADJ
P08	6	9	263	264	`	.
P08	6	10	264	265	^	ADV
P08	6	11	265	270	1.0.1	NUM
P08	6	12	270	271	`	.
P08	6	13	272	273	|	ADJ
P08	6	14	274	275	[	NOUN
P08	6	15	275	286	изображение	NOUN
P08	6	16	286	287	]	NOUN
P08	6	17	288	289	|	NOUN
P08	6	18	290	291	[	NOUN
P08	6	19	291	302	изображение	NOUN
P08	6	20	302	303	]	NOUN
P08	6	21	304	305	|	NOUN
P08	7	1	306	307	|	ADJ
P08	7	2	308	334	@mermaid-js/mermaid-zenuml	NOUN
P08	7	3	335	336	(	.
P08	7	4	336	342	source	NOUN
P08	7	5	342	343	)	.
P08	7	6	344	345	|	NOUN
P08	7	7	346	347	`	.
P08	7	8	347	348	^	ADV
P08	7	9	348	353	1.0.0	NUM
P08	7	10	353	354	`	.
P08	7	11	355	356	→	ADJ
P08	7	12	357	358	`	.
P08	7	13	358	359	^	ADV
P08	7	14	359	364	1.0.1	NUM
P08	7	15	364	365	`	.
P08	7	16	366	367	|	ADJ
P08	7	17	368	369	[	NOUN
P08	7	18	369	380	изображение	NOUN
P08	7	19	380	381	]	NOUN
P08	7	20	382	383	|	NOUN
P08	7	21	384	385	[	NOUN
P08	7	22	385	396	изображение	NOUN
P08	7	23	396	397	]	NOUN
P08	7	24	398	399	|	NOUN
P08	8	1	401	402	-	.
P08	8	2	402	403	-	.
P08	8	3	403	404	-	.
P08	9	1	406	407	#	.
P08	9	2	407	408	#	.
P08	9	3	408	409	#	.
P08	9	4	410	417	Release	NOUN
P08	9	5	418	423	Notes	NOUN
P08	10	1	425	443	mermaid-js/mermaid	NOUN
P08	10	2	444	445	(	.
P08	10	3	445	473	@mermaid-js/layout-tidy-tree	NUM
P08	10	4	473	474	)	.
P08	11	1	476	477	#	.
P08	11	2	477	478	#	.
P08	11	3	478	479	#	.
P08	11	4	480	481	`	.
P08	11	5	481	487	v1.0.1	NOUN
P08	11	6	487	488	`	.
P08	12	1	490	497	Compare	NOUN
P08	12	2	498	504	Source	NOUN
P08	13	1	506	507	#	.
P08	13	2	507	508	#	.
P08	13	3	508	509	#	.
P08	13	4	509	510	#	.
P08	13	5	510	511	#	.
P08	13	6	512	517	Patch	NOUN
P08	13	7	518	525	Changes	NOUN
P08	14	1	527	528	-	.
P08	14	2	529	534	#8248	NOUN
P08	14	3	535	536	`	.
P08	14	4	536	543	3e9f40b	NUM
P08	14	5	543	544	`	.
P08	14	6	545	551	Thanks	NOUN
P08	14	7	552	564	@sidharthv96	NOUN
P08	14	8	564	565	!	.
P08	14	9	566	567	-	.
P08	14	10	568	575	Support	NOUN
P08	14	11	576	583	Mermaid	VERB
P08	14	12	584	586	12	NUM
P08	14	13	587	589	in	ADP
P08	14	14	590	593	the	DET
P08	14	15	594	603	tidy-tree	ADJ
P08	14	16	604	610	layout	NOUN
P08	14	17	611	618	package	NOUN
P08	14	18	619	624	while	ADP
P08	14	19	625	634	retaining	VERB
P08	14	20	635	642	Mermaid	NOUN
P08	14	21	643	645	11	NUM
P08	14	22	646	659	compatibility	NOUN
P08	14	23	659	660	.	.
P08	15	1	662	663	-	.
P08	15	2	663	664	-	.
P08	15	3	664	665	-	.
P08	16	1	667	668	#	.
P08	16	2	668	669	#	.
P08	16	3	669	670	#	.
P08	16	4	671	684	Configuration	NOUN
P08	17	1	686	687	📅	ADJ
P08	17	2	688	689	*	NOUN
P08	17	3	689	690	*	NOUN
P08	17	4	690	698	Schedule	NOUN
P08	17	5	698	699	*	NOUN
P08	17	6	699	700	*	NOUN
P08	17	7	700	701	:	.
P08	17	8	702	703	(	.
P08	17	9	703	706	UTC	NOUN
P08	17	10	706	707	)	.
P08	18	1	709	710	-	.
P08	18	2	711	717	Branch	NOUN
P08	18	3	718	726	creation	NOUN
P08	19	1	729	730	-	.
P08	19	2	731	733	At	ADP
P08	19	3	734	737	any	DET
P08	19	4	738	742	time	NOUN
P08	19	5	743	744	(	.
P08	19	6	744	746	no	DET
P08	19	7	747	755	schedule	NOUN
P08	19	8	756	763	defined	VERB
P08	19	9	763	764	)	.
P08	20	1	765	766	-	.
P08	20	2	767	776	Automerge	NOUN
P08	21	1	779	780	-	.
P08	21	2	781	783	At	ADP
P08	21	3	784	787	any	DET
P08	21	4	788	792	time	NOUN
P08	21	5	793	794	(	.
P08	21	6	794	796	no	DET
P08	21	7	797	805	schedule	NOUN
P08	21	8	806	813	defined	VERB
P08	21	9	813	814	)	.
P08	22	1	816	817	🚦	ADJ
P08	22	2	818	819	*	NOUN
P08	22	3	819	820	*	NOUN
P08	22	4	820	829	Automerge	NOUN
P08	22	5	829	830	*	NOUN
P08	22	6	830	831	*	NOUN
P08	22	7	831	832	:	.
P08	22	8	833	840	Enabled	VERB
P08	22	9	840	841	.	.
P08	23	1	843	844	♻	ADJ
P08	23	2	845	846	*	NOUN
P08	23	3	846	847	*	NOUN
P08	23	4	847	855	Rebasing	NOUN
P08	23	5	855	856	*	NOUN
P08	23	6	856	857	*	NOUN
P08	23	7	857	858	:	.
P08	23	8	859	867	Whenever	NOUN
P08	23	9	868	870	PR	NOUN
P08	23	10	871	873	is	VERB
P08	23	11	874	880	behind	ADP
P08	23	12	881	885	base	NOUN
P08	23	13	886	892	branch	NOUN
P08	23	14	892	893	,	.
P08	23	15	894	896	or	CONJ
P08	23	16	897	900	you	PRON
P08	23	17	901	905	tick	VERB
P08	23	18	906	909	the	DET
P08	23	19	910	922	rebase/retry	NOUN
P08	23	20	923	931	checkbox	NOUN
P08	23	21	931	932	.	.
P08	24	1	934	935	🔕	ADJ
P08	24	2	936	937	*	NOUN
P08	24	3	937	938	*	NOUN
P08	24	4	938	944	Ignore	NOUN
P08	24	5	944	945	*	NOUN
P08	24	6	945	946	*	NOUN
P08	24	7	946	947	:	.
P08	24	8	948	953	Close	VERB
P08	24	9	954	958	this	DET
P08	24	10	959	961	PR	NOUN
P08	24	11	962	965	and	CONJ
P08	24	12	966	969	you	PRON
P08	24	13	970	975	won't	VERB
P08	24	14	976	978	be	VERB
P08	24	15	979	987	reminded	VERB
P08	24	16	988	993	about	ADP
P08	24	17	994	999	these	DET
P08	24	18	1000	1007	updates	NOUN
P08	24	19	1008	1013	again	ADV
P08	24	20	1013	1014	.	.
P08	25	1	1016	1017	-	.
P08	25	2	1017	1018	-	.
P08	25	3	1018	1019	-	.
P08	26	1	1022	1023	-	.
P08	26	2	1024	1025	[	NOUN
P08	26	3	1026	1027	]	NOUN
P08	26	4	1028	1030	If	ADP
P08	26	5	1031	1034	you	PRON
P08	26	6	1035	1039	want	VERB
P08	26	7	1040	1042	to	PRT
P08	26	8	1043	1055	rebase/retry	VERB
P08	26	9	1056	1060	this	DET
P08	26	10	1061	1063	PR	NOUN
P08	26	11	1063	1064	,	.
P08	26	12	1065	1070	check	VERB
P08	26	13	1071	1075	this	DET
P08	26	14	1076	1079	box	NOUN
P08	27	1	1081	1082	-	.
P08	27	2	1082	1083	-	.
P08	27	3	1083	1084	-	.
P08	28	1	1086	1090	This	DET
P08	28	2	1091	1093	PR	NOUN
P08	28	3	1094	1097	was	VERB
P08	28	4	1098	1107	generated	VERB
P08	28	5	1108	1110	by	ADP
P08	28	6	1111	1115	Mend	NOUN
P08	28	7	1116	1124	Renovate	NOUN
P08	28	8	1124	1125	.	.
P08	28	9	1126	1130	View	NOUN
P08	28	10	1131	1134	the	DET
P08	28	11	1135	1145	repository	NOUN
P08	28	12	1146	1149	job	NOUN
P08	28	13	1150	1153	log	NOUN
P08	28	14	1153	1154	.	.
P09	1	1	0	5	Merge	NOUN
P09	1	2	6	10	pull	NOUN
P09	1	3	11	18	request	NOUN
P09	1	4	19	24	#1798	NOUN
P09	1	5	25	29	from	ADP
P09	1	6	30	78	junqwoopark/bug/1797_fix_export_background_color	NOUN
P09	2	1	80	83	fix	NOUN
P09	2	2	83	84	(	.
P09	2	3	84	90	export	NOUN
P09	2	4	90	91	)	.
P09	2	5	91	92	:	.
P09	2	6	93	99	Remove	VERB
P09	2	7	100	109	redundant	NOUN
P09	2	8	110	113	hsl	NOUN
P09	2	9	113	114	(	.
P09	2	10	114	115	)	.
P09	2	11	116	120	from	ADP
P09	2	12	121	131	background	NOUN
P09	2	13	132	137	color	NOUN
P09	3	1	139	140	#	.
P09	3	2	140	141	#	.
P09	3	3	142	143	:	.
P09	3	4	143	156	bookmark_tabs	NOUN
P09	3	5	156	157	:	.
P09	3	6	158	165	Summary	ADJ
P09	4	1	167	171	This	DET
P09	4	2	172	174	PR	NOUN
P09	4	3	175	180	fixes	VERB
P09	4	4	181	183	an	DET
P09	4	5	184	189	issue	NOUN
P09	4	6	190	195	where	ADV
P09	4	7	196	204	exported	VERB
P09	4	8	205	211	Images	NOUN
P09	4	9	212	216	have	VERB
P09	4	10	217	219	an	DET
P09	4	11	220	229	incorrect	NOUN
P09	4	12	230	240	background	NOUN
P09	4	13	241	246	color	NOUN
P09	4	14	246	247	.	.
P09	5	1	251	252	-	.
P09	5	2	253	259	Copied	VERB
P09	5	3	260	265	Image	NOUN
P09	5	4	266	277	incorrectly	ADV
P09	5	5	278	281	had	VERB
P09	5	6	282	283	a	DET
P09	5	7	284	289	black	ADJ
P09	5	8	290	300	background	NOUN
P09	5	9	300	301	.	.
P09	6	1	305	306	-	.
P09	6	2	307	317	Downloaded	VERB
P09	6	3	318	322	SVGs	NOUN
P09	6	4	323	334	incorrectly	ADV
P09	6	5	335	338	had	VERB
P09	6	6	339	340	a	DET
P09	6	7	341	346	white	ADJ
P09	6	8	347	357	background	NOUN
P09	6	9	357	358	.	.
P09	7	1	359	363	This	DET
P09	7	2	364	370	change	NOUN
P09	7	3	371	378	ensures	VERB
P09	7	4	379	383	that	ADP
P09	7	5	384	387	the	DET
P09	7	6	388	398	background	NOUN
P09	7	7	399	404	color	NOUN
P09	7	8	405	407	of	ADP
P09	7	9	408	411	the	DET
P09	7	10	412	420	exported	ADJ
P09	7	11	421	424	SVG	NOUN
P09	7	12	425	433	respects	VERB
P09	7	13	434	437	the	DET
P09	7	14	438	445	current	ADJ
P09	7	15	446	451	theme	NOUN
P09	7	16	452	454	of	ADP
P09	7	17	455	458	the	DET
P09	7	18	459	465	editor	NOUN
P09	7	19	465	466	.	.
P09	8	1	468	476	Resolves	NOUN
P09	8	2	477	482	#1797	VERB
P09	9	1	485	486	#	.
P09	9	2	486	487	#	.
P09	9	3	488	489	:	.
P09	9	4	489	503	straight_ruler	NOUN
P09	9	5	503	504	:	.
P09	9	6	505	511	Design	NOUN
P09	9	7	512	521	Decisions	NOUN
P09	10	1	523	526	The	DET
P09	10	2	527	531	code	NOUN
P09	10	3	532	543	incorrectly	ADV
P09	10	4	544	551	wrapped	VERB
P09	10	5	552	553	a	DET
P09	10	6	554	559	color	NOUN
P09	10	7	560	565	value	NOUN
P09	10	8	566	570	from	ADP
P09	10	9	571	572	a	DET
P09	10	10	573	576	CSS	NOUN
P09	10	11	577	585	variable	NOUN
P09	10	12	586	590	with	ADP
P09	10	13	591	593	an	DET
P09	10	14	594	597	hsl	NOUN
P09	10	15	597	598	(	.
P09	10	16	598	599	)	.
P09	10	17	600	608	function	NOUN
P09	10	18	608	609	,	.
P09	10	19	610	618	creating	VERB
P09	10	20	619	621	an	DET
P09	10	21	622	629	invalid	ADJ
P09	10	22	630	635	color	NOUN
P09	10	23	635	636	.	.
P09	10	24	637	640	The	DET
P09	10	25	641	644	fix	NOUN
P09	10	26	645	652	removes	VERB
P09	10	27	653	656	the	DET
P09	10	28	657	666	redundant	ADJ
P09	10	29	667	670	hsl	NOUN
P09	10	30	670	671	(	.
P09	10	31	671	672	)	.
P09	10	32	673	680	wrapper	NOUN
P09	10	33	680	681	,	.
P09	10	34	682	690	ensuring	VERB
P09	10	35	691	694	the	DET
P09	10	36	695	705	background	NOUN
P09	10	37	706	711	color	NOUN
P09	10	38	712	717	value	NOUN
P09	10	39	718	722	from	ADP
P09	10	40	723	726	the	DET
P09	10	41	727	730	CSS	NOUN
P09	10	42	731	739	variable	NOUN
P09	10	43	740	742	is	VERB
P09	10	44	743	747	used	VERB
P09	10	45	748	756	directly	ADV
P09	10	46	757	760	and	CONJ
P09	10	47	761	770	correctly	ADV
P09	10	48	770	771	.	.
P09	11	1	773	774	#	.
P09	11	2	774	775	#	.
P09	11	3	775	776	#	.
P09	11	4	777	778	:	.
P09	11	5	778	787	clipboard	NOUN
P09	11	6	787	788	:	.
P09	11	7	789	794	Tasks	NOUN
P09	12	1	796	800	Make	NOUN
P09	12	2	801	805	sure	NOUN
P09	12	3	806	809	you	PRON
P09	13	1	811	812	-	.
P09	13	2	813	814	[	NOUN
P09	13	3	814	815	x	ADJ
P09	13	4	815	816	]	NOUN
P09	13	5	817	818	:	.
P09	13	6	818	822	book	NOUN
P09	13	7	822	823	:	.
P09	13	8	824	828	have	VERB
P09	13	9	829	833	read	VERB
P09	13	10	834	837	the	DET
P09	13	11	838	850	contribution	NOUN
P09	13	12	851	861	guidelines	NOUN
P09	14	1	862	863	-	.
P09	14	2	864	865	[	NOUN
P09	14	3	865	866	x	ADJ
P09	14	4	866	867	]	NOUN
P09	14	5	868	869	:	.
P09	14	6	869	877	computer	NOUN
P09	14	7	877	878	:	.
P09	14	8	879	883	have	VERB
P09	14	9	884	889	added	VERB
P09	14	10	890	898	unit/e2e	ADJ
P09	14	11	899	904	tests	NOUN
P09	14	12	905	906	(	.
P09	14	13	906	908	if	ADP
P09	14	14	909	920	appropriate	NOUN
P09	14	15	920	921	)	.
P09	15	1	922	923	-	.
P09	15	2	924	925	[	NOUN
P09	15	3	925	926	x	ADJ
P09	15	4	926	927	]	NOUN
P09	15	5	928	929	:	.
P09	15	6	929	937	bookmark	NOUN
P09	15	7	937	938	:	.
P09	15	8	939	947	targeted	VERB
P09	15	9	948	949	`	.
P09	15	10	949	956	develop	VERB
P09	15	11	956	957	`	.
P09	15	12	958	964	branch	NOUN
P11	1	1	0	5	Merge	NOUN
P11	1	2	6	10	pull	NOUN
P11	1	3	11	18	request	NOUN
P11	1	4	19	24	#1783	NOUN
P11	1	5	25	29	from	ADP
P11	1	6	30	59	mermaid-js/sidv/updateMermaid	NOUN
P11	2	1	61	66	chore	NOUN
P11	2	2	66	67	:	.
P11	2	3	68	74	Update	NOUN
P11	2	4	75	82	mermaid	VERB
P11	2	5	83	90	version	NOUN
P11	3	1	92	93	#	.
P11	3	2	93	94	#	.
P11	3	3	95	96	:	.
P11	3	4	96	109	bookmark_tabs	NOUN
P11	3	5	109	110	:	.
P11	3	6	111	118	Summary	ADJ
P11	4	1	120	125	Brief	ADJ
P11	4	2	126	137	description	NOUN
P11	4	3	138	143	about	ADP
P11	4	4	144	147	the	DET
P11	4	5	148	155	content	NOUN
P11	4	6	156	158	of	ADP
P11	4	7	159	163	your	PRON
P11	4	8	164	166	PR	NOUN
P11	4	9	166	167	:	.
P11	5	1	169	177	Resolves	NOUN
P11	5	2	178	179	#	.
P11	5	3	179	180	<	VERB
P11	5	4	180	184	your	PRON
P11	5	5	185	190	issue	NOUN
P11	5	6	191	193	id	NOUN
P11	5	7	194	198	here	ADV
P11	5	8	198	199	>	VERB
P11	6	1	201	202	#	.
P11	6	2	202	203	#	.
P11	6	3	204	205	:	.
P11	6	4	205	219	straight_ruler	NOUN
P11	6	5	219	220	:	.
P11	6	6	221	227	Design	NOUN
P11	6	7	228	237	Decisions	NOUN
P11	7	1	239	247	Describe	NOUN
P11	7	2	248	251	the	DET
P11	7	3	252	255	way	NOUN
P11	7	4	256	260	your	PRON
P11	7	5	261	275	implementation	NOUN
P11	7	6	276	281	works	VERB
P11	7	7	282	284	or	CONJ
P11	7	8	285	289	what	PRON
P11	7	9	290	296	design	NOUN
P11	7	10	297	306	decisions	NOUN
P11	7	11	307	310	you	PRON
P11	7	12	311	315	made	VERB
P11	7	13	316	318	if	ADP
P11	7	14	319	329	applicable	ADJ
P11	7	15	329	330	:	.
P11	8	1	332	333	#	.
P11	8	2	333	334	#	.
P11	8	3	334	335	#	.
P11	8	4	336	337	:	.
P11	8	5	337	346	clipboard	NOUN
P11	8	6	346	347	:	.
P11	8	7	348	353	Tasks	NOUN
P11	9	1	355	359	Make	NOUN
P11	9	2	360	364	sure	NOUN
P11	9	3	365	368	you	PRON
P11	10	1	370	371	-	.
P11	10	2	372	373	[	NOUN
P11	10	3	374	375	]	NOUN
P11	10	4	376	377	:	.
P11	10	5	377	381	book	NOUN
P11	10	6	381	382	:	.
P11	10	7	383	387	have	VERB
P11	10	8	388	392	read	VERB
P11	10	9	393	396	the	DET
P11	10	10	397	409	contribution	NOUN
P11	10	11	410	420	guidelines	NOUN
P11	11	1	421	422	-	.
P11	11	2	423	424	[	NOUN
P11	11	3	425	426	]	NOUN
P11	11	4	427	428	:	.
P11	11	5	428	436	computer	NOUN
P11	11	6	436	437	:	.
P11	11	7	438	442	have	VERB
P11	11	8	443	448	added	VERB
P11	11	9	449	457	unit/e2e	ADJ
P11	11	10	458	463	tests	NOUN
P11	11	11	464	465	(	.
P11	11	12	465	467	if	ADP
P11	11	13	468	479	appropriate	NOUN
P11	11	14	479	480	)	.
P11	12	1	481	482	-	.
P11	12	2	483	484	[	NOUN
P11	12	3	485	486	]	NOUN
P11	12	4	487	488	:	.
P11	12	5	488	496	bookmark	NOUN
P11	12	6	496	497	:	.
P11	12	7	498	506	targeted	VERB
P11	12	8	507	508	`	.
P11	12	9	508	515	develop	VERB
P11	12	10	515	516	`	.
P11	12	11	517	523	branch	NOUN
P12	1	1	0	5	chore	NOUN
P12	1	2	5	6	:	.
P12	1	3	7	13	Update	ADJ
P12	1	4	14	26	translations	NOUN
P12	1	5	27	31	from	ADP
P12	1	6	32	39	Crowdin	NOUN
P12	1	7	40	41	(	.
P12	1	8	41	47	#10316	NOUN
P12	1	9	47	48	)	.
P12	2	1	49	50	*	ADJ
P12	2	2	51	54	New	NOUN
P12	2	3	55	67	translations	NOUN
P12	2	4	68	75	en.json	NOUN
P12	2	5	76	77	(	.
P12	2	6	77	84	Swedish	ADJ
P12	2	7	84	85	)	.
P12	3	1	87	88	*	ADJ
P12	3	2	89	92	New	NOUN
P12	3	3	93	105	translations	NOUN
P12	3	4	106	113	en.json	VERB
P12	3	5	114	115	(	.
P12	3	6	115	123	Japanese	ADJ
P12	3	7	123	124	)	.
P12	4	1	126	127	*	ADJ
P12	4	2	128	132	Auto	NOUN
P12	4	3	133	139	commit	NOUN
P12	4	4	139	140	:	.
P12	4	5	141	150	Calculate	NOUN
P12	4	6	151	162	translation	NOUN
P12	4	7	163	171	coverage	NOUN
P12	5	1	173	174	*	ADJ
P12	5	2	175	178	New	NOUN
P12	5	3	179	191	translations	NOUN
P12	5	4	192	199	en.json	NOUN
P12	5	5	200	201	(	.
P12	5	6	201	208	Occitan	NOUN
P12	5	7	208	209	)	.
P12	6	1	211	212	*	ADJ
P12	6	2	213	217	Auto	NOUN
P12	6	3	218	224	commit	NOUN
P12	6	4	224	225	:	.
P12	6	5	226	235	Calculate	NOUN
P12	6	6	236	247	translation	NOUN
P12	6	7	248	256	coverage	NOUN
P12	7	1	258	259	*	ADJ
P12	7	2	260	263	New	NOUN
P12	7	3	264	276	translations	NOUN
P12	7	4	277	284	en.json	NOUN
P12	7	5	285	286	(	.
P12	7	6	286	293	Russian	ADJ
P12	7	7	293	294	)	.
P12	8	1	296	297	*	ADJ
P12	8	2	298	302	Auto	NOUN
P12	8	3	303	309	commit	NOUN
P12	8	4	309	310	:	.
P12	8	5	311	320	Calculate	NOUN
P12	8	6	321	332	translation	NOUN
P12	8	7	333	341	coverage	NOUN
P12	9	1	343	344	*	ADJ
P12	9	2	345	348	New	NOUN
P12	9	3	349	361	translations	NOUN
P12	9	4	362	369	en.json	NOUN
P12	9	5	370	371	(	.
P12	9	6	371	378	Russian	ADJ
P12	9	7	378	379	)	.
P12	10	1	381	382	*	ADJ
P12	10	2	383	387	Auto	NOUN
P12	10	3	388	394	commit	NOUN
P12	10	4	394	395	:	.
P12	10	5	396	405	Calculate	NOUN
P12	10	6	406	417	translation	NOUN
P12	10	7	418	426	coverage	NOUN
P12	11	1	428	429	*	ADJ
P12	11	2	430	433	New	NOUN
P12	11	3	434	446	translations	NOUN
P12	11	4	447	454	en.json	NOUN
P12	11	5	455	456	(	.
P12	11	6	456	466	Portuguese	ADJ
P12	11	7	466	467	,	.
P12	11	8	468	477	Brazilian	ADJ
P12	11	9	477	478	)	.
P12	12	1	480	481	*	ADJ
P12	12	2	482	485	New	NOUN
P12	12	3	486	498	translations	NOUN
P12	12	4	499	506	en.json	NOUN
P12	12	5	507	508	(	.
P12	12	6	508	515	Occitan	NOUN
P12	12	7	515	516	)	.
P12	13	1	518	519	*	ADJ
P12	13	2	520	523	New	NOUN
P12	13	3	524	536	translations	NOUN
P12	13	4	537	544	en.json	NOUN
P12	13	5	545	546	(	.
P12	13	6	546	553	Italian	ADJ
P12	13	7	553	554	)	.
P12	14	1	556	557	*	ADJ
P12	14	2	558	562	Auto	NOUN
P12	14	3	563	569	commit	NOUN
P12	14	4	569	570	:	.
P12	14	5	571	580	Calculate	NOUN
P12	14	6	581	592	translation	NOUN
P12	14	7	593	601	coverage	NOUN
P12	15	1	603	604	*	ADJ
P12	15	2	605	608	New	NOUN
P12	15	3	609	621	translations	NOUN
P12	15	4	622	629	en.json	NOUN
P12	15	5	630	631	(	.
P12	15	6	631	638	Italian	ADJ
P12	15	7	638	639	)	.
P12	16	1	641	642	*	ADJ
P12	16	2	643	647	Auto	NOUN
P12	16	3	648	654	commit	NOUN
P12	16	4	654	655	:	.
P12	16	5	656	665	Calculate	NOUN
P12	16	6	666	677	translation	NOUN
P12	16	7	678	686	coverage	NOUN
P12	17	1	688	689	*	ADJ
P12	17	2	690	693	New	NOUN
P12	17	3	694	706	translations	NOUN
P12	17	4	707	714	en.json	NOUN
P12	17	5	715	716	(	.
P12	17	6	716	723	Italian	ADJ
P12	17	7	723	724	)	.
P12	18	1	726	727	*	ADJ
P12	18	2	728	732	Auto	NOUN
P12	18	3	733	739	commit	NOUN
P12	18	4	739	740	:	.
P12	18	5	741	750	Calculate	NOUN
P12	18	6	751	762	translation	NOUN
P12	18	7	763	771	coverage	NOUN
P12	19	1	773	774	*	ADJ
P12	19	2	775	778	New	NOUN
P12	19	3	779	791	translations	NOUN
P12	19	4	792	799	en.json	NOUN
P12	19	5	800	801	(	.
P12	19	6	801	808	Italian	ADJ
P12	19	7	808	809	)	.
P12	20	1	811	812	*	ADJ
P12	20	2	813	817	Auto	NOUN
P12	20	3	818	824	commit	NOUN
P12	20	4	824	825	:	.
P12	20	5	826	835	Calculate	NOUN
P12	20	6	836	847	translation	NOUN
P12	20	7	848	856	coverage	NOUN
P12	21	1	858	859	*	ADJ
P12	21	2	860	863	New	NOUN
P12	21	3	864	876	translations	NOUN
P12	21	4	877	884	en.json	NOUN
P12	21	5	885	886	(	.
P12	21	6	886	893	Swedish	ADJ
P12	21	7	893	894	)	.
P12	22	1	896	897	*	ADJ
P12	22	2	898	901	New	NOUN
P12	22	3	902	914	translations	NOUN
P12	22	4	915	922	en.json	VERB
P12	22	5	923	924	(	.
P12	22	6	924	932	Japanese	ADJ
P12	22	7	932	933	)	.
P12	23	1	935	936	*	ADJ
P12	23	2	937	940	New	NOUN
P12	23	3	941	953	translations	NOUN
P12	23	4	954	961	en.json	NOUN
P12	23	5	962	963	(	.
P12	23	6	963	970	Occitan	NOUN
P12	23	7	970	971	)	.
P12	24	1	973	974	*	ADJ
P12	24	2	975	978	New	NOUN
P12	24	3	979	991	translations	NOUN
P12	24	4	992	999	en.json	NOUN
P12	24	5	1000	1001	(	.
P12	24	6	1001	1008	Russian	ADJ
P12	24	7	1008	1009	)	.
P12	25	1	1011	1012	*	ADJ
P12	25	2	1013	1016	New	NOUN
P12	25	3	1017	1029	translations	NOUN
P12	25	4	1030	1037	en.json	NOUN
P12	25	5	1038	1039	(	.
P12	25	6	1039	1049	Portuguese	ADJ
P12	25	7	1049	1050	,	.
P12	25	8	1051	1060	Brazilian	ADJ
P12	25	9	1060	1061	)	.
P12	26	1	1063	1064	*	ADJ
P12	26	2	1065	1068	New	NOUN
P12	26	3	1069	1081	translations	NOUN
P12	26	4	1082	1089	en.json	NOUN
P12	26	5	1090	1091	(	.
P12	26	6	1091	1098	Italian	ADJ
P12	26	7	1098	1099	)	.
P12	27	1	1101	1102	*	ADJ
P12	27	2	1103	1106	New	NOUN
P12	27	3	1107	1119	translations	NOUN
P12	27	4	1120	1127	en.json	NOUN
P12	27	5	1128	1129	(	.
P12	27	6	1129	1137	Romanian	ADJ
P12	27	7	1137	1138	)	.
P12	28	1	1140	1141	*	ADJ
P12	28	2	1142	1145	New	NOUN
P12	28	3	1146	1158	translations	NOUN
P12	28	4	1159	1166	en.json	NOUN
P12	28	5	1167	1168	(	.
P12	28	6	1168	1174	French	ADJ
P12	28	7	1174	1175	)	.
P12	29	1	1177	1178	*	ADJ
P12	29	2	1179	1182	New	NOUN
P12	29	3	1183	1195	translations	NOUN
P12	29	4	1196	1203	en.json	NOUN
P12	29	5	1204	1205	(	.
P12	29	6	1205	1212	Spanish	ADJ
P12	29	7	1212	1213	)	.
P12	30	1	1215	1216	*	ADJ
P12	30	2	1217	1220	New	NOUN
P12	30	3	1221	1233	translations	NOUN
P12	30	4	1234	1241	en.json	NOUN
P12	30	5	1242	1243	(	.
P12	30	6	1243	1249	Arabic	NOUN
P12	30	7	1249	1250	)	.
P12	31	1	1252	1253	*	ADJ
P12	31	2	1254	1257	New	NOUN
P12	31	3	1258	1270	translations	NOUN
P12	31	4	1271	1278	en.json	NOUN
P12	31	5	1279	1280	(	.
P12	31	6	1280	1289	Bulgarian	ADJ
P12	31	7	1289	1290	)	.
P12	32	1	1292	1293	*	ADJ
P12	32	2	1294	1297	New	NOUN
P12	32	3	1298	1310	translations	NOUN
P12	32	4	1311	1318	en.json	NOUN
P12	32	5	1319	1320	(	.
P12	32	6	1320	1327	Catalan	NOUN
P12	32	7	1327	1328	)	.
P12	33	1	1330	1331	*	ADJ
P12	33	2	1332	1335	New	NOUN
P12	33	3	1336	1348	translations	NOUN
P12	33	4	1349	1356	en.json	NOUN
P12	33	5	1357	1358	(	.
P12	33	6	1358	1363	Czech	NOUN
P12	33	7	1363	1364	)	.
P12	34	1	1366	1367	*	ADJ
P12	34	2	1368	1371	New	NOUN
P12	34	3	1372	1384	translations	NOUN
P12	34	4	1385	1392	en.json	NOUN
P12	34	5	1393	1394	(	.
P12	34	6	1394	1400	Danish	NOUN
P12	34	7	1400	1401	)	.
P12	35	1	1403	1404	*	ADJ
P12	35	2	1405	1408	New	NOUN
P12	35	3	1409	1421	translations	NOUN
P12	35	4	1422	1429	en.json	NOUN
P12	35	5	1430	1431	(	.
P12	35	6	1431	1437	German	ADJ
P12	35	7	1437	1438	)	.
P12	36	1	1440	1441	*	ADJ
P12	36	2	1442	1445	New	NOUN
P12	36	3	1446	1458	translations	NOUN
P12	36	4	1459	1466	en.json	NOUN
P12	36	5	1467	1468	(	.
P12	36	6	1468	1473	Greek	NOUN
P12	36	7	1473	1474	)	.
P12	37	1	1476	1477	*	ADJ
P12	37	2	1478	1481	New	NOUN
P12	37	3	1482	1494	translations	NOUN
P12	37	4	1495	1502	en.json	NOUN
P12	37	5	1503	1504	(	.
P12	37	6	1504	1510	Basque	NOUN
P12	37	7	1510	1511	)	.
P12	38	1	1513	1514	*	ADJ
P12	38	2	1515	1518	New	NOUN
P12	38	3	1519	1531	translations	NOUN
P12	38	4	1532	1539	en.json	NOUN
P12	38	5	1540	1541	(	.
P12	38	6	1541	1548	Finnish	ADJ
P12	38	7	1548	1549	)	.
P12	39	1	1551	1552	*	ADJ
P12	39	2	1553	1556	New	NOUN
P12	39	3	1557	1569	translations	NOUN
P12	39	4	1570	1577	en.json	NOUN
P12	39	5	1578	1579	(	.
P12	39	6	1579	1585	Hebrew	NOUN
P12	39	7	1585	1586	)	.
P12	40	1	1588	1589	*	ADJ
P12	40	2	1590	1593	New	NOUN
P12	40	3	1594	1606	translations	NOUN
P12	40	4	1607	1614	en.json	NOUN
P12	40	5	1615	1616	(	.
P12	40	6	1616	1625	Hungarian	ADJ
P12	40	7	1625	1626	)	.
P12	41	1	1628	1629	*	ADJ
P12	41	2	1630	1633	New	NOUN
P12	41	3	1634	1646	translations	NOUN
P12	41	4	1647	1654	en.json	NOUN
P12	41	5	1655	1656	(	.
P12	41	6	1656	1662	Korean	NOUN
P12	41	7	1662	1663	)	.
P12	42	1	1665	1666	*	ADJ
P12	42	2	1667	1670	New	NOUN
P12	42	3	1671	1683	translations	NOUN
P12	42	4	1684	1691	en.json	NOUN
P12	42	5	1692	1693	(	.
P12	42	6	1693	1700	Kurdish	NOUN
P12	42	7	1700	1701	)	.
P12	43	1	1703	1704	*	ADJ
P12	43	2	1705	1708	New	NOUN
P12	43	3	1709	1721	translations	NOUN
P12	43	4	1722	1729	en.json	NOUN
P12	43	5	1730	1731	(	.
P12	43	6	1731	1741	Lithuanian	ADJ
P12	43	7	1741	1742	)	.
P12	44	1	1744	1745	*	ADJ
P12	44	2	1746	1749	New	NOUN
P12	44	3	1750	1762	translations	NOUN
P12	44	4	1763	1770	en.json	NOUN
P12	44	5	1771	1772	(	.
P12	44	6	1772	1777	Dutch	NOUN
P12	44	7	1777	1778	)	.
P12	45	1	1780	1781	*	ADJ
P12	45	2	1782	1785	New	NOUN
P12	45	3	1786	1798	translations	NOUN
P12	45	4	1799	1806	en.json	NOUN
P12	45	5	1807	1808	(	.
P12	45	6	1808	1815	Punjabi	NOUN
P12	45	7	1815	1816	)	.
P12	46	1	1818	1819	*	ADJ
P12	46	2	1820	1823	New	NOUN
P12	46	3	1824	1836	translations	NOUN
P12	46	4	1837	1844	en.json	NOUN
P12	46	5	1845	1846	(	.
P12	46	6	1846	1852	Polish	ADJ
P12	46	7	1852	1853	)	.
P12	47	1	1855	1856	*	ADJ
P12	47	2	1857	1860	New	NOUN
P12	47	3	1861	1873	translations	NOUN
P12	47	4	1874	1881	en.json	NOUN
P12	47	5	1882	1883	(	.
P12	47	6	1883	1893	Portuguese	NOUN
P12	47	7	1893	1894	)	.
P12	48	1	1896	1897	*	ADJ
P12	48	2	1898	1901	New	NOUN
P12	48	3	1902	1914	translations	NOUN
P12	48	4	1915	1922	en.json	NOUN
P12	48	5	1923	1924	(	.
P12	48	6	1924	1930	Slovak	NOUN
P12	48	7	1930	1931	)	.
P12	49	1	1933	1934	*	ADJ
P12	49	2	1935	1938	New	NOUN
P12	49	3	1939	1951	translations	NOUN
P12	49	4	1952	1959	en.json	NOUN
P12	49	5	1960	1961	(	.
P12	49	6	1961	1970	Slovenian	ADJ
P12	49	7	1970	1971	)	.
P12	50	1	1973	1974	*	ADJ
P12	50	2	1975	1978	New	NOUN
P12	50	3	1979	1991	translations	NOUN
P12	50	4	1992	1999	en.json	NOUN
P12	50	5	2000	2001	(	.
P12	50	6	2001	2008	Turkish	ADJ
P12	50	7	2008	2009	)	.
P12	51	1	2011	2012	*	ADJ
P12	51	2	2013	2016	New	NOUN
P12	51	3	2017	2029	translations	NOUN
P12	51	4	2030	2037	en.json	NOUN
P12	51	5	2038	2039	(	.
P12	51	6	2039	2048	Ukrainian	ADJ
P12	51	7	2048	2049	)	.
P12	52	1	2051	2052	*	ADJ
P12	52	2	2053	2056	New	NOUN
P12	52	3	2057	2069	translations	NOUN
P12	52	4	2070	2077	en.json	NOUN
P12	52	5	2078	2079	(	.
P12	52	6	2079	2086	Chinese	NOUN
P12	52	7	2087	2097	Simplified	NOUN
P12	52	8	2097	2098	)	.
P12	53	1	2100	2101	*	ADJ
P12	53	2	2102	2105	New	NOUN
P12	53	3	2106	2118	translations	NOUN
P12	53	4	2119	2126	en.json	NOUN
P12	53	5	2127	2128	(	.
P12	53	6	2128	2135	Chinese	ADJ
P12	53	7	2136	2147	Traditional	NOUN
P12	53	8	2147	2148	)	.
P12	54	1	2150	2151	*	ADJ
P12	54	2	2152	2155	New	NOUN
P12	54	3	2156	2168	translations	NOUN
P12	54	4	2169	2176	en.json	NOUN
P12	54	5	2177	2178	(	.
P12	54	6	2178	2188	Vietnamese	ADJ
P12	54	7	2188	2189	)	.
P12	55	1	2191	2192	*	ADJ
P12	55	2	2193	2196	New	NOUN
P12	55	3	2197	2209	translations	NOUN
P12	55	4	2210	2217	en.json	NOUN
P12	55	5	2218	2219	(	.
P12	55	6	2219	2227	Galician	ADJ
P12	55	7	2227	2228	)	.
P12	56	1	2230	2231	*	ADJ
P12	56	2	2232	2235	New	NOUN
P12	56	3	2236	2248	translations	NOUN
P12	56	4	2249	2256	en.json	NOUN
P12	56	5	2257	2258	(	.
P12	56	6	2258	2268	Indonesian	ADJ
P12	56	7	2268	2269	)	.
P12	57	1	2271	2272	*	ADJ
P12	57	2	2273	2276	New	NOUN
P12	57	3	2277	2289	translations	NOUN
P12	57	4	2290	2297	en.json	NOUN
P12	57	5	2298	2299	(	.
P12	57	6	2299	2306	Persian	ADJ
P12	57	7	2306	2307	)	.
P12	58	1	2309	2310	*	ADJ
P12	58	2	2311	2314	New	NOUN
P12	58	3	2315	2327	translations	NOUN
P12	58	4	2328	2335	en.json	NOUN
P12	58	5	2336	2337	(	.
P12	58	6	2337	2342	Khmer	NOUN
P12	58	7	2342	2343	)	.
P12	59	1	2345	2346	*	ADJ
P12	59	2	2347	2350	New	NOUN
P12	59	3	2351	2363	translations	NOUN
P12	59	4	2364	2371	en.json	NOUN
P12	59	5	2372	2373	(	.
P12	59	6	2373	2378	Tamil	NOUN
P12	59	7	2378	2379	)	.
P12	60	1	2381	2382	*	ADJ
P12	60	2	2383	2386	New	NOUN
P12	60	3	2387	2399	translations	NOUN
P12	60	4	2400	2407	en.json	NOUN
P12	60	5	2408	2409	(	.
P12	60	6	2409	2416	Bengali	NOUN
P12	60	7	2416	2417	)	.
P12	61	1	2419	2420	*	ADJ
P12	61	2	2421	2424	New	NOUN
P12	61	3	2425	2437	translations	NOUN
P12	61	4	2438	2445	en.json	NOUN
P12	61	5	2446	2447	(	.
P12	61	6	2447	2454	Marathi	NOUN
P12	61	7	2454	2455	)	.
P12	62	1	2457	2458	*	ADJ
P12	62	2	2459	2462	New	NOUN
P12	62	3	2463	2475	translations	NOUN
P12	62	4	2476	2483	en.json	NOUN
P12	62	5	2484	2485	(	.
P12	62	6	2485	2489	Thai	NOUN
P12	62	7	2489	2490	)	.
P12	63	1	2492	2493	*	ADJ
P12	63	2	2494	2497	New	NOUN
P12	63	3	2498	2510	translations	NOUN
P12	63	4	2511	2518	en.json	NOUN
P12	63	5	2519	2520	(	.
P12	63	6	2520	2529	Norwegian	ADJ
P12	63	7	2530	2537	Nynorsk	NOUN
P12	63	8	2537	2538	)	.
P12	64	1	2540	2541	*	ADJ
P12	64	2	2542	2545	New	NOUN
P12	64	3	2546	2558	translations	NOUN
P12	64	4	2559	2566	en.json	NOUN
P12	64	5	2567	2568	(	.
P12	64	6	2568	2574	Kazakh	NOUN
P12	64	7	2574	2575	)	.
P12	65	1	2577	2578	*	ADJ
P12	65	2	2579	2582	New	NOUN
P12	65	3	2583	2595	translations	NOUN
P12	65	4	2596	2603	en.json	NOUN
P12	65	5	2604	2605	(	.
P12	65	6	2605	2612	Latvian	ADJ
P12	65	7	2612	2613	)	.
P12	66	1	2615	2616	*	ADJ
P12	66	2	2617	2620	New	NOUN
P12	66	3	2621	2633	translations	NOUN
P12	66	4	2634	2641	en.json	NOUN
P12	66	5	2642	2643	(	.
P12	66	6	2643	2654	Azerbaijani	NOUN
P12	66	7	2654	2655	)	.
P12	67	1	2657	2658	*	ADJ
P12	67	2	2659	2662	New	NOUN
P12	67	3	2663	2675	translations	NOUN
P12	67	4	2676	2683	en.json	NOUN
P12	67	5	2684	2685	(	.
P12	67	6	2685	2690	Hindi	NOUN
P12	67	7	2690	2691	)	.
P12	68	1	2693	2694	*	ADJ
P12	68	2	2695	2698	New	NOUN
P12	68	3	2699	2711	translations	NOUN
P12	68	4	2712	2719	en.json	NOUN
P12	68	5	2720	2721	(	.
P12	68	6	2721	2728	Burmese	NOUN
P12	68	7	2728	2729	)	.
P12	69	1	2731	2732	*	ADJ
P12	69	2	2733	2736	New	NOUN
P12	69	3	2737	2749	translations	NOUN
P12	69	4	2750	2757	en.json	NOUN
P12	69	5	2758	2759	(	.
P12	69	6	2759	2766	Chinese	ADJ
P12	69	7	2767	2778	Traditional	NOUN
P12	69	8	2778	2779	,	.
P12	69	9	2780	2784	Hong	NOUN
P12	69	10	2785	2789	Kong	NOUN
P12	69	11	2789	2790	)	.
P12	70	1	2792	2793	*	ADJ
P12	70	2	2794	2797	New	NOUN
P12	70	3	2798	2810	translations	NOUN
P12	70	4	2811	2818	en.json	NOUN
P12	70	5	2819	2820	(	.
P12	70	6	2820	2827	Sinhala	NOUN
P12	70	7	2827	2828	)	.
P12	71	1	2830	2831	*	ADJ
P12	71	2	2832	2835	New	NOUN
P12	71	3	2836	2848	translations	NOUN
P12	71	4	2849	2856	en.json	NOUN
P12	71	5	2857	2858	(	.
P12	71	6	2858	2863	Uzbek	NOUN
P12	71	7	2863	2864	)	.
P12	72	1	2866	2867	*	ADJ
P12	72	2	2868	2871	New	NOUN
P12	72	3	2872	2884	translations	NOUN
P12	72	4	2885	2892	en.json	NOUN
P12	72	5	2893	2894	(	.
P12	72	6	2894	2903	Norwegian	ADJ
P12	72	7	2904	2910	Bokmal	NOUN
P12	72	8	2910	2911	)	.
P12	73	1	2913	2914	*	ADJ
P12	73	2	2915	2918	New	NOUN
P12	73	3	2919	2931	translations	NOUN
P12	73	4	2932	2939	en.json	NOUN
P12	73	5	2940	2941	(	.
P12	73	6	2941	2947	German	ADJ
P12	73	7	2947	2948	,	.
P12	73	8	2949	2960	Switzerland	NOUN
P12	73	9	2960	2961	)	.
P12	74	1	2963	2964	[	ADJ
P12	74	2	2964	2965	…	NOUN
P12	74	3	2965	2966	]	NOUN
P14	1	1	0	5	Merge	NOUN
P14	1	2	6	10	pull	NOUN
P14	1	3	11	18	request	NOUN
P14	1	4	19	24	#1633	NOUN
P14	1	5	25	29	from	ADP
P14	1	6	30	54	mermaid-js/sidv/redesign	NOUN
P14	2	1	56	64	Redesign	NOUN
P14	3	1	66	67	#	.
P14	3	2	67	68	#	.
P14	3	3	69	70	:	.
P14	3	4	70	83	bookmark_tabs	NOUN
P14	3	5	83	84	:	.
P14	3	6	85	92	Summary	ADJ
P14	4	1	94	99	Brief	ADJ
P14	4	2	100	111	description	NOUN
P14	4	3	112	117	about	ADP
P14	4	4	118	121	the	DET
P14	4	5	122	129	content	NOUN
P14	4	6	130	132	of	ADP
P14	4	7	133	137	your	PRON
P14	4	8	138	140	PR	NOUN
P14	4	9	140	141	:	.
P14	5	1	143	151	Resolves	NOUN
P14	5	2	152	157	#1630	VERB
P14	6	1	158	166	Resolves	NOUN
P14	6	2	167	172	#1581	VERB
P14	7	1	173	181	Resolves	NOUN
P14	7	2	182	187	#1587	VERB
P14	8	1	189	190	#	.
P14	8	2	190	191	#	.
P14	8	3	192	193	:	.
P14	8	4	193	207	straight_ruler	NOUN
P14	8	5	207	208	:	.
P14	8	6	209	215	Design	NOUN
P14	8	7	216	225	Decisions	NOUN
P14	9	1	227	235	Describe	NOUN
P14	9	2	236	239	the	DET
P14	9	3	240	243	way	NOUN
P14	9	4	244	248	your	PRON
P14	9	5	249	263	implementation	NOUN
P14	9	6	264	269	works	VERB
P14	9	7	270	272	or	CONJ
P14	9	8	273	277	what	PRON
P14	9	9	278	284	design	NOUN
P14	9	10	285	294	decisions	NOUN
P14	9	11	295	298	you	PRON
P14	9	12	299	303	made	VERB
P14	9	13	304	306	if	ADP
P14	9	14	307	317	applicable	ADJ
P14	9	15	317	318	:	.
P14	10	1	320	321	#	.
P14	10	2	321	322	#	.
P14	10	3	322	323	#	.
P14	10	4	324	325	:	.
P14	10	5	325	334	clipboard	NOUN
P14	10	6	334	335	:	.
P14	10	7	336	341	Tasks	NOUN
P14	11	1	343	347	Make	NOUN
P14	11	2	348	352	sure	NOUN
P14	11	3	353	356	you	PRON
P14	12	1	358	359	-	.
P14	12	2	360	361	[	NOUN
P14	12	3	362	363	]	NOUN
P14	12	4	364	365	:	.
P14	12	5	365	369	book	NOUN
P14	12	6	369	370	:	.
P14	12	7	371	375	have	VERB
P14	12	8	376	380	read	VERB
P14	12	9	381	384	the	DET
P14	12	10	385	397	contribution	NOUN
P14	12	11	398	408	guidelines	NOUN
P14	13	1	409	410	-	.
P14	13	2	411	412	[	NOUN
P14	13	3	413	414	]	NOUN
P14	13	4	415	416	:	.
P14	13	5	416	424	computer	NOUN
P14	13	6	424	425	:	.
P14	13	7	426	430	have	VERB
P14	13	8	431	436	added	VERB
P14	13	9	437	445	unit/e2e	ADJ
P14	13	10	446	451	tests	NOUN
P14	13	11	452	453	(	.
P14	13	12	453	455	if	ADP
P14	13	13	456	467	appropriate	NOUN
P14	13	14	467	468	)	.
P14	14	1	469	470	-	.
P14	14	2	471	472	[	NOUN
P14	14	3	473	474	]	NOUN
P14	14	4	475	476	:	.
P14	14	5	476	484	bookmark	NOUN
P14	14	6	484	485	:	.
P14	14	7	486	494	targeted	VERB
P14	14	8	495	496	`	.
P14	14	9	496	503	develop	VERB
P14	14	10	503	504	`	.
P14	14	11	505	511	branch	NOUN
P15	1	1	0	4	feat	NOUN
P15	1	2	4	5	:	.
P15	1	3	6	13	compact	NOUN
P15	1	4	14	20	layout	NOUN
P15	1	5	21	24	for	ADP
P15	1	6	25	32	tablets	NOUN
P15	1	7	33	34	(	.
P15	1	8	34	39	#9910	NOUN
P15	1	9	39	40	)	.
P15	2	1	41	42	*	ADJ
P15	2	2	43	47	feat	NOUN
P15	2	3	47	48	:	.
P15	2	4	49	54	allow	VERB
P15	2	5	55	58	the	DET
P15	2	6	59	65	hiding	NOUN
P15	2	7	66	68	of	ADP
P15	2	8	69	72	top	NOUN
P15	2	9	73	78	picks	NOUN
P15	3	1	80	81	*	ADJ
P15	3	2	82	86	feat	NOUN
P15	3	3	86	87	:	.
P15	3	4	88	93	allow	VERB
P15	3	5	94	97	the	DET
P15	3	6	98	104	hiding	NOUN
P15	3	7	105	107	of	ADP
P15	3	8	108	115	default	NOUN
P15	3	9	116	121	fonts	NOUN
P15	4	1	123	124	*	ADJ
P15	4	2	125	133	refactor	NOUN
P15	4	3	133	134	:	.
P15	4	4	135	141	rename	NOUN
P15	4	5	142	144	to	PRT
P15	4	6	145	156	compactMode	VERB
P15	5	1	158	159	*	ADJ
P15	5	2	160	164	feat	NOUN
P15	5	3	164	165	:	.
P15	5	4	166	175	introduce	NOUN
P15	5	5	176	182	layout	NOUN
P15	5	6	183	184	(	.
P15	5	7	184	194	incomplete	ADJ
P15	5	8	194	195	)	.
P15	6	1	197	198	*	ADJ
P15	6	2	199	204	tweak	NOUN
P15	6	3	205	210	icons	NOUN
P15	7	1	212	213	*	NOUN
P15	7	2	214	216	do	VERB
P15	7	3	217	220	not	ADV
P15	7	4	221	225	show	VERB
P15	7	5	226	232	border	NOUN
P15	8	1	234	235	*	NOUN
P15	8	2	236	240	lint	NOUN
P15	9	1	242	243	*	ADJ
P15	9	2	244	247	add	NOUN
P15	9	3	248	261	isTouchMobile	NOUN
P15	9	4	262	264	to	PRT
P15	9	5	265	271	device	VERB
P15	10	1	273	274	*	ADJ
P15	10	2	275	278	add	NOUN
P15	10	3	279	292	isTouchMobile	NOUN
P15	10	4	293	295	to	PRT
P15	10	5	296	302	device	VERB
P15	11	1	304	305	*	ADJ
P15	11	2	306	314	refactor	NOUN
P15	11	3	315	317	to	PRT
P15	11	4	318	321	use	VERB
P15	11	5	322	340	showCompactSidebar	NOUN
P15	11	6	341	348	instead	ADV
P15	12	1	350	351	*	ADJ
P15	12	2	352	356	hide	NOUN
P15	12	3	357	364	library	ADJ
P15	12	4	365	370	label	NOUN
P15	12	5	371	373	in	ADP
P15	12	6	374	381	compact	NOUN
P15	13	1	383	384	*	ADJ
P15	13	2	385	388	fix	NOUN
P15	13	3	389	393	icon	NOUN
P15	13	4	394	399	color	NOUN
P15	13	5	400	402	in	ADP
P15	13	6	403	407	dark	ADJ
P15	13	7	408	413	theme	NOUN
P15	14	1	415	416	*	ADJ
P15	14	2	417	420	fix	NOUN
P15	14	3	421	428	library	NOUN
P15	14	4	429	432	and	CONJ
P15	14	5	433	438	share	NOUN
P15	14	6	439	443	btns	ADP
P15	14	7	444	451	getting	VERB
P15	14	8	452	458	hidden	VERB
P15	14	9	459	461	in	ADP
P15	14	10	462	469	smaller	ADJ
P15	14	11	470	476	tablet	NOUN
P15	14	12	477	483	widths	NOUN
P15	15	1	485	486	*	ADJ
P15	15	2	487	493	update	NOUN
P15	15	3	494	499	tests	NOUN
P15	16	1	501	502	*	NOUN
P15	16	2	503	506	use	NOUN
P15	16	3	507	508	a	DET
P15	16	4	509	516	smaller	ADJ
P15	16	5	517	520	gap	NOUN
P15	16	6	521	528	between	ADP
P15	16	7	529	535	shapes	NOUN
P15	17	1	537	538	*	ADJ
P15	17	2	539	545	proper	ADJ
P15	17	3	546	549	fix	NOUN
P15	17	4	550	552	of	ADP
P15	17	5	553	558	range	NOUN
P15	18	1	560	561	*	ADJ
P15	18	2	562	569	quicker	NOUN
P15	18	3	570	579	switching	VERB
P15	18	4	580	587	between	ADP
P15	18	5	588	597	different	ADJ
P15	18	6	598	606	popovers	NOUN
P15	19	1	608	609	*	NOUN
P15	19	2	610	612	to	PRT
P15	19	3	613	616	not	ADV
P15	19	4	617	621	show	VERB
P15	19	5	622	632	properties	NOUN
P15	19	6	633	638	panel	NOUN
P15	19	7	639	641	at	ADP
P15	19	8	642	645	all	DET
P15	19	9	646	650	when	ADV
P15	19	10	651	658	editing	VERB
P15	19	11	659	663	text	NOUN
P15	20	1	665	666	*	ADJ
P15	20	2	667	670	fix	NOUN
P15	20	3	671	680	switching	VERB
P15	20	4	681	688	between	ADP
P15	20	5	689	698	different	ADJ
P15	20	6	699	707	popovers	NOUN
P15	20	7	708	711	for	ADP
P15	20	8	712	717	texts	NOUN
P15	21	1	719	720	*	ADJ
P15	21	2	721	724	fix	NOUN
P15	21	3	725	732	popover	NOUN
P15	21	4	733	736	not	ADV
P15	21	5	737	745	closable	ADJ
P15	21	6	746	749	and	CONJ
P15	21	7	750	754	font	ADJ
P15	21	8	755	761	search	NOUN
P15	21	9	762	766	auto	NOUN
P15	21	10	767	772	focus	NOUN
P15	22	1	774	775	*	ADJ
P15	22	2	776	782	change	NOUN
P15	22	3	783	793	properties	NOUN
P15	22	4	794	797	for	ADP
P15	22	5	798	799	a	DET
P15	22	6	800	803	new	ADJ
P15	22	7	804	806	or	CONJ
P15	22	8	807	814	editing	VERB
P15	22	9	815	819	text	NOUN
P15	23	1	821	822	*	ADJ
P15	23	2	823	829	change	NOUN
P15	23	3	830	834	icon	NOUN
P15	23	4	835	838	for	ADP
P15	23	5	839	843	more	ADJ
P15	23	6	844	849	style	NOUN
P15	23	7	850	858	settings	NOUN
P15	24	1	860	861	*	NOUN
P15	24	2	862	865	use	NOUN
P15	24	3	866	870	bolt	NOUN
P15	24	4	871	875	icon	NOUN
P15	24	5	876	879	for	ADP
P15	24	6	880	885	extra	ADJ
P15	24	7	886	893	actions	NOUN
P15	25	1	895	896	*	ADJ
P15	25	2	897	900	fix	NOUN
P15	25	3	901	912	breakpoints	NOUN
P15	26	1	914	915	*	NOUN
P15	26	2	916	919	use	NOUN
P15	26	3	920	923	rem	NOUN
P15	26	4	924	927	for	ADP
P15	26	5	928	932	icon	NOUN
P15	26	6	933	938	sizes	NOUN
P15	27	1	940	941	*	ADJ
P15	27	2	942	945	fix	NOUN
P15	27	3	946	951	tests	NOUN
P15	28	1	953	954	*	NOUN
P15	28	2	955	962	improve	VERB
P15	28	3	963	972	switching	VERB
P15	28	4	973	980	between	ADP
P15	28	5	981	989	triggers	NOUN
P15	28	6	990	991	(	.
P15	28	7	991	1001	incomplete	NOUN
P15	28	8	1001	1002	)	.
P15	29	1	1004	1005	*	ADJ
P15	29	2	1006	1013	improve	VERB
P15	29	3	1014	1021	trigger	NOUN
P15	29	4	1022	1031	switching	VERB
P15	29	5	1032	1033	(	.
P15	29	6	1033	1041	complete	ADJ
P15	29	7	1041	1042	)	.
P15	30	1	1044	1045	*	NOUN
P15	30	2	1046	1051	clean	VERB
P15	30	3	1052	1054	up	PRT
P15	30	4	1055	1059	code	NOUN
P15	31	1	1061	1062	*	ADJ
P15	31	2	1063	1066	put	VERB
P15	31	3	1067	1074	compact	ADJ
P15	31	4	1075	1079	into	ADP
P15	31	5	1080	1083	app	NOUN
P15	31	6	1084	1089	state	NOUN
P15	32	1	1091	1092	*	ADJ
P15	32	2	1093	1096	fix	ADJ
P15	32	3	1097	1103	button	NOUN
P15	32	4	1104	1108	size	NOUN
P15	33	1	1110	1111	*	NOUN
P15	33	2	1112	1118	remove	VERB
P15	33	3	1119	1128	redundant	ADJ
P15	33	4	1129	1148	PanelComponentProps	NOUN
P15	33	5	1148	1149	[	NOUN
P15	33	6	1149	1150	""""	NOUN
P15	33	7	1150	1161	compactMode	NOUN
P15	33	8	1161	1162	""""	NOUN
P15	33	9	1162	1163	]	NOUN
P15	34	1	1165	1166	*	ADJ
P15	34	2	1167	1171	move	NOUN
P15	34	3	1172	1180	fontSize	NOUN
P15	34	4	1181	1183	UI	NOUN
P15	34	5	1184	1186	on	ADP
P15	34	6	1187	1190	top	NOUN
P15	35	1	1192	1193	*	NOUN
P15	35	2	1194	1200	mobile	ADJ
P15	35	3	1201	1210	detection	NOUN
P15	35	4	1211	1212	(	.
P15	35	5	1212	1223	breakpoints	NOUN
P15	35	6	1224	1234	incomplete	VERB
P15	35	7	1234	1235	)	.
P15	36	1	1237	1238	*	ADJ
P15	36	2	1239	1244	tweak	NOUN
P15	36	3	1245	1252	compact	ADJ
P15	36	4	1253	1257	mode	NOUN
P15	36	5	1258	1267	detection	NOUN
P15	37	1	1269	1270	*	ADJ
P15	37	2	1271	1277	rename	NOUN
P15	37	3	1278	1286	appState	NOUN
P15	37	4	1287	1291	prop	NOUN
P15	37	5	1292	1293	&	CONJ
P15	37	6	1294	1300	values	NOUN
P15	38	1	1302	1303	*	ADJ
P15	38	2	1304	1310	update	ADJ
P15	38	3	1311	1320	snapshots	NOUN
P15	39	1	1322	1323	-	.
P15	39	2	1323	1324	-	.
P15	39	3	1324	1325	-	.
P15	39	4	1325	1326	-	.
P15	39	5	1326	1327	-	.
P15	39	6	1327	1328	-	.
P15	39	7	1328	1329	-	.
P15	39	8	1329	1330	-	.
P15	39	9	1330	1331	-	.
P15	40	1	1333	1347	Co-authored-by	NOUN
P15	40	2	1347	1348	:	.
P15	40	3	1349	1355	dwelle	NOUN
P15	40	4	1356	1357	<	VERB
P15	40	5	1357	1364	5153846	NUM
P15	40	6	1364	1365	+	NOUN
P15	40	7	1365	1396	dwelle@users.noreply.github.com	NOUN
P15	40	8	1396	1397	>	NOUN
P15	41	1	1399	1403	feat	NOUN
P15	41	2	1403	1404	:	.
P15	41	3	1405	1412	compact	NOUN
P15	41	4	1413	1419	layout	NOUN
P15	41	5	1420	1423	for	ADP
P15	41	6	1424	1431	tablets	NOUN
P15	42	1	1433	1437	This	DET
P15	42	2	1438	1440	PR	NOUN
P15	42	3	1441	1447	brings	VERB
P15	42	4	1448	1455	compact	ADJ
P15	42	5	1456	1462	layout	NOUN
P15	42	6	1463	1465	to	PRT
P15	42	7	1466	1473	tablets	NOUN
P15	42	8	1473	1474	.	.
P15	42	9	1475	1477	By	ADP
P15	42	10	1478	1483	doing	VERB
P15	42	11	1484	1486	so	ADV
P15	42	12	1486	1487	,	.
P15	42	13	1488	1493	users	NOUN
P15	42	14	1494	1499	would	VERB
P15	42	15	1500	1504	have	VERB
P15	42	16	1505	1509	more	ADJ
P15	42	17	1510	1516	screen	ADJ
P15	42	18	1517	1522	space	NOUN
P15	42	19	1523	1525	to	PRT
P15	42	20	1526	1530	work	VERB
P15	42	21	1531	1533	on	ADP
P15	42	22	1534	1539	their	PRON
P15	42	23	1540	1548	drawings	NOUN
P15	42	24	1548	1549	.	.
P15	43	1	1552	1557	We've	NOUN
P15	43	2	1558	1561	put	VERB
P15	43	3	1562	1565	the	DET
P15	43	4	1566	1570	flag	NOUN
P15	43	5	1571	1575	into	ADP
P15	43	6	1576	1579	app	ADJ
P15	43	7	1580	1585	state	NOUN
P15	43	8	1586	1589	and	CONJ
P15	43	9	1590	1594	will	VERB
P15	43	10	1595	1599	most	ADV
P15	43	11	1600	1606	likely	ADV
P15	43	12	1607	1613	expose	VERB
P15	43	13	1614	1618	this	DET
P15	43	14	1619	1625	config	NOUN
P15	43	15	1626	1628	to	PRT
P15	43	16	1629	1637	desktops	VERB
P15	43	17	1638	1641	too	ADV
P15	43	18	1641	1642	.	.
P15	44	1	1645	1649	Some	DET
P15	44	2	1650	1660	follow-ups	NOUN
P15	44	3	1661	1663	in	ADP
P15	44	4	1664	1670	coming	VERB
P15	44	5	1671	1674	PRs	NOUN
P15	44	6	1674	1675	:	.
P15	45	1	1676	1677	-	.
P15	45	2	1678	1685	improve	NOUN
P15	45	3	1686	1692	mobile	NOUN
P15	45	4	1693	1699	layout	NOUN
P15	46	1	1700	1701	-	.
P15	46	2	1702	1708	expose	NOUN
P15	46	3	1709	1715	config	NOUN
P15	46	4	1716	1718	on	ADP
P15	46	5	1719	1727	desktops	NOUN
P19	1	1	0	4	docs	NOUN
P19	1	2	4	5	:	.
P19	1	3	6	13	remarks	NOUN
P19	1	4	14	19	about	ADP
P19	1	5	20	25	minor	ADJ
P19	1	6	26	34	versions	NOUN
P19	1	7	35	36	(	.
P19	1	8	36	41	#2990	NOUN
P19	1	9	41	42	)	.
P19	2	1	43	47	docs	NOUN
P19	2	2	47	48	:	.
P19	2	3	49	56	remarks	NOUN
P19	2	4	57	62	about	ADP
P19	2	5	63	68	minor	ADJ
P19	2	6	69	76	version	NOUN
P19	2	7	77	78	(	.
P19	2	8	78	84	follow	VERB
P19	2	9	85	87	up	ADV
P19	2	10	88	90	to	PRT
P19	2	11	91	131	b6339b62a9522eb195a24ef74ee6392d65d2bfd7	VERB
P19	2	12	131	132	)	.
P19	3	1	134	138	docs	NOUN
P19	3	2	138	139	:	.
P19	3	3	140	147	remarks	NOUN
P19	3	4	148	153	about	ADP
P19	3	5	154	159	minor	ADJ
P19	3	6	160	168	versions	NOUN
P19	4	1	170	176	follow	VERB
P19	4	2	177	179	up	PRT
P19	4	3	180	182	to	PRT
P19	4	4	183	223	b6339b62a9522eb195a24ef74ee6392d65d2bfd7	VERB
P19	5	1	225	227	In	ADP
P19	5	2	228	237	mentioned	VERB
P19	5	3	238	244	commit	NOUN
P19	5	4	245	246	a	DET
P19	5	5	247	250	lot	NOUN
P19	5	6	251	253	of	ADP
P19	5	7	254	255	""""	.
P19	5	8	255	258	3.x	NUM
P19	5	9	258	259	+	NOUN
P19	5	10	259	260	""""	NOUN
P19	5	11	261	267	badges	NOUN
P19	5	12	268	272	were	VERB
P19	5	13	273	280	removed	VERB
P19	5	14	281	285	from	ADP
P19	5	15	286	290	docs	NOUN
P19	5	16	291	294	and	CONJ
P19	5	17	295	303	replaced	VERB
P19	5	18	304	308	with	ADP
P19	5	19	309	313	text	NOUN
P19	5	20	314	315	""""	NOUN
P19	5	21	315	319	Only	ADV
P19	5	22	320	328	suported	VERB
P19	5	23	329	331	in	ADP
P19	5	24	332	335	3.x	NUM
P19	5	25	335	336	+	NOUN
P19	5	26	336	337	""""	VERB
P19	6	1	339	340	I	PRON
P19	6	2	341	346	found	VERB
P19	6	3	347	350	two	NUM
P19	6	4	351	355	more	ADJ
P19	6	5	356	362	places	NOUN
P19	6	6	362	363	,	.
P19	6	7	364	369	where	ADV
P19	6	8	370	373	3.1	NUM
P19	6	9	374	375	/	.
P19	6	10	376	379	3.3	NUM
P19	6	11	380	384	were	VERB
P19	6	12	385	390	still	ADV
P19	6	13	391	398	present	ADJ
P19	6	14	398	399	,	.
P19	6	15	400	402	so	ADP
P19	6	16	403	404	I	PRON
P19	6	17	405	412	altered	VERB
P19	6	18	413	417	them	PRON
P19	6	19	418	420	in	ADP
P19	6	20	421	424	the	DET
P19	6	21	425	429	same	ADJ
P19	6	22	430	436	manner	NOUN
P19	6	23	436	437	.	.
P19	7	1	439	440	I	PRON
P19	7	2	441	445	also	ADV
P19	7	3	446	453	noticed	VERB
P19	7	4	454	463	sometimes	ADV
P19	7	5	464	467	the	DET
P19	7	6	468	472	text	NOUN
P19	7	7	473	475	is	VERB
P19	7	8	476	482	placed	VERB
P19	7	9	483	489	before	ADP
P19	7	10	490	498	function	NOUN
P19	7	11	499	510	description	NOUN
P19	7	12	511	514	and	CONJ
P19	7	13	515	524	sometimes	ADV
P19	7	14	525	530	after	ADP
P19	7	15	530	531	.	.
P19	7	16	532	533	I	PRON
P19	7	17	534	538	took	VERB
P19	7	18	539	546	liberty	NOUN
P19	7	19	547	549	to	PRT
P19	7	20	550	555	unify	VERB
P19	7	21	556	559	the	DET
P19	7	22	560	565	usage	NOUN
P19	7	23	566	569	and	CONJ
P19	7	24	570	573	put	VERB
P19	7	25	574	577	all	DET
P19	7	26	578	580	of	ADP
P19	7	27	581	585	them	PRON
P19	7	28	586	587	*	VERB
P19	7	29	587	588	*	ADJ
P19	7	30	588	594	before	ADP
P19	7	31	594	595	*	ADJ
P19	7	32	595	596	*	NOUN
P19	7	33	596	597	,	.
P19	7	34	598	605	because	ADP
P19	7	35	606	607	I	PRON
P19	7	36	608	613	think	VERB
P19	7	37	614	618	this	DET
P19	7	38	619	623	good	ADJ
P19	7	39	624	626	to	PRT
P19	7	40	627	631	know	VERB
P19	7	41	632	634	in	ADP
P19	7	42	635	642	advance	NOUN
P19	7	43	643	650	whether	ADP
P19	7	44	651	652	I	PRON
P19	7	45	653	656	can	VERB
P19	7	46	657	660	use	VERB
P19	7	47	661	663	it	PRON
P19	7	48	664	666	in	ADP
P19	7	49	667	669	my	PRON
P19	7	50	670	677	project	NOUN
P19	7	51	678	680	or	CONJ
P19	7	52	681	684	not	ADV
P19	7	53	684	685	.	.
P20	1	1	0	5	Merge	NOUN
P20	1	2	6	10	pull	NOUN
P20	1	3	11	18	request	NOUN
P20	1	4	19	24	#2013	NOUN
P20	1	5	25	29	from	ADP
P20	1	6	30	72	mermaid-js/renovate/patch-mermaid-packages	NOUN
P20	2	1	74	79	chore	NOUN
P20	2	2	79	80	:	.
P20	2	3	81	84	Add	NOUN
P20	2	4	85	94	claude.md	NOUN
P20	3	1	96	99	fix	NOUN
P20	3	2	99	100	(	.
P20	3	3	100	104	deps	NOUN
P20	3	4	104	105	)	.
P20	3	5	105	106	:	.
P20	3	6	107	113	update	ADJ
P20	3	7	114	124	dependency	NOUN
P20	3	8	125	132	mermaid	VERB
P20	3	9	133	135	to	PRT
P20	3	10	136	137	^	VERB
P20	3	11	137	144	11.16.1	NUM
P20	4	1	146	150	This	DET
P20	4	2	151	153	PR	NOUN
P20	4	3	154	162	contains	VERB
P20	4	4	163	166	the	DET
P20	4	5	167	176	following	ADJ
P20	4	6	177	184	updates	NOUN
P20	4	7	184	185	:	.
P20	5	1	187	188	|	ADJ
P20	5	2	189	196	Package	NOUN
P20	5	3	197	198	|	NOUN
P20	5	4	199	205	Change	NOUN
P20	5	5	206	207	|	NOUN
P20	5	6	208	211	Age	NOUN
P20	5	7	212	213	|	NOUN
P20	5	8	214	224	Confidence	NOUN
P20	5	9	225	226	|	NOUN
P20	6	1	227	228	|	X
P20	6	2	228	229	-	.
P20	6	3	229	230	-	.
P20	6	4	230	231	-	.
P20	6	5	231	232	|	X
P20	6	6	232	233	-	.
P20	6	7	233	234	-	.
P20	6	8	234	235	-	.
P20	6	9	235	236	|	X
P20	6	10	236	237	-	.
P20	6	11	237	238	-	.
P20	6	12	238	239	-	.
P20	6	13	239	240	|	X
P20	6	14	240	241	-	.
P20	6	15	241	242	-	.
P20	6	16	242	243	-	.
P20	6	17	243	244	|	NOUN
P20	7	1	245	246	|	NOUN
P20	7	2	247	254	mermaid	VERB
P20	7	3	255	256	|	ADJ
P20	7	4	257	258	`	.
P20	7	5	258	259	^	ADV
P20	7	6	259	266	11.16.0	NUM
P20	7	7	266	267	`	.
P20	7	8	268	269	→	ADJ
P20	7	9	270	271	`	.
P20	7	10	271	272	^	ADV
P20	7	11	272	279	11.16.1	NUM
P20	7	12	279	280	`	.
P20	7	13	281	282	|	ADJ
P20	7	14	283	284	[	NOUN
P20	7	15	284	295	изображение	NOUN
P20	7	16	295	296	]	NOUN
P20	7	17	297	298	|	NOUN
P20	7	18	299	300	[	NOUN
P20	7	19	300	311	изображение	NOUN
P20	7	20	311	312	]	NOUN
P20	7	21	313	314	|	NOUN
P20	8	1	316	317	-	.
P20	8	2	317	318	-	.
P20	8	3	318	319	-	.
P20	9	1	321	322	#	.
P20	9	2	322	323	#	.
P20	9	3	323	324	#	.
P20	9	4	325	332	Release	NOUN
P20	9	5	333	338	Notes	NOUN
P20	10	1	340	358	mermaid-js/mermaid	NOUN
P20	10	2	359	360	(	.
P20	10	3	360	367	mermaid	NOUN
P20	10	4	367	368	)	.
P20	11	1	370	371	#	.
P20	11	2	371	372	#	.
P20	11	3	372	373	#	.
P20	11	4	374	375	`	.
P20	11	5	375	383	v11.16.1	NOUN
P20	11	6	383	384	`	.
P20	12	1	386	393	Compare	NOUN
P20	12	2	394	400	Source	NOUN
P20	13	1	402	403	#	.
P20	13	2	403	404	#	.
P20	13	3	404	405	#	.
P20	13	4	405	406	#	.
P20	13	5	406	407	#	.
P20	13	6	408	413	Patch	NOUN
P20	13	7	414	421	Changes	NOUN
P20	14	1	423	424	-	.
P20	14	2	425	430	#8022	NOUN
P20	14	3	431	432	`	.
P20	14	4	432	439	12d472c	NUM
P20	14	5	439	440	`	.
P20	14	6	441	447	Thanks	NOUN
P20	14	7	448	459	@aloisklink	NOUN
P20	14	8	459	460	!	.
P20	14	9	461	462	-	.
P20	14	10	463	466	fix	NOUN
P20	14	11	466	467	:	.
P20	14	12	468	474	handle	ADJ
P20	14	13	475	478	CSS	NOUN
P20	14	14	479	486	sibling	VERB
P20	14	15	487	498	combinators	NOUN
P20	14	16	499	501	in	ADP
P20	14	17	502	512	compileCSS	NOUN
P20	15	1	514	515	-	.
P20	15	2	516	521	#8022	NOUN
P20	15	3	522	523	`	.
P20	15	4	523	530	2cd6dcf	NUM
P20	15	5	530	531	`	.
P20	15	6	532	538	Thanks	NOUN
P20	15	7	539	550	@aloisklink	NOUN
P20	15	8	550	551	!	.
P20	15	9	552	553	-	.
P20	15	10	554	557	fix	NOUN
P20	15	11	557	558	:	.
P20	15	12	559	567	increase	NOUN
P20	15	13	568	579	protections	NOUN
P20	15	14	580	587	against	ADP
P20	15	15	588	597	prototype	NOUN
P20	15	16	598	607	pollution	NOUN
P20	16	1	611	626	User-controlled	ADJ
P20	16	2	627	632	input	NOUN
P20	16	3	633	640	already	ADV
P20	16	4	641	644	has	VERB
P20	16	5	645	656	protections	NOUN
P20	16	6	657	664	against	ADP
P20	16	7	665	674	prototype	ADJ
P20	16	8	675	684	pollution	NOUN
P20	16	9	684	685	.	.
P20	17	1	689	694	Fixes	NOUN
P20	17	2	694	695	:	.
P20	17	3	696	715	GHSA-c4c3-pg64-4m4v	NOUN
P20	18	1	717	718	-	.
P20	18	2	719	724	#8022	NOUN
P20	18	3	725	726	`	.
P20	18	4	726	733	99af3fc	NUM
P20	18	5	733	734	`	.
P20	18	6	735	741	Thanks	NOUN
P20	18	7	742	753	@aloisklink	NOUN
P20	18	8	753	754	!	.
P20	18	9	755	756	-	.
P20	18	10	757	760	fix	NOUN
P20	18	11	760	761	(	.
P20	18	12	761	773	architecture	NOUN
P20	18	13	773	774	)	.
P20	18	14	774	775	:	.
P20	18	15	776	779	use	NOUN
P20	18	16	780	781	`	.
P20	18	17	781	784	Map	ADJ
P20	18	18	784	785	`	.
P20	18	19	785	786	s	NOUN
P20	18	20	787	790	and	CONJ
P20	18	21	791	792	`	.
P20	18	22	792	795	Set	NOUN
P20	18	23	795	796	`	.
P20	18	24	796	797	s	NOUN
P20	18	25	798	800	to	PRT
P20	18	26	801	806	store	VERB
P20	18	27	807	822	groups/services	NOUN
P20	19	1	826	834	Services	NOUN
P20	19	2	835	838	are	VERB
P20	19	3	839	842	now	ADV
P20	19	4	843	851	rendered	VERB
P20	19	5	852	854	in	ADP
P20	19	6	855	858	the	DET
P20	19	7	859	864	order	NOUN
P20	19	8	865	869	they	PRON
P20	19	9	870	873	are	VERB
P20	19	10	874	881	defined	VERB
P20	19	11	882	885	and	CONJ
P20	19	12	886	890	more	ADJ
P20	19	13	891	898	service	NOUN
P20	19	14	899	902	IDs	NOUN
P20	20	1	905	908	are	VERB
P20	20	2	909	912	now	ADV
P20	20	3	913	922	supported	VERB
P20	20	4	922	923	.	.
P20	21	1	925	926	-	.
P20	21	2	927	932	#8022	NOUN
P20	21	3	933	934	`	.
P20	21	4	934	941	2cd6dcf	NUM
P20	21	5	941	942	`	.
P20	21	6	943	949	Thanks	NOUN
P20	21	7	950	961	@aloisklink	NOUN
P20	21	8	961	962	!	.
P20	21	9	963	964	-	.
P20	21	10	965	974	deprecate	NOUN
P20	21	11	974	975	:	.
P20	21	12	976	985	Deprecate	VERB
P20	21	13	986	989	the	DET
P20	21	14	990	991	`	.
P20	21	15	991	1011	mermaidAPI.setConfig	NOUN
P20	21	16	1011	1012	(	.
P20	21	17	1012	1013	)	.
P20	21	18	1013	1014	`	.
P20	21	19	1015	1023	function	NOUN
P20	22	1	1027	1034	Calling	VERB
P20	22	2	1035	1039	this	DET
P20	22	3	1040	1048	function	NOUN
P20	22	4	1049	1052	has	VERB
P20	22	5	1053	1055	no	DET
P20	22	6	1056	1066	observable	ADJ
P20	22	7	1067	1073	effect	NOUN
P20	22	8	1073	1074	,	.
P20	22	9	1075	1077	as	ADP
P20	22	10	1078	1081	the	DET
P20	22	11	1082	1086	next	ADJ
P20	22	12	1087	1091	time	NOUN
P20	22	13	1092	1093	a	DET
P20	23	1	1096	1097	`	.
P20	23	2	1097	1103	render	NOUN
P20	23	3	1103	1104	(	.
P20	23	4	1104	1105	)	.
P20	23	5	1105	1106	`	.
P20	23	6	1107	1109	or	CONJ
P20	23	7	1110	1111	`	.
P20	23	8	1111	1116	parse	NOUN
P20	23	9	1116	1117	(	.
P20	23	10	1117	1118	)	.
P20	23	11	1118	1119	`	.
P20	23	12	1120	1122	is	VERB
P20	23	13	1123	1129	called	VERB
P20	23	14	1129	1130	,	.
P20	23	15	1131	1134	the	DET
P20	23	16	1135	1136	`	.
P20	23	17	1136	1149	currentConfig	NOUN
P20	23	18	1149	1150	`	.
P20	23	19	1151	1153	is	VERB
P20	23	20	1154	1161	cleared	VERB
P20	23	21	1161	1162	.	.
P20	24	1	1164	1165	-	.
P20	24	2	1166	1171	#8022	NOUN
P20	24	3	1172	1173	`	.
P20	24	4	1173	1180	630aa7e	NUM
P20	24	5	1180	1181	`	.
P20	24	6	1182	1188	Thanks	NOUN
P20	24	7	1189	1200	@aloisklink	NOUN
P20	24	8	1200	1201	!	.
P20	24	9	1202	1203	-	.
P20	24	10	1204	1207	fix	NOUN
P20	24	11	1207	1208	(	.
P20	24	12	1208	1215	xychart	ADJ
P20	24	13	1215	1216	)	.
P20	24	14	1216	1217	:	.
P20	24	15	1218	1225	support	NOUN
P20	24	16	1226	1236	zero-width	ADJ
P20	24	17	1237	1243	x-axis	ADJ
P20	24	18	1244	1250	ranges	NOUN
P20	25	1	1252	1253	-	.
P20	25	2	1254	1259	#8022	NOUN
P20	25	3	1260	1261	`	.
P20	25	4	1261	1268	59b22fa	NUM
P20	25	5	1268	1269	`	.
P20	25	6	1270	1276	Thanks	NOUN
P20	25	7	1277	1288	@aloisklink	NOUN
P20	25	8	1288	1289	!	.
P20	25	9	1290	1291	-	.
P20	25	10	1292	1295	fix	NOUN
P20	25	11	1295	1296	(	.
P20	25	12	1296	1301	radar	NOUN
P20	25	13	1301	1302	)	.
P20	25	14	1302	1303	:	.
P20	25	15	1304	1309	limit	NOUN
P20	25	16	1310	1316	number	NOUN
P20	25	17	1317	1319	of	ADP
P20	25	18	1320	1325	ticks	NOUN
P20	25	19	1326	1328	to	PRT
P20	25	20	1329	1331	32	NUM
P20	26	1	1335	1342	Setting	VERB
P20	26	2	1343	1344	a	DET
P20	26	3	1345	1350	ticks	NOUN
P20	26	4	1351	1356	value	NOUN
P20	26	5	1357	1363	higher	ADJ
P20	26	6	1364	1368	than	ADP
P20	26	7	1369	1373	this	DET
P20	26	8	1374	1379	would	VERB
P20	26	9	1380	1384	only	ADV
P20	26	10	1385	1389	show	VERB
P20	26	11	1390	1392	32	NUM
P20	26	12	1393	1398	ticks	NOUN
P20	26	13	1398	1399	.	.
P20	27	1	1401	1402	-	.
P20	27	2	1402	1403	-	.
P20	27	3	1403	1404	-	.
P20	28	1	1406	1407	#	.
P20	28	2	1407	1408	#	.
P20	28	3	1408	1409	#	.
P20	28	4	1410	1423	Configuration	NOUN
P20	29	1	1425	1426	📅	ADJ
P20	29	2	1427	1428	*	NOUN
P20	29	3	1428	1429	*	NOUN
P20	29	4	1429	1437	Schedule	NOUN
P20	29	5	1437	1438	*	NOUN
P20	29	6	1438	1439	*	NOUN
P20	29	7	1439	1440	:	.
P20	29	8	1441	1442	(	.
P20	29	9	1442	1445	UTC	NOUN
P20	29	10	1445	1446	)	.
P20	30	1	1448	1449	-	.
P20	30	2	1450	1456	Branch	NOUN
P20	30	3	1457	1465	creation	NOUN
P20	31	1	1468	1469	-	.
P20	31	2	1470	1472	At	ADP
P20	31	3	1473	1476	any	DET
P20	31	4	1477	1481	time	NOUN
P20	31	5	1482	1483	(	.
P20	31	6	1483	1485	no	DET
P20	31	7	1486	1494	schedule	NOUN
P20	31	8	1495	1502	defined	VERB
P20	31	9	1502	1503	)	.
P20	32	1	1504	1505	-	.
P20	32	2	1506	1515	Automerge	NOUN
P20	33	1	1518	1519	-	.
P20	33	2	1520	1522	At	ADP
P20	33	3	1523	1526	any	DET
P20	33	4	1527	1531	time	NOUN
P20	33	5	1532	1533	(	.
P20	33	6	1533	1535	no	DET
P20	33	7	1536	1544	schedule	NOUN
P20	33	8	1545	1552	defined	VERB
P20	33	9	1552	1553	)	.
P20	34	1	1555	1556	🚦	ADJ
P20	34	2	1557	1558	*	NOUN
P20	34	3	1558	1559	*	NOUN
P20	34	4	1559	1568	Automerge	NOUN
P20	34	5	1568	1569	*	NOUN
P20	34	6	1569	1570	*	NOUN
P20	34	7	1570	1571	:	.
P20	34	8	1572	1579	Enabled	VERB
P20	34	9	1579	1580	.	.
P20	35	1	1582	1583	♻	ADJ
P20	35	2	1584	1585	*	NOUN
P20	35	3	1585	1586	*	NOUN
P20	35	4	1586	1594	Rebasing	NOUN
P20	35	5	1594	1595	*	NOUN
P20	35	6	1595	1596	*	NOUN
P20	35	7	1596	1597	:	.
P20	35	8	1598	1606	Whenever	NOUN
P20	35	9	1607	1609	PR	NOUN
P20	35	10	1610	1612	is	VERB
P20	35	11	1613	1619	behind	ADP
P20	35	12	1620	1624	base	NOUN
P20	35	13	1625	1631	branch	NOUN
P20	35	14	1631	1632	,	.
P20	35	15	1633	1635	or	CONJ
P20	35	16	1636	1639	you	PRON
P20	35	17	1640	1644	tick	VERB
P20	35	18	1645	1648	the	DET
P20	35	19	1649	1661	rebase/retry	NOUN
P20	35	20	1662	1670	checkbox	NOUN
P20	35	21	1670	1671	.	.
P20	36	1	1673	1674	🔕	ADJ
P20	36	2	1675	1676	*	NOUN
P20	36	3	1676	1677	*	NOUN
P20	36	4	1677	1683	Ignore	NOUN
P20	36	5	1683	1684	*	NOUN
P20	36	6	1684	1685	*	NOUN
P20	36	7	1685	1686	:	.
P20	36	8	1687	1692	Close	VERB
P20	36	9	1693	1697	this	DET
P20	36	10	1698	1700	PR	NOUN
P20	36	11	1701	1704	and	CONJ
P20	36	12	1705	1708	you	PRON
P20	36	13	1709	1714	won't	VERB
P20	36	14	1715	1717	be	VERB
P20	36	15	1718	1726	reminded	VERB
P20	36	16	1727	1732	about	ADP
P20	36	17	1733	1737	this	DET
P20	36	18	1738	1744	update	NOUN
P20	36	19	1745	1750	again	ADV
P20	36	20	1750	1751	.	.
P20	37	1	1753	1754	-	.
P20	37	2	1754	1755	-	.
P20	37	3	1755	1756	-	.
P20	38	1	1759	1760	-	.
P20	38	2	1761	1762	[	NOUN
P20	38	3	1763	1764	]	NOUN
P20	38	4	1765	1767	If	ADP
P20	38	5	1768	1771	you	PRON
P20	38	6	1772	1776	want	VERB
P20	38	7	1777	1779	to	PRT
P20	38	8	1780	1792	rebase/retry	VERB
P20	38	9	1793	1797	this	DET
P20	38	10	1798	1800	PR	NOUN
P20	38	11	1800	1801	,	.
P20	38	12	1802	1807	check	VERB
P20	38	13	1808	1812	this	DET
P20	38	14	1813	1816	box	NOUN
P20	39	1	1818	1819	-	.
P20	39	2	1819	1820	-	.
P20	39	3	1820	1821	-	.
P20	40	1	1823	1827	This	DET
P20	40	2	1828	1830	PR	NOUN
P20	40	3	1831	1834	was	VERB
P20	40	4	1835	1844	generated	VERB
P20	40	5	1845	1847	by	ADP
P20	40	6	1848	1852	Mend	NOUN
P20	40	7	1853	1861	Renovate	NOUN
P20	40	8	1861	1862	.	.
P20	40	9	1863	1867	View	NOUN
P20	40	10	1868	1871	the	DET
P20	40	11	1872	1882	repository	NOUN
P20	40	12	1883	1886	job	NOUN
P20	40	13	1887	1890	log	NOUN
P20	40	14	1890	1891	.	.
P21	1	1	0	5	Merge	NOUN
P21	1	2	6	10	pull	NOUN
P21	1	3	11	18	request	NOUN
P21	1	4	19	24	#1687	NOUN
P21	1	5	25	29	from	ADP
P21	1	6	30	52	mermaid-js/sidv/mobile	NOUN
P21	2	1	54	58	feat	NOUN
P21	2	2	58	59	:	.
P21	2	3	60	63	Add	NOUN
P21	2	4	64	70	mobile	ADJ
P21	2	5	71	78	support	NOUN
P21	3	1	80	81	#	.
P21	3	2	81	82	#	.
P21	3	3	83	84	:	.
P21	3	4	84	97	bookmark_tabs	NOUN
P21	3	5	97	98	:	.
P21	3	6	99	106	Summary	ADJ
P21	4	1	108	113	Brief	ADJ
P21	4	2	114	125	description	NOUN
P21	4	3	126	131	about	ADP
P21	4	4	132	135	the	DET
P21	4	5	136	143	content	NOUN
P21	4	6	144	146	of	ADP
P21	4	7	147	151	your	PRON
P21	4	8	152	154	PR	NOUN
P21	4	9	154	155	:	.
P21	5	1	157	165	Resolves	NOUN
P21	5	2	166	167	#	.
P21	5	3	167	168	<	VERB
P21	5	4	168	172	your	PRON
P21	5	5	173	178	issue	NOUN
P21	5	6	179	181	id	NOUN
P21	5	7	182	186	here	ADV
P21	5	8	186	187	>	VERB
P21	6	1	189	190	#	.
P21	6	2	190	191	#	.
P21	6	3	192	193	:	.
P21	6	4	193	207	straight_ruler	NOUN
P21	6	5	207	208	:	.
P21	6	6	209	215	Design	NOUN
P21	6	7	216	225	Decisions	NOUN
P21	7	1	227	235	Describe	NOUN
P21	7	2	236	239	the	DET
P21	7	3	240	243	way	NOUN
P21	7	4	244	248	your	PRON
P21	7	5	249	263	implementation	NOUN
P21	7	6	264	269	works	VERB
P21	7	7	270	272	or	CONJ
P21	7	8	273	277	what	PRON
P21	7	9	278	284	design	NOUN
P21	7	10	285	294	decisions	NOUN
P21	7	11	295	298	you	PRON
P21	7	12	299	303	made	VERB
P21	7	13	304	306	if	ADP
P21	7	14	307	317	applicable	ADJ
P21	7	15	317	318	:	.
P21	8	1	320	321	#	.
P21	8	2	321	322	#	.
P21	8	3	322	323	#	.
P21	8	4	324	325	:	.
P21	8	5	325	334	clipboard	NOUN
P21	8	6	334	335	:	.
P21	8	7	336	341	Tasks	NOUN
P21	9	1	343	347	Make	NOUN
P21	9	2	348	352	sure	NOUN
P21	9	3	353	356	you	PRON
P21	10	1	358	359	-	.
P21	10	2	360	361	[	NOUN
P21	10	3	362	363	]	NOUN
P21	10	4	364	365	:	.
P21	10	5	365	369	book	NOUN
P21	10	6	369	370	:	.
P21	10	7	371	375	have	VERB
P21	10	8	376	380	read	VERB
P21	10	9	381	384	the	DET
P21	10	10	385	397	contribution	NOUN
P21	10	11	398	408	guidelines	NOUN
P21	11	1	409	410	-	.
P21	11	2	411	412	[	NOUN
P21	11	3	413	414	]	NOUN
P21	11	4	415	416	:	.
P21	11	5	416	424	computer	NOUN
P21	11	6	424	425	:	.
P21	11	7	426	430	have	VERB
P21	11	8	431	436	added	VERB
P21	11	9	437	445	unit/e2e	ADJ
P21	11	10	446	451	tests	NOUN
P21	11	11	452	453	(	.
P21	11	12	453	455	if	ADP
P21	11	13	456	467	appropriate	NOUN
P21	11	14	467	468	)	.
P21	12	1	469	470	-	.
P21	12	2	471	472	[	NOUN
P21	12	3	473	474	]	NOUN
P21	12	4	475	476	:	.
P21	12	5	476	484	bookmark	NOUN
P21	12	6	484	485	:	.
P21	12	7	486	494	targeted	VERB
P21	12	8	495	496	`	.
P21	12	9	496	503	develop	VERB
P21	12	10	503	504	`	.
P21	12	11	505	511	branch	NOUN
P22	1	1	0	5	Merge	NOUN
P22	1	2	6	10	pull	NOUN
P22	1	3	11	18	request	NOUN
P22	1	4	19	24	#2029	NOUN
P22	1	5	25	29	from	ADP
P22	1	6	30	63	mermaid-js/sidv/update-mermaid-12	NOUN
P22	2	1	65	70	chore	NOUN
P22	2	2	70	71	:	.
P22	2	3	72	78	update	NOUN
P22	2	4	79	81	to	PRT
P22	2	5	82	89	mermaid	VERB
P22	2	6	90	93	v12	NOUN
P22	2	7	94	97	and	CONJ
P22	2	8	98	104	derive	VERB
P22	2	9	105	108	the	DET
P22	2	10	109	116	diagram	ADJ
P22	2	11	117	122	theme	NOUN
P22	2	12	123	127	from	ADP
P22	2	13	128	131	its	PRON
P22	2	14	132	140	defaults	NOUN
P22	3	1	142	143	#	.
P22	3	2	143	144	#	.
P22	3	3	145	146	:	.
P22	3	4	146	159	bookmark_tabs	NOUN
P22	3	5	159	160	:	.
P22	3	6	161	168	Summary	ADJ
P22	4	1	170	177	Updates	NOUN
P22	4	2	178	185	mermaid	VERB
P22	4	3	186	188	to	PRT
P22	4	4	189	190	*	VERB
P22	4	5	190	191	*	NOUN
P22	4	6	191	194	v12	X
P22	4	7	194	195	*	NOUN
P22	4	8	195	196	*	NOUN
P22	4	9	197	205	together	ADV
P22	4	10	206	210	with	ADP
P22	4	11	211	214	the	DET
P22	4	12	215	224	companion	NOUN
P22	4	13	225	226	`	.
P22	4	14	226	237	@mermaid-js	ADJ
P22	4	15	237	238	/	NOUN
P22	4	16	238	239	*	NOUN
P22	4	17	239	240	`	.
P22	4	18	241	249	packages	NOUN
P22	4	19	249	250	,	.
P22	4	20	251	256	drops	VERB
P22	4	21	257	260	the	DET
P22	4	22	261	274	now-redundant	ADJ
P22	4	23	275	276	`	.
P22	4	24	276	298	@mermaid-js/layout-elk	ADJ
P22	4	25	298	299	`	.
P22	4	26	299	300	,	.
P22	4	27	301	304	and	CONJ
P22	4	28	305	313	replaces	VERB
P22	4	29	314	317	the	DET
P22	4	30	318	326	editor's	ADJ
P22	4	31	327	337	hard-coded	ADJ
P22	4	32	338	339	`	.
P22	4	33	339	340	""""	ADJ
P22	4	34	340	345	theme	NOUN
P22	4	35	345	346	""""	NOUN
P22	4	36	346	347	:	.
P22	4	37	348	349	""""	NOUN
P22	4	38	349	356	default	NOUN
P22	4	39	356	357	""""	NOUN
P22	4	40	357	358	`	.
P22	4	41	359	363	with	ADP
P22	4	42	364	365	a	DET
P22	4	43	366	371	theme	NOUN
P22	4	44	372	376	that	DET
P22	4	45	377	384	follows	VERB
P22	4	46	385	389	each	DET
P22	4	47	390	397	diagram	NOUN
P22	4	48	398	404	type's	ADV
P22	4	49	405	408	own	ADJ
P22	4	50	409	416	mermaid	NOUN
P22	4	51	417	424	default	NOUN
P22	4	52	425	426	(	.
P22	4	53	426	429	and	CONJ
P22	4	54	430	433	its	PRON
P22	4	55	434	438	dark	NOUN
P22	4	56	439	446	variant	NOUN
P22	4	57	447	451	when	ADV
P22	4	58	452	455	the	DET
P22	4	59	456	460	site	NOUN
P22	4	60	461	463	is	VERB
P22	4	61	464	468	dark	ADJ
P22	4	62	468	469	)	.
P22	4	63	469	470	.	.
P22	5	1	472	473	|	ADJ
P22	5	2	474	481	Package	NOUN
P22	5	3	482	483	|	NOUN
P22	5	4	484	490	Before	ADP
P22	5	5	491	492	|	NOUN
P22	5	6	493	498	After	ADP
P22	5	7	499	500	|	NOUN
P22	6	1	501	502	|	X
P22	6	2	503	504	-	.
P22	6	3	504	505	-	.
P22	6	4	505	506	-	.
P22	6	5	507	508	|	X
P22	6	6	509	510	-	.
P22	6	7	510	511	-	.
P22	6	8	511	512	-	.
P22	6	9	513	514	|	X
P22	6	10	515	516	-	.
P22	6	11	516	517	-	.
P22	6	12	517	518	-	.
P22	6	13	519	520	|	NOUN
P22	7	1	521	522	|	ADJ
P22	7	2	523	524	`	.
P22	7	3	524	531	mermaid	NOUN
P22	7	4	531	532	`	.
P22	7	5	533	534	|	ADJ
P22	7	6	535	536	`	.
P22	7	7	536	537	^	ADV
P22	7	8	537	544	11.17.2	NUM
P22	7	9	544	545	`	.
P22	7	10	546	547	|	ADJ
P22	7	11	548	549	`	.
P22	7	12	549	550	^	ADV
P22	7	13	550	556	12.0.0	NUM
P22	7	14	556	557	`	.
P22	7	15	558	559	|	NOUN
P22	8	1	560	561	|	ADJ
P22	8	2	562	563	`	.
P22	8	3	563	591	@mermaid-js/layout-tidy-tree	ADJ
P22	8	4	591	592	`	.
P22	8	5	593	594	|	ADJ
P22	8	6	595	596	`	.
P22	8	7	596	597	^	ADV
P22	8	8	597	602	0.2.2	NUM
P22	8	9	602	603	`	.
P22	8	10	604	605	|	ADJ
P22	8	11	606	607	`	.
P22	8	12	607	608	^	ADV
P22	8	13	608	613	1.0.0	NUM
P22	8	14	613	614	`	.
P22	8	15	615	616	|	NOUN
P22	9	1	617	618	|	ADJ
P22	9	2	619	620	`	.
P22	9	3	620	646	@mermaid-js/mermaid-zenuml	ADJ
P22	9	4	646	647	`	.
P22	9	5	648	649	|	ADJ
P22	9	6	650	651	`	.
P22	9	7	651	652	^	ADV
P22	9	8	652	657	0.2.3	NUM
P22	9	9	657	658	`	.
P22	9	10	659	660	|	ADJ
P22	9	11	661	662	`	.
P22	9	12	662	663	^	ADV
P22	9	13	663	668	1.0.0	NUM
P22	9	14	668	669	`	.
P22	9	15	670	671	|	NOUN
P22	10	1	672	673	|	ADJ
P22	10	2	674	675	`	.
P22	10	3	675	695	@mermaid-js/examples	NOUN
P22	10	4	695	696	`	.
P22	10	5	697	698	|	ADJ
P22	10	6	699	700	`	.
P22	10	7	700	701	^	ADV
P22	10	8	701	706	1.4.0	NUM
P22	10	9	706	707	`	.
P22	10	10	708	709	|	ADJ
P22	10	11	710	711	`	.
P22	10	12	711	712	^	ADV
P22	10	13	712	717	2.0.0	NUM
P22	10	14	717	718	`	.
P22	10	15	719	720	|	NOUN
P22	11	1	721	722	|	ADJ
P22	11	2	723	724	`	.
P22	11	3	724	746	@mermaid-js/layout-elk	ADJ
P22	11	4	746	747	`	.
P22	11	5	748	749	|	ADJ
P22	11	6	750	751	`	.
P22	11	7	751	752	^	ADV
P22	11	8	752	757	0.2.3	NUM
P22	11	9	757	758	`	.
P22	11	10	759	760	|	ADJ
P22	11	11	761	770	_removed_	NOUN
P22	11	12	771	772	|	NOUN
P22	12	1	774	781	Release	NOUN
P22	12	2	782	787	notes	NOUN
P22	12	3	787	788	:	.
P22	12	4	789	803	mermaid@12.0.0	NOUN
P22	12	5	803	804	.	.
P22	13	1	806	807	#	.
P22	13	2	807	808	#	.
P22	13	3	809	810	:	.
P22	13	4	810	824	straight_ruler	NOUN
P22	13	5	824	825	:	.
P22	13	6	826	832	Design	NOUN
P22	13	7	833	842	Decisions	NOUN
P22	14	1	844	845	#	.
P22	14	2	845	846	#	.
P22	14	3	846	847	#	.
P22	14	4	848	858	Dependency	NOUN
P22	14	5	859	865	update	NOUN
P22	15	1	867	868	-	.
P22	15	2	869	870	*	NOUN
P22	15	3	870	871	*	ADJ
P22	15	4	871	872	`	.
P22	15	5	872	894	@mermaid-js/layout-elk	ADJ
P22	15	6	894	895	`	.
P22	15	7	896	903	removed	VERB
P22	15	8	903	904	.	.
P22	15	9	904	905	*	ADJ
P22	15	10	905	906	*	NOUN
P22	15	11	907	914	Mermaid	NOUN
P22	15	12	915	917	12	NUM
P22	15	13	918	925	bundles	NOUN
P22	15	14	926	929	ELK	NOUN
P22	15	15	930	933	and	CONJ
P22	15	16	934	943	registers	NOUN
P22	15	17	944	946	it	PRON
P22	15	18	947	960	automatically	ADV
P22	15	19	961	962	(	.
P22	15	20	962	964	it	PRON
P22	15	21	965	967	is	VERB
P22	15	22	968	972	also	ADV
P22	15	23	973	976	the	DET
P22	15	24	977	980	new	ADJ
P22	15	25	981	988	default	NOUN
P22	15	26	989	995	layout	NOUN
P22	15	27	995	996	)	.
P22	15	28	996	997	.	.
P22	15	29	998	1005	Keeping	VERB
P22	15	30	1006	1009	the	DET
P22	15	31	1010	1017	package	NOUN
P22	15	32	1018	1023	would	VERB
P22	15	33	1024	1028	ship	VERB
P22	15	34	1029	1030	a	DET
P22	15	35	1031	1037	second	ADJ
P22	15	36	1038	1042	copy	NOUN
P22	15	37	1043	1045	of	ADP
P22	15	38	1046	1049	the	DET
P22	15	39	1050	1056	layout	NOUN
P22	15	40	1057	1063	engine	NOUN
P22	15	41	1064	1067	and	CONJ
P22	15	42	1068	1071	its	PRON
P22	15	43	1072	1073	`	.
P22	15	44	1073	1078	1.0.0	NUM
P22	15	45	1078	1079	`	.
P22	15	46	1080	1087	release	NOUN
P22	15	47	1088	1093	still	ADV
P22	15	48	1094	1102	declares	VERB
P22	15	49	1103	1104	a	DET
P22	15	50	1105	1106	`	.
P22	15	51	1106	1117	mermaid@^11	NOUN
P22	15	52	1117	1118	`	.
P22	15	53	1119	1123	peer	NOUN
P22	15	54	1124	1129	range	NOUN
P22	15	55	1129	1130	.	.
P22	15	56	1131	1132	`	.
P22	15	57	1132	1155	src/lib/util/mermaid.ts	ADJ
P22	15	58	1155	1156	`	.
P22	15	59	1157	1160	now	ADV
P22	15	60	1161	1165	only	ADV
P22	15	61	1166	1175	registers	VERB
P22	15	62	1176	1185	tidy-tree	NOUN
P22	15	63	1185	1186	,	.
P22	15	64	1187	1192	which	DET
P22	15	65	1193	1195	is	VERB
P22	15	66	1196	1199	not	ADV
P22	15	67	1200	1207	bundled	VERB
P22	15	68	1207	1208	.	.
P22	16	1	1209	1210	-	.
P22	16	2	1211	1212	*	NOUN
P22	16	3	1212	1213	*	ADJ
P22	16	4	1213	1228	Peer-dependency	NOUN
P22	16	5	1229	1237	warnings	NOUN
P22	16	6	1237	1238	.	.
P22	16	7	1238	1239	*	.
P22	16	8	1239	1240	*	ADJ
P22	16	9	1241	1242	`	.
P22	16	10	1242	1276	@mermaid-js/layout-tidy-tree@1.0.0	ADJ
P22	16	11	1276	1277	`	.
P22	16	12	1278	1281	and	CONJ
P22	16	13	1282	1283	`	.
P22	16	14	1283	1315	@mermaid-js/mermaid-zenuml@1.0.0	ADJ
P22	16	15	1315	1316	`	.
P22	16	16	1317	1322	still	ADV
P22	16	17	1323	1330	declare	VERB
P22	16	18	1331	1332	`	.
P22	16	19	1332	1343	mermaid@^11	ADV
P22	16	20	1343	1344	`	.
P22	16	21	1345	1347	as	ADP
P22	16	22	1348	1349	a	DET
P22	16	23	1350	1354	peer	NOUN
P22	16	24	1354	1355	.	.
P22	16	25	1356	1360	pnpm	NOUN
P22	16	26	1361	1368	reports	NOUN
P22	16	27	1369	1373	this	DET
P22	16	28	1374	1376	as	ADP
P22	16	29	1377	1378	a	DET
P22	16	30	1379	1386	warning	VERB
P22	16	31	1387	1391	only	ADV
P22	16	32	1391	1392	;	.
P22	16	33	1393	1396	the	DET
P22	16	34	1397	1405	upstream	NOUN
P22	16	35	1406	1414	packages	NOUN
P22	16	36	1415	1419	need	VERB
P22	16	37	1420	1425	their	PRON
P22	16	38	1426	1430	peer	NOUN
P22	16	39	1431	1437	ranges	VERB
P22	16	40	1438	1444	bumped	VERB
P22	16	41	1444	1445	.	.
P22	17	1	1446	1447	-	.
P22	17	2	1448	1451	The	DET
P22	17	3	1452	1455	app	NOUN
P22	17	4	1456	1460	does	VERB
P22	17	5	1461	1464	not	ADV
P22	17	6	1465	1468	use	VERB
P22	17	7	1469	1472	the	DET
P22	17	8	1473	1480	removed	ADJ
P22	17	9	1481	1482	`	.
P22	17	10	1482	1497	defaultRenderer	NOUN
P22	17	11	1497	1498	`	.
P22	17	12	1499	1505	option	NOUN
P22	17	13	1506	1508	or	CONJ
P22	17	14	1509	1512	the	DET
P22	17	15	1513	1520	removed	VERB
P22	17	16	1521	1536	layout-internal	ADJ
P22	17	17	1537	1544	exports	NOUN
P22	17	18	1544	1545	,	.
P22	17	19	1546	1549	and	CONJ
P22	17	20	1550	1551	`	.
P22	17	21	1551	1573	standardizeDiagramType	ADJ
P22	17	22	1573	1574	`	.
P22	17	23	1575	1582	already	ADV
P22	17	24	1583	1593	normalises	VERB
P22	17	25	1594	1597	the	DET
P22	17	26	1598	1605	diagram	NOUN
P22	17	27	1606	1609	ids	NOUN
P22	17	28	1610	1614	that	ADP
P22	17	29	1615	1622	changed	VERB
P22	17	30	1622	1623	.	.
P22	18	1	1625	1626	#	.
P22	18	2	1626	1627	#	.
P22	18	3	1627	1628	#	.
P22	18	4	1629	1634	Theme	NOUN
P22	18	5	1635	1642	follows	VERB
P22	18	6	1643	1646	the	DET
P22	18	7	1647	1654	diagram	NOUN
P22	18	8	1655	1659	type	NOUN
P22	19	1	1661	1668	Mermaid	NOUN
P22	19	2	1669	1671	12	NUM
P22	19	3	1672	1677	gives	VERB
P22	19	4	1678	1681	ten	VERB
P22	19	5	1682	1688	config	ADJ
P22	19	6	1689	1697	sections	NOUN
P22	19	7	1698	1703	their	PRON
P22	19	8	1704	1707	own	ADJ
P22	19	9	1708	1715	default	NOUN
P22	19	10	1716	1721	theme	NOUN
P22	19	11	1722	1723	(	.
P22	19	12	1723	1724	`	.
P22	19	13	1724	1735	redux-color	NOUN
P22	19	14	1735	1736	`	.
P22	19	15	1737	1741	with	ADP
P22	19	16	1742	1745	the	DET
P22	19	17	1746	1747	`	.
P22	19	18	1747	1750	neo	ADJ
P22	19	19	1750	1751	`	.
P22	19	20	1752	1756	look	NOUN
P22	19	21	1757	1760	for	ADP
P22	19	22	1761	1770	flowchart	NOUN
P22	19	23	1770	1771	,	.
P22	19	24	1772	1780	swimlane	NOUN
P22	19	25	1780	1781	,	.
P22	19	26	1782	1791	agentflow	NOUN
P22	19	27	1791	1792	,	.
P22	19	28	1793	1801	sequence	NOUN
P22	19	29	1801	1802	,	.
P22	19	30	1803	1808	class	NOUN
P22	19	31	1808	1809	,	.
P22	19	32	1810	1815	state	NOUN
P22	19	33	1815	1816	,	.
P22	19	34	1817	1819	ER	NOUN
P22	19	35	1819	1820	,	.
P22	19	36	1821	1832	requirement	NOUN
P22	19	37	1832	1833	,	.
P22	19	38	1834	1837	use	NOUN
P22	19	39	1838	1842	case	NOUN
P22	19	40	1843	1846	and	CONJ
P22	19	41	1847	1851	Venn	NOUN
P22	19	42	1851	1852	)	.
P22	19	43	1852	1853	;	.
P22	19	44	1854	1864	everything	NOUN
P22	19	45	1865	1869	else	ADV
P22	19	46	1870	1874	uses	VERB
P22	19	47	1875	1878	the	DET
P22	19	48	1879	1885	global	ADJ
P22	19	49	1886	1887	`	.
P22	19	50	1887	1894	default	NOUN
P22	19	51	1894	1895	`	.
P22	19	52	1895	1896	.	.
P22	19	53	1897	1904	Pinning	VERB
P22	19	54	1905	1906	`	.
P22	19	55	1906	1907	""""	ADJ
P22	19	56	1907	1912	theme	NOUN
P22	19	57	1912	1913	""""	NOUN
P22	19	58	1913	1914	:	.
P22	19	59	1915	1916	""""	NOUN
P22	19	60	1916	1923	default	NOUN
P22	19	61	1923	1924	""""	NOUN
P22	19	62	1924	1925	`	.
P22	19	63	1926	1928	in	ADP
P22	19	64	1929	1934	every	DET
P22	19	65	1935	1941	config	NOUN
P22	19	66	1941	1942	,	.
P22	19	67	1943	1945	as	ADP
P22	19	68	1946	1949	the	DET
P22	19	69	1950	1956	editor	NOUN
P22	19	70	1957	1961	used	VERB
P22	19	71	1962	1964	to	PRT
P22	19	72	1964	1965	,	.
P22	19	73	1966	1971	opted	VERB
P22	19	74	1972	1977	every	DET
P22	19	75	1978	1982	user	NOUN
P22	19	76	1983	1986	out	ADP
P22	19	77	1987	1989	of	ADP
P22	19	78	1990	1994	that	DET
P22	19	79	1994	1995	.	.
P22	20	1	1997	1998	-	.
P22	20	2	1999	2000	*	NOUN
P22	20	3	2000	2001	*	ADJ
P22	20	4	2001	2002	`	.
P22	20	5	2002	2018	syncManagedTheme	NOUN
P22	20	6	2018	2019	`	.
P22	20	7	2020	2021	(	.
P22	20	8	2021	2026	state	NOUN
P22	20	9	2027	2033	module	NOUN
P22	20	10	2033	2034	)	.
P22	20	11	2034	2035	.	.
P22	20	12	2035	2036	*	.
P22	20	13	2036	2037	*	NOUN
P22	20	14	2038	2043	After	ADP
P22	20	15	2044	2049	every	DET
P22	20	16	2050	2060	validation	NOUN
P22	20	17	2060	2061	,	.
P22	20	18	2062	2065	and	CONJ
P22	20	19	2066	2074	whenever	ADV
P22	20	20	2075	2078	the	DET
P22	20	21	2079	2083	site	NOUN
P22	20	22	2084	2092	switches	NOUN
P22	20	23	2093	2103	light/dark	NOUN
P22	20	24	2103	2104	,	.
P22	20	25	2105	2108	the	DET
P22	20	26	2109	2114	theme	NOUN
P22	20	27	2115	2117	is	VERB
P22	20	28	2118	2121	set	VERB
P22	20	29	2122	2124	to	PRT
P22	20	30	2125	2128	the	DET
P22	20	31	2129	2136	current	ADJ
P22	20	32	2137	2144	diagram	NOUN
P22	20	33	2145	2151	type's	NOUN
P22	20	34	2152	2159	default	NOUN
P22	20	35	2160	2161	—	NOUN
P22	20	36	2162	2163	`	.
P22	20	37	2163	2178	getDefaultTheme	NOUN
P22	20	38	2178	2179	(	.
P22	20	39	2179	2190	diagramType	NOUN
P22	20	40	2190	2191	)	.
P22	20	41	2191	2192	`	.
P22	20	42	2193	2198	reads	VERB
P22	20	43	2199	2202	the	DET
P22	20	44	2203	2209	config	NOUN
P22	20	45	2210	2219	section's	NOUN
P22	20	46	2220	2221	`	.
P22	20	47	2221	2226	theme	ADJ
P22	20	48	2226	2227	`	.
P22	20	49	2228	2232	from	ADP
P22	20	50	2233	2234	`	.
P22	20	51	2234	2266	mermaid.mermaidAPI.defaultConfig	NOUN
P22	20	52	2266	2267	`	.
P22	20	53	2267	2268	,	.
P22	20	54	2269	2276	falling	VERB
P22	20	55	2277	2281	back	ADV
P22	20	56	2282	2284	to	PRT
P22	20	57	2285	2288	the	DET
P22	20	58	2289	2295	global	ADJ
P22	20	59	2296	2299	one	NUM
P22	20	60	2300	2301	—	NOUN
P22	20	61	2302	2304	or	CONJ
P22	20	62	2304	2305	,	.
P22	20	63	2306	2308	in	ADP
P22	20	64	2309	2313	dark	ADJ
P22	20	65	2314	2318	mode	NOUN
P22	20	66	2318	2319	,	.
P22	20	67	2320	2321	`	.
P22	20	68	2321	2334	darkVariantOf	NOUN
P22	20	69	2334	2335	`	.
P22	20	70	2336	2338	it	PRON
P22	20	71	2338	2339	:	.
P22	20	72	2340	2345	redux	NOUN
P22	20	73	2346	2352	themes	NOUN
P22	20	74	2353	2356	get	VERB
P22	20	75	2357	2362	their	PRON
P22	20	76	2363	2364	`	.
P22	20	77	2364	2365	-	.
P22	20	78	2365	2369	dark	NOUN
P22	20	79	2369	2370	`	.
P22	20	80	2371	2378	variant	NOUN
P22	20	81	2379	2380	(	.
P22	20	82	2380	2381	`	.
P22	20	83	2381	2392	redux-color	NOUN
P22	20	84	2392	2393	`	.
P22	20	85	2394	2395	→	ADJ
P22	20	86	2396	2397	`	.
P22	20	87	2397	2413	redux-dark-color	ADJ
P22	20	88	2413	2414	`	.
P22	20	89	2414	2415	)	.
P22	20	90	2415	2416	,	.
P22	20	91	2417	2425	anything	NOUN
P22	20	92	2426	2430	else	ADV
P22	20	93	2431	2438	becomes	VERB
P22	20	94	2439	2440	`	.
P22	20	95	2440	2444	dark	ADJ
P22	20	96	2444	2445	`	.
P22	20	97	2445	2446	.	.
P22	20	98	2447	2449	It	PRON
P22	20	99	2450	2459	converges	VERB
P22	20	100	2460	2465	after	ADP
P22	20	101	2466	2469	one	NUM
P22	20	102	2470	2476	update	NOUN
P22	20	103	2477	2484	because	ADP
P22	20	104	2485	2488	the	DET
P22	20	105	2489	2493	next	ADJ
P22	20	106	2494	2504	validation	NOUN
P22	20	107	2505	2510	finds	VERB
P22	20	108	2511	2514	the	DET
P22	20	109	2515	2520	theme	NOUN
P22	20	110	2521	2528	already	ADV
P22	20	111	2529	2531	in	ADP
P22	20	112	2532	2537	place	NOUN
P22	20	113	2537	2538	.	.
P22	21	1	2539	2540	-	.
P22	21	2	2541	2542	*	NOUN
P22	21	3	2542	2543	*	VERB
P22	21	4	2543	2547	Only	ADV
P22	21	5	2548	2558	editor-set	ADJ
P22	21	6	2559	2565	themes	NOUN
P22	21	7	2566	2569	are	VERB
P22	21	8	2570	2578	replaced	VERB
P22	21	9	2578	2579	.	.
P22	21	10	2579	2580	*	ADJ
P22	21	11	2580	2581	*	ADJ
P22	21	12	2582	2583	`	.
P22	21	13	2583	2597	isManagedTheme	ADJ
P22	21	14	2597	2598	`	.
P22	21	15	2599	2606	accepts	NOUN
P22	21	16	2607	2608	a	DET
P22	21	17	2609	2616	missing	ADJ
P22	21	18	2617	2622	theme	NOUN
P22	21	19	2622	2623	,	.
P22	21	20	2624	2627	the	DET
P22	21	21	2628	2634	global	ADJ
P22	21	22	2635	2642	default	NOUN
P22	21	23	2642	2643	,	.
P22	21	24	2644	2649	every	DET
P22	21	25	2650	2657	section	NOUN
P22	21	26	2658	2665	default	NOUN
P22	21	27	2666	2669	and	CONJ
P22	21	28	2670	2675	their	PRON
P22	21	29	2676	2680	dark	ADJ
P22	21	30	2681	2689	variants	NOUN
P22	21	31	2689	2690	.	.
P22	21	32	2691	2692	A	DET
P22	21	33	2693	2698	theme	NOUN
P22	21	34	2699	2702	the	DET
P22	21	35	2703	2707	user	NOUN
P22	21	36	2708	2713	typed	VERB
P22	21	37	2714	2718	into	ADP
P22	21	38	2719	2722	the	DET
P22	21	39	2723	2729	config	NOUN
P22	21	40	2730	2731	(	.
P22	21	41	2731	2732	`	.
P22	21	42	2732	2738	forest	ADV
P22	21	43	2738	2739	`	.
P22	21	44	2739	2740	,	.
P22	21	45	2741	2742	`	.
P22	21	46	2742	2745	neo	ADV
P22	21	47	2745	2746	`	.
P22	21	48	2746	2747	,	.
P22	21	49	2748	2749	`	.
P22	21	50	2749	2753	base	NOUN
P22	21	51	2753	2754	`	.
P22	21	52	2754	2755	,	.
P22	21	53	2756	2757	…	NOUN
P22	21	54	2757	2758	)	.
P22	21	55	2759	2761	is	VERB
P22	21	56	2762	2767	never	ADV
P22	21	57	2768	2775	touched	VERB
P22	21	58	2775	2776	,	.
P22	21	59	2777	2779	in	ADP
P22	21	60	2780	2786	either	DET
P22	21	61	2787	2791	mode	NOUN
P22	21	62	2792	2794	or	CONJ
P22	21	63	2795	2799	when	ADV
P22	21	64	2800	2803	the	DET
P22	21	65	2804	2811	diagram	NOUN
P22	21	66	2812	2816	type	NOUN
P22	21	67	2817	2824	changes	NOUN
P22	21	68	2824	2825	.	.
P22	22	1	2826	2827	[	ADJ
P22	22	2	2827	2828	…	NOUN
P22	22	3	2828	2829	]	NOUN
P25	1	1	0	5	Merge	NOUN
P25	1	2	6	10	pull	NOUN
P25	1	3	11	18	request	NOUN
P25	1	4	19	24	#1710	NOUN
P25	1	5	25	29	from	ADP
P25	1	6	30	50	mermaid-js/sidv/1659	NOUN
P25	2	1	52	55	fix	NOUN
P25	2	2	55	56	:	.
P25	2	3	57	62	#1659	ADJ
P25	2	4	63	69	Frozen	NOUN
P25	2	5	70	72	UI	NOUN
P25	2	6	73	77	with	ADP
P25	2	7	78	85	comment	NOUN
P25	2	8	86	91	regex	NOUN
P25	3	1	93	94	#	.
P25	3	2	94	95	#	.
P25	3	3	96	97	:	.
P25	3	4	97	110	bookmark_tabs	NOUN
P25	3	5	110	111	:	.
P25	3	6	112	119	Summary	ADJ
P25	4	1	121	126	Fixes	NOUN
P25	4	2	127	129	UI	NOUN
P25	4	3	130	136	freeze	NOUN
P25	4	4	137	141	when	ADV
P25	4	5	142	146	edge	NOUN
P25	4	6	147	151	case	NOUN
P25	4	7	152	154	of	ADP
P25	4	8	155	156	%	NOUN
P25	4	9	156	157	%	NOUN
P25	4	10	158	160	is	VERB
P25	4	11	161	168	entered	VERB
P25	4	12	169	171	in	ADP
P25	4	13	172	178	monaco	NOUN
P25	4	14	178	179	.	.
P25	5	1	181	189	Resolves	NOUN
P25	5	2	190	195	#1659	VERB
P25	6	1	197	198	#	.
P25	6	2	198	199	#	.
P25	6	3	200	201	:	.
P25	6	4	201	215	straight_ruler	NOUN
P25	6	5	215	216	:	.
P25	6	6	217	223	Design	NOUN
P25	6	7	224	233	Decisions	NOUN
P25	7	1	235	236	A	DET
P25	7	2	237	240	new	ADJ
P25	7	3	241	246	regex	NOUN
P25	7	4	246	247	,	.
P25	7	5	248	257	developed	VERB
P25	7	6	258	260	by	ADP
P25	7	7	261	272	@yogitas-ht	ADJ
P25	7	8	273	276	and	CONJ
P25	7	9	277	283	tested	VERB
P25	7	10	284	286	by	ADP
P25	7	11	287	299	MermaidChart	NOUN
P25	7	12	300	302	QA	NOUN
P25	7	13	303	307	team	NOUN
P25	7	14	308	310	is	VERB
P25	7	15	311	315	used	VERB
P25	7	16	315	316	.	.
P25	8	1	319	320	#	.
P25	8	2	320	321	#	.
P25	8	3	321	322	#	.
P25	8	4	323	324	:	.
P25	8	5	324	333	clipboard	NOUN
P25	8	6	333	334	:	.
P25	8	7	335	340	Tasks	NOUN
P25	9	1	342	346	Make	NOUN
P25	9	2	347	351	sure	NOUN
P25	9	3	352	355	you	PRON
P25	10	1	357	358	-	.
P25	10	2	359	360	[	NOUN
P25	10	3	361	362	]	NOUN
P25	10	4	363	364	:	.
P25	10	5	364	368	book	NOUN
P25	10	6	368	369	:	.
P25	10	7	370	374	have	VERB
P25	10	8	375	379	read	VERB
P25	10	9	380	383	the	DET
P25	10	10	384	396	contribution	NOUN
P25	10	11	397	407	guidelines	NOUN
P25	11	1	408	409	-	.
P25	11	2	410	411	[	NOUN
P25	11	3	412	413	]	NOUN
P25	11	4	414	415	:	.
P25	11	5	415	423	computer	NOUN
P25	11	6	423	424	:	.
P25	11	7	425	429	have	VERB
P25	11	8	430	435	added	VERB
P25	11	9	436	444	unit/e2e	ADJ
P25	11	10	445	450	tests	NOUN
P25	11	11	451	452	(	.
P25	11	12	452	454	if	ADP
P25	11	13	455	466	appropriate	NOUN
P25	11	14	466	467	)	.
P25	12	1	468	469	-	.
P25	12	2	470	471	[	NOUN
P25	12	3	472	473	]	NOUN
P25	12	4	474	475	:	.
P25	12	5	475	483	bookmark	NOUN
P25	12	6	483	484	:	.
P25	12	7	485	493	targeted	VERB
P25	12	8	494	495	`	.
P25	12	9	495	502	develop	VERB
P25	12	10	502	503	`	.
P25	12	11	504	510	branch	NOUN
P26	1	1	0	4	feat	NOUN
P26	1	2	4	5	:	.
P26	1	3	6	9	add	VERB
P26	1	4	10	21	first-class	ADJ
P26	1	5	22	29	support	NOUN
P26	1	6	30	33	for	ADP
P26	1	7	34	37	CJK	NOUN
P26	1	8	38	39	(	.
P26	1	9	39	44	#8530	NOUN
P26	1	10	44	45	)	.
P26	2	1	47	51	feat	NOUN
P26	2	2	51	52	:	.
P26	2	3	53	56	add	VERB
P26	2	4	57	68	first-class	ADJ
P26	2	5	69	76	support	NOUN
P26	2	6	77	80	for	ADP
P26	2	7	81	84	CJK	NOUN
P26	3	1	86	87	*	ADJ
P26	3	2	87	88	*	NOUN
P26	3	3	88	96	Business	NOUN
P26	3	4	97	102	value	NOUN
P26	3	5	102	103	*	NOUN
P26	3	6	103	104	*	NOUN
P26	4	1	105	106	1	NUM
P26	4	2	106	107	.	.
P26	4	3	108	118	Introduced	VERB
P26	4	4	119	120	`	.
P26	4	5	120	135	Xiaolai-Regular	ADJ
P26	4	6	135	136	`	.
P26	4	7	137	140	for	ADP
P26	4	8	141	144	CJK	NOUN
P26	4	9	145	147	as	ADP
P26	4	10	148	149	a	DET
P26	4	11	150	158	fallback	NOUN
P26	4	12	159	163	font	NOUN
P26	4	13	164	167	for	ADP
P26	4	14	168	178	Excalifont	NOUN
P26	5	1	183	184	-	.
P26	5	2	185	187	it	PRON
P26	5	3	188	191	was	VERB
P26	5	4	192	204	additionally	ADV
P26	5	5	205	213	adjusted	VERB
P26	5	6	214	216	to	PRT
P26	5	7	217	220	fit	VERB
P26	5	8	221	224	our	PRON
P26	5	9	225	230	needs	NOUN
P26	6	1	238	239	-	.
P26	6	2	240	247	removed	VERB
P26	6	3	248	255	non-CJK	ADJ
P26	6	4	256	266	codepoints	NOUN
P26	7	1	274	275	-	.
P26	7	2	276	283	reduced	VERB
P26	7	3	284	287	any	DET
P26	7	4	288	294	Hangul	NOUN
P26	7	5	295	308	side-bearings	NOUN
P26	7	6	309	311	to	PRT
P26	7	7	312	314	40	NUM
P26	7	8	314	315	%	NOUN
P26	8	1	323	324	-	.
P26	8	2	325	333	centered	NOUN
P26	8	3	334	336	in	ADP
P26	8	4	337	342	width	NOUN
P26	8	5	343	345	of	ADP
P26	8	6	346	356	inproperly	ADV
P26	8	7	357	365	centered	VERB
P26	8	8	366	369	CJK	NOUN
P26	8	9	370	380	codepoints	NOUN
P26	8	10	381	382	(	.
P26	8	11	382	388	mainly	ADV
P26	8	12	389	395	Hangul	NOUN
P26	8	13	396	400	Jamo	NOUN
P26	8	14	400	401	,	.
P26	8	15	402	405	but	CONJ
P26	8	16	406	410	also	ADV
P26	8	17	411	417	others	NOUN
P26	8	18	417	418	)	.
P26	9	1	424	425	-	.
P26	9	2	426	428	it	PRON
P26	9	3	429	432	was	VERB
P26	9	4	433	441	manually	ADV
P26	9	5	442	447	split	VERB
P26	9	6	448	452	into	ADP
P26	9	7	453	461	multiple	ADJ
P26	9	8	462	467	woff2	NOUN
P26	9	9	468	472	font	NOUN
P26	9	10	473	478	faces	VERB
P26	9	11	479	482	for	ADP
P26	9	12	483	495	lazy-loading	NOUN
P26	9	13	496	500	with	ADP
P26	9	14	501	506	https	NOUN
P26	9	15	506	507	:	.
P26	9	16	507	508	/	ADJ
P26	9	17	508	509	/	NUM
P26	9	18	509	546	chinese-font.netlify.app/online-split	NOUN
P26	10	1	547	548	1	NUM
P26	10	2	548	549	.	.
P26	10	3	550	558	Improved	VERB
P26	10	4	559	567	wrapping	NOUN
P26	10	5	568	570	to	PRT
P26	10	6	571	577	handle	VERB
P26	10	7	578	581	CJK	NOUN
P26	10	8	582	592	codepoints	NOUN
P26	10	9	592	593	,	.
P26	10	10	594	603	according	VERB
P26	10	11	604	606	to	PRT
P26	10	12	607	610	the	DET
P26	10	13	611	618	special	ADJ
P26	10	14	619	622	CJK	NOUN
P26	10	15	623	628	rules	NOUN
P26	10	16	629	630	(	.
P26	10	17	630	640	especially	ADV
P26	10	18	641	644	for	ADP
P26	10	19	645	653	Japanese	ADJ
P26	10	20	654	657	and	CONJ
P26	10	21	658	664	Korean	ADJ
P26	10	22	664	665	)	.
P26	11	1	666	667	1	NUM
P26	11	2	667	668	.	.
P26	11	3	669	674	Added	ADJ
P26	11	4	675	682	support	NOUN
P26	11	5	683	686	for	ADP
P26	11	6	687	701	multicodepoint	NOUN
P26	11	7	702	708	Emojis	NOUN
P26	11	8	709	717	wrapping	NOUN
P26	11	9	718	719	(	.
P26	11	10	719	721	in	ADP
P26	11	11	722	727	other	ADJ
P26	11	12	728	733	words	NOUN
P26	11	13	733	734	,	.
P26	11	14	735	741	emojis	VERB
P26	11	15	742	747	won't	ADV
P26	11	16	748	750	be	VERB
P26	11	17	751	757	broken	ADJ
P26	11	18	758	763	apart	ADV
P26	11	19	764	770	during	ADP
P26	11	20	771	779	wrapping	VERB
P26	11	21	780	787	anymore	ADV
P26	11	22	787	788	)	.
P26	12	1	789	790	1	NUM
P26	12	2	790	791	.	.
P26	12	3	792	797	Added	VERB
P26	12	4	798	806	keyboard	NOUN
P26	12	5	807	815	shortcut	NOUN
P26	12	6	816	819	for	ADP
P26	12	7	820	823	SVG	NOUN
P26	12	8	824	830	export	NOUN
P26	12	9	831	832	(	.
P26	12	10	832	833	`	.
P26	12	11	833	837	ctrl	ADV
P26	12	12	837	838	+	ADJ
P26	12	13	838	843	shift	NOUN
P26	12	14	843	844	+	NOUN
P26	12	15	844	845	c	VERB
P26	12	16	845	846	`	.
P26	12	17	847	849	on	ADP
P26	12	18	850	853	all	DET
P26	12	19	854	857	the	DET
P26	12	20	858	867	platforms	NOUN
P26	12	21	867	868	)	.
P26	12	22	869	873	with	ADP
P26	12	23	874	875	a	DET
P26	12	24	876	881	toast	NOUN
P26	12	25	882	886	once	ADV
P26	12	26	887	896	completed	VERB
P26	12	27	897	898	(	.
P26	12	28	898	905	similar	ADJ
P26	12	29	906	908	to	PRT
P26	12	30	909	912	PNG	NOUN
P26	12	31	912	913	)	.
P26	12	32	913	914	.	.
P26	13	1	915	916	1	NUM
P26	13	2	916	917	.	.
P26	13	3	918	927	Mitigated	VERB
P26	13	4	928	938	subsequent	ADJ
P26	13	5	939	943	FOUT	NOUN
P26	13	6	944	946	by	ADP
P26	13	7	947	953	fixing	VERB
P26	13	8	954	959	local	ADJ
P26	13	9	960	967	caching	NOUN
P26	13	10	968	971	for	ADP
P26	13	11	972	977	fonts	NOUN
P26	13	12	978	984	hosted	VERB
P26	13	13	985	987	on	ADP
P26	13	14	988	991	our	PRON
P26	13	15	992	995	CDN	NOUN
P26	13	16	996	997	(	.
P26	13	17	997	1007	previously	ADV
P26	13	18	1008	1020	cross-origin	NOUN
P26	13	19	1021	1029	requests	NOUN
P26	13	20	1030	1033	for	ADP
P26	13	21	1034	1039	fonts	NOUN
P26	13	22	1040	1044	were	VERB
P26	13	23	1045	1048	not	ADV
P26	13	24	1049	1054	being	VERB
P26	13	25	1055	1061	cached	VERB
P26	13	26	1062	1064	by	ADP
P26	13	27	1065	1068	the	DET
P26	13	28	1069	1083	service-worker	NOUN
P26	13	29	1083	1084	)	.
P26	13	30	1084	1085	.	.
P26	14	1	1087	1096	Completes	NOUN
P26	14	2	1097	1102	#8408	VERB
P26	15	1	1104	1105	*	ADJ
P26	15	2	1105	1106	*	NOUN
P26	15	3	1106	1115	Technical	NOUN
P26	15	4	1116	1121	parts	NOUN
P26	15	5	1121	1122	*	VERB
P26	15	6	1122	1123	*	NOUN
P26	16	1	1124	1125	[	ADJ
P26	16	2	1125	1136	изображение	NOUN
P26	16	3	1136	1137	]	NOUN
P26	17	1	1138	1143	https	NOUN
P26	17	2	1143	1144	:	.
P26	17	3	1144	1145	/	ADJ
P26	17	4	1145	1146	/	NOUN
P26	17	5	1146	1195	link.excalidraw.com/readonly/MbbnWPSWXgadXdtmzgeO	NOUN
P26	18	1	1197	1198	1	NUM
P26	18	2	1198	1199	.	.
P26	18	3	1200	1208	Improved	VERB
P26	18	4	1209	1216	overall	ADJ
P26	18	5	1217	1220	SVG	NOUN
P26	18	6	1221	1227	export	NOUN
P26	18	7	1228	1230	to	PRT
P26	18	8	1231	1238	process	VERB
P26	18	9	1239	1240	`	.
P26	18	10	1240	1248	FontFace	NOUN
P26	18	11	1248	1249	`	.
P26	18	12	1249	1250	s	ADV
P26	18	13	1251	1263	concurrently	ADV
P26	18	14	1264	1265	(	.
P26	18	15	1265	1269	with	ADP
P26	18	16	1270	1272	or	CONJ
P26	18	17	1273	1280	without	ADP
P26	18	18	1281	1288	workers	NOUN
P26	18	19	1288	1289	,	.
P26	18	20	1290	1298	fetching	VERB
P26	18	21	1299	1302	and	CONJ
P26	18	22	1303	1313	processing	VERB
P26	18	23	1314	1317	max	NOUN
P26	18	24	1318	1319	3	NUM
P26	18	25	1320	1322	at	ADP
P26	18	26	1323	1324	a	DET
P26	18	27	1325	1329	time	NOUN
P26	18	28	1329	1330	)	.
P26	18	29	1331	1335	with	ADP
P26	18	30	1336	1340	some	DET
P26	18	31	1341	1351	additional	ADJ
P26	18	32	1352	1356	perf	NOUN
P26	18	33	1356	1357	.	.
P26	18	34	1358	1371	optimisations	NOUN
P26	18	35	1371	1372	.	.
P26	19	1	1373	1374	1	NUM
P26	19	2	1374	1375	.	.
P26	19	3	1376	1385	Offloaded	VERB
P26	19	4	1386	1389	SVG	NOUN
P26	19	5	1390	1396	export	NOUN
P26	19	6	1397	1399	in	ADP
P26	19	7	1400	1401	`	.
P26	19	8	1401	1415	excalidraw-app	ADJ
P26	19	9	1415	1416	`	.
P26	19	10	1417	1419	to	PRT
P26	19	11	1420	1430	shortlived	VERB
P26	19	12	1431	1432	`	.
P26	19	13	1432	1435	Web	ADJ
P26	19	14	1436	1443	Workers	NOUN
P26	19	15	1443	1444	`	.
P26	19	16	1445	1446	(	.
P26	19	17	1446	1453	re-used	ADJ
P26	19	18	1454	1456	or	CONJ
P26	19	19	1457	1467	terminated	VERB
P26	19	20	1468	1473	after	ADP
P26	19	21	1474	1479	500ms	NUM
P26	19	22	1480	1482	of	ADP
P26	19	23	1483	1493	inactivity	NOUN
P26	19	24	1493	1494	)	.
P26	19	25	1495	1498	due	ADJ
P26	19	26	1499	1501	to	PRT
P26	19	27	1502	1513	performance	NOUN
P26	19	28	1514	1520	issues	NOUN
P26	19	29	1521	1523	on	ADP
P26	19	30	1524	1527	the	DET
P26	19	31	1528	1532	main	ADJ
P26	19	32	1533	1539	thread	NOUN
P26	19	33	1540	1541	(	.
P26	19	34	1541	1544	i.e	ADJ
P26	19	35	1544	1545	.	.
P26	19	36	1546	1550	just	ADV
P26	19	37	1551	1558	Xiaolai	ADJ
P26	19	38	1559	1567	consists	NOUN
P26	19	39	1568	1570	of	ADP
P26	19	40	1571	1576	about	ADP
P26	19	41	1577	1580	250	NUM
P26	19	42	1581	1585	font	ADJ
P26	19	43	1586	1591	faces	VERB
P26	19	44	1591	1592	,	.
P26	19	45	1593	1598	which	DET
P26	19	46	1599	1604	would	VERB
P26	19	47	1605	1609	make	VERB
P26	19	48	1610	1613	the	DET
P26	19	49	1614	1620	editor	NOUN
P26	19	50	1621	1633	unresponsive	ADJ
P26	19	51	1634	1637	for	ADP
P26	19	52	1638	1639	a	DET
P26	19	53	1640	1643	few	ADJ
P26	19	54	1644	1651	seconds	NOUN
P26	19	55	1651	1652	)	.
P26	19	56	1652	1653	.	.
P26	20	1	1658	1659	-	.
P26	20	2	1660	1662	as	ADP
P26	20	3	1663	1667	part	NOUN
P26	20	4	1668	1670	of	ADP
P26	20	5	1671	1675	this	DET
P26	20	6	1676	1686	introduced	ADJ
P26	20	7	1687	1694	initial	ADJ
P26	20	8	1695	1700	infra	NOUN
P26	20	9	1701	1704	for	ADP
P26	20	10	1705	1706	a	DET
P26	20	11	1707	1711	pool	NOUN
P26	20	12	1712	1714	of	ADP
P26	20	13	1715	1726	short-lived	ADJ
P26	20	14	1727	1731	idle	ADJ
P26	20	15	1732	1739	workers	NOUN
P26	20	16	1740	1741	(	.
P26	20	17	1741	1746	could	VERB
P26	20	18	1747	1749	be	VERB
P26	20	19	1750	1758	possibly	ADV
P26	20	20	1759	1766	re-used	ADJ
P26	20	21	1767	1776	elsewhere	ADV
P26	20	22	1776	1777	)	.
P26	21	1	1782	1783	-	.
P26	21	2	1784	1789	added	VERB
P26	21	3	1790	1798	fallback	NOUN
P26	21	4	1799	1802	for	ADP
P26	21	5	1803	1806	the	DET
P26	21	6	1807	1811	main	ADJ
P26	21	7	1812	1818	thread	NOUN
P26	21	8	1819	1821	in	ADP
P26	21	9	1822	1826	case	NOUN
P26	21	10	1827	1830	the	DET
P26	21	11	1831	1832	`	.
P26	21	12	1832	1835	Web	ADJ
P26	21	13	1836	1843	Workers	NOUN
P26	21	14	1843	1844	`	.
P26	21	15	1845	1848	are	VERB
P26	21	16	1849	1852	not	ADV
P26	21	17	1853	1862	available	ADJ
P26	21	18	1863	1864	(	.
P26	21	19	1864	1867	i.e	ADJ
P26	21	20	1867	1868	.	.
P26	21	21	1869	1876	running	VERB
P26	21	22	1877	1879	in	ADP
P26	21	23	1880	1891	server-side	NOUN
P26	21	24	1892	1894	or	CONJ
P26	21	25	1895	1899	when	ADV
P26	21	26	1900	1910	everything	NOUN
P26	21	27	1911	1913	is	VERB
P26	21	28	1914	1917	one	NUM
P26	21	29	1918	1923	chunk	NOUN
P26	21	30	1924	1926	as	ADP
P26	21	31	1927	1929	in	ADP
P26	21	32	1930	1933	the	DET
P26	21	33	1934	1942	obsidian	NOUN
P26	21	34	1942	1943	)	.
P26	22	1	1948	1949	-	.
P26	22	2	1950	1953	for	ADP
P26	22	3	1954	1958	more	ADJ
P26	22	4	1959	1968	fallbacks	NOUN
P26	22	5	1969	1974	check	VERB
P26	22	6	1975	1978	the	DET
P26	22	7	1979	1980	`	.
P26	22	8	1980	1983	The	DET
P26	22	9	1984	1987	NOT	NOUN
P26	22	10	1988	1990	so	ADP
P26	22	11	1991	1996	happy	ADJ
P26	22	12	1997	2001	path	NOUN
P26	22	13	2001	2002	`	.
P26	22	14	2003	2005	in	ADP
P26	22	15	2006	2009	the	DET
P26	22	16	2010	2017	diagram	NOUN
P26	23	1	2018	2019	1	NUM
P26	23	2	2019	2020	.	.
P26	23	3	2021	2029	Adjusted	VERB
P26	23	4	2030	2033	the	DET
P26	23	5	2034	2037	SVG	NOUN
P26	23	6	2038	2044	export	NOUN
P26	23	7	2045	2047	to	PRT
P26	23	8	2048	2054	inline	VERB
P26	23	9	2055	2063	fallback	NOUN
P26	23	10	2064	2069	fonts	NOUN
P26	23	11	2070	2075	first	ADV
P26	23	12	2075	2076	,	.
P26	23	13	2077	2079	so	ADP
P26	23	14	2080	2084	that	DET
P26	23	15	2085	2090	their	PRON
P26	23	16	2091	2097	glyphs	NOUN
P26	23	17	2098	2101	get	VERB
P26	23	18	2102	2112	overridden	VERB
P26	23	19	2113	2115	by	ADP
P26	23	20	2116	2119	the	DET
P26	23	21	2120	2127	default	NOUN
P26	23	22	2128	2133	fonts	NOUN
P26	23	23	2133	2134	.	.
P26	23	24	2135	2145	Refactored	VERB
P26	23	25	2146	2150	font	NOUN
P26	23	26	2151	2154	and	CONJ
P26	23	27	2155	2156	`	.
P26	23	28	2156	2174	ExcalidrawFontFace	NOUN
P26	23	29	2174	2175	`	.
P26	23	30	2175	2176	-	.
P26	23	31	2176	2183	related	VERB
P26	23	32	2184	2189	logic	ADJ
P26	23	33	2190	2193	and	CONJ
P26	23	34	2194	2199	fixed	VERB
P26	23	35	2200	2207	various	ADJ
P26	23	36	2208	2212	perf	NOUN
P26	23	37	2212	2213	.	.
P26	23	38	2214	2215	/	ADJ
P26	23	39	2216	2223	caching	VERB
P26	23	40	2224	2230	issues	NOUN
P26	23	41	2231	2232	(	.
P26	23	42	2232	2235	i.e	NOUN
P26	23	43	2235	2236	.	.
P26	23	44	2237	2241	bail	NOUN
P26	23	45	2242	2244	in	ADP
P26	23	46	2245	2249	font	ADJ
P26	23	47	2250	2255	faces	VERB
P26	23	48	2256	2261	cache	NOUN
P26	23	49	2262	2265	not	ADV
P26	23	50	2266	2273	working	VERB
P26	23	51	2273	2274	)	.
P26	24	1	2275	2276	1	NUM
P26	24	2	2276	2277	.	.
P26	24	3	2278	2286	Adjusted	VERB
P26	24	4	2287	2290	the	DET
P26	24	5	2291	2296	utils	ADJ
P26	24	6	2297	2302	build	NOUN
P26	24	7	2303	2310	process	NOUN
P26	24	8	2311	2313	to	PRT
P26	24	9	2314	2319	merge	VERB
P26	24	10	2320	2323	all	DET
P26	24	11	2324	2332	existing	VERB
P26	24	12	2333	2338	fonts	NOUN
P26	24	13	2339	2343	with	ADP
P26	24	14	2344	2347	the	DET
P26	24	15	2348	2351	big	ADJ
P26	24	16	2352	2355	CJK	NOUN
P26	24	17	2356	2360	font	NOUN
P26	24	18	2361	2362	(	.
P26	24	19	2362	2366	with	ADP
P26	24	20	2367	2377	normalized	VERB
P26	24	21	2378	2384	glyphs	NOUN
P26	24	22	2384	2385	,	.
P26	24	23	2386	2392	merged	VERB
P26	24	24	2393	2401	licenses	NOUN
P26	24	25	2401	2402	,	.
P26	24	26	2403	2406	etc	X
P26	24	27	2406	2407	.	.
P26	24	28	2407	2408	)	.
P26	24	29	2408	2409	.	.
P26	25	1	2410	2411	1	NUM
P26	25	2	2411	2412	.	.
P26	25	3	2413	2421	Adjusted	VERB
P26	25	4	2422	2425	the	DET
P26	25	5	2426	2431	whole	ADJ
P26	25	6	2432	2439	process	NOUN
P26	25	7	2440	2443	for	ADP
P26	25	8	2444	2447	the	DET
P26	25	9	2448	2449	E	NOUN
P26	25	10	2449	2450	+	NOUN
P26	25	11	2451	2462	server-side	ADJ
P26	25	12	2463	2469	export	NOUN
P26	25	13	2470	2471	(	.
P26	25	14	2471	2480	processed	VERB
P26	25	15	2481	2483	on	ADP
P26	25	16	2484	2487	the	DET
P26	25	17	2488	2492	main	ADJ
P26	25	18	2493	2499	thread	NOUN
P26	25	19	2499	2500	,	.
P26	25	20	2501	2508	fetched	VERB
P26	25	21	2509	2516	dataurl	NOUN
P26	25	22	2516	2517	,	.
P26	25	23	2518	2525	skipped	VERB
P26	25	24	2526	2537	unnecessary	ADJ
P26	25	25	2538	2546	expected	VERB
P26	25	26	2547	2554	logging	NOUN
P26	25	27	2554	2555	,	.
P26	25	28	2556	2559	etc	X
P26	25	29	2559	2560	.	.
P26	25	30	2560	2561	)	.
P26	25	31	2561	2562	.	.
P26	26	1	2563	2564	1	NUM
P26	26	2	2564	2565	.	.
P26	26	3	2566	2576	Introduced	VERB
P26	26	4	2577	2584	initial	ADJ
P26	26	5	2585	2590	infra	NOUN
P26	26	6	2591	2594	for	ADP
P26	26	7	2595	2601	manual	ADJ
P26	26	8	2602	2606	code	NOUN
P26	26	9	2607	2616	splitting	NOUN
P26	26	10	2617	2618	(	.
P26	26	11	2618	2622	lazy	ADJ
P26	26	12	2623	2627	load	NOUN
P26	26	13	2628	2629	*	NOUN
P26	26	14	2629	2630	*	NOUN
P26	26	15	2630	2631	/	NOUN
P26	26	16	2631	2632	*	NOUN
P26	26	17	2632	2633	.	.
P26	26	18	2633	2641	chunk.js	NOUN
P26	26	19	2642	2644	in	ADP
P26	26	20	2645	2646	`	.
P26	26	21	2646	2660	excalidraw-app	ADJ
P26	26	22	2660	2661	`	.
P26	26	23	2661	2662	,	.
P26	26	24	2663	2669	create	VERB
P26	26	25	2670	2678	separate	ADJ
P26	26	26	2679	2685	chunks	NOUN
P26	26	27	2686	2688	in	ADP
P26	26	28	2689	2696	esbuild	NOUN
P26	26	29	2696	2697	)	.
P26	26	30	2697	2698	.	.
P26	27	1	2699	2700	[	ADJ
P26	27	2	2700	2701	…	NOUN
P26	27	3	2701	2702	]	NOUN
P29	1	1	0	5	Merge	NOUN
P29	1	2	6	10	pull	NOUN
P29	1	3	11	18	request	NOUN
P29	1	4	19	24	#2001	NOUN
P29	1	5	25	29	from	ADP
P29	1	6	30	65	mermaid-js/sidv/update-mermaid-deps	NOUN
P29	2	1	67	72	chore	NOUN
P29	2	2	72	73	:	.
P29	2	3	74	80	update	NOUN
P29	2	4	81	88	mermaid	NOUN
P29	2	5	89	97	packages	NOUN
P29	2	6	98	100	to	PRT
P29	2	7	101	107	latest	ADJ
P29	2	8	108	109	&	CONJ
P29	2	9	110	117	isolate	VERB
P29	2	10	118	122	them	PRON
P29	2	11	123	125	in	ADP
P29	2	12	126	134	Renovate	NOUN
P29	3	1	136	137	#	.
P29	3	2	137	138	#	.
P29	3	3	139	146	Summary	NOUN
P29	4	1	148	149	-	.
P29	4	2	150	154	Bump	NOUN
P29	4	3	155	158	all	DET
P29	4	4	159	166	mermaid	VERB
P29	4	5	167	175	packages	NOUN
P29	4	6	176	178	to	PRT
P29	4	7	179	184	their	PRON
P29	4	8	185	191	latest	ADJ
P29	4	9	192	200	versions	NOUN
P29	4	10	200	201	:	.
P29	5	1	204	205	-	.
P29	5	2	206	207	`	.
P29	5	3	207	214	mermaid	NOUN
P29	5	4	214	215	`	.
P29	5	5	216	217	`	.
P29	5	6	217	218	^	ADV
P29	5	7	218	225	11.15.0	NUM
P29	5	8	225	226	`	.
P29	5	9	227	228	→	ADJ
P29	5	10	229	230	`	.
P29	5	11	230	231	^	ADV
P29	5	12	231	238	11.16.0	NUM
P29	5	13	238	239	`	.
P29	6	1	242	243	-	.
P29	6	2	244	245	`	.
P29	6	3	245	265	@mermaid-js/examples	NOUN
P29	6	4	265	266	`	.
P29	6	5	267	268	`	.
P29	6	6	268	269	^	ADV
P29	6	7	269	274	1.2.0	NUM
P29	6	8	274	275	`	.
P29	6	9	276	277	→	ADJ
P29	6	10	278	279	`	.
P29	6	11	279	280	^	ADV
P29	6	12	280	285	1.3.0	NUM
P29	6	13	285	286	`	.
P29	7	1	289	290	-	.
P29	7	2	291	292	`	.
P29	7	3	292	314	@mermaid-js/layout-elk	ADJ
P29	7	4	314	315	`	.
P29	7	5	316	317	`	.
P29	7	6	317	318	^	ADV
P29	7	7	318	323	0.2.1	NUM
P29	7	8	323	324	`	.
P29	7	9	325	326	→	ADJ
P29	7	10	327	328	`	.
P29	7	11	328	329	^	ADV
P29	7	12	329	334	0.2.2	NUM
P29	7	13	334	335	`	.
P29	8	1	338	339	-	.
P29	8	2	340	341	`	.
P29	8	3	341	369	@mermaid-js/layout-tidy-tree	ADJ
P29	8	4	369	370	`	.
P29	8	5	371	372	/	ADJ
P29	8	6	373	374	`	.
P29	8	7	374	400	@mermaid-js/mermaid-zenuml	ADJ
P29	8	8	400	401	`	.
P29	8	9	402	409	already	ADV
P29	8	10	410	412	at	ADP
P29	8	11	413	419	latest	ADJ
P29	9	1	420	421	-	.
P29	9	2	422	428	Update	NOUN
P29	9	3	429	432	the	DET
P29	9	4	433	441	Renovate	NOUN
P29	9	5	442	448	config	NOUN
P29	9	6	449	451	so	ADV
P29	9	7	452	459	mermaid	ADJ
P29	9	8	460	468	releases	NOUN
P29	9	9	469	473	land	VERB
P29	9	10	474	475	*	NOUN
P29	9	11	475	476	*	NOUN
P29	9	12	476	480	fast	ADV
P29	9	13	480	481	,	.
P29	9	14	482	484	in	ADP
P29	9	15	485	488	one	NUM
P29	9	16	489	491	PR	NOUN
P29	9	17	491	492	,	.
P29	9	18	493	500	unmixed	ADJ
P29	9	19	500	501	*	X
P29	9	20	501	502	*	NOUN
P29	9	21	502	503	:	.
P29	10	1	506	507	-	.
P29	10	2	508	511	The	DET
P29	10	3	512	515	old	ADJ
P29	10	4	516	517	`	.
P29	10	5	517	518	^	NOUN
P29	10	6	518	525	mermaid	NOUN
P29	10	7	525	526	`	.
P29	10	8	527	534	pattern	NOUN
P29	10	9	535	539	only	ADV
P29	10	10	540	547	matched	VERB
P29	10	11	548	551	the	DET
P29	10	12	552	556	bare	NOUN
P29	10	13	557	558	`	.
P29	10	14	558	565	mermaid	NOUN
P29	10	15	565	566	`	.
P29	10	16	567	574	package	NOUN
P29	10	17	575	576	—	VERB
P29	10	18	577	580	the	DET
P29	10	19	581	587	scoped	ADJ
P29	10	20	588	589	`	.
P29	10	21	589	600	@mermaid-js	ADJ
P29	10	22	600	601	/	NOUN
P29	10	23	601	602	*	NOUN
P29	10	24	602	603	`	.
P29	10	25	604	612	packages	NOUN
P29	10	26	613	617	were	VERB
P29	10	27	618	625	falling	VERB
P29	10	28	626	630	into	ADP
P29	10	29	631	634	the	DET
P29	10	30	635	636	`	.
P29	10	31	636	641	group	NOUN
P29	10	32	641	642	:	.
P29	10	33	642	653	allNonMajor	ADJ
P29	10	34	653	654	`	.
P29	10	35	655	657	PR	NOUN
P29	10	36	658	661	and	CONJ
P29	10	37	662	669	getting	VERB
P29	10	38	670	675	mixed	ADJ
P29	10	39	676	680	with	ADP
P29	10	40	681	690	unrelated	ADJ
P29	10	41	691	698	updates	NOUN
P29	10	42	698	699	.	.
P29	10	43	700	703	Now	ADV
P29	10	44	704	711	matched	VERB
P29	10	45	712	722	explicitly	ADV
P29	10	46	722	723	.	.
P29	11	1	726	727	-	.
P29	11	2	728	733	Added	VERB
P29	11	3	734	735	`	.
P29	11	4	735	736	""""	ADJ
P29	11	5	736	744	schedule	NOUN
P29	11	6	744	745	""""	NOUN
P29	11	7	745	746	:	.
P29	11	8	747	748	[	ADJ
P29	11	9	748	749	""""	NOUN
P29	11	10	749	751	at	ADP
P29	11	11	752	755	any	DET
P29	11	12	756	760	time	NOUN
P29	11	13	760	761	""""	ADJ
P29	11	14	761	762	]	NOUN
P29	11	15	762	763	`	.
P29	11	16	764	766	so	ADV
P29	11	17	767	770	the	DET
P29	11	18	771	778	mermaid	NOUN
P29	11	19	779	784	group	NOUN
P29	11	20	785	792	ignores	VERB
P29	11	21	793	796	the	DET
P29	11	22	797	806	repo-wide	ADJ
P29	11	23	807	808	`	.
P29	11	24	808	816	schedule	NOUN
P29	11	25	816	817	:	.
P29	11	26	817	829	earlyMondays	NOUN
P29	11	27	829	830	`	.
P29	11	28	831	834	and	CONJ
P29	11	29	835	840	opens	VERB
P29	11	30	841	842	a	DET
P29	11	31	843	845	PR	NOUN
P29	11	32	846	848	as	ADV
P29	11	33	849	853	soon	ADV
P29	11	34	854	856	as	ADP
P29	11	35	857	858	a	DET
P29	11	36	859	866	release	NOUN
P29	11	37	867	869	is	VERB
P29	11	38	870	878	detected	VERB
P29	11	39	878	879	.	.
P29	12	1	882	883	-	.
P29	12	2	884	885	`	.
P29	12	3	885	894	automerge	NOUN
P29	12	4	894	895	:	.
P29	12	5	896	900	true	ADJ
P29	12	6	900	901	`	.
P29	12	7	902	907	keeps	NOUN
P29	12	8	908	919	minor/patch	VERB
P29	12	9	920	925	bumps	NOUN
P29	12	10	926	933	flowing	VERB
P29	12	11	934	947	automatically	ADV
P29	12	12	947	948	.	.
P29	13	1	950	951	#	.
P29	13	2	951	952	#	.
P29	13	3	953	957	Test	NOUN
P29	13	4	958	962	plan	NOUN
P29	14	1	964	965	-	.
P29	14	2	966	967	`	.
P29	14	3	967	971	pnpm	ADV
P29	14	4	972	977	check	VERB
P29	14	5	977	978	`	.
P29	14	6	979	980	→	ADV
P29	14	7	981	982	0	NUM
P29	14	8	983	989	errors	NOUN
P29	14	9	990	991	/	VERB
P29	14	10	992	993	0	NUM
P29	14	11	994	1002	warnings	NOUN
P29	14	12	1003	1004	(	.
P29	14	13	1004	1008	1530	NUM
P29	14	14	1009	1014	files	NOUN
P29	14	15	1014	1015	)	.
P29	15	1	1016	1017	-	.
P29	15	2	1018	1026	Verified	VERB
P29	15	3	1027	1030	the	DET
P29	15	4	1031	1039	lockfile	NOUN
P29	15	5	1040	1044	diff	VERB
P29	15	6	1045	1049	only	ADV
P29	15	7	1050	1057	changes	NOUN
P29	15	8	1058	1065	mermaid	VERB
P29	15	9	1066	1076	specifiers	NOUN
P29	15	10	1076	1077	;	.
P29	15	11	1078	1087	remaining	VERB
P29	15	12	1088	1093	churn	NOUN
P29	15	13	1094	1096	is	VERB
P29	15	14	1097	1101	pnpm	ADJ
P29	15	15	1102	1113	recomputing	VERB
P29	15	16	1114	1129	peer-dependency	NOUN
P29	15	17	1130	1140	resolution	NOUN
P29	15	18	1141	1149	suffixes	NOUN
P29	15	19	1150	1151	(	.
P29	15	20	1151	1153	no	DET
P29	15	21	1154	1159	other	ADJ
P29	15	22	1160	1169	top-level	ADJ
P29	15	23	1170	1173	dep	NOUN
P29	15	24	1174	1181	version	NOUN
P29	15	25	1182	1189	changed	VERB
P29	15	26	1189	1190	)	.
P29	16	1	1191	1192	-	.
P29	16	2	1193	1201	Renovate	NOUN
P29	16	3	1202	1208	config	NOUN
P29	16	4	1209	1218	validated	VERB
P29	16	5	1219	1223	with	ADP
P29	16	6	1224	1225	`	.
P29	16	7	1225	1250	renovate-config-validator	NOUN
P29	16	8	1250	1251	`	.
P29	17	1	1253	1254	🤖	ADV
P29	17	2	1255	1264	Generated	VERB
P29	17	3	1265	1269	with	ADP
P29	17	4	1270	1276	Claude	NOUN
P29	17	5	1277	1281	Code	NOUN
P30	1	1	0	4	feat	NOUN
P30	1	2	4	5	:	.
P30	1	3	6	19	TextToDiagram	NOUN
P30	1	4	20	22	v2	NOUN
P30	1	5	23	24	(	.
P30	1	6	24	30	#10530	NOUN
P30	1	7	30	31	)	.
P30	2	1	32	33	*	ADJ
P30	2	2	34	38	feat	NOUN
P30	2	3	38	39	:	.
P30	2	4	40	51	introducing	ADJ
P30	2	5	52	65	TextToDiagram	NOUN
P30	2	6	66	68	v2	NOUN
P30	2	7	69	76	feature	NOUN
P30	3	1	78	79	*	ADJ
P30	3	2	80	83	fix	NOUN
P30	3	3	83	84	:	.
P30	3	4	85	91	eslint	NOUN
P30	3	5	92	97	issue	NOUN
P30	4	1	99	100	*	ADJ
P30	4	2	101	106	debug	NOUN
P30	4	3	107	114	mermaid	VERB
P30	4	4	115	121	bundle	ADJ
P30	4	5	122	126	size	NOUN
P30	5	1	128	129	*	ADJ
P30	5	2	130	135	tests	NOUN
P30	5	3	135	136	:	.
P30	5	4	137	145	covering	VERB
P30	5	5	146	149	the	DET
P30	5	6	150	155	utils	NOUN
P30	6	1	157	158	*	ADJ
P30	6	2	159	162	fix	NOUN
P30	6	3	162	163	:	.
P30	6	4	164	170	import	NOUN
P30	6	5	171	175	mock	NOUN
P30	6	6	176	182	chunks	NOUN
P30	6	7	183	194	dynamically	ADV
P30	6	8	195	197	to	PRT
P30	6	9	198	204	shrink	VERB
P30	6	10	205	208	the	DET
P30	6	11	209	215	bundle	NOUN
P30	6	12	216	220	size	NOUN
P30	7	1	222	223	*	ADJ
P30	7	2	224	227	fix	NOUN
P30	7	3	227	228	:	.
P30	7	4	229	237	removing	NOUN
P30	7	5	238	244	replay	NOUN
P30	7	6	245	252	feature	NOUN
P30	8	1	254	255	*	ADJ
P30	8	2	256	259	fix	NOUN
P30	8	3	259	260	:	.
P30	8	4	261	269	removing	NOUN
P30	8	5	270	276	unused	ADJ
P30	8	6	277	281	prop	NOUN
P30	9	1	283	284	*	ADJ
P30	9	2	285	288	fix	NOUN
P30	9	3	288	289	:	.
P30	9	4	290	297	bumping	NOUN
P30	9	5	298	305	workbox	NOUN
P30	9	6	306	311	cache	NOUN
P30	9	7	312	317	limit	NOUN
P30	10	1	319	320	*	ADJ
P30	10	2	321	330	snapshots	NOUN
P30	10	3	331	332	+	VERB
P30	10	4	333	342	yarn.lock	NOUN
P30	11	1	344	345	*	ADJ
P30	11	2	346	350	bump	NOUN
P30	11	3	351	374	mermaid-to-excalidraw@2	NOUN
P30	11	4	375	378	and	CONJ
P30	11	5	379	384	split	NOUN
P30	11	6	385	389	into	ADP
P30	11	7	390	393	its	PRON
P30	11	8	394	397	own	ADJ
P30	11	9	398	403	chunk	NOUN
P30	12	1	405	406	*	ADJ
P30	12	2	407	411	bump	NOUN
P30	12	3	412	419	node@20	NOUN
P30	13	1	421	422	*	ADJ
P30	13	2	423	426	css	NOUN
P30	13	3	427	433	tweaks	NOUN
P30	14	1	435	436	*	ADJ
P30	14	2	437	441	move	NOUN
P30	14	3	442	447	files	NOUN
P30	14	4	448	454	around	ADP
P30	14	5	455	456	&	CONJ
P30	14	6	457	464	rewrite	VERB
P30	14	7	465	471	stream	NOUN
P30	14	8	472	477	chunk	NOUN
P30	14	9	478	484	schema	NOUN
P30	15	1	486	487	*	ADJ
P30	15	2	488	494	random	NOUN
P30	15	3	495	501	naming	VERB
P30	15	4	502	503	&	CONJ
P30	15	5	504	508	file	NOUN
P30	15	6	509	518	structure	NOUN
P30	15	7	519	527	refactor	NOUN
P30	15	8	528	529	+	VERB
P30	15	9	530	534	some	DET
P30	15	10	535	541	tweaks	NOUN
P30	16	1	543	544	*	ADJ
P30	16	2	545	548	fix	NOUN
P30	16	3	549	556	preview	NOUN
P30	16	4	557	562	theme	NOUN
P30	17	1	564	565	*	ADJ
P30	17	2	566	573	support	NOUN
P30	17	3	574	580	custom	NOUN
P30	17	4	581	588	warning	VERB
P30	17	5	589	597	renderer	NOUN
P30	18	1	599	600	*	ADJ
P30	18	2	601	606	label	NOUN
P30	18	3	607	610	and	CONJ
P30	18	4	611	614	css	NOUN
P30	18	5	615	618	fix	NOUN
P30	19	1	620	621	*	ADJ
P30	19	2	622	625	fix	NOUN
P30	19	3	626	629	and	CONJ
P30	19	4	630	636	rwrite	VERB
P30	19	5	637	640	429	NUM
P30	19	6	641	649	handling	VERB
P30	20	1	651	652	*	ADJ
P30	20	2	653	656	fix	NOUN
P30	20	3	657	662	label	NOUN
P30	21	1	664	665	-	.
P30	21	2	665	666	-	.
P30	21	3	666	667	-	.
P30	21	4	667	668	-	.
P30	21	5	668	669	-	.
P30	21	6	669	670	-	.
P30	21	7	670	671	-	.
P30	21	8	671	672	-	.
P30	21	9	672	673	-	.
P30	22	1	675	689	Co-authored-by	NOUN
P30	22	2	689	690	:	.
P30	22	3	691	697	dwelle	NOUN
P30	22	4	698	699	<	VERB
P30	22	5	699	706	5153846	NUM
P30	22	6	706	707	+	NOUN
P30	22	7	707	738	dwelle@users.noreply.github.com	NOUN
P30	22	8	738	739	>	NOUN
P30	23	1	741	745	feat	NOUN
P30	23	2	745	746	:	.
P30	23	3	747	760	TextToDiagram	NOUN
P30	23	4	761	763	v2	NOUN
P32	1	1	0	5	Merge	NOUN
P32	1	2	6	10	pull	NOUN
P32	1	3	11	18	request	NOUN
P32	1	4	19	24	#1726	NOUN
P32	1	5	25	29	from	ADP
P32	1	6	30	58	mermaid-js/sidv/hideAIRepair	NOUN
P32	2	1	60	63	fix	NOUN
P32	2	2	63	64	:	.
P32	2	3	65	69	Hide	NOUN
P32	2	4	70	72	AI	NOUN
P32	2	5	73	79	Repair	NOUN
P32	2	6	80	86	button	NOUN
P32	2	7	87	89	in	ADP
P32	2	8	90	96	config	NOUN
P32	2	9	97	100	tab	NOUN
P32	3	1	102	103	#	.
P32	3	2	103	104	#	.
P32	3	3	105	106	:	.
P32	3	4	106	119	bookmark_tabs	NOUN
P32	3	5	119	120	:	.
P32	3	6	121	128	Summary	ADJ
P32	4	1	130	135	Hides	VERB
P32	4	2	136	139	the	DET
P32	4	3	140	146	repair	NOUN
P32	4	4	147	153	button	NOUN
P32	4	5	154	156	if	ADP
P32	4	6	157	164	there's	X
P32	4	7	165	166	a	DET
P32	4	8	167	174	parsing	VERB
P32	4	9	175	180	error	NOUN
P32	4	10	181	183	in	ADP
P32	4	11	184	187	the	DET
P32	4	12	188	189	*	NOUN
P32	4	13	189	195	Config	NOUN
P32	4	14	195	196	*	NOUN
P32	4	15	197	200	tab	NOUN
P32	4	16	201	203	as	ADP
P32	4	17	204	206	it	PRON
P32	4	18	207	212	won't	VERB
P32	4	19	213	217	help	NOUN
P32	4	20	217	218	.	.
P32	5	1	220	228	Resolves	NOUN
P32	5	2	229	230	#	.
P32	5	3	230	231	<	VERB
P32	5	4	231	235	your	PRON
P32	5	5	236	241	issue	NOUN
P32	5	6	242	244	id	NOUN
P32	5	7	245	249	here	ADV
P32	5	8	249	250	>	VERB
P32	6	1	252	253	#	.
P32	6	2	253	254	#	.
P32	6	3	255	256	:	.
P32	6	4	256	270	straight_ruler	NOUN
P32	6	5	270	271	:	.
P32	6	6	272	278	Design	NOUN
P32	6	7	279	288	Decisions	NOUN
P32	7	1	290	298	Describe	NOUN
P32	7	2	299	302	the	DET
P32	7	3	303	306	way	NOUN
P32	7	4	307	311	your	PRON
P32	7	5	312	326	implementation	NOUN
P32	7	6	327	332	works	VERB
P32	7	7	333	335	or	CONJ
P32	7	8	336	340	what	PRON
P32	7	9	341	347	design	NOUN
P32	7	10	348	357	decisions	NOUN
P32	7	11	358	361	you	PRON
P32	7	12	362	366	made	VERB
P32	7	13	367	369	if	ADP
P32	7	14	370	380	applicable	ADJ
P32	7	15	380	381	:	.
P32	8	1	383	384	#	.
P32	8	2	384	385	#	.
P32	8	3	385	386	#	.
P32	8	4	387	388	:	.
P32	8	5	388	397	clipboard	NOUN
P32	8	6	397	398	:	.
P32	8	7	399	404	Tasks	NOUN
P32	9	1	406	410	Make	NOUN
P32	9	2	411	415	sure	NOUN
P32	9	3	416	419	you	PRON
P32	10	1	421	422	-	.
P32	10	2	423	424	[	NOUN
P32	10	3	424	425	x	ADJ
P32	10	4	425	426	]	NOUN
P32	10	5	427	428	:	.
P32	10	6	428	432	book	NOUN
P32	10	7	432	433	:	.
P32	10	8	434	438	have	VERB
P32	10	9	439	443	read	VERB
P32	10	10	444	447	the	DET
P32	10	11	448	460	contribution	NOUN
P32	10	12	461	471	guidelines	NOUN
P32	11	1	472	473	-	.
P32	11	2	474	475	[	NOUN
P32	11	3	475	476	x	ADJ
P32	11	4	476	477	]	NOUN
P32	11	5	478	479	:	.
P32	11	6	479	487	computer	NOUN
P32	11	7	487	488	:	.
P32	11	8	489	493	have	VERB
P32	11	9	494	499	added	VERB
P32	11	10	500	508	unit/e2e	ADJ
P32	11	11	509	514	tests	NOUN
P32	11	12	515	516	(	.
P32	11	13	516	518	if	ADP
P32	11	14	519	530	appropriate	NOUN
P32	11	15	530	531	)	.
P32	12	1	532	533	-	.
P32	12	2	534	535	[	NOUN
P32	12	3	535	536	x	ADJ
P32	12	4	536	537	]	NOUN
P32	12	5	538	539	:	.
P32	12	6	539	547	bookmark	NOUN
P32	12	7	547	548	:	.
P32	12	8	549	557	targeted	VERB
P32	12	9	558	559	`	.
P32	12	10	559	566	develop	VERB
P32	12	11	566	567	`	.
P32	12	12	568	574	branch	NOUN
P34	1	1	0	3	fix	NOUN
P34	1	2	3	4	:	.
P34	1	3	5	10	Comic	ADJ
P34	1	4	11	17	Shanns	NOUN
P34	1	5	18	24	issues	NOUN
P34	1	6	24	25	,	.
P34	1	7	26	29	new	ADJ
P34	1	8	30	35	fonts	NOUN
P34	1	9	36	45	structure	NOUN
P34	1	10	46	47	(	.
P34	1	11	47	52	#8641	NOUN
P34	1	12	52	53	)	.
P34	2	1	55	58	fix	NOUN
P34	2	2	58	59	:	.
P34	2	3	60	65	Comic	ADJ
P34	2	4	66	72	Shanns	NOUN
P34	2	5	73	79	issues	NOUN
P34	2	6	79	80	,	.
P34	2	7	81	84	new	ADJ
P34	2	8	85	90	fonts	NOUN
P34	2	9	91	100	structure	NOUN
P34	3	1	102	107	Fixes	NOUN
P34	3	2	108	113	https	NOUN
P34	3	3	113	114	:	.
P34	3	4	114	115	/	ADJ
P34	3	5	115	116	/	NOUN
P34	3	6	116	160	github.com/excalidraw/excalidraw/issues/8327	NOUN
P34	4	1	162	169	Adopted	VERB
P34	4	2	170	175	https	NOUN
P34	4	3	175	176	:	.
P34	4	4	176	177	/	ADJ
P34	4	5	177	178	/	ADJ
P34	4	6	178	215	github.com/jesusmgg/comic-shanns-mono	NOUN
P34	4	7	216	220	with	ADP
P34	4	8	221	224	few	ADJ
P34	4	9	225	238	modifications	NOUN
P34	4	10	238	239	:	.
P34	5	1	240	241	-	.
P34	5	2	242	249	cleared	VERB
P34	5	3	250	261	unnecessary	ADJ
P34	5	4	262	272	characters	NOUN
P34	5	5	273	276	for	ADP
P34	5	6	277	280	box	NOUN
P34	5	7	281	289	drawings	NOUN
P34	5	8	290	293	and	CONJ
P34	5	9	294	301	braille	NOUN
P34	6	1	302	303	-	.
P34	6	2	304	309	added	VERB
P34	6	3	310	316	polish	ADJ
P34	6	4	317	318	Ł	NOUN
P34	6	5	319	320	&	CONJ
P34	6	6	321	322	ł	NOUN
P34	6	7	323	327	from	ADP
P34	6	8	328	333	https	NOUN
P34	6	9	333	334	:	.
P34	6	10	334	335	/	ADJ
P34	6	11	335	336	/	NUM
P34	6	12	336	379	github.com/kaBeech/serious-shanns/tree/main	NOUN
P34	7	1	380	381	-	.
P34	7	2	382	391	corrected	VERB
P34	7	3	392	393	`	.
P34	7	4	393	398	tumed	ADJ
P34	7	5	399	407	question	NOUN
P34	7	6	408	412	mark	NOUN
P34	7	7	412	413	`	.
P34	7	8	414	419	glyph	NOUN
P34	8	1	421	425	Also	ADV
P34	8	2	426	430	done	VERB
P34	8	3	430	431	:	.
P34	9	1	432	433	-	.
P34	9	2	434	441	unified	VERB
P34	9	3	442	446	prod	ADJ
P34	9	4	447	451	font	ADJ
P34	9	5	452	457	paths	NOUN
P34	9	6	458	464	across	ADP
P34	9	7	465	466	`	.
P34	9	8	466	480	excalidraw-app	ADJ
P34	9	9	480	481	`	.
P34	9	10	481	482	,	.
P34	9	11	483	486	OSS	NOUN
P34	9	12	487	494	package	NOUN
P34	9	13	495	496	(	.
P34	9	14	496	500	host	NOUN
P34	9	15	501	505	apps	NOUN
P34	9	16	505	506	,	.
P34	9	17	507	515	examples	NOUN
P34	9	18	515	516	,	.
P34	9	19	517	518	E	NOUN
P34	9	20	518	519	+	NOUN
P34	9	21	519	520	)	.
P34	9	22	520	521	,	.
P34	9	23	522	525	and	CONJ
P34	9	24	526	529	CDN	NOUN
P34	9	25	530	534	into	ADP
P34	9	26	535	536	`	.
P34	9	27	536	541	fonts	NOUN
P34	9	28	541	542	/	VERB
P34	9	29	542	543	[	NOUN
P34	9	30	543	557	FontFamilyName	NOUN
P34	9	31	557	558	]	NOUN
P34	9	32	558	559	/	NOUN
P34	9	33	559	560	[	NOUN
P34	9	34	560	574	FontFamilyName	NOUN
P34	9	35	574	575	]	NOUN
P34	9	36	575	576	-	.
P34	9	37	576	577	*	NOUN
P34	9	38	577	578	.	.
P34	9	39	578	583	woff2	NOUN
P34	9	40	583	584	`	.
P34	10	1	587	588	-	.
P34	10	2	589	597	grouping	NOUN
P34	10	3	598	602	into	ADP
P34	10	4	603	613	subfolders	NOUN
P34	10	5	614	617	per	ADP
P34	10	6	618	622	font	ADJ
P34	10	7	623	629	family	NOUN
P34	10	8	630	631	✅	NOUN
P34	11	1	634	635	-	.
P34	11	2	636	647	unification	NOUN
P34	11	3	648	650	of	ADP
P34	11	4	651	652	`	.
P34	11	5	652	673	EXCALIDRAW_ASSET_PATH	NOUN
P34	11	6	673	674	`	.
P34	11	7	675	678	for	ADP
P34	11	8	679	682	OSS	NOUN
P34	11	9	683	686	and	CONJ
P34	11	10	687	688	E	NOUN
P34	11	11	688	689	+	NOUN
P34	11	12	690	691	✅	NOUN
P34	11	13	692	693	(	.
P34	11	14	693	700	instead	ADV
P34	11	15	701	703	of	ADP
P34	11	16	704	707	one	NUM
P34	11	17	708	715	relying	VERB
P34	11	18	716	718	on	ADP
P34	11	19	719	720	""""	NOUN
P34	11	20	720	721	/	NOUN
P34	11	21	721	722	""""	NOUN
P34	11	22	723	728	while	ADP
P34	11	23	729	732	the	DET
P34	11	24	733	738	other	ADJ
P34	11	25	739	741	on	ADP
P34	11	26	742	743	""""	ADJ
P34	11	27	743	744	/	ADJ
P34	11	28	744	749	fonts	NOUN
P34	11	29	749	750	/	VERB
P34	11	30	750	751	""""	NOUN
P34	11	31	751	752	)	.
P34	12	1	755	756	-	.
P34	12	2	757	764	unified	NOUN
P34	12	3	765	768	and	CONJ
P34	12	4	769	778	organized	VERB
P34	12	5	779	780	`	.
P34	12	6	780	800	excalidraw-app/build	ADJ
P34	12	7	800	801	`	.
P34	12	8	802	803	&	CONJ
P34	12	9	804	805	`	.
P34	12	10	805	825	excalidraw/dist/prod	NOUN
P34	12	11	825	826	/	NOUN
P34	12	12	826	827	`	.
P34	12	13	828	832	into	ADP
P34	12	14	833	834	`	.
P34	12	15	834	839	fonts	NOUN
P34	12	16	839	840	/	VERB
P34	12	17	840	841	`	.
P34	12	18	842	848	folder	VERB
P34	12	19	849	850	✅	NOUN
P34	12	20	851	852	(	.
P34	12	21	852	859	instead	ADV
P34	12	22	860	862	of	ADP
P34	12	23	863	869	having	VERB
P34	12	24	870	873	all	DET
P34	12	25	874	876	on	ADP
P34	12	26	877	881	root	NOUN
P34	12	27	881	882	)	.
P34	13	1	887	888	[	ADJ
P34	13	2	888	899	изображение	NOUN
P34	13	3	899	900	]	NOUN
P34	14	1	903	904	-	.
P34	14	2	905	909	host	NOUN
P34	14	3	910	914	apps	NOUN
P34	14	4	915	918	can	VERB
P34	14	5	919	923	just	ADV
P34	14	6	924	928	copy	VERB
P34	14	7	929	932	the	DET
P34	14	8	933	938	whole	ADJ
P34	14	9	939	940	""""	NOUN
P34	14	10	940	945	fonts	NOUN
P34	14	11	945	946	""""	ADJ
P34	14	12	947	953	folder	VERB
P34	14	13	954	961	instead	ADV
P34	14	14	962	964	of	ADP
P34	14	15	965	968	all	DET
P34	14	16	969	972	the	DET
P34	14	17	973	978	woff2	NOUN
P34	14	18	979	984	files	VERB
P34	14	19	985	986	✅	NOUN
P34	15	1	987	988	-	.
P34	15	2	989	994	split	NOUN
P34	15	3	995	998	all	DET
P34	15	4	999	1013	non-deprecated	ADJ
P34	15	5	1014	1019	fonts	NOUN
P34	15	6	1020	1024	into	ADP
P34	15	7	1025	1033	multiple	ADJ
P34	15	8	1034	1040	chunks	NOUN
P34	15	9	1041	1042	(	.
P34	15	10	1042	1045	atm	ADP
P34	15	11	1046	1050	only	ADV
P34	15	12	1051	1061	Excalifont	NOUN
P34	15	13	1062	1065	and	CONJ
P34	15	14	1066	1071	Comic	NOUN
P34	15	15	1072	1078	Shanns	NOUN
P34	15	16	1079	1083	left	VERB
P34	15	17	1083	1084	)	.
P34	15	18	1085	1088	and	CONJ
P34	15	19	1089	1096	related	VERB
P34	15	20	1096	1097	:	.
P34	16	1	1100	1101	-	.
P34	16	2	1102	1109	stopped	VERB
P34	16	3	1110	1116	adding	VERB
P34	16	4	1117	1121	vite	ADJ
P34	16	5	1122	1123	`	.
P34	16	6	1123	1124	-	.
P34	16	7	1124	1125	[	NOUN
P34	16	8	1125	1129	hash	NOUN
P34	16	9	1129	1130	]	NOUN
P34	16	10	1130	1131	`	.
P34	16	11	1132	1138	suffix	NOUN
P34	16	12	1139	1141	to	PRT
P34	16	13	1142	1147	fonts	NOUN
P34	16	14	1148	1150	on	ADP
P34	16	15	1151	1152	`	.
P34	16	16	1152	1166	excalidraw-app	ADJ
P34	16	17	1166	1167	`	.
P34	16	18	1168	1173	build	NOUN
P34	16	19	1174	1175	(	.
P34	16	20	1175	1177	we	PRON
P34	16	21	1178	1182	have	VERB
P34	16	22	1183	1189	hashes	NOUN
P34	16	23	1190	1196	thanks	NOUN
P34	16	24	1197	1199	to	PRT
P34	16	25	1200	1203	the	DET
P34	16	26	1204	1209	split	NOUN
P34	16	27	1209	1210	)	.
P34	17	1	1213	1214	-	.
P34	17	2	1215	1224	optimized	VERB
P34	17	3	1225	1230	fetch	NOUN
P34	17	4	1231	1237	during	ADP
P34	17	5	1238	1244	export	NOUN
P34	17	6	1245	1247	to	PRT
P34	17	7	1248	1253	force	VERB
P34	17	8	1254	1259	cache	NOUN
P34	18	1	1260	1261	-	.
P34	18	2	1262	1269	stopped	VERB
P34	18	3	1270	1280	preloading	VERB
P34	18	4	1281	1287	Virgil	NOUN
P34	18	5	1287	1288	,	.
P34	18	6	1289	1291	as	ADP
P34	18	7	1292	1294	at	ADP
P34	18	8	1295	1299	this	DET
P34	18	9	1300	1305	point	NOUN
P34	18	10	1306	1310	it's	NOUN
P34	18	11	1311	1322	unnecessary	ADJ
P34	18	12	1323	1326	for	ADP
P34	18	13	1327	1330	new	ADJ
P34	18	14	1331	1337	scenes	NOUN
P34	18	15	1337	1338	,	.
P34	18	16	1339	1344	while	ADP
P34	18	17	1345	1348	old	ADJ
P34	18	18	1349	1355	scenes	NOUN
P34	18	19	1356	1360	will	VERB
P34	18	20	1361	1367	mostly	ADV
P34	18	21	1368	1371	get	VERB
P34	18	22	1372	1374	it	PRON
P34	18	23	1375	1379	from	ADP
P34	18	24	1380	1383	the	DET
P34	18	25	1384	1389	cache	NOUN
P34	18	26	1390	1392	or	CONJ
P34	18	27	1393	1397	just	ADV
P34	18	28	1398	1403	fetch	VERB
P34	18	29	1404	1406	it	PRON
P34	18	30	1407	1409	on	ADP
P34	18	31	1410	1414	init	NOUN
P34	18	32	1415	1417	if	ADP
P34	18	33	1418	1424	needed	VERB
P34	19	1	1426	1431	Fixes	NOUN
P34	19	2	1431	1432	:	.
P34	20	1	1433	1434	-	.
P34	20	2	1435	1440	#8677	NOUN
P34	21	1	1441	1442	-	.
P34	21	2	1443	1448	#8678	NOUN
P34	22	1	1451	1455	Todo	NOUN
P34	22	2	1455	1456	:	.
P34	23	1	1457	1458	-	.
P34	23	2	1459	1460	[	NOUN
P34	23	3	1461	1462	]	NOUN
P34	23	4	1463	1469	Update	NOUN
P34	23	5	1470	1473	new	ADJ
P34	23	6	1474	1478	font	NOUN
P34	23	7	1479	1488	structure	NOUN
P34	23	8	1489	1491	to	PRT
P34	23	9	1492	1495	the	DET
P34	23	10	1496	1498	DO	NOUN
P34	23	11	1499	1506	@dwelle	VERB
P38	1	1	0	5	Merge	NOUN
P38	1	2	6	10	pull	NOUN
P38	1	3	11	18	request	NOUN
P38	1	4	19	24	#1719	NOUN
P38	1	5	25	29	from	ADP
P38	1	6	30	65	mermaid-js/renovate/all-minor-patch	NOUN
P38	2	1	67	72	chore	NOUN
P38	2	2	72	73	(	.
P38	2	3	73	77	deps	NOUN
P38	2	4	77	78	)	.
P38	2	5	78	79	:	.
P38	2	6	80	86	update	ADJ
P38	2	7	87	90	all	DET
P38	2	8	91	100	non-major	ADJ
P38	2	9	101	113	dependencies	NOUN
P38	2	10	114	116	to	PRT
P38	2	11	117	125	v10.34.1	VERB
P38	3	1	127	128	>	ADJ
P38	3	2	129	130	ℹ	NOUN
P38	3	3	130	131	️	NOUN
P38	3	4	132	133	*	NOUN
P38	3	5	133	134	*	NOUN
P38	3	6	134	138	Note	NOUN
P38	3	7	138	139	*	NOUN
P38	3	8	139	140	*	NOUN
P38	4	1	141	142	>	NOUN
P38	5	1	144	145	>	NOUN
P38	5	2	146	150	This	DET
P38	5	3	151	153	PR	NOUN
P38	5	4	154	158	body	NOUN
P38	5	5	159	162	was	VERB
P38	5	6	163	172	truncated	VERB
P38	5	7	173	176	due	ADJ
P38	5	8	177	179	to	PRT
P38	5	9	180	188	platform	VERB
P38	5	10	189	195	limits	NOUN
P38	5	11	195	196	.	.
P38	6	1	198	202	This	DET
P38	6	2	203	205	PR	NOUN
P38	6	3	206	214	contains	VERB
P38	6	4	215	218	the	DET
P38	6	5	219	228	following	ADJ
P38	6	6	229	236	updates	NOUN
P38	6	7	236	237	:	.
P38	7	1	239	240	|	ADJ
P38	7	2	241	248	Package	NOUN
P38	7	3	249	250	|	NOUN
P38	7	4	251	257	Change	NOUN
P38	7	5	258	259	|	NOUN
P38	7	6	260	263	Age	NOUN
P38	7	7	264	265	|	NOUN
P38	7	8	266	276	Confidence	NOUN
P38	7	9	277	278	|	NOUN
P38	8	1	279	280	|	X
P38	8	2	280	281	-	.
P38	8	3	281	282	-	.
P38	8	4	282	283	-	.
P38	8	5	283	284	|	X
P38	8	6	284	285	-	.
P38	8	7	285	286	-	.
P38	8	8	286	287	-	.
P38	8	9	287	288	|	X
P38	8	10	288	289	-	.
P38	8	11	289	290	-	.
P38	8	12	290	291	-	.
P38	8	13	291	292	|	X
P38	8	14	292	293	-	.
P38	8	15	293	294	-	.
P38	8	16	294	295	-	.
P38	8	17	295	296	|	NOUN
P38	9	1	297	298	|	NOUN
P38	9	2	299	303	pnpm	NOUN
P38	9	3	304	305	(	.
P38	9	4	305	311	source	NOUN
P38	9	5	311	312	)	.
P38	9	6	313	314	|	NOUN
P38	9	7	315	316	`	.
P38	9	8	316	323	10.10.0	NUM
P38	9	9	323	324	+	NOUN
P38	9	10	324	459	sha512.d615db246fe70f25dcfea6d8d73dee782ce23e2245e3c4f6f888249fb568149318637dca73c2c5c8ef2a4ca0d5657fb9567188bfab47f566d1ee6ce987815c39	NOUN
P38	9	11	459	460	`	.
P38	9	12	461	462	→	ADJ
P38	9	13	463	464	`	.
P38	9	14	464	471	10.34.1	NUM
P38	9	15	471	472	`	.
P38	9	16	473	474	|	ADJ
P38	9	17	475	476	[	NOUN
P38	9	18	476	487	изображение	NOUN
P38	9	19	487	488	]	NOUN
P38	9	20	489	490	|	NOUN
P38	9	21	491	492	[	NOUN
P38	9	22	492	503	изображение	NOUN
P38	9	23	503	504	]	NOUN
P38	9	24	505	506	|	NOUN
P38	10	1	508	509	-	.
P38	10	2	509	510	-	.
P38	10	3	510	511	-	.
P38	11	1	513	514	#	.
P38	11	2	514	515	#	.
P38	11	3	515	516	#	.
P38	11	4	517	524	Release	NOUN
P38	11	5	525	530	Notes	NOUN
P38	12	1	532	541	pnpm/pnpm	NOUN
P38	12	2	542	543	(	.
P38	12	3	543	547	pnpm	NOUN
P38	12	4	547	548	)	.
P38	13	1	550	551	#	.
P38	13	2	551	552	#	.
P38	13	3	552	553	#	.
P38	13	4	554	555	`	.
P38	13	5	555	563	v10.34.1	ADJ
P38	13	6	563	564	`	.
P38	13	7	564	565	:	.
P38	13	8	566	570	pnpm	NOUN
P38	13	9	571	578	10.34.1	NUM
P38	14	1	580	587	Compare	NOUN
P38	14	2	588	594	Source	NOUN
P38	15	1	596	597	#	.
P38	15	2	597	598	#	.
P38	15	3	598	599	#	.
P38	15	4	599	600	#	.
P38	15	5	601	606	Patch	NOUN
P38	15	6	607	614	Changes	NOUN
P38	16	1	616	617	-	.
P38	16	2	618	624	Reject	NOUN
P38	16	3	625	626	`	.
P38	16	4	626	640	pnpm-lock.yaml	ADJ
P38	16	5	640	641	`	.
P38	16	6	642	649	entries	NOUN
P38	16	7	650	655	whose	PRON
P38	16	8	656	662	remote	VERB
P38	16	9	663	670	tarball	NOUN
P38	16	10	671	672	`	.
P38	16	11	672	682	resolution	NOUN
P38	16	12	682	683	:	.
P38	16	13	683	684	`	.
P38	16	14	685	690	block	NOUN
P38	16	15	691	693	is	VERB
P38	16	16	694	701	missing	VERB
P38	16	17	702	705	the	DET
P38	16	18	706	707	`	.
P38	16	19	707	716	integrity	NOUN
P38	16	20	716	717	`	.
P38	16	21	718	723	field	NOUN
P38	16	22	723	724	.	.
P38	16	23	725	735	Previously	ADV
P38	16	24	736	739	the	DET
P38	16	25	740	746	worker	NOUN
P38	16	26	747	751	that	DET
P38	16	27	752	760	extracts	VERB
P38	16	28	761	762	a	DET
P38	16	29	763	773	downloaded	ADJ
P38	16	30	774	781	tarball	NOUN
P38	16	31	782	789	skipped	VERB
P38	16	32	790	794	hash	ADJ
P38	16	33	795	807	verification	NOUN
P38	16	34	808	812	when	ADV
P38	16	35	813	815	no	DET
P38	16	36	816	825	integrity	NOUN
P38	16	37	826	829	was	VERB
P38	16	38	830	838	supplied	VERB
P38	16	39	839	842	and	CONJ
P38	16	40	843	849	minted	VERB
P38	16	41	850	851	a	DET
P38	16	42	852	857	fresh	ADJ
P38	16	43	858	861	one	NUM
P38	16	44	862	866	from	ADP
P38	16	45	867	870	the	DET
P38	16	46	871	881	unverified	ADJ
P38	16	47	882	887	bytes	NOUN
P38	16	48	887	888	,	.
P38	16	49	889	891	so	ADP
P38	16	50	892	894	an	DET
P38	16	51	895	903	attacker	NOUN
P38	16	52	904	907	who	PRON
P38	16	53	908	913	could	VERB
P38	16	54	914	918	both	DET
P38	16	55	919	924	alter	VERB
P38	16	56	925	928	the	DET
P38	16	57	929	937	lockfile	NOUN
P38	16	58	938	939	(	.
P38	16	59	939	942	e.g	ADJ
P38	16	60	942	943	.	.
P38	16	61	944	947	via	ADP
P38	16	62	948	949	a	DET
P38	16	63	950	954	pull	ADJ
P38	16	64	955	962	request	NOUN
P38	16	65	963	967	that	ADP
P38	16	66	968	974	strips	VERB
P38	16	67	975	976	`	.
P38	16	68	976	985	integrity	NOUN
P38	16	69	985	986	:	.
P38	16	70	986	987	`	.
P38	16	71	987	988	)	.
P38	16	72	989	992	and	CONJ
P38	16	73	993	998	serve	VERB
P38	16	74	999	1007	modified	VERB
P38	16	75	1008	1015	content	NOUN
P38	16	76	1016	1018	at	ADP
P38	16	77	1019	1022	the	DET
P38	16	78	1023	1033	referenced	ADJ
P38	16	79	1034	1041	tarball	NOUN
P38	16	80	1042	1045	URL	NOUN
P38	16	81	1046	1051	could	VERB
P38	16	82	1052	1059	install	VERB
P38	16	83	1060	1061	a	DET
P38	16	84	1062	1070	tampered	ADJ
P38	16	85	1071	1078	package	NOUN
P38	16	86	1079	1086	without	ADP
P38	16	87	1087	1090	any	DET
P38	16	88	1091	1096	error	NOUN
P38	16	89	1097	1098	—	ADP
P38	16	90	1099	1108	including	VERB
P38	16	91	1109	1114	under	ADP
P38	16	92	1115	1116	`	.
P38	16	93	1116	1117	-	.
P38	16	94	1117	1118	-	.
P38	16	95	1118	1133	frozen-lockfile	ADJ
P38	16	96	1133	1134	`	.
P38	16	97	1134	1135	.	.
P38	16	98	1136	1140	pnpm	NOUN
P38	16	99	1141	1144	now	ADV
P38	16	100	1145	1150	fails	VERB
P38	16	101	1151	1157	closed	VERB
P38	16	102	1158	1160	at	ADP
P38	16	103	1161	1174	lockfile-read	ADJ
P38	16	104	1175	1179	time	NOUN
P38	16	105	1180	1184	with	ADP
P38	16	106	1185	1186	`	.
P38	16	107	1186	1220	ERR_PNPM_MISSING_TARBALL_INTEGRITY	ADJ
P38	16	108	1220	1221	`	.
P38	16	109	1221	1222	.	.
P38	16	110	1223	1233	Git-hosted	ADJ
P38	16	111	1234	1242	tarballs	NOUN
P38	16	112	1243	1244	(	.
P38	16	113	1244	1245	`	.
P38	16	114	1245	1254	gitHosted	VERB
P38	16	115	1254	1255	:	.
P38	16	116	1256	1260	true	ADJ
P38	16	117	1260	1261	`	.
P38	16	118	1262	1264	or	CONJ
P38	16	119	1265	1266	a	DET
P38	16	120	1267	1270	URL	NOUN
P38	16	121	1271	1273	on	ADP
P38	16	122	1274	1293	codeload.github.com	NOUN
P38	16	123	1294	1295	/	NOUN
P38	16	124	1296	1309	bitbucket.org	NOUN
P38	16	125	1310	1311	/	NOUN
P38	16	126	1312	1322	gitlab.com	NOUN
P38	16	127	1322	1323	)	.
P38	16	128	1324	1327	and	CONJ
P38	16	129	1328	1329	`	.
P38	16	130	1329	1333	file	NOUN
P38	16	131	1333	1334	:	.
P38	16	132	1334	1335	`	.
P38	16	133	1336	1344	tarballs	NOUN
P38	16	134	1345	1348	are	VERB
P38	16	135	1349	1355	exempt	ADJ
P38	16	136	1356	1357	—	ADP
P38	16	137	1358	1361	the	DET
P38	16	138	1362	1368	commit	NOUN
P38	16	139	1369	1372	SHA	NOUN
P38	16	140	1373	1375	in	ADP
P38	16	141	1376	1377	a	DET
P38	16	142	1378	1386	git-host	ADJ
P38	16	143	1387	1390	URL	NOUN
P38	16	144	1391	1394	and	CONJ
P38	16	145	1395	1398	the	DET
P38	16	146	1399	1414	user-controlled	ADJ
P38	16	147	1415	1420	local	ADJ
P38	16	148	1421	1425	path	NOUN
P38	16	149	1426	1433	already	ADV
P38	16	150	1434	1440	anchor	VERB
P38	16	151	1441	1444	the	DET
P38	16	152	1445	1450	bytes	NOUN
P38	16	153	1450	1451	.	.
P38	17	1	1453	1454	#	.
P38	17	2	1454	1455	#	.
P38	17	3	1455	1456	#	.
P38	17	4	1456	1457	#	.
P38	17	5	1458	1466	Platinum	NOUN
P38	17	6	1467	1475	Sponsors	NOUN
P38	18	1	1477	1478	<	NOUN
P38	18	2	1478	1483	table	NOUN
P38	18	3	1483	1484	>	NOUN
P38	19	1	1487	1488	<	NOUN
P38	19	2	1488	1493	tbody	NOUN
P38	19	3	1493	1494	>	NOUN
P38	20	1	1499	1500	<	ADJ
P38	20	2	1500	1502	tr	NOUN
P38	20	3	1502	1503	>	NOUN
P38	21	1	1510	1511	<	ADJ
P38	21	2	1511	1513	td	NOUN
P38	21	3	1514	1519	align	NOUN
P38	21	4	1519	1520	=	NOUN
P38	21	5	1520	1521	""""	NOUN
P38	21	6	1521	1527	center	NOUN
P38	21	7	1527	1528	""""	NOUN
P38	21	8	1529	1535	valign	NOUN
P38	21	9	1535	1536	=	NOUN
P38	21	10	1536	1537	""""	NOUN
P38	21	11	1537	1543	middle	NOUN
P38	21	12	1543	1544	""""	NOUN
P38	21	13	1544	1545	>	NOUN
P38	22	1	1554	1555	[	ADJ
P38	22	2	1555	1566	изображение	NOUN
P38	22	3	1566	1567	]	NOUN
P38	23	1	1574	1575	<	ADJ
P38	23	2	1575	1576	/	NOUN
P38	23	3	1576	1578	td	NOUN
P38	23	4	1578	1579	>	NOUN
P38	24	1	1584	1585	<	ADJ
P38	24	2	1585	1586	/	NOUN
P38	24	3	1586	1588	tr	NOUN
P38	24	4	1588	1589	>	NOUN
P38	25	1	1592	1593	<	ADJ
P38	25	2	1593	1594	/	NOUN
P38	25	3	1594	1599	tbody	NOUN
P38	25	4	1599	1600	>	NOUN
P38	26	1	1601	1602	<	ADJ
P38	26	2	1602	1603	/	NOUN
P38	26	3	1603	1608	table	NOUN
P38	26	4	1608	1609	>	NOUN
P38	27	1	1611	1612	#	.
P38	27	2	1612	1613	#	.
P38	27	3	1613	1614	#	.
P38	27	4	1614	1615	#	.
P38	27	5	1616	1620	Gold	NOUN
P38	27	6	1621	1629	Sponsors	NOUN
P38	28	1	1631	1632	<	NOUN
P38	28	2	1632	1637	table	NOUN
P38	28	3	1637	1638	>	NOUN
P38	29	1	1641	1642	<	NOUN
P38	29	2	1642	1647	tbody	NOUN
P38	29	3	1647	1648	>	NOUN
P38	30	1	1653	1654	<	ADJ
P38	30	2	1654	1656	tr	NOUN
P38	30	3	1656	1657	>	NOUN
P38	31	1	1664	1665	<	ADJ
P38	31	2	1665	1667	td	NOUN
P38	31	3	1668	1673	align	NOUN
P38	31	4	1673	1674	=	NOUN
P38	31	5	1674	1675	""""	NOUN
P38	31	6	1675	1681	center	NOUN
P38	31	7	1681	1682	""""	NOUN
P38	31	8	1683	1689	valign	NOUN
P38	31	9	1689	1690	=	NOUN
P38	31	10	1690	1691	""""	NOUN
P38	31	11	1691	1697	middle	NOUN
P38	31	12	1697	1698	""""	NOUN
P38	31	13	1698	1699	>	NOUN
P38	32	1	1719	1720	<	ADJ
P38	32	2	1720	1727	picture	NOUN
P38	32	3	1727	1728	>	NOUN
P38	33	1	1741	1742	<	NOUN
P38	33	2	1742	1748	source	NOUN
P38	33	3	1749	1754	media	NOUN
P38	33	4	1754	1755	=	VERB
P38	33	5	1755	1756	""""	NOUN
P38	33	6	1756	1757	(	.
P38	33	7	1757	1777	prefers-color-scheme	ADJ
P38	33	8	1777	1778	:	.
P38	33	9	1779	1784	light	NOUN
P38	33	10	1784	1785	)	.
P38	33	11	1785	1786	""""	NOUN
P38	33	12	1787	1793	srcset	VERB
P38	33	13	1793	1794	=	NOUN
P38	33	14	1794	1795	""""	NOUN
P38	33	15	1795	1800	https	NOUN
P38	33	16	1800	1801	:	.
P38	33	17	1801	1802	/	ADJ
P38	33	18	1802	1803	/	NOUN
P38	33	19	1803	1831	pnpm.io/img/users/sanity.svg	NOUN
P38	33	20	1831	1832	""""	NOUN
P38	33	21	1833	1834	/	NOUN
P38	33	22	1834	1835	>	NOUN
P38	34	1	1848	1849	<	NOUN
P38	34	2	1849	1855	source	NOUN
P38	34	3	1856	1861	media	NOUN
P38	34	4	1861	1862	=	VERB
P38	34	5	1862	1863	""""	NOUN
P38	34	6	1863	1864	(	.
P38	34	7	1864	1884	prefers-color-scheme	ADJ
P38	34	8	1884	1885	:	.
P38	34	9	1886	1890	dark	NOUN
P38	34	10	1890	1891	)	.
P38	34	11	1891	1892	""""	NOUN
P38	34	12	1893	1899	srcset	VERB
P38	34	13	1899	1900	=	NOUN
P38	34	14	1900	1901	""""	NOUN
P38	34	15	1901	1906	https	NOUN
P38	34	16	1906	1907	:	.
P38	34	17	1907	1908	/	ADJ
P38	34	18	1908	1909	/	NOUN
P38	34	19	1909	1943	pnpm.io/img/users/sanity_light.svg	NOUN
P38	34	20	1943	1944	""""	NOUN
P38	34	21	1945	1946	/	NOUN
P38	34	22	1946	1947	>	NOUN
P38	35	1	1960	1961	[	ADJ
P38	35	2	1961	1972	изображение	NOUN
P38	35	3	1972	1973	]	NOUN
P38	36	1	1984	1985	<	ADJ
P38	36	2	1985	1986	/	ADJ
P38	36	3	1986	1993	picture	NOUN
P38	36	4	1993	1994	>	NOUN
P38	37	1	2010	2011	<	ADJ
P38	37	2	2011	2012	/	NOUN
P38	37	3	2012	2014	td	NOUN
P38	37	4	2014	2015	>	NOUN
P38	38	1	2022	2023	<	ADJ
P38	38	2	2023	2025	td	NOUN
P38	38	3	2026	2031	align	NOUN
P38	38	4	2031	2032	=	NOUN
P38	38	5	2032	2033	""""	NOUN
P38	38	6	2033	2039	center	NOUN
P38	38	7	2039	2040	""""	NOUN
P38	38	8	2041	2047	valign	NOUN
P38	38	9	2047	2048	=	NOUN
P38	38	10	2048	2049	""""	NOUN
P38	38	11	2049	2055	middle	NOUN
P38	38	12	2055	2056	""""	NOUN
P38	38	13	2056	2057	>	NOUN
P38	39	1	2077	2078	<	ADJ
P38	39	2	2078	2085	picture	NOUN
P38	39	3	2085	2086	>	NOUN
P38	40	1	2099	2100	<	NOUN
P38	40	2	2100	2106	source	NOUN
P38	40	3	2107	2112	media	NOUN
P38	40	4	2112	2113	=	VERB
P38	40	5	2113	2114	""""	NOUN
P38	40	6	2114	2115	(	.
P38	40	7	2115	2135	prefers-color-scheme	ADJ
P38	40	8	2135	2136	:	.
P38	40	9	2137	2142	light	NOUN
P38	40	10	2142	2143	)	.
P38	40	11	2143	2144	""""	NOUN
P38	40	12	2145	2151	srcset	VERB
P38	40	13	2151	2152	=	NOUN
P38	40	14	2152	2153	""""	NOUN
P38	40	15	2153	2158	https	NOUN
P38	40	16	2158	2159	:	.
P38	40	17	2159	2160	/	ADJ
P38	40	18	2160	2161	/	NOUN
P38	40	19	2161	2190	pnpm.io/img/users/discord.svg	NOUN
P38	40	20	2190	2191	""""	NOUN
P38	40	21	2192	2193	/	NOUN
P38	40	22	2193	2194	>	NOUN
P38	41	1	2207	2208	<	NOUN
P38	41	2	2208	2214	source	NOUN
P38	41	3	2215	2220	media	NOUN
P38	41	4	2220	2221	=	VERB
P38	41	5	2221	2222	""""	NOUN
P38	41	6	2222	2223	(	.
P38	41	7	2223	2243	prefers-color-scheme	ADJ
P38	41	8	2243	2244	:	.
P38	41	9	2245	2249	dark	NOUN
P38	41	10	2249	2250	)	.
P38	41	11	2250	2251	""""	NOUN
P38	41	12	2252	2258	srcset	VERB
P38	41	13	2258	2259	=	NOUN
P38	41	14	2259	2260	""""	NOUN
P38	41	15	2260	2265	https	NOUN
P38	41	16	2265	2266	:	.
P38	41	17	2266	2267	/	ADJ
P38	41	18	2267	2268	/	NOUN
P38	41	19	2268	2303	pnpm.io/img/users/discord_light.svg	NOUN
P38	41	20	2303	2304	""""	NOUN
P38	41	21	2305	2306	/	NOUN
P38	41	22	2306	2307	>	NOUN
P38	42	1	2320	2321	[	ADJ
P38	42	2	2321	2332	изображение	NOUN
P38	42	3	2332	2333	]	NOUN
P38	43	1	2344	2345	<	ADJ
P38	43	2	2345	2346	/	ADJ
P38	43	3	2346	2353	picture	NOUN
P38	43	4	2353	2354	>	NOUN
P38	44	1	2370	2371	<	ADJ
P38	44	2	2371	2372	/	NOUN
P38	44	3	2372	2374	td	NOUN
P38	44	4	2374	2375	>	NOUN
P38	45	1	2382	2383	<	ADJ
P38	45	2	2383	2385	td	NOUN
P38	45	3	2386	2391	align	NOUN
P38	45	4	2391	2392	=	NOUN
P38	45	5	2392	2393	""""	NOUN
P38	45	6	2393	2399	center	NOUN
P38	45	7	2399	2400	""""	NOUN
P38	45	8	2401	2407	valign	NOUN
P38	45	9	2407	2408	=	NOUN
P38	45	10	2408	2409	""""	NOUN
P38	45	11	2409	2415	middle	NOUN
P38	45	12	2415	2416	""""	NOUN
P38	45	13	2416	2417	>	NOUN
P38	46	1	2426	2427	[	ADJ
P38	46	2	2427	2438	изображение	NOUN
P38	46	3	2438	2439	]	NOUN
P38	47	1	2446	2447	<	ADJ
P38	47	2	2447	2448	/	NOUN
P38	47	3	2448	2450	td	NOUN
P38	47	4	2450	2451	>	NOUN
P38	48	1	2456	2457	<	ADJ
P38	48	2	2457	2458	/	NOUN
P38	48	3	2458	2460	tr	NOUN
P38	48	4	2460	2461	>	NOUN
P38	49	1	2466	2467	<	ADJ
P38	49	2	2467	2469	tr	NOUN
P38	49	3	2469	2470	>	NOUN
P38	50	1	2477	2478	<	ADJ
P38	50	2	2478	2480	td	NOUN
P38	50	3	2481	2486	align	NOUN
P38	50	4	2486	2487	=	NOUN
P38	50	5	2487	2488	""""	NOUN
P38	50	6	2488	2494	center	NOUN
P38	50	7	2494	2495	""""	NOUN
P38	50	8	2496	2502	valign	NOUN
P38	50	9	2502	2503	=	NOUN
P38	50	10	2503	2504	""""	NOUN
P38	50	11	2504	2510	middle	NOUN
P38	50	12	2510	2511	""""	NOUN
P38	50	13	2511	2512	>	NOUN
P38	51	1	2532	2533	<	ADJ
P38	51	2	2533	2540	picture	NOUN
P38	51	3	2540	2541	>	NOUN
P38	52	1	2554	2555	<	NOUN
P38	52	2	2555	2561	source	NOUN
P38	52	3	2562	2567	media	NOUN
P38	52	4	2567	2568	=	VERB
P38	52	5	2568	2569	""""	NOUN
P38	52	6	2569	2570	(	.
P38	52	7	2570	2590	prefers-color-scheme	ADJ
P38	52	8	2590	2591	:	.
P38	52	9	2592	2597	light	NOUN
P38	52	10	2597	2598	)	.
P38	52	11	2598	2599	""""	NOUN
P38	52	12	2600	2606	srcset	VERB
P38	52	13	2606	2607	=	NOUN
P38	52	14	2607	2608	""""	NOUN
P38	52	15	2608	2613	https	NOUN
P38	52	16	2613	2614	:	.
P38	52	17	2614	2615	/	ADJ
P38	52	18	2615	2616	/	NOUN
P38	52	19	2616	2650	pnpm.io/img/users/serpapi_dark.svg	NOUN
P38	52	20	2650	2651	""""	NOUN
P38	52	21	2652	2653	/	NOUN
P38	52	22	2653	2654	>	NOUN
P38	53	1	2667	2668	<	NOUN
P38	53	2	2668	2674	source	NOUN
P38	53	3	2675	2680	media	NOUN
P38	53	4	2680	2681	=	VERB
P38	53	5	2681	2682	""""	NOUN
P38	53	6	2682	2683	(	.
P38	53	7	2683	2703	prefers-color-scheme	ADJ
P38	53	8	2703	2704	:	.
P38	53	9	2705	2709	dark	NOUN
P38	53	10	2709	2710	)	.
P38	53	11	2710	2711	""""	NOUN
P38	53	12	2712	2718	srcset	VERB
P38	53	13	2718	2719	=	NOUN
P38	53	14	2719	2720	""""	NOUN
P38	53	15	2720	2725	https	NOUN
P38	53	16	2725	2726	:	.
P38	53	17	2726	2727	/	ADJ
P38	53	18	2727	2728	/	NOUN
P38	53	19	2728	2763	pnpm.io/img/users/serpapi_light.svg	NOUN
P38	53	20	2763	2764	""""	NOUN
P38	53	21	2765	2766	/	NOUN
P38	53	22	2766	2767	>	NOUN
P38	54	1	2780	2781	[	ADJ
P38	54	2	2781	2792	изображение	NOUN
P38	54	3	2792	2793	]	NOUN
P38	55	1	2804	2805	<	ADJ
P38	55	2	2805	2806	/	ADJ
P38	55	3	2806	2813	picture	NOUN
P38	55	4	2813	2814	>	NOUN
P38	56	1	2830	2831	<	ADJ
P38	56	2	2831	2832	/	NOUN
P38	56	3	2832	2834	td	NOUN
P38	56	4	2834	2835	>	NOUN
P38	57	1	2842	2843	<	ADJ
P38	57	2	2843	2845	td	NOUN
P38	57	3	2846	2851	align	NOUN
P38	57	4	2851	2852	=	NOUN
P38	57	5	2852	2853	""""	NOUN
P38	57	6	2853	2859	center	NOUN
P38	57	7	2859	2860	""""	NOUN
P38	57	8	2861	2867	valign	NOUN
P38	57	9	2867	2868	=	NOUN
P38	57	10	2868	2869	""""	NOUN
P38	57	11	2869	2875	middle	NOUN
P38	57	12	2875	2876	""""	NOUN
P38	57	13	2876	2877	>	NOUN
P38	58	1	2897	2898	<	ADJ
P38	58	2	2898	2905	picture	NOUN
P38	58	3	2905	2906	>	NOUN
P38	59	1	2907	2908	[	ADJ
P38	59	2	2908	2909	…	NOUN
P38	59	3	2909	2910	]	NOUN
P40	1	1	0	4	feat	NOUN
P40	1	2	4	5	:	.
P40	1	3	6	8	do	VERB
P40	1	4	9	12	not	ADV
P40	1	5	13	19	delete	VERB
P40	1	6	20	25	frame	NOUN
P40	1	7	26	34	children	NOUN
P40	1	8	35	37	on	ADP
P40	1	9	38	43	frame	NOUN
P40	1	10	44	50	delete	NOUN
P40	1	11	51	52	(	.
P40	1	12	52	57	#9011	NUM
P40	1	13	57	58	)	.
P40	2	1	60	64	feat	NOUN
P40	2	2	64	65	:	.
P40	2	3	66	68	do	VERB
P40	2	4	69	72	not	ADV
P40	2	5	73	79	delete	VERB
P40	2	6	80	85	frame	NOUN
P40	2	7	86	94	children	NOUN
P40	2	8	95	97	on	ADP
P40	2	9	98	103	frame	NOUN
P40	2	10	104	110	delete	NOUN
P40	3	1	112	116	This	DET
P40	3	2	117	119	PR	NOUN
P40	3	3	120	127	changes	VERB
P40	3	4	128	131	how	ADV
P40	3	5	132	137	frame	ADJ
P40	3	6	138	146	deletion	NOUN
P40	3	7	147	152	works	NOUN
P40	3	8	152	153	.	.
P40	3	9	154	164	Previously	ADV
P40	3	10	164	165	,	.
P40	3	11	166	168	we	PRON
P40	3	12	169	176	deleted	VERB
P40	3	13	177	180	the	DET
P40	3	14	181	186	frame	NOUN
P40	3	15	187	190	and	CONJ
P40	3	16	191	194	its	PRON
P40	3	17	195	203	children	NOUN
P40	3	18	203	204	.	.
P40	3	19	205	208	Now	ADV
P40	3	20	209	214	we're	VERB
P40	3	21	215	219	only	ADV
P40	3	22	220	228	deleting	VERB
P40	3	23	229	232	the	DET
P40	3	24	233	238	frame	NOUN
P40	3	25	239	242	and	CONJ
P40	3	26	243	250	keeping	VERB
P40	3	27	251	254	the	DET
P40	3	28	255	263	children	NOUN
P40	3	29	263	264	,	.
P40	3	30	265	274	selecting	VERB
P40	3	31	275	279	them	PRON
P40	3	32	280	287	instead	ADV
P40	3	33	287	288	.	.
P40	4	1	290	294	This	DET
P40	4	2	295	298	way	NOUN
P40	4	3	299	303	it's	ADV
P40	4	4	304	308	much	ADV
P40	4	5	309	315	easier	ADJ
P40	4	6	316	318	to	PRT
P40	4	7	319	325	remove	VERB
P40	4	8	326	334	children	NOUN
P40	4	9	335	339	from	ADP
P40	4	10	340	343	the	DET
P40	4	11	344	349	frame	NOUN
P40	4	12	350	357	instead	ADV
P40	4	13	358	360	of	ADP
P40	4	14	361	367	having	VERB
P40	4	15	368	370	to	PRT
P40	4	16	371	373	do	VERB
P40	4	17	374	376	it	PRON
P40	4	18	377	384	through	ADP
P40	4	19	385	392	context	NOUN
P40	4	20	393	397	menu	NOUN
P40	4	21	398	400	in	ADP
P40	4	22	401	404	two	NUM
P40	4	23	405	410	steps	NOUN
P40	4	24	410	411	.	.
P40	5	1	413	415	If	ADP
P40	5	2	416	422	people	NOUN
P40	5	3	423	427	want	VERB
P40	5	4	428	430	to	PRT
P40	5	5	431	437	delete	VERB
P40	5	6	438	442	both	DET
P40	5	7	443	446	the	DET
P40	5	8	447	452	frame	NOUN
P40	5	9	453	456	and	CONJ
P40	5	10	457	460	its	PRON
P40	5	11	461	469	children	NOUN
P40	5	12	470	474	both	DET
P40	5	13	474	475	,	.
P40	5	14	476	480	they	PRON
P40	5	15	481	484	can	VERB
P40	5	16	485	489	just	ADV
P40	5	17	490	493	hit	VERB
P40	5	18	494	500	delete	ADJ
P40	5	19	501	506	twice	ADV
P40	5	20	506	507	.	.
P40	6	1	509	510	(	.
P40	6	2	510	512	Un	NOUN
P40	6	3	512	513	)	.
P40	6	4	513	520	related	VERB
P40	6	5	520	521	,	.
P40	6	6	522	527	fixed	VERB
P40	6	7	528	529	(	.
P40	6	8	529	531	or	CONJ
P40	6	9	532	538	rather	ADV
P40	6	10	538	539	,	.
P40	6	11	540	548	improved	VERB
P40	6	12	548	549	,	.
P40	6	13	550	552	as	ADP
P40	6	14	553	554	a	DET
P40	6	15	555	561	proper	ADJ
P40	6	16	562	565	fix	NOUN
P40	6	17	566	570	will	VERB
P40	6	18	571	575	take	VERB
P40	6	19	576	580	more	ADJ
P40	6	20	581	585	work	NOUN
P40	6	21	585	586	)	.
P40	6	22	587	596	selection	NOUN
P40	6	23	597	599	on	ADP
P40	6	24	600	608	removing	VERB
P40	6	25	609	612	the	DET
P40	6	26	613	617	last	ADJ
P40	6	27	618	623	group	NOUN
P40	6	28	624	630	member	NOUN
P40	6	29	631	635	when	ADV
P40	6	30	636	643	editing	VERB
P40	6	31	644	645	a	DET
P40	6	32	646	651	group	NOUN
P40	6	33	651	652	.	.
P41	1	1	0	5	Merge	NOUN
P41	1	2	6	10	pull	NOUN
P41	1	3	11	18	request	NOUN
P41	1	4	19	24	#1688	NOUN
P41	1	5	25	29	from	ADP
P41	1	6	30	52	mermaid-js/sidv/faLoad	NOUN
P41	2	1	54	58	feat	NOUN
P41	2	2	58	59	:	.
P41	2	3	60	64	Wait	NOUN
P41	2	4	65	68	for	ADP
P41	2	5	69	80	fontawesome	NOUN
P41	2	6	81	83	to	PRT
P41	2	7	84	88	load	VERB
P41	2	8	89	95	before	ADP
P41	2	9	96	105	rendering	VERB
P41	3	1	107	108	#	.
P41	3	2	108	109	#	.
P41	3	3	110	111	:	.
P41	3	4	111	124	bookmark_tabs	NOUN
P41	3	5	124	125	:	.
P41	3	6	126	133	Summary	ADJ
P41	4	1	135	140	Fixes	NOUN
P41	4	2	141	145	node	CONJ
P41	4	3	146	150	size	NOUN
P41	4	4	151	156	issue	NOUN
P41	4	5	157	159	on	ADP
P41	4	6	160	165	first	ADJ
P41	4	7	166	170	load	NOUN
P41	4	8	170	171	,	.
P41	4	9	172	177	where	ADV
P41	4	10	178	182	text	NOUN
P41	4	11	183	185	is	VERB
P41	4	12	186	189	cut	VERB
P41	4	13	190	193	off	PRT
P41	4	14	193	194	.	.
P41	5	1	197	203	Before	ADP
P41	6	1	204	205	[	ADJ
P41	6	2	205	216	изображение	NOUN
P41	6	3	216	217	]	NOUN
P41	7	1	219	224	After	ADP
P41	8	1	225	226	[	ADJ
P41	8	2	226	237	изображение	NOUN
P41	8	3	237	238	]	NOUN
P41	9	1	240	254	Co-authored-by	NOUN
P41	9	2	254	255	:	.
P41	9	3	256	261	Alois	NOUN
P41	9	4	262	267	Klink	NOUN
P41	9	5	268	269	<	NOUN
P41	9	6	269	289	alois@aloisklink.com	VERB
P41	9	7	289	290	>	NOUN
P41	10	1	292	293	#	.
P41	10	2	293	294	#	.
P41	10	3	295	296	:	.
P41	10	4	296	310	straight_ruler	NOUN
P41	10	5	310	311	:	.
P41	10	6	312	318	Design	NOUN
P41	10	7	319	328	Decisions	NOUN
P41	11	1	330	344	Implementation	NOUN
P41	11	2	345	352	adapted	VERB
P41	11	3	353	357	from	ADP
P41	11	4	358	363	Alois	NOUN
P41	11	5	363	364	'	PRT
P41	11	6	365	369	work	NOUN
P41	11	7	370	372	in	ADP
P41	11	8	373	385	MermaidChart	NOUN
P41	11	9	385	386	.	.
P41	12	1	389	390	#	.
P41	12	2	390	391	#	.
P41	12	3	391	392	#	.
P41	12	4	393	394	:	.
P41	12	5	394	403	clipboard	NOUN
P41	12	6	403	404	:	.
P41	12	7	405	410	Tasks	NOUN
P41	13	1	412	416	Make	NOUN
P41	13	2	417	421	sure	NOUN
P41	13	3	422	425	you	PRON
P41	14	1	427	428	-	.
P41	14	2	429	430	[	NOUN
P41	14	3	431	432	]	NOUN
P41	14	4	433	434	:	.
P41	14	5	434	438	book	NOUN
P41	14	6	438	439	:	.
P41	14	7	440	444	have	VERB
P41	14	8	445	449	read	VERB
P41	14	9	450	453	the	DET
P41	14	10	454	466	contribution	NOUN
P41	14	11	467	477	guidelines	NOUN
P41	15	1	478	479	-	.
P41	15	2	480	481	[	NOUN
P41	15	3	482	483	]	NOUN
P41	15	4	484	485	:	.
P41	15	5	485	493	computer	NOUN
P41	15	6	493	494	:	.
P41	15	7	495	499	have	VERB
P41	15	8	500	505	added	VERB
P41	15	9	506	514	unit/e2e	ADJ
P41	15	10	515	520	tests	NOUN
P41	15	11	521	522	(	.
P41	15	12	522	524	if	ADP
P41	15	13	525	536	appropriate	NOUN
P41	15	14	536	537	)	.
P41	16	1	538	539	-	.
P41	16	2	540	541	[	NOUN
P41	16	3	542	543	]	NOUN
P41	16	4	544	545	:	.
P41	16	5	545	553	bookmark	NOUN
P41	16	6	553	554	:	.
P41	16	7	555	563	targeted	VERB
P41	16	8	564	565	`	.
P41	16	9	565	572	develop	VERB
P41	16	10	572	573	`	.
P41	16	11	574	580	branch	NOUN
P48	1	1	0	8	refactor	NOUN
P48	1	2	8	9	:	.
P48	1	3	10	17	Migrate	NOUN
P48	1	4	18	24	editor	NOUN
P48	1	5	25	30	state	NOUN
P48	1	6	31	35	from	ADP
P48	1	7	36	48	svelte/store	NOUN
P48	1	8	49	51	to	PRT
P48	1	9	52	57	runes	VERB
P48	2	1	58	65	Replace	NOUN
P48	2	2	66	69	the	DET
P48	2	3	70	78	writable	ADJ
P48	2	4	78	79	+	NOUN
P48	2	5	79	86	derived	VERB
P48	2	6	87	92	store	ADV
P48	2	7	93	101	pipeline	NOUN
P48	2	8	102	104	in	ADP
P48	2	9	105	113	state.ts	NOUN
P48	2	10	114	118	with	ADP
P48	2	11	119	120	a	DET
P48	3	1	121	136	state.svelte.ts	ADJ
P48	3	2	137	143	module	NOUN
P48	3	3	143	144	:	.
P48	3	4	145	146	a	DET
P48	3	5	147	151	deep	ADJ
P48	3	6	152	153	$	.
P48	3	7	153	158	state	NOUN
P48	3	8	159	169	inputState	NOUN
P48	3	9	170	177	mutated	VERB
P48	3	10	178	182	only	ADV
P48	3	11	183	190	through	ADP
P48	4	1	191	194	the	DET
P48	4	2	195	203	exported	ADJ
P48	4	3	204	210	update	ADJ
P48	4	4	211	220	functions	NOUN
P48	4	5	220	221	,	.
P48	4	6	222	226	each	DET
P48	4	7	227	229	of	ADP
P48	4	8	230	235	which	DET
P48	4	9	236	244	persists	VERB
P48	4	10	245	248	the	DET
P48	4	11	249	257	snapshot	NOUN
P48	4	12	258	261	and	CONJ
P48	5	1	262	274	re-validates	NOUN
P48	5	2	275	277	it	PRON
P48	5	3	278	292	asynchronously	ADV
P48	5	4	293	297	into	ADP
P48	5	5	298	320	validatedState.current	NOUN
P48	5	6	321	322	(	.
P48	5	7	322	326	with	ADP
P48	6	1	327	339	urls.current	ADJ
P48	6	2	340	347	derived	VERB
P48	6	3	348	352	from	ADP
P48	6	4	353	355	it	PRON
P48	6	5	355	356	)	.
P48	6	6	356	357	.	.
P48	6	7	358	363	Store	NOUN
P48	6	8	364	377	subscriptions	NOUN
P48	6	9	378	380	in	ADP
P48	6	10	381	391	components	NOUN
P48	6	11	392	398	become	VERB
P48	7	1	399	400	$	.
P48	7	2	400	406	effect	NOUN
P48	7	3	407	413	blocks	NOUN
P48	7	4	413	414	,	.
P48	7	5	415	418	and	CONJ
P48	7	6	419	422	the	DET
P48	7	7	423	433	rough/grid	ADJ
P48	7	8	434	441	toggles	NOUN
P48	7	9	442	445	use	VERB
P48	7	10	446	454	function	ADJ
P48	7	11	455	463	bindings	NOUN
P48	7	12	463	464	.	.
P48	8	1	466	480	Co-Authored-By	NOUN
P48	8	2	480	481	:	.
P48	8	3	482	488	Claude	NOUN
P48	8	4	489	494	Fable	NOUN
P48	8	5	495	496	5	NUM
P48	8	6	497	498	<	NOUN
P48	8	7	498	519	noreply@anthropic.com	NOUN
P48	8	8	519	520	>	NOUN
