sha,date,base_sha,status,aa,self_aa,extended,mutation,js_gzip,label,lcp_base,lcp_head,lcp_delta,lcp_rel,lcp_p,lcp_q,lcp_label,inp_base,inp_head,inp_delta,inp_rel,inp_p,inp_q,inp_label,tbt_base,tbt_head,tbt_delta,tbt_rel,tbt_p,tbt_q,tbt_label,tbtFlow_base,tbtFlow_head,tbtFlow_delta,tbtFlow_rel,tbtFlow_p,tbtFlow_q,tbtFlow_label,cls_base,cls_head,cls_delta,cls_rel,cls_p,cls_q,cls_label,lcpObs_base,lcpObs_head,lcpObs_delta,lcpObs_rel,lcpObs_p,lcpObs_q,lcpObs_label
b396e07b9009016e8fa695c68f85a7af88954499,2024-09-01T18:18:37+02:00,2d1d84a47b35f9e54d43ea172e02edb55dda8c41,ok,0,0,0,,2759759,none,1088.467,1088.151,-0.316,-0.0003,0.84127,1,none,127.828,118.646,-9.182,-0.0718,0.42063,0.99666,none,32,24.5,-7.5,-0.2344,0.11607,1,none,65.415,78.343,12.928,0.1976,0.54762,1,none,0,0,0,0,1,1,none,568,566,-2,-0.0035,0.69048,1,none
60e75406e0d85daa38efbaae3c7b92edecac04c0,2024-09-02T00:25:12+02:00,b396e07b9009016e8fa695c68f85a7af88954499,identical_build,1,0,0,,2759759,none,1063.231,1065.402,2.171,0.002,0.69048,1,none,121.441,128.001,6.56,0.054,0.30952,0.99666,none,23,20,-3,-0.1304,1,1,none,69.013,78.06,9.047,0.1311,0.30952,1,none,0,0,0,0,1,1,none,496,510,14,0.0282,0.54762,1,none
e3d1dee9d017680ec2ee6f2d00a236bfa91c6108,2024-09-02T00:37:49+02:00,60e75406e0d85daa38efbaae3c7b92edecac04c0,identical_build,0,0,0,,2759759,none,,,,,,,none,,,,,,,none,,,,,,,none,,,,,,,none,,,,,,,none,,,,,,,none
f4dd23fc31e218298bacce3ab39c2556fd12e639,2024-09-02T22:23:38Z,e3d1dee9d017680ec2ee6f2d00a236bfa91c6108,ok,0,0,0,,2759933,none,1062.597,1039.835,-22.762,-0.0214,0.54762,1,none,118.079,117.554,-0.525,-0.0044,1,1,none,35,34,-1,-0.0286,0.6004,1,none,71.39,63.435,-7.955,-0.1114,0.30952,1,none,0,0,0,0,1,1,none,503,528,25,0.0497,0.6004,1,none
51ea184938d57637faa345de85028aa8a0930ed2,2024-09-05T18:35:36+05:30,f4dd23fc31e218298bacce3ab39c2556fd12e639,ok,0,0,0,,2758160,none,1037.062,1066.78,29.719,0.0287,0.69048,1,none,136.475,129.911,-6.564,-0.0481,0.22222,0.99666,none,25,23,-2,-0.08,0.91631,1,none,112.292,84.747,-27.545,-0.2453,0.15079,0.95617,none,0,0,0,0,1,1,none,508,476,-32,-0.063,0.05556,1,none
6ff56c36e3a19194d9990beaeab6bcac76fbbbc2,2024-09-06T16:41:37+05:30,51ea184938d57637faa345de85028aa8a0930ed2,identical_build,1,0,1,,2758160,none,1062.107,1076.161,14.054,0.0132,0.17361,1,none,118.411,123.056,4.645,0.0392,0.68267,0.99666,none,25,24,-1,-0.04,0.69339,1,none,61.232,73.608,12.376,0.2021,0.65287,1,none,0,0,0,0,0.35065,1,none,523,518,-5,-0.0096,0.91737,1,none
5a11c70714f7b743af8fd9c08258191afc752b8d,2024-09-08T23:56:00+02:00,6ff56c36e3a19194d9990beaeab6bcac76fbbbc2,ok,0,0,1,,2758187,none,1066.338,1082.671,16.333,0.0153,0.30459,1,none,125.823,126.396,0.573,0.0046,0.59488,0.99666,none,35,31,-4,-0.1143,0.70874,1,none,85.682,79.403,-6.279,-0.0733,0.87019,1,none,0,0,0,0,0.16414,1,none,491,503,12,0.0244,0.7714,1,none
6959a363f0ba8d0e8b05442f4c8f3cc4a2e00ca6,2024-09-09T17:12:07+02:00,5a11c70714f7b743af8fd9c08258191afc752b8d,ok,0,0,0,,2761182,none,1081.275,1047.266,-34.009,-0.0315,0.42063,1,none,127.743,121.118,-6.625,-0.0519,1,1,none,32,29,-3,-0.0937,0.84127,1,none,73.171,91.346,18.175,0.2484,0.54762,1,none,0,0,0,0,1,1,none,504,492,-12,-0.0238,0.42063,1,none
d1072155640edbda6b047234018bd1446f1b202e,2024-09-09T19:57:22+02:00,6959a363f0ba8d0e8b05442f4c8f3cc4a2e00ca6,ok,0,0,0,,2761183,none,1086.977,1088.385,1.408,0.0013,0.84127,1,none,131.756,129.287,-2.469,-0.0187,0.42063,0.99666,none,39,45,6,0.1538,1,1,none,104.619,95.553,-9.066,-0.0867,0.54762,1,none,0,0,0,0,1,1,none,500,526,26,0.052,1,1,none
72b7c937b1b9cd4d1155563f15ccbbac5c71f8dc,2024-09-10T21:26:01+02:00,d1072155640edbda6b047234018bd1446f1b202e,ok,0,0,0,,2761353,none,1036.483,1032.482,-4.001,-0.0039,0.69048,1,none,104.647,102.093,-2.554,-0.0244,0.84127,0.99666,none,25,35,10,0.4,0.42063,1,none,34.974,29.61,-5.364,-0.1534,0.69048,1,none,0,0,0,0,1,1,none,476,483,7,0.0147,0.7533,1,none
b46ca0192b4df0c12bd672205529ba6c6b16954b,2024-09-11T07:57:41+02:00,72b7c937b1b9cd4d1155563f15ccbbac5c71f8dc,ok,0,0,0,,2761447,none,1088.173,1066.988,-21.184,-0.0195,0.42063,1,none,105.313,100.949,-4.364,-0.0414,1,1,none,34.5,25,-9.5,-0.2754,0.69048,1,none,37.213,29.98,-7.233,-0.1944,0.69048,1,none,0,0,0,0,1,1,none,507,490,-17,-0.0335,0.46334,1,none
fd39712ba6c566e325fccc751131235242d228c5,2024-09-11T18:01:18+02:00,b46ca0192b4df0c12bd672205529ba6c6b16954b,ok,0,0,0,,2761541,none,1134.79,1150.373,15.583,0.0137,1,1,none,129.138,128.777,-0.361,-0.0028,0.42063,0.99666,none,93,93.5,0.5,0.0054,1,1,none,96.915,82.957,-13.958,-0.144,0.15079,0.95617,none,0,0,0,0,1,1,none,533,534,1,0.0019,1,1,none
813f9b702e2b17cfb3c1e1577b921a599f6ad81c,2024-09-11T19:26:01+02:00,fd39712ba6c566e325fccc751131235242d228c5,ok,0,0,1,,2761853,none,1073.906,1072.859,-1.048,-0.001,0.90246,1,none,124.168,124.667,0.499,0.004,0.59488,0.99666,none,26.5,34,7.5,0.283,0.25386,1,none,69.124,73.39,4.266,0.0617,0.23281,1,none,0,0,0,0,1,1,none,498,497,-1,-0.002,0.77148,1,none
01e83cc9a5eff6af3f7c1ecdca12060a2ca68df2,2024-09-11T20:19:14+02:00,813f9b702e2b17cfb3c1e1577b921a599f6ad81c,ok,0,0,0,,2761806,none,1077.613,1077.208,-0.405,-0.0004,1,1,none,92.045,96.83,4.785,0.052,0.42063,0.99666,none,29,33,4,0.1379,0.84127,1,none,21.642,21.25,-0.392,-0.0181,0.69048,1,none,0,0,0,0,1,1,none,504,522,18,0.0357,0.29333,1,none
80f3b75d42c87a8d3e33fef977753af3d658a419,2024-09-12T12:56:45+02:00,01e83cc9a5eff6af3f7c1ecdca12060a2ca68df2,ok,0,0,0,,2763851,none,1075.921,1056.841,-19.08,-0.0177,0.42063,1,none,101.911,97.973,-3.938,-0.0386,0.42063,0.99666,none,29,25,-4,-0.1379,0.29333,1,none,27.679,27.576,-0.103,-0.0037,1,1,none,0,0,0,0,1,1,none,500,508,8,0.016,1,1,none
60e3801691decef03399f9d3012b9032fb39cf20,2024-09-12T13:42:39+02:00,80f3b75d42c87a8d3e33fef977753af3d658a419,ok,0,0,0,,2763835,none,1076.067,1076.341,0.275,0.0003,0.84127,1,none,105.819,98.935,-6.884,-0.0651,0.42063,0.99666,none,22,24,2,0.0909,0.52581,1,none,25.713,25.767,0.054,0.0021,1,1,none,0,0,0,0,1,1,none,492,488,-4,-0.0081,0.54762,1,none
caf2db934c9f64bdc7055b3f528953f3ba55ee2f,2024-09-12T14:11:08+02:00,60e3801691decef03399f9d3012b9032fb39cf20,ok,0,0,0,,2763846,none,1075.01,1081.308,6.298,0.0059,0.84127,1,none,107.473,108.774,1.301,0.0121,0.42063,0.99666,none,22,33,11,0.5,0.52836,1,none,14.221,17.012,2.791,0.1963,1,1,none,0,0,0,0,1,1,none,488,505,17,0.0348,1,1,none
d4900e8f19307e2e8643a394cf50716435cff75c,2024-09-12T14:59:38+02:00,caf2db934c9f64bdc7055b3f528953f3ba55ee2f,ok,0,0,0,,2763817,none,1032.267,1064.185,31.918,0.0309,0.22222,1,none,109.504,117.229,7.725,0.0705,0.69048,0.99666,none,21,24,3,0.1429,0.52962,1,none,15.8,14.416,-1.384,-0.0876,0.84127,1,none,0,0,0,0,1,1,none,487,487,0,0,0.39761,1,none
c1b310c56b72f06212ba9f7e74bdfe3214a6a4dd,2024-09-12T15:48:47+02:00,d4900e8f19307e2e8643a394cf50716435cff75c,ok,0,0,0,,2763916,none,1052.033,1063.923,11.89,0.0113,0.30952,1,none,109.078,121.038,11.96,0.1096,0.22222,0.99666,none,24,23,-1,-0.0417,0.91656,1,none,19.266,15.446,-3.82,-0.1983,0.54762,1,none,0,0,0,0,1,1,none,489,507,18,0.0368,0.34278,1,none
c07f5a0c80fd3fdd86724d734082beb3b52f7818,2024-09-17T10:11:07+02:00,c1b310c56b72f06212ba9f7e74bdfe3214a6a4dd,ok,0,0,0,,2764011,none,1060.355,1065.986,5.631,0.0053,0.69048,1,none,107.405,110.841,3.436,0.032,0.42063,0.99666,none,34,22,-12,-0.3529,0.24915,1,none,16.583,12.193,-4.39,-0.2647,1,1,none,0,0,0,0,1,1,none,472,488,16,0.0339,0.91656,1,none
e0a22edfbd88d499047f00ef81f920465263333a,2024-09-17T12:20:40+02:00,c07f5a0c80fd3fdd86724d734082beb3b52f7818,ok,0,0,0,,2764045,none,1125.962,1088.828,-37.134,-0.033,0.42063,1,none,123.101,127.277,4.176,0.0339,0.84127,0.99666,none,35,43.5,8.5,0.2429,0.30952,1,none,21.048,26.918,5.87,0.2789,1,1,none,0,0,0,0,1,1,none,507,508,1,0.002,1,1,none
44a1c8d8573c26ba5cb3d63a8e97ca9699971d2d,2024-09-18T00:20:22+02:00,e0a22edfbd88d499047f00ef81f920465263333a,ok,0,0,1,,2764085,none,1083.351,1063.529,-19.822,-0.0183,0.7437,1,none,128.326,128.277,-0.049,-0.0004,0.90246,1,none,39,37,-2,-0.0513,0.7088,1,none,74.777,76.379,1.602,0.0214,0.62359,1,none,0,0,0,0,0.35065,1,none,498,490,-8,-0.0161,0.86815,1,none
f3f0ab7c8362750593ccc65a973d06b62925be35,2024-09-19T08:47:23+02:00,44a1c8d8573c26ba5cb3d63a8e97ca9699971d2d,ok,0,0,0,,2764352,none,1069.66,1045.059,-24.601,-0.023,0.69048,1,none,124.266,140.223,15.957,0.1284,0.22222,0.99666,none,22,33,11,0.5,0.22222,1,none,51.263,48.513,-2.75,-0.0536,1,1,none,0,0,0,0,1,1,none,488,487,-1,-0.002,0.59001,1,none
8ca4cf32605343c1631ed7ef57f0c9d87f4c23b1,2024-09-19T15:46:36+02:00,f3f0ab7c8362750593ccc65a973d06b62925be35,ok,0,0,1,,2764401,none,1071.686,1059.224,-12.462,-0.0116,0.87019,1,none,126.316,122.922,-3.394,-0.0269,0.38923,0.99666,none,26.5,24,-2.5,-0.0943,0.48044,1,none,49.499,46.444,-3.055,-0.0617,0.7437,1,none,0,0,0,0,0.35065,1,none,488,489,1,0.002,0.70864,1,none
a80cb5896aa79e02d5f0cf21e375cae6d6059f0c,2024-09-24T17:30:21+02:00,8ca4cf32605343c1631ed7ef57f0c9d87f4c23b1,ok,0,0,1,,2764407,none,1075.098,1022.042,-53.056,-0.0493,0.00657,0.30541,none,123.252,126.998,3.746,0.0304,0.87019,1,none,24,25.5,1.5,0.0625,0.56092,1,none,75.192,76.244,1.052,0.014,0.62359,1,none,0,0,0,0,0.35065,1,none,490,488,-2,-0.0041,0.49354,1,none
3fe1883f3f6bc45592f2aa6c721af6694e61935f,2024-09-24T21:09:15+05:30,a80cb5896aa79e02d5f0cf21e375cae6d6059f0c,ok,0,0,0,,2764464,none,1065.11,1056.171,-8.938,-0.0084,0.42063,1,none,141.404,123.364,-18.04,-0.1276,0.22222,0.99666,none,20,23,3,0.15,0.40053,1,none,54.374,56.98,2.606,0.0479,0.42063,1,none,0,0,0,0,1,1,none,508,507,-1,-0.002,1,1,none
a977dd1bf53091830062071889ebf3542d85a772,2024-09-28T11:49:18+05:30,3fe1883f3f6bc45592f2aa6c721af6694e61935f,ok,0,0,0,,2764554,none,1049.709,1058.773,9.064,0.0086,0.69048,1,none,125.392,127.364,1.972,0.0157,0.84127,0.99666,none,21,27,6,0.2857,0.83252,1,none,56.302,61.743,5.441,0.0966,0.42063,1,none,0,0,0,0,1,1,none,490,508,18,0.0367,0.2045,1,none
47ee8a00945793340bb20715b2f383a4c3da2139,2024-10-01T21:27:17+02:00,a977dd1bf53091830062071889ebf3542d85a772,identical_build,1,0,0,,2764554,none,1057.076,1055.935,-1.141,-0.0011,1,1,none,122.025,125.563,3.538,0.029,0.54762,0.99666,none,21,22,1,0.0476,0.7533,1,none,51.807,58.126,6.319,0.122,0.15079,0.95617,none,0,0,0,0,1,1,none,487,472,-15,-0.0308,0.52962,1,none
21815fb930f282fdd5ef86c0877b0bd82f3dead1,2024-10-17T13:11:48+02:00,47ee8a00945793340bb20715b2f383a4c3da2139,ok,0,0,0,,2764651,none,1024.522,1059.323,34.801,0.034,0.42063,1,none,125.036,126.034,0.998,0.008,0.69048,0.99666,none,33,26,-7,-0.2121,0.46334,1,none,55.184,54.656,-0.528,-0.0096,0.84127,1,none,0,0,0,0,0.42371,1,none,472,472,0,0,0.67234,1,none
b479f3bd6553be5730e3b60beb8eee5bd9905b37,2024-10-17T20:14:17+02:00,21815fb930f282fdd5ef86c0877b0bd82f3dead1,ok,0,0,1,,2813161,regression,1059.032,875.77,-183.262,-0.173,0,0,improvement,126.041,125.98,-0.061,-0.0005,0.51249,0.99666,none,21,65,44,2.0952,0,0.00186,regression,56.742,58.186,1.444,0.0254,0.46096,1,none,0,0,0,0,1,1,none,489,404,-85,-0.1738,0,0.00045,improvement
15ca182333c47866f61f5d1167cc1453d4d6d3ac,2024-10-17T20:47:05+02:00,b479f3bd6553be5730e3b60beb8eee5bd9905b37,ok,0,0,0,,2813075,none,914.463,876.504,-37.959,-0.0415,0.15079,1,none,125.332,126.41,1.078,0.0086,0.30952,0.99666,none,60.5,65,4.5,0.0744,0.54762,1,none,55.632,58.419,2.787,0.0501,1,1,none,0,0,0,0,1,1,none,403,405,2,0.005,1,1,none
61623bbeba08fd802d23df46ceb8861c6a9a6180,2024-10-21T00:11:53+02:00,15ca182333c47866f61f5d1167cc1453d4d6d3ac,ok,0,0,1,,2813707,regression,882.353,1099.569,217.216,0.2462,0.00001,0.00082,regression,101.137,99.403,-1.734,-0.0171,0.2671,0.99666,none,78,76,-2,-0.0256,0.88455,1,none,29.222,32.232,3.01,0.103,0.0675,0.95617,none,0,0,0,-0.1608,0.00002,0.0012,none,415,494,79,0.1904,0,0.00045,regression
eb09b48ae63ef2e9025dc3905a45c969eafa1720,2024-10-21T17:08:39+02:00,61623bbeba08fd802d23df46ceb8861c6a9a6180,ok,0,0,0,,2813808,none,1099.41,1059.215,-40.194,-0.0366,0.30952,1,none,101.599,100.28,-1.319,-0.013,0.84127,0.99666,none,74.5,83,8.5,0.1141,1,1,none,29.342,28.734,-0.608,-0.0207,0.54762,1,none,0,0,0,0,0.42371,1,none,493,485,-8,-0.0162,0.24915,1,none
e957c8e9ee5264698eb946317780e80e6a2388df,2024-10-21T22:26:52+02:00,eb09b48ae63ef2e9025dc3905a45c969eafa1720,ok,0,0,0,,2816351,none,1071.914,1060.953,-10.961,-0.0102,0.84127,1,none,110.532,121.5,10.968,0.0992,0.42063,0.99666,none,74,68,-6,-0.0811,0.6004,1,none,18.441,19.689,1.248,0.0677,0.30952,1,none,0,0,0,0,0.42371,1,none,488,486,-2,-0.0041,0.84127,1,none
4cedf3d966965e952c43c76bb993bdf627b941b6,2024-10-21T22:56:22+02:00,e957c8e9ee5264698eb946317780e80e6a2388df,ok,0,0,0,,2816314,none,1096.212,1056.742,-39.47,-0.036,0.15079,1,none,127.08,122.698,-4.382,-0.0345,0.42063,0.99666,none,71.5,74,2.5,0.035,0.14002,1,none,18.069,15.779,-2.29,-0.1267,0.84127,1,none,0,0,0,0,1,1,none,489,507,18,0.0368,0.22222,1,none
958e03fcc6976bfa1d909a3a7508be9785eca3af,2024-10-23T11:58:43+02:00,4cedf3d966965e952c43c76bb993bdf627b941b6,ok,0,0,0,,2816280,none,1057.297,1059.998,2.701,0.0026,1,1,none,128.036,122.783,-5.253,-0.041,0.15079,0.99666,none,67,69.5,2.5,0.0373,0.83403,1,none,22.887,22.548,-0.339,-0.0148,1,1,none,0,0,0,0,1,1,none,489,506,17,0.0348,0.67517,1,none
7d52176feaa7a523247e8a0ac7c7a2569b790620,2024-10-24T12:49:33+02:00,958e03fcc6976bfa1d909a3a7508be9785eca3af,ok,0,0,0,,2816280,none,1076.932,1077.916,0.984,0.0009,0.84127,1,none,110.592,122.596,12.004,0.1085,1,1,none,78,74,-4,-0.0513,0.84127,1,none,19.521,19.583,0.062,0.0032,0.69048,1,none,0,0,0,0,0.42371,1,none,472,475,3,0.0064,0.20869,1,none
96ed8a433167f23a5ab54a9d4cca45441c8fd911,2024-10-25T16:29:48Z,7d52176feaa7a523247e8a0ac7c7a2569b790620,ok,0,0,0,,2816279,none,1110.574,1095.114,-15.46,-0.0139,0.30952,1,none,111.349,109.147,-2.202,-0.0198,0.69048,0.99666,none,72,77,5,0.0694,0.2073,1,none,18.813,20.337,1.524,0.081,0.42063,1,none,0,0,0,0,1,1,none,489,488,-1,-0.002,0.6004,1,none
f9815b8b4f612ec1ed4cf2484a61e4ac0befc187,2024-10-28T10:08:05+01:00,96ed8a433167f23a5ab54a9d4cca45441c8fd911,ok,0,0,0,,2816584,none,1074.925,1058.626,-16.299,-0.0152,0.69048,1,none,107.777,110.932,3.155,0.0293,0.30952,0.99666,none,78,75,-3,-0.0385,0.7533,1,none,21.319,20.64,-0.679,-0.0318,0.84127,1,none,0,0,0,0,1,1,none,473,506,33,0.0698,0.46198,1,none
79b181bcdcbff6166dbfa7b8b11118ddbd6c9833,2024-10-29T22:40:24+01:00,f9815b8b4f612ec1ed4cf2484a61e4ac0befc187,ok,0,0,0,,2816597,none,1097.229,1072.778,-24.452,-0.0223,1,1,none,112.279,108.857,-3.422,-0.0305,0.15079,0.99666,none,69,70,1,0.0145,0.7533,1,none,17.259,18.259,1,0.0579,0.84127,1,none,0,0,0,0,0.42371,1,none,507,474,-33,-0.0651,0.67424,1,none
03028eaa8c72504ecb9b65acfdc20aa2887daffd,2024-10-30T12:40:24+01:00,79b181bcdcbff6166dbfa7b8b11118ddbd6c9833,ok,0,0,0,,2816745,none,1096.302,1076.824,-19.479,-0.0178,0.54762,1,none,121.135,110.923,-10.212,-0.0843,1,1,none,67,68,1,0.0149,1,1,none,16.569,13.599,-2.97,-0.1793,0.69048,1,none,0,0,0,0,1,1,none,491,490,-1,-0.002,1,1,none
dfaaff44320a1d18fcb20ffd65391cde39778bfc,2024-10-30T14:11:13+01:00,03028eaa8c72504ecb9b65acfdc20aa2887daffd,ok,0,0,0,,2816849,none,1060.906,1057.345,-3.561,-0.0034,0.54762,1,none,109.954,122.453,12.499,0.1137,0.30952,0.99666,none,72.5,67,-5.5,-0.0759,0.15079,1,none,16.602,20.462,3.86,0.2325,0.42063,1,none,0,0,0,0,0.42371,1,none,490,475,-15,-0.0306,1,1,none
2734e646ca8460b1343393416184fa615530abce,2024-10-30T14:24:12+01:00,dfaaff44320a1d18fcb20ffd65391cde39778bfc,ok,0,0,0,,2816848,none,1098.963,1072.501,-26.462,-0.0241,0.42063,1,none,115.219,108.876,-6.343,-0.0551,0.22222,0.99666,none,66,70,4,0.0606,0.24915,1,none,16.85,12.156,-4.694,-0.2786,0.42063,1,none,0,0,0,0,1,1,none,490,507,17,0.0347,0.54762,1,none
70e0e8dc2904d4bc3938858760f8da46c63783cf,2024-11-01T23:43:48+02:00,2734e646ca8460b1343393416184fa615530abce,ok,0,0,0,,2816874,none,1059.636,1057.111,-2.525,-0.0024,0.84127,1,none,117.544,109.585,-7.959,-0.0677,0.42063,0.99666,none,66,67,1,0.0152,0.67517,1,none,15.848,18.251,2.403,0.1516,0.69048,1,none,0,0,0,0,1,1,none,487,488,1,0.0021,1,1,none
7c0239e693be2bd0274244fc55c943a7566bf531,2024-11-04T17:54:00+01:00,da33481fa36b12a341de155e5cfbcc6985f5886d,ok,0,0,0,,2816874,none,1058.758,1096.752,37.994,0.0359,0.84127,1,none,110.007,123.184,13.177,0.1198,0.22222,0.99666,none,83,69,-14,-0.1687,0.54762,1,none,16.167,19.676,3.509,0.217,0.84127,1,none,0,0,0,0,0.42371,1,none,488,504,16,0.0328,0.17322,1,none
da33481fa36b12a341de155e5cfbcc6985f5886d,2024-11-04T18:57:40+05:30,70e0e8dc2904d4bc3938858760f8da46c63783cf,ok,0,0,0,,2816874,none,1057.205,1097.696,40.491,0.0383,0.30952,1,none,110.448,121.502,11.054,0.1001,0.42063,0.99666,none,67,73,6,0.0896,0.6004,1,none,16.193,16.027,-0.166,-0.0103,0.84127,1,none,0,0,0,0,0.44069,1,none,505,543,38,0.0752,0.54762,1,none
d9ad7c039b804aad2c27fa085c82220b5808eb71,2024-11-04T22:35:45Z,7c0239e693be2bd0274244fc55c943a7566bf531,ok,0,0,0,,2820196,none,1095.372,1094.257,-1.115,-0.001,0.84127,1,none,115.432,110.529,-4.903,-0.0425,0.84127,0.99666,none,70,76,6,0.0857,0.22222,1,none,19.451,15.639,-3.812,-0.196,0.54762,1,none,0,0,0,0,0.42371,1,none,487,489,2,0.0041,0.40053,1,none
798f5f4dfb3eaefa7cfaef9b6e0c01486a78f0ad,2024-11-06T16:41:41Z,d9ad7c039b804aad2c27fa085c82220b5808eb71,ok,0,0,0,,2820228,none,1058.588,1098.965,40.378,0.0381,0.42063,1,none,110.624,109.591,-1.033,-0.0093,0.84127,0.99666,none,72,95,23,0.3194,0.17322,1,none,18.058,19.077,1.019,0.0564,0.84127,1,none,0,0,0,0,1,1,none,472,505,33,0.0699,0.42063,1,none
df168a68833bf66b2ab7618f96b48d1a92676197,2024-11-07T21:14:49Z,798f5f4dfb3eaefa7cfaef9b6e0c01486a78f0ad,ok,0,0,0,,2819482,none,1075.656,1059.753,-15.903,-0.0148,0.69048,1,none,122.159,108.984,-13.175,-0.1079,0.54762,0.99666,none,71.5,73,1.5,0.021,1,1,none,21.097,16.779,-4.318,-0.2047,0.84127,1,none,0,0,0,0,1,1,none,507,471,-36,-0.071,0.46334,1,none
ef9ea14a75f085fb64255f5a4f11bc14610df9aa,2024-11-09T13:42:11+05:30,df168a68833bf66b2ab7618f96b48d1a92676197,ok,0,0,0,,2819482,none,1057.334,1098.193,40.859,0.0386,1,1,none,111.032,110.982,-0.05,-0.0005,0.84127,0.99666,none,69,78,9,0.1304,0.24915,1,none,19.414,17.044,-2.37,-0.1221,0.54762,1,none,0,0,0,0,1,1,none,489,489,0,0,0.83353,1,none
ee091d0dbd089ec79f070aedf8c1f857b7a55839,2024-11-09T21:45:37+05:30,ef9ea14a75f085fb64255f5a4f11bc14610df9aa,ok,0,0,0,,2819482,none,1056.507,1097.081,40.574,0.0384,1,1,none,108.279,120.461,12.182,0.1125,0.84127,0.99666,none,77,68,-9,-0.1169,0.54762,1,none,17.861,22.077,4.216,0.236,0.15079,0.95617,none,0,0,0,0,1,1,none,489,487,-2,-0.0041,0.45781,1,none
57cf577376e283beae08eb46192cfea7caa48d0c,2024-11-11T23:56:00+05:30,ee091d0dbd089ec79f070aedf8c1f857b7a55839,ok,0,0,1,,2819482,none,1096.086,1095.646,-0.439,-0.0004,0.90246,1,none,108.673,117.579,8.906,0.082,0.0209,0.99666,none,70,72,2,0.0286,0.86817,1,none,16.668,18.677,2.009,0.1205,0.56677,1,none,0,0,0,0,0.60451,1,none,489,488,-1,-0.002,0.6171,1,none
98c0a67333046afc1d9fbf90f87dd55923c3773d,2024-11-19T20:34:35+01:00,57cf577376e283beae08eb46192cfea7caa48d0c,ok,0,0,0,,2819482,none,1112.945,1096.314,-16.631,-0.0149,0.15079,1,none,121.214,107.632,-13.582,-0.112,0.54762,0.99666,none,72,91,19,0.2639,0.42063,1,none,22.183,21.713,-0.47,-0.0212,1,1,none,0,0,0,0,0.42371,1,none,505,505,0,0,0.91605,1,none
0927431d0d9145589554a77f0d6d3fd7c3e7149e,2024-11-19T20:46:55+01:00,98c0a67333046afc1d9fbf90f87dd55923c3773d,ok,0,0,1,,2819361,none,1099.294,1095.112,-4.181,-0.0038,0.32455,1,none,112.12,107.416,-4.704,-0.042,0.12615,0.99666,none,71,74,3,0.0423,0.77145,1,none,18.462,15.204,-3.258,-0.1765,0.04084,0.94953,none,0,0,0,0,1,1,none,490,490,0,0,0.95016,1,none
2db5bbcb29e263f4a5b2609b626d38d93d4758ee,2024-11-20T11:46:45+01:00,0927431d0d9145589554a77f0d6d3fd7c3e7149e,ok,0,0,0,,2819405,none,1100.413,1096.504,-3.91,-0.0036,0.42063,1,none,107.473,111.033,3.56,0.0331,0.69048,0.99666,none,76,70,-6,-0.0789,0.54762,1,none,18.53,15.032,-3.498,-0.1888,0.84127,1,none,0,0,0,0,0.42371,1,none,491,491,0,0,1,1,none
840f1428c49e3dffa6474743ca2677b7697638db,2024-11-20T13:10:07+01:00,2db5bbcb29e263f4a5b2609b626d38d93d4758ee,ok,0,0,0,,2819405,none,1080.766,1097.311,16.545,0.0153,0.84127,1,none,119.836,110.439,-9.397,-0.0784,1,1,none,70,70,0,0,0.91656,1,none,14.22,15.525,1.305,0.0918,0.84127,1,none,0,0,0,0,0.42371,1,none,487,505,18,0.037,0.34574,1,none
d21e0008ddb4470e5c8d9f5d5e33c033a7edc1c4,2024-11-21T15:18:18+01:00,840f1428c49e3dffa6474743ca2677b7697638db,ok,0,0,0,,2819451,none,1065.38,1058.552,-6.828,-0.0064,0.84127,1,none,109.846,122.488,12.642,0.1151,0.69048,0.99666,none,74,78,4,0.0541,0.42063,1,none,16.26,17.816,1.556,0.0957,0.84127,1,none,0,0,0,0,1,1,none,488,487,-1,-0.002,1,1,none
ab8b3537b386403f7a09288eb5925ce1aae5f21d,2024-11-21T15:19:00+01:00,d21e0008ddb4470e5c8d9f5d5e33c033a7edc1c4,ok,0,0,0,,2819431,none,1096.401,1058.155,-38.246,-0.0349,0.69048,1,none,111.476,107.727,-3.749,-0.0336,0.84127,0.99666,none,82,71,-11,-0.1341,0.54762,1,none,20.091,16.621,-3.47,-0.1727,0.42063,1,none,0,0,0,0,1,1,none,505,490,-15,-0.0297,0.7533,1,none
b2a6a87b10f31babd1ee1a69b02a3f3f24ba492f,2024-11-21T15:19:20+01:00,ab8b3537b386403f7a09288eb5925ce1aae5f21d,ok,0,0,0,,2819431,none,1099.635,1079.905,-19.729,-0.0179,0.30952,1,none,105.308,108.168,2.86,0.0272,0.15079,0.99666,none,75,75,0,0,0.54762,1,none,13.656,14.771,1.115,0.0816,0.84127,1,none,0,0,0,0,0.42371,1,none,491,507,16,0.0326,0.69048,1,none
a758aaf8f658d083277465e2ba7e571e8ddc86d5,2024-11-26T17:42:25+01:00,b2a6a87b10f31babd1ee1a69b02a3f3f24ba492f,ok,0,0,0,,2819514,none,1079.374,1095.215,15.841,0.0147,1,1,none,111.649,109.274,-2.375,-0.0213,0.22222,0.99666,none,67,77,10,0.1493,0.15079,1,none,17.011,17.234,0.223,0.0131,1,1,none,0,0,0,0,0.42371,1,none,488,488,0,0,0.91656,1,none
c0b80a03bd1ec92ff450452d1dc77644333d42fe,2024-11-26T18:53:25+01:00,a758aaf8f658d083277465e2ba7e571e8ddc86d5,ok,0,0,0,,2821773,none,1073.738,1101.316,27.577,0.0257,0.54762,1,none,114.422,108.407,-6.015,-0.0526,0.30952,0.99666,none,79,72,-7,-0.0886,0.84127,1,none,15.45,14.275,-1.175,-0.0761,1,1,none,0,0,0,0,1,1,none,488,522,34,0.0697,0.7533,1,none
31e2a0cb4afcc6ab52b1508f3895ea5cfb9963bd,2024-11-26T23:18:20+01:00,c0b80a03bd1ec92ff450452d1dc77644333d42fe,ok,0,0,1,,2821793,none,1078.637,1090.394,11.757,0.0109,0.56677,1,none,110.796,110.201,-0.595,-0.0054,0.34531,0.99666,none,67,74,7,0.1045,0.3608,1,none,14.053,19.761,5.708,0.4062,0.12615,0.95617,none,0,0,0,0,1,1,none,491,487,-4,-0.0081,0.1459,1,none
b5652b8e36abcc813478c65cdbe248aae774e5db,2024-11-27T13:09:44+01:00,31e2a0cb4afcc6ab52b1508f3895ea5cfb9963bd,ok,0,0,1,,2821814,none,1061.515,1097.117,35.602,0.0335,0.56677,1,none,120.135,109.743,-10.392,-0.0865,0.0675,0.99666,none,72,71.5,-0.5,-0.0069,0.46728,1,none,20.717,16.626,-4.091,-0.1975,0.43629,1,none,0,0,0,0,0.35065,1,none,488,503,15,0.0307,0.25306,1,none
8a1152ce366cae8a8b3fc532b95a665cf0900779,2024-12-09T21:57:37+01:00,b5652b8e36abcc813478c65cdbe248aae774e5db,ok,0,0,0,,2821871,none,1097.409,1097.571,0.163,0.0001,0.69048,1,none,110.462,122.069,11.607,0.1051,0.30952,0.99666,none,79,70,-9,-0.1139,0.6004,1,none,16.361,16.272,-0.089,-0.0054,0.84127,1,none,0,0,0,0,0.42371,1,none,507,489,-18,-0.0355,0.17322,1,none
9b401f6ea3aa99f83c6a18f4a691ea90fa36314c,2024-12-10T13:41:10+01:00,8a1152ce366cae8a8b3fc532b95a665cf0900779,ok,0,0,1,,2821817,none,1083.682,1114.891,31.21,0.0288,0.05553,1,none,109.933,110.533,0.6,0.0055,0.43629,0.99666,none,72,81,9,0.125,0.19836,1,none,17.74,16.623,-1.117,-0.063,0.68267,1,none,0,0,0,0,1,1,none,488,490,2,0.0041,0.32878,1,none
2af32219740b40633af023b7e8a17cb376f531cf,2024-12-10T20:10:34Z,9b401f6ea3aa99f83c6a18f4a691ea90fa36314c,ok,0,0,1,,2822015,none,1097.484,1086.333,-11.151,-0.0102,0.20168,1,none,111.502,120.337,8.835,0.0792,0.83813,0.99666,none,72,69,-3,-0.0417,0.44227,1,none,15.904,16.413,0.509,0.032,0.83813,1,none,0,0,0,0,0.60451,1,none,491,488,-3,-0.0061,0.36016,1,none
551bae07a755a60ccc8f952b3770c0b837ab27fe,2024-12-16T18:31:33+08:00,2af32219740b40633af023b7e8a17cb376f531cf,ok,0,0,0,,2822090,none,1104.401,1113.4,8.999,0.0081,1,1,none,109.29,121.153,11.863,0.1085,0.84127,0.99666,none,72,77,5,0.0694,1,1,none,17.636,13.972,-3.664,-0.2078,0.42063,1,none,0,0,0,0,0.42371,1,none,507,506,-1,-0.002,0.83353,1,none
d99e4a23ca0d9a6162e6c78ff52646189bc41d1a,2024-12-17T13:15:30+01:00,551bae07a755a60ccc8f952b3770c0b837ab27fe,ok,0,0,1,,2823040,none,1095.648,1098.234,2.586,0.0024,0.90246,1,none,111.008,108.787,-2.221,-0.02,0.51249,0.99666,none,70,72,2,0.0286,1,1,none,19.66,19.053,-0.607,-0.0309,0.46096,1,none,0,0,0,0,1,1,none,491,488,-3,-0.0061,0.96684,1,none
606ac6c743ad552a484ebae0251411744b18c55c,2024-12-22T22:47:21+01:00,d99e4a23ca0d9a6162e6c78ff52646189bc41d1a,ok,0,0,1,,2823057,none,1097.761,1100.947,3.187,0.0029,0.68267,1,none,120.587,110.933,-9.654,-0.0801,0.80633,0.99666,none,68,75,7,0.1029,0.1143,1,none,21.516,14.847,-6.669,-0.31,0.00657,0.4026,none,0,0,0,0,0.52383,1,none,488,489,1,0.002,0.30655,1,none
873698a1a2063c6c29ef84e4f0ba86edb14d0592,2024-12-22T22:47:39+01:00,606ac6c743ad552a484ebae0251411744b18c55c,ok,0,0,0,,2823030,none,1106.265,1098.087,-8.179,-0.0074,0.42063,1,none,109.756,115.438,5.682,0.0518,0.42063,0.99666,none,75,89,14,0.1867,0.84127,1,none,20.476,15.357,-5.119,-0.25,0.69048,1,none,0,0,0,0,1,1,none,489,508,19,0.0389,0.46334,1,none
1e3399eac865e13a96d615862524f8f5c33d45f2,2024-12-22T22:55:50+01:00,873698a1a2063c6c29ef84e4f0ba86edb14d0592,ok,0,0,0,,2823250,none,1059.966,1058.314,-1.652,-0.0016,0.69048,1,none,106.414,109.958,3.544,0.0333,1,1,none,72,67,-5,-0.0694,0.52962,1,none,18.639,15.622,-3.017,-0.1619,0.30952,1,none,0,0,0,0,1,1,none,487,473,-14,-0.0287,0.91656,1,none
56fca30bd0ab54018e8b848f06ee061658596561,2024-12-22T23:10:11+01:00,1e3399eac865e13a96d615862524f8f5c33d45f2,ok,0,0,0,,2823253,none,1099.467,1096.15,-3.317,-0.003,0.42063,1,none,109.501,107.098,-2.403,-0.0219,1,1,none,71,79,8,0.1127,0.14246,1,none,20.084,17.799,-2.285,-0.1138,0.69048,1,none,0,0,0,0,0.60047,1,none,490,488,-2,-0.0041,0.83353,1,none
107eae3916d293e9431d3fda61fe3a7c1398a90d,2024-12-23T11:10:35+01:00,56fca30bd0ab54018e8b848f06ee061658596561,ok,0,0,0,,2823609,none,1085.255,1099.046,13.791,0.0127,0.15079,1,none,109.377,109.986,0.609,0.0056,0.69048,0.99666,none,67.5,71,3.5,0.0519,0.91656,1,none,15.415,17.777,2.362,0.1532,1,1,none,0,0,0,0,1,1,none,506,522,16,0.0316,1,1,none
36274f1f3e4396e37b52a675bbc1b176b25961cb,2025-01-05T16:53:05+01:00,107eae3916d293e9431d3fda61fe3a7c1398a90d,ok,0,0,0,,2823620,none,1098.372,1104.482,6.111,0.0056,0.84127,1,none,107.735,109.27,1.535,0.0142,0.22222,0.99666,none,83,76,-7,-0.0843,0.30952,1,none,12.257,17.652,5.395,0.4402,0.69048,1,none,0,0,0,0,0.42371,1,none,506,525,19,0.0375,0.52836,1,none
c84babf574914fb642bb8ea79ea29e279e8c2a53,2025-01-05T17:10:55+01:00,36274f1f3e4396e37b52a675bbc1b176b25961cb,ok,0,0,0,,2823777,none,1057.256,1103.407,46.152,0.0437,0.42063,1,none,109.585,109.972,0.387,0.0035,1,1,none,83,76,-7,-0.0843,1,1,none,16.749,20.701,3.952,0.236,0.42063,1,none,0,0,0,0,0.42371,1,none,488,508,20,0.041,0.33978,1,none
12c39d1034f696dcade2c66115392543a3985d57,2025-01-05T21:12:07Z,d33e42e3a1a955fa95c61310128dfe4ca2e5fdae,ok,0,0,0,,2823562,none,1112.31,1097.079,-15.231,-0.0137,1,1,none,110.529,107.946,-2.583,-0.0234,0.84127,0.99666,none,69.5,87,17.5,0.2518,0.30952,1,none,20.336,18.224,-2.112,-0.1039,0.84127,1,none,0,0,0,0,0.69854,1,none,507,506,-1,-0.002,0.7533,1,none
b63689c23095d7a5fcea35a8d1e892f3ddacc1d0,2025-01-05T21:45:04+01:00,c84babf574914fb642bb8ea79ea29e279e8c2a53,ok,0,0,1,,2823793,none,1098.187,1097.296,-0.891,-0.0008,0.65287,1,none,108.269,109.619,1.35,0.0125,0.03294,0.99666,none,69,72,3,0.0435,0.72439,1,none,18.301,19.289,0.988,0.054,0.30459,1,none,0,0,0,0,0.5501,1,none,492,492,0,0,0.69316,1,none
3b9ffd958615103ffd499566248ceb4db84cb530,2025-01-05T21:47:20+01:00,b63689c23095d7a5fcea35a8d1e892f3ddacc1d0,ok,0,0,0,,2823827,none,1062.417,1058.399,-4.018,-0.0038,0.69048,1,none,108.234,109.776,1.542,0.0142,0.54762,0.99666,none,75,72,-3,-0.04,1,1,none,1.931,19.842,17.911,9.2755,0.30952,1,none,0,0,0,0,0.5186,1,none,487,524,37,0.076,0.69048,1,none
d33e42e3a1a955fa95c61310128dfe4ca2e5fdae,2025-01-05T21:50:24+01:00,3b9ffd958615103ffd499566248ceb4db84cb530,ok,0,0,1,,2823561,none,1097.267,1097.208,-0.059,-0.0001,0.77484,1,none,108.591,110.092,1.501,0.0138,0.08143,0.99666,none,69,77,8,0.1159,0.05626,1,none,17.995,20.542,2.547,0.1415,0.08919,0.95617,none,0,0,0,0,0.524,1,none,489,491,2,0.0041,0.19047,1,none
f2f821991756b1884b7d1cd00dfb5eec04e82b8e,2025-01-05T22:21:39+01:00,12c39d1034f696dcade2c66115392543a3985d57,ok,0,0,1,,2823541,none,1075.349,1098.738,23.389,0.0218,0.80633,1,none,110.021,109.345,-0.676,-0.0061,0.28544,0.99666,none,78,72,-6,-0.0769,0.08136,1,none,17.601,19.655,2.054,0.1167,0.48636,1,none,0,0,0,0,0.74916,1,none,505,490,-15,-0.0297,0.15147,1,none
78ab12c7e656a8b86d2aa65aba760c7eaa60bfa6,2025-01-06T21:21:11+01:00,f2f821991756b1884b7d1cd00dfb5eec04e82b8e,ok,0,0,0,,2823577,none,1096.057,1072.467,-23.589,-0.0215,0.69048,1,none,109.379,108.739,-0.64,-0.0059,0.84127,0.99666,none,69,71,2,0.029,0.52962,1,none,15.217,18.819,3.602,0.2367,1,1,none,0,0,0,0,0.42371,1,none,490,505,15,0.0306,0.84127,1,none
c92f3bebf5fc4e9a1512be368f05d800ae1b92f7,2025-01-09T14:26:12+01:00,78ab12c7e656a8b86d2aa65aba760c7eaa60bfa6,ok,0,0,1,,2823537,none,1062.942,1061.783,-1.159,-0.0011,1,1,none,109.979,109.606,-0.373,-0.0034,0.65287,0.99666,none,74,74,0,0,0.75552,1,none,17.886,18.517,0.631,0.0353,0.7437,1,none,0,0,0,0,0.52383,1,none,489,502,13,0.0266,0.81919,1,none
00b5b0a0ca556a527feb3f768fbec5842df86549,2025-01-13T15:03:56Z,c92f3bebf5fc4e9a1512be368f05d800ae1b92f7,ok,0,0,1,,2823689,none,1061.315,1100.292,38.977,0.0367,0.17361,1,none,108.406,107.497,-0.909,-0.0084,0.13697,0.99666,none,74,76,2,0.027,0.83813,1,none,17.008,17.008,0,0,0.71297,1,none,0,0,0,0,1,1,none,491,489,-2,-0.0041,0.58588,1,none
46f42ef8d79a09976a99dc138878b0f409ba40a9,2025-01-14T19:36:47+01:00,00b5b0a0ca556a527feb3f768fbec5842df86549,ok,0,0,0,,2823686,none,1098.4,1069.882,-28.518,-0.026,0.84127,1,none,108.665,118.964,10.299,0.0948,0.69048,0.99666,none,75,84,9,0.12,0.30952,1,none,21.299,23.689,2.39,0.1122,0.22222,1,none,0,0,0,0,1,1,none,507,485,-22,-0.0434,0.59929,1,none
ae6bee340329850fdeacb4f41a275a435a9edce8,2025-01-14T21:08:25+01:00,46f42ef8d79a09976a99dc138878b0f409ba40a9,ok,0,0,0,,2823830,none,1060.822,1056.301,-4.521,-0.0043,1,1,none,118.954,109.477,-9.477,-0.0797,0.69048,0.99666,none,88,91,3,0.0341,0.84127,1,none,14.182,17.638,3.456,0.2437,0.42063,1,none,0,0,0,0,0.42371,1,none,490,490,0,0,1,1,none
8551823da9fca1eea03b30be1f27993ebd2951e3,2025-01-16T16:59:11+01:00,ae6bee340329850fdeacb4f41a275a435a9edce8,ok,0,0,0,,2824276,none,1059.194,1096.127,36.933,0.0349,0.84127,1,none,109.672,110.501,0.829,0.0076,0.84127,0.99666,none,70,71,1,0.0143,1,1,none,15.817,15.633,-0.184,-0.0116,0.84127,1,none,0,0,0,0,0.5186,1,none,473,487,14,0.0296,1,1,none
91ebf8b0ea69a7203c9d1ecc9b7622954dbbc322,2025-01-17T18:07:03+01:00,8551823da9fca1eea03b30be1f27993ebd2951e3,ok,0,0,0,,2827822,none,1100.735,1113.413,12.678,0.0115,0.84127,1,none,109.054,106.796,-2.258,-0.0207,0.69048,0.99666,none,89,70,-19,-0.2135,0.42063,1,none,14.192,18.475,4.283,0.3018,0.84127,1,none,0,0,0,0,0.42371,1,none,522,505,-17,-0.0326,0.40197,1,none
fa05ae1230079eeb1b87d900236ceb3260103e90,2025-01-22T12:43:02+01:00,91ebf8b0ea69a7203c9d1ecc9b7622954dbbc322,ok,0,0,0,,2827808,none,1136.043,1098.83,-37.213,-0.0328,0.84127,1,none,113,107.587,-5.413,-0.0479,0.42063,0.99666,none,73,76.5,3.5,0.0479,0.69048,1,none,10.523,19.021,8.498,0.8076,1,1,none,0,0,0,0,1,1,none,490,491,1,0.002,0.4606,1,none
ec06fbc1fcad2a8fa9ebfd971f29b7301c15245e,2025-01-22T21:30:15+01:00,fa05ae1230079eeb1b87d900236ceb3260103e90,ok,0,0,1,,2827813,none,1096.072,1113.729,17.656,0.0161,0.36688,1,none,108.139,112.787,4.648,0.043,0.00167,0.46459,none,72,71,-1,-0.0139,0.56127,1,none,18.849,18.034,-0.815,-0.0432,1,1,none,0,0,0,0,0.57653,1,none,491,491,0,0,0.90056,1,none
dd1b45a25a171549e82706b156330e22098c85b5,2025-01-23T07:25:46+08:00,ec06fbc1fcad2a8fa9ebfd971f29b7301c15245e,ok,0,0,1,,2828050,none,1101.254,1115.851,14.598,0.0133,0.96742,1,none,112.996,109.547,-3.449,-0.0305,0.77484,0.99666,none,74.5,69,-5.5,-0.0738,0.04627,1,none,18.676,16.251,-2.425,-0.1298,0.36688,1,none,0,0,0,0,0.26131,1,none,506,505,-1,-0.002,0.28788,1,none
0bf234fcc921c47f1f3395e6410023fc7efc11f0,2025-01-23T07:26:12+08:00,dd1b45a25a171549e82706b156330e22098c85b5,ok,0,0,1,,2828176,none,1096.498,1095.881,-0.617,-0.0006,0.83813,1,none,116.789,116.98,0.191,0.0016,0.59488,0.99666,none,75,71.5,-3.5,-0.0467,0.3723,1,none,15.011,20.942,5.931,0.3951,0.02786,0.80519,none,0,0,0,0,1,1,none,492,505,13,0.0264,0.90076,1,none
f87c2cde09ea7bdf91abbf238ab3fd4a0133c2ce,2025-01-23T16:50:47+01:00,0bf234fcc921c47f1f3395e6410023fc7efc11f0,ok,0,0,1,,2828206,none,1096.143,1094.774,-1.368,-0.0012,0.96742,1,none,109.665,109.404,-0.261,-0.0024,0.93489,1,none,69.5,77,7.5,0.1079,0.13495,1,none,19.034,17.444,-1.59,-0.0835,1,1,none,0,0,0,0,0.07973,1,none,490,505,15,0.0306,0.35994,1,none
8f20b29b7312a6075674177238485e7598bc3276,2025-01-24T16:50:07+01:00,f87c2cde09ea7bdf91abbf238ab3fd4a0133c2ce,ok,0,0,1,,2828232,none,1114.342,1100.677,-13.666,-0.0123,0.7437,1,none,112.276,110.611,-1.665,-0.0148,0.68267,0.99666,none,72,79,7,0.0972,0.37198,1,none,16.249,17.669,1.42,0.0874,0.7437,1,none,0,0,0,0,0.16439,1,none,505,505,0,0,0.5747,1,none
49f1276ef238b51f80254408972f5046feb6b784,2025-01-24T20:18:08+01:00,8f20b29b7312a6075674177238485e7598bc3276,ok,0,0,0,,2828271,none,1105.219,1150.241,45.023,0.0407,1,1,none,116.978,108.584,-8.394,-0.0718,0.15079,0.99666,none,80,86,6,0.075,0.84127,1,none,19.094,19.276,0.182,0.0095,0.69048,1,none,0,0,0,0,1,1,none,507,523,16,0.0316,0.75257,1,none
b8da5065fdc77a34d25ea149169f7bb90e46a892,2025-01-25T17:00:26+01:00,49f1276ef238b51f80254408972f5046feb6b784,ok,0,0,0,,2828333,none,1098.456,1099.392,0.936,0.0009,1,1,none,116.49,120.222,3.732,0.032,0.84127,0.99666,none,72,74,2,0.0278,0.83403,1,none,17.861,17.21,-0.651,-0.0364,0.69048,1,none,0,0,0,0,0.42371,1,none,492,525,33,0.0671,0.6004,1,none
807b3c59f2eae4b152142a54b5044e4cc485e579,2025-01-25T17:00:39+01:00,b8da5065fdc77a34d25ea149169f7bb90e46a892,ok,0,0,0,,2828368,none,1117.495,1100.381,-17.114,-0.0153,1,1,none,109.003,115.355,6.352,0.0583,0.84127,0.99666,none,72.5,76,3.5,0.0483,0.69048,1,none,20.948,16.466,-4.482,-0.214,0.42063,1,none,0,0,0,0,0.42371,1,none,507,491,-16,-0.0316,0.46334,1,none
65f218b100a90b6b5b18c1f1865d443b8991aeb0,2025-01-25T17:05:50+01:00,807b3c59f2eae4b152142a54b5044e4cc485e579,ok,0,0,0,,2828373,none,1115.469,1115.519,0.051,0,1,1,none,124.658,127.509,2.851,0.0229,0.30952,0.99666,none,79,73,-6,-0.0759,0.84127,1,none,19.697,20.308,0.611,0.031,0.69048,1,none,0,0,0,0,0.42371,1,none,490,490,0,0,0.75033,1,none
7028daa44a3317fe82aad798580fc2f01c216096,2025-01-28T19:23:35+01:00,65f218b100a90b6b5b18c1f1865d443b8991aeb0,ok,0,0,0,,2828378,none,1116.658,1101.611,-15.047,-0.0135,0.84127,1,none,108.816,108.463,-0.353,-0.0032,0.84127,0.99666,none,77,69,-8,-0.1039,0.22222,1,none,16.449,17.892,1.443,0.0877,0.30952,1,none,0,0,0,0,1,1,none,489,507,18,0.0368,0.17322,1,none
52eaf645919361c05d5ff75bd32d0e0e3a54e7e1,2025-01-28T22:10:16+01:00,7028daa44a3317fe82aad798580fc2f01c216096,ok,0,0,0,,2828567,none,1113.956,1096.823,-17.133,-0.0154,0.42063,1,none,110.367,110.258,-0.109,-0.001,0.69048,0.99666,none,74.5,72,-2.5,-0.0336,1,1,none,17.44,18.047,0.607,0.0348,1,1,none,0,0,0,0,0.42371,1,none,508,520,12,0.0236,0.69048,1,none
a3e1619635cec683eea806e18c870fd6d963b986,2025-01-29T19:02:54+01:00,52eaf645919361c05d5ff75bd32d0e0e3a54e7e1,ok,0,0,0,,2828482,none,1121.044,1096.291,-24.753,-0.0221,0.42063,1,none,109.892,109.305,-0.587,-0.0053,0.84127,0.99666,none,80,69.5,-10.5,-0.1313,0.40197,1,none,20.246,20.222,-0.024,-0.0012,0.69048,1,none,0,0,0,0,1,1,none,508,507,-1,-0.002,0.40053,1,none
bd1590fc74c6b38df73a34e74cb0cbacccd988a0,2025-01-29T21:46:40Z,d29c3db7f684d16fd1d4620dbd1263f148bc33a3,ok,0,0,1,,2828668,none,1120.148,1098.436,-21.712,-0.0194,0.02635,0.77398,none,114.739,110.417,-4.322,-0.0377,0.48636,0.99666,none,80,71,-9,-0.1125,0.07112,1,none,20.285,18.86,-1.425,-0.0702,0.59488,1,none,0,0,0,0,0.57716,1,none,507,508,1,0.002,0.24067,1,none
d29c3db7f684d16fd1d4620dbd1263f148bc33a3,2025-01-29T22:24:26+01:00,a3e1619635cec683eea806e18c870fd6d963b986,ok,0,0,0,,2828440,none,1121.707,1135.942,14.235,0.0127,0.84127,1,none,112.714,111.142,-1.572,-0.0139,0.69048,0.99666,none,76.5,86,9.5,0.1242,0.22222,1,none,16.211,14.826,-1.385,-0.0854,1,1,none,0,0,0,0,1,1,none,506,523,17,0.0336,0.24332,1,none
84bab403ffaac3aa8b3e00d9513b30f2b8d4f9fd,2025-01-30T13:41:41Z,61e0bb83d091a761d4e8305ac99c486c99ac4f2c,ok,0,0,0,,2828795,none,1168.514,1160.014,-8.499,-0.0073,1,1,none,94.781,102.06,7.279,0.0768,1,1,none,109.5,112,2.5,0.0228,0.69048,1,none,37.465,45.126,7.661,0.2045,0.69048,1,none,0,0,0,0,0.69854,1,none,491,493,2,0.0041,0.54762,1,none
61e0bb83d091a761d4e8305ac99c486c99ac4f2c,2025-01-30T14:41:08+01:00,bd1590fc74c6b38df73a34e74cb0cbacccd988a0,ok,0,0,0,,2828780,none,1127.375,1077.565,-49.811,-0.0442,0.42063,1,none,107.052,121.714,14.662,0.137,0.54762,0.99666,none,98,96,-2,-0.0204,1,1,none,25.927,8.438,-17.489,-0.6745,0.15079,0.95617,none,0,0,0,0,0.42371,1,none,510,490,-20,-0.0392,0.2948,1,none
6cdb683410626a16ef08b16b1a773ccfb4cec53e,2025-01-31T12:33:54+01:00,84bab403ffaac3aa8b3e00d9513b30f2b8d4f9fd,ok,0,0,1,,2828775,none,1139.434,1136.303,-3.131,-0.0027,0.62359,1,none,116.343,118.212,1.869,0.0161,0.93489,1,none,77,94,17,0.2208,0.10127,1,none,70.445,65.721,-4.724,-0.0671,0.48636,1,none,0,0,0,0,0.35065,1,none,498,496,-2,-0.004,0.49315,1,none
9b6edc767a2e66cfaf6fc83f099e31f347c9178a,2025-01-31T14:19:07+01:00,6cdb683410626a16ef08b16b1a773ccfb4cec53e,ok,0,0,0,,2828922,none,1057.047,1098.786,41.739,0.0395,0.54762,1,none,103.845,112.019,8.174,0.0787,0.15079,0.99666,none,87,78,-9,-0.1034,1,1,none,64.987,60.812,-4.175,-0.0642,0.84127,1,none,0,0,0,0,0.42371,1,none,518,490,-28,-0.0541,0.22222,1,none
511433988c9ed80acbbd1ad8c2a90df701fae9ae,2025-01-31T16:52:50+01:00,9b6edc767a2e66cfaf6fc83f099e31f347c9178a,ok,0,0,1,,2828904,none,1106.796,1097.986,-8.809,-0.008,0.16069,1,none,124.574,125.357,0.783,0.0063,0.7437,0.99666,none,70,72,2,0.0286,0.58941,1,none,51.768,53.836,2.068,0.0399,0.71297,1,none,0,0,0,0,0.0796,1,none,504,521,17,0.0337,0.30926,1,none
86c67bd37fe182f70ad994dd7acb6ee2dc128c39,2025-02-01T12:27:41+01:00,511433988c9ed80acbbd1ad8c2a90df701fae9ae,ok,0,0,0,,2829615,none,1096.066,1096.277,0.211,0.0002,1,1,none,129.128,120.159,-8.969,-0.0695,0.69048,0.99666,none,70,72,2,0.0286,0.7533,1,none,56.585,55.694,-0.891,-0.0157,1,1,none,0,0,0,0,1,1,none,506,508,2,0.004,0.6004,1,none
302664e500c7f2ee44a1f107d8f4680c0254305b,2025-02-01T19:21:03+01:00,86c67bd37fe182f70ad994dd7acb6ee2dc128c39,ok,0,0,0,,2829942,none,1116.452,1148.954,32.502,0.0291,0.69048,1,none,124.908,122.524,-2.384,-0.0191,0.42063,0.99666,none,68,80,12,0.1765,0.69048,1,none,53.467,56.555,3.088,0.0578,0.15079,0.95617,none,0,0,0,0.1138,0.15634,1,none,489,510,21,0.0429,0.40197,1,none
424e94a403b0c819c3624afb8aad4ae18e32e1dc,2025-02-04T19:23:47+01:00,302664e500c7f2ee44a1f107d8f4680c0254305b,ok,0,0,1,,2830152,none,1098.967,1111.201,12.235,0.0111,0.51249,1,none,124.722,125.231,0.509,0.0041,0.62359,0.99666,none,63,72,9,0.1429,0.0343,1,none,53.874,54.958,1.084,0.0201,0.80633,1,none,0,0,0,0,1,1,none,505,504,-1,-0.002,0.86748,1,none
4f6437250603028b7fb8d137cf2aae27c354bd52,2025-02-04T22:05:56+01:00,424e94a403b0c819c3624afb8aad4ae18e32e1dc,ok,0,0,1,,2830240,none,1094.609,1119.136,24.527,0.0224,0.10645,1,none,126.159,112.234,-13.925,-0.1104,0,0.00003,none,64,65,1,0.0156,0.64754,1,none,50.97,31.131,-19.839,-0.3892,0,0.00268,none,0,0,0,0,0.57653,1,none,488,505,17,0.0348,0.00916,0.5679,none
b0c8c5f7a7ed72d8356851deb723894267cdb6be,2025-02-06T10:52:03+01:00,4f6437250603028b7fb8d137cf2aae27c354bd52,ok,0,0,0,,2830266,none,1134.113,1123.15,-10.963,-0.0097,0.84127,1,none,110.855,117.891,7.036,0.0635,0.84127,0.99666,none,62,70,8,0.129,0.30952,1,none,28.361,19.881,-8.48,-0.299,0.84127,1,none,0,0,0,0,1,1,none,507,506,-1,-0.002,0.83252,1,none
9e49c9254b4740613917cdcff5651d3e2b0c9d7e,2025-02-06T14:45:49+01:00,b0c8c5f7a7ed72d8356851deb723894267cdb6be,ok,0,0,1,,2830261,none,1114.134,1098.078,-16.056,-0.0144,0.08919,1,none,119.281,113.788,-5.493,-0.0461,0.18727,0.99666,none,65,67,2,0.0308,0.45495,1,none,29.928,28.86,-1.068,-0.0357,0.77484,1,none,0,0,0,0,0.35635,1,none,506,505,-1,-0.002,0.66159,1,none
c8f4a4cb41ea743b58765444ee064aaebca5d8c3,2025-02-10T14:20:18Z,9e49c9254b4740613917cdcff5651d3e2b0c9d7e,ok,0,0,0,,2830305,none,1100.859,1114.538,13.679,0.0124,0.69048,1,none,116.165,117.01,0.845,0.0073,0.84127,0.99666,none,72,68,-4,-0.0556,0.54762,1,none,26.866,27.533,0.667,0.0248,1,1,none,0,0,0,0,0.60047,1,none,506,505,-1,-0.002,0.67424,1,none
c329470b736b5aa6e8223617c07af4d64f8ddc92,2025-02-10T15:24:08+01:00,c8f4a4cb41ea743b58765444ee064aaebca5d8c3,ok,0,0,1,,2830345,none,1115.652,1113.526,-2.126,-0.0019,0.48636,1,none,115.927,111.495,-4.432,-0.0382,0.46096,0.99666,none,66.5,64,-2.5,-0.0376,0.64732,1,none,27.991,29.763,1.772,0.0633,0.0675,0.95617,none,0,0,0,0,0.16439,1,none,506,505,-1,-0.002,0.11381,1,none
e3060dfb8fbb34e3c6773f566b188a6f3c4c98f0,2025-02-11T14:23:08+01:00,c329470b736b5aa6e8223617c07af4d64f8ddc92,ok,0,0,0,,2830347,none,1118.111,1100.321,-17.789,-0.0159,0.42063,1,none,114.853,118.048,3.195,0.0278,0.69048,0.99666,none,65.5,67,1.5,0.0229,0.75257,1,none,32.663,16.066,-16.597,-0.5081,0.15079,0.95617,none,0,0,0,0,0.17971,1,none,508,503,-5,-0.0098,0.46334,1,none
26f02bebeae1d422a11a0ca9e7a96752c9926881,2025-02-12T13:02:53+01:00,e3060dfb8fbb34e3c6773f566b188a6f3c4c98f0,ok,0,0,0,,2830343,none,1119.195,1114.831,-4.365,-0.0039,0.69048,1,none,120.516,117.411,-3.105,-0.0258,0.42063,0.99666,none,67,66,-1,-0.0149,0.67424,1,none,28.638,28.658,0.02,0.0007,1,1,none,0,0,0,0,0.69854,1,none,505,506,1,0.002,0.28733,1,none
77dc055d81269a0ae4d15a5c93c5ccc407ca139b,2025-02-12T15:02:35+01:00,26f02bebeae1d422a11a0ca9e7a96752c9926881,ok,0,0,1,,2831275,none,1096.232,1116.272,20.04,0.0183,0.30459,1,none,116.644,109.754,-6.89,-0.0591,0.12615,0.99666,none,66,69,3,0.0455,0.04193,1,none,27.867,28.268,0.401,0.0144,0.62359,1,none,0,0,0,0,0.35065,1,none,505,489,-16,-0.0317,0.12436,1,none
f12b92ce9de0c00d3e97658a07675ef1917e3d6c,2025-02-13T12:47:27+01:00,77dc055d81269a0ae4d15a5c93c5ccc407ca139b,ok,0,0,0,,2833871,none,1111.686,1113.154,1.468,0.0013,0.69048,1,none,115.923,114.648,-1.275,-0.011,1,1,none,63,62,-1,-0.0159,0.6004,1,none,24.204,24.096,-0.108,-0.0045,1,1,none,0,0,0,0,0.42371,1,none,506,540,34,0.0672,0.6004,1,none
9ee0b8ffcbd3664a47748a93262860321a203821,2025-02-13T13:07:44Z,16b86d7d1671f766580f3a45c79ecb465523cad1,ok,0,0,0,,2813455,none,1212.733,1243.834,31.102,0.0256,0.69048,1,none,115.554,114.365,-1.189,-0.0103,1,1,none,69,79,10,0.1449,1,1,none,26.282,26.67,0.388,0.0148,0.84127,1,none,0,0,0,0,0.42371,1,none,507,506,-1,-0.002,0.52836,1,none
16b86d7d1671f766580f3a45c79ecb465523cad1,2025-02-13T13:57:14+01:00,f12b92ce9de0c00d3e97658a07675ef1917e3d6c,ok,0,0,1,,2813378,regression,1110.26,1211.938,101.678,0.0916,0,0.00008,regression,115.809,115.576,-0.233,-0.002,0.51249,0.99666,none,69,83,14,0.2029,0.00893,0.55391,none,29.561,30.051,0.49,0.0166,0.7437,1,none,0,0,0,0,0.91613,1,none,506,506,0,0,0.90058,1,none
31e8476c78aca31df1342dc26903e42301d2c3fd,2025-02-25T19:18:42+01:00,9ee0b8ffcbd3664a47748a93262860321a203821,ok,0,0,1,,2837442,none,1220.245,1228.35,8.105,0.0066,0.24956,1,none,101.761,106.292,4.531,0.0445,0.32455,0.99666,none,110,88,-22,-0.2,0.01805,0.88706,none,54.1,67.202,13.102,0.2422,0.0742,0.95617,none,0,0,0,0,0.35065,1,none,574,573,-1,-0.0017,0.455,1,none
0ffeaeaecfc77a952c3468ad81f56f1c7489177a,2025-02-25T22:52:06+01:00,31e8476c78aca31df1342dc26903e42301d2c3fd,ok,0,0,0,,2837919,none,1224.776,1226.669,1.892,0.0015,1,1,none,80.597,80.289,-0.308,-0.0038,0.84127,0.99666,none,77,79,2,0.026,0.54762,1,none,25.702,24.96,-0.742,-0.0289,0.84127,1,none,0,0,0,0,1,1,none,564,540,-24,-0.0426,0.09524,1,none
392118bf260529aba49371db78be4439ac2ede9a,2025-02-28T15:36:41+01:00,0ffeaeaecfc77a952c3468ad81f56f1c7489177a,ok,0,0,0,,2837962,none,1261.765,1209.548,-52.217,-0.0414,0.22222,1,none,86.358,85.818,-0.54,-0.0063,0.84127,0.99666,none,76,74,-2,-0.0263,0.42063,1,none,31.565,34.865,3.3,0.1045,0.84127,1,none,0,0,0,0,0.17702,1,none,581,561,-20,-0.0344,0.42063,1,none
ecef5d12f4af4f70e240fc54fb626c16d005eee3,2025-02-28T16:49:09+01:00,392118bf260529aba49371db78be4439ac2ede9a,ok,0,0,0,,2809543,none,1264.624,1239.734,-24.89,-0.0197,0.54762,1,none,82.728,80.317,-2.411,-0.0291,0.00794,0.99666,none,75,63,-12,-0.16,0.15079,1,none,27.152,24.12,-3.032,-0.1117,0.22222,1,none,0,0,0,0,0.42371,1,none,561,574,13,0.0232,0.6004,1,none
68578556ffd7ab3a70a10f286525ccf913b165fa,2025-03-01T11:03:02+01:00,ecef5d12f4af4f70e240fc54fb626c16d005eee3,ok,0,0,0,,2809605,none,1221.519,1222.009,0.489,0.0004,1,1,none,93.927,93.678,-0.249,-0.0027,0.69048,0.99666,none,61,75,14,0.2295,0.15079,1,none,11.821,17.188,5.367,0.454,0.15079,0.95617,none,0,0,0,0,0.42371,1,none,578,577,-1,-0.0017,0.91656,1,none
2523624f157eb725809bc14e1d395e7bdc6e840b,2025-03-02T14:24:50+01:00,68578556ffd7ab3a70a10f286525ccf913b165fa,ok,0,0,0,,2815688,none,1240.21,1218.257,-21.953,-0.0177,0.30952,1,none,94.344,92.535,-1.809,-0.0192,0.09524,0.99666,none,52,61,9,0.1731,0.09524,1,none,8.302,8.928,0.626,0.0754,1,1,none,0,0,0,0,1,1,none,562,578,16,0.0285,0.84127,1,none
d1112bbf4f39617e2e20c77e68eb6cec643b11e9,2025-03-02T18:24:20+01:00,2523624f157eb725809bc14e1d395e7bdc6e840b,ok,0,0,0,,2815678,none,1232.667,1250.687,18.019,0.0146,0.54762,1,none,93.543,95.552,2.009,0.0215,1,1,none,58,53,-5,-0.0862,0.52962,1,none,11.559,9.26,-2.299,-0.1989,0.22222,1,none,0,0,0,0,0.60047,1,none,559,560,1,0.0018,0.7533,1,none
d21c6a1bc698ebbf31695cbe1233fe8c431c9896,2025-03-04T14:00:13+01:00,d1112bbf4f39617e2e20c77e68eb6cec643b11e9,ok,0,0,0,,2819312,none,1221.536,1211.183,-10.353,-0.0085,1,1,none,94.453,91.941,-2.512,-0.0266,0.22222,0.99666,none,66,52,-14,-0.2121,0.42063,1,none,15.998,8.809,-7.189,-0.4494,0.15079,0.95617,none,0,0,0,0,1,1,none,508,502,-6,-0.0118,0.54762,1,none
c5d3bb0b6a84a0464f6f6fd5802075373b5ffbe8,2025-03-04T17:24:39+01:00,d21c6a1bc698ebbf31695cbe1233fe8c431c9896,ok,0,0,0,,2819401,none,1171.423,1216.207,44.784,0.0382,0.30952,1,none,91.683,92.216,0.533,0.0058,0.54762,0.99666,none,70,73,3,0.0429,0.69048,1,none,11.743,8.122,-3.621,-0.3084,0.69048,1,none,0,0,0,0,0.17971,1,none,505,523,18,0.0356,1,1,none
d92384b77d1fdce42a56a94395876f1b1e5c1e55,2025-03-04T17:45:52Z,c5d3bb0b6a84a0464f6f6fd5802075373b5ffbe8,ok,0,0,0,,2817643,none,1197.323,1215.532,18.208,0.0152,0.84127,1,none,94.544,95,0.456,0.0048,0.84127,0.99666,none,72,69,-3,-0.0417,0.69048,1,none,11.135,10.423,-0.712,-0.0639,0.84127,1,none,0,0,0,0,1,1,none,487,504,17,0.0349,0.34652,1,none
70c3e921bb7f6e4576620d1fc9fa7d81dab6fcc6,2025-03-04T21:45:48+01:00,d92384b77d1fdce42a56a94395876f1b1e5c1e55,ok,0,0,1,,2817743,none,1172.733,1210.951,38.218,0.0326,0.17361,1,none,94.446,94.448,0.002,0,0.96742,1,none,72,69,-3,-0.0417,0.75568,1,none,11.548,12.386,0.838,0.0726,0.18727,1,none,0,0,0,0,0.97197,1,none,490,506,16,0.0327,0.26875,1,none
a9e2d2348bdad814449b946eefc9515d8132cf8b,2025-03-05T23:06:01+01:00,70c3e921bb7f6e4576620d1fc9fa7d81dab6fcc6,ok,0,0,0,,2817840,none,1180.551,1217.567,37.017,0.0314,0.15079,1,none,94.35,94.174,-0.176,-0.0019,0.54762,0.99666,none,65,69,4,0.0615,0.42063,1,none,13.37,11.041,-2.329,-0.1742,0.84127,1,none,0,0,0,0,1,1,none,509,490,-19,-0.0373,0.83353,1,none
4ec812bc18df090b9acc797e9a385156d13a1285,2025-03-08T12:39:54+01:00,a9e2d2348bdad814449b946eefc9515d8132cf8b,ok,0,0,0,,2817821,none,1200.987,1193.674,-7.313,-0.0061,1,1,none,94.348,99.771,5.423,0.0575,0.15079,0.99666,none,74,68,-6,-0.0811,0.42063,1,none,11.454,11.651,0.197,0.0172,0.84127,1,none,0,0,0,0,0.42371,1,none,524,507,-17,-0.0324,0.84127,1,none
d587b8a3de6ce8b4ae1bd7578210977ab99fddb7,2025-03-10T16:25:33+01:00,4ec812bc18df090b9acc797e9a385156d13a1285,ok,0,0,1,,2817897,none,1213.113,1184.499,-28.613,-0.0236,0.10645,1,none,94.408,94.431,0.023,0.0002,0.34531,0.99666,none,68,70,2,0.0294,0.95036,1,none,15.808,10.826,-4.982,-0.3152,0.04084,0.94953,none,0,0,0,0,0.35065,1,none,504,505,1,0.002,0.85166,1,none
69bc5bdaab1fe0064a7db085535748f7eab5f181,2025-03-11T13:02:59+01:00,d587b8a3de6ce8b4ae1bd7578210977ab99fddb7,ok,0,0,1,,2817641,none,1215.843,1195.194,-20.648,-0.017,0.0742,1,none,97.928,95.829,-2.099,-0.0214,0.51249,0.99666,none,74,72,-2,-0.027,0.81947,1,none,12.798,14.398,1.6,0.125,0.46096,1,none,0,0,0,0,0.16439,1,none,492,504,12,0.0244,0.93374,1,none
817d8c553c3389650f8b4503984a6d4a5d2f0c11,2025-03-11T13:44:10+01:00,69bc5bdaab1fe0064a7db085535748f7eab5f181,ok,0,0,0,,2817641,none,1211.274,1216.674,5.4,0.0045,0.69048,1,none,95.406,94.398,-1.008,-0.0106,0.69048,0.99666,none,71,77,6,0.0845,0.91656,1,none,17.289,14.867,-2.422,-0.1401,0.69048,1,none,0,0,0,0,1,1,none,508,507,-1,-0.002,0.54762,1,none
82b9a6b464941d1afbb2396e77e1bbfc407a0c60,2025-03-11T23:18:15+01:00,817d8c553c3389650f8b4503984a6d4a5d2f0c11,ok,0,0,0,,2817641,none,1185.538,1210.774,25.236,0.0213,0.42063,1,none,94.581,94.984,0.403,0.0043,0.84127,0.99666,none,76,65,-11,-0.1447,0.34574,1,none,12.992,15.19,2.198,0.1692,0.84127,1,none,0,0,0,0,1,1,none,506,544,38,0.0751,0.22222,1,none
21ffaf4d76bf8554c3ba5561ab8ff41ce89b55fa,2025-03-12T15:23:31+01:00,82b9a6b464941d1afbb2396e77e1bbfc407a0c60,ok,0,0,1,,2817052,none,1204.807,1192.448,-12.359,-0.0103,0.7437,1,none,95.492,94.86,-0.632,-0.0066,0.96742,1,none,67,67,0,0,0.93382,1,none,13.314,11.84,-1.474,-0.1107,0.87019,1,none,0,0,0,0,0.07973,1,none,505,506,1,0.002,0.32894,1,none
30983d801a12b658d4f6b3ee4bd7471186291c78,2025-03-15T12:31:25+01:00,21ffaf4d76bf8554c3ba5561ab8ff41ce89b55fa,ok,0,0,1,,2817220,none,1205.481,1216.037,10.556,0.0088,0.32455,1,none,97.19,95.472,-1.718,-0.0177,0.71297,0.99666,none,71,67,-4,-0.0563,0.20544,1,none,14.233,14.058,-0.175,-0.0123,0.83813,1,none,0,0,0,0,1,1,none,501,491,-10,-0.02,0.86786,1,none
99d8bff1751b0bcfaacd1b0f32689df63ab42f86,2025-03-15T20:05:42+01:00,30983d801a12b658d4f6b3ee4bd7471186291c78,ok,0,0,0,,2817235,none,1231.667,1199.299,-32.368,-0.0263,0.84127,1,none,93.992,94.395,0.403,0.0043,0.30952,0.99666,none,69,71,2,0.029,0.83403,1,none,15.817,13.64,-2.177,-0.1376,0.84127,1,none,0,0,0,0,0.60047,1,none,523,490,-33,-0.0631,0.22222,1,none
58990b41ae3f2339e5bb2616f870d79e3f8d6463,2025-03-22T09:06:23Z,99d8bff1751b0bcfaacd1b0f32689df63ab42f86,ok,0,0,0,,2817235,none,1227.264,1248.025,20.76,0.0169,0.54762,1,none,93.983,93.397,-0.586,-0.0062,0.84127,0.99666,none,68,81,13,0.1912,1,1,none,16.208,12.577,-3.631,-0.224,0.15079,0.95617,none,0,0,0,0,1,1,none,489,506,17,0.0348,1,1,none
77aca48c8437b5bcc356b144c9677616ca80c7ba,2025-03-23T18:39:33+01:00,58990b41ae3f2339e5bb2616f870d79e3f8d6463,ok,0,0,0,,2816551,none,1211.836,1189.913,-21.923,-0.0181,0.30952,1,none,93.974,94.438,0.464,0.0049,0.30952,0.99666,none,71,81,10,0.1408,1,1,none,13.016,14.364,1.348,0.1036,0.30952,1,none,0,0,0,0,0.17971,1,none,509,505,-4,-0.0079,0.40053,1,none
e1bb59fb8f115cd8e75fcaaeefa03a81b0fdc697,2025-03-24T19:44:00+01:00,77aca48c8437b5bcc356b144c9677616ca80c7ba,ok,0,0,0,,2816593,none,1174.832,1213.994,39.162,0.0333,0.84127,1,none,94.383,94.42,0.037,0.0004,0.42063,0.99666,none,68,69,1,0.0147,0.67234,1,none,13.234,8.778,-4.456,-0.3367,0.69048,1,none,0,0,0,0,0.42371,1,none,507,490,-17,-0.0335,1,1,none
ab89d4c16f53bd1e06cb980c600f0952b7a3d7d3,2025-03-25T22:18:55+01:00,e1bb59fb8f115cd8e75fcaaeefa03a81b0fdc697,ok,0,0,0,,2816537,none,1225.909,1192.795,-33.114,-0.027,1,1,none,94.028,93.928,-0.1,-0.0011,0.84127,0.99666,none,86,69,-17,-0.1977,0.52962,1,none,12.378,12.521,0.143,0.0116,1,1,none,0,0,0,0,1,1,none,491,492,1,0.002,0.6004,1,none
a18f059188b8dd978a9162cf5c70ac725025910b,2025-03-26T15:10:43+01:00,ab89d4c16f53bd1e06cb980c600f0952b7a3d7d3,ok,0,0,1,,2816557,none,1234.534,1219.568,-14.966,-0.0121,0.48636,1,none,94.874,94.436,-0.438,-0.0046,0.7437,0.99666,none,67,69,2,0.0299,0.56088,1,none,13.199,14.375,1.176,0.0891,0.32455,1,none,0,0,0,0,0.35065,1,none,509,492,-17,-0.0334,0.44186,1,none
432a46ef9ee13afe47530e857a259acde4d0fd59,2025-03-26T15:24:59+01:00,a18f059188b8dd978a9162cf5c70ac725025910b,ok,0,0,1,,2817830,none,1211.852,1224.81,12.958,0.0107,0.14848,1,none,94.355,96.21,1.855,0.0197,0.17361,0.99666,none,71,74,3,0.0423,0.66297,1,none,13.052,13.306,0.254,0.0195,0.71297,1,none,0,0,0,0,0.52383,1,none,505,508,3,0.0059,0.271,1,none
0cd5a259ae6e6db87fa5af2b0466426d6920bb45,2025-03-27T12:00:12+01:00,432a46ef9ee13afe47530e857a259acde4d0fd59,ok,0,0,1,,2817830,none,1179.097,1230.095,50.998,0.0433,0.21686,1,none,94.454,94.439,-0.015,-0.0002,1,1,none,86,76,-10,-0.1163,0.25359,1,none,12.996,14.659,1.663,0.128,0.56677,1,none,0,0,0,0,0.70135,1,none,508,521,13,0.0256,0.29922,1,none
d797c2e2108a97f1eb80eac30c763240282e14a2,2025-03-29T19:31:16+01:00,0cd5a259ae6e6db87fa5af2b0466426d6920bb45,ok,0,0,1,,2817849,none,1191.364,1208.841,17.476,0.0147,0.48636,1,none,94.529,94.547,0.018,0.0002,0.71297,0.99666,none,80,81,1,0.0125,0.98344,1,none,14.193,11.762,-2.431,-0.1713,0.18727,1,none,0,0,0,0,0.26131,1,none,507,506,-1,-0.002,0.66173,1,none
f2e8404c7bee230c12e78747492fd120a7929a67,2025-03-29T19:42:33+01:00,d797c2e2108a97f1eb80eac30c763240282e14a2,ok,0,0,0,,2818017,none,1191.66,1232.727,41.067,0.0345,0.69048,1,none,98.744,93.453,-5.291,-0.0536,0.22222,0.99666,none,80,67,-13,-0.1625,0.69048,1,none,12.78,13.775,0.995,0.0779,0.54762,1,none,0,0,0,0,0.42371,1,none,558,508,-50,-0.0896,0.42063,1,none
83fac6d0db2cceaecb35b66a4dd4e116e607816d,2025-03-30T19:00:31+02:00,f2e8404c7bee230c12e78747492fd120a7929a67,ok,0,0,1,,2817955,none,1226.59,1210.822,-15.769,-0.0129,0.36688,1,none,95.386,110.562,15.176,0.1591,0.23281,0.99666,none,68,70,2,0.0294,0.09266,1,none,11.763,13.451,1.688,0.1435,0.80633,1,none,0,0,0,0,0.35065,1,none,543,543,0,0,0.24173,1,none
7c58477382883026b65ca770f31b87ff153654f8,2025-03-30T19:20:13+02:00,83fac6d0db2cceaecb35b66a4dd4e116e607816d,ok,0,0,1,,2818013,none,1216.242,1249.999,33.757,0.0278,0.16069,1,none,95.092,94.454,-0.638,-0.0067,0.80633,0.99666,none,65,68,3,0.0462,0.0587,1,none,11.76,11.133,-0.627,-0.0533,0.5393,1,none,0,0,0,0,0.35065,1,none,559,561,2,0.0036,0.15707,1,none
57a9e301d44f319e160f618413e8fcbb7d2e1ad4,2025-04-02T14:36:13+02:00,7c58477382883026b65ca770f31b87ff153654f8,ok,0,0,1,,2818068,none,1247.998,1212.726,-35.272,-0.0283,0.43629,1,none,95.394,95.174,-0.22,-0.0023,0.90246,1,none,73,65,-8,-0.1096,0.25322,1,none,13.762,13.327,-0.435,-0.0316,0.83813,1,none,0,0,0,0,1,1,none,560,559,-1,-0.0018,0.66273,1,none
c79e892e558ca88de6623fd60517af7bb2086e77,2025-04-02T16:23:15+02:00,57a9e301d44f319e160f618413e8fcbb7d2e1ad4,ok,0,0,1,,2815135,none,993.021,1000.67,7.65,0.0077,0.30459,1,none,118.47,108.771,-9.699,-0.0819,0.0742,0.99666,none,90,91,1,0.0111,0.4546,1,none,66.091,60.129,-5.962,-0.0902,0.11598,0.95617,none,0,0,0,0.1916,0.13166,1,none,2026,2027,1,0.0005,0.57504,1,none
b3d5ba056771c0c2da26fd88e73b66486cc700c4,2025-04-06T13:41:11+02:00,c79e892e558ca88de6623fd60517af7bb2086e77,ok,0,0,1,,2815118,none,1217.201,1231.182,13.981,0.0115,0.93489,1,none,103.407,102.02,-1.387,-0.0134,0.28544,0.99666,none,72,68,-4,-0.0556,0.33955,1,none,51.167,53.327,2.16,0.0422,0.41238,1,none,0,0,0,0,0.52383,1,none,556,564,8,0.0144,0.29004,1,none
6e47fadb598d3d9e7379cf12796621f6d8fbe7b7,2025-04-07T00:57:27+02:00,b3d5ba056771c0c2da26fd88e73b66486cc700c4,ok,0,0,0,,2815099,none,1263.652,1257.101,-6.551,-0.0052,1,1,none,93.424,96.211,2.787,0.0298,0.84127,0.99666,none,85,77,-8,-0.0941,0.54762,1,none,32.209,26.168,-6.041,-0.1876,1,1,none,0,0,0,0,0.42371,1,none,578,574,-4,-0.0069,1,1,none
c2caf78e955bc17d595224025595bbbceb77721c,2025-04-07T10:41:31+02:00,ce267aa0d3bcaa639e72cd41581f030d1a0a3f3b,ok,0,0,1,,2817868,none,1235.324,1210.037,-25.287,-0.0205,0.0209,0.68609,none,92.803,93.195,0.392,0.0042,0.96742,1,none,81,68,-13,-0.1605,0.00617,0.55357,none,18.659,19.86,1.201,0.0644,0.28544,1,none,0,0,0,0,0.524,1,none,562,575,13,0.0231,0.80633,1,none
e48b63a0aed48bce84e1b9741ffff17dc40341d3,2025-04-07T10:43:07+02:00,c2caf78e955bc17d595224025595bbbceb77721c,ok,0,0,0,,2817911,none,1227.359,1216.818,-10.541,-0.0086,1,1,none,104.96,107.556,2.596,0.0247,1,1,none,67,69,2,0.0299,0.52962,1,none,15.839,15.989,0.15,0.0095,0.84127,1,none,0,0,0,0,0.43858,1,none,561,562,1,0.0018,0.91656,1,none
ce267aa0d3bcaa639e72cd41581f030d1a0a3f3b,2025-04-07T16:44:25+10:00,6e47fadb598d3d9e7379cf12796621f6d8fbe7b7,ok,0,0,0,,2817337,none,1249.46,1205.428,-44.031,-0.0352,1,1,none,92.023,95.695,3.672,0.0399,0.54762,0.99666,none,71,72,1,0.0141,1,1,none,29.077,22.757,-6.32,-0.2174,0.54762,1,none,0,0,0,0,1,1,none,561,554,-7,-0.0125,0.52836,1,none
6fc85022ae6ad14e74271e071afc51a60b7dc3c5,2025-04-08T00:50:52+10:00,e48b63a0aed48bce84e1b9741ffff17dc40341d3,ok,0,0,1,,2817906,none,1209.641,1253.736,44.094,0.0365,0.03294,0.79924,none,93.707,93.556,-0.151,-0.0016,0.17361,0.99666,none,82,73,-9,-0.1098,0.07109,1,none,16.055,17.489,1.434,0.0893,0.17361,1,none,0,0,0,0,1,1,none,545,562,17,0.0312,0.1517,1,none
dff69e91912507bbfcc68b35277cc6031ce5b437,2025-04-09T17:04:51+02:00,6fc85022ae6ad14e74271e071afc51a60b7dc3c5,ok,0,0,0,,2817927,none,1230.964,1255.82,24.856,0.0202,0.42063,1,none,93.556,94.143,0.587,0.0063,0.54762,0.99666,none,75,73,-2,-0.0267,1,1,none,16.29,19.474,3.184,0.1955,0.22222,1,none,0,0,0,0,0.43858,1,none,557,580,23,0.0413,0.01597,0.63655,none
01304aac498f9b653bb7019cafc7f8a6eb5936c0,2025-04-13T21:21:49+02:00,dff69e91912507bbfcc68b35277cc6031ce5b437,ok,0,0,0,,2817907,none,1228.1,1211.375,-16.725,-0.0136,0.84127,1,none,105.509,94.426,-11.083,-0.105,0.69048,0.99666,none,68,65,-3,-0.0441,1,1,none,16.677,16.322,-0.355,-0.0213,0.69048,1,none,0,0,0,0,1,1,none,578,545,-33,-0.0571,0.6004,1,none
6fe7de802014d0c967e3b839ccda7711b1028029,2025-04-14T21:25:18+02:00,01304aac498f9b653bb7019cafc7f8a6eb5936c0,ok,0,0,0,,2818106,none,1242.041,1250.795,8.754,0.007,0.84127,1,none,99.472,108.183,8.711,0.0876,0.84127,0.99666,none,74,80,6,0.0811,0.69048,1,none,14.392,13.476,-0.916,-0.0636,0.84127,1,none,0,0,0,0,1,1,none,578,565,-13,-0.0225,0.29333,1,none
58f7d33d80198a2a80c6d3eb38b3432e062dfbea,2025-04-15T16:58:45+02:00,6fe7de802014d0c967e3b839ccda7711b1028029,ok,0,0,1,,2818167,none,1223.638,1244.908,21.27,0.0174,0.11598,1,none,99.242,100.289,1.047,0.0105,0.48636,0.99666,none,68,70,2,0.0294,0.5892,1,none,13.404,16.43,3.026,0.2258,0.7437,1,none,0,0,0,0,0.57716,1,none,562,562,0,0,0.88447,1,none
0cf36d6b30fc84085aa903460a04d0d568518f30,2025-04-16T10:28:56+02:00,58f7d33d80198a2a80c6d3eb38b3432e062dfbea,ok,0,0,1,,2818202,none,1195.909,1170.546,-25.363,-0.0212,0.68267,1,none,106.056,95.717,-10.339,-0.0975,0.24956,0.99666,none,67,72,5,0.0746,0.69336,1,none,13.614,13.82,0.206,0.0151,0.59488,1,none,0,0,0,0,0.03817,1,none,590,598,8,0.0136,0.73985,1,none
a5d69398266a993e590c020d5495e2e1b2f271e3,2025-04-17T16:08:07+02:00,0cf36d6b30fc84085aa903460a04d0d568518f30,ok,0,0,0,,2817808,none,1168.807,1207.505,38.698,0.0331,0.84127,1,none,99.524,96.829,-2.695,-0.0271,0.84127,0.99666,none,73,68,-5,-0.0685,0.7533,1,none,14.041,15.793,1.752,0.1248,0.69048,1,none,0,0,0,0,0.17971,1,none,611,682,71,0.1162,0.69048,1,none
b5d60973b7188f58f543da23502d8de65c96b475,2025-04-18T11:11:12+02:00,a5d69398266a993e590c020d5495e2e1b2f271e3,ok,0,0,0,,2817808,none,1204.035,1174.171,-29.865,-0.0248,1,1,none,105.64,105.805,0.165,0.0016,0.69048,0.99666,none,65,66,1,0.0154,1,1,none,15.191,11.963,-3.228,-0.2125,0.69048,1,none,0,0,0,0,0.42371,1,none,578,666,88,0.1522,0.15079,1,none
5fc13e43096d666d2b7d1f6d688860de92a0c9c8,2025-04-19T21:50:44Z,b5d60973b7188f58f543da23502d8de65c96b475,ok,0,0,1,,2817933,none,1149.72,1153.645,3.925,0.0034,0.68267,1,none,104.915,98.454,-6.461,-0.0616,0.62359,0.99666,none,70,69,-1,-0.0143,0.90087,1,none,11.344,10.265,-1.079,-0.0951,1,1,none,0,0,0,0,0.72525,1,none,612,615,3,0.0049,0.6782,1,none
8fb2f70414b91175464676ed0158b14a8f2d4ade,2025-04-20T12:28:41+02:00,5fc13e43096d666d2b7d1f6d688860de92a0c9c8,ok,0,0,1,,2818129,none,1215.21,1215.118,-0.092,-0.0001,0.87019,1,none,94.984,96.22,1.236,0.013,0.21686,0.99666,none,75,74,-1,-0.0133,0.58912,1,none,12.549,12.934,0.385,0.0307,0.48636,1,none,0,0,0,0,0.63177,1,none,577,561,-16,-0.0277,0.07767,1,none
19135995942a671192a0182cbe30b580576a4f8a,2025-04-23T13:45:08+02:00,8fb2f70414b91175464676ed0158b14a8f2d4ade,ok,0,0,0,,2818394,none,1203.473,1244.285,40.812,0.0339,0.22222,1,none,95.385,95.465,0.08,0.0008,1,1,none,67,68,1,0.0149,0.42063,1,none,10.111,12.309,2.198,0.2174,0.42063,1,none,0,0,0,0,0.42371,1,none,558,576,18,0.0323,0.67424,1,none
a18b139a60a50f1db73444140443254961655a55,2025-04-24T10:05:08+10:00,19135995942a671192a0182cbe30b580576a4f8a,ok,0,0,0,,2818383,none,1215.205,1237.563,22.358,0.0184,0.54762,1,none,96.185,95.432,-0.753,-0.0078,1,1,none,67,71,4,0.0597,1,1,none,9.218,8.866,-0.352,-0.0382,1,1,none,0,0,0,0,0.42371,1,none,561,576,15,0.0267,0.52962,1,none
2a0d15799c1b0c6a884d738709286a68d4571aa7,2025-04-25T10:46:58+02:00,a18b139a60a50f1db73444140443254961655a55,ok,0,0,0,,2818366,none,1212.319,1211.207,-1.112,-0.0009,0.69048,1,none,95.054,96.686,1.632,0.0172,0.42063,0.99666,none,70,66,-4,-0.0571,0.09369,1,none,8.707,11.532,2.825,0.3245,0.42063,1,none,0,0,0,0,0.42371,1,none,578,576,-2,-0.0035,0.6004,1,none
4a60fe3d22492e731ea55afc74fff13294640cae,2025-04-29T18:45:17+02:00,2a0d15799c1b0c6a884d738709286a68d4571aa7,ok,0,0,1,,2818394,none,1236.253,1229.413,-6.839,-0.0055,0.87019,1,none,95.385,94.925,-0.46,-0.0048,0.62359,0.99666,none,68,71,3,0.0441,0.9009,1,none,12.553,10.462,-2.091,-0.1666,0.5393,1,none,0,0,0,0,0.35065,1,none,560,560,0,0,0.57462,1,none
195a7438743362c42bfc3324c0b674fa43caa457,2025-04-30T18:07:31+02:00,4a60fe3d22492e731ea55afc74fff13294640cae,ok,0,0,0,,2821781,none,1210.311,1204.911,-5.4,-0.0045,0.54762,1,none,95.393,97.077,1.684,0.0177,0.54762,0.99666,none,85,70,-15,-0.1765,0.29333,1,none,10.028,15.819,5.791,0.5775,0.22222,1,none,0,0,0,0,0.42371,1,none,560,560,0,0,0.91656,1,none
192c4e76586ed611fc9cd58adf065603458a2e8a,2025-05-01T12:12:45+02:00,195a7438743362c42bfc3324c0b674fa43caa457,ok,0,0,0,,2821881,none,1191.874,1201.194,9.32,0.0078,0.84127,1,none,93.466,95.472,2.006,0.0215,0.42063,0.99666,none,67,70,3,0.0448,0.54762,1,none,7.373,7.782,0.409,0.0555,0.54762,1,none,0,0,0,0,1,1,none,559,578,19,0.034,0.29035,1,none
6e655cdb24d9b91332a9f437bf62389ddab0b868,2025-05-02T17:07:17+02:00,6e655cdb24d9b91332a9f437bf62389ddab0b868,identical_build,1,1,1,,2822035,none,1238.002,1201.048,-36.955,-0.0299,0.03672,0.81954,none,95.312,94.733,-0.579,-0.0061,0.2671,0.99666,none,87,85,-2,-0.023,0.63283,1,none,11.763,10.952,-0.811,-0.0689,0.34531,1,none,0,0,0,0,0.5501,1,none,577,559,-18,-0.0312,0.28052,1,none
6e655cdb24d9b91332a9f437bf62389ddab0b868,2025-05-02T17:07:17+02:00,192c4e76586ed611fc9cd58adf065603458a2e8a,ok,0,0,0,,2822035,none,1188.281,1267.298,79.017,0.0665,0.30952,1,none,93.853,94.754,0.901,0.0096,0.30952,0.99666,none,67,87,20,0.2985,0.15079,1,none,12.173,14.382,2.209,0.1815,0.69048,1,none,0,0,0,0,0.42371,1,none,594,595,1,0.0017,0.54762,1,none
e19fd1332a7c81179adbbd59649d81663dd1f43d,2025-05-05T09:51:20+02:00,6e655cdb24d9b91332a9f437bf62389ddab0b868,ok,0,0,0,,2822969,none,1211.463,1132.067,-79.396,-0.0655,0.69048,1,none,100.087,94.045,-6.042,-0.0604,0.09524,0.99666,none,96,97,1,0.0104,0.83403,1,none,12.599,10.03,-2.569,-0.2039,0.84127,1,none,0,0,0,0,1,1,none,576,577,1,0.0017,0.75183,1,none
d4f70e9f31addc5f1f5afc39112aef6a18364c91,2025-05-05T11:34:40+02:00,e19fd1332a7c81179adbbd59649d81663dd1f43d,ok,0,0,0,,2823092,none,1230.687,1190.644,-40.042,-0.0325,0.84127,1,none,96.602,95.478,-1.124,-0.0116,0.69048,0.99666,none,69,77,8,0.1159,1,1,none,13.457,8.524,-4.933,-0.3666,0.30952,1,none,0,0,0,0,0.23304,1,none,578,542,-36,-0.0623,0.24915,1,none
cec5232a7a35e33a1439a75dfdc264c5fcd0d895,2025-05-05T12:15:42+02:00,d4f70e9f31addc5f1f5afc39112aef6a18364c91,ok,0,0,1,,2823095,none,1210.479,1211.691,1.212,0.001,0.87019,1,none,94.48,95.449,0.969,0.0103,0.41238,0.99666,none,85,86,1,0.0118,0.66297,1,none,11.141,10.777,-0.364,-0.0327,0.7437,1,none,0,0,0,0,0.43929,1,none,560,560,0,0,0.67749,1,none
a7c61319dd54e5f8fe48a842e036fae7ff95faab,2025-05-06T13:09:00+02:00,cec5232a7a35e33a1439a75dfdc264c5fcd0d895,ok,0,0,0,,2823068,none,1208.169,1250.689,42.52,0.0352,0.54762,1,none,98.215,93.974,-4.241,-0.0432,0.42063,0.99666,none,79,83,4,0.0506,1,1,none,12.616,14.602,1.986,0.1574,0.84127,1,none,0,0,0,0,0.42371,1,none,578,575,-3,-0.0052,1,1,none
3dc54a724a4bb1e9dbd69c9fb61959f02be1a1aa,2025-05-06T19:23:02+02:00,a7c61319dd54e5f8fe48a842e036fae7ff95faab,ok,0,0,0,,2824023,none,1234.911,1231.67,-3.241,-0.0026,1,1,none,98.237,98.391,0.154,0.0016,1,1,none,88,94,6,0.0682,0.7533,1,none,11.621,13.957,2.336,0.201,0.54762,1,none,0,0,0,0,0.42371,1,none,595,576,-19,-0.0319,0.84127,1,none
a306a909a0e948c2145b71209a29475fc3470bf6,2025-05-07T13:33:18+02:00,3dc54a724a4bb1e9dbd69c9fb61959f02be1a1aa,ok,0,0,0,,2824019,none,1210.12,1214.427,4.307,0.0036,0.54762,1,none,95.631,94.59,-1.041,-0.0109,0.84127,0.99666,none,82,86,4,0.0488,0.52581,1,none,19.01,10.754,-8.256,-0.4343,0.69048,1,none,0,0,0,0,1,1,none,544,559,15,0.0276,0.46334,1,none
e058a08b33239ab4024e6958d490a238693beea3,2025-05-07T14:13:27+02:00,a306a909a0e948c2145b71209a29475fc3470bf6,ok,0,0,0,,2824019,none,1210.71,1191.216,-19.495,-0.0161,0.84127,1,none,93.089,94.413,1.324,0.0142,0.69048,0.99666,none,84,99,15,0.1786,0.11607,1,none,11.198,11.573,0.375,0.0335,0.42063,1,none,0,0,0,0,1,1,none,575,545,-30,-0.0522,0.30952,1,none
ff2ed5d26a9d0e4af6899d28833542e45dd7f829,2025-05-08T16:47:13+02:00,e058a08b33239ab4024e6958d490a238693beea3,ok,0,0,0,,2823991,none,1215.443,1213.466,-1.977,-0.0016,0.84127,1,none,95.386,94.017,-1.369,-0.0144,0.22222,0.99666,none,91,89,-2,-0.022,0.42063,1,none,9.536,9.969,0.433,0.0454,0.54762,1,none,0,0,0,0,0.42371,1,none,577,560,-17,-0.0295,0.7533,1,none
a30e1b25c60a9c5c6f049daada0443df874a5266,2025-05-09T18:32:16+02:00,ff2ed5d26a9d0e4af6899d28833542e45dd7f829,ok,0,0,0,,2824630,none,1199.354,1213.54,14.186,0.0118,0.22222,1,none,119.217,95.233,-23.984,-0.2012,1,1,none,91,86,-5,-0.0549,0.30952,1,none,14.768,10.848,-3.92,-0.2654,0.42063,1,none,0,0,0,0,1,1,none,556,576,20,0.036,0.05556,1,none
7e41026812d7e18dcc954b18eb4b8f1c0dc7414e,2025-05-09T23:01:33+02:00,a30e1b25c60a9c5c6f049daada0443df874a5266,ok,0,0,0,,2824810,none,1156.261,1194.666,38.404,0.0332,0.30952,1,none,95.452,95.54,0.088,0.0009,0.42063,0.99666,none,87,66,-21,-0.2414,0.40197,1,none,7.798,14.217,6.419,0.8232,0.30952,1,none,0,0,0,0,0.42371,1,none,593,577,-16,-0.027,0.2948,1,none
51dbd4831b5ae5bdd0efa30e51e345a7d2ee66df,2025-05-10T20:06:16+02:00,7e41026812d7e18dcc954b18eb4b8f1c0dc7414e,ok,0,0,0,,2824710,none,1227.891,1213.139,-14.753,-0.012,1,1,none,94.832,96.152,1.32,0.0139,0.84127,0.99666,none,90,95,5,0.0556,1,1,none,13.385,12.147,-1.238,-0.0925,1,1,none,0,0,0,0,1,1,none,596,574,-22,-0.0369,0.52581,1,none
c4c064982f3aaab0a24b70d5738d11c17da581e6,2025-05-11T15:07:57+02:00,51dbd4831b5ae5bdd0efa30e51e345a7d2ee66df,ok,0,0,0,,2824838,none,1139.149,1210.017,70.867,0.0622,0.30952,1,none,94.453,106.26,11.807,0.125,0.54762,0.99666,none,88,93,5,0.0568,0.1719,1,none,9.83,11.155,1.325,0.1348,0.54762,1,none,0,0,0,0,0.17971,1,none,559,544,-15,-0.0268,1,1,none
35bb449a4bb66911a2e0d4b3a3a56d54b300f7ec,2025-05-12T15:55:36+02:00,c4c064982f3aaab0a24b70d5738d11c17da581e6,ok,0,0,1,,2824850,none,1196.841,1215.185,18.344,0.0153,0.18727,1,none,94.157,103.346,9.189,0.0976,0.01126,0.99666,none,88,85,-3,-0.0341,0.64798,1,none,8.15,14.02,5.87,0.7202,0.0057,0.4026,none,0,0,0,0,0.07973,1,none,577,577,0,0,0.63276,1,none
298812e1d0cd1494debb9d30e90427d37c500482,2025-05-12T18:09:37+02:00,35bb449a4bb66911a2e0d4b3a3a56d54b300f7ec,ok,0,0,0,,2824922,none,1155.392,1282.185,126.793,0.1097,0.69048,1,none,95.012,93.95,-1.062,-0.0112,0.30952,0.99666,none,92,90,-2,-0.0217,0.84127,1,none,10.184,9.968,-0.216,-0.0212,0.84127,1,none,0,0,0,0,1,1,none,596,627,31,0.052,0.54762,1,none
4dfb8a3f8eaf7722f5e133e270927e297d7aaa0e,2025-05-13T19:48:26+02:00,4dfb8a3f8eaf7722f5e133e270927e297d7aaa0e,identical_build,1,1,0,,2824917,none,1202.081,1211.352,9.272,0.0077,1,1,none,97.237,97.918,0.681,0.007,0.84127,0.99666,none,84,85,1,0.0119,0.69048,1,none,11.142,8.534,-2.608,-0.2341,0.42063,1,none,0,0,0,0,0.42371,1,none,574,579,5,0.0087,0.83403,1,none
4dfb8a3f8eaf7722f5e133e270927e297d7aaa0e,2025-05-13T19:48:26+02:00,298812e1d0cd1494debb9d30e90427d37c500482,ok,0,0,0,,2824917,none,1235.074,1197.131,-37.942,-0.0307,0.54762,1,none,94.406,95.676,1.27,0.0135,0.54762,0.99666,none,87,88,1,0.0115,0.2073,1,none,12.998,9.418,-3.58,-0.2754,1,1,none,0,0,0,0,1,1,none,610,561,-49,-0.0803,0.42063,1,none
f7dcc893ea0f2d1061db614d3c2c7b43e256e7bc,2025-05-14T13:38:18+02:00,4dfb8a3f8eaf7722f5e133e270927e297d7aaa0e,ok,0,0,0,,2824940,none,1196.473,1222.022,25.549,0.0214,0.42063,1,none,98.874,94.347,-4.527,-0.0458,0.42063,0.99666,none,79,83,4,0.0506,0.84127,1,none,13.003,10.44,-2.563,-0.1971,0.84127,1,none,0,0,0,0,1,1,none,561,594,33,0.0588,0.03175,0.94566,none
d92a84903887078449bf4e4bab9fa307169b28b6,2025-05-14T16:01:43+02:00,0a534f1bc688ad6c71954fef51a69407613efdbc,ok,0,0,0,,2825018,none,1134.447,1214.212,79.765,0.0703,0.30952,1,none,94.861,97.301,2.44,0.0257,0.30952,0.99666,none,72,85,13,0.1806,0.54762,1,none,19.278,8.399,-10.879,-0.5643,0.03175,0.80519,none,0,0,0,0,0.42371,1,none,595,558,-37,-0.0622,0.14246,1,none
6b5fb30d699eaa4af5c82705a8bbe17c3727f6da,2025-05-14T16:02:01+02:00,d92a84903887078449bf4e4bab9fa307169b28b6,ok,0,0,0,,2825015,none,1194.115,1219.373,25.258,0.0212,0.15079,1,none,95.084,113.841,18.757,0.1973,0.22222,0.99666,none,89,91,2,0.0225,0.24915,1,none,14.687,14.19,-0.497,-0.0338,0.84127,1,none,0,0,0,0,1,1,none,561,590,29,0.0517,0.69048,1,none
4ca5f53b1f74e7746c5d7b867f415cd9f5655a05,2025-05-14T22:04:03+10:00,f7dcc893ea0f2d1061db614d3c2c7b43e256e7bc,ok,0,0,0,,2824974,none,1228.738,1124.825,-103.913,-0.0846,0.54762,1,none,95.066,98.721,3.655,0.0384,0.54762,0.99666,none,86,85,-1,-0.0116,0.54762,1,none,14.149,14.218,0.069,0.0049,0.69048,1,none,0,0,0,0,0.60724,1,none,581,592,11,0.0189,0.75257,1,none
0a534f1bc688ad6c71954fef51a69407613efdbc,2025-05-14T22:04:40+10:00,4ca5f53b1f74e7746c5d7b867f415cd9f5655a05,ok,0,0,0,,2824956,none,1209.988,1208.064,-1.924,-0.0016,0.69048,1,none,94.409,93.398,-1.011,-0.0107,0.15079,0.99666,none,85,88,3,0.0353,0.69048,1,none,9.531,9.143,-0.388,-0.0407,0.42063,1,none,0,0,0,0,1,1,none,562,595,33,0.0587,0.40197,1,none
95d89a751a01c5dcf528fef6d7e5901a72a31f35,2025-05-15T13:22:26+02:00,6b5fb30d699eaa4af5c82705a8bbe17c3727f6da,ok,0,0,0,,2825019,none,1218.913,1194.004,-24.908,-0.0204,0.54762,1,none,94.963,106.589,11.626,0.1224,0.42063,0.99666,none,86,80,-6,-0.0698,1,1,none,11.551,16.39,4.839,0.4189,1,1,none,0,0,0,0,0.42371,1,none,611,594,-17,-0.0278,0.2948,1,none
41a7613dffebd42e1ce41b440be081d4cced9d11,2025-05-19T20:35:48+02:00,95d89a751a01c5dcf528fef6d7e5901a72a31f35,ok,0,0,0,,2824873,none,1137.404,1193.667,56.262,0.0495,0.69048,1,none,95.065,97.712,2.647,0.0278,1,1,none,86,90,4,0.0465,0.09524,1,none,9.996,13.625,3.629,0.363,0.15079,0.95617,none,0,0,0,0,0.42371,1,none,557,579,22,0.0395,0.30952,1,none
712f2675195ace8d507f563ec4306efe319b3c84,2025-05-21T21:57:12+10:00,41a7613dffebd42e1ce41b440be081d4cced9d11,ok,0,0,0,,2825903,none,1239.934,1203.182,-36.752,-0.0296,0.22222,1,none,97.837,120.672,22.835,0.2334,0.69048,0.99666,none,88,80,-8,-0.0909,0.59929,1,none,17.841,17.413,-0.428,-0.024,0.54762,1,none,0,0,0,0,1,1,none,610,555,-55,-0.0902,0.0278,0.91259,none
27522110df0207506b25a84fe8b421eb65593d59,2025-05-22T09:47:41+02:00,712f2675195ace8d507f563ec4306efe319b3c84,ok,0,0,0,,2825923,none,1133.647,1213.427,79.78,0.0704,0.84127,1,none,94.981,118.226,23.245,0.2447,0.84127,0.99666,none,67,84,17,0.2537,0.2948,1,none,11.73,11.859,0.129,0.011,0.54762,1,none,0,0,0,0,1,1,none,632,595,-37,-0.0585,0.54762,1,none
91d36e9b81a5087b0000b8abc1bcdb3fadeb807f,2025-05-22T12:34:15+02:00,27522110df0207506b25a84fe8b421eb65593d59,ok,0,0,1,,2825912,none,1211.714,1210.778,-0.936,-0.0008,0.65287,1,none,96.025,94.926,-1.099,-0.0114,0.43629,0.99666,none,80,74,-6,-0.075,0.31907,1,none,16.196,10.524,-5.672,-0.3502,0.13697,0.95617,none,0,0,0,0,1,1,none,574,577,3,0.0052,0.58928,1,none
4dc205537cf6a0d356a3d284697e4cc345346c18,2025-05-25T22:28:24+02:00,91d36e9b81a5087b0000b8abc1bcdb3fadeb807f,ok,0,0,0,,2826067,none,1204.96,1209.459,4.5,0.0037,0.54762,1,none,118.813,117.626,-1.187,-0.01,1,1,none,81,86,5,0.0617,0.54762,1,none,17.419,14.629,-2.79,-0.1602,0.22222,1,none,0,0,0,0,0.69854,1,none,874,611,-263,-0.3009,0.40197,1,none
87c87a9fb1b276988316444b82d0f335a45f03cc,2025-05-26T11:14:55+02:00,4dc205537cf6a0d356a3d284697e4cc345346c18,ok,0,0,0,,2827008,none,1242.078,1134.911,-107.167,-0.0863,0.42063,1,none,96.451,105.765,9.314,0.0966,0.69048,0.99666,none,75,94,19,0.2533,0.2073,1,none,11.717,17.252,5.535,0.4724,0.22222,1,none,0,0,0,-0.0006,0.33898,1,none,578,560,-18,-0.0311,0.28884,1,none
fc3e0620749bcc633201970021e7063347cc3820,2025-05-26T16:51:47+02:00,87c87a9fb1b276988316444b82d0f335a45f03cc,ok,0,0,0,,2827089,none,1219.01,1220.524,1.514,0.0012,1,1,none,121.151,121.434,0.283,0.0023,0.54762,0.99666,none,76,101,25,0.3289,0.22222,1,none,17.04,12.163,-4.877,-0.2862,0.22222,1,none,0,0,0,0,0.17702,1,none,610,576,-34,-0.0557,0.30952,1,none
db2911c6c4c0fa1cc0fe6e2d5e62195d5fbc6612,2025-05-26T21:34:41+02:00,fc3e0620749bcc633201970021e7063347cc3820,ok,0,0,0,,2826973,none,1208.584,1209.843,1.259,0.001,1,1,none,103.774,100.674,-3.1,-0.0299,1,1,none,78,84,6,0.0769,1,1,none,11.096,12.37,1.274,0.1148,0.84127,1,none,0,0,0,0,1,1,none,593,593,0,0,0.46334,1,none
864353be5ff8b15489a63628c2708e453c83c642,2025-05-27T12:39:45+02:00,864353be5ff8b15489a63628c2708e453c83c642,identical_build,1,1,0,,2827244,none,1241.186,1261.315,20.129,0.0162,1,1,none,115.468,122.396,6.928,0.06,0.30952,0.99666,none,90,101,11,0.1222,0.69048,1,none,34.611,22.261,-12.35,-0.3568,0.54762,1,none,0,0,0,0,0.42371,1,none,577,638,61,0.1057,0.17322,1,none
864353be5ff8b15489a63628c2708e453c83c642,2025-05-27T12:39:45+02:00,db2911c6c4c0fa1cc0fe6e2d5e62195d5fbc6612,ok,0,0,0,,2827244,none,1208.363,1193.288,-15.075,-0.0125,0.84127,1,none,108.436,95.012,-13.424,-0.1238,0.15079,0.99666,none,85,83,-2,-0.0235,0.40197,1,none,18.247,10.958,-7.289,-0.3995,0.03175,0.80519,none,0,0,0,0,0.42371,1,none,593,577,-16,-0.027,0.91656,1,none
5921ebc416bcd52af8a39e81b4198a34006de2c8,2025-05-28T13:38:47+02:00,864353be5ff8b15489a63628c2708e453c83c642,ok,0,0,0,,2827248,none,1215.803,1232.098,16.294,0.0134,0.42063,1,none,99.94,119.277,19.337,0.1935,0.69048,0.99666,none,86,71,-15,-0.1744,0.6004,1,none,21.907,10.43,-11.477,-0.5239,0.00794,0.4026,none,0,0,0,0,0.23304,1,none,591,593,2,0.0034,0.52962,1,none
7cad3645a0acc5badc7d665b9346a2e02a3bb839,2025-05-28T15:58:42+02:00,5921ebc416bcd52af8a39e81b4198a34006de2c8,ok,0,0,0,,2827272,none,1223.721,1204.562,-19.159,-0.0157,1,1,none,120.704,96.477,-24.227,-0.2007,0.15079,0.99666,none,90,73,-17,-0.1889,0.24771,1,none,16.378,10.557,-5.821,-0.3554,0.09524,0.95617,none,0,0,0,0,1,1,none,560,560,0,0,0.59588,1,none
56c05b30999957430e6854825d3c6367b5bd3fec,2025-06-03T15:53:00+02:00,7cad3645a0acc5badc7d665b9346a2e02a3bb839,ok,0,0,0,,2827286,none,1195.743,1225.555,29.812,0.0249,0.42063,1,none,108.513,96.255,-12.258,-0.113,0.54762,0.99666,none,88,88,0,0,0.84127,1,none,18.001,17.025,-0.976,-0.0542,0.84127,1,none,0,0,0,-0.0006,0.0707,1,none,610,578,-32,-0.0525,0.24771,1,none
ca1a4f25e70d90ff2a04851c1951f671b65258a9,2025-06-07T12:56:32+02:00,56c05b30999957430e6854825d3c6367b5bd3fec,ok,0,0,0,,2826772,none,1213.736,1221.436,7.7,0.0063,1,1,none,94.269,93.899,-0.37,-0.0039,0.69048,0.99666,none,68,85,17,0.25,0.30952,1,none,11.94,8.641,-3.299,-0.2763,0.09524,0.95617,none,0,0,0,0,0.42371,1,none,578,576,-2,-0.0035,0.42063,1,none
469caadb878709980375569332d53d89c605eee2,2025-06-07T17:08:35+02:00,ca1a4f25e70d90ff2a04851c1951f671b65258a9,ok,0,0,0,,2826803,none,1194.314,1191.381,-2.933,-0.0025,1,1,none,95.386,93.985,-1.401,-0.0147,0.30952,0.99666,none,84,72,-12,-0.1429,0.54762,1,none,16.019,8.209,-7.81,-0.4875,0.05556,0.95617,none,0,0,0,0,0.42371,1,none,597,559,-38,-0.0637,0.14002,1,none
08cd4c4f9ae3a02a8592de2c6e93764e6fcb1bb9,2025-06-07T17:45:37+02:00,469caadb878709980375569332d53d89c605eee2,ok,0,0,0,,2826803,none,1142.383,1197.821,55.438,0.0485,0.42063,1,none,94.423,98.614,4.191,0.0444,0.03175,0.99666,none,73,90,17,0.2329,0.84127,1,none,14.797,13.823,-0.974,-0.0658,0.54762,1,none,0,0,0,0,0.17971,1,none,577,628,51,0.0884,0.24915,1,none
d4e85a94805206176b7ae0af834d8145c1b6d693,2025-06-07T18:05:20+02:00,08cd4c4f9ae3a02a8592de2c6e93764e6fcb1bb9,ok,0,0,0,,2826786,none,1213.159,1133.255,-79.904,-0.0659,0.69048,1,none,95.021,98.289,3.268,0.0344,0.69048,0.99666,none,66,67,1,0.0152,1,1,none,12.254,10.749,-1.505,-0.1228,0.84127,1,none,0,0,0,0,1,1,none,609,578,-31,-0.0509,1,1,none
d108053351a0c92e6a451f364b6c226c18cac3e4,2025-06-09T09:55:35+02:00,d4e85a94805206176b7ae0af834d8145c1b6d693,ok,0,0,0,,2827209,none,1209.324,1131.332,-77.992,-0.0645,0.15079,1,none,95.41,98.515,3.105,0.0325,0.54762,0.99666,none,71,84,13,0.1831,0.34574,1,none,12.761,13.232,0.471,0.0369,1,1,none,0,0,0,0,0.42371,1,none,630,559,-71,-0.1127,0.30952,1,none
9e77373c81b9454a958b9481f1b47a745af40bc8,2025-06-10T13:43:39+02:00,d108053351a0c92e6a451f364b6c226c18cac3e4,ok,0,0,0,,2827373,none,1210.177,1219.906,9.729,0.008,0.84127,1,none,94.639,94.429,-0.21,-0.0022,0.84127,0.99666,none,90,81,-9,-0.1,0.30952,1,none,15.587,14.391,-1.196,-0.0767,0.42063,1,none,0,0,0,0,0.42371,1,none,579,648,69,0.1192,0.22222,1,none
0d4abd1ddc9b2c0156bb40d5aadfcd982958a2f1,2025-06-10T14:28:16+02:00,9e77373c81b9454a958b9481f1b47a745af40bc8,ok,0,0,0,,2827471,none,1199.799,1134.103,-65.696,-0.0548,0.42063,1,none,94.098,94.495,0.397,0.0042,1,1,none,71,74,3,0.0423,0.6004,1,none,12.327,16.219,3.892,0.3157,0.30952,1,none,0,0,0,0,0.60724,1,none,663,577,-86,-0.1297,0.15079,1,none
a7b64f02b374e44e8eb20159901db4fb557b4ede,2025-06-10T21:31:11+02:00,0d4abd1ddc9b2c0156bb40d5aadfcd982958a2f1,ok,0,0,0,,2826705,none,1204.604,1215.636,11.032,0.0092,0.42063,1,none,104.255,108.675,4.42,0.0424,0.69048,0.99666,none,80,84,4,0.05,0.45781,1,none,22.414,13.539,-8.875,-0.396,0.09524,0.95617,none,0,0,0,0,1,1,none,577,591,14,0.0243,0.69048,1,none
18808481fdbe665fe5e37cb07b80148efcc03dc2,2025-06-11T16:52:02+02:00,a7b64f02b374e44e8eb20159901db4fb557b4ede,ok,0,0,1,,2826707,none,1195.278,1146.519,-48.759,-0.0408,0.34531,1,none,95.51,94.615,-0.895,-0.0094,0.96742,1,none,76,86,10,0.1316,0.11414,1,none,15.023,15.184,0.161,0.0107,0.77484,1,none,0,0,0,0,0.72463,1,none,576,592,16,0.0278,0.1007,1,none
f42e1ab64efc79ad23babb1184f2750394d4045a,2025-06-11T19:15:48+02:00,18808481fdbe665fe5e37cb07b80148efcc03dc2,ok,0,0,0,,2826650,none,1207.5,1133.281,-74.219,-0.0615,0.69048,1,none,95.457,94.056,-1.401,-0.0147,0.84127,0.99666,none,84,82,-2,-0.0238,0.69048,1,none,13.96,16.402,2.442,0.1749,0.42063,1,none,0,0,0,0,1,1,none,575,577,2,0.0035,0.7533,1,none
9f3fdf55054827507ca324129436d23490789144,2025-06-12T10:39:50+02:00,f42e1ab64efc79ad23babb1184f2750394d4045a,ok,0,0,0,,2826725,none,1134.503,1141.984,7.481,0.0066,0.84127,1,none,96.969,94.885,-2.084,-0.0215,1,1,none,89,94,5,0.0562,0.69048,1,none,12.198,9.765,-2.433,-0.1995,0.54762,1,none,0,0,0,0,1,1,none,592,577,-15,-0.0253,1,1,none
f0458cc216ceabb6f0f202c78aec5729d01883da,2025-06-12T21:08:37+02:00,f0458cc216ceabb6f0f202c78aec5729d01883da,identical_build,1,1,0,,2827034,none,1206.962,1133.579,-73.383,-0.0608,0.30952,1,none,100.472,92.169,-8.303,-0.0826,0.84127,0.99666,none,70,84,14,0.2,0.05933,1,none,27.353,18.597,-8.756,-0.3201,0.09524,0.95617,none,0,0,0,0,0.42371,1,none,592,578,-14,-0.0236,0.52962,1,none
f0458cc216ceabb6f0f202c78aec5729d01883da,2025-06-12T21:08:37+02:00,9f3fdf55054827507ca324129436d23490789144,ok,0,0,0,,2827034,none,1191.353,1210.957,19.605,0.0165,1,1,none,95.342,95.452,0.11,0.0012,0.30952,0.99666,none,86,76,-10,-0.1163,0.54762,1,none,9.814,15.751,5.937,0.605,0.15079,0.95617,none,0,0,0,0.1916,0.0707,1,none,579,611,32,0.0553,0.46334,1,none
84e96e939358a559bcef3863670bcf55874cd14b,2025-06-14T11:01:30Z,320af405e9578d67443c6261d42fecb8d46e38ae,ok,0,0,1,,2826949,none,1234.242,1244.928,10.686,0.0087,0.34531,1,none,124.139,119.462,-4.677,-0.0377,0.23281,0.99666,none,102.5,129,26.5,0.2585,0.25396,1,none,142.369,108.694,-33.675,-0.2365,0.30459,1,none,0,0,0,0,0.72463,1,none,589,578,-11,-0.0187,0.39484,1,none
60512f13d51a6440809cf6f9d2ce84a76f74038c,2025-06-14T12:29:58+02:00,f0458cc216ceabb6f0f202c78aec5729d01883da,ok,0,0,0,,2827032,none,1214.442,1217.591,3.149,0.0026,1,1,none,107.027,107.584,0.557,0.0052,1,1,none,76,81,5,0.0658,0.69048,1,none,64.627,72.535,7.908,0.1224,0.22222,1,none,0,0,0,0,1,1,none,615,580,-35,-0.0569,0.42063,1,none
320af405e9578d67443c6261d42fecb8d46e38ae,2025-06-14T12:49:22+02:00,60512f13d51a6440809cf6f9d2ce84a76f74038c,ok,0,0,0,,2827024,none,1252.231,1243.054,-9.178,-0.0073,1,1,none,116.561,112.357,-4.204,-0.0361,1,1,none,83,96,13,0.1566,0.30952,1,none,126.658,71.817,-54.841,-0.433,0.54762,1,none,0,0,0,0,0.72306,1,none,599,630,31,0.0518,0.84127,1,none
93c92d13e9ba6467a63292dabd335df7691cf45c,2025-06-14T13:05:24+02:00,84e96e939358a559bcef3863670bcf55874cd14b,ok,0,0,1,,2826431,none,1234.195,1216.076,-18.12,-0.0147,0.09753,1,none,107.98,112.48,4.5,0.0417,0.18727,0.99666,none,93,94,1,0.0108,0.75563,1,none,56.71,75.868,19.158,0.3378,0.32455,1,none,0,0,0,0,1,1,none,585,584,-1,-0.0017,1,1,none
058918f8e5406d036fff76bab9bbb2b5281547c9,2025-06-15T23:43:14+02:00,93c92d13e9ba6467a63292dabd335df7691cf45c,ok,0,0,0,,2826302,none,1211.251,1222.35,11.099,0.0092,0.69048,1,none,107.004,124.166,17.162,0.1604,0.42063,0.99666,none,73,104,31,0.4247,0.15079,1,none,69.126,115.251,46.125,0.6673,0.15079,0.95617,none,0,0,0,0,0.17971,1,none,573,605,32,0.0558,0.84127,1,none
958597dfaa8604f5a1c27601e48f2f736788ffcf,2025-06-16T12:30:42+02:00,058918f8e5406d036fff76bab9bbb2b5281547c9,ok,0,0,0,,2826274,none,1231.348,1214.191,-17.157,-0.0139,0.84127,1,none,116.958,117.392,0.434,0.0037,1,1,none,104,78,-26,-0.25,0.69048,1,none,92.322,94.638,2.316,0.0251,0.84127,1,none,0,0,0,0,1,1,none,595,577,-18,-0.0303,0.69048,1,none
0a19c93509866c581b7cb842a03ad0690d17b82d,2025-06-16T12:30:59+02:00,958597dfaa8604f5a1c27601e48f2f736788ffcf,ok,0,0,0,,2826327,none,1145.019,1198.789,53.771,0.047,0.42063,1,none,105.386,110.072,4.686,0.0445,0.54762,0.99666,none,84,104,20,0.2381,0.20869,1,none,67.666,73.553,5.887,0.087,0.84127,1,none,0,0,0,0,0.17971,1,none,575,605,30,0.0522,0.30952,1,none
8e27de2cdc05ed969f2f547233eeb3ab2ffd2679,2025-06-16T14:07:03+02:00,0a19c93509866c581b7cb842a03ad0690d17b82d,ok,0,0,0,,2826734,none,1288.249,1258.542,-29.707,-0.0231,0.42063,1,none,112.479,112.509,0.03,0.0003,0.42063,0.99666,none,122,102,-20,-0.1639,0.84127,1,none,86.379,81.4,-4.979,-0.0576,0.84127,1,none,0,0,0,0,0.42371,1,none,602,570,-32,-0.0532,0.42063,1,none
c1415004005d74961d43f7bc80cd0a3f2e1ab0cb,2025-06-18T14:45:51+02:00,8e27de2cdc05ed969f2f547233eeb3ab2ffd2679,ok,0,0,0,,2826734,none,1223.337,1224.305,0.968,0.0008,0.69048,1,none,106.539,106.47,-0.069,-0.0006,0.84127,0.99666,none,91,96,5,0.0549,0.54762,1,none,79.516,87.418,7.902,0.0994,0.22222,1,none,0,0,0,0,1,1,none,575,613,38,0.0661,0.15079,1,none
258605d1d59c4f6f45ba4d0783d621dc6e73dbe3,2025-06-30T12:19:15+02:00,c1415004005d74961d43f7bc80cd0a3f2e1ab0cb,ok,0,0,0,,2826734,none,1226.31,1237.84,11.53,0.0094,0.84127,1,none,117.696,111.858,-5.838,-0.0496,0.69048,0.99666,none,113.261,77,-36.261,-0.3202,1,1,none,94.74,85.346,-9.394,-0.0992,0.84127,1,none,0,0,0,0,1,1,none,612,560,-52,-0.085,0.30952,1,none
4eadb891f87ffb8d2b2761b7fff843389cec8100,2025-07-03T17:07:26+10:00,258605d1d59c4f6f45ba4d0783d621dc6e73dbe3,ok,0,0,0,,2826738,none,1273.309,1220.312,-52.997,-0.0416,0.15079,1,none,129.636,112.195,-17.441,-0.1345,0.15079,0.99666,none,108,108,0,0,1,1,none,172.099,97.032,-75.067,-0.4362,0.42063,1,none,0,0,0,0,1,1,none,606,550,-56,-0.0924,0.09524,1,none
cde46793f8db57187616b9c869027c41dfdc9862,2025-07-13T19:19:10+02:00,4eadb891f87ffb8d2b2761b7fff843389cec8100,ok,0,0,0,,2826941,none,1248.842,1244.907,-3.935,-0.0032,0.69048,1,none,107.135,112.172,5.037,0.047,0.15079,0.99666,none,106,91,-15,-0.1415,0.15079,1,none,84.146,89.494,5.348,0.0636,0.84127,1,none,0,0,0,0,1,1,none,591,556,-35,-0.0592,0.34574,1,none
0cfa53b7649c5f856bd73b58cb147b04f15e5b39,2025-07-15T12:43:42+02:00,cde46793f8db57187616b9c869027c41dfdc9862,ok,0,0,0,,2827108,none,1229.488,1256.073,26.585,0.0216,0.22222,1,none,112.299,110.331,-1.968,-0.0175,1,1,none,97,107,10,0.1031,0.29333,1,none,76.119,105.04,28.921,0.3799,0.54762,1,none,0,0,0,0,1,1,none,575,559,-16,-0.0278,0.83303,1,none
678dff25eddfc43319299495556ab9f6029bc719,2025-07-15T12:59:55+02:00,0cfa53b7649c5f856bd73b58cb147b04f15e5b39,ok,0,0,1,,2827158,none,1247.022,1227.305,-19.717,-0.0158,0.14848,1,none,111.207,112.816,1.609,0.0145,0.59488,0.99666,none,97,98,1,0.0103,0.93385,1,none,83.593,104.167,20.574,0.2461,0.02635,0.80519,none,0,0,0,0,0.35065,1,none,559,545,-14,-0.025,0.20554,1,none
e46f03813214da79c1bdb62244d19cb41cb71090,2025-07-17T15:22:32+02:00,678dff25eddfc43319299495556ab9f6029bc719,ok,0,0,0,,2827197,none,1263.656,1238.573,-25.083,-0.0198,0.54762,1,none,107.26,115.573,8.313,0.0775,0.42063,0.99666,none,104,96,-8,-0.0769,0.91656,1,none,89.185,95.833,6.648,0.0745,0.84127,1,none,0,0,0,0,1,1,none,585,570,-15,-0.0256,1,1,none
8492b144b05b56634fa020ec278adc7936fbfc4e,2025-07-17T19:52:16+02:00,e46f03813214da79c1bdb62244d19cb41cb71090,ok,0,0,0,,2827197,none,1228.74,1224.071,-4.67,-0.0038,0.84127,1,none,124.957,113.054,-11.903,-0.0953,0.54762,0.99666,none,101,84,-17,-0.1683,0.22222,1,none,90.49,86.182,-4.308,-0.0476,0.69048,1,none,0,0,0,0,1,1,none,557,568,11,0.0197,1,1,none
e5e07260c60543c2dd468474c3fc204b17cb25a3,2025-07-23T18:49:56+10:00,8492b144b05b56634fa020ec278adc7936fbfc4e,ok,0,0,1,,2827193,none,1215.703,1236.696,20.993,0.0173,0.04084,0.84402,none,115.268,119.157,3.889,0.0337,0.43629,0.99666,none,86,94,8,0.093,0.54724,1,none,89.691,103.096,13.405,0.1495,0.36688,1,none,0,0,0,0,0.03835,1,none,549,557,8,0.0146,0.77118,1,none
f38f381989f632bf177922ae53ef2281c85b1345,2025-07-23T23:39:16+02:00,e5e07260c60543c2dd468474c3fc204b17cb25a3,ok,0,0,0,,2827247,none,1241.454,1224.711,-16.743,-0.0135,1,1,none,113.193,113.009,-0.184,-0.0016,0.84127,0.99666,none,89,77,-12,-0.1348,0.42063,1,none,92.675,93.501,0.826,0.0089,1,1,none,0,0,0,0,0.42371,1,none,555,529,-26,-0.0468,0.42063,1,none
416da62138ffab51819057bdcbdc60d537ced284,2025-07-24T09:11:04+02:00,f38f381989f632bf177922ae53ef2281c85b1345,ok,0,0,0,,2827237,none,1228.1,1241.832,13.733,0.0112,0.42063,1,none,106.352,114.554,8.202,0.0771,0.42063,0.99666,none,92,94,2,0.0217,0.69048,1,none,87.789,108.31,20.521,0.2338,0.30952,1,none,0,0,0,0,0.42371,1,none,559,562,3,0.0054,1,1,none
d6a934ed196874e50dac498c63e9f2af7c90296d,2025-07-24T17:02:21+02:00,d6a934ed196874e50dac498c63e9f2af7c90296d,identical_build,1,1,0,,2827500,none,1212.602,1276.875,64.274,0.053,0.42063,1,none,116.823,127.352,10.529,0.0901,0.30952,0.99666,none,101,101,0,0,0.6004,1,none,93.314,119.28,25.966,0.2783,0.30952,1,none,0,0,0,0,1,1,none,545,580,35,0.0642,0.42063,1,none
d6a934ed196874e50dac498c63e9f2af7c90296d,2025-07-24T17:02:21+02:00,416da62138ffab51819057bdcbdc60d537ced284,ok,0,0,0,,2827500,none,1259.768,1209.186,-50.582,-0.0402,0.42063,1,none,114.553,122.102,7.549,0.0659,0.54762,0.99666,none,100,85,-15,-0.15,0.84127,1,none,91.786,110.637,18.851,0.2054,0.69048,1,none,0,0,0,0,0.42371,1,none,552,551,-1,-0.0018,0.69048,1,none
37ad85cbaf5ee47c9e100bb026f4646ab691b8fe,2025-07-27T23:52:07+02:00,d6a934ed196874e50dac498c63e9f2af7c90296d,ok,0,0,0,,2827549,none,1204.004,1260.665,56.66,0.0471,0.30952,1,none,109.68,111.428,1.748,0.0159,0.84127,0.99666,none,97,84,-13,-0.134,0.22222,1,none,64.839,78.538,13.699,0.2113,0.15079,0.95617,none,0,0,0,0,0.42371,1,none,535,547,12,0.0224,0.6004,1,none
178eca5828364f3e4ee48ef849d51d98cc13b0a3,2025-07-31T12:10:59Z,cb33de25f4ae3f26950ceae335f4b0b43572f894,ok,0,0,0,,2827610,none,1230.809,1259.255,28.446,0.0231,0.42063,1,none,108.125,117.071,8.946,0.0827,0.15079,0.99666,none,92,102,10,0.1087,0.84127,1,none,77.999,104.039,26.04,0.3339,0.54762,1,none,0,0,0,0,0.42371,1,none,545,541,-4,-0.0073,0.30952,1,none
cb33de25f4ae3f26950ceae335f4b0b43572f894,2025-07-31T13:58:29+02:00,37ad85cbaf5ee47c9e100bb026f4646ab691b8fe,ok,0,0,0,,2827526,none,1243.762,1251.495,7.733,0.0062,0.69048,1,none,103.376,112.692,9.316,0.0901,0.15079,0.99666,none,85,85,0,0,1,1,none,65.357,76.303,10.946,0.1675,0.01587,0.59048,none,0,0,0,0,0.79625,1,none,572,551,-21,-0.0367,0.67517,1,none
a3763648fe780c0345267fc7b52ee26d8d704c21,2025-08-01T17:17:42+02:00,178eca5828364f3e4ee48ef849d51d98cc13b0a3,ok,0,0,0,,2827607,none,1267.738,1211.681,-56.057,-0.0442,0.30952,1,none,114.147,113.06,-1.087,-0.0095,0.69048,0.99666,none,98,98,0,0,0.54762,1,none,73.621,104.047,30.426,0.4133,0.69048,1,none,0,0,0,0,0.42371,1,none,554,553,-1,-0.0018,0.84127,1,none
df25de7e6816cccc72187aca7b1b865da7803fca,2025-08-07T15:38:58+02:00,a3763648fe780c0345267fc7b52ee26d8d704c21,ok,0,0,0,,2827697,none,1243.071,1218.183,-24.888,-0.02,0.54762,1,none,119.09,111.867,-7.223,-0.0607,0.54762,0.99666,none,93,92,-1,-0.0108,0.84127,1,none,113.92,89.819,-24.101,-0.2116,0.54762,1,none,0,0,0,0,1,1,none,546,537,-9,-0.0165,0.69048,1,none
9036812b6d6d7c38d092405b312114e9fd9fcb49,2025-08-08T09:30:11+02:00,df25de7e6816cccc72187aca7b1b865da7803fca,ok,0,0,0,,2827474,none,1275.232,1225.938,-49.294,-0.0387,0.54762,1,none,122.657,115.891,-6.766,-0.0552,0.54762,0.99666,none,93,103,10,0.1075,0.67517,1,none,101.276,103.15,1.874,0.0185,0.84127,1,none,0,0,0,0,0.5186,1,none,555,581,26,0.0468,0.09524,1,none
cc8e490c7507cfa6810bae0be3fdc873e0317b3d,2025-08-11T11:52:44+02:00,9036812b6d6d7c38d092405b312114e9fd9fcb49,ok,0,0,0,,2827521,none,1234.768,1209.332,-25.436,-0.0206,0.84127,1,none,113.36,133.246,19.886,0.1754,0.22222,0.99666,none,104,109,5,0.0481,1,1,none,87.788,148.533,60.745,0.692,0.42063,1,none,0,0,0,0,0.42371,1,none,549,542,-7,-0.0128,0.24915,1,none
54c148f3902de857c813a0e7fdd598c21fc67214,2025-08-12T09:27:04+02:00,cc8e490c7507cfa6810bae0be3fdc873e0317b3d,ok,0,0,1,,2827588,none,1239.16,1235.877,-3.283,-0.0026,0.96742,1,none,113.612,110.382,-3.23,-0.0284,0.05553,0.99666,none,93,107,14,0.1505,0.12473,1,none,96.943,73.951,-22.992,-0.2372,0.04533,0.95617,none,0,0,0,0,1,1,none,546,544,-2,-0.0037,0.18402,1,none
dda3affcb081c40e2333cc2019dddadd3a37609f,2025-08-12T11:56:11+02:00,54c148f3902de857c813a0e7fdd598c21fc67214,ok,0,0,0,,2827641,none,1232.688,1275.406,42.718,0.0347,0.54762,1,none,105.103,126.04,20.937,0.1992,0.15079,0.99666,none,102,107,5,0.049,0.42063,1,none,77.159,116.265,39.106,0.5068,0.15079,0.95617,none,0,0,0,0,1,1,none,544,561,17,0.0313,0.52962,1,none
2535d7305485a032b5a860a4538870a0c2d09c5a,2025-08-15T15:25:56+02:00,dda3affcb081c40e2333cc2019dddadd3a37609f,ok,0,0,0,,2828339,none,1181.16,1340.958,159.799,0.1353,0.42063,1,none,118.801,122.061,3.26,0.0274,0.69048,0.99666,none,127,98,-29,-0.2283,0.84127,1,none,118.506,119.641,1.135,0.0096,1,1,none,0,0,0,0,0.17702,1,none,578,613,35,0.0606,0.42063,1,none
c6f8ef9ad26fdfc4cc535e161819dda70c4e3a72,2025-08-18T11:45:05+02:00,2535d7305485a032b5a860a4538870a0c2d09c5a,ok,0,0,1,,2828381,none,1229.555,1196.439,-33.116,-0.0269,0.0742,1,none,107.328,110.108,2.78,0.0259,0.77484,0.99666,none,90,91,1,0.0111,0.81949,1,none,68.769,64.798,-3.971,-0.0577,1,1,none,0,0,0,0,1,1,none,551,548,-3,-0.0054,0.56127,1,none
b4903a7eab2330ce127509977472f6c50f52327b,2025-08-20T00:03:02+02:00,c6f8ef9ad26fdfc4cc535e161819dda70c4e3a72,ok,0,0,1,,2828903,improvement,1239.543,986.106,-253.437,-0.2045,0.00007,0.00442,improvement,109.898,108.393,-1.505,-0.0137,0.56677,0.99666,none,92,104,12,0.1304,0.00418,0.55357,none,68.361,51.301,-17.06,-0.2496,0.38923,1,none,0,0,0,0,0.35065,1,none,546,459,-87,-0.1593,0,0.00045,improvement
c78e4aab7f29114f677855b122ac6fa39fe61911,2025-08-20T14:09:20+02:00,b4903a7eab2330ce127509977472f6c50f52327b,ok,0,0,0,,2828864,none,1010.934,988.964,-21.969,-0.0217,0.54762,1,none,115.349,128.559,13.21,0.1145,1,1,none,105.045,94,-11.045,-0.1051,0.15079,1,none,74.114,87.206,13.092,0.1766,1,1,none,0,0,0,0,1,1,none,482,466,-16,-0.0332,0.22222,1,none
b5ad7ae4e3fe2b201ee639a11345e4e31e2974e6,2025-08-21T16:09:19+02:00,c78e4aab7f29114f677855b122ac6fa39fe61911,ok,0,0,0,,2828843,none,985.159,971.246,-13.914,-0.0141,0.42063,1,none,108.678,114.888,6.21,0.0571,0.30952,0.99666,none,96,96,0,0,1,1,none,48.414,60.14,11.726,0.2422,0.30952,1,none,0,0,0,0,0.42371,1,none,454,454,0,0,0.83353,1,none
f29e9df72d4f87ed492420d90bed5c3e7b3c20f6,2025-08-21T20:58:04+02:00,f29e9df72d4f87ed492420d90bed5c3e7b3c20f6,identical_build,1,1,0,,2828995,none,982.291,972.305,-9.986,-0.0102,0.84127,1,none,111.782,104.184,-7.598,-0.068,0.09524,0.99666,none,89,90,1,0.0112,0.69048,1,none,57.114,50.491,-6.623,-0.116,0.09524,0.95617,none,0,0,0,0,1,1,none,462,441,-21,-0.0455,0.30952,1,none
f29e9df72d4f87ed492420d90bed5c3e7b3c20f6,2025-08-21T20:58:04+02:00,b5ad7ae4e3fe2b201ee639a11345e4e31e2974e6,ok,0,0,0,,2828995,none,989.911,993.737,3.826,0.0039,1,1,none,119.944,108.376,-11.568,-0.0964,0.15079,0.99666,none,97,110,13,0.134,0.30952,1,none,65.887,60.695,-5.192,-0.0788,1,1,none,0,0,0,0,1,1,none,475,461,-14,-0.0295,0.69048,1,none
531f3e55247a0be184cb4bc1f037f76c97213965,2025-08-22T15:45:58Z,90ec2739aea65222f235dd7a2c0c929dce7bdbee,ok,0,0,0,,2829087,none,977.959,991.642,13.683,0.014,0.30952,1,none,121.58,113.824,-7.756,-0.0638,0.84127,0.99666,none,102,103,1,0.0098,0.84127,1,none,67.765,90.871,23.106,0.341,1,1,none,0,0,0,0,1,1,none,466,457,-9,-0.0193,0.84127,1,none
90ec2739aea65222f235dd7a2c0c929dce7bdbee,2025-08-22T17:37:16+02:00,f29e9df72d4f87ed492420d90bed5c3e7b3c20f6,ok,0,0,0,,2828927,none,959.359,977.087,17.728,0.0185,0.15079,1,none,108.785,111.897,3.112,0.0286,0.54762,0.99666,none,89,69.059,-19.941,-0.2241,0.69048,1,none,46.901,72.83,25.929,0.5528,0.30952,1,none,0,0,0,0,0.42371,1,none,454,466,12,0.0264,0.69048,1,none
3085f4af81b514639b6aad954742db6fac78571b,2025-08-22T18:12:51+02:00,531f3e55247a0be184cb4bc1f037f76c97213965,ok,0,0,0,,2829175,none,980.808,974.937,-5.871,-0.006,0.84127,1,none,98.725,109.072,10.347,0.1048,0.54762,0.99666,none,97,91,-6,-0.0619,0.54762,1,none,53.334,67.385,14.051,0.2635,0.30952,1,none,0,0,0,0,1,1,none,470,457,-13,-0.0277,0.84127,1,none
ae89608985dfe5975b5fa0103d5aec64cb4fb83f,2025-08-29T12:31:23+02:00,3085f4af81b514639b6aad954742db6fac78571b,ok,0,0,0,,2829157,none,1308.908,987.64,-321.268,-0.2454,0.54762,1,none,118.668,131.015,12.347,0.104,0.54762,0.99666,none,99,111,12,0.1212,0.69048,1,none,81.726,144.568,62.842,0.7689,0.30952,1,none,0,0,0,0,1,1,none,527,502,-25,-0.0474,0.69048,1,none
3bdaafe4b5ecde577fe9b5c69a5d1819e37c4ccb,2025-09-01T17:31:24+02:00,ae89608985dfe5975b5fa0103d5aec64cb4fb83f,ok,0,0,1,,2829514,none,989.711,994.85,5.139,0.0052,0.93489,1,none,125.351,104.68,-20.671,-0.1649,0.0128,0.99666,none,101,102,1,0.0099,0.8519,1,none,87.453,65.795,-21.658,-0.2477,0.01855,0.64706,none,0,0,0,0,1,1,none,474,475,1,0.0021,0.80331,1,none
b9d27d308ead33419ebada746933b6081ebe88ad,2025-09-06T22:51:23+02:00,3bdaafe4b5ecde577fe9b5c69a5d1819e37c4ccb,ok,0,0,0,,2829671,none,971.553,986.466,14.913,0.0153,0.03175,0.79924,none,96.482,96.616,0.134,0.0014,1,1,none,94,95,1,0.0106,1,1,none,42.955,40.913,-2.042,-0.0475,0.69048,1,none,0,0,0,0,0.79625,1,none,452,460,8,0.0177,0.24915,1,none
414182f5997be12646f2fe9881f62e277fc4627e,2025-09-10T17:59:02+02:00,b9d27d308ead33419ebada746933b6081ebe88ad,ok,0,0,0,,2829652,none,980.847,979.346,-1.501,-0.0015,0.84127,1,none,95.346,96.556,1.21,0.0127,0.54762,0.99666,none,94,87,-7,-0.0745,0.84127,1,none,45.55,35.053,-10.497,-0.2305,0.30952,1,none,0,0,0,0,0.42371,1,none,460,459,-1,-0.0022,0.40197,1,none
204e06b77bf7b592e29891160b775df33399ff4d,2025-09-12T10:18:31+10:00,414182f5997be12646f2fe9881f62e277fc4627e,ok,0,0,1,,2832509,regression,976.605,1226.163,249.558,0.2555,0,0,regression,106.843,110.009,3.166,0.0296,0.68267,0.99666,none,92,92,0,0,0.63306,1,none,52.169,58.766,6.597,0.1265,0.48636,1,none,0,0,0,0,1,1,none,447,540,93,0.2081,0,0.00045,regression
1161f1b8ba860a34602fc4aa211ea9f5b28c30eb,2025-09-14T11:33:43Z,204e06b77bf7b592e29891160b775df33399ff4d,ok,0,0,0,,2832953,none,1240.392,1258.869,18.477,0.0149,0.84127,1,none,107.331,110.235,2.904,0.0271,0.84127,0.99666,none,97,95,-2,-0.0206,0.54762,1,none,56.265,52.183,-4.082,-0.0725,1,1,none,0,0,0,0,0.42371,1,none,546,543,-3,-0.0055,0.75257,1,none
ac0d3059dc71a05d266b0c89715828fa5a2d9532,2025-09-15T10:07:37+02:00,1161f1b8ba860a34602fc4aa211ea9f5b28c30eb,ok,0,0,0,,2832813,none,1264.253,1265.907,1.655,0.0013,0.69048,1,none,114.181,113.144,-1.037,-0.0091,0.42063,0.99666,none,95,107,12,0.1263,0.84127,1,none,89.3,64.815,-24.485,-0.2742,0.30952,1,none,0,0,0,0,1,1,none,569,540,-29,-0.051,0.69048,1,none
a6a32b9b2948511d8943a3cdfb8376f1eb3eb6d2,2025-09-17T07:57:10Z,ac0d3059dc71a05d266b0c89715828fa5a2d9532,ok,0,0,0,,2832830,none,1220.637,1219.641,-0.996,-0.0008,1,1,none,121.475,128.062,6.587,0.0542,0.30952,0.99666,none,97,96,-1,-0.0103,1,1,none,84.435,91.403,6.968,0.0825,0.15079,0.95617,none,0,0,0,0,0.17971,1,none,534,563,29,0.0543,0.13756,1,none
f55ecb96cc8db9a2417d48cd8077833c3822d64e,2025-09-19T19:41:03+02:00,a6a32b9b2948511d8943a3cdfb8376f1eb3eb6d2,ok,0,0,0,,2832863,none,1259.576,1241.972,-17.604,-0.014,0.42063,1,none,113.701,120.346,6.645,0.0584,1,1,none,93,92,-1,-0.0108,0.69048,1,none,59.474,60.813,1.339,0.0225,1,1,none,0,0,0,0,0.43858,1,none,543,534,-9,-0.0166,0.42063,1,none
00ae455873f1d29aea75cf1c1d4dfb61471d074b,2025-09-23T22:18:41Z,06c5ea94d331b9c42f922ea7ea6c40f22a9cfa8c,ok,0,0,1,,2832947,none,1260.715,1247.338,-13.377,-0.0106,0.56677,1,none,110.239,119.804,9.565,0.0868,0.09753,0.99666,none,100,101,1,0.01,1,1,none,56.379,70.242,13.863,0.2459,0.18727,1,none,0,0,0,0,0.57716,1,none,560,564,4,0.0071,0.72424,1,none
06c5ea94d331b9c42f922ea7ea6c40f22a9cfa8c,2025-09-23T23:47:03+02:00,f55ecb96cc8db9a2417d48cd8077833c3822d64e,ok,0,0,0,,2832916,none,1223.865,1235.235,11.37,0.0093,0.69048,1,none,107.531,114.955,7.424,0.069,0.69048,0.99666,none,97,98,1,0.0103,0.7533,1,none,60.191,57.579,-2.612,-0.0434,0.54762,1,none,0,0,0,0,1,1,none,536,543,7,0.0131,0.30952,1,none
91c7748c3d58a54444193695d3b7d3ced34434ad,2025-09-24T16:30:50Z,f738b74791b837a2530c1502eca61d3d51b3b583,ok,0,0,0,,2832949,none,1272.334,1240.187,-32.147,-0.0253,0.84127,1,none,105.084,110.419,5.335,0.0508,0.84127,0.99666,none,108,94,-14,-0.1296,0.54762,1,none,82.778,71.541,-11.237,-0.1357,0.84127,1,none,0,0,0,0,1,1,none,589,553,-36,-0.0611,1,1,none
f738b74791b837a2530c1502eca61d3d51b3b583,2025-09-24T18:17:39+02:00,f738b74791b837a2530c1502eca61d3d51b3b583,identical_build,1,1,1,,2832942,none,1235.001,1233.66,-1.341,-0.0011,0.68267,1,none,109.729,113.108,3.379,0.0308,0.62359,0.99666,none,77,94,17,0.2208,0.01273,0.71045,none,63.98,62.343,-1.637,-0.0256,1,1,none,0,0,0,0,0.63272,1,none,542,540,-2,-0.0037,0.81947,1,none
f738b74791b837a2530c1502eca61d3d51b3b583,2025-09-24T18:17:39+02:00,00ae455873f1d29aea75cf1c1d4dfb61471d074b,ok,0,0,0,,2832942,none,1214.515,1225.933,11.417,0.0094,0.69048,1,none,111.967,110.891,-1.076,-0.0096,0.69048,0.99666,none,94,100,6,0.0638,0.69048,1,none,68.364,48.824,-19.54,-0.2858,0.69048,1,none,0,0,0,0,0.42371,1,none,540,541,1,0.0019,0.83403,1,none
06c40006db969b10b77b6e80266311a555b4cdbe,2025-09-24T19:22:32+02:00,91c7748c3d58a54444193695d3b7d3ced34434ad,ok,0,0,0,,2833019,none,1236.785,1253.89,17.104,0.0138,0.69048,1,none,104.913,98.194,-6.719,-0.064,1,1,none,90,94,4,0.0444,1,1,none,54.99,48.438,-6.552,-0.1191,0.69048,1,none,0,0,0,0,0.42371,1,none,537,545,8,0.0149,0.54762,1,none
e32836f799b65f978cbf4877eab7ffc42c6e6494,2025-09-24T19:33:20+02:00,06c40006db969b10b77b6e80266311a555b4cdbe,ok,0,0,0,,2833021,none,1229.325,1238.329,9.004,0.0073,0.69048,1,none,97.125,107.038,9.913,0.1021,0.30952,0.99666,none,99,89,-10,-0.101,1,1,none,43.662,54.479,10.817,0.2477,0.15079,0.95617,none,0,0,0,0,1,1,none,543,558,15,0.0276,0.42063,1,none
a89a03c66ccbd3d44078be78a82d7adfb8f05953,2025-09-24T20:28:41+02:00,e32836f799b65f978cbf4877eab7ffc42c6e6494,ok,0,0,0,,2833075,none,1214.339,1220.899,6.56,0.0054,0.54762,1,none,104.973,104.775,-0.198,-0.0019,0.69048,0.99666,none,76,72,-4,-0.0526,0.7533,1,none,52.689,46.2,-6.489,-0.1232,0.54762,1,none,0,0,0,0,1,1,none,552,526,-26,-0.0471,0.54762,1,none
a8acc8212df612da3e4b5d302d759214d5826552,2025-09-25T22:26:58+02:00,a89a03c66ccbd3d44078be78a82d7adfb8f05953,ok,0,0,0,,2833213,none,1215.225,1175,-40.225,-0.0331,0.15079,1,none,105.961,116.715,10.754,0.1015,0.15079,0.99666,none,95,88,-7,-0.0737,0.30952,1,none,33.118,54.743,21.625,0.653,0.54762,1,none,0,0,0,0,0.42371,1,none,540,539,-1,-0.0019,1,1,none
dcdeb2be5781cb8d1b0834c8251add578e0fc04f,2025-09-26T16:30:23+02:00,a8acc8212df612da3e4b5d302d759214d5826552,ok,0,0,0,,2833190,none,1173.22,1198.083,24.864,0.0212,0.22222,1,none,111.296,116.101,4.805,0.0432,1,1,none,89,77,-12,-0.1348,0.69048,1,none,35.818,35.913,0.095,0.0027,0.84127,1,none,0,0,0,0,1,1,none,503,540,37,0.0736,0.30952,1,none
ec070911b8a1e729ebff0e6e90e4c3ac0a6bce1e,2025-09-28T22:16:28+02:00,dcdeb2be5781cb8d1b0834c8251add578e0fc04f,ok,0,0,0,,2833902,none,1225.332,1198.755,-26.577,-0.0217,0.22222,1,none,115.876,110.52,-5.356,-0.0462,1,1,none,104,94,-10,-0.0962,0.42063,1,none,38.353,39.881,1.528,0.0398,0.69048,1,none,0,0,0,0,1,1,none,539,538,-1,-0.0019,0.69048,1,none
f1b097ad06d9cacc764405004b4d2786d5d5d38e,2025-09-29T11:46:42Z,9fcbbe0d27278b7df5ec01012a207002d6c814ef,ok,0,0,0,,2834081,none,1136.49,1135.447,-1.043,-0.0009,0.84127,1,none,112.503,118.253,5.75,0.0511,1,1,none,77,89,12,0.1558,0.22222,1,none,40.098,44.183,4.085,0.1019,0.42063,1,none,0,0,0,0,0.42371,1,none,540,508,-32,-0.0593,0.83403,1,none
9fcbbe0d27278b7df5ec01012a207002d6c814ef,2025-09-29T12:06:17+02:00,ec070911b8a1e729ebff0e6e90e4c3ac0a6bce1e,ok,0,0,1,,2833943,none,1195.931,1178.571,-17.36,-0.0145,0.7437,1,none,121.58,115.447,-6.133,-0.0504,0.46096,0.99666,none,96,92,-4,-0.0417,0.42983,1,none,36.439,41.271,4.832,0.1326,1,1,none,0,0,0,0,0.35065,1,none,520,507,-13,-0.025,0.70858,1,none
7c4194485647fcd3a1aaa75612c0193208d65bae,2025-09-30T17:09:20+02:00,f1b097ad06d9cacc764405004b4d2786d5d5d38e,ok,0,0,0,,2834105,none,1220.229,1193.794,-26.436,-0.0217,0.42063,1,none,122.742,118.032,-4.71,-0.0384,0.54762,0.99666,none,95,90,-5,-0.0526,0.69048,1,none,41.625,32.949,-8.676,-0.2084,0.30952,1,none,0,0,0,0,1,1,none,504,504,0,0,0.67424,1,none
fde796a7a00d43dc2bb434b5ec98fb57afe9e896,2025-09-30T18:38:10Z,7c4194485647fcd3a1aaa75612c0193208d65bae,ok,0,0,0,,2834167,none,1214.782,1196.26,-18.522,-0.0152,0.42063,1,none,109.502,114.081,4.579,0.0418,0.42063,0.99666,none,73,93,20,0.274,0.91656,1,none,31.958,34.976,3.018,0.0944,0.84127,1,none,0,0,0,0,0.42371,1,none,524,522,-2,-0.0038,1,1,none
835eb8d2fdf21afd93175367838e6b9ecd9e9271,2025-09-30T23:54:43+02:00,fde796a7a00d43dc2bb434b5ec98fb57afe9e896,ok,0,0,1,,2834335,none,1200.573,1172.553,-28.02,-0.0233,0.43629,1,none,113.974,110.498,-3.476,-0.0305,0.46096,0.99666,none,93,102,9,0.0968,0.83563,1,none,35.12,32.035,-3.085,-0.0878,0.38923,1,none,0,0,0,0,0.35065,1,none,488,488,0,0,0.67711,1,none
f3c16a600d4aae624776660c2ee4462b3bcd6a66,2025-10-02T16:47:26+02:00,835eb8d2fdf21afd93175367838e6b9ecd9e9271,ok,0,0,0,,2834288,none,1177.423,1214.685,37.262,0.0316,0.30952,1,none,108.391,109.533,1.142,0.0105,0.84127,0.99666,none,100,103,3,0.03,0.91656,1,none,32.929,33.51,0.581,0.0176,1,1,none,0,0,0,0,1,1,none,526,505,-21,-0.0399,0.52709,1,none
416e8b3e421971bf2162cb78a2dee7bbc6dabb23,2025-10-09T23:48:31+02:00,f3c16a600d4aae624776660c2ee4462b3bcd6a66,ok,0,0,0,,2837130,none,1221.264,1193.281,-27.982,-0.0229,0.22222,1,none,116.024,115.772,-0.252,-0.0022,0.54762,0.99666,none,80,95,15,0.1875,0.30952,1,none,41.455,31.421,-10.034,-0.242,0.30952,1,none,0,0,0,0,1,1,none,507,507,0,0,0.67424,1,none
19b03b4ca9d9dbbd8d3246d99490dadf57e4c507,2025-10-10T18:12:08+02:00,19b03b4ca9d9dbbd8d3246d99490dadf57e4c507,identical_build,1,1,1,,2837100,none,1181.349,1194.159,12.81,0.0108,0.68267,1,none,119.3,108.891,-10.409,-0.0873,0.09753,0.99666,none,92,91,-1,-0.0109,0.98344,1,none,36.482,32.205,-4.277,-0.1172,0.48636,1,none,0,0,0,0,0.16414,1,none,488,487,-1,-0.002,0.09685,1,none
19b03b4ca9d9dbbd8d3246d99490dadf57e4c507,2025-10-10T18:12:08+02:00,416e8b3e421971bf2162cb78a2dee7bbc6dabb23,ok,0,0,0,,2837100,none,1241.138,1185.18,-55.959,-0.0451,0.30952,1,none,110.488,119.664,9.176,0.083,0.54762,0.99666,none,92,87,-5,-0.0543,0.67517,1,none,27.543,37.436,9.893,0.3592,0.22222,1,none,0,0,0,0,0.42371,1,none,506,506,0,0,1,1,none
8608d7b2e000ac5f756c263e2c0d04e3f93485c4,2025-10-12T23:33:02+02:00,19b03b4ca9d9dbbd8d3246d99490dadf57e4c507,ok,0,0,0,,2837123,none,1224.838,1171.233,-53.605,-0.0438,0.54762,1,none,110.52,109.283,-1.237,-0.0112,1,1,none,92,69,-23,-0.25,0.22222,1,none,30.881,42.291,11.41,0.3695,0.15079,0.95617,none,0,0,0,0,1,1,none,490,489,-1,-0.002,0.84127,1,none
5fffc4743fecb89eeb549c8cf4fb4b9ffd05c703,2025-10-14T16:34:49+02:00,8608d7b2e000ac5f756c263e2c0d04e3f93485c4,ok,0,0,0,,2837018,none,1220.033,1171.769,-48.264,-0.0396,0.15079,1,none,110.462,110.944,0.482,0.0044,0.69048,0.99666,none,90,91,1,0.0111,0.42063,1,none,30.479,31.776,1.297,0.0426,1,1,none,0,0,0,0,0.42371,1,none,487,488,1,0.0021,1,1,none
7da176ff7d13aa16b23195a343689df7cd3372be,2025-10-15T21:16:20+02:00,5fffc4743fecb89eeb549c8cf4fb4b9ffd05c703,ok,0,0,0,,2837036,none,1210.331,1249.663,39.332,0.0325,0.42063,1,none,118.552,110.516,-8.036,-0.0678,0.69048,0.99666,none,86,89,3,0.0349,1,1,none,36.406,33.022,-3.384,-0.093,0.42063,1,none,0,0,0,0,0.42371,1,none,506,489,-17,-0.0336,0.29035,1,none
725412ebd337c18179a52d968d3b0d29eb9c2fa4,2025-10-20T11:56:55+02:00,7da176ff7d13aa16b23195a343689df7cd3372be,ok,0,0,1,,2837023,none,1220.258,1204.159,-16.099,-0.0132,0.93489,1,none,111.061,110.729,-0.332,-0.003,0.80633,0.99666,none,96,86,-10,-0.1042,0.00785,0.55357,none,32.005,26.395,-5.61,-0.1753,0.16463,1,none,0,0,0,0,0.16439,1,none,488,489,1,0.002,0.88424,1,none
8013eb5e1628293ee671e431c52184dc576fe293,2025-10-20T16:09:20+02:00,725412ebd337c18179a52d968d3b0d29eb9c2fa4,ok,0,0,0,,2837420,none,1212.626,1212.235,-0.39,-0.0003,1,1,none,110.082,110.417,0.335,0.003,1,1,none,95,93,-2,-0.0211,0.42063,1,none,35.391,32.699,-2.692,-0.0761,1,1,none,0,0,0,0,0.42371,1,none,504,506,2,0.004,1,1,none
4e0441eeb413ad7234f65cbb8fbb397bc715ff46,2025-10-20T16:57:40+02:00,8013eb5e1628293ee671e431c52184dc576fe293,ok,0,0,0,,2837481,none,1219.447,1213.173,-6.275,-0.0051,1,1,none,112.988,110.963,-2.025,-0.0179,0.84127,0.99666,none,90,90,0,0,0.7533,1,none,34.774,34.242,-0.532,-0.0153,1,1,none,0,0,0,0,1,1,none,508,490,-18,-0.0354,0.29333,1,none
19b3dc658a56ad50d1e3e8a6ddce8bedc5147f84,2025-10-22T23:29:39+02:00,4e0441eeb413ad7234f65cbb8fbb397bc715ff46,ok,0,0,1,,2837517,none,1214.884,1208.48,-6.404,-0.0053,0.32455,1,none,110.157,117.319,7.162,0.065,0.18727,0.99666,none,92,91,-1,-0.0109,0.93384,1,none,28.145,35.289,7.144,0.2538,0.09753,0.95617,none,0,0,0,0,0.5501,1,none,487,492,5,0.0103,0.03979,1,none
8d8f69662877a3b7a9d11869392efa778235b785,2025-10-26T23:00:17+01:00,19b3dc658a56ad50d1e3e8a6ddce8bedc5147f84,ok,0,0,1,,2837498,none,1210.73,1183.598,-27.132,-0.0224,0.17361,1,none,116.12,120.009,3.889,0.0335,0.90246,1,none,82,91,9,0.1098,0.26238,1,none,39.636,36.746,-2.89,-0.0729,0.93489,1,none,0,0,0,0,1,1,none,488,506,18,0.0369,0.05579,1,none
8fd970320e1d754d1c76bc31abc440b9d88aafab,2025-11-03T17:30:35+01:00,8d8f69662877a3b7a9d11869392efa778235b785,ok,0,0,0,,2837498,none,1220.016,1214.233,-5.783,-0.0047,0.54762,1,none,110.115,111.569,1.454,0.0132,0.22222,0.99666,none,85,92,7,0.0824,0.17322,1,none,27.565,29.302,1.737,0.063,1,1,none,0,0,0,0,1,1,none,506,488,-18,-0.0356,0.40197,1,none
47cbb5b6fbeba23fbdfb72729159d723f1176746,2025-11-03T23:34:17+01:00,8fd970320e1d754d1c76bc31abc440b9d88aafab,ok,0,0,1,,2838007,none,1199.812,1221.726,21.914,0.0183,0.10645,1,none,95.181,95.411,0.23,0.0024,1,1,none,98,94,-4,-0.0408,0.22825,1,none,29.34,14.45,-14.89,-0.5075,0.00014,0.03916,none,0,0.001,0.001,1.9734,0,0.00005,none,489,493,4,0.0082,0.34945,1,none
d1f39823f1218b5663ffcba8b9ca0cf2098b6ea6,2025-11-03T23:36:08+01:00,47cbb5b6fbeba23fbdfb72729159d723f1176746,ok,0,0,1,,2914403,improvement,1197.083,965.314,-231.769,-0.1936,0,0.0002,improvement,92.004,93.141,1.137,0.0124,0.34531,0.99666,none,89,89,0,0,0.95036,1,none,14.659,16.009,1.35,0.0921,1,1,none,0.001,0.001,0,-0.0771,0,0.00005,none,491,437,-54,-0.11,0,0.00045,improvement
c99e81678bd13eb34c4f027472e8cd0b4121ba4d,2025-11-04T11:20:55Z,d1f39823f1218b5663ffcba8b9ca0cf2098b6ea6,ok,0,0,0,,2914536,none,964.758,971.39,6.632,0.0069,1,1,none,93.134,94.005,0.871,0.0094,0.84127,0.99666,none,90,87,-3,-0.0333,0.22222,1,none,15.28,12.042,-3.238,-0.2119,0.42063,1,none,0.001,0.001,0,0,0.42371,1,none,438,438,0,0,0.91527,1,none
95ddc663392d94cd22a17a982dde5060849038de,2025-11-06T21:33:11Z,5bcd8280c97c97b95f4fd268dbd4ff3d7905f87b,ok,0,0,0,,2915137,none,979.461,1005.683,26.222,0.0268,0.22222,1,none,92.494,95.029,2.535,0.0274,0.69048,0.99666,none,84,87,3,0.0357,1,1,none,12.299,10.408,-1.891,-0.1538,1,1,none,0.004,0.004,0,0,1,1,none,438,450,12,0.0274,0.2045,1,none
5bcd8280c97c97b95f4fd268dbd4ff3d7905f87b,2025-11-06T21:35:14+01:00,c99e81678bd13eb34c4f027472e8cd0b4121ba4d,ok,0,0,0,,2915087,none,967.017,978.439,11.421,0.0118,0.15079,1,none,94.977,93.128,-1.849,-0.0195,0.69048,0.99666,none,89.5,88,-1.5,-0.0168,0.7533,1,none,18.117,9.977,-8.14,-0.4493,0.22222,1,none,0.001,0.004,0.003,2.851,0.00558,0.34619,none,436,438,2,0.0046,0.13633,1,none
f2600fe3e835bad81b3c6eb9aeae58e7974ccea1,2025-11-06T22:39:39+01:00,f2600fe3e835bad81b3c6eb9aeae58e7974ccea1,identical_build,1,1,1,,2915109,none,968.028,968.847,0.818,0.0008,0.90246,1,none,94.43,90.312,-4.118,-0.0436,0.01126,0.99666,none,88,95,7,0.0795,0.04632,1,none,13.045,14.651,1.606,0.1231,0.11598,0.95617,none,0.004,0.004,0,0,1,1,none,437,437,0,0,0.91679,1,none
f2600fe3e835bad81b3c6eb9aeae58e7974ccea1,2025-11-06T22:39:39+01:00,95ddc663392d94cd22a17a982dde5060849038de,ok,0,0,0,,2915109,none,975.326,977.657,2.331,0.0024,0.54762,1,none,94.747,106.016,11.269,0.1189,1,1,none,93,76,-17,-0.1828,0.24915,1,none,15.492,12.094,-3.398,-0.2193,0.54762,1,none,0.004,0.004,0,0,1,1,none,439,438,-1,-0.0023,0.75257,1,none
8fb16669ab913b7618c6e55a4aba18275fabd1bb,2025-11-10T12:08:57+01:00,f2600fe3e835bad81b3c6eb9aeae58e7974ccea1,ok,0,0,0,,2915513,none,1136.404,983.104,-153.3,-0.1349,0.69048,1,none,90.614,93.385,2.771,0.0306,1,1,none,102.5,109,6.5,0.0634,0.84127,1,none,20.53,23.965,3.435,0.1673,0.69048,1,none,0.004,0.004,0,0,1,1,none,447,453,6,0.0134,1,1,none
dc2f25c14add5156a105ab3675c0b179586dc750,2025-11-10T22:31:08+01:00,8fb16669ab913b7618c6e55a4aba18275fabd1bb,ok,0,0,0,,2915519,none,978.629,979.454,0.824,0.0008,1,1,none,96.026,86.948,-9.078,-0.0945,0.22222,0.99666,none,88,103,15,0.1705,0.42063,1,none,27.45,13.44,-14.01,-0.5104,0.69048,1,none,0.004,0.004,0,0,1,1,none,458,450,-8,-0.0175,0.54762,1,none
2b4540225d66ec4f71d622f5405f2b7b0ef3735c,2025-11-10T22:31:23+01:00,dc2f25c14add5156a105ab3675c0b179586dc750,ok,0,0,0,,2915942,none,970.272,969.308,-0.963,-0.001,0.54762,1,none,99.821,92.288,-7.533,-0.0755,1,1,none,99.5,90,-9.5,-0.0955,0.24915,1,none,28.534,24.39,-4.144,-0.1452,0.84127,1,none,0.004,0.004,0,0,0.23304,1,none,449,434,-15,-0.0334,0.01587,0.63655,none
7f66e1fe897873713ba04410534be2d97b9139af,2025-11-11T11:29:44+01:00,2b4540225d66ec4f71d622f5405f2b7b0ef3735c,ok,0,0,0,,2915877,none,989.481,986.334,-3.147,-0.0032,0.69048,1,none,105.197,94.022,-11.175,-0.1062,0.30952,0.99666,none,76.5,101,24.5,0.3203,0.30952,1,none,20.716,18.749,-1.967,-0.095,0.84127,1,none,0.004,0.004,0,0,0.42371,1,none,439,459,20,0.0456,0.07491,1,none
37882c66cbe2b46a1acf8e990638a511c0fe757b,2025-11-18T09:24:02Z,7f66e1fe897873713ba04410534be2d97b9139af,ok,0,0,0,,2916004,none,969.911,975.542,5.631,0.0058,0.42063,1,none,94.447,106.835,12.388,0.1312,0.30952,0.99666,none,94,96,2,0.0213,0.67517,1,none,10.811,20.894,10.083,0.9327,0.22222,1,none,0.004,0.004,0,0,0.81736,1,none,437,438,1,0.0023,0.38709,1,none
b660478164a9137f6c48893f38671eedab22b83e,2025-11-22T16:16:30+01:00,37882c66cbe2b46a1acf8e990638a511c0fe757b,ok,0,0,0,,2915932,none,967.368,982.993,15.625,0.0162,0.15079,1,none,95.514,107.401,11.887,0.1245,0.84127,0.99666,none,93,92,-1,-0.0108,0.67517,1,none,11.648,11.474,-0.174,-0.0149,0.69048,1,none,0.004,0.004,0,0,1,1,none,438,439,1,0.0023,0.54762,1,none
d7e63e66a78f513d5bdbb292b22863ad866a4651,2025-11-24T23:34:42+01:00,b660478164a9137f6c48893f38671eedab22b83e,ok,0,0,0,,2916020,none,976.587,968.902,-7.685,-0.0079,0.15079,1,none,113.049,104.467,-8.582,-0.0759,0.42063,0.99666,none,92,92,0,0,0.7533,1,none,22.917,17.384,-5.533,-0.2414,0.54762,1,none,0.004,0.004,0,0,0.43858,1,none,438,437,-1,-0.0023,0.29184,1,none
c141960ada4869ee6a3bb8a665e75c0c18ad7f19,2025-11-25T15:46:02+01:00,d7e63e66a78f513d5bdbb292b22863ad866a4651,ok,0,0,0,,2922141,none,975.517,977.527,2.01,0.0021,0.54762,1,none,107.362,104.38,-2.982,-0.0278,0.84127,0.99666,none,100,89,-11,-0.11,1,1,none,21.373,8.366,-13.007,-0.6086,0.05933,0.95617,none,0.004,0.004,0,0,0.42371,1,none,437,436,-1,-0.0023,1,1,none
019ce4c52cc82fe654d7e92c2672843c8ff57c96,2025-11-26T11:00:33Z,c141960ada4869ee6a3bb8a665e75c0c18ad7f19,ok,0,0,0,,2922205,none,967.964,981.932,13.968,0.0144,0.30952,1,none,127.37,113.358,-14.012,-0.11,0.54762,0.99666,none,91,93,2,0.022,0.83403,1,none,10.665,21.299,10.634,0.9971,0.30952,1,none,0.004,0.004,0,0,1,1,none,437,439,2,0.0046,0.91631,1,none
210dc85c8cd43da0f78b84b59b650de7db1a00a8,2025-11-26T21:02:36+01:00,019ce4c52cc82fe654d7e92c2672843c8ff57c96,ok,0,0,0,,2922182,none,976.761,978.111,1.35,0.0014,1,1,none,107.875,102.418,-5.457,-0.0506,0.54762,0.99666,none,99,89,-10,-0.101,0.42063,1,none,18.238,11.384,-6.854,-0.3758,1,1,none,0.004,0.004,0,0,0.79717,1,none,439,439,0,0,0.67234,1,none
7497a082700396608054747ede53ca7c74f1042e,2025-12-01T12:08:55+01:00,210dc85c8cd43da0f78b84b59b650de7db1a00a8,ok,0,0,0,,2922180,none,976.86,976.101,-0.758,-0.0008,0.54762,1,none,110.464,97.408,-13.056,-0.1182,0.22222,0.99666,none,91,105,14,0.1538,1,1,none,22.416,20.126,-2.29,-0.1022,0.42063,1,none,0.004,0.004,0,0,0.72306,1,none,452,439,-13,-0.0288,0.67329,1,none
51ad8951d4d804190647eafcb448d58516047ade,2025-12-01T12:10:13+01:00,7497a082700396608054747ede53ca7c74f1042e,ok,0,0,1,,2924998,regression,973.215,1217.022,243.807,0.2505,0.00001,0.00094,regression,105.058,110.678,5.62,0.0535,0.60409,0.99666,none,94,96.5,2.5,0.0266,0.52,1,none,14.124,14.672,0.548,0.0388,0.8674,1,none,0.004,0.005,0.001,0.1318,0,0.00005,none,437,491,54,0.1236,0.00004,0.00353,regression
451bcac0b7b99f4fafca82adaad37f0b4aeb310e,2025-12-01T17:06:08Z,51ad8951d4d804190647eafcb448d58516047ade,ok,0,0,1,,2925031,none,1208.11,1218.524,10.413,0.0086,0.46096,1,none,110.097,95.071,-15.026,-0.1365,0.21686,0.99666,none,95.5,95,-0.5,-0.0052,0.81949,1,none,10.679,14.568,3.889,0.3642,0.046,0.95617,none,0.005,0.005,0,0,0.16414,1,none,489,488,-1,-0.002,0.44227,1,none
d080833f4d359e808cd12acdc7dd1c9187c956e5,2025-12-01T22:37:42+01:00,451bcac0b7b99f4fafca82adaad37f0b4aeb310e,ok,0,0,0,,2925031,none,1239.877,1225.485,-14.393,-0.0116,0.69048,1,none,95.023,98.924,3.901,0.0411,0.22222,0.99666,none,107,89,-18,-0.1682,0.42063,1,none,6.993,17.302,10.309,1.4742,0.09524,0.95617,none,0.005,0.005,0,0,1,1,none,509,488,-21,-0.0413,0.09369,1,none
8d18078f5c719166c30eb373312c130664a56ffe,2025-12-03T12:47:30+01:00,8d18078f5c719166c30eb373312c130664a56ffe,identical_build,1,1,1,,2924990,none,1215.895,1214.799,-1.096,-0.0009,0.77484,1,none,95.506,97.886,2.38,0.0249,0.77484,0.99666,none,109,93,-16,-0.1468,0.00368,0.55357,none,18.228,17.867,-0.361,-0.0198,0.4181,1,none,0.005,0.005,0,0,1,1,none,490,487,-3,-0.0061,0.83534,1,none
8d18078f5c719166c30eb373312c130664a56ffe,2025-12-03T12:47:30+01:00,d080833f4d359e808cd12acdc7dd1c9187c956e5,ok,0,0,0,,2924990,none,1221.236,1201.097,-20.139,-0.0165,1,1,none,107.033,97.855,-9.178,-0.0857,0.42063,0.99666,none,107,83,-24,-0.2243,0.42063,1,none,17.134,15.448,-1.686,-0.0984,0.54762,1,none,0.005,0.005,0,0,0.42371,1,none,488,502,14,0.0287,0.2948,1,none
bf4c65f4835f5ce13d0c807797b849ad5d6b0121,2025-12-09T19:36:28+01:00,8d18078f5c719166c30eb373312c130664a56ffe,ok,0,0,0,,2925073,none,1224.971,1216.284,-8.687,-0.0071,0.69048,1,none,126.996,106.969,-20.027,-0.1577,0.69048,0.99666,none,95,106,11,0.1158,0.54762,1,none,26.931,15.83,-11.101,-0.4122,0.46334,1,none,0.005,0.005,0,0,1,1,none,491,505,14,0.0285,0.67424,1,none
f06484c6ab72ce7c399f0cf73cda46b3fc7b82ab,2025-12-15T09:49:46Z,bf4c65f4835f5ce13d0c807797b849ad5d6b0121,ok,0,0,0,,2925160,none,1213.167,1216.045,2.878,0.0024,1,1,none,97.395,106.444,9.049,0.0929,0.69048,0.99666,none,91.5,86,-5.5,-0.0601,0.69048,1,none,10.233,20.077,9.844,0.962,0.09369,0.95617,none,0.005,0.005,0,0,1,1,none,488,490,2,0.0041,0.33978,1,none
859207b8bca11149047efdb8b5b5b3cb6cb87e99,2025-12-17T16:22:24+01:00,f06484c6ab72ce7c399f0cf73cda46b3fc7b82ab,ok,0,0,0,,2925209,none,1230.906,1260.267,29.361,0.0239,0.54762,1,none,95.396,98.815,3.419,0.0358,0.69048,0.99666,none,105,111,6,0.0571,1,1,none,19.137,14.048,-5.089,-0.2659,0.11607,0.95617,none,0.005,0.005,0,0,0.60047,1,none,523,487,-36,-0.0688,0.34574,1,none
071b17a2179fa19891f8c20d870d50e8fb65a6b5,2025-12-19T18:23:09+01:00,859207b8bca11149047efdb8b5b5b3cb6cb87e99,ok,0,0,1,,2925231,none,1236.544,1216.462,-20.083,-0.0162,0.01452,0.54011,none,97.302,96.37,-0.932,-0.0096,0.96742,1,none,105,95,-10,-0.0952,0.08895,1,none,8.591,17.337,8.746,1.018,0.00139,0.18056,none,0.005,0.005,0,0,1,1,none,489,490,1,0.002,0.47956,1,none
7cc31ac64a9ec3f9ce5bc3a09cd3716c2eb07370,2025-12-20T06:31:02+01:00,071b17a2179fa19891f8c20d870d50e8fb65a6b5,ok,0,0,0,,2925182,none,1237.985,1222.371,-15.614,-0.0126,0.69048,1,none,104.899,110.383,5.484,0.0523,1,1,none,95,90,-5,-0.0526,1,1,none,13.239,18.299,5.06,0.3822,0.09524,0.95617,none,0.005,0.005,0,0,1,1,none,507,505,-2,-0.0039,0.54762,1,none
d87620b23907cef9a119c758124569b5f44991a4,2025-12-21T22:14:21+01:00,7cc31ac64a9ec3f9ce5bc3a09cd3716c2eb07370,ok,0,0,1,,2925478,none,1218.109,1237.301,19.192,0.0158,0.17361,1,none,95.555,95.551,-0.004,0,0.85192,1,none,99,98,-1,-0.0101,0.83567,1,none,15.237,16.305,1.068,0.0701,1,1,none,0.005,0.005,0,0,0.57716,1,none,490,490,0,0,0.81905,1,none
e95222ed323d45adf2183bae835c9fb6708e7029,2025-12-28T21:53:25+01:00,d87620b23907cef9a119c758124569b5f44991a4,ok,0,0,0,,2925416,none,1226.064,1217.838,-8.226,-0.0067,0.84127,1,none,113.549,114.424,0.875,0.0077,0.42063,0.99666,none,96,103,7,0.0729,0.84127,1,none,18.732,19.509,0.777,0.0415,0.46334,1,none,0.005,0.005,0,0,0.42371,1,none,490,489,-1,-0.002,0.91656,1,none
0586fc138cc3e1ed893d5204af78a13a352fffc6,2026-01-02T11:08:27+01:00,e95222ed323d45adf2183bae835c9fb6708e7029,ok,0,0,0,,2929956,none,1230.383,1216.981,-13.401,-0.0109,0.22222,1,none,112.098,113.066,0.968,0.0086,0.69048,0.99666,none,93,78,-15,-0.1613,0.20869,1,none,20.032,16.109,-3.923,-0.1958,0.69048,1,none,0.005,0.005,0,0,1,1,none,524,490,-34,-0.0649,0.2948,1,none
6c908553a9cbd2e50bfabc49bc6045c5ba97d702,2026-01-04T15:13:38+01:00,0586fc138cc3e1ed893d5204af78a13a352fffc6,ok,0,0,0,,2929984,none,1214.086,1215.289,1.203,0.001,1,1,none,110.931,105.419,-5.512,-0.0497,1,1,none,103,102,-1,-0.0097,1,1,none,9.618,14.318,4.7,0.4887,0.6004,1,none,0.005,0.005,0,0,0.42371,1,none,486,491,5,0.0103,0.14124,1,none
b5fc873323e16f181860a4e731c731b4e40badd1,2026-01-04T15:15:46+01:00,6c908553a9cbd2e50bfabc49bc6045c5ba97d702,ok,0,0,0,,2933168,none,1226.774,1210.352,-16.422,-0.0134,1,1,none,94.245,122.756,28.511,0.3025,0.54762,0.99666,none,102,95,-7,-0.0686,0.24915,1,none,14.654,29.63,14.976,1.022,0.69048,1,none,0.005,0.005,0,0,0.79717,1,none,492,491,-1,-0.002,0.6004,1,none
63e1148280163a36326b7efb5fdfeefebabdb3e4,2026-01-04T15:16:35+01:00,b5fc873323e16f181860a4e731c731b4e40badd1,ok,0,0,0,,2937532,none,1216.328,1192.435,-23.894,-0.0196,0.42063,1,none,110.434,128.692,18.258,0.1653,0.54762,0.99666,none,85,97,12,0.1412,0.39761,1,none,26.306,23.524,-2.782,-0.1058,0.84127,1,none,0.005,0.005,0,0,0.23304,1,none,473,471,-2,-0.0042,0.7533,1,none
c158187f20e9eb60c7b0dd5256f0030594883867,2026-01-04T17:51:53+01:00,63e1148280163a36326b7efb5fdfeefebabdb3e4,ok,0,0,0,,2937552,none,1264.38,1258.901,-5.479,-0.0043,1,1,none,115.058,111.84,-3.218,-0.028,0.54762,0.99666,none,93,83,-10,-0.1075,0.69048,1,none,22.948,19.881,-3.067,-0.1336,0.22222,1,none,0.005,0.005,0,0,1,1,none,487,506,19,0.039,0.39907,1,none
cc6c29c0b9298653301a0d18b9c6511730e0b480,2026-01-07T12:55:33+01:00,c158187f20e9eb60c7b0dd5256f0030594883867,ok,0,0,0,,2937674,none,1235.971,1251.839,15.867,0.0128,0.69048,1,none,101.983,102.16,0.177,0.0017,0.84127,0.99666,none,96,103,7,0.0729,0.69048,1,none,18.932,20.441,1.509,0.0797,0.84127,1,none,0.005,0.005,0,0,0.17971,1,none,488,490,2,0.0041,0.7533,1,none
b9a255407fc5e68893016de56057614da26df50c,2026-01-10T18:15:14+01:00,cc6c29c0b9298653301a0d18b9c6511730e0b480,ok,0,0,1,,2937129,none,1255.833,1258.399,2.565,0.002,0.48636,1,none,94.364,95.541,1.177,0.0125,0.18727,0.99666,none,96,95,-1,-0.0104,0.5892,1,none,17.695,18.724,1.029,0.0582,0.9174,1,none,0.005,0.005,0,0,0.52383,1,none,490,492,2,0.0041,0.85123,1,none
da592058467be7da090e5ea763852198040807cd,2026-01-12T15:02:56+01:00,da592058467be7da090e5ea763852198040807cd,identical_build,1,1,0,,2937230,none,1257.34,1228.378,-28.962,-0.023,0.05556,1,none,113.067,103.252,-9.815,-0.0868,0.84127,0.99666,none,95,99,4,0.0421,0.52962,1,none,22.817,12.655,-10.162,-0.4454,0.69048,1,none,0.005,0.005,0,0,1,1,none,488,486,-2,-0.0041,0.6004,1,none
da592058467be7da090e5ea763852198040807cd,2026-01-12T15:02:56+01:00,b9a255407fc5e68893016de56057614da26df50c,ok,0,0,1,,2937230,none,1251.872,1260.887,9.015,0.0072,0.87019,1,none,108.44,102.895,-5.545,-0.0511,0.51249,0.99666,none,92,103,11,0.1196,0.32958,1,none,19.524,14.284,-5.24,-0.2684,0.90086,1,none,0.005,0.005,0,0,1,1,none,491,490,-1,-0.002,0.47931,1,none
3b97f5a10cc576cbe7863a2e4772203ebb13b606,2026-01-12T15:24:50+01:00,da592058467be7da090e5ea763852198040807cd,ok,0,0,0,,2937328,none,1275.282,1206.008,-69.274,-0.0543,0.22222,1,none,107.35,109.903,2.553,0.0238,1,1,none,128.5,96,-32.5,-0.2529,0.22222,1,none,23.327,24.507,1.18,0.0506,1,1,none,0.005,0.005,0,0,0.47848,1,none,505,493,-12,-0.0238,1,1,none
6ebf52279dbf5173c3c4bca0af52c4e222acd6b4,2026-01-15T15:27:00+01:00,3b97f5a10cc576cbe7863a2e4772203ebb13b606,ok,0,0,1,,2937343,none,1260.336,1241.055,-19.28,-0.0153,0.17361,1,none,96.631,95.393,-1.238,-0.0128,0.23281,0.99666,none,99.5,103,3.5,0.0352,0.50677,1,none,14.316,14.993,0.677,0.0473,1,1,none,0.005,0.005,0,0,1,1,none,489,492,3,0.0061,0.24401,1,none
a0b98a944f1ddedba090b8a6908ff38b9132177e,2026-01-15T19:15:41+01:00,6ebf52279dbf5173c3c4bca0af52c4e222acd6b4,ok,0,0,1,,2690622,regression,1248.156,1341.419,93.263,0.0747,0,0.00003,regression,99.349,99.319,-0.03,-0.0003,0.34531,0.99666,none,101,95.5,-5.5,-0.0545,0.90096,1,none,18.043,16.678,-1.365,-0.0757,0.83569,1,none,0.005,0.005,0,0,0.5501,1,none,490,491,1,0.002,0.66227,1,none
24a69418615196827688d7c495450740ba5c7a40,2026-01-16T09:52:18+01:00,a0b98a944f1ddedba090b8a6908ff38b9132177e,ok,0,0,0,,2690810,none,1368.203,1411.144,42.941,0.0314,0.22222,1,none,94.54,95.514,0.974,0.0103,0.54762,0.99666,none,72,91,19,0.2639,0.54762,1,none,13.846,16.495,2.649,0.1913,0.84127,1,none,0.005,0.005,0,0,0.42371,1,none,489,491,2,0.0041,0.91605,1,none
5a73b9a3634da128ab69778c59af638d1e779fee,2026-01-16T15:10:00+01:00,24a69418615196827688d7c495450740ba5c7a40,ok,0,0,1,,2691131,none,1391.432,1409.294,17.863,0.0128,0.17361,1,none,94.727,111.913,17.186,0.1814,0.02635,0.99666,none,93,96,3,0.0323,0.33998,1,none,16.92,19.079,2.159,0.1276,0.96691,1,none,0.005,0.005,0,0,0.52383,1,none,503,488,-15,-0.0298,0.54702,1,none
0443511954a8a557866a98a939e2a506acb4858b,2026-01-17T18:17:04+01:00,5a73b9a3634da128ab69778c59af638d1e779fee,ok,0,0,1,,2691154,none,1378.445,1410.356,31.911,0.0232,0.04084,0.84402,none,98.007,100.667,2.66,0.0271,0.93489,1,none,91,95.5,4.5,0.0495,0.28993,1,none,15.085,17.543,2.458,0.1629,0.41238,1,none,0.005,0.005,0,0,0.16414,1,none,491,489,-2,-0.0041,0.31647,1,none
9d760336d195b13d4a237a1408743a38f7c0ca9a,2026-01-18T21:55:14+01:00,0443511954a8a557866a98a939e2a506acb4858b,ok,0,0,1,,2691179,none,1382.512,1413.043,30.531,0.0221,0.41238,1,none,97.982,121.217,23.235,0.2371,0.06128,0.99666,none,83,101,18,0.2169,0.01908,0.88706,none,18.108,31.219,13.111,0.724,0.00162,0.18056,none,0.005,0,-0.004,-0.9089,0,0.00009,none,491,490,-1,-0.002,0.70858,1,none
0988ecfef40db7c965fd79c43454d154cf83aced,2026-01-20T12:11:58+01:00,9d760336d195b13d4a237a1408743a38f7c0ca9a,ok,0,0,0,,2691178,none,1398.334,1408.504,10.17,0.0073,0.30952,1,none,119.565,120.276,0.711,0.0059,0.84127,0.99666,none,74,98,24,0.3243,0.15079,1,none,52.059,43.839,-8.22,-0.1579,0.69048,1,none,0,0,0,0.0449,0.58513,1,none,492,505,13,0.0264,0.7533,1,none
60ab14c2f633112613843eec3c049f6da0f566e8,2026-01-20T12:33:22+01:00,0988ecfef40db7c965fd79c43454d154cf83aced,ok,0,0,1,,2691217,none,1412.633,1398.034,-14.599,-0.0103,0.56677,1,none,125.421,122.104,-3.317,-0.0264,0.7437,0.99666,none,92,105,13,0.1413,0.16454,1,none,32.825,39.963,7.138,0.2175,0.13697,0.95617,none,0,0,0,0,1,1,none,494,490,-4,-0.0081,0.17074,1,none
9ba0f5dbc9d551aad9277341a82449e04043c5ae,2026-01-20T12:38:40+01:00,60ab14c2f633112613843eec3c049f6da0f566e8,ok,0,0,0,,2691228,none,1300.831,1265.635,-35.195,-0.0271,0.69048,1,none,119.652,123.413,3.761,0.0314,0.42063,0.99666,none,70,88,18,0.2571,0.24915,1,none,40.121,47.769,7.648,0.1906,0.22222,1,none,0,0.001,0,0.129,0.15634,1,none,489,472,-17,-0.0348,0.67517,1,none
3c8e893cab216eb1f748ec1245aeb059a1349639,2026-01-20T20:14:28+01:00,9ba0f5dbc9d551aad9277341a82449e04043c5ae,ok,0,0,0,,2691272,none,1378.829,1373.691,-5.138,-0.0037,1,1,none,125.021,110.377,-14.644,-0.1171,0.42063,0.99666,none,96,91,-5,-0.0521,1,1,none,49.483,36.173,-13.31,-0.269,0.03175,0.80519,none,0,0,0,0,0.42371,1,none,506,506,0,0,0.91553,1,none
84a309d669f69ca7c9a43e997fc694d192459f31,2026-01-21T14:07:23+01:00,3c8e893cab216eb1f748ec1245aeb059a1349639,ok,0,0,1,,2691292,none,1386.209,1345.506,-40.703,-0.0294,0.06128,1,none,119.126,126.817,7.691,0.0646,0.21686,0.99666,none,95,90,-5,-0.0526,0.15842,1,none,28.483,47.405,18.922,0.6643,0.0057,0.4026,none,0,0,0,0,0.51907,1,none,491,491,0,0,0.38107,1,none
acf54c6f3846bea889e9acc5b6144bec4ee3016c,2026-01-21T14:07:36+01:00,84a309d669f69ca7c9a43e997fc694d192459f31,ok,0,0,0,,2691313,none,1367.542,1417.652,50.11,0.0366,0.22222,1,none,123.199,123.219,0.02,0.0002,1,1,none,77,93,16,0.2078,0.20869,1,none,37.915,40.441,2.526,0.0666,1,1,none,0,0,0,0,0.5186,1,none,491,506,15,0.0305,0.67329,1,none
6135548534fcfacc0ffa7bd1d1f7d32ce05f137d,2026-01-21T14:07:48+01:00,acf54c6f3846bea889e9acc5b6144bec4ee3016c,ok,0,0,0,,2691277,none,1388.9,1382.347,-6.553,-0.0047,1,1,none,121.273,113.381,-7.892,-0.0651,1,1,none,97,88,-9,-0.0928,0.84127,1,none,31.621,33.268,1.647,0.0521,0.42063,1,none,0,0,0,0.0443,0.91277,1,none,508,507,-1,-0.002,0.59588,1,none
d5e37cda812094bb103d53f9b122faa941f5b5bf,2026-01-24T12:16:48+01:00,d5e37cda812094bb103d53f9b122faa941f5b5bf,identical_build,1,1,0,,2691289,none,1396.35,1377.447,-18.902,-0.0135,0.42063,1,none,95.167,115.602,20.435,0.2147,0.54762,0.99666,none,96,72,-24,-0.25,0.30952,1,none,34.024,42.021,7.997,0.235,1,1,none,0,0,0,-0.043,1,1,none,507,507,0,0,0.38555,1,none
d5e37cda812094bb103d53f9b122faa941f5b5bf,2026-01-24T12:16:48+01:00,6135548534fcfacc0ffa7bd1d1f7d32ce05f137d,ok,0,0,0,,2691289,none,1425.381,1386.179,-39.202,-0.0275,0.42063,1,none,120.547,122.38,1.833,0.0152,0.69048,0.99666,none,105,100,-5,-0.0476,0.54762,1,none,48.274,35.201,-13.073,-0.2708,0.22222,1,none,0,0,0,0,0.44069,1,none,519,491,-28,-0.0539,0.30952,1,none
60759d314d3d4545b22d8c6f35f5afa24efa14e4,2026-01-24T13:00:14+01:00,d5e37cda812094bb103d53f9b122faa941f5b5bf,ok,0,0,0,,2691387,none,1404.383,1351.974,-52.409,-0.0373,0.69048,1,none,136.117,135.014,-1.103,-0.0081,1,1,none,88,101,13,0.1477,0.03445,1,none,30.276,46.8,16.524,0.5458,0.54762,1,none,0,0,0,0,1,1,none,488,544,56,0.1148,0.39761,1,none
28691e14b1199d9e2890fa6410f26c61e62c021e,2026-01-26T18:52:13+01:00,60759d314d3d4545b22d8c6f35f5afa24efa14e4,ok,0,0,0,,2691453,none,1384.227,1385.411,1.184,0.0009,0.42063,1,none,110.465,123.369,12.904,0.1168,0.84127,0.99666,none,81,91,10,0.1235,0.69048,1,none,27.57,31.97,4.4,0.1596,0.42063,1,none,0,0,0,0,1,1,none,503,504,1,0.002,0.83403,1,none
dfdd994dbbefc0562c0c5e42f267f23ae8d9d62d,2026-01-26T20:50:44+01:00,28691e14b1199d9e2890fa6410f26c61e62c021e,ok,0,0,1,,2691559,none,1346.638,1392.212,45.574,0.0338,0.21686,1,none,121.568,110.395,-11.173,-0.0919,0.05553,0.99666,none,89,94.428,5.428,0.061,0.28063,1,none,28.628,37.463,8.835,0.3086,0.08919,0.95617,none,0,0,0,0,0.60836,1,none,506,504,-2,-0.004,0.66131,1,none
54fa0c908969236908aab47b908fb648ddc01cb8,2026-01-26T20:52:13+01:00,dfdd994dbbefc0562c0c5e42f267f23ae8d9d62d,ok,0,0,0,,2691547,none,1370.682,1392.148,21.466,0.0157,1,1,none,120.053,122.29,2.237,0.0186,1,1,none,92,97,5,0.0543,0.54762,1,none,34.94,36.492,1.552,0.0444,0.84127,1,none,0,0,0,0,0.5186,1,none,489,489,0,0,1,1,none
6a891365b968ffa2b54b1d03be06674cb2757ea1,2026-01-26T20:55:08+01:00,54fa0c908969236908aab47b908fb648ddc01cb8,ok,0,0,0,,2691528,none,1325.452,1387.804,62.352,0.047,0.54762,1,none,110.93,124.323,13.393,0.1207,0.15079,0.99666,none,91,111,20,0.2198,0.15079,1,none,35.89,48.365,12.475,0.3476,0.09524,0.95617,none,0,0,0,0,0.79717,1,none,489,507,18,0.0368,0.40053,1,none
f5cf81ce42276ef8148b7cd951274025648476b8,2026-01-28T22:35:39+01:00,6a891365b968ffa2b54b1d03be06674cb2757ea1,ok,0,0,0,,2691777,none,1383.889,1394.068,10.179,0.0074,0.84127,1,none,138.082,121.451,-16.631,-0.1204,0.22222,0.99666,none,102,92,-10,-0.098,0.09524,1,none,43.911,45.863,1.952,0.0445,1,1,none,0,0,0,0.0449,0.47848,1,none,490,508,18,0.0367,0.52962,1,none
802cde35019354ab3c4749ef1ae7ea71b404e31b,2026-01-30T16:28:36+01:00,f5cf81ce42276ef8148b7cd951274025648476b8,ok,0,0,0,,2691813,none,1397.152,1414.232,17.08,0.0122,0.84127,1,none,115.212,115.395,0.183,0.0016,1,1,none,102,88,-14,-0.1373,0.30952,1,none,38.209,32.026,-6.183,-0.1618,0.54762,1,none,0,0,0,0,1,1,none,507,504,-3,-0.0059,0.59929,1,none
216afc36252b793d88777cf85b8f51028a00e8b3,2026-01-30T22:20:46+01:00,802cde35019354ab3c4749ef1ae7ea71b404e31b,ok,0,0,0,,2692023,none,1333.575,1383.911,50.335,0.0377,0.30952,1,none,125.533,125.577,0.044,0.0004,1,1,none,88,92,4,0.0455,0.69048,1,none,56.202,43.163,-13.039,-0.232,0.54762,1,none,0,0,0,0,0.5186,1,none,593,510,-83,-0.14,0.30952,1,none
b552c6071417d731874c43e38d41dc6f76409fc9,2026-01-31T15:08:28+01:00,216afc36252b793d88777cf85b8f51028a00e8b3,ok,0,0,0,,2694232,none,1389.669,1338.355,-51.313,-0.0369,0.15079,1,none,116.594,122.369,5.775,0.0495,0.30952,0.99666,none,103,98,-5,-0.0485,0.69048,1,none,49.551,43.315,-6.236,-0.1259,0.42063,1,none,0,0,0,0,0.69854,1,none,505,491,-14,-0.0277,0.84127,1,none
dfa1ce572bef6976ae82b3c5cfaa581580a447f1,2026-01-31T16:28:21+01:00,b552c6071417d731874c43e38d41dc6f76409fc9,ok,0,0,0,,2694428,none,1341.572,1326.347,-15.226,-0.0113,0.84127,1,none,122.012,126.76,4.748,0.0389,0.54762,0.99666,none,87,100,13,0.1494,0.69048,1,none,43.16,58.128,14.968,0.3468,0.22222,1,none,0,0,0,0,0.17971,1,none,737,612,-125,-0.1696,1,1,none
94364af68fbc88ced8d807e8e9534d23d474479e,2026-01-31T17:15:14+01:00,dfa1ce572bef6976ae82b3c5cfaa581580a447f1,ok,0,0,1,,2694536,improvement,1391.362,1159.158,-232.204,-0.1669,0.00039,0.02199,improvement,120.264,120.983,0.719,0.006,0.30459,0.99666,none,101,95,-6,-0.0594,0.28544,1,none,39.884,42.563,2.679,0.0672,0.46096,1,none,0,0.002,0.001,2.3562,0,0.00009,none,509,470,-39,-0.0766,0.00015,0.01158,none
f7b537a8b19369ce1f3f19c536afd00c996d3f8e,2026-01-31T20:24:20+01:00,94364af68fbc88ced8d807e8e9534d23d474479e,ok,0,0,1,,2694499,none,1160.408,1157.092,-3.315,-0.0029,0.96742,1,none,125.838,119.586,-6.252,-0.0497,0.20168,0.99666,none,99,91,-8,-0.0808,0.17755,1,none,37.316,44.589,7.273,0.1949,0.23281,1,none,0.002,0.002,0,0,0.60893,1,none,467,463,-4,-0.0086,0.81839,1,none
f12ae80ba1e1364952c6c6c440ac4212acd06eab,2026-01-31T22:12:24+01:00,f7b537a8b19369ce1f3f19c536afd00c996d3f8e,ok,0,0,1,,2709991,none,1140.758,1154.562,13.804,0.0121,0.80633,1,none,123.073,122.789,-0.284,-0.0023,0.68267,0.99666,none,91,86,-5,-0.0549,0.64809,1,none,39.577,40.914,1.337,0.0338,0.7437,1,none,0.002,0.001,-0.001,-0.4681,0,0.00009,none,457,458,1,0.0022,0.86739,1,none
b57f3e009694acaa73e83ab9bab9a1470dd52ab3,2026-02-01T09:21:30+01:00,f12ae80ba1e1364952c6c6c440ac4212acd06eab,ok,0,0,0,,2710037,none,1141.512,1135.091,-6.421,-0.0056,0.84127,1,none,123.743,115.983,-7.76,-0.0627,0.15079,0.99666,none,90,87,-3,-0.0333,1,1,none,41.335,38.777,-2.558,-0.0619,1,1,none,0.001,0.001,0,0,0.60724,1,none,468,454,-14,-0.0299,0.39761,1,none
d29fd62e417b8cb73d1d5dc3e207735046401491,2026-02-01T10:45:04+01:00,d29fd62e417b8cb73d1d5dc3e207735046401491,identical_build,1,1,0,,2710023,none,1131.811,1142.584,10.773,0.0095,0.42063,1,none,121.437,126.614,5.177,0.0426,0.54762,0.99666,none,90,91,1,0.0111,1,1,none,40.624,51.672,11.048,0.272,0.30952,1,none,0.001,0.001,0,0.0111,0.07201,1,none,455,454,-1,-0.0022,0.91656,1,none
d29fd62e417b8cb73d1d5dc3e207735046401491,2026-02-01T10:45:04+01:00,b57f3e009694acaa73e83ab9bab9a1470dd52ab3,ok,0,0,1,,2710023,none,1156.883,1138.873,-18.01,-0.0156,0.28544,1,none,121.541,124.867,3.326,0.0274,0.87019,1,none,93,89,-4,-0.043,0.81951,1,none,38.415,34.694,-3.721,-0.0969,0.87019,1,none,0.001,0.001,0,0,0.83756,1,none,457,455,-2,-0.0044,0.55987,1,none
54a98268177c19cee7a49d05ce56e64f7a424db1,2026-02-01T11:06:37+01:00,d29fd62e417b8cb73d1d5dc3e207735046401491,ok,0,0,0,,2710025,none,1141.991,1142.374,0.382,0.0003,1,1,none,110.132,132.009,21.877,0.1986,0.15079,0.99666,none,92,71,-21,-0.2283,0.84127,1,none,32.392,45.802,13.41,0.414,0.69048,1,none,0.001,0.001,0,0.0252,0.90807,1,none,455,469,14,0.0308,0.52322,1,none
f39ac4a653335efaaaf9834bf28e9ffc1452cb59,2026-02-02T20:12:56+01:00,54a98268177c19cee7a49d05ce56e64f7a424db1,ok,0,0,0,,2710030,none,1357.028,1144.43,-212.598,-0.1567,0.15079,1,none,110.518,123.693,13.175,0.1192,0.69048,0.99666,none,74,89,15,0.2027,0.69048,1,none,34.737,42.864,8.127,0.234,0.69048,1,none,0.001,0.001,0,0,1,1,none,471,456,-15,-0.0318,0.20869,1,none
83d3943cd0973aa2fe6dc843a730bcb50e8a26ec,2026-02-05T12:00:56+01:00,f39ac4a653335efaaaf9834bf28e9ffc1452cb59,ok,0,0,1,,2710030,none,1299.665,1140.228,-159.438,-0.1227,0.03672,0.81954,none,111.457,113.709,2.252,0.0202,0.77484,0.99666,none,99,97,-2,-0.0202,0.53369,1,none,39.017,39.635,0.618,0.0158,0.62359,1,none,0.001,0.001,0,0,1,1,none,468,454,-14,-0.0299,0.04467,1,none
b43260d97be0cd36faaa630595c299963de2cb6c,2026-02-06T15:01:07+01:00,83d3943cd0973aa2fe6dc843a730bcb50e8a26ec,ok,0,0,0,,2710067,none,1179.647,1161.785,-17.862,-0.0151,1,1,none,122.291,123.653,1.362,0.0111,1,1,none,93,85,-8,-0.086,0.15079,1,none,52.077,45.306,-6.771,-0.13,0.54762,1,none,0.001,0.001,0,0,0.90486,1,none,468,457,-11,-0.0235,0.84127,1,none
063533aede8365bf18b8f08ec949a1e93697c17d,2026-02-08T22:27:34+01:00,b43260d97be0cd36faaa630595c299963de2cb6c,ok,0,0,0,,2716694,none,1152.904,1191.823,38.918,0.0338,1,1,none,111.52,122.327,10.807,0.0969,0.42063,0.99666,none,89,114,25,0.2809,0.22222,1,none,30.502,38.049,7.547,0.2474,0.69048,1,none,0.001,0.001,0,0,0.17702,1,none,453,469,16,0.0353,0.39907,1,none
3a5ef4020d7515f34c96d179b631911bb8ef8a9f,2026-02-08T23:30:45+01:00,063533aede8365bf18b8f08ec949a1e93697c17d,ok,0,0,0,,2717286,none,1176.326,1189.792,13.466,0.0114,0.69048,1,none,122.926,117.677,-5.249,-0.0427,0.69048,0.99666,none,104,99,-5,-0.0481,0.54762,1,none,40.096,43.804,3.708,0.0925,0.42063,1,none,0.001,0.001,0,0,1,1,none,472,454,-18,-0.0381,0.05624,1,none
1c8e8bb0f3909a3d98d9e5cff0efe032ef1ccd67,2026-02-09T13:03:05+01:00,3a5ef4020d7515f34c96d179b631911bb8ef8a9f,ok,0,0,0,,2717325,none,1189.382,1183.523,-5.859,-0.0049,0.22222,1,none,133.602,122.898,-10.704,-0.0801,0.84127,0.99666,none,107,99,-8,-0.0748,0.52962,1,none,52.861,43.589,-9.272,-0.1754,0.84127,1,none,0.001,0.001,0,0,0.17971,1,none,471,471,0,0,1,1,none
a70417f23f5985e3ed2a678c3cd25bffb23b1cff,2026-02-11T11:06:27+01:00,1c8e8bb0f3909a3d98d9e5cff0efe032ef1ccd67,ok,0,0,0,,2718332,none,1172.052,1197.265,25.213,0.0215,0.03175,0.79924,none,121.053,126.141,5.088,0.042,0.30952,0.99666,none,105,98,-7,-0.0667,0.69048,1,none,40.279,51.38,11.101,0.2756,0.54762,1,none,0.001,0.001,0,-0.0246,0.48842,1,none,455,472,17,0.0374,0.01141,0.63655,none
8b3e149db6a46039a8231a0f82bac5a5cfda8ef3,2026-02-12T22:03:13+01:00,a70417f23f5985e3ed2a678c3cd25bffb23b1cff,ok,0,0,0,,2718345,none,1181.583,1171.174,-10.409,-0.0088,0.54762,1,none,134.039,125.557,-8.482,-0.0633,1,1,none,98,98,0,0,0.7533,1,none,46.485,53.231,6.746,0.1451,0.84127,1,none,0.001,0.001,0,-0.0246,0.48842,1,none,456,456,0,0,1,1,none
89a9badc27d30947882be7f2d6230d95141dd18b,2026-02-13T22:33:52+01:00,8b3e149db6a46039a8231a0f82bac5a5cfda8ef3,ok,0,0,0,,2718387,none,1178.939,1183.528,4.589,0.0039,1,1,none,125.267,117.11,-8.157,-0.0651,0.69048,0.99666,none,109,103,-6,-0.055,0.69048,1,none,32.598,42.79,10.192,0.3127,0.30952,1,none,0.001,0.001,0,0,0.42371,1,none,472,472,0,0,1,1,none
46ddd60948b82f804c36b7c6325b6144187185cf,2026-02-16T22:19:11+01:00,89a9badc27d30947882be7f2d6230d95141dd18b,ok,0,0,0,,2718659,none,1170.442,1303.026,132.584,0.1133,0.30952,1,none,122.48,118.319,-4.161,-0.034,0.54762,0.99666,none,99,109,10,0.101,0.84127,1,none,38.458,46.254,7.796,0.2027,1,1,none,0.001,0.001,0,0,0.17971,1,none,457,471,14,0.0306,0.59929,1,none
ffcb67b21f3693821b0202bf54707bcee21a8ba7,2026-02-16T22:25:28+01:00,46ddd60948b82f804c36b7c6325b6144187185cf,ok,0,0,1,,2718741,none,1249.952,1182.753,-67.199,-0.0538,0.0027,0.13706,none,116.412,121.505,5.093,0.0437,0.30459,0.99666,none,104,100,-4,-0.0385,0.8356,1,none,40.181,36.433,-3.748,-0.0933,0.68267,1,none,0.001,0.001,0,0,1,1,none,471,468,-3,-0.0064,0.91648,1,none
c1e00c44f57841b18ea14bde30b8d1f5aff95c7e,2026-02-17T07:57:09+01:00,ffcb67b21f3693821b0202bf54707bcee21a8ba7,ok,0,0,0,,2718704,none,1170.936,1191.203,20.268,0.0173,0.69048,1,none,120.784,121.299,0.515,0.0043,0.84127,0.99666,none,96,97,1,0.0104,0.54762,1,none,29.173,37.572,8.399,0.2879,0.22222,1,none,0.001,0.001,0,0,0.60047,1,none,472,456,-16,-0.0339,0.59929,1,none
5852d0d41005e67ca00124079b9eee91e4ab716d,2026-02-17T14:10:05+01:00,c1e00c44f57841b18ea14bde30b8d1f5aff95c7e,ok,0,0,0,,2718665,none,1189.383,1170.807,-18.576,-0.0156,0.54762,1,none,122.337,119.197,-3.14,-0.0257,0.69048,0.99666,none,104,109,5,0.0481,0.54762,1,none,43.874,32.027,-11.847,-0.27,1,1,none,0.001,0.001,0,0.0252,0.37275,1,none,455,465,10,0.022,1,1,none
4c3d037f9cddcec92472cb2f61c0840097649cc1,2026-02-19T11:45:01+01:00,4c3d037f9cddcec92472cb2f61c0840097649cc1,identical_build,1,1,0,,2718787,none,1312.514,1221.807,-90.707,-0.0691,0.54762,1,none,122.699,124.733,2.034,0.0166,0.84127,0.99666,none,103,109,6,0.0583,0.54762,1,none,40.574,61.146,20.572,0.507,1,1,none,0.001,0.001,0,0,0.42371,1,none,472,457,-15,-0.0318,0.91418,1,none
4c3d037f9cddcec92472cb2f61c0840097649cc1,2026-02-19T11:45:01+01:00,5852d0d41005e67ca00124079b9eee91e4ab716d,ok,0,0,0,,2718787,none,1200.918,1204.597,3.678,0.0031,1,1,none,127.013,135.943,8.93,0.0703,0.69048,0.99666,none,92,112,20,0.2174,0.30952,1,none,40.333,38.065,-2.268,-0.0562,0.69048,1,none,0.001,0.001,0,0,0.82306,1,none,456,457,1,0.0022,0.83252,1,none
eb959128ac1543e7f6ea1c4f1935b9899a3e1b9b,2026-02-20T22:49:46+01:00,4c3d037f9cddcec92472cb2f61c0840097649cc1,ok,0,0,0,,2718952,none,1182.523,1189.298,6.775,0.0057,1,1,none,137.752,124.525,-13.227,-0.096,0.84127,0.99666,none,98,115,17,0.1735,1,1,none,43.394,50.816,7.422,0.171,0.54762,1,none,0.001,0.001,0,0,0.17971,1,none,468,455,-13,-0.0278,0.45781,1,none
7ea3229e17696d2d64f9d0c4a0596b15d8cc81b9,2026-02-23T19:22:27Z,b0404b10b6d775d4a0bc48072947f95e5753e117,ok,0,0,0,,2720099,none,1189.964,1175.356,-14.608,-0.0123,1,1,none,124.871,117.206,-7.665,-0.0614,0.42063,0.99666,none,96,123,27,0.2812,0.42063,1,none,38.632,41.803,3.171,0.0821,1,1,none,0.001,0.001,0,0,1,1,none,470,469,-1,-0.0021,0.52962,1,none
b0404b10b6d775d4a0bc48072947f95e5753e117,2026-02-23T20:20:37+01:00,eb959128ac1543e7f6ea1c4f1935b9899a3e1b9b,ok,0,0,0,,2719977,none,1183.005,1178.938,-4.067,-0.0034,0.84127,1,none,123.682,109.46,-14.222,-0.115,0.22222,0.99666,none,105,101,-4,-0.0381,0.84127,1,none,42.569,34.253,-8.316,-0.1954,0.42063,1,none,0.001,0.001,0,-0.0109,0.82715,1,none,470,471,1,0.0021,1,1,none
0b3a5e7cc4d6ba5bcc5105f694a59f721ee06fc5,2026-02-24T13:32:44+01:00,7ea3229e17696d2d64f9d0c4a0596b15d8cc81b9,ok,0,0,0,,2720107,none,1181.249,1180.191,-1.059,-0.0009,1,1,none,138.955,122.376,-16.579,-0.1193,0.30952,0.99666,none,94,103,9,0.0957,0.00794,0.55357,none,50.972,40.003,-10.969,-0.2152,0.84127,1,none,0.001,0.001,0,0,1,1,none,455,472,17,0.0374,0.01962,0.73003,none
2874f9e48c3bf9e7c4a46015b4bb65b177f18b13,2026-02-24T21:11:46+01:00,0b3a5e7cc4d6ba5bcc5105f694a59f721ee06fc5,ok,0,0,1,,2720179,none,1186.319,1183.719,-2.6,-0.0022,0.96742,1,none,125.917,123.161,-2.756,-0.0219,0.56677,0.99666,none,111,95,-16,-0.1441,0.00447,0.55357,none,54.3,45.753,-8.547,-0.1574,0.34531,1,none,0.001,0.001,0,0,0.04108,1,none,471,468,-3,-0.0064,0.28874,1,none
cae9d2bcbd3e6c70c579a52574d91ea8898a80bb,2026-02-26T12:55:13+01:00,2874f9e48c3bf9e7c4a46015b4bb65b177f18b13,ok,0,0,0,,2720178,none,1166.239,1169.743,3.504,0.003,0.30952,1,none,139.23,126.276,-12.954,-0.093,0.69048,0.99666,none,95,98,3,0.0316,0.84127,1,none,40.245,53.54,13.295,0.3304,0.30952,1,none,0.001,0.001,0,0,0.42371,1,none,470,456,-14,-0.0298,0.91656,1,none
60b275880da7d1eb7dff3782e8d491188790597a,2026-02-26T16:13:15+01:00,cae9d2bcbd3e6c70c579a52574d91ea8898a80bb,ok,0,0,0,,2723984,none,1171.305,1175.921,4.615,0.0039,0.42063,1,none,126.706,147.419,20.713,0.1635,0.30952,0.99666,none,99,109,10,0.101,0.54762,1,none,55.053,59.867,4.814,0.0874,0.42063,1,none,0.001,0.001,0,0,1,1,none,469,456,-13,-0.0277,0.91656,1,none
437595fa652b77df700c7f4e6d4fcd8d9ff42000,2026-03-03T21:55:40Z,60b275880da7d1eb7dff3782e8d491188790597a,ok,0,0,0,,2724424,none,1187.35,1186.029,-1.32,-0.0011,0.84127,1,none,124.797,125.103,0.306,0.0025,0.84127,0.99666,none,97,94,-3,-0.0309,0.84127,1,none,41.45,49.881,8.431,0.2034,0.84127,1,none,0.001,0.001,0,0,1,1,none,470,455,-15,-0.0319,0.24771,1,none
d1cff91b75d48450430ec1260c498791c066b31f,2026-03-03T22:11:30Z,437595fa652b77df700c7f4e6d4fcd8d9ff42000,ok,0,0,1,,2724455,none,1186.299,1183.064,-3.234,-0.0027,0.5393,1,none,126.162,135.187,9.025,0.0715,0.48636,0.99666,none,99,102,3,0.0303,0.56132,1,none,41.832,56.33,14.498,0.3466,0.06128,0.95617,none,0.001,0.001,0,0,0.36157,1,none,471,471,0,0,0.63073,1,none
47c254216b45b42e48a20de693ffc3ab15cff86f,2026-03-04T16:48:33+01:00,d1cff91b75d48450430ec1260c498791c066b31f,ok,0,0,0,,2724430,none,1170.035,1318.548,148.513,0.1269,0.30952,1,none,135.912,124.831,-11.081,-0.0815,0.42063,0.99666,none,105,113,8,0.0762,1,1,none,52.435,49.177,-3.258,-0.0621,0.15079,0.95617,none,0.001,0.001,0,0,0.12134,1,none,467,472,5,0.0107,0.1719,1,none
c1dbbdf678c71b93f491ce344cc7ba773f654585,2026-03-05T18:52:41+01:00,47c254216b45b42e48a20de693ffc3ab15cff86f,ok,0,0,0,,2822989,none,1173.894,1170.424,-3.47,-0.003,0.69048,1,none,125.752,123.362,-2.39,-0.019,1,1,none,99,94,-5,-0.0505,0.22222,1,none,22.299,49.87,27.571,1.2364,0.15079,0.95617,none,0.001,0.001,0,0,1,1,none,470,456,-14,-0.0298,0.28884,1,none
499e9d64a58b5641eb1d41678d922ea3010800ce,2026-03-06T08:41:49Z,c1dbbdf678c71b93f491ce344cc7ba773f654585,ok,0,0,0,,2822986,none,1189.916,1168.699,-21.218,-0.0178,0.22222,1,none,126.907,123.649,-3.258,-0.0257,0.54762,0.99666,none,110,98,-12,-0.1091,0.40197,1,none,48.764,32.022,-16.742,-0.3433,0.84127,1,none,0.001,0.001,0,0,1,1,none,472,465,-7,-0.0148,0.01533,0.63655,none
a0e93b60402f543ffb5c845dafd29d95d2f0ffc6,2026-03-06T18:37:28+01:00,499e9d64a58b5641eb1d41678d922ea3010800ce,ok,0,0,0,,2823176,none,1262.469,1171.331,-91.137,-0.0722,0.30952,1,none,136.927,125.662,-11.265,-0.0823,0.30952,0.99666,none,110,99,-11,-0.1,0.30952,1,none,53.857,49.752,-4.105,-0.0762,0.69048,1,none,0.001,0.001,0,0,1,1,none,472,470,-2,-0.0042,0.08969,1,none
757dfeb6ad64c2c58db8ce356a54e3f440e433c4,2026-03-06T20:40:36+01:00,a0e93b60402f543ffb5c845dafd29d95d2f0ffc6,ok,0,0,0,,2823095,none,1177.077,1298.492,121.415,0.1031,0.84127,1,none,125.258,130.536,5.278,0.0421,0.69048,0.99666,none,101,104,3,0.0297,0.69048,1,none,44.093,40.57,-3.523,-0.0799,0.69048,1,none,0.001,0.001,0,0,0.42371,1,none,468,456,-12,-0.0256,0.40197,1,none
3d8c12fba475bad8ebee4c238466c59f08a5458c,2026-03-06T20:44:57+01:00,3d8c12fba475bad8ebee4c238466c59f08a5458c,identical_build,1,1,1,,2823086,none,1192.846,1189.951,-2.894,-0.0024,0.46096,1,none,126.827,133.677,6.85,0.054,0.14848,0.99666,none,104,106,2,0.0192,0.57526,1,none,44.322,50.291,5.969,0.1347,0.43629,1,none,0.001,0.001,0,0,0.60773,1,none,469,472,3,0.0064,0.53126,1,none
3d8c12fba475bad8ebee4c238466c59f08a5458c,2026-03-06T20:44:57+01:00,757dfeb6ad64c2c58db8ce356a54e3f440e433c4,ok,0,0,0,,2823086,none,1192.69,1170.753,-21.937,-0.0184,0.30952,1,none,125.538,111.423,-14.115,-0.1124,0.69048,0.99666,none,97,113,16,0.1649,0.69048,1,none,45.095,35.817,-9.278,-0.2057,0.54762,1,none,0.001,0.001,0,-0.011,0.73373,1,none,473,471,-2,-0.0042,0.13756,1,none
fa1f7d9f2258375214b02a442b130185a5a1540c,2026-03-07T12:05:33+01:00,3d8c12fba475bad8ebee4c238466c59f08a5458c,ok,0,0,1,,2823086,none,1300.918,1189.468,-111.45,-0.0857,0.00987,0.39358,none,123.48,124.672,1.192,0.0097,0.43629,0.99666,none,105,100,-5,-0.0476,0.35037,1,none,33.754,44.512,10.758,0.3187,0.08143,0.95617,none,0.001,0.001,0,0,0.35014,1,none,472,470,-2,-0.0042,0.08034,1,none
21dd1cfacc6beb5d259fdda5c50582a1d9b29894,2026-03-08T23:15:18+01:00,fa1f7d9f2258375214b02a442b130185a5a1540c,ok,0,0,0,,2823586,none,1175.012,1178.039,3.027,0.0026,0.69048,1,none,135.628,127.032,-8.596,-0.0634,1,1,none,102,94,-8,-0.0784,0.30952,1,none,36.829,56.882,20.053,0.5445,0.15079,0.95617,none,0.001,0.001,0,0.0252,0.41892,1,none,472,469,-3,-0.0064,0.2073,1,none
e73a5b0116019a057a1dfa4b534e3e87784c6554,2026-03-11T09:49:12+01:00,21dd1cfacc6beb5d259fdda5c50582a1d9b29894,ok,0,0,1,,2823586,none,1247.198,1166.657,-80.542,-0.0646,0.00754,0.32379,none,125.367,126.985,1.618,0.0129,0.0675,0.99666,none,98,97,-1,-0.0102,0.98343,1,none,40.269,50.622,10.353,0.2571,0.68267,1,none,0.001,0.001,0,0,0.31273,1,none,470,456,-14,-0.0298,0.11325,1,none
92d25446d62296338d2bba053b90330e4a1fb8be,2026-03-11T16:51:03+01:00,e73a5b0116019a057a1dfa4b534e3e87784c6554,ok,0,0,0,,2823904,none,1167.832,1170.566,2.734,0.0023,0.69048,1,none,138.951,127.178,-11.773,-0.0847,0.30952,0.99666,none,103,107,4,0.0388,0.91656,1,none,42.747,48.341,5.594,0.1309,0.69048,1,none,0.001,0.001,0,0,0.44069,1,none,471,456,-15,-0.0318,0.45781,1,none
816c81c12e41537373193140c1858fc10a871dae,2026-03-11T22:00:31+01:00,92d25446d62296338d2bba053b90330e4a1fb8be,ok,0,0,0,,2827525,none,1285.796,1327.587,41.791,0.0325,0.69048,1,none,134.639,124.587,-10.052,-0.0747,0.84127,0.99666,none,94,90,-4,-0.0426,0.69048,1,none,34.086,51.338,17.252,0.5061,0.30952,1,none,0.001,0.001,0,0,1,1,none,471,459,-12,-0.0255,0.7533,1,none
b4ce7c713b8874ab328a4711af3a83d131bebcaf,2026-03-12T16:08:46+01:00,816c81c12e41537373193140c1858fc10a871dae,ok,0,0,0,,2827522,none,1164.072,1153.995,-10.077,-0.0087,0.69048,1,none,126.442,123.968,-2.474,-0.0196,0.69048,0.99666,none,97,99,2,0.0206,1,1,none,45.285,34.028,-11.257,-0.2486,0.15079,0.95617,none,0.001,0.001,0,0.0252,0.11752,1,none,455,472,17,0.0374,0.17059,1,none
c9ba7f839cc3d9ba1d9c72d2dc6500088b7ff9f3,2026-03-12T17:32:13+01:00,b4ce7c713b8874ab328a4711af3a83d131bebcaf,ok,0,0,0,,2827522,none,1188.261,1323.32,135.058,0.1137,0.69048,1,none,124.945,126.038,1.093,0.0087,0.69048,0.99666,none,109,105,-4,-0.0367,1,1,none,39.754,51.576,11.822,0.2974,0.42063,1,none,0.001,0.001,0,0,1,1,none,471,472,1,0.0021,1,1,none
2b0e4c9623e44b3f2f7d02d532f23128e988cb5d,2026-03-14T13:12:48+01:00,c9ba7f839cc3d9ba1d9c72d2dc6500088b7ff9f3,ok,0,0,0,,2827537,none,1172.786,1168.345,-4.441,-0.0038,0.30952,1,none,117.89,120.8,2.91,0.0247,0.54762,0.99666,none,103,95,-8,-0.0777,0.14246,1,none,44.455,39.163,-5.292,-0.119,0.69048,1,none,0.001,0.001,0,-0.0246,0.44319,1,none,467,473,6,0.0128,0.46198,1,none
e8b4620a96b722646e6db9e98efd0ca2a0184767,2026-03-18T19:14:44+01:00,2b0e4c9623e44b3f2f7d02d532f23128e988cb5d,ok,0,0,0,,2828749,none,1178.705,1326.874,148.169,0.1257,0.22222,1,none,120.629,109.954,-10.675,-0.0885,0.84127,0.99666,none,96,97,1,0.0104,0.59929,1,none,36.251,37.393,1.142,0.0315,0.69048,1,none,0.001,0.001,0,0.0252,0.91067,1,none,470,470,0,0,0.39614,1,none
81ab857a6fc66254239947524faccf45d5925f69,2026-03-19T16:00:58+01:00,e8b4620a96b722646e6db9e98efd0ca2a0184767,ok,0,0,0,,2829774,none,1181.509,1264.465,82.956,0.0702,0.84127,1,none,125.973,112.635,-13.338,-0.1059,0.54762,0.99666,none,108,104,-4,-0.037,0.91656,1,none,25.159,22.205,-2.954,-0.1174,0.84127,1,none,0.001,0.001,0,0,0.42371,1,none,472,472,0,0,0.82936,1,none
987173b52f8a889984c3ff98450f24b9e65c70fa,2026-03-21T19:26:47+01:00,81ab857a6fc66254239947524faccf45d5925f69,ok,0,0,0,,2829730,none,1304.188,1162.008,-142.18,-0.109,0.22222,1,none,113.701,115.634,1.933,0.017,0.22222,0.99666,none,104,92,-12,-0.1154,0.04653,1,none,21.311,21.313,0.002,0.0001,0.84127,1,none,0.001,0.001,0,0.0252,0.40648,1,none,473,456,-17,-0.0359,0.01533,0.63655,none
a9ca16eb42c2fd7f06065be7b5238b40e08bf8d3,2026-03-21T22:44:27+01:00,987173b52f8a889984c3ff98450f24b9e65c70fa,ok,0,0,1,,2829730,none,1289.487,1170.718,-118.769,-0.0921,0.0675,1,none,113.754,113.687,-0.067,-0.0006,0.77484,0.99666,none,103,94,-9,-0.0874,0.05366,1,none,18.887,19.205,0.318,0.0168,0.77484,1,none,0.001,0.001,0,0,0.15051,1,none,471,469,-2,-0.0042,0.12326,1,none
75789f620d9f61d392027a4d4b317adcedf72056,2026-03-23T14:54:44Z,a9ca16eb42c2fd7f06065be7b5238b40e08bf8d3,ok,0,0,0,,2829857,none,1277.376,1159.482,-117.894,-0.0923,0.69048,1,none,112.976,112.652,-0.324,-0.0029,0.69048,0.99666,none,102,95,-7,-0.0686,0.40197,1,none,25.505,29.455,3.95,0.1549,0.69048,1,none,0.001,0.001,0,0,0.72306,1,none,471,456,-15,-0.0318,0.09369,1,none
d6f0f34fe91a7fab25106f2b31b074c132815d36,2026-03-23T15:54:59+01:00,75789f620d9f61d392027a4d4b317adcedf72056,ok,0,0,1,,2829846,none,1162.875,1166.11,3.235,0.0028,0.83813,1,none,115.259,113.407,-1.852,-0.0161,0.28079,0.99666,none,94,93,-1,-0.0106,0.7714,1,none,23.984,20.621,-3.363,-0.1402,0.05553,0.95617,none,0.001,0.001,0,0,0.91509,1,none,470,454,-16,-0.034,0.04956,1,none
1c292e4936795b8e2ac0b46bbccedf612e060a2b,2026-03-24T19:01:08+01:00,1c292e4936795b8e2ac0b46bbccedf612e060a2b,identical_build,1,1,0,,2829841,none,1163.236,1168.277,5.041,0.0043,1,1,none,113.11,112.722,-0.388,-0.0034,1,1,none,95,94,-1,-0.0105,1,1,none,19.634,20.829,1.195,0.0609,0.69048,1,none,0.001,0.001,0,0,1,1,none,471,471,0,0,0.50381,1,none
1c292e4936795b8e2ac0b46bbccedf612e060a2b,2026-03-24T19:01:08+01:00,d6f0f34fe91a7fab25106f2b31b074c132815d36,ok,0,0,0,,2829841,none,1128.195,1149.735,21.54,0.0191,0.42063,1,none,113.02,113.594,0.574,0.0051,0.69048,0.99666,none,92,98,6,0.0652,0.20869,1,none,21.543,20.307,-1.236,-0.0574,0.84127,1,none,0.001,0.001,0,0,1,1,none,455,469,14,0.0308,0.24771,1,none
c1082923eedf62e2df7821fe8c772d839c46438d,2026-03-24T20:20:28+01:00,1c292e4936795b8e2ac0b46bbccedf612e060a2b,ok,0,0,0,,2833668,none,1161.545,1177.459,15.914,0.0137,0.69048,1,none,112.687,113.692,1.005,0.0089,0.54762,0.99666,none,95,91,-4,-0.0421,0.67517,1,none,23.838,18.509,-5.329,-0.2236,0.22222,1,none,0.001,0.001,0,0,0.5186,1,none,470,455,-15,-0.0319,0.40197,1,none
c09e170bdd50f9e08a82deba2c037043b8fce9e0,2026-03-25T17:14:24+01:00,c1082923eedf62e2df7821fe8c772d839c46438d,ok,0,0,0,,2833989,none,1171.67,1307.266,135.597,0.1157,0.42063,1,none,113.01,113.314,0.304,0.0027,1,1,none,94,101,7,0.0745,0.29333,1,none,22.714,31.595,8.881,0.391,0.42063,1,none,0.001,0.001,0,-0.0246,0.232,1,none,474,474,0,0,0.46334,1,none
4a5c9e990ca2dca3106b7bbe674b21cf58acec7d,2026-03-25T17:56:48+01:00,c09e170bdd50f9e08a82deba2c037043b8fce9e0,ok,0,0,0,,2834001,none,1176.581,1183.676,7.095,0.006,1,1,none,115.112,112.145,-2.967,-0.0258,0.54762,0.99666,none,97,103,6,0.0619,0.42063,1,none,23.487,24.41,0.923,0.0393,1,1,none,0.001,0.001,0,0.0111,0.28773,1,none,471,487,16,0.034,0.24771,1,none
d9e8a33aa4b48d920ecb9d3fde15cf0e8b72fd5c,2026-04-01T18:41:11+02:00,4a5c9e990ca2dca3106b7bbe674b21cf58acec7d,ok,0,0,1,,2834324,none,1276.077,1174.743,-101.333,-0.0794,0.02635,0.77398,none,113.556,114.098,0.542,0.0048,0.59488,0.99666,none,98,93,-5,-0.051,0.2627,1,none,21.706,20.261,-1.445,-0.0666,0.41238,1,none,0.001,0.001,0,0.0001,0.01582,0.80265,none,472,471,-1,-0.0021,0.10407,1,none
2e1a529c6781b1534d27ca79198dccd40b97ec7b,2026-04-25T12:03:50+02:00,d9e8a33aa4b48d920ecb9d3fde15cf0e8b72fd5c,ok,0,0,0,,2834460,none,1179.742,1169.088,-10.654,-0.009,0.69048,1,none,114.453,114.208,-0.245,-0.0021,1,1,none,89,74,-15,-0.1685,0.30952,1,none,28.268,18.282,-9.986,-0.3533,0.30952,1,none,0.001,0.001,0,-0.0001,0.43385,1,none,469,455,-14,-0.0299,0.91656,1,none
43fa4b56028478f53dbb65045df1f9f7737c4321,2026-04-28T18:23:10+02:00,2e1a529c6781b1534d27ca79198dccd40b97ec7b,ok,0,0,1,,2834448,none,1242.664,1184.134,-58.529,-0.0471,0.90246,1,none,113.425,113.674,0.249,0.0022,0.65287,0.99666,none,86,93,7,0.0814,0.11483,1,none,22.847,22.381,-0.466,-0.0204,0.90246,1,none,0.001,0.001,0,0,0.38743,1,none,470,471,1,0.0021,0.4415,1,none
278cd357724b17e1119b6c76416520c42958d0e3,2026-04-28T21:49:40+02:00,43fa4b56028478f53dbb65045df1f9f7737c4321,ok,0,0,1,,2834495,none,1284.822,1174.61,-110.213,-0.0858,0.12615,1,none,114.542,112.709,-1.833,-0.016,0.11598,0.99666,none,93,92,-1,-0.0108,0.3396,1,none,23.08,19.309,-3.771,-0.1634,0.48636,1,none,0.001,0.001,0,0.0001,0.70891,1,none,471,469,-2,-0.0042,0.30425,1,none
3f5fdec04e2fdb7239432a436a6580c4d5e465b0,2026-05-02T15:50:58+02:00,278cd357724b17e1119b6c76416520c42958d0e3,ok,0,0,0,,2834429,none,1173.764,1162.602,-11.162,-0.0095,0.30952,1,none,112.38,112.438,0.058,0.0005,1,1,none,95,100,5,0.0526,0.54762,1,none,24.528,26.724,2.196,0.0895,0.84127,1,none,0.001,0.001,0,-0.055,0.2045,1,none,471,455,-16,-0.034,0.13013,1,none
2dfcc6f0ce4ce007e0360324e63f02ffc7b7fc1a,2026-05-02T16:36:42+02:00,3f5fdec04e2fdb7239432a436a6580c4d5e465b0,ok,0,0,0,,2834415,none,1303.835,1329.431,25.597,0.0196,0.84127,1,none,115.341,111.868,-3.473,-0.0301,0.15079,0.99666,none,90,97,7,0.0778,0.34427,1,none,23.658,15.947,-7.711,-0.3259,0.15079,0.95617,none,0.001,0.001,0,-0.0001,0.04198,1,none,472,472,0,0,1,1,none
3004c642dab239b4e060f7da5c3ac12d2dc9691d,2026-05-04T11:37:17+02:00,2dfcc6f0ce4ce007e0360324e63f02ffc7b7fc1a,ok,0,0,0,,2834381,none,1164.174,1168.778,4.604,0.004,0.22222,1,none,114.56,112.244,-2.316,-0.0202,0.09524,0.99666,none,90,90,0,0,0.67424,1,none,12.83,22.605,9.775,0.7619,0.15079,0.95617,none,0.001,0.001,0,0,1,1,none,456,469,13,0.0285,0.34574,1,none
d2557474e2a9cfccd0a94ab950a2e763ab12823a,2026-05-05T21:35:32+02:00,3004c642dab239b4e060f7da5c3ac12d2dc9691d,ok,0,0,0,,2835398,none,1322.044,1323.844,1.8,0.0014,1,1,none,113.81,111.797,-2.013,-0.0177,0.69048,0.99666,none,95,94,-1,-0.0105,0.69048,1,none,16.332,25.295,8.963,0.5488,0.15079,0.95617,none,0.001,0.001,0,0,0.72306,1,none,471,469,-2,-0.0042,1,1,none
7f56cc0cf3458e9ef6e5071b4594740cae36a0aa,2026-05-06T14:39:45Z,974b338b7e5fed5176cfd83b7a120b137751a1db,ok,0,0,0,,2835603,none,1326.88,1179.083,-147.797,-0.1114,0.30952,1,none,112.595,113.727,1.132,0.0101,1,1,none,109,94,-15,-0.1376,0.54762,1,none,24.601,20.283,-4.318,-0.1755,0.84127,1,none,0.001,0.001,0,0,0.66439,1,none,505,467,-38,-0.0752,0.15079,1,none
974b338b7e5fed5176cfd83b7a120b137751a1db,2026-05-06T15:27:34+02:00,d2557474e2a9cfccd0a94ab950a2e763ab12823a,ok,0,0,0,,2835491,none,1181.777,1171.66,-10.117,-0.0086,0.69048,1,none,110.709,112.845,2.136,0.0193,0.84127,0.99666,none,97,94,-3,-0.0309,1,1,none,19.789,21.107,1.318,0.0666,0.69048,1,none,0.001,0.001,0,0,0.59357,1,none,472,474,2,0.0042,0.7533,1,none
c59fb8dcbc8a63b5db2de5e0bfe49551f35ded7d,2026-05-06T17:42:36+02:00,7f56cc0cf3458e9ef6e5071b4594740cae36a0aa,ok,0,0,0,,2835603,none,1344.372,1167.673,-176.699,-0.1314,0.30952,1,none,111.787,113.535,1.748,0.0156,0.30952,0.99666,none,95,89,-6,-0.0632,0.40197,1,none,18.966,23.406,4.44,0.2341,0.54762,1,none,0.001,0.001,0,0,0.91306,1,none,470,471,1,0.0021,1,1,none
091b9053a3db8ef702c0b65bc8d351290f685362,2026-05-06T22:59:28+02:00,091b9053a3db8ef702c0b65bc8d351290f685362,identical_build,1,1,0,,2835622,none,1168.756,1164.113,-4.643,-0.004,0.84127,1,none,110.161,111.516,1.355,0.0123,0.42063,0.99666,none,92,71,-21,-0.2283,0.54762,1,none,25.215,22.721,-2.494,-0.0989,1,1,none,0.001,0.001,0,-0.0313,1,1,none,469,454,-15,-0.032,0.30952,1,none
091b9053a3db8ef702c0b65bc8d351290f685362,2026-05-06T22:59:28+02:00,c59fb8dcbc8a63b5db2de5e0bfe49551f35ded7d,ok,0,0,0,,2835622,none,1243.667,1162.038,-81.629,-0.0656,0.22222,1,none,111.526,115.953,4.427,0.0397,0.01587,0.99666,none,92,90,-2,-0.0217,1,1,none,24.532,25.153,0.621,0.0253,0.42063,1,none,0.001,0.001,0,0,0.44319,1,none,454,466,12,0.0264,0.24915,1,none
d992c10bc1c3ad87eff4e0a45091810242f01ce7,2026-05-06T23:03:10+02:00,091b9053a3db8ef702c0b65bc8d351290f685362,ok,0,0,0,,2835622,none,1168.043,1165.863,-2.18,-0.0019,0.84127,1,none,111.951,113.086,1.135,0.0101,0.84127,0.99666,none,95,92,-3,-0.0316,1,1,none,16.313,29.588,13.275,0.8138,0.54762,1,none,0.001,0.001,0,0,0.91277,1,none,472,470,-2,-0.0042,0.39614,1,none
b2b2815954f6561f0980bef8997750dabec16e87,2026-05-06T23:10:50+02:00,d992c10bc1c3ad87eff4e0a45091810242f01ce7,ok,0,0,1,,2835649,none,1169.473,1241.586,72.114,0.0617,0.20168,1,none,113.129,112.679,-0.45,-0.004,0.68267,0.99666,none,86,92,6,0.0698,0.13486,1,none,22.775,21.823,-0.952,-0.0418,0.59488,1,none,0.001,0.001,0,0,0.51481,1,none,455,455,0,0,0.24205,1,none
0457ac90634b8556feaa9c0e56be94d3f13fd9bd,2026-05-12T18:44:49+02:00,b2b2815954f6561f0980bef8997750dabec16e87,ok,0,0,0,,2835827,none,1166.878,1165.254,-1.624,-0.0014,0.69048,1,none,114.173,112.305,-1.868,-0.0164,0.22222,0.99666,none,93,88,-5,-0.0538,1,1,none,34.305,27.333,-6.972,-0.2032,0.00794,0.4026,none,0.001,0.001,0,0,0.82246,1,none,470,456,-14,-0.0298,0.7533,1,none
f6d85bc80fe328e8f472636eb0d541f7bb891aa0,2026-05-14T22:45:03+02:00,0457ac90634b8556feaa9c0e56be94d3f13fd9bd,ok,0,0,0,,2836145,none,1240.731,1175.946,-64.786,-0.0522,0.54762,1,none,113.454,112.482,-0.972,-0.0086,0.84127,0.99666,none,85,93,8,0.0941,0.40197,1,none,22.483,19.872,-2.611,-0.1161,0.54762,1,none,0.001,0.001,0,-0.0245,0.36605,1,none,475,471,-4,-0.0084,0.24915,1,none
b42b1a193d5311d319861cd925ba89ca073ab2d4,2026-05-24T16:12:17+02:00,f6d85bc80fe328e8f472636eb0d541f7bb891aa0,ok,0,0,0,,2836057,none,1327.969,1164.422,-163.547,-0.1232,0.15079,1,none,112.347,115.967,3.62,0.0322,0.54762,0.99666,none,95,92,-3,-0.0316,0.20869,1,none,25.276,31.839,6.563,0.2597,0.22222,1,none,0.001,0.001,0,0,0.17971,1,none,472,472,0,0,0.75033,1,none
33721492771919e8569964fe0b034a9cf7f25955,2026-06-01T15:43:45+02:00,b42b1a193d5311d319861cd925ba89ca073ab2d4,ok,0,0,0,,2836048,none,1255.849,1173.934,-81.915,-0.0652,0.30952,1,none,105.745,106.091,0.346,0.0033,0.84127,0.99666,none,87,75,-12,-0.1379,0.34574,1,none,23.996,19.563,-4.433,-0.1847,0.30952,1,none,0.001,0.001,0,-0.0001,0.57615,1,none,468,470,2,0.0043,0.45781,1,none
b6d80e4256e718d14b2dc173315fb524f473320c,2026-06-04T19:27:25+02:00,33721492771919e8569964fe0b034a9cf7f25955,ok,0,0,0,,2836067,none,1167.217,1162.96,-4.257,-0.0036,0.84127,1,none,110.133,110.397,0.264,0.0024,0.69048,0.99666,none,94,89,-5,-0.0532,0.42063,1,none,21.574,22.738,1.164,0.054,0.84127,1,none,0.001,0.001,0,0.0001,0.82306,1,none,473,453,-20,-0.0423,0.05933,1,none
647a264a485a33bf1bf2cec9adcc8cc2151b253c,2026-06-06T18:18:06+02:00,b6d80e4256e718d14b2dc173315fb524f473320c,ok,0,0,0,,2836014,none,1179.211,1165.473,-13.738,-0.0117,0.42063,1,none,117.648,115.455,-2.193,-0.0186,0.84127,0.99666,none,94,89,-5,-0.0532,0.91656,1,none,26.574,25.385,-1.189,-0.0447,0.42063,1,none,0.001,0.001,0,-0.0001,0.82826,1,none,472,460,-12,-0.0254,0.45781,1,none
61fe15a51d1a74e5edd564b366889ea8789aec1c,2026-06-07T19:19:44+02:00,647a264a485a33bf1bf2cec9adcc8cc2151b253c,ok,0,0,0,,2836040,none,1159.872,1170.784,10.912,0.0094,0.30952,1,none,108.771,118.468,9.697,0.0892,0.22222,0.99666,none,89,95,6,0.0674,0.6004,1,none,24.238,25.571,1.333,0.055,0.84127,1,none,0.001,0.001,0,0,1,1,none,471,472,1,0.0021,0.91656,1,none
0cf56b19c79a28dda52f0dcb1c5392ed19cb5fcd,2026-06-10T17:12:42+02:00,61fe15a51d1a74e5edd564b366889ea8789aec1c,ok,0,0,0,,2836040,none,1168.747,1177.829,9.082,0.0078,0.84127,1,none,105.67,109.541,3.871,0.0366,0.42063,0.99666,none,92,90,-2,-0.0217,0.42063,1,none,19.235,19.701,0.466,0.0242,1,1,none,0.001,0.001,0,-0.0245,0.13262,1,none,470,469,-1,-0.0021,0.91656,1,none
a83ac488536dbf4bc4dcf1f472f72ce3b4bd2073,2026-06-11T19:17:15+02:00,0cf56b19c79a28dda52f0dcb1c5392ed19cb5fcd,ok,0,0,0,,2836032,none,1166.425,1161.315,-5.109,-0.0044,0.22222,1,none,107.217,108.592,1.375,0.0128,0.69048,0.99666,none,75,77,2,0.0267,0.69048,1,none,22.68,10.119,-12.561,-0.5538,0.01587,0.59048,none,0.001,0.001,0,0.0001,0.51241,1,none,469,454,-15,-0.032,0.16794,1,none
b324a85ab1c53d1a96b351cdb4e9292cd41cab6d,2026-06-13T20:32:45+02:00,a83ac488536dbf4bc4dcf1f472f72ce3b4bd2073,ok,0,0,0,,2836168,none,1177.722,1166.61,-11.112,-0.0094,0.84127,1,none,117.966,117.675,-0.291,-0.0025,0.84127,0.99666,none,91,88,-3,-0.033,0.84127,1,none,25.733,23.458,-2.275,-0.0884,0.84127,1,none,0.001,0.001,0,0.011,0.51925,1,none,453,470,17,0.0375,0.46334,1,none
069982606dd7178c13e6c2293ede756c6767d3bc,2026-06-13T22:39:04+02:00,b324a85ab1c53d1a96b351cdb4e9292cd41cab6d,ok,0,0,0,,2836164,none,1162.056,1165.554,3.497,0.003,0.42063,1,none,119.876,118.43,-1.446,-0.0121,0.69048,0.99666,none,90,92,2,0.0222,1,1,none,29.768,15.141,-14.627,-0.4914,0.69048,1,none,0.001,0.001,0,0,1,1,none,455,471,16,0.0352,0.52709,1,none
1cb9fff569b62d717d70f812f797a2e6235a24fd,2026-06-15T18:19:08+02:00,069982606dd7178c13e6c2293ede756c6767d3bc,ok,0,0,0,,2836304,none,1160.228,1163.104,2.876,0.0025,0.69048,1,none,118.595,112.113,-6.482,-0.0547,0.84127,0.99666,none,87,94,7,0.0805,0.67424,1,none,19.314,25.386,6.072,0.3144,0.69048,1,none,0.001,0.001,0,-0.0313,1,1,none,454,471,17,0.0374,0.11496,1,none
0642e72cfa2d9a71198200e52f37399384610ee3,2026-06-22T18:22:26+02:00,0642e72cfa2d9a71198200e52f37399384610ee3,identical_build,1,1,0,,2836263,none,1159.46,1175.375,15.915,0.0137,1,1,none,118.101,107.54,-10.561,-0.0894,0.54762,0.99666,none,92,90,-2,-0.0217,0.67517,1,none,28.288,20.932,-7.356,-0.26,0.01587,0.59048,none,0.001,0.001,0,0,0.5186,1,none,455,470,15,0.033,1,1,none
0642e72cfa2d9a71198200e52f37399384610ee3,2026-06-22T18:22:26+02:00,1cb9fff569b62d717d70f812f797a2e6235a24fd,ok,0,0,0,,2836263,none,1178.483,1174.938,-3.545,-0.003,0.84127,1,none,117.154,112.925,-4.229,-0.0361,0.84127,0.99666,none,88,89,1,0.0114,1,1,none,27.212,17.573,-9.639,-0.3542,0.00794,0.4026,none,0.001,0.001,0,0,0.43858,1,none,471,470,-1,-0.0021,0.05394,1,none
cd514d72d6350082c7f173f7147607c7dc4cb523,2026-06-24T09:16:22+02:00,0642e72cfa2d9a71198200e52f37399384610ee3,ok,0,0,0,,2836660,none,1248.206,1165.415,-82.791,-0.0663,0.54762,1,none,114.973,121.004,6.031,0.0525,0.15079,0.99666,none,92,80,-12,-0.1304,0.2948,1,none,29.171,29.564,0.393,0.0135,1,1,none,0.001,0.001,0,-0.0246,0.38555,1,none,483,455,-28,-0.058,0.03614,0.96042,none
070df27e4d18cdc9265c9a9692089fe90b6019da,2026-06-24T10:52:56Z,cd514d72d6350082c7f173f7147607c7dc4cb523,ok,0,0,0,,2836660,none,1377.782,1343.533,-34.248,-0.0249,0.84127,1,none,115.019,118.536,3.517,0.0306,0.09524,0.99666,none,101,99,-2,-0.0198,0.54762,1,none,25.888,24.376,-1.512,-0.0584,1,1,none,0.001,0.001,0,0,0.79717,1,none,499,474,-25,-0.0501,0.30952,1,none
2a82821ec5970691199e1ffc6a49ac31f311ab59,2026-06-24T16:59:10+02:00,070df27e4d18cdc9265c9a9692089fe90b6019da,ok,0,0,0,,2836685,none,1140.072,1167.714,27.641,0.0242,0.22222,1,none,111.886,115.038,3.152,0.0282,0.54762,0.99666,none,88,97,9,0.1023,0.05701,1,none,22.975,22.41,-0.565,-0.0246,0.84127,1,none,0.001,0.001,0,-0.0245,0.91391,1,none,452,470,18,0.0398,0.46198,1,none
20f694d110d1e9048a7037ce84a82eb50d84e9dd,2026-06-25T20:06:02+02:00,2a82821ec5970691199e1ffc6a49ac31f311ab59,ok,0,0,0,,2836739,none,1168.187,1164.193,-3.994,-0.0034,0.54762,1,none,110.85,112.594,1.744,0.0157,1,1,none,73,88,15,0.2055,0.40197,1,none,22.708,19.485,-3.223,-0.1419,0.22222,1,none,0.001,0.001,0,0,0.90486,1,none,470,469,-1,-0.0021,0.91631,1,none
e4c70cb6c6493c816da94ec23188321854296e64,2026-06-26T09:35:32+02:00,20f694d110d1e9048a7037ce84a82eb50d84e9dd,ok,0,0,0,,2836493,none,1180.092,1322.747,142.655,0.1209,1,1,none,110.878,118.02,7.142,0.0644,0.05556,0.99666,none,97,92,-5,-0.0515,0.24915,1,none,85.916,83.925,-1.991,-0.0232,0.69048,1,none,0.001,0.001,0,-0.0001,0.07064,1,none,465,473,8,0.0172,0.75257,1,none
c070c8ffa62c4c88d48f33fd18a7a40d55bb808a,2026-06-26T09:56:12+02:00,e4c70cb6c6493c816da94ec23188321854296e64,ok,0,0,1,,2836584,none,1339.142,1320.302,-18.84,-0.0141,0.24956,1,none,124.507,129.006,4.499,0.0361,0.08143,0.99666,none,106,103,-3,-0.0283,0.95032,1,none,130.557,124.156,-6.401,-0.049,1,1,none,0.001,0.001,0,0,0.67987,1,none,478,482,4,0.0084,0.88447,1,none
4ce70b815eccbe684866f83d2dcbcba8fc8a97a6,2026-06-26T22:59:17+02:00,c070c8ffa62c4c88d48f33fd18a7a40d55bb808a,ok,0,0,1,,2836593,none,1178.38,1372.567,194.187,0.1648,0.0209,0.68609,none,124.252,125.313,1.061,0.0085,0.56677,0.99666,none,100,109,9,0.09,0.53369,1,none,85.892,130.369,44.477,0.5178,0.46096,1,none,0.001,0.001,0,0.011,0.70118,1,none,478,490,12,0.0251,0.17721,1,none
cce5001aaafe0286855984cf1b4e154b6ce86754,2026-06-29T10:04:08+02:00,4ce70b815eccbe684866f83d2dcbcba8fc8a97a6,ok,0,0,0,,2836613,none,1328.83,1324.698,-4.132,-0.0031,0.54762,1,none,139.201,140.026,0.825,0.0059,0.30952,0.99666,none,95,96,1,0.0105,0.84127,1,none,122.053,145.318,23.265,0.1906,0.69048,1,none,0.001,0.001,0,0.0252,0.15149,1,none,473,473,0,0,1,1,none
51ca8abde450e44f8f0db1b2708e0408915c7ab1,2026-07-03T22:57:47+02:00,cce5001aaafe0286855984cf1b4e154b6ce86754,ok,0,0,1,,2838356,none,1298.397,1178.153,-120.245,-0.0926,0.36688,1,none,146.581,143.69,-2.891,-0.0197,0.71297,0.99666,none,94,95,1,0.0106,0.36123,1,none,106.014,126.368,20.354,0.192,0.30459,1,none,0.001,0.001,0,0,0.96494,1,none,470,472,2,0.0043,0.91727,1,none
5b0f5a4c2da21e62c6b8cc8ed3da0d3715f11d82,2026-07-05T09:45:59+02:00,51ca8abde450e44f8f0db1b2708e0408915c7ab1,ok,0,0,1,,2838386,none,1305.086,1184.119,-120.968,-0.0927,0.32455,1,none,139.521,145.393,5.872,0.0421,1,1,none,105,96,-9,-0.0857,0.0309,1,none,122.347,120.527,-1.82,-0.0149,0.87019,1,none,0.001,0.001,0,0,0.77772,1,none,474,472,-2,-0.0042,0.02588,0.90254,none
9357f98a9b6c4f8af3ada6ccce38e54330f2627c,2026-07-05T18:44:26+02:00,5b0f5a4c2da21e62c6b8cc8ed3da0d3715f11d82,ok,0,0,0,,2838764,none,1388.579,1183.641,-204.938,-0.1476,0.42063,1,none,132.929,142.065,9.136,0.0687,0.42063,0.99666,none,120.533,95,-25.533,-0.2118,0.42063,1,none,39.77,46.362,6.592,0.1658,0.69048,1,none,0.001,0.001,0,-0.0109,0.82826,1,none,503,472,-31,-0.0616,0.67517,1,none
aaa14e9df6ba85a19baa52e8378d7b54f9a542f3,2026-07-07T12:55:32+02:00,9357f98a9b6c4f8af3ada6ccce38e54330f2627c,ok,0,0,1,,2839464,none,1166.253,1167.771,1.518,0.0013,0.83813,1,none,117.359,120.329,2.97,0.0253,0.65287,0.99666,none,89,90,1,0.0112,0.58941,1,none,38.933,69.087,30.154,0.7745,0.01452,0.59048,none,0.001,0.001,0,0,0.24081,1,none,468,455,-13,-0.0278,0.70758,1,none
b2a729c400573768c9da323674c732f8668b805d,2026-07-07T14:22:21+02:00,aaa14e9df6ba85a19baa52e8378d7b54f9a542f3,ok,0,0,1,,2839774,none,1168.56,1169.481,0.921,0.0008,0.83813,1,none,136.144,118.203,-17.941,-0.1318,0.04533,0.99666,none,95,90,-5,-0.0526,0.06787,1,none,67.849,56.601,-11.248,-0.1658,0.16069,1,none,0.001,0.001,0,0,0.39271,1,none,469,456,-13,-0.0277,0.46568,1,none
dd8296af1802d4920a645591e0de88b9272745fa,2026-07-07T16:22:31+02:00,b2a729c400573768c9da323674c732f8668b805d,ok,0,0,0,,2840517,none,1164.428,1166.586,2.158,0.0019,0.42063,1,none,117.426,116.838,-0.588,-0.005,1,1,none,92,93,1,0.0109,1,1,none,59.997,56.737,-3.26,-0.0543,1,1,none,0.001,0.001,0,0.0111,0.73732,1,none,456,469,13,0.0285,0.34574,1,none
ba0387d186b361d8d9a2390f396cb17527073442,2026-07-07T22:37:30+02:00,ba0387d186b361d8d9a2390f396cb17527073442,identical_build,1,1,1,,2849153,none,1166.294,1168.097,1.803,0.0015,0.80633,1,none,117.296,118.879,1.583,0.0135,0.87019,1,none,93,91,-2,-0.0215,0.30931,1,none,48.737,70.912,22.175,0.455,0.00119,0.18056,none,0.001,0.001,0,0,0.1352,1,none,469,456,-13,-0.0277,0.7866,1,none
ba0387d186b361d8d9a2390f396cb17527073442,2026-07-07T22:37:30+02:00,dd8296af1802d4920a645591e0de88b9272745fa,ok,0,0,0,,2849153,none,1323.819,1176.695,-147.124,-0.1111,0.30952,1,none,134.542,120.248,-14.294,-0.1062,1,1,none,95,98,3,0.0316,0.84127,1,none,70.173,49.301,-20.872,-0.2974,0.15079,0.95617,none,0.001,0.001,0,0.5021,0.01066,0.59496,none,470,471,1,0.0021,0.91631,1,none
fbff832424d08f7edff2f91c5aaa81d4fb56d6b5,2026-07-08T20:20:01+02:00,ba0387d186b361d8d9a2390f396cb17527073442,ok,0,0,0,,2849232,none,1169.432,1165.521,-3.911,-0.0033,1,1,none,115.175,117.802,2.627,0.0228,0.15079,0.99666,none,96,94,-2,-0.0208,0.7533,1,none,56.81,54.286,-2.524,-0.0444,0.30952,1,none,0.001,0.001,0,-0.0468,0.08266,1,none,468,470,2,0.0043,0.34574,1,none
063e0256f5f8654aec1c88a2822caedcd3bab4f3,2026-07-08T23:13:01+02:00,fbff832424d08f7edff2f91c5aaa81d4fb56d6b5,ok,0,0,0,,2848970,none,1259.172,1334.336,75.163,0.0597,0.84127,1,none,117.483,118.817,1.334,0.0114,0.30952,0.99666,none,100,103,3,0.03,0.83403,1,none,41.722,54.793,13.071,0.3133,0.54762,1,none,0.001,0.001,0,0.0168,0.82246,1,none,471,489,18,0.0382,0.16794,1,none
f790bf7abdba43cda99440bdc74ba19cb338ea27,2026-07-09T11:41:13+02:00,063e0256f5f8654aec1c88a2822caedcd3bab4f3,ok,0,0,0,,2849282,none,1178.816,1267.701,88.885,0.0754,0.84127,1,none,119.007,113.77,-5.237,-0.044,0.42063,0.99666,none,109,105,-4,-0.0367,0.69048,1,none,46.986,45.967,-1.019,-0.0217,0.84127,1,none,0.001,0.001,0,0,1,1,none,473,471,-2,-0.0042,0.59929,1,none
adf963199762e5675811f3fbae779625ca7d0ba3,2026-07-09T13:02:19+02:00,f790bf7abdba43cda99440bdc74ba19cb338ea27,ok,0,0,0,,2849319,none,1169.747,1182.698,12.951,0.0111,0.54762,1,none,114.046,117.782,3.736,0.0328,0.84127,0.99666,none,95,116,21,0.2211,0.14246,1,none,66.275,54.947,-11.328,-0.1709,0.54762,1,none,0.001,0.001,0,-0.0468,0.20402,1,none,470,473,3,0.0064,0.03389,0.94566,none
3b9e1c07f5d32ee11c327dc006f2050ffc6eea19,2026-07-10T11:19:44+02:00,adf963199762e5675811f3fbae779625ca7d0ba3,ok,0,0,0,,2849754,none,1337.955,1166.384,-171.571,-0.1282,0.15079,1,none,118.472,113.727,-4.745,-0.0401,0.30952,0.99666,none,103,100,-3,-0.0291,0.30952,1,none,48.645,53.897,5.252,0.108,1,1,none,0.001,0.001,0,0,0.60724,1,none,473,470,-3,-0.0063,0.11607,1,none
ed7c0c1d7d5510c961f09f6904c5c317b665d443,2026-07-11T17:22:35+02:00,3b9e1c07f5d32ee11c327dc006f2050ffc6eea19,ok,0,0,0,,2849648,none,1347.309,1185.959,-161.35,-0.1198,0.84127,1,none,113.513,116.868,3.355,0.0296,0.54762,0.99666,none,114,109,-5,-0.0439,0.84127,1,none,41.763,53.735,11.972,0.2867,0.09524,0.95617,none,0.001,0.001,0,-0.0468,0.58388,1,none,472,473,1,0.0021,0.91631,1,none
339d3c373314d6b6bd0093949215ca00c1fb0c89,2026-07-13T00:30:09+02:00,ed7c0c1d7d5510c961f09f6904c5c317b665d443,ok,0,0,0,,2848340,none,1346.813,1183.246,-163.567,-0.1214,0.30952,1,none,113.182,115.144,1.962,0.0173,1,1,none,112,106,-6,-0.0536,0.42063,1,none,49.698,54.586,4.888,0.0984,0.69048,1,none,0.001,0.001,0,-0.0468,0.58513,1,none,486,472,-14,-0.0288,0.40053,1,none
d331bb49fce8975819bae1c55c7a43bcd778a8af,2026-07-13T16:52:19+02:00,339d3c373314d6b6bd0093949215ca00c1fb0c89,ok,0,0,1,,2848921,none,1178.29,1172.524,-5.766,-0.0049,0.68267,1,none,113.777,115.249,1.472,0.0129,0.38923,0.99666,none,108,99,-9,-0.0833,0.25375,1,none,51.447,52.921,1.474,0.0287,0.96742,1,none,0.001,0.001,0,0,0.48588,1,none,472,472,0,0,0.39144,1,none
082b2eeb1eac05cb48cf12fbcfadb5cb1bc5ee0a,2026-07-13T17:53:01+02:00,d331bb49fce8975819bae1c55c7a43bcd778a8af,ok,0,0,0,,2849008,none,1259.56,1175.008,-84.552,-0.0671,0.22222,1,none,105.164,108.985,3.821,0.0363,0.84127,0.99666,none,97,99,2,0.0206,1,1,none,53.346,50.489,-2.857,-0.0536,0.84127,1,none,0.001,0.001,0,0,0.38084,1,none,472,470,-2,-0.0042,0.46334,1,none
e9c856d262a14c12bd0bdc3f4ac55c7a86a71577,2026-07-13T19:38:52+02:00,082b2eeb1eac05cb48cf12fbcfadb5cb1bc5ee0a,ok,0,0,0,,2848945,none,1175.617,1180.459,4.842,0.0041,0.30952,1,none,111.361,114.373,3.012,0.027,0.69048,0.99666,none,98,114,16,0.1633,0.30952,1,none,59.397,52.133,-7.264,-0.1223,0.22222,1,none,0.001,0.001,0,-0.0165,0.0707,1,none,472,472,0,0,0.91656,1,none
5776e1cc66842ca229c79fbbf3d2ccf208c24ab0,2026-07-14T13:19:19+02:00,e9c856d262a14c12bd0bdc3f4ac55c7a86a71577,ok,0,0,0,,2848961,none,1173.787,1176.209,2.422,0.0021,0.84127,1,none,115.578,115.233,-0.345,-0.003,1,1,none,107,104,-3,-0.028,0.30952,1,none,54.029,54.52,0.491,0.0091,1,1,none,0.001,0.001,0,-0.0162,0.05974,1,none,472,471,-1,-0.0021,0.59588,1,none
2423819ee0d5fe46afe536ae919b33dca20d7ac1,2026-07-14T16:50:53+02:00,5776e1cc66842ca229c79fbbf3d2ccf208c24ab0,ok,0,0,0,,2851144,none,1290.438,1185.938,-104.5,-0.081,0.84127,1,none,113.267,112.394,-0.873,-0.0077,0.54762,0.99666,none,96,102,6,0.0625,0.84127,1,none,55.372,51.386,-3.986,-0.072,0.54762,1,none,0.001,0.001,0,0,0.60724,1,none,472,472,0,0,0.83353,1,none
acb48c3f454f050353c32819d7a5deded201e9db,2026-07-14T18:18:21+02:00,2423819ee0d5fe46afe536ae919b33dca20d7ac1,ok,0,0,0,,2851113,none,1188.152,1187.801,-0.351,-0.0003,0.84127,1,none,112.606,107.173,-5.433,-0.0482,0.42063,0.99666,none,101,96,-5,-0.0495,1,1,none,53.814,66.424,12.61,0.2343,0.42063,1,none,0.001,0.001,0,-0.0165,0.15716,1,none,472,472,0,0,1,1,none
5ca083436d44a51a0705d43ea22d323839d5fe8e,2026-07-15T11:46:08+02:00,acb48c3f454f050353c32819d7a5deded201e9db,ok,0,0,0,,2852166,none,1303.536,1183.478,-120.058,-0.0921,0.69048,1,none,117.183,113.543,-3.64,-0.0311,0.54762,0.99666,none,103,104,1,0.0097,1,1,none,63.337,64.222,0.885,0.014,1,1,none,0.001,0.001,0,0.0168,0.15988,1,none,475,474,-1,-0.0021,1,1,none
374716304a7ded17769aa931b27e166cdc8ca2b2,2026-07-16T13:30:13+02:00,374716304a7ded17769aa931b27e166cdc8ca2b2,identical_build,1,1,0,,2852944,none,1328.195,1371.209,43.014,0.0324,0.84127,1,none,115.638,117.074,1.436,0.0124,0.30952,0.99666,none,95,104,9,0.0947,0.42063,1,none,57.377,61.808,4.431,0.0772,0.84127,1,none,0.001,0.001,0,0,1,1,none,476,475,-1,-0.0021,0.46198,1,none
374716304a7ded17769aa931b27e166cdc8ca2b2,2026-07-16T13:30:13+02:00,5ca083436d44a51a0705d43ea22d323839d5fe8e,ok,0,0,0,,2852944,none,1184.531,1331.625,147.094,0.1242,0.15079,1,none,115.825,114.753,-1.072,-0.0093,1,1,none,99,106,7,0.0707,1,1,none,59.95,57.372,-2.578,-0.043,1,1,none,0.001,0.001,0,0,0.5186,1,none,470,487,17,0.0362,0.05624,1,none
93dd51060a305108450b18b87b39f1b3b2125995,2026-07-16T19:50:19+02:00,374716304a7ded17769aa931b27e166cdc8ca2b2,ok,0,0,0,,2853140,none,1190.478,1297.233,106.754,0.0897,0.69048,1,none,114.863,118.982,4.119,0.0359,0.22222,0.99666,none,103.5,102,-1.5,-0.0145,0.84127,1,none,65.535,58.84,-6.695,-0.1022,0.69048,1,none,0.001,0.001,0,-0.0162,0.65131,1,none,471,473,2,0.0042,0.83353,1,none
65aa577e39a1ae6315322eae010b69961b99b418,2026-07-16T20:52:06+02:00,93dd51060a305108450b18b87b39f1b3b2125995,ok,0,0,0,,2853272,none,1177.598,1177.667,0.069,0.0001,0.69048,1,none,117.384,118.045,0.661,0.0056,0.54762,0.99666,none,98,93,-5,-0.051,1,1,none,66.231,59.767,-6.464,-0.0976,0.09524,0.95617,none,0.001,0.001,0,0.0165,0.63123,1,none,472,473,1,0.0021,0.4606,1,none
a1d9b16b0dc485566cfc90ece8269443f8726d63,2026-07-17T16:22:43+02:00,65aa577e39a1ae6315322eae010b69961b99b418,ok,0,0,0,,2853297,none,1178.338,1249.918,71.58,0.0607,1,1,none,118.172,118.926,0.754,0.0064,0.34574,0.99666,none,99,82,-17,-0.1717,0.15079,1,none,64.954,63.388,-1.566,-0.0241,1,1,none,0.001,0.001,0,-0.0162,0.34652,1,none,472,472,0,0,0.91553,1,none
5cf547650b700b35507e83773695098150b810d2,2026-07-18T00:17:39+02:00,a1d9b16b0dc485566cfc90ece8269443f8726d63,ok,0,0,0,,2853264,none,1251.171,1311.289,60.118,0.048,0.84127,1,none,119.645,118.872,-0.773,-0.0065,0.84127,0.99666,none,98,109,11,0.1122,1,1,none,58.603,59.522,0.919,0.0157,0.69048,1,none,0.001,0.001,0,0,0.72306,1,none,488,473,-15,-0.0307,0.91631,1,none
53732f08f430ded353121c64c230b448282be37a,2026-07-21T22:07:15Z,5cf547650b700b35507e83773695098150b810d2,ok,0,0,0,,2853354,none,1267.539,1182.865,-84.675,-0.0668,0.54762,1,none,115.083,119.24,4.157,0.0361,0.42063,0.99666,none,104,104,0,0,0.7533,1,none,67.967,63.443,-4.524,-0.0666,0.69048,1,none,0.001,0.001,0,0,1,1,none,473,472,-1,-0.0021,0.52322,1,none
a3b90897b5d770a27d53773db670ddfda983ae85,2026-07-22T13:03:45+02:00,53732f08f430ded353121c64c230b448282be37a,ok,0,0,0,,2853524,none,1297.258,1380.026,82.768,0.0638,0.69048,1,none,114.971,117.369,2.398,0.0209,0.69048,0.99666,none,107,107,0,0,0.6004,1,none,52.865,58.813,5.948,0.1125,0.09524,0.95617,none,0.001,0.001,0,0,0.47848,1,none,471,473,2,0.0042,0.59588,1,none
91b78903ab1fb8c695d96c94972eadda4998518e,2026-07-22T22:37:35+02:00,a3b90897b5d770a27d53773db670ddfda983ae85,ok,0,0,0,,2853639,none,1184.963,1305.787,120.824,0.102,0.84127,1,none,113.143,118.423,5.28,0.0467,0.42063,0.99666,none,100,123,23,0.23,0.42063,1,none,50.07,56.59,6.52,0.1302,0.69048,1,none,0.001,0.001,0,-0.0165,0.49782,1,none,474,491,17,0.0359,0.15079,1,none
e6ae6bf05755eb3845d9635953bd6477e948a8f6,2026-07-22T22:39:16+02:00,91b78903ab1fb8c695d96c94972eadda4998518e,ok,0,0,0,,2853611,none,1171.697,1333.437,161.739,0.138,0.22222,1,none,118.471,109.286,-9.185,-0.0775,0.22222,0.99666,none,100,77,-23,-0.23,0.67517,1,none,56.463,58.734,2.271,0.0402,1,1,none,0.001,0.001,0,-0.0308,0.59121,1,none,473,472,-1,-0.0021,0.67137,1,none
f179f7ffd23cd47a8f013c3fd0051cb07a83d1d6,2026-07-23T18:42:42+02:00,e6ae6bf05755eb3845d9635953bd6477e948a8f6,ok,0,0,0,,2857661,none,1340.736,1186.5,-154.236,-0.115,0.42063,1,none,118.107,118.494,0.387,0.0033,0.69048,0.99666,none,118,127,9,0.0763,0.39614,1,none,57.148,59.303,2.155,0.0377,0.54762,1,none,0.001,0.001,0,-0.027,0.08367,1,none,487,474,-13,-0.0267,1,1,none
b2e81e38a6fde8b3cb5dfdf2f2fb651323ad309d,2026-07-24T16:10:00+02:00,f179f7ffd23cd47a8f013c3fd0051cb07a83d1d6,ok,0,0,0,,2857664,none,1176.254,1187.321,11.067,0.0094,0.54762,1,none,115.022,111.538,-3.484,-0.0303,0.30952,0.99666,none,102,101,-1,-0.0098,0.84127,1,none,58.573,46.271,-12.302,-0.21,0.09524,0.95617,none,0.001,0.001,0,0,0.47848,1,none,473,474,1,0.0021,0.7533,1,none
7c0b3295760d3492a980f2f6416a36c9ef592103,2026-07-27T23:04:03+02:00,b2e81e38a6fde8b3cb5dfdf2f2fb651323ad309d,ok,0,0,0,,2857706,none,1342.848,1370.087,27.239,0.0203,0.54762,1,none,111.631,117.844,6.213,0.0557,0.42063,0.99666,none,109,112,3,0.0275,1,1,none,43.071,57.366,14.295,0.3319,0.15079,0.95617,none,0.001,0.001,0,-0.0379,0.81736,1,none,473,488,15,0.0317,0.40197,1,none
1acf66edabc2ac5bbd4aed0714aed7dca7cc2aab,2026-07-28T18:12:33+02:00,7c0b3295760d3492a980f2f6416a36c9ef592103,ok,0,0,1,,2858942,none,1185.172,1176.959,-8.213,-0.0069,0.62359,1,none,114.493,111.063,-3.43,-0.03,0.43629,0.99666,none,113,98,-15,-0.1327,0.12991,1,none,50.014,44.262,-5.752,-0.115,0.68267,1,none,0.001,0.001,0,0,0.28961,1,none,472,472,0,0,0.73802,1,none
69d4c346cc82ee5f64b6fa6bb91ad94422fedfb3,2026-07-30T07:47:42Z,1acf66edabc2ac5bbd4aed0714aed7dca7cc2aab,ok,0,0,0,,2858920,none,1177.751,1174.565,-3.185,-0.0027,0.69048,1,none,107.209,113.031,5.822,0.0543,0.42063,0.99666,none,101,99,-2,-0.0198,1,1,none,56.198,50.504,-5.694,-0.1013,0.69048,1,none,0.001,0.001,0,0,1,1,none,473,471,-2,-0.0042,0.83252,1,none
786ab266ff3a9cfffaed16804cf9132b44bc08ae,2026-07-30T13:30:20+02:00,69d4c346cc82ee5f64b6fa6bb91ad94422fedfb3,ok,0,0,0,,2859028,none,1189.766,1185.082,-4.684,-0.0039,0.84127,1,none,112.433,115.151,2.718,0.0242,0.30952,0.99666,none,101,96,-5,-0.0495,1,1,none,59.604,59.544,-0.06,-0.001,1,1,none,0.001,0.001,0,0.0498,0.0668,1,none,472,473,1,0.0021,0.75109,1,none
39103bd33a3365f4134958fe5e932678fcd12fb8,2026-08-03T21:48:06+02:00,39103bd33a3365f4134958fe5e932678fcd12fb8,identical_build,1,1,0,,2876964,none,1165.737,1175.004,9.267,0.0079,1,1,none,110.998,111.302,0.304,0.0027,0.84127,0.99666,none,106,101,-5,-0.0472,0.54762,1,none,62.327,52.108,-10.219,-0.164,0.05556,0.95617,none,0.001,0.001,0,-0.0474,0.27034,1,none,473,473,0,0,1,1,none
39103bd33a3365f4134958fe5e932678fcd12fb8,2026-08-03T21:48:06+02:00,786ab266ff3a9cfffaed16804cf9132b44bc08ae,ok,0,0,1,,2876964,none,1287.285,1182.419,-104.866,-0.0815,0.2671,1,none,114.391,117.353,2.962,0.0259,0.32455,0.99666,none,109,96,-13,-0.1193,0.13521,1,none,51.162,49.397,-1.765,-0.0345,0.90246,1,none,0.001,0.001,0,0,0.26335,1,none,474,472,-2,-0.0042,0.42796,1,none
f1aa8f86a9745c6c1623ce8aabbc305522053616,2026-08-04T16:25:00+02:00,39103bd33a3365f4134958fe5e932678fcd12fb8,ok,0,0,0,,2876699,none,1260.458,1334.622,74.165,0.0588,0.54762,1,none,120.173,114.33,-5.843,-0.0486,0.42063,0.99666,none,98,103,5,0.051,0.84127,1,none,55.106,54.073,-1.033,-0.0187,0.84127,1,none,0.001,0.001,0,0,0.42371,1,none,473,472,-1,-0.0021,1,1,none
792ea3a06c60079229f36819d8695af7d563832a,2026-08-04T16:25:16+02:00,f1aa8f86a9745c6c1623ce8aabbc305522053616,ok,0,0,0,,2883269,none,1389.259,1391.384,2.125,0.0015,1,1,none,118.399,111.662,-6.737,-0.0569,0.69048,0.99666,none,128.5,114,-14.5,-0.1128,0.24915,1,none,58.177,57.289,-0.888,-0.0153,0.84127,1,none,0.001,0.001,0,0,0.79717,1,none,491,471,-20,-0.0407,0.24771,1,none
ab0255f21eb40b5408f3e9ed9725474108eda9e6,2026-08-04T16:31:37+02:00,792ea3a06c60079229f36819d8695af7d563832a,ok,0,0,0,,2883215,none,1175.879,1172.811,-3.068,-0.0026,0.30952,1,none,117.087,117.889,0.802,0.0068,0.69048,0.99666,none,97,101,4,0.0412,1,1,none,65.811,62.186,-3.625,-0.0551,0.54762,1,none,0.001,0.001,0,0,0.69854,1,none,471,471,0,0,0.65584,1,none
1da120e914e87ae2f308ff6eb41c365401e8f583,2026-08-04T19:39:21+02:00,ab0255f21eb40b5408f3e9ed9725474108eda9e6,ok,0,0,1,,2883253,none,1406.146,1334.297,-71.849,-0.0511,0.2671,1,none,116.987,116.636,-0.351,-0.003,0.83813,0.99666,none,107,109,2,0.0187,0.56136,1,none,57.974,52.461,-5.513,-0.0951,0.32455,1,none,0.001,0.001,0,0,0.21234,1,none,472,475,3,0.0064,0.70793,1,none
c9c96f619cbceb335c5b5bf112be78465d8ab60e,2026-08-04T23:32:15+02:00,1da120e914e87ae2f308ff6eb41c365401e8f583,ok,0,0,0,,2883354,none,1179.483,1384.781,205.298,0.1741,0.15079,1,none,112.511,116.573,4.062,0.0361,0.54762,0.99666,none,100,114,14,0.14,0.22222,1,none,60.301,58.984,-1.317,-0.0218,0.22222,1,none,0.001,0.001,0,0,0.40648,1,none,471,489,18,0.0382,0.11161,1,none
46c42a6cb0bfc8c096ac4f232d427e10c2d943d1,2026-08-04T23:38:15+02:00,c9c96f619cbceb335c5b5bf112be78465d8ab60e,ok,0,0,0,,2883358,none,1281.82,1331.875,50.055,0.0391,0.69048,1,none,117.908,114.159,-3.749,-0.0318,0.54762,0.99666,none,105,100,-5,-0.0476,1,1,none,51.135,57.648,6.513,0.1274,0.30952,1,none,0.001,0.001,0,0,0.42371,1,none,475,474,-1,-0.0021,1,1,none
85270fcc8db26f98d119e2d2752b0c0139e86e16,2026-08-05T00:01:20+02:00,46c42a6cb0bfc8c096ac4f232d427e10c2d943d1,ok,0,0,1,,2884163,none,1368.264,1377.677,9.413,0.0069,0.7437,1,none,116.153,116.316,0.163,0.0014,0.87019,1,none,106,101,-5,-0.0472,0.80633,1,none,55.294,53.775,-1.519,-0.0275,0.87019,1,none,0.001,0.001,0,0,0.50102,1,none,488,474,-14,-0.0287,0.21982,1,none
5e375b4331febad8dd7d1adf4e3d78df0fbeeb17,2026-08-05T10:52:10+02:00,85270fcc8db26f98d119e2d2752b0c0139e86e16,ok,0,0,1,,2884166,none,1387.584,1262.252,-125.332,-0.0903,0.03294,0.79924,none,116.969,117.25,0.281,0.0024,0.71297,0.99666,none,116,104,-12,-0.1034,0.03255,1,none,57.161,59.959,2.798,0.0489,0.83813,1,none,0.001,0.001,0,0,0.60893,1,none,489,472,-17,-0.0348,0.03374,0.94566,none
e33a1c0e85a9fae8636deb9b9eb7079825de8337,2026-08-05T14:20:18+02:00,5e375b4331febad8dd7d1adf4e3d78df0fbeeb17,ok,0,0,0,,2884118,none,1410.557,1371.311,-39.246,-0.0278,0.84127,1,none,102.861,116.263,13.402,0.1303,0.22222,0.99666,none,104,104,0,0,1,1,none,53.431,32.707,-20.724,-0.3879,0.69048,1,none,0.001,0.001,0,0,0.73373,1,none,486,473,-13,-0.0267,0.24915,1,none
74789584bed7de19e91e35a3c0e708aeadcddf8b,2026-08-05T18:28:52+02:00,e33a1c0e85a9fae8636deb9b9eb7079825de8337,ok,0,0,0,,2884217,none,1365.895,1339.211,-26.684,-0.0195,0.54762,1,none,118.145,115.337,-2.808,-0.0238,0.09524,0.99666,none,103,104,1,0.0097,1,1,none,63.278,57.558,-5.72,-0.0904,0.15079,0.95617,none,0.001,0.001,0,0,0.60724,1,none,473,471,-2,-0.0042,0.83353,1,none
1e22618ab2adee8e1947a218aa23dbacd6095c17,2026-08-05T20:00:18+02:00,74789584bed7de19e91e35a3c0e708aeadcddf8b,ok,0,0,0,,2884299,none,1397.943,1387.349,-10.593,-0.0076,1,1,none,116.153,112.992,-3.161,-0.0272,0.84127,0.99666,none,116,117,1,0.0086,0.84127,1,none,54.042,63.113,9.071,0.1679,0.54762,1,none,0.001,0.001,0,0.0498,0.91306,1,none,487,476,-11,-0.0226,0.83252,1,none
e4ab626739f5f163c5eca56190f615643218b61c,2026-08-05T20:10:18+02:00,1e22618ab2adee8e1947a218aa23dbacd6095c17,ok,0,0,0,,2884321,none,1386.602,1415.851,29.249,0.0211,0.15079,1,none,115.942,110.018,-5.924,-0.0511,0.22222,0.99666,none,106,102,-4,-0.0377,1,1,none,58.806,56.047,-2.759,-0.0469,0.69048,1,none,0.001,0.001,0,0,0.42371,1,none,488,486,-2,-0.0041,1,1,none
219571a7187651c79648de08c9a98a3b2f7f607a,2026-08-06T22:01:48+02:00,e4ab626739f5f163c5eca56190f615643218b61c,ok,0,0,0,,2884455,none,1376.731,1382.128,5.397,0.0039,1,1,none,111.56,118.083,6.523,0.0585,0.15079,0.99666,none,103,109,6,0.0583,0.69048,1,none,58.167,60.613,2.446,0.0421,0.84127,1,none,0.001,0.001,0,0,0.12134,1,none,472,485,13,0.0275,0.45781,1,none
ea74787447db38be580ceb11f53928b1a291f88f,2026-08-07T12:53:21+02:00,219571a7187651c79648de08c9a98a3b2f7f607a,ok,0,0,0,,2884487,none,1374.6,1381.034,6.434,0.0047,0.84127,1,none,119.181,116.637,-2.544,-0.0213,0.22222,0.99666,none,108,97,-11,-0.1019,1,1,none,61.805,60.114,-1.691,-0.0274,0.54762,1,none,0.001,0.001,0,0,0.60558,1,none,472,489,17,0.036,0.34427,1,none
4872083c044491b6d5c96ae134a75464f96d6831,2026-08-07T14:07:53+02:00,4872083c044491b6d5c96ae134a75464f96d6831,identical_build,1,1,1,,2885114,none,1384.195,1337.636,-46.56,-0.0336,0.30459,1,none,109.487,115.353,5.866,0.0536,0.59488,0.99666,none,110,100,-10,-0.0909,0.03783,1,none,48.337,54.252,5.915,0.1224,0.38923,1,none,0.001,0.001,0,0,0.53536,1,none,488,473,-15,-0.0307,0.11853,1,none
4872083c044491b6d5c96ae134a75464f96d6831,2026-08-07T14:07:53+02:00,ea74787447db38be580ceb11f53928b1a291f88f,ok,0,0,0,,2885114,none,1315.211,1389.713,74.502,0.0566,0.22222,1,none,117.052,116.27,-0.782,-0.0067,0.69048,0.99666,none,103,95,-8,-0.0777,0.46334,1,none,65.493,60.52,-4.973,-0.0759,0.30952,1,none,0.001,0.001,0,0,1,1,none,472,469,-3,-0.0064,0.52581,1,none
cf212b2f3354c09bd6f960b53a9cfb0a3ecbfa58,2026-08-08T23:17:26+02:00,4872083c044491b6d5c96ae134a75464f96d6831,ok,0,0,0,,2885774,none,1434.129,1174.258,-259.871,-0.1812,0.15079,1,none,114.629,114.909,0.28,0.0024,1,1,none,95,97,2,0.0211,0.84127,1,none,65.412,53.338,-12.074,-0.1846,0.09524,0.95617,none,0.001,0.001,0,0.0498,0.21715,1,none,489,473,-16,-0.0327,0.1719,1,none
c5a50d223feb5fceaebc916ad75f2dcecb399467,2026-08-10T13:09:43+02:00,cf212b2f3354c09bd6f960b53a9cfb0a3ecbfa58,ok,0,0,0,,2886432,none,1388.581,1419.88,31.299,0.0225,0.84127,1,none,118.451,117.426,-1.025,-0.0087,0.54762,0.99666,none,112,103,-9,-0.0804,1,1,none,59.223,55.802,-3.421,-0.0578,0.84127,1,none,0.001,0.001,0,0,1,1,none,473,486,13,0.0275,0.75183,1,none
abeeaeba217ab3b5193b78c8d8d63c373b518ced,2026-08-11T15:59:35+02:00,c5a50d223feb5fceaebc916ad75f2dcecb399467,ok,0,0,0,,2891113,none,1383.267,1411.362,28.095,0.0203,1,1,none,120.128,117.497,-2.631,-0.0219,0.30952,0.99666,none,120,106,-14,-0.1167,0.84127,1,none,61.435,61.958,0.523,0.0085,0.84127,1,none,0.001,0.001,0,-0.0474,0.232,1,none,489,472,-17,-0.0348,0.11496,1,none
884225b1c7ba08d2cd506e487f5f699a52bd821b,2026-08-16T13:20:15Z,abeeaeba217ab3b5193b78c8d8d63c373b518ced,ok,0,0,0,,2891147,none,1180.656,1379.7,199.044,0.1686,0.54762,1,none,119.298,119.783,0.485,0.0041,0.30952,0.99666,none,103,92,-11,-0.1068,0.69048,1,none,67.595,67.606,0.011,0.0002,1,1,none,0.001,0.001,0,0,0.69854,1,none,474,472,-2,-0.0042,1,1,none
e160ff7ba0641fba729c528482de5277ffb19c58,2026-08-16T17:30:01+02:00,884225b1c7ba08d2cd506e487f5f699a52bd821b,ok,0,0,0,,2898802,none,1421.158,1339.405,-81.753,-0.0575,0.69048,1,none,117.224,120.251,3.027,0.0258,0.30952,0.99666,none,113,120,7,0.0619,0.46334,1,none,62.643,71.094,8.451,0.1349,0.09524,0.95617,none,0.001,0.001,0,0,1,1,none,488,489,1,0.002,1,1,none
4a6f4e7a32ce3d3360d4d209d14105acc144d8c7,2026-08-25T16:08:37+02:00,e160ff7ba0641fba729c528482de5277ffb19c58,ok,0,0,0,,2899111,none,1432.425,1341.103,-91.321,-0.0638,0.30952,1,none,118.339,117.554,-0.785,-0.0066,0.54762,0.99666,none,110,106,-4,-0.0364,0.84127,1,none,62.233,65.887,3.654,0.0587,0.30952,1,none,0.001,0.001,0,0,0.04417,1,none,489,472,-17,-0.0348,0.46334,1,none
e1bb9ff8f8931e783c11d104abb8967ac6605c9a,2026-08-26T15:33:04+02:00,4a6f4e7a32ce3d3360d4d209d14105acc144d8c7,ok,0,0,0,,2899992,none,1407.367,1219.438,-187.928,-0.1335,0.15079,1,none,113.285,116.131,2.846,0.0251,0.54762,0.99666,none,117,110,-7,-0.0598,0.91656,1,none,65.045,63.258,-1.787,-0.0275,0.42063,1,none,0.001,0.001,0,0,1,1,none,489,472,-17,-0.0348,0.39761,1,none
214cd6e6e8ac3ad6b68486aa7aa7241abdf9445f,2026-09-03T17:21:13+02:00,e1bb9ff8f8931e783c11d104abb8967ac6605c9a,ok,0,0,1,,2901742,improvement,1418.419,1331.387,-87.032,-0.0614,0.00006,0.00392,improvement,116.716,116.072,-0.644,-0.0055,0.7437,0.99666,none,118.5,103.5,-15,-0.1266,0.00791,0.55357,none,62.417,65.914,3.497,0.056,0.48636,1,none,0.001,0.001,0,0,0.00418,0.29173,none,488,472,-16,-0.0328,0.00727,0.50695,none
f1a79b73df5b9883f940417861a4f5fb879a3f02,2026-09-07T11:52:22+02:00,214cd6e6e8ac3ad6b68486aa7aa7241abdf9445f,ok,0,0,0,,2901995,none,1381.956,1335.16,-46.796,-0.0339,1,1,none,118.85,116.4,-2.45,-0.0206,1,1,none,96,94,-2,-0.0208,0.69048,1,none,68.38,63.493,-4.887,-0.0715,0.15079,0.95617,none,0.001,0.001,0,0,1,1,none,486,488,2,0.0041,0.52836,1,none
2b1c2a9fbf62417168cdae041d00f38cc403f0a5,2026-09-07T17:28:20+02:00,f1a79b73df5b9883f940417861a4f5fb879a3f02,ok,0,0,0,,2901975,none,1448.447,1396.228,-52.219,-0.0361,0.54762,1,none,120.335,114.081,-6.254,-0.052,0.54762,0.99666,none,121,109,-12,-0.0992,1,1,none,68.83,63.278,-5.552,-0.0807,0.69048,1,none,0.001,0.001,0,0,0.17971,1,none,487,488,1,0.0021,1,1,none
0361bdd9cb832450f1232dd28931199a73b64b1d,2026-09-07T22:32:05+02:00,2b1c2a9fbf62417168cdae041d00f38cc403f0a5,ok,0,0,0,,2904381,none,1424.025,1389.477,-34.549,-0.0243,0.15079,1,none,115.151,93.202,-21.949,-0.1906,0.54762,0.99666,none,112,112,0,0,0.91656,1,none,66.023,64.343,-1.68,-0.0254,1,1,none,0.001,0.001,0,0,0.47848,1,none,490,472,-18,-0.0367,0.24915,1,none
854d00c31b7105290396fe34294fc2a0331ea469,2026-09-08T15:26:14+02:00,0361bdd9cb832450f1232dd28931199a73b64b1d,ok,0,0,0,,2904535,none,1328.086,1336.523,8.437,0.0064,0.84127,1,none,116.175,113.915,-2.26,-0.0195,0.69048,0.99666,none,105,119,14,0.1333,0.42063,1,none,62.401,52.761,-9.64,-0.1545,0.22222,1,none,0.001,0.001,0,0,0.42371,1,none,471,487,16,0.034,0.24771,1,none
6574de60b3fae9a645023ef2743d8213f6df1bda,2026-09-09T14:39:59+02:00,854d00c31b7105290396fe34294fc2a0331ea469,ok,0,0,0,,2904879,none,1317.863,1332.911,15.048,0.0114,0.54762,1,none,118.813,91.797,-27.016,-0.2274,0.42063,0.99666,none,108,113,5,0.0463,1,1,none,60.971,67.244,6.273,0.1029,0.84127,1,none,0.001,0.001,0,0,0.81324,1,none,472,478,6,0.0127,0.24915,1,none
afa3a653fc5d2b742adcbd5a6063187b056d2419,2026-09-10T16:45:37+02:00,6574de60b3fae9a645023ef2743d8213f6df1bda,ok,0,0,0,,2912458,none,1370.69,1373.074,2.384,0.0017,0.84127,1,none,117.296,114.119,-3.177,-0.0271,0.84127,0.99666,none,101,109,8,0.0792,0.03175,1,none,69.974,62.069,-7.905,-0.113,0.69048,1,none,0.001,0.001,0,0,1,1,none,487,487,0,0,0.83303,1,none
4e758db17e10715aafcdfb98e6741b292631c300,2026-09-14T16:17:41+02:00,4e758db17e10715aafcdfb98e6741b292631c300,identical_build,1,1,0,,2912774,none,1338.297,1335.053,-3.245,-0.0024,1,1,none,117.367,118.065,0.698,0.0059,0.84127,0.99666,none,109,107,-2,-0.0183,1,1,none,68.882,63.972,-4.91,-0.0713,0.54762,1,none,0.001,0.001,0,0,0.60047,1,none,488,487,-1,-0.002,0.91631,1,none
4e758db17e10715aafcdfb98e6741b292631c300,2026-09-14T16:17:41+02:00,afa3a653fc5d2b742adcbd5a6063187b056d2419,ok,0,0,0,,2912774,none,1376.245,1412.445,36.199,0.0263,0.54762,1,none,117.037,117.434,0.397,0.0034,0.69048,0.99666,none,99,98,-1,-0.0101,0.84127,1,none,64,68.804,4.804,0.0751,1,1,none,0.001,0.001,0,0,0.73373,1,none,486,487,1,0.0021,0.91553,1,none
a9186480121afc16ccdec789fc533e6a9ee68c10,2026-09-15T14:12:53+02:00,4e758db17e10715aafcdfb98e6741b292631c300,ok,0,0,0,,2913931,none,1334.62,1344.108,9.487,0.0071,1,1,none,114.228,114.006,-0.222,-0.0019,0.84127,0.99666,none,104,99,-5,-0.0481,0.69048,1,none,73.238,68.406,-4.832,-0.066,0.22222,1,none,0.001,0.001,0,0,0.81736,1,none,473,471,-2,-0.0042,0.2948,1,none
c0ad61c6743aef7623e641cd1460d757cc6cacf3,2026-09-16T19:50:39+02:00,a9186480121afc16ccdec789fc533e6a9ee68c10,ok,0,0,0,,2914166,none,1347.874,1460.367,112.493,0.0835,0.15079,1,none,113.137,117.729,4.592,0.0406,0.54762,0.99666,none,112,95,-17,-0.1518,0.6004,1,none,67.573,37.57,-30.003,-0.444,0.54762,1,none,0.001,0.001,0,0.01,0.82826,1,none,488,487,-1,-0.002,0.67517,1,none
14e1c614d477f8e53f71e2f31b2c74b9e597e59b,2026-09-19T10:00:47+02:00,c0ad61c6743aef7623e641cd1460d757cc6cacf3,ok,0,0,0,,2914570,none,1296.527,1397.463,100.935,0.0779,0.54762,1,none,115.12,111.628,-3.492,-0.0303,0.22222,0.99666,none,103,118,15,0.1456,0.84127,1,none,70.701,72.721,2.02,0.0286,0.54762,1,none,0.001,0.001,0,0,0.69854,1,none,471,471,0,0,1,1,none
97c68dd371e13c017a8dcca49f8b3995ba7890a8,2026-09-19T11:53:31+02:00,14e1c614d477f8e53f71e2f31b2c74b9e597e59b,ok,0,0,0,,2914621,none,1354.593,1393.717,39.124,0.0289,0.84127,1,none,118.064,117.862,-0.202,-0.0017,1,1,none,110,105,-5,-0.0455,0.54762,1,none,64.05,62.079,-1.971,-0.0308,0.42063,1,none,0.001,0.001,0,0,0.90486,1,none,484,474,-10,-0.0207,0.34427,1,none
31df3e6ef245c646b18a055ccf858cd6117c7768,2026-09-22T10:26:19+02:00,97c68dd371e13c017a8dcca49f8b3995ba7890a8,ok,0,0,0,,2914916,none,1442.834,1385.858,-56.976,-0.0395,0.30952,1,none,112.443,118.056,5.613,0.0499,0.09524,0.99666,none,103,111,8,0.0777,0.42063,1,none,66.029,63.781,-2.248,-0.034,0.54762,1,none,0.001,0.001,0,0,1,1,none,488,486,-2,-0.0041,0.40197,1,none
2b9da9610083254edaec68871d593fb6b08e9072,2026-09-22T22:02:13+02:00,31df3e6ef245c646b18a055ccf858cd6117c7768,ok,0,0,1,,2915217,none,1410.908,1415.78,4.872,0.0035,0.46096,1,none,118.005,117.774,-0.231,-0.002,0.7437,0.99666,none,104,106,2,0.0192,0.71297,1,none,68.29,65.956,-2.334,-0.0342,0.48636,1,none,0.001,0.001,0,0,0.50209,1,none,474,475,1,0.0021,0.57479,1,none
4850bf336fe0a8501af49d84deebc7fb56357cc2,2026-09-23T22:10:02+02:00,2b9da9610083254edaec68871d593fb6b08e9072,ok,0,0,0,,2915202,none,1416.306,1448.024,31.718,0.0224,1,1,none,123.542,141.081,17.539,0.142,0.54762,0.99666,none,114,108,-6,-0.0526,0.54762,1,none,81.683,78.325,-3.358,-0.0411,1,1,none,0.001,0.001,0,0,0.69854,1,none,487,491,4,0.0082,0.91656,1,none
dc2c16d9e2073078cb4b8f3dce942133b90eec3d,2026-09-24T13:06:56+02:00,4850bf336fe0a8501af49d84deebc7fb56357cc2,ok,0,0,0,,2915380,none,1454.311,1424.021,-30.291,-0.0208,0.84127,1,none,116.538,118.101,1.563,0.0134,0.84127,0.99666,none,109,111,2,0.0183,1,1,none,63.129,72.726,9.597,0.152,1,1,none,0.001,0.001,0,-0.0099,1,1,none,504,488,-16,-0.0317,0.45781,1,none
1118751f3e4958a0dc3d71934c093584fdb7c6f5,2026-09-24T15:06:17+02:00,dc2c16d9e2073078cb4b8f3dce942133b90eec3d,ok,0,0,0,,2917187,none,1365.644,1398.004,32.36,0.0237,0.84127,1,none,115.375,114.441,-0.934,-0.0081,0.42063,0.99666,none,123,112,-11,-0.0894,0.7533,1,none,71.794,69.605,-2.189,-0.0305,0.84127,1,none,0.001,0.001,0,0,1,1,none,489,489,0,0,0.67329,1,none
e40d1cba95012fdabfea96cc4c854194ff92f7dd,2026-09-24T22:18:52+02:00,1118751f3e4958a0dc3d71934c093584fdb7c6f5,ok,0,0,0,,2916995,none,1421.75,1469.127,47.377,0.0333,0.54762,1,none,119.634,116.718,-2.916,-0.0244,0.30952,0.99666,none,109,105,-4,-0.0367,0.84127,1,none,65.313,66.329,1.016,0.0156,1,1,none,0.001,0.001,0,-0.0033,0.27034,1,none,489,487,-2,-0.0041,0.34574,1,none
5db42c3ddbbdc44d10120ab2f18e0864d083e268,2026-09-25T00:42:59+02:00,e40d1cba95012fdabfea96cc4c854194ff92f7dd,ok,0,0,0,,2917344,none,1410.439,1403.005,-7.434,-0.0053,1,1,none,115.541,115.38,-0.161,-0.0014,0.54762,0.99666,none,124,123,-1,-0.0081,0.52962,1,none,58.714,70.806,12.092,0.2059,0.30952,1,none,0.001,0.001,0,0.0033,0.27034,1,none,490,487,-3,-0.0061,1,1,none
5feb2172d5291e664c9240e9ec4a33ef47f8c37d,2026-09-26T11:03:47+02:00,5db42c3ddbbdc44d10120ab2f18e0864d083e268,ok,0,0,0,,2917683,none,1366.989,1448.029,81.04,0.0593,0.84127,1,none,114.587,114.744,0.157,0.0014,1,1,none,103,99,-4,-0.0388,0.54762,1,none,61.94,62.514,0.574,0.0093,0.54762,1,none,0.001,0.001,0,0,0.73373,1,none,490,488,-2,-0.0041,0.75257,1,none
c12a8cd037f562d07c96d1df8a6b74bd06d3069b,2026-09-26T11:19:00+02:00,5feb2172d5291e664c9240e9ec4a33ef47f8c37d,ok,0,0,0,,2917678,none,1380.108,1422.145,42.037,0.0305,0.69048,1,none,117.573,113.721,-3.852,-0.0328,0.09524,0.99666,none,104,101,-3,-0.0288,0.69048,1,none,59.701,60.749,1.048,0.0176,0.69048,1,none,0.001,0.001,0,0,0.40648,1,none,487,488,1,0.0021,0.67329,1,none
c10499eebb6267f24c056a03c5daf436aada0446,2026-09-26T12:38:23+02:00,c12a8cd037f562d07c96d1df8a6b74bd06d3069b,ok,0,0,0,,2918447,none,1331.317,1348.123,16.806,0.0126,0.54762,1,none,115.544,117.887,2.343,0.0203,0.30952,0.99666,none,100,127,27,0.27,0.22222,1,none,67.95,61.708,-6.242,-0.0919,0.84127,1,none,0.001,0.001,0,-0.0033,0.90807,1,none,471,488,17,0.0361,1,1,none
afed9e6e27dd1cd5cc52857a405f7bea5312d813,2026-09-26T22:38:03Z,d29d864884782305950122439f54f8dbb5c1bcb0,ok,0,0,0,,2920452,none,1310.014,1347.995,37.982,0.029,1,1,none,116.032,118.233,2.201,0.019,0.84127,0.99666,none,96,102,6,0.0625,0.34574,1,none,45.462,45.847,0.385,0.0085,0.84127,1,none,0.001,0.001,0,0.0498,0.27332,1,none,473,474,1,0.0021,0.67329,1,none
f3d99c42e905706c1899bd887cfec59f2e92f425,2026-09-26T23:00:28+02:00,f3d99c42e905706c1899bd887cfec59f2e92f425,identical_build,1,1,0,,2919052,none,1414.126,1412.006,-2.12,-0.0015,0.69048,1,none,117.023,117.8,0.777,0.0066,0.84127,0.99666,none,106,113,7,0.066,0.30952,1,none,62.076,58.03,-4.046,-0.0652,0.30952,1,none,0.001,0.001,0,0,1,1,none,487,486,-1,-0.0021,1,1,none
f3d99c42e905706c1899bd887cfec59f2e92f425,2026-09-26T23:00:28+02:00,c10499eebb6267f24c056a03c5daf436aada0446,ok,0,0,1,,2919052,none,1348.737,1334.356,-14.381,-0.0107,0.87019,1,none,116.383,117.004,0.621,0.0053,0.13697,0.99666,none,111,105,-6,-0.0541,0.44277,1,none,54.923,63.229,8.306,0.1512,0.30459,1,none,0.001,0.001,0,0,0.27422,1,none,484,473,-11,-0.0227,0.55978,1,none
d29d864884782305950122439f54f8dbb5c1bcb0,2026-09-27T00:18:02+02:00,f3d99c42e905706c1899bd887cfec59f2e92f425,ok,0,0,0,,2920496,none,1462.681,1434.63,-28.051,-0.0192,0.54762,1,none,117.196,118.314,1.118,0.0095,0.84127,0.99666,none,103,108,5,0.0485,0.42063,1,none,69.221,62.221,-7,-0.1011,0.22222,1,none,0.001,0.001,0,0.0033,0.73991,1,none,486,487,1,0.0021,1,1,none
974f054bafad6787e7eb1c781e12df4b93372405,2026-09-27T07:49:24Z,afed9e6e27dd1cd5cc52857a405f7bea5312d813,ok,0,0,0,,2920496,none,1423.128,1408.962,-14.166,-0.01,0.42063,1,none,117.966,118.436,0.47,0.004,1,1,none,105,108,3,0.0286,1,1,none,58.449,65.577,7.128,0.122,0.54762,1,none,0.001,0.001,0,0,0.40648,1,none,488,488,0,0,0.91553,1,none
84e3f5a40c5fac43cb8b28161b9c239d9e857061,2026-09-27T09:01:38Z,974f054bafad6787e7eb1c781e12df4b93372405,ok,0,0,1,,2920464,none,1403.9,1364.727,-39.173,-0.0279,0.21686,1,none,118.131,117.792,-0.339,-0.0029,0.80633,0.99666,none,108,98,-10,-0.0926,0.28047,1,none,59.657,64.351,4.694,0.0787,0.36688,1,none,0.001,0.001,0,0,0.75833,1,none,487,487,0,0,0.86773,1,none
74423812ec597e0e33cbe5032011fead2312e7b4,2026-09-27T18:45:39+02:00,84e3f5a40c5fac43cb8b28161b9c239d9e857061,ok,0,0,0,,2920484,none,1381.165,1340.8,-40.365,-0.0292,0.84127,1,none,116.587,120.017,3.43,0.0294,0.05556,0.99666,none,99,108,9,0.0909,0.42063,1,none,67.211,60.924,-6.287,-0.0935,0.03175,0.80519,none,0.001,0.001,0,0,1,1,none,471,490,19,0.0403,0.91418,1,none
02fc9f35057ba2b700aaa1915e66b74725b973a1,2026-09-27T19:47:29+02:00,74423812ec597e0e33cbe5032011fead2312e7b4,ok,0,0,0,,2920522,none,1397.148,1388.686,-8.462,-0.0061,1,1,none,113.712,116.848,3.136,0.0276,0.42063,0.99666,none,107,121,14,0.1308,0.22222,1,none,72.167,73.006,0.839,0.0116,0.54762,1,none,0.001,0.001,0,0.0033,0.5637,1,none,487,489,2,0.0041,0.83353,1,none
2d3707b816100ee2734bae2b9efc3f7641ab427b,2026-09-28T09:17:05Z,834e5af631efcde85450b13dd0c926ae7ea450ef,ok,0,0,0,,2920603,none,1414.743,1381.404,-33.339,-0.0236,0.84127,1,none,117.736,119.617,1.881,0.016,0.42063,0.99666,none,98,85,-13,-0.1327,0.52836,1,none,65.078,64.991,-0.087,-0.0013,0.84127,1,none,0.001,0.001,0,0,0.23304,1,none,472,488,16,0.0339,0.20026,1,none
834e5af631efcde85450b13dd0c926ae7ea450ef,2026-09-28T10:14:30+02:00,02fc9f35057ba2b700aaa1915e66b74725b973a1,ok,0,0,0,,2920518,none,1296.062,1222.948,-73.114,-0.0564,0.54762,1,none,117.808,117.092,-0.716,-0.0061,0.30952,0.99666,none,86,97,11,0.1279,0.84127,1,none,68.245,69.022,0.777,0.0114,0.84127,1,none,0.001,0.001,0,0,1,1,none,471,477,6,0.0127,0.24332,1,none
3d056dbc8a552cf4e66a65e60da93e8e950bde27,2026-09-28T21:06:41+02:00,2d3707b816100ee2734bae2b9efc3f7641ab427b,ok,0,0,0,,2921703,none,1331.474,1376.686,45.212,0.034,0.22222,1,none,117.775,117.859,0.084,0.0007,0.69048,0.99666,none,101,104,3,0.0297,0.69048,1,none,64.577,65.442,0.865,0.0134,0.42063,1,none,0.001,0.001,0,-0.0033,0.27034,1,none,474,487,13,0.0274,0.69048,1,none
