sha,date,base_sha,status,aa,self_aa,extended,mutation,js_gzip,label,lcp_base,lcp_head,lcp_delta,lcp_rel,lcp_p,lcp_q,lcp_label,inp_base,inp_head,inp_delta,inp_rel,inp_p,inp_q,inp_label,tbt_base,tbt_head,tbt_delta,tbt_rel,tbt_p,tbt_q,tbt_label,tbtFlow_base,tbtFlow_head,tbtFlow_delta,tbtFlow_rel,tbtFlow_p,tbtFlow_q,tbtFlow_label,cls_base,cls_head,cls_delta,cls_rel,cls_p,cls_q,cls_label,lcpObs_base,lcpObs_head,lcpObs_delta,lcpObs_rel,lcpObs_p,lcpObs_q,lcpObs_label
bfa3a8a788e4dfd40a0d339dfc4dfc9964ed8f45,2022-04-01T14:35:12+05:30,3932e3f8f039e43e3263fc0adeeb95c6d2a521c6,ok,0,0,1,,424154,regression,2427.756,1962.606,-465.151,-0.1916,0,0.00004,improvement,355.292,369.521,14.229,0.04,0.09753,0.64412,none,308.6,373.396,64.796,0.21,0.001,0.01769,regression,9838.72,10196.373,357.653,0.0364,0.18727,0.72542,none,0,0,0,-0.3971,0.00138,0.03555,none,1895,1637,-258,-0.1361,0.0027,0.15347,none
02d33d1d15d42efce9b7f10a5f6fe686df7b3013,2022-04-09T15:10:30+02:00,bfa3a8a788e4dfd40a0d339dfc4dfc9964ed8f45,ok,0,0,0,,424221,none,1958.706,1957.402,-1.304,-0.0007,0.42063,0.85943,none,370.152,366.2,-3.952,-0.0107,0.84127,1,none,409.865,366.312,-43.553,-0.1063,0.30952,0.91567,none,9942.812,9964.563,21.751,0.0022,0.84127,0.9955,none,0,0,0,0,1,1,none,1639,1688,49,0.0299,0.84127,1,none
d31c6547047ca49fbefba7af2a24ec73401f9ab9,2022-04-10T21:18:33+05:30,02d33d1d15d42efce9b7f10a5f6fe686df7b3013,ok,0,0,0,,428200,none,1966.955,1968.66,1.705,0.0009,1,1,none,375.399,373.082,-2.317,-0.0062,1,1,none,330.434,407.087,76.652,0.232,0.69048,0.98048,none,10160.184,10244.93,84.746,0.0083,0.69048,0.99038,none,0,0,0,0,1,1,none,1631,1654,23,0.0141,0.69048,0.95656,none
fc18174abccfaa294b8b0395c9183a4d88a8d4f7,2022-04-15T13:42:57+05:30,d31c6547047ca49fbefba7af2a24ec73401f9ab9,ok,0,0,0,,428207,none,1968.623,1968.064,-0.559,-0.0003,0.69048,0.96125,none,369.427,372.215,2.788,0.0075,1,1,none,337.435,346.953,9.518,0.0282,0.22222,0.91567,none,9875.808,9848.529,-27.279,-0.0028,1,1,none,0,0,0,0,1,1,none,1630,1653,23,0.0141,0.7533,0.99362,none
7c6dd2dd2d40d6698d7aecad8d0e6abcc3f4f31d,2022-04-19T13:30:31-07:00,fc18174abccfaa294b8b0395c9183a4d88a8d4f7,ok,0,0,0,,428289,none,1974.48,1961.446,-13.034,-0.0066,0.15079,0.58665,none,367.923,367.225,-0.698,-0.0019,0.84127,1,none,406.758,411.352,4.594,0.0113,1,1,none,9752.105,9945.113,193.008,0.0198,0.84127,0.9955,none,0,0,0,0,1,1,none,1685,1621,-64,-0.038,0.05556,0.57712,none
cdbcaa004583d0059278be418aa0e2c7bb7fc0f9,2022-04-22T12:40:30+05:30,7c6dd2dd2d40d6698d7aecad8d0e6abcc3f4f31d,ok,0,0,0,,428289,none,1970.067,1960.527,-9.54,-0.0048,0.42063,0.85943,none,355.624,365.973,10.349,0.0291,0.69048,0.99541,none,412.415,351.603,-60.812,-0.1475,0.69048,0.98048,none,9533.933,9967.829,433.896,0.0455,0.42063,0.87197,none,0,0,0,0,1,1,none,1749,1651,-98,-0.056,0.42063,0.86565,none
b5bd432509c7ad650610e332c2db6c3e27d9ad1e,2022-04-22T13:17:39+05:30,cdbcaa004583d0059278be418aa0e2c7bb7fc0f9,ok,0,0,1,,429024,none,1964.463,1964.119,-0.344,-0.0002,0.59488,0.96125,none,355.158,384.305,29.147,0.0821,0.00048,0.0097,none,356.023,331.129,-24.894,-0.0699,0.43629,0.95312,none,9606.566,10516.035,909.469,0.0947,0,0.00004,none,0,0,0,0,1,1,none,1647,1636,-11,-0.0067,0.27159,0.86565,none
02f0c8d8bdc1a5d7247e4925546fc25a212baf40,2022-05-09T12:35:16+05:30,b5bd432509c7ad650610e332c2db6c3e27d9ad1e,ok,0,0,0,,428808,none,1968.416,1974.818,6.402,0.0033,0.42063,0.85943,none,366.602,382.368,15.766,0.043,0.42063,0.97122,none,347.05,375.932,28.882,0.0832,0.30952,0.91567,none,10299.448,10228.539,-70.909,-0.0069,0.84127,0.9955,none,0,0,0,0,0.42371,1,none,1653,1700,47,0.0284,0.54762,0.92574,none
c15a0eb4833777d8379769c0477772a4fc97ea74,2022-05-13T16:56:08+05:30,02f0c8d8bdc1a5d7247e4925546fc25a212baf40,ok,0,0,0,,429573,none,1960.062,1964.156,4.095,0.0021,0.69048,0.96125,none,368.936,365.023,-3.913,-0.0106,0.84127,1,none,374.865,343.459,-31.406,-0.0838,0.22222,0.91567,none,10247.943,10047.582,-200.361,-0.0196,0.30952,0.79193,none,0,0,0,0,1,1,none,1667,1660,-7,-0.0042,0.2948,0.86565,none
a5563892fd7b7ac0b5c5533caffbd5cbe38611f9,2022-05-27T15:13:46+05:30,c15a0eb4833777d8379769c0477772a4fc97ea74,ok,0,0,0,,429587,none,1965.532,1962.705,-2.827,-0.0014,0.69048,0.96125,none,375.992,370.171,-5.821,-0.0155,0.30952,0.91567,none,335.713,401.037,65.324,0.1946,0.42063,0.94063,none,10289.388,9919.711,-369.677,-0.0359,0.30952,0.79193,none,0,0,0,0,1,1,none,1682,1651,-31,-0.0184,0.42063,0.86565,none
433be80d09f4fcbd24cbbb9f643a33ea52801de4,2022-05-27T15:59:19+05:30,a5563892fd7b7ac0b5c5533caffbd5cbe38611f9,ok,0,0,0,,429878,none,1958.533,1967.365,8.832,0.0045,0.69048,0.96125,none,363.026,368.522,5.496,0.0151,0.54762,0.9906,none,342.229,363.454,21.225,0.062,0.42063,0.94063,none,9855.957,10042.723,186.766,0.0189,1,1,none,0,0,0,0,1,1,none,1679,1641,-38,-0.0226,0.15079,0.73837,none
b78322321a1271a4d042c15afe403f79664ecf56,2022-06-02T13:23:35+05:30,433be80d09f4fcbd24cbbb9f643a33ea52801de4,ok,0,0,1,,429896,none,1964.219,1965.853,1.635,0.0008,0.96742,1,none,373.413,373.677,0.264,0.0007,0.5393,0.9906,none,358.85,372.05,13.2,0.0368,0.7437,0.98321,none,9969.434,10094.941,125.507,0.0126,0.56677,0.96386,none,0,0,0,1.2914,0,0.00002,none,1677,1647,-30,-0.0179,0.33987,0.86565,none
0eb8ba87fd4965d279c937f3c8c3ac3357261317,2022-06-08T14:17:02+05:30,b78322321a1271a4d042c15afe403f79664ecf56,ok,0,0,0,,429907,none,1971.702,1951.983,-19.719,-0.01,0.42063,0.85943,none,377.678,371.582,-6.096,-0.0161,1,1,none,353.524,377.69,24.166,0.0684,0.84127,0.98321,none,10319.33,10140.905,-178.425,-0.0173,0.54762,0.94257,none,0,0,0,0.1912,0.20402,1,none,1654,1663,9,0.0054,0.42063,0.86565,none
9765dfb41a0406028a8281565905d5c90510e76c,2022-06-12T23:49:57+05:30,0eb8ba87fd4965d279c937f3c8c3ac3357261317,ok,0,0,0,,429911,none,1975.928,1964.212,-11.716,-0.0059,0.22222,0.70911,none,375.057,379.451,4.394,0.0117,0.54762,0.9906,none,333.235,341.182,7.947,0.0238,0.69048,0.98048,none,10595.872,10586.4,-9.472,-0.0009,0.69048,0.99038,none,0,0,0,0,0.42371,1,none,1695,1613,-82,-0.0484,0.30952,0.86565,none
a367bf6499743a316a67786091aa1aa3c6fc4c30,2022-06-16T11:16:01+05:30,a367bf6499743a316a67786091aa1aa3c6fc4c30,identical_build,1,1,0,,448901,none,2011.84,2009.099,-2.741,-0.0014,0.54762,0.92574,none,368.822,380.681,11.859,0.0322,0.54762,0.9906,none,353.098,338.29,-14.808,-0.0419,0.84127,0.98321,none,10533.756,10524.723,-9.033,-0.0009,0.84127,0.9955,none,0,0,0,0,0.69854,1,none,1913,1731,-182,-0.0951,0.84127,1,none
a367bf6499743a316a67786091aa1aa3c6fc4c30,2022-06-16T11:16:01+05:30,9765dfb41a0406028a8281565905d5c90510e76c,ok,0,0,0,,448901,none,1976.005,2020.406,44.401,0.0225,0.01587,0.16092,none,378.027,394.353,16.326,0.0432,0.15079,0.67977,none,343.801,364.765,20.964,0.061,0.30952,0.91567,none,10621.014,10677.398,56.384,0.0053,1,1,none,0,0,0,0,0.79717,1,none,1652,1761,109,0.066,0.30952,0.86565,none
66a75e72ead77322b7252d864ad37008a4e91c8b,2022-06-19T19:04:31+05:30,a367bf6499743a316a67786091aa1aa3c6fc4c30,ok,0,0,1,,449342,none,2011.996,2014.271,2.275,0.0011,0.90246,1,none,377.987,369.256,-8.731,-0.0231,0.90246,1,none,378.803,353.566,-25.237,-0.0666,0.24956,0.91567,none,10400.46,10395.37,-5.09,-0.0005,0.90246,1,none,0,0,0,0,0.95706,1,none,1685,1661,-24,-0.0142,0.49368,0.92574,none
a4e10b936b76e019ca1b84674ec7104b3432afc9,2022-06-24T00:18:12+05:30,66a75e72ead77322b7252d864ad37008a4e91c8b,ok,0,0,0,,449489,none,1994.172,1999.202,5.03,0.0025,0.42063,0.85943,none,384.232,378.519,-5.713,-0.0149,0.54762,0.9906,none,363.789,341.244,-22.545,-0.062,0.84127,0.98321,none,10985.811,10871.933,-113.878,-0.0104,0.84127,0.9955,none,0,0,0,0,1,1,none,1655,1656,1,0.0006,1,1,none
19b1ca9b2ea1b7e517b7c274d051f5140dd8b77a,2022-06-24T14:27:45+05:30,a4e10b936b76e019ca1b84674ec7104b3432afc9,ok,0,0,0,,449479,none,1997.375,1994.175,-3.199,-0.0016,0.84127,0.99137,none,387.011,381.407,-5.604,-0.0145,0.42063,0.97122,none,357.708,334.749,-22.959,-0.0642,0.30952,0.91567,none,11311.021,10880.158,-430.863,-0.0381,0.15079,0.72542,none,0,0,0,0.1912,0.15028,1,none,1647,1625,-22,-0.0134,0.54762,0.92574,none
ac7cfbd286fbc9548302c2395fa1ca81491bdd53,2022-06-27T20:22:13+05:30,19b1ca9b2ea1b7e517b7c274d051f5140dd8b77a,ok,0,0,0,,449484,none,1996.882,1990.196,-6.687,-0.0033,0.30952,0.79913,none,378.157,380.51,2.353,0.0062,1,1,none,355.87,332.632,-23.238,-0.0653,0.22222,0.91567,none,10740.179,10865.425,125.246,0.0117,1,1,none,0,0,0,0,1,1,none,1656,1686,30,0.0181,0.54762,0.92574,none
ddc1291d1bb4a9ef29016863881e1e4aa3e08a5d,2022-06-29T00:39:15+05:30,ac7cfbd286fbc9548302c2395fa1ca81491bdd53,ok,0,0,0,,449516,none,1986.237,1987.238,1.001,0.0005,0.84127,0.99137,none,385.334,383.033,-2.301,-0.006,1,1,none,343.256,358.995,15.739,0.0459,0.69048,0.98048,none,11003.306,10827.857,-175.449,-0.0159,0.42063,0.87197,none,0,0,0,0,0.17702,1,none,1699,1623,-76,-0.0447,0.05556,0.57712,none
2cff54b33d336571d333d6376c65d5e20524448d,2022-06-30T09:24:36+05:30,ddc1291d1bb4a9ef29016863881e1e4aa3e08a5d,ok,0,0,1,,450806,regression,1990.569,2466.826,476.257,0.2393,0,0,regression,387.9,375.054,-12.846,-0.0331,0.10645,0.67977,none,329.004,217.226,-111.778,-0.3397,0,0,improvement,10984.448,10794.303,-190.145,-0.0173,0.13697,0.72542,none,0,0,0,0,0.22426,1,none,1697,1818,121,0.0713,0.00581,0.2254,none
0b89c8d7e88376da9872d117b0fb4da889c6f4e9,2022-07-06T11:08:14+05:30,2cff54b33d336571d333d6376c65d5e20524448d,ok,0,0,1,,411468,none,2469.615,2414.038,-55.577,-0.0225,0.04533,0.34797,none,377.323,384.948,7.625,0.0202,0.16069,0.70207,none,186.06,228.985,42.925,0.2307,0.83813,0.98321,none,10880.565,10995.565,115,0.0106,0.51249,0.94257,none,0,0,0,0,0.07775,0.76138,none,1782,1814,32,0.018,0.75571,0.99362,none
57df1cfac103aa5bf6720d389daa9098e9ecd19e,2022-07-08T18:05:44+05:30,0b89c8d7e88376da9872d117b0fb4da889c6f4e9,ok,0,0,1,,411463,regression,2503.177,1993.372,-509.805,-0.2037,0,0.00005,improvement,459.321,419.828,-39.493,-0.086,0.09753,0.64412,none,189.792,399.55,209.758,1.1052,0,0.00003,regression,12877.428,11898.33,-979.098,-0.076,0.08143,0.68017,none,0,0,0,-0.0424,0.35122,1,none,1890,1889,-1,-0.0005,0.5393,0.92574,none
91c3564477c03f829695242df76fcc3e1613ab78,2022-07-09T10:18:16+05:30,57df1cfac103aa5bf6720d389daa9098e9ecd19e,ok,0,0,0,,411469,none,2144.298,2150.577,6.279,0.0029,0.69048,0.96125,none,554.61,491.258,-63.352,-0.1142,0.84127,1,none,310.286,386.784,76.498,0.2465,0.42063,0.94063,none,13531.298,14506.128,974.83,0.072,0.42063,0.87197,none,0,0,0,0.0173,0.67137,1,none,1905,1672,-233,-0.1223,0.69048,0.95656,none
cc8111fdb7fab383238b5e900ecc69cc0773bae4,2022-07-13T01:16:19+05:30,91c3564477c03f829695242df76fcc3e1613ab78,ok,0,0,0,,411472,none,2154.694,2474.691,319.997,0.1485,0.42063,0.85943,none,360.982,372.543,11.561,0.032,1,1,none,353.478,259.429,-94.049,-0.2661,0.42063,0.94063,none,9616.031,9885.016,268.985,0.028,0.84127,0.9955,none,0,0,0,0.0003,0.65131,1,none,1453,1254,-199,-0.137,0.09524,0.67619,none
8d8386fabe5f5d2db29974842befe16e0e2f61a3,2022-07-17T15:48:00+05:30,cc8111fdb7fab383238b5e900ecc69cc0773bae4,ok,0,0,0,,411596,none,2559.69,2547.565,-12.125,-0.0047,1,1,none,389.17,405.001,15.831,0.0407,1,1,none,238.606,212.753,-25.853,-0.1084,0.84127,0.98321,none,11456.247,11607.441,151.194,0.0132,0.84127,0.9955,none,0,0,0,-0.0539,0.91363,1,none,1237,1445,208,0.1681,0.52962,0.92574,none
70a5a6ec25e054b20c2fe59a9839de6267da2819,2022-07-22T18:18:24+05:30,8d8386fabe5f5d2db29974842befe16e0e2f61a3,ok,0,0,1,,411248,improvement,2554.683,2621.814,67.132,0.0263,0.65287,0.96125,none,544.081,572.776,28.695,0.0527,0.7437,1,none,417.957,237.008,-180.949,-0.4329,0,0.00007,improvement,15415.757,15961.684,545.927,0.0354,0.04533,0.42916,none,0,0,0,0,0.51151,1,none,1356,1436,80,0.059,0.39511,0.86565,none
2b5ddb989163ef9bc6c3429a5f20e28360124a88,2022-08-12T11:49:59+05:30,70a5a6ec25e054b20c2fe59a9839de6267da2819,ok,0,0,1,,411322,none,2282.438,2704.873,422.435,0.1851,0.00864,0.0944,none,650.591,592.877,-57.714,-0.0887,0.21686,0.79887,none,266.84,218.175,-48.664,-0.1824,0.21686,0.91567,none,18379.291,18532.665,153.374,0.0083,0.87019,1,none,0,0,0,0,0.50573,1,none,1415,1384,-31,-0.0219,0.29009,0.86565,none
69dff7ea08c0c021909a959d02081194710e56d8,2022-08-12T15:25:08+05:30,2b5ddb989163ef9bc6c3429a5f20e28360124a88,ok,0,0,0,,411911,none,2374.897,2700.513,325.616,0.1371,1,1,none,550.472,540.281,-10.191,-0.0185,0.84127,1,none,344.471,248.522,-95.949,-0.2785,0.84127,0.98321,none,16825.815,16777.386,-48.429,-0.0029,0.69048,0.99038,none,0,0,0,0,0.38555,1,none,1387,1447,60,0.0433,1,1,none
63e978576cf0de765ff73f1eac06a0fe49dfe9b3,2022-08-16T00:50:54+05:30,69dff7ea08c0c021909a959d02081194710e56d8,ok,0,0,1,,420587,improvement,2715.28,2296.331,-418.949,-0.1543,0.71297,0.98292,none,571.082,243.127,-327.955,-0.5743,0,0,improvement,251.914,390.053,138.139,0.5484,0.28544,0.91567,none,17919.994,1018.045,-16901.949,-0.9432,0,0,improvement,0,0,0,0.0262,0.20512,1,none,1380,1428,48,0.0348,0.18436,0.82578,none
1290a07ddb34c39c069ea624d7cabced6a580741,2022-08-16T11:46:01+05:30,63e978576cf0de765ff73f1eac06a0fe49dfe9b3,ok,0,0,1,,420731,none,2344.35,2277.263,-67.086,-0.0286,0.51249,0.92574,none,240.35,250.68,10.33,0.043,0.56677,0.99541,none,235.12,285.76,50.639,0.2154,0.28544,0.91567,none,1060.927,1086.496,25.569,0.0241,0.93489,1,none,0,0,0,0,0.42835,1,none,1300,1329,29,0.0223,0.5614,0.94342,none
1becc7183d07aa8e96ee492993c3349e3965dc1f,2022-08-18T00:08:08+05:30,1290a07ddb34c39c069ea624d7cabced6a580741,ok,0,0,0,,422696,none,2259.862,2759.628,499.766,0.2211,0.15079,0.58665,none,202.467,204.656,2.189,0.0108,0.84127,1,none,191.123,309.079,117.956,0.6172,0.30952,0.91567,none,992.612,862.197,-130.415,-0.1314,0.54762,0.94257,none,0,0,0,0,0.07642,0.76138,none,1280,1188,-92,-0.0719,0.54762,0.92574,none
69349ba3f4a5b4f306980073803c8fa2c40f1399,2022-08-18T12:47:26+05:30,1becc7183d07aa8e96ee492993c3349e3965dc1f,ok,0,0,0,,422717,none,2787.022,2277.613,-509.409,-0.1828,0.22222,0.70911,none,198.034,219.354,21.32,0.1077,0.42063,0.97122,none,344.012,504.794,160.782,0.4674,0.69048,0.98048,none,887.516,894.148,6.632,0.0075,1,1,none,0,0,0,0,1,1,none,1280,1281,1,0.0008,0.42063,0.86565,none
df01b89342d2d7fb9ee0d6b7e11e5bf1459052fb,2022-08-23T21:09:59+05:30,69349ba3f4a5b4f306980073803c8fa2c40f1399,ok,0,0,0,,422901,none,2757.368,2814.625,57.257,0.0208,0.22222,0.70911,none,213.301,207.802,-5.499,-0.0258,0.54762,0.9906,none,342.375,313.078,-29.297,-0.0856,0.42063,0.94063,none,871.258,826.525,-44.733,-0.0513,0.15079,0.72542,none,0,0,0,0,1,1,none,1264,1253,-11,-0.0087,0.84127,1,none
9395c1f15477b1f9135c6061577e265e46e6907c,2022-08-25T10:07:29+05:30,df01b89342d2d7fb9ee0d6b7e11e5bf1459052fb,ok,0,0,0,,422902,none,2778.431,2378.283,-400.147,-0.144,0.42063,0.85943,none,198.253,206.333,8.08,0.0408,0.42063,0.97122,none,448.872,622.323,173.451,0.3864,0.84127,0.98321,none,902.15,869.417,-32.733,-0.0363,0.54762,0.94257,none,0,0,0,0,1,1,none,1337,1377,40,0.0299,0.42063,0.86565,none
9e02aaf962279e461ac18c3534b9f5d4b125b4e4,2022-08-27T13:32:34+05:30,9395c1f15477b1f9135c6061577e265e46e6907c,ok,0,0,0,,423887,none,2716.101,2402.527,-313.573,-0.1154,0.42063,0.85943,none,167.58,212.023,44.443,0.2652,0.54762,0.9906,none,364.462,503.769,139.307,0.3822,0.42063,0.94063,none,775.646,979.929,204.283,0.2634,0.15079,0.72542,none,0,0,0,0,0.51655,1,none,1192,1241,49,0.0411,0.67517,0.95656,none
63869b8d1183e70a386766cd6715a93e9dfa5667,2022-09-02T17:14:51+05:30,9e02aaf962279e461ac18c3534b9f5d4b125b4e4,ok,0,0,0,,423937,none,2384.29,2339.899,-44.39,-0.0186,0.69048,0.96125,none,200.333,190.258,-10.075,-0.0503,0.22222,0.79887,none,409.94,367.552,-42.388,-0.1034,1,1,none,855.047,865.204,10.157,0.0119,0.54762,0.94257,none,0,0,0,0,1,1,none,1240,1211,-29,-0.0234,0.54762,0.92574,none
e8ba2f1e6d580192e2c2de0acc30896004e0904b,2022-09-02T23:50:17+05:30,63869b8d1183e70a386766cd6715a93e9dfa5667,ok,0,0,0,,425620,none,2811.022,2313.739,-497.283,-0.1769,0.15079,0.58665,none,196.942,180.807,-16.135,-0.0819,1,1,none,508.346,410.505,-97.841,-0.1925,0.84127,0.98321,none,877.396,720.364,-157.032,-0.179,0.54762,0.94257,none,0,0,0,0,0.48018,1,none,1272,1220,-52,-0.0409,0.42063,0.86565,none
be42ce5f7f3412e0f564938a036c5c09dac28a7b,2022-09-09T10:51:52+05:30,e8ba2f1e6d580192e2c2de0acc30896004e0904b,ok,0,0,1,,425142,none,2746.162,2761.265,15.103,0.0055,0.78326,0.99137,none,202.655,143.591,-59.064,-0.2915,0.09108,0.64412,none,427.272,278.997,-148.275,-0.347,0.01372,0.17712,none,876.083,684.343,-191.74,-0.2189,0.10611,0.72542,none,0,0,0,-0.0949,0.32652,1,none,1267,1154,-113,-0.0892,0.0906,0.67619,none
0d13a451debdc550c667a7a33db8d194ed508923,2022-09-09T13:10:48Z,be42ce5f7f3412e0f564938a036c5c09dac28a7b,ok,0,0,0,,425146,none,2859.215,2823.435,-35.781,-0.0125,0.8,0.99137,none,254.34,244.595,-9.745,-0.0383,1,1,none,364.143,377.179,13.036,0.0358,1,1,none,1131.696,1137.439,5.743,0.0051,0.8,0.9955,none,0,0,0,-0.2228,1,1,none,1249,1222.5,-26.5,-0.0212,0.4,0.86565,none
fa634ad25ac497fc39c903050ff26d850ea1b603,2022-09-09T13:16:21Z,fa634ad25ac497fc39c903050ff26d850ea1b603,identical_build,1,1,0,,425138,,,,,,,,,,,,,,,,,,,,,,,,,,,,,,,,,,,,,,,,,,,
fa634ad25ac497fc39c903050ff26d850ea1b603,2022-09-09T13:16:21Z,0d13a451debdc550c667a7a33db8d194ed508923,ok,0,0,0,,425138,,,,,,,,,,,,,,,,,,,,,,,,,,,,,,,,,,,,,,,,,,,
106d68efd44334d31b153f077c03b736df183687,2022-09-09T19:31:11+05:30,fa634ad25ac497fc39c903050ff26d850ea1b603,ok,0,0,0,,425147,none,2920.909,2864.755,-56.154,-0.0192,0.8,0.99137,none,233.291,186.317,-46.974,-0.2014,0.8,1,none,425.294,336.533,-88.762,-0.2087,0.8,0.98321,none,945.371,896.65,-48.721,-0.0515,0.8,0.9955,none,0,0,0,0,1,1,none,1289,1233,-56,-0.0434,0.4,0.86565,none
77501eee1c9479a7f4fa18298b674f1372e527d1,2022-09-09T19:31:27+05:30,106d68efd44334d31b153f077c03b736df183687,ok,0,0,0,,425143,none,2892.672,2817.621,-75.051,-0.0259,0.66667,0.96125,none,229.917,146.079,-83.837,-0.3646,0.33333,0.95623,none,517.813,320.042,-197.771,-0.3819,0.33333,0.94063,none,969.879,800.688,-169.191,-0.1744,0.33333,0.83776,none,0,0,0,0,1,1,none,1283,1216.5,-66.5,-0.0518,0.66667,0.95656,none
5b34b1921d818f31c8c97b2d5e75dea310133226,2022-09-09T19:32:08+05:30,77501eee1c9479a7f4fa18298b674f1372e527d1,ok,0,0,0,,425139,,,,,,,,,,,,,,,,,,,,,,,,,,,,,,,,,,,,,,,,,,,
c085723530df539ad3c28fde0baf105e6556d0aa,2022-09-09T20:44:35+05:30,5b34b1921d818f31c8c97b2d5e75dea310133226,ok,0,0,0,,425139,none,2969.475,2983.774,14.299,0.0048,0.8,0.99137,none,185.337,267.699,82.362,0.4444,0.13333,0.67977,none,370.984,375.49,4.505,0.0121,1,1,none,817.264,1243.401,426.137,0.5214,0.13333,0.72542,none,0,0,0,0,0.72367,1,none,1212.5,1201.5,-11,-0.0091,0.8,1,none
8ded1dc1cb46729bdf691699ea0669530c3a069a,2022-09-10T14:30:31+05:30,c085723530df539ad3c28fde0baf105e6556d0aa,ok,0,0,0,,425165,none,2996.987,2966.451,-30.536,-0.0102,0.33333,0.84524,none,253.885,262.013,8.129,0.032,1,1,none,404.456,462.246,57.789,0.1429,1,1,none,1138.158,1158.625,20.467,0.018,1,1,none,0,0,0,-0.1277,0.66667,1,none,1266,1235,-31,-0.0245,0.66667,0.95656,none
ca74cc169bf375ba29dd889cbfb746f6cb1a2a18,2022-09-12T10:03:18+05:30,8ded1dc1cb46729bdf691699ea0669530c3a069a,ok,0,0,0,,425132,none,3438.898,3266.459,-172.438,-0.0501,0.66667,0.96125,none,240.501,836.659,596.158,2.4788,0.33333,0.95623,none,1042.191,884.055,-158.136,-0.1517,0.66667,0.98048,none,1948.05,24322.382,22374.332,11.4855,0.33333,0.83776,none,0,0,0,-0.2117,0.61707,1,none,1650.5,1567.5,-83,-0.0503,0.66667,0.95656,none
a7f99c641a38baa982404bfa0bd5165ecd90f936,2022-09-15T12:50:41+05:30,ca74cc169bf375ba29dd889cbfb746f6cb1a2a18,ok,0,0,0,,423642,,,,,,,,,,,,,,,,,,,,,,,,,,,,,,,,,,,,,,,,,,,
743c3f118d791d14c4a5cde1f7dcab793f0547a1,2022-09-18T09:54:58+05:30,a7f99c641a38baa982404bfa0bd5165ecd90f936,ok,0,0,0,,424405,,,,,,,,,,,,,,,,,,,,,,,,,,,,,,,,,,,,,,,,,,,
6f2df5e088f49a55bd64e99715cf5fcdf2f8be6b,2022-09-20T13:32:30+05:30,743c3f118d791d14c4a5cde1f7dcab793f0547a1,ok,0,0,0,,424771,,,,,,,,,,,,,,,,,,,,,,,,,,,,,,,,,,,,,,,,,,,
4c22921e4e621bea6606f9c395d2595692bfd946,2022-10-07T19:13:21+08:00,6f2df5e088f49a55bd64e99715cf5fcdf2f8be6b,ok,0,0,0,,424876,,,,,,,,,,,,,,,,,,,,,,,,,,,,,,,,,,,,,,,,,,,
6b5aa2c2777f0e77f60f77e5f4ecaf45888329c5,2022-10-10T20:58:18+08:00,4c22921e4e621bea6606f9c395d2595692bfd946,ok,0,0,0,,424964,none,2998.044,2879.058,-118.986,-0.0397,0.22857,0.72127,none,590.605,583.932,-6.673,-0.0113,0.85714,1,none,189.185,192.55,3.366,0.0178,1,1,none,17868.75,18477.039,608.289,0.034,1,1,none,0,0,0,0,1,1,none,1281.5,1204,-77.5,-0.0605,0.22857,0.82578,none
cfa60122a60a4f27d5cbbb3bc18a7ab70cbb50d2,2022-10-18T11:52:22+05:30,6b5aa2c2777f0e77f60f77e5f4ecaf45888329c5,ok,0,0,0,,425438,,,,,,,,,,,,,,,,,,,,,,,,,,,,,,,,,,,,,,,,,,,
436a19820e0a6bfc333427abe7f407c2474cb657,2022-11-01T19:23:24+05:30,cfa60122a60a4f27d5cbbb3bc18a7ab70cbb50d2,ok,0,0,0,,425655,none,2946.522,2991.036,44.515,0.0151,0.1,0.568,none,621.138,636.076,14.938,0.024,0.4,0.97122,none,147.984,148.771,0.787,0.0053,0.7,0.98321,none,18008.542,18998.675,990.133,0.055,0.4,0.87197,none,0,0,0,0,0.50498,1,none,1251,1283,32,0.0256,0.4,0.86565,none
f6f75255b99e0f90ace3e5a7671421d0d250d238,2022-11-01T22:02:54+05:30,436a19820e0a6bfc333427abe7f407c2474cb657,ok,0,0,0,,492709,,,,,,,,,,,,,,,,,,,,,,,,,,,,,,,,,,,,,,,,,,,
6f2113f0ccf60d1f955565b884ab239174694518,2022-11-10T00:18:32+05:30,6f2113f0ccf60d1f955565b884ab239174694518,identical_build,1,1,0,,639244,none,2395.276,2365.104,-30.172,-0.0126,1,1,none,103.489,121.127,17.638,0.1704,0.15079,0.67977,none,148.763,112,-36.763,-0.2471,0.42063,0.94063,none,134.363,196.517,62.154,0.4626,0.22222,0.72542,none,0,0,0,0,1,1,none,1166,1182,16,0.0137,1,1,none
6f2113f0ccf60d1f955565b884ab239174694518,2022-11-10T00:18:32+05:30,f6f75255b99e0f90ace3e5a7671421d0d250d238,ok,0,0,1,,639244,improvement,2406.299,2659.139,252.84,0.1051,0.28544,0.79913,none,280.452,255.612,-24.84,-0.0886,0.43629,0.9906,none,441.968,121.793,-320.175,-0.7244,0,0,improvement,6828.985,6332.203,-496.782,-0.0727,0.48636,0.94257,none,0,0,0,0.0654,0.00001,0.00019,none,954,1086,132,0.1384,0.01524,0.322,none
ba56f0837027f216965cf2d5f64dcc91981c26fd,2022-11-15T20:43:45+05:30,6f2113f0ccf60d1f955565b884ab239174694518,ok,0,0,0,,640120,none,2364.027,2315.974,-48.053,-0.0203,0.54762,0.92574,none,111.222,119.167,7.945,0.0714,0.84127,1,none,78.5,152.094,73.594,0.9375,0.54762,0.95413,none,164.122,197.107,32.985,0.201,0.69048,0.99038,none,0,0,0,0,0.17702,1,none,1018,1208,190,0.1866,0.09524,0.67619,none
afeb649833ef775a36afbab6658c718b0d02e8c7,2022-11-17T13:20:15+05:30,ba56f0837027f216965cf2d5f64dcc91981c26fd,ok,0,0,0,,640142,none,2302.581,2290.962,-11.619,-0.005,1,1,none,106.949,104.522,-2.427,-0.0227,0.84127,1,none,87,140.5,53.5,0.6149,0.84127,0.98321,none,149.498,163.231,13.733,0.0919,1,1,none,0,0,0,0,1,1,none,1180,1158,-22,-0.0186,0.30952,0.86565,none
4453a04a0543ae99f5c2b79b3a813e2789ae2189,2022-11-24T22:14:04+05:30,afeb649833ef775a36afbab6658c718b0d02e8c7,ok,0,0,1,,639828,improvement,2639.179,2318.29,-320.889,-0.1216,0.04533,0.34797,none,264.759,109.85,-154.909,-0.5851,0.00119,0.01982,improvement,86.04,140,53.96,0.6272,0.09753,0.81463,none,6588.546,161.336,-6427.21,-0.9755,0.00427,0.07127,none,0,0,0,0,0.16414,1,none,1051,1160,109,0.1037,0.88456,1,none
5b3b0a499ecd0b22c8bff005278782e1a343007f,2022-11-25T14:19:21+05:30,4453a04a0543ae99f5c2b79b3a813e2789ae2189,ok,0,0,0,,640969,none,2315.237,2645.875,330.638,0.1428,0.42063,0.85943,none,113.095,207.025,93.93,0.8305,0.22222,0.79887,none,111.803,85.326,-26.477,-0.2368,0.84127,0.98321,none,150.343,4583.299,4432.956,29.4856,0.22222,0.72542,none,0,0,0,0,1,1,none,1168,1092,-76,-0.0651,0.22222,0.82578,none
347d669c9cffce72df9f89ddf78589dfcf76a2c7,2022-11-30T14:25:43+05:30,5b3b0a499ecd0b22c8bff005278782e1a343007f,ok,0,0,1,,641407,none,2349.977,2314.019,-35.957,-0.0153,0.68267,0.96125,none,118.685,111.214,-7.471,-0.0629,0.7437,1,none,76,89.77,13.77,0.1812,0.65287,0.98048,none,178.123,168.935,-9.188,-0.0516,0.96742,1,none,0,0,0,0,0.67934,1,none,1143,1073,-70,-0.0612,0.9174,1,none
37d96f9a87a722d04adbdfe22a7649227993dea2,2022-12-15T17:31:14+05:30,347d669c9cffce72df9f89ddf78589dfcf76a2c7,ok,0,0,0,,533656,none,2301.1,2252.865,-48.234,-0.021,0.03175,0.26517,none,104.078,105.052,0.974,0.0094,0.84127,1,none,134,122.256,-11.744,-0.0876,1,1,none,144.917,143.901,-1.016,-0.007,0.69048,0.99038,none,0,0,0,0,1,1,none,1153,1131,-22,-0.0191,0.42063,0.86565,none
0812b84487bafe1e1b8a8483f52d82a7c27a7d6f,2022-12-15T17:50:45+05:30,37d96f9a87a722d04adbdfe22a7649227993dea2,ok,0,0,0,,531811,none,2268.151,2256.478,-11.674,-0.0051,0.69048,0.96125,none,108.273,111.217,2.944,0.0272,1,1,none,168.443,187.646,19.203,0.114,1,1,none,140.505,161.403,20.898,0.1487,0.30952,0.79193,none,0,0,0,0.0704,0.63123,1,none,890,838,-52,-0.0584,0.69048,0.95656,none
131dd06cde8da86552d0e2d106768147fb17877b,2023-02-16T21:02:05+05:30,0812b84487bafe1e1b8a8483f52d82a7c27a7d6f,ok,0,0,1,,532457,none,2287.191,2288.185,0.994,0.0004,0.43629,0.87877,none,106.558,107.476,0.918,0.0086,0.59488,0.99541,none,192.142,187.513,-4.629,-0.0241,0.90246,1,none,154.589,153.889,-0.7,-0.0045,0.41238,0.87197,none,0,0,0,0,0.34953,1,none,1134,857,-277,-0.2443,0.19821,0.82578,none
1605536f13198b9490250a32c8edd904cd269a03,2023-02-24T10:51:07+05:30,131dd06cde8da86552d0e2d106768147fb17877b,ok,0,0,1,,965871,regression,2280.936,2319.228,38.292,0.0168,0.2671,0.79913,none,106.718,247,140.282,1.3145,0.0675,0.59903,none,189.97,229.069,39.098,0.2058,0.00316,0.04716,regression,155.725,6295.484,6139.759,39.4269,0.13697,0.72542,none,0,0,0,0.009,0.93233,1,none,862,938,76,0.0882,0.36118,0.86565,none
f6344341efaf14c17eea9907eaa0be3fe503fdef,2023-03-16T00:39:36+05:30,1605536f13198b9490250a32c8edd904cd269a03,ok,0,0,1,,966062,none,2364.431,2288.969,-75.462,-0.0319,0.20168,0.70911,none,250.602,105.458,-145.144,-0.5792,0.38923,0.97122,none,226.585,223.546,-3.04,-0.0134,0.36688,0.94063,none,6254.759,160.354,-6094.405,-0.9744,0.51249,0.94257,none,0,0,0,0.0756,0.00026,0.00726,none,938,942,4,0.0043,0.77135,1,none
db5506077a96fb70bea88dc8485e43425046e67b,2023-04-13T17:30:01+05:30,f6344341efaf14c17eea9907eaa0be3fe503fdef,ok,0,0,1,,958199,none,2313.605,2196.673,-116.932,-0.0505,0.00657,0.0811,none,252.197,101.839,-150.358,-0.5962,0.30459,0.91567,none,226.976,229.05,2.074,0.0091,0.63333,0.98048,none,6209.583,145.585,-6063.998,-0.9766,0.46096,0.91547,none,0,0,0,0.0693,0.07239,0.76138,none,947,1057,110,0.1162,0.02509,0.37498,none
d3f2b81639ca1143c99869d5b980c37ab56c1691,2023-04-13T17:57:14+05:30,db5506077a96fb70bea88dc8485e43425046e67b,ok,0,0,0,,958330,none,2178.361,2326.484,148.123,0.068,0.15079,0.58665,none,108.193,117.153,8.96,0.0828,0.30952,0.91567,none,225.857,240,14.143,0.0626,0.42063,0.94063,none,150.654,120.07,-30.584,-0.203,0.42063,0.87197,none,0,0,0,-0.0006,0.90807,1,none,1057,1080,23,0.0218,0.20869,0.82578,none
6e9453da0eb66c0a8a22582838ae076497e129b9,2023-04-19T18:46:20+05:30,d3f2b81639ca1143c99869d5b980c37ab56c1691,ok,0,0,1,,1898847,regression,2294.434,1971.326,-323.108,-0.1408,0,0,improvement,116.877,113.416,-3.461,-0.0296,0.59488,0.99541,none,217.5,247.577,30.077,0.1383,0.00067,0.01269,regression,119.363,100.673,-18.69,-0.1566,0.05553,0.49306,none,0,0,0,0.0006,0.09302,0.84694,none,1070,944,-126,-0.1178,0.00369,0.17451,none
5348de04b959fd53785b97517305d16dcdb0b83a,2023-04-19T19:49:57+05:30,6e9453da0eb66c0a8a22582838ae076497e129b9,ok,0,0,0,,1898891,none,1975.606,1891.129,-84.477,-0.0428,1,1,none,106.44,112.201,5.761,0.0541,0.05556,0.50896,none,242,263.761,21.761,0.0899,0.15079,0.91567,none,101.688,121.973,20.285,0.1995,0.69048,0.99038,none,0,0,0,0.0006,0.20402,1,none,964,647,-317,-0.3288,0.67517,0.95656,none
0192b86128279cef7489e970b8edbbd0373c62b6,2023-04-20T13:01:38+05:30,0192b86128279cef7489e970b8edbbd0373c62b6,identical_build,1,1,0,,2049315,none,2128.477,2117.776,-10.7,-0.005,0.42063,0.85943,none,262.052,273.367,11.315,0.0432,0.15079,0.67977,none,258,262.5,4.5,0.0174,0.69048,0.98048,none,6548.319,6519.642,-28.677,-0.0044,1,1,none,0,0,0,0,0.17702,1,none,794,806,12,0.0151,1,1,none
0192b86128279cef7489e970b8edbbd0373c62b6,2023-04-20T13:01:38+05:30,5348de04b959fd53785b97517305d16dcdb0b83a,ok,0,0,1,,2049315,regression,1969.83,2240.676,270.846,0.1375,0,0,regression,108.3,271.826,163.526,1.5099,0.00196,0.03097,regression,276.477,241.613,-34.864,-0.1261,0.28544,0.91567,none,113.345,6515.55,6402.205,56.4842,0.00022,0.00436,regression,0,0,0,-0.0006,0.00167,0.03951,none,948,1082,134,0.1414,0.00793,0.2254,none
94f8f5087fea1c65be30921d48efc9278c5e0a24,2023-04-30T22:13:52+05:30,0192b86128279cef7489e970b8edbbd0373c62b6,ok,0,0,0,,2048556,none,2131.539,2129.22,-2.319,-0.0011,0.69048,0.96125,none,273.803,268.179,-5.624,-0.0205,1,1,none,254.691,263,8.309,0.0326,1,1,none,6426.667,6533.321,106.654,0.0166,0.15079,0.72542,none,0,0,0,0,1,1,none,820,803,-17,-0.0207,1,1,none
ea13b2a54f999eb811407a1a40a46b936a738297,2023-05-01T12:01:23+05:30,94f8f5087fea1c65be30921d48efc9278c5e0a24,ok,0,0,0,,2048568,none,2250.572,2095.38,-155.193,-0.069,0.42063,0.85943,none,268.612,271.812,3.2,0.0119,0.09524,0.64412,none,234.549,245.361,10.812,0.0461,0.30952,0.91567,none,6492.761,6566.365,73.604,0.0113,0.30952,0.79193,none,0,0,0,0,1,1,none,1074,794,-280,-0.2607,0.84127,1,none
9a46b199cfab7624a8da46af39e55aa0fe9790eb,2023-05-17T00:43:30+05:30,ea13b2a54f999eb811407a1a40a46b936a738297,ok,0,0,0,,2064837,none,2256.937,2253.549,-3.388,-0.0015,1,1,none,266.137,268.679,2.542,0.0096,0.69048,0.99541,none,235.496,249.926,14.43,0.0613,0.03175,0.37566,none,6590.563,6510.797,-79.766,-0.0121,0.22222,0.72542,none,0,0,0,0,0.42371,1,none,1103,1073,-30,-0.0272,0.40053,0.86565,none
38ca72ce84cf80f0f351ba7d6acd8e6ef1df725f,2023-06-02T18:38:14+05:30,9a46b199cfab7624a8da46af39e55aa0fe9790eb,ok,0,0,0,,2085880,none,2209.931,2150.27,-59.661,-0.027,1,1,none,264.57,274.18,9.61,0.0363,0.05556,0.50896,none,245.284,257.156,11.872,0.0484,1,1,none,6561.084,6693.725,132.641,0.0202,0.03175,0.33392,none,0,0,0,0,1,1,none,1081,794,-287,-0.2655,0.46334,0.89517,none
bb98ba3456a95a65b6f17fcd9e6a3ff02db76cad,2023-06-03T15:59:18+05:30,38ca72ce84cf80f0f351ba7d6acd8e6ef1df725f,ok,0,0,1,,2086230,regression,2248.209,1954.905,-293.304,-0.1305,0.00001,0.00016,improvement,271.23,271.924,0.694,0.0026,0.93489,1,none,235.268,415.568,180.3,0.7664,0.00001,0.00023,regression,6659.858,6652.013,-7.845,-0.0012,0.65287,0.99038,none,0,0,0,0,0.11507,0.96116,none,1087,795,-292,-0.2686,0.06182,0.58527,none
7db475acb22df80633d59dbc35619113a2f4d815,2023-06-09T18:42:30+05:30,bb98ba3456a95a65b6f17fcd9e6a3ff02db76cad,ok,0,0,0,,2086168,none,2102.074,1955.836,-146.238,-0.0696,0.69048,0.96125,none,270.368,271.717,1.349,0.005,1,1,none,403.967,415.133,11.166,0.0276,0.42063,0.94063,none,6634.781,6724.494,89.713,0.0135,0.05556,0.49306,none,0,0,0,0,0.23304,1,none,1095,791,-304,-0.2776,0.15079,0.73837,none
ca5610ab79a04c678e2bb33bfe7dff68e818c974,2023-06-09T23:18:52+05:30,7db475acb22df80633d59dbc35619113a2f4d815,ok,0,0,0,,2086207,none,1944.172,2079.131,134.958,0.0694,0.15079,0.58665,none,265.115,271.004,5.889,0.0222,0.09524,0.64412,none,410.281,410.034,-0.247,-0.0006,0.84127,0.98321,none,6601.296,6725.27,123.974,0.0188,0.22222,0.72542,none,0,0,0,0,0.42371,1,none,784,1093,309,0.3941,0.03175,0.40981,none
dc735e2d08ce3ed7ff56fc87ca78720d8b7b04cd,2023-06-09T23:29:06+05:30,ca5610ab79a04c678e2bb33bfe7dff68e818c974,ok,0,0,0,,2086260,none,2060.859,1957.342,-103.517,-0.0502,0.42063,0.85943,none,270.62,269.427,-1.193,-0.0044,0.84127,1,none,406.493,419.996,13.503,0.0332,0.69048,0.98048,none,6624.619,6703.15,78.531,0.0119,0.15079,0.72542,none,0,0,0,0,0.42371,1,none,1092,793,-299,-0.2738,0.11607,0.73256,none
a5383887ee73409626d2e190ecefddf739366a10,2023-06-10T02:38:28+05:30,dc735e2d08ce3ed7ff56fc87ca78720d8b7b04cd,ok,0,0,0,,2086317,none,1961.77,2070.638,108.868,0.0555,0.54762,0.92574,none,274.461,276.409,1.948,0.0071,1,1,none,417.445,405.939,-11.506,-0.0276,1,1,none,6655.86,6748.19,92.33,0.0139,0.00794,0.11863,none,0,0,0,0,0.42371,1,none,805,1090,285,0.354,0.46334,0.89517,none
aa2a2a2dd1dd3da8224fd4dfdf08135b8d431f43,2023-06-10T23:51:21+05:30,a5383887ee73409626d2e190ecefddf739366a10,ok,0,0,0,,2086504,none,1958.47,1956.586,-1.885,-0.001,1,1,none,269.24,270.927,1.687,0.0063,0.54762,0.9906,none,413,412.289,-0.711,-0.0017,0.84127,0.98321,none,6690.436,6630.571,-59.865,-0.0089,0.22222,0.72542,none,0,0,0,0,1,1,none,788,796,8,0.0102,0.30952,0.86565,none
59f76003b30c6a39b6ae72c77c5c0c3740235c64,2023-06-13T10:16:59+05:30,aa2a2a2dd1dd3da8224fd4dfdf08135b8d431f43,ok,0,0,0,,2089969,none,1956.599,1949.872,-6.726,-0.0034,0.05556,0.38482,none,274.429,275.555,1.126,0.0041,0.84127,1,none,424.5,414.296,-10.204,-0.024,0.42063,0.94063,none,6687.414,6727.361,39.947,0.006,0.30952,0.79193,none,0,0,0,-0.0727,0.0075,0.10136,none,808,778,-30,-0.0371,0.14246,0.73837,none
c68ffa8cb1e4a54548392bf75c2fc3a138a97333,2023-06-14T18:20:43+02:00,59f76003b30c6a39b6ae72c77c5c0c3740235c64,ok,0,0,0,,2090161,none,2116.091,2110.583,-5.509,-0.0026,0.15079,0.58665,none,269.104,274.947,5.843,0.0217,0.09524,0.64412,none,402.83,398.434,-4.396,-0.0109,0.69048,0.98048,none,6557.355,6713.95,156.595,0.0239,0.69048,0.99038,none,0,0,0,0,1,1,none,1112,1101,-11,-0.0099,0.42063,0.86565,none
ac569f8ecaa0c29187de50598609a15f9aea6c2d,2023-06-14T22:56:33+05:30,c68ffa8cb1e4a54548392bf75c2fc3a138a97333,ok,0,0,1,,2089397,regression,1964.433,2129.481,165.048,0.084,0.001,0.0149,regression,271.263,278.819,7.556,0.0279,0.00494,0.07383,none,428.474,422.764,-5.71,-0.0133,0.96742,1,none,6694.085,6873.238,179.153,0.0268,0.00002,0.00037,none,0,0,0,0,0.50096,1,none,805,1085,280,0.3478,0.22887,0.82578,none
a3c4c797883d6a9b91165e1abd6ccb23053621a3,2023-06-14T23:02:26+05:30,ac569f8ecaa0c29187de50598609a15f9aea6c2d,ok,0,0,0,,2090176,none,2006.255,2089.932,83.678,0.0417,0.54762,0.92574,none,272.796,274.473,1.677,0.0061,0.69048,0.99541,none,406.608,419.049,12.441,0.0306,0.84127,0.98321,none,6864.913,6645.735,-219.178,-0.0319,0.00794,0.11863,none,0,0,0,0,0.42371,1,none,790,1061,271,0.343,0.91656,1,none
0e5c4c4f5d627271496153385fb94f6fb3d5fe78,2023-07-07T16:15:59+05:30,0e5c4c4f5d627271496153385fb94f6fb3d5fe78,identical_build,1,1,0,,2090166,none,2110.476,2120.887,10.411,0.0049,0.84127,0.99137,none,271.16,271.44,0.28,0.001,0.69048,0.99541,none,404.654,413.712,9.058,0.0224,1,1,none,6671.438,6650.529,-20.909,-0.0031,0.84127,0.9955,none,0,0,0,0,0.40648,1,none,1093,1095,2,0.0018,1,1,none
0e5c4c4f5d627271496153385fb94f6fb3d5fe78,2023-07-07T16:15:59+05:30,a3c4c797883d6a9b91165e1abd6ccb23053621a3,ok,0,0,0,,2090166,none,2068.13,2121.194,53.064,0.0257,0.42063,0.85943,none,272.408,269.838,-2.57,-0.0094,0.30952,0.91567,none,396.404,401.451,5.047,0.0127,0.54762,0.95413,none,6732.816,6620.479,-112.337,-0.0167,0.09524,0.72542,none,0,0,0,-0.0013,0.63123,1,none,1068,1084,16,0.015,0.6004,0.95656,none
ad86f4b6789b4be8c1fe4f3db176bc2064343272,2023-07-27T14:57:28+05:30,0e5c4c4f5d627271496153385fb94f6fb3d5fe78,ok,0,0,1,,2126136,regression,2080.431,2271.866,191.435,0.092,0,0.00005,regression,269.282,272.373,3.091,0.0115,0.56677,0.99541,none,412.655,257.499,-155.156,-0.376,0,0,improvement,6682.477,6671.611,-10.866,-0.0016,0.96742,1,none,0,0,0,0,0.12954,1,none,1087,1101,14,0.0129,0.08888,0.67619,none
8194a3ff86539622fa971dafc642108df9aa12b4,2023-07-28T16:59:23+05:30,ad86f4b6789b4be8c1fe4f3db176bc2064343272,ok,0,0,0,,2126133,none,2125.951,2266.084,140.133,0.0659,0.30952,0.79913,none,274.382,268.422,-5.96,-0.0217,0.42063,0.97122,none,284.189,264.254,-19.935,-0.0701,0.30952,0.91567,none,6698.379,6704.333,5.954,0.0009,0.54762,0.94257,none,0,0,0,0,0.69854,1,none,812,1074,262,0.3227,0.54762,0.92574,none
3a6abf51282e80ec3da1a3019e02eca7f5627b39,2023-09-15T01:40:08+05:30,8194a3ff86539622fa971dafc642108df9aa12b4,ok,0,0,1,,2126418,improvement,2156.059,2152.532,-3.526,-0.0016,0.77484,0.99137,none,276.09,255.5,-20.59,-0.0746,0,0,none,262.5,260.748,-1.752,-0.0067,0.23281,0.91567,none,6703.272,6009.693,-693.579,-0.1035,0,0,improvement,0,0,0,0,0.46999,1,none,793,801,8,0.0101,0.35047,0.86565,none
2cf66be68f9a2683b44e771913d55a15b45440c2,2023-09-15T10:17:02+05:30,3a6abf51282e80ec3da1a3019e02eca7f5627b39,ok,0,0,0,,2149479,none,2252.694,2127.732,-124.962,-0.0555,0.15079,0.58665,none,249.43,256.873,7.443,0.0298,0.09524,0.64412,none,226.408,249,22.592,0.0998,1,1,none,5850.554,5844.841,-5.713,-0.001,1,1,none,0,0,0,0,0.42371,1,none,1067,787,-280,-0.2624,0.22222,0.82578,none
675ecccbf69623ea003d42e37e5cba036b9f3005,2023-09-15T13:32:54+05:30,2cf66be68f9a2683b44e771913d55a15b45440c2,ok,0,0,0,,2150341,none,2245.647,2138.464,-107.182,-0.0477,0.84127,0.99137,none,258.122,257.056,-1.066,-0.0041,0.69048,0.99541,none,242.521,253,10.479,0.0432,0.30952,0.91567,none,5851.455,5815.569,-35.886,-0.0061,1,1,none,0,0,0,0,0.42371,1,none,1065,786,-279,-0.262,0.69048,0.95656,none
02adac1adf87a717d8e8d8aecbfece9e71b7bf4d,2023-10-06T11:04:33+05:30,675ecccbf69623ea003d42e37e5cba036b9f3005,ok,0,0,0,,2144801,none,2243.961,2131.86,-112.101,-0.05,0.54762,0.92574,none,254.486,254.103,-0.383,-0.0015,1,1,none,219.044,241.52,22.476,0.1026,0.42063,0.94063,none,5848.947,5886.49,37.543,0.0064,0.69048,0.99038,none,0,0,0,0,0.42371,1,none,1075,775,-300,-0.2791,0.42063,0.86565,none
97dad2419ba7d285325f31c0d59618c72ffd5c7e,2023-11-09T11:51:59+05:30,02adac1adf87a717d8e8d8aecbfece9e71b7bf4d,ok,0,0,1,,2156077,none,2246.184,2158.403,-87.78,-0.0391,0.20168,0.70911,none,252.637,253.384,0.747,0.003,0.65287,0.99541,none,238.5,247.85,9.35,0.0392,0.07115,0.65856,none,5946.426,5960.786,14.36,0.0024,0.12615,0.72542,none,0,0,0,0,0.57653,1,none,1069,783,-286,-0.2675,0.30942,0.86565,none
3f64df775485540ff948f06418a983bac36ed8ba,2023-11-09T23:33:14+05:30,97dad2419ba7d285325f31c0d59618c72ffd5c7e,ok,0,0,1,,2148162,none,2248.443,2137.48,-110.963,-0.0494,0.48636,0.92574,none,249.644,253.12,3.476,0.0139,0.12615,0.67977,none,232.217,255.5,23.283,0.1003,0.0742,0.65856,none,5955.477,5948.407,-7.07,-0.0012,0.65287,0.99038,none,0,0,0,0,0.3073,1,none,1063,788,-275,-0.2587,0.395,0.86565,none
dff33bc8690d19b54ef7832f49165b2d8b82ab1d,2023-11-29T11:02:27+05:30,3f64df775485540ff948f06418a983bac36ed8ba,ok,0,0,0,,2149210,none,2245.154,2245.529,0.374,0.0002,0.69048,0.96125,none,252.186,252.987,0.801,0.0032,0.84127,1,none,228.638,219.369,-9.269,-0.0405,0.22222,0.91567,none,5913.262,5968.993,55.731,0.0094,0.15079,0.72542,none,0,0,0,0,1,1,none,1067,1067,0,0,1,1,none
19a15e971026e6758815a8443668f21af89b2633,2023-12-01T12:00:02+05:30,dff33bc8690d19b54ef7832f49165b2d8b82ab1d,ok,0,0,0,,2149250,none,2153.691,2249.636,95.945,0.0445,0.84127,0.99137,none,251.794,257.456,5.662,0.0225,0.30952,0.91567,none,234.006,237.343,3.336,0.0143,0.84127,0.98321,none,5984.212,6002.632,18.42,0.0031,0.30952,0.79193,none,0,0,0,0,0.42371,1,none,830,1074,244,0.294,0.54762,0.92574,none
be2519f89c517a2720ee9a6d3e18dd7f0f05d6f1,2023-12-06T11:32:01+05:30,19a15e971026e6758815a8443668f21af89b2633,ok,0,0,1,,2149262,regression,2198.173,2043.046,-155.127,-0.0706,0,0,improvement,254.155,253.004,-1.151,-0.0045,0.38923,0.97122,none,232.649,389.06,156.41,0.6723,0,0,regression,5940.115,5924.028,-16.087,-0.0027,0.46096,0.91547,none,0,0,0,0,0.63095,1,none,1077,811,-266,-0.247,0.22882,0.82578,none
75ab8c2c58418b3e524998baa537593ea20adced,2023-12-14T10:50:53+05:30,be2519f89c517a2720ee9a6d3e18dd7f0f05d6f1,ok,0,0,0,,2145802,none,2013.624,2012.914,-0.709,-0.0004,1,1,none,248.58,251.659,3.079,0.0124,0.22222,0.79887,none,402.985,405.303,2.318,0.0058,0.22222,0.91567,none,5938.272,5970.977,32.705,0.0055,0.84127,0.9955,none,0,0,0,-0.3569,0.91098,1,none,785,786,1,0.0013,0.69048,0.95656,none
027f7ae76f66f5f3e228dc34b165e74aa221b64a,2024-01-03T12:30:51+05:30,75ab8c2c58418b3e524998baa537593ea20adced,ok,0,0,0,,2145800,none,2076.198,2045.521,-30.677,-0.0148,0.42063,0.85943,none,251.201,246.17,-5.031,-0.02,0.30952,0.91567,none,381,400.501,19.501,0.0512,0.54762,0.95413,none,5929.102,5902.869,-26.233,-0.0044,0.15079,0.72542,none,0,0,0,0,1,1,none,1078,1079,1,0.0009,0.84127,1,none
9e0fa86127d13d1f5653ee8a47b45a69f804714e,2024-01-11T22:15:16+05:30,027f7ae76f66f5f3e228dc34b165e74aa221b64a,ok,0,0,0,,2146076,none,2011.255,2043.805,32.55,0.0162,0.54762,0.92574,none,255.684,254.07,-1.614,-0.0063,0.54762,0.9906,none,410.723,406.788,-3.935,-0.0096,0.22222,0.91567,none,5903.486,5923.803,20.317,0.0034,0.22222,0.72542,none,0,0,0,0,1,1,none,780,791,11,0.0141,0.91656,1,none
9a15de1467dc41f52b3bdb8725ee29a157114a26,2024-01-11T22:44:43+05:30,9a15de1467dc41f52b3bdb8725ee29a157114a26,identical_build,1,1,0,,2143961,none,2202.295,2205.646,3.351,0.0015,1,1,none,253.067,251.07,-1.997,-0.0079,0.69048,0.99541,none,90.547,99.517,8.97,0.0991,0.54762,0.95413,none,5903.221,5921.356,18.135,0.0031,1,1,none,0,0,0,-0.3939,0.41892,1,none,787,771,-16,-0.0203,0.6004,0.95656,none
9a15de1467dc41f52b3bdb8725ee29a157114a26,2024-01-11T22:44:43+05:30,9e0fa86127d13d1f5653ee8a47b45a69f804714e,ok,0,0,1,,2143961,regression,2040.832,2203.322,162.49,0.0796,0,0,regression,251.594,248.44,-3.154,-0.0125,0.20168,0.79887,none,397.562,103.801,-293.762,-0.7389,0,0,improvement,5920.028,5880.516,-39.512,-0.0067,0.13697,0.72542,none,0,0,0,0,1,1,none,1085,798,-287,-0.2645,0.63317,0.95656,none
d8ba3747bfb1a09caf4106daea35ef8ff90a0990,2024-01-15T12:31:41+05:30,9a15de1467dc41f52b3bdb8725ee29a157114a26,ok,0,0,0,,2143624,none,2206.287,2241.493,35.206,0.016,0.22222,0.70911,none,257.08,251.923,-5.157,-0.0201,0.69048,0.99541,none,102.844,106.599,3.755,0.0365,0.69048,0.98048,none,5917.343,5918.344,1.001,0.0002,0.69048,0.99038,none,0,0,0,0,0.60047,1,none,1085,1078,-7,-0.0065,0.46334,0.89517,none
d0da4a07b4dd120a65140245d0bc2632d4e93301,2024-01-23T13:46:03+05:30,d8ba3747bfb1a09caf4106daea35ef8ff90a0990,ok,0,0,1,,2169406,improvement,2202.202,2205.611,3.409,0.0015,0.71297,0.98292,none,253.629,96.483,-157.146,-0.6196,0,0,improvement,97.365,99.71,2.345,0.0241,0.71297,0.98321,none,5918.317,418.713,-5499.604,-0.9293,0,0,improvement,0,0,0,0,0.85737,1,none,1069,1077,8,0.0075,0.85185,1,none
f4d24c5ab80bbb082d7a8aef52cc09287b13f688,2024-01-30T23:42:44+05:30,d0da4a07b4dd120a65140245d0bc2632d4e93301,ok,0,0,0,,2169532,none,2244.049,2242.507,-1.542,-0.0007,1,1,none,92.745,93.473,0.728,0.0078,1,1,none,103.199,106.851,3.652,0.0354,0.54762,0.95413,none,389.361,404.833,15.472,0.0397,1,1,none,0,0,0,0.061,0.02315,0.27395,none,1083,1087,4,0.0037,0.15079,0.73837,none
2e25c8475abd530ed93535d266cce84086992685,2024-02-03T11:09:38+05:30,f4d24c5ab80bbb082d7a8aef52cc09287b13f688,ok,0,0,0,,2183558,none,2206.321,2228.987,22.666,0.0103,0.05556,0.38482,none,207.418,95.761,-111.657,-0.5383,0.69048,0.99541,none,86.5,98.532,12.032,0.1391,0.54762,0.95413,none,701.679,342.553,-359.126,-0.5118,0.42063,0.87197,none,0,0,0,0,0.60047,1,none,797,1072,275,0.345,0.15079,0.73837,none
552df747fdeff577704170fbeb020f8c601363dc,2024-02-08T08:04:47+05:30,2e25c8475abd530ed93535d266cce84086992685,ok,0,0,0,,2183713,none,2231.658,2233.893,2.235,0.001,0.42063,0.85943,none,108.695,108.747,0.052,0.0005,0.69048,0.99541,none,102.204,119,16.796,0.1643,0.54762,0.95413,none,370.34,380.474,10.134,0.0274,0.84127,0.9955,none,0,0,0,0,0.69854,1,none,812,1068,256,0.3153,0.75257,0.99362,none
4f66f40779210fc91d49cad63ae6ae6dcc8b1fa6,2024-02-09T11:19:44+05:30,552df747fdeff577704170fbeb020f8c601363dc,ok,0,0,0,,2184632,none,2219.764,2237.854,18.091,0.0081,0.15079,0.58665,none,108.695,108.082,-0.613,-0.0056,0.69048,0.99541,none,104.736,102.942,-1.794,-0.0171,0.84127,0.98321,none,349.144,376.638,27.494,0.0787,0.84127,0.9955,none,0,0,0,0.4058,0.00994,0.12828,none,795,1095,300,0.3774,0.03175,0.40981,none
c0101cdd4f573f6d486c6affbbdf0a72e19a6b81,2024-02-12T23:09:19+05:30,4f66f40779210fc91d49cad63ae6ae6dcc8b1fa6,ok,0,0,1,,2184643,regression,2235.565,2085.778,-149.787,-0.067,0.00022,0.00339,improvement,107.415,108.746,1.331,0.0124,0.48636,0.9906,none,92,336.221,244.221,2.6546,0,0.00004,regression,368.63,349.286,-19.344,-0.0525,0.90246,1,none,0,0,0,0,0.45099,1,none,803,1085,282,0.3512,0.28047,0.86565,none
f7ae8d19e68b1d994b3eefb21b734f794cf4e8b4,2024-03-05T23:02:31+05:30,c0101cdd4f573f6d486c6affbbdf0a72e19a6b81,ok,0,0,0,,2184637,none,2088.018,2088.641,0.623,0.0003,0.69048,0.96125,none,108.546,106.401,-2.145,-0.0198,0.84127,1,none,325.214,332.78,7.567,0.0233,0.54762,0.95413,none,374.356,217.316,-157.04,-0.4195,0.69048,0.99038,none,0,0,0,0.1154,0.52581,1,none,803,1093,290,0.3611,0.91656,1,none
6de7cbc520944790cb3fd7130b37fe75bbf0e0eb,2024-03-05T23:09:29+05:30,f7ae8d19e68b1d994b3eefb21b734f794cf4e8b4,ok,0,0,0,,2262576,none,2095.454,2098.962,3.509,0.0017,0.84127,0.99137,none,92.581,109.01,16.429,0.1775,1,1,none,389.294,340.533,-48.761,-0.1253,0.84127,0.98321,none,345.69,397.388,51.698,0.1496,0.30952,0.79193,none,0,0,0,-0.1034,0.0452,0.49374,none,1088,1107,19,0.0175,0.54762,0.92574,none
8fd1c154d65a767846acb240022edc053fb36e88,2024-04-03T00:42:40+05:30,6de7cbc520944790cb3fd7130b37fe75bbf0e0eb,ok,0,0,1,,2603208,none,2085.367,2234.36,148.994,0.0714,0.08919,0.53896,none,91.833,95.085,3.252,0.0354,0.0742,0.63861,none,326.27,137.528,-188.742,-0.5785,0.59488,0.98048,none,367.774,377.525,9.751,0.0265,0.20168,0.72542,none,0,0,0,0,0.09841,0.84694,none,1076,800,-276,-0.2565,0.52005,0.92574,none
fdd2581b646de959d2ba35e268ceed2d5209853a,2024-04-05T19:07:24+05:30,8fd1c154d65a767846acb240022edc053fb36e88,ok,0,0,1,,2603184,none,2276.034,2239.007,-37.027,-0.0163,0.23281,0.72658,none,101.928,98.585,-3.343,-0.0328,0.12615,0.67977,none,123.93,166.17,42.239,0.3408,0.41238,0.94063,none,377.015,358.424,-18.591,-0.0493,0.36688,0.87197,none,0,0,0,0,0.96647,1,none,1082,1071,-11,-0.0102,0.46772,0.89752,none
f7046c27c51be7cebc3c2e7461cb691cec325db5,2024-05-12T09:22:11+05:30,fdd2581b646de959d2ba35e268ceed2d5209853a,ok,0,0,0,,2618919,none,2284.941,2262.071,-22.87,-0.01,0.84127,0.99137,none,124.011,120.852,-3.159,-0.0255,0.84127,1,none,135.511,100.424,-35.087,-0.2589,1,1,none,401.666,384.621,-17.045,-0.0424,0.54762,0.94257,none,0,0,0,0,1,1,none,1112,821,-291,-0.2617,0.11496,0.73256,none
8b673659d6e652520311ad87083e9fd50b9e7086,2024-05-21T12:40:59+05:30,f7046c27c51be7cebc3c2e7461cb691cec325db5,ok,0,0,0,,2618982,none,2300.724,2296.896,-3.828,-0.0017,0.84127,0.99137,none,107.545,102.266,-5.279,-0.0491,0.30952,0.91567,none,181.702,106.655,-75.047,-0.413,0.22222,0.91567,none,396.143,407.321,11.178,0.0282,0.69048,0.99038,none,0,0,0,0.118,0.6004,1,none,1120,1114,-6,-0.0054,0.84127,1,none
ea0553342c6a346c5c7b604ac1fdbf513e654d14,2024-05-23T18:27:12+05:30,8b673659d6e652520311ad87083e9fd50b9e7086,ok,0,0,0,,2650198,none,2258.791,2277.171,18.38,0.0081,0.15079,0.58665,none,108.926,109.291,0.365,0.0034,0.54762,0.9906,none,107.209,129,21.791,0.2033,0.84127,0.98321,none,261.403,430.223,168.82,0.6458,0.69048,0.99038,none,0,0,0,-0.1034,0.1719,1,none,804,823,19,0.0236,0.42063,0.86565,none
582c9662f2fb0f1c504d190c72aeb68ed851c470,2024-06-17T10:56:21+05:30,582c9662f2fb0f1c504d190c72aeb68ed851c470,identical_build,1,1,0,,2658066,none,2015.629,2022.213,6.584,0.0033,0.22222,0.70911,none,121.426,116.43,-4.996,-0.0411,0.84127,1,none,448.901,441.949,-6.952,-0.0155,0.42063,0.94063,none,434.796,434.248,-0.548,-0.0013,1,1,none,0,0,0,0,1,1,none,706,707,1,0.0014,0.75033,0.99362,none
582c9662f2fb0f1c504d190c72aeb68ed851c470,2024-06-17T10:56:21+05:30,ea0553342c6a346c5c7b604ac1fdbf513e654d14,ok,0,0,1,,2658066,regression,2307.086,2016.042,-291.044,-0.1262,0,0,improvement,105.308,118.42,13.112,0.1245,0.00083,0.01481,none,110.884,447.625,336.741,3.0369,0,0,regression,399.614,305.734,-93.88,-0.2349,0.62359,0.99038,none,0,0,0,-0.1397,0.00001,0.00045,none,831,709,-122,-0.1468,0,0.00048,improvement
e9a0378c2c0ab0172ad841d88fe4413c6da3981c,2024-06-19T23:22:38+05:30,582c9662f2fb0f1c504d190c72aeb68ed851c470,ok,0,0,0,,2658066,none,2021.468,2015.144,-6.325,-0.0031,0.42063,0.85943,none,123.005,116.773,-6.232,-0.0507,0.09524,0.64412,none,444.538,446.49,1.952,0.0044,0.84127,0.98321,none,465.371,429.019,-36.352,-0.0781,0.15079,0.72542,none,0,0,0,0,1,1,none,708,704,-4,-0.0056,0.84127,1,none
8909b9e54db213712cda304b6445fba3305e5823,2024-06-27T11:20:47+05:30,e9a0378c2c0ab0172ad841d88fe4413c6da3981c,ok,0,0,1,,2658349,none,2021.642,2060.11,38.468,0.019,0.00657,0.0811,none,119.283,121.257,1.974,0.0165,0.65287,0.99541,none,445.008,448,2.992,0.0067,0.93387,1,none,378.372,438.589,60.217,0.1591,0.56677,0.96386,none,0,0,0,0,1,1,none,709,710,1,0.0014,0.93378,1,none
32a90daaeb3953d392d94a9e426556dee8a7de61,2024-07-14T09:31:45+05:30,8909b9e54db213712cda304b6445fba3305e5823,ok,0,0,1,,3117445,none,2062.613,2060.179,-2.434,-0.0012,0.51249,0.92574,none,119.336,123.199,3.863,0.0324,0.13697,0.67977,none,458,459.898,1.898,0.0041,0.68267,0.98048,none,425.586,479.91,54.324,0.1276,0.03294,0.33414,none,0,0,0,0,1,1,none,710,708,-2,-0.0028,0.90094,1,none
cbeb63389579ca0a7df31dd75b570278941346ce,2024-07-24T10:45:03+05:30,32a90daaeb3953d392d94a9e426556dee8a7de61,ok,0,0,0,,3117519,none,2062.431,2055.216,-7.215,-0.0035,0.30952,0.79913,none,123.553,124.896,1.343,0.0109,0.54762,0.9906,none,473,453.5,-19.5,-0.0412,0.22222,0.91567,none,476.645,441.266,-35.379,-0.0742,0.30952,0.79193,none,0,0,0,0.1925,0.00398,0.05647,none,722,569,-153,-0.2119,0.00794,0.2254,none
5b1979d420031a885d0f51724b34f73ab81a4fad,2024-07-24T10:46:45+05:30,cbeb63389579ca0a7df31dd75b570278941346ce,ok,0,0,0,,3117488,none,2060.101,2055.572,-4.529,-0.0022,0.54762,0.92574,none,118.967,124.386,5.419,0.0456,0.09524,0.64412,none,460.693,436.599,-24.093,-0.0523,0.15079,0.91567,none,468.167,400.414,-67.753,-0.1447,0.42063,0.87197,none,0,0,0,0,1,1,none,571,559,-12,-0.021,0.14246,0.73837,none
ff092df72fade9d3da50941549b3f773605ad2be,2024-07-25T18:39:20+05:30,5b1979d420031a885d0f51724b34f73ab81a4fad,ok,0,0,0,,3126804,none,2133.374,2079.035,-54.34,-0.0255,0.84127,0.99137,none,129.105,141.069,11.964,0.0927,0.54762,0.9906,none,436.446,471.5,35.054,0.0803,0.30952,0.91567,none,615.812,646.874,31.062,0.0504,0.54762,0.94257,none,0,0,0,0,1,1,none,610,594,-16,-0.0262,0.84127,1,none
29d0feaab13d415e5ae427c15efefa33f64285e4,2024-07-31T10:12:56+05:30,ff092df72fade9d3da50941549b3f773605ad2be,ok,0,0,0,,3126432,none,2082.607,2071.413,-11.195,-0.0054,0.30952,0.79913,none,119.729,128.471,8.742,0.073,0.00794,0.10245,none,501.871,470.243,-31.628,-0.063,0.22222,0.91567,none,469.393,443.04,-26.353,-0.0561,1,1,none,0,0,0,-0.1615,0.00398,0.05647,none,601,722,121,0.2013,0.01193,0.28223,none
f736e1545e0f0d6a074d9d13f92b55aee6f065fb,2024-08-07T10:59:09+05:30,29d0feaab13d415e5ae427c15efefa33f64285e4,ok,0,0,0,,3126876,none,2061.977,2054.673,-7.304,-0.0035,0.84127,0.99137,none,192.652,200.122,7.47,0.0388,1,1,none,462.5,450.785,-11.715,-0.0253,0.69048,0.98048,none,734.565,722.567,-11.998,-0.0163,0.84127,0.9955,none,0,0,0,0,1,1,none,705,696,-9,-0.0128,0.6704,0.95656,none
c40d83d068aa60abe8ad227bfd51778e2e923df3,2024-08-07T22:11:50+05:30,f736e1545e0f0d6a074d9d13f92b55aee6f065fb,ok,0,0,0,,3126940,none,2060.096,2059.897,-0.199,-0.0001,0.69048,0.96125,none,237.884,233.868,-4.016,-0.0169,0.54762,0.9906,none,456,465,9,0.0197,0.54762,0.95413,none,847.324,858.351,11.027,0.013,0.84127,0.9955,none,0,0,0,0,1,1,none,699,710,11,0.0157,0.1719,0.78743,none
571c58e5b9d3b31849bd3c4630f155759315d7ae,2024-08-24T15:59:30+05:30,c40d83d068aa60abe8ad227bfd51778e2e923df3,ok,0,0,1,,2798101,regression,2059.777,2175.906,116.129,0.0564,0.00167,0.02365,regression,185.763,112.013,-73.75,-0.397,0,0,improvement,461,400,-61,-0.1323,0.00167,0.02627,improvement,619.636,258.087,-361.549,-0.5835,0,0,improvement,0,0,0,0,1,1,none,708,703,-5,-0.0071,0.07421,0.65857,none
4d4dde003bb939dea2eebcb755889d5b8fd34638,2024-08-28T18:05:15+05:30,571c58e5b9d3b31849bd3c4630f155759315d7ae,ok,0,0,0,,3240108,none,2174.758,2171.254,-3.504,-0.0016,0.54762,0.92574,none,110.285,115.108,4.823,0.0437,0.69048,0.99541,none,391.101,398.537,7.436,0.019,0.69048,0.98048,none,255.745,244.606,-11.139,-0.0436,0.42063,0.87197,none,0,0,0,0,1,1,none,613,605,-8,-0.0131,1,1,none
07595b54a6a85e1b77ae8c012d8972792c165429,2024-09-05T19:21:15+05:30,4d4dde003bb939dea2eebcb755889d5b8fd34638,ok,0,0,0,,3237107,none,2303.757,2283.856,-19.901,-0.0086,0.54762,0.92574,none,148.294,140.939,-7.355,-0.0496,1,1,none,454.195,465.217,11.023,0.0243,1,1,none,446.186,555.832,109.646,0.2457,0.84127,0.9955,none,0,0,0,0,1,1,none,816,778,-38,-0.0466,0.69048,0.95656,none
4a08f6dad5ab37e4d5dea7032d5c0534bc3de769,2024-09-09T09:15:51+05:30,07595b54a6a85e1b77ae8c012d8972792c165429,ok,0,0,0,,3237353,none,2319.013,2339.025,20.012,0.0086,1,1,none,141.903,140.391,-1.512,-0.0107,1,1,none,476.557,557.966,81.409,0.1708,0.54762,0.95413,none,629.093,565.994,-63.099,-0.1003,1,1,none,0,0,0,0,1,1,none,797,806,9,0.0113,0.69048,0.95656,none
9ffa715d03e50a84a034dffccc950d170f157b48,2024-09-16T11:31:39+05:30,4a08f6dad5ab37e4d5dea7032d5c0534bc3de769,ok,0,0,0,,3283123,none,2293.494,2232.284,-61.21,-0.0267,1,1,none,124.511,126.811,2.3,0.0185,1,1,none,460.088,439.615,-20.473,-0.0445,0.42063,0.94063,none,286.368,175.051,-111.317,-0.3887,0.30952,0.79193,none,0,0,0,0,1,1,none,797,783,-14,-0.0176,0.91656,1,none
c06828dbf23d66ff7f579a14c9603119141d5422,2024-09-16T22:15:28+05:30,9ffa715d03e50a84a034dffccc950d170f157b48,ok,0,0,0,,3283156,none,2409.044,2383.54,-25.504,-0.0106,1,1,none,137.535,138.276,0.741,0.0054,0.84127,1,none,319.781,372.039,52.258,0.1634,1,1,none,276.179,441.322,165.143,0.598,0.30952,0.79193,none,0,0,0,0,1,1,none,707,756,49,0.0693,0.69048,0.95656,none
f59a2dc6d7cc1ded1201b5c4e6d8b94700fe2c4b,2024-10-03T15:55:12+05:30,c06828dbf23d66ff7f579a14c9603119141d5422,ok,0,0,0,,3283243,none,2292.704,2276.213,-16.49,-0.0072,1,1,none,143.325,142.634,-0.691,-0.0048,1,1,none,573.314,468.631,-104.682,-0.1826,0.22222,0.91567,none,535.59,677.23,141.64,0.2645,0.69048,0.99038,none,0,0,0,0.1939,0.00398,0.05647,none,773,635,-138,-0.1785,0.01587,0.322,none
d5123c6a2674e81138f821b63cbf86106c4ee7d5,2024-10-03T21:19:19+05:30,f59a2dc6d7cc1ded1201b5c4e6d8b94700fe2c4b,ok,0,0,0,,3292265,none,2314.443,2367.324,52.882,0.0228,1,1,none,145.147,154.718,9.571,0.0659,0.42063,0.97122,none,568.9,526.926,-41.974,-0.0738,1,1,none,796.177,890.414,94.237,0.1184,1,1,none,0,0,0,-0.0011,0.00398,0.05647,none,689,677,-12,-0.0174,0.84127,1,none
cc963db4712fc1ac448ab49547854ecffdf526ab,2024-10-05T09:49:22+05:30,d5123c6a2674e81138f821b63cbf86106c4ee7d5,ok,0,0,0,,3290966,none,2363.573,2379.044,15.471,0.0065,0.30952,0.79913,none,139.08,139.336,0.256,0.0018,0.84127,1,none,559.158,464.051,-95.107,-0.1701,0.42063,0.94063,none,542.248,497.79,-44.458,-0.082,1,1,none,0,0,0,-0.2197,0.00398,0.05647,none,677,941,264,0.39,0.00794,0.2254,none
2fe3df56b7d48802843d13f40e0d530032f06853,2024-10-22T20:10:23+05:30,cc963db4712fc1ac448ab49547854ecffdf526ab,ok,0,0,0,,3290549,none,2399.856,2301.497,-98.359,-0.041,0.15079,0.58665,none,155.04,170.525,15.485,0.0999,1,1,none,603.393,540.025,-63.368,-0.105,0.30952,0.91567,none,1070.627,661.532,-409.095,-0.3821,0.22222,0.72542,none,0,0,0,0,1,1,none,969,740,-229,-0.2363,0.14246,0.73837,none
765c35265f0e75284d40a9726633545462e421f1,2024-11-06T11:39:57+05:30,2fe3df56b7d48802843d13f40e0d530032f06853,ok,0,0,0,,3290552,none,2222.577,2283.865,61.288,0.0276,0.42063,0.85943,none,140.277,150.521,10.244,0.073,1,1,none,472.387,510.039,37.652,0.0797,0.30952,0.91567,none,339.28,630.941,291.661,0.8596,0.22222,0.72542,none,0,0,0,0,1,1,none,774,792,18,0.0233,0.30952,0.86565,none
d8401a8f138cd506086f47b572c9e822c7f6673a,2024-11-08T15:29:57+05:30,765c35265f0e75284d40a9726633545462e421f1,ok,0,0,0,,3295380,none,2412.6,2411.774,-0.826,-0.0003,0.54762,0.92574,none,191.436,198.271,6.835,0.0357,0.54762,0.9906,none,564.915,555.617,-9.299,-0.0165,0.69048,0.98048,none,1647.295,1528.547,-118.748,-0.0721,0.84127,0.9955,none,0,0,0,0,1,1,none,833,869,36,0.0432,0.42063,0.86565,none
877cbdb6f99bee7885c4c46414af1fc49c1d581c,2024-11-12T00:14:29+05:30,d8401a8f138cd506086f47b572c9e822c7f6673a,ok,0,0,1,,3307067,regression,2274.342,2502.251,227.909,0.1002,0.00003,0.00057,regression,139.273,159.19,19.917,0.143,0.02635,0.31186,none,519.823,309,-210.823,-0.4056,0.00003,0.00081,improvement,529.139,390.715,-138.424,-0.2616,0.03672,0.35958,none,0,0,0,0,1,1,none,777,716,-61,-0.0785,0.35058,0.86565,none
bb0ab7c7e2afc6eed24ab6c9429a20ebc6ec787a,2024-11-14T20:44:46+05:30,877cbdb6f99bee7885c4c46414af1fc49c1d581c,ok,0,0,0,,3307594,none,2514.754,2515.533,0.779,0.0003,0.54762,0.92574,none,131.66,136.218,4.558,0.0346,0.42063,0.97122,none,312.517,303,-9.517,-0.0305,1,1,none,287.689,283.533,-4.156,-0.0144,0.84127,0.9955,none,0,0,0,-0.2148,0.00398,0.05647,none,712,785,73,0.1025,0.69048,0.95656,none
cc562549a9a32de942e7d1109a845919d2c73f63,2025-01-06T12:17:16+05:30,bb0ab7c7e2afc6eed24ab6c9429a20ebc6ec787a,ok,0,0,0,,3307608,none,2502.436,2493.202,-9.233,-0.0037,0.84127,0.99137,none,161.184,161.751,0.567,0.0035,0.54762,0.9906,none,352,308.5,-43.5,-0.1236,0.30952,0.91567,none,444.244,491.334,47.09,0.106,0.84127,0.9955,none,0,0,0,0,1,1,none,751,716,-35,-0.0466,0.69048,0.95656,none
c5eaf340b40d062ee45f535ebb03db2261f005c7,2025-02-04T21:00:21+05:30,cc562549a9a32de942e7d1109a845919d2c73f63,ok,0,0,1,,3319902,none,2516.958,2399.491,-117.466,-0.0467,0.11598,0.58665,none,157.355,159.109,1.754,0.0111,0.56677,0.99541,none,319,472.573,153.573,0.4814,0.14848,0.91567,none,424.364,549.479,125.115,0.2948,0.0235,0.27804,none,0,0,0,0,1,1,none,805,728,-77,-0.0957,0.48068,0.9162,none
77234d95b30f50ab1045274f813ddd9dca19fdb2,2025-02-14T13:45:46+05:30,77234d95b30f50ab1045274f813ddd9dca19fdb2,identical_build,1,1,1,,3319842,improvement,2412.826,2510.823,97.997,0.0406,0.13697,0.58665,none,159.392,163.907,4.515,0.0283,0.59488,0.99541,none,417.594,299.978,-117.616,-0.2817,0.04084,0.46394,none,535.321,423.176,-112.145,-0.2095,0.0027,0.04796,improvement,0,0,0,0,1,1,none,779,723,-56,-0.0719,0.54733,0.92574,none
77234d95b30f50ab1045274f813ddd9dca19fdb2,2025-02-14T13:45:46+05:30,c5eaf340b40d062ee45f535ebb03db2261f005c7,ok,0,0,0,,3319842,none,2505.161,2513.697,8.536,0.0034,0.22222,0.70911,none,162.044,158.998,-3.046,-0.0188,0.84127,1,none,297.577,307.5,9.923,0.0333,1,1,none,726.264,546.941,-179.323,-0.2469,0.22222,0.72542,none,0,0,0,0,1,1,none,772,809,37,0.0479,0.91656,1,none
9a70c08a6f6592f00c1307a1f66ca9a45b8d0f41,2025-02-14T13:46:19+05:30,77234d95b30f50ab1045274f813ddd9dca19fdb2,ok,0,0,1,,3311058,none,2454.662,2295.531,-159.131,-0.0648,0.01126,0.1184,none,158.614,156.082,-2.532,-0.016,0.87019,1,none,461.829,468.11,6.28,0.0136,0.62359,0.98048,none,634.442,619.11,-15.332,-0.0242,0.62359,0.99038,none,0,0,0,0,0.35065,1,none,775,737,-38,-0.049,0.66315,0.95656,none
e0b660d56bc750ea7200caf510f8bc49f632761d,2025-02-21T22:43:23+05:30,9a70c08a6f6592f00c1307a1f66ca9a45b8d0f41,ok,0,0,0,,3311101,none,2436.137,2484.723,48.586,0.0199,0.54762,0.92574,none,179.506,166.428,-13.078,-0.0729,0.30952,0.91567,none,364.002,313,-51.002,-0.1401,0.30952,0.91567,none,905.543,923.069,17.526,0.0194,0.84127,0.9955,none,0,0,0,0,1,1,none,759,828,69,0.0909,0.22222,0.82578,none
c20996488d32f998fef5400811b2ced76f2c30ac,2025-02-25T07:47:29+01:00,e0b660d56bc750ea7200caf510f8bc49f632761d,ok,0,0,1,,3311350,none,2467.85,2465.465,-2.385,-0.001,0.90246,1,none,161.162,177.023,15.861,0.0984,0.13697,0.67977,none,296.234,315,18.766,0.0633,0.07115,0.65856,none,594.606,676.499,81.893,0.1377,0.24956,0.78749,none,0,0,0,0,1,1,none,782,718,-64,-0.0818,0.66308,0.95656,none
51b187be6af22449b742b5d790e4d0e3d7727cfb,2025-03-13T21:54:54+05:30,c20996488d32f998fef5400811b2ced76f2c30ac,ok,0,0,0,,3311752,none,2422.902,2509.213,86.311,0.0356,0.15079,0.58665,none,156.294,162.695,6.401,0.041,0.84127,1,none,273,296.5,23.5,0.0861,0.69048,0.98048,none,606.115,627.368,21.253,0.0351,0.84127,0.9955,none,0,0,0,0,1,1,none,770,820,50,0.0649,0.15079,0.73837,none
e29170a1aa397ff2ad253315cecedeca54a6eb07,2025-03-15T06:02:18+05:30,51b187be6af22449b742b5d790e4d0e3d7727cfb,ok,0,0,1,,3311781,regression,2449.077,2520.484,71.407,0.0292,0.00316,0.04267,none,165.175,171.704,6.529,0.0395,0.43629,0.9906,none,289,328.5,39.5,0.1367,0.00014,0.00307,regression,669.665,561.271,-108.394,-0.1619,0.16069,0.72542,none,0,0,0,0,1,1,none,793,792,-1,-0.0013,0.95037,1,none
d92c1e5e4c20d866345dd4f9dae27de2a6e3812f,2025-03-15T06:39:13+05:30,e29170a1aa397ff2ad253315cecedeca54a6eb07,ok,0,0,0,,3312086,none,2508.795,2519.861,11.066,0.0044,0.42063,0.85943,none,171.238,166.06,-5.178,-0.0302,0.54762,0.9906,none,325.477,349.389,23.912,0.0735,0.84127,0.98321,none,764.499,1195.986,431.487,0.5644,0.84127,0.9955,none,0,0,0,0,1,1,none,795,786,-9,-0.0113,1,1,none
e0cbcd21a8b473fd2151ce49c242724e22957ea7,2025-03-15T19:29:41-07:00,d92c1e5e4c20d866345dd4f9dae27de2a6e3812f,ok,0,0,0,,3311848,none,2350.509,2536.196,185.687,0.079,0.30952,0.79913,none,160.774,148.091,-12.683,-0.0789,0.42063,0.97122,none,461.211,310,-151.211,-0.3279,0.69048,0.98048,none,475.772,534.197,58.425,0.1228,0.54762,0.94257,none,0,0,0,0,1,1,none,791,795,4,0.0051,1,1,none
fe428c7ceabf12fe69acd0cf06573f2fad0fa949,2025-03-15T19:55:50-07:00,e0cbcd21a8b473fd2151ce49c242724e22957ea7,ok,0,0,0,,3311859,none,2351.278,2556.293,205.015,0.0872,0.15079,0.58665,none,154.181,147.946,-6.235,-0.0404,0.30952,0.91567,none,527.209,334.5,-192.709,-0.3655,0.22222,0.91567,none,531.264,578.168,46.904,0.0883,0.84127,0.9955,none,0,0,0,0,1,1,none,784,804,20,0.0255,1,1,none
9288094c30161331463f135b1e29583573ff09c0,2025-03-15T20:00:13-07:00,fe428c7ceabf12fe69acd0cf06573f2fad0fa949,ok,0,0,0,,3311849,none,2551.755,2403.467,-148.288,-0.0581,0.84127,0.99137,none,167.307,154.116,-13.191,-0.0788,0.69048,0.99541,none,345.133,541.994,196.861,0.5704,0.69048,0.98048,none,708.248,505.867,-202.381,-0.2857,0.84127,0.9955,none,0,0,0,0,1,1,none,798,790,-8,-0.01,0.22222,0.82578,none
c677afc04af6fa5734fe351aca8059d6e6392310,2025-03-15T20:30:41-07:00,9288094c30161331463f135b1e29583573ff09c0,ok,0,0,0,,3312009,none,2555.731,2360.705,-195.026,-0.0763,0.69048,0.96125,none,143.01,151.341,8.331,0.0583,0.69048,0.99541,none,340.885,513.548,172.663,0.5065,0.15079,0.91567,none,511.688,469.496,-42.192,-0.0825,0.84127,0.9955,none,0,0,0,0,1,1,none,783,774,-9,-0.0115,1,1,none
66b4a427b77ee75aedb7c4ed194dd98466180f2b,2025-03-15T20:35:03-07:00,c677afc04af6fa5734fe351aca8059d6e6392310,ok,0,0,1,,3312020,none,2522.335,2556.167,33.832,0.0134,0.10645,0.58136,none,152.131,153.187,1.056,0.0069,0.28544,0.91567,none,378,329.5,-48.5,-0.1283,0.5393,0.95413,none,577.897,500.82,-77.077,-0.1334,0.34531,0.86025,none,0,0,0,0,1,1,none,794,800,6,0.0076,0.35042,0.86565,none
b5be8ca4fc3033d46abf74f62e33369a20e64cbd,2025-03-15T20:35:47-07:00,66b4a427b77ee75aedb7c4ed194dd98466180f2b,ok,0,0,1,,3311983,none,2540.675,2525.032,-15.643,-0.0062,0.13697,0.58665,none,152.7,153.68,0.98,0.0064,0.93489,1,none,331,336,5,0.0151,0.13697,0.91567,none,467.313,561.908,94.595,0.2024,0.08919,0.72375,none,0,0,0,0,1,1,none,799,797,-2,-0.0025,0.78739,1,none
18cd3c45915347bbc8793c0ce30f0285111534eb,2025-03-16T19:42:04-07:00,b5be8ca4fc3033d46abf74f62e33369a20e64cbd,ok,0,0,1,,3317488,none,2364.676,2462.211,97.535,0.0412,0.10645,0.58136,none,159.854,148.224,-11.63,-0.0728,0.23281,0.82648,none,500.091,509.304,9.213,0.0184,0.96742,1,none,634.158,543.262,-90.896,-0.1433,0.18727,0.72542,none,0,0,0,0,1,1,none,811,797,-14,-0.0173,0.44257,0.89142,none
1195ea94b37a2f41f9baea9c665230a6a50c467e,2025-03-16T19:43:06-07:00,18cd3c45915347bbc8793c0ce30f0285111534eb,ok,0,0,0,,3317518,none,2382.848,2435.521,52.673,0.0221,0.54762,0.92574,none,157.9,164.909,7.009,0.0444,0.84127,1,none,512.322,521.643,9.321,0.0182,0.84127,0.98321,none,519.927,705.708,185.781,0.3573,0.15079,0.72542,none,0,0,0,0,1,1,none,823,800,-23,-0.0279,0.40197,0.86565,none
4a8dbfadba2b999074b477bf9e43ceb97dba220a,2025-03-16T19:49:53-07:00,4a8dbfadba2b999074b477bf9e43ceb97dba220a,identical_build,1,1,1,,3310081,none,2538.375,2558.477,20.102,0.0079,0.65287,0.96125,none,169.132,160.716,-8.416,-0.0498,0.65287,0.99541,none,351.752,387.148,35.397,0.1006,0.96742,1,none,704.866,635.003,-69.863,-0.0991,0.30459,0.79193,none,0,0,0,0,1,1,none,802,817,15,0.0187,0.64809,0.95656,none
4a8dbfadba2b999074b477bf9e43ceb97dba220a,2025-03-16T19:49:53-07:00,1195ea94b37a2f41f9baea9c665230a6a50c467e,ok,0,0,0,,3310081,none,2515.528,2549.772,34.243,0.0136,1,1,none,151.248,165.072,13.824,0.0914,0.84127,1,none,325.641,331.802,6.162,0.0189,0.54762,0.95413,none,744.204,502.68,-241.524,-0.3245,0.42063,0.87197,none,0,0,0,0,1,1,none,807,776,-31,-0.0384,0.15079,0.73837,none
afd5aaaada9119eed001cad490d540c9f5fb270b,2025-03-17T12:09:32-07:00,4a8dbfadba2b999074b477bf9e43ceb97dba220a,ok,0,0,0,,3310065,none,2537.877,2429.26,-108.617,-0.0428,0.54762,0.92574,none,178.368,174.433,-3.935,-0.0221,0.69048,0.99541,none,359.95,501.665,141.714,0.3937,0.84127,0.98321,none,666.971,491.653,-175.318,-0.2629,0.22222,0.72542,none,0,0,0,0,1,1,none,790,796,6,0.0076,0.84127,1,none
631cc43f2b3d0a30985cd921363df90f1895ae63,2025-03-17T12:44:07-07:00,afd5aaaada9119eed001cad490d540c9f5fb270b,ok,0,0,0,,3310089,none,2437.535,2529.08,91.545,0.0376,0.22222,0.70911,none,151.389,171.399,20.01,0.1322,0.42063,0.97122,none,500.853,320,-180.853,-0.3611,0.42063,0.94063,none,525.379,459.578,-65.801,-0.1252,0.54762,0.94257,none,0,0,0,0,1,1,none,852,812,-40,-0.0469,0.42063,0.86565,none
93d02aadc019152f212d509381f55a21c32719f7,2025-03-18T12:57:23-07:00,631cc43f2b3d0a30985cd921363df90f1895ae63,ok,0,0,0,,3310047,none,2353.696,2505.862,152.166,0.0646,0.69048,0.96125,none,144.492,143.997,-0.495,-0.0034,0.54762,0.9906,none,503,344,-159,-0.3161,0.54762,0.95413,none,525.601,517.508,-8.093,-0.0154,1,1,none,0,0,0,0,1,1,none,751,769,18,0.024,0.84127,1,none
097f6f0f34c8a58db3dc0807767b94c14eef4183,2025-03-24T10:40:44-07:00,93d02aadc019152f212d509381f55a21c32719f7,ok,0,0,1,,3388100,regression,2449.281,2388.61,-60.672,-0.0248,0.08143,0.51391,none,154.323,158.088,3.765,0.0244,0.96742,1,none,485.834,622.172,136.339,0.2806,0.00119,0.01982,regression,514.598,741.686,227.088,0.4413,0.18727,0.72542,none,0,0.021,0.021,159.9686,0,0.00001,regression,825,635,-190,-0.2303,0.00005,0.00451,improvement
37716245f7086df0802a03bf5c3215583f55dce2,2025-03-26T09:36:28-07:00,097f6f0f34c8a58db3dc0807767b94c14eef4183,ok,0,0,0,,3388103,none,2544.281,2452.914,-91.368,-0.0359,0.30952,0.79913,none,143.162,144.719,1.557,0.0109,1,1,none,529.68,687,157.32,0.297,0.69048,0.98048,none,635.299,439.52,-195.779,-0.3082,0.42063,0.87197,none,0.021,0.021,0,0,1,1,none,670,676,6,0.009,0.69048,0.95656,none
a5c4036927cde06bf3790774fffbd73f32142eed,2025-04-02T02:19:48-07:00,8320bb06515438e798ec7cee681b65353683b7ed,ok,0,0,0,,3387852,none,2308.475,2302.706,-5.768,-0.0025,1,1,none,143.565,137.975,-5.59,-0.0389,0.84127,1,none,647.369,660.235,12.866,0.0199,0.69048,0.98048,none,376.19,441.684,65.494,0.1741,0.69048,0.99038,none,0.021,0.021,0,0,1,1,none,638,642,4,0.0063,0.54762,0.92574,none
8fd44b8d5b6325e010abd830c2072988d7601990,2025-04-02T02:20:17-07:00,a5c4036927cde06bf3790774fffbd73f32142eed,ok,0,0,0,,3388234,none,2286.329,2365.263,78.934,0.0345,0.84127,0.99137,none,144.38,138.852,-5.528,-0.0383,1,1,none,705,627.5,-77.5,-0.1099,0.15079,0.91567,none,302.435,388.651,86.216,0.2851,1,1,none,0.021,0.021,0,0,1,1,none,657,625,-32,-0.0487,0.09369,0.67619,none
034fccaebbd37bf88489cb6e0b2314ea7f78f1f2,2025-04-02T02:20:34-07:00,8fd44b8d5b6325e010abd830c2072988d7601990,ok,0,0,0,,3393898,none,2384.891,2463.262,78.371,0.0329,0.54762,0.92574,none,139.155,139.074,-0.081,-0.0006,1,1,none,693,471.984,-221.016,-0.3189,0.54762,0.95413,none,567.454,717.894,150.44,0.2651,0.84127,0.9955,none,0.021,0.021,0,0,1,1,none,654,654,0,0,0.6004,0.95656,none
4d1a0ae07b91c9da9f03242a589e6c2c132afafe,2025-04-02T02:31:12-07:00,12b0a27cf87ac38ab93fc0f45b5dd2570a01aeaa,ok,0,0,0,,3393894,none,2457.64,2272.119,-185.521,-0.0755,0.22222,0.70911,none,138.189,143.972,5.783,0.0418,1,1,none,487.503,645,157.497,0.3231,0.69048,0.98048,none,343.112,492.181,149.069,0.4345,0.30952,0.79193,none,0.021,0.021,0,0,1,1,none,654,622,-32,-0.0489,1,1,none
12b0a27cf87ac38ab93fc0f45b5dd2570a01aeaa,2025-04-02T09:29:16Z,034fccaebbd37bf88489cb6e0b2314ea7f78f1f2,ok,0,0,0,,3393883,none,2372.755,2441.241,68.486,0.0289,0.69048,0.96125,none,141.876,142.682,0.806,0.0057,0.84127,1,none,697.641,515.42,-182.222,-0.2612,0.42063,0.94063,none,586.604,495.769,-90.835,-0.1548,0.22222,0.72542,none,0.021,0.021,0,0,1,1,none,660,631,-29,-0.0439,0.03175,0.40981,none
3be0ad92f5f9425f2f441821a5e5ccf5afcd2426,2025-04-02T10:56:07-07:00,4d1a0ae07b91c9da9f03242a589e6c2c132afafe,ok,0,0,0,,3393902,none,2324.66,2532.718,208.058,0.0895,1,1,none,154.586,170.359,15.773,0.102,0.42063,0.97122,none,666.669,696.374,29.705,0.0446,0.42063,0.94063,none,1074.822,1124.442,49.62,0.0462,0.69048,0.99038,none,0.021,0.021,0,0,1,1,none,661,683,22,0.0333,0.09369,0.67619,none
a2965bc3ca3d7fe4cd772f47998b03d4ae4f5b48,2025-04-02T12:21:31-07:00,3be0ad92f5f9425f2f441821a5e5ccf5afcd2426,ok,0,0,0,,3394016,none,2336.155,2440.295,104.14,0.0446,0.84127,0.99137,none,122.521,167.472,44.951,0.3669,0.84127,1,none,676.622,673.5,-3.122,-0.0046,0.42063,0.94063,none,272.9,576.532,303.632,1.1126,1,1,none,0.021,0.021,0,0,1,1,none,667,638,-29,-0.0435,0.46334,0.89517,none
8320bb06515438e798ec7cee681b65353683b7ed,2025-04-02T14:43:45+05:30,37716245f7086df0802a03bf5c3215583f55dce2,ok,0,0,0,,3388112,none,2290.43,2287.76,-2.67,-0.0012,1,1,none,137.967,141.262,3.295,0.0239,0.54762,0.9906,none,663.918,696.747,32.83,0.0494,0.42063,0.94063,none,606.681,556.721,-49.96,-0.0823,1,1,none,0.021,0.021,0,0,1,1,none,644,652,8,0.0124,0.54762,0.92574,none
643a7ca7608120d1af0f92c7cb7fd597658f5cc7,2025-04-03T10:49:37-07:00,110b95d85493235f9c877f73f7c4dca83bbaee3d,ok,0,0,0,,3394138,none,2430.322,2697.211,266.889,0.1098,0.30952,0.79913,none,180.29,157.238,-23.052,-0.1279,0.30952,0.91567,none,921.371,718.312,-203.059,-0.2204,0.54762,0.95413,none,1472.913,1257.001,-215.912,-0.1466,0.42063,0.87197,none,0.021,0.021,0,0,0.42371,1,none,753,796,43,0.0571,0.84127,1,none
110b95d85493235f9c877f73f7c4dca83bbaee3d,2025-04-03T17:03:28Z,a2965bc3ca3d7fe4cd772f47998b03d4ae4f5b48,ok,0,0,1,,3393981,none,2479.857,2451.074,-28.783,-0.0116,0.68267,0.96125,none,155.829,176.582,20.753,0.1332,0.12615,0.67977,none,696.562,699,2.438,0.0035,0.90246,1,none,984.943,1212.748,227.805,0.2313,0.41238,0.87197,none,0.021,0.021,0,0,0.35065,1,none,699,678,-21,-0.03,0.83567,1,none
c530984c97ddd91302e4351d3e922521a410e234,2025-04-03T23:24:54+05:30,643a7ca7608120d1af0f92c7cb7fd597658f5cc7,ok,0,0,0,,3394128,none,2306.059,2337.761,31.702,0.0137,0.54762,0.92574,none,171.587,165.973,-5.614,-0.0327,1,1,none,743.505,693.063,-50.442,-0.0678,0.30952,0.91567,none,1241.608,1148.407,-93.201,-0.0751,0.84127,0.9955,none,0.021,0.021,0,0,1,1,none,660,678,18,0.0273,0.42063,0.86565,none
96dddeb34d485c04e5ec7f857c8791003e301c82,2025-04-12T09:07:24Z,c530984c97ddd91302e4351d3e922521a410e234,ok,0,0,1,,3394678,none,2337.123,2347.772,10.649,0.0046,0.83813,0.99137,none,159.839,163.533,3.694,0.0231,0.28544,0.91567,none,559,589,30,0.0537,0.11598,0.91567,none,404.336,382.083,-22.253,-0.055,0.87019,1,none,0.021,0.021,0,0,1,1,none,588,594,6,0.0102,0.24517,0.8634,none
92f029830fa12517695c382c4011b900e2f99680,2025-04-13T08:25:59Z,96dddeb34d485c04e5ec7f857c8791003e301c82,ok,0,0,1,,3613259,regression,2341.789,2551.948,210.159,0.0897,0,0.00001,regression,128.294,122.853,-5.441,-0.0424,0.80633,1,none,578.207,656.693,78.485,0.1357,0.34531,0.94063,none,324.349,329.765,5.416,0.0167,0.90246,1,none,0.021,0.021,0,0,1,1,none,589,660,71,0.1205,0.36032,0.86565,none
987e09d8bc8114b12f346557d857ed28108cef37,2025-04-13T12:41:21Z,987e09d8bc8114b12f346557d857ed28108cef37,identical_build,1,1,1,,3612915,none,2447.666,2678.86,231.194,0.0945,0.32455,0.83038,none,118.718,117.804,-0.914,-0.0077,0.38923,0.97122,none,687.048,505.5,-181.548,-0.2642,0.2671,0.91567,none,197.427,328.411,130.984,0.6635,0.0235,0.27804,none,0.021,0.021,0,0,1,1,none,661,661,0,0,0.36389,0.86565,none
987e09d8bc8114b12f346557d857ed28108cef37,2025-04-13T12:41:21Z,92f029830fa12517695c382c4011b900e2f99680,ok,0,0,0,,3612915,none,2451.432,2474.026,22.594,0.0092,0.54762,0.92574,none,117.138,124.468,7.33,0.0626,0.05556,0.50896,none,661.584,709,47.416,0.0717,1,1,none,322.683,275.921,-46.762,-0.1449,0.15079,0.72542,none,0.021,0.021,0,0,1,1,none,661,678,17,0.0257,0.14002,0.73837,none
df6c1cceee523cf8170231c6ba5e1bcf7fb176f7,2025-04-14T14:31:59Z,987e09d8bc8114b12f346557d857ed28108cef37,ok,0,0,1,,3614031,regression,2446.254,2901.232,454.978,0.186,0,0,regression,118.009,112.297,-5.712,-0.0484,0.04084,0.4461,none,692.181,99.925,-592.256,-0.8556,0,0,improvement,307.007,177.666,-129.341,-0.4213,0.01126,0.15222,none,0.021,0.021,0,-0.0002,0,0.00001,none,661,660,-1,-0.0015,0.6445,0.95656,none
f27f4b336c77655744ec74776d2eb77624a6ba59,2025-04-16T03:10:35-07:00,bf25d3cc60f162fb0b035a6fa6a16b5640729fe7,ok,0,0,1,,3614014,none,2902.775,2903.05,0.275,0.0001,0.51249,0.92574,none,115.165,108.919,-6.246,-0.0542,0.34531,0.97097,none,71.768,53.657,-18.111,-0.2524,0.77484,0.98321,none,171.129,163.915,-7.214,-0.0422,0.71297,0.9955,none,0.021,0.021,0,0,1,1,none,678,660,-18,-0.0265,0.11175,0.73256,none
bf25d3cc60f162fb0b035a6fa6a16b5640729fe7,2025-04-16T15:39:57+05:30,df6c1cceee523cf8170231c6ba5e1bcf7fb176f7,ok,0,0,1,,3614018,none,2902.95,2902.108,-0.842,-0.0003,0.28544,0.79913,none,117.772,109.468,-8.304,-0.0705,0.0235,0.29013,none,71.262,132.152,60.89,0.8544,0.28544,0.91567,none,180.694,26.705,-153.989,-0.8522,0.20168,0.72542,none,0.021,0.021,0,0,1,1,none,677,662,-15,-0.0222,0.64476,0.95656,none
8aafb909a66188ebeb599b304fe9351a996acade,2025-04-16T16:26:15+05:30,f27f4b336c77655744ec74776d2eb77624a6ba59,ok,0,0,0,,3614018,none,2904.579,2904.894,0.315,0.0001,0.84127,0.99137,none,114.508,112.422,-2.086,-0.0182,0.69048,0.99541,none,134.5,123.254,-11.246,-0.0836,0.54762,0.95413,none,161.121,160.096,-1.025,-0.0064,0.69048,0.99038,none,0.021,0.021,0,0,1,1,none,661,660,-1,-0.0015,0.50381,0.92574,none
0479af715b1196981ce02c43aafde4132d801890,2025-04-16T16:26:21+05:30,8aafb909a66188ebeb599b304fe9351a996acade,ok,0,0,0,,3614003,none,2901.554,2901.45,-0.104,0,0.69048,0.96125,none,108.002,110.103,2.101,0.0195,0.54762,0.9906,none,50,127.069,77.069,1.5414,0.54762,0.95413,none,171.974,165.936,-6.038,-0.0351,0.84127,0.9955,none,0.021,0.021,0,0,1,1,none,661,660,-1,-0.0015,0.50084,0.92574,none
4350d7e13af83af8df212eecae87156dcf0cb2d2,2025-04-19T13:52:47Z,0479af715b1196981ce02c43aafde4132d801890,ok,0,0,0,,3614101,none,2900.417,2904.928,4.511,0.0016,0.15079,0.58665,none,117.58,111.543,-6.037,-0.0513,0.30952,0.91567,none,114.245,149.245,35,0.3064,0.30952,0.91567,none,41.312,163.464,122.152,2.9568,0.30952,0.79193,none,0.021,0.021,0,0,1,1,none,661,677,16,0.0242,0.91579,1,none
9777e1782f95de8abf3a72d6b631b9f408cf12a6,2025-05-01T15:59:58Z,6b42be28417f8a1fa01d4bc10fc0051f15e29af8,ok,0,0,0,,3614203,none,2899.617,2908.11,8.493,0.0029,0.03175,0.26517,none,111.268,116.46,5.192,0.0467,0.42063,0.97122,none,84.548,66.722,-17.826,-0.2108,1,1,none,41.531,165.171,123.64,2.9771,0.42063,0.87197,none,0.021,0.021,0,0,1,1,none,678,678,0,0,0.91098,1,none
6b42be28417f8a1fa01d4bc10fc0051f15e29af8,2025-05-01T18:43:11+05:30,4350d7e13af83af8df212eecae87156dcf0cb2d2,ok,0,0,0,,3614113,none,2901.449,2905.912,4.463,0.0015,0.15079,0.58665,none,107.246,113.453,6.207,0.0579,0.69048,0.99541,none,56.5,50.5,-6,-0.1062,1,1,none,172.654,172.932,0.278,0.0016,0.84127,0.9955,none,0.021,0.021,0,0,1,1,none,676,677,1,0.0015,0.59929,0.95656,none
881648a87e5f1f7a7d206e4deacc0ded46de4959,2025-05-02T00:58:57+05:30,9777e1782f95de8abf3a72d6b631b9f408cf12a6,ok,0,0,0,,3614294,none,2901.684,2902.558,0.874,0.0003,0.69048,0.96125,none,109.498,115.7,6.202,0.0566,0.54762,0.9906,none,56,59.5,3.5,0.0625,1,1,none,163.748,24.961,-138.787,-0.8476,0.69048,0.99038,none,0.021,0.021,0,0,1,1,none,677,678,1,0.0015,0.91605,1,none
5ce27dd981c6064849193a0c7ebbcf13760faedd,2025-05-06T05:13:58Z,91fc0895b2db80fd676cbf7e6d27e772bf89dd6b,ok,0,0,0,,3614409,none,2902.402,2902.557,0.155,0.0001,1,1,none,108.995,108.076,-0.919,-0.0084,0.84127,1,none,50,115.302,65.302,1.306,0.84127,0.98321,none,156.08,183.863,27.783,0.178,0.22222,0.72542,none,0.021,0.021,0,0,1,1,none,678,679,1,0.0015,0.39761,0.86565,none
48c23374a4cd28c91ed42f44af257c4b46d4a5a9,2025-05-06T10:43:31+05:30,881648a87e5f1f7a7d206e4deacc0ded46de4959,ok,0,0,1,,3614276,none,2901.421,2902.082,0.66,0.0002,1,1,none,109.382,111.385,2.003,0.0183,0.65287,0.99541,none,106.184,60,-46.184,-0.4349,0.43629,0.95312,none,176.724,155.009,-21.715,-0.1229,0.20168,0.72542,none,0.021,0.021,0,0,1,1,none,678,678,0,0,0.31318,0.86565,none
91fc0895b2db80fd676cbf7e6d27e772bf89dd6b,2025-05-06T10:43:47+05:30,48c23374a4cd28c91ed42f44af257c4b46d4a5a9,ok,0,0,0,,3614391,none,2902.397,2901.397,-1,-0.0003,1,1,none,116.789,118.108,1.319,0.0113,0.22222,0.79887,none,146.593,108.163,-38.43,-0.2622,0.54762,0.95413,none,159.192,175.048,15.856,0.0996,0.42063,0.87197,none,0.021,0.021,0,0,1,1,none,661,679,18,0.0272,0.28428,0.86565,none
0683cdbaa2dbab2ce087f6581c046155ced43721,2025-05-27T13:53:04Z,5ce27dd981c6064849193a0c7ebbcf13760faedd,ok,0,0,1,,3619182,regression,2902.556,2903.717,1.161,0.0004,0.43629,0.87877,none,116.005,136.451,20.446,0.1763,0,0,regression,56,163.139,107.139,1.9132,0.00864,0.12271,none,158.153,216.155,58.002,0.3667,0.00014,0.00307,regression,0.021,0.027,0.006,0.2711,0,0.00003,none,677,748,71,0.1049,0,0.00048,regression
99dd67e359d5d18590401fb0d1fa4cd9eff48200,2025-06-20T10:24:47+05:30,0683cdbaa2dbab2ce087f6581c046155ced43721,ok,0,0,0,,3619047,none,2902.54,2908.477,5.937,0.002,0.22222,0.70911,none,139.304,127.17,-12.134,-0.0871,0.15079,0.67977,none,45.5,161.712,116.212,2.5541,0.42063,0.94063,none,234.548,231.564,-2.984,-0.0127,0.84127,0.9955,none,0.027,0.028,0.001,0.0303,0.09069,0.84694,none,732,751,19,0.026,0.05701,0.57712,none
b577f4b2d4dfc8ca2b766ce716357213f9d95876,2025-07-10T07:03:31Z,b577f4b2d4dfc8ca2b766ce716357213f9d95876,identical_build,1,1,0,,3959330,none,2903.602,2905.437,1.835,0.0006,1,1,none,137.381,128.382,-8.999,-0.0655,0.69048,0.99541,none,138.5,130.014,-8.486,-0.0613,1,1,none,217.254,218.186,0.932,0.0043,0.69048,0.99038,none,0.028,0.028,0,0,0.25684,1,none,750,732,-18,-0.024,0.4521,0.89517,none
b577f4b2d4dfc8ca2b766ce716357213f9d95876,2025-07-10T07:03:31Z,99dd67e359d5d18590401fb0d1fa4cd9eff48200,ok,0,0,0,,3959330,none,2904.564,2902.811,-1.753,-0.0006,0.84127,0.99137,none,122.154,139.441,17.287,0.1415,0.42063,0.97122,none,168,133.688,-34.312,-0.2042,1,1,none,213.051,217.323,4.272,0.0201,0.69048,0.99038,none,0.028,0.027,-0.001,-0.0284,0.09694,0.84694,none,732,732,0,0,1,1,none
273a2c06c00d0531a41ca996f46b21b0c1f6f8a3,2025-08-02T13:47:08Z,b577f4b2d4dfc8ca2b766ce716357213f9d95876,ok,0,0,0,,3959344,none,2901.835,2904.329,2.494,0.0009,0.15079,0.58665,none,131.42,134.512,3.092,0.0235,0.84127,1,none,154.14,145.479,-8.66,-0.0562,0.84127,0.98321,none,202.703,206.753,4.05,0.02,0.84127,0.9955,none,0.028,0.028,0,-0.0039,0.63123,1,none,749,751,2,0.0027,0.52322,0.92574,none
1da5a3c19331458d275484b7ec449767f2d60fb2,2025-08-02T13:47:49Z,273a2c06c00d0531a41ca996f46b21b0c1f6f8a3,ok,0,0,0,,3959451,none,2905.033,2904.61,-0.422,-0.0001,0.84127,0.99137,none,138.697,138.031,-0.666,-0.0048,0.69048,0.99541,none,62.5,59.5,-3,-0.048,0.84127,0.98321,none,207.209,207.49,0.281,0.0014,1,1,none,0.028,0.028,0,0,1,1,none,750,733,-17,-0.0227,1,1,none
19b82c3d44b0e3a56a5a38209adf35062286b656,2025-08-02T19:40:47Z,1da5a3c19331458d275484b7ec449767f2d60fb2,ok,0,0,0,,3959475,none,2904.055,2904.747,0.692,0.0002,0.09524,0.55199,none,139.216,139.191,-0.025,-0.0002,0.84127,1,none,133.5,141.945,8.445,0.0633,0.84127,0.98321,none,221.661,220.589,-1.072,-0.0048,0.69048,0.99038,none,0.027,0.028,0.001,0.0292,0.25684,1,none,750,750,0,0,0.6704,0.95656,none
2275404e9dfa9a2bcdc1ecd9e84268ca47de8339,2025-08-04T07:19:03Z,19b82c3d44b0e3a56a5a38209adf35062286b656,ok,0,0,1,,3963276,improvement,2903.389,2926.563,23.174,0.008,0,0.00001,none,138.211,140.654,2.443,0.0177,0.12615,0.67977,none,76.287,63.5,-12.787,-0.1676,0.81953,0.98321,none,229.18,210.577,-18.603,-0.0812,0.48636,0.94257,none,0.028,0.001,-0.027,-0.9671,0,0.0001,improvement,731,750,19,0.026,0.10263,0.70912,none
ce50b65cde16da7d1a52fc2724b78ae0e92bee27,2025-08-11T19:49:24+05:30,2275404e9dfa9a2bcdc1ecd9e84268ca47de8339,ok,0,0,0,,3963511,none,2925.257,2922.845,-2.412,-0.0008,0.30952,0.79913,none,139.22,139.166,-0.054,-0.0004,1,1,none,61.835,76.371,14.536,0.2351,1,1,none,222.345,207.715,-14.63,-0.0658,0.01587,0.20491,none,0.001,0.001,0,0,0.25684,1,none,767,751,-16,-0.0209,0.24625,0.8634,none
5a7ee057c35a276a2583d268eb7c42dbffedee0e,2025-08-20T11:51:41+05:30,ce50b65cde16da7d1a52fc2724b78ae0e92bee27,ok,0,0,1,,3965526,regression,2925.284,2938.888,13.604,0.0047,0.00001,0.00016,none,137.954,140.519,2.565,0.0186,0.08919,0.64412,none,167.276,140.758,-26.518,-0.1585,0.5393,0.95413,none,217.102,256.906,39.804,0.1833,0,0.00005,regression,0.001,0.001,0,-0.0936,0.67208,1,none,733,734,1,0.0014,0.43965,0.89142,none
5817555d918a2d745fc82d48d07d48960f1ef7cf,2025-08-20T11:59:49+05:30,5a7ee057c35a276a2583d268eb7c42dbffedee0e,ok,0,0,0,,3965520,none,2937.355,2933.37,-3.985,-0.0014,0.69048,0.96125,none,139.932,140.467,0.535,0.0038,0.84127,1,none,193.805,91.5,-102.305,-0.5279,0.54762,0.95413,none,276.595,278.724,2.129,0.0077,0.54762,0.94257,none,0.001,0.001,0,0,0.81736,1,none,733,749,16,0.0218,0.16661,0.78188,none
0e203d3ebda1a38dcebead9c73903f57ce045a41,2025-09-03T12:31:15Z,7172054b9150ad2302bcb553f057c4782e6502a9,ok,0,0,0,,3953887,none,2951.848,2910.41,-41.439,-0.014,0.15079,0.58665,none,138.809,136.29,-2.519,-0.0181,0.54762,0.9906,none,87.5,165.098,77.598,0.8868,0.84127,0.98321,none,287.389,278.457,-8.932,-0.0311,0.30952,0.79193,none,0.001,0.001,0,0,0.90486,1,none,768,768,0,0,0.2812,0.86565,none
e943ffad49ec95efbe47ec6a89e74fa1ab3043eb,2025-09-03T12:37:03Z,0e203d3ebda1a38dcebead9c73903f57ce045a41,ok,0,0,0,,3953924,none,2912.309,2911.442,-0.867,-0.0003,1,1,none,142.458,147.388,4.93,0.0346,0.42063,0.97122,none,173.199,167.343,-5.855,-0.0338,0.69048,0.98048,none,252.655,285.415,32.76,0.1297,0.22222,0.72542,none,0.001,0.001,0,0.4953,0.41892,1,none,752,750,-2,-0.0027,0.16794,0.78188,none
7172054b9150ad2302bcb553f057c4782e6502a9,2025-09-03T17:13:43+05:30,5817555d918a2d745fc82d48d07d48960f1ef7cf,ok,0,0,0,,3953383,none,2936.691,2952.677,15.986,0.0054,0.00794,0.09016,none,139.345,138.928,-0.417,-0.003,1,1,none,102.253,171.547,69.294,0.6777,0.30952,0.91567,none,260.855,279.02,18.165,0.0696,0.84127,0.9955,none,0.001,0.001,0,0.0227,0.28428,1,none,750,751,1,0.0013,0.20168,0.82578,none
e41499eda3dda7c74f2ba6a51149653d3a6de1c3,2025-09-18T20:08:22+05:30,e943ffad49ec95efbe47ec6a89e74fa1ab3043eb,ok,0,0,0,,3962253,none,2919.388,2912.919,-6.469,-0.0022,0.03175,0.26517,none,141.06,139.162,-1.898,-0.0135,0.69048,0.99541,none,61.918,183.567,121.649,1.9647,0.15079,0.91567,none,282.633,260.938,-21.695,-0.0768,0.42063,0.87197,none,0.001,0.001,0,0.3498,0.48842,1,none,767,786,19,0.0248,0.2059,0.82578,none
01cd13c712c235ae362aaeda72ac9e7b3c365b9b,2025-09-18T20:21:25+05:30,e41499eda3dda7c74f2ba6a51149653d3a6de1c3,ok,0,0,0,,3962231,none,2916.487,2918.524,2.037,0.0007,1,1,none,138.382,137.881,-0.501,-0.0036,0.54762,0.9906,none,195.142,192.553,-2.59,-0.0133,1,1,none,263.865,295.791,31.926,0.121,0.15079,0.72542,none,0.001,0.001,0,0.3498,0.31929,1,none,751,769,18,0.024,0.28733,0.86565,none
ea6ae3d7e26e63ab6b2aa98a770cffd735255692,2025-10-08T19:57:20+05:30,01cd13c712c235ae362aaeda72ac9e7b3c365b9b,ok,0,0,1,,3962248,improvement,2916.256,2914.026,-2.23,-0.0008,0.38923,0.85943,none,139.027,123.568,-15.459,-0.1112,0.00017,0.0038,none,166.994,179.094,12.1,0.0725,0.57547,0.98048,none,268.628,211.449,-57.179,-0.2129,0,0.00006,improvement,0.001,0.001,0,0,0.4281,1,none,768,768,0,0,0.91671,1,none
ef6aa4b09d4e63a2e87759773d59d05d165ca40c,2025-10-15T15:25:43+05:30,ea6ae3d7e26e63ab6b2aa98a770cffd735255692,ok,0,0,0,,3966647,none,2916.38,2959.255,42.875,0.0147,0.09524,0.55199,none,123.935,125.062,1.127,0.0091,0.54762,0.9906,none,188.566,179.245,-9.32,-0.0494,0.54762,0.95413,none,223.345,225.692,2.347,0.0105,1,1,none,0.001,0.001,0,-0.2591,1,1,none,751,767,16,0.0213,0.75257,0.99362,none
b1367c21783145e8f2b84c398b9f06158f8412e6,2025-10-15T15:57:41+05:30,b1367c21783145e8f2b84c398b9f06158f8412e6,identical_build,1,1,1,,3964859,none,2946.852,2949.47,2.617,0.0009,0.41238,0.85943,none,123.979,123.65,-0.329,-0.0027,0.80633,1,none,88.817,171.635,82.818,0.9325,0.83813,0.98321,none,224.616,217.698,-6.918,-0.0308,0.41238,0.87197,none,0.001,0.001,0,0,0.51902,1,none,767,750,-17,-0.0222,0.14839,0.73837,none
b1367c21783145e8f2b84c398b9f06158f8412e6,2025-10-15T15:57:41+05:30,ef6aa4b09d4e63a2e87759773d59d05d165ca40c,ok,0,0,1,,3964859,none,2953.958,2952.984,-0.974,-0.0003,0.77484,0.99137,none,117.5,123.547,6.047,0.0515,0.13697,0.67977,none,180.258,180.049,-0.209,-0.0012,0.93489,1,none,223.427,237.118,13.691,0.0613,0.80633,0.9955,none,0.001,0.001,0,0,0.38721,1,none,751,768,17,0.0226,0.12948,0.73837,none
48c560c9799ac2f185e395cc58db139ecee02515,2025-10-15T15:58:04+05:30,b1367c21783145e8f2b84c398b9f06158f8412e6,ok,0,0,0,,3964865,none,2951.282,2948.473,-2.808,-0.001,0.42063,0.85943,none,122.88,119.591,-3.289,-0.0268,0.54762,0.9906,none,186.631,178.755,-7.876,-0.0422,0.22222,0.91567,none,218.5,230.375,11.875,0.0543,0.15079,0.72542,none,0.001,0.001,0,-0.2591,0.36435,1,none,768,767,-1,-0.0013,0.33827,0.86565,none
739ef6dfe249619af8d2a1bb860fa2aea1d8075c,2025-10-15T15:59:05+05:30,48c560c9799ac2f185e395cc58db139ecee02515,ok,0,0,0,,3964870,none,2950.342,2954.004,3.663,0.0012,0.30952,0.79913,none,125.761,116.656,-9.105,-0.0724,0.22222,0.79887,none,175.579,195.057,19.479,0.1109,0.30952,0.91567,none,227.715,245.694,17.979,0.079,0.22222,0.72542,none,0.001,0.001,0,0.1078,0.15028,1,none,768,768,0,0,0.79717,1,none
5dd2fe4bd01cf0054b5158257a558888bdf41ae8,2026-01-28T00:32:32+05:30,739ef6dfe249619af8d2a1bb860fa2aea1d8075c,ok,0,0,0,,3964867,none,2951.234,2956.472,5.237,0.0018,0.03175,0.26517,none,120.468,124.04,3.572,0.0297,1,1,none,176.76,188.614,11.854,0.0671,0.69048,0.98048,none,227.978,221.143,-6.835,-0.03,1,1,none,0.001,0.001,0,0.3498,0.31929,1,none,751,768,17,0.0226,0.13633,0.73837,none
7f551dbbe6b72cfa9c837ef9af06c07a78daf0a9,2026-01-28T00:32:44+05:30,5dd2fe4bd01cf0054b5158257a558888bdf41ae8,ok,0,0,0,,3964873,none,2948.42,2953.019,4.6,0.0016,0.84127,0.99137,none,120.085,118.606,-1.479,-0.0123,0.42063,0.97122,none,187.693,86.217,-101.475,-0.5406,0.22222,0.91567,none,223.768,217.257,-6.511,-0.0291,1,1,none,0.001,0.001,0,0.4953,0.13333,1,none,768,787,19,0.0247,0.59816,0.95656,none
61e194517db827b5c7db07fc685180f5af43343f,2026-01-28T12:01:29+05:30,7f551dbbe6b72cfa9c837ef9af06c07a78daf0a9,ok,0,0,0,,3964575,none,2951.882,2954.111,2.23,0.0008,0.54762,0.92574,none,116.527,114.783,-1.744,-0.015,0.22222,0.79887,none,54,56,2,0.037,0.84127,0.98321,none,218.028,227.814,9.786,0.0449,0.54762,0.94257,none,0.001,0.001,0,-0.1454,0.39466,1,none,751,768,17,0.0226,1,1,none
c05fa21dcc3c571c5e2a3a105352ec11868037bc,2026-01-28T12:01:52+05:30,61e194517db827b5c7db07fc685180f5af43343f,ok,0,0,0,,3964604,none,2945.718,2955.544,9.827,0.0033,0.15079,0.58665,none,124.053,109.036,-15.017,-0.1211,0.54762,0.9906,none,51.5,186.201,134.701,2.6156,0.15079,0.91567,none,27.991,215.404,187.413,6.6955,0.22222,0.72542,none,0.001,0.001,0,0,0.57615,1,none,733,768,35,0.0477,0.16794,0.78188,none
7414ac0926337e18929e47e5bd0d26e0ce4b11bd,2026-01-28T12:02:01+05:30,c05fa21dcc3c571c5e2a3a105352ec11868037bc,ok,0,0,0,,3964770,none,2952.767,2953.736,0.969,0.0003,0.69048,0.96125,none,117.423,119.03,1.607,0.0137,1,1,none,173.122,50,-123.122,-0.7112,0.30952,0.91567,none,202.981,218.345,15.364,0.0757,0.15079,0.72542,none,0.001,0.001,0,0,0.25684,1,none,749,750,1,0.0013,0.02319,0.36582,none
f3d580b8eb225de36796086d2d96bef32c3d60bf,2026-01-29T14:22:08+05:30,7414ac0926337e18929e47e5bd0d26e0ce4b11bd,ok,0,0,0,,3964897,none,2952.804,2952.08,-0.725,-0.0002,0.84127,0.99137,none,125.506,123.727,-1.779,-0.0142,0.54762,0.9906,none,184.43,179.087,-5.343,-0.029,1,1,none,236.558,223.968,-12.59,-0.0532,0.84127,0.9955,none,0.001,0.001,0,0.3454,0.20402,1,none,751,751,0,0,0.21715,0.82578,none
629d9639d2165e1b9a569b15c7432f57098384cf,2026-02-02T15:33:56+05:30,f3d580b8eb225de36796086d2d96bef32c3d60bf,ok,0,0,0,,3965302,none,2950.456,2953.818,3.363,0.0011,0.22222,0.70911,none,115.245,130.012,14.767,0.1281,0.15079,0.67977,none,181.106,59.5,-121.606,-0.6715,0.22222,0.91567,none,214.216,206.484,-7.732,-0.0361,1,1,none,0.001,0.001,0,0,1,1,none,733,750,17,0.0232,0.3143,0.86565,none
49629cfb61431d45985e7df24387bdff905609b6,2026-02-13T19:30:59+05:30,629d9639d2165e1b9a569b15c7432f57098384cf,ok,0,0,1,,3965304,none,2953.491,2955.558,2.067,0.0007,0.87019,1,none,121.828,118.895,-2.933,-0.0241,0.46096,0.9906,none,162.794,87.42,-75.374,-0.463,0.96742,1,none,243.758,239.755,-4.003,-0.0164,0.71297,0.9955,none,0.001,0.001,0,0,0.67084,1,none,767,751,-16,-0.0209,1,1,none
4bfe42458eafd489e2f8001cf841cefd92cbcd56,2026-02-16T16:46:25+05:30,49629cfb61431d45985e7df24387bdff905609b6,ok,0,0,0,,3965188,none,2955.134,2947.424,-7.71,-0.0026,0.42063,0.85943,none,118.167,123.498,5.331,0.0451,0.69048,0.99541,none,180.475,170.147,-10.328,-0.0572,0.84127,0.98321,none,212.086,221.071,8.985,0.0424,0.69048,0.99038,none,0.001,0.001,0,-0.1599,0.90807,1,none,751,767,16,0.0213,0.91553,1,none
8d7db5501a6c6023cb1bde884391bd64241edb84,2026-02-16T20:44:51+05:30,4bfe42458eafd489e2f8001cf841cefd92cbcd56,ok,0,0,0,,3967536,none,2953.647,2950.218,-3.428,-0.0012,1,1,none,122.713,114.768,-7.945,-0.0647,1,1,none,165.219,101.86,-63.359,-0.3835,0.30952,0.91567,none,214.884,211.726,-3.158,-0.0147,0.84127,0.9955,none,0.001,0.001,0,0.3454,0.50673,1,none,732,750,18,0.0246,0.37109,0.86565,none
94f7dafc7279a5e006771c6e7bd56d47cb2753ee,2026-02-16T21:11:50+05:30,8d7db5501a6c6023cb1bde884391bd64241edb84,ok,0,0,0,,3967799,none,2947.569,2918.972,-28.596,-0.0097,0.84127,0.99137,none,116.76,123.53,6.77,0.058,0.69048,0.99541,none,173.727,168.198,-5.528,-0.0318,0.30952,0.91567,none,210.907,229.251,18.344,0.087,0.42063,0.87197,none,0.001,0.001,0,0,0.73373,1,none,749,750,1,0.0013,0.6704,0.95656,none
6079e5e1ba973dc43fae1c2cbb4b275b0b5ff348,2026-03-03T10:33:43-08:00,94f7dafc7279a5e006771c6e7bd56d47cb2753ee,ok,0,0,0,,3971303,none,2951.204,2950.326,-0.878,-0.0003,1,1,none,125.028,124.98,-0.048,-0.0004,1,1,none,161.328,188.136,26.808,0.1662,0.42063,0.94063,none,219.319,226.89,7.571,0.0345,1,1,none,0.001,0.001,0,0,0.60558,1,none,751,769,18,0.024,0.08969,0.67619,none
44d15c0f5e6c97b80a97ebc71a5f4b2a91f8e256,2026-03-03T14:09:58-08:00,82f7371fed2165d0edfbd79f04ae26adb781192a,ok,0,0,1,,3971484,none,2949.199,2947.236,-1.963,-0.0007,0.46096,0.92192,none,109.838,115.388,5.55,0.0505,0.87019,1,none,192.916,175.492,-17.424,-0.0903,0.71297,0.98321,none,27.442,211.751,184.309,6.7163,0.02635,0.29938,none,0.001,0.001,0,0,1,1,none,785,769,-16,-0.0204,0.75263,0.99362,none
a85bc09092ac7080bff7e565c52f679193a4ca2e,2026-03-04T01:10:12+05:30,a85bc09092ac7080bff7e565c52f679193a4ca2e,identical_build,1,1,0,,3971419,none,2946.019,2947.377,1.358,0.0005,0.30952,0.79913,none,116.024,123.951,7.927,0.0683,0.42063,0.97122,none,75.967,195.925,119.957,1.5791,0.84127,0.98321,none,225.248,218.615,-6.633,-0.0294,0.54762,0.94257,none,0.001,0.001,0,-0.1599,1,1,none,786,787,1,0.0013,0.83043,1,none
a85bc09092ac7080bff7e565c52f679193a4ca2e,2026-03-04T01:10:12+05:30,6079e5e1ba973dc43fae1c2cbb4b275b0b5ff348,ok,0,0,0,,3971419,none,2947.847,2948.193,0.346,0.0001,0.84127,0.99137,none,129.832,126.956,-2.876,-0.0222,0.69048,0.99541,none,196.131,215.114,18.983,0.0968,1,1,none,237.637,221.445,-16.192,-0.0681,0.84127,0.9955,none,0.001,0.001,0,0,0.82485,1,none,785,786,1,0.0013,0.39167,0.86565,none
e56451e0270c8cb2ab003d4d734f9f63d1d13476,2026-03-04T01:43:34+05:30,a85bc09092ac7080bff7e565c52f679193a4ca2e,ok,0,0,1,,3971411,none,2946.349,2948.543,2.194,0.0007,0.80633,0.99137,none,124.327,110.696,-13.631,-0.1096,0,0.00008,none,192.584,204.341,11.757,0.0611,0.09753,0.81463,none,228.603,209.843,-18.76,-0.0821,0.00141,0.02666,none,0.001,0.001,0,-0.1017,0.0201,0.24817,none,786,786,0,0,0.89922,1,none
82f7371fed2165d0edfbd79f04ae26adb781192a,2026-03-04T01:50:29+05:30,e56451e0270c8cb2ab003d4d734f9f63d1d13476,ok,0,0,0,,3971522,none,2951.916,2944.204,-7.711,-0.0026,0.30952,0.79913,none,108.72,112.949,4.229,0.0389,0.42063,0.97122,none,183.801,181.907,-1.893,-0.0103,0.69048,0.98048,none,15.701,31.631,15.93,1.0146,0.42063,0.87197,none,0.001,0.001,0,0,1,1,none,786,786,0,0,1,1,none
340911f2713c3b10f53cf51a3560dbcd85041bea,2026-03-05T23:28:34+05:30,44d15c0f5e6c97b80a97ebc71a5f4b2a91f8e256,ok,0,0,0,,3971483,none,2945.598,2916.451,-29.147,-0.0099,0.84127,0.99137,none,113.444,108.607,-4.837,-0.0426,0.69048,0.99541,none,205.992,201.563,-4.43,-0.0215,0.54762,0.95413,none,23.155,31.476,8.321,0.3594,0.30952,0.79193,none,0.001,0.001,0,0,1,1,none,786,786,0,0,0.57615,0.95656,none
15cdb7b64a33326862cbcfba59696b2e9146ac21,2026-03-12T13:35:42+09:00,340911f2713c3b10f53cf51a3560dbcd85041bea,ok,0,0,0,,3971426,none,2947.664,2949.088,1.424,0.0005,0.22222,0.70911,none,114.871,113.332,-1.539,-0.0134,0.69048,0.99541,none,201.271,183.588,-17.682,-0.0879,0.69048,0.98048,none,26.18,207.774,181.594,6.9364,0.22222,0.72542,none,0.001,0.001,0,0,1,1,none,786,786,0,0,1,1,none
d16a1776e681b93009192df4733f663c4a2bf7fb,2026-03-16T07:40:41-07:00,15cdb7b64a33326862cbcfba59696b2e9146ac21,ok,0,0,0,,3972166,none,2951.078,2951.197,0.119,0,0.84127,0.99137,none,106.723,115.208,8.485,0.0795,0.05556,0.50896,none,62.951,84.85,21.899,0.3479,0.54762,0.95413,none,200.822,212.924,12.102,0.0603,0.09524,0.72542,none,0.001,0.001,0,0,1,1,none,785,750,-35,-0.0446,0.03558,0.43932,none
8a436791de458970c33d7d31bde7051afd40b29a,2026-03-16T07:41:08-07:00,d16a1776e681b93009192df4733f663c4a2bf7fb,ok,0,0,0,,4030525,none,2952.068,2905.32,-46.748,-0.0158,0.00794,0.09016,none,108.452,111.597,3.145,0.029,0.30952,0.91567,none,51,40,-11,-0.2157,0.69048,0.98048,none,204.302,194.223,-10.079,-0.0493,0.69048,0.99038,none,0.001,0.001,0,0,1,1,none,733,768,35,0.0477,0.01887,0.34833,none
ab760f35fa417acae564a2f4aed729daf45f7dd3,2026-03-18T22:05:07+09:00,8a436791de458970c33d7d31bde7051afd40b29a,ok,0,0,0,,4030493,none,2905.458,2901.05,-4.408,-0.0015,0.30952,0.79913,none,114.546,106.448,-8.098,-0.0707,1,1,none,36.5,119.039,82.539,2.2613,0.42063,0.94063,none,193.334,197.253,3.919,0.0203,0.69048,0.99038,none,0.001,0.001,0,0,1,1,none,751,732,-19,-0.0253,0.05547,0.57712,none
c675dc02e9c94b38aa178f07c80337faebd49c45,2026-03-25T17:03:04+09:00,ab760f35fa417acae564a2f4aed729daf45f7dd3,ok,0,0,0,,4030558,none,2900.027,2906.426,6.398,0.0022,0.30952,0.79913,none,116.319,116.546,0.227,0.002,1,1,none,39.241,62.729,23.487,0.5985,0.34574,0.94063,none,22.142,191.745,169.603,7.6598,0.30952,0.79193,none,0.001,0.001,0,0,1,1,none,750,769,19,0.0253,0.33827,0.86565,none
29e92a9702565f3e074d290c1b283c9783f8ffc2,2026-04-01T15:13:59Z,0e0da3b1e9985c156451326ee5000fd22a6e4a79,ok,0,0,0,,4031173,none,2902.355,2902.797,0.442,0.0002,0.84127,0.99137,none,116.83,115.584,-1.246,-0.0107,0.42063,0.97122,none,125.855,40.549,-85.306,-0.6778,0.54762,0.95413,none,183.455,20.58,-162.875,-0.8878,0.54762,0.94257,none,0.001,0.001,0,0,1,1,none,750,751,1,0.0013,0.83403,1,none
0e0da3b1e9985c156451326ee5000fd22a6e4a79,2026-04-01T20:43:15+05:30,c675dc02e9c94b38aa178f07c80337faebd49c45,ok,0,0,0,,4030553,none,2906.958,2902.583,-4.375,-0.0015,0.30952,0.79913,none,111.192,107.732,-3.46,-0.0311,0.69048,0.99541,none,149.633,70.807,-78.826,-0.5268,0.84127,0.98321,none,19.884,21.926,2.042,0.1027,1,1,none,0.001,0.001,0,0,1,1,none,750,767,17,0.0227,0.59816,0.95656,none
f9f1e27bc3623aa81e610dbf7c43d29e03f7d36a,2026-04-01T22:20:22+05:30,29e92a9702565f3e074d290c1b283c9783f8ffc2,ok,0,0,1,,4031563,none,2905.292,2910.418,5.126,0.0018,0.65287,0.96125,none,107.934,119.414,11.48,0.1064,0.0007,0.01317,none,53,64.719,11.719,0.2211,0.21332,0.91567,none,180.434,192.234,11.8,0.0654,0.36688,0.87197,none,0.001,0.001,0,0,0.03841,0.43639,none,750,751,1,0.0013,0.37674,0.86565,none
679e444bf1571fb06522042e7fafb3b43c42ae54,2026-04-02T17:34:24+05:30,f9f1e27bc3623aa81e610dbf7c43d29e03f7d36a,ok,0,0,0,,4031577,none,2905.491,2907.589,2.098,0.0007,0.69048,0.96125,none,118.595,119.377,0.782,0.0066,0.30952,0.91567,none,48,157,109,2.2708,0.30952,0.91567,none,179.785,48.937,-130.848,-0.7278,1,1,none,0.001,0.001,0,0,0.5186,1,none,751,750,-1,-0.0013,1,1,none
e3562168adcbc05479e8755128b1b94fd872517e,2026-04-10T12:42:42Z,e3562168adcbc05479e8755128b1b94fd872517e,identical_build,1,1,0,,4053103,none,2954.542,2954.322,-0.22,-0.0001,0.69048,0.96125,none,124.539,121.518,-3.021,-0.0243,0.22222,0.79887,none,134,206.217,72.217,0.5389,0.84127,0.98321,none,264.242,252.436,-11.806,-0.0447,0.30952,0.79193,none,0.001,0.001,0,0,0.17971,1,none,768,768,0,0,0.82366,1,none
e3562168adcbc05479e8755128b1b94fd872517e,2026-04-10T12:42:42Z,4925de94a9cd618115b76015ac9f4065514c40d7,ok,0,0,1,,4053103,none,2905.614,2954.735,49.121,0.0169,0,0,none,118.455,121.117,2.662,0.0225,0.15842,0.70207,none,135.354,120.375,-14.979,-0.1107,0.28544,0.91567,none,202.402,245.36,42.958,0.2122,0.0295,0.32219,none,0.001,0.001,0,0,0.77369,1,none,750,751,1,0.0013,0.44652,0.89304,none
4925de94a9cd618115b76015ac9f4065514c40d7,2026-04-10T21:35:24+09:00,679e444bf1571fb06522042e7fafb3b43c42ae54,ok,0,0,0,,4033787,none,2904.826,2901.178,-3.648,-0.0013,0.15079,0.58665,none,121.412,115.424,-5.988,-0.0493,0.15079,0.67977,none,53.696,137,83.304,1.5514,0.69048,0.98048,none,187.311,188.079,0.768,0.0041,0.42063,0.87197,none,0.001,0.001,0,0,1,1,none,751,751,0,0,0.50673,0.92574,none
29eb7b01fcaddb9cac2fdb08d841563daf91c8f1,2026-04-23T14:16:34+05:30,e3562168adcbc05479e8755128b1b94fd872517e,ok,0,0,0,,4053391,none,2955.496,2958.296,2.8,0.0009,0.42063,0.85943,none,120.578,114.216,-6.362,-0.0528,0.00794,0.10245,none,117,112.719,-4.281,-0.0366,0.54762,0.95413,none,248.905,241.071,-7.834,-0.0315,0.15079,0.72542,none,0.001,0.001,0,0,1,1,none,750,768,18,0.024,0.27492,0.86565,none
1bd6355ea86c6eab7454cb750e3c13e2fbb0a8e2,2026-04-23T14:32:44+05:30,29eb7b01fcaddb9cac2fdb08d841563daf91c8f1,ok,0,0,0,,4062457,none,2955.58,2953.637,-1.943,-0.0007,1,1,none,116.924,118.099,1.175,0.01,0.15079,0.67977,none,134.407,223.161,88.755,0.6603,1,1,none,248.913,234.804,-14.109,-0.0567,0.15079,0.72542,none,0.001,0.001,0,0,1,1,none,750,750,0,0,1,1,none
1fabea49cfa4bfcdd096a4c86744e90281c85edb,2026-04-23T14:40:49+05:30,1bd6355ea86c6eab7454cb750e3c13e2fbb0a8e2,ok,0,0,0,,4064436,none,2967.118,2952.955,-14.164,-0.0048,0.54762,0.92574,none,115.724,118.361,2.637,0.0228,0.69048,0.99541,none,171.08,113.821,-57.259,-0.3347,0.30952,0.91567,none,238.69,250.251,11.561,0.0484,1,1,none,0.001,0.001,0,0.0567,0.00398,0.05647,none,749,751,2,0.0027,0.83303,1,none
7b43e33971f9550966aa5e804b6a1c959f609118,2026-05-18T20:17:21+05:30,1fabea49cfa4bfcdd096a4c86744e90281c85edb,ok,0,0,1,,3769023,none,2955.034,2953.812,-1.222,-0.0004,0.83813,0.99137,none,118.401,120.575,2.174,0.0184,0.65287,0.99541,none,126,137.5,11.5,0.0913,0.68267,0.98048,none,243.746,257.283,13.537,0.0555,0.30459,0.79193,none,0.001,0.001,0,0,1,1,none,750,750,0,0,0.94935,1,none
2ff56f67bce26a6136af2a9872f8d0fafa7da03e,2026-05-29T16:02:47+05:30,7b43e33971f9550966aa5e804b6a1c959f609118,ok,0,0,0,,3764693,none,2953.744,2959.887,6.144,0.0021,0.22222,0.70911,none,111.686,118.824,7.138,0.0639,0.15079,0.67977,none,97.533,168.07,70.537,0.7232,0.54762,0.95413,none,29.46,241.682,212.222,7.2037,0.42063,0.87197,none,0.001,0.001,0,0,1,1,none,750,751,1,0.0013,0.27332,0.86565,none
52abdccc3aec8db643ef07fa454b5ecebc6507c6,2026-06-08T08:22:51Z,2ff56f67bce26a6136af2a9872f8d0fafa7da03e,ok,0,0,1,,3764692,none,2956.393,2955.734,-0.659,-0.0002,0.68267,0.96125,none,117.135,119.869,2.734,0.0233,0.32455,0.95022,none,104.5,207.385,102.885,0.9845,0.43629,0.95312,none,226.345,248.272,21.927,0.0969,0.21686,0.72542,none,0.001,0.001,0,0,1,1,none,751,750,-1,-0.0013,0.06952,0.63685,none
a58cde95168381e67512e001292c17d2d429164c,2026-06-08T11:41:55Z,52abdccc3aec8db643ef07fa454b5ecebc6507c6,ok,0,0,1,,3817194,none,2948.302,2949.145,0.843,0.0003,0.59488,0.96125,none,115.397,121.524,6.127,0.0531,0,0.0001,none,199.333,239.499,40.165,0.2015,0.0128,0.17309,none,250.704,296.112,45.408,0.1811,0.00987,0.14022,none,0.001,0.001,0,0,1,1,none,751,751,0,0,0.68752,0.95656,none
da899944407884666e5cfef9d5439c30f1fe52e8,2026-06-08T12:21:54Z,a58cde95168381e67512e001292c17d2d429164c,ok,0,0,1,,5807961,regression,2947.807,3138.233,190.426,0.0646,0,0.00001,regression,122.365,116.273,-6.092,-0.0498,0.00004,0.00104,none,221.767,488.5,266.733,1.2028,0.28544,0.91567,none,109.251,283.33,174.079,1.5934,0.43629,0.89141,none,0.001,0.001,0,0,1,1,none,751,732,-19,-0.0253,0.00062,0.04423,none
ebced635c9cb6288c45f3ca81926bc9e0e8b9726,2026-06-08T13:16:56Z,6438d0074df85ada655521393b2d7dd015056139,ok,0,0,1,,5808034,none,3118.306,3127.041,8.735,0.0028,0.90246,1,none,122.834,122.325,-0.509,-0.0041,0.71297,1,none,438.989,468.534,29.545,0.0673,0.0742,0.65856,none,106.441,98.811,-7.63,-0.0717,0.16069,0.72542,none,0.001,0.001,0,0,1,1,none,715,732,17,0.0238,0.05893,0.57712,none
459c22cf09b4f3e752cd806bcbba4adcc80b283b,2026-06-08T15:01:44Z,ebced635c9cb6288c45f3ca81926bc9e0e8b9726,ok,0,0,0,,5808529,none,3355.859,3156.227,-199.632,-0.0595,0.69048,0.96125,none,122.308,130.389,8.081,0.0661,0.22222,0.79887,none,105,464.447,359.447,3.4233,0.54762,0.95413,none,89.555,104.666,15.111,0.1687,0.84127,0.9955,none,0.001,0.001,0,0,1,1,none,714,715,1,0.0014,0.10487,0.70912,none
130711a9d08ae90c7908edf2e7430c4485ad2621,2026-06-08T18:02:07+05:30,da899944407884666e5cfef9d5439c30f1fe52e8,ok,0,0,1,,5807970,none,3351.517,3140.661,-210.856,-0.0629,0.04533,0.34797,none,115.181,116.525,1.344,0.0117,0.87019,1,none,120,484.987,364.987,3.0416,0.5393,0.95413,none,292.349,289.723,-2.626,-0.009,0.87019,1,none,0.001,0.001,0,0,1,1,none,731,731,0,0,0.72221,0.99362,none
6438d0074df85ada655521393b2d7dd015056139,2026-06-08T18:02:54+05:30,130711a9d08ae90c7908edf2e7430c4485ad2621,ok,0,0,1,,5807964,none,3155.779,3338.388,182.609,0.0579,0.59488,0.96125,none,123.17,122.1,-1.07,-0.0087,0.46096,0.9906,none,477.173,464.337,-12.836,-0.0269,0.20574,0.91567,none,319.277,341.364,22.087,0.0692,0.77484,0.9955,none,0.001,0.001,0,0,1,1,none,743,747,4,0.0054,0.90087,1,none
219d8af74f5160f1156c89486694558944c5e958,2026-06-09T19:40:49+05:30,459c22cf09b4f3e752cd806bcbba4adcc80b283b,ok,0,0,0,,5808468,none,3123.95,3105.847,-18.103,-0.0058,0.22222,0.70911,none,123.869,125.841,1.972,0.0159,0.69048,0.99541,none,480.224,481.007,0.783,0.0016,0.69048,0.98048,none,104.81,110.733,5.923,0.0565,0.69048,0.99038,none,0.001,0.001,0,0,1,1,none,731,731,0,0,0.75033,0.99362,none
ca96ca8771cf2ab47234f85ae4975fbfac393301,2026-06-10T00:23:48+05:30,219d8af74f5160f1156c89486694558944c5e958,ok,0,0,0,,5808497,none,3329.168,3332.753,3.584,0.0011,0.54762,0.92574,none,123.673,124.299,0.626,0.0051,0.84127,1,none,449.5,108,-341.5,-0.7597,1,1,none,132.466,140.037,7.571,0.0572,0.54762,0.94257,none,0.001,0.001,0,0,1,1,none,731,733,2,0.0027,0.59929,0.95656,none
b3c8bd6c283f9fc9b31d07fc7e52bf97746507ac,2026-06-10T00:34:07+05:30,b3c8bd6c283f9fc9b31d07fc7e52bf97746507ac,identical_build,1,1,1,,5808288,none,3331.007,3323.058,-7.949,-0.0024,0.93489,1,none,157.954,157.945,-0.009,-0.0001,0.90246,1,none,152,205.391,53.391,0.3513,0.36688,0.94063,none,1917.173,1937.5,20.327,0.0106,0.62359,0.99038,none,0.001,0.001,0,0,1,1,none,732,732,0,0,0.38788,0.86565,none
b3c8bd6c283f9fc9b31d07fc7e52bf97746507ac,2026-06-10T00:34:07+05:30,ca96ca8771cf2ab47234f85ae4975fbfac393301,ok,0,0,1,,5808288,regression,3121.72,3328.97,207.25,0.0664,0.0675,0.4564,none,123.197,159.461,36.264,0.2944,0,0,regression,466.761,141.598,-325.164,-0.6966,0.2671,0.91567,none,137.662,1986.794,1849.132,13.4324,0,0,regression,0.001,0.001,0,0,1,1,none,731,732,1,0.0014,0.85078,1,none
81aaafc085adafebff404ebcfd1991245c44b61b,2026-06-10T00:35:00+05:30,b3c8bd6c283f9fc9b31d07fc7e52bf97746507ac,ok,0,0,0,,5808180,none,3201.803,3091.012,-110.792,-0.0346,1,1,none,163.043,167.997,4.954,0.0304,0.00794,0.10245,none,547.852,489.431,-58.421,-0.1066,0.69048,0.98048,none,1890.154,1944.311,54.157,0.0287,0.30952,0.79193,none,0.001,0.001,0,0,1,1,none,715,732,17,0.0238,1,1,none
a49503a1f09bf03817b1a53c3d5ed8a8d805b39a,2026-06-10T00:35:41+05:30,81aaafc085adafebff404ebcfd1991245c44b61b,ok,0,0,0,,5820523,none,3321.581,3096.094,-225.487,-0.0679,0.42063,0.85943,none,154.799,169.343,14.544,0.094,0.22222,0.79887,none,198,485.768,287.768,1.4534,0.54762,0.95413,none,1961.175,1902.361,-58.814,-0.03,0.22222,0.72542,none,0.001,0.001,0,0,1,1,none,730,749,19,0.026,0.01962,0.34833,none
ed06c07c069591d1e4eab66f9d6ce43324ec55b8,2026-06-10T00:36:58+05:30,a49503a1f09bf03817b1a53c3d5ed8a8d805b39a,ok,0,0,0,,5798415,none,3368.614,3335.754,-32.86,-0.0098,0.22222,0.70911,none,167.364,153.359,-14.005,-0.0837,0.54762,0.9906,none,166.5,139.858,-26.642,-0.16,0.30952,0.91567,none,1958.548,1928.846,-29.702,-0.0152,0.22222,0.72542,none,0.001,0.001,0,0,1,1,none,731,733,2,0.0027,1,1,none
c9cfaa10e734948cc70ff37a7871f1ecc25d445b,2026-06-10T00:37:53+05:30,ed06c07c069591d1e4eab66f9d6ce43324ec55b8,ok,0,0,1,,5798271,none,3315.051,3318.337,3.285,0.001,0.83813,0.99137,none,156.078,155.49,-0.588,-0.0038,0.87019,1,none,472.812,451.5,-21.312,-0.0451,0.77484,0.98321,none,1913.068,1921.373,8.305,0.0043,0.28544,0.79193,none,0.001,0.001,0,0,1,1,none,732,714,-18,-0.0246,0.02137,0.35708,none
337e9f86ace66b02c648104077b3a30edbe14e12,2026-06-10T00:38:55+05:30,c9cfaa10e734948cc70ff37a7871f1ecc25d445b,ok,0,0,1,,5798313,none,3317.884,3206.625,-111.258,-0.0335,0.36688,0.85943,none,158.935,159.073,0.138,0.0009,0.62359,0.99541,none,169.713,467.482,297.769,1.7545,0.7437,0.98321,none,1922.649,1885.83,-36.819,-0.0192,0.90246,1,none,0.001,0.001,0,0,1,1,none,730,714,-16,-0.0219,0.08411,0.67619,none
6a9a306ed7e8045d486a74381d6af619063fe7d7,2026-06-10T00:44:16+05:30,337e9f86ace66b02c648104077b3a30edbe14e12,ok,0,0,1,,5798278,improvement,3328.146,3108.955,-219.191,-0.0659,0.0742,0.47896,none,163.411,123.373,-40.038,-0.245,0,0,improvement,161.289,457.339,296.05,1.8355,0.56677,0.98048,none,1872.697,109.507,-1763.19,-0.9415,0,0,improvement,0.001,0.001,0,0,1,1,none,715,731,16,0.0224,0.7836,1,none
9cd92e1fd6c76039cb1bd27187c6002e8ba1b86b,2026-06-10T18:35:50Z,6a9a306ed7e8045d486a74381d6af619063fe7d7,ok,0,0,0,,5798311,none,3323.957,3219.505,-104.452,-0.0314,0.69048,0.96125,none,121.925,123.052,1.127,0.0092,0.22222,0.79887,none,128.578,454.411,325.833,2.5341,0.54762,0.95413,none,91.7,108.452,16.752,0.1827,0.22222,0.72542,none,0.001,0.001,0,0,1,1,none,715,732,17,0.0238,0.26521,0.86565,none
7f08e5b970e43b9c0394a2e715fcd8ae764df768,2026-06-10T18:43:03Z,9cd92e1fd6c76039cb1bd27187c6002e8ba1b86b,ok,0,0,0,,5798798,none,3338.609,3176.641,-161.969,-0.0485,0.69048,0.96125,none,121.988,124.353,2.365,0.0194,0.22222,0.79887,none,119.314,509.707,390.393,3.272,0.15079,0.91567,none,101.365,97.094,-4.271,-0.0421,1,1,none,0.001,0.001,0,0,1,1,none,714,714,0,0,1,1,none
335f4bbfde01a31cbddc54e770a7d42a2b6456fc,2026-06-19T19:23:27Z,7f08e5b970e43b9c0394a2e715fcd8ae764df768,ok,0,0,1,,5798837,none,3301.404,3142.812,-158.592,-0.048,0.68267,0.96125,none,123.731,123.16,-0.571,-0.0046,0.34531,0.97097,none,437.585,471.627,34.042,0.0778,0.0742,0.65856,none,108.482,96.165,-12.317,-0.1135,0.0675,0.58088,none,0.001,0.001,0,0,1,1,none,715,732,17,0.0238,0.31179,0.86565,none
9fac30c8d73cd7be11d1d926cc6978dfc08f9400,2026-07-12T16:49:12+02:00,335f4bbfde01a31cbddc54e770a7d42a2b6456fc,ok,0,0,1,,5866565,none,3156.628,3143.378,-13.251,-0.0042,0.41238,0.85943,none,122.928,123.671,0.743,0.006,0.48636,0.9906,none,450.297,490.381,40.084,0.089,0.0295,0.36422,none,104.489,113.902,9.413,0.0901,0.28544,0.79193,none,0.001,0.001,0,0,1,1,none,715,731,16,0.0224,0.31817,0.86565,none
e67de3a20b058f92518203caaf28dff9a1768dfd,2026-07-12T18:01:33Z,37ad5812eff2e5d4f33018ac859536428b7985be,ok,0,0,0,,5875268,none,3251.577,3260.836,9.259,0.0028,1,1,none,121.866,125.25,3.384,0.0278,0.15079,0.67977,none,492.76,504.01,11.25,0.0228,1,1,none,94.568,112.463,17.895,0.1892,0.54762,0.94257,none,0.001,0.001,0,0,1,1,none,749,751,2,0.0027,0.20309,0.82578,none
c23fa1b343d2a5dfc06193d03f3ee0c6640fc122,2026-07-12T18:15:20+02:00,9fac30c8d73cd7be11d1d926cc6978dfc08f9400,ok,0,0,0,,5874487,none,3214,3168.349,-45.65,-0.0142,1,1,none,122.088,122.692,0.604,0.0049,1,1,none,500.303,481.322,-18.981,-0.0379,1,1,none,117.933,125.837,7.904,0.067,0.69048,0.99038,none,0.001,0.001,0,0.1306,0.00398,0.05647,none,732,750,18,0.0246,0.00924,0.23848,none
37ad5812eff2e5d4f33018ac859536428b7985be,2026-07-12T19:52:22+02:00,c23fa1b343d2a5dfc06193d03f3ee0c6640fc122,ok,0,0,1,,5874705,none,3287.011,3179.628,-107.383,-0.0327,0.05022,0.36572,none,125.039,129.343,4.304,0.0344,0.71297,1,none,478.877,500.085,21.208,0.0443,0.34531,0.94063,none,429.925,146.865,-283.06,-0.6584,0.20168,0.72542,none,0.001,0.001,0,0,1,1,none,750,750,0,0,0.63046,0.95656,none
61b23314cdbb987866effda5f62ce52f4a5b38a4,2026-08-06T20:12:20+02:00,e67de3a20b058f92518203caaf28dff9a1768dfd,ok,0,0,1,,5875506,regression,3260.25,3309.743,49.493,0.0152,0.01643,0.16092,none,123.925,141.411,17.486,0.1411,0,0.00001,none,506,519.505,13.505,0.0267,0.34531,0.94063,none,117.194,927.058,809.864,6.9105,0,0.00001,regression,0.001,0.001,0,0,1,1,none,749,750,1,0.0013,0.04257,0.50378,none
10ef944db6a46500e1684873b27cfed790d1035d,2026-08-14T15:01:21+02:00,10ef944db6a46500e1684873b27cfed790d1035d,identical_build,1,1,1,,5886810,none,3400.459,3351.659,-48.799,-0.0144,0.5393,0.92574,none,150.057,155.781,5.724,0.0381,0.30459,0.91567,none,496.345,487.104,-9.241,-0.0186,0.71297,0.98321,none,1002.106,1232.775,230.669,0.2302,0.51249,0.94257,none,0.001,0.001,0,0,1,1,none,767,768,1,0.0013,0.7543,0.99362,none
10ef944db6a46500e1684873b27cfed790d1035d,2026-08-14T15:01:21+02:00,61b23314cdbb987866effda5f62ce52f4a5b38a4,ok,0,0,1,,5886810,none,3323.526,3496.424,172.898,0.052,0.0742,0.47896,none,153.396,145.037,-8.359,-0.0545,0.05553,0.50896,none,504.451,177,-327.451,-0.6491,0.05553,0.58409,none,1293.301,920.91,-372.391,-0.2879,0.23281,0.74291,none,0.001,0.001,0,0,1,1,none,767,768,1,0.0013,0.34433,0.86565,none
a9fa4eddf689b06a2794dc1d630d0efd9eb90ca3,2026-08-25T14:29:39+02:00,10ef944db6a46500e1684873b27cfed790d1035d,ok,0,0,1,,5887234,none,3398.767,3606.782,208.015,0.0612,0.01855,0.17564,none,119.542,113.541,-6.001,-0.0502,0.03672,0.41711,none,490.429,205.007,-285.423,-0.582,0.65287,0.98048,none,93.271,137.296,44.025,0.472,0.46096,0.91547,none,0.001,0.001,0,0,1,1,none,769,768,-1,-0.0013,0.43229,0.88324,none
756a7bfdc24825fc22ab48493985a0f2b768b49b,2026-08-25T14:41:54+02:00,a9fa4eddf689b06a2794dc1d630d0efd9eb90ca3,ok,0,0,0,,6826462,none,3466.051,3662.872,196.821,0.0568,0.42063,0.85943,none,115.766,111.064,-4.702,-0.0406,0.15079,0.67977,none,517.935,198,-319.935,-0.6177,0.54762,0.95413,none,92.566,124.04,31.474,0.34,0.84127,0.9955,none,0.001,0.001,0,0,1,1,none,768,769,1,0.0013,0.19883,0.82578,none
52e0da7e30a566e627f63a44e7c1be856a69e10b,2026-09-10T17:24:59Z,756a7bfdc24825fc22ab48493985a0f2b768b49b,ok,0,0,1,,6827412,none,3602.628,3604.486,1.858,0.0005,0.80633,0.99137,none,117.578,118.675,1.097,0.0093,1,1,none,237,217,-20,-0.0844,0.59488,0.98048,none,78.589,80.895,2.306,0.0293,0.23281,0.74291,none,0.001,0.001,0,0,1,1,none,768,768,0,0,0.31445,0.86565,none
f351b22513bd8b0c3dd9d06f81e1670eb506395a,2026-09-11T00:16:11Z,52e0da7e30a566e627f63a44e7c1be856a69e10b,ok,0,0,1,,6827401,none,3598.281,3513.224,-85.058,-0.0236,0.96742,1,none,118.985,122.536,3.551,0.0298,0.12615,0.67977,none,233.5,545.402,311.902,1.3358,0.17361,0.91567,none,123.024,88.439,-34.585,-0.2811,0.46096,0.91547,none,0.001,0.001,0,0,1,1,none,769,768,-1,-0.0013,0.9498,1,none
79b139cf0efeb271cb9dd43b2834a99e2d0ce291,2026-09-11T04:40:52Z,f351b22513bd8b0c3dd9d06f81e1670eb506395a,ok,0,0,1,,6828705,none,3498.26,3644.864,146.604,0.0419,0.08919,0.53896,none,120.519,121.33,0.811,0.0067,0.68267,0.99541,none,548.611,209.214,-339.398,-0.6186,0.05022,0.54858,none,366.005,112.607,-253.398,-0.6923,0.93489,1,none,0.001,0.001,0,0,1,1,none,767,768,1,0.0013,0.22971,0.82578,none
4036e45fd6a07e8741b2b5d32db7b07c8e78ecad,2026-09-14T05:04:06Z,79b139cf0efeb271cb9dd43b2834a99e2d0ce291,ok,0,0,1,,6828697,none,3620.38,3633.52,13.14,0.0036,0.96742,1,none,120.097,121.006,0.909,0.0076,0.46096,0.9906,none,197.625,221.203,23.578,0.1193,0.36688,0.94063,none,131.188,173.994,42.806,0.3263,0.68267,0.99038,none,0.001,0.001,0,0,1,1,none,768,768,0,0,0.91654,1,none
66a4516adf77cb77ce169437c9d66c4029ad8ea5,2026-09-14T23:55:29+05:30,4036e45fd6a07e8741b2b5d32db7b07c8e78ecad,ok,0,0,1,,5984905,regression,3630.006,3715.529,85.523,0.0236,0.2671,0.79913,none,116.133,126.432,10.299,0.0887,0,0.00012,none,200,724.5,524.5,2.6225,0.00048,0.0097,regression,105.601,742.901,637.3,6.035,0,0,regression,0.001,0.001,0,-0.0063,0,0.00001,none,769,768,-1,-0.0013,0.22105,0.82578,none
8754416d847d2947c0492bc045cddbab717a51ea,2026-09-19T02:54:23Z,66a4516adf77cb77ce169437c9d66c4029ad8ea5,ok,0,0,0,,5984906,none,3627.549,3750.967,123.417,0.034,1,1,none,140.495,130.923,-9.572,-0.0681,0.22222,0.79887,none,712.5,675.5,-37,-0.0519,0.54762,0.95413,none,799.404,774.022,-25.382,-0.0318,0.54762,0.94257,none,0.001,0.001,0,0,1,1,none,768,769,1,0.0013,0.74648,0.99362,none
77f9a7c32d8716f034db4d45f9b06362a2cae15d,2026-09-21T04:57:17Z,8754416d847d2947c0492bc045cddbab717a51ea,ok,0,0,1,,5984952,none,3780.34,3704.536,-75.805,-0.0201,0.51249,0.92574,none,132.857,139.128,6.271,0.0472,0.36688,0.97122,none,793.613,680,-113.613,-0.1432,0.51249,0.95413,none,780.749,761.299,-19.45,-0.0249,0.77484,0.9955,none,0.001,0.001,0,0,1,1,none,769,786,17,0.0221,0.73661,0.99362,none
11141860ee0fe3d70bb29946f2f1ae5ce48d4220,2026-09-21T22:09:12+05:30,77f9a7c32d8716f034db4d45f9b06362a2cae15d,ok,0,0,1,,5985104,none,3606.822,3737.845,131.023,0.0363,0.05022,0.36572,none,126.098,131.462,5.364,0.0425,0.87019,1,none,663.537,677.5,13.963,0.021,0.77484,0.98321,none,774.49,773.121,-1.369,-0.0018,0.43629,0.89141,none,0.001,0.001,0,0.0828,0,0.00001,none,751,769,18,0.024,0.27302,0.86565,none
1ab7e2e0740a4380172df93bb707538521c14b15,2026-09-22T13:43:11+05:30,11141860ee0fe3d70bb29946f2f1ae5ce48d4220,ok,0,0,0,,5984977,none,3797.576,3864.135,66.559,0.0175,1,1,none,138.108,138.776,0.668,0.0048,1,1,none,718.5,500,-218.5,-0.3041,0.15079,0.91567,none,726.768,757.431,30.663,0.0422,1,1,none,0.001,0.001,0,0,1,1,none,785,786,1,0.0013,0.67137,0.95656,none
