sha,date,base_sha,status,aa,self_aa,extended,mutation,js_gzip,label,lcp_base,lcp_head,lcp_delta,lcp_rel,lcp_p,lcp_q,lcp_label,inp_base,inp_head,inp_delta,inp_rel,inp_p,inp_q,inp_label,tbt_base,tbt_head,tbt_delta,tbt_rel,tbt_p,tbt_q,tbt_label,tbtFlow_base,tbtFlow_head,tbtFlow_delta,tbtFlow_rel,tbtFlow_p,tbtFlow_q,tbtFlow_label,cls_base,cls_head,cls_delta,cls_rel,cls_p,cls_q,cls_label,lcpObs_base,lcpObs_head,lcpObs_delta,lcpObs_rel,lcpObs_p,lcpObs_q,lcpObs_label
c8d996e65401591336703e3bf78e7804d5190a00,2024-09-02T10:34:58+08:00,059bdf25f42d3ab3368c3a2e43cc8b503af8ddaa,ok,0,0,0,,2659090,none,981.487,929.498,-51.99,-0.053,0.69048,0.96971,none,107.034,101.801,-5.233,-0.0489,0.30952,0.92551,none,256.073,252.74,-3.333,-0.013,0.30952,1,none,58.322,49.793,-8.529,-0.1462,0.84127,0.99244,none,0.003,0.003,0,0,1,1,none,758,759,1,0.0013,0.91656,1,none
253615a516cb61efecfd4d134dc4ef2bc5706586,2024-09-02T18:08:30+08:00,c8d996e65401591336703e3bf78e7804d5190a00,ok,0,0,0,,2659078,none,967.224,925.56,-41.664,-0.0431,1,1,none,103.243,101.052,-2.191,-0.0212,0.84127,0.98474,none,227.448,251.5,24.052,0.1057,0.69048,1,none,49.012,52.895,3.883,0.0792,0.69048,0.9836,none,0.003,0.003,0,0,0.42371,1,none,745,739,-6,-0.0081,0.52836,1,none
c69984f021bf024c9e768eaa1f9a290b7d48520e,2024-09-03T12:33:16+02:00,253615a516cb61efecfd4d134dc4ef2bc5706586,ok,0,0,0,,2659135,none,947.894,938.088,-9.806,-0.0103,0.69048,0.96971,none,100.775,102.366,1.591,0.0158,0.54762,0.98474,none,262,248,-14,-0.0534,0.15079,1,none,50.22,52.088,1.868,0.0372,1,1,none,0.003,0.003,0,0,1,1,none,771,768,-3,-0.0039,0.52962,1,none
bfcf01f4a29a0ae4921b3835ea619ba1e56afd7f,2024-09-03T17:20:56+02:00,2584dd15d40333b7468c5c3989aaa9db95a6597c,ok,0,0,0,,2682671,none,933.639,965.938,32.299,0.0346,0.42063,0.96971,none,109.019,108.259,-0.76,-0.007,0.69048,0.98474,none,256.356,245.5,-10.856,-0.0423,0.69048,1,none,70.128,75.76,5.632,0.0803,0.42063,0.9836,none,0.003,0.003,0,0,0.42371,1,none,781,825,44,0.0563,0.22222,0.98645,none
290f9978457da3195573a6a5d288322bedef68bc,2024-09-03T21:15:28+08:00,c69984f021bf024c9e768eaa1f9a290b7d48520e,ok,0,0,0,,2659319,none,934.376,932.514,-1.862,-0.002,0.84127,0.96971,none,107.142,98.869,-8.273,-0.0772,0.30952,0.92551,none,244,247.861,3.861,0.0158,0.69048,1,none,35.782,33.04,-2.742,-0.0766,0.69048,0.9836,none,0.003,0.003,0,0,0.42371,1,none,768,775,7,0.0091,1,1,none
60cebdc815cd503ed2c2d076f4e1e886addc4478,2024-09-03T21:15:28+08:00,e5653324357830a714593b39f20c583895ccce94,ok,0,0,1,,2682539,none,755.083,744.653,-10.43,-0.0138,0.06295,0.84151,none,109.958,125.633,15.675,0.1426,0.0295,0.8604,none,250,251.25,1.25,0.005,0.77999,1,none,60.175,101.501,41.326,0.6868,0.00657,0.59921,none,0.003,0.003,0,0,0.13365,1,none,428,462,34,0.0794,0.18277,0.98645,none
ad9a9c5c39c522188e4d12a58a54e061b934a418,2024-09-03T21:15:28+08:00,290f9978457da3195573a6a5d288322bedef68bc,ok,0,0,0,,2662019,none,933.913,932.435,-1.477,-0.0016,1,1,none,87.854,86.017,-1.837,-0.0209,0.84127,0.98474,none,230.5,235,4.5,0.0195,0.30952,1,none,17.979,21.194,3.215,0.1788,0.30952,0.9836,none,0.003,0.003,0,0,1,1,none,757,734,-23,-0.0304,0.22222,0.98645,none
e5653324357830a714593b39f20c583895ccce94,2024-09-03T21:15:28+08:00,ad9a9c5c39c522188e4d12a58a54e061b934a418,ok,0,0,0,,2682539,none,747.173,754.291,7.118,0.0095,0.84127,0.96971,none,106.566,104.417,-2.149,-0.0202,0.84127,0.98474,none,262,262,0,0,0.84127,1,none,40.026,43.15,3.124,0.078,0.15079,0.9836,none,0.003,0.003,0,0,0.42371,1,none,441,432,-9,-0.0204,0.42063,1,none
2584dd15d40333b7468c5c3989aaa9db95a6597c,2024-09-03T21:19:28+08:00,60cebdc815cd503ed2c2d076f4e1e886addc4478,ok,0,0,0,,2682673,none,955.262,966.916,11.653,0.0122,0.90476,1,none,140.425,133.351,-7.074,-0.0504,0.09524,0.8604,none,272,242.18,-29.82,-0.1096,0.4127,1,none,116.014,157.358,41.344,0.3564,0.69048,0.9836,none,0.003,0.003,0,0,0.50233,1,none,857,763,-94,-0.1097,0.4127,1,none
7f5558934b13e824a1a571377a72b5f07fcd31d5,2024-09-04T11:46:57+08:00,bfcf01f4a29a0ae4921b3835ea619ba1e56afd7f,ok,0,0,0,,2682631,none,949.228,925.679,-23.549,-0.0248,0.22222,0.95873,none,104.025,102.881,-1.144,-0.011,1,1,none,235.432,236.164,0.732,0.0031,0.84127,1,none,62.451,60.532,-1.919,-0.0307,0.30952,0.9836,none,0.003,0.003,0,0,1,1,none,748,813,65,0.0869,0.09524,0.98645,none
6d4e543c06a0d4ca2d5b9d0b68b7171ac6352462,2024-09-04T11:55:55+08:00,7f5558934b13e824a1a571377a72b5f07fcd31d5,ok,0,0,0,,2683009,none,933.801,930.606,-3.195,-0.0034,0.69048,0.96971,none,103.22,109.858,6.638,0.0643,0.22222,0.8604,none,238.804,261.864,23.06,0.0966,0.84127,1,none,64.269,53.15,-11.119,-0.173,0.42063,0.9836,none,0.003,0.002,-0.001,-0.1917,0.10597,1,none,770,791,21,0.0273,1,1,none
f5e512d39322f70abeef61ee56dcfecb01bc3187,2024-09-10T09:23:06-07:00,6d4e543c06a0d4ca2d5b9d0b68b7171ac6352462,ok,0,0,0,,2683007,none,932.475,936.097,3.622,0.0039,0.69048,0.96971,none,110.455,106.049,-4.406,-0.0399,0.09524,0.8604,none,234.53,247.5,12.97,0.0553,0.30952,1,none,54.444,53.969,-0.475,-0.0087,0.84127,0.99244,none,0.002,0.002,0,0,1,1,none,773,771,-2,-0.0026,1,1,none
5162a1e88181543c0cfade2a8d62e3a3ae7a497c,2024-09-10T09:23:26-07:00,f5e512d39322f70abeef61ee56dcfecb01bc3187,ok,0,0,0,,2683003,none,917.502,935.844,18.342,0.02,0.09524,0.84151,none,106.6,111.316,4.716,0.0442,0.69048,0.98474,none,246.965,233.979,-12.986,-0.0526,0.84127,1,none,51.216,63.038,11.822,0.2308,0.54762,0.9836,none,0.002,0.002,0,0,1,1,none,772,806,34,0.044,0.69048,1,none
6fcf44cf809b6cf51b4c306bfebe531ef96c045d,2024-09-11T10:15:17-07:00,eb0871f56d1d3de0a107994a0088e4979012690b,ok,0,0,1,,2682649,none,936.509,926.027,-10.482,-0.0112,0.28544,0.96971,none,106.735,110.903,4.168,0.039,0.65287,0.98474,none,276.5,260.013,-16.487,-0.0596,0.62359,1,none,69.425,80.825,11.4,0.1642,0.96742,1,none,0.003,0.003,0,0,1,1,none,822,783,-39,-0.0474,0.2627,0.98645,none
9dea184998f3d512fc00bf1ebaa2768c6d93de6b,2024-09-11T17:52:28+08:00,5162a1e88181543c0cfade2a8d62e3a3ae7a497c,ok,0,0,0,,2682625,none,929.173,947.281,18.108,0.0195,0.30952,0.96971,none,118.811,117.561,-1.25,-0.0105,0.84127,0.98474,none,235.873,225.036,-10.837,-0.0459,0.15079,1,none,60.141,95.359,35.218,0.5856,0.22222,0.9836,none,0.002,0.003,0.001,0.2371,0.00398,0.20017,none,798,817,19,0.0238,1,1,none
eb0871f56d1d3de0a107994a0088e4979012690b,2024-09-11T17:53:02+08:00,9dea184998f3d512fc00bf1ebaa2768c6d93de6b,ok,0,0,0,,2682625,none,926.646,914.293,-12.353,-0.0133,0.54762,0.96971,none,105.681,104.648,-1.033,-0.0098,1,1,none,254.5,246,-8.5,-0.0334,0.54762,1,none,57.716,48.49,-9.226,-0.1599,0.84127,0.99244,none,0.003,0.003,0,0,1,1,none,749,737,-12,-0.016,0.83403,1,none
cf2bcd128e52a950f46c95a7c6e28dacd29ac8b6,2024-09-14T07:10:33Z,558d2e74bd1ef6977f1bb9afc8b1ca67990613b1,ok,0,0,1,,2682846,none,955.953,929.041,-26.912,-0.0282,0.13697,0.95873,none,124.646,124.302,-0.344,-0.0028,0.43629,0.98474,none,245.778,246,0.222,0.0009,0.59488,1,none,100.96,91.931,-9.029,-0.0894,0.2671,0.9836,none,0.003,0.003,0,0,0.35065,1,none,779,783,4,0.0051,0.83569,1,none
9c3535f9b300a0db1f22f95ab0e015c0b261b6ba,2024-09-14T07:10:51Z,cf2bcd128e52a950f46c95a7c6e28dacd29ac8b6,ok,0,0,0,,2688641,none,936.489,967.667,31.178,0.0333,0.42063,0.96971,none,121.375,113.292,-8.083,-0.0666,0.84127,0.98474,none,258.403,240,-18.403,-0.0712,0.30952,1,none,96.376,102.819,6.443,0.0669,0.54762,0.9836,none,0.003,0.003,0,0,1,1,none,774,754,-20,-0.0258,0.30952,0.98645,none
558d2e74bd1ef6977f1bb9afc8b1ca67990613b1,2024-09-14T12:38:17+05:30,6fcf44cf809b6cf51b4c306bfebe531ef96c045d,ok,0,0,0,,2682344,none,917.573,918.865,1.293,0.0014,0.84127,0.96971,none,107.007,104.19,-2.817,-0.0263,1,1,none,247,248,1,0.004,0.84127,1,none,82.585,86.662,4.077,0.0494,0.69048,0.9836,none,0.003,0.003,0,0,1,1,none,756,746,-10,-0.0132,1,1,none
b3b1b89ed786dcc3f6e87e4fe0ff0cbb106d1ba2,2024-09-16T14:12:57+02:00,1fb260a42f0028c9d87021255bce2b7fc640f500,ok,0,0,0,,2689115,none,918.023,934.612,16.589,0.0181,0.09524,0.84151,none,165.158,111.522,-53.636,-0.3248,0.15079,0.8604,none,306,283.274,-22.726,-0.0743,0.69048,1,none,153.242,77.159,-76.083,-0.4965,0.15079,0.9836,none,0.002,0.002,0,0,1,1,none,810,841,31,0.0383,0.54762,1,none
ac7a921f0124c62b993fa2059e7a21db6877f9de,2024-09-16T14:15:14+02:00,b3b1b89ed786dcc3f6e87e4fe0ff0cbb106d1ba2,ok,0,0,0,,2689473,none,962.505,937.211,-25.294,-0.0263,1,1,none,156.33,175.017,18.687,0.1195,0.84127,0.98474,none,265,317,52,0.1962,0.22222,1,none,155.011,177.74,22.729,0.1466,0.84127,0.99244,none,0.002,0.002,0,0,1,1,none,854,829,-25,-0.0293,0.69048,1,none
a961225c9dbfde52c510ce19549a74eb34993bea,2024-09-16T14:16:01+02:00,ac7a921f0124c62b993fa2059e7a21db6877f9de,ok,0,0,0,,2689765,none,873.578,863.089,-10.489,-0.012,0.84127,0.96971,none,157.025,141.013,-16.012,-0.102,1,1,none,294.207,313.205,18.997,0.0646,0.22222,1,none,145.041,181.448,36.407,0.251,0.84127,0.99244,none,0.002,0.002,0,0,0.42371,1,none,559,597,38,0.068,0.69048,1,none
17bd49164dcd2420929a279d01cfedca7cc177b9,2024-09-16T16:13:40+08:00,17bd49164dcd2420929a279d01cfedca7cc177b9,identical_build,1,1,0,,2689069,none,961.119,944.802,-16.317,-0.017,0.84127,0.96971,none,125.431,136.212,10.781,0.086,0.22222,0.8604,none,226.621,261.5,34.879,0.1539,0.42063,1,none,94.138,99.284,5.146,0.0547,0.54762,0.9836,none,0.002,0.002,0,0,1,1,none,846,771,-75,-0.0887,0.91656,1,none
17bd49164dcd2420929a279d01cfedca7cc177b9,2024-09-16T16:13:40+08:00,9c3535f9b300a0db1f22f95ab0e015c0b261b6ba,ok,0,0,1,,2689069,none,953.495,938.944,-14.551,-0.0153,0.46096,0.96971,none,119.487,134.006,14.519,0.1215,0.0128,0.80046,none,246.022,244.7,-1.322,-0.0054,0.87019,1,none,95.875,104.321,8.446,0.0881,0.30459,0.9836,none,0.003,0.002,-0.001,-0.1917,0,0.00003,none,743,779,36,0.0485,0.12482,0.98645,none
f3b6dcfcbf1509eb69e305264a3d72bf592d4edf,2024-09-16T16:14:55+08:00,17bd49164dcd2420929a279d01cfedca7cc177b9,ok,0,0,0,,2689177,none,934.867,963.697,28.83,0.0308,0.30952,0.96971,none,139.506,133.8,-5.706,-0.0409,0.69048,0.98474,none,249.032,275.588,26.556,0.1066,0.22222,1,none,111.49,92.914,-18.576,-0.1666,1,1,none,0.002,0.002,0,0,1,1,none,808,777,-31,-0.0384,0.42063,1,none
e20eb77a4ef3e0c32c081be7190cb861400c37ff,2024-09-16T16:16:29+08:00,f3b6dcfcbf1509eb69e305264a3d72bf592d4edf,ok,0,0,1,,2689437,none,943.282,942.734,-0.548,-0.0006,0.90246,1,none,135.776,138.499,2.723,0.0201,0.87019,1,none,251.581,263.988,12.407,0.0493,0.30459,1,none,103.093,110.165,7.072,0.0686,0.77484,0.99244,none,0.002,0.002,0,0,1,1,none,780,796,16,0.0205,0.86818,1,none
27dd9857502466cc86b45c36745e6e2f015aaf37,2024-09-16T16:17:42+08:00,e20eb77a4ef3e0c32c081be7190cb861400c37ff,ok,0,0,1,,2689301,none,936.901,921.287,-15.613,-0.0167,0.83813,0.96971,none,120.48,129.447,8.967,0.0744,0.04533,0.8604,none,253,249,-4,-0.0158,0.5393,1,none,94.823,129.467,34.644,0.3654,0.12615,0.9836,none,0.002,0.002,0,0,0.97197,1,none,779,789,10,0.0128,0.93489,1,none
1128a40b4a4e1d61be39311166ea9e65ab85344f,2024-09-16T16:19:08+08:00,27dd9857502466cc86b45c36745e6e2f015aaf37,ok,0,0,1,,2689339,none,923.986,931.77,7.784,0.0084,0.56677,0.96971,none,129.579,137.727,8.148,0.0629,0.0742,0.8604,none,255.5,247.5,-8,-0.0313,0.93489,1,none,95.571,125.138,29.567,0.3094,0.02635,0.68481,none,0.002,0.002,0,0,0.35065,1,none,779,781,2,0.0026,0.75555,1,none
481de31849dbaa5f96a61820571cae5071f9ea56,2024-09-16T16:20:22+08:00,1128a40b4a4e1d61be39311166ea9e65ab85344f,ok,0,0,0,,2689361,none,919.717,920.072,0.355,0.0004,1,1,none,130.31,139.613,9.303,0.0714,0.42063,0.98474,none,238,248.5,10.5,0.0441,0.42063,1,none,97.451,99.752,2.301,0.0236,0.54762,0.9836,none,0.002,0.002,0,0,1,1,none,773,780,7,0.0091,0.22222,0.98645,none
1fb260a42f0028c9d87021255bce2b7fc640f500,2024-09-16T16:24:05+08:00,481de31849dbaa5f96a61820571cae5071f9ea56,ok,0,0,0,,2689361,none,929.23,925.776,-3.454,-0.0037,0.42063,0.96971,none,129.786,128.024,-1.762,-0.0136,0.84127,0.98474,none,242,240.994,-1.006,-0.0042,0.54762,1,none,88.974,103.813,14.839,0.1668,0.84127,0.99244,none,0.002,0.002,0,0,1,1,none,778,795,17,0.0219,0.54762,1,none
5094e8454738b054ad15eafb0e00ad0dfe013764,2024-09-23T10:15:54+08:00,a961225c9dbfde52c510ce19549a74eb34993bea,ok,0,0,1,,2728646,none,1003.195,979.559,-23.636,-0.0236,0.87019,0.99545,none,161.394,154.363,-7.031,-0.0436,0.06128,0.8604,none,338.448,337.599,-0.849,-0.0025,0.83813,1,none,190.052,196.954,6.902,0.0363,1,1,none,0.002,0.002,0,0,0.57653,1,none,604,606,2,0.0033,0.80344,1,none
699ca8e9c5d7e842fb08165fb4dc90bc3daabffe,2024-09-26T17:04:50+02:00,5094e8454738b054ad15eafb0e00ad0dfe013764,ok,0,0,0,,2728688,none,919.772,894.258,-25.514,-0.0277,0.84127,0.96971,none,155.006,137.148,-17.858,-0.1152,0.22222,0.8604,none,334.942,323.5,-11.442,-0.0342,0.54762,1,none,190.823,164.133,-26.69,-0.1399,0.15079,0.9836,none,0.002,0.002,0,0,1,1,none,575,542,-33,-0.0574,0.30952,0.98645,none
808ad464a3454397f232217d8fcaf9be862586f7,2024-09-26T17:05:02+02:00,699ca8e9c5d7e842fb08165fb4dc90bc3daabffe,ok,0,0,1,,2736363,none,970.515,950.745,-19.77,-0.0204,0.56677,0.96971,none,143.701,145.846,2.145,0.0149,0.77484,0.98474,none,336.308,299.065,-37.243,-0.1107,0.16069,1,none,166.572,182.603,16.031,0.0962,0.11598,0.9836,none,0.002,0.002,0,0,1,1,none,584,557,-27,-0.0462,0.40668,1,none
e61a1c0e4e7f95d793833d6043f07a926ab6f72f,2024-09-26T17:15:58+02:00,808ad464a3454397f232217d8fcaf9be862586f7,ok,0,0,1,,2736405,none,1005.188,998.994,-6.193,-0.0062,0.77484,0.96971,none,162.16,172.333,10.173,0.0627,0.21686,0.8604,none,393.428,368.381,-25.047,-0.0637,0.21686,1,none,220.902,229.674,8.772,0.0397,0.77484,0.99244,none,0.002,0.002,0,0,1,1,none,622,623,1,0.0016,0.91738,1,none
6b3dda5e6a368609cf2c0ea75c44d7276840ebbb,2024-09-26T17:17:12+02:00,e61a1c0e4e7f95d793833d6043f07a926ab6f72f,ok,0,0,0,,2736401,none,981.075,1015.083,34.007,0.0347,0.54762,0.96971,none,175.326,172.034,-3.292,-0.0188,0.84127,0.98474,none,422.685,418.638,-4.048,-0.0096,1,1,none,241.289,245.571,4.282,0.0177,1,1,none,0.002,0.002,0,0,1,1,none,665,643,-22,-0.0331,0.20869,0.98645,none
15bae507bfb2856a2f2a2dbde7be1baa61d1ec49,2024-09-26T17:18:39+02:00,15bae507bfb2856a2f2a2dbde7be1baa61d1ec49,identical_build,1,1,0,,2736395,none,967.11,973.338,6.228,0.0064,1,1,none,151.653,166.827,15.174,0.1001,0.30952,0.92551,none,265.774,342.5,76.726,0.2887,0.69048,1,none,205.133,253.325,48.192,0.2349,0.42063,0.9836,none,0.002,0.002,0,0,1,1,none,556,507,-49,-0.0881,0.54762,1,none
15bae507bfb2856a2f2a2dbde7be1baa61d1ec49,2024-09-26T17:18:39+02:00,6b3dda5e6a368609cf2c0ea75c44d7276840ebbb,ok,0,0,0,,2736395,none,933.66,975.916,42.256,0.0453,1,1,none,159.627,162.082,2.455,0.0154,0.69048,0.98474,none,294.184,354.352,60.168,0.2045,0.69048,1,none,188.221,269.326,81.105,0.4309,0.22222,0.9836,none,0.002,0.002,0,0,0.17702,1,none,656,601,-55,-0.0838,0.69048,1,none
2ec007be666b0826926a2564ecd3e42d08ce226e,2024-09-26T17:20:19+02:00,15bae507bfb2856a2f2a2dbde7be1baa61d1ec49,ok,0,0,0,,2736425,none,1002.416,999.248,-3.168,-0.0032,0.84127,0.96971,none,182.78,181.739,-1.041,-0.0057,0.54762,0.98474,none,388.747,392.232,3.485,0.009,1,1,none,273.498,302.47,28.972,0.1059,0.30952,0.9836,none,0.002,0.002,0,0,0.42371,1,none,627,618,-9,-0.0144,0.34574,0.98645,none
fd16694c3d2978312951f8aaae1e1e3d155c348c,2024-09-26T17:21:31+02:00,2ec007be666b0826926a2564ecd3e42d08ce226e,ok,0,0,0,,2736705,none,970.66,969.522,-1.138,-0.0012,0.84127,0.96971,none,173.999,183.092,9.093,0.0523,0.42063,0.98474,none,347.831,338.34,-9.491,-0.0273,0.69048,1,none,224.78,229.938,5.158,0.0229,0.42063,0.9836,none,0.002,0.002,0,0,1,1,none,583,577,-6,-0.0103,0.34574,0.98645,none
9ff4a358f24362e72d443942ae30ad0d4feda602,2024-09-27T18:14:05+02:00,fd16694c3d2978312951f8aaae1e1e3d155c348c,ok,0,0,1,,2736715,none,971.002,984.819,13.817,0.0142,0.08919,0.84151,none,177.2,177.703,0.503,0.0028,0.71297,0.98474,none,339.165,357.414,18.249,0.0538,0.16069,1,none,234.36,226.914,-7.446,-0.0318,0.20168,0.9836,none,0.002,0.002,0,0,1,1,none,580,577,-3,-0.0052,1,1,none
b1a6899dec1f956f44e9acff1c7892fa14bf54c1,2024-09-27T18:14:35+02:00,9ff4a358f24362e72d443942ae30ad0d4feda602,ok,0,0,0,,2736853,none,976.398,975.317,-1.081,-0.0011,1,1,none,173.411,175.371,1.96,0.0113,0.84127,0.98474,none,356.503,369.622,13.118,0.0368,0.30952,1,none,243.397,248.05,4.653,0.0191,0.69048,0.9836,none,0.002,0.002,0,0,0.42371,1,none,585,583,-2,-0.0034,0.52962,1,none
4567e55ee0641e0a9501f89621c1e641cb6cec25,2024-09-27T18:20:22+02:00,b1a6899dec1f956f44e9acff1c7892fa14bf54c1,ok,0,0,0,,2738041,none,974.105,964.99,-9.115,-0.0094,0.69048,0.96971,none,170.178,173.788,3.61,0.0212,0.22222,0.8604,none,345.084,352.431,7.347,0.0213,0.09524,1,none,219.585,225.086,5.501,0.0251,0.69048,0.9836,none,0.002,0.002,0,0,0.42371,1,none,608,587,-21,-0.0345,0.69048,1,none
e45d0e2f9b6df70fb3c5e792441ed641b85cafcc,2024-09-28T14:40:47Z,4567e55ee0641e0a9501f89621c1e641cb6cec25,ok,0,0,1,,2738009,none,983.53,969.183,-14.347,-0.0146,0.04084,0.82224,none,175.19,172.092,-3.098,-0.0177,0.23281,0.86801,none,379.691,356.713,-22.979,-0.0605,0.23281,1,none,259.71,249.134,-10.576,-0.0407,0.32455,0.9836,none,0.002,0.002,0,0,1,1,none,578,587,9,0.0156,0.57496,1,none
b15177c4bcfe7e37958ff3a19a13dd9d8756cd18,2024-09-28T20:11:44+05:30,e45d0e2f9b6df70fb3c5e792441ed641b85cafcc,ok,0,0,0,,2738014,none,985.751,968.523,-17.228,-0.0175,0.15079,0.95873,none,195.643,195.452,-0.191,-0.001,0.84127,0.98474,none,345.625,343.365,-2.261,-0.0065,1,1,none,330.195,305.226,-24.969,-0.0756,0.42063,0.9836,none,0.002,0.002,0,0,1,1,none,592,573,-19,-0.0321,0.34574,0.98645,none
622e7e5cad19d5f3e9c16816b0ad3ce5ef44aaca,2024-09-28T20:14:40+05:30,b15177c4bcfe7e37958ff3a19a13dd9d8756cd18,ok,0,0,0,,2738014,none,970.497,966.449,-4.047,-0.0042,1,1,none,202.711,192.009,-10.702,-0.0528,0.84127,0.98474,none,372.912,362.006,-10.906,-0.0292,0.84127,1,none,315.433,316.655,1.222,0.0039,1,1,none,0.002,0.002,0,0,0.42371,1,none,606,591,-15,-0.0248,0.84127,1,none
cfcf01ee9ece8d873eb4d97c2b9b7e2a59c6f000,2024-09-28T20:15:58+05:30,622e7e5cad19d5f3e9c16816b0ad3ce5ef44aaca,ok,0,0,0,,2738012,none,969.513,974.778,5.265,0.0054,0.69048,0.96971,none,184.383,190.625,6.242,0.0339,0.22222,0.8604,none,333.172,335.27,2.098,0.0063,0.84127,1,none,339.837,319.537,-20.3,-0.0597,1,1,none,0.002,0.002,0,0,1,1,none,558,564,6,0.0108,1,1,none
d1b5bc861a9239f10a286412f10774978e15d0f2,2024-09-30T09:00:40+08:00,cfcf01ee9ece8d873eb4d97c2b9b7e2a59c6f000,ok,0,0,0,,2737658,none,972.667,979.679,7.012,0.0072,0.84127,0.96971,none,189.955,163.401,-26.554,-0.1398,0.15079,0.8604,none,369.141,402.664,33.523,0.0908,0.84127,1,none,323.166,338.089,14.923,0.0462,0.54762,0.9836,none,0.002,0.003,0.001,0.2371,0.00558,0.2409,none,596,577,-19,-0.0319,0.69048,1,none
391b3cab70a5a49ad65baaab9eea1a9d63e93a9f,2024-10-09T14:50:59+08:00,d1b5bc861a9239f10a286412f10774978e15d0f2,ok,0,0,1,,2737390,improvement,891.365,780.702,-110.663,-0.1242,0.0007,0.04201,improvement,105.144,106.513,1.369,0.013,0.68267,0.98474,none,282.099,228.5,-53.599,-0.19,0,0.00009,improvement,68.657,65.118,-3.539,-0.0515,0.41238,0.9836,none,0.003,0.004,0.001,0.3795,0.00033,0.02477,none,444,380,-64,-0.1441,0.00019,0.01415,improvement
132227d4eb83a2c01955be51b571acde139541ec,2024-10-12T08:54:29Z,391b3cab70a5a49ad65baaab9eea1a9d63e93a9f,ok,0,0,0,,2738420,none,895.147,836.9,-58.247,-0.0651,0.84127,0.96971,none,119.838,115.29,-4.548,-0.038,0.84127,0.98474,none,245.5,219,-26.5,-0.1079,0.22222,1,none,131.901,151.415,19.514,0.1479,1,1,none,0.004,0.004,0,0,1,1,none,398,411,13,0.0327,1,1,none
42cf8e00c475fcc64c03e8a6cb52b8b15e7eacdc,2024-10-12T08:56:47Z,132227d4eb83a2c01955be51b571acde139541ec,ok,0,0,1,,2742378,none,918.11,845.935,-72.175,-0.0786,0.0295,0.68481,none,130.135,124.066,-6.069,-0.0466,0.36688,0.98474,none,272,249.5,-22.5,-0.0827,0.5393,1,none,161.985,171.993,10.008,0.0618,0.65287,0.9836,none,0.11,0.004,-0.107,-0.966,0.13456,1,none,435,409,-26,-0.0598,0.08498,0.98645,none
cf3a17a9006822a5d3d4ab77a55a353509e42e7b,2024-10-12T14:42:25+05:30,42cf8e00c475fcc64c03e8a6cb52b8b15e7eacdc,ok,0,0,0,,2742344,none,912.258,826.05,-86.209,-0.0945,1,1,none,112.468,120.813,8.345,0.0742,0.54762,0.98474,none,261.5,250.5,-11,-0.0421,0.84127,1,none,127.982,126.268,-1.714,-0.0134,1,1,none,0.11,0.11,0,0,0.81736,1,none,397,405,8,0.0202,0.84127,1,none
646093a2d42de7a24e2c77f1f125ddc3b82b3d32,2024-10-12T14:44:29+05:30,646093a2d42de7a24e2c77f1f125ddc3b82b3d32,identical_build,1,1,1,,2742353,none,844.589,843.48,-1.108,-0.0013,0.68267,0.96971,none,127.441,126.528,-0.913,-0.0072,0.68267,0.98474,none,251,267,16,0.0637,0.83813,1,none,153.538,170.778,17.24,0.1123,0.03672,0.69304,none,0.004,0.004,0,0,0.6973,1,none,416,405,-11,-0.0264,0.58957,1,none
646093a2d42de7a24e2c77f1f125ddc3b82b3d32,2024-10-12T14:44:29+05:30,cf3a17a9006822a5d3d4ab77a55a353509e42e7b,ok,0,0,1,,2742353,none,796.779,790.105,-6.674,-0.0084,0.30459,0.96971,none,116.418,120.215,3.797,0.0326,0.56677,0.98474,none,234,233.5,-0.5,-0.0021,1,1,none,122.118,123.857,1.739,0.0142,0.62359,0.9836,none,0.004,0.004,0,0,0.8216,1,none,391,377,-14,-0.0358,0.11442,0.98645,none
a681541956462672a0848e3fabfa5d0936d3d903,2024-10-14T09:01:25+02:00,646093a2d42de7a24e2c77f1f125ddc3b82b3d32,ok,0,0,0,,2742397,none,827.026,863.878,36.852,0.0446,0.42063,0.96971,none,129.143,125.262,-3.881,-0.0301,0.42063,0.98474,none,253,252.5,-0.5,-0.002,0.84127,1,none,167.115,136.092,-31.023,-0.1856,0.54762,0.9836,none,0.11,0.004,-0.107,-0.966,0.90807,1,none,388,401,13,0.0335,0.30952,0.98645,none
756b51d4d0c69b16dc09d3b7063f610dbc987ebf,2024-10-14T09:10:59+02:00,a681541956462672a0848e3fabfa5d0936d3d903,ok,0,0,0,,2742411,none,921.683,837.883,-83.8,-0.0909,0.69048,0.96971,none,114.624,130.936,16.312,0.1423,0.69048,0.98474,none,277.5,246,-31.5,-0.1135,0.22222,1,none,131.107,106.288,-24.819,-0.1893,0.69048,0.9836,none,0.004,0.11,0.107,28.3811,0.81736,1,none,448,401,-47,-0.1049,0.42063,1,none
08feb3426189f7f97af09280c4185f89450e53cc,2024-10-14T09:11:56+02:00,756b51d4d0c69b16dc09d3b7063f610dbc987ebf,ok,0,0,0,,2742399,none,932.001,847.426,-84.575,-0.0907,0.22222,0.95873,none,123.788,128.644,4.856,0.0392,0.84127,0.98474,none,254.5,238.5,-16,-0.0629,0.54762,1,none,129.443,132.744,3.301,0.0255,0.54762,0.9836,none,0.11,0.11,0,0,0.60558,1,none,409,416,7,0.0171,0.84127,1,none
96b9b7c3c3d1f20d609a94642fcabb3eba2df306,2024-10-14T09:12:36+02:00,08feb3426189f7f97af09280c4185f89450e53cc,ok,0,0,0,,2742429,none,864.201,843.508,-20.693,-0.0239,0.42063,0.96971,none,126.238,123.571,-2.667,-0.0211,0.84127,0.98474,none,262.5,255.5,-7,-0.0267,0.84127,1,none,176.979,155.95,-21.029,-0.1188,0.54762,0.9836,none,0.11,0.004,-0.107,-0.966,0.48842,1,none,406,406,0,0,0.83252,1,none
a62b914bc6bcb433bddb02a69f1ce708c34c8a22,2024-10-14T09:17:30+02:00,96b9b7c3c3d1f20d609a94642fcabb3eba2df306,ok,0,0,0,,2742431,none,764.262,769.446,5.184,0.0068,0.69048,0.96971,none,109.116,99.831,-9.285,-0.0851,0.30952,0.92551,none,225.5,229,3.5,0.0155,1,1,none,49.013,53.012,3.999,0.0816,1,1,none,0.11,0.004,-0.107,-0.966,0.33898,1,none,367,374,7,0.0191,0.30952,0.98645,none
017ce157b0c76f81639ab4ad78866f57d081df40,2024-10-15T12:41:10+02:00,a62b914bc6bcb433bddb02a69f1ce708c34c8a22,ok,0,0,1,,2742423,none,766.406,771.394,4.988,0.0065,0.48636,0.96971,none,105.833,106.766,0.933,0.0088,0.5393,0.98474,none,223,230.5,7.5,0.0336,0.08898,1,none,84.619,90.029,5.41,0.0639,0.38923,0.9836,none,0.004,0.11,0.107,28.3811,0.00759,0.28652,none,369,371,2,0.0054,0.40584,1,none
a9c6189c96b875b0d1840ebe9b697ca0dd5413c7,2024-10-15T12:41:20+02:00,017ce157b0c76f81639ab4ad78866f57d081df40,ok,0,0,0,,2741939,none,771.982,792.038,20.056,0.026,0.69048,0.96971,none,107.683,106.675,-1.008,-0.0094,0.42063,0.98474,none,225.5,227,1.5,0.0067,0.69048,1,none,91.443,106.094,14.651,0.1602,0.42063,0.9836,none,0.004,0.004,0,0,0.42371,1,none,368,383,15,0.0408,0.91631,1,none
17041a2929a99e2d25852ae969b47b41ac5e07ce,2024-10-15T12:41:52+02:00,a9c6189c96b875b0d1840ebe9b697ca0dd5413c7,ok,0,0,0,,2741947,none,790.352,755.83,-34.522,-0.0437,0.30952,0.96971,none,110.789,106.113,-4.676,-0.0422,0.84127,0.98474,none,229.5,225.5,-4,-0.0174,0.30952,1,none,97.49,91.457,-6.033,-0.0619,1,1,none,0.004,0.004,0,0,1,1,none,387,375,-12,-0.031,0.30952,0.98645,none
78d61f2dae1858153e35e0bc93052387c88d7a19,2024-10-18T15:14:41+02:00,17041a2929a99e2d25852ae969b47b41ac5e07ce,ok,0,0,0,,2742599,none,783.388,762.216,-21.171,-0.027,1,1,none,108.493,130.263,21.77,0.2007,0.15079,0.8604,none,225.5,233,7.5,0.0333,0.01587,0.39947,none,103.191,133.355,30.164,0.2923,0.22222,0.9836,none,0.004,0.11,0.107,28.3811,0.41892,1,none,372,364,-8,-0.0215,0.17322,0.98645,none
b66b1d2fbf2cad70f98a7cba9e941d3c99bf80eb,2024-10-29T08:54:06+01:00,78d61f2dae1858153e35e0bc93052387c88d7a19,ok,0,0,1,,2742735,none,760.183,780.6,20.417,0.0269,0.20168,0.95873,none,108.822,106.499,-2.323,-0.0213,0.87019,1,none,228,236,8,0.0351,0.21686,1,none,91.208,101.185,9.977,0.1094,0.17361,0.9836,none,0.004,0.004,0,0,0.62026,1,none,374,375,1,0.0027,0.80325,1,none
7c7e701c48b0887495a732019ce07ea68c9b2318,2024-10-29T09:01:14+01:00,b66b1d2fbf2cad70f98a7cba9e941d3c99bf80eb,ok,0,0,1,,2742753,none,779.402,786.784,7.382,0.0095,0.71297,0.96971,none,104.026,107.314,3.288,0.0316,0.18727,0.8604,none,234.5,228.5,-6,-0.0256,0.83569,1,none,89.051,91.924,2.873,0.0323,0.46096,0.9836,none,0.004,0.004,0,0,0.48672,1,none,381,373,-8,-0.021,0.93383,1,none
cf84ce10597785e6dfa2f2fb6db5d6a0b4810b32,2024-10-29T09:18:34+01:00,7c7e701c48b0887495a732019ce07ea68c9b2318,ok,0,0,0,,2742120,none,765.234,766.777,1.544,0.002,0.84127,0.96971,none,109.013,109.298,0.285,0.0026,0.69048,0.98474,none,228.5,227,-1.5,-0.0066,0.54762,1,none,106.921,106.42,-0.501,-0.0047,0.84127,0.99244,none,0.004,0.004,0,0,1,1,none,367,384,17,0.0463,0.09524,0.98645,none
e419207bd88c642d4be604a773789126a076b391,2024-10-29T09:18:47+01:00,cf84ce10597785e6dfa2f2fb6db5d6a0b4810b32,ok,0,0,1,,2742404,none,774.491,794.954,20.462,0.0264,0.30459,0.96971,none,112.153,109.981,-2.172,-0.0194,0.46096,0.98474,none,233.5,227.5,-6,-0.0257,0.0779,1,none,101.342,105.246,3.904,0.0385,0.90246,1,none,0.004,0.004,0,0,0.15616,1,none,373,376,3,0.008,0.54728,1,none
2d1235ba12e473422ab75ee8f1e381308fdd27ee,2024-10-29T09:19:13+01:00,e419207bd88c642d4be604a773789126a076b391,ok,0,0,0,,2742426,none,774.643,780.939,6.295,0.0081,0.69048,0.96971,none,104.592,109.729,5.137,0.0491,0.54762,0.98474,none,229.5,241.5,12,0.0523,0.42063,1,none,108.714,113.754,5.04,0.0464,0.30952,0.9836,none,0.11,0.004,-0.107,-0.966,0.51101,1,none,386,363,-23,-0.0596,0.30952,0.98645,none
929aff014b0595dda64f31361e8b37b5d6eb750c,2024-10-30T18:04:36+01:00,929aff014b0595dda64f31361e8b37b5d6eb750c,identical_build,1,1,0,,2742436,none,777.537,755.628,-21.909,-0.0282,0.54762,0.96971,none,106.039,104.562,-1.477,-0.0139,0.69048,0.98474,none,224,225,1,0.0045,1,1,none,86.251,95.784,9.533,0.1105,0.84127,0.99244,none,0.004,0.004,0,0,0.5186,1,none,366,366,0,0,0.7533,1,none
929aff014b0595dda64f31361e8b37b5d6eb750c,2024-10-30T18:04:36+01:00,2d1235ba12e473422ab75ee8f1e381308fdd27ee,ok,0,0,1,,2742436,none,791.671,756.04,-35.63,-0.045,0.32455,0.96971,none,107.02,112.474,5.454,0.051,0.24956,0.89721,none,231,228,-3,-0.013,0.27164,1,none,89.152,91.384,2.232,0.025,0.87019,1,none,0.11,0.004,-0.107,-0.966,0.08449,1,none,371,378,7,0.0189,0.64787,1,none
18eaa5eb8d516878299fb9bad3b248c6fcc091f1,2024-11-02T09:00:41+08:00,929aff014b0595dda64f31361e8b37b5d6eb750c,ok,0,0,0,,2743524,none,850.73,775.648,-75.082,-0.0883,0.22222,0.95873,none,147.327,117.191,-30.136,-0.2046,0.22222,0.8604,none,250,240,-10,-0.04,0.69048,1,none,139.059,126.413,-12.646,-0.0909,0.69048,0.9836,none,0.004,0.004,0,0,0.90486,1,none,417,388,-29,-0.0695,0.91656,1,none
f7a57b844f9e6a1715d3593ffc7d459056db005b,2024-11-02T09:00:47+08:00,18eaa5eb8d516878299fb9bad3b248c6fcc091f1,ok,0,0,0,,2743614,none,901.373,961.254,59.881,0.0664,0.42063,0.96971,none,199.139,180.098,-19.041,-0.0956,0.30952,0.92551,none,304,266.5,-37.5,-0.1234,0.84127,1,none,430.855,324.766,-106.089,-0.2462,0.42063,0.9836,none,0.004,0.004,0,0,0.57615,1,none,2794,1552,-1242,-0.4445,1,1,none
58c4b8992527c252b18b834e4712ebe682e43db2,2024-11-08T13:32:57+08:00,f7a57b844f9e6a1715d3593ffc7d459056db005b,ok,0,0,0,,2743975,none,732.588,808.895,76.307,0.1042,0.4127,0.96971,none,121.696,145.845,24.149,0.1984,0.15079,0.8604,none,86,229.75,143.75,1.6715,0.11111,1,none,137.192,164.073,26.881,0.1959,0.30952,0.9836,none,0.107,0.11,0.003,0.027,0.80071,1,none,2940,410.5,-2529.5,-0.8604,0.11111,0.98645,none
597abd1ca9d03cf2710d0bdea4c5b923ec3bf6c2,2024-11-11T10:07:50+08:00,58c4b8992527c252b18b834e4712ebe682e43db2,ok,0,0,0,,2744109,none,775.034,689.994,-85.04,-0.1097,0.78571,0.96971,none,102.483,119.467,16.984,0.1657,0.73016,0.98474,none,153.957,103,-50.957,-0.331,0.39286,1,none,37.058,73.722,36.664,0.9894,0.90476,1,none,0.107,0.107,0,0,0.52241,1,none,5378,3363,-2015,-0.3747,1,1,none
f7a80d4eac57d45f170cd8ae50e88613b703017f,2024-11-11T21:50:02+08:00,597abd1ca9d03cf2710d0bdea4c5b923ec3bf6c2,ok,0,0,0,,2744133,none,764.571,790.253,25.682,0.0336,0.57143,0.96971,none,139.608,123.097,-16.511,-0.1183,0.22222,0.8604,none,234.25,220,-14.25,-0.0608,0.19048,1,none,146.906,89.879,-57.027,-0.3882,0.15079,0.9836,none,0.056,0.003,-0.053,-0.9488,0.83432,1,none,14077,406,-13671,-0.9712,0.85714,1,none
dcf9415318cb6c4105b51dd83852304988f065c2,2024-11-14T00:22:10+08:00,f7a80d4eac57d45f170cd8ae50e88613b703017f,ok,0,0,0,,2744133,none,811.214,809.327,-1.886,-0.0023,0.84127,0.96971,none,138.145,136.828,-1.317,-0.0095,0.84127,0.98474,none,226,224,-2,-0.0088,1,1,none,116.306,123.265,6.959,0.0598,0.84127,0.99244,none,0.11,0.11,0,0,0.60047,1,none,711,709,-2,-0.0028,1,1,none
901fa8ee0d7638dcf4a11a6fb7446eb735be2bba,2024-11-15T21:39:21+08:00,dcf9415318cb6c4105b51dd83852304988f065c2,ok,0,0,1,,2743797,none,904.603,869.669,-34.934,-0.0386,0.80633,0.96971,none,145.1,130.239,-14.861,-0.1024,0.01643,0.80046,none,231,239,8,0.0346,0.62359,1,none,129.237,129.041,-0.196,-0.0015,0.83813,0.99244,none,0.11,0.11,0.001,0.0081,0.00053,0.03217,none,711,731,20,0.0281,0.10115,0.98645,none
8061bb2ae936a6ea2522dbb58cb740625c1b0685,2024-11-19T10:21:21+01:00,901fa8ee0d7638dcf4a11a6fb7446eb735be2bba,ok,0,0,0,,2743785,none,814.632,812.549,-2.083,-0.0026,0.84127,0.96971,none,119.516,123.598,4.082,0.0342,0.69048,0.98474,none,228,240.123,12.123,0.0532,0.42063,1,none,106.378,140.604,34.226,0.3217,0.54762,0.9836,none,0.11,0.11,0,0,0.60047,1,none,694,712,18,0.0259,1,1,none
b266b8191d62a21d71e2f619f2543cff4fcbd086,2024-11-19T10:21:56+01:00,8061bb2ae936a6ea2522dbb58cb740625c1b0685,ok,0,0,0,,2743785,none,910.714,911.027,0.313,0.0003,1,1,none,125.778,123.395,-2.383,-0.0189,1,1,none,226,204.5,-21.5,-0.0951,0.42063,1,none,121.586,116.099,-5.487,-0.0451,0.84127,0.99244,none,0.11,0.11,0,0,1,1,none,762,676,-86,-0.1129,0.22222,0.98645,none
6e1090cb895c206e4634811ca236740b8f940f60,2024-11-19T10:23:15+01:00,b266b8191d62a21d71e2f619f2543cff4fcbd086,ok,0,0,0,,2743805,none,814.368,927.53,113.161,0.139,0.15079,0.95873,none,151.419,130.6,-20.819,-0.1375,0.22222,0.8604,none,233,224.762,-8.238,-0.0354,0.54762,1,none,183.592,120.823,-62.769,-0.3419,0.30952,0.9836,none,0.004,0.11,0.107,28.3811,0.63123,1,none,801,699,-102,-0.1273,0.22222,0.98645,none
1cea4314f762939ab2c52ecfb20cafb6eb40e16d,2024-11-19T10:28:38+01:00,6e1090cb895c206e4634811ca236740b8f940f60,ok,0,0,1,,2749943,none,913.245,898.651,-14.594,-0.016,0.18727,0.95873,none,122.52,119.666,-2.854,-0.0233,0.5393,0.98474,none,194.5,216.069,21.569,0.1109,0.10645,1,none,104.953,100.837,-4.116,-0.0392,0.62359,0.9836,none,0.11,0.11,0,0,0.37782,1,none,688,691,3,0.0044,0.69336,1,none
0773ed439c142d140ac6eebbe858b250a73be441,2024-11-19T10:46:44+01:00,1cea4314f762939ab2c52ecfb20cafb6eb40e16d,identical_build,1,0,0,,2749943,none,907.865,921.732,13.867,0.0153,1,1,none,114.354,112.224,-2.13,-0.0186,0.90476,1,none,220.85,224.441,3.591,0.0163,1,1,none,88.273,98.189,9.915,0.1123,0.55556,0.9836,none,0.11,0.11,0,0,0.50498,1,none,693,673,-20,-0.0289,0.4,1,none
0d6ad767e5ef074af3f83c16c3cd384e184abf74,2024-11-19T10:47:08+01:00,0773ed439c142d140ac6eebbe858b250a73be441,ok,0,0,0,,2749939,,,,,,,,,,,,,,,,,,,,,,,,,,,,,,,,,,,,,,,,,,,
b1b555574175a8accf045aaba1d282b78ed36f72,2024-11-19T10:52:53+01:00,0d6ad767e5ef074af3f83c16c3cd384e184abf74,ok,0,0,0,,2750395,none,907.785,923.28,15.495,0.0171,0.42063,0.96971,none,116.551,104.806,-11.745,-0.1008,0.54762,0.98474,none,202.592,180.5,-22.092,-0.109,0.15079,1,none,108.685,65.395,-43.29,-0.3983,0.84127,0.99244,none,0.11,0.11,0,0,0.42371,1,none,666,709,43,0.0646,0.22222,0.98645,none
ce19be89b28ce7ebc9aa257663c37b847466fc66,2024-11-19T10:53:04+01:00,b1b555574175a8accf045aaba1d282b78ed36f72,ok,0,0,0,,2750398,none,821.39,811.288,-10.102,-0.0123,0.30952,0.96971,none,119.749,123.025,3.276,0.0274,0.54762,0.98474,none,184.5,181,-3.5,-0.019,0.69048,1,none,113.21,118.834,5.624,0.0497,0.42063,0.9836,none,0.11,0.004,-0.107,-0.966,0.27034,1,none,672,680,8,0.0119,0.54762,1,none
797839be5633dfd0288ca997b27bb497af94e0ff,2024-11-19T13:14:30+01:00,ce19be89b28ce7ebc9aa257663c37b847466fc66,ok,0,0,0,,2751026,none,911.694,811.101,-100.593,-0.1103,0.69048,0.96971,none,122.979,125.55,2.571,0.0209,0.84127,0.98474,none,182.5,178,-4.5,-0.0247,0.15079,1,none,109.778,109.73,-0.048,-0.0004,0.69048,0.9836,none,0.004,0.004,0,0,1,1,none,673,665,-8,-0.0119,0.84127,1,none
ab958c8e0d26ee8abae55357d46b1a4e06d01c6a,2024-11-20T21:35:02+08:00,797839be5633dfd0288ca997b27bb497af94e0ff,ok,0,0,1,,2751668,improvement,912.678,733.394,-179.284,-0.1964,0,0,improvement,117.307,120.03,2.723,0.0232,0.7437,0.98474,none,181.5,195.089,13.589,0.0749,0.00316,0.11912,none,110.09,103.401,-6.689,-0.0608,0.65287,0.9836,none,0.11,0.161,0.051,0.46,0.08179,1,none,664,781,117,0.1762,0.00002,0.0016,regression
8ce9c233b96cc734155a9dae616d7ec8726b5a25,2024-11-26T00:00:49+05:30,ab958c8e0d26ee8abae55357d46b1a4e06d01c6a,ok,0,0,0,,2751674,none,741.282,737.647,-3.635,-0.0049,0.69048,0.96971,none,108.802,121.205,12.403,0.114,0.22222,0.8604,none,226.534,218.38,-8.154,-0.036,0.69048,1,none,82.88,104.824,21.944,0.2648,0.15079,0.9836,none,0.082,0.161,0.079,0.972,0.45064,1,none,789,807,18,0.0228,0.59929,1,none
5936eef341f8c0c62b36d80ad2007b36c10602ee,2024-11-26T00:01:07+05:30,8ce9c233b96cc734155a9dae616d7ec8726b5a25,ok,0,0,0,,2751668,none,737.711,762.688,24.977,0.0339,0.09524,0.84151,none,131.777,121.429,-10.348,-0.0785,0.54762,0.98474,none,215.664,227.813,12.149,0.0563,1,1,none,116.287,113.479,-2.808,-0.0241,1,1,none,0.082,0.082,0,-0.0006,0.67234,1,none,795,876,81,0.1019,0.01587,0.47937,none
ac1682b2c348d5f2e69ab9d6bad4b39266b266eb,2024-11-26T00:01:48+05:30,5936eef341f8c0c62b36d80ad2007b36c10602ee,ok,0,0,0,,2751670,none,754.473,740.113,-14.36,-0.019,0.84127,0.96971,none,112.749,109.727,-3.022,-0.0268,1,1,none,248,209.653,-38.347,-0.1546,0.42063,1,none,106.823,102.34,-4.483,-0.042,0.84127,0.99244,none,0.082,0.082,0,0.0001,0.39761,1,none,829,806,-23,-0.0277,0.84127,1,none
d600fe17c1cf08b0209c3dc661e7ea23c99205c6,2024-11-26T00:04:57+05:30,ac1682b2c348d5f2e69ab9d6bad4b39266b266eb,ok,0,0,0,,2751636,none,777.717,879.487,101.77,0.1309,0.84127,0.96971,none,119.821,117.119,-2.702,-0.0226,0.42063,0.98474,none,237,229,-8,-0.0338,1,1,none,102.671,107.79,5.119,0.0499,1,1,none,0.082,0.082,0,0.0013,1,1,none,859,859,0,0,0.6004,1,none
4e94b6811a9dee9d8e38579a960aa2a53cd00257,2024-11-26T00:08:26+05:30,d600fe17c1cf08b0209c3dc661e7ea23c99205c6,ok,0,0,0,,2751632,none,768.476,735.785,-32.691,-0.0425,0.54762,0.96971,none,121.755,112.07,-9.685,-0.0795,0.54762,0.98474,none,202.503,193.614,-8.889,-0.0439,0.42063,1,none,100.111,96.846,-3.265,-0.0326,0.54762,0.9836,none,0.082,0.082,0,0,0.52581,1,none,847,807,-40,-0.0472,0.91656,1,none
524de31999da67a2d68eb84a5768ee00a296e884,2024-11-26T00:10:47+05:30,4e94b6811a9dee9d8e38579a960aa2a53cd00257,ok,0,0,1,,2751668,none,770.132,1030.102,259.97,0.3376,0.15831,0.95873,none,99.781,97.118,-2.663,-0.0267,0.7437,0.98474,none,220.038,214.897,-5.141,-0.0234,0.81318,1,none,41.276,33.556,-7.72,-0.187,0.62359,0.9836,none,0.082,0.082,0,0,0.96461,1,none,472,474.5,2.5,0.0053,0.60038,1,none
129c27cfc7fcb056a2e2ae4e092e99712eb84045,2024-11-26T00:16:16+05:30,524de31999da67a2d68eb84a5768ee00a296e884,ok,0,0,0,,2751698,none,1070.299,1066.815,-3.483,-0.0033,0.42063,0.96971,none,95.518,101.804,6.286,0.0658,0.69048,0.98474,none,233.552,235.359,1.807,0.0077,0.84127,1,none,50.521,60.347,9.826,0.1945,0.54762,0.9836,none,0.06,0.055,-0.005,-0.0896,0.32897,1,none,482,466,-16,-0.0332,0.17322,0.98645,none
d0a13f7c2d345c9c50bb8bd113e7f7c1105bf9b1,2024-11-28T15:48:39+08:00,129c27cfc7fcb056a2e2ae4e092e99712eb84045,ok,0,0,0,,2751714,none,1014.291,1025.022,10.731,0.0106,0.84127,0.96971,none,95.824,95.724,-0.1,-0.001,1,1,none,221.433,212.354,-9.08,-0.041,0.54762,1,none,44.728,45.915,1.187,0.0265,0.69048,0.9836,none,0.055,0.07,0.015,0.2767,0.57615,1,none,455,470,15,0.033,0.22222,0.98645,none
f9c82f488e0625a07b55afd4bd8bac71d353df5b,2024-11-28T15:49:05+08:00,d0a13f7c2d345c9c50bb8bd113e7f7c1105bf9b1,ok,0,0,0,,2752094,none,1021.731,734.083,-287.648,-0.2815,0.15079,0.95873,none,98.004,101.85,3.846,0.0392,0.69048,0.98474,none,215.184,221.209,6.025,0.028,0.30952,1,none,44.826,35.534,-9.292,-0.2073,0.69048,0.9836,none,0.082,0.055,-0.027,-0.3328,0.28428,1,none,445,458,13,0.0292,0.24915,0.98645,none
c66267e02eb35bc13408b43297c9d301f92a512b,2024-12-06T10:16:54+08:00,f9c82f488e0625a07b55afd4bd8bac71d353df5b,ok,0,0,1,,2751510,improvement,735.452,732.114,-3.338,-0.0045,0.00167,0.07184,none,93.783,93.036,-0.747,-0.008,0.93489,1,none,224.259,177,-47.259,-0.2107,0.00162,0.08134,none,40.491,28.064,-12.427,-0.3069,0.01643,0.68481,none,0.082,0.004,-0.078,-0.954,0.00001,0.00222,improvement,459,342,-117,-0.2549,0,0.0005,improvement
e63d3eabbba6052a1a3e8bc72322d8a9bd0435ab,2024-12-08T18:57:44+08:00,e63d3eabbba6052a1a3e8bc72322d8a9bd0435ab,identical_build,1,1,0,,2753046,none,730.659,727.793,-2.865,-0.0039,0.09524,0.84151,none,90.33,87.874,-2.456,-0.0272,0.54762,0.98474,none,176,171,-5,-0.0284,0.42063,1,none,25.148,13.442,-11.706,-0.4655,0.30952,0.9836,none,0.004,0.004,0,0,0.42371,1,none,339,345,6,0.0177,0.69048,1,none
e63d3eabbba6052a1a3e8bc72322d8a9bd0435ab,2024-12-08T18:57:44+08:00,c66267e02eb35bc13408b43297c9d301f92a512b,ok,0,0,0,,2753046,none,737.58,737.703,0.123,0.0002,1,1,none,94.105,90.479,-3.626,-0.0385,0.30952,0.92551,none,179,176,-3,-0.0168,0.34427,1,none,35.752,45.62,9.868,0.276,0.54762,0.9836,none,0.004,0.004,0,0,0.17971,1,none,349,349,0,0,0.91656,1,none
dd5e8c8f0807538dc7e62e5f93cc5646480cb86e,2024-12-09T12:21:48+01:00,e63d3eabbba6052a1a3e8bc72322d8a9bd0435ab,ok,0,0,1,,2753170,none,747.409,762.17,14.761,0.0197,0.56677,0.96971,none,113.962,110.988,-2.974,-0.0261,0.28544,0.92551,none,183,187.5,4.5,0.0246,0.51249,1,none,95.995,95.687,-0.308,-0.0032,0.87019,1,none,0.004,0.004,0,0,0.056,1,none,360,368,8,0.0222,0.48063,1,none
2b8fe6e0ae4e8c675770c78a90fd136faf3c8217,2024-12-09T12:22:30+01:00,dd5e8c8f0807538dc7e62e5f93cc5646480cb86e,ok,0,0,0,,2753214,none,735.943,740.876,4.933,0.0067,0.15079,0.95873,none,92.37,97.373,5.003,0.0542,0.22222,0.8604,none,181,181,0,0,0.69048,1,none,43.417,24.884,-18.533,-0.4269,0.54762,0.9836,none,0.004,0.004,0,0,0.17702,1,none,345,345,0,0,0.6004,1,none
7d15b57975031eaa1c4b0de2398bbabb31327742,2024-12-09T12:22:40+01:00,2b8fe6e0ae4e8c675770c78a90fd136faf3c8217,ok,0,0,0,,2753214,none,741.557,736.4,-5.157,-0.007,0.05556,0.84151,none,97.101,93.302,-3.799,-0.0391,0.69048,0.98474,none,178,180,2,0.0112,0.69048,1,none,35.72,27.544,-8.176,-0.2289,0.15079,0.9836,none,0.004,0.004,0,0,0.5186,1,none,339,346,7,0.0206,0.42063,1,none
c1af45940e6c73efb9ee4dcffc6ce4437ff2e31e,2024-12-09T12:23:08+01:00,7d15b57975031eaa1c4b0de2398bbabb31327742,ok,0,0,0,,2753222,none,741.448,734.732,-6.716,-0.0091,0.05556,0.84151,none,99.819,98.091,-1.728,-0.0173,0.84127,0.98474,none,179,176,-3,-0.0168,0.42063,1,none,61.303,34.17,-27.133,-0.4426,0.69048,0.9836,none,0.004,0.004,0,0,0.17702,1,none,343,346,3,0.0087,0.52581,1,none
c71433f5ca9303ef7f9f12b6e7bb708713adebc6,2024-12-09T12:25:40+01:00,c1af45940e6c73efb9ee4dcffc6ce4437ff2e31e,ok,0,0,1,,2753212,none,751.791,751.711,-0.08,-0.0001,0.87019,0.99545,none,104.022,106.71,2.688,0.0258,0.24956,0.89721,none,185.5,189,3.5,0.0189,0.36688,1,none,51.047,58.222,7.175,0.1406,0.62359,0.9836,none,0.004,0.004,0,0,0.62198,1,none,354,358,4,0.0113,0.56123,1,none
fe96839c9fe1ce82150e5a4396235cb3d1fb76e2,2024-12-09T12:26:03+01:00,c71433f5ca9303ef7f9f12b6e7bb708713adebc6,ok,0,0,0,,2753212,none,777.113,774.761,-2.352,-0.003,0.84127,0.96971,none,114.632,110.045,-4.587,-0.04,1,1,none,196.5,193.5,-3,-0.0153,1,1,none,85.596,69.194,-16.402,-0.1916,0.15079,0.9836,none,0.11,0.004,-0.107,-0.966,0.48842,1,none,385,372,-13,-0.0338,0.11496,0.98645,none
669f8721b43e6a89bf17524ae6a4f451a139d501,2024-12-13T08:42:59-08:00,fe96839c9fe1ce82150e5a4396235cb3d1fb76e2,ok,0,0,0,,2753214,none,776.256,764.631,-11.625,-0.015,0.09524,0.84151,none,109.35,115.647,6.297,0.0576,0.09524,0.8604,none,193,191.5,-1.5,-0.0078,0.54762,1,none,76.364,76.177,-0.187,-0.0024,1,1,none,0.004,0.004,0,0,1,1,none,390,376,-14,-0.0359,0.03614,0.68224,none
a10d1cc3da8197c35d64f7f087563c3153703272,2024-12-13T08:45:46-08:00,669f8721b43e6a89bf17524ae6a4f451a139d501,ok,0,0,1,,2753226,none,860.893,796.791,-64.102,-0.0745,0.0235,0.59132,none,115.528,118.173,2.645,0.0229,0.18727,0.8604,none,204,194.5,-9.5,-0.0466,0.0779,1,none,123.298,134.832,11.534,0.0935,0.11598,0.9836,none,0.004,0.004,0,0,0.5805,1,none,399,391,-8,-0.0201,0.27089,0.98645,none
52797e0dc584d5ac603f86ab72dbba7efb7e0e73,2025-01-01T10:50:37+01:00,a10d1cc3da8197c35d64f7f087563c3153703272,ok,0,0,0,,2753224,none,890.712,785.574,-105.139,-0.118,0.42063,0.96971,none,125.095,116.515,-8.58,-0.0686,0.69048,0.98474,none,205,198,-7,-0.0341,0.22222,1,none,150.365,138.063,-12.302,-0.0818,0.54762,0.9836,none,0.11,0.11,0,0,0.81736,1,none,427,380,-47,-0.1101,0.15079,0.98645,none
5de2d1196f1fe86c03887c4b170da9c62c945311,2025-01-01T10:52:12+01:00,52797e0dc584d5ac603f86ab72dbba7efb7e0e73,ok,0,0,0,,2753234,none,811.37,836.884,25.514,0.0314,0.22222,0.95873,none,129.614,116.714,-12.9,-0.0995,0.42063,0.98474,none,196,212.471,16.471,0.084,0.30952,1,none,96.328,102.505,6.177,0.0641,0.84127,0.99244,none,0.004,0.11,0.107,28.3811,0.27034,1,none,395,407,12,0.0304,0.34574,0.98645,none
b5ff5db25c787e4d0e274f599eab9f17e938b69e,2025-01-05T10:24:58+01:00,5de2d1196f1fe86c03887c4b170da9c62c945311,ok,0,0,0,,2753232,none,830.325,837.026,6.701,0.0081,0.69048,0.96971,none,117.867,115.744,-2.123,-0.018,0.84127,0.98474,none,208.5,192,-16.5,-0.0791,0.42063,1,none,89.223,87.809,-1.414,-0.0158,0.54762,0.9836,none,0.004,0.11,0.107,28.3811,0.41892,1,none,388,388,0,0,0.91656,1,none
48e2de2e7eb96887e223b2e6ceba894746fb22be,2025-01-05T10:25:39+01:00,b5ff5db25c787e4d0e274f599eab9f17e938b69e,ok,0,0,0,,2767372,none,791.395,792.703,1.308,0.0017,0.69048,0.96971,none,112.43,117.342,4.912,0.0437,0.84127,0.98474,none,192.5,192.5,0,0,1,1,none,90.5,72.322,-18.178,-0.2009,1,1,none,0.004,0.11,0.107,28.3811,0.48842,1,none,386,389,3,0.0078,0.52452,1,none
185a5f335cded671de842ce28f5f128c614ce275,2025-01-21T09:55:52+01:00,48e2de2e7eb96887e223b2e6ceba894746fb22be,ok,0,0,0,,2767500,none,787.508,790.096,2.589,0.0033,1,1,none,117.547,117.379,-0.168,-0.0014,1,1,none,194,192,-2,-0.0103,0.84127,1,none,89.048,92.542,3.494,0.0392,0.54762,0.9836,none,0.004,0.004,0,0,0.90486,1,none,392,391,-1,-0.0026,0.83252,1,none
d6b50e88d0f48aff49a4f7074b6f71e6e088dd3f,2025-01-21T09:56:59+01:00,185a5f335cded671de842ce28f5f128c614ce275,ok,0,0,0,,2767480,none,779.235,786.618,7.382,0.0095,0.84127,0.96971,none,116.827,109.348,-7.479,-0.064,0.09524,0.8604,none,192,192.5,0.5,0.0026,0.84127,1,none,90.539,72.441,-18.098,-0.1999,0.30952,0.9836,none,0.004,0.004,0,0,0.90486,1,none,374,384,10,0.0267,0.6004,1,none
27b5615160b47e1ff5c71ff621db0b2ff34a5462,2025-01-21T10:00:06+01:00,27b5615160b47e1ff5c71ff621db0b2ff34a5462,identical_build,1,1,0,,2767472,none,741.748,741.26,-0.487,-0.0007,1,1,none,93.725,93.66,-0.065,-0.0007,1,1,none,181,180,-1,-0.0055,1,1,none,27.015,34.26,7.245,0.2682,0.69048,0.9836,none,0.004,0.004,0,0,0.79625,1,none,344,344,0,0,0.67424,1,none
27b5615160b47e1ff5c71ff621db0b2ff34a5462,2025-01-21T10:00:06+01:00,d6b50e88d0f48aff49a4f7074b6f71e6e088dd3f,ok,0,0,0,,2767472,none,750.402,743.643,-6.758,-0.009,0.69048,0.96971,none,101.691,107.318,5.627,0.0553,0.42063,0.98474,none,186.5,183,-3.5,-0.0188,0.69048,1,none,45.948,64.221,18.273,0.3977,0.54762,0.9836,none,0.11,0.004,-0.107,-0.966,0.27034,1,none,347,353,6,0.0173,0.42063,1,none
7c4dade245902569226acb78f957cbb9ce24ed4d,2025-01-21T10:01:48+01:00,27b5615160b47e1ff5c71ff621db0b2ff34a5462,ok,0,0,0,,2768182,none,737.252,736.563,-0.689,-0.0009,0.54762,0.96971,none,101.528,103.281,1.753,0.0173,1,1,none,180,184,4,0.0222,0.52962,1,none,35.985,31.681,-4.304,-0.1196,0.84127,0.99244,none,0.004,0.004,0,0,1,1,none,350,348,-2,-0.0057,0.83403,1,none
a06db6c023a33d8073c6fa1f6e5d4827e4c5e58e,2025-01-21T10:02:44+01:00,7c4dade245902569226acb78f957cbb9ce24ed4d,ok,0,0,0,,2768034,none,744.396,737.724,-6.672,-0.009,0.30952,0.96971,none,101.145,102.561,1.416,0.014,0.42063,0.98474,none,181,179,-2,-0.011,0.69048,1,none,33.351,39.151,5.8,0.1739,0.42063,0.9836,none,0.004,0.004,0,0,1,1,none,355,342,-13,-0.0366,0.09369,0.98645,none
a0d627173965f2b7137bacc5077fac424de82375,2025-01-21T10:05:33+01:00,a06db6c023a33d8073c6fa1f6e5d4827e4c5e58e,ok,0,0,0,,2768040,none,735.74,736.741,1.001,0.0014,0.84127,0.96971,none,94.824,97.116,2.292,0.0242,0.84127,0.98474,none,179,183,4,0.0223,0.69048,1,none,34.719,22.487,-12.232,-0.3523,0.42063,0.9836,none,0.004,0.004,0,0,1,1,none,342,343,1,0.0029,1,1,none
b74ed4159a71feeb6b91ba356adebc3fdd662ed3,2025-01-21T10:06:52+01:00,a0d627173965f2b7137bacc5077fac424de82375,ok,0,0,0,,2768038,none,743.04,737.794,-5.246,-0.0071,1,1,none,100.578,95.086,-5.492,-0.0546,1,1,none,177,175,-2,-0.0113,0.42063,1,none,51.158,53.782,2.624,0.0513,0.84127,0.99244,none,0.004,0.004,0,0,1,1,none,343,352,9,0.0262,0.34574,0.98645,none
a8c26ae30fc1715157927ba3cd0cc0cb8e3006a6,2025-01-21T10:07:01+01:00,b74ed4159a71feeb6b91ba356adebc3fdd662ed3,ok,0,0,0,,2767874,none,745.829,731.454,-14.375,-0.0193,0.09524,0.84151,none,94.456,94.425,-0.031,-0.0003,0.84127,0.98474,none,190,175,-15,-0.0789,0.15079,1,none,55.401,54.235,-1.166,-0.021,0.84127,0.99244,none,0.004,0.004,0,0,0.42371,1,none,356,343,-13,-0.0365,0.2948,0.98645,none
cfeb41f3f1069a0511521931c6c8f1c17b038790,2025-01-22T13:30:28+05:30,a8c26ae30fc1715157927ba3cd0cc0cb8e3006a6,ok,0,0,1,,2315151,regression,737.163,742.7,5.537,0.0075,0.41238,0.96971,none,101.828,94.588,-7.24,-0.0711,0.18727,0.8604,none,180,218,38,0.2111,0.00057,0.03455,regression,62.767,45.371,-17.396,-0.2772,0.05553,0.88304,none,0.004,0.015,0.011,2.932,0.00014,0.01377,regression,351,349,-2,-0.0057,0.40427,1,none
3c712262af703142cbd36f76dd0a516d1133f615,2025-01-22T16:23:11+05:30,3735fb4ffd02c28add7a9a44c51636b8d5fa0455,ok,0,0,1,,2768163,none,740.399,740.043,-0.355,-0.0005,1,1,none,102.652,101.482,-1.17,-0.0114,0.51249,0.98474,none,212,177,-35,-0.1651,0.01439,0.39496,none,31.021,31.449,0.428,0.0138,0.83813,0.99244,none,0.012,0.012,0,0,0.08197,1,none,349,352,3,0.0086,0.90092,1,none
3735fb4ffd02c28add7a9a44c51636b8d5fa0455,2025-01-22T18:37:30+08:00,cfeb41f3f1069a0511521931c6c8f1c17b038790,ok,0,0,0,,2315471,none,742.336,738.249,-4.087,-0.0055,0.84127,0.96971,none,99.761,102.377,2.616,0.0262,0.69048,0.98474,none,176.732,217,40.268,0.2278,0.30952,1,none,25.044,30.805,5.761,0.23,1,1,none,0.015,0.012,-0.003,-0.1709,0.38242,1,none,342,344,2,0.0058,1,1,none
3f4d2237fb8f623711cb1e82dc8d2dd95e0e6432,2025-01-23T21:26:14+05:30,3c712262af703142cbd36f76dd0a516d1133f615,ok,0,0,0,,2310381,none,740.677,734.61,-6.066,-0.0082,0.15079,0.95873,none,108.523,102.769,-5.754,-0.053,0.09524,0.8604,none,179,215,36,0.2011,0.15079,1,none,32.107,23.4,-8.707,-0.2712,0.15079,0.9836,none,0.012,0.012,0,0,0.42371,1,none,354,343,-11,-0.0311,0.0278,0.68224,none
9f3814a10dab0c11da43872926d3c1b5a755af5a,2025-01-25T10:41:32+08:00,3f4d2237fb8f623711cb1e82dc8d2dd95e0e6432,ok,0,0,0,,2310404,none,748.095,743.816,-4.279,-0.0057,0.69048,0.96971,none,110.559,102.732,-7.827,-0.0708,0.42063,0.98474,none,212,221,9,0.0425,0.84127,1,none,56.896,28.709,-28.187,-0.4954,0.15079,0.9836,none,0.012,0.012,0,0,0.42371,1,none,346,357,11,0.0318,0.54762,1,none
dfe4c91a2bbdd1638540fb840ab11a5b0961cf0a,2025-01-28T10:39:16+08:00,9f3814a10dab0c11da43872926d3c1b5a755af5a,ok,0,0,0,,2310390,none,740.294,746.269,5.976,0.0081,0.42063,0.96971,none,110.216,117.585,7.369,0.0669,0.54762,0.98474,none,216,219,3,0.0139,1,1,none,84.023,70.775,-13.248,-0.1577,0.15079,0.9836,none,0.012,0.012,0,0,0.17702,1,none,359,359,0,0,0.6004,1,none
9ecc38547fd760ee304a80e7ce112bc5984b4a8b,2025-01-30T09:00:59+08:00,dfe4c91a2bbdd1638540fb840ab11a5b0961cf0a,ok,0,0,0,,2309930,none,742.457,747.905,5.448,0.0073,0.84127,0.96971,none,123.471,118.077,-5.394,-0.0437,0.69048,0.98474,none,174,226.5,52.5,0.3017,0.54762,1,none,100.709,109.484,8.775,0.0871,1,1,none,0.012,0.015,0.003,0.2062,0.07464,1,none,3405,414,-2991,-0.8784,0.54762,1,none
c0e81eff66599bda3169e6a66554ba1f8d4ab486,2025-02-03T12:47:09+01:00,9ecc38547fd760ee304a80e7ce112bc5984b4a8b,ok,0,0,0,,2309992,none,903.871,840.025,-63.846,-0.0706,0.22222,0.95873,none,162.923,142.607,-20.316,-0.1247,0.84127,0.98474,none,229,188.5,-40.5,-0.1769,0.30952,1,none,231.414,186.558,-44.856,-0.1938,0.22222,0.9836,none,0.121,0.015,-0.107,-0.8783,0.63123,1,none,423,5438,5015,11.8558,0.30952,0.98645,none
7119fae1205bc9adf5b229be3c8d56acac027a77,2025-02-03T12:48:00+01:00,c0e81eff66599bda3169e6a66554ba1f8d4ab486,ok,0,0,0,,2310066,none,860.756,772.516,-88.241,-0.1025,0.42063,0.96971,none,130.06,118.033,-12.027,-0.0925,0.30952,0.92551,none,152.5,224,71.5,0.4689,0.30952,1,none,121.546,118.764,-2.782,-0.0229,1,1,none,0.015,0.107,0.092,6.2179,0.25853,1,none,3441,372,-3069,-0.8919,0.22222,0.98645,none
6f14d3e0ab79909523d211d0b7b0fe5329b2fbbf,2025-02-05T11:57:51+08:00,6f14d3e0ab79909523d211d0b7b0fe5329b2fbbf,identical_build,1,1,1,,2310059,none,920.621,911.189,-9.431,-0.0102,0.83813,0.96971,none,103.453,102.148,-1.305,-0.0126,0.30459,0.92551,none,99.277,107.794,8.517,0.0858,0.46096,1,none,75.646,73.046,-2.6,-0.0344,0.43629,0.9836,none,0.107,0.107,0,0,0.0533,1,none,671,688,17,0.0253,0.28998,0.98645,none
6f14d3e0ab79909523d211d0b7b0fe5329b2fbbf,2025-02-05T11:57:51+08:00,7119fae1205bc9adf5b229be3c8d56acac027a77,ok,0,0,1,,2310059,improvement,911.111,902.49,-8.622,-0.0095,0.71297,0.96971,none,121.547,100.376,-21.171,-0.1742,0.00141,0.42525,none,194.222,106.662,-87.561,-0.4508,0,0.00001,improvement,108.091,63.607,-44.484,-0.4115,0.00119,0.35838,none,0.121,0.107,-0.015,-0.1217,0.0355,1,none,698,679,-19,-0.0272,0.27153,0.98645,none
2c0b19ef28683899d2ae9c3116bb939f8089360e,2025-02-18T13:28:41+01:00,6f14d3e0ab79909523d211d0b7b0fe5329b2fbbf,ok,0,0,1,,2310083,none,778.899,771.481,-7.418,-0.0095,0.32964,0.96971,none,93.859,93.135,-0.724,-0.0077,0.46096,0.98474,none,125,123.136,-1.864,-0.0149,0.90095,1,none,37.6,35.641,-1.959,-0.0521,0.08143,0.9836,none,0,0,0,0,0.25055,1,none,335,337,2,0.006,0.67776,1,none
2e0dbe0175532da9fb0fa27817a9355a24dd825e,2025-02-18T13:30:57+01:00,2c0b19ef28683899d2ae9c3116bb939f8089360e,ok,0,0,1,,2309981,none,808.05,770.002,-38.047,-0.0471,0.68267,0.96971,none,90.707,93.343,2.636,0.0291,0.43629,0.98474,none,124.077,127,2.923,0.0236,0.69352,1,none,27.891,31.868,3.977,0.1426,0.38923,0.9836,none,0,0,0,0,0.73529,1,none,336,342,6,0.0179,0.50639,1,none
2b7d5e0a96ea05c9370c747750d0efd0dcb93a74,2025-02-18T13:31:15+01:00,2e0dbe0175532da9fb0fa27817a9355a24dd825e,ok,0,0,0,,2310079,none,768.614,769.756,1.142,0.0015,1,1,none,90.966,92.15,1.184,0.013,0.84127,0.98474,none,89,125,36,0.4045,0.30952,1,none,23.477,26.152,2.675,0.1139,0.69048,0.9836,none,0.107,0,-0.107,-1,0.63123,1,none,339,330,-9,-0.0265,0.84127,1,none
7cabdc93564a12e3b224cae47bdf3c636c0cc35e,2025-02-18T13:31:57+01:00,2b7d5e0a96ea05c9370c747750d0efd0dcb93a74,ok,0,0,0,,2310115,none,808.266,769.329,-38.937,-0.0482,0.54762,0.96971,none,87.213,94.703,7.49,0.0859,0.42063,0.98474,none,131.952,128,-3.952,-0.0299,1,1,none,24.897,29.413,4.516,0.1814,1,1,none,0,0,0,0,0.60047,1,none,343,332,-11,-0.0321,0.52962,1,none
f3e9cfb41c21e3c78d1a6ef2a7da2b187b79b755,2025-02-25T08:25:31+08:00,7cabdc93564a12e3b224cae47bdf3c636c0cc35e,ok,0,0,0,,2310189,none,766.968,881.033,114.065,0.1487,0.15079,0.95873,none,84.975,88.928,3.953,0.0465,0.00794,0.80046,none,121,120.562,-0.438,-0.0036,1,1,none,16.994,17.059,0.065,0.0038,1,1,none,0,0,0,0,0.42371,1,none,334,335,1,0.003,0.33978,0.98645,none
b6b270fd3d615edc2c5b7436123c5599dd1a850a,2025-02-25T21:17:44+08:00,f3e9cfb41c21e3c78d1a6ef2a7da2b187b79b755,ok,0,0,0,,2310209,none,768.12,806.921,38.8,0.0505,0.42063,0.96971,none,85.24,85.968,0.728,0.0085,0.30952,0.92551,none,118.702,117.693,-1.008,-0.0085,0.84127,1,none,15.52,16.657,1.137,0.0733,0.84127,0.99244,none,0,0.107,0.107,0,0.63123,1,none,336,336,0,0,0.72408,1,none
72587ebe1d8f61e69b1d35e34fce92d23ce05a9a,2025-02-28T11:02:14+08:00,b6b270fd3d615edc2c5b7436123c5599dd1a850a,ok,0,0,1,,2313673,improvement,768.108,766.698,-1.41,-0.0018,0.00014,0.0106,none,86.413,86.001,-0.412,-0.0048,0.50687,0.98474,none,119.565,3.604,-115.961,-0.9699,0,0.00023,improvement,14.936,18.628,3.692,0.2472,0.0209,0.68481,none,0,0,0,0,0.21315,1,none,335,318,-17,-0.0507,0.00758,0.3424,none
d770157ed40bb493862bd8f07bf3d2c250b842f3,2025-03-19T16:34:41-07:00,72587ebe1d8f61e69b1d35e34fce92d23ce05a9a,ok,0,0,0,,2314235,none,728.021,767.376,39.354,0.0541,0.54762,0.96971,none,85.901,87.235,1.334,0.0155,0.17322,0.8604,none,0,0,0,0,1,1,none,15.462,19.712,4.25,0.2749,0.05556,0.88304,none,0,0,0,0,1,1,none,317,317,0,0,0.65131,1,none
c707b2b850e91dd8b551172af08dc32e23c284fb,2025-03-22T18:12:28-07:00,d770157ed40bb493862bd8f07bf3d2c250b842f3,ok,0,0,1,,2314589,none,727.601,766.997,39.396,0.0541,0.2671,0.96971,none,86.023,87.12,1.097,0.0128,0.24956,0.89721,none,0,0.962,0.962,0,0.16936,1,none,17.427,15.772,-1.655,-0.095,0.62359,0.9836,none,0,0,0,0,1,1,none,316,319,3,0.0095,0.03058,0.68224,none
0cafdc5176731e4e933b4a3696b415b42aeb01d2,2025-03-31T14:28:11-07:00,c707b2b850e91dd8b551172af08dc32e23c284fb,ok,0,0,0,,2314596,none,767.919,767.46,-0.459,-0.0006,0.54762,0.96971,none,101.994,102.888,0.894,0.0088,1,1,none,0,0,0,0,0.72408,1,none,18.776,15.989,-2.787,-0.1484,0.30952,0.9836,none,0,0,0,0,0.42371,1,none,318,316,-2,-0.0063,0.20168,0.98645,none
2e07b40b2b55dfaa629143e9ffc56404027342ca,2025-03-31T14:30:23-07:00,0cafdc5176731e4e933b4a3696b415b42aeb01d2,ok,0,0,0,,2314598,none,767.309,767.542,0.233,0.0003,0.84127,0.96971,none,87.521,102.416,14.895,0.1702,1,1,none,0,0,0,0,0.79717,1,none,15.908,14.984,-0.924,-0.0581,1,1,none,0.107,0,-0.107,-1,0.63123,1,none,318,318,0,0,0.47848,1,none
323abd5458cde3e27a29285b222ea913073c0b01,2025-03-31T14:32:52-07:00,2e07b40b2b55dfaa629143e9ffc56404027342ca,ok,0,0,0,,2314612,none,767.966,767.625,-0.341,-0.0004,1,1,none,101.559,87.032,-14.527,-0.143,0.84127,0.98474,none,0,8.467,8.467,0,0.91418,1,none,13.001,15.651,2.65,0.2038,0.30952,0.9836,none,0,0,0,0,0.17702,1,none,318,318,0,0,0.5179,1,none
99bc0a9e8efc26e59578ebe87ce087c885456e98,2025-03-31T14:33:32-07:00,323abd5458cde3e27a29285b222ea913073c0b01,ok,0,0,0,,2314611,none,767.923,767.418,-0.505,-0.0007,0.69048,0.96971,none,103.51,103.579,0.069,0.0007,0.84127,0.98474,none,2.287,34.576,32.289,14.119,0.52962,1,none,17.9,17.81,-0.09,-0.005,0.69048,0.9836,none,0.107,0,-0.107,-1,0.63123,1,none,318,335,17,0.0535,0.29035,0.98645,none
0ebd87805a0d539fdf76f70ddd8b21c808eb36eb,2025-03-31T14:34:45-07:00,99bc0a9e8efc26e59578ebe87ce087c885456e98,ok,0,0,0,,2314606,none,767.497,768,0.504,0.0007,0.69048,0.96971,none,88.243,87.93,-0.313,-0.0035,1,1,none,0.135,40.088,39.953,295.2901,0.38863,1,none,12.718,13.805,1.087,0.0855,0.69048,0.9836,none,0,0,0,0,1,1,none,318,317,-1,-0.0031,0.19306,0.98645,none
fab4e32ef0a9cdba0ea121f690c5ecca97d6648e,2025-04-01T13:47:51+02:00,fab4e32ef0a9cdba0ea121f690c5ecca97d6648e,identical_build,1,1,0,,2314634,none,767.477,766.974,-0.503,-0.0007,0.84127,0.96971,none,103.487,102.224,-1.263,-0.0122,1,1,none,3.369,9.355,5.986,1.7765,1,1,none,21.424,16.707,-4.717,-0.2202,0.84127,0.99244,none,0.107,0,-0.107,-1,0.27034,1,none,317,319,2,0.0063,0.16259,0.98645,none
fab4e32ef0a9cdba0ea121f690c5ecca97d6648e,2025-04-01T13:47:51+02:00,0ebd87805a0d539fdf76f70ddd8b21c808eb36eb,ok,0,0,0,,2314634,none,767.78,728.579,-39.2,-0.0511,0.54762,0.96971,none,103.547,103.403,-0.144,-0.0014,1,1,none,34.41,1.285,-33.125,-0.9627,0.13879,1,none,17.135,17.496,0.361,0.0211,0.54762,0.9836,none,0,0,0,0,0.60047,1,none,317,318,1,0.0032,0.67137,1,none
23118c9ce31d36f411f8079968b821130eee038c,2025-04-01T13:48:00+02:00,fab4e32ef0a9cdba0ea121f690c5ecca97d6648e,ok,0,0,1,,2319832,none,766.862,767.471,0.609,0.0008,0.28544,0.96971,none,102.986,103.149,0.163,0.0016,0.14848,0.8604,none,4.243,5.126,0.884,0.2083,0.76853,1,none,18.815,21.896,3.081,0.1638,0.36144,0.9836,none,0,0,0,0,0.46161,1,none,319,318,-1,-0.0031,0.91673,1,none
0f8ba7e11a9999f1b784008a5943cee32d40761c,2025-04-01T13:48:21+02:00,23118c9ce31d36f411f8079968b821130eee038c,ok,0,0,0,,2319949,none,688.787,688.739,-0.047,-0.0001,0.54762,0.96971,none,103.178,103.357,0.179,0.0017,0.84127,0.98474,none,2.036,2.543,0.508,0.2495,1,1,none,19.071,22.488,3.417,0.1792,0.69048,0.9836,none,0,0,0,0,0.60047,1,none,318,316,-2,-0.0063,0.39761,1,none
f3f519458bb1399a324f3fba73b24bf373d09870,2025-04-01T13:48:46+02:00,0f8ba7e11a9999f1b784008a5943cee32d40761c,ok,0,0,0,,2319956,none,768.361,767.247,-1.114,-0.0014,0.69048,0.96971,none,89.426,103.518,14.092,0.1576,1,1,none,1.213,0,-1.213,-1,1,1,none,14.796,13.349,-1.447,-0.0978,0.69048,0.9836,none,0,0,0,0,0.17702,1,none,319,318,-1,-0.0031,0.52836,1,none
c9186a6f0c029ac6a5edaf6216ca08ac5a069be7,2025-04-01T13:49:19+02:00,f3f519458bb1399a324f3fba73b24bf373d09870,ok,0,0,0,,2319955,none,727.27,767.155,39.885,0.0548,0.22222,0.95873,none,102.889,103.83,0.941,0.0091,0.15079,0.8604,none,0,2.635,2.635,0,1,1,none,17.021,20.279,3.258,0.1914,0.03175,0.68481,none,0,0,0,0,1,1,none,317,317,0,0,0.91631,1,none
f2de15385040034ffa044ad2f0a37990d1beedbc,2025-04-01T13:50:14+02:00,c9186a6f0c029ac6a5edaf6216ca08ac5a069be7,ok,0,0,0,,2319949,none,727.951,767.616,39.665,0.0545,0.30952,0.96971,none,100.931,103.215,2.284,0.0226,1,1,none,0,0,0,0,0.79717,1,none,14.596,18.095,3.499,0.2397,0.30952,0.9836,none,0,0,0,0,1,1,none,319,318,-1,-0.0031,0.66643,1,none
b70003ec17ae9a0921e5d188548ba63b834dca03,2025-04-01T13:50:32+02:00,f2de15385040034ffa044ad2f0a37990d1beedbc,ok,0,0,0,,2320062,none,767.657,768.221,0.563,0.0007,1,1,none,103.471,101.503,-1.968,-0.019,0.42063,0.98474,none,4.352,0,-4.352,-1,0.45064,1,none,15.695,19.321,3.626,0.231,0.15079,0.9836,none,0.107,0.107,0,0,0.60047,1,none,317,317,0,0,1,1,none
b68ab1fc9c3bf79e7c2d3a1124cd1fb240ab6955,2025-04-10T23:27:22-07:00,b70003ec17ae9a0921e5d188548ba63b834dca03,ok,0,0,0,,2320048,none,768.756,768.666,-0.09,-0.0001,0.30952,0.96971,none,105.025,97.493,-7.532,-0.0717,0.22222,0.8604,none,2.081,6.687,4.606,2.213,0.83403,1,none,46.732,56.041,9.309,0.1992,1,1,none,0,0,0,0,0.42371,1,none,328,323,-5,-0.0152,0.83403,1,none
e35e97c7635618a58b88f6f294dda028bb82168b,2025-04-10T23:29:40-07:00,b68ab1fc9c3bf79e7c2d3a1124cd1fb240ab6955,ok,0,0,0,,2320080,none,769.132,769.462,0.33,0.0004,1,1,none,96.009,107.817,11.808,0.123,0.54762,0.98474,none,5.956,5.375,-0.581,-0.0976,0.54762,1,none,49.083,46.965,-2.118,-0.0432,0.84127,0.99244,none,0,0,0,0,1,1,none,312,329,17,0.0545,0.08969,0.98645,none
2859a4562f7f01323110202c3bc9e68ea2f914e7,2025-04-10T23:31:30-07:00,e35e97c7635618a58b88f6f294dda028bb82168b,ok,0,0,0,,2320266,none,768.438,767.918,-0.52,-0.0007,0.69048,0.96971,none,92.793,91.301,-1.492,-0.0161,0.15079,0.8604,none,1.148,0.909,-0.24,-0.2086,0.7533,1,none,47.08,41.727,-5.353,-0.1137,0.30952,0.9836,none,0,0,0,0,0.42371,1,none,314,321,7,0.0223,0.69048,1,none
c281d13cc68577a903ba9fa63320cdfaa656a97d,2025-04-10T23:31:48-07:00,2859a4562f7f01323110202c3bc9e68ea2f914e7,ok,0,0,1,,2320266,none,768.15,767.807,-0.343,-0.0004,0.48636,0.96971,none,102.224,103.021,0.797,0.0078,0.83813,0.98474,none,0,5.398,5.398,0,0.2794,1,none,43.998,45.775,1.777,0.0404,0.36688,0.9836,none,0.107,0,-0.107,-1,0.48666,1,none,324,322,-2,-0.0062,0.34951,0.98645,none
96ec3f9105bebeb285e764aa23e584f737ab1be4,2025-04-10T23:39:50-07:00,c281d13cc68577a903ba9fa63320cdfaa656a97d,ok,0,0,0,,2320266,none,729.14,728.698,-0.442,-0.0006,0.30952,0.96971,none,103.752,86.663,-17.089,-0.1647,0.15079,0.8604,none,0,10.964,10.964,0,0.15794,1,none,35.51,33.652,-1.858,-0.0523,0.54762,0.9836,none,0,0,0,0,1,1,none,319,318,-1,-0.0031,0.91363,1,none
7adfb64cf35de348a4c86a6eaf0f95053fa63838,2025-04-16T14:24:37+05:30,96ec3f9105bebeb285e764aa23e584f737ab1be4,ok,0,0,0,,2320262,none,767.937,768.533,0.595,0.0008,0.05556,0.84151,none,103.356,103.99,0.634,0.0061,0.22222,0.8604,none,0.169,7.156,6.987,41.342,0.39761,1,none,35.001,39.83,4.829,0.138,0.42063,0.9836,none,0,0,0,0,1,1,none,318,318,0,0,0.73732,1,none
5a1e8c27b355548329a17e0d8c306b1736607ad9,2025-04-16T14:33:52+05:30,7adfb64cf35de348a4c86a6eaf0f95053fa63838,ok,0,0,1,,2320275,none,729.154,768.18,39.026,0.0535,0.41238,0.96971,none,103.54,103.156,-0.384,-0.0037,0.17361,0.8604,none,2.049,2.066,0.017,0.0082,0.42779,1,none,39.118,36.129,-2.989,-0.0764,0.32455,0.9836,none,0,0,0,0,0.46161,1,none,317,318,1,0.0032,0.31257,0.98645,none
cfeabfbb64ff3e6ccd0dcf56947cadaf5986dace,2025-04-25T17:44:28+05:30,5a1e8c27b355548329a17e0d8c306b1736607ad9,ok,0,0,0,,2320275,none,768.904,769.342,0.438,0.0006,0.22222,0.95873,none,103.75,103.678,-0.072,-0.0007,0.84127,0.98474,none,0,0.3,0.3,0,0.23932,1,none,38.344,34.769,-3.575,-0.0932,0.54762,0.9836,none,0,0,0,0,0.17702,1,none,318,319,1,0.0031,0.83303,1,none
854be522a9c75ecad05ded8e0fd22c94e32237ce,2025-05-02T09:15:38-07:00,854be522a9c75ecad05ded8e0fd22c94e32237ce,identical_build,1,1,0,,2320283,none,767.387,767.69,0.303,0.0004,1,1,none,103.611,103.088,-0.523,-0.005,0.69048,0.98474,none,0,37.145,37.145,0,0.106,1,none,30.784,26.708,-4.076,-0.1324,0.42063,0.9836,none,0,0.107,0.107,0,0.63123,1,none,321,328,7,0.0218,1,1,none
854be522a9c75ecad05ded8e0fd22c94e32237ce,2025-05-02T09:15:38-07:00,cfeabfbb64ff3e6ccd0dcf56947cadaf5986dace,ok,0,0,0,,2320283,none,768.26,729.607,-38.652,-0.0503,0.30952,0.96971,none,86.19,103.119,16.929,0.1964,0.7533,0.98474,none,1.209,0,-1.209,-1,0.23932,1,none,30.35,35.535,5.185,0.1708,0.22222,0.9836,none,0,0,0,0,1,1,none,333,319,-14,-0.042,0.29333,0.98645,none
0022e621dab105448ae4a3ea0f498e811166e9f4,2025-05-07T21:40:38+02:00,854be522a9c75ecad05ded8e0fd22c94e32237ce,ok,0,0,0,,2318636,none,767.682,768.266,0.585,0.0008,1,1,none,96.248,100.459,4.211,0.0438,0.42063,0.98474,none,0,1.703,1.703,0,0.04491,0.90416,none,21.292,22.337,1.045,0.0491,0.84127,0.99244,none,0,0,0,0,0.60047,1,none,337,326,-11,-0.0326,0.34427,0.98645,none
988045599fae83e0d8d6f462d6f5681cef47e48b,2025-05-07T21:48:13+02:00,0022e621dab105448ae4a3ea0f498e811166e9f4,ok,0,0,0,,2318635,none,728.442,767.446,39.004,0.0535,0.84127,0.96971,none,100.761,94.419,-6.342,-0.0629,0.15079,0.8604,none,0,0,0,0,0.44069,1,none,18.927,17.724,-1.203,-0.0636,1,1,none,0,0,0,0,1,1,none,317,321,4,0.0126,0.83403,1,none
d1b3d3b89520fc4f450cc5dd5e41478826157ca3,2025-05-14T11:44:56-07:00,988045599fae83e0d8d6f462d6f5681cef47e48b,ok,0,0,0,,2318635,none,727.844,767.627,39.782,0.0547,1,1,none,96.565,96.249,-0.316,-0.0033,0.69048,0.98474,none,1.181,37.316,36.135,30.598,0.29035,1,none,21.515,19.945,-1.57,-0.073,0.84127,0.99244,none,0,0,0,0,1,1,none,313,320,7,0.0224,0.30952,0.98645,none
7d7d50ede8b5ef49791625021b28590e0ef2b76a,2025-05-15T06:32:56-07:00,d1b3d3b89520fc4f450cc5dd5e41478826157ca3,ok,0,0,0,,2318632,none,766.868,766.781,-0.086,-0.0001,0.84127,0.96971,none,103.049,94.319,-8.73,-0.0847,0.30952,0.92551,none,2.711,3.857,1.146,0.4228,0.39761,1,none,21.889,24.542,2.653,0.1212,1,1,none,0,0,0,0,1,1,none,319,333,14,0.0439,0.42063,1,none
0e5f89fa1004e48d499fe752008e26bac3a55bca,2025-05-28T10:42:26-07:00,7d7d50ede8b5ef49791625021b28590e0ef2b76a,ok,0,0,0,,2318634,none,767.214,766.74,-0.474,-0.0006,0.69048,0.96971,none,103.344,98.617,-4.727,-0.0457,0.09524,0.8604,none,4.23,0.082,-4.149,-0.9807,0.82936,1,none,20.327,13.752,-6.575,-0.3235,0.42063,0.9836,none,0,0,0,0,0.42371,1,none,319,318,-1,-0.0031,0.12889,0.98645,none
0b6356439afff5daa2c873f339f6c5ae37d60abe,2025-05-28T16:33:42-07:00,0e5f89fa1004e48d499fe752008e26bac3a55bca,ok,0,0,0,,2320556,none,767.575,768.004,0.43,0.0006,0.69048,0.96971,none,99.696,103.024,3.328,0.0334,0.69048,0.98474,none,1.163,5.217,4.054,3.4856,0.67234,1,none,18.803,15.459,-3.344,-0.1778,1,1,none,0,0,0,0,0.60047,1,none,334,318,-16,-0.0479,0.52836,1,none
54d0d235ba1cff658d3370372125fd9a6f88df57,2025-05-29T00:14:04-07:00,0b6356439afff5daa2c873f339f6c5ae37d60abe,ok,0,0,0,,2320720,none,727.558,767.276,39.718,0.0546,0.42063,0.96971,none,103.4,103.331,-0.069,-0.0007,1,1,none,2.434,2.846,0.412,0.1693,0.82936,1,none,18.29,19.235,0.945,0.0517,0.54762,0.9836,none,0,0,0,0,0.42371,1,none,317,318,1,0.0032,0.28275,0.98645,none
fcee6236c1e2c3ecf0cc85945eb1db120f43af10,2025-05-29T15:15:19+08:00,54d0d235ba1cff658d3370372125fd9a6f88df57,ok,0,0,1,,2320315,none,767.482,728.383,-39.1,-0.0509,0.08919,0.84151,none,103.363,85.988,-17.375,-0.1681,0.0295,0.8604,none,2.798,0.356,-2.442,-0.8727,0.7353,1,none,19.575,16.797,-2.778,-0.1419,0.28544,0.9836,none,0,0,0,0,0.15769,1,none,318,318,0,0,0.52963,1,none
4e0fa3e29102ef5bb6d96d1334452b503985bce0,2025-06-10T12:50:33+02:00,fcee6236c1e2c3ecf0cc85945eb1db120f43af10,ok,0,0,0,,2320336,none,728.703,768.197,39.494,0.0542,0.22222,0.95873,none,85.952,86.079,0.127,0.0015,1,1,none,4.75,3.464,-1.285,-0.2706,0.39761,1,none,18.758,21.271,2.513,0.134,0.30952,0.9836,none,0,0.107,0.107,0,0.27034,1,none,318,334,16,0.0503,0.33367,0.98645,none
ef5373469541ad01aedbc91ab491e32e96c3a635,2025-06-10T12:50:42+02:00,4e0fa3e29102ef5bb6d96d1334452b503985bce0,ok,0,0,0,,2314569,none,767.309,728.152,-39.157,-0.051,0.42063,0.96971,none,86.697,85.218,-1.479,-0.0171,0.22222,0.8604,none,3.209,3.738,0.529,0.165,0.69048,1,none,22.724,23.413,0.689,0.0303,1,1,none,0,0,0,0,0.17702,1,none,318,317,-1,-0.0031,0.66439,1,none
c80de28a4af9030e4d0342bb68a33c18fc16b907,2025-06-10T12:52:46+02:00,ef5373469541ad01aedbc91ab491e32e96c3a635,ok,0,0,1,,2314710,none,767.448,727.794,-39.655,-0.0517,0.09753,0.84151,none,85.968,103.04,17.072,0.1986,0.03294,0.8604,none,4.139,2.085,-2.054,-0.4962,0.89963,1,none,18.237,24.018,5.781,0.317,0.01855,0.68481,none,0,0,0,0,0.65303,1,none,318,318,0,0,0.4254,1,none
dbbb83310bf3881a3ac5598a4846049d02de9cc0,2025-06-26T06:14:22-07:00,c80de28a4af9030e4d0342bb68a33c18fc16b907,ok,0,0,0,,2314711,none,767.947,767.948,0.001,0,0.84127,0.96971,none,86.685,85.788,-0.897,-0.0103,0.15079,0.8604,none,30.373,11.351,-19.022,-0.6263,1,1,none,19.629,15.262,-4.367,-0.2225,0.69048,0.9836,none,0,0,0,0,1,1,none,318,318,0,0,1,1,none
a3c31debcb81a93806eee63c882ba7ec0c8bc15d,2025-06-27T07:27:23-07:00,dbbb83310bf3881a3ac5598a4846049d02de9cc0,ok,0,0,0,,2312486,none,767.5,732.809,-34.691,-0.0452,0.54762,0.96971,none,89.387,86.503,-2.884,-0.0323,0.69048,0.98474,none,10.464,0,-10.464,-1,0.0075,0.23968,none,19.699,27.593,7.894,0.4007,0.54762,0.9836,none,0,0,0,0,1,1,none,335,318,-17,-0.0507,0.28733,0.98645,none
7648af482716e9f6bb9a856135231e58a95a3ae8,2025-07-09T07:15:55Z,7648af482716e9f6bb9a856135231e58a95a3ae8,identical_build,1,1,0,,2307471,none,766.876,767.924,1.048,0.0014,0.69048,0.96971,none,101.406,87.115,-14.291,-0.1409,1,1,none,0,0,0,0,0.42371,1,none,33.019,24.3,-8.719,-0.2641,0.03175,0.68481,none,0,0,0,0,0.17702,1,none,317,333,16,0.0505,0.33978,0.98645,none
7648af482716e9f6bb9a856135231e58a95a3ae8,2025-07-09T07:15:55Z,9a3038b6a5a0a9b693a1241d0fb4c2368f22903c,ok,0,0,0,,2307471,none,768.326,767.139,-1.187,-0.0015,0.05556,0.84151,none,101.385,103.65,2.265,0.0223,0.30952,0.92551,none,0,0,0,0,1,1,none,25.932,27.098,1.166,0.045,0.69048,0.9836,none,0,0,0,0,0.60047,1,none,317,319,2,0.0063,0.4564,1,none
c3a649dbae505b5adf474be9bd4918ab3cff2f5f,2025-07-09T07:15:58Z,7648af482716e9f6bb9a856135231e58a95a3ae8,ok,0,0,0,,2308399,none,776.129,748.411,-27.718,-0.0357,0.30952,0.96971,none,86.091,85.855,-0.236,-0.0027,0.84127,0.98474,none,0,0,0,0,1,1,none,24.793,22.876,-1.917,-0.0773,1,1,none,0,0.107,0.107,0,0.27034,1,none,336,318,-18,-0.0536,0.06608,0.98645,none
9a3038b6a5a0a9b693a1241d0fb4c2368f22903c,2025-07-09T12:44:42+05:30,a3c31debcb81a93806eee63c882ba7ec0c8bc15d,ok,0,0,0,,2312941,none,767.35,807.658,40.309,0.0525,0.69048,0.96971,none,85.571,87.025,1.454,0.017,0.22222,0.8604,none,0,0,0,0,1,1,none,23.391,30.839,7.448,0.3184,0.22222,0.9836,none,0,0,0,0,0.17702,1,none,318,333,15,0.0472,0.91605,1,none
328948b91996c353d5f41570336c620f0bdb3871,2025-07-09T12:47:01+05:30,c3a649dbae505b5adf474be9bd4918ab3cff2f5f,ok,0,0,0,,2308388,none,767.461,734.537,-32.924,-0.0429,0.22222,0.95873,none,87.97,85.398,-2.572,-0.0292,0.22222,0.8604,none,0,0,0,0,1,1,none,25.251,28.386,3.135,0.1242,0.69048,0.9836,none,0,0,0,0,0.60047,1,none,319,317,-2,-0.0063,0.2045,0.98645,none
81d3626c5f30e64541d8979baaf900e9a9d054b0,2025-07-15T11:22:29-07:00,328948b91996c353d5f41570336c620f0bdb3871,ok,0,0,0,,2308516,none,734.865,732.158,-2.707,-0.0037,0.42063,0.96971,none,86.737,86.073,-0.664,-0.0077,0.84127,0.98474,none,0,0,0,0,1,1,none,22.168,27.283,5.115,0.2307,1,1,none,0,0,0,0,0.17702,1,none,317,317,0,0,0.38709,1,none
ce81e35610eaacb795db37f8eeac9b9d82045cd8,2025-07-17T05:53:49-07:00,81d3626c5f30e64541d8979baaf900e9a9d054b0,ok,0,0,1,,2310020,regression,733.637,959,225.363,0.3072,0,0.00004,regression,87.314,85.334,-1.98,-0.0227,0.01452,0.80046,none,0,0,0,0,0.35065,1,none,24.478,25.356,0.878,0.0359,0.68267,0.9836,none,0,0,0,0,0.15769,1,none,318,479,161,0.5063,0,0.0005,regression
098dce7261d25ec1c20c8c8ddf5be09577f97c58,2025-07-22T09:32:33+02:00,ce81e35610eaacb795db37f8eeac9b9d82045cd8,ok,0,0,1,,2310029,none,919.183,970.173,50.99,0.0555,0.00167,0.07184,none,86.092,85.563,-0.529,-0.0061,0.23281,0.86801,none,0,0,0,0,0.60931,1,none,25.079,22.929,-2.15,-0.0857,0.38923,0.9836,none,0,0,0,0,1,1,none,463,462,-1,-0.0022,0.34592,0.98645,none
6ca6619f81a2038adee9cac845b56cead161c104,2025-07-22T09:36:31+02:00,098dce7261d25ec1c20c8c8ddf5be09577f97c58,ok,0,0,0,,2310275,none,962.057,963.905,1.848,0.0019,0.54762,0.96971,none,85.783,85.853,0.07,0.0008,0.69048,0.98474,none,0,0,0,0,0.42371,1,none,24.085,19.251,-4.834,-0.2007,0.22222,0.9836,none,0,0,0,0,1,1,none,461,462,1,0.0022,0.00994,0.37446,none
549b33047167d679caa44202b2a9f3e0c7ae1873,2025-08-07T10:31:02-07:00,6ca6619f81a2038adee9cac845b56cead161c104,ok,0,0,0,,2310260,none,959.306,967.122,7.816,0.0081,0.84127,0.96971,none,85.49,85.643,0.153,0.0018,0.84127,0.98474,none,0,0,0,0,1,1,none,17.984,17.935,-0.049,-0.0027,0.84127,0.99244,none,0,0,0,0,1,1,none,463,462,-1,-0.0022,0.33827,0.98645,none
b67757e2d56f900d807672441a04ad91083d3939,2025-08-14T08:10:13-07:00,549b33047167d679caa44202b2a9f3e0c7ae1873,ok,0,0,0,,2310264,none,966.973,952.114,-14.859,-0.0154,0.69048,0.96971,none,85.562,85.429,-0.133,-0.0016,1,1,none,0,0,0,0,0.44069,1,none,17.023,21.102,4.079,0.2396,0.84127,0.99244,none,0,0,0,0,1,1,none,478,462,-16,-0.0335,0.52836,1,none
21003878f0678162a4e328be9839915cd780a49d,2025-08-14T08:17:04-07:00,b67757e2d56f900d807672441a04ad91083d3939,ok,0,0,0,,2310826,none,957.2,969.623,12.423,0.013,0.22222,0.95873,none,85.398,86.026,0.628,0.0074,0.42063,0.98474,none,0,0,0,0,1,1,none,24.861,22.647,-2.214,-0.0891,0.22222,0.9836,none,0,0,0,0,1,1,none,462,461,-1,-0.0022,0.91553,1,none
d4527e03df68dc07e071aa61f8b9703a74300e29,2025-08-21T07:26:23-07:00,21003878f0678162a4e328be9839915cd780a49d,ok,0,0,0,,2310891,none,937.21,943.192,5.982,0.0064,0.42063,0.96971,none,85.533,85.211,-0.322,-0.0038,0.69048,0.98474,none,0,0,0,0,1,1,none,20.681,17.437,-3.244,-0.1569,1,1,none,0,0,0,0,0.42371,1,none,462,463,1,0.0022,0.91631,1,none
bd7378a41171268ab244b869c9fcce5d337fd6ed,2025-08-25T01:59:15-07:00,694478fb806b4ab0618020b52723c660895b3fc5,ok,0,0,1,,2324734,improvement,954.505,807.466,-147.039,-0.154,0.00001,0.00119,improvement,85.638,85.477,-0.161,-0.0019,0.7437,0.98474,none,0,0,0,0,0.07973,1,none,24.184,21.43,-2.754,-0.1139,0.13697,0.9836,none,0,0,0,0,0.35065,1,none,462,477,15,0.0325,0.34685,0.98645,none
9e823483159ad0ee1b6fb8663d1f0455c9d9eda9,2025-08-25T05:54:56Z,d4527e03df68dc07e071aa61f8b9703a74300e29,ok,0,0,0,,2309533,none,956.664,931.409,-25.255,-0.0264,0.84127,0.96971,none,86.067,85.989,-0.078,-0.0009,0.84127,0.98474,none,0,0,0,0,1,1,none,18.741,20.451,1.71,0.0912,0.84127,0.99244,none,0,0,0,0,1,1,none,462,461,-1,-0.0022,0.45781,1,none
6379bf1714ed00b178f5ee3274168a1969c8d807,2025-08-25T05:55:09Z,9e823483159ad0ee1b6fb8663d1f0455c9d9eda9,ok,0,0,0,,2323639,none,958.793,945.609,-13.185,-0.0138,0.54762,0.96971,none,85.491,85.246,-0.245,-0.0029,1,1,none,0,0,0,0,1,1,none,22.624,23.887,1.263,0.0558,0.69048,0.9836,none,0,0,0,0,1,1,none,463,461,-2,-0.0043,0.33827,0.98645,none
694478fb806b4ab0618020b52723c660895b3fc5,2025-08-25T06:16:48Z,6379bf1714ed00b178f5ee3274168a1969c8d807,ok,0,0,0,,2324735,none,969.464,957.496,-11.969,-0.0123,1,1,none,86.02,85.771,-0.249,-0.0029,1,1,none,0,0,0,0,0.42371,1,none,21.413,22.894,1.481,0.0692,0.42063,0.9836,none,0,0,0,0,1,1,none,461,462,1,0.0022,0.6704,1,none
4f510848efd044a603472e20b06b5d6491b79ff8,2025-09-02T09:59:38+02:00,4f510848efd044a603472e20b06b5d6491b79ff8,identical_build,1,1,0,,2324756,none,807.543,807.974,0.431,0.0005,0.69048,0.96971,none,85.978,85.645,-0.333,-0.0039,0.84127,0.98474,none,0,0,0,0,1,1,none,27.465,24.079,-3.386,-0.1233,0.69048,0.9836,none,0,0,0,0,1,1,none,476,480,4,0.0084,0.46198,1,none
4f510848efd044a603472e20b06b5d6491b79ff8,2025-09-02T09:59:38+02:00,bd7378a41171268ab244b869c9fcce5d337fd6ed,ok,0,0,0,,2324756,none,807.704,807.926,0.222,0.0003,0.69048,0.96971,none,86.039,86.066,0.027,0.0003,0.84127,0.98474,none,0,0,0,0,0.42371,1,none,22.097,24.902,2.805,0.1269,0.30952,0.9836,none,0,0,0,0,1,1,none,461,462,1,0.0022,0.08969,0.98645,none
69a165e3182e332d3970e29de96324061c9af043,2025-09-02T10:01:14+02:00,4f510848efd044a603472e20b06b5d6491b79ff8,ok,0,0,0,,2324841,none,807.704,807.905,0.201,0.0002,1,1,none,85.992,85.743,-0.249,-0.0029,0.69048,0.98474,none,0,0,0,0,1,1,none,21.841,26.91,5.069,0.2321,0.69048,0.9836,none,0,0,0,0,1,1,none,461,462,1,0.0022,0.75183,1,none
3aa316a4f7e7d70368d462424f03843def66fee0,2025-09-02T10:10:14+02:00,69a165e3182e332d3970e29de96324061c9af043,ok,0,0,0,,2325304,none,807.818,807.633,-0.186,-0.0002,0.69048,0.96971,none,85.97,86.043,0.073,0.0008,0.54762,0.98474,none,0,0,0,0,0.42371,1,none,24.211,28.873,4.662,0.1926,0.42063,0.9836,none,0,0,0,0,1,1,none,461,461,0,0,1,1,none
595576c1c6fe48cd7cb8ac30fa1075da101bf4d4,2025-09-02T10:10:19+02:00,3aa316a4f7e7d70368d462424f03843def66fee0,ok,0,0,0,,2326098,none,807.824,807.891,0.067,0.0001,0.84127,0.96971,none,87.305,85,-2.305,-0.0264,0.15079,0.8604,none,0,0,0,0,0.42371,1,none,21.388,24.656,3.268,0.1528,0.30952,0.9836,none,0,0,0,0,1,1,none,477,462,-15,-0.0314,0.4564,1,none
4e8c0623d6ab692eb58a293300fc61f06e79b77a,2025-09-10T00:36:51-07:00,595576c1c6fe48cd7cb8ac30fa1075da101bf4d4,ok,0,0,0,,2326097,none,807.824,808.149,0.326,0.0004,0.42063,0.96971,none,86.177,85.535,-0.642,-0.0074,0.22222,0.8604,none,0,0,0,0,0.42371,1,none,21.27,26.521,5.251,0.2469,0.15079,0.9836,none,0,0,0,0,1,1,none,462,479,17,0.0368,0.23435,0.98645,none
6a5c7189fa60d5e78732cf47bbb4880b734f337b,2025-09-11T09:15:01+08:00,4e8c0623d6ab692eb58a293300fc61f06e79b77a,ok,0,0,0,,2326123,none,807.728,808.01,0.282,0.0003,0.54762,0.96971,none,86.022,85.426,-0.596,-0.0069,0.42063,0.98474,none,0,0,0,0,1,1,none,25.903,29.182,3.279,0.1266,0.69048,0.9836,none,0,0,0,0,1,1,none,461,461,0,0,0.6704,1,none
ca686dd0c269a8995f7ef93eb7822b4e07a916e2,2025-09-11T09:15:12+08:00,6a5c7189fa60d5e78732cf47bbb4880b734f337b,ok,0,0,0,,2326020,none,808.205,808.249,0.045,0.0001,0.54762,0.96971,none,85.423,85.876,0.453,0.0053,0.42063,0.98474,none,0,0,0,0,1,1,none,20.614,21.437,0.823,0.0399,0.84127,0.99244,none,0,0,0,0,1,1,none,461,463,2,0.0043,0.32897,0.98645,none
332cd2eb53a8ecdde8ac97117bee651c46ff07ad,2025-09-11T09:17:12+08:00,ca686dd0c269a8995f7ef93eb7822b4e07a916e2,ok,0,0,0,,2289449,none,807.799,807.932,0.133,0.0002,0.54762,0.96971,none,85.282,85.976,0.694,0.0081,0.22222,0.8604,none,0,0,0,0,1,1,none,23.659,18.83,-4.829,-0.2041,0.42063,0.9836,none,0,0,0,0,1,1,none,462,462,0,0,0.82826,1,none
df8c418389378a331ca0f7d5e5a28f070880eb0a,2025-09-11T09:17:50+08:00,332cd2eb53a8ecdde8ac97117bee651c46ff07ad,ok,0,0,1,,2289450,regression,807.602,807.371,-0.23,-0.0003,0.56677,0.96971,none,86.085,86.15,0.065,0.0008,0.96742,1,none,0,50.504,50.504,0,0,0.0001,regression,20.395,20.214,-0.181,-0.0089,0.87019,1,none,0,0,0,0,1,1,none,463,480,17,0.0367,0.00244,0.14714,none
1ce86510d14b06ecb81e778200dfb06f71e76b24,2025-09-12T16:48:19+08:00,df8c418389378a331ca0f7d5e5a28f070880eb0a,ok,0,0,0,,2289417,none,807.889,807.214,-0.675,-0.0008,0.09524,0.84151,none,86.491,85.961,-0.53,-0.0061,0.54762,0.98474,none,52.075,52,-0.075,-0.0014,0.54762,1,none,18.49,14.207,-4.283,-0.2316,1,1,none,0,0,0,0,1,1,none,480,479,-1,-0.0021,0.83353,1,none
75734bc37516646073f50bb4a988a3d07ab163f5,2025-09-12T18:01:04+08:00,1ce86510d14b06ecb81e778200dfb06f71e76b24,ok,0,0,0,,2289423,none,807.632,808.095,0.463,0.0006,0.42063,0.96971,none,87.143,85.705,-1.438,-0.0165,0.05556,0.8604,none,53.203,53,-0.203,-0.0038,0.84127,1,none,14.975,16.801,1.826,0.1219,1,1,none,0,0,0,0,1,1,none,479,480,1,0.0021,1,1,none
01c244f7a4274c504452928f4ac075c986e185db,2025-09-23T03:26:23-07:00,75734bc37516646073f50bb4a988a3d07ab163f5,ok,0,0,0,,2289339,none,808.486,808.331,-0.155,-0.0002,0.69048,0.96971,none,86.282,85.986,-0.296,-0.0034,0.84127,0.98474,none,53.353,75,21.647,0.4057,1,1,none,12.108,20.418,8.31,0.6863,0.30952,0.9836,none,0,0,0,0,1,1,none,479,481,2,0.0042,0.07137,0.98645,none
253ce23e561fe65bb39a1f748921b5eb8d3663e8,2025-09-24T10:04:29+08:00,01c244f7a4274c504452928f4ac075c986e185db,ok,0,0,0,,2287729,none,807.98,807.854,-0.126,-0.0002,0.84127,0.96971,none,86.002,85.938,-0.064,-0.0007,0.84127,0.98474,none,81,52,-29,-0.358,0.84127,1,none,13.167,15.186,2.019,0.1533,0.84127,0.99244,none,0,0,0,0,1,1,none,479,334,-145,-0.3027,0.01116,0.37446,none
118a00660ae5387ef3ec480fd4287dcd1c18dc02,2025-09-25T06:56:01-07:00,253ce23e561fe65bb39a1f748921b5eb8d3663e8,ok,0,0,0,,2287733,none,808.08,807.963,-0.117,-0.0001,0.54762,0.96971,none,85.979,86.029,0.05,0.0006,0.22222,0.8604,none,56,52,-4,-0.0714,0.69048,1,none,12.239,18.649,6.41,0.5237,0.30952,0.9836,none,0,0,0,0,1,1,none,336,336,0,0,0.44471,1,none
abf53b9fe9f3133c1a6095625e9c16e6921ab863,2025-09-25T06:58:54-07:00,118a00660ae5387ef3ec480fd4287dcd1c18dc02,ok,0,0,0,,2287733,none,807.708,807.863,0.155,0.0002,0.84127,0.96971,none,87.124,85.739,-1.385,-0.0159,0.54762,0.98474,none,56,59,3,0.0536,0.69048,1,none,17.726,17.473,-0.253,-0.0143,0.84127,0.99244,none,0,0,0,0,1,1,none,336,336,0,0,1,1,none
7989b5292f57ad6b9aa83d535d429a3fd1fbddc8,2025-09-25T06:59:32-07:00,7989b5292f57ad6b9aa83d535d429a3fd1fbddc8,identical_build,1,1,0,,2287732,none,808.165,807.371,-0.794,-0.001,0.54762,0.96971,none,86.007,85.887,-0.12,-0.0014,1,1,none,53,75.64,22.64,0.4272,0.15079,1,none,19.952,13.77,-6.182,-0.3098,0.54762,0.9836,none,0,0,0,0,1,1,none,334,352,18,0.0539,0.17322,0.98645,none
7989b5292f57ad6b9aa83d535d429a3fd1fbddc8,2025-09-25T06:59:32-07:00,abf53b9fe9f3133c1a6095625e9c16e6921ab863,ok,0,0,0,,2287732,none,807.508,808.344,0.836,0.001,0.22222,0.95873,none,86.129,85.522,-0.607,-0.007,0.09524,0.8604,none,52,53,1,0.0192,0.83252,1,none,17.147,16.827,-0.32,-0.0187,0.42063,0.9836,none,0,0,0,0,1,1,none,336,336,0,0,0.75033,1,none
2b0b149963444f6ab5229ecc4e0bb708d805ae30,2025-09-29T18:38:25Z,7989b5292f57ad6b9aa83d535d429a3fd1fbddc8,ok,0,0,0,,2288024,none,807.601,807.598,-0.003,0,0.69048,0.96971,none,85.634,85.883,0.249,0.0029,0.84127,0.98474,none,53,56,3,0.0566,0.84127,1,none,12.807,19.726,6.919,0.5403,0.42063,0.9836,none,0,0,0,0,1,1,none,335,335,0,0,0.91067,1,none
39406bf0161b77c5afc7a6088484cd92f35cee5c,2025-09-29T18:38:32Z,2b0b149963444f6ab5229ecc4e0bb708d805ae30,ok,0,0,1,,2282290,none,807.832,808.212,0.38,0.0005,0.20168,0.95873,none,87.468,85.468,-2,-0.0229,0.01855,0.80046,none,69.811,49,-20.811,-0.2981,0.00301,0.11912,none,21.933,19.468,-2.465,-0.1124,0.14848,0.9836,none,0,0,0,0,1,1,none,335,336,1,0.003,0.61394,1,none
31b4521ad0607a74e284fa7c62502b56a7710e86,2025-09-30T14:15:10+02:00,39406bf0161b77c5afc7a6088484cd92f35cee5c,ok,0,0,0,,2282293,none,807.716,808.227,0.511,0.0006,0.42063,0.96971,none,86.179,86.013,-0.166,-0.0019,1,1,none,51.011,51,-0.011,-0.0002,0.7533,1,none,22.797,14.277,-8.52,-0.3737,0.15079,0.9836,none,0,0,0,0,1,1,none,335,335,0,0,0.91277,1,none
ac9c758342293101156f90063d82e6267f6792b1,2025-11-08T10:10:52+01:00,31b4521ad0607a74e284fa7c62502b56a7710e86,ok,0,0,0,,2282272,none,807.703,807.943,0.24,0.0003,0.69048,0.96971,none,87.014,85.854,-1.16,-0.0133,0.42063,0.98474,none,48,48,0,0,0.39907,1,none,19.678,16.603,-3.075,-0.1563,0.69048,0.9836,none,0,0,0,0,1,1,none,335,336,1,0.003,0.39466,1,none
328b03d4989dc4f52fd2bef2440596e87393aa1b,2025-11-08T10:13:53+01:00,ac9c758342293101156f90063d82e6267f6792b1,ok,0,0,0,,2282271,none,807.445,807.717,0.273,0.0003,0.42063,0.96971,none,86.031,86.453,0.422,0.0049,0.84127,0.98474,none,56,52,-4,-0.0714,0.54762,1,none,16.429,17.149,0.72,0.0438,0.84127,0.99244,none,0,0,0,0,1,1,none,335,336,1,0.003,0.32579,0.98645,none
f828958be70ec45495ff16ed4aad0bc55952c4bf,2025-11-08T10:15:47+01:00,328b03d4989dc4f52fd2bef2440596e87393aa1b,ok,0,0,0,,2282315,none,808.064,808.05,-0.014,0,1,1,none,87.006,85.942,-1.064,-0.0122,1,1,none,50,53.872,3.872,0.0774,0.69048,1,none,21.295,14.458,-6.837,-0.3211,0.01587,0.68481,none,0,0,0,0,1,1,none,334,333,-1,-0.003,0.67137,1,none
dc58e0fa595a1f8c3e6a91d9bed8b33a8e3bcf03,2025-11-08T10:16:25+01:00,f828958be70ec45495ff16ed4aad0bc55952c4bf,ok,0,0,0,,2282316,none,808.026,809.33,1.303,0.0016,0.01587,0.53263,none,85.506,85.796,0.29,0.0034,1,1,none,50,57,7,0.14,0.83403,1,none,18.34,19.727,1.387,0.0756,0.09524,0.9836,none,0,0,0,0,1,1,none,335,337,2,0.006,1,1,none
f80ca3089fc51f63f4a6231fee72aaaa4b0e6969,2025-11-08T10:17:16+01:00,dc58e0fa595a1f8c3e6a91d9bed8b33a8e3bcf03,ok,0,0,0,,2282317,none,807.852,807.292,-0.561,-0.0007,0.69048,0.96971,none,85.713,86.046,0.333,0.0039,0.42063,0.98474,none,53,54,1,0.0189,0.42063,1,none,17.886,17.921,0.035,0.002,0.54762,0.9836,none,0,0,0,0,1,1,none,335,336,1,0.003,0.02384,0.65446,none
3360c2147f4edf185b307a36703f91683c63199b,2025-11-08T10:17:25+01:00,f80ca3089fc51f63f4a6231fee72aaaa4b0e6969,ok,0,0,0,,2283005,none,807.771,808.075,0.304,0.0004,0.30952,0.96971,none,85.986,86.158,0.172,0.002,0.30952,0.92551,none,51,50,-1,-0.0196,1,1,none,17.58,20.726,3.146,0.179,0.54762,0.9836,none,0,0,0,0,1,1,none,334,334,0,0,1,1,none
9667c7be8d5b8181f19b562fa764a2f29bf50bd8,2025-11-14T12:14:19+08:00,3360c2147f4edf185b307a36703f91683c63199b,ok,0,0,1,,2281604,none,808.092,807.697,-0.395,-0.0005,0.2671,0.96971,none,88.061,85.862,-2.199,-0.025,0.14848,0.8604,none,54,50,-4,-0.0741,0.22887,1,none,20.766,20.038,-0.728,-0.0351,0.48636,0.9836,none,0,0,0,0,1,1,none,336,335,-1,-0.003,0.1029,0.98645,none
bf12a6b554eb338b35af026daaf3340d29158ed0,2025-11-19T16:58:05+01:00,9667c7be8d5b8181f19b562fa764a2f29bf50bd8,ok,0,0,0,,2281715,none,807.898,807.622,-0.275,-0.0003,0.42063,0.96971,none,89.357,86.132,-3.225,-0.0361,0.84127,0.98474,none,52,74.552,22.553,0.4337,0.54762,1,none,18.037,21.722,3.685,0.2043,0.22222,0.9836,none,0,0,0,0,1,1,none,337,336,-1,-0.003,0.91631,1,none
348ce6ec0270804ee2ed96275451db884650044b,2025-12-11T17:15:45+08:00,bf12a6b554eb338b35af026daaf3340d29158ed0,ok,0,0,0,,2281730,none,808.34,807.725,-0.615,-0.0008,0.15079,0.95873,none,85.171,86.46,1.289,0.0151,0.30952,0.92551,none,50,53,3,0.06,0.17322,1,none,15.068,17.453,2.385,0.1583,0.69048,0.9836,none,0,0,0,0,1,1,none,336,335,-1,-0.003,0.58513,1,none
06a919c13b9526abda4c55d0f69955fb8673a833,2026-01-26T09:04:18-08:00,348ce6ec0270804ee2ed96275451db884650044b,ok,0,0,0,,2281720,none,807.649,808.405,0.756,0.0009,0.42063,0.96971,none,87.528,86.047,-1.481,-0.0169,0.54762,0.98474,none,53,54,1,0.0189,0.83403,1,none,17.629,18.744,1.115,0.0632,0.69048,0.9836,none,0,0,0,0,1,1,none,334,335,1,0.003,0.67137,1,none
dcf363038ab2f5b4571028669cf893d084b6b207,2026-01-26T09:08:42-08:00,06a919c13b9526abda4c55d0f69955fb8673a833,ok,0,0,0,,2281725,none,811.659,807.765,-3.894,-0.0048,0.22222,0.95873,none,85.473,87.173,1.7,0.0199,0.54762,0.98474,none,50,53,3,0.06,0.6004,1,none,16.444,21.565,5.121,0.3114,0.00794,0.59921,none,0,0,0,0,1,1,none,353,335,-18,-0.051,1,1,none
9f08829e970d0f518edc3eab8c5d77ab81d364b1,2026-01-30T08:42:02+08:00,9f08829e970d0f518edc3eab8c5d77ab81d364b1,identical_build,1,1,0,,2282371,none,808.076,808.724,0.648,0.0008,0.69048,0.96971,none,85.367,86.394,1.027,0.012,0.05556,0.8604,none,78,55.17,-22.83,-0.2927,0.30952,1,none,16.554,18.67,2.116,0.1278,0.69048,0.9836,none,0,0,0,0,1,1,none,352,337,-15,-0.0426,0.83252,1,none
9f08829e970d0f518edc3eab8c5d77ab81d364b1,2026-01-30T08:42:02+08:00,dcf363038ab2f5b4571028669cf893d084b6b207,ok,0,0,0,,2282371,none,809.028,808.423,-0.606,-0.0007,0.22222,0.95873,none,86.576,85.192,-1.384,-0.016,0.09524,0.8604,none,69,50,-19,-0.2754,0.52962,1,none,21.002,17.516,-3.486,-0.166,0.42063,0.9836,none,0,0,0,0,1,1,none,336,337,1,0.003,0.51925,1,none
a7d6bc5007de1496fcc9f631a8710c5c5129fb0c,2026-01-30T08:46:04+08:00,9f08829e970d0f518edc3eab8c5d77ab81d364b1,ok,0,0,0,,2234599,none,807.879,808.057,0.178,0.0002,0.30952,0.96971,none,86.003,86.111,0.108,0.0013,0.42063,0.98474,none,51,38.719,-12.281,-0.2408,0.00794,0.23968,none,16.085,15.372,-0.713,-0.0443,0.84127,0.99244,none,0,0,0,0,1,1,none,335,336,1,0.003,1,1,none
f0b3801a4f7cc621a765682abf9a0ab88c1f7903,2026-02-10T11:43:50+01:00,a7d6bc5007de1496fcc9f631a8710c5c5129fb0c,ok,0,0,0,,2234638,none,808.364,846.608,38.244,0.0473,0.69048,0.96971,none,87.023,86.611,-0.412,-0.0047,0.42063,0.98474,none,38.163,40.899,2.736,0.0717,0.69048,1,none,18.366,19.439,1.073,0.0584,1,1,none,0,0,0,0,1,1,none,337,335,-2,-0.0059,0.6704,1,none
62f92b7092126be6b7b1ae8d2e60340d3fdf7976,2026-02-10T11:45:53+01:00,f0b3801a4f7cc621a765682abf9a0ab88c1f7903,ok,0,0,0,,2234637,none,808.298,848.036,39.738,0.0492,0.15079,0.95873,none,87.275,86.559,-0.716,-0.0082,0.54762,0.98474,none,40,39.583,-0.417,-0.0104,0.69048,1,none,20.65,17.479,-3.171,-0.1536,0.54762,0.9836,none,0,0,0,0,1,1,none,335,352,17,0.0507,0.03223,0.68224,none
7f0576d2e32bf8ea9bccf0ab41b57ecb4254fd22,2026-02-10T12:39:17+01:00,4610ff099114e7a75d3b1b7f4aa3b2ceed5d9d15,ok,0,0,0,,2234621,none,810.647,846.947,36.3,0.0448,0.30952,0.96971,none,86.117,86.066,-0.051,-0.0006,1,1,none,48,39.842,-8.158,-0.17,0.30952,1,none,15.531,19.654,4.123,0.2655,0.09524,0.9836,none,0,0,0,0,1,1,none,352,355,3,0.0085,0.38709,1,none
0bb67cab97bc88910a5c7886c45002d58a5aed12,2026-02-10T12:39:32+01:00,7f0576d2e32bf8ea9bccf0ab41b57ecb4254fd22,ok,0,0,0,,2234485,none,807.847,809.017,1.17,0.0014,0.84127,0.96971,none,86.417,86.012,-0.405,-0.0047,0.84127,0.98474,none,40.804,42.006,1.202,0.0295,0.69048,1,none,17.306,18.311,1.005,0.0581,0.03175,0.68481,none,0,0,0,0,1,1,none,335,353,18,0.0537,0.13633,0.98645,none
75cdcac3f52d44479971504fef5d03c5a08d096c,2026-02-10T12:42:52+01:00,0bb67cab97bc88910a5c7886c45002d58a5aed12,ok,0,0,0,,2234936,none,846.862,807.864,-38.998,-0.046,0.15079,0.95873,none,101.776,86.435,-15.341,-0.1507,1,1,none,38.133,36,-2.133,-0.0559,1,1,none,18.984,20.651,1.667,0.0878,0.30952,0.9836,none,0,0,0,0,1,1,none,353,337,-16,-0.0453,0.75033,1,none
e4b729992e84252dc02a350adcc4b7dd48d17028,2026-02-10T12:43:00+01:00,75cdcac3f52d44479971504fef5d03c5a08d096c,ok,0,0,0,,2235353,none,847.695,808.189,-39.506,-0.0466,0.54762,0.96971,none,88.12,87.653,-0.467,-0.0053,0.84127,0.98474,none,41.102,40,-1.102,-0.0268,1,1,none,14.576,20.114,5.538,0.3799,1,1,none,0,0,0,0,1,1,none,336,355,19,0.0565,0.34278,0.98645,none
4610ff099114e7a75d3b1b7f4aa3b2ceed5d9d15,2026-02-10T18:49:39+08:00,62f92b7092126be6b7b1ae8d2e60340d3fdf7976,ok,0,0,0,,2234646,none,847.693,847.784,0.091,0.0001,0.69048,0.96971,none,86.078,85.957,-0.121,-0.0014,0.69048,0.98474,none,38.601,38.576,-0.024,-0.0006,1,1,none,18.74,17.096,-1.644,-0.0877,0.54762,0.9836,none,0,0,0,0,1,1,none,353,354,1,0.0028,0.51518,1,none
3c48153e34e41fe31bb89712753cbc9d2194bb25,2026-02-22T08:41:29-08:00,e4b729992e84252dc02a350adcc4b7dd48d17028,ok,0,0,0,,2235377,none,848.167,847.397,-0.77,-0.0009,0.69048,0.96971,none,86.204,87.467,1.263,0.0147,0.09524,0.8604,none,39.545,38.639,-0.906,-0.0229,0.84127,1,none,18.814,19.764,0.95,0.0505,1,1,none,0,0,0,0,1,1,none,353,354,1,0.0028,0.59357,1,none
67abccbebdc871db4fad2c1c39a81808996a81ae,2026-02-22T08:52:45-08:00,3c48153e34e41fe31bb89712753cbc9d2194bb25,ok,0,0,0,,2235350,none,809.001,807.806,-1.196,-0.0015,0.84127,0.96971,none,85.23,87.966,2.736,0.0321,0.05556,0.8604,none,49,38,-11,-0.2245,1,1,none,19.058,18.545,-0.513,-0.0269,0.69048,0.9836,none,0,0,0,0,1,1,none,337,353,16,0.0475,0.45921,1,none
c75d9a858f458274b3c4bfec443ac5a727113ddb,2026-02-22T08:55:42-08:00,67abccbebdc871db4fad2c1c39a81808996a81ae,ok,0,0,0,,2235343,none,807.567,847.616,40.048,0.0496,0.54762,0.96971,none,86.431,85.825,-0.606,-0.007,0.54762,0.98474,none,36.101,39.745,3.644,0.1009,0.84127,1,none,18.498,17.985,-0.513,-0.0277,0.84127,0.99244,none,0,0,0,0,1,1,none,336,353,17,0.0506,0.05624,0.98645,none
cacd027fa650882257f79eb63f0ba94946eab75d,2026-02-22T12:28:43-05:00,c75d9a858f458274b3c4bfec443ac5a727113ddb,ok,0,0,0,,2235317,none,846.669,808,-38.669,-0.0457,0.42063,0.96971,none,85.168,87.045,1.877,0.022,0.84127,0.98474,none,42.869,36,-6.869,-0.1602,0.42063,1,none,18.847,18.061,-0.786,-0.0417,0.69048,0.9836,none,0,0,0,0,1,1,none,350,337,-13,-0.0371,0.832,1,none
04de0400be86582019b6f2c5d8599cf177949671,2026-02-27T09:07:43-08:00,cacd027fa650882257f79eb63f0ba94946eab75d,ok,0,0,0,,2235351,none,847.672,847,-0.672,-0.0008,0.15079,0.95873,none,86.821,85.957,-0.864,-0.01,0.69048,0.98474,none,42.241,34,-8.241,-0.1951,0.09524,1,none,14.274,14.296,0.022,0.0015,0.69048,0.9836,none,0,0,0,0,1,1,none,350,352,2,0.0057,0.75033,1,none
2951ff0ad155374d60455236c1e069c9ddbbb0c0,2026-02-27T09:20:28-08:00,04de0400be86582019b6f2c5d8599cf177949671,ok,0,0,0,,2235060,none,807.986,847.184,39.198,0.0485,0.22222,0.95873,none,86.001,86.087,0.086,0.001,0.69048,0.98474,none,40.284,40.218,-0.066,-0.0016,1,1,none,15.158,17.852,2.694,0.1777,0.30952,0.9836,none,0,0,0,0,1,1,none,336,337,1,0.003,0.4521,1,none
c368cd34cc330ef48b74e009e5f3c6cf7b23525e,2026-03-06T19:37:50-08:00,c368cd34cc330ef48b74e009e5f3c6cf7b23525e,identical_build,1,1,0,,2235138,none,847.051,846.753,-0.298,-0.0004,1,1,none,85.606,86.011,0.405,0.0047,0.54762,0.98474,none,35.755,41.787,6.032,0.1687,0.69048,1,none,18.389,16.799,-1.59,-0.0865,0.69048,0.9836,none,0,0,0,0,1,1,none,353,336,-17,-0.0482,0.8299,1,none
c368cd34cc330ef48b74e009e5f3c6cf7b23525e,2026-03-06T19:37:50-08:00,2951ff0ad155374d60455236c1e069c9ddbbb0c0,ok,0,0,0,,2235138,none,847.991,847.558,-0.433,-0.0005,0.69048,0.96971,none,86.024,85.973,-0.051,-0.0006,0.84127,0.98474,none,41.166,39.24,-1.925,-0.0468,0.84127,1,none,16.81,12.101,-4.709,-0.2801,0.03175,0.68481,none,0,0,0,0,1,1,none,350,355,5,0.0143,0.39015,1,none
d5c0f96c988c638d32d0a2bf54d53d41751393f0,2026-03-06T19:40:33-08:00,c368cd34cc330ef48b74e009e5f3c6cf7b23525e,ok,0,0,0,,2235375,none,848.367,848.048,-0.319,-0.0004,1,1,none,87.692,86.061,-1.631,-0.0186,0.03175,0.8604,none,35.606,42.063,6.457,0.1814,0.22222,1,none,20.298,19.26,-1.038,-0.0511,0.84127,0.99244,none,0,0,0,0,1,1,none,336,353,17,0.0506,0.59816,1,none
76f5cb690f2573f1550c15ca4e9b1f3909c8a60c,2026-03-06T19:41:30-08:00,d5c0f96c988c638d32d0a2bf54d53d41751393f0,ok,0,0,0,,2235382,none,808.192,807.585,-0.607,-0.0008,0.54762,0.96971,none,86.008,85.472,-0.536,-0.0062,0.84127,0.98474,none,51.659,40,-11.659,-0.2257,0.42063,1,none,21.278,17.871,-3.407,-0.1601,0.42063,0.9836,none,0,0,0,0,1,1,none,353,337,-16,-0.0453,0.91579,1,none
a23bdbe28511959a00d5ff3e272222e7ea7f5724,2026-03-07T15:21:35+05:30,76f5cb690f2573f1550c15ca4e9b1f3909c8a60c,ok,0,0,0,,2235558,none,809.168,848.322,39.154,0.0484,0.54762,0.96971,none,102.297,117.996,15.699,0.1535,0.22222,0.8604,none,58.493,65.774,7.281,0.1245,0.22222,1,none,47.005,48.257,1.252,0.0266,1,1,none,0,0,0,0,1,1,none,355,373,18,0.0507,0.11496,0.98645,none
1fa271090056bc97934808305eeb69e1f9f0c141,2026-03-07T15:25:39+05:30,a23bdbe28511959a00d5ff3e272222e7ea7f5724,ok,0,0,0,,2235568,none,809.923,809.099,-0.824,-0.001,0.69048,0.96971,none,101.973,103.219,1.246,0.0122,0.84127,0.98474,none,40.308,54.483,14.174,0.3516,0.54762,1,none,19.772,23.241,3.469,0.1755,0.69048,0.9836,none,0,0,0,0,1,1,none,352,352,0,0,0.44918,1,none
4e071677b0c41c04f9dd6e3a92194866cfc10e98,2026-03-07T15:26:27+05:30,1fa271090056bc97934808305eeb69e1f9f0c141,ok,0,0,0,,2235581,none,847.677,847.722,0.045,0.0001,0.69048,0.96971,none,85.297,102.618,17.321,0.2031,0.54762,0.98474,none,41.609,35.642,-5.967,-0.1434,0.84127,1,none,22.097,21.125,-0.972,-0.044,0.54762,0.9836,none,0,0,0,0,1,1,none,353,354,1,0.0028,0.2059,0.98645,none
5802689686dad75cade124471f36c8eaf68f009c,2026-03-07T15:27:43+05:30,4e071677b0c41c04f9dd6e3a92194866cfc10e98,ok,0,0,1,,2235608,none,809.527,807.998,-1.529,-0.0019,0.83813,0.96971,none,87.598,86.628,-0.97,-0.0111,0.14653,0.8604,none,49.182,42.107,-7.075,-0.1438,0.71297,1,none,23.887,18.637,-5.25,-0.2198,0.05022,0.88304,none,0,0,0,0,1,1,none,353,353,0,0,0.81578,1,none
1e91ed7d09072c69ff61bc54ee1acb1f27b2f6f4,2026-03-07T18:57:30+05:30,5802689686dad75cade124471f36c8eaf68f009c,ok,0,0,0,,2235595,none,848.012,847.336,-0.676,-0.0008,0.54762,0.96971,none,86.091,102.756,16.665,0.1936,0.42063,0.98474,none,38.037,37.204,-0.833,-0.0219,0.54762,1,none,16.072,20.853,4.781,0.2975,0.09524,0.9836,none,0,0,0,0,1,1,none,335,336,1,0.003,0.23435,0.98645,none
ebab64ad9fd3bf6cdeb3f8bed388ae018440ddd6,2026-03-13T08:34:18+01:00,1e91ed7d09072c69ff61bc54ee1acb1f27b2f6f4,ok,0,0,0,,2235534,none,808.193,808.298,0.105,0.0001,0.54762,0.96971,none,85.488,87.239,1.751,0.0205,0.54762,0.98474,none,33,41,8,0.2424,0.03614,0.7805,none,19.009,25.328,6.319,0.3324,0.22222,0.9836,none,0,0,0,0,1,1,none,337,336,-1,-0.003,0.28733,0.98645,none
2abab33eb4b163e51db0c73c0fc889b6b6c731f2,2026-03-16T13:38:31+01:00,ebab64ad9fd3bf6cdeb3f8bed388ae018440ddd6,ok,0,0,0,,2235543,none,808.076,846.973,38.896,0.0481,0.54762,0.96971,none,87.044,85.669,-1.375,-0.0158,0.84127,0.98474,none,36.691,41.671,4.981,0.1358,0.30952,1,none,19.461,17.761,-1.7,-0.0874,1,1,none,0,0,0,0,1,1,none,337,337,0,0,0.6704,1,none
43e1197e4be4cce08f3b818fe123bed3808d7769,2026-03-17T23:58:52+05:30,2abab33eb4b163e51db0c73c0fc889b6b6c731f2,ok,0,0,0,,2235535,none,808.209,808.107,-0.101,-0.0001,1,1,none,89.027,101.751,12.724,0.1429,0.84127,0.98474,none,36,40.558,4.558,0.1266,0.30952,1,none,20.255,19.49,-0.765,-0.0378,0.84127,0.99244,none,0,0,0,0,1,1,none,336,337,1,0.003,0.6704,1,none
9b7a34485d89683d215e6f040def122cad069c0f,2026-03-17T23:59:56+05:30,43e1197e4be4cce08f3b818fe123bed3808d7769,ok,0,0,0,,2235820,none,847.465,809.001,-38.464,-0.0454,0.42063,0.96971,none,86.032,87.544,1.512,0.0176,0.22222,0.8604,none,38.842,37.246,-1.597,-0.0411,0.69048,1,none,20.508,20.297,-0.211,-0.0103,0.69048,0.9836,none,0,0,0,0,1,1,none,353,337,-16,-0.0453,0.03558,0.68224,none
fcec1ef7ded8604dd53f29b317af185aa26153db,2026-03-18T00:02:32+05:30,9b7a34485d89683d215e6f040def122cad069c0f,ok,0,0,1,,2235820,none,808.012,847.536,39.524,0.0489,0.0209,0.57386,none,87.08,86.168,-0.912,-0.0105,0.87019,1,none,53,40.744,-12.256,-0.2313,0.59488,1,none,22.084,21.015,-1.069,-0.0484,0.68267,0.9836,none,0,0,0,0,1,1,none,353,352,-1,-0.0028,0.96676,1,none
fd70b0a03e2b4f8a6699e3212d40561134626e62,2026-03-18T10:36:42+05:30,fcec1ef7ded8604dd53f29b317af185aa26153db,ok,0,0,0,,2235834,none,809.785,848.052,38.266,0.0473,0.69048,0.96971,none,87.25,103.809,16.559,0.1898,0.22222,0.8604,none,40.262,41,0.738,0.0183,1,1,none,20.498,25.807,5.309,0.259,0.69048,0.9836,none,0,0,0,0,1,1,none,353,354,1,0.0028,0.83043,1,none
d4fd2e1c1667d56725725081e29babdf6e17bfba,2026-03-19T13:46:14+05:30,fd70b0a03e2b4f8a6699e3212d40561134626e62,ok,0,0,0,,2235926,none,808.52,807.677,-0.843,-0.001,0.22222,0.95873,none,102.09,87.125,-14.965,-0.1466,0.84127,0.98474,none,55.494,38.168,-17.326,-0.3122,0.22222,1,none,24.749,24.822,0.073,0.0029,0.69048,0.9836,none,0,0,0,0,1,1,none,354,353,-1,-0.0028,0.24332,0.98645,none
77bc26feed68bae570ad9ce7ef91e0b889021a56,2026-03-20T03:07:40+05:30,77bc26feed68bae570ad9ce7ef91e0b889021a56,identical_build,1,1,0,,2235971,none,808.265,848.015,39.751,0.0492,0.22222,0.95873,none,103.413,101.181,-2.232,-0.0216,1,1,none,57.848,59.738,1.889,0.0327,0.84127,1,none,22.731,25.015,2.284,0.1005,0.54762,0.9836,none,0,0,0,0,1,1,none,369,371,2,0.0054,0.832,1,none
77bc26feed68bae570ad9ce7ef91e0b889021a56,2026-03-20T03:07:40+05:30,d4fd2e1c1667d56725725081e29babdf6e17bfba,ok,0,0,0,,2235971,none,848.044,847.849,-0.194,-0.0002,0.42063,0.96971,none,86.796,102.622,15.826,0.1823,0.84127,0.98474,none,44.55,43.692,-0.858,-0.0193,0.84127,1,none,26.526,26.467,-0.059,-0.0022,0.84127,0.99244,none,0,0,0,0,1,1,none,353,354,1,0.0028,0.83043,1,none
c1c8f9617144a0ef8a526b7347c07b0b2771c3c5,2026-03-31T19:43:26+05:30,77bc26feed68bae570ad9ce7ef91e0b889021a56,ok,0,0,0,,2242745,none,851.374,813.071,-38.303,-0.045,1,1,none,101.165,116.74,15.575,0.154,0.54762,0.98474,none,55.666,51.774,-3.892,-0.0699,0.11607,1,none,61.702,95.033,33.331,0.5402,0.54762,0.9836,none,0,0,0,0,1,1,none,364,1411,1047,2.8764,0.22222,0.98645,none
037a76daf60b0638e2837e8daa3174262e37af65,2026-04-08T01:10:10+05:30,c1c8f9617144a0ef8a526b7347c07b0b2771c3c5,ok,0,0,0,,2251767,none,853.696,885.615,31.919,0.0374,0.69048,0.96971,none,134.664,138.661,3.997,0.0297,1,1,none,97,98.561,1.561,0.0161,1,1,none,137.471,133.679,-3.792,-0.0276,0.69048,0.9836,none,0,0,0,0,1,1,none,446,455,9,0.0202,0.69048,1,none
b2ffdeb173dc654053fb2cfe9f47d068012d7aaa,2026-05-07T22:51:48+05:30,037a76daf60b0638e2837e8daa3174262e37af65,ok,0,0,0,,2252933,none,810.5,810.505,0.005,0,1,1,none,114.105,116.819,2.714,0.0238,0.84127,0.98474,none,67.5,71.719,4.219,0.0625,0.42063,1,none,76.579,69.515,-7.064,-0.0922,0.69048,0.9836,none,0,0,0,0,1,1,none,390,404,14,0.0359,0.83403,1,none
cccdebc775b648793aade100a0c11bda2db3bc3a,2026-05-07T22:57:43+05:30,b2ffdeb173dc654053fb2cfe9f47d068012d7aaa,ok,0,0,0,,2281685,none,809.672,810.538,0.865,0.0011,0.84127,0.96971,none,106.047,104.857,-1.19,-0.0112,0.42063,0.98474,none,70.013,73.316,3.303,0.0472,0.42063,1,none,44.696,40.558,-4.138,-0.0926,1,1,none,0,0,0,0,1,1,none,406,395,-11,-0.0271,0.67517,1,none
e5a057e27aed9c22ee62acb5ef889e8c41866771,2026-05-16T13:20:28-07:00,cccdebc775b648793aade100a0c11bda2db3bc3a,ok,0,0,0,,2280926,none,809.27,809.098,-0.172,-0.0002,0.84127,0.96971,none,97.348,100.14,2.792,0.0287,0.42063,0.98474,none,65.999,68.136,2.137,0.0324,0.54762,1,none,31.856,26.158,-5.698,-0.1789,0.69048,0.9836,none,0,0,0,0,1,1,none,380,378,-2,-0.0053,1,1,none
ec44a2fbf8ccee586c3c68abd1183424e9be620d,2026-05-20T09:04:02-04:00,e5a057e27aed9c22ee62acb5ef889e8c41866771,ok,0,0,0,,2246198,none,821.528,809.955,-11.573,-0.0141,1,1,none,118.986,96.805,-22.181,-0.1864,0.69048,0.98474,none,80.287,63.631,-16.656,-0.2075,0.15079,1,none,61.141,35.08,-26.061,-0.4262,0.69048,0.9836,none,0,0,0,0,1,1,none,519,550,31,0.0597,0.69048,1,none
207853229d1f1bc5ec182a7dd0c12127ae2e2ed2,2026-06-02T11:18:42+02:00,ec44a2fbf8ccee586c3c68abd1183424e9be620d,ok,0,0,1,,2246194,none,850.68,849.263,-1.416,-0.0017,0.16069,0.95873,none,112.399,109.527,-2.872,-0.0256,0.71297,0.98474,none,75.22,45,-30.22,-0.4018,0.03618,0.7805,none,74.838,74.487,-0.351,-0.0047,0.96742,1,none,0,0,0,0,1,1,none,751,725,-26,-0.0346,0.75563,1,none
2278428482306ef1fdcf3acbee00fd3a37e9f058,2026-06-02T11:19:05+02:00,207853229d1f1bc5ec182a7dd0c12127ae2e2ed2,ok,0,0,1,,2246190,none,848.201,848.393,0.192,0.0002,0.65287,0.96971,none,102.124,107.322,5.198,0.0509,0.23281,0.86801,none,42.786,36,-6.786,-0.1586,0.51249,1,none,34.076,45.018,10.942,0.3211,0.13697,0.9836,none,0,0,0,0,1,1,none,733,701,-32,-0.0437,0.37246,1,none
af725599bb1cc7bdd174b5a4f16055a18348026b,2026-06-02T11:21:04+02:00,2278428482306ef1fdcf3acbee00fd3a37e9f058,ok,0,0,0,,2246192,none,848.507,848.719,0.213,0.0003,0.69048,0.96971,none,105.444,108.452,3.008,0.0285,0.69048,0.98474,none,40.618,40,-0.618,-0.0152,0.84127,1,none,42.864,41.169,-1.695,-0.0395,0.69048,0.9836,none,0,0,0,0,1,1,none,692,721,29,0.0419,0.52962,1,none
ef3d01df6c56f3849fa205fb354f1ba9b75937ee,2026-06-02T11:22:06+02:00,af725599bb1cc7bdd174b5a4f16055a18348026b,ok,0,0,0,,2246486,none,849.072,848.019,-1.053,-0.0012,0.22222,0.95873,none,108.607,102.972,-5.635,-0.0519,0.15079,0.8604,none,50.713,47.823,-2.89,-0.057,0.54762,1,none,34.735,42.438,7.703,0.2218,0.22222,0.9836,none,0,0,0,0,1,1,none,719,708,-11,-0.0153,0.24915,0.98645,none
40556f6a63d94f7e5fd96a17300ec21b82e4d897,2026-06-02T11:25:52+02:00,ef3d01df6c56f3849fa205fb354f1ba9b75937ee,ok,0,0,0,,2275241,none,848.684,848.413,-0.271,-0.0003,0.84127,0.96971,none,111.981,107.244,-4.737,-0.0423,0.22222,0.8604,none,59.238,53.95,-5.288,-0.0893,1,1,none,55.567,44.178,-11.389,-0.205,0.84127,0.99244,none,0,0,0,0,1,1,none,801,701,-100,-0.1248,0.09524,0.98645,none
0c0d00eff54c9ade3d4daed52749c7c18ff5223e,2026-06-02T11:26:00+02:00,40556f6a63d94f7e5fd96a17300ec21b82e4d897,ok,0,0,0,,2274952,none,849.099,849.496,0.398,0.0005,0.30952,0.96971,none,107.248,113.78,6.532,0.0609,0.09524,0.8604,none,52,69,17,0.3269,0.42063,1,none,44.161,55.27,11.109,0.2516,0.22222,0.9836,none,0,0,0,0,1,1,none,720,702,-18,-0.025,0.83403,1,none
0d10a2b3b29e9272a8b81013282e02cf7d710ed4,2026-06-08T08:00:30-07:00,0c0d00eff54c9ade3d4daed52749c7c18ff5223e,ok,0,0,0,,2275060,none,850.143,850.132,-0.011,0,0.69048,0.96971,none,114.017,124.024,10.007,0.0878,0.69048,0.98474,none,88,61.316,-26.684,-0.3032,0.69048,1,none,86.409,78.548,-7.861,-0.091,1,1,none,0,0,0,0,1,1,none,767,712,-55,-0.0717,0.84127,1,none
6d2a58729dd21cf238e33f1156d42afbb5f2a43a,2026-06-11T08:49:52-07:00,0d10a2b3b29e9272a8b81013282e02cf7d710ed4,ok,0,0,0,,2275058,none,851.952,849.509,-2.443,-0.0029,0.42063,0.96971,none,106.102,115.194,9.092,0.0857,0.30952,0.92551,none,78.152,61.37,-16.782,-0.2147,0.30952,1,none,49.561,44.607,-4.954,-0.1,0.69048,0.9836,none,0,0,0,0,1,1,none,727,754,27,0.0371,1,1,none
31dd2ae059a2f8d66a7356452b0f79f7ca6a394a,2026-06-11T09:30:50-07:00,6d2a58729dd21cf238e33f1156d42afbb5f2a43a,ok,0,0,0,,2275079,none,850.869,849.502,-1.368,-0.0016,0.00794,0.2996,none,108.376,125.032,16.656,0.1537,0.42063,0.98474,none,63,73.079,10.079,0.16,0.84127,1,none,61.09,85.513,24.423,0.3998,0.54762,0.9836,none,0,0,0,0,1,1,none,812,698,-114,-0.1404,0.14246,0.98645,none
2f06e79da93335a30152c68182bc1c5e36b74778,2026-06-11T09:33:25-07:00,31dd2ae059a2f8d66a7356452b0f79f7ca6a394a,ok,0,0,0,,2275704,none,852.544,851.497,-1.047,-0.0012,0.09524,0.84151,none,115.67,121.07,5.4,0.0467,0.69048,0.98474,none,44.381,36.864,-7.516,-0.1694,0.54762,1,none,77.391,75.319,-2.072,-0.0268,0.84127,0.99244,none,0,0,0,0,1,1,none,698,781,83,0.1189,0.22222,0.98645,none
a5de9ecda29378fbe97c312e9ef7e23b32c89637,2026-06-11T09:51:50-07:00,2f06e79da93335a30152c68182bc1c5e36b74778,ok,0,0,1,,2275723,none,850.61,850.663,0.054,0.0001,0.83813,0.96971,none,106.504,104.758,-1.746,-0.0164,0.48636,0.98474,none,39.827,46.345,6.518,0.1637,0.5393,1,none,52.185,54.079,1.894,0.0363,0.5393,0.9836,none,0,0,0,0,1,1,none,714,706,-8,-0.0112,0.95038,1,none
84f5304972104c60aad15c0111675eaa9e94f05c,2026-06-12T09:59:34-07:00,a5de9ecda29378fbe97c312e9ef7e23b32c89637,ok,0,0,0,,2277141,none,849.258,849.175,-0.083,-0.0001,0.54762,0.96971,none,102.897,106.779,3.882,0.0377,0.54762,0.98474,none,40,29,-11,-0.275,0.14246,1,none,50.53,44.63,-5.9,-0.1168,0.54762,0.9836,none,0,0,0,0,1,1,none,685,684,-1,-0.0015,0.7533,1,none
066d5c9072c3dd34d9a9efe92470ed6596f612ef,2026-06-17T09:24:10-07:00,84f5304972104c60aad15c0111675eaa9e94f05c,ok,0,0,0,,2277151,none,849.876,848.597,-1.28,-0.0015,0.42063,0.96971,none,107.292,101.291,-6.001,-0.0559,0.09524,0.8604,none,39,36,-3,-0.0769,0.84127,1,none,43.103,33.701,-9.402,-0.2181,0.69048,0.9836,none,0,0,0,0,1,1,none,736,691,-45,-0.0611,0.30952,0.98645,none
0abb5879fe39dabb0c682665a7df9d7ed37a6c3c,2026-07-03T10:18:39-07:00,066d5c9072c3dd34d9a9efe92470ed6596f612ef,ok,0,0,0,,2277519,none,849.727,849.065,-0.662,-0.0008,0.15079,0.95873,none,98.522,103.679,5.157,0.0523,0.22222,0.8604,none,49.315,44.615,-4.699,-0.0953,1,1,none,41.93,42.122,0.192,0.0046,0.42063,0.9836,none,0,0,0,0,1,1,none,697,705,8,0.0115,0.67234,1,none
6717f8d56bb6511555841aa9d175b16f0ff14798,2026-07-03T10:19:01-07:00,0abb5879fe39dabb0c682665a7df9d7ed37a6c3c,ok,0,0,0,,2277817,none,849.373,849.711,0.338,0.0004,0.84127,0.96971,none,107.059,106.837,-0.222,-0.0021,1,1,none,42.644,56.661,14.017,0.3287,0.22222,1,none,42.477,61.283,18.806,0.4427,0.42063,0.9836,none,0,0,0,0,1,1,none,774,698,-76,-0.0982,0.22222,0.98645,none
a9e68d9efac0cf9db2f45ad36c3fa1d517922d08,2026-07-07T11:22:01+05:30,6717f8d56bb6511555841aa9d175b16f0ff14798,ok,0,0,1,,2277923,none,849.489,848.873,-0.615,-0.0007,0.24956,0.96971,none,115.789,104.117,-11.672,-0.1008,0.01452,0.80046,none,43.283,48,4.717,0.109,0.83813,1,none,79.259,62.403,-16.856,-0.2127,0.03672,0.69304,none,0,0,0,0,1,1,none,702,728,26,0.037,0.33992,0.98645,none
6944866261b7cf317b791d63a66ae929eac91a0b,2026-07-07T11:24:01+05:30,a9e68d9efac0cf9db2f45ad36c3fa1d517922d08,ok,0,0,0,,2278007,none,851.495,849.58,-1.915,-0.0022,0.09524,0.84151,none,106.53,102.167,-4.363,-0.041,0.69048,0.98474,none,61.973,48,-13.973,-0.2255,0.22222,1,none,70.016,54.893,-15.123,-0.216,0.69048,0.9836,none,0,0,0,0,1,1,none,738,762,24,0.0325,1,1,none
23f16b39ba9dbacc594e5642678c29766309848e,2026-07-07T11:28:02+05:30,6944866261b7cf317b791d63a66ae929eac91a0b,ok,0,0,0,,2277997,none,849.705,849.153,-0.552,-0.0006,1,1,none,102.977,115.589,12.612,0.1225,0.69048,0.98474,none,71.69,61.656,-10.034,-0.14,0.69048,1,none,64.717,64.019,-0.698,-0.0108,0.54762,0.9836,none,0,0,0,0,1,1,none,741,711,-30,-0.0405,0.22222,0.98645,none
203586be210d2d088c918f36a106f14f0b4f6a86,2026-07-07T11:28:39+05:30,23f16b39ba9dbacc594e5642678c29766309848e,ok,0,0,0,,2277987,none,849.531,849.317,-0.214,-0.0003,1,1,none,105.144,108.684,3.54,0.0337,0.54762,0.98474,none,55.577,73.678,18.101,0.3257,0.15079,1,none,41.959,73.15,31.191,0.7434,0.30952,0.9836,none,0,0,0,0,1,1,none,690,703,13,0.0188,0.84127,1,none
142fa3cc918500c8829c7d0abdd5e3e2ab7a72bc,2026-07-07T11:30:43+05:30,c3046b456388d67751f0d71f06950fb468a30310,ok,0,0,0,,2277996,none,848.927,848.978,0.05,0.0001,0.69048,0.96971,none,101.932,100.405,-1.527,-0.015,0.22222,0.8604,none,39.437,44.054,4.616,0.1171,0.42063,1,none,36.037,51.699,15.662,0.4346,0.69048,0.9836,none,0,0,0,0,1,1,none,711,774,63,0.0886,0.42063,1,none
2a72ae9b88ac94a1ddd12a0e29fbcf9bfe67b1c4,2026-07-07T11:30:43+05:30,203586be210d2d088c918f36a106f14f0b4f6a86,ok,0,0,0,,2277985,none,849.117,849.34,0.223,0.0003,0.84127,0.96971,none,107.881,105.761,-2.12,-0.0197,0.69048,0.98474,none,59.893,58.557,-1.335,-0.0223,1,1,none,60.913,55.232,-5.681,-0.0933,0.84127,0.99244,none,0,0,0,0,1,1,none,703,701,-2,-0.0028,0.42063,1,none
c3046b456388d67751f0d71f06950fb468a30310,2026-07-07T11:30:43+05:30,2a72ae9b88ac94a1ddd12a0e29fbcf9bfe67b1c4,ok,0,0,1,,2277993,none,849.794,849.198,-0.596,-0.0007,0.01855,0.56032,none,118.203,111.018,-7.185,-0.0608,0.21686,0.8604,none,60.125,53,-7.125,-0.1185,0.20168,1,none,83.294,57.48,-25.814,-0.3099,0.01643,0.68481,none,0,0,0,0,1,1,none,707,736,29,0.041,0.93387,1,none
1a34602d7a2e427b977959833f2e689f0a158a9f,2026-07-07T11:38:33+05:30,142fa3cc918500c8829c7d0abdd5e3e2ab7a72bc,ok,0,0,1,,2278000,none,848.829,848.708,-0.121,-0.0001,0.71297,0.96971,none,101.404,105.073,3.669,0.0362,0.18727,0.8604,none,42,43.408,1.408,0.0335,0.87019,1,none,36.002,49.314,13.312,0.3698,0.0057,0.59921,none,0,0,0,0,1,1,none,695,694,-1,-0.0014,0.78732,1,none
bdae3ed908e3770614890533d0307f4bb9690a19,2026-07-07T11:40:58+05:30,bdae3ed908e3770614890533d0307f4bb9690a19,identical_build,1,1,0,,2278000,none,848.897,848.675,-0.221,-0.0003,0.54762,0.96971,none,98.816,90.69,-8.126,-0.0822,0.22222,0.8604,none,41.615,35,-6.615,-0.1589,0.24915,1,none,40.269,40.448,0.179,0.0044,0.84127,0.99244,none,0,0,0,0,1,1,none,685,725,40,0.0584,0.22222,0.98645,none
bdae3ed908e3770614890533d0307f4bb9690a19,2026-07-07T11:40:58+05:30,1a34602d7a2e427b977959833f2e689f0a158a9f,ok,0,0,0,,2278000,none,848.352,849.317,0.965,0.0011,0.09524,0.84151,none,101.057,101.378,0.321,0.0032,0.54762,0.98474,none,37,38.777,1.777,0.048,0.84127,1,none,34.502,39.764,5.262,0.1525,0.54762,0.9836,none,0,0,0,0,1,1,none,670,694,24,0.0358,0.09524,0.98645,none
df5f1c23c4fd6b1048594182a08cdae2d7c266de,2026-07-09T07:55:08-07:00,bdae3ed908e3770614890533d0307f4bb9690a19,ok,0,0,0,,2279726,none,849.262,848.554,-0.708,-0.0008,0.09524,0.84151,none,103.489,101.06,-2.429,-0.0235,0.30952,0.92551,none,37.544,39,1.456,0.0388,0.30952,1,none,33.363,41.595,8.232,0.2467,0.54762,0.9836,none,0,0,0,0,1,1,none,685,677,-8,-0.0117,0.15079,0.98645,none
e4641141026871271e5083c99ad4cd3f4a8e9a68,2026-07-09T10:05:56-07:00,df5f1c23c4fd6b1048594182a08cdae2d7c266de,ok,0,0,0,,2279480,none,848.847,848.773,-0.073,-0.0001,0.54762,0.96971,none,102.746,106.198,3.452,0.0336,1,1,none,40,42,2,0.05,0.42063,1,none,29.559,48.682,19.123,0.6469,0.15079,0.9836,none,0,0,0,0,1,1,none,683,674,-9,-0.0132,0.7533,1,none
01e098a967951ea92d09b100b8e7d82c7a3369a2,2026-07-22T09:18:55-07:00,e4641141026871271e5083c99ad4cd3f4a8e9a68,ok,0,0,0,,2279480,none,849.423,850.075,0.652,0.0008,0.22222,0.95873,none,99.017,108.479,9.462,0.0956,0.09524,0.8604,none,38,44,6,0.1579,0.42063,1,none,49.137,55.388,6.251,0.1272,0.42063,0.9836,none,0,0,0,0,1,1,none,683,705,22,0.0322,0.00794,0.3424,none
33ff72af9008c68e05360de34ef3e96e74bf70c9,2026-07-25T06:56:58-04:00,01e098a967951ea92d09b100b8e7d82c7a3369a2,ok,0,0,1,,2279480,none,849.347,849.041,-0.306,-0.0004,0.83813,0.96971,none,107.354,107.971,0.617,0.0057,0.77484,0.98474,none,51.953,46,-5.953,-0.1146,0.77484,1,none,58.786,62.605,3.819,0.065,1,1,none,0,0,0,0,1,1,none,703,708,5,0.0071,0.66297,1,none
7681134fd8505e61a265d161d73d28acb3c74822,2026-07-27T08:46:49-07:00,33ff72af9008c68e05360de34ef3e96e74bf70c9,ok,0,0,0,,2279628,none,849.604,849.515,-0.089,-0.0001,0.42063,0.96971,none,112.032,121.495,9.463,0.0845,0.30952,0.92551,none,71,77.354,6.354,0.0895,0.69048,1,none,79.971,79.245,-0.726,-0.0091,0.30952,0.9836,none,0,0,0,0,1,1,none,716,714,-2,-0.0028,0.84127,1,none
b75d188ab16bf83bd1f364a77dfd2315be8f3fa4,2026-07-31T17:29:57+08:00,7681134fd8505e61a265d161d73d28acb3c74822,ok,0,0,0,,2279638,none,849.687,849.183,-0.504,-0.0006,0.84127,0.96971,none,119.206,112.557,-6.649,-0.0558,1,1,none,52,49.127,-2.873,-0.0553,0.84127,1,none,81.267,79.464,-1.803,-0.0222,0.84127,0.99244,none,0,0,0,0,1,1,none,740,779,39,0.0527,0.54762,1,none
2009fe8482af1f87b0305d96ba6508c2016f6c6a,2026-09-15T05:25:46-07:00,b75d188ab16bf83bd1f364a77dfd2315be8f3fa4,ok,0,0,0,,2279232,none,849.251,849.478,0.227,0.0003,0.69048,0.96971,none,99.041,102.73,3.689,0.0372,0.42063,0.98474,none,52.808,45.435,-7.372,-0.1396,0.69048,1,none,53.37,60.214,6.844,0.1282,0.09524,0.9836,none,0,0,0,0,1,1,none,694,708,14,0.0202,0.84127,1,none
a187dc97418c9bc840480ab49ebe71344b059882,2026-09-15T05:34:48-07:00,2009fe8482af1f87b0305d96ba6508c2016f6c6a,ok,0,0,0,,2279253,none,849.194,849.23,0.035,0,0.84127,0.96971,none,107.352,109.033,1.681,0.0157,0.54762,0.98474,none,76.039,69.882,-6.157,-0.081,0.84127,1,none,73.33,62.901,-10.429,-0.1422,0.84127,0.99244,none,0,0,0,0,1,1,none,715,700,-15,-0.021,1,1,none
be32491e7a476a5e569ec38d7ca57e9bc942c514,2026-09-15T05:36:11-07:00,a187dc97418c9bc840480ab49ebe71344b059882,ok,0,0,0,,2279258,none,849.142,850.745,1.603,0.0019,0.09524,0.84151,none,104.7,111.333,6.633,0.0634,0.05556,0.8604,none,70.059,58.805,-11.253,-0.1606,0.84127,1,none,57.896,59.401,1.505,0.026,1,1,none,0,0,0,0,1,1,none,697,745,48,0.0689,0.69048,1,none
1bdb627e282d0634b564881145dc2cc42102462d,2026-09-15T05:38:03-07:00,257fcf15b32896da6fb8bb5ec26d71e5dacedc58,ok,0,0,0,,2279246,none,849.112,849.5,0.389,0.0005,0.42063,0.96971,none,119.049,114.419,-4.63,-0.0389,1,1,none,64.027,53.94,-10.087,-0.1575,0.69048,1,none,60.166,70.323,10.157,0.1688,0.54762,0.9836,none,0,0,0,0,1,1,none,698,698,0,0,1,1,none
257fcf15b32896da6fb8bb5ec26d71e5dacedc58,2026-09-15T14:37:10+02:00,be32491e7a476a5e569ec38d7ca57e9bc942c514,ok,0,0,0,,2279248,none,848.529,848.597,0.068,0.0001,1,1,none,102.643,103.567,0.924,0.009,0.84127,0.98474,none,42.905,43.782,0.877,0.0204,0.69048,1,none,54.379,54.579,0.2,0.0037,0.69048,0.9836,none,0,0,0,0,1,1,none,686,698,12,0.0175,0.40197,1,none
b0da2e8d94da46520292e9625427d2a9b7b64810,2026-09-15T14:45:44+02:00,1bdb627e282d0634b564881145dc2cc42102462d,ok,0,0,0,,2279252,none,848.84,849.813,0.973,0.0011,0.30952,0.96971,none,107.594,106.729,-0.865,-0.008,1,1,none,44.437,56.857,12.421,0.2795,0.30952,1,none,36.242,40.321,4.079,0.1125,0.69048,0.9836,none,0,0,0,0,1,1,none,682,726,44,0.0645,0.2948,0.98645,none
e67ca4e04d802aa6953443b92dea1482f1b75719,2026-09-15T14:46:39+02:00,b0da2e8d94da46520292e9625427d2a9b7b64810,ok,0,0,0,,2281551,none,849.034,849.443,0.409,0.0005,0.69048,0.96971,none,102.418,111.716,9.298,0.0908,0.69048,0.98474,none,41.734,73.598,31.865,0.7635,0.22222,1,none,48.919,60.784,11.865,0.2425,0.84127,0.99244,none,0,0,0,0,1,1,none,738,678,-60,-0.0813,0.22222,0.98645,none
40aa88af0094f7bab4aaf786e55c748a6a251d88,2026-09-15T14:47:19+02:00,e67ca4e04d802aa6953443b92dea1482f1b75719,ok,0,0,0,,2281750,none,847.985,848.595,0.61,0.0007,0.03175,0.68481,none,99.274,102.87,3.596,0.0362,0.15079,0.8604,none,51.242,50.485,-0.757,-0.0148,1,1,none,37.837,37.898,0.061,0.0016,0.54762,0.9836,none,0,0,0,0,1,1,none,672,685,13,0.0193,0.52581,1,none
